strategy,exit_method,sector,n,win_rate,avg_pnl_pct,total_pnl_pct
avwap_252_breakout,atr_trail_1x,Consumer Staples,1,0.0,-0.1369,-0.1369
avwap_252_breakout,atr_trail_1x,Financials,3,0.0,-3.484166666666667,-10.4525
avwap_252_breakout,atr_trail_1x,Real Estate,1,0.0,-0.2138,-0.2138
avwap_252_breakout,atr_trail_2x,Consumer Staples,1,0.0,-0.8179,-0.8179
avwap_252_breakout,atr_trail_2x,Financials,3,0.0,-6.9682666666666675,-20.9048
avwap_252_breakout,atr_trail_2x,Real Estate,1,0.0,-0.1125,-0.1125
avwap_252_breakout,atr_trail_mae_conditional,Consumer Staples,1,0.0,-0.1369,-0.1369
avwap_252_breakout,atr_trail_mae_conditional,Financials,3,0.0,-3.484166666666667,-10.4525
avwap_252_breakout,atr_trail_mae_conditional,Real Estate,1,0.0,-0.2138,-0.2138
avwap_252_breakout,atr_trail_vix_conditional,Consumer Staples,1,0.0,-0.1369,-0.1369
avwap_252_breakout,atr_trail_vix_conditional,Financials,3,0.0,-3.8201,-11.4603
avwap_252_breakout,atr_trail_vix_conditional,Real Estate,1,0.0,-0.0971,-0.0971
avwap_252_breakout,break_even_at_1r,Consumer Staples,1,0.0,-0.1369,-0.1369
avwap_252_breakout,break_even_at_1r,Financials,3,0.0,-3.484166666666667,-10.4525
avwap_252_breakout,break_even_at_1r,Real Estate,1,0.0,0.0,0.0
avwap_252_breakout,breakeven_plus_trail,Consumer Staples,1,0.0,0.0,0.0
avwap_252_breakout,breakeven_plus_trail,Financials,3,0.0,-6.9682666666666675,-20.9048
avwap_252_breakout,breakeven_plus_trail,Real Estate,1,0.0,0.0,0.0
avwap_252_breakout,chandelier_3x,Consumer Staples,1,0.0,-0.107,-0.107
avwap_252_breakout,chandelier_3x,Financials,3,0.0,-0.2586,-0.7758
avwap_252_breakout,chandelier_3x,Real Estate,1,0.0,-0.4899,-0.4899
avwap_252_breakout,class_time_stop,Consumer Staples,1,0.0,-5.7856,-5.7856
avwap_252_breakout,class_time_stop,Financials,3,0.3333333333333333,-29.91456666666667,-89.7437
avwap_252_breakout,class_time_stop,Real Estate,1,0.0,-1.8572,-1.8572
avwap_252_breakout,earnings_blackout,Consumer Staples,1,0.0,-48.6601,-48.6601
avwap_252_breakout,earnings_blackout,Financials,3,0.0,-81.25743333333334,-243.7723
avwap_252_breakout,earnings_blackout,Real Estate,1,1.0,6.3471,6.3471
avwap_252_breakout,fixed_4r_2r,Consumer Staples,1,0.0,-6.4898,-6.4898
avwap_252_breakout,fixed_4r_2r,Financials,3,0.0,-6.9682666666666675,-20.9048
avwap_252_breakout,fixed_4r_2r,Real Estate,1,0.0,-4.692,-4.692
avwap_252_breakout,hybrid_50pct_target,Consumer Staples,1,1.0,2.761,2.761
avwap_252_breakout,hybrid_50pct_target,Financials,3,0.6666666666666666,2.421466666666667,7.2644
avwap_252_breakout,hybrid_50pct_target,Real Estate,1,1.0,4.2426,4.2426
avwap_252_breakout,ma_exit_ema9,Consumer Staples,1,0.0,-0.1369,-0.1369
avwap_252_breakout,ma_exit_ema9,Financials,3,0.0,-4.590433333333333,-13.7713
avwap_252_breakout,ma_exit_ema9,Real Estate,1,1.0,2.685,2.685
avwap_252_breakout,mfe_lockin_trail,Consumer Staples,1,0.0,-0.1369,-0.1369
avwap_252_breakout,mfe_lockin_trail,Financials,3,0.0,-3.484166666666667,-10.4525
avwap_252_breakout,mfe_lockin_trail,Real Estate,1,0.0,-0.2138,-0.2138
avwap_252_breakout,multi_tier_partial,Consumer Staples,1,1.0,0.5223,0.5223
avwap_252_breakout,multi_tier_partial,Financials,3,0.0,-3.484166666666667,-10.4525
avwap_252_breakout,multi_tier_partial,Real Estate,1,1.0,0.782,0.782
avwap_252_breakout,next_pivot_target,Consumer Staples,1,1.0,1.4913,1.4913
avwap_252_breakout,next_pivot_target,Financials,3,0.3333333333333333,-5.556433333333334,-16.6693
avwap_252_breakout,next_pivot_target,Real Estate,1,0.0,-4.692,-4.692
avwap_252_breakout,r_multiple_2r,Consumer Staples,1,1.0,3.6814,3.6814
avwap_252_breakout,r_multiple_2r,Financials,3,0.0,-3.484166666666667,-10.4525
avwap_252_breakout,r_multiple_2r,Real Estate,1,1.0,4.692,4.692
avwap_252_breakout,r_multiple_3r,Consumer Staples,1,0.0,-1.8407,-1.8407
avwap_252_breakout,r_multiple_3r,Financials,3,0.0,-3.484166666666667,-10.4525
avwap_252_breakout,r_multiple_3r,Real Estate,1,0.0,-2.346,-2.346
avwap_252_breakout,regime_flip,Consumer Staples,1,0.0,-4.542,-4.542
avwap_252_breakout,regime_flip,Financials,3,0.6666666666666666,-29.8022,-89.4066
avwap_252_breakout,regime_flip,Real Estate,1,0.0,-0.7784,-0.7784
avwap_252_breakout,reverse_signal,Consumer Staples,1,0.0,-0.1369,-0.1369
avwap_252_breakout,reverse_signal,Financials,3,0.0,-3.484166666666667,-10.4525
avwap_252_breakout,reverse_signal,Real Estate,1,0.0,-0.2138,-0.2138
avwap_252_breakout,smc_mitigation_zone,Consumer Staples,1,0.0,-0.1369,-0.1369
avwap_252_breakout,smc_mitigation_zone,Financials,3,0.0,-3.484166666666667,-10.4525
avwap_252_breakout,smc_mitigation_zone,Real Estate,1,1.0,2.0036,2.0036
avwap_252_breakout,time_stop_10d,Consumer Staples,1,0.0,-2.1747,-2.1747
avwap_252_breakout,time_stop_10d,Financials,3,0.0,-3.166066666666667,-9.4982
avwap_252_breakout,time_stop_10d,Real Estate,1,1.0,3.7069,3.7069
avwap_252_breakout,time_stop_20d,Consumer Staples,1,0.0,-4.542,-4.542
avwap_252_breakout,time_stop_20d,Financials,3,0.6666666666666666,-29.8022,-89.4066
avwap_252_breakout,time_stop_20d,Real Estate,1,0.0,-0.7784,-0.7784
avwap_252_breakout,trailing_10pct,Consumer Staples,1,1.0,1.3389,1.3389
avwap_252_breakout,trailing_10pct,Financials,3,0.0,-8.938433333333334,-26.8153
avwap_252_breakout,trailing_10pct,Real Estate,1,0.0,-4.7357,-4.7357
avwap_252_breakout,trailing_15pct,Consumer Staples,1,0.0,-4.291,-4.291
avwap_252_breakout,trailing_15pct,Financials,3,0.3333333333333333,-5.808033333333333,-17.4241
avwap_252_breakout,trailing_15pct,Real Estate,1,0.0,-9.522,-9.522
avwap_252_breakout,trailing_5pct,Consumer Staples,1,0.0,-2.1409,-2.1409
avwap_252_breakout,trailing_5pct,Financials,3,0.0,-5.0779,-15.233699999999999
avwap_252_breakout,trailing_5pct,Real Estate,1,1.0,0.025,0.025
buyback_8k_recent_long,atr_trail_1x,Consumer Discretionary,3,0.3333333333333333,-1.4296,-4.2888
buyback_8k_recent_long,atr_trail_1x,Consumer Staples,3,0.0,-2.9009,-8.7027
buyback_8k_recent_long,atr_trail_1x,Health Care,1,0.0,-2.2676,-2.2676
buyback_8k_recent_long,atr_trail_1x,Information Technology,3,0.0,-1.8723,-5.6169
buyback_8k_recent_long,atr_trail_1x,Real Estate,3,1.0,2.573,7.718999999999999
buyback_8k_recent_long,atr_trail_1x,Utilities,4,0.5,-0.314875,-1.2595
buyback_8k_recent_long,atr_trail_2x,Consumer Discretionary,3,0.3333333333333333,-1.8824666666666667,-5.6474
buyback_8k_recent_long,atr_trail_2x,Consumer Staples,3,0.0,-3.3558,-10.0674
buyback_8k_recent_long,atr_trail_2x,Health Care,1,0.0,-3.8363,-3.8363
buyback_8k_recent_long,atr_trail_2x,Information Technology,3,0.0,-2.341833333333333,-7.0255
buyback_8k_recent_long,atr_trail_2x,Real Estate,3,1.0,4.038133333333334,12.1144
buyback_8k_recent_long,atr_trail_2x,Utilities,4,0.0,-1.59325,-6.373
buyback_8k_recent_long,atr_trail_mae_conditional,Consumer Discretionary,3,0.3333333333333333,-1.4296,-4.2888
buyback_8k_recent_long,atr_trail_mae_conditional,Consumer Staples,3,0.0,-2.9009,-8.7027
buyback_8k_recent_long,atr_trail_mae_conditional,Health Care,1,0.0,-2.2676,-2.2676
buyback_8k_recent_long,atr_trail_mae_conditional,Information Technology,3,0.0,-1.8723,-5.6169
buyback_8k_recent_long,atr_trail_mae_conditional,Real Estate,3,1.0,2.573,7.718999999999999
buyback_8k_recent_long,atr_trail_mae_conditional,Utilities,4,0.5,-0.314875,-1.2595
buyback_8k_recent_long,atr_trail_vix_conditional,Consumer Discretionary,3,0.3333333333333333,-0.14006666666666678,-0.42020000000000035
buyback_8k_recent_long,atr_trail_vix_conditional,Consumer Staples,3,0.0,-2.686866666666667,-8.0606
buyback_8k_recent_long,atr_trail_vix_conditional,Health Care,1,0.0,-1.7007,-1.7007
buyback_8k_recent_long,atr_trail_vix_conditional,Information Technology,3,0.0,-2.4804666666666666,-7.4414
buyback_8k_recent_long,atr_trail_vix_conditional,Real Estate,3,1.0,3.0643,9.1929
buyback_8k_recent_long,atr_trail_vix_conditional,Utilities,4,0.25,-0.7706000000000001,-3.0824000000000003
buyback_8k_recent_long,break_even_at_1r,Consumer Discretionary,3,0.0,-1.9099333333333333,-5.7298
buyback_8k_recent_long,break_even_at_1r,Consumer Staples,3,0.0,-2.9009,-8.7027
buyback_8k_recent_long,break_even_at_1r,Health Care,1,0.0,-2.2676,-2.2676
buyback_8k_recent_long,break_even_at_1r,Information Technology,3,0.0,-1.9574666666666667,-5.8724
buyback_8k_recent_long,break_even_at_1r,Real Estate,3,0.6666666666666666,8.299233333333333,24.8977
buyback_8k_recent_long,break_even_at_1r,Utilities,4,0.0,-0.48795000000000005,-1.9518000000000002
buyback_8k_recent_long,breakeven_plus_trail,Consumer Discretionary,3,0.0,-3.8198000000000003,-11.4594
buyback_8k_recent_long,breakeven_plus_trail,Consumer Staples,3,0.0,-2.104833333333333,-6.3145
buyback_8k_recent_long,breakeven_plus_trail,Health Care,1,0.0,-4.5353,-4.5353
buyback_8k_recent_long,breakeven_plus_trail,Information Technology,3,0.0,-4.826466666666668,-14.479400000000002
buyback_8k_recent_long,breakeven_plus_trail,Real Estate,3,0.6666666666666666,8.299233333333333,24.8977
buyback_8k_recent_long,breakeven_plus_trail,Utilities,4,0.0,0.0,0.0
buyback_8k_recent_long,chandelier_3x,Consumer Discretionary,3,0.3333333333333333,-3.682066666666666,-11.046199999999999
buyback_8k_recent_long,chandelier_3x,Consumer Staples,3,0.3333333333333333,0.9037333333333333,2.7112
buyback_8k_recent_long,chandelier_3x,Health Care,1,0.0,-3.7862,-3.7862
buyback_8k_recent_long,chandelier_3x,Information Technology,3,0.0,-4.560233333333334,-13.6807
buyback_8k_recent_long,chandelier_3x,Real Estate,3,0.6666666666666666,5.9466,17.8398
buyback_8k_recent_long,chandelier_3x,Utilities,4,0.0,-1.716725,-6.8669
buyback_8k_recent_long,class_time_stop,Consumer Discretionary,3,0.6666666666666666,-4.4145,-13.243500000000001
buyback_8k_recent_long,class_time_stop,Consumer Staples,3,1.0,9.114366666666667,27.3431
buyback_8k_recent_long,class_time_stop,Health Care,1,1.0,0.9687,0.9687
buyback_8k_recent_long,class_time_stop,Information Technology,3,0.0,-10.671966666666668,-32.0159
buyback_8k_recent_long,class_time_stop,Real Estate,3,1.0,5.485933333333333,16.4578
buyback_8k_recent_long,class_time_stop,Utilities,4,0.25,-1.97935,-7.9174
buyback_8k_recent_long,earnings_blackout,Consumer Discretionary,3,0.6666666666666666,9.676766666666666,29.030299999999997
buyback_8k_recent_long,earnings_blackout,Consumer Staples,3,0.0,-31.7343,-95.2029
buyback_8k_recent_long,earnings_blackout,Health Care,1,1.0,2.93,2.93
buyback_8k_recent_long,earnings_blackout,Information Technology,3,0.0,-37.453133333333334,-112.3594
buyback_8k_recent_long,earnings_blackout,Real Estate,3,0.6666666666666666,3.0932333333333326,9.279699999999998
buyback_8k_recent_long,earnings_blackout,Utilities,4,1.0,5.0421249999999995,20.168499999999998
buyback_8k_recent_long,fixed_4r_2r,Consumer Discretionary,3,0.0,-5.734066666666667,-17.2022
buyback_8k_recent_long,fixed_4r_2r,Consumer Staples,3,0.0,-5.878,-17.634
buyback_8k_recent_long,fixed_4r_2r,Health Care,1,0.0,-4.5353,-4.5353
buyback_8k_recent_long,fixed_4r_2r,Information Technology,3,0.0,-6.686100000000001,-20.058300000000003
buyback_8k_recent_long,fixed_4r_2r,Real Estate,3,1.0,8.823300000000001,26.469900000000003
buyback_8k_recent_long,fixed_4r_2r,Utilities,4,0.0,-3.244975,-12.9799
buyback_8k_recent_long,hybrid_50pct_target,Consumer Discretionary,3,0.6666666666666666,-0.7769666666666666,-2.3308999999999997
buyback_8k_recent_long,hybrid_50pct_target,Consumer Staples,3,1.0,5.5295,16.5885
buyback_8k_recent_long,hybrid_50pct_target,Health Care,1,1.0,3.4015,3.4015
buyback_8k_recent_long,hybrid_50pct_target,Information Technology,3,0.0,-10.0,-30.0
buyback_8k_recent_long,hybrid_50pct_target,Real Estate,3,1.0,7.458366666666667,22.3751
buyback_8k_recent_long,hybrid_50pct_target,Utilities,4,0.75,-0.22835000000000005,-0.9134000000000002
buyback_8k_recent_long,ma_exit_ema9,Consumer Discretionary,3,0.3333333333333333,-2.2774666666666668,-6.8324
buyback_8k_recent_long,ma_exit_ema9,Consumer Staples,3,0.3333333333333333,-0.7450666666666667,-2.2352
buyback_8k_recent_long,ma_exit_ema9,Health Care,1,0.0,-2.4201,-2.4201
buyback_8k_recent_long,ma_exit_ema9,Information Technology,3,0.3333333333333333,-2.092,-6.276
buyback_8k_recent_long,ma_exit_ema9,Real Estate,3,1.0,2.6996333333333333,8.0989
buyback_8k_recent_long,ma_exit_ema9,Utilities,4,0.25,-0.88845,-3.5538
buyback_8k_recent_long,mfe_lockin_trail,Consumer Discretionary,3,0.3333333333333333,-1.4296,-4.2888
buyback_8k_recent_long,mfe_lockin_trail,Consumer Staples,3,0.0,-2.9009,-8.7027
buyback_8k_recent_long,mfe_lockin_trail,Health Care,1,0.0,-2.2676,-2.2676
buyback_8k_recent_long,mfe_lockin_trail,Information Technology,3,0.0,-1.8723,-5.6169
buyback_8k_recent_long,mfe_lockin_trail,Real Estate,3,1.0,3.0322666666666667,9.0968
buyback_8k_recent_long,mfe_lockin_trail,Utilities,4,0.5,0.07644999999999999,0.30579999999999996
buyback_8k_recent_long,multi_tier_partial,Consumer Discretionary,3,0.3333333333333333,-1.2238666666666667,-3.6715999999999998
buyback_8k_recent_long,multi_tier_partial,Consumer Staples,3,0.0,-2.9009,-8.7027
buyback_8k_recent_long,multi_tier_partial,Health Care,1,0.0,-2.2676,-2.2676
buyback_8k_recent_long,multi_tier_partial,Information Technology,3,0.3333333333333333,-0.9556000000000001,-2.8668000000000005
buyback_8k_recent_long,multi_tier_partial,Real Estate,3,1.0,1.7221,5.1663
buyback_8k_recent_long,multi_tier_partial,Utilities,4,0.75,0.20207499999999995,0.8082999999999998
buyback_8k_recent_long,next_pivot_target,Consumer Discretionary,3,0.3333333333333333,-3.1661,-9.4983
buyback_8k_recent_long,next_pivot_target,Consumer Staples,3,0.6666666666666666,3.4406,10.3218
buyback_8k_recent_long,next_pivot_target,Health Care,1,0.0,-4.5353,-4.5353
buyback_8k_recent_long,next_pivot_target,Information Technology,3,0.0,-6.686100000000001,-20.058300000000003
buyback_8k_recent_long,next_pivot_target,Real Estate,3,1.0,3.904666666666666,11.713999999999999
buyback_8k_recent_long,next_pivot_target,Utilities,4,0.25,-2.48785,-9.9514
buyback_8k_recent_long,r_multiple_2r,Consumer Discretionary,3,0.3333333333333333,0.21279999999999996,0.6383999999999999
buyback_8k_recent_long,r_multiple_2r,Consumer Staples,3,0.0,-2.9009,-8.7027
buyback_8k_recent_long,r_multiple_2r,Health Care,1,0.0,-2.2676,-2.2676
buyback_8k_recent_long,r_multiple_2r,Information Technology,3,0.0,-3.3430999999999997,-10.0293
buyback_8k_recent_long,r_multiple_2r,Real Estate,3,1.0,4.4116333333333335,13.2349
buyback_8k_recent_long,r_multiple_2r,Utilities,4,0.25,-0.46167499999999995,-1.8466999999999998
buyback_8k_recent_long,r_multiple_3r,Consumer Discretionary,3,0.3333333333333333,0.9614666666666666,2.8844
buyback_8k_recent_long,r_multiple_3r,Consumer Staples,3,0.0,-2.9009,-8.7027
buyback_8k_recent_long,r_multiple_3r,Health Care,1,0.0,-2.2676,-2.2676
buyback_8k_recent_long,r_multiple_3r,Information Technology,3,0.0,-3.3430999999999997,-10.0293
buyback_8k_recent_long,r_multiple_3r,Real Estate,3,1.0,6.617466666666666,19.8524
buyback_8k_recent_long,r_multiple_3r,Utilities,4,0.0,-1.6128,-6.4512
buyback_8k_recent_long,regime_flip,Consumer Discretionary,3,0.3333333333333333,-3.8339999999999996,-11.501999999999999
buyback_8k_recent_long,regime_flip,Consumer Staples,3,1.0,5.163233333333333,15.4897
buyback_8k_recent_long,regime_flip,Health Care,1,1.0,1.577,1.577
buyback_8k_recent_long,regime_flip,Information Technology,3,0.3333333333333333,-5.724766666666667,-17.1743
buyback_8k_recent_long,regime_flip,Real Estate,3,1.0,6.510333333333333,19.531
buyback_8k_recent_long,regime_flip,Utilities,4,0.0,-1.6948,-6.7792
buyback_8k_recent_long,reverse_signal,Consumer Discretionary,3,0.3333333333333333,-1.4296,-4.2888
buyback_8k_recent_long,reverse_signal,Consumer Staples,3,0.0,-2.9009,-8.7027
buyback_8k_recent_long,reverse_signal,Health Care,1,0.0,-2.2676,-2.2676
buyback_8k_recent_long,reverse_signal,Information Technology,3,0.0,-1.8723,-5.6169
buyback_8k_recent_long,reverse_signal,Real Estate,3,1.0,2.573,7.718999999999999
buyback_8k_recent_long,reverse_signal,Utilities,4,0.5,-0.314875,-1.2595
buyback_8k_recent_long,smc_mitigation_zone,Consumer Discretionary,3,0.3333333333333333,-1.4296,-4.2888
buyback_8k_recent_long,smc_mitigation_zone,Consumer Staples,3,0.0,-2.9009,-8.7027
buyback_8k_recent_long,smc_mitigation_zone,Health Care,1,0.0,-2.2676,-2.2676
buyback_8k_recent_long,smc_mitigation_zone,Information Technology,3,0.0,-1.8723,-5.6169
buyback_8k_recent_long,smc_mitigation_zone,Real Estate,3,1.0,2.5673999999999997,7.7021999999999995
buyback_8k_recent_long,smc_mitigation_zone,Utilities,4,0.5,-0.09302500000000005,-0.3721000000000002
buyback_8k_recent_long,time_stop_10d,Consumer Discretionary,3,0.3333333333333333,0.4325999999999999,1.2977999999999996
buyback_8k_recent_long,time_stop_10d,Consumer Staples,3,0.6666666666666666,1.3120666666666667,3.9362
buyback_8k_recent_long,time_stop_10d,Health Care,1,0.0,-2.7428,-2.7428
buyback_8k_recent_long,time_stop_10d,Information Technology,3,0.0,-1.8217999999999999,-5.4654
buyback_8k_recent_long,time_stop_10d,Real Estate,3,1.0,2.9115333333333333,8.7346
buyback_8k_recent_long,time_stop_10d,Utilities,4,0.5,-0.40542500000000004,-1.6217000000000001
buyback_8k_recent_long,time_stop_20d,Consumer Discretionary,3,0.3333333333333333,-3.8339999999999996,-11.501999999999999
buyback_8k_recent_long,time_stop_20d,Consumer Staples,3,1.0,5.163233333333333,15.4897
buyback_8k_recent_long,time_stop_20d,Health Care,1,1.0,1.577,1.577
buyback_8k_recent_long,time_stop_20d,Information Technology,3,0.3333333333333333,-5.724766666666667,-17.1743
buyback_8k_recent_long,time_stop_20d,Real Estate,3,1.0,6.510333333333333,19.531
buyback_8k_recent_long,time_stop_20d,Utilities,4,0.0,-1.6948,-6.7792
buyback_8k_recent_long,trailing_10pct,Consumer Discretionary,3,0.0,-6.778733333333332,-20.336199999999998
buyback_8k_recent_long,trailing_10pct,Consumer Staples,3,0.3333333333333333,-1.9290333333333332,-5.7871
buyback_8k_recent_long,trailing_10pct,Health Care,1,0.0,-8.5807,-8.5807
buyback_8k_recent_long,trailing_10pct,Information Technology,3,0.0,-7.040633333333333,-21.1219
buyback_8k_recent_long,trailing_10pct,Real Estate,3,0.6666666666666666,6.282533333333333,18.8476
buyback_8k_recent_long,trailing_10pct,Utilities,4,0.0,-6.7448999999999995,-26.979599999999998
buyback_8k_recent_long,trailing_15pct,Consumer Discretionary,3,0.0,-8.1008,-24.3024
buyback_8k_recent_long,trailing_15pct,Consumer Staples,3,0.0,-5.5505666666666675,-16.6517
buyback_8k_recent_long,trailing_15pct,Health Care,1,1.0,2.93,2.93
buyback_8k_recent_long,trailing_15pct,Information Technology,3,0.0,-12.2459,-36.737700000000004
buyback_8k_recent_long,trailing_15pct,Real Estate,3,0.6666666666666666,3.7236666666666665,11.171
buyback_8k_recent_long,trailing_15pct,Utilities,4,0.75,0.4635999999999998,1.8543999999999992
buyback_8k_recent_long,trailing_5pct,Consumer Discretionary,3,0.3333333333333333,-1.5998,-4.7994
buyback_8k_recent_long,trailing_5pct,Consumer Staples,3,0.0,-3.6127333333333334,-10.8382
buyback_8k_recent_long,trailing_5pct,Health Care,1,0.0,-4.292,-4.292
buyback_8k_recent_long,trailing_5pct,Information Technology,3,0.3333333333333333,-1.6524999999999999,-4.9575
buyback_8k_recent_long,trailing_5pct,Real Estate,3,1.0,7.044066666666666,21.132199999999997
buyback_8k_recent_long,trailing_5pct,Utilities,4,0.0,-1.8261500000000002,-7.304600000000001
cpr_narrow_bullish,atr_trail_1x,Consumer Discretionary,1,1.0,0.4302,0.4302
cpr_narrow_bullish,atr_trail_1x,Consumer Staples,1,0.0,-0.1148,-0.1148
cpr_narrow_bullish,atr_trail_1x,Emerging Markets,1,0.0,-1.6997,-1.6997
cpr_narrow_bullish,atr_trail_1x,Health Care,2,0.0,-2.6690500000000004,-5.338100000000001
cpr_narrow_bullish,atr_trail_1x,Industrials,1,0.0,-0.6456,-0.6456
cpr_narrow_bullish,atr_trail_1x,Real Estate,1,0.0,-1.6332,-1.6332
cpr_narrow_bullish,atr_trail_2x,Consumer Discretionary,1,0.0,-5.557,-5.557
cpr_narrow_bullish,atr_trail_2x,Consumer Staples,1,1.0,4.1523,4.1523
cpr_narrow_bullish,atr_trail_2x,Emerging Markets,1,0.0,-3.5811,-3.5811
cpr_narrow_bullish,atr_trail_2x,Health Care,2,0.5,2.1250500000000003,4.250100000000001
cpr_narrow_bullish,atr_trail_2x,Industrials,1,1.0,19.4032,19.4032
cpr_narrow_bullish,atr_trail_2x,Real Estate,1,0.0,-3.288,-3.288
cpr_narrow_bullish,atr_trail_mae_conditional,Consumer Discretionary,1,1.0,0.4302,0.4302
cpr_narrow_bullish,atr_trail_mae_conditional,Consumer Staples,1,0.0,-0.1148,-0.1148
cpr_narrow_bullish,atr_trail_mae_conditional,Emerging Markets,1,0.0,-1.6997,-1.6997
cpr_narrow_bullish,atr_trail_mae_conditional,Health Care,2,0.0,-2.6690500000000004,-5.338100000000001
cpr_narrow_bullish,atr_trail_mae_conditional,Industrials,1,0.0,-0.6456,-0.6456
cpr_narrow_bullish,atr_trail_mae_conditional,Real Estate,1,0.0,-1.6332,-1.6332
cpr_narrow_bullish,atr_trail_vix_conditional,Consumer Discretionary,1,1.0,1.2503,1.2503
cpr_narrow_bullish,atr_trail_vix_conditional,Consumer Staples,1,0.0,-0.1148,-0.1148
cpr_narrow_bullish,atr_trail_vix_conditional,Emerging Markets,1,0.0,-2.616,-2.616
cpr_narrow_bullish,atr_trail_vix_conditional,Health Care,2,0.0,-4.827,-9.654
cpr_narrow_bullish,atr_trail_vix_conditional,Industrials,1,1.0,18.8704,18.8704
cpr_narrow_bullish,atr_trail_vix_conditional,Real Estate,1,0.0,-1.2195,-1.2195
cpr_narrow_bullish,break_even_at_1r,Consumer Discretionary,1,0.0,0.0,0.0
cpr_narrow_bullish,break_even_at_1r,Consumer Staples,1,0.0,-0.1148,-0.1148
cpr_narrow_bullish,break_even_at_1r,Emerging Markets,1,0.0,-1.9506,-1.9506
cpr_narrow_bullish,break_even_at_1r,Health Care,2,0.0,-2.6690500000000004,-5.338100000000001
cpr_narrow_bullish,break_even_at_1r,Industrials,1,0.0,-0.6456,-0.6456
cpr_narrow_bullish,break_even_at_1r,Real Estate,1,0.0,-1.7053,-1.7053
cpr_narrow_bullish,breakeven_plus_trail,Consumer Discretionary,1,0.0,0.0,0.0
cpr_narrow_bullish,breakeven_plus_trail,Consumer Staples,1,0.0,0.0,0.0
cpr_narrow_bullish,breakeven_plus_trail,Emerging Markets,1,0.0,-3.9013,-3.9013
cpr_narrow_bullish,breakeven_plus_trail,Health Care,2,0.5,1.1889499999999997,2.3778999999999995
cpr_narrow_bullish,breakeven_plus_trail,Industrials,1,1.0,12.5911,12.5911
cpr_narrow_bullish,breakeven_plus_trail,Real Estate,1,0.0,-3.4106,-3.4106
cpr_narrow_bullish,chandelier_3x,Consumer Discretionary,1,0.0,-6.7908,-6.7908
cpr_narrow_bullish,chandelier_3x,Consumer Staples,1,1.0,2.8829,2.8829
cpr_narrow_bullish,chandelier_3x,Emerging Markets,1,0.0,-6.7288,-6.7288
cpr_narrow_bullish,chandelier_3x,Health Care,2,0.5,-0.06969999999999921,-0.13939999999999841
cpr_narrow_bullish,chandelier_3x,Industrials,1,1.0,16.9371,16.9371
cpr_narrow_bullish,chandelier_3x,Real Estate,1,0.0,-2.0742,-2.0742
cpr_narrow_bullish,class_time_stop,Consumer Discretionary,1,0.0,-8.3211,-8.3211
cpr_narrow_bullish,class_time_stop,Consumer Staples,1,1.0,6.9585,6.9585
cpr_narrow_bullish,class_time_stop,Emerging Markets,1,0.0,-6.6589,-6.6589
cpr_narrow_bullish,class_time_stop,Health Care,2,0.5,5.2143,10.4286
cpr_narrow_bullish,class_time_stop,Industrials,1,1.0,21.9077,21.9077
cpr_narrow_bullish,class_time_stop,Real Estate,1,0.0,-14.5772,-14.5772
cpr_narrow_bullish,earnings_blackout,Consumer Discretionary,1,1.0,122.8687,122.8687
cpr_narrow_bullish,earnings_blackout,Consumer Staples,1,0.0,-34.6318,-34.6318
cpr_narrow_bullish,earnings_blackout,Emerging Markets,1,1.0,52.4563,52.4563
cpr_narrow_bullish,earnings_blackout,Health Care,2,0.5,5.425650000000001,10.851300000000002
cpr_narrow_bullish,earnings_blackout,Industrials,1,1.0,557.2335,557.2335
cpr_narrow_bullish,earnings_blackout,Real Estate,1,0.0,-2.7301,-2.7301
cpr_narrow_bullish,fixed_4r_2r,Consumer Discretionary,1,0.0,-9.3408,-9.3408
cpr_narrow_bullish,fixed_4r_2r,Consumer Staples,1,0.0,-8.4391,-8.4391
cpr_narrow_bullish,fixed_4r_2r,Emerging Markets,1,0.0,-3.9013,-3.9013
cpr_narrow_bullish,fixed_4r_2r,Health Care,2,0.5,1.2524000000000002,2.5048000000000004
cpr_narrow_bullish,fixed_4r_2r,Industrials,1,1.0,13.1834,13.1834
cpr_narrow_bullish,fixed_4r_2r,Real Estate,1,0.0,-3.4106,-3.4106
cpr_narrow_bullish,hybrid_50pct_target,Consumer Discretionary,1,0.0,-10.0,-10.0
cpr_narrow_bullish,hybrid_50pct_target,Consumer Staples,1,1.0,3.8741,3.8741
cpr_narrow_bullish,hybrid_50pct_target,Emerging Markets,1,0.0,-10.0,-10.0
cpr_narrow_bullish,hybrid_50pct_target,Health Care,2,0.5,-1.1838000000000002,-2.3676000000000004
cpr_narrow_bullish,hybrid_50pct_target,Industrials,1,1.0,11.2393,11.2393
cpr_narrow_bullish,hybrid_50pct_target,Real Estate,1,0.0,-10.0,-10.0
cpr_narrow_bullish,ma_exit_ema9,Consumer Discretionary,1,0.0,-2.6856,-2.6856
cpr_narrow_bullish,ma_exit_ema9,Consumer Staples,1,1.0,0.3256,0.3256
cpr_narrow_bullish,ma_exit_ema9,Emerging Markets,1,0.0,-3.1665,-3.1665
cpr_narrow_bullish,ma_exit_ema9,Health Care,2,0.5,3.7991999999999995,7.598399999999999
cpr_narrow_bullish,ma_exit_ema9,Industrials,1,1.0,21.3117,21.3117
cpr_narrow_bullish,ma_exit_ema9,Real Estate,1,0.0,-1.4373,-1.4373
cpr_narrow_bullish,mfe_lockin_trail,Consumer Discretionary,1,1.0,0.4302,0.4302
cpr_narrow_bullish,mfe_lockin_trail,Consumer Staples,1,0.0,-0.1148,-0.1148
cpr_narrow_bullish,mfe_lockin_trail,Emerging Markets,1,0.0,-1.6997,-1.6997
cpr_narrow_bullish,mfe_lockin_trail,Health Care,2,0.0,-2.6690500000000004,-5.338100000000001
cpr_narrow_bullish,mfe_lockin_trail,Industrials,1,0.0,-0.6456,-0.6456
cpr_narrow_bullish,mfe_lockin_trail,Real Estate,1,0.0,-1.6332,-1.6332
cpr_narrow_bullish,multi_tier_partial,Consumer Discretionary,1,1.0,1.7514,1.7514
cpr_narrow_bullish,multi_tier_partial,Consumer Staples,1,1.0,0.7844,0.7844
cpr_narrow_bullish,multi_tier_partial,Emerging Markets,1,0.0,-1.6997,-1.6997
cpr_narrow_bullish,multi_tier_partial,Health Care,2,0.0,-2.6690500000000004,-5.338100000000001
cpr_narrow_bullish,multi_tier_partial,Industrials,1,1.0,0.6682,0.6682
cpr_narrow_bullish,multi_tier_partial,Real Estate,1,0.0,-1.6332,-1.6332
cpr_narrow_bullish,next_pivot_target,Consumer Discretionary,1,1.0,0.9953,0.9953
cpr_narrow_bullish,next_pivot_target,Consumer Staples,1,1.0,1.1175,1.1175
cpr_narrow_bullish,next_pivot_target,Emerging Markets,1,0.0,-3.9013,-3.9013
cpr_narrow_bullish,next_pivot_target,Health Care,2,0.5,-1.6839499999999998,-3.3678999999999997
cpr_narrow_bullish,next_pivot_target,Industrials,1,1.0,9.8875,9.8875
cpr_narrow_bullish,next_pivot_target,Real Estate,1,1.0,0.0401,0.0401
cpr_narrow_bullish,r_multiple_2r,Consumer Discretionary,1,0.0,-5.557,-5.557
cpr_narrow_bullish,r_multiple_2r,Consumer Staples,1,1.0,5.1654,5.1654
cpr_narrow_bullish,r_multiple_2r,Emerging Markets,1,0.0,-1.9506,-1.9506
cpr_narrow_bullish,r_multiple_2r,Health Care,2,0.0,-2.6690500000000004,-5.338100000000001
cpr_narrow_bullish,r_multiple_2r,Industrials,1,1.0,6.5917,6.5917
cpr_narrow_bullish,r_multiple_2r,Real Estate,1,0.0,-1.7053,-1.7053
cpr_narrow_bullish,r_multiple_3r,Consumer Discretionary,1,0.0,-5.557,-5.557
cpr_narrow_bullish,r_multiple_3r,Consumer Staples,1,1.0,7.7481,7.7481
cpr_narrow_bullish,r_multiple_3r,Emerging Markets,1,0.0,-1.9506,-1.9506
cpr_narrow_bullish,r_multiple_3r,Health Care,2,0.0,-2.6690500000000004,-5.338100000000001
cpr_narrow_bullish,r_multiple_3r,Industrials,1,1.0,9.8875,9.8875
cpr_narrow_bullish,r_multiple_3r,Real Estate,1,0.0,-1.7053,-1.7053
cpr_narrow_bullish,regime_flip,Consumer Discretionary,1,0.0,-0.0468,-0.0468
cpr_narrow_bullish,regime_flip,Consumer Staples,1,1.0,6.1827,6.1827
cpr_narrow_bullish,regime_flip,Emerging Markets,1,0.0,-6.1932,-6.1932
cpr_narrow_bullish,regime_flip,Health Care,2,0.5,5.36415,10.7283
cpr_narrow_bullish,regime_flip,Industrials,1,1.0,21.8225,21.8225
cpr_narrow_bullish,regime_flip,Real Estate,1,0.0,-10.9852,-10.9852
cpr_narrow_bullish,reverse_signal,Consumer Discretionary,1,1.0,0.4302,0.4302
cpr_narrow_bullish,reverse_signal,Consumer Staples,1,0.0,-0.1148,-0.1148
cpr_narrow_bullish,reverse_signal,Emerging Markets,1,0.0,-1.6997,-1.6997
cpr_narrow_bullish,reverse_signal,Health Care,2,0.0,-2.6690500000000004,-5.338100000000001
cpr_narrow_bullish,reverse_signal,Industrials,1,0.0,-0.6456,-0.6456
cpr_narrow_bullish,reverse_signal,Real Estate,1,0.0,-1.6332,-1.6332
cpr_narrow_bullish,smc_mitigation_zone,Consumer Discretionary,1,1.0,0.4302,0.4302
cpr_narrow_bullish,smc_mitigation_zone,Consumer Staples,1,0.0,-0.1148,-0.1148
cpr_narrow_bullish,smc_mitigation_zone,Emerging Markets,1,0.0,-1.6997,-1.6997
cpr_narrow_bullish,smc_mitigation_zone,Health Care,2,0.0,-2.6690500000000004,-5.338100000000001
cpr_narrow_bullish,smc_mitigation_zone,Industrials,1,0.0,-0.6456,-0.6456
cpr_narrow_bullish,smc_mitigation_zone,Real Estate,1,0.0,-1.6332,-1.6332
cpr_narrow_bullish,time_stop_10d,Consumer Discretionary,1,0.0,-7.4981,-7.4981
cpr_narrow_bullish,time_stop_10d,Consumer Staples,1,1.0,3.1003,3.1003
cpr_narrow_bullish,time_stop_10d,Emerging Markets,1,0.0,-6.3097,-6.3097
cpr_narrow_bullish,time_stop_10d,Health Care,2,0.5,-0.39504999999999946,-0.7900999999999989
cpr_narrow_bullish,time_stop_10d,Industrials,1,1.0,10.4396,10.4396
cpr_narrow_bullish,time_stop_10d,Real Estate,1,0.0,-4.4661,-4.4661
cpr_narrow_bullish,time_stop_20d,Consumer Discretionary,1,0.0,-0.0468,-0.0468
cpr_narrow_bullish,time_stop_20d,Consumer Staples,1,1.0,6.1827,6.1827
cpr_narrow_bullish,time_stop_20d,Emerging Markets,1,0.0,-6.1932,-6.1932
cpr_narrow_bullish,time_stop_20d,Health Care,2,0.5,5.36415,10.7283
cpr_narrow_bullish,time_stop_20d,Industrials,1,1.0,21.8225,21.8225
cpr_narrow_bullish,time_stop_20d,Real Estate,1,0.0,-10.9852,-10.9852
cpr_narrow_bullish,trailing_10pct,Consumer Discretionary,1,0.0,-5.6787,-5.6787
cpr_narrow_bullish,trailing_10pct,Consumer Staples,1,0.0,-8.4391,-8.4391
cpr_narrow_bullish,trailing_10pct,Emerging Markets,1,0.0,-9.7485,-9.7485
cpr_narrow_bullish,trailing_10pct,Health Care,2,0.5,-0.6836500000000001,-1.3673000000000002
cpr_narrow_bullish,trailing_10pct,Industrials,1,1.0,12.5911,12.5911
cpr_narrow_bullish,trailing_10pct,Real Estate,1,0.0,-10.0895,-10.0895
cpr_narrow_bullish,trailing_15pct,Consumer Discretionary,1,0.0,-10.9187,-10.9187
cpr_narrow_bullish,trailing_15pct,Consumer Staples,1,0.0,-8.4391,-8.4391
cpr_narrow_bullish,trailing_15pct,Emerging Markets,1,0.0,-15.6927,-15.6927
cpr_narrow_bullish,trailing_15pct,Health Care,2,0.5,-1.2353,-2.4706
cpr_narrow_bullish,trailing_15pct,Industrials,1,1.0,276.118,276.118
cpr_narrow_bullish,trailing_15pct,Real Estate,1,0.0,-14.9816,-14.9816
cpr_narrow_bullish,trailing_5pct,Consumer Discretionary,1,0.0,-0.4583,-0.4583
cpr_narrow_bullish,trailing_5pct,Consumer Staples,1,1.0,2.4738,2.4738
cpr_narrow_bullish,trailing_5pct,Emerging Markets,1,0.0,-6.7288,-6.7288
cpr_narrow_bullish,trailing_5pct,Health Care,2,0.5,2.1250500000000003,4.250100000000001
cpr_narrow_bullish,trailing_5pct,Industrials,1,1.0,18.8462,18.8462
cpr_narrow_bullish,trailing_5pct,Real Estate,1,0.0,-4.9795,-4.9795
htf_aligned_breakout_long,atr_trail_1x,Energy,1,0.0,-3.2698,-3.2698
htf_aligned_breakout_long,atr_trail_1x,Health Care,3,0.3333333333333333,-1.7718999999999998,-5.3157
htf_aligned_breakout_long,atr_trail_1x,Industrials,1,0.0,-2.1428,-2.1428
htf_aligned_breakout_long,atr_trail_1x,Information Technology,1,0.0,-3.9072,-3.9072
htf_aligned_breakout_long,atr_trail_1x,Utilities,1,0.0,-0.8691,-0.8691
htf_aligned_breakout_long,atr_trail_2x,Energy,1,1.0,3.856,3.856
htf_aligned_breakout_long,atr_trail_2x,Health Care,3,0.0,-2.7015,-8.1045
htf_aligned_breakout_long,atr_trail_2x,Industrials,1,0.0,-4.2857,-4.2857
htf_aligned_breakout_long,atr_trail_2x,Information Technology,1,0.0,-10.6553,-10.6553
htf_aligned_breakout_long,atr_trail_2x,Utilities,1,1.0,3.5158,3.5158
htf_aligned_breakout_long,atr_trail_mae_conditional,Energy,1,0.0,-3.2698,-3.2698
htf_aligned_breakout_long,atr_trail_mae_conditional,Health Care,3,0.3333333333333333,-1.7718999999999998,-5.3157
htf_aligned_breakout_long,atr_trail_mae_conditional,Industrials,1,0.0,-2.1428,-2.1428
htf_aligned_breakout_long,atr_trail_mae_conditional,Information Technology,1,0.0,-3.9072,-3.9072
htf_aligned_breakout_long,atr_trail_mae_conditional,Utilities,1,0.0,-0.8691,-0.8691
htf_aligned_breakout_long,atr_trail_vix_conditional,Energy,1,0.0,-5.5754,-5.5754
htf_aligned_breakout_long,atr_trail_vix_conditional,Health Care,3,0.0,-0.9379000000000001,-2.8137000000000003
htf_aligned_breakout_long,atr_trail_vix_conditional,Industrials,1,0.0,-3.2142,-3.2142
htf_aligned_breakout_long,atr_trail_vix_conditional,Information Technology,1,0.0,-10.6553,-10.6553
htf_aligned_breakout_long,atr_trail_vix_conditional,Utilities,1,1.0,4.2049,4.2049
htf_aligned_breakout_long,break_even_at_1r,Energy,1,0.0,-3.2698,-3.2698
htf_aligned_breakout_long,break_even_at_1r,Health Care,3,0.0,-2.0433666666666666,-6.1301
htf_aligned_breakout_long,break_even_at_1r,Industrials,1,0.0,-2.1428,-2.1428
htf_aligned_breakout_long,break_even_at_1r,Information Technology,1,0.0,-10.6553,-10.6553
htf_aligned_breakout_long,break_even_at_1r,Utilities,1,0.0,-0.2744,-0.2744
htf_aligned_breakout_long,breakeven_plus_trail,Energy,1,0.0,0.0,0.0
htf_aligned_breakout_long,breakeven_plus_trail,Health Care,3,0.0,-2.6784,-8.0352
htf_aligned_breakout_long,breakeven_plus_trail,Industrials,1,0.0,-4.2857,-4.2857
htf_aligned_breakout_long,breakeven_plus_trail,Information Technology,1,0.0,-13.3494,-13.3494
htf_aligned_breakout_long,breakeven_plus_trail,Utilities,1,1.0,10.6542,10.6542
htf_aligned_breakout_long,chandelier_3x,Energy,1,1.0,2.382,2.382
htf_aligned_breakout_long,chandelier_3x,Health Care,3,0.3333333333333333,-2.705633333333333,-8.1169
htf_aligned_breakout_long,chandelier_3x,Industrials,1,0.0,-4.6533,-4.6533
htf_aligned_breakout_long,chandelier_3x,Information Technology,1,0.0,-12.7299,-12.7299
htf_aligned_breakout_long,chandelier_3x,Utilities,1,1.0,2.3524,2.3524
htf_aligned_breakout_long,class_time_stop,Energy,1,1.0,2.7236,2.7236
htf_aligned_breakout_long,class_time_stop,Health Care,3,0.3333333333333333,-2.5544666666666664,-7.663399999999999
htf_aligned_breakout_long,class_time_stop,Industrials,1,0.0,-14.7286,-14.7286
htf_aligned_breakout_long,class_time_stop,Information Technology,1,0.0,-5.7373,-5.7373
htf_aligned_breakout_long,class_time_stop,Utilities,1,1.0,4.0221,4.0221
htf_aligned_breakout_long,earnings_blackout,Energy,1,1.0,13.2959,13.2959
htf_aligned_breakout_long,earnings_blackout,Health Care,3,0.6666666666666666,34.02146666666667,102.0644
htf_aligned_breakout_long,earnings_blackout,Industrials,1,0.0,-17.5388,-17.5388
htf_aligned_breakout_long,earnings_blackout,Information Technology,1,0.0,-83.0626,-83.0626
htf_aligned_breakout_long,earnings_blackout,Utilities,1,1.0,30.9567,30.9567
htf_aligned_breakout_long,fixed_4r_2r,Energy,1,0.0,-6.5395,-6.5395
htf_aligned_breakout_long,fixed_4r_2r,Health Care,3,0.3333333333333333,-1.6750333333333334,-5.0251
htf_aligned_breakout_long,fixed_4r_2r,Industrials,1,0.0,-4.2857,-4.2857
htf_aligned_breakout_long,fixed_4r_2r,Information Technology,1,0.0,-13.3494,-13.3494
htf_aligned_breakout_long,fixed_4r_2r,Utilities,1,1.0,6.558,6.558
htf_aligned_breakout_long,hybrid_50pct_target,Energy,1,1.0,3.2555,3.2555
htf_aligned_breakout_long,hybrid_50pct_target,Health Care,3,1.0,6.0048,18.014400000000002
htf_aligned_breakout_long,hybrid_50pct_target,Industrials,1,0.0,-10.0,-10.0
htf_aligned_breakout_long,hybrid_50pct_target,Information Technology,1,0.0,-10.0,-10.0
htf_aligned_breakout_long,hybrid_50pct_target,Utilities,1,1.0,7.7863,7.7863
htf_aligned_breakout_long,ma_exit_ema9,Energy,1,0.0,-3.5886,-3.5886
htf_aligned_breakout_long,ma_exit_ema9,Health Care,3,0.3333333333333333,-1.0476666666666665,-3.143
htf_aligned_breakout_long,ma_exit_ema9,Industrials,1,0.0,-2.1326,-2.1326
htf_aligned_breakout_long,ma_exit_ema9,Information Technology,1,0.0,-10.6553,-10.6553
htf_aligned_breakout_long,ma_exit_ema9,Utilities,1,1.0,3.6352,3.6352
htf_aligned_breakout_long,mfe_lockin_trail,Energy,1,0.0,-3.2698,-3.2698
htf_aligned_breakout_long,mfe_lockin_trail,Health Care,3,0.3333333333333333,-1.7718999999999998,-5.3157
htf_aligned_breakout_long,mfe_lockin_trail,Industrials,1,0.0,-2.1428,-2.1428
htf_aligned_breakout_long,mfe_lockin_trail,Information Technology,1,0.0,-3.9072,-3.9072
htf_aligned_breakout_long,mfe_lockin_trail,Utilities,1,0.0,-0.8691,-0.8691
htf_aligned_breakout_long,multi_tier_partial,Energy,1,0.0,-3.2698,-3.2698
htf_aligned_breakout_long,multi_tier_partial,Health Care,3,0.3333333333333333,-1.7463333333333333,-5.239
htf_aligned_breakout_long,multi_tier_partial,Industrials,1,0.0,-2.1428,-2.1428
htf_aligned_breakout_long,multi_tier_partial,Information Technology,1,0.0,-3.9072,-3.9072
htf_aligned_breakout_long,multi_tier_partial,Utilities,1,0.0,-0.8691,-0.8691
htf_aligned_breakout_long,next_pivot_target,Energy,1,1.0,9.8093,9.8093
htf_aligned_breakout_long,next_pivot_target,Health Care,3,0.3333333333333333,-2.7284333333333333,-8.1853
htf_aligned_breakout_long,next_pivot_target,Industrials,1,0.0,-4.2857,-4.2857
htf_aligned_breakout_long,next_pivot_target,Information Technology,1,1.0,2.9159,2.9159
htf_aligned_breakout_long,next_pivot_target,Utilities,1,1.0,5.366,5.366
htf_aligned_breakout_long,r_multiple_2r,Energy,1,0.0,-3.2698,-3.2698
htf_aligned_breakout_long,r_multiple_2r,Health Care,3,0.3333333333333333,-1.5098,-4.5294
htf_aligned_breakout_long,r_multiple_2r,Industrials,1,0.0,-2.1428,-2.1428
htf_aligned_breakout_long,r_multiple_2r,Information Technology,1,0.0,-10.6553,-10.6553
htf_aligned_breakout_long,r_multiple_2r,Utilities,1,1.0,3.279,3.279
htf_aligned_breakout_long,r_multiple_3r,Energy,1,0.0,-3.2698,-3.2698
htf_aligned_breakout_long,r_multiple_3r,Health Care,3,0.3333333333333333,-1.1845,-3.5535
htf_aligned_breakout_long,r_multiple_3r,Industrials,1,0.0,-2.1428,-2.1428
htf_aligned_breakout_long,r_multiple_3r,Information Technology,1,0.0,-10.6553,-10.6553
htf_aligned_breakout_long,r_multiple_3r,Utilities,1,1.0,5.366,5.366
htf_aligned_breakout_long,regime_flip,Energy,1,1.0,5.8211,5.8211
htf_aligned_breakout_long,regime_flip,Health Care,3,0.6666666666666666,-0.13889999999999994,-0.41669999999999985
htf_aligned_breakout_long,regime_flip,Industrials,1,0.0,-15.0162,-15.0162
htf_aligned_breakout_long,regime_flip,Information Technology,1,0.0,-4.6118,-4.6118
htf_aligned_breakout_long,regime_flip,Utilities,1,1.0,5.7733,5.7733
htf_aligned_breakout_long,reverse_signal,Energy,1,0.0,-3.2698,-3.2698
htf_aligned_breakout_long,reverse_signal,Health Care,3,0.3333333333333333,-1.7718999999999998,-5.3157
htf_aligned_breakout_long,reverse_signal,Industrials,1,0.0,-2.1428,-2.1428
htf_aligned_breakout_long,reverse_signal,Information Technology,1,0.0,-3.9072,-3.9072
htf_aligned_breakout_long,reverse_signal,Utilities,1,0.0,-0.8691,-0.8691
htf_aligned_breakout_long,smc_mitigation_zone,Energy,1,0.0,-3.2698,-3.2698
htf_aligned_breakout_long,smc_mitigation_zone,Health Care,3,0.3333333333333333,-1.7718999999999998,-5.3157
htf_aligned_breakout_long,smc_mitigation_zone,Industrials,1,0.0,-2.1428,-2.1428
htf_aligned_breakout_long,smc_mitigation_zone,Information Technology,1,0.0,-3.9072,-3.9072
htf_aligned_breakout_long,smc_mitigation_zone,Utilities,1,0.0,-0.8691,-0.8691
htf_aligned_breakout_long,time_stop_10d,Energy,1,1.0,3.8726,3.8726
htf_aligned_breakout_long,time_stop_10d,Health Care,3,0.6666666666666666,-1.3391333333333335,-4.0174
htf_aligned_breakout_long,time_stop_10d,Industrials,1,0.0,-11.3651,-11.3651
htf_aligned_breakout_long,time_stop_10d,Information Technology,1,0.0,-5.4144,-5.4144
htf_aligned_breakout_long,time_stop_10d,Utilities,1,1.0,2.0775,2.0775
htf_aligned_breakout_long,time_stop_20d,Energy,1,1.0,5.8211,5.8211
htf_aligned_breakout_long,time_stop_20d,Health Care,3,0.6666666666666666,-0.13889999999999994,-0.41669999999999985
htf_aligned_breakout_long,time_stop_20d,Industrials,1,0.0,-15.0162,-15.0162
htf_aligned_breakout_long,time_stop_20d,Information Technology,1,0.0,-4.6118,-4.6118
htf_aligned_breakout_long,time_stop_20d,Utilities,1,1.0,5.7733,5.7733
htf_aligned_breakout_long,trailing_10pct,Energy,1,0.0,-3.2983,-3.2983
htf_aligned_breakout_long,trailing_10pct,Health Care,3,0.6666666666666666,8.354233333333333,25.0627
htf_aligned_breakout_long,trailing_10pct,Industrials,1,0.0,-10.0,-10.0
htf_aligned_breakout_long,trailing_10pct,Information Technology,1,0.0,-10.6553,-10.6553
htf_aligned_breakout_long,trailing_10pct,Utilities,1,1.0,10.6542,10.6542
htf_aligned_breakout_long,trailing_15pct,Energy,1,0.0,-6.1968,-6.1968
htf_aligned_breakout_long,trailing_15pct,Health Care,3,0.6666666666666666,4.323333333333333,12.969999999999999
htf_aligned_breakout_long,trailing_15pct,Industrials,1,0.0,-15.0,-15.0
htf_aligned_breakout_long,trailing_15pct,Information Technology,1,0.0,-12.8057,-12.8057
htf_aligned_breakout_long,trailing_15pct,Utilities,1,1.0,30.9567,30.9567
htf_aligned_breakout_long,trailing_5pct,Energy,1,0.0,-5.5754,-5.5754
htf_aligned_breakout_long,trailing_5pct,Health Care,3,0.3333333333333333,-0.7432333333333334,-2.2297000000000002
htf_aligned_breakout_long,trailing_5pct,Industrials,1,0.0,-5.0,-5.0
htf_aligned_breakout_long,trailing_5pct,Information Technology,1,0.0,-3.5059,-3.5059
htf_aligned_breakout_long,trailing_5pct,Utilities,1,1.0,1.1714,1.1714
monthly_bias_momentum_long,atr_trail_1x,Energy,2,0.0,-1.6093000000000002,-3.2186000000000003
monthly_bias_momentum_long,atr_trail_1x,Industrials,8,0.25,-0.8699625,-6.9597
monthly_bias_momentum_long,atr_trail_1x,Information Technology,2,1.0,0.8572,1.7144
monthly_bias_momentum_long,atr_trail_1x,Materials,2,0.0,-2.3858,-4.7716
monthly_bias_momentum_long,atr_trail_1x,Real Estate,3,0.0,-1.7613666666666667,-5.2841000000000005
monthly_bias_momentum_long,atr_trail_1x,Utilities,3,0.3333333333333333,-0.08430000000000011,-0.25290000000000035
monthly_bias_momentum_long,atr_trail_2x,Energy,2,0.5,2.36585,4.7317
monthly_bias_momentum_long,atr_trail_2x,Industrials,8,0.125,-1.8668125,-14.9345
monthly_bias_momentum_long,atr_trail_2x,Information Technology,2,0.5,0.39909999999999995,0.7981999999999999
monthly_bias_momentum_long,atr_trail_2x,Materials,2,0.0,-6.589499999999999,-13.178999999999998
monthly_bias_momentum_long,atr_trail_2x,Real Estate,3,0.0,-3.6054,-10.8162
monthly_bias_momentum_long,atr_trail_2x,Utilities,3,0.3333333333333333,-1.7244,-5.1732
monthly_bias_momentum_long,atr_trail_mae_conditional,Energy,2,0.0,-1.6093000000000002,-3.2186000000000003
monthly_bias_momentum_long,atr_trail_mae_conditional,Industrials,8,0.25,-0.8699625,-6.9597
monthly_bias_momentum_long,atr_trail_mae_conditional,Information Technology,2,1.0,0.8572,1.7144
monthly_bias_momentum_long,atr_trail_mae_conditional,Materials,2,0.0,-2.3858,-4.7716
monthly_bias_momentum_long,atr_trail_mae_conditional,Real Estate,3,0.0,-1.7613666666666667,-5.2841000000000005
monthly_bias_momentum_long,atr_trail_mae_conditional,Utilities,3,0.3333333333333333,-0.08430000000000011,-0.25290000000000035
monthly_bias_momentum_long,atr_trail_vix_conditional,Energy,2,0.0,-2.5871500000000003,-5.174300000000001
monthly_bias_momentum_long,atr_trail_vix_conditional,Industrials,8,0.0,-0.8820375,-7.0563
monthly_bias_momentum_long,atr_trail_vix_conditional,Information Technology,2,0.5,0.5489,1.0978
monthly_bias_momentum_long,atr_trail_vix_conditional,Materials,2,0.0,-4.3071,-8.6142
monthly_bias_momentum_long,atr_trail_vix_conditional,Real Estate,3,0.0,-1.1943,-3.5829
monthly_bias_momentum_long,atr_trail_vix_conditional,Utilities,3,0.3333333333333333,-0.04396666666666663,-0.1318999999999999
monthly_bias_momentum_long,break_even_at_1r,Energy,2,0.0,-1.6093000000000002,-3.2186000000000003
monthly_bias_momentum_long,break_even_at_1r,Industrials,8,0.125,0.033175000000000066,0.2654000000000005
monthly_bias_momentum_long,break_even_at_1r,Information Technology,2,0.0,0.0,0.0
monthly_bias_momentum_long,break_even_at_1r,Materials,2,0.0,-3.628,-7.256
monthly_bias_momentum_long,break_even_at_1r,Real Estate,3,0.0,-2.0149666666666666,-6.0449
monthly_bias_momentum_long,break_even_at_1r,Utilities,3,0.0,-1.2599333333333333,-3.7798
monthly_bias_momentum_long,breakeven_plus_trail,Energy,2,0.5,0.6778,1.3556
monthly_bias_momentum_long,breakeven_plus_trail,Industrials,8,0.25,-1.0127749999999998,-8.102199999999998
monthly_bias_momentum_long,breakeven_plus_trail,Information Technology,2,0.0,0.0,0.0
monthly_bias_momentum_long,breakeven_plus_trail,Materials,2,0.0,-7.2559499999999995,-14.511899999999999
monthly_bias_momentum_long,breakeven_plus_trail,Real Estate,3,0.0,-3.969,-11.907
monthly_bias_momentum_long,breakeven_plus_trail,Utilities,3,0.0,-2.5198,-7.5594
monthly_bias_momentum_long,chandelier_3x,Energy,2,0.5,0.7742,1.5484
monthly_bias_momentum_long,chandelier_3x,Industrials,8,0.375,-1.5103624999999998,-12.082899999999999
monthly_bias_momentum_long,chandelier_3x,Information Technology,2,0.0,-0.2506,-0.5012
monthly_bias_momentum_long,chandelier_3x,Materials,2,0.0,-7.742699999999999,-15.485399999999998
monthly_bias_momentum_long,chandelier_3x,Real Estate,3,0.0,-4.8777333333333335,-14.6332
monthly_bias_momentum_long,chandelier_3x,Utilities,3,0.3333333333333333,-2.1678,-6.5034
monthly_bias_momentum_long,class_time_stop,Energy,2,1.0,3.39255,6.7851
monthly_bias_momentum_long,class_time_stop,Industrials,8,0.5,-1.4085249999999998,-11.268199999999998
monthly_bias_momentum_long,class_time_stop,Information Technology,2,0.0,-3.19875,-6.3975
monthly_bias_momentum_long,class_time_stop,Materials,2,0.0,-27.455,-54.91
monthly_bias_momentum_long,class_time_stop,Real Estate,3,0.0,-15.9809,-47.9427
monthly_bias_momentum_long,class_time_stop,Utilities,3,0.3333333333333333,-0.7773333333333335,-2.3320000000000007
monthly_bias_momentum_long,earnings_blackout,Energy,2,1.0,27.496950000000002,54.993900000000004
monthly_bias_momentum_long,earnings_blackout,Industrials,8,0.875,50.6941875,405.5535
monthly_bias_momentum_long,earnings_blackout,Information Technology,2,1.0,224.56404999999998,449.12809999999996
monthly_bias_momentum_long,earnings_blackout,Materials,2,1.0,34.294700000000006,68.58940000000001
monthly_bias_momentum_long,earnings_blackout,Real Estate,3,0.0,-23.446233333333335,-70.3387
monthly_bias_momentum_long,earnings_blackout,Utilities,3,0.3333333333333333,-5.231066666666666,-15.6932
monthly_bias_momentum_long,fixed_4r_2r,Energy,2,1.0,11.32255,22.6451
monthly_bias_momentum_long,fixed_4r_2r,Industrials,8,0.375,0.35446250000000024,2.835700000000002
monthly_bias_momentum_long,fixed_4r_2r,Information Technology,2,0.0,-4.9441,-9.8882
monthly_bias_momentum_long,fixed_4r_2r,Materials,2,0.0,-7.781499999999999,-15.562999999999999
monthly_bias_momentum_long,fixed_4r_2r,Real Estate,3,0.0,-3.969,-11.907
monthly_bias_momentum_long,fixed_4r_2r,Utilities,3,0.3333333333333333,-0.7056000000000001,-2.1168000000000005
monthly_bias_momentum_long,hybrid_50pct_target,Energy,2,1.0,4.7242999999999995,9.448599999999999
monthly_bias_momentum_long,hybrid_50pct_target,Industrials,8,0.5,-2.5205375,-20.1643
monthly_bias_momentum_long,hybrid_50pct_target,Information Technology,2,0.0,-10.0,-20.0
monthly_bias_momentum_long,hybrid_50pct_target,Materials,2,0.0,-10.0,-20.0
monthly_bias_momentum_long,hybrid_50pct_target,Real Estate,3,0.0,-10.0,-30.0
monthly_bias_momentum_long,hybrid_50pct_target,Utilities,3,0.3333333333333333,-5.9863333333333335,-17.959
monthly_bias_momentum_long,ma_exit_ema9,Energy,2,0.0,-2.7212,-5.4424
monthly_bias_momentum_long,ma_exit_ema9,Industrials,8,0.25,-0.14508750000000004,-1.1607000000000003
monthly_bias_momentum_long,ma_exit_ema9,Information Technology,2,1.0,0.8063,1.6126
monthly_bias_momentum_long,ma_exit_ema9,Materials,2,0.0,-3.71235,-7.4247
monthly_bias_momentum_long,ma_exit_ema9,Real Estate,3,0.0,-2.390966666666667,-7.1729
monthly_bias_momentum_long,ma_exit_ema9,Utilities,3,0.3333333333333333,1.1725999999999999,3.5178
monthly_bias_momentum_long,mfe_lockin_trail,Energy,2,0.0,-1.6093000000000002,-3.2186000000000003
monthly_bias_momentum_long,mfe_lockin_trail,Industrials,8,0.25,-0.8699625,-6.9597
monthly_bias_momentum_long,mfe_lockin_trail,Information Technology,2,1.0,1.2273,2.4546
monthly_bias_momentum_long,mfe_lockin_trail,Materials,2,0.0,-2.3858,-4.7716
monthly_bias_momentum_long,mfe_lockin_trail,Real Estate,3,0.0,-1.7613666666666667,-5.2841000000000005
monthly_bias_momentum_long,mfe_lockin_trail,Utilities,3,0.3333333333333333,-0.024533333333333445,-0.07360000000000033
monthly_bias_momentum_long,multi_tier_partial,Energy,2,0.5,-1.0430000000000001,-2.0860000000000003
monthly_bias_momentum_long,multi_tier_partial,Industrials,8,0.375,-0.4776249999999999,-3.8209999999999993
monthly_bias_momentum_long,multi_tier_partial,Information Technology,2,1.0,1.53255,3.0651
monthly_bias_momentum_long,multi_tier_partial,Materials,2,0.0,-2.3858,-4.7716
monthly_bias_momentum_long,multi_tier_partial,Real Estate,3,0.0,-1.7613666666666667,-5.2841000000000005
monthly_bias_momentum_long,multi_tier_partial,Utilities,3,0.3333333333333333,-0.4798333333333334,-1.4395000000000002
monthly_bias_momentum_long,next_pivot_target,Energy,2,1.0,9.35465,18.7093
monthly_bias_momentum_long,next_pivot_target,Industrials,8,0.625,-0.09756250000000011,-0.7805000000000009
monthly_bias_momentum_long,next_pivot_target,Information Technology,2,0.0,-4.9441,-9.8882
monthly_bias_momentum_long,next_pivot_target,Materials,2,0.5,-4.9228499999999995,-9.845699999999999
monthly_bias_momentum_long,next_pivot_target,Real Estate,3,0.3333333333333333,-6.567699999999999,-19.7031
monthly_bias_momentum_long,next_pivot_target,Utilities,3,0.6666666666666666,0.44286666666666674,1.3286000000000002
monthly_bias_momentum_long,r_multiple_2r,Energy,2,0.0,-2.8306,-5.6612
monthly_bias_momentum_long,r_multiple_2r,Industrials,8,0.375,0.4397500000000001,3.5180000000000007
monthly_bias_momentum_long,r_multiple_2r,Information Technology,2,1.0,3.7123,7.4246
monthly_bias_momentum_long,r_multiple_2r,Materials,2,0.0,-3.628,-7.256
monthly_bias_momentum_long,r_multiple_2r,Real Estate,3,0.0,-2.0149666666666666,-6.0449
monthly_bias_momentum_long,r_multiple_2r,Utilities,3,0.3333333333333333,-0.35283333333333333,-1.0585
monthly_bias_momentum_long,r_multiple_3r,Energy,2,0.0,-2.8306,-5.6612
monthly_bias_momentum_long,r_multiple_3r,Industrials,8,0.375,1.202725,9.6218
monthly_bias_momentum_long,r_multiple_3r,Information Technology,2,0.0,-1.8489,-3.6978
monthly_bias_momentum_long,r_multiple_3r,Materials,2,0.0,-3.628,-7.256
monthly_bias_momentum_long,r_multiple_3r,Real Estate,3,0.0,-2.0149666666666666,-6.0449
monthly_bias_momentum_long,r_multiple_3r,Utilities,3,0.3333333333333333,0.1992666666666668,0.5978000000000003
monthly_bias_momentum_long,regime_flip,Energy,2,0.5,3.2711,6.5422
monthly_bias_momentum_long,regime_flip,Industrials,8,0.5,-2.4372375,-19.4979
monthly_bias_momentum_long,regime_flip,Information Technology,2,0.0,-3.65245,-7.3049
monthly_bias_momentum_long,regime_flip,Materials,2,0.0,-24.64755,-49.2951
monthly_bias_momentum_long,regime_flip,Real Estate,3,0.0,-9.203633333333334,-27.6109
monthly_bias_momentum_long,regime_flip,Utilities,3,0.3333333333333333,0.13743333333333307,0.4122999999999992
monthly_bias_momentum_long,reverse_signal,Energy,2,0.0,-1.6093000000000002,-3.2186000000000003
monthly_bias_momentum_long,reverse_signal,Industrials,8,0.25,-0.8699625,-6.9597
monthly_bias_momentum_long,reverse_signal,Information Technology,2,1.0,0.8572,1.7144
monthly_bias_momentum_long,reverse_signal,Materials,2,0.0,-2.3858,-4.7716
monthly_bias_momentum_long,reverse_signal,Real Estate,3,0.0,-1.7613666666666667,-5.2841000000000005
monthly_bias_momentum_long,reverse_signal,Utilities,3,0.3333333333333333,-0.08430000000000011,-0.25290000000000035
monthly_bias_momentum_long,smc_mitigation_zone,Energy,2,0.0,-1.6093000000000002,-3.2186000000000003
monthly_bias_momentum_long,smc_mitigation_zone,Industrials,8,0.25,-0.8699625,-6.9597
monthly_bias_momentum_long,smc_mitigation_zone,Information Technology,2,1.0,1.13065,2.2613
monthly_bias_momentum_long,smc_mitigation_zone,Materials,2,0.0,-2.3858,-4.7716
monthly_bias_momentum_long,smc_mitigation_zone,Real Estate,3,0.0,-1.7613666666666667,-5.2841000000000005
monthly_bias_momentum_long,smc_mitigation_zone,Utilities,3,0.3333333333333333,-0.08430000000000011,-0.25290000000000035
monthly_bias_momentum_long,time_stop_10d,Energy,2,1.0,2.9892,5.9784
monthly_bias_momentum_long,time_stop_10d,Industrials,8,0.5,-1.228125,-9.825
monthly_bias_momentum_long,time_stop_10d,Information Technology,2,0.5,1.6529,3.3058
monthly_bias_momentum_long,time_stop_10d,Materials,2,0.0,-13.83165,-27.6633
monthly_bias_momentum_long,time_stop_10d,Real Estate,3,0.0,-5.719533333333334,-17.1586
monthly_bias_momentum_long,time_stop_10d,Utilities,3,0.3333333333333333,-0.8300333333333333,-2.4901
monthly_bias_momentum_long,time_stop_20d,Energy,2,0.5,3.2711,6.5422
monthly_bias_momentum_long,time_stop_20d,Industrials,8,0.5,-2.4372375,-19.4979
monthly_bias_momentum_long,time_stop_20d,Information Technology,2,0.0,-3.65245,-7.3049
monthly_bias_momentum_long,time_stop_20d,Materials,2,0.0,-24.64755,-49.2951
monthly_bias_momentum_long,time_stop_20d,Real Estate,3,0.0,-9.203633333333334,-27.6109
monthly_bias_momentum_long,time_stop_20d,Utilities,3,0.3333333333333333,0.13743333333333307,0.4122999999999992
monthly_bias_momentum_long,trailing_10pct,Energy,2,1.0,0.9566999999999999,1.9133999999999998
monthly_bias_momentum_long,trailing_10pct,Industrials,8,0.375,-2.908075,-23.2646
monthly_bias_momentum_long,trailing_10pct,Information Technology,2,0.0,-6.804,-13.608
monthly_bias_momentum_long,trailing_10pct,Materials,2,0.0,-8.985,-17.97
monthly_bias_momentum_long,trailing_10pct,Real Estate,3,0.0,-9.682533333333334,-29.0476
monthly_bias_momentum_long,trailing_10pct,Utilities,3,0.0,-7.2821,-21.8463
monthly_bias_momentum_long,trailing_15pct,Energy,2,0.0,-4.9041,-9.8082
monthly_bias_momentum_long,trailing_15pct,Industrials,8,0.375,-4.695725,-37.5658
monthly_bias_momentum_long,trailing_15pct,Information Technology,2,0.0,-13.536249999999999,-27.072499999999998
monthly_bias_momentum_long,trailing_15pct,Materials,2,0.0,-13.97245,-27.9449
monthly_bias_momentum_long,trailing_15pct,Real Estate,3,0.0,-14.822966666666666,-44.4689
monthly_bias_momentum_long,trailing_15pct,Utilities,3,0.0,-12.433100000000001,-37.2993
monthly_bias_momentum_long,trailing_5pct,Energy,2,0.5,2.4692000000000003,4.938400000000001
monthly_bias_momentum_long,trailing_5pct,Industrials,8,0.375,0.9676374999999999,7.741099999999999
monthly_bias_momentum_long,trailing_5pct,Information Technology,2,0.0,-2.9896499999999997,-5.979299999999999
monthly_bias_momentum_long,trailing_5pct,Materials,2,0.0,-3.85155,-7.7031
monthly_bias_momentum_long,trailing_5pct,Real Estate,3,0.0,-4.6649,-13.9947
monthly_bias_momentum_long,trailing_5pct,Utilities,3,0.3333333333333333,-2.1311333333333335,-6.393400000000001
po3_bullish,atr_trail_1x,Communication Services,2,0.0,-1.6336499999999998,-3.2672999999999996
po3_bullish,atr_trail_1x,Consumer Discretionary,2,0.5,-0.84205,-1.6841
po3_bullish,atr_trail_1x,Financials,2,0.5,0.06434999999999991,0.12869999999999981
po3_bullish,atr_trail_1x,Health Care,3,0.0,-2.5607,-7.6821
po3_bullish,atr_trail_1x,Industrials,6,0.0,-1.4039000000000001,-8.4234
po3_bullish,atr_trail_1x,International,1,0.0,-1.123,-1.123
po3_bullish,atr_trail_1x,Materials,4,0.0,-0.1875,-0.75
po3_bullish,atr_trail_1x,Utilities,4,0.25,-0.931125,-3.7245
po3_bullish,atr_trail_2x,Communication Services,2,0.0,-2.6250999999999998,-5.2501999999999995
po3_bullish,atr_trail_2x,Consumer Discretionary,2,0.5,-0.05050000000000002,-0.10100000000000003
po3_bullish,atr_trail_2x,Financials,2,0.0,-0.6634,-1.3268
po3_bullish,atr_trail_2x,Health Care,3,0.0,-3.4919333333333333,-10.4758
po3_bullish,atr_trail_2x,Industrials,6,0.3333333333333333,-1.5876166666666665,-9.525699999999999
po3_bullish,atr_trail_2x,International,1,0.0,-1.1677,-1.1677
po3_bullish,atr_trail_2x,Materials,4,0.5,1.386425,5.5457
po3_bullish,atr_trail_2x,Utilities,4,0.25,-1.4349500000000002,-5.739800000000001
po3_bullish,atr_trail_mae_conditional,Communication Services,2,0.0,-1.6336499999999998,-3.2672999999999996
po3_bullish,atr_trail_mae_conditional,Consumer Discretionary,2,0.5,-0.84205,-1.6841
po3_bullish,atr_trail_mae_conditional,Financials,2,0.5,0.06434999999999991,0.12869999999999981
po3_bullish,atr_trail_mae_conditional,Health Care,3,0.0,-2.5607,-7.6821
po3_bullish,atr_trail_mae_conditional,Industrials,6,0.0,-1.4039000000000001,-8.4234
po3_bullish,atr_trail_mae_conditional,International,1,0.0,-1.123,-1.123
po3_bullish,atr_trail_mae_conditional,Materials,4,0.0,-0.1875,-0.75
po3_bullish,atr_trail_mae_conditional,Utilities,4,0.25,-0.931125,-3.7245
po3_bullish,atr_trail_vix_conditional,Communication Services,2,0.0,-1.2422499999999999,-2.4844999999999997
po3_bullish,atr_trail_vix_conditional,Consumer Discretionary,2,0.5,-0.5298499999999999,-1.0596999999999999
po3_bullish,atr_trail_vix_conditional,Financials,2,0.0,-0.6032000000000001,-1.2064000000000001
po3_bullish,atr_trail_vix_conditional,Health Care,3,0.0,-2.884866666666667,-8.6546
po3_bullish,atr_trail_vix_conditional,Industrials,6,0.3333333333333333,0.4389666666666667,2.6338000000000004
po3_bullish,atr_trail_vix_conditional,International,1,0.0,-0.3197,-0.3197
po3_bullish,atr_trail_vix_conditional,Materials,4,0.25,1.854775,7.4191
po3_bullish,atr_trail_vix_conditional,Utilities,4,0.25,-1.429175,-5.7167
po3_bullish,break_even_at_1r,Communication Services,2,0.0,-1.24735,-2.4947
po3_bullish,break_even_at_1r,Consumer Discretionary,2,0.5,1.14105,2.2821
po3_bullish,break_even_at_1r,Financials,2,0.0,-0.0649,-0.1298
po3_bullish,break_even_at_1r,Health Care,3,0.0,-2.4293666666666667,-7.2881
po3_bullish,break_even_at_1r,Industrials,6,0.0,-1.3505,-8.103
po3_bullish,break_even_at_1r,International,1,0.0,-1.123,-1.123
po3_bullish,break_even_at_1r,Materials,4,0.0,-0.149175,-0.5967
po3_bullish,break_even_at_1r,Utilities,4,0.0,-1.07015,-4.2806
po3_bullish,breakeven_plus_trail,Communication Services,2,0.0,-2.2826,-4.5652
po3_bullish,breakeven_plus_trail,Consumer Discretionary,2,0.5,2.3899,4.7798
po3_bullish,breakeven_plus_trail,Financials,2,0.0,0.0,0.0
po3_bullish,breakeven_plus_trail,Health Care,3,0.0,-2.801766666666667,-8.4053
po3_bullish,breakeven_plus_trail,Industrials,6,0.0,-2.5997166666666667,-15.5983
po3_bullish,breakeven_plus_trail,International,1,0.0,-2.1651,-2.1651
po3_bullish,breakeven_plus_trail,Materials,4,0.0,-0.698325,-2.7933
po3_bullish,breakeven_plus_trail,Utilities,4,0.0,-2.970375,-11.8815
po3_bullish,chandelier_3x,Communication Services,2,0.0,-3.2201,-6.4402
po3_bullish,chandelier_3x,Consumer Discretionary,2,0.0,-1.1734499999999999,-2.3468999999999998
po3_bullish,chandelier_3x,Financials,2,0.0,-1.1161,-2.2322
po3_bullish,chandelier_3x,Health Care,3,0.0,-4.508766666666666,-13.526299999999999
po3_bullish,chandelier_3x,Industrials,6,0.16666666666666666,-2.5686,-15.4116
po3_bullish,chandelier_3x,International,1,0.0,-1.5565,-1.5565
po3_bullish,chandelier_3x,Materials,4,0.5,0.75445,3.0178
po3_bullish,chandelier_3x,Utilities,4,0.25,-2.51005,-10.0402
po3_bullish,class_time_stop,Communication Services,2,0.5,-3.1168999999999993,-6.233799999999999
po3_bullish,class_time_stop,Consumer Discretionary,2,0.5,3.6473499999999994,7.294699999999999
po3_bullish,class_time_stop,Financials,2,0.5,-6.52505,-13.0501
po3_bullish,class_time_stop,Health Care,3,0.3333333333333333,-2.1898999999999997,-6.569699999999999
po3_bullish,class_time_stop,Industrials,6,0.3333333333333333,-0.16385000000000005,-0.9831000000000003
po3_bullish,class_time_stop,International,1,0.0,-0.2399,-0.2399
po3_bullish,class_time_stop,Materials,4,0.75,-0.7263249999999997,-2.9052999999999987
po3_bullish,class_time_stop,Utilities,4,0.25,-4.52915,-18.1166
po3_bullish,earnings_blackout,Communication Services,2,1.0,70.9202,141.8404
po3_bullish,earnings_blackout,Consumer Discretionary,2,1.0,57.031949999999995,114.06389999999999
po3_bullish,earnings_blackout,Financials,2,0.5,14.83145,29.6629
po3_bullish,earnings_blackout,Health Care,3,0.3333333333333333,-7.723533333333335,-23.170600000000004
po3_bullish,earnings_blackout,Industrials,6,1.0,53.1013,318.6078
po3_bullish,earnings_blackout,International,1,1.0,14.1473,14.1473
po3_bullish,earnings_blackout,Materials,4,1.0,38.13835,152.5534
po3_bullish,earnings_blackout,Utilities,4,0.25,-10.581975,-42.3279
po3_bullish,fixed_4r_2r,Communication Services,2,0.5,0.9998,1.9996
po3_bullish,fixed_4r_2r,Consumer Discretionary,2,1.0,9.1096,18.2192
po3_bullish,fixed_4r_2r,Financials,2,0.0,-5.9567,-11.9134
po3_bullish,fixed_4r_2r,Health Care,3,0.3333333333333333,0.9794666666666668,2.9384000000000006
po3_bullish,fixed_4r_2r,Industrials,6,0.3333333333333333,1.3826833333333335,8.296100000000001
po3_bullish,fixed_4r_2r,International,1,0.0,-2.1651,-2.1651
po3_bullish,fixed_4r_2r,Materials,4,0.25,-0.79895,-3.1958
po3_bullish,fixed_4r_2r,Utilities,4,0.25,-1.3511250000000001,-5.4045000000000005
po3_bullish,hybrid_50pct_target,Communication Services,2,0.5,10.07005,20.1401
po3_bullish,hybrid_50pct_target,Consumer Discretionary,2,1.0,6.71705,13.4341
po3_bullish,hybrid_50pct_target,Financials,2,0.0,-10.0,-20.0
po3_bullish,hybrid_50pct_target,Health Care,3,0.6666666666666666,-0.29263333333333347,-0.8779000000000003
po3_bullish,hybrid_50pct_target,Industrials,6,0.5,-1.64145,-9.848700000000001
po3_bullish,hybrid_50pct_target,International,1,1.0,4.6899,4.6899
po3_bullish,hybrid_50pct_target,Materials,4,0.75,-0.26855000000000007,-1.0742000000000003
po3_bullish,hybrid_50pct_target,Utilities,4,0.25,-6.9155750000000005,-27.662300000000002
po3_bullish,ma_exit_ema9,Communication Services,2,0.0,-0.81565,-1.6313
po3_bullish,ma_exit_ema9,Consumer Discretionary,2,0.5,-0.05874999999999997,-0.11749999999999994
po3_bullish,ma_exit_ema9,Financials,2,0.0,-0.68075,-1.3615
po3_bullish,ma_exit_ema9,Health Care,3,0.3333333333333333,-2.871833333333333,-8.615499999999999
po3_bullish,ma_exit_ema9,Industrials,6,0.3333333333333333,-1.0102333333333333,-6.0614
po3_bullish,ma_exit_ema9,International,1,0.0,-0.2511,-0.2511
po3_bullish,ma_exit_ema9,Materials,4,0.75,2.027125,8.1085
po3_bullish,ma_exit_ema9,Utilities,4,0.25,-0.46610000000000007,-1.8644000000000003
po3_bullish,mfe_lockin_trail,Communication Services,2,0.0,-1.6336499999999998,-3.2672999999999996
po3_bullish,mfe_lockin_trail,Consumer Discretionary,2,0.5,-0.84205,-1.6841
po3_bullish,mfe_lockin_trail,Financials,2,0.5,0.06434999999999991,0.12869999999999981
po3_bullish,mfe_lockin_trail,Health Care,3,0.0,-2.5607,-7.6821
po3_bullish,mfe_lockin_trail,Industrials,6,0.0,-1.4039000000000001,-8.4234
po3_bullish,mfe_lockin_trail,International,1,0.0,-1.123,-1.123
po3_bullish,mfe_lockin_trail,Materials,4,0.0,-0.1875,-0.75
po3_bullish,mfe_lockin_trail,Utilities,4,0.25,-0.931125,-3.7245
po3_bullish,multi_tier_partial,Communication Services,2,0.0,-1.6336499999999998,-3.2672999999999996
po3_bullish,multi_tier_partial,Consumer Discretionary,2,0.5,-0.0847,-0.1694
po3_bullish,multi_tier_partial,Financials,2,0.5,0.20014999999999994,0.4002999999999999
po3_bullish,multi_tier_partial,Health Care,3,0.0,-2.5607,-7.6821
po3_bullish,multi_tier_partial,Industrials,6,0.16666666666666666,-1.2655333333333332,-7.5931999999999995
po3_bullish,multi_tier_partial,International,1,0.0,-1.123,-1.123
po3_bullish,multi_tier_partial,Materials,4,1.0,0.512825,2.0513
po3_bullish,multi_tier_partial,Utilities,4,0.25,-0.7590749999999999,-3.0362999999999998
po3_bullish,next_pivot_target,Communication Services,2,0.5,-4.8548,-9.7096
po3_bullish,next_pivot_target,Consumer Discretionary,2,1.0,1.38975,2.7795
po3_bullish,next_pivot_target,Financials,2,0.5,-1.69015,-3.3803
po3_bullish,next_pivot_target,Health Care,3,1.0,0.42486666666666667,1.2746
po3_bullish,next_pivot_target,Industrials,6,0.8333333333333334,1.4186500000000002,8.5119
po3_bullish,next_pivot_target,International,1,0.0,-2.1651,-2.1651
po3_bullish,next_pivot_target,Materials,4,1.0,3.08095,12.3238
po3_bullish,next_pivot_target,Utilities,4,0.75,-0.91785,-3.6714
po3_bullish,r_multiple_2r,Communication Services,2,0.5,0.39385000000000003,0.7877000000000001
po3_bullish,r_multiple_2r,Consumer Discretionary,2,0.5,0.8082500000000001,1.6165000000000003
po3_bullish,r_multiple_2r,Financials,2,0.0,-2.3571999999999997,-4.7143999999999995
po3_bullish,r_multiple_2r,Health Care,3,0.0,-3.4471666666666665,-10.3415
po3_bullish,r_multiple_2r,Industrials,6,0.3333333333333333,0.6728000000000001,4.0368
po3_bullish,r_multiple_2r,International,1,0.0,-1.123,-1.123
po3_bullish,r_multiple_2r,Materials,4,0.75,2.626075,10.5043
po3_bullish,r_multiple_2r,Utilities,4,0.25,-0.7059500000000001,-2.8238000000000003
po3_bullish,r_multiple_3r,Communication Services,2,0.0,-2.0679499999999997,-4.1358999999999995
po3_bullish,r_multiple_3r,Consumer Discretionary,2,0.5,1.8367999999999998,3.6735999999999995
po3_bullish,r_multiple_3r,Financials,2,0.0,-2.3571999999999997,-4.7143999999999995
po3_bullish,r_multiple_3r,Health Care,3,0.0,-3.4471666666666665,-10.3415
po3_bullish,r_multiple_3r,Industrials,6,0.3333333333333333,1.7890666666666668,10.7344
po3_bullish,r_multiple_3r,International,1,0.0,-1.123,-1.123
po3_bullish,r_multiple_3r,Materials,4,0.5,1.7165499999999998,6.866199999999999
po3_bullish,r_multiple_3r,Utilities,4,0.25,0.13405,0.5362
po3_bullish,regime_flip,Communication Services,2,0.5,-4.15065,-8.3013
po3_bullish,regime_flip,Consumer Discretionary,2,0.5,2.86805,5.7361
po3_bullish,regime_flip,Financials,2,0.5,-5.579400000000001,-11.158800000000001
po3_bullish,regime_flip,Health Care,3,0.0,-3.2187,-9.6561
po3_bullish,regime_flip,Industrials,6,0.3333333333333333,-1.3774,-8.2644
po3_bullish,regime_flip,International,1,0.0,-1.5814,-1.5814
po3_bullish,regime_flip,Materials,4,0.75,-1.2223499999999998,-4.889399999999999
po3_bullish,regime_flip,Utilities,4,0.25,-5.75545,-23.0218
po3_bullish,reverse_signal,Communication Services,2,0.0,-1.6336499999999998,-3.2672999999999996
po3_bullish,reverse_signal,Consumer Discretionary,2,0.5,-0.84205,-1.6841
po3_bullish,reverse_signal,Financials,2,0.5,0.06434999999999991,0.12869999999999981
po3_bullish,reverse_signal,Health Care,3,0.0,-2.5607,-7.6821
po3_bullish,reverse_signal,Industrials,6,0.0,-1.4039000000000001,-8.4234
po3_bullish,reverse_signal,International,1,0.0,-1.123,-1.123
po3_bullish,reverse_signal,Materials,4,0.0,-0.1875,-0.75
po3_bullish,reverse_signal,Utilities,4,0.25,-0.931125,-3.7245
po3_bullish,smc_mitigation_zone,Communication Services,2,0.0,-1.6336499999999998,-3.2672999999999996
po3_bullish,smc_mitigation_zone,Consumer Discretionary,2,0.5,-0.60875,-1.2175
po3_bullish,smc_mitigation_zone,Financials,2,0.5,0.10974999999999996,0.21949999999999992
po3_bullish,smc_mitigation_zone,Health Care,3,0.0,-2.5607,-7.6821
po3_bullish,smc_mitigation_zone,Industrials,6,0.16666666666666666,-1.0648666666666666,-6.3892
po3_bullish,smc_mitigation_zone,International,1,0.0,-0.1505,-0.1505
po3_bullish,smc_mitigation_zone,Materials,4,0.0,-0.1875,-0.75
po3_bullish,smc_mitigation_zone,Utilities,4,0.25,-0.931125,-3.7245
po3_bullish,time_stop_10d,Communication Services,2,0.0,-3.13235,-6.2647
po3_bullish,time_stop_10d,Consumer Discretionary,2,0.5,6.8875,13.775
po3_bullish,time_stop_10d,Financials,2,1.0,2.201,4.402
po3_bullish,time_stop_10d,Health Care,3,0.3333333333333333,-2.8611000000000004,-8.583300000000001
po3_bullish,time_stop_10d,Industrials,6,0.3333333333333333,-1.5118333333333334,-9.071
po3_bullish,time_stop_10d,International,1,1.0,0.3079,0.3079
po3_bullish,time_stop_10d,Materials,4,0.75,1.0617999999999999,4.247199999999999
po3_bullish,time_stop_10d,Utilities,4,0.25,-1.9046500000000004,-7.618600000000002
po3_bullish,time_stop_20d,Communication Services,2,0.5,-4.15065,-8.3013
po3_bullish,time_stop_20d,Consumer Discretionary,2,0.5,2.86805,5.7361
po3_bullish,time_stop_20d,Financials,2,0.5,-5.579400000000001,-11.158800000000001
po3_bullish,time_stop_20d,Health Care,3,0.0,-3.2187,-9.6561
po3_bullish,time_stop_20d,Industrials,6,0.3333333333333333,-1.3774,-8.2644
po3_bullish,time_stop_20d,International,1,0.0,-1.5814,-1.5814
po3_bullish,time_stop_20d,Materials,4,0.75,-1.2223499999999998,-4.889399999999999
po3_bullish,time_stop_20d,Utilities,4,0.25,-5.75545,-23.0218
po3_bullish,trailing_10pct,Communication Services,2,0.5,22.6104,45.2208
po3_bullish,trailing_10pct,Consumer Discretionary,2,1.0,6.60185,13.2037
po3_bullish,trailing_10pct,Financials,2,0.0,-6.4634,-12.9268
po3_bullish,trailing_10pct,Health Care,3,0.3333333333333333,3.1974,9.5922
po3_bullish,trailing_10pct,Industrials,6,0.5,1.2729499999999996,7.637699999999997
po3_bullish,trailing_10pct,International,1,1.0,6.132,6.132
po3_bullish,trailing_10pct,Materials,4,0.0,-6.6893,-26.7572
po3_bullish,trailing_10pct,Utilities,4,0.0,-7.271199999999999,-29.084799999999998
po3_bullish,trailing_15pct,Communication Services,2,0.5,15.862850000000002,31.725700000000003
po3_bullish,trailing_15pct,Consumer Discretionary,2,0.5,0.6387,1.2774
po3_bullish,trailing_15pct,Financials,2,0.0,-11.6599,-23.3198
po3_bullish,trailing_15pct,Health Care,3,0.3333333333333333,1.2758333333333334,3.8275
po3_bullish,trailing_15pct,Industrials,6,0.3333333333333333,0.2972666666666666,1.7835999999999999
po3_bullish,trailing_15pct,International,1,1.0,14.1473,14.1473
po3_bullish,trailing_15pct,Materials,4,0.0,-9.48525,-37.941
po3_bullish,trailing_15pct,Utilities,4,0.0,-12.242825,-48.9713
po3_bullish,trailing_5pct,Communication Services,2,0.0,-3.6938,-7.3876
po3_bullish,trailing_5pct,Consumer Discretionary,2,0.5,3.28165,6.5633
po3_bullish,trailing_5pct,Financials,2,0.0,-1.5739999999999998,-3.1479999999999997
po3_bullish,trailing_5pct,Health Care,3,0.0,-3.7709333333333332,-11.3128
po3_bullish,trailing_5pct,Industrials,6,0.3333333333333333,-2.2324,-13.394400000000001
po3_bullish,trailing_5pct,International,1,0.0,-4.1525,-4.1525
po3_bullish,trailing_5pct,Materials,4,0.5,0.10182499999999983,0.40729999999999933
po3_bullish,trailing_5pct,Utilities,4,0.25,-2.1196,-8.4784
smc_inverse_fvg,atr_trail_1x,Commodities,3,0.3333333333333333,-0.4515333333333332,-1.3545999999999996
smc_inverse_fvg,atr_trail_1x,Communication Services,8,0.25,-1.5705,-12.564
smc_inverse_fvg,atr_trail_1x,Consumer Discretionary,11,0.2727272727272727,-1.5365363636363638,-16.9019
smc_inverse_fvg,atr_trail_1x,Consumer Staples,7,0.14285714285714285,-1.8095857142857146,-12.667100000000001
smc_inverse_fvg,atr_trail_1x,Energy,9,0.1111111111111111,-2.200188888888889,-19.8017
smc_inverse_fvg,atr_trail_1x,Financials,4,0.0,-1.6111499999999999,-6.444599999999999
smc_inverse_fvg,atr_trail_1x,Health Care,7,0.2857142857142857,-1.373257142857143,-9.6128
smc_inverse_fvg,atr_trail_1x,Industrials,14,0.07142857142857142,-1.6410500000000001,-22.974700000000002
smc_inverse_fvg,atr_trail_1x,Information Technology,8,0.125,-3.791325,-30.3306
smc_inverse_fvg,atr_trail_1x,Materials,4,0.0,-2.24985,-8.9994
smc_inverse_fvg,atr_trail_1x,Real Estate,6,0.0,-3.4488833333333333,-20.6933
smc_inverse_fvg,atr_trail_1x,Utilities,3,0.0,-1.8001666666666667,-5.4005
smc_inverse_fvg,atr_trail_2x,Commodities,3,0.3333333333333333,-0.7646000000000001,-2.2938
smc_inverse_fvg,atr_trail_2x,Communication Services,8,0.125,-3.7565,-30.052
smc_inverse_fvg,atr_trail_2x,Consumer Discretionary,11,0.2727272727272727,-3.300581818181818,-36.3064
smc_inverse_fvg,atr_trail_2x,Consumer Staples,7,0.2857142857142857,-2.0869,-14.6083
smc_inverse_fvg,atr_trail_2x,Energy,9,0.3333333333333333,-0.7718333333333334,-6.9465
smc_inverse_fvg,atr_trail_2x,Financials,4,0.0,-3.2963750000000003,-13.185500000000001
smc_inverse_fvg,atr_trail_2x,Health Care,7,0.2857142857142857,-1.6810142857142856,-11.7671
smc_inverse_fvg,atr_trail_2x,Industrials,14,0.2857142857142857,-1.3342500000000002,-18.6795
smc_inverse_fvg,atr_trail_2x,Information Technology,8,0.25,-5.736975,-45.8958
smc_inverse_fvg,atr_trail_2x,Materials,4,0.0,-5.283925,-21.1357
smc_inverse_fvg,atr_trail_2x,Real Estate,6,0.16666666666666666,-4.354883333333333,-26.1293
smc_inverse_fvg,atr_trail_2x,Utilities,3,0.3333333333333333,-2.9262333333333337,-8.7787
smc_inverse_fvg,atr_trail_mae_conditional,Commodities,3,0.3333333333333333,-0.4515333333333332,-1.3545999999999996
smc_inverse_fvg,atr_trail_mae_conditional,Communication Services,8,0.25,-1.5705,-12.564
smc_inverse_fvg,atr_trail_mae_conditional,Consumer Discretionary,11,0.2727272727272727,-1.5365363636363638,-16.9019
smc_inverse_fvg,atr_trail_mae_conditional,Consumer Staples,7,0.14285714285714285,-1.8095857142857146,-12.667100000000001
smc_inverse_fvg,atr_trail_mae_conditional,Energy,9,0.1111111111111111,-2.200188888888889,-19.8017
smc_inverse_fvg,atr_trail_mae_conditional,Financials,4,0.0,-1.6111499999999999,-6.444599999999999
smc_inverse_fvg,atr_trail_mae_conditional,Health Care,7,0.2857142857142857,-1.373257142857143,-9.6128
smc_inverse_fvg,atr_trail_mae_conditional,Industrials,14,0.07142857142857142,-1.6410500000000001,-22.974700000000002
smc_inverse_fvg,atr_trail_mae_conditional,Information Technology,8,0.125,-3.791325,-30.3306
smc_inverse_fvg,atr_trail_mae_conditional,Materials,4,0.0,-2.24985,-8.9994
smc_inverse_fvg,atr_trail_mae_conditional,Real Estate,6,0.0,-3.4488833333333333,-20.6933
smc_inverse_fvg,atr_trail_mae_conditional,Utilities,3,0.0,-1.8001666666666667,-5.4005
smc_inverse_fvg,atr_trail_vix_conditional,Commodities,3,0.3333333333333333,-0.49833333333333335,-1.495
smc_inverse_fvg,atr_trail_vix_conditional,Communication Services,8,0.125,-1.9846875,-15.8775
smc_inverse_fvg,atr_trail_vix_conditional,Consumer Discretionary,11,0.18181818181818182,-2.0809272727272727,-22.8902
smc_inverse_fvg,atr_trail_vix_conditional,Consumer Staples,7,0.14285714285714285,-3.0613428571428574,-21.4294
smc_inverse_fvg,atr_trail_vix_conditional,Energy,9,0.2222222222222222,-1.086788888888889,-9.7811
smc_inverse_fvg,atr_trail_vix_conditional,Financials,4,0.0,-1.194925,-4.7797
smc_inverse_fvg,atr_trail_vix_conditional,Health Care,7,0.2857142857142857,0.2834428571428571,1.9840999999999998
smc_inverse_fvg,atr_trail_vix_conditional,Industrials,14,0.07142857142857142,-2.397221428571428,-33.561099999999996
smc_inverse_fvg,atr_trail_vix_conditional,Information Technology,8,0.0,-4.4677,-35.7416
smc_inverse_fvg,atr_trail_vix_conditional,Materials,4,0.0,-1.9332250000000002,-7.732900000000001
smc_inverse_fvg,atr_trail_vix_conditional,Real Estate,6,0.0,-4.455416666666666,-26.732499999999998
smc_inverse_fvg,atr_trail_vix_conditional,Utilities,3,0.0,-2.3934,-7.1802
smc_inverse_fvg,break_even_at_1r,Commodities,3,0.0,-1.3882666666666665,-4.1648
smc_inverse_fvg,break_even_at_1r,Communication Services,8,0.125,-1.6033125,-12.8265
smc_inverse_fvg,break_even_at_1r,Consumer Discretionary,11,0.18181818181818182,-1.2382181818181819,-13.620400000000002
smc_inverse_fvg,break_even_at_1r,Consumer Staples,7,0.0,-1.8913571428571427,-13.2395
smc_inverse_fvg,break_even_at_1r,Energy,9,0.0,-2.3263,-20.9367
smc_inverse_fvg,break_even_at_1r,Financials,4,0.0,-2.22205,-8.8882
smc_inverse_fvg,break_even_at_1r,Health Care,7,0.14285714285714285,-1.0239,-7.167300000000001
smc_inverse_fvg,break_even_at_1r,Industrials,14,0.0,-2.6196857142857146,-36.6756
smc_inverse_fvg,break_even_at_1r,Information Technology,8,0.0,-4.1472,-33.1776
smc_inverse_fvg,break_even_at_1r,Materials,4,0.0,-2.3779,-9.5116
smc_inverse_fvg,break_even_at_1r,Real Estate,6,0.0,-3.4488833333333333,-20.6933
smc_inverse_fvg,break_even_at_1r,Utilities,3,0.0,-1.8492,-5.5476
smc_inverse_fvg,breakeven_plus_trail,Commodities,3,0.0,-0.9086666666666666,-2.726
smc_inverse_fvg,breakeven_plus_trail,Communication Services,8,0.25,-1.0105125000000001,-8.084100000000001
smc_inverse_fvg,breakeven_plus_trail,Consumer Discretionary,11,0.5454545454545454,1.4139545454545455,15.5535
smc_inverse_fvg,breakeven_plus_trail,Consumer Staples,7,0.2857142857142857,0.31784285714285737,2.2249000000000017
smc_inverse_fvg,breakeven_plus_trail,Energy,9,0.3333333333333333,-1.7132777777777775,-15.419499999999998
smc_inverse_fvg,breakeven_plus_trail,Financials,4,0.0,-3.31995,-13.2798
smc_inverse_fvg,breakeven_plus_trail,Health Care,7,0.2857142857142857,-1.0899857142857143,-7.629900000000001
smc_inverse_fvg,breakeven_plus_trail,Industrials,14,0.42857142857142855,-0.02170714285714302,-0.3039000000000023
smc_inverse_fvg,breakeven_plus_trail,Information Technology,8,0.125,-7.3172375,-58.5379
smc_inverse_fvg,breakeven_plus_trail,Materials,4,0.0,-6.834475,-27.3379
smc_inverse_fvg,breakeven_plus_trail,Real Estate,6,0.0,-4.902283333333334,-29.413700000000002
smc_inverse_fvg,breakeven_plus_trail,Utilities,3,0.0,-1.8150666666666666,-5.4452
smc_inverse_fvg,chandelier_3x,Commodities,3,0.3333333333333333,-1.2331333333333334,-3.6994000000000002
smc_inverse_fvg,chandelier_3x,Communication Services,8,0.25,-4.712337499999999,-37.698699999999995
smc_inverse_fvg,chandelier_3x,Consumer Discretionary,11,0.36363636363636365,-2.015536363636364,-22.170900000000003
smc_inverse_fvg,chandelier_3x,Consumer Staples,7,0.2857142857142857,-1.4733571428571426,-10.313499999999998
smc_inverse_fvg,chandelier_3x,Energy,9,0.3333333333333333,-1.804144444444444,-16.237299999999998
smc_inverse_fvg,chandelier_3x,Financials,4,0.25,-4.502425000000001,-18.009700000000002
smc_inverse_fvg,chandelier_3x,Health Care,7,0.42857142857142855,-0.1886142857142859,-1.3203000000000014
smc_inverse_fvg,chandelier_3x,Industrials,14,0.35714285714285715,-1.7784928571428569,-24.898899999999998
smc_inverse_fvg,chandelier_3x,Information Technology,8,0.25,-6.801175000000001,-54.409400000000005
smc_inverse_fvg,chandelier_3x,Materials,4,0.0,-6.0721,-24.2884
smc_inverse_fvg,chandelier_3x,Real Estate,6,0.0,-4.8442,-29.065199999999997
smc_inverse_fvg,chandelier_3x,Utilities,3,0.3333333333333333,-1.9724666666666666,-5.9174
smc_inverse_fvg,class_time_stop,Commodities,3,0.3333333333333333,-1.3635000000000002,-4.0905000000000005
smc_inverse_fvg,class_time_stop,Communication Services,8,0.5,-1.0562249999999997,-8.449799999999998
smc_inverse_fvg,class_time_stop,Consumer Discretionary,11,0.7272727272727273,4.21840909090909,46.402499999999996
smc_inverse_fvg,class_time_stop,Consumer Staples,7,0.2857142857142857,-3.052342857142857,-21.3664
smc_inverse_fvg,class_time_stop,Energy,9,0.4444444444444444,-4.008655555555555,-36.0779
smc_inverse_fvg,class_time_stop,Financials,4,0.25,-6.51145,-26.0458
smc_inverse_fvg,class_time_stop,Health Care,7,0.7142857142857143,5.144557142857143,36.0119
smc_inverse_fvg,class_time_stop,Industrials,14,0.6428571428571429,-1.44875,-20.2825
smc_inverse_fvg,class_time_stop,Information Technology,8,0.25,-8.4456375,-67.5651
smc_inverse_fvg,class_time_stop,Materials,4,0.0,-12.4467,-49.7868
smc_inverse_fvg,class_time_stop,Real Estate,6,0.3333333333333333,-4.0508,-24.3048
smc_inverse_fvg,class_time_stop,Utilities,3,0.6666666666666666,2.9665666666666666,8.8997
smc_inverse_fvg,earnings_blackout,Commodities,3,0.6666666666666666,-10.598366666666662,-31.795099999999984
smc_inverse_fvg,earnings_blackout,Communication Services,8,0.25,-46.079075,-368.6326
smc_inverse_fvg,earnings_blackout,Consumer Discretionary,11,0.36363636363636365,-24.67889090909091,-271.4678
smc_inverse_fvg,earnings_blackout,Consumer Staples,7,0.5714285714285714,2.9141428571428576,20.399000000000004
smc_inverse_fvg,earnings_blackout,Energy,9,0.3333333333333333,-19.856466666666662,-178.70819999999998
smc_inverse_fvg,earnings_blackout,Financials,4,0.75,12.620149999999999,50.480599999999995
smc_inverse_fvg,earnings_blackout,Health Care,7,0.5714285714285714,-2.3327142857142857,-16.329
smc_inverse_fvg,earnings_blackout,Industrials,14,0.7142857142857143,70.23442857142857,983.2819999999999
smc_inverse_fvg,earnings_blackout,Information Technology,8,0.5,-22.243924999999997,-177.95139999999998
smc_inverse_fvg,earnings_blackout,Materials,4,0.0,-37.368875,-149.4755
smc_inverse_fvg,earnings_blackout,Real Estate,6,0.8333333333333334,10.368699999999999,62.212199999999996
smc_inverse_fvg,earnings_blackout,Utilities,3,0.3333333333333333,-12.643633333333334,-37.9309
smc_inverse_fvg,fixed_4r_2r,Commodities,3,0.3333333333333333,-1.4564000000000001,-4.3692
smc_inverse_fvg,fixed_4r_2r,Communication Services,8,0.125,-3.1956374999999997,-25.565099999999997
smc_inverse_fvg,fixed_4r_2r,Consumer Discretionary,11,0.36363636363636365,2.4934999999999996,27.428499999999996
smc_inverse_fvg,fixed_4r_2r,Consumer Staples,7,0.2857142857142857,-1.3812714285714285,-9.668899999999999
smc_inverse_fvg,fixed_4r_2r,Energy,9,0.1111111111111111,-4.272455555555556,-38.4521
smc_inverse_fvg,fixed_4r_2r,Financials,4,0.25,-2.4585500000000002,-9.834200000000001
smc_inverse_fvg,fixed_4r_2r,Health Care,7,0.14285714285714285,-5.9638,-41.7466
smc_inverse_fvg,fixed_4r_2r,Industrials,14,0.2857142857142857,-0.3633857142857143,-5.087400000000001
smc_inverse_fvg,fixed_4r_2r,Information Technology,8,0.375,-1.1900000000000006,-9.520000000000005
smc_inverse_fvg,fixed_4r_2r,Materials,4,0.0,-6.834475,-27.3379
smc_inverse_fvg,fixed_4r_2r,Real Estate,6,0.0,-7.3784,-44.2704
smc_inverse_fvg,fixed_4r_2r,Utilities,3,0.3333333333333333,-1.4498666666666666,-4.3496
smc_inverse_fvg,hybrid_50pct_target,Commodities,3,1.0,12.725966666666666,38.1779
smc_inverse_fvg,hybrid_50pct_target,Communication Services,8,0.5,-21.316,-170.528
smc_inverse_fvg,hybrid_50pct_target,Consumer Discretionary,11,0.7272727272727273,-9.255836363636364,-101.8142
smc_inverse_fvg,hybrid_50pct_target,Consumer Staples,7,0.8571428571428571,5.918028571428572,41.4262
smc_inverse_fvg,hybrid_50pct_target,Energy,9,0.6666666666666666,-1.6189444444444447,-14.570500000000003
smc_inverse_fvg,hybrid_50pct_target,Financials,4,0.25,-6.6569,-26.6276
smc_inverse_fvg,hybrid_50pct_target,Health Care,7,0.8571428571428571,3.2384285714285714,22.669
smc_inverse_fvg,hybrid_50pct_target,Industrials,14,0.7142857142857143,3.9481714285714284,55.2744
smc_inverse_fvg,hybrid_50pct_target,Information Technology,8,0.5,-27.18915,-217.5132
smc_inverse_fvg,hybrid_50pct_target,Materials,4,0.5,1.3269250000000001,5.3077000000000005
smc_inverse_fvg,hybrid_50pct_target,Real Estate,6,0.8333333333333334,1.464433333333334,8.786600000000004
smc_inverse_fvg,hybrid_50pct_target,Utilities,3,0.6666666666666666,-0.7912666666666667,-2.3738
smc_inverse_fvg,ma_exit_ema9,Commodities,3,0.3333333333333333,-0.02543333333333327,-0.07629999999999981
smc_inverse_fvg,ma_exit_ema9,Communication Services,8,0.0,-4.5152875,-36.1223
smc_inverse_fvg,ma_exit_ema9,Consumer Discretionary,11,0.2727272727272727,-1.7089727272727273,-18.7987
smc_inverse_fvg,ma_exit_ema9,Consumer Staples,7,0.14285714285714285,-3.256942857142857,-22.7986
smc_inverse_fvg,ma_exit_ema9,Energy,9,0.3333333333333333,-0.1959222222222222,-1.7632999999999996
smc_inverse_fvg,ma_exit_ema9,Financials,4,0.0,-1.3993,-5.5972
smc_inverse_fvg,ma_exit_ema9,Health Care,7,0.2857142857142857,-1.177342857142857,-8.241399999999999
smc_inverse_fvg,ma_exit_ema9,Industrials,14,0.07142857142857142,-2.5619214285714285,-35.8669
smc_inverse_fvg,ma_exit_ema9,Information Technology,8,0.125,-5.2728625000000005,-42.182900000000004
smc_inverse_fvg,ma_exit_ema9,Materials,4,0.0,-2.381725,-9.5269
smc_inverse_fvg,ma_exit_ema9,Real Estate,6,0.16666666666666666,-4.462,-26.772
smc_inverse_fvg,ma_exit_ema9,Utilities,3,0.6666666666666666,-0.03426666666666659,-0.10279999999999978
smc_inverse_fvg,mfe_lockin_trail,Commodities,3,0.6666666666666666,1.4839,4.4517
smc_inverse_fvg,mfe_lockin_trail,Communication Services,8,0.25,-1.5705,-12.564
smc_inverse_fvg,mfe_lockin_trail,Consumer Discretionary,11,0.2727272727272727,-1.5365363636363638,-16.9019
smc_inverse_fvg,mfe_lockin_trail,Consumer Staples,7,0.14285714285714285,-1.8095857142857146,-12.667100000000001
smc_inverse_fvg,mfe_lockin_trail,Energy,9,0.1111111111111111,-2.200188888888889,-19.8017
smc_inverse_fvg,mfe_lockin_trail,Financials,4,0.0,-1.6111499999999999,-6.444599999999999
smc_inverse_fvg,mfe_lockin_trail,Health Care,7,0.2857142857142857,-1.2327142857142859,-8.629000000000001
smc_inverse_fvg,mfe_lockin_trail,Industrials,14,0.07142857142857142,-1.8695857142857142,-26.1742
smc_inverse_fvg,mfe_lockin_trail,Information Technology,8,0.125,-3.791325,-30.3306
smc_inverse_fvg,mfe_lockin_trail,Materials,4,0.0,-2.24985,-8.9994
smc_inverse_fvg,mfe_lockin_trail,Real Estate,6,0.0,-3.4488833333333333,-20.6933
smc_inverse_fvg,mfe_lockin_trail,Utilities,3,0.0,-1.8001666666666667,-5.4005
smc_inverse_fvg,multi_tier_partial,Commodities,3,0.6666666666666666,1.2910333333333333,3.8731
smc_inverse_fvg,multi_tier_partial,Communication Services,8,0.5,-0.13579999999999987,-1.086399999999999
smc_inverse_fvg,multi_tier_partial,Consumer Discretionary,11,0.36363636363636365,-1.086509090909091,-11.951600000000001
smc_inverse_fvg,multi_tier_partial,Consumer Staples,7,0.2857142857142857,-1.5127714285714287,-10.589400000000001
smc_inverse_fvg,multi_tier_partial,Energy,9,0.2222222222222222,-1.771488888888889,-15.9434
smc_inverse_fvg,multi_tier_partial,Financials,4,0.0,-1.6111499999999999,-6.444599999999999
smc_inverse_fvg,multi_tier_partial,Health Care,7,0.2857142857142857,-0.8371000000000002,-5.859700000000001
smc_inverse_fvg,multi_tier_partial,Industrials,14,0.14285714285714285,-2.171242857142857,-30.3974
smc_inverse_fvg,multi_tier_partial,Information Technology,8,0.125,-3.63435,-29.0748
smc_inverse_fvg,multi_tier_partial,Materials,4,0.25,-1.6178249999999998,-6.471299999999999
smc_inverse_fvg,multi_tier_partial,Real Estate,6,0.16666666666666666,-3.3153,-19.8918
smc_inverse_fvg,multi_tier_partial,Utilities,3,0.3333333333333333,-1.6001333333333332,-4.8004
smc_inverse_fvg,next_pivot_target,Commodities,3,1.0,0.14926666666666666,0.4478
smc_inverse_fvg,next_pivot_target,Communication Services,8,0.625,-1.5238125,-12.1905
smc_inverse_fvg,next_pivot_target,Consumer Discretionary,11,0.8181818181818182,1.3125363636363636,14.437899999999999
smc_inverse_fvg,next_pivot_target,Consumer Staples,7,0.5714285714285714,-3.039971428571429,-21.2798
smc_inverse_fvg,next_pivot_target,Energy,9,0.5555555555555556,-1.0051666666666668,-9.046500000000002
smc_inverse_fvg,next_pivot_target,Financials,4,0.5,-3.1420500000000002,-12.568200000000001
smc_inverse_fvg,next_pivot_target,Health Care,7,0.8571428571428571,0.8149142857142854,5.704399999999998
smc_inverse_fvg,next_pivot_target,Industrials,14,0.7857142857142857,0.4915714285714287,6.882000000000002
smc_inverse_fvg,next_pivot_target,Information Technology,8,0.75,-1.3240374999999998,-10.592299999999998
smc_inverse_fvg,next_pivot_target,Materials,4,0.25,-6.994775000000001,-27.979100000000003
smc_inverse_fvg,next_pivot_target,Real Estate,6,0.3333333333333333,-6.154516666666666,-36.927099999999996
smc_inverse_fvg,next_pivot_target,Utilities,3,0.6666666666666666,-2.845266666666667,-8.5358
smc_inverse_fvg,r_multiple_2r,Commodities,3,0.6666666666666666,3.094666666666667,9.284
smc_inverse_fvg,r_multiple_2r,Communication Services,8,0.125,-1.0762625000000001,-8.610100000000001
smc_inverse_fvg,r_multiple_2r,Consumer Discretionary,11,0.2727272727272727,-0.7555181818181821,-8.310700000000002
smc_inverse_fvg,r_multiple_2r,Consumer Staples,7,0.0,-4.092214285714285,-28.6455
smc_inverse_fvg,r_multiple_2r,Energy,9,0.1111111111111111,-1.5669,-14.1021
smc_inverse_fvg,r_multiple_2r,Financials,4,0.0,-2.22205,-8.8882
smc_inverse_fvg,r_multiple_2r,Health Care,7,0.2857142857142857,0.650542857142857,4.553799999999999
smc_inverse_fvg,r_multiple_2r,Industrials,14,0.14285714285714285,-1.8830285714285715,-26.3624
smc_inverse_fvg,r_multiple_2r,Information Technology,8,0.125,-4.1505875,-33.2047
smc_inverse_fvg,r_multiple_2r,Materials,4,0.0,-3.41725,-13.669
smc_inverse_fvg,r_multiple_2r,Real Estate,6,0.16666666666666666,-2.6611,-15.9666
smc_inverse_fvg,r_multiple_2r,Utilities,3,0.3333333333333333,-0.7248999999999999,-2.1746999999999996
smc_inverse_fvg,r_multiple_3r,Commodities,3,0.3333333333333333,0.1897000000000002,0.5691000000000006
smc_inverse_fvg,r_multiple_3r,Communication Services,8,0.0,-4.034375,-32.275
smc_inverse_fvg,r_multiple_3r,Consumer Discretionary,11,0.2727272727272727,0.6049545454545452,6.654499999999997
smc_inverse_fvg,r_multiple_3r,Consumer Staples,7,0.0,-4.092214285714285,-28.6455
smc_inverse_fvg,r_multiple_3r,Energy,9,0.0,-3.6849555555555558,-33.1646
smc_inverse_fvg,r_multiple_3r,Financials,4,0.0,-2.22205,-8.8882
smc_inverse_fvg,r_multiple_3r,Health Care,7,0.2857142857142857,2.1484714285714284,15.039299999999997
smc_inverse_fvg,r_multiple_3r,Industrials,14,0.14285714285714285,-1.4160428571428572,-19.8246
smc_inverse_fvg,r_multiple_3r,Information Technology,8,0.125,-3.6411249999999997,-29.128999999999998
smc_inverse_fvg,r_multiple_3r,Materials,4,0.0,-3.41725,-13.669
smc_inverse_fvg,r_multiple_3r,Real Estate,6,0.0,-3.8222,-22.9332
smc_inverse_fvg,r_multiple_3r,Utilities,3,0.3333333333333333,-0.20070000000000002,-0.6021000000000001
smc_inverse_fvg,regime_flip,Commodities,3,0.3333333333333333,-1.696266666666667,-5.088800000000001
smc_inverse_fvg,regime_flip,Communication Services,8,0.375,-3.2821375,-26.2571
smc_inverse_fvg,regime_flip,Consumer Discretionary,11,0.5454545454545454,1.2885454545454544,14.174
smc_inverse_fvg,regime_flip,Consumer Staples,7,0.2857142857142857,-3.4682142857142857,-24.2775
smc_inverse_fvg,regime_flip,Energy,9,0.5555555555555556,-2.474855555555555,-22.273699999999998
smc_inverse_fvg,regime_flip,Financials,4,0.0,-4.349925,-17.3997
smc_inverse_fvg,regime_flip,Health Care,7,0.5714285714285714,1.1163857142857143,7.8147
smc_inverse_fvg,regime_flip,Industrials,14,0.2857142857142857,-2.9923999999999995,-41.89359999999999
smc_inverse_fvg,regime_flip,Information Technology,8,0.25,-11.769412500000001,-94.15530000000001
smc_inverse_fvg,regime_flip,Materials,4,0.0,-13.061925,-52.2477
smc_inverse_fvg,regime_flip,Real Estate,6,0.0,-5.34225,-32.0535
smc_inverse_fvg,regime_flip,Utilities,3,1.0,1.6945000000000003,5.083500000000001
smc_inverse_fvg,reverse_signal,Commodities,3,0.3333333333333333,-0.4515333333333332,-1.3545999999999996
smc_inverse_fvg,reverse_signal,Communication Services,8,0.25,-1.5705,-12.564
smc_inverse_fvg,reverse_signal,Consumer Discretionary,11,0.2727272727272727,-1.5365363636363638,-16.9019
smc_inverse_fvg,reverse_signal,Consumer Staples,7,0.14285714285714285,-1.8095857142857146,-12.667100000000001
smc_inverse_fvg,reverse_signal,Energy,9,0.1111111111111111,-2.200188888888889,-19.8017
smc_inverse_fvg,reverse_signal,Financials,4,0.0,-1.6111499999999999,-6.444599999999999
smc_inverse_fvg,reverse_signal,Health Care,7,0.2857142857142857,-1.373257142857143,-9.6128
smc_inverse_fvg,reverse_signal,Industrials,14,0.07142857142857142,-1.6410500000000001,-22.974700000000002
smc_inverse_fvg,reverse_signal,Information Technology,8,0.125,-3.791325,-30.3306
smc_inverse_fvg,reverse_signal,Materials,4,0.0,-2.24985,-8.9994
smc_inverse_fvg,reverse_signal,Real Estate,6,0.0,-3.4488833333333333,-20.6933
smc_inverse_fvg,reverse_signal,Utilities,3,0.0,-1.8001666666666667,-5.4005
smc_inverse_fvg,smc_mitigation_zone,Commodities,3,0.3333333333333333,-0.4515333333333332,-1.3545999999999996
smc_inverse_fvg,smc_mitigation_zone,Communication Services,8,0.25,-1.2355,-9.884
smc_inverse_fvg,smc_mitigation_zone,Consumer Discretionary,11,0.2727272727272727,-1.5365363636363638,-16.9019
smc_inverse_fvg,smc_mitigation_zone,Consumer Staples,7,0.14285714285714285,-1.8095857142857146,-12.667100000000001
smc_inverse_fvg,smc_mitigation_zone,Energy,9,0.1111111111111111,-2.200188888888889,-19.8017
smc_inverse_fvg,smc_mitigation_zone,Financials,4,0.0,-1.6111499999999999,-6.444599999999999
smc_inverse_fvg,smc_mitigation_zone,Health Care,7,0.2857142857142857,-1.373257142857143,-9.6128
smc_inverse_fvg,smc_mitigation_zone,Industrials,14,0.07142857142857142,-1.6410500000000001,-22.974700000000002
smc_inverse_fvg,smc_mitigation_zone,Information Technology,8,0.125,-3.791325,-30.3306
smc_inverse_fvg,smc_mitigation_zone,Materials,4,0.0,-1.590725,-6.3629
smc_inverse_fvg,smc_mitigation_zone,Real Estate,6,0.0,-3.053266666666667,-18.3196
smc_inverse_fvg,smc_mitigation_zone,Utilities,3,0.0,-1.8001666666666667,-5.4005
smc_inverse_fvg,time_stop_10d,Commodities,3,0.6666666666666666,0.8613333333333335,2.5840000000000005
smc_inverse_fvg,time_stop_10d,Communication Services,8,0.375,-4.2996625,-34.3973
smc_inverse_fvg,time_stop_10d,Consumer Discretionary,11,0.45454545454545453,-0.2593636363636365,-2.8530000000000015
smc_inverse_fvg,time_stop_10d,Consumer Staples,7,0.2857142857142857,-1.2774857142857141,-8.9424
smc_inverse_fvg,time_stop_10d,Energy,9,0.5555555555555556,-0.10093333333333332,-0.9083999999999999
smc_inverse_fvg,time_stop_10d,Financials,4,0.25,-3.7448249999999996,-14.979299999999999
smc_inverse_fvg,time_stop_10d,Health Care,7,0.42857142857142855,-0.8471285714285713,-5.929899999999999
smc_inverse_fvg,time_stop_10d,Industrials,14,0.14285714285714285,-2.0274785714285715,-28.3847
smc_inverse_fvg,time_stop_10d,Information Technology,8,0.5,-1.36315,-10.9052
smc_inverse_fvg,time_stop_10d,Materials,4,0.0,-4.136025,-16.5441
smc_inverse_fvg,time_stop_10d,Real Estate,6,0.3333333333333333,-2.0414166666666667,-12.2485
smc_inverse_fvg,time_stop_10d,Utilities,3,0.6666666666666666,-1.6586,-4.9758000000000004
smc_inverse_fvg,time_stop_20d,Commodities,3,0.3333333333333333,-1.696266666666667,-5.088800000000001
smc_inverse_fvg,time_stop_20d,Communication Services,8,0.375,-3.2821375,-26.2571
smc_inverse_fvg,time_stop_20d,Consumer Discretionary,11,0.5454545454545454,1.2885454545454544,14.174
smc_inverse_fvg,time_stop_20d,Consumer Staples,7,0.2857142857142857,-3.4682142857142857,-24.2775
smc_inverse_fvg,time_stop_20d,Energy,9,0.5555555555555556,-2.474855555555555,-22.273699999999998
smc_inverse_fvg,time_stop_20d,Financials,4,0.0,-4.349925,-17.3997
smc_inverse_fvg,time_stop_20d,Health Care,7,0.5714285714285714,1.1163857142857143,7.8147
smc_inverse_fvg,time_stop_20d,Industrials,14,0.2857142857142857,-2.9923999999999995,-41.89359999999999
smc_inverse_fvg,time_stop_20d,Information Technology,8,0.25,-11.769412500000001,-94.15530000000001
smc_inverse_fvg,time_stop_20d,Materials,4,0.0,-13.061925,-52.2477
smc_inverse_fvg,time_stop_20d,Real Estate,6,0.0,-5.34225,-32.0535
smc_inverse_fvg,time_stop_20d,Utilities,3,1.0,1.6945000000000003,5.083500000000001
smc_inverse_fvg,trailing_10pct,Commodities,3,0.6666666666666666,6.023766666666667,18.0713
smc_inverse_fvg,trailing_10pct,Communication Services,8,0.125,-6.10355,-48.8284
smc_inverse_fvg,trailing_10pct,Consumer Discretionary,11,0.2727272727272727,-4.455718181818182,-49.0129
smc_inverse_fvg,trailing_10pct,Consumer Staples,7,0.42857142857142855,-2.8887,-20.2209
smc_inverse_fvg,trailing_10pct,Energy,9,0.4444444444444444,-2.438677777777778,-21.9481
smc_inverse_fvg,trailing_10pct,Financials,4,0.0,-7.49525,-29.981
smc_inverse_fvg,trailing_10pct,Health Care,7,0.7142857142857143,3.045214285714286,21.3165
smc_inverse_fvg,trailing_10pct,Industrials,14,0.5,0.5524999999999997,7.734999999999996
smc_inverse_fvg,trailing_10pct,Information Technology,8,0.25,-3.989825,-31.9186
smc_inverse_fvg,trailing_10pct,Materials,4,0.0,-8.38095,-33.5238
smc_inverse_fvg,trailing_10pct,Real Estate,6,0.0,-6.6484499999999995,-39.890699999999995
smc_inverse_fvg,trailing_10pct,Utilities,3,0.6666666666666666,-0.8971,-2.6913
smc_inverse_fvg,trailing_15pct,Commodities,3,0.6666666666666666,27.4974,82.4922
smc_inverse_fvg,trailing_15pct,Communication Services,8,0.125,-8.7223625,-69.7789
smc_inverse_fvg,trailing_15pct,Consumer Discretionary,11,0.2727272727272727,-6.035754545454546,-66.39330000000001
smc_inverse_fvg,trailing_15pct,Consumer Staples,7,0.42857142857142855,1.5859428571428573,11.101600000000001
smc_inverse_fvg,trailing_15pct,Energy,9,0.2222222222222222,-4.621233333333333,-41.5911
smc_inverse_fvg,trailing_15pct,Financials,4,0.25,-6.44975,-25.799
smc_inverse_fvg,trailing_15pct,Health Care,7,0.7142857142857143,1.1157857142857142,7.810499999999999
smc_inverse_fvg,trailing_15pct,Industrials,14,0.35714285714285715,-0.5102785714285716,-7.143900000000002
smc_inverse_fvg,trailing_15pct,Information Technology,8,0.25,-6.582575,-52.6606
smc_inverse_fvg,trailing_15pct,Materials,4,0.25,-8.51765,-34.0706
smc_inverse_fvg,trailing_15pct,Real Estate,6,0.16666666666666666,-2.5474666666666663,-15.284799999999997
smc_inverse_fvg,trailing_15pct,Utilities,3,0.0,-5.601966666666667,-16.8059
smc_inverse_fvg,trailing_5pct,Commodities,3,0.6666666666666666,-0.1040666666666666,-0.3121999999999998
smc_inverse_fvg,trailing_5pct,Communication Services,8,0.125,-2.37025,-18.962
smc_inverse_fvg,trailing_5pct,Consumer Discretionary,11,0.2727272727272727,-1.3406,-14.7466
smc_inverse_fvg,trailing_5pct,Consumer Staples,7,0.42857142857142855,-1.2987714285714287,-9.0914
smc_inverse_fvg,trailing_5pct,Energy,9,0.1111111111111111,-1.9168444444444444,-17.2516
smc_inverse_fvg,trailing_5pct,Financials,4,0.0,-5.36615,-21.4646
smc_inverse_fvg,trailing_5pct,Health Care,7,0.14285714285714285,-3.162714285714286,-22.139
smc_inverse_fvg,trailing_5pct,Industrials,14,0.14285714285714285,-2.4328499999999997,-34.0599
smc_inverse_fvg,trailing_5pct,Information Technology,8,0.25,-2.8238125000000003,-22.590500000000002
smc_inverse_fvg,trailing_5pct,Materials,4,0.0,-4.5061,-18.0244
smc_inverse_fvg,trailing_5pct,Real Estate,6,0.0,-4.464833333333334,-26.789
smc_inverse_fvg,trailing_5pct,Utilities,3,0.0,-3.2154666666666665,-9.6464
stochrsi_oversold,atr_trail_1x,Health Care,1,0.0,-0.0652,-0.0652
stochrsi_oversold,atr_trail_1x,Industrials,3,0.3333333333333333,-2.6413333333333333,-7.924
stochrsi_oversold,atr_trail_1x,Materials,1,1.0,4.7926,4.7926
stochrsi_oversold,atr_trail_1x,Utilities,1,0.0,-1.3259,-1.3259
stochrsi_oversold,atr_trail_2x,Health Care,1,0.0,-2.3692,-2.3692
stochrsi_oversold,atr_trail_2x,Industrials,3,0.0,-4.1048,-12.314400000000001
stochrsi_oversold,atr_trail_2x,Materials,1,1.0,4.8901,4.8901
stochrsi_oversold,atr_trail_2x,Utilities,1,0.0,-0.5343,-0.5343
stochrsi_oversold,atr_trail_mae_conditional,Health Care,1,0.0,-0.0652,-0.0652
stochrsi_oversold,atr_trail_mae_conditional,Industrials,3,0.3333333333333333,-2.6413333333333333,-7.924
stochrsi_oversold,atr_trail_mae_conditional,Materials,1,1.0,4.7926,4.7926
stochrsi_oversold,atr_trail_mae_conditional,Utilities,1,0.0,-1.3259,-1.3259
stochrsi_oversold,atr_trail_vix_conditional,Health Care,1,0.0,-1.2172,-1.2172
stochrsi_oversold,atr_trail_vix_conditional,Industrials,3,0.0,-3.373066666666667,-10.119200000000001
stochrsi_oversold,atr_trail_vix_conditional,Materials,1,1.0,5.4946,5.4946
stochrsi_oversold,atr_trail_vix_conditional,Utilities,1,0.0,-2.5008,-2.5008
stochrsi_oversold,break_even_at_1r,Health Care,1,0.0,0.0,0.0
stochrsi_oversold,break_even_at_1r,Industrials,3,0.0,-3.012,-9.036
stochrsi_oversold,break_even_at_1r,Materials,1,1.0,1.3949,1.3949
stochrsi_oversold,break_even_at_1r,Utilities,1,0.0,-2.4918,-2.4918
stochrsi_oversold,breakeven_plus_trail,Health Care,1,0.0,0.0,0.0
stochrsi_oversold,breakeven_plus_trail,Industrials,3,0.0,-2.2725666666666666,-6.8177
stochrsi_oversold,breakeven_plus_trail,Materials,1,1.0,7.4517,7.4517
stochrsi_oversold,breakeven_plus_trail,Utilities,1,0.0,0.0,0.0
stochrsi_oversold,chandelier_3x,Health Care,1,0.0,-0.1496,-0.1496
stochrsi_oversold,chandelier_3x,Industrials,3,0.0,-0.13906666666666667,-0.4172
stochrsi_oversold,chandelier_3x,Materials,1,0.0,-0.1074,-0.1074
stochrsi_oversold,chandelier_3x,Utilities,1,0.0,-0.146,-0.146
stochrsi_oversold,class_time_stop,Health Care,1,1.0,1.5118,1.5118
stochrsi_oversold,class_time_stop,Industrials,3,0.0,-4.795866666666666,-14.387599999999999
stochrsi_oversold,class_time_stop,Materials,1,1.0,6.9932,6.9932
stochrsi_oversold,class_time_stop,Utilities,1,0.0,-12.5104,-12.5104
stochrsi_oversold,earnings_blackout,Health Care,1,0.0,-4.3264,-4.3264
stochrsi_oversold,earnings_blackout,Industrials,3,1.0,28.38463333333333,85.1539
stochrsi_oversold,earnings_blackout,Materials,1,1.0,17.8884,17.8884
stochrsi_oversold,earnings_blackout,Utilities,1,1.0,100.8351,100.8351
stochrsi_oversold,fixed_4r_2r,Health Care,1,0.0,-26.1449,-26.1449
stochrsi_oversold,fixed_4r_2r,Industrials,3,0.0,-5.271333333333334,-15.814
stochrsi_oversold,fixed_4r_2r,Materials,1,1.0,5.9709,5.9709
stochrsi_oversold,fixed_4r_2r,Utilities,1,0.0,-4.9836,-4.9836
stochrsi_oversold,hybrid_50pct_target,Health Care,1,1.0,3.738,3.738
stochrsi_oversold,hybrid_50pct_target,Industrials,3,0.6666666666666666,-0.6732666666666666,-2.0197999999999996
stochrsi_oversold,hybrid_50pct_target,Materials,1,1.0,2.9365,2.9365
stochrsi_oversold,hybrid_50pct_target,Utilities,1,0.0,-10.0,-10.0
stochrsi_oversold,ma_exit_ema9,Health Care,1,1.0,0.3349,0.3349
stochrsi_oversold,ma_exit_ema9,Industrials,3,0.6666666666666666,0.3221333333333333,0.9664
stochrsi_oversold,ma_exit_ema9,Materials,1,1.0,0.1437,0.1437
stochrsi_oversold,ma_exit_ema9,Utilities,1,1.0,0.0504,0.0504
stochrsi_oversold,mfe_lockin_trail,Health Care,1,0.0,-0.0652,-0.0652
stochrsi_oversold,mfe_lockin_trail,Industrials,3,0.3333333333333333,-2.6413333333333333,-7.924
stochrsi_oversold,mfe_lockin_trail,Materials,1,1.0,3.1986,3.1986
stochrsi_oversold,mfe_lockin_trail,Utilities,1,0.0,-1.3259,-1.3259
stochrsi_oversold,multi_tier_partial,Health Care,1,1.0,0.8307,0.8307
stochrsi_oversold,multi_tier_partial,Industrials,3,0.3333333333333333,-2.3415,-7.0245
stochrsi_oversold,multi_tier_partial,Materials,1,1.0,3.0903,3.0903
stochrsi_oversold,multi_tier_partial,Utilities,1,0.0,-1.3259,-1.3259
stochrsi_oversold,next_pivot_target,Health Care,1,1.0,0.8426,0.8426
stochrsi_oversold,next_pivot_target,Industrials,3,1.0,1.5397666666666667,4.6193
stochrsi_oversold,next_pivot_target,Materials,1,1.0,0.78,0.78
stochrsi_oversold,next_pivot_target,Utilities,1,1.0,2.2534,2.2534
stochrsi_oversold,r_multiple_2r,Health Care,1,0.0,-2.492,-2.492
stochrsi_oversold,r_multiple_2r,Industrials,3,0.0,-3.7341,-11.202300000000001
stochrsi_oversold,r_multiple_2r,Materials,1,1.0,3.1986,3.1986
stochrsi_oversold,r_multiple_2r,Utilities,1,0.0,-2.4918,-2.4918
stochrsi_oversold,r_multiple_3r,Health Care,1,0.0,-2.492,-2.492
stochrsi_oversold,r_multiple_3r,Industrials,3,0.0,-3.7341,-11.202300000000001
stochrsi_oversold,r_multiple_3r,Materials,1,1.0,4.4782,4.4782
stochrsi_oversold,r_multiple_3r,Utilities,1,0.0,-2.4918,-2.4918
stochrsi_oversold,regime_flip,Health Care,1,1.0,2.8502,2.8502
stochrsi_oversold,regime_flip,Industrials,3,0.0,-2.320133333333333,-6.9604
stochrsi_oversold,regime_flip,Materials,1,1.0,6.6964,6.6964
stochrsi_oversold,regime_flip,Utilities,1,0.0,-1.0084,-1.0084
stochrsi_oversold,reverse_signal,Health Care,1,0.0,-0.0652,-0.0652
stochrsi_oversold,reverse_signal,Industrials,3,0.3333333333333333,-2.6413333333333333,-7.924
stochrsi_oversold,reverse_signal,Materials,1,1.0,4.7926,4.7926
stochrsi_oversold,reverse_signal,Utilities,1,0.0,-1.3259,-1.3259
stochrsi_oversold,smc_mitigation_zone,Health Care,1,1.0,0.3349,0.3349
stochrsi_oversold,smc_mitigation_zone,Industrials,3,0.6666666666666666,0.3221333333333333,0.9664
stochrsi_oversold,smc_mitigation_zone,Materials,1,1.0,4.7926,4.7926
stochrsi_oversold,smc_mitigation_zone,Utilities,1,0.0,-1.3259,-1.3259
stochrsi_oversold,time_stop_10d,Health Care,1,0.0,-1.6381,-1.6381
stochrsi_oversold,time_stop_10d,Industrials,3,0.0,-2.951333333333333,-8.854
stochrsi_oversold,time_stop_10d,Materials,1,1.0,3.8836,3.8836
stochrsi_oversold,time_stop_10d,Utilities,1,1.0,2.3644,2.3644
stochrsi_oversold,time_stop_20d,Health Care,1,1.0,2.8502,2.8502
stochrsi_oversold,time_stop_20d,Industrials,3,0.0,-2.320133333333333,-6.9604
stochrsi_oversold,time_stop_20d,Materials,1,1.0,6.6964,6.6964
stochrsi_oversold,time_stop_20d,Utilities,1,0.0,-1.0084,-1.0084
stochrsi_oversold,trailing_10pct,Health Care,1,0.0,-26.1449,-26.1449
stochrsi_oversold,trailing_10pct,Industrials,3,0.0,-6.390133333333334,-19.1704
stochrsi_oversold,trailing_10pct,Materials,1,1.0,1.3949,1.3949
stochrsi_oversold,trailing_10pct,Utilities,1,0.0,-6.75,-6.75
stochrsi_oversold,trailing_15pct,Health Care,1,0.0,-26.1449,-26.1449
stochrsi_oversold,trailing_15pct,Industrials,3,0.0,-9.056233333333333,-27.1687
stochrsi_oversold,trailing_15pct,Materials,1,1.0,4.727,4.727
stochrsi_oversold,trailing_15pct,Utilities,1,0.0,-11.9306,-11.9306
stochrsi_oversold,trailing_5pct,Health Care,1,0.0,-2.9649,-2.9649
stochrsi_oversold,trailing_5pct,Industrials,3,0.0,-4.562166666666667,-13.6865
stochrsi_oversold,trailing_5pct,Materials,1,1.0,1.3949,1.3949
stochrsi_oversold,trailing_5pct,Utilities,1,0.0,-1.794,-1.794
williams_r_oversold,atr_trail_1x,Broad Market,1,1.0,0.1386,0.1386
williams_r_oversold,atr_trail_1x,Consumer Discretionary,1,0.0,-2.5143,-2.5143
williams_r_oversold,atr_trail_1x,Financials,1,0.0,-3.5642,-3.5642
williams_r_oversold,atr_trail_1x,Health Care,1,1.0,3.6375,3.6375
williams_r_oversold,atr_trail_1x,Materials,2,0.0,-2.7133000000000003,-5.4266000000000005
williams_r_oversold,atr_trail_2x,Broad Market,1,1.0,1.7235,1.7235
williams_r_oversold,atr_trail_2x,Consumer Discretionary,1,1.0,17.1663,17.1663
williams_r_oversold,atr_trail_2x,Financials,1,0.0,-8.0608,-8.0608
williams_r_oversold,atr_trail_2x,Health Care,1,1.0,4.0589,4.0589
williams_r_oversold,atr_trail_2x,Materials,2,0.0,-4.6287,-9.2574
williams_r_oversold,atr_trail_mae_conditional,Broad Market,1,1.0,0.1386,0.1386
williams_r_oversold,atr_trail_mae_conditional,Consumer Discretionary,1,0.0,-2.5143,-2.5143
williams_r_oversold,atr_trail_mae_conditional,Financials,1,0.0,-3.5642,-3.5642
williams_r_oversold,atr_trail_mae_conditional,Health Care,1,1.0,3.6375,3.6375
williams_r_oversold,atr_trail_mae_conditional,Materials,2,0.0,-2.7133000000000003,-5.4266000000000005
williams_r_oversold,atr_trail_vix_conditional,Broad Market,1,1.0,0.5533,0.5533
williams_r_oversold,atr_trail_vix_conditional,Consumer Discretionary,1,0.0,-2.1987,-2.1987
williams_r_oversold,atr_trail_vix_conditional,Financials,1,0.0,-4.9272,-4.9272
williams_r_oversold,atr_trail_vix_conditional,Health Care,1,1.0,3.6375,3.6375
williams_r_oversold,atr_trail_vix_conditional,Materials,2,0.0,-3.261,-6.522
williams_r_oversold,break_even_at_1r,Broad Market,1,0.0,0.0,0.0
williams_r_oversold,break_even_at_1r,Consumer Discretionary,1,0.0,-2.9316,-2.9316
williams_r_oversold,break_even_at_1r,Financials,1,0.0,-3.5642,-3.5642
williams_r_oversold,break_even_at_1r,Health Care,1,0.0,0.0,0.0
williams_r_oversold,break_even_at_1r,Materials,2,0.0,-2.7133000000000003,-5.4266000000000005
williams_r_oversold,breakeven_plus_trail,Broad Market,1,0.0,0.0,0.0
williams_r_oversold,breakeven_plus_trail,Consumer Discretionary,1,1.0,27.778,27.778
williams_r_oversold,breakeven_plus_trail,Financials,1,0.0,-6.5696,-6.5696
williams_r_oversold,breakeven_plus_trail,Health Care,1,0.0,0.0,0.0
williams_r_oversold,breakeven_plus_trail,Materials,2,0.0,-5.4267,-10.8534
williams_r_oversold,chandelier_3x,Broad Market,1,0.0,-0.0364,-0.0364
williams_r_oversold,chandelier_3x,Consumer Discretionary,1,0.0,-0.3353,-0.3353
williams_r_oversold,chandelier_3x,Financials,1,0.0,-0.3643,-0.3643
williams_r_oversold,chandelier_3x,Health Care,1,0.0,-0.0896,-0.0896
williams_r_oversold,chandelier_3x,Materials,2,0.0,-0.8139000000000001,-1.6278000000000001
williams_r_oversold,class_time_stop,Broad Market,1,1.0,3.5552,3.5552
williams_r_oversold,class_time_stop,Consumer Discretionary,1,1.0,3.2737,3.2737
williams_r_oversold,class_time_stop,Financials,1,1.0,3.1284,3.1284
williams_r_oversold,class_time_stop,Health Care,1,1.0,4.9115,4.9115
williams_r_oversold,class_time_stop,Materials,2,0.5,-3.2055000000000007,-6.411000000000001
williams_r_oversold,earnings_blackout,Broad Market,1,1.0,50.4962,50.4962
williams_r_oversold,earnings_blackout,Consumer Discretionary,1,1.0,60.0856,60.0856
williams_r_oversold,earnings_blackout,Financials,1,1.0,4.7074,4.7074
williams_r_oversold,earnings_blackout,Health Care,1,0.0,-26.9026,-26.9026
williams_r_oversold,earnings_blackout,Materials,2,0.5,-10.75865,-21.5173
williams_r_oversold,fixed_4r_2r,Broad Market,1,0.0,-3.3848,-3.3848
williams_r_oversold,fixed_4r_2r,Consumer Discretionary,1,1.0,16.5067,16.5067
williams_r_oversold,fixed_4r_2r,Financials,1,0.0,-8.0608,-8.0608
williams_r_oversold,fixed_4r_2r,Health Care,1,1.0,7.8058,7.8058
williams_r_oversold,fixed_4r_2r,Materials,2,0.0,-5.4267,-10.8534
williams_r_oversold,hybrid_50pct_target,Broad Market,1,1.0,2.5386,2.5386
williams_r_oversold,hybrid_50pct_target,Consumer Discretionary,1,1.0,18.2865,18.2865
williams_r_oversold,hybrid_50pct_target,Financials,1,1.0,4.7074,4.7074
williams_r_oversold,hybrid_50pct_target,Health Care,1,1.0,2.9172,2.9172
williams_r_oversold,hybrid_50pct_target,Materials,2,0.5,-0.7637999999999998,-1.5275999999999996
williams_r_oversold,ma_exit_ema9,Broad Market,1,1.0,0.2047,0.2047
williams_r_oversold,ma_exit_ema9,Consumer Discretionary,1,0.0,-2.1778,-2.1778
williams_r_oversold,ma_exit_ema9,Financials,1,0.0,-1.0754,-1.0754
williams_r_oversold,ma_exit_ema9,Health Care,1,1.0,0.3674,0.3674
williams_r_oversold,ma_exit_ema9,Materials,2,0.0,-1.1996,-2.3992
williams_r_oversold,mfe_lockin_trail,Broad Market,1,1.0,0.1386,0.1386
williams_r_oversold,mfe_lockin_trail,Consumer Discretionary,1,0.0,-2.5143,-2.5143
williams_r_oversold,mfe_lockin_trail,Financials,1,0.0,-3.5642,-3.5642
williams_r_oversold,mfe_lockin_trail,Health Care,1,1.0,3.6375,3.6375
williams_r_oversold,mfe_lockin_trail,Materials,2,0.0,-2.7133000000000003,-5.4266000000000005
williams_r_oversold,multi_tier_partial,Broad Market,1,1.0,0.6565,0.6565
williams_r_oversold,multi_tier_partial,Consumer Discretionary,1,0.0,-2.5143,-2.5143
williams_r_oversold,multi_tier_partial,Financials,1,0.0,-3.5642,-3.5642
williams_r_oversold,multi_tier_partial,Health Care,1,1.0,3.1573,3.1573
williams_r_oversold,multi_tier_partial,Materials,2,0.0,-2.7133000000000003,-5.4266000000000005
williams_r_oversold,next_pivot_target,Broad Market,1,1.0,1.1692,1.1692
williams_r_oversold,next_pivot_target,Consumer Discretionary,1,1.0,6.171,6.171
williams_r_oversold,next_pivot_target,Financials,1,0.0,-10.0,-10.0
williams_r_oversold,next_pivot_target,Health Care,1,1.0,3.6375,3.6375
williams_r_oversold,next_pivot_target,Materials,2,0.5,-1.4956999999999998,-2.9913999999999996
williams_r_oversold,r_multiple_2r,Broad Market,1,1.0,3.3848,3.3848
williams_r_oversold,r_multiple_2r,Consumer Discretionary,1,0.0,-2.9316,-2.9316
williams_r_oversold,r_multiple_2r,Financials,1,0.0,-3.5642,-3.5642
williams_r_oversold,r_multiple_2r,Health Care,1,1.0,3.8896,3.8896
williams_r_oversold,r_multiple_2r,Materials,2,0.0,-2.7133000000000003,-5.4266000000000005
williams_r_oversold,r_multiple_3r,Broad Market,1,0.0,-1.6924,-1.6924
williams_r_oversold,r_multiple_3r,Consumer Discretionary,1,0.0,-2.9316,-2.9316
williams_r_oversold,r_multiple_3r,Financials,1,0.0,-3.5642,-3.5642
williams_r_oversold,r_multiple_3r,Health Care,1,1.0,5.8344,5.8344
williams_r_oversold,r_multiple_3r,Materials,2,0.0,-2.7133000000000003,-5.4266000000000005
williams_r_oversold,regime_flip,Broad Market,1,1.0,0.8912,0.8912
williams_r_oversold,regime_flip,Consumer Discretionary,1,1.0,4.7259,4.7259
williams_r_oversold,regime_flip,Financials,1,0.0,-1.4728,-1.4728
williams_r_oversold,regime_flip,Health Care,1,1.0,5.9917,5.9917
williams_r_oversold,regime_flip,Materials,2,0.0,-5.7863500000000005,-11.572700000000001
williams_r_oversold,reverse_signal,Broad Market,1,1.0,0.1386,0.1386
williams_r_oversold,reverse_signal,Consumer Discretionary,1,0.0,-2.5143,-2.5143
williams_r_oversold,reverse_signal,Financials,1,0.0,-3.5642,-3.5642
williams_r_oversold,reverse_signal,Health Care,1,1.0,3.6375,3.6375
williams_r_oversold,reverse_signal,Materials,2,0.0,-2.7133000000000003,-5.4266000000000005
williams_r_oversold,smc_mitigation_zone,Broad Market,1,1.0,0.2047,0.2047
williams_r_oversold,smc_mitigation_zone,Consumer Discretionary,1,0.0,-2.1778,-2.1778
williams_r_oversold,smc_mitigation_zone,Financials,1,0.0,-1.0754,-1.0754
williams_r_oversold,smc_mitigation_zone,Health Care,1,1.0,0.3674,0.3674
williams_r_oversold,smc_mitigation_zone,Materials,2,0.0,-1.1996,-2.3992
williams_r_oversold,time_stop_10d,Broad Market,1,1.0,1.4802,1.4802
williams_r_oversold,time_stop_10d,Consumer Discretionary,1,0.0,-0.8772,-0.8772
williams_r_oversold,time_stop_10d,Financials,1,0.0,-8.6882,-8.6882
williams_r_oversold,time_stop_10d,Health Care,1,1.0,4.9709,4.9709
williams_r_oversold,time_stop_10d,Materials,2,0.0,-2.87365,-5.7473
williams_r_oversold,time_stop_20d,Broad Market,1,1.0,0.8912,0.8912
williams_r_oversold,time_stop_20d,Consumer Discretionary,1,1.0,4.7259,4.7259
williams_r_oversold,time_stop_20d,Financials,1,0.0,-1.4728,-1.4728
williams_r_oversold,time_stop_20d,Health Care,1,1.0,5.9917,5.9917
williams_r_oversold,time_stop_20d,Materials,2,0.0,-5.7863500000000005,-11.572700000000001
williams_r_oversold,trailing_10pct,Broad Market,1,1.0,23.8433,23.8433
williams_r_oversold,trailing_10pct,Consumer Discretionary,1,1.0,27.778,27.778
williams_r_oversold,trailing_10pct,Financials,1,0.0,-10.0,-10.0
williams_r_oversold,trailing_10pct,Health Care,1,0.0,-1.5148,-1.5148
williams_r_oversold,trailing_10pct,Materials,2,0.5,-0.9245499999999995,-1.849099999999999
williams_r_oversold,trailing_15pct,Broad Market,1,1.0,16.9631,16.9631
williams_r_oversold,trailing_15pct,Consumer Discretionary,1,1.0,20.6792,20.6792
williams_r_oversold,trailing_15pct,Financials,1,1.0,4.7074,4.7074
williams_r_oversold,trailing_15pct,Health Care,1,0.0,-19.8974,-19.8974
williams_r_oversold,trailing_15pct,Materials,2,0.5,-3.4527499999999995,-6.905499999999999
williams_r_oversold,trailing_5pct,Broad Market,1,0.0,-0.5558,-0.5558
williams_r_oversold,trailing_5pct,Consumer Discretionary,1,1.0,15.8087,15.8087
williams_r_oversold,trailing_5pct,Financials,1,0.0,-5.0,-5.0
williams_r_oversold,trailing_5pct,Health Care,1,1.0,3.9566,3.9566
williams_r_oversold,trailing_5pct,Materials,2,0.0,-4.46475,-8.9295
xs_momentum_top_decile,atr_trail_1x,Communication Services,1,0.0,-1.1648,-1.1648
xs_momentum_top_decile,atr_trail_1x,Consumer Discretionary,1,0.0,-1.964,-1.964
xs_momentum_top_decile,atr_trail_1x,Consumer Staples,2,0.0,-1.72825,-3.4565
xs_momentum_top_decile,atr_trail_1x,Energy,1,0.0,-1.6825,-1.6825
xs_momentum_top_decile,atr_trail_1x,Health Care,1,0.0,-0.1009,-0.1009
xs_momentum_top_decile,atr_trail_1x,Industrials,6,0.16666666666666666,-0.7080666666666665,-4.248399999999999
xs_momentum_top_decile,atr_trail_1x,Information Technology,2,0.5,-0.72085,-1.4417
xs_momentum_top_decile,atr_trail_1x,Materials,1,1.0,0.4475,0.4475
xs_momentum_top_decile,atr_trail_1x,Real Estate,1,0.0,-0.0959,-0.0959
xs_momentum_top_decile,atr_trail_2x,Communication Services,1,0.0,-3.496,-3.496
xs_momentum_top_decile,atr_trail_2x,Consumer Discretionary,1,0.0,-5.3979,-5.3979
xs_momentum_top_decile,atr_trail_2x,Consumer Staples,2,0.0,-4.04655,-8.0931
xs_momentum_top_decile,atr_trail_2x,Energy,1,0.0,-5.4249,-5.4249
xs_momentum_top_decile,atr_trail_2x,Health Care,1,1.0,0.967,0.967
xs_momentum_top_decile,atr_trail_2x,Industrials,6,0.3333333333333333,-1.1391499999999999,-6.834899999999999
xs_momentum_top_decile,atr_trail_2x,Information Technology,2,0.5,0.8088,1.6176
xs_momentum_top_decile,atr_trail_2x,Materials,1,0.0,-1.743,-1.743
xs_momentum_top_decile,atr_trail_2x,Real Estate,1,0.0,-1.3681,-1.3681
xs_momentum_top_decile,atr_trail_mae_conditional,Communication Services,1,0.0,-1.1648,-1.1648
xs_momentum_top_decile,atr_trail_mae_conditional,Consumer Discretionary,1,0.0,-1.964,-1.964
xs_momentum_top_decile,atr_trail_mae_conditional,Consumer Staples,2,0.0,-1.72825,-3.4565
xs_momentum_top_decile,atr_trail_mae_conditional,Energy,1,0.0,-1.6825,-1.6825
xs_momentum_top_decile,atr_trail_mae_conditional,Health Care,1,0.0,-0.1009,-0.1009
xs_momentum_top_decile,atr_trail_mae_conditional,Industrials,6,0.16666666666666666,-0.7080666666666665,-4.248399999999999
xs_momentum_top_decile,atr_trail_mae_conditional,Information Technology,2,0.5,-0.72085,-1.4417
xs_momentum_top_decile,atr_trail_mae_conditional,Materials,1,1.0,0.4475,0.4475
xs_momentum_top_decile,atr_trail_mae_conditional,Real Estate,1,0.0,-0.0959,-0.0959
xs_momentum_top_decile,atr_trail_vix_conditional,Communication Services,1,0.0,-2.3304,-2.3304
xs_momentum_top_decile,atr_trail_vix_conditional,Consumer Discretionary,1,0.0,-1.473,-1.473
xs_momentum_top_decile,atr_trail_vix_conditional,Consumer Staples,2,0.0,-3.0067500000000003,-6.0135000000000005
xs_momentum_top_decile,atr_trail_vix_conditional,Energy,1,0.0,-3.0017,-3.0017
xs_momentum_top_decile,atr_trail_vix_conditional,Health Care,1,0.0,-0.1009,-0.1009
xs_momentum_top_decile,atr_trail_vix_conditional,Industrials,6,0.16666666666666666,-0.9160666666666667,-5.4964
xs_momentum_top_decile,atr_trail_vix_conditional,Information Technology,2,0.5,-1.1833,-2.3666
xs_momentum_top_decile,atr_trail_vix_conditional,Materials,1,0.0,-0.2537,-0.2537
xs_momentum_top_decile,atr_trail_vix_conditional,Real Estate,1,0.0,-0.0959,-0.0959
xs_momentum_top_decile,break_even_at_1r,Communication Services,1,0.0,-2.4763,-2.4763
xs_momentum_top_decile,break_even_at_1r,Consumer Discretionary,1,0.0,-1.964,-1.964
xs_momentum_top_decile,break_even_at_1r,Consumer Staples,2,0.0,-2.3951000000000002,-4.7902000000000005
xs_momentum_top_decile,break_even_at_1r,Energy,1,0.0,-4.0023,-4.0023
xs_momentum_top_decile,break_even_at_1r,Health Care,1,0.0,-0.1009,-0.1009
xs_momentum_top_decile,break_even_at_1r,Industrials,6,0.0,-1.5182333333333335,-9.1094
xs_momentum_top_decile,break_even_at_1r,Information Technology,2,0.0,-1.29985,-2.5997
xs_momentum_top_decile,break_even_at_1r,Materials,1,0.0,0.0,0.0
xs_momentum_top_decile,break_even_at_1r,Real Estate,1,0.0,-0.0959,-0.0959
xs_momentum_top_decile,breakeven_plus_trail,Communication Services,1,0.0,0.0,0.0
xs_momentum_top_decile,breakeven_plus_trail,Consumer Discretionary,1,0.0,0.0,0.0
xs_momentum_top_decile,breakeven_plus_trail,Consumer Staples,2,0.0,-4.7901,-9.5802
xs_momentum_top_decile,breakeven_plus_trail,Energy,1,0.0,0.0,0.0
xs_momentum_top_decile,breakeven_plus_trail,Health Care,1,0.0,0.0,0.0
xs_momentum_top_decile,breakeven_plus_trail,Industrials,6,0.3333333333333333,3.32155,19.929299999999998
xs_momentum_top_decile,breakeven_plus_trail,Information Technology,2,0.5,-0.3152499999999998,-0.6304999999999996
xs_momentum_top_decile,breakeven_plus_trail,Materials,1,0.0,0.0,0.0
xs_momentum_top_decile,breakeven_plus_trail,Real Estate,1,0.0,0.0,0.0
xs_momentum_top_decile,chandelier_3x,Communication Services,1,0.0,-4.3423,-4.3423
xs_momentum_top_decile,chandelier_3x,Consumer Discretionary,1,0.0,-0.0833,-0.0833
xs_momentum_top_decile,chandelier_3x,Consumer Staples,2,0.0,-1.69225,-3.3845
xs_momentum_top_decile,chandelier_3x,Energy,1,0.0,-0.2186,-0.2186
xs_momentum_top_decile,chandelier_3x,Health Care,1,0.0,-0.1009,-0.1009
xs_momentum_top_decile,chandelier_3x,Industrials,6,0.3333333333333333,0.3774666666666667,2.2648
xs_momentum_top_decile,chandelier_3x,Information Technology,2,0.0,-0.3439,-0.6878
xs_momentum_top_decile,chandelier_3x,Materials,1,0.0,-0.1116,-0.1116
xs_momentum_top_decile,chandelier_3x,Real Estate,1,0.0,-1.3681,-1.3681
xs_momentum_top_decile,class_time_stop,Communication Services,1,1.0,0.8421,0.8421
xs_momentum_top_decile,class_time_stop,Consumer Discretionary,1,1.0,1.0841,1.0841
xs_momentum_top_decile,class_time_stop,Consumer Staples,2,1.0,4.87775,9.7555
xs_momentum_top_decile,class_time_stop,Energy,1,0.0,-1.5667,-1.5667
xs_momentum_top_decile,class_time_stop,Health Care,1,1.0,7.1044,7.1044
xs_momentum_top_decile,class_time_stop,Industrials,6,0.6666666666666666,4.384250000000001,26.305500000000002
xs_momentum_top_decile,class_time_stop,Information Technology,2,0.5,4.2345500000000005,8.469100000000001
xs_momentum_top_decile,class_time_stop,Materials,1,1.0,6.1745,6.1745
xs_momentum_top_decile,class_time_stop,Real Estate,1,0.0,-5.5824,-5.5824
xs_momentum_top_decile,earnings_blackout,Communication Services,1,1.0,11.7785,11.7785
xs_momentum_top_decile,earnings_blackout,Consumer Discretionary,1,0.0,-5.1585,-5.1585
xs_momentum_top_decile,earnings_blackout,Consumer Staples,2,0.0,-45.74705,-91.4941
xs_momentum_top_decile,earnings_blackout,Energy,1,1.0,12.1806,12.1806
xs_momentum_top_decile,earnings_blackout,Health Care,1,1.0,46.4897,46.4897
xs_momentum_top_decile,earnings_blackout,Industrials,6,0.8333333333333334,79.23231666666668,475.39390000000003
xs_momentum_top_decile,earnings_blackout,Information Technology,2,0.5,-7.116949999999999,-14.233899999999998
xs_momentum_top_decile,earnings_blackout,Materials,1,0.0,-87.9388,-87.9388
xs_momentum_top_decile,earnings_blackout,Real Estate,1,0.0,-60.9244,-60.9244
xs_momentum_top_decile,fixed_4r_2r,Communication Services,1,1.0,9.9051,9.9051
xs_momentum_top_decile,fixed_4r_2r,Consumer Discretionary,1,0.0,-5.3979,-5.3979
xs_momentum_top_decile,fixed_4r_2r,Consumer Staples,2,0.0,-4.7901,-9.5802
xs_momentum_top_decile,fixed_4r_2r,Energy,1,1.0,16.0091,16.0091
xs_momentum_top_decile,fixed_4r_2r,Health Care,1,1.0,8.6177,8.6177
xs_momentum_top_decile,fixed_4r_2r,Industrials,6,0.5,2.503283333333333,15.019699999999998
xs_momentum_top_decile,fixed_4r_2r,Information Technology,2,0.5,1.2636500000000002,2.5273000000000003
xs_momentum_top_decile,fixed_4r_2r,Materials,1,0.0,-4.7465,-4.7465
xs_momentum_top_decile,fixed_4r_2r,Real Estate,1,0.0,-4.1179,-4.1179
xs_momentum_top_decile,hybrid_50pct_target,Communication Services,1,1.0,4.3715,4.3715
xs_momentum_top_decile,hybrid_50pct_target,Consumer Discretionary,1,0.0,-10.0,-10.0
xs_momentum_top_decile,hybrid_50pct_target,Consumer Staples,2,0.5,-3.8283,-7.6566
xs_momentum_top_decile,hybrid_50pct_target,Energy,1,1.0,8.2705,8.2705
xs_momentum_top_decile,hybrid_50pct_target,Health Care,1,1.0,16.5052,16.5052
xs_momentum_top_decile,hybrid_50pct_target,Industrials,6,1.0,17.963416666666667,107.7805
xs_momentum_top_decile,hybrid_50pct_target,Information Technology,2,0.5,-0.8269000000000002,-1.6538000000000004
xs_momentum_top_decile,hybrid_50pct_target,Materials,1,1.0,3.5598,3.5598
xs_momentum_top_decile,hybrid_50pct_target,Real Estate,1,0.0,-10.0,-10.0
xs_momentum_top_decile,ma_exit_ema9,Communication Services,1,0.0,-1.356,-1.356
xs_momentum_top_decile,ma_exit_ema9,Consumer Discretionary,1,0.0,-0.7867,-0.7867
xs_momentum_top_decile,ma_exit_ema9,Consumer Staples,2,0.0,-5.7835,-11.567
xs_momentum_top_decile,ma_exit_ema9,Energy,1,0.0,-1.4338,-1.4338
xs_momentum_top_decile,ma_exit_ema9,Health Care,1,1.0,0.1667,0.1667
xs_momentum_top_decile,ma_exit_ema9,Industrials,6,0.16666666666666666,-2.08225,-12.493500000000001
xs_momentum_top_decile,ma_exit_ema9,Information Technology,2,0.5,-0.976,-1.952
xs_momentum_top_decile,ma_exit_ema9,Materials,1,1.0,0.7157,0.7157
xs_momentum_top_decile,ma_exit_ema9,Real Estate,1,0.0,-0.5957,-0.5957
xs_momentum_top_decile,mfe_lockin_trail,Communication Services,1,0.0,-1.1648,-1.1648
xs_momentum_top_decile,mfe_lockin_trail,Consumer Discretionary,1,0.0,-1.964,-1.964
xs_momentum_top_decile,mfe_lockin_trail,Consumer Staples,2,0.0,-1.72825,-3.4565
xs_momentum_top_decile,mfe_lockin_trail,Energy,1,0.0,-1.6825,-1.6825
xs_momentum_top_decile,mfe_lockin_trail,Health Care,1,0.0,-0.1009,-0.1009
xs_momentum_top_decile,mfe_lockin_trail,Industrials,6,0.16666666666666666,-0.77645,-4.6587
xs_momentum_top_decile,mfe_lockin_trail,Information Technology,2,0.5,-0.72085,-1.4417
xs_momentum_top_decile,mfe_lockin_trail,Materials,1,1.0,0.4475,0.4475
xs_momentum_top_decile,mfe_lockin_trail,Real Estate,1,0.0,-0.0959,-0.0959
xs_momentum_top_decile,multi_tier_partial,Communication Services,1,0.0,-1.1648,-1.1648
xs_momentum_top_decile,multi_tier_partial,Consumer Discretionary,1,0.0,-1.964,-1.964
xs_momentum_top_decile,multi_tier_partial,Consumer Staples,2,0.0,-1.72825,-3.4565
xs_momentum_top_decile,multi_tier_partial,Energy,1,0.0,-1.6825,-1.6825
xs_momentum_top_decile,multi_tier_partial,Health Care,1,1.0,0.6509,0.6509
xs_momentum_top_decile,multi_tier_partial,Industrials,6,0.16666666666666666,-0.7894999999999999,-4.736999999999999
xs_momentum_top_decile,multi_tier_partial,Information Technology,2,0.5,-0.24029999999999996,-0.4805999999999999
xs_momentum_top_decile,multi_tier_partial,Materials,1,1.0,1.0894,1.0894
xs_momentum_top_decile,multi_tier_partial,Real Estate,1,1.0,0.6224,0.6224
xs_momentum_top_decile,next_pivot_target,Communication Services,1,1.0,0.3917,0.3917
xs_momentum_top_decile,next_pivot_target,Consumer Discretionary,1,1.0,0.5273,0.5273
xs_momentum_top_decile,next_pivot_target,Consumer Staples,2,0.5,-4.91505,-9.8301
xs_momentum_top_decile,next_pivot_target,Energy,1,1.0,4.2753,4.2753
xs_momentum_top_decile,next_pivot_target,Health Care,1,1.0,0.654,0.654
xs_momentum_top_decile,next_pivot_target,Industrials,6,0.8333333333333334,0.32050000000000006,1.9230000000000003
xs_momentum_top_decile,next_pivot_target,Information Technology,2,0.5,-8.5492,-17.0984
xs_momentum_top_decile,next_pivot_target,Materials,1,1.0,1.7594,1.7594
xs_momentum_top_decile,next_pivot_target,Real Estate,1,1.0,0.9265,0.9265
xs_momentum_top_decile,r_multiple_2r,Communication Services,1,0.0,-2.4763,-2.4763
xs_momentum_top_decile,r_multiple_2r,Consumer Discretionary,1,0.0,-1.964,-1.964
xs_momentum_top_decile,r_multiple_2r,Consumer Staples,2,0.0,-2.3951000000000002,-4.7902000000000005
xs_momentum_top_decile,r_multiple_2r,Energy,1,0.0,-4.0023,-4.0023
xs_momentum_top_decile,r_multiple_2r,Health Care,1,1.0,4.3088,4.3088
xs_momentum_top_decile,r_multiple_2r,Industrials,6,0.3333333333333333,0.6374833333333333,3.8248999999999995
xs_momentum_top_decile,r_multiple_2r,Information Technology,2,0.5,2.7413,5.4826
xs_momentum_top_decile,r_multiple_2r,Materials,1,0.0,-2.3732,-2.3732
xs_momentum_top_decile,r_multiple_2r,Real Estate,1,1.0,4.1179,4.1179
xs_momentum_top_decile,r_multiple_3r,Communication Services,1,0.0,-2.4763,-2.4763
xs_momentum_top_decile,r_multiple_3r,Consumer Discretionary,1,0.0,-1.964,-1.964
xs_momentum_top_decile,r_multiple_3r,Consumer Staples,2,0.0,-2.3951000000000002,-4.7902000000000005
xs_momentum_top_decile,r_multiple_3r,Energy,1,0.0,-4.0023,-4.0023
xs_momentum_top_decile,r_multiple_3r,Health Care,1,1.0,6.4632,6.4632
xs_momentum_top_decile,r_multiple_3r,Industrials,6,0.3333333333333333,1.5472000000000001,9.2832
xs_momentum_top_decile,r_multiple_3r,Information Technology,2,0.5,4.7619,9.5238
xs_momentum_top_decile,r_multiple_3r,Materials,1,0.0,-2.3732,-2.3732
xs_momentum_top_decile,r_multiple_3r,Real Estate,1,0.0,-2.059,-2.059
xs_momentum_top_decile,regime_flip,Communication Services,1,1.0,0.716,0.716
xs_momentum_top_decile,regime_flip,Consumer Discretionary,1,1.0,1.8852,1.8852
xs_momentum_top_decile,regime_flip,Consumer Staples,2,0.5,1.1264500000000002,2.2529000000000003
xs_momentum_top_decile,regime_flip,Energy,1,0.0,-1.3198,-1.3198
xs_momentum_top_decile,regime_flip,Health Care,1,1.0,2.7468,2.7468
xs_momentum_top_decile,regime_flip,Industrials,6,0.6666666666666666,4.943883333333333,29.6633
xs_momentum_top_decile,regime_flip,Information Technology,2,1.0,5.8757,11.7514
xs_momentum_top_decile,regime_flip,Materials,1,1.0,2.6624,2.6624
xs_momentum_top_decile,regime_flip,Real Estate,1,1.0,4.2774,4.2774
xs_momentum_top_decile,reverse_signal,Communication Services,1,0.0,-1.1648,-1.1648
xs_momentum_top_decile,reverse_signal,Consumer Discretionary,1,0.0,-1.964,-1.964
xs_momentum_top_decile,reverse_signal,Consumer Staples,2,0.0,-1.72825,-3.4565
xs_momentum_top_decile,reverse_signal,Energy,1,0.0,-1.6825,-1.6825
xs_momentum_top_decile,reverse_signal,Health Care,1,0.0,-0.1009,-0.1009
xs_momentum_top_decile,reverse_signal,Industrials,6,0.16666666666666666,-0.7080666666666665,-4.248399999999999
xs_momentum_top_decile,reverse_signal,Information Technology,2,0.5,-0.72085,-1.4417
xs_momentum_top_decile,reverse_signal,Materials,1,1.0,0.4475,0.4475
xs_momentum_top_decile,reverse_signal,Real Estate,1,0.0,-0.0959,-0.0959
xs_momentum_top_decile,smc_mitigation_zone,Communication Services,1,1.0,0.5358,0.5358
xs_momentum_top_decile,smc_mitigation_zone,Consumer Discretionary,1,0.0,-0.7867,-0.7867
xs_momentum_top_decile,smc_mitigation_zone,Consumer Staples,2,0.0,-1.72825,-3.4565
xs_momentum_top_decile,smc_mitigation_zone,Energy,1,0.0,-1.6825,-1.6825
xs_momentum_top_decile,smc_mitigation_zone,Health Care,1,0.0,-0.1009,-0.1009
xs_momentum_top_decile,smc_mitigation_zone,Industrials,6,0.16666666666666666,-0.7080666666666665,-4.248399999999999
xs_momentum_top_decile,smc_mitigation_zone,Information Technology,2,0.5,-0.72085,-1.4417
xs_momentum_top_decile,smc_mitigation_zone,Materials,1,1.0,0.7157,0.7157
xs_momentum_top_decile,smc_mitigation_zone,Real Estate,1,0.0,-0.0959,-0.0959
xs_momentum_top_decile,time_stop_10d,Communication Services,1,0.0,-2.5271,-2.5271
xs_momentum_top_decile,time_stop_10d,Consumer Discretionary,1,0.0,-1.3289,-1.3289
xs_momentum_top_decile,time_stop_10d,Consumer Staples,2,0.5,5.00185,10.0037
xs_momentum_top_decile,time_stop_10d,Energy,1,0.0,-2.611,-2.611
xs_momentum_top_decile,time_stop_10d,Health Care,1,1.0,0.1667,0.1667
xs_momentum_top_decile,time_stop_10d,Industrials,6,0.6666666666666666,0.6788500000000002,4.073100000000001
xs_momentum_top_decile,time_stop_10d,Information Technology,2,0.5,0.89035,1.7807
xs_momentum_top_decile,time_stop_10d,Materials,1,0.0,-0.2819,-0.2819
xs_momentum_top_decile,time_stop_10d,Real Estate,1,1.0,0.3358,0.3358
xs_momentum_top_decile,time_stop_20d,Communication Services,1,1.0,0.716,0.716
xs_momentum_top_decile,time_stop_20d,Consumer Discretionary,1,1.0,1.8852,1.8852
xs_momentum_top_decile,time_stop_20d,Consumer Staples,2,0.5,1.1264500000000002,2.2529000000000003
xs_momentum_top_decile,time_stop_20d,Energy,1,0.0,-1.3198,-1.3198
xs_momentum_top_decile,time_stop_20d,Health Care,1,1.0,2.7468,2.7468
xs_momentum_top_decile,time_stop_20d,Industrials,6,0.6666666666666666,4.943883333333333,29.6633
xs_momentum_top_decile,time_stop_20d,Information Technology,2,1.0,5.8757,11.7514
xs_momentum_top_decile,time_stop_20d,Materials,1,1.0,2.6624,2.6624
xs_momentum_top_decile,time_stop_20d,Real Estate,1,1.0,4.2774,4.2774
xs_momentum_top_decile,trailing_10pct,Communication Services,1,1.0,1.3142,1.3142
xs_momentum_top_decile,trailing_10pct,Consumer Discretionary,1,0.0,-6.1843,-6.1843
xs_momentum_top_decile,trailing_10pct,Consumer Staples,2,0.5,-4.18745,-8.3749
xs_momentum_top_decile,trailing_10pct,Energy,1,0.0,-2.2673,-2.2673
xs_momentum_top_decile,trailing_10pct,Health Care,1,1.0,26.5471,26.5471
xs_momentum_top_decile,trailing_10pct,Industrials,6,0.6666666666666666,20.6384,123.8304
xs_momentum_top_decile,trailing_10pct,Information Technology,2,0.5,-7.886900000000001,-15.773800000000001
xs_momentum_top_decile,trailing_10pct,Materials,1,0.0,-3.5751,-3.5751
xs_momentum_top_decile,trailing_10pct,Real Estate,1,0.0,-6.1503,-6.1503
xs_momentum_top_decile,trailing_15pct,Communication Services,1,1.0,16.5594,16.5594
xs_momentum_top_decile,trailing_15pct,Consumer Discretionary,1,0.0,-11.3963,-11.3963
xs_momentum_top_decile,trailing_15pct,Consumer Staples,2,0.5,-1.3569500000000003,-2.7139000000000006
xs_momentum_top_decile,trailing_15pct,Energy,1,0.0,-1.2733,-1.2733
xs_momentum_top_decile,trailing_15pct,Health Care,1,1.0,34.1781,34.1781
xs_momentum_top_decile,trailing_15pct,Industrials,6,0.6666666666666666,22.349483333333335,134.0969
xs_momentum_top_decile,trailing_15pct,Information Technology,2,0.0,-10.7916,-21.5832
xs_momentum_top_decile,trailing_15pct,Materials,1,0.0,-8.2142,-8.2142
xs_momentum_top_decile,trailing_15pct,Real Estate,1,0.0,-11.3642,-11.3642
xs_momentum_top_decile,trailing_5pct,Communication Services,1,0.0,-3.8919,-3.8919
xs_momentum_top_decile,trailing_5pct,Consumer Discretionary,1,0.0,-5.3979,-5.3979
xs_momentum_top_decile,trailing_5pct,Consumer Staples,2,0.0,-4.43945,-8.8789
xs_momentum_top_decile,trailing_5pct,Energy,1,0.0,-3.043,-3.043
xs_momentum_top_decile,trailing_5pct,Health Care,1,0.0,-0.1936,-0.1936
xs_momentum_top_decile,trailing_5pct,Industrials,6,0.3333333333333333,-1.0285333333333335,-6.171200000000001
xs_momentum_top_decile,trailing_5pct,Information Technology,2,0.0,-1.73935,-3.4787
xs_momentum_top_decile,trailing_5pct,Materials,1,0.0,-2.4938,-2.4938
xs_momentum_top_decile,trailing_5pct,Real Estate,1,0.0,-1.3681,-1.3681
