strategy,exit_method,universe_tier,n,win_rate,avg_pnl_pct,total_pnl_pct
adx_initiation,atr_trail_1x,T1a,21,0.38095238095238093,0.21012380952380946,4.4125999999999985
adx_initiation,atr_trail_1x,T1c,1,0.0,-3.5745,-3.5745
adx_initiation,atr_trail_1x,T2,21,0.23809523809523808,-0.6269809523809523,-13.166599999999999
adx_initiation,atr_trail_1x,T3,17,0.4117647058823529,2.6273941176470585,44.665699999999994
adx_initiation,atr_trail_1x,unknown,136,0.27205882352941174,-1.7971838235294118,-244.417
adx_initiation,atr_trail_2x,T1a,21,0.42857142857142855,0.19987619047619049,4.1974
adx_initiation,atr_trail_2x,T1c,1,0.0,-7.1489,-7.1489
adx_initiation,atr_trail_2x,T2,21,0.42857142857142855,3.0654142857142856,64.3737
adx_initiation,atr_trail_2x,T3,17,0.5294117647058824,1.2310647058823527,20.928099999999997
adx_initiation,atr_trail_2x,unknown,136,0.34558823529411764,0.25241176470588217,34.327999999999975
adx_initiation,atr_trail_mae_conditional,T1a,21,0.38095238095238093,0.21012380952380946,4.4125999999999985
adx_initiation,atr_trail_mae_conditional,T1c,1,0.0,-3.5745,-3.5745
adx_initiation,atr_trail_mae_conditional,T2,21,0.23809523809523808,-0.6269809523809523,-13.166599999999999
adx_initiation,atr_trail_mae_conditional,T3,17,0.4117647058823529,2.6273941176470585,44.665699999999994
adx_initiation,atr_trail_mae_conditional,unknown,136,0.27205882352941174,-1.7971838235294118,-244.417
adx_initiation,atr_trail_vix_conditional,T1a,21,0.38095238095238093,1.9640761904761903,41.245599999999996
adx_initiation,atr_trail_vix_conditional,T1c,1,0.0,-3.5745,-3.5745
adx_initiation,atr_trail_vix_conditional,T2,21,0.2857142857142857,-0.08718095238095229,-1.8307999999999982
adx_initiation,atr_trail_vix_conditional,T3,17,0.35294117647058826,-2.7100176470588235,-46.0703
adx_initiation,atr_trail_vix_conditional,unknown,136,0.2426470588235294,-1.317058088235294,-179.1199
adx_initiation,break_even_at_1r,T1a,21,0.23809523809523808,2.032247619047619,42.6772
adx_initiation,break_even_at_1r,T1c,1,0.0,-3.5745,-3.5745
adx_initiation,break_even_at_1r,T2,21,0.047619047619047616,-0.5688285714285714,-11.9454
adx_initiation,break_even_at_1r,T3,17,0.4117647058823529,-1.599794117647059,-27.1965
adx_initiation,break_even_at_1r,unknown,136,0.23529411764705882,-1.7091529411764705,-232.4448
adx_initiation,breakeven_plus_trail,T1a,21,0.38095238095238093,3.5654428571428576,74.8743
adx_initiation,breakeven_plus_trail,T1c,1,0.0,-7.1489,-7.1489
adx_initiation,breakeven_plus_trail,T2,21,0.47619047619047616,9.394961904761905,197.2942
adx_initiation,breakeven_plus_trail,T3,17,0.7647058823529411,8.420617647058823,143.1505
adx_initiation,breakeven_plus_trail,unknown,136,0.49264705882352944,3.8722544117647053,526.6265999999999
adx_initiation,chandelier_3x,T1a,21,0.23809523809523808,0.42950000000000005,9.0195
adx_initiation,chandelier_3x,T1c,1,0.0,-3.327,-3.327
adx_initiation,chandelier_3x,T2,21,0.09523809523809523,-0.7056904761904762,-14.8195
adx_initiation,chandelier_3x,T3,17,0.058823529411764705,-0.626470588235294,-10.649999999999999
adx_initiation,chandelier_3x,unknown,136,0.09558823529411764,0.3384713235294118,46.0321
adx_initiation,class_time_stop,T1a,21,0.47619047619047616,0.566976190476191,11.90650000000001
adx_initiation,class_time_stop,T1c,1,1.0,16.8358,16.8358
adx_initiation,class_time_stop,T2,21,0.5238095238095238,-2.281323809523809,-47.90779999999999
adx_initiation,class_time_stop,T3,17,0.5882352941176471,14.292817647058824,242.9779
adx_initiation,class_time_stop,unknown,136,0.47794117647058826,4.460433088235294,606.6188999999999
adx_initiation,earnings_blackout,T1a,21,0.5238095238095238,0.6662428571428572,13.991100000000003
adx_initiation,earnings_blackout,T1c,1,1.0,12.3117,12.3117
adx_initiation,earnings_blackout,T2,21,0.5238095238095238,6.627999999999999,139.188
adx_initiation,earnings_blackout,T3,17,0.7058823529411765,6.426176470588236,109.245
adx_initiation,earnings_blackout,unknown,136,0.47794117647058826,8.005918382352942,1088.8049
adx_initiation,fixed_4r_2r,T1a,21,0.38095238095238093,3.140923809523809,65.95939999999999
adx_initiation,fixed_4r_2r,T1c,1,0.0,-7.1489,-7.1489
adx_initiation,fixed_4r_2r,T2,21,0.47619047619047616,3.5303095238095237,74.1365
adx_initiation,fixed_4r_2r,T3,17,0.47058823529411764,7.7637,131.9829
adx_initiation,fixed_4r_2r,unknown,136,0.39705882352941174,1.990616911764706,270.7239
adx_initiation,hybrid_50pct_target,T1a,21,0.6190476190476191,4.245904761904762,89.164
adx_initiation,hybrid_50pct_target,T1c,1,0.0,-10.0,-10.0
adx_initiation,hybrid_50pct_target,T2,21,0.6190476190476191,1.8656571428571427,39.178799999999995
adx_initiation,hybrid_50pct_target,T3,17,0.5294117647058824,6.578717647058824,111.8382
adx_initiation,hybrid_50pct_target,unknown,136,0.45588235294117646,0.7771161764705881,105.68779999999998
adx_initiation,ma_exit_ema9,T1a,21,0.3333333333333333,0.20774761904761893,4.362699999999998
adx_initiation,ma_exit_ema9,T1c,1,0.0,-6.6632,-6.6632
adx_initiation,ma_exit_ema9,T2,21,0.42857142857142855,3.3000095238095235,69.30019999999999
adx_initiation,ma_exit_ema9,T3,17,0.29411764705882354,-1.0113647058823527,-17.193199999999997
adx_initiation,ma_exit_ema9,unknown,136,0.4117647058823529,0.5909294117647059,80.36640000000001
adx_initiation,mfe_lockin_trail,T1a,21,0.38095238095238093,-0.10614285714285715,-2.229
adx_initiation,mfe_lockin_trail,T1c,1,0.0,-3.5745,-3.5745
adx_initiation,mfe_lockin_trail,T2,21,0.2857142857142857,0.016033333333333354,0.33670000000000044
adx_initiation,mfe_lockin_trail,T3,17,0.4117647058823529,2.262870588235294,38.4688
adx_initiation,mfe_lockin_trail,unknown,136,0.27205882352941174,-1.8392830882352942,-250.1425
adx_initiation,multi_tier_partial,T1a,21,0.47619047619047616,0.28415714285714283,5.967299999999999
adx_initiation,multi_tier_partial,T1c,1,0.0,-3.5745,-3.5745
adx_initiation,multi_tier_partial,T2,21,0.6190476190476191,0.8976238095238097,18.850100000000005
adx_initiation,multi_tier_partial,T3,17,0.47058823529411764,2.1518058823529413,36.5807
adx_initiation,multi_tier_partial,unknown,136,0.40441176470588236,-1.2273514705882353,-166.9198
adx_initiation,next_pivot_target,T1a,21,0.6666666666666666,0.7597571428571429,15.954900000000002
adx_initiation,next_pivot_target,T1c,1,0.0,-10.0,-10.0
adx_initiation,next_pivot_target,T2,21,0.9047619047619048,2.5080285714285715,52.668600000000005
adx_initiation,next_pivot_target,T3,17,0.6470588235294118,-1.0497352941176472,-17.8455
adx_initiation,next_pivot_target,unknown,136,0.7573529411764706,0.5438676470588236,73.96600000000001
adx_initiation,r_multiple_2r,T1a,21,0.47619047619047616,1.6448999999999998,34.542899999999996
adx_initiation,r_multiple_2r,T1c,1,0.0,-3.5745,-3.5745
adx_initiation,r_multiple_2r,T2,21,0.42857142857142855,2.4613095238095237,51.6875
adx_initiation,r_multiple_2r,T3,17,0.47058823529411764,5.025294117647059,85.43
adx_initiation,r_multiple_2r,unknown,136,0.3235294117647059,-0.5247426470588235,-71.365
adx_initiation,r_multiple_3r,T1a,21,0.42857142857142855,3.0562714285714287,64.1817
adx_initiation,r_multiple_3r,T1c,1,0.0,-3.5745,-3.5745
adx_initiation,r_multiple_3r,T2,21,0.38095238095238093,2.574795238095238,54.0707
adx_initiation,r_multiple_3r,T3,17,0.4117647058823529,5.566941176470588,94.638
adx_initiation,r_multiple_3r,unknown,136,0.2867647058823529,0.8506176470588234,115.68399999999998
adx_initiation,regime_flip,T1a,21,0.5714285714285714,-0.9406952380952381,-19.7546
adx_initiation,regime_flip,T1c,1,0.0,-7.3659,-7.3659
adx_initiation,regime_flip,T2,21,0.5714285714285714,4.879842857142857,102.4767
adx_initiation,regime_flip,T3,17,0.5294117647058824,2.783682352941176,47.322599999999994
adx_initiation,regime_flip,unknown,136,0.4632352941176471,1.1834161764705884,160.9446
adx_initiation,reverse_signal,T1a,21,0.38095238095238093,0.21012380952380946,4.4125999999999985
adx_initiation,reverse_signal,T1c,1,0.0,-3.5745,-3.5745
adx_initiation,reverse_signal,T2,21,0.23809523809523808,-0.6269809523809523,-13.166599999999999
adx_initiation,reverse_signal,T3,17,0.4117647058823529,2.6273941176470585,44.665699999999994
adx_initiation,reverse_signal,unknown,136,0.27205882352941174,-1.7971838235294118,-244.417
adx_initiation,smc_mitigation_zone,T1a,21,0.38095238095238093,0.21012380952380946,4.4125999999999985
adx_initiation,smc_mitigation_zone,T1c,1,0.0,-3.5745,-3.5745
adx_initiation,smc_mitigation_zone,T2,21,0.23809523809523808,-0.6269809523809523,-13.166599999999999
adx_initiation,smc_mitigation_zone,T3,17,0.4117647058823529,2.6273941176470585,44.665699999999994
adx_initiation,smc_mitigation_zone,unknown,136,0.27205882352941174,-1.7971838235294118,-244.417
adx_initiation,time_stop_10d,T1a,21,0.5714285714285714,-0.14676666666666668,-3.0821000000000005
adx_initiation,time_stop_10d,T1c,1,0.0,-7.4098,-7.4098
adx_initiation,time_stop_10d,T2,21,0.5238095238095238,3.405380952380953,71.513
adx_initiation,time_stop_10d,T3,17,0.5294117647058824,3.9498470588235297,67.1474
adx_initiation,time_stop_10d,unknown,136,0.45588235294117646,2.2093852941176473,300.4764
adx_initiation,time_stop_20d,T1a,21,0.5714285714285714,-0.9406952380952381,-19.7546
adx_initiation,time_stop_20d,T1c,1,0.0,-7.3659,-7.3659
adx_initiation,time_stop_20d,T2,21,0.5714285714285714,4.879842857142857,102.4767
adx_initiation,time_stop_20d,T3,17,0.5294117647058824,2.783682352941176,47.322599999999994
adx_initiation,time_stop_20d,unknown,136,0.4632352941176471,1.1834161764705884,160.9446
adx_initiation,trailing_10pct,T1a,21,0.3333333333333333,0.33999999999999997,7.139999999999999
adx_initiation,trailing_10pct,T1c,1,0.0,-10.0,-10.0
adx_initiation,trailing_10pct,T2,21,0.38095238095238093,0.4310571428571426,9.052199999999994
adx_initiation,trailing_10pct,T3,17,0.47058823529411764,-2.7166117647058825,-46.1824
adx_initiation,trailing_10pct,unknown,136,0.3161764705882353,-1.0154992647058823,-138.1079
adx_initiation,trailing_15pct,T1a,21,0.38095238095238093,0.6217952380952383,13.057700000000004
adx_initiation,trailing_15pct,T1c,1,0.0,-0.5029,-0.5029
adx_initiation,trailing_15pct,T2,21,0.42857142857142855,23.506561904761906,493.6378
adx_initiation,trailing_15pct,T3,17,0.35294117647058826,-1.9795235294117646,-33.6519
adx_initiation,trailing_15pct,unknown,136,0.3382352941176471,1.4499507352941179,197.19330000000002
adx_initiation,trailing_5pct,T1a,21,0.42857142857142855,0.8223761904761906,17.269900000000003
adx_initiation,trailing_5pct,T1c,1,0.0,-5.0,-5.0
adx_initiation,trailing_5pct,T2,21,0.09523809523809523,-1.4727333333333332,-30.9274
adx_initiation,trailing_5pct,T3,17,0.29411764705882354,-0.9039117647058823,-15.366499999999998
adx_initiation,trailing_5pct,unknown,136,0.19117647058823528,-1.808997794117647,-246.0237
avwap_252_breakout,atr_trail_1x,T1ETF,2,0.5,1.3152,2.6304
avwap_252_breakout,atr_trail_1x,T1a,12,0.25,-0.5771750000000001,-6.926100000000001
avwap_252_breakout,atr_trail_1x,T1c,1,1.0,1.7008,1.7008
avwap_252_breakout,atr_trail_1x,T2,12,0.25,-1.0197083333333332,-12.2365
avwap_252_breakout,atr_trail_1x,unknown,15,0.26666666666666666,-1.9033733333333334,-28.5506
avwap_252_breakout,atr_trail_2x,T1ETF,2,1.0,5.62145,11.2429
avwap_252_breakout,atr_trail_2x,T1a,12,0.5,0.41365833333333324,4.963899999999999
avwap_252_breakout,atr_trail_2x,T1c,1,0.0,-0.7051,-0.7051
avwap_252_breakout,atr_trail_2x,T2,12,0.5,5.393625,64.7235
avwap_252_breakout,atr_trail_2x,unknown,15,0.3333333333333333,-2.268266666666667,-34.024
avwap_252_breakout,atr_trail_mae_conditional,T1ETF,2,0.5,1.3152,2.6304
avwap_252_breakout,atr_trail_mae_conditional,T1a,12,0.25,-0.5771750000000001,-6.926100000000001
avwap_252_breakout,atr_trail_mae_conditional,T1c,1,1.0,1.7008,1.7008
avwap_252_breakout,atr_trail_mae_conditional,T2,12,0.25,-1.0197083333333332,-12.2365
avwap_252_breakout,atr_trail_mae_conditional,unknown,15,0.26666666666666666,-1.9033733333333334,-28.5506
avwap_252_breakout,atr_trail_vix_conditional,T1ETF,2,0.5,6.368650000000001,12.737300000000001
avwap_252_breakout,atr_trail_vix_conditional,T1a,12,0.25,-0.3923250000000001,-4.707900000000001
avwap_252_breakout,atr_trail_vix_conditional,T1c,1,0.0,-0.0968,-0.0968
avwap_252_breakout,atr_trail_vix_conditional,T2,12,0.25,-2.1953583333333335,-26.3443
avwap_252_breakout,atr_trail_vix_conditional,unknown,15,0.2,-3.1178866666666663,-46.768299999999996
avwap_252_breakout,break_even_at_1r,T1ETF,2,0.5,5.0189,10.0378
avwap_252_breakout,break_even_at_1r,T1a,12,0.08333333333333333,-0.9306333333333333,-11.1676
avwap_252_breakout,break_even_at_1r,T1c,1,0.0,0.0,0.0
avwap_252_breakout,break_even_at_1r,T2,12,0.25,0.48522499999999996,5.822699999999999
avwap_252_breakout,break_even_at_1r,unknown,15,0.26666666666666666,-1.0931733333333333,-16.3976
avwap_252_breakout,breakeven_plus_trail,T1ETF,2,0.5,5.06215,10.1243
avwap_252_breakout,breakeven_plus_trail,T1a,12,0.5,5.533066666666667,66.3968
avwap_252_breakout,breakeven_plus_trail,T1c,1,0.0,0.0,0.0
avwap_252_breakout,breakeven_plus_trail,T2,12,0.5,5.989858333333333,71.8783
avwap_252_breakout,breakeven_plus_trail,unknown,15,0.6,2.3933999999999997,35.900999999999996
avwap_252_breakout,chandelier_3x,T1ETF,2,0.5,5.52085,11.0417
avwap_252_breakout,chandelier_3x,T1a,12,0.3333333333333333,2.141225,25.694699999999997
avwap_252_breakout,chandelier_3x,T1c,1,0.0,-0.6691,-0.6691
avwap_252_breakout,chandelier_3x,T2,12,0.3333333333333333,3.2027916666666667,38.4335
avwap_252_breakout,chandelier_3x,unknown,15,0.26666666666666666,-0.013673333333333263,-0.20509999999999895
avwap_252_breakout,class_time_stop,T1ETF,2,1.0,9.774899999999999,19.549799999999998
avwap_252_breakout,class_time_stop,T1a,12,0.75,6.921975,83.0637
avwap_252_breakout,class_time_stop,T1c,1,0.0,-19.7031,-19.7031
avwap_252_breakout,class_time_stop,T2,12,0.6666666666666666,3.863975,46.3677
avwap_252_breakout,class_time_stop,unknown,15,0.6,3.603746666666667,54.056200000000004
avwap_252_breakout,earnings_blackout,T1ETF,2,0.5,-53.0428,-106.0856
avwap_252_breakout,earnings_blackout,T1a,12,0.5833333333333334,2.815425,33.7851
avwap_252_breakout,earnings_blackout,T1c,1,0.0,-31.3012,-31.3012
avwap_252_breakout,earnings_blackout,T2,12,0.3333333333333333,2.630816666666666,31.569799999999994
avwap_252_breakout,earnings_blackout,unknown,15,0.5333333333333333,11.221959999999997,168.32939999999996
avwap_252_breakout,fixed_4r_2r,T1ETF,2,0.5,4.7783999999999995,9.556799999999999
avwap_252_breakout,fixed_4r_2r,T1a,12,0.5833333333333334,4.555041666666667,54.6605
avwap_252_breakout,fixed_4r_2r,T1c,1,0.0,-7.0158,-7.0158
avwap_252_breakout,fixed_4r_2r,T2,12,0.4166666666666667,6.810741666666666,81.7289
avwap_252_breakout,fixed_4r_2r,unknown,15,0.3333333333333333,-3.1615733333333336,-47.4236
avwap_252_breakout,hybrid_50pct_target,T1ETF,2,1.0,8.6248,17.2496
avwap_252_breakout,hybrid_50pct_target,T1a,12,0.75,1.71875,20.625
avwap_252_breakout,hybrid_50pct_target,T1c,1,0.0,-10.0,-10.0
avwap_252_breakout,hybrid_50pct_target,T2,12,0.8333333333333334,10.795525,129.5463
avwap_252_breakout,hybrid_50pct_target,unknown,15,0.5333333333333333,-121.54042,-1823.1063
avwap_252_breakout,ma_exit_ema9,T1ETF,2,1.0,7.0064,14.0128
avwap_252_breakout,ma_exit_ema9,T1a,12,0.4166666666666667,3.2842083333333334,39.4105
avwap_252_breakout,ma_exit_ema9,T1c,1,1.0,0.7777,0.7777
avwap_252_breakout,ma_exit_ema9,T2,12,0.4166666666666667,0.5924083333333333,7.1089
avwap_252_breakout,ma_exit_ema9,unknown,15,0.4,1.46344,21.951600000000003
avwap_252_breakout,mfe_lockin_trail,T1ETF,2,0.5,1.3152,2.6304
avwap_252_breakout,mfe_lockin_trail,T1a,12,0.25,-0.45547500000000013,-5.465700000000002
avwap_252_breakout,mfe_lockin_trail,T1c,1,1.0,1.7008,1.7008
avwap_252_breakout,mfe_lockin_trail,T2,12,0.25,-1.2721333333333333,-15.2656
avwap_252_breakout,mfe_lockin_trail,unknown,15,0.26666666666666666,-1.8036466666666664,-27.054699999999997
avwap_252_breakout,multi_tier_partial,T1ETF,2,1.0,1.7234,3.4468
avwap_252_breakout,multi_tier_partial,T1a,12,0.5833333333333334,-0.3945583333333334,-4.734700000000001
avwap_252_breakout,multi_tier_partial,T1c,1,1.0,2.0705,2.0705
avwap_252_breakout,multi_tier_partial,T2,12,0.4166666666666667,-0.2581333333333335,-3.0976000000000017
avwap_252_breakout,multi_tier_partial,unknown,15,0.4,-1.1167200000000002,-16.7508
avwap_252_breakout,next_pivot_target,T1ETF,2,1.0,5.2152,10.4304
avwap_252_breakout,next_pivot_target,T1a,12,0.75,1.8253666666666664,21.904399999999995
avwap_252_breakout,next_pivot_target,T1c,1,1.0,0.2867,0.2867
avwap_252_breakout,next_pivot_target,T2,12,0.5833333333333334,1.1684999999999997,14.021999999999997
avwap_252_breakout,next_pivot_target,unknown,15,0.7333333333333333,-1.0671666666666666,-16.0075
avwap_252_breakout,r_multiple_2r,T1ETF,2,1.0,5.662,11.324
avwap_252_breakout,r_multiple_2r,T1a,12,0.5833333333333334,1.9563249999999999,23.4759
avwap_252_breakout,r_multiple_2r,T1c,1,0.0,-2.8098,-2.8098
avwap_252_breakout,r_multiple_2r,T2,12,0.25,0.02005833333333351,0.24070000000000213
avwap_252_breakout,r_multiple_2r,unknown,15,0.4,0.7650799999999999,11.476199999999999
avwap_252_breakout,r_multiple_3r,T1ETF,2,0.5,4.0322,8.0644
avwap_252_breakout,r_multiple_3r,T1a,12,0.4166666666666667,1.5773416666666666,18.9281
avwap_252_breakout,r_multiple_3r,T1c,1,0.0,-2.8098,-2.8098
avwap_252_breakout,r_multiple_3r,T2,12,0.16666666666666666,-0.37060833333333343,-4.447300000000001
avwap_252_breakout,r_multiple_3r,unknown,15,0.26666666666666666,-1.3603999999999998,-20.406
avwap_252_breakout,regime_flip,T1ETF,2,1.0,9.0424,18.0848
avwap_252_breakout,regime_flip,T1a,12,0.75,3.7099333333333333,44.5192
avwap_252_breakout,regime_flip,T1c,1,0.0,-0.6338,-0.6338
avwap_252_breakout,regime_flip,T2,12,0.5,-1.9405833333333333,-23.287
avwap_252_breakout,regime_flip,unknown,15,0.4666666666666667,-2.507686666666667,-37.615300000000005
avwap_252_breakout,reverse_signal,T1ETF,2,0.5,1.3152,2.6304
avwap_252_breakout,reverse_signal,T1a,12,0.25,-0.5771750000000001,-6.926100000000001
avwap_252_breakout,reverse_signal,T1c,1,1.0,1.7008,1.7008
avwap_252_breakout,reverse_signal,T2,12,0.25,-1.0197083333333332,-12.2365
avwap_252_breakout,reverse_signal,unknown,15,0.26666666666666666,-1.9033733333333334,-28.5506
avwap_252_breakout,smc_mitigation_zone,T1ETF,2,0.5,1.3152,2.6304
avwap_252_breakout,smc_mitigation_zone,T1a,12,0.25,-0.5771750000000001,-6.926100000000001
avwap_252_breakout,smc_mitigation_zone,T1c,1,1.0,1.7008,1.7008
avwap_252_breakout,smc_mitigation_zone,T2,12,0.25,-1.0197083333333332,-12.2365
avwap_252_breakout,smc_mitigation_zone,unknown,15,0.26666666666666666,-1.9033733333333334,-28.5506
avwap_252_breakout,time_stop_10d,T1ETF,2,0.5,2.1523,4.3046
avwap_252_breakout,time_stop_10d,T1a,12,0.5833333333333334,4.264608333333333,51.1753
avwap_252_breakout,time_stop_10d,T1c,1,1.0,3.0942,3.0942
avwap_252_breakout,time_stop_10d,T2,12,0.5,0.4530416666666668,5.436500000000001
avwap_252_breakout,time_stop_10d,unknown,15,0.4666666666666667,1.6362466666666664,24.543699999999998
avwap_252_breakout,time_stop_20d,T1ETF,2,1.0,9.0424,18.0848
avwap_252_breakout,time_stop_20d,T1a,12,0.75,3.7099333333333333,44.5192
avwap_252_breakout,time_stop_20d,T1c,1,0.0,-0.6338,-0.6338
avwap_252_breakout,time_stop_20d,T2,12,0.5,-1.9405833333333333,-23.287
avwap_252_breakout,time_stop_20d,unknown,15,0.4666666666666667,-2.507686666666667,-37.615300000000005
avwap_252_breakout,trailing_10pct,T1ETF,2,1.0,9.6298,19.2596
avwap_252_breakout,trailing_10pct,T1a,12,0.5,2.58905,31.0686
avwap_252_breakout,trailing_10pct,T1c,1,0.0,-7.0158,-7.0158
avwap_252_breakout,trailing_10pct,T2,12,0.4166666666666667,-0.5839666666666669,-7.007600000000002
avwap_252_breakout,trailing_10pct,unknown,15,0.3333333333333333,-2.0105933333333335,-30.1589
avwap_252_breakout,trailing_15pct,T1ETF,2,1.0,22.83315,45.6663
avwap_252_breakout,trailing_15pct,T1a,12,0.5,3.5234166666666664,42.281
avwap_252_breakout,trailing_15pct,T1c,1,0.0,-11.5093,-11.5093
avwap_252_breakout,trailing_15pct,T2,12,0.3333333333333333,-1.1010083333333331,-13.212099999999998
avwap_252_breakout,trailing_15pct,unknown,15,0.4,1.1151000000000006,16.72650000000001
avwap_252_breakout,trailing_5pct,T1ETF,2,0.5,6.61165,13.2233
avwap_252_breakout,trailing_5pct,T1a,12,0.4166666666666667,0.7647166666666666,9.176599999999999
avwap_252_breakout,trailing_5pct,T1c,1,0.0,-1.0986,-1.0986
avwap_252_breakout,trailing_5pct,T2,12,0.16666666666666666,-2.1992333333333334,-26.3908
avwap_252_breakout,trailing_5pct,unknown,15,0.13333333333333333,-1.9169333333333332,-28.753999999999998
avwap_50_reclaim,atr_trail_1x,T1ETF,3,0.0,-1.469,-4.407
avwap_50_reclaim,atr_trail_1x,T1a,64,0.1875,-1.607996875,-102.9118
avwap_50_reclaim,atr_trail_1x,T1c,26,0.23076923076923078,-1.9894076923076924,-51.7246
avwap_50_reclaim,atr_trail_1x,T2,59,0.3220338983050847,-0.9940711864406779,-58.6502
avwap_50_reclaim,atr_trail_1x,T3,18,0.16666666666666666,-6.3831444444444445,-114.8966
avwap_50_reclaim,atr_trail_1x,unknown,107,0.2616822429906542,-1.8680766355140186,-199.8842
avwap_50_reclaim,atr_trail_2x,T1ETF,3,0.3333333333333333,-2.6019,-7.8057
avwap_50_reclaim,atr_trail_2x,T1a,64,0.328125,-1.30331875,-83.4124
avwap_50_reclaim,atr_trail_2x,T1c,26,0.38461538461538464,1.6829230769230772,43.75600000000001
avwap_50_reclaim,atr_trail_2x,T2,59,0.3728813559322034,-1.1486169491525426,-67.76840000000001
avwap_50_reclaim,atr_trail_2x,T3,18,0.2777777777777778,-8.286200000000001,-149.1516
avwap_50_reclaim,atr_trail_2x,unknown,107,0.34579439252336447,-0.8308177570093457,-88.8975
avwap_50_reclaim,atr_trail_mae_conditional,T1ETF,3,0.0,-1.469,-4.407
avwap_50_reclaim,atr_trail_mae_conditional,T1a,64,0.1875,-1.607996875,-102.9118
avwap_50_reclaim,atr_trail_mae_conditional,T1c,26,0.23076923076923078,-1.9894076923076924,-51.7246
avwap_50_reclaim,atr_trail_mae_conditional,T2,59,0.3220338983050847,-0.9940711864406779,-58.6502
avwap_50_reclaim,atr_trail_mae_conditional,T3,18,0.16666666666666666,-6.3831444444444445,-114.8966
avwap_50_reclaim,atr_trail_mae_conditional,unknown,107,0.2616822429906542,-1.8680766355140186,-199.8842
avwap_50_reclaim,atr_trail_vix_conditional,T1ETF,3,0.0,-1.1578666666666668,-3.4736000000000002
avwap_50_reclaim,atr_trail_vix_conditional,T1a,64,0.21875,-1.66263125,-106.4084
avwap_50_reclaim,atr_trail_vix_conditional,T1c,26,0.23076923076923078,-2.537961538461538,-65.987
avwap_50_reclaim,atr_trail_vix_conditional,T2,59,0.288135593220339,-1.730764406779661,-102.1151
avwap_50_reclaim,atr_trail_vix_conditional,T3,18,0.3888888888888889,-5.570894444444445,-100.2761
avwap_50_reclaim,atr_trail_vix_conditional,unknown,107,0.308411214953271,-1.909488785046729,-204.3153
avwap_50_reclaim,break_even_at_1r,T1ETF,3,0.0,-2.421533333333333,-7.2646
avwap_50_reclaim,break_even_at_1r,T1a,64,0.046875,-1.63024375,-104.3356
avwap_50_reclaim,break_even_at_1r,T1c,26,0.11538461538461539,-0.9210884615384617,-23.948300000000003
avwap_50_reclaim,break_even_at_1r,T2,59,0.2033898305084746,-0.2626372881355933,-15.495600000000003
avwap_50_reclaim,break_even_at_1r,T3,18,0.16666666666666666,-6.708616666666667,-120.7551
avwap_50_reclaim,break_even_at_1r,unknown,107,0.18691588785046728,-1.4107271028037383,-150.9478
avwap_50_reclaim,breakeven_plus_trail,T1ETF,3,0.0,-3.832333333333333,-11.497
avwap_50_reclaim,breakeven_plus_trail,T1a,64,0.25,-1.221096875,-78.1502
avwap_50_reclaim,breakeven_plus_trail,T1c,26,0.46153846153846156,4.302296153846154,111.8597
avwap_50_reclaim,breakeven_plus_trail,T2,59,0.4067796610169492,0.7310169491525423,43.129999999999995
avwap_50_reclaim,breakeven_plus_trail,T3,18,0.3888888888888889,-2.7941222222222226,-50.294200000000004
avwap_50_reclaim,breakeven_plus_trail,unknown,107,0.48598130841121495,3.4168084112149533,365.5985
avwap_50_reclaim,chandelier_3x,T1ETF,3,0.3333333333333333,-2.103,-6.309
avwap_50_reclaim,chandelier_3x,T1a,64,0.296875,-1.78616875,-114.3148
avwap_50_reclaim,chandelier_3x,T1c,26,0.38461538461538464,1.3098346153846154,34.0557
avwap_50_reclaim,chandelier_3x,T2,59,0.3389830508474576,-2.1397389830508478,-126.2446
avwap_50_reclaim,chandelier_3x,T3,18,0.2222222222222222,-7.590500000000001,-136.62900000000002
avwap_50_reclaim,chandelier_3x,unknown,107,0.3644859813084112,-0.9499813084112149,-101.648
avwap_50_reclaim,class_time_stop,T1ETF,3,0.6666666666666666,-6.145733333333333,-18.4372
avwap_50_reclaim,class_time_stop,T1a,64,0.359375,-4.9790390625,-318.6585
avwap_50_reclaim,class_time_stop,T1c,26,0.5769230769230769,2.0297730769230773,52.774100000000004
avwap_50_reclaim,class_time_stop,T2,59,0.5932203389830508,0.1624084745762711,9.582099999999995
avwap_50_reclaim,class_time_stop,T3,18,0.4444444444444444,-7.858161111111111,-141.4469
avwap_50_reclaim,class_time_stop,unknown,107,0.5607476635514018,-0.45230841121495324,-48.397
avwap_50_reclaim,earnings_blackout,T1ETF,3,0.3333333333333333,-116.59493333333334,-349.7848
avwap_50_reclaim,earnings_blackout,T1a,64,0.40625,-3.5643734375,-228.1199
avwap_50_reclaim,earnings_blackout,T1c,26,0.5,-4.215765384615384,-109.6099
avwap_50_reclaim,earnings_blackout,T2,59,0.5423728813559322,0.17706440677966115,10.446800000000009
avwap_50_reclaim,earnings_blackout,T3,18,0.2222222222222222,-11.186227777777779,-201.3521
avwap_50_reclaim,earnings_blackout,unknown,107,0.48598130841121495,-5.228422429906543,-559.4412000000001
avwap_50_reclaim,fixed_4r_2r,T1ETF,3,0.3333333333333333,-2.2657333333333334,-6.7972
avwap_50_reclaim,fixed_4r_2r,T1a,64,0.34375,-1.27721875,-81.742
avwap_50_reclaim,fixed_4r_2r,T1c,26,0.38461538461538464,1.8734192307692308,48.7089
avwap_50_reclaim,fixed_4r_2r,T2,59,0.4067796610169492,0.2950016949152542,17.405099999999997
avwap_50_reclaim,fixed_4r_2r,T3,18,0.3333333333333333,-4.288872222222222,-77.1997
avwap_50_reclaim,fixed_4r_2r,unknown,107,0.34579439252336447,-0.8872364485981308,-94.9343
avwap_50_reclaim,hybrid_50pct_target,T1ETF,3,0.6666666666666666,-71.47963333333333,-214.4389
avwap_50_reclaim,hybrid_50pct_target,T1a,64,0.75,-7.171021875,-458.9454
avwap_50_reclaim,hybrid_50pct_target,T1c,26,0.8461538461538461,-2.7267923076923077,-70.8966
avwap_50_reclaim,hybrid_50pct_target,T2,59,0.7627118644067796,-3.081447457627119,-181.80540000000002
avwap_50_reclaim,hybrid_50pct_target,T3,18,0.6111111111111112,-23.92546666666667,-430.65840000000003
avwap_50_reclaim,hybrid_50pct_target,unknown,107,0.7009345794392523,-31.107793457943927,-3328.5339000000004
avwap_50_reclaim,ma_exit_ema9,T1ETF,3,0.0,-1.8602999999999998,-5.5809
avwap_50_reclaim,ma_exit_ema9,T1a,64,0.234375,-1.304146875,-83.4654
avwap_50_reclaim,ma_exit_ema9,T1c,26,0.23076923076923078,1.5294153846153846,39.7648
avwap_50_reclaim,ma_exit_ema9,T2,59,0.4576271186440678,-0.018625423728813626,-1.098900000000004
avwap_50_reclaim,ma_exit_ema9,T3,18,0.2222222222222222,-4.410172222222222,-79.3831
avwap_50_reclaim,ma_exit_ema9,unknown,107,0.27102803738317754,-0.8752401869158879,-93.6507
avwap_50_reclaim,mfe_lockin_trail,T1ETF,3,0.0,-1.469,-4.407
avwap_50_reclaim,mfe_lockin_trail,T1a,64,0.1875,-1.6144015625,-103.3217
avwap_50_reclaim,mfe_lockin_trail,T1c,26,0.23076923076923078,-1.9853192307692307,-51.6183
avwap_50_reclaim,mfe_lockin_trail,T2,59,0.3220338983050847,-1.0345898305084746,-61.0408
avwap_50_reclaim,mfe_lockin_trail,T3,18,0.16666666666666666,-6.292483333333333,-113.2647
avwap_50_reclaim,mfe_lockin_trail,unknown,107,0.2616822429906542,-1.6840514018691588,-180.1935
avwap_50_reclaim,multi_tier_partial,T1ETF,3,0.0,-1.469,-4.407
avwap_50_reclaim,multi_tier_partial,T1a,64,0.328125,-1.3044203125,-83.4829
avwap_50_reclaim,multi_tier_partial,T1c,26,0.34615384615384615,-1.9896230769230772,-51.7302
avwap_50_reclaim,multi_tier_partial,T2,59,0.4576271186440678,-0.6357627118644067,-37.51
avwap_50_reclaim,multi_tier_partial,T3,18,0.2222222222222222,-6.385022222222222,-114.9304
avwap_50_reclaim,multi_tier_partial,unknown,107,0.37383177570093457,-1.3473046728971962,-144.1616
avwap_50_reclaim,next_pivot_target,T1ETF,3,0.6666666666666666,-0.8734333333333333,-2.6203
avwap_50_reclaim,next_pivot_target,T1a,64,0.734375,-0.5600796875,-35.8451
avwap_50_reclaim,next_pivot_target,T1c,26,0.7307692307692307,1.0860423076923078,28.2371
avwap_50_reclaim,next_pivot_target,T2,59,0.6949152542372882,-0.8762237288135594,-51.6972
avwap_50_reclaim,next_pivot_target,T3,18,0.5555555555555556,-3.064233333333333,-55.1562
avwap_50_reclaim,next_pivot_target,unknown,107,0.6355140186915887,-1.228418691588785,-131.4408
avwap_50_reclaim,r_multiple_2r,T1ETF,3,0.0,-2.421533333333333,-7.2646
avwap_50_reclaim,r_multiple_2r,T1a,64,0.296875,-1.0156421875000001,-65.00110000000001
avwap_50_reclaim,r_multiple_2r,T1c,26,0.23076923076923078,-1.6158615384615385,-42.0124
avwap_50_reclaim,r_multiple_2r,T2,59,0.4576271186440678,1.106664406779661,65.2932
avwap_50_reclaim,r_multiple_2r,T3,18,0.16666666666666666,-7.03275,-126.5895
avwap_50_reclaim,r_multiple_2r,unknown,107,0.2803738317757009,-0.9659523364485981,-103.3569
avwap_50_reclaim,r_multiple_3r,T1ETF,3,0.0,-2.421533333333333,-7.2646
avwap_50_reclaim,r_multiple_3r,T1a,64,0.21875,-1.2670281250000002,-81.08980000000001
avwap_50_reclaim,r_multiple_3r,T1c,26,0.19230769230769232,-1.5090615384615385,-39.2356
avwap_50_reclaim,r_multiple_3r,T2,59,0.3220338983050847,0.4630271186440678,27.3186
avwap_50_reclaim,r_multiple_3r,T3,18,0.16666666666666666,-6.052672222222222,-108.9481
avwap_50_reclaim,r_multiple_3r,unknown,107,0.22429906542056074,-0.9074299065420559,-97.09499999999998
avwap_50_reclaim,regime_flip,T1ETF,3,0.3333333333333333,-5.206566666666666,-15.6197
avwap_50_reclaim,regime_flip,T1a,64,0.421875,-2.6053859375,-166.7447
avwap_50_reclaim,regime_flip,T1c,26,0.5,0.8901730769230767,23.144499999999994
avwap_50_reclaim,regime_flip,T2,59,0.6271186440677966,1.2937525423728813,76.3314
avwap_50_reclaim,regime_flip,T3,18,0.4444444444444444,-6.121455555555556,-110.18620000000001
avwap_50_reclaim,regime_flip,unknown,107,0.5327102803738317,0.29713457943925264,31.793400000000034
avwap_50_reclaim,reverse_signal,T1ETF,3,0.0,-1.469,-4.407
avwap_50_reclaim,reverse_signal,T1a,64,0.1875,-1.607996875,-102.9118
avwap_50_reclaim,reverse_signal,T1c,26,0.23076923076923078,-1.9894076923076924,-51.7246
avwap_50_reclaim,reverse_signal,T2,59,0.3220338983050847,-0.9940711864406779,-58.6502
avwap_50_reclaim,reverse_signal,T3,18,0.16666666666666666,-6.3831444444444445,-114.8966
avwap_50_reclaim,reverse_signal,unknown,107,0.2616822429906542,-1.8680766355140186,-199.8842
avwap_50_reclaim,smc_mitigation_zone,T1ETF,3,0.0,-1.469,-4.407
avwap_50_reclaim,smc_mitigation_zone,T1a,64,0.1875,-1.607996875,-102.9118
avwap_50_reclaim,smc_mitigation_zone,T1c,26,0.23076923076923078,-1.9894076923076924,-51.7246
avwap_50_reclaim,smc_mitigation_zone,T2,59,0.3220338983050847,-0.9940711864406779,-58.6502
avwap_50_reclaim,smc_mitigation_zone,T3,18,0.16666666666666666,-6.3831444444444445,-114.8966
avwap_50_reclaim,smc_mitigation_zone,unknown,107,0.2616822429906542,-1.8680766355140186,-199.8842
avwap_50_reclaim,time_stop_10d,T1ETF,3,0.6666666666666666,-1.9595666666666667,-5.8787
avwap_50_reclaim,time_stop_10d,T1a,64,0.453125,-1.226028125,-78.4658
avwap_50_reclaim,time_stop_10d,T1c,26,0.46153846153846156,0.399126923076923,10.377299999999998
avwap_50_reclaim,time_stop_10d,T2,59,0.5423728813559322,0.32133220338983065,18.958600000000008
avwap_50_reclaim,time_stop_10d,T3,18,0.3888888888888889,-5.435227777777778,-97.8341
avwap_50_reclaim,time_stop_10d,unknown,107,0.5700934579439252,0.405681308411215,43.407900000000005
avwap_50_reclaim,time_stop_20d,T1ETF,3,0.3333333333333333,-5.206566666666666,-15.6197
avwap_50_reclaim,time_stop_20d,T1a,64,0.421875,-2.6053859375,-166.7447
avwap_50_reclaim,time_stop_20d,T1c,26,0.5,0.8901730769230767,23.144499999999994
avwap_50_reclaim,time_stop_20d,T2,59,0.6271186440677966,1.2937525423728813,76.3314
avwap_50_reclaim,time_stop_20d,T3,18,0.4444444444444444,-6.121455555555556,-110.18620000000001
avwap_50_reclaim,time_stop_20d,unknown,107,0.5327102803738317,0.29713457943925264,31.793400000000034
avwap_50_reclaim,trailing_10pct,T1ETF,3,0.0,-5.4898,-16.4694
avwap_50_reclaim,trailing_10pct,T1a,64,0.3125,-2.940978125,-188.2226
avwap_50_reclaim,trailing_10pct,T1c,26,0.46153846153846156,1.2427884615384615,32.3125
avwap_50_reclaim,trailing_10pct,T2,59,0.423728813559322,-0.24063389830508483,-14.197400000000005
avwap_50_reclaim,trailing_10pct,T3,18,0.3333333333333333,-3.5304777777777776,-63.5486
avwap_50_reclaim,trailing_10pct,unknown,107,0.34579439252336447,-1.1607757009345794,-124.203
avwap_50_reclaim,trailing_15pct,T1ETF,3,0.3333333333333333,3.7094333333333336,11.128300000000001
avwap_50_reclaim,trailing_15pct,T1a,64,0.328125,-3.7056671875,-237.1627
avwap_50_reclaim,trailing_15pct,T1c,26,0.46153846153846156,-0.4189192307692308,-10.891900000000001
avwap_50_reclaim,trailing_15pct,T2,59,0.4576271186440678,-1.7580881355932203,-103.7272
avwap_50_reclaim,trailing_15pct,T3,18,0.2777777777777778,-4.245172222222222,-76.4131
avwap_50_reclaim,trailing_15pct,unknown,107,0.34579439252336447,-1.3079635514018688,-139.95209999999997
avwap_50_reclaim,trailing_5pct,T1ETF,3,0.3333333333333333,-0.7279333333333335,-2.1838000000000006
avwap_50_reclaim,trailing_5pct,T1a,64,0.359375,-0.8115562500000001,-51.939600000000006
avwap_50_reclaim,trailing_5pct,T1c,26,0.38461538461538464,0.7843499999999999,20.393099999999997
avwap_50_reclaim,trailing_5pct,T2,59,0.2711864406779661,-0.7976966101694914,-47.064099999999996
avwap_50_reclaim,trailing_5pct,T3,18,0.05555555555555555,-3.421666666666667,-61.59
avwap_50_reclaim,trailing_5pct,unknown,107,0.24299065420560748,-1.882263551401869,-201.4022
awesome_oscillator,atr_trail_1x,T1ETF,1,0.0,-1.8913,-1.8913
awesome_oscillator,atr_trail_1x,T1a,8,0.125,-2.0882375,-16.7059
awesome_oscillator,atr_trail_1x,T1c,4,0.75,2.3172249999999996,9.268899999999999
awesome_oscillator,atr_trail_1x,T2,9,0.2222222222222222,-0.5327777777777778,-4.795
awesome_oscillator,atr_trail_1x,T3,2,1.0,9.4307,18.8614
awesome_oscillator,atr_trail_1x,unknown,32,0.1875,-2.84650625,-91.0882
awesome_oscillator,atr_trail_2x,T1ETF,1,0.0,-3.7826,-3.7826
awesome_oscillator,atr_trail_2x,T1a,8,0.25,0.5051375,4.0411
awesome_oscillator,atr_trail_2x,T1c,4,0.75,4.969575,19.8783
awesome_oscillator,atr_trail_2x,T2,9,0.3333333333333333,0.13765555555555542,1.2388999999999988
awesome_oscillator,atr_trail_2x,T3,2,0.5,0.0947,0.1894
awesome_oscillator,atr_trail_2x,unknown,32,0.34375,-2.561496875,-81.9679
awesome_oscillator,atr_trail_mae_conditional,T1ETF,1,0.0,-1.8913,-1.8913
awesome_oscillator,atr_trail_mae_conditional,T1a,8,0.125,-2.0882375,-16.7059
awesome_oscillator,atr_trail_mae_conditional,T1c,4,0.75,2.3172249999999996,9.268899999999999
awesome_oscillator,atr_trail_mae_conditional,T2,9,0.2222222222222222,-0.5327777777777778,-4.795
awesome_oscillator,atr_trail_mae_conditional,T3,2,1.0,9.4307,18.8614
awesome_oscillator,atr_trail_mae_conditional,unknown,32,0.1875,-2.84650625,-91.0882
awesome_oscillator,atr_trail_vix_conditional,T1ETF,1,0.0,-1.4185,-1.4185
awesome_oscillator,atr_trail_vix_conditional,T1a,8,0.125,-2.0903375,-16.7227
awesome_oscillator,atr_trail_vix_conditional,T1c,4,0.5,2.94925,11.797
awesome_oscillator,atr_trail_vix_conditional,T2,9,0.3333333333333333,0.5835111111111112,5.251600000000001
awesome_oscillator,atr_trail_vix_conditional,T3,2,1.0,2.9275,5.855
awesome_oscillator,atr_trail_vix_conditional,unknown,32,0.125,-2.69639375,-86.2846
awesome_oscillator,break_even_at_1r,T1ETF,1,0.0,-1.8913,-1.8913
awesome_oscillator,break_even_at_1r,T1a,8,0.0,-2.3070125,-18.4561
awesome_oscillator,break_even_at_1r,T1c,4,0.25,2.74995,10.9998
awesome_oscillator,break_even_at_1r,T2,9,0.2222222222222222,0.6716666666666666,6.045
awesome_oscillator,break_even_at_1r,T3,2,0.5,2.0008,4.0016
awesome_oscillator,break_even_at_1r,unknown,32,0.09375,-2.7004625,-86.4148
awesome_oscillator,breakeven_plus_trail,T1ETF,1,0.0,-3.7826,-3.7826
awesome_oscillator,breakeven_plus_trail,T1a,8,0.25,0.9393750000000001,7.515000000000001
awesome_oscillator,breakeven_plus_trail,T1c,4,0.5,4.6898,18.7592
awesome_oscillator,breakeven_plus_trail,T2,9,0.5555555555555556,2.9677333333333333,26.709600000000002
awesome_oscillator,breakeven_plus_trail,T3,2,1.0,7.2492,14.4984
awesome_oscillator,breakeven_plus_trail,unknown,32,0.46875,1.4628999999999999,46.812799999999996
awesome_oscillator,chandelier_3x,T1ETF,1,0.0,-4.8115,-4.8115
awesome_oscillator,chandelier_3x,T1a,8,0.25,-0.35109999999999997,-2.8087999999999997
awesome_oscillator,chandelier_3x,T1c,4,0.5,4.4346000000000005,17.738400000000002
awesome_oscillator,chandelier_3x,T2,9,0.3333333333333333,-0.9070333333333332,-8.1633
awesome_oscillator,chandelier_3x,T3,2,0.5,-1.6923,-3.3846
awesome_oscillator,chandelier_3x,unknown,32,0.34375,-2.92164375,-93.4926
awesome_oscillator,class_time_stop,T1ETF,1,0.0,-4.9333,-4.9333
awesome_oscillator,class_time_stop,T1a,8,0.5,0.0634874999999997,0.5078999999999976
awesome_oscillator,class_time_stop,T1c,4,0.5,-1.4717750000000005,-5.887100000000002
awesome_oscillator,class_time_stop,T2,9,0.4444444444444444,0.06163333333333328,0.5546999999999995
awesome_oscillator,class_time_stop,T3,2,0.0,-6.35505,-12.7101
awesome_oscillator,class_time_stop,unknown,32,0.53125,-1.893559375,-60.5939
awesome_oscillator,earnings_blackout,T1ETF,1,1.0,17.1513,17.1513
awesome_oscillator,earnings_blackout,T1a,8,0.5,2.5506624999999996,20.405299999999997
awesome_oscillator,earnings_blackout,T1c,4,0.5,3.9357499999999996,15.742999999999999
awesome_oscillator,earnings_blackout,T2,9,0.5555555555555556,3.1363333333333334,28.227
awesome_oscillator,earnings_blackout,T3,2,1.0,5.9603,11.9206
awesome_oscillator,earnings_blackout,unknown,32,0.5,8.40834375,269.067
awesome_oscillator,fixed_4r_2r,T1ETF,1,0.0,-3.7826,-3.7826
awesome_oscillator,fixed_4r_2r,T1a,8,0.375,1.5331500000000002,12.265200000000002
awesome_oscillator,fixed_4r_2r,T1c,4,0.5,3.5094000000000003,14.037600000000001
awesome_oscillator,fixed_4r_2r,T2,9,0.4444444444444444,2.235011111111111,20.115099999999998
awesome_oscillator,fixed_4r_2r,T3,2,0.5,8.472000000000001,16.944000000000003
awesome_oscillator,fixed_4r_2r,unknown,32,0.375,-0.1112718750000001,-3.5607000000000033
awesome_oscillator,hybrid_50pct_target,T1ETF,1,0.0,-10.0,-10.0
awesome_oscillator,hybrid_50pct_target,T1a,8,0.625,1.7378874999999998,13.903099999999998
awesome_oscillator,hybrid_50pct_target,T1c,4,0.5,0.5845499999999997,2.3381999999999987
awesome_oscillator,hybrid_50pct_target,T2,9,0.6666666666666666,4.150511111111111,37.3546
awesome_oscillator,hybrid_50pct_target,T3,2,1.0,22.75275,45.5055
awesome_oscillator,hybrid_50pct_target,unknown,32,0.53125,3.0550531249999997,97.76169999999999
awesome_oscillator,ma_exit_ema9,T1ETF,1,0.0,-3.4293,-3.4293
awesome_oscillator,ma_exit_ema9,T1a,8,0.25,-1.7394875,-13.9159
awesome_oscillator,ma_exit_ema9,T1c,4,0.75,4.792825,19.1713
awesome_oscillator,ma_exit_ema9,T2,9,0.3333333333333333,2.084188888888889,18.7577
awesome_oscillator,ma_exit_ema9,T3,2,1.0,7.85515,15.7103
awesome_oscillator,ma_exit_ema9,unknown,32,0.25,-2.1907375,-70.1036
awesome_oscillator,mfe_lockin_trail,T1ETF,1,0.0,-1.8913,-1.8913
awesome_oscillator,mfe_lockin_trail,T1a,8,0.125,-2.0882375,-16.7059
awesome_oscillator,mfe_lockin_trail,T1c,4,0.75,2.6737249999999997,10.694899999999999
awesome_oscillator,mfe_lockin_trail,T2,9,0.2222222222222222,-0.3957000000000001,-3.561300000000001
awesome_oscillator,mfe_lockin_trail,T3,2,1.0,11.16745,22.3349
awesome_oscillator,mfe_lockin_trail,unknown,32,0.1875,-2.56951875,-82.2246
awesome_oscillator,multi_tier_partial,T1ETF,1,0.0,-1.8913,-1.8913
awesome_oscillator,multi_tier_partial,T1a,8,0.25,-1.8692125,-14.9537
awesome_oscillator,multi_tier_partial,T1c,4,0.75,2.71235,10.8494
awesome_oscillator,multi_tier_partial,T2,9,0.4444444444444444,0.41886666666666655,3.769799999999999
awesome_oscillator,multi_tier_partial,T3,2,1.0,10.42575,20.8515
awesome_oscillator,multi_tier_partial,unknown,32,0.375,-2.01260625,-64.4034
awesome_oscillator,next_pivot_target,T1ETF,1,0.0,-3.7826,-3.7826
awesome_oscillator,next_pivot_target,T1a,8,0.875,-0.9263625,-7.4109
awesome_oscillator,next_pivot_target,T1c,4,0.75,-2.2603750000000002,-9.041500000000001
awesome_oscillator,next_pivot_target,T2,9,0.8888888888888888,0.758677777777778,6.828100000000002
awesome_oscillator,next_pivot_target,T3,2,1.0,1.31705,2.6341
awesome_oscillator,next_pivot_target,unknown,32,0.65625,-0.8739843750000001,-27.967500000000005
awesome_oscillator,r_multiple_2r,T1ETF,1,0.0,-1.8913,-1.8913
awesome_oscillator,r_multiple_2r,T1a,8,0.125,-2.22565,-17.8052
awesome_oscillator,r_multiple_2r,T1c,4,0.75,5.60095,22.4038
awesome_oscillator,r_multiple_2r,T2,9,0.6666666666666666,4.3318111111111115,38.9863
awesome_oscillator,r_multiple_2r,T3,2,1.0,14.5644,29.1288
awesome_oscillator,r_multiple_2r,unknown,32,0.28125,-0.9228468750000001,-29.531100000000002
awesome_oscillator,r_multiple_3r,T1ETF,1,0.0,-1.8913,-1.8913
awesome_oscillator,r_multiple_3r,T1a,8,0.125,-1.921575,-15.3726
awesome_oscillator,r_multiple_3r,T1c,4,0.5,3.149525,12.5981
awesome_oscillator,r_multiple_3r,T2,9,0.5555555555555556,4.926533333333333,44.3388
awesome_oscillator,r_multiple_3r,T3,2,0.5,7.868599999999999,15.737199999999998
awesome_oscillator,r_multiple_3r,unknown,32,0.21875,-0.5946750000000003,-19.02960000000001
awesome_oscillator,regime_flip,T1ETF,1,0.0,-2.2156,-2.2156
awesome_oscillator,regime_flip,T1a,8,0.625,4.6979125,37.5833
awesome_oscillator,regime_flip,T1c,4,0.5,-0.04419999999999957,-0.1767999999999983
awesome_oscillator,regime_flip,T2,9,0.4444444444444444,-0.45413333333333317,-4.087199999999998
awesome_oscillator,regime_flip,T3,2,0.5,-2.3648999999999996,-4.729799999999999
awesome_oscillator,regime_flip,unknown,32,0.625,-1.4439374999999994,-46.20599999999998
awesome_oscillator,reverse_signal,T1ETF,1,0.0,-1.8913,-1.8913
awesome_oscillator,reverse_signal,T1a,8,0.125,-2.0882375,-16.7059
awesome_oscillator,reverse_signal,T1c,4,0.75,2.3172249999999996,9.268899999999999
awesome_oscillator,reverse_signal,T2,9,0.2222222222222222,-0.5327777777777778,-4.795
awesome_oscillator,reverse_signal,T3,2,1.0,9.4307,18.8614
awesome_oscillator,reverse_signal,unknown,32,0.1875,-2.84650625,-91.0882
awesome_oscillator,smc_mitigation_zone,T1ETF,1,0.0,-1.8913,-1.8913
awesome_oscillator,smc_mitigation_zone,T1a,8,0.125,-2.0882375,-16.7059
awesome_oscillator,smc_mitigation_zone,T1c,4,0.75,2.3172249999999996,9.268899999999999
awesome_oscillator,smc_mitigation_zone,T2,9,0.2222222222222222,-0.5327777777777778,-4.795
awesome_oscillator,smc_mitigation_zone,T3,2,1.0,9.4307,18.8614
awesome_oscillator,smc_mitigation_zone,unknown,32,0.1875,-2.84650625,-91.0882
awesome_oscillator,time_stop_10d,T1ETF,1,0.0,-3.0599,-3.0599
awesome_oscillator,time_stop_10d,T1a,8,0.625,0.670825,5.3666
awesome_oscillator,time_stop_10d,T1c,4,0.75,5.278,21.112
awesome_oscillator,time_stop_10d,T2,9,0.5555555555555556,0.6051222222222223,5.446100000000001
awesome_oscillator,time_stop_10d,T3,2,1.0,8.14965,16.2993
awesome_oscillator,time_stop_10d,unknown,32,0.59375,-0.5418,-17.3376
awesome_oscillator,time_stop_20d,T1ETF,1,0.0,-2.2156,-2.2156
awesome_oscillator,time_stop_20d,T1a,8,0.625,4.6979125,37.5833
awesome_oscillator,time_stop_20d,T1c,4,0.5,-0.04419999999999957,-0.1767999999999983
awesome_oscillator,time_stop_20d,T2,9,0.4444444444444444,-0.45413333333333317,-4.087199999999998
awesome_oscillator,time_stop_20d,T3,2,0.5,-2.3648999999999996,-4.729799999999999
awesome_oscillator,time_stop_20d,unknown,32,0.625,-1.4439374999999994,-46.20599999999998
awesome_oscillator,trailing_10pct,T1ETF,1,0.0,-7.4584,-7.4584
awesome_oscillator,trailing_10pct,T1a,8,0.375,-4.6200875,-36.9607
awesome_oscillator,trailing_10pct,T1c,4,0.5,-0.7376750000000003,-2.950700000000001
awesome_oscillator,trailing_10pct,T2,9,0.3333333333333333,-0.7134333333333331,-6.420899999999999
awesome_oscillator,trailing_10pct,T3,2,0.5,2.0008,4.0016
awesome_oscillator,trailing_10pct,unknown,32,0.28125,-3.536771875,-113.1767
awesome_oscillator,trailing_15pct,T1ETF,1,0.0,-12.5996,-12.5996
awesome_oscillator,trailing_15pct,T1a,8,0.5,-1.5870750000000002,-12.696600000000002
awesome_oscillator,trailing_15pct,T1c,4,0.25,-4.1775,-16.71
awesome_oscillator,trailing_15pct,T2,9,0.4444444444444444,-3.8588444444444443,-34.7296
awesome_oscillator,trailing_15pct,T3,2,0.5,-1.6923,-3.3846
awesome_oscillator,trailing_15pct,unknown,32,0.3125,-1.8385156249999999,-58.832499999999996
awesome_oscillator,trailing_5pct,T1ETF,1,0.0,-5.0,-5.0
awesome_oscillator,trailing_5pct,T1a,8,0.375,0.8793375000000001,7.034700000000001
awesome_oscillator,trailing_5pct,T1c,4,0.75,2.8326000000000002,11.330400000000001
awesome_oscillator,trailing_5pct,T2,9,0.4444444444444444,1.3719999999999999,12.347999999999999
awesome_oscillator,trailing_5pct,T3,2,1.0,2.35795,4.7159
awesome_oscillator,trailing_5pct,unknown,32,0.15625,-2.374503125,-75.9841
bollinger_lower,atr_trail_1x,T1ETF,1,0.0,-0.0558,-0.0558
bollinger_lower,atr_trail_1x,T1a,7,0.0,-2.3778714285714284,-16.6451
bollinger_lower,atr_trail_1x,T1c,4,0.25,-2.497,-9.988
bollinger_lower,atr_trail_1x,T2,6,0.5,-1.9993333333333334,-11.996
bollinger_lower,atr_trail_1x,T3,5,0.2,-3.61248,-18.0624
bollinger_lower,atr_trail_1x,unknown,9,0.2222222222222222,-1.4055777777777778,-12.6502
bollinger_lower,atr_trail_2x,T1ETF,1,0.0,-0.1587,-0.1587
bollinger_lower,atr_trail_2x,T1a,7,0.2857142857142857,2.6464571428571424,18.525199999999998
bollinger_lower,atr_trail_2x,T1c,4,0.25,-4.117275,-16.4691
bollinger_lower,atr_trail_2x,T2,6,0.5,1.6702333333333328,10.021399999999996
bollinger_lower,atr_trail_2x,T3,5,0.2,4.559199999999999,22.795999999999996
bollinger_lower,atr_trail_2x,unknown,9,0.4444444444444444,1.2286666666666666,11.058
bollinger_lower,atr_trail_mae_conditional,T1ETF,1,0.0,-0.0558,-0.0558
bollinger_lower,atr_trail_mae_conditional,T1a,7,0.0,-2.3778714285714284,-16.6451
bollinger_lower,atr_trail_mae_conditional,T1c,4,0.25,-2.497,-9.988
bollinger_lower,atr_trail_mae_conditional,T2,6,0.5,-1.9993333333333334,-11.996
bollinger_lower,atr_trail_mae_conditional,T3,5,0.2,-3.61248,-18.0624
bollinger_lower,atr_trail_mae_conditional,unknown,9,0.2222222222222222,-1.4055777777777778,-12.6502
bollinger_lower,atr_trail_vix_conditional,T1ETF,1,0.0,-0.0347,-0.0347
bollinger_lower,atr_trail_vix_conditional,T1a,7,0.14285714285714285,0.0613428571428573,0.4294000000000011
bollinger_lower,atr_trail_vix_conditional,T1c,4,0.25,-2.846325,-11.3853
bollinger_lower,atr_trail_vix_conditional,T2,6,0.5,-1.3598333333333337,-8.159000000000002
bollinger_lower,atr_trail_vix_conditional,T3,5,0.2,1.5026599999999994,7.513299999999997
bollinger_lower,atr_trail_vix_conditional,unknown,9,0.1111111111111111,-2.6409555555555553,-23.7686
bollinger_lower,break_even_at_1r,T1ETF,1,0.0,-0.0864,-0.0864
bollinger_lower,break_even_at_1r,T1a,7,0.0,-1.8009714285714284,-12.6068
bollinger_lower,break_even_at_1r,T1c,4,0.25,-2.4749999999999996,-9.899999999999999
bollinger_lower,break_even_at_1r,T2,6,0.3333333333333333,0.8401166666666663,5.0406999999999975
bollinger_lower,break_even_at_1r,T3,5,0.2,0.8420800000000007,4.2104000000000035
bollinger_lower,break_even_at_1r,unknown,9,0.2222222222222222,-0.4259,-3.8331
bollinger_lower,breakeven_plus_trail,T1ETF,1,0.0,-0.1727,-0.1727
bollinger_lower,breakeven_plus_trail,T1a,7,0.2857142857142857,1.987685714285714,13.913799999999998
bollinger_lower,breakeven_plus_trail,T1c,4,0.25,-1.6136249999999999,-6.4544999999999995
bollinger_lower,breakeven_plus_trail,T2,6,0.8333333333333334,7.579716666666666,45.4783
bollinger_lower,breakeven_plus_trail,T3,5,0.4,17.15864,85.7932
bollinger_lower,breakeven_plus_trail,unknown,9,0.8888888888888888,10.9391,98.4519
bollinger_lower,chandelier_3x,T1ETF,1,0.0,-0.03,-0.03
bollinger_lower,chandelier_3x,T1a,7,0.0,-0.2230857142857143,-1.5616
bollinger_lower,chandelier_3x,T1c,4,0.0,-0.18787500000000001,-0.7515000000000001
bollinger_lower,chandelier_3x,T2,6,0.0,-0.21916666666666665,-1.315
bollinger_lower,chandelier_3x,T3,5,0.0,-2.8878399999999997,-14.4392
bollinger_lower,chandelier_3x,unknown,9,0.0,-0.39715555555555554,-3.5744
bollinger_lower,class_time_stop,T1ETF,1,0.0,-0.264,-0.264
bollinger_lower,class_time_stop,T1a,7,0.42857142857142855,0.2748714285714287,1.924100000000001
bollinger_lower,class_time_stop,T1c,4,0.5,0.27955,1.1182
bollinger_lower,class_time_stop,T2,6,0.8333333333333334,6.197783333333334,37.1867
bollinger_lower,class_time_stop,T3,5,0.2,-6.357819999999999,-31.789099999999998
bollinger_lower,class_time_stop,unknown,9,0.6666666666666666,1.652511111111111,14.8726
bollinger_lower,earnings_blackout,T1ETF,1,0.0,-3.4933,-3.4933
bollinger_lower,earnings_blackout,T1a,7,0.42857142857142855,4.964914285714285,34.7544
bollinger_lower,earnings_blackout,T1c,4,0.25,-2.5123249999999997,-10.049299999999999
bollinger_lower,earnings_blackout,T2,6,0.6666666666666666,7.923849999999999,47.543099999999995
bollinger_lower,earnings_blackout,T3,5,0.2,-1.583180000000001,-7.915900000000004
bollinger_lower,earnings_blackout,unknown,9,0.7777777777777778,6.782033333333333,61.03829999999999
bollinger_lower,fixed_4r_2r,T1ETF,1,0.0,-0.1727,-0.1727
bollinger_lower,fixed_4r_2r,T1a,7,0.2857142857142857,-0.13298571428571446,-0.9309000000000012
bollinger_lower,fixed_4r_2r,T1c,4,0.25,-1.4497999999999998,-5.799199999999999
bollinger_lower,fixed_4r_2r,T2,6,0.8333333333333334,26.1846,157.1076
bollinger_lower,fixed_4r_2r,T3,5,0.2,-3.0122999999999998,-15.061499999999999
bollinger_lower,fixed_4r_2r,unknown,9,0.5555555555555556,14.323666666666668,128.913
bollinger_lower,hybrid_50pct_target,T1ETF,1,0.0,-3.4933,-3.4933
bollinger_lower,hybrid_50pct_target,T1a,7,0.2857142857142857,-2.8189285714285717,-19.7325
bollinger_lower,hybrid_50pct_target,T1c,4,0.25,-4.866125,-19.4645
bollinger_lower,hybrid_50pct_target,T2,6,0.6666666666666666,4.5041,27.0246
bollinger_lower,hybrid_50pct_target,T3,5,0.2,-2.6458799999999996,-13.229399999999998
bollinger_lower,hybrid_50pct_target,unknown,9,0.6666666666666666,10.356922222222222,93.2123
bollinger_lower,ma_exit_ema9,T1ETF,1,1.0,0.0285,0.0285
bollinger_lower,ma_exit_ema9,T1a,7,0.2857142857142857,-0.3755428571428571,-2.6288
bollinger_lower,ma_exit_ema9,T1c,4,0.25,-0.44890000000000013,-1.7956000000000005
bollinger_lower,ma_exit_ema9,T2,6,0.5,1.748616666666667,10.491700000000002
bollinger_lower,ma_exit_ema9,T3,5,0.0,-4.50896,-22.5448
bollinger_lower,ma_exit_ema9,unknown,9,0.6666666666666666,3.1225,28.1025
bollinger_lower,mfe_lockin_trail,T1ETF,1,0.0,-0.0558,-0.0558
bollinger_lower,mfe_lockin_trail,T1a,7,0.0,-2.3778714285714284,-16.6451
bollinger_lower,mfe_lockin_trail,T1c,4,0.25,-2.497,-9.988
bollinger_lower,mfe_lockin_trail,T2,6,0.5,-1.9895666666666667,-11.9374
bollinger_lower,mfe_lockin_trail,T3,5,0.2,-3.61248,-18.0624
bollinger_lower,mfe_lockin_trail,unknown,9,0.2222222222222222,-1.1786333333333332,-10.6077
bollinger_lower,multi_tier_partial,T1ETF,1,0.0,-0.0558,-0.0558
bollinger_lower,multi_tier_partial,T1a,7,0.14285714285714285,-1.814657142857143,-12.7026
bollinger_lower,multi_tier_partial,T1c,4,0.25,-2.26035,-9.0414
bollinger_lower,multi_tier_partial,T2,6,0.6666666666666666,-0.4463500000000001,-2.6781000000000006
bollinger_lower,multi_tier_partial,T3,5,0.2,-3.4677,-17.3385
bollinger_lower,multi_tier_partial,unknown,9,0.7777777777777778,1.954877777777778,17.5939
bollinger_lower,next_pivot_target,T1ETF,1,0.0,-3.4933,-3.4933
bollinger_lower,next_pivot_target,T1a,7,0.7142857142857143,0.2732714285714285,1.9128999999999996
bollinger_lower,next_pivot_target,T1c,4,0.75,2.09075,8.363
bollinger_lower,next_pivot_target,T2,6,0.6666666666666666,1.001766666666667,6.010600000000001
bollinger_lower,next_pivot_target,T3,5,0.4,-4.2806,-21.403
bollinger_lower,next_pivot_target,unknown,9,0.5555555555555556,0.5206888888888886,4.686199999999998
bollinger_lower,r_multiple_2r,T1ETF,1,0.0,-0.0864,-0.0864
bollinger_lower,r_multiple_2r,T1a,7,0.14285714285714285,-1.1199857142857144,-7.8399
bollinger_lower,r_multiple_2r,T1c,4,0.25,-0.45972499999999994,-1.8388999999999998
bollinger_lower,r_multiple_2r,T2,6,0.6666666666666666,2.6319166666666667,15.7915
bollinger_lower,r_multiple_2r,T3,5,0.2,-1.5061799999999999,-7.530899999999999
bollinger_lower,r_multiple_2r,unknown,9,0.5555555555555556,7.468188888888889,67.2137
bollinger_lower,r_multiple_3r,T1ETF,1,0.0,-0.0864,-0.0864
bollinger_lower,r_multiple_3r,T1a,7,0.14285714285714285,-0.4698142857142858,-3.2887000000000004
bollinger_lower,r_multiple_3r,T1c,4,0.0,-4.44185,-17.7674
bollinger_lower,r_multiple_3r,T2,6,0.5,3.1969333333333325,19.181599999999996
bollinger_lower,r_multiple_3r,T3,5,0.2,0.16582000000000008,0.8291000000000004
bollinger_lower,r_multiple_3r,unknown,9,0.4444444444444444,8.830833333333334,79.4775
bollinger_lower,regime_flip,T1ETF,1,0.0,-0.6384,-0.6384
bollinger_lower,regime_flip,T1a,7,0.5714285714285714,0.5263285714285716,3.6843000000000012
bollinger_lower,regime_flip,T1c,4,0.75,1.232375,4.9295
bollinger_lower,regime_flip,T2,6,0.6666666666666666,6.316116666666666,37.896699999999996
bollinger_lower,regime_flip,T3,5,0.4,-3.9037800000000002,-19.518900000000002
bollinger_lower,regime_flip,unknown,9,0.6666666666666666,7.076266666666667,63.686400000000006
bollinger_lower,reverse_signal,T1ETF,1,0.0,-2.4403,-2.4403
bollinger_lower,reverse_signal,T1a,7,0.7142857142857143,3.2987428571428565,23.091199999999997
bollinger_lower,reverse_signal,T1c,4,0.75,1.2167250000000003,4.866900000000001
bollinger_lower,reverse_signal,T2,6,0.6666666666666666,7.684533333333333,46.1072
bollinger_lower,reverse_signal,T3,5,0.4,3.72234,18.6117
bollinger_lower,reverse_signal,unknown,9,0.7777777777777778,13.720255555555555,123.4823
bollinger_lower,smc_mitigation_zone,T1ETF,1,0.0,-0.0558,-0.0558
bollinger_lower,smc_mitigation_zone,T1a,7,0.0,-2.3778714285714284,-16.6451
bollinger_lower,smc_mitigation_zone,T1c,4,0.25,-2.497,-9.988
bollinger_lower,smc_mitigation_zone,T2,6,0.5,-1.9993333333333334,-11.996
bollinger_lower,smc_mitigation_zone,T3,5,0.2,-3.61248,-18.0624
bollinger_lower,smc_mitigation_zone,unknown,9,0.2222222222222222,-1.4055777777777778,-12.6502
bollinger_lower,time_stop_10d,T1ETF,1,0.0,-0.498,-0.498
bollinger_lower,time_stop_10d,T1a,7,0.42857142857142855,-0.9078571428571427,-6.354999999999999
bollinger_lower,time_stop_10d,T1c,4,0.5,-0.3080749999999999,-1.2322999999999995
bollinger_lower,time_stop_10d,T2,6,0.8333333333333334,5.667633333333334,34.0058
bollinger_lower,time_stop_10d,T3,5,0.4,-3.6364999999999994,-18.182499999999997
bollinger_lower,time_stop_10d,unknown,9,0.7777777777777778,7.6075888888888885,68.4683
bollinger_lower,time_stop_20d,T1ETF,1,0.0,-0.6384,-0.6384
bollinger_lower,time_stop_20d,T1a,7,0.5714285714285714,0.5263285714285716,3.6843000000000012
bollinger_lower,time_stop_20d,T1c,4,0.75,1.232375,4.9295
bollinger_lower,time_stop_20d,T2,6,0.6666666666666666,6.316116666666666,37.896699999999996
bollinger_lower,time_stop_20d,T3,5,0.4,-3.9037800000000002,-19.518900000000002
bollinger_lower,time_stop_20d,unknown,9,0.6666666666666666,7.076266666666667,63.686400000000006
bollinger_lower,trailing_10pct,T1ETF,1,0.0,-3.4933,-3.4933
bollinger_lower,trailing_10pct,T1a,7,0.2857142857142857,-0.08228571428571436,-0.5760000000000005
bollinger_lower,trailing_10pct,T1c,4,0.25,-5.0912,-20.3648
bollinger_lower,trailing_10pct,T2,6,0.3333333333333333,2.0530666666666666,12.318399999999999
bollinger_lower,trailing_10pct,T3,5,0.2,-0.8287799999999997,-4.143899999999999
bollinger_lower,trailing_10pct,unknown,9,0.3333333333333333,2.8847444444444443,25.962699999999998
bollinger_lower,trailing_15pct,T1ETF,1,0.0,-3.4933,-3.4933
bollinger_lower,trailing_15pct,T1a,7,0.42857142857142855,-2.589571428571429,-18.127000000000002
bollinger_lower,trailing_15pct,T1c,4,0.25,-7.12515,-28.5006
bollinger_lower,trailing_15pct,T2,6,0.3333333333333333,5.413083333333333,32.4785
bollinger_lower,trailing_15pct,T3,5,0.2,35.71784,178.5892
bollinger_lower,trailing_15pct,unknown,9,0.7777777777777778,8.970033333333333,80.7303
bollinger_lower,trailing_5pct,T1ETF,1,0.0,-4.9729,-4.9729
bollinger_lower,trailing_5pct,T1a,7,0.14285714285714285,0.03819999999999979,0.2673999999999985
bollinger_lower,trailing_5pct,T1c,4,0.25,-3.1325250000000002,-12.530100000000001
bollinger_lower,trailing_5pct,T2,6,0.3333333333333333,-1.1157333333333332,-6.6944
bollinger_lower,trailing_5pct,T3,5,0.0,-5.0,-25.0
bollinger_lower,trailing_5pct,unknown,9,0.0,-2.2237666666666667,-20.0139
bollinger_tight,atr_trail_1x,T1ETF,2,0.5,-0.10640000000000001,-0.21280000000000002
bollinger_tight,atr_trail_1x,T1a,13,0.46153846153846156,0.7440307692307692,9.6724
bollinger_tight,atr_trail_1x,T1c,7,0.0,-2.1393714285714287,-14.9756
bollinger_tight,atr_trail_1x,T2,14,0.07142857142857142,-2.4277714285714285,-33.9888
bollinger_tight,atr_trail_1x,T3,5,0.2,-1.7909,-8.9545
bollinger_tight,atr_trail_1x,unknown,26,0.15384615384615385,-3.3858846153846156,-88.033
bollinger_tight,atr_trail_2x,T1ETF,2,0.0,-0.1533,-0.3066
bollinger_tight,atr_trail_2x,T1a,13,0.46153846153846156,-1.5446923076923076,-20.081
bollinger_tight,atr_trail_2x,T1c,7,0.2857142857142857,-4.619428571428571,-32.336
bollinger_tight,atr_trail_2x,T2,14,0.35714285714285715,-1.4057571428571427,-19.6806
bollinger_tight,atr_trail_2x,T3,5,0.4,0.6022599999999997,3.0112999999999985
bollinger_tight,atr_trail_2x,unknown,26,0.34615384615384615,-3.021857692307692,-78.5683
bollinger_tight,atr_trail_mae_conditional,T1ETF,2,0.5,-0.10640000000000001,-0.21280000000000002
bollinger_tight,atr_trail_mae_conditional,T1a,13,0.46153846153846156,0.7440307692307692,9.6724
bollinger_tight,atr_trail_mae_conditional,T1c,7,0.0,-2.1393714285714287,-14.9756
bollinger_tight,atr_trail_mae_conditional,T2,14,0.07142857142857142,-2.4277714285714285,-33.9888
bollinger_tight,atr_trail_mae_conditional,T3,5,0.2,-1.7909,-8.9545
bollinger_tight,atr_trail_mae_conditional,unknown,26,0.15384615384615385,-3.3858846153846156,-88.033
bollinger_tight,atr_trail_vix_conditional,T1ETF,2,0.0,-0.12985,-0.2597
bollinger_tight,atr_trail_vix_conditional,T1a,13,0.46153846153846156,-0.0394307692307693,-0.5126000000000008
bollinger_tight,atr_trail_vix_conditional,T1c,7,0.14285714285714285,-1.0892285714285712,-7.624599999999999
bollinger_tight,atr_trail_vix_conditional,T2,14,0.21428571428571427,-0.5240857142857145,-7.337200000000003
bollinger_tight,atr_trail_vix_conditional,T3,5,0.2,1.70046,8.5023
bollinger_tight,atr_trail_vix_conditional,unknown,26,0.23076923076923078,-3.619023076923077,-94.0946
bollinger_tight,break_even_at_1r,T1ETF,2,0.0,-0.10745,-0.2149
bollinger_tight,break_even_at_1r,T1a,13,0.38461538461538464,0.9418769230769232,12.2444
bollinger_tight,break_even_at_1r,T1c,7,0.0,-3.240357142857143,-22.6825
bollinger_tight,break_even_at_1r,T2,14,0.14285714285714285,0.7652214285714286,10.7131
bollinger_tight,break_even_at_1r,T3,5,0.4,2.8361200000000006,14.180600000000004
bollinger_tight,break_even_at_1r,unknown,26,0.19230769230769232,-2.317723076923077,-60.2608
bollinger_tight,breakeven_plus_trail,T1ETF,2,0.0,-0.097,-0.194
bollinger_tight,breakeven_plus_trail,T1a,13,0.5384615384615384,-0.3291,-4.2783
bollinger_tight,breakeven_plus_trail,T1c,7,0.2857142857142857,-3.3008999999999995,-23.106299999999997
bollinger_tight,breakeven_plus_trail,T2,14,0.42857142857142855,5.471007142857142,76.5941
bollinger_tight,breakeven_plus_trail,T3,5,0.4,1.77578,8.8789
bollinger_tight,breakeven_plus_trail,unknown,26,0.5769230769230769,7.865465384615384,204.50209999999998
bollinger_tight,chandelier_3x,T1ETF,2,0.0,-0.034100000000000005,-0.06820000000000001
bollinger_tight,chandelier_3x,T1a,13,0.0,-0.2653153846153846,-3.4491
bollinger_tight,chandelier_3x,T1c,7,0.0,-0.7397571428571429,-5.1783
bollinger_tight,chandelier_3x,T2,14,0.07142857142857142,-0.2204857142857143,-3.0868
bollinger_tight,chandelier_3x,T3,5,0.0,-0.24126000000000003,-1.2063000000000001
bollinger_tight,chandelier_3x,unknown,26,0.0,-0.6963692307692307,-18.1056
bollinger_tight,class_time_stop,T1ETF,2,0.0,-0.3872,-0.7744
bollinger_tight,class_time_stop,T1a,13,0.6153846153846154,-0.0672846153846153,-0.8746999999999989
bollinger_tight,class_time_stop,T1c,7,0.42857142857142855,-2.284728571428571,-15.993099999999998
bollinger_tight,class_time_stop,T2,14,0.5,-1.6475571428571427,-23.0658
bollinger_tight,class_time_stop,T3,5,0.6,5.42186,27.109299999999998
bollinger_tight,class_time_stop,unknown,26,0.38461538461538464,1.0498576923076919,27.296299999999988
bollinger_tight,earnings_blackout,T1ETF,2,0.0,-2.9806,-5.9612
bollinger_tight,earnings_blackout,T1a,13,0.6923076923076923,1.3012923076923075,16.9168
bollinger_tight,earnings_blackout,T1c,7,0.2857142857142857,0.14129999999999956,0.989099999999997
bollinger_tight,earnings_blackout,T2,14,0.6428571428571429,0.9125642857142857,12.7759
bollinger_tight,earnings_blackout,T3,5,0.6,1.3528000000000002,6.764000000000001
bollinger_tight,earnings_blackout,unknown,26,0.6538461538461539,8.012592307692309,208.3274
bollinger_tight,fixed_4r_2r,T1ETF,2,0.0,-0.21234999999999998,-0.42469999999999997
bollinger_tight,fixed_4r_2r,T1a,13,0.46153846153846156,-0.8769538461538462,-11.400400000000001
bollinger_tight,fixed_4r_2r,T1c,7,0.14285714285714285,-1.4339000000000002,-10.037300000000002
bollinger_tight,fixed_4r_2r,T2,14,0.5714285714285714,6.480335714285714,90.7247
bollinger_tight,fixed_4r_2r,T3,5,0.4,29.811040000000002,149.0552
bollinger_tight,fixed_4r_2r,unknown,26,0.4230769230769231,5.940611538461538,154.45589999999999
bollinger_tight,hybrid_50pct_target,T1ETF,2,0.0,-2.9806,-5.9612
bollinger_tight,hybrid_50pct_target,T1a,13,0.6153846153846154,-1.4865384615384616,-19.325
bollinger_tight,hybrid_50pct_target,T1c,7,0.42857142857142855,-0.13320000000000018,-0.9324000000000012
bollinger_tight,hybrid_50pct_target,T2,14,0.7142857142857143,-1.1054357142857145,-15.476100000000002
bollinger_tight,hybrid_50pct_target,T3,5,0.6,6.68926,33.4463
bollinger_tight,hybrid_50pct_target,unknown,26,0.5,2.689,69.914
bollinger_tight,ma_exit_ema9,T1ETF,2,0.0,-0.045899999999999996,-0.09179999999999999
bollinger_tight,ma_exit_ema9,T1a,13,0.6923076923076923,0.17208461538461542,2.2371000000000003
bollinger_tight,ma_exit_ema9,T1c,7,0.42857142857142855,0.9261999999999999,6.4834
bollinger_tight,ma_exit_ema9,T2,14,0.35714285714285715,-0.5712714285714285,-7.9978
bollinger_tight,ma_exit_ema9,T3,5,0.6,1.01674,5.0837
bollinger_tight,ma_exit_ema9,unknown,26,0.38461538461538464,-1.0561807692307692,-27.4607
bollinger_tight,mfe_lockin_trail,T1ETF,2,0.5,-0.10640000000000001,-0.21280000000000002
bollinger_tight,mfe_lockin_trail,T1a,13,0.46153846153846156,1.1675923076923076,15.1787
bollinger_tight,mfe_lockin_trail,T1c,7,0.0,-2.1393714285714287,-14.9756
bollinger_tight,mfe_lockin_trail,T2,14,0.07142857142857142,-2.3645214285714284,-33.1033
bollinger_tight,mfe_lockin_trail,T3,5,0.2,-1.7909,-8.9545
bollinger_tight,mfe_lockin_trail,unknown,26,0.15384615384615385,-3.233523076923077,-84.0716
bollinger_tight,multi_tier_partial,T1ETF,2,0.5,-0.09145,-0.1829
bollinger_tight,multi_tier_partial,T1a,13,0.6153846153846154,1.0613692307692308,13.7978
bollinger_tight,multi_tier_partial,T1c,7,0.2857142857142857,-1.4227428571428573,-9.959200000000001
bollinger_tight,multi_tier_partial,T2,14,0.35714285714285715,-1.5536428571428569,-21.750999999999998
bollinger_tight,multi_tier_partial,T3,5,0.2,-2.13354,-10.6677
bollinger_tight,multi_tier_partial,unknown,26,0.2692307692307692,-2.838407692307692,-73.7986
bollinger_tight,next_pivot_target,T1ETF,2,0.5,-1.36875,-2.7375
bollinger_tight,next_pivot_target,T1a,13,0.7692307692307693,-0.08753076923076938,-1.137900000000002
bollinger_tight,next_pivot_target,T1c,7,0.5714285714285714,-0.8212142857142857,-5.7485
bollinger_tight,next_pivot_target,T2,14,0.7142857142857143,1.4073142857142855,19.702399999999997
bollinger_tight,next_pivot_target,T3,5,0.6,3.53508,17.6754
bollinger_tight,next_pivot_target,unknown,26,0.6153846153846154,-0.4838615384615386,-12.580400000000004
bollinger_tight,r_multiple_2r,T1ETF,2,0.0,-0.1534,-0.3068
bollinger_tight,r_multiple_2r,T1a,13,0.5384615384615384,1.648476923076923,21.4302
bollinger_tight,r_multiple_2r,T1c,7,0.2857142857142857,0.4626571428571428,3.2386
bollinger_tight,r_multiple_2r,T2,14,0.14285714285714285,-2.6049928571428573,-36.4699
bollinger_tight,r_multiple_2r,T3,5,0.4,1.9024399999999992,9.512199999999996
bollinger_tight,r_multiple_2r,unknown,26,0.2692307692307692,1.5044230769230766,39.114999999999995
bollinger_tight,r_multiple_3r,T1ETF,2,0.0,-0.1534,-0.3068
bollinger_tight,r_multiple_3r,T1a,13,0.38461538461538464,0.4935384615384616,6.416
bollinger_tight,r_multiple_3r,T1c,7,0.14285714285714285,0.6147571428571427,4.303299999999998
bollinger_tight,r_multiple_3r,T2,14,0.14285714285714285,-1.954007142857143,-27.3561
bollinger_tight,r_multiple_3r,T3,5,0.4,4.69336,23.4668
bollinger_tight,r_multiple_3r,unknown,26,0.2692307692307692,2.9002692307692306,75.407
bollinger_tight,regime_flip,T1ETF,2,0.0,-0.75145,-1.5029
bollinger_tight,regime_flip,T1a,13,0.46153846153846156,-1.0310230769230773,-13.403300000000003
bollinger_tight,regime_flip,T1c,7,0.42857142857142855,0.3128857142857139,2.1901999999999973
bollinger_tight,regime_flip,T2,14,0.5714285714285714,0.6566785714285716,9.193500000000002
bollinger_tight,regime_flip,T3,5,0.4,-2.2361999999999997,-11.181
bollinger_tight,regime_flip,unknown,26,0.5769230769230769,0.5923846153846155,15.402000000000005
bollinger_tight,reverse_signal,T1ETF,2,0.0,-1.92195,-3.8439
bollinger_tight,reverse_signal,T1a,13,0.7692307692307693,3.4541923076923076,44.9045
bollinger_tight,reverse_signal,T1c,7,0.5714285714285714,3.4305285714285714,24.0137
bollinger_tight,reverse_signal,T2,14,0.5,-1.159364285714286,-16.231100000000005
bollinger_tight,reverse_signal,T3,5,0.8,16.23626,81.18130000000001
bollinger_tight,reverse_signal,unknown,26,0.7307692307692307,10.186688461538463,264.8539
bollinger_tight,smc_mitigation_zone,T1ETF,2,0.5,-0.10640000000000001,-0.21280000000000002
bollinger_tight,smc_mitigation_zone,T1a,13,0.46153846153846156,0.7440307692307692,9.6724
bollinger_tight,smc_mitigation_zone,T1c,7,0.0,-2.1393714285714287,-14.9756
bollinger_tight,smc_mitigation_zone,T2,14,0.07142857142857142,-2.4277714285714285,-33.9888
bollinger_tight,smc_mitigation_zone,T3,5,0.2,-1.7909,-8.9545
bollinger_tight,smc_mitigation_zone,unknown,26,0.15384615384615385,-3.3858846153846156,-88.033
bollinger_tight,time_stop_10d,T1ETF,2,0.0,-0.41075,-0.8215
bollinger_tight,time_stop_10d,T1a,13,0.38461538461538464,-2.7938,-36.3194
bollinger_tight,time_stop_10d,T1c,7,0.42857142857142855,0.12088571428571436,0.8462000000000005
bollinger_tight,time_stop_10d,T2,14,0.42857142857142855,-1.9780999999999997,-27.693399999999997
bollinger_tight,time_stop_10d,T3,5,0.6,7.84936,39.2468
bollinger_tight,time_stop_10d,unknown,26,0.38461538461538464,-1.8028846153846154,-46.875
bollinger_tight,time_stop_20d,T1ETF,2,0.0,-0.75145,-1.5029
bollinger_tight,time_stop_20d,T1a,13,0.46153846153846156,-1.0310230769230773,-13.403300000000003
bollinger_tight,time_stop_20d,T1c,7,0.42857142857142855,0.3128857142857139,2.1901999999999973
bollinger_tight,time_stop_20d,T2,14,0.5714285714285714,0.6566785714285716,9.193500000000002
bollinger_tight,time_stop_20d,T3,5,0.4,-2.2361999999999997,-11.181
bollinger_tight,time_stop_20d,unknown,26,0.5769230769230769,0.5923846153846155,15.402000000000005
bollinger_tight,trailing_10pct,T1ETF,2,0.0,-2.9806,-5.9612
bollinger_tight,trailing_10pct,T1a,13,0.5384615384615384,-1.1142923076923077,-14.485800000000001
bollinger_tight,trailing_10pct,T1c,7,0.14285714285714285,-4.9225,-34.4575
bollinger_tight,trailing_10pct,T2,14,0.42857142857142855,2.282835714285714,31.959699999999998
bollinger_tight,trailing_10pct,T3,5,0.2,-4.34762,-21.7381
bollinger_tight,trailing_10pct,unknown,26,0.3076923076923077,-0.6408384615384617,-16.661800000000003
bollinger_tight,trailing_15pct,T1ETF,2,0.0,-2.9806,-5.9612
bollinger_tight,trailing_15pct,T1a,13,0.38461538461538464,-2.3756923076923075,-30.883999999999997
bollinger_tight,trailing_15pct,T1c,7,0.2857142857142857,-4.963742857142857,-34.7462
bollinger_tight,trailing_15pct,T2,14,0.42857142857142855,1.294057142857143,18.1168
bollinger_tight,trailing_15pct,T3,5,0.4,-4.002820000000001,-20.014100000000003
bollinger_tight,trailing_15pct,unknown,26,0.5,2.2276461538461536,57.9188
bollinger_tight,trailing_5pct,T1ETF,2,0.0,-5.09805,-10.1961
bollinger_tight,trailing_5pct,T1a,13,0.46153846153846156,0.25023846153846147,3.253099999999999
bollinger_tight,trailing_5pct,T1c,7,0.14285714285714285,-2.1117714285714286,-14.7824
bollinger_tight,trailing_5pct,T2,14,0.2857142857142857,-0.8469785714285715,-11.857700000000001
bollinger_tight,trailing_5pct,T3,5,0.2,-0.30067999999999984,-1.5033999999999992
bollinger_tight,trailing_5pct,unknown,26,0.15384615384615385,-3.057865384615385,-79.50450000000001
break_retest_confluence,atr_trail_1x,T1a,6,0.5,0.17108333333333334,1.0265
break_retest_confluence,atr_trail_1x,T1c,2,0.0,-2.45655,-4.9131
break_retest_confluence,atr_trail_1x,T2,2,0.0,-2.41085,-4.8217
break_retest_confluence,atr_trail_1x,T3,1,0.0,-2.0604,-2.0604
break_retest_confluence,atr_trail_1x,unknown,7,0.14285714285714285,-2.068242857142857,-14.477699999999999
break_retest_confluence,atr_trail_2x,T1a,6,0.5,-0.28370000000000006,-1.7022000000000004
break_retest_confluence,atr_trail_2x,T1c,2,0.5,0.019000000000000128,0.038000000000000256
break_retest_confluence,atr_trail_2x,T2,2,0.0,-6.390000000000001,-12.780000000000001
break_retest_confluence,atr_trail_2x,T3,1,0.0,-9.0829,-9.0829
break_retest_confluence,atr_trail_2x,unknown,7,0.14285714285714285,-2.9152571428571425,-20.406799999999997
break_retest_confluence,atr_trail_mae_conditional,T1a,6,0.5,0.17108333333333334,1.0265
break_retest_confluence,atr_trail_mae_conditional,T1c,2,0.0,-2.45655,-4.9131
break_retest_confluence,atr_trail_mae_conditional,T2,2,0.0,-2.41085,-4.8217
break_retest_confluence,atr_trail_mae_conditional,T3,1,0.0,-2.0604,-2.0604
break_retest_confluence,atr_trail_mae_conditional,unknown,7,0.14285714285714285,-2.068242857142857,-14.477699999999999
break_retest_confluence,atr_trail_vix_conditional,T1a,6,0.5,0.42853333333333327,2.5711999999999997
break_retest_confluence,atr_trail_vix_conditional,T1c,2,0.5,1.88925,3.7785
break_retest_confluence,atr_trail_vix_conditional,T2,2,0.0,-4.5649999999999995,-9.129999999999999
break_retest_confluence,atr_trail_vix_conditional,T3,1,0.0,-2.0604,-2.0604
break_retest_confluence,atr_trail_vix_conditional,unknown,7,0.14285714285714285,-3.4505000000000003,-24.1535
break_retest_confluence,break_even_at_1r,T1a,6,0.3333333333333333,0.10440000000000005,0.6264000000000003
break_retest_confluence,break_even_at_1r,T1c,2,0.0,-2.45655,-4.9131
break_retest_confluence,break_even_at_1r,T2,2,0.0,-2.71995,-5.4399
break_retest_confluence,break_even_at_1r,T3,1,0.0,0.0,0.0
break_retest_confluence,break_even_at_1r,unknown,7,0.14285714285714285,-1.3274285714285712,-9.291999999999998
break_retest_confluence,breakeven_plus_trail,T1a,6,0.3333333333333333,-1.22915,-7.374899999999999
break_retest_confluence,breakeven_plus_trail,T1c,2,0.5,-1.47275,-2.9455
break_retest_confluence,breakeven_plus_trail,T2,2,0.0,-5.4399,-10.8798
break_retest_confluence,breakeven_plus_trail,T3,1,1.0,19.2247,19.2247
break_retest_confluence,breakeven_plus_trail,unknown,7,0.2857142857142857,1.067885714285714,7.475199999999999
break_retest_confluence,chandelier_3x,T1a,6,0.3333333333333333,-0.8109166666666668,-4.865500000000001
break_retest_confluence,chandelier_3x,T1c,2,0.5,0.2683,0.5366
break_retest_confluence,chandelier_3x,T2,2,0.5,-5.5512999999999995,-11.102599999999999
break_retest_confluence,chandelier_3x,T3,1,0.0,-6.7293,-6.7293
break_retest_confluence,chandelier_3x,unknown,7,0.14285714285714285,-2.975828571428571,-20.830799999999996
break_retest_confluence,class_time_stop,T1a,6,0.3333333333333333,-9.718216666666665,-58.30929999999999
break_retest_confluence,class_time_stop,T1c,2,0.5,-2.5213,-5.0426
break_retest_confluence,class_time_stop,T2,2,0.5,-4.91845,-9.8369
break_retest_confluence,class_time_stop,T3,1,1.0,11.3279,11.3279
break_retest_confluence,class_time_stop,unknown,7,0.42857142857142855,-13.165257142857143,-92.1568
break_retest_confluence,earnings_blackout,T1a,6,0.3333333333333333,-7.9751666666666665,-47.851
break_retest_confluence,earnings_blackout,T1c,2,1.0,4.9269,9.8538
break_retest_confluence,earnings_blackout,T2,2,0.0,-9.63935,-19.2787
break_retest_confluence,earnings_blackout,T3,1,0.0,-4.0943,-4.0943
break_retest_confluence,earnings_blackout,unknown,7,0.5714285714285714,-7.438785714285714,-52.0715
break_retest_confluence,fixed_4r_2r,T1a,6,0.3333333333333333,-1.0719666666666667,-6.4318
break_retest_confluence,fixed_4r_2r,T1c,2,0.5,0.8490500000000001,1.6981000000000002
break_retest_confluence,fixed_4r_2r,T2,2,0.0,-8.334399999999999,-16.668799999999997
break_retest_confluence,fixed_4r_2r,T3,1,1.0,28.727,28.727
break_retest_confluence,fixed_4r_2r,unknown,7,0.14285714285714285,-8.338757142857144,-58.371300000000005
break_retest_confluence,hybrid_50pct_target,T1a,6,0.6666666666666666,-17.79171666666667,-106.75030000000001
break_retest_confluence,hybrid_50pct_target,T1c,2,0.5,-2.79965,-5.5993
break_retest_confluence,hybrid_50pct_target,T2,2,0.5,-2.8291,-5.6582
break_retest_confluence,hybrid_50pct_target,T3,1,1.0,20.385,20.385
break_retest_confluence,hybrid_50pct_target,unknown,7,0.5714285714285714,-0.018614285714285726,-0.13030000000000008
break_retest_confluence,ma_exit_ema9,T1a,6,0.6666666666666666,0.9779666666666668,5.867800000000001
break_retest_confluence,ma_exit_ema9,T1c,2,0.0,-1.5773,-3.1546
break_retest_confluence,ma_exit_ema9,T2,2,0.5,-3.3032000000000004,-6.606400000000001
break_retest_confluence,ma_exit_ema9,T3,1,1.0,0.7181,0.7181
break_retest_confluence,ma_exit_ema9,unknown,7,0.2857142857142857,-1.256242857142857,-8.7937
break_retest_confluence,mfe_lockin_trail,T1a,6,0.5,0.1764333333333333,1.0585999999999998
break_retest_confluence,mfe_lockin_trail,T1c,2,0.0,-2.45655,-4.9131
break_retest_confluence,mfe_lockin_trail,T2,2,0.0,-2.41085,-4.8217
break_retest_confluence,mfe_lockin_trail,T3,1,0.0,-2.0604,-2.0604
break_retest_confluence,mfe_lockin_trail,unknown,7,0.14285714285714285,-2.068242857142857,-14.477699999999999
break_retest_confluence,multi_tier_partial,T1a,6,0.6666666666666666,0.7992,4.7952
break_retest_confluence,multi_tier_partial,T1c,2,0.0,-2.45655,-4.9131
break_retest_confluence,multi_tier_partial,T2,2,0.5,-1.8955499999999998,-3.7910999999999997
break_retest_confluence,multi_tier_partial,T3,1,1.0,2.3939,2.3939
break_retest_confluence,multi_tier_partial,unknown,7,0.42857142857142855,-0.9266714285714285,-6.486699999999999
break_retest_confluence,next_pivot_target,T1a,6,1.0,2.6352499999999996,15.811499999999999
break_retest_confluence,next_pivot_target,T1c,2,0.5,-4.8814,-9.7628
break_retest_confluence,next_pivot_target,T2,2,0.5,-4.82525,-9.6505
break_retest_confluence,next_pivot_target,T3,1,1.0,2.3724,2.3724
break_retest_confluence,next_pivot_target,unknown,7,0.7142857142857143,-0.9033714285714286,-6.3236
break_retest_confluence,r_multiple_2r,T1a,6,0.5,0.5262166666666666,3.1572999999999993
break_retest_confluence,r_multiple_2r,T1c,2,0.0,-2.45655,-4.9131
break_retest_confluence,r_multiple_2r,T2,2,0.5,0.17454999999999998,0.34909999999999997
break_retest_confluence,r_multiple_2r,T3,1,0.0,-7.1818,-7.1818
break_retest_confluence,r_multiple_2r,unknown,7,0.2857142857142857,-2.833142857142857,-19.832
break_retest_confluence,r_multiple_3r,T1a,6,0.3333333333333333,0.15373333333333358,0.9224000000000014
break_retest_confluence,r_multiple_3r,T1c,2,0.0,-2.45655,-4.9131
break_retest_confluence,r_multiple_3r,T2,2,0.5,1.6218000000000004,3.2436000000000007
break_retest_confluence,r_multiple_3r,T3,1,0.0,-7.1818,-7.1818
break_retest_confluence,r_multiple_3r,unknown,7,0.14285714285714285,-3.8248285714285717,-26.7738
break_retest_confluence,regime_flip,T1a,6,0.3333333333333333,-5.373783333333333,-32.2427
break_retest_confluence,regime_flip,T1c,2,0.5,-2.3141000000000003,-4.6282000000000005
break_retest_confluence,regime_flip,T2,2,0.5,-3.4711000000000003,-6.942200000000001
break_retest_confluence,regime_flip,T3,1,1.0,24.4766,24.4766
break_retest_confluence,regime_flip,unknown,7,0.42857142857142855,-9.367842857142858,-65.5749
break_retest_confluence,reverse_signal,T1a,6,0.5,0.17108333333333334,1.0265
break_retest_confluence,reverse_signal,T1c,2,0.0,-2.45655,-4.9131
break_retest_confluence,reverse_signal,T2,2,0.0,-2.41085,-4.8217
break_retest_confluence,reverse_signal,T3,1,0.0,-2.0604,-2.0604
break_retest_confluence,reverse_signal,unknown,7,0.14285714285714285,-2.068242857142857,-14.477699999999999
break_retest_confluence,smc_mitigation_zone,T1a,6,0.5,0.17108333333333334,1.0265
break_retest_confluence,smc_mitigation_zone,T1c,2,0.0,-2.45655,-4.9131
break_retest_confluence,smc_mitigation_zone,T2,2,0.0,-2.41085,-4.8217
break_retest_confluence,smc_mitigation_zone,T3,1,0.0,-2.0604,-2.0604
break_retest_confluence,smc_mitigation_zone,unknown,7,0.14285714285714285,-2.068242857142857,-14.477699999999999
break_retest_confluence,time_stop_10d,T1a,6,0.3333333333333333,-1.0267999999999997,-6.160799999999998
break_retest_confluence,time_stop_10d,T1c,2,0.5,-5.089799999999999,-10.179599999999999
break_retest_confluence,time_stop_10d,T2,2,0.0,-6.5698,-13.1396
break_retest_confluence,time_stop_10d,T3,1,1.0,0.1118,0.1118
break_retest_confluence,time_stop_10d,unknown,7,0.2857142857142857,-7.485428571428571,-52.397999999999996
break_retest_confluence,time_stop_20d,T1a,6,0.3333333333333333,-5.373783333333333,-32.2427
break_retest_confluence,time_stop_20d,T1c,2,0.5,-2.3141000000000003,-4.6282000000000005
break_retest_confluence,time_stop_20d,T2,2,0.5,-3.4711000000000003,-6.942200000000001
break_retest_confluence,time_stop_20d,T3,1,1.0,24.4766,24.4766
break_retest_confluence,time_stop_20d,unknown,7,0.42857142857142855,-9.367842857142858,-65.5749
break_retest_confluence,trailing_10pct,T1a,6,0.3333333333333333,-2.4298333333333333,-14.578999999999999
break_retest_confluence,trailing_10pct,T1c,2,0.5,-3.48035,-6.9607
break_retest_confluence,trailing_10pct,T2,2,0.0,-4.91015,-9.8203
break_retest_confluence,trailing_10pct,T3,1,0.0,-5.5342,-5.5342
break_retest_confluence,trailing_10pct,unknown,7,0.14285714285714285,-2.258514285714286,-15.809600000000001
break_retest_confluence,trailing_15pct,T1a,6,0.3333333333333333,-5.1159,-30.6954
break_retest_confluence,trailing_15pct,T1c,2,0.0,-4.33725,-8.6745
break_retest_confluence,trailing_15pct,T2,2,0.0,-9.70365,-19.4073
break_retest_confluence,trailing_15pct,T3,1,1.0,12.6011,12.6011
break_retest_confluence,trailing_15pct,unknown,7,0.14285714285714285,-6.996585714285715,-48.9761
break_retest_confluence,trailing_5pct,T1a,6,0.5,1.231,7.386
break_retest_confluence,trailing_5pct,T1c,2,0.5,0.5114000000000001,1.0228000000000002
break_retest_confluence,trailing_5pct,T2,2,0.0,-3.3805,-6.761
break_retest_confluence,trailing_5pct,T3,1,0.0,-0.2861,-0.2861
break_retest_confluence,trailing_5pct,unknown,7,0.42857142857142855,-0.15645714285714288,-1.0952000000000002
break_retest_volume,atr_trail_1x,T1ETF,1,0.0,-2.1413,-2.1413
break_retest_volume,atr_trail_1x,T1a,23,0.21739130434782608,-1.0849782608695653,-24.9545
break_retest_volume,atr_trail_1x,T1c,8,0.125,0.2550499999999998,2.040399999999998
break_retest_volume,atr_trail_1x,T2,10,0.1,-2.0976,-20.976
break_retest_volume,atr_trail_1x,unknown,36,0.25,-1.5251222222222223,-54.9044
break_retest_volume,atr_trail_2x,T1ETF,1,0.0,-4.2827,-4.2827
break_retest_volume,atr_trail_2x,T1a,23,0.34782608695652173,-1.490647826086957,-34.28490000000001
break_retest_volume,atr_trail_2x,T1c,8,0.125,0.35703750000000056,2.8563000000000045
break_retest_volume,atr_trail_2x,T2,10,0.1,-4.41577,-44.1577
break_retest_volume,atr_trail_2x,unknown,36,0.25,-3.5992583333333337,-129.57330000000002
break_retest_volume,atr_trail_mae_conditional,T1ETF,1,0.0,-2.1413,-2.1413
break_retest_volume,atr_trail_mae_conditional,T1a,23,0.21739130434782608,-1.0849782608695653,-24.9545
break_retest_volume,atr_trail_mae_conditional,T1c,8,0.125,0.2550499999999998,2.040399999999998
break_retest_volume,atr_trail_mae_conditional,T2,10,0.1,-2.0976,-20.976
break_retest_volume,atr_trail_mae_conditional,unknown,36,0.25,-1.5251222222222223,-54.9044
break_retest_volume,atr_trail_vix_conditional,T1ETF,1,0.0,-1.606,-1.606
break_retest_volume,atr_trail_vix_conditional,T1a,23,0.13043478260869565,-2.1653826086956522,-49.8038
break_retest_volume,atr_trail_vix_conditional,T1c,8,0.125,-0.004987500000000367,-0.03990000000000293
break_retest_volume,atr_trail_vix_conditional,T2,10,0.1,-2.80646,-28.0646
break_retest_volume,atr_trail_vix_conditional,unknown,36,0.19444444444444445,-2.104902777777778,-75.7765
break_retest_volume,break_even_at_1r,T1ETF,1,0.0,-2.1413,-2.1413
break_retest_volume,break_even_at_1r,T1a,23,0.08695652173913043,-1.5765391304347829,-36.260400000000004
break_retest_volume,break_even_at_1r,T1c,8,0.125,2.2824625000000003,18.259700000000002
break_retest_volume,break_even_at_1r,T2,10,0.1,-2.19205,-21.9205
break_retest_volume,break_even_at_1r,unknown,36,0.1111111111111111,-1.7916750000000004,-64.50030000000001
break_retest_volume,breakeven_plus_trail,T1ETF,1,0.0,-4.2827,-4.2827
break_retest_volume,breakeven_plus_trail,T1a,23,0.13043478260869565,-2.1999956521739135,-50.599900000000005
break_retest_volume,breakeven_plus_trail,T1c,8,0.125,1.9690124999999998,15.752099999999999
break_retest_volume,breakeven_plus_trail,T2,10,0.1,-4.3448,-43.448
break_retest_volume,breakeven_plus_trail,unknown,36,0.3888888888888889,1.6791722222222227,60.45020000000002
break_retest_volume,chandelier_3x,T1ETF,1,0.0,-3.2344,-3.2344
break_retest_volume,chandelier_3x,T1a,23,0.391304347826087,-2.1882,-50.3286
break_retest_volume,chandelier_3x,T1c,8,0.125,-1.0248249999999999,-8.198599999999999
break_retest_volume,chandelier_3x,T2,10,0.1,-6.19542,-61.9542
break_retest_volume,chandelier_3x,unknown,36,0.3055555555555556,-3.5573055555555553,-128.063
break_retest_volume,class_time_stop,T1ETF,1,0.0,-1.3011,-1.3011
break_retest_volume,class_time_stop,T1a,23,0.4782608695652174,-1.4703130434782608,-33.8172
break_retest_volume,class_time_stop,T1c,8,0.125,-4.21305,-33.7044
break_retest_volume,class_time_stop,T2,10,0.1,-8.67673,-86.76729999999999
break_retest_volume,class_time_stop,unknown,36,0.4166666666666667,-6.046122222222222,-217.6604
break_retest_volume,earnings_blackout,T1ETF,1,1.0,202.784,202.784
break_retest_volume,earnings_blackout,T1a,23,0.391304347826087,-4.0024434782608695,-92.0562
break_retest_volume,earnings_blackout,T1c,8,0.25,-2.8078749999999992,-22.462999999999994
break_retest_volume,earnings_blackout,T2,10,0.3,-8.43716,-84.3716
break_retest_volume,earnings_blackout,unknown,36,0.5833333333333334,8.991347222222222,323.6885
break_retest_volume,fixed_4r_2r,T1ETF,1,0.0,-4.2827,-4.2827
break_retest_volume,fixed_4r_2r,T1a,23,0.17391304347826086,-3.1027173913043478,-71.3625
break_retest_volume,fixed_4r_2r,T1c,8,0.125,-4.3611,-34.8888
break_retest_volume,fixed_4r_2r,T2,10,0.1,-4.74117,-47.4117
break_retest_volume,fixed_4r_2r,unknown,36,0.3055555555555556,-3.4290499999999997,-123.44579999999999
break_retest_volume,hybrid_50pct_target,T1ETF,1,0.0,-10.0,-10.0
break_retest_volume,hybrid_50pct_target,T1a,23,0.43478260869565216,-3.1671608695652176,-72.8447
break_retest_volume,hybrid_50pct_target,T1c,8,0.125,-5.1988375,-41.5907
break_retest_volume,hybrid_50pct_target,T2,10,0.3,-2.99816,-29.9816
break_retest_volume,hybrid_50pct_target,unknown,36,0.4444444444444444,-32.538586111111115,-1171.3891
break_retest_volume,ma_exit_ema9,T1ETF,1,0.0,-0.8553,-0.8553
break_retest_volume,ma_exit_ema9,T1a,23,0.34782608695652173,0.12547826086956518,2.8859999999999992
break_retest_volume,ma_exit_ema9,T1c,8,0.25,5.5203125,44.1625
break_retest_volume,ma_exit_ema9,T2,10,0.1,-3.3512100000000005,-33.512100000000004
break_retest_volume,ma_exit_ema9,unknown,36,0.3888888888888889,-0.4922583333333334,-17.721300000000003
break_retest_volume,mfe_lockin_trail,T1ETF,1,0.0,-2.1413,-2.1413
break_retest_volume,mfe_lockin_trail,T1a,23,0.21739130434782608,-1.2985434782608696,-29.8665
break_retest_volume,mfe_lockin_trail,T1c,8,0.125,-1.2299250000000002,-9.839400000000001
break_retest_volume,mfe_lockin_trail,T2,10,0.1,-2.0976,-20.976
break_retest_volume,mfe_lockin_trail,unknown,36,0.25,-1.3907027777777778,-50.0653
break_retest_volume,multi_tier_partial,T1ETF,1,0.0,-2.1413,-2.1413
break_retest_volume,multi_tier_partial,T1a,23,0.34782608695652173,-1.034195652173913,-23.7865
break_retest_volume,multi_tier_partial,T1c,8,0.25,-0.7376875,-5.9015
break_retest_volume,multi_tier_partial,T2,10,0.3,-1.54439,-15.4439
break_retest_volume,multi_tier_partial,unknown,36,0.3888888888888889,-0.7109611111111112,-25.5946
break_retest_volume,next_pivot_target,T1ETF,1,0.0,-10.0,-10.0
break_retest_volume,next_pivot_target,T1a,23,0.6956521739130435,-2.2105,-50.8415
break_retest_volume,next_pivot_target,T1c,8,0.25,-6.2413375,-49.9307
break_retest_volume,next_pivot_target,T2,10,0.5,-2.3980500000000005,-23.980500000000003
break_retest_volume,next_pivot_target,unknown,36,0.7222222222222222,-1.2139972222222222,-43.7039
break_retest_volume,r_multiple_2r,T1ETF,1,0.0,-2.1413,-2.1413
break_retest_volume,r_multiple_2r,T1a,23,0.30434782608695654,-0.744295652173913,-17.1188
break_retest_volume,r_multiple_2r,T1c,8,0.125,-2.2544375,-18.0355
break_retest_volume,r_multiple_2r,T2,10,0.1,-2.59027,-25.9027
break_retest_volume,r_multiple_2r,unknown,36,0.3888888888888889,0.8853416666666667,31.8723
break_retest_volume,r_multiple_3r,T1ETF,1,0.0,-2.1413,-2.1413
break_retest_volume,r_multiple_3r,T1a,23,0.2608695652173913,-0.31592173913043486,-7.266200000000001
break_retest_volume,r_multiple_3r,T1c,8,0.125,-1.6598875,-13.2791
break_retest_volume,r_multiple_3r,T2,10,0.1,-2.17255,-21.7255
break_retest_volume,r_multiple_3r,unknown,36,0.2777777777777778,0.011063888888888861,0.398299999999999
break_retest_volume,regime_flip,T1ETF,1,1.0,0.9966,0.9966
break_retest_volume,regime_flip,T1a,23,0.4782608695652174,-2.1876217391304347,-50.31529999999999
break_retest_volume,regime_flip,T1c,8,0.125,-4.022325,-32.1786
break_retest_volume,regime_flip,T2,10,0.0,-7.8341899999999995,-78.3419
break_retest_volume,regime_flip,unknown,36,0.4444444444444444,-4.969363888888889,-178.8971
break_retest_volume,reverse_signal,T1ETF,1,0.0,-2.1413,-2.1413
break_retest_volume,reverse_signal,T1a,23,0.21739130434782608,-1.0849782608695653,-24.9545
break_retest_volume,reverse_signal,T1c,8,0.125,0.2550499999999998,2.040399999999998
break_retest_volume,reverse_signal,T2,10,0.1,-2.0976,-20.976
break_retest_volume,reverse_signal,unknown,36,0.25,-1.5251222222222223,-54.9044
break_retest_volume,smc_mitigation_zone,T1ETF,1,0.0,-2.1413,-2.1413
break_retest_volume,smc_mitigation_zone,T1a,23,0.21739130434782608,-1.0849782608695653,-24.9545
break_retest_volume,smc_mitigation_zone,T1c,8,0.125,0.2550499999999998,2.040399999999998
break_retest_volume,smc_mitigation_zone,T2,10,0.1,-2.0976,-20.976
break_retest_volume,smc_mitigation_zone,unknown,36,0.25,-1.5251222222222223,-54.9044
break_retest_volume,time_stop_10d,T1ETF,1,0.0,-11.1436,-11.1436
break_retest_volume,time_stop_10d,T1a,23,0.43478260869565216,-2.3145304347826086,-53.2342
break_retest_volume,time_stop_10d,T1c,8,0.125,-4.257737499999999,-34.061899999999994
break_retest_volume,time_stop_10d,T2,10,0.2,-3.43566,-34.3566
break_retest_volume,time_stop_10d,unknown,36,0.4722222222222222,-1.6007000000000002,-57.62520000000001
break_retest_volume,time_stop_20d,T1ETF,1,1.0,0.9966,0.9966
break_retest_volume,time_stop_20d,T1a,23,0.4782608695652174,-2.1876217391304347,-50.31529999999999
break_retest_volume,time_stop_20d,T1c,8,0.125,-4.022325,-32.1786
break_retest_volume,time_stop_20d,T2,10,0.0,-7.8341899999999995,-78.3419
break_retest_volume,time_stop_20d,unknown,36,0.4444444444444444,-4.969363888888889,-178.8971
break_retest_volume,trailing_10pct,T1ETF,1,0.0,-10.0,-10.0
break_retest_volume,trailing_10pct,T1a,23,0.17391304347826086,-5.029947826086956,-115.6888
break_retest_volume,trailing_10pct,T1c,8,0.125,-2.2495624999999997,-17.996499999999997
break_retest_volume,trailing_10pct,T2,10,0.1,-5.04255,-50.4255
break_retest_volume,trailing_10pct,unknown,36,0.3055555555555556,-2.1951944444444447,-79.027
break_retest_volume,trailing_15pct,T1ETF,1,0.0,-6.7779,-6.7779
break_retest_volume,trailing_15pct,T1a,23,0.2608695652173913,-1.8024913043478263,-41.457300000000004
break_retest_volume,trailing_15pct,T1c,8,0.125,-4.3838625,-35.0709
break_retest_volume,trailing_15pct,T2,10,0.1,-6.26528,-62.6528
break_retest_volume,trailing_15pct,unknown,36,0.2777777777777778,-1.1859222222222223,-42.693200000000004
break_retest_volume,trailing_5pct,T1ETF,1,0.0,-5.485,-5.485
break_retest_volume,trailing_5pct,T1a,23,0.2608695652173913,-1.6711347826086955,-38.436099999999996
break_retest_volume,trailing_5pct,T1c,8,0.125,-1.1095125000000001,-8.876100000000001
break_retest_volume,trailing_5pct,T2,10,0.1,-2.25103,-22.5103
break_retest_volume,trailing_5pct,unknown,36,0.19444444444444445,-1.4460555555555556,-52.058
bullish_engulfing_support,atr_trail_1x,T1a,3,0.3333333333333333,0.2491333333333333,0.7473999999999998
bullish_engulfing_support,atr_trail_1x,T1c,1,0.0,-0.2964,-0.2964
bullish_engulfing_support,atr_trail_1x,T2,2,0.0,-2.92985,-5.8597
bullish_engulfing_support,atr_trail_1x,T3,1,0.0,-5.9956,-5.9956
bullish_engulfing_support,atr_trail_2x,T1a,3,0.3333333333333333,-3.2479333333333336,-9.7438
bullish_engulfing_support,atr_trail_2x,T1c,1,0.0,-0.6935,-0.6935
bullish_engulfing_support,atr_trail_2x,T2,2,0.0,-6.07165,-12.1433
bullish_engulfing_support,atr_trail_2x,T3,1,0.0,-11.9912,-11.9912
bullish_engulfing_support,atr_trail_mae_conditional,T1a,3,0.3333333333333333,0.2491333333333333,0.7473999999999998
bullish_engulfing_support,atr_trail_mae_conditional,T1c,1,0.0,-0.2964,-0.2964
bullish_engulfing_support,atr_trail_mae_conditional,T2,2,0.0,-2.92985,-5.8597
bullish_engulfing_support,atr_trail_mae_conditional,T3,1,0.0,-5.9956,-5.9956
bullish_engulfing_support,atr_trail_vix_conditional,T1a,3,0.3333333333333333,-1.4983000000000002,-4.4949
bullish_engulfing_support,atr_trail_vix_conditional,T1c,1,0.0,-0.2964,-0.2964
bullish_engulfing_support,atr_trail_vix_conditional,T2,2,0.5,-2.6022,-5.2044
bullish_engulfing_support,atr_trail_vix_conditional,T3,1,0.0,-4.4967,-4.4967
bullish_engulfing_support,break_even_at_1r,T1a,3,0.0,-0.7216,-2.1648
bullish_engulfing_support,break_even_at_1r,T1c,1,0.0,-0.2964,-0.2964
bullish_engulfing_support,break_even_at_1r,T2,2,0.0,-2.6991,-5.3982
bullish_engulfing_support,break_even_at_1r,T3,1,0.0,-5.9956,-5.9956
bullish_engulfing_support,breakeven_plus_trail,T1a,3,0.3333333333333333,4.370333333333334,13.111
bullish_engulfing_support,breakeven_plus_trail,T1c,1,1.0,1.7507,1.7507
bullish_engulfing_support,breakeven_plus_trail,T2,2,0.0,-8.00515,-16.0103
bullish_engulfing_support,breakeven_plus_trail,T3,1,0.0,-11.9912,-11.9912
bullish_engulfing_support,chandelier_3x,T1a,3,0.0,-3.240066666666667,-9.7202
bullish_engulfing_support,chandelier_3x,T1c,1,1.0,3.1058,3.1058
bullish_engulfing_support,chandelier_3x,T2,2,0.0,-6.35425,-12.7085
bullish_engulfing_support,chandelier_3x,T3,1,0.0,-4.5298,-4.5298
bullish_engulfing_support,class_time_stop,T1a,3,1.0,1.8539333333333332,5.5618
bullish_engulfing_support,class_time_stop,T1c,1,1.0,1.7819,1.7819
bullish_engulfing_support,class_time_stop,T2,2,0.0,-1.22065,-2.4413
bullish_engulfing_support,class_time_stop,T3,1,0.0,-18.16,-18.16
bullish_engulfing_support,earnings_blackout,T1a,3,1.0,7.4982999999999995,22.494899999999998
bullish_engulfing_support,earnings_blackout,T1c,1,1.0,13.0563,13.0563
bullish_engulfing_support,earnings_blackout,T2,2,0.5,-9.23875,-18.4775
bullish_engulfing_support,earnings_blackout,T3,1,0.0,-17.8544,-17.8544
bullish_engulfing_support,fixed_4r_2r,T1a,3,0.0,-5.358999999999999,-16.076999999999998
bullish_engulfing_support,fixed_4r_2r,T1c,1,1.0,10.9677,10.9677
bullish_engulfing_support,fixed_4r_2r,T2,2,0.0,-8.00515,-16.0103
bullish_engulfing_support,fixed_4r_2r,T3,1,0.0,-11.9912,-11.9912
bullish_engulfing_support,hybrid_50pct_target,T1a,3,0.3333333333333333,-2.6703666666666668,-8.0111
bullish_engulfing_support,hybrid_50pct_target,T1c,1,1.0,4.9722,4.9722
bullish_engulfing_support,hybrid_50pct_target,T2,2,0.5,2.3457,4.6914
bullish_engulfing_support,hybrid_50pct_target,T3,1,0.0,-190.6124,-190.6124
bullish_engulfing_support,ma_exit_ema9,T1a,3,0.3333333333333333,-0.4072,-1.2216
bullish_engulfing_support,ma_exit_ema9,T1c,1,1.0,3.9121,3.9121
bullish_engulfing_support,ma_exit_ema9,T2,2,0.0,-2.5741500000000004,-5.148300000000001
bullish_engulfing_support,ma_exit_ema9,T3,1,0.0,-8.2793,-8.2793
bullish_engulfing_support,mfe_lockin_trail,T1a,3,0.3333333333333333,0.2651666666666667,0.7955000000000001
bullish_engulfing_support,mfe_lockin_trail,T1c,1,0.0,-0.2964,-0.2964
bullish_engulfing_support,mfe_lockin_trail,T2,2,0.0,-2.92985,-5.8597
bullish_engulfing_support,mfe_lockin_trail,T3,1,0.0,-5.9956,-5.9956
bullish_engulfing_support,multi_tier_partial,T1a,3,0.6666666666666666,0.8982333333333332,2.6946999999999997
bullish_engulfing_support,multi_tier_partial,T1c,1,1.0,0.7128,0.7128
bullish_engulfing_support,multi_tier_partial,T2,2,0.5,-2.2646,-4.5292
bullish_engulfing_support,multi_tier_partial,T3,1,0.0,-5.9956,-5.9956
bullish_engulfing_support,next_pivot_target,T1a,3,0.6666666666666666,-1.6611333333333331,-4.9834
bullish_engulfing_support,next_pivot_target,T1c,1,1.0,10.9677,10.9677
bullish_engulfing_support,next_pivot_target,T2,2,0.5,-5.18915,-10.3783
bullish_engulfing_support,next_pivot_target,T3,1,0.0,-10.0,-10.0
bullish_engulfing_support,r_multiple_2r,T1a,3,0.3333333333333333,-0.7781666666666668,-2.3345000000000002
bullish_engulfing_support,r_multiple_2r,T1c,1,1.0,5.4625,5.4625
bullish_engulfing_support,r_multiple_2r,T2,2,0.0,-4.00255,-8.0051
bullish_engulfing_support,r_multiple_2r,T3,1,0.0,-5.9956,-5.9956
bullish_engulfing_support,r_multiple_3r,T1a,3,0.0,-3.6725666666666665,-11.0177
bullish_engulfing_support,r_multiple_3r,T1c,1,1.0,10.9677,10.9677
bullish_engulfing_support,r_multiple_3r,T2,2,0.0,-4.00255,-8.0051
bullish_engulfing_support,r_multiple_3r,T3,1,0.0,-5.9956,-5.9956
bullish_engulfing_support,regime_flip,T1a,3,0.3333333333333333,2.1266666666666665,6.38
bullish_engulfing_support,regime_flip,T1c,1,0.0,-0.473,-0.473
bullish_engulfing_support,regime_flip,T2,2,0.0,-4.46155,-8.9231
bullish_engulfing_support,regime_flip,T3,1,0.0,-21.5214,-21.5214
bullish_engulfing_support,reverse_signal,T1a,3,0.3333333333333333,0.2491333333333333,0.7473999999999998
bullish_engulfing_support,reverse_signal,T1c,1,0.0,-0.2964,-0.2964
bullish_engulfing_support,reverse_signal,T2,2,0.0,-2.92985,-5.8597
bullish_engulfing_support,reverse_signal,T3,1,0.0,-5.9956,-5.9956
bullish_engulfing_support,smc_mitigation_zone,T1a,3,0.3333333333333333,0.2491333333333333,0.7473999999999998
bullish_engulfing_support,smc_mitigation_zone,T1c,1,0.0,-0.2964,-0.2964
bullish_engulfing_support,smc_mitigation_zone,T2,2,0.0,-2.92985,-5.8597
bullish_engulfing_support,smc_mitigation_zone,T3,1,0.0,-5.9956,-5.9956
bullish_engulfing_support,time_stop_10d,T1a,3,0.3333333333333333,-0.8262333333333332,-2.4786999999999995
bullish_engulfing_support,time_stop_10d,T1c,1,1.0,13.0563,13.0563
bullish_engulfing_support,time_stop_10d,T2,2,0.5,0.3328,0.6656
bullish_engulfing_support,time_stop_10d,T3,1,0.0,-20.2991,-20.2991
bullish_engulfing_support,time_stop_20d,T1a,3,0.3333333333333333,2.1266666666666665,6.38
bullish_engulfing_support,time_stop_20d,T1c,1,0.0,-0.473,-0.473
bullish_engulfing_support,time_stop_20d,T2,2,0.0,-4.46155,-8.9231
bullish_engulfing_support,time_stop_20d,T3,1,0.0,-21.5214,-21.5214
bullish_engulfing_support,trailing_10pct,T1a,3,0.3333333333333333,1.3922666666666668,4.1768
bullish_engulfing_support,trailing_10pct,T1c,1,1.0,1.7507,1.7507
bullish_engulfing_support,trailing_10pct,T2,2,0.5,6.536300000000001,13.072600000000001
bullish_engulfing_support,trailing_10pct,T3,1,0.0,-10.0,-10.0
bullish_engulfing_support,trailing_15pct,T1a,3,0.3333333333333333,-5.9510000000000005,-17.853
bullish_engulfing_support,trailing_15pct,T1c,1,0.0,-3.9021,-3.9021
bullish_engulfing_support,trailing_15pct,T2,2,0.5,0.6176000000000004,1.2352000000000007
bullish_engulfing_support,trailing_15pct,T3,1,0.0,-15.0,-15.0
bullish_engulfing_support,trailing_5pct,T1a,3,0.6666666666666666,-1.2129333333333334,-3.6388000000000003
bullish_engulfing_support,trailing_5pct,T1c,1,0.0,-0.0891,-0.0891
bullish_engulfing_support,trailing_5pct,T2,2,0.0,-3.9600999999999997,-7.9201999999999995
bullish_engulfing_support,trailing_5pct,T3,1,0.0,-5.0,-5.0
buyback_8k_recent_long,atr_trail_1x,T1a,5,0.0,-2.43716,-12.1858
buyback_8k_recent_long,atr_trail_1x,T1c,1,1.0,2.0364,2.0364
buyback_8k_recent_long,atr_trail_1x,T2,9,0.2222222222222222,-2.4790222222222225,-22.311200000000003
buyback_8k_recent_long,atr_trail_1x,T3,10,0.1,-2.43196,-24.3196
buyback_8k_recent_long,atr_trail_1x,unknown,23,0.043478260869565216,-5.716673913043478,-131.4835
buyback_8k_recent_long,atr_trail_2x,T1a,5,0.2,-5.206440000000001,-26.032200000000003
buyback_8k_recent_long,atr_trail_2x,T1c,1,1.0,5.9946,5.9946
buyback_8k_recent_long,atr_trail_2x,T2,9,0.3333333333333333,-5.759355555555556,-51.8342
buyback_8k_recent_long,atr_trail_2x,T3,10,0.3,-0.3542299999999997,-3.5422999999999973
buyback_8k_recent_long,atr_trail_2x,unknown,23,0.21739130434782608,-4.974204347826087,-114.4067
buyback_8k_recent_long,atr_trail_mae_conditional,T1a,5,0.0,-2.43716,-12.1858
buyback_8k_recent_long,atr_trail_mae_conditional,T1c,1,1.0,2.0364,2.0364
buyback_8k_recent_long,atr_trail_mae_conditional,T2,9,0.2222222222222222,-2.4790222222222225,-22.311200000000003
buyback_8k_recent_long,atr_trail_mae_conditional,T3,10,0.1,-2.43196,-24.3196
buyback_8k_recent_long,atr_trail_mae_conditional,unknown,23,0.043478260869565216,-5.716673913043478,-131.4835
buyback_8k_recent_long,atr_trail_vix_conditional,T1a,5,0.0,-2.44118,-12.2059
buyback_8k_recent_long,atr_trail_vix_conditional,T1c,1,1.0,3.1859,3.1859
buyback_8k_recent_long,atr_trail_vix_conditional,T2,9,0.1111111111111111,-4.193144444444445,-37.7383
buyback_8k_recent_long,atr_trail_vix_conditional,T3,10,0.2,-2.3382899999999998,-23.3829
buyback_8k_recent_long,atr_trail_vix_conditional,unknown,23,0.13043478260869565,-4.905304347826087,-112.822
buyback_8k_recent_long,break_even_at_1r,T1a,5,0.0,-2.45532,-12.2766
buyback_8k_recent_long,break_even_at_1r,T1c,1,0.0,0.0,0.0
buyback_8k_recent_long,break_even_at_1r,T2,9,0.1111111111111111,-2.6763333333333335,-24.087
buyback_8k_recent_long,break_even_at_1r,T3,10,0.1,0.09129999999999994,0.9129999999999994
buyback_8k_recent_long,break_even_at_1r,unknown,23,0.08695652173913043,-3.4732217391304347,-79.8841
buyback_8k_recent_long,breakeven_plus_trail,T1a,5,0.2,-2.60842,-13.042100000000001
buyback_8k_recent_long,breakeven_plus_trail,T1c,1,0.0,0.0,0.0
buyback_8k_recent_long,breakeven_plus_trail,T2,9,0.2222222222222222,-5.937788888888889,-53.4401
buyback_8k_recent_long,breakeven_plus_trail,T3,10,0.6,7.12157,71.2157
buyback_8k_recent_long,breakeven_plus_trail,unknown,23,0.43478260869565216,0.25466086956521733,5.857199999999999
buyback_8k_recent_long,chandelier_3x,T1a,5,0.2,-4.13336,-20.6668
buyback_8k_recent_long,chandelier_3x,T1c,1,1.0,5.4582,5.4582
buyback_8k_recent_long,chandelier_3x,T2,9,0.0,-3.2665222222222225,-29.3987
buyback_8k_recent_long,chandelier_3x,T3,10,0.3,1.9743000000000006,19.743000000000006
buyback_8k_recent_long,chandelier_3x,unknown,23,0.17391304347826086,-0.1536304347826088,-3.5335000000000023
buyback_8k_recent_long,class_time_stop,T1a,5,0.2,-8.00904,-40.0452
buyback_8k_recent_long,class_time_stop,T1c,1,1.0,8.986,8.986
buyback_8k_recent_long,class_time_stop,T2,9,0.4444444444444444,-1.6530777777777779,-14.8777
buyback_8k_recent_long,class_time_stop,T3,10,0.6,11.448269999999999,114.4827
buyback_8k_recent_long,class_time_stop,unknown,23,0.391304347826087,-0.5746260869565212,-13.216399999999986
buyback_8k_recent_long,earnings_blackout,T1a,5,0.2,-3.65162,-18.2581
buyback_8k_recent_long,earnings_blackout,T1c,1,1.0,7.1863,7.1863
buyback_8k_recent_long,earnings_blackout,T2,9,0.5555555555555556,0.08669999999999965,0.7802999999999969
buyback_8k_recent_long,earnings_blackout,T3,10,0.5,0.08986000000000019,0.8986000000000018
buyback_8k_recent_long,earnings_blackout,unknown,23,0.4782608695652174,2.257917391304349,51.93210000000002
buyback_8k_recent_long,fixed_4r_2r,T1a,5,0.2,-5.34452,-26.7226
buyback_8k_recent_long,fixed_4r_2r,T1c,1,1.0,15.2697,15.2697
buyback_8k_recent_long,fixed_4r_2r,T2,9,0.3333333333333333,-2.9986111111111113,-26.9875
buyback_8k_recent_long,fixed_4r_2r,T3,10,0.4,2.69182,26.9182
buyback_8k_recent_long,fixed_4r_2r,unknown,23,0.21739130434782608,-4.734791304347826,-108.9002
buyback_8k_recent_long,hybrid_50pct_target,T1a,5,0.4,-3.6418,-18.209
buyback_8k_recent_long,hybrid_50pct_target,T1c,1,1.0,5.7261,5.7261
buyback_8k_recent_long,hybrid_50pct_target,T2,9,0.4444444444444444,-0.08696666666666689,-0.782700000000002
buyback_8k_recent_long,hybrid_50pct_target,T3,10,0.4,2.4180900000000003,24.1809
buyback_8k_recent_long,hybrid_50pct_target,unknown,23,0.34782608695652173,0.4123652173913047,9.484400000000008
buyback_8k_recent_long,ma_exit_ema9,T1a,5,0.4,-1.2338,-6.169
buyback_8k_recent_long,ma_exit_ema9,T1c,1,1.0,2.9794,2.9794
buyback_8k_recent_long,ma_exit_ema9,T2,9,0.4444444444444444,-1.8476333333333335,-16.628700000000002
buyback_8k_recent_long,ma_exit_ema9,T3,10,0.4,5.38119,53.8119
buyback_8k_recent_long,ma_exit_ema9,unknown,23,0.21739130434782608,-3.5211521739130434,-80.98649999999999
buyback_8k_recent_long,mfe_lockin_trail,T1a,5,0.0,-2.43716,-12.1858
buyback_8k_recent_long,mfe_lockin_trail,T1c,1,1.0,2.0364,2.0364
buyback_8k_recent_long,mfe_lockin_trail,T2,9,0.2222222222222222,-2.4790222222222225,-22.311200000000003
buyback_8k_recent_long,mfe_lockin_trail,T3,10,0.1,-2.9902,-29.902
buyback_8k_recent_long,mfe_lockin_trail,unknown,23,0.043478260869565216,-5.716673913043478,-131.4835
buyback_8k_recent_long,multi_tier_partial,T1a,5,0.4,-1.6161400000000001,-8.0807
buyback_8k_recent_long,multi_tier_partial,T1c,1,1.0,2.6301,2.6301
buyback_8k_recent_long,multi_tier_partial,T2,9,0.3333333333333333,-1.6608777777777783,-14.947900000000004
buyback_8k_recent_long,multi_tier_partial,T3,10,0.4,-0.9418700000000001,-9.418700000000001
buyback_8k_recent_long,multi_tier_partial,unknown,23,0.2608695652173913,-4.561208695652175,-104.90780000000001
buyback_8k_recent_long,next_pivot_target,T1a,5,0.4,-3.6569600000000007,-18.284800000000004
buyback_8k_recent_long,next_pivot_target,T1c,1,1.0,8.5474,8.5474
buyback_8k_recent_long,next_pivot_target,T2,9,0.4444444444444444,1.214322222222222,10.928899999999999
buyback_8k_recent_long,next_pivot_target,T3,10,0.6,0.6407699999999998,6.407699999999998
buyback_8k_recent_long,next_pivot_target,unknown,23,0.43478260869565216,-2.8620260869565217,-65.8266
buyback_8k_recent_long,r_multiple_2r,T1a,5,0.2,-2.311,-11.555
buyback_8k_recent_long,r_multiple_2r,T1c,1,1.0,8.0633,8.0633
buyback_8k_recent_long,r_multiple_2r,T2,9,0.3333333333333333,1.367222222222222,12.304999999999996
buyback_8k_recent_long,r_multiple_2r,T3,10,0.3,-0.9017800000000001,-9.017800000000001
buyback_8k_recent_long,r_multiple_2r,unknown,23,0.21739130434782608,-2.672417391304348,-61.4656
buyback_8k_recent_long,r_multiple_3r,T1a,5,0.2,-1.8752400000000002,-9.3762
buyback_8k_recent_long,r_multiple_3r,T1c,1,1.0,11.4523,11.4523
buyback_8k_recent_long,r_multiple_3r,T2,9,0.3333333333333333,1.4254666666666662,12.829199999999997
buyback_8k_recent_long,r_multiple_3r,T3,10,0.3,1.4537799999999996,14.537799999999997
buyback_8k_recent_long,r_multiple_3r,unknown,23,0.17391304347826086,-2.142191304347826,-49.2704
buyback_8k_recent_long,regime_flip,T1a,5,0.2,-3.31094,-16.5547
buyback_8k_recent_long,regime_flip,T1c,1,1.0,3.9615,3.9615
buyback_8k_recent_long,regime_flip,T2,9,0.4444444444444444,-4.1209333333333324,-37.08839999999999
buyback_8k_recent_long,regime_flip,T3,10,0.5,9.629140000000001,96.29140000000001
buyback_8k_recent_long,regime_flip,unknown,23,0.43478260869565216,1.2068608695652174,27.7578
buyback_8k_recent_long,reverse_signal,T1a,5,0.0,-2.43716,-12.1858
buyback_8k_recent_long,reverse_signal,T1c,1,1.0,2.0364,2.0364
buyback_8k_recent_long,reverse_signal,T2,9,0.2222222222222222,-2.4790222222222225,-22.311200000000003
buyback_8k_recent_long,reverse_signal,T3,10,0.1,-2.43196,-24.3196
buyback_8k_recent_long,reverse_signal,unknown,23,0.043478260869565216,-5.716673913043478,-131.4835
buyback_8k_recent_long,smc_mitigation_zone,T1a,5,0.0,-2.43716,-12.1858
buyback_8k_recent_long,smc_mitigation_zone,T1c,1,1.0,2.0364,2.0364
buyback_8k_recent_long,smc_mitigation_zone,T2,9,0.2222222222222222,-2.4790222222222225,-22.311200000000003
buyback_8k_recent_long,smc_mitigation_zone,T3,10,0.1,-2.43196,-24.3196
buyback_8k_recent_long,smc_mitigation_zone,unknown,23,0.043478260869565216,-5.716673913043478,-131.4835
buyback_8k_recent_long,time_stop_10d,T1a,5,0.6,2.5562,12.781
buyback_8k_recent_long,time_stop_10d,T1c,1,1.0,3.5686,3.5686
buyback_8k_recent_long,time_stop_10d,T2,9,0.3333333333333333,-4.463455555555555,-40.171099999999996
buyback_8k_recent_long,time_stop_10d,T3,10,0.5,7.478519999999999,74.78519999999999
buyback_8k_recent_long,time_stop_10d,unknown,23,0.5217391304347826,1.8735043478260873,43.09060000000001
buyback_8k_recent_long,time_stop_20d,T1a,5,0.2,-3.31094,-16.5547
buyback_8k_recent_long,time_stop_20d,T1c,1,1.0,3.9615,3.9615
buyback_8k_recent_long,time_stop_20d,T2,9,0.4444444444444444,-4.1209333333333324,-37.08839999999999
buyback_8k_recent_long,time_stop_20d,T3,10,0.5,9.629140000000001,96.29140000000001
buyback_8k_recent_long,time_stop_20d,unknown,23,0.43478260869565216,1.2068608695652174,27.7578
buyback_8k_recent_long,trailing_10pct,T1a,5,0.0,-7.164620000000001,-35.823100000000004
buyback_8k_recent_long,trailing_10pct,T1c,1,0.0,-0.0833,-0.0833
buyback_8k_recent_long,trailing_10pct,T2,9,0.2222222222222222,-5.618788888888889,-50.5691
buyback_8k_recent_long,trailing_10pct,T3,10,0.2,-0.93603,-9.3603
buyback_8k_recent_long,trailing_10pct,unknown,23,0.13043478260869565,-5.235691304347826,-120.4209
buyback_8k_recent_long,trailing_15pct,T1a,5,0.0,-9.446539999999999,-47.232699999999994
buyback_8k_recent_long,trailing_15pct,T1c,1,1.0,1.8359,1.8359
buyback_8k_recent_long,trailing_15pct,T2,9,0.2222222222222222,-6.074855555555555,-54.6737
buyback_8k_recent_long,trailing_15pct,T3,10,0.4,-0.08475999999999964,-0.8475999999999964
buyback_8k_recent_long,trailing_15pct,unknown,23,0.30434782608695654,-0.47527826086956515,-10.931399999999998
buyback_8k_recent_long,trailing_5pct,T1a,5,0.2,-2.32014,-11.6007
buyback_8k_recent_long,trailing_5pct,T1c,1,1.0,0.6033,0.6033
buyback_8k_recent_long,trailing_5pct,T2,9,0.2222222222222222,-2.7027888888888887,-24.3251
buyback_8k_recent_long,trailing_5pct,T3,10,0.1,-1.22623,-12.2623
buyback_8k_recent_long,trailing_5pct,unknown,23,0.043478260869565216,-3.865760869565217,-88.9125
camarilla_r3_breakout,atr_trail_1x,T1a,6,0.16666666666666666,-1.83435,-11.0061
camarilla_r3_breakout,atr_trail_1x,T1c,2,0.0,-4.8368,-9.6736
camarilla_r3_breakout,atr_trail_1x,T2,4,0.0,-3.3731,-13.4924
camarilla_r3_breakout,atr_trail_1x,T3,2,0.5,-3.78045,-7.5609
camarilla_r3_breakout,atr_trail_1x,unknown,32,0.21875,-2.496175,-79.8776
camarilla_r3_breakout,atr_trail_2x,T1a,6,0.6666666666666666,5.656166666666667,33.937
camarilla_r3_breakout,atr_trail_2x,T1c,2,0.5,3.08495,6.1699
camarilla_r3_breakout,atr_trail_2x,T2,4,0.5,-0.26744999999999974,-1.069799999999999
camarilla_r3_breakout,atr_trail_2x,T3,2,0.5,-4.2321,-8.4642
camarilla_r3_breakout,atr_trail_2x,unknown,32,0.3125,-0.8353968749999999,-26.732699999999998
camarilla_r3_breakout,atr_trail_mae_conditional,T1a,6,0.16666666666666666,-1.83435,-11.0061
camarilla_r3_breakout,atr_trail_mae_conditional,T1c,2,0.0,-4.8368,-9.6736
camarilla_r3_breakout,atr_trail_mae_conditional,T2,4,0.0,-3.3731,-13.4924
camarilla_r3_breakout,atr_trail_mae_conditional,T3,2,0.5,-3.78045,-7.5609
camarilla_r3_breakout,atr_trail_mae_conditional,unknown,32,0.21875,-2.496175,-79.8776
camarilla_r3_breakout,atr_trail_vix_conditional,T1a,6,0.16666666666666666,-2.9021833333333333,-17.4131
camarilla_r3_breakout,atr_trail_vix_conditional,T1c,2,0.0,-1.1707500000000002,-2.3415000000000004
camarilla_r3_breakout,atr_trail_vix_conditional,T2,4,0.25,-1.43545,-5.7418
camarilla_r3_breakout,atr_trail_vix_conditional,T3,2,0.5,-2.31145,-4.6229
camarilla_r3_breakout,atr_trail_vix_conditional,unknown,32,0.15625,-3.49834375,-111.947
camarilla_r3_breakout,break_even_at_1r,T1a,6,0.0,-2.8039666666666663,-16.8238
camarilla_r3_breakout,break_even_at_1r,T1c,2,0.0,-3.82665,-7.6533
camarilla_r3_breakout,break_even_at_1r,T2,4,0.0,-3.6076249999999996,-14.430499999999999
camarilla_r3_breakout,break_even_at_1r,T3,2,0.5,-4.7958,-9.5916
camarilla_r3_breakout,break_even_at_1r,unknown,32,0.0625,-2.38648125,-76.3674
camarilla_r3_breakout,breakeven_plus_trail,T1a,6,0.8333333333333334,7.715199999999999,46.291199999999996
camarilla_r3_breakout,breakeven_plus_trail,T1c,2,0.5,3.32865,6.6573
camarilla_r3_breakout,breakeven_plus_trail,T2,4,0.25,-4.063549999999999,-16.254199999999997
camarilla_r3_breakout,breakeven_plus_trail,T3,2,1.0,2.4543,4.9086
camarilla_r3_breakout,breakeven_plus_trail,unknown,32,0.46875,2.2875031249999997,73.20009999999999
camarilla_r3_breakout,chandelier_3x,T1a,6,0.3333333333333333,3.989433333333333,23.9366
camarilla_r3_breakout,chandelier_3x,T1c,2,0.5,1.9000499999999998,3.8000999999999996
camarilla_r3_breakout,chandelier_3x,T2,4,0.0,-3.017875,-12.0715
camarilla_r3_breakout,chandelier_3x,T3,2,0.0,-4.0527,-8.1054
camarilla_r3_breakout,chandelier_3x,unknown,32,0.15625,-0.701109375,-22.4355
camarilla_r3_breakout,class_time_stop,T1a,6,0.5,2.651433333333333,15.908599999999998
camarilla_r3_breakout,class_time_stop,T1c,2,1.0,11.701149999999998,23.402299999999997
camarilla_r3_breakout,class_time_stop,T2,4,0.25,-3.371825,-13.4873
camarilla_r3_breakout,class_time_stop,T3,2,1.0,2.54275,5.0855
camarilla_r3_breakout,class_time_stop,unknown,32,0.40625,0.17877812500000004,5.720900000000001
camarilla_r3_breakout,earnings_blackout,T1a,6,0.6666666666666666,7.7644166666666665,46.5865
camarilla_r3_breakout,earnings_blackout,T1c,2,1.0,23.52615,47.0523
camarilla_r3_breakout,earnings_blackout,T2,4,0.5,4.04955,16.1982
camarilla_r3_breakout,earnings_blackout,T3,2,1.0,9.5058,19.0116
camarilla_r3_breakout,earnings_blackout,unknown,32,0.40625,4.64746875,148.719
camarilla_r3_breakout,fixed_4r_2r,T1a,6,0.8333333333333334,12.563049999999999,75.3783
camarilla_r3_breakout,fixed_4r_2r,T1c,2,0.5,-0.03230000000000022,-0.06460000000000043
camarilla_r3_breakout,fixed_4r_2r,T2,4,0.25,-3.0234250000000005,-12.093700000000002
camarilla_r3_breakout,fixed_4r_2r,T3,2,0.5,2.6965500000000002,5.3931000000000004
camarilla_r3_breakout,fixed_4r_2r,unknown,32,0.34375,-0.899265625,-28.7765
camarilla_r3_breakout,hybrid_50pct_target,T1a,6,0.8333333333333334,9.210833333333333,55.265
camarilla_r3_breakout,hybrid_50pct_target,T1c,2,0.5,-0.4247500000000004,-0.8495000000000008
camarilla_r3_breakout,hybrid_50pct_target,T2,4,0.5,0.24224999999999985,0.9689999999999994
camarilla_r3_breakout,hybrid_50pct_target,T3,2,0.5,12.45665,24.9133
camarilla_r3_breakout,hybrid_50pct_target,unknown,32,0.46875,-0.9215499999999996,-29.48959999999999
camarilla_r3_breakout,ma_exit_ema9,T1a,6,0.6666666666666666,3.5827499999999994,21.496499999999997
camarilla_r3_breakout,ma_exit_ema9,T1c,2,1.0,5.50295,11.0059
camarilla_r3_breakout,ma_exit_ema9,T2,4,0.25,-0.895425,-3.5817
camarilla_r3_breakout,ma_exit_ema9,T3,2,0.5,-3.23795,-6.4759
camarilla_r3_breakout,ma_exit_ema9,unknown,32,0.4375,0.4575000000000001,14.640000000000002
camarilla_r3_breakout,mfe_lockin_trail,T1a,6,0.16666666666666666,-1.83435,-11.0061
camarilla_r3_breakout,mfe_lockin_trail,T1c,2,0.0,-4.8368,-9.6736
camarilla_r3_breakout,mfe_lockin_trail,T2,4,0.0,-3.3731,-13.4924
camarilla_r3_breakout,mfe_lockin_trail,T3,2,0.5,-2.4612,-4.9224
camarilla_r3_breakout,mfe_lockin_trail,unknown,32,0.25,-1.5114156250000002,-48.365300000000005
camarilla_r3_breakout,multi_tier_partial,T1a,6,0.5,-1.76065,-10.5639
camarilla_r3_breakout,multi_tier_partial,T1c,2,0.0,-4.8368,-9.6736
camarilla_r3_breakout,multi_tier_partial,T2,4,0.0,-3.3731,-13.4924
camarilla_r3_breakout,multi_tier_partial,T3,2,0.5,-2.0791,-4.1582
camarilla_r3_breakout,multi_tier_partial,unknown,32,0.53125,-0.844784375,-27.0331
camarilla_r3_breakout,next_pivot_target,T1a,6,1.0,5.207816666666666,31.246899999999997
camarilla_r3_breakout,next_pivot_target,T1c,2,0.5,-1.97295,-3.9459
camarilla_r3_breakout,next_pivot_target,T2,4,0.75,0.9351750000000001,3.7407000000000004
camarilla_r3_breakout,next_pivot_target,T3,2,0.5,12.173649999999999,24.347299999999997
camarilla_r3_breakout,next_pivot_target,unknown,32,0.625,1.493846875,47.8031
camarilla_r3_breakout,r_multiple_2r,T1a,6,0.5,2.5625,15.375
camarilla_r3_breakout,r_multiple_2r,T1c,2,0.5,0.054600000000000204,0.10920000000000041
camarilla_r3_breakout,r_multiple_2r,T2,4,0.25,-1.5093249999999998,-6.037299999999999
camarilla_r3_breakout,r_multiple_2r,T3,2,0.5,0.0757500000000002,0.1515000000000004
camarilla_r3_breakout,r_multiple_2r,unknown,32,0.34375,-0.66555,-21.2976
camarilla_r3_breakout,r_multiple_3r,T1a,6,0.5,5.221383333333333,31.3283
camarilla_r3_breakout,r_multiple_3r,T1c,2,0.5,1.9952500000000004,3.990500000000001
camarilla_r3_breakout,r_multiple_3r,T2,4,0.25,-0.46372499999999994,-1.8548999999999998
camarilla_r3_breakout,r_multiple_3r,T3,2,0.0,-8.16845,-16.3369
camarilla_r3_breakout,r_multiple_3r,unknown,32,0.21875,-2.51459375,-80.467
camarilla_r3_breakout,regime_flip,T1a,6,0.6666666666666666,8.574166666666667,51.445
camarilla_r3_breakout,regime_flip,T1c,2,1.0,9.163599999999999,18.327199999999998
camarilla_r3_breakout,regime_flip,T2,4,0.5,-8.6595,-34.638
camarilla_r3_breakout,regime_flip,T3,2,1.0,14.86825,29.7365
camarilla_r3_breakout,regime_flip,unknown,32,0.5,4.932528125,157.8409
camarilla_r3_breakout,reverse_signal,T1a,6,0.16666666666666666,-1.83435,-11.0061
camarilla_r3_breakout,reverse_signal,T1c,2,0.0,-4.8368,-9.6736
camarilla_r3_breakout,reverse_signal,T2,4,0.0,-3.3731,-13.4924
camarilla_r3_breakout,reverse_signal,T3,2,0.5,-3.78045,-7.5609
camarilla_r3_breakout,reverse_signal,unknown,32,0.21875,-2.496175,-79.8776
camarilla_r3_breakout,smc_mitigation_zone,T1a,6,0.16666666666666666,-1.83435,-11.0061
camarilla_r3_breakout,smc_mitigation_zone,T1c,2,0.0,-4.8368,-9.6736
camarilla_r3_breakout,smc_mitigation_zone,T2,4,0.0,-3.3731,-13.4924
camarilla_r3_breakout,smc_mitigation_zone,T3,2,0.5,-3.78045,-7.5609
camarilla_r3_breakout,smc_mitigation_zone,unknown,32,0.21875,-2.496175,-79.8776
camarilla_r3_breakout,time_stop_10d,T1a,6,0.6666666666666666,5.512016666666667,33.0721
camarilla_r3_breakout,time_stop_10d,T1c,2,1.0,8.6102,17.2204
camarilla_r3_breakout,time_stop_10d,T2,4,0.5,-0.10307500000000003,-0.4123000000000001
camarilla_r3_breakout,time_stop_10d,T3,2,1.0,6.952,13.904
camarilla_r3_breakout,time_stop_10d,unknown,32,0.53125,2.57255,82.3216
camarilla_r3_breakout,time_stop_20d,T1a,6,0.6666666666666666,8.574166666666667,51.445
camarilla_r3_breakout,time_stop_20d,T1c,2,1.0,9.163599999999999,18.327199999999998
camarilla_r3_breakout,time_stop_20d,T2,4,0.5,-8.6595,-34.638
camarilla_r3_breakout,time_stop_20d,T3,2,1.0,14.86825,29.7365
camarilla_r3_breakout,time_stop_20d,unknown,32,0.5,4.932528125,157.8409
camarilla_r3_breakout,trailing_10pct,T1a,6,0.6666666666666666,5.6703833333333336,34.0223
camarilla_r3_breakout,trailing_10pct,T1c,2,0.5,2.75355,5.5071
camarilla_r3_breakout,trailing_10pct,T2,4,0.5,-0.27987499999999965,-1.1194999999999986
camarilla_r3_breakout,trailing_10pct,T3,2,0.5,-4.6547,-9.3094
camarilla_r3_breakout,trailing_10pct,unknown,32,0.34375,-1.0034750000000001,-32.111200000000004
camarilla_r3_breakout,trailing_15pct,T1a,6,0.5,2.9261166666666667,17.5567
camarilla_r3_breakout,trailing_15pct,T1c,2,1.0,1.2193,2.4386
camarilla_r3_breakout,trailing_15pct,T2,4,0.5,-5.641075,-22.5643
camarilla_r3_breakout,trailing_15pct,T3,2,0.0,-1.9796500000000001,-3.9593000000000003
camarilla_r3_breakout,trailing_15pct,unknown,32,0.3125,0.12346249999999964,3.9507999999999885
camarilla_r3_breakout,trailing_5pct,T1a,6,0.3333333333333333,-0.5782999999999999,-3.4697999999999993
camarilla_r3_breakout,trailing_5pct,T1c,2,0.5,3.7913500000000004,7.582700000000001
camarilla_r3_breakout,trailing_5pct,T2,4,0.0,-3.8153,-15.2612
camarilla_r3_breakout,trailing_5pct,T3,2,0.5,-2.05825,-4.1165
camarilla_r3_breakout,trailing_5pct,unknown,32,0.0625,-2.73765625,-87.605
cmf_flip,atr_trail_1x,T1a,39,0.3333333333333333,-0.2915384615384616,-11.370000000000001
cmf_flip,atr_trail_1x,T1c,11,0.36363636363636365,-0.5427272727272728,-5.970000000000001
cmf_flip,atr_trail_1x,T2,15,0.2,-1.3256933333333332,-19.885399999999997
cmf_flip,atr_trail_1x,T3,5,0.2,-1.578,-7.890000000000001
cmf_flip,atr_trail_1x,unknown,48,0.25,-2.1280125,-102.1446
cmf_flip,atr_trail_2x,T1a,39,0.3076923076923077,-0.17284102564102563,-6.7408
cmf_flip,atr_trail_2x,T1c,11,0.18181818181818182,-2.8647727272727272,-31.5125
cmf_flip,atr_trail_2x,T2,15,0.26666666666666666,-2.72672,-40.9008
cmf_flip,atr_trail_2x,T3,5,0.2,8.584579999999999,42.9229
cmf_flip,atr_trail_2x,unknown,48,0.2916666666666667,-0.9084604166666667,-43.6061
cmf_flip,atr_trail_mae_conditional,T1a,39,0.3333333333333333,-0.2915384615384616,-11.370000000000001
cmf_flip,atr_trail_mae_conditional,T1c,11,0.36363636363636365,-0.5427272727272728,-5.970000000000001
cmf_flip,atr_trail_mae_conditional,T2,15,0.2,-1.3256933333333332,-19.885399999999997
cmf_flip,atr_trail_mae_conditional,T3,5,0.2,-1.578,-7.890000000000001
cmf_flip,atr_trail_mae_conditional,unknown,48,0.25,-2.1280125,-102.1446
cmf_flip,atr_trail_vix_conditional,T1a,39,0.48717948717948717,0.7626717948717948,29.7442
cmf_flip,atr_trail_vix_conditional,T1c,11,0.2727272727272727,-0.7608545454545456,-8.3694
cmf_flip,atr_trail_vix_conditional,T2,15,0.2,-1.2217533333333332,-18.3263
cmf_flip,atr_trail_vix_conditional,T3,5,0.2,7.63246,38.1623
cmf_flip,atr_trail_vix_conditional,unknown,48,0.25,-1.9857812499999998,-95.3175
cmf_flip,break_even_at_1r,T1a,39,0.1282051282051282,-0.017330769230769278,-0.6759000000000018
cmf_flip,break_even_at_1r,T1c,11,0.09090909090909091,-0.3791999999999999,-4.171199999999999
cmf_flip,break_even_at_1r,T2,15,0.13333333333333333,-1.5469866666666665,-23.2048
cmf_flip,break_even_at_1r,T3,5,0.2,0.3898400000000001,1.9492000000000003
cmf_flip,break_even_at_1r,unknown,48,0.16666666666666666,-1.97493125,-94.7967
cmf_flip,breakeven_plus_trail,T1a,39,0.3333333333333333,2.655930769230769,103.5813
cmf_flip,breakeven_plus_trail,T1c,11,0.18181818181818182,-0.37804545454545424,-4.1584999999999965
cmf_flip,breakeven_plus_trail,T2,15,0.26666666666666666,-2.573313333333333,-38.5997
cmf_flip,breakeven_plus_trail,T3,5,0.4,8.68638,43.4319
cmf_flip,breakeven_plus_trail,unknown,48,0.3958333333333333,5.761764583333334,276.5647
cmf_flip,chandelier_3x,T1a,39,0.07692307692307693,0.6685794871794872,26.0746
cmf_flip,chandelier_3x,T1c,11,0.0,-2.538781818181818,-27.9266
cmf_flip,chandelier_3x,T2,15,0.13333333333333333,-2.0421400000000003,-30.6321
cmf_flip,chandelier_3x,T3,5,0.2,13.335340000000002,66.67670000000001
cmf_flip,chandelier_3x,unknown,48,0.10416666666666667,-0.26628749999999995,-12.781799999999997
cmf_flip,class_time_stop,T1a,39,0.6410256410256411,0.582348717948718,22.7116
cmf_flip,class_time_stop,T1c,11,0.2727272727272727,-0.15220000000000009,-1.6742000000000008
cmf_flip,class_time_stop,T2,15,0.4666666666666667,-2.1482466666666666,-32.2237
cmf_flip,class_time_stop,T3,5,0.4,11.040659999999999,55.2033
cmf_flip,class_time_stop,unknown,48,0.4583333333333333,1.68485,80.8728
cmf_flip,earnings_blackout,T1a,39,0.6410256410256411,1.6985615384615385,66.2439
cmf_flip,earnings_blackout,T1c,11,0.45454545454545453,3.7375909090909087,41.113499999999995
cmf_flip,earnings_blackout,T2,15,0.6,0.8605666666666666,12.908499999999998
cmf_flip,earnings_blackout,T3,5,0.4,-0.49717999999999984,-2.485899999999999
cmf_flip,earnings_blackout,unknown,48,0.5,7.376029166666668,354.04940000000005
cmf_flip,fixed_4r_2r,T1a,39,0.4358974358974359,2.197141025641026,85.6885
cmf_flip,fixed_4r_2r,T1c,11,0.2727272727272727,-1.8380454545454548,-20.218500000000002
cmf_flip,fixed_4r_2r,T2,15,0.4,2.314453333333333,34.71679999999999
cmf_flip,fixed_4r_2r,T3,5,0.4,1.776959999999999,8.884799999999995
cmf_flip,fixed_4r_2r,unknown,48,0.3125,-1.3920583333333332,-66.8188
cmf_flip,hybrid_50pct_target,T1a,39,0.717948717948718,4.0627,158.4453
cmf_flip,hybrid_50pct_target,T1c,11,0.36363636363636365,-1.3899545454545454,-15.2895
cmf_flip,hybrid_50pct_target,T2,15,0.4666666666666667,-30.67474666666666,-460.12119999999993
cmf_flip,hybrid_50pct_target,T3,5,0.6,6.938659999999999,34.693299999999994
cmf_flip,hybrid_50pct_target,unknown,48,0.4583333333333333,-4.834337499999999,-232.04819999999998
cmf_flip,ma_exit_ema9,T1a,39,0.41025641025641024,-0.8002205128205129,-31.2086
cmf_flip,ma_exit_ema9,T1c,11,0.18181818181818182,-0.9072181818181817,-9.979399999999998
cmf_flip,ma_exit_ema9,T2,15,0.4666666666666667,0.3954733333333333,5.932099999999999
cmf_flip,ma_exit_ema9,T3,5,0.4,17.7008,88.504
cmf_flip,ma_exit_ema9,unknown,48,0.3125,0.7806166666666668,37.46960000000001
cmf_flip,mfe_lockin_trail,T1a,39,0.358974358974359,-0.2764615384615385,-10.782
cmf_flip,mfe_lockin_trail,T1c,11,0.36363636363636365,0.11206363636363639,1.2327000000000004
cmf_flip,mfe_lockin_trail,T2,15,0.2,-1.0052333333333332,-15.078499999999998
cmf_flip,mfe_lockin_trail,T3,5,0.2,-1.578,-7.890000000000001
cmf_flip,mfe_lockin_trail,unknown,48,0.25,-2.2286187500000003,-106.97370000000001
cmf_flip,multi_tier_partial,T1a,39,0.38461538461538464,-0.41725384615384614,-16.2729
cmf_flip,multi_tier_partial,T1c,11,0.6363636363636364,0.6840181818181819,7.5242
cmf_flip,multi_tier_partial,T2,15,0.26666666666666666,-1.3969866666666666,-20.9548
cmf_flip,multi_tier_partial,T3,5,0.4,0.79542,3.9771
cmf_flip,multi_tier_partial,unknown,48,0.3541666666666667,-1.50605625,-72.2907
cmf_flip,next_pivot_target,T1a,39,0.8205128205128205,0.3918333333333334,15.281500000000003
cmf_flip,next_pivot_target,T1c,11,0.9090909090909091,2.570881818181818,28.2797
cmf_flip,next_pivot_target,T2,15,0.6,-2.21862,-33.2793
cmf_flip,next_pivot_target,T3,5,1.0,4.56336,22.8168
cmf_flip,next_pivot_target,unknown,48,0.6875,-1.0090208333333333,-48.43299999999999
cmf_flip,r_multiple_2r,T1a,39,0.38461538461538464,1.1306897435897436,44.0969
cmf_flip,r_multiple_2r,T1c,11,0.18181818181818182,-0.9981545454545455,-10.979700000000001
cmf_flip,r_multiple_2r,T2,15,0.26666666666666666,-0.7164200000000001,-10.746300000000002
cmf_flip,r_multiple_2r,T3,5,0.2,-1.47158,-7.357900000000001
cmf_flip,r_multiple_2r,unknown,48,0.3125,0.6286354166666667,30.174500000000002
cmf_flip,r_multiple_3r,T1a,39,0.28205128205128205,1.1706076923076922,45.6537
cmf_flip,r_multiple_3r,T1c,11,0.09090909090909091,-3.0924818181818186,-34.017300000000006
cmf_flip,r_multiple_3r,T2,15,0.26666666666666666,0.8117400000000002,12.176100000000003
cmf_flip,r_multiple_3r,T3,5,0.2,0.5625399999999999,2.8126999999999995
cmf_flip,r_multiple_3r,unknown,48,0.20833333333333334,-0.8717895833333332,-41.84589999999999
cmf_flip,regime_flip,T1a,39,0.6410256410256411,1.6635538461538464,64.8786
cmf_flip,regime_flip,T1c,11,0.5454545454545454,-1.1657727272727272,-12.8235
cmf_flip,regime_flip,T2,15,0.5333333333333333,-1.8374400000000002,-27.561600000000002
cmf_flip,regime_flip,T3,5,0.6,10.048380000000002,50.24190000000001
cmf_flip,regime_flip,unknown,48,0.4791666666666667,3.590464583333333,172.3423
cmf_flip,reverse_signal,T1a,39,0.3333333333333333,-0.2915384615384616,-11.370000000000001
cmf_flip,reverse_signal,T1c,11,0.36363636363636365,-0.5427272727272728,-5.970000000000001
cmf_flip,reverse_signal,T2,15,0.2,-1.3256933333333332,-19.885399999999997
cmf_flip,reverse_signal,T3,5,0.2,-1.578,-7.890000000000001
cmf_flip,reverse_signal,unknown,48,0.25,-2.1280125,-102.1446
cmf_flip,smc_mitigation_zone,T1a,39,0.3333333333333333,-0.2915384615384616,-11.370000000000001
cmf_flip,smc_mitigation_zone,T1c,11,0.36363636363636365,-0.5427272727272728,-5.970000000000001
cmf_flip,smc_mitigation_zone,T2,15,0.2,-1.3256933333333332,-19.885399999999997
cmf_flip,smc_mitigation_zone,T3,5,0.2,-1.578,-7.890000000000001
cmf_flip,smc_mitigation_zone,unknown,48,0.25,-2.1280125,-102.1446
cmf_flip,time_stop_10d,T1a,39,0.4358974358974359,-0.038753846153846125,-1.5113999999999987
cmf_flip,time_stop_10d,T1c,11,0.5454545454545454,-1.0992727272727274,-12.092000000000002
cmf_flip,time_stop_10d,T2,15,0.26666666666666666,-3.620206666666667,-54.3031
cmf_flip,time_stop_10d,T3,5,0.2,6.41192,32.0596
cmf_flip,time_stop_10d,unknown,48,0.4166666666666667,-0.21297083333333344,-10.222600000000005
cmf_flip,time_stop_20d,T1a,39,0.6410256410256411,1.6635538461538464,64.8786
cmf_flip,time_stop_20d,T1c,11,0.5454545454545454,-1.1657727272727272,-12.8235
cmf_flip,time_stop_20d,T2,15,0.5333333333333333,-1.8374400000000002,-27.561600000000002
cmf_flip,time_stop_20d,T3,5,0.6,10.048380000000002,50.24190000000001
cmf_flip,time_stop_20d,unknown,48,0.4791666666666667,3.590464583333333,172.3423
cmf_flip,trailing_10pct,T1a,39,0.5128205128205128,1.1129051282051283,43.4033
cmf_flip,trailing_10pct,T1c,11,0.18181818181818182,-4.027763636363637,-44.3054
cmf_flip,trailing_10pct,T2,15,0.3333333333333333,-2.9076333333333335,-43.6145
cmf_flip,trailing_10pct,T3,5,0.2,-1.3301399999999999,-6.6507
cmf_flip,trailing_10pct,unknown,48,0.2708333333333333,-2.53089375,-121.4829
cmf_flip,trailing_15pct,T1a,39,0.5128205128205128,2.31601282051282,90.32449999999999
cmf_flip,trailing_15pct,T1c,11,0.36363636363636365,-1.9269454545454545,-21.1964
cmf_flip,trailing_15pct,T2,15,0.4,-2.04772,-30.7158
cmf_flip,trailing_15pct,T3,5,0.4,11.652700000000001,58.26350000000001
cmf_flip,trailing_15pct,unknown,48,0.3541666666666667,4.550052083333333,218.4025
cmf_flip,trailing_5pct,T1a,39,0.358974358974359,-0.3828153846153845,-14.929799999999997
cmf_flip,trailing_5pct,T1c,11,0.2727272727272727,-1.5963454545454545,-17.5598
cmf_flip,trailing_5pct,T2,15,0.2,-1.74214,-26.1321
cmf_flip,trailing_5pct,T3,5,0.0,-2.05,-10.25
cmf_flip,trailing_5pct,unknown,48,0.22916666666666666,-1.6423583333333334,-78.8332
cpr_narrow_bullish,atr_trail_1x,T1ETF,8,0.125,-0.994525,-7.9562
cpr_narrow_bullish,atr_trail_1x,T1a,95,0.24210526315789474,-1.2010726315789473,-114.1019
cpr_narrow_bullish,atr_trail_1x,T1c,25,0.4,0.10879199999999997,2.7197999999999993
cpr_narrow_bullish,atr_trail_1x,T2,71,0.18309859154929578,-2.7239338028169016,-193.3993
cpr_narrow_bullish,atr_trail_1x,T3,31,0.25806451612903225,-4.014912903225807,-124.4623
cpr_narrow_bullish,atr_trail_1x,unknown,207,0.2560386473429952,-2.0245531400966184,-419.0825
cpr_narrow_bullish,atr_trail_2x,T1ETF,8,0.25,-1.3450125,-10.7601
cpr_narrow_bullish,atr_trail_2x,T1a,95,0.30526315789473685,-0.43824105263157886,-41.63289999999999
cpr_narrow_bullish,atr_trail_2x,T1c,25,0.44,-0.6373239999999999,-15.933099999999998
cpr_narrow_bullish,atr_trail_2x,T2,71,0.323943661971831,-3.2457028169014084,-230.4449
cpr_narrow_bullish,atr_trail_2x,T3,31,0.3548387096774194,-3.9539161290322573,-122.57139999999998
cpr_narrow_bullish,atr_trail_2x,unknown,207,0.34299516908212563,-2.0637299516908216,-427.19210000000004
cpr_narrow_bullish,atr_trail_mae_conditional,T1ETF,8,0.125,-0.994525,-7.9562
cpr_narrow_bullish,atr_trail_mae_conditional,T1a,95,0.24210526315789474,-1.2010726315789473,-114.1019
cpr_narrow_bullish,atr_trail_mae_conditional,T1c,25,0.4,0.10879199999999997,2.7197999999999993
cpr_narrow_bullish,atr_trail_mae_conditional,T2,71,0.18309859154929578,-2.7239338028169016,-193.3993
cpr_narrow_bullish,atr_trail_mae_conditional,T3,31,0.25806451612903225,-4.014912903225807,-124.4623
cpr_narrow_bullish,atr_trail_mae_conditional,unknown,207,0.2560386473429952,-2.0245531400966184,-419.0825
cpr_narrow_bullish,atr_trail_vix_conditional,T1ETF,8,0.25,-0.916175,-7.3294
cpr_narrow_bullish,atr_trail_vix_conditional,T1a,95,0.22105263157894736,-1.697376842105263,-161.2508
cpr_narrow_bullish,atr_trail_vix_conditional,T1c,25,0.4,-0.39923600000000015,-9.980900000000004
cpr_narrow_bullish,atr_trail_vix_conditional,T2,71,0.2112676056338028,-2.8680352112676055,-203.63049999999998
cpr_narrow_bullish,atr_trail_vix_conditional,T3,31,0.25806451612903225,-4.281129032258065,-132.715
cpr_narrow_bullish,atr_trail_vix_conditional,unknown,207,0.26570048309178745,-2.240019806763285,-463.6841
cpr_narrow_bullish,break_even_at_1r,T1ETF,8,0.0,-0.878525,-7.0282
cpr_narrow_bullish,break_even_at_1r,T1a,95,0.06315789473684211,-1.3008663157894738,-123.5823
cpr_narrow_bullish,break_even_at_1r,T1c,25,0.2,0.3160240000000001,7.9006000000000025
cpr_narrow_bullish,break_even_at_1r,T2,71,0.09859154929577464,-2.784853521126761,-197.7246
cpr_narrow_bullish,break_even_at_1r,T3,31,0.2903225806451613,-2.594332258064516,-80.4243
cpr_narrow_bullish,break_even_at_1r,unknown,207,0.21739130434782608,-1.084771497584541,-224.5477
cpr_narrow_bullish,breakeven_plus_trail,T1ETF,8,0.0,-1.42025,-11.362
cpr_narrow_bullish,breakeven_plus_trail,T1a,95,0.28421052631578947,0.5158021052631578,49.00119999999999
cpr_narrow_bullish,breakeven_plus_trail,T1c,25,0.4,0.8265359999999999,20.6634
cpr_narrow_bullish,breakeven_plus_trail,T2,71,0.28169014084507044,-1.5712985915492959,-111.5622
cpr_narrow_bullish,breakeven_plus_trail,T3,31,0.45161290322580644,-1.6585258064516128,-51.4143
cpr_narrow_bullish,breakeven_plus_trail,unknown,207,0.4975845410628019,3.15227729468599,652.5214
cpr_narrow_bullish,chandelier_3x,T1ETF,8,0.25,-1.0723,-8.5784
cpr_narrow_bullish,chandelier_3x,T1a,95,0.23157894736842105,-1.181522105263158,-112.2446
cpr_narrow_bullish,chandelier_3x,T1c,25,0.4,-0.6819320000000001,-17.0483
cpr_narrow_bullish,chandelier_3x,T2,71,0.29577464788732394,-3.107854929577465,-220.6577
cpr_narrow_bullish,chandelier_3x,T3,31,0.3225806451612903,-1.470009677419355,-45.5703
cpr_narrow_bullish,chandelier_3x,unknown,207,0.2995169082125604,-1.948217391304348,-403.281
cpr_narrow_bullish,class_time_stop,T1ETF,8,0.625,0.8955375,7.1643
cpr_narrow_bullish,class_time_stop,T1a,95,0.43157894736842106,-0.2761515789473684,-26.2344
cpr_narrow_bullish,class_time_stop,T1c,25,0.52,0.484436,12.110899999999999
cpr_narrow_bullish,class_time_stop,T2,71,0.5070422535211268,-0.41531549295774645,-29.487399999999997
cpr_narrow_bullish,class_time_stop,T3,31,0.45161290322580644,-5.017470967741935,-155.5416
cpr_narrow_bullish,class_time_stop,unknown,207,0.46859903381642515,0.07433091787439619,15.386500000000012
cpr_narrow_bullish,earnings_blackout,T1ETF,8,0.375,-19.320012499999997,-154.56009999999998
cpr_narrow_bullish,earnings_blackout,T1a,95,0.5263157894736842,-0.4580852631578948,-43.518100000000004
cpr_narrow_bullish,earnings_blackout,T1c,25,0.52,-1.6677839999999995,-41.69459999999999
cpr_narrow_bullish,earnings_blackout,T2,71,0.5352112676056338,0.42503521126760546,30.177499999999988
cpr_narrow_bullish,earnings_blackout,T3,31,0.3870967741935484,-0.6732483870967741,-20.8707
cpr_narrow_bullish,earnings_blackout,unknown,207,0.4106280193236715,-7.846100000000001,-1624.1427
cpr_narrow_bullish,fixed_4r_2r,T1ETF,8,0.125,-3.5884625,-28.7077
cpr_narrow_bullish,fixed_4r_2r,T1a,95,0.3473684210526316,0.20925789473684214,19.879500000000004
cpr_narrow_bullish,fixed_4r_2r,T1c,25,0.4,3.24376,81.094
cpr_narrow_bullish,fixed_4r_2r,T2,71,0.352112676056338,-1.4455647887323941,-102.63509999999998
cpr_narrow_bullish,fixed_4r_2r,T3,31,0.22580645161290322,-6.5464806451612905,-202.9409
cpr_narrow_bullish,fixed_4r_2r,unknown,207,0.2898550724637681,-2.1644927536231884,-448.05
cpr_narrow_bullish,hybrid_50pct_target,T1ETF,8,0.625,-35.531975,-284.2558
cpr_narrow_bullish,hybrid_50pct_target,T1a,95,0.6736842105263158,-4.608765263157895,-437.8327
cpr_narrow_bullish,hybrid_50pct_target,T1c,25,0.68,5.816024,145.4006
cpr_narrow_bullish,hybrid_50pct_target,T2,71,0.5915492957746479,-31.09526197183099,-2207.7636
cpr_narrow_bullish,hybrid_50pct_target,T3,31,0.6451612903225806,-14.096880645161288,-437.00329999999997
cpr_narrow_bullish,hybrid_50pct_target,unknown,207,0.6086956521739131,-15.63571690821256,-3236.5933999999997
cpr_narrow_bullish,ma_exit_ema9,T1ETF,8,0.25,-1.1784625,-9.4277
cpr_narrow_bullish,ma_exit_ema9,T1a,95,0.2631578947368421,-0.8674284210526315,-82.4057
cpr_narrow_bullish,ma_exit_ema9,T1c,25,0.32,-0.03898400000000014,-0.9746000000000035
cpr_narrow_bullish,ma_exit_ema9,T2,71,0.28169014084507044,-0.7309633802816902,-51.8984
cpr_narrow_bullish,ma_exit_ema9,T3,31,0.3225806451612903,-0.5578290322580645,-17.2927
cpr_narrow_bullish,ma_exit_ema9,unknown,207,0.2995169082125604,0.06905990338164249,14.295399999999994
cpr_narrow_bullish,mfe_lockin_trail,T1ETF,8,0.125,-0.994525,-7.9562
cpr_narrow_bullish,mfe_lockin_trail,T1a,95,0.24210526315789474,-1.1772421052631579,-111.838
cpr_narrow_bullish,mfe_lockin_trail,T1c,25,0.4,-0.154972,-3.8743
cpr_narrow_bullish,mfe_lockin_trail,T2,71,0.19718309859154928,-2.583830985915493,-183.452
cpr_narrow_bullish,mfe_lockin_trail,T3,31,0.25806451612903225,-3.986251612903226,-123.5738
cpr_narrow_bullish,mfe_lockin_trail,unknown,207,0.2560386473429952,-2.0494961352657004,-424.2457
cpr_narrow_bullish,multi_tier_partial,T1ETF,8,0.25,-0.8835625,-7.0685
cpr_narrow_bullish,multi_tier_partial,T1a,95,0.35789473684210527,-1.0899473684210526,-103.545
cpr_narrow_bullish,multi_tier_partial,T1c,25,0.48,0.11436,2.859
cpr_narrow_bullish,multi_tier_partial,T2,71,0.30985915492957744,-2.226264788732394,-158.0648
cpr_narrow_bullish,multi_tier_partial,T3,31,0.3225806451612903,-3.5697129032258066,-110.6611
cpr_narrow_bullish,multi_tier_partial,unknown,207,0.3671497584541063,-1.4927618357487922,-309.00169999999997
cpr_narrow_bullish,next_pivot_target,T1ETF,8,0.625,0.2557500000000002,2.0460000000000016
cpr_narrow_bullish,next_pivot_target,T1a,95,0.7157894736842105,0.46323473684210525,44.0073
cpr_narrow_bullish,next_pivot_target,T1c,25,0.8,1.1778199999999999,29.4455
cpr_narrow_bullish,next_pivot_target,T2,71,0.647887323943662,-2.2175859154929576,-157.4486
cpr_narrow_bullish,next_pivot_target,T3,31,0.6451612903225806,-1.8028806451612904,-55.889300000000006
cpr_narrow_bullish,next_pivot_target,unknown,207,0.6570048309178744,-1.0804270531400966,-223.64839999999998
cpr_narrow_bullish,r_multiple_2r,T1ETF,8,0.375,0.6609625,5.2877
cpr_narrow_bullish,r_multiple_2r,T1a,95,0.30526315789473685,-0.36574736842105265,-34.746
cpr_narrow_bullish,r_multiple_2r,T1c,25,0.4,0.840516,21.012900000000002
cpr_narrow_bullish,r_multiple_2r,T2,71,0.28169014084507044,-1.4985464788732394,-106.3968
cpr_narrow_bullish,r_multiple_2r,T3,31,0.3225806451612903,-2.1556870967741935,-66.8263
cpr_narrow_bullish,r_multiple_2r,unknown,207,0.2995169082125604,-0.7550990338164251,-156.3055
cpr_narrow_bullish,r_multiple_3r,T1ETF,8,0.25,0.004487500000000116,0.03590000000000093
cpr_narrow_bullish,r_multiple_3r,T1a,95,0.21052631578947367,-0.5531642105263157,-52.550599999999996
cpr_narrow_bullish,r_multiple_3r,T1c,25,0.28,0.616944,15.423600000000002
cpr_narrow_bullish,r_multiple_3r,T2,71,0.22535211267605634,-1.4765845070422534,-104.83749999999999
cpr_narrow_bullish,r_multiple_3r,T3,31,0.22580645161290322,-2.016606451612903,-62.514799999999994
cpr_narrow_bullish,r_multiple_3r,unknown,207,0.21256038647342995,-1.0916589371980676,-225.9734
cpr_narrow_bullish,regime_flip,T1ETF,8,0.375,-3.089375,-24.715
cpr_narrow_bullish,regime_flip,T1a,95,0.49473684210526314,-0.07480842105263155,-7.106799999999997
cpr_narrow_bullish,regime_flip,T1c,25,0.44,-1.959232,-48.9808
cpr_narrow_bullish,regime_flip,T2,71,0.4507042253521127,-1.5811845070422532,-112.26409999999998
cpr_narrow_bullish,regime_flip,T3,31,0.4838709677419355,1.3252451612903227,41.0826
cpr_narrow_bullish,regime_flip,unknown,207,0.47342995169082125,-1.5898714975845412,-329.1034
cpr_narrow_bullish,reverse_signal,T1ETF,8,0.125,-0.994525,-7.9562
cpr_narrow_bullish,reverse_signal,T1a,95,0.24210526315789474,-1.2010726315789473,-114.1019
cpr_narrow_bullish,reverse_signal,T1c,25,0.4,0.10879199999999997,2.7197999999999993
cpr_narrow_bullish,reverse_signal,T2,71,0.18309859154929578,-2.7239338028169016,-193.3993
cpr_narrow_bullish,reverse_signal,T3,31,0.25806451612903225,-4.014912903225807,-124.4623
cpr_narrow_bullish,reverse_signal,unknown,207,0.2560386473429952,-2.0245531400966184,-419.0825
cpr_narrow_bullish,smc_mitigation_zone,T1ETF,8,0.125,-0.994525,-7.9562
cpr_narrow_bullish,smc_mitigation_zone,T1a,95,0.24210526315789474,-1.2010726315789473,-114.1019
cpr_narrow_bullish,smc_mitigation_zone,T1c,25,0.4,0.10879199999999997,2.7197999999999993
cpr_narrow_bullish,smc_mitigation_zone,T2,71,0.18309859154929578,-2.7239338028169016,-193.3993
cpr_narrow_bullish,smc_mitigation_zone,T3,31,0.25806451612903225,-4.014912903225807,-124.4623
cpr_narrow_bullish,smc_mitigation_zone,unknown,207,0.2560386473429952,-2.0245531400966184,-419.0825
cpr_narrow_bullish,time_stop_10d,T1ETF,8,0.75,0.24050000000000002,1.9240000000000002
cpr_narrow_bullish,time_stop_10d,T1a,95,0.5263157894736842,-0.1037494736842105,-9.856199999999998
cpr_narrow_bullish,time_stop_10d,T1c,25,0.56,1.717188,42.9297
cpr_narrow_bullish,time_stop_10d,T2,71,0.4225352112676056,-1.2880577464788732,-91.4521
cpr_narrow_bullish,time_stop_10d,T3,31,0.3870967741935484,-4.28586129032258,-132.86169999999998
cpr_narrow_bullish,time_stop_10d,unknown,207,0.48792270531400966,0.49910772946859905,103.31530000000001
cpr_narrow_bullish,time_stop_20d,T1ETF,8,0.375,-3.089375,-24.715
cpr_narrow_bullish,time_stop_20d,T1a,95,0.49473684210526314,-0.07480842105263155,-7.106799999999997
cpr_narrow_bullish,time_stop_20d,T1c,25,0.44,-1.959232,-48.9808
cpr_narrow_bullish,time_stop_20d,T2,71,0.4507042253521127,-1.5811845070422532,-112.26409999999998
cpr_narrow_bullish,time_stop_20d,T3,31,0.4838709677419355,1.3252451612903227,41.0826
cpr_narrow_bullish,time_stop_20d,unknown,207,0.47342995169082125,-1.5898714975845412,-329.1034
cpr_narrow_bullish,trailing_10pct,T1ETF,8,0.0,-5.953175,-47.6254
cpr_narrow_bullish,trailing_10pct,T1a,95,0.3157894736842105,-1.589961052631579,-151.0463
cpr_narrow_bullish,trailing_10pct,T1c,25,0.32,-0.9262279999999999,-23.1557
cpr_narrow_bullish,trailing_10pct,T2,71,0.23943661971830985,-3.2399535211267607,-230.0367
cpr_narrow_bullish,trailing_10pct,T3,31,0.3548387096774194,-2.0980225806451616,-65.0387
cpr_narrow_bullish,trailing_10pct,unknown,207,0.33816425120772947,-1.3574314009661834,-280.9883
cpr_narrow_bullish,trailing_15pct,T1ETF,8,0.5,-1.5066625,-12.0533
cpr_narrow_bullish,trailing_15pct,T1a,95,0.3684210526315789,-1.3871884210526315,-131.78289999999998
cpr_narrow_bullish,trailing_15pct,T1c,25,0.32,-2.4487759999999996,-61.21939999999999
cpr_narrow_bullish,trailing_15pct,T2,71,0.28169014084507044,-3.2187577464788735,-228.5318
cpr_narrow_bullish,trailing_15pct,T3,31,0.25806451612903225,-3.330487096774193,-103.24509999999998
cpr_narrow_bullish,trailing_15pct,unknown,207,0.3526570048309179,-2.334726086956522,-483.2883
cpr_narrow_bullish,trailing_5pct,T1ETF,8,0.375,-0.9149,-7.3192
cpr_narrow_bullish,trailing_5pct,T1a,95,0.3157894736842105,-0.5654105263157895,-53.714
cpr_narrow_bullish,trailing_5pct,T1c,25,0.32,-0.591152,-14.7788
cpr_narrow_bullish,trailing_5pct,T2,71,0.22535211267605634,-2.1790225352112675,-154.7106
cpr_narrow_bullish,trailing_5pct,T3,31,0.1935483870967742,-2.823274193548387,-87.5215
cpr_narrow_bullish,trailing_5pct,unknown,207,0.1642512077294686,-2.517870531400966,-521.1992
cpr_narrow_momentum,atr_trail_1x,T1a,11,0.18181818181818182,-1.8042,-19.8462
cpr_narrow_momentum,atr_trail_1x,T1c,8,0.25,-2.2698375,-18.1587
cpr_narrow_momentum,atr_trail_1x,T2,15,0.06666666666666667,-3.3842399999999997,-50.7636
cpr_narrow_momentum,atr_trail_1x,T3,3,0.0,-6.910866666666667,-20.7326
cpr_narrow_momentum,atr_trail_1x,unknown,29,0.3448275862068966,-0.9894310344827586,-28.6935
cpr_narrow_momentum,atr_trail_2x,T1a,11,0.2727272727272727,-0.5805363636363636,-6.3858999999999995
cpr_narrow_momentum,atr_trail_2x,T1c,8,0.25,-1.666975,-13.3358
cpr_narrow_momentum,atr_trail_2x,T2,15,0.2,-0.79192,-11.8788
cpr_narrow_momentum,atr_trail_2x,T3,3,0.3333333333333333,-13.1785,-39.5355
cpr_narrow_momentum,atr_trail_2x,unknown,29,0.3448275862068966,-1.1915241379310344,-34.554199999999994
cpr_narrow_momentum,atr_trail_mae_conditional,T1a,11,0.18181818181818182,-1.8042,-19.8462
cpr_narrow_momentum,atr_trail_mae_conditional,T1c,8,0.25,-2.2698375,-18.1587
cpr_narrow_momentum,atr_trail_mae_conditional,T2,15,0.06666666666666667,-3.3842399999999997,-50.7636
cpr_narrow_momentum,atr_trail_mae_conditional,T3,3,0.0,-6.910866666666667,-20.7326
cpr_narrow_momentum,atr_trail_mae_conditional,unknown,29,0.3448275862068966,-0.9894310344827586,-28.6935
cpr_narrow_momentum,atr_trail_vix_conditional,T1a,11,0.18181818181818182,-1.9501909090909089,-21.452099999999998
cpr_narrow_momentum,atr_trail_vix_conditional,T1c,8,0.375,-0.004500000000000226,-0.03600000000000181
cpr_narrow_momentum,atr_trail_vix_conditional,T2,15,0.0,-4.0427,-60.6405
cpr_narrow_momentum,atr_trail_vix_conditional,T3,3,0.3333333333333333,-8.496933333333333,-25.4908
cpr_narrow_momentum,atr_trail_vix_conditional,unknown,29,0.27586206896551724,-1.648444827586207,-47.8049
cpr_narrow_momentum,break_even_at_1r,T1a,11,0.0,-2.0598,-22.6578
cpr_narrow_momentum,break_even_at_1r,T1c,8,0.125,-4.3382,-34.7056
cpr_narrow_momentum,break_even_at_1r,T2,15,0.06666666666666667,-2.5908933333333333,-38.8634
cpr_narrow_momentum,break_even_at_1r,T3,3,0.0,-8.087066666666667,-24.261200000000002
cpr_narrow_momentum,break_even_at_1r,unknown,29,0.3103448275862069,-1.9846862068965518,-57.5559
cpr_narrow_momentum,breakeven_plus_trail,T1a,11,0.18181818181818182,-0.5576818181818181,-6.134499999999999
cpr_narrow_momentum,breakeven_plus_trail,T1c,8,0.25,-2.4549250000000002,-19.639400000000002
cpr_narrow_momentum,breakeven_plus_trail,T2,15,0.26666666666666666,-1.1070333333333333,-16.6055
cpr_narrow_momentum,breakeven_plus_trail,T3,3,0.3333333333333333,-13.740966666666667,-41.2229
cpr_narrow_momentum,breakeven_plus_trail,unknown,29,0.5172413793103449,0.32316551724137915,9.371799999999995
cpr_narrow_momentum,chandelier_3x,T1a,11,0.0,-3.017736363636364,-33.195100000000004
cpr_narrow_momentum,chandelier_3x,T1c,8,0.0,-4.5988625,-36.7909
cpr_narrow_momentum,chandelier_3x,T2,15,0.13333333333333333,-0.011613333333333623,-0.17420000000000435
cpr_narrow_momentum,chandelier_3x,T3,3,0.0,-7.0751333333333335,-21.2254
cpr_narrow_momentum,chandelier_3x,unknown,29,0.3103448275862069,2.4473551724137934,70.97330000000001
cpr_narrow_momentum,class_time_stop,T1a,11,0.36363636363636365,-3.049527272727272,-33.544799999999995
cpr_narrow_momentum,class_time_stop,T1c,8,0.5,2.7662999999999998,22.130399999999998
cpr_narrow_momentum,class_time_stop,T2,15,0.4,-3.163666666666667,-47.455000000000005
cpr_narrow_momentum,class_time_stop,T3,3,0.0,-12.556366666666667,-37.6691
cpr_narrow_momentum,class_time_stop,unknown,29,0.3793103448275862,-1.3931241379310348,-40.40060000000001
cpr_narrow_momentum,earnings_blackout,T1a,11,0.36363636363636365,-4.312799999999999,-47.440799999999996
cpr_narrow_momentum,earnings_blackout,T1c,8,0.375,-11.55235,-92.4188
cpr_narrow_momentum,earnings_blackout,T2,15,0.4666666666666667,-6.989773333333333,-104.8466
cpr_narrow_momentum,earnings_blackout,T3,3,0.3333333333333333,-32.45766666666667,-97.373
cpr_narrow_momentum,earnings_blackout,unknown,29,0.5172413793103449,-0.48318275862068977,-14.012300000000003
cpr_narrow_momentum,fixed_4r_2r,T1a,11,0.18181818181818182,-1.9932181818181818,-21.9254
cpr_narrow_momentum,fixed_4r_2r,T1c,8,0.25,-3.668825,-29.3506
cpr_narrow_momentum,fixed_4r_2r,T2,15,0.26666666666666666,-1.9938533333333335,-29.9078
cpr_narrow_momentum,fixed_4r_2r,T3,3,0.0,-21.448066666666666,-64.3442
cpr_narrow_momentum,fixed_4r_2r,unknown,29,0.2413793103448276,-5.644831034482758,-163.7001
cpr_narrow_momentum,hybrid_50pct_target,T1a,11,0.7272727272727273,-0.5346454545454548,-5.881100000000002
cpr_narrow_momentum,hybrid_50pct_target,T1c,8,0.75,-11.798325,-94.3866
cpr_narrow_momentum,hybrid_50pct_target,T2,15,0.8666666666666667,-39.93798,-599.0697
cpr_narrow_momentum,hybrid_50pct_target,T3,3,0.3333333333333333,-79.5927,-238.7781
cpr_narrow_momentum,hybrid_50pct_target,unknown,29,0.6206896551724138,-12.498968965517243,-362.47010000000006
cpr_narrow_momentum,ma_exit_ema9,T1a,11,0.2727272727272727,-1.2135454545454545,-13.349
cpr_narrow_momentum,ma_exit_ema9,T1c,8,0.125,-2.4545125,-19.6361
cpr_narrow_momentum,ma_exit_ema9,T2,15,0.0,-3.4046933333333333,-51.0704
cpr_narrow_momentum,ma_exit_ema9,T3,3,0.3333333333333333,-3.4751333333333334,-10.4254
cpr_narrow_momentum,ma_exit_ema9,unknown,29,0.3103448275862069,0.5381896551724137,15.607499999999998
cpr_narrow_momentum,mfe_lockin_trail,T1a,11,0.18181818181818182,-1.6142727272727273,-17.757
cpr_narrow_momentum,mfe_lockin_trail,T1c,8,0.25,-2.0167125,-16.1337
cpr_narrow_momentum,mfe_lockin_trail,T2,15,0.06666666666666667,-3.3842399999999997,-50.7636
cpr_narrow_momentum,mfe_lockin_trail,T3,3,0.0,-6.910866666666667,-20.7326
cpr_narrow_momentum,mfe_lockin_trail,unknown,29,0.3448275862068966,-0.6094793103448276,-17.6749
cpr_narrow_momentum,multi_tier_partial,T1a,11,0.36363636363636365,-1.3881,-15.2691
cpr_narrow_momentum,multi_tier_partial,T1c,8,0.25,-1.8794,-15.0352
cpr_narrow_momentum,multi_tier_partial,T2,15,0.2,-3.0238666666666663,-45.358
cpr_narrow_momentum,multi_tier_partial,T3,3,0.3333333333333333,-5.4639,-16.3917
cpr_narrow_momentum,multi_tier_partial,unknown,29,0.4482758620689655,-0.6347896551724139,-18.408900000000003
cpr_narrow_momentum,next_pivot_target,T1a,11,0.8181818181818182,-1.032381818181818,-11.3562
cpr_narrow_momentum,next_pivot_target,T1c,8,0.625,-3.612875,-28.903
cpr_narrow_momentum,next_pivot_target,T2,15,0.8,-1.00504,-15.0756
cpr_narrow_momentum,next_pivot_target,T3,3,0.6666666666666666,-2.3657333333333335,-7.0972
cpr_narrow_momentum,next_pivot_target,unknown,29,0.7586206896551724,-1.4150241379310347,-41.035700000000006
cpr_narrow_momentum,r_multiple_2r,T1a,11,0.09090909090909091,-2.354254545454545,-25.8968
cpr_narrow_momentum,r_multiple_2r,T1c,8,0.25,-2.1352125,-17.0817
cpr_narrow_momentum,r_multiple_2r,T2,15,0.2,-0.7922733333333333,-11.884099999999998
cpr_narrow_momentum,r_multiple_2r,T3,3,0.3333333333333333,-3.948233333333334,-11.844700000000001
cpr_narrow_momentum,r_multiple_2r,unknown,29,0.41379310344827586,1.587824137931034,46.04689999999999
cpr_narrow_momentum,r_multiple_3r,T1a,11,0.09090909090909091,-2.1942181818181816,-24.1364
cpr_narrow_momentum,r_multiple_3r,T1c,8,0.125,-5.0379249999999995,-40.303399999999996
cpr_narrow_momentum,r_multiple_3r,T2,15,0.13333333333333333,-1.6527466666666666,-24.7912
cpr_narrow_momentum,r_multiple_3r,T3,3,0.3333333333333333,-1.2420666666666669,-3.7262000000000004
cpr_narrow_momentum,r_multiple_3r,unknown,29,0.2413793103448276,-3.170003448275862,-91.9301
cpr_narrow_momentum,regime_flip,T1a,11,0.45454545454545453,-0.022018181818181694,-0.24219999999999864
cpr_narrow_momentum,regime_flip,T1c,8,0.5,0.972325,7.7786
cpr_narrow_momentum,regime_flip,T2,15,0.3333333333333333,-4.251093333333333,-63.7664
cpr_narrow_momentum,regime_flip,T3,3,0.0,-22.9913,-68.9739
cpr_narrow_momentum,regime_flip,unknown,29,0.5172413793103449,1.906037931034483,55.27510000000001
cpr_narrow_momentum,reverse_signal,T1a,11,0.18181818181818182,-1.8042,-19.8462
cpr_narrow_momentum,reverse_signal,T1c,8,0.25,-2.2698375,-18.1587
cpr_narrow_momentum,reverse_signal,T2,15,0.06666666666666667,-3.3842399999999997,-50.7636
cpr_narrow_momentum,reverse_signal,T3,3,0.0,-6.910866666666667,-20.7326
cpr_narrow_momentum,reverse_signal,unknown,29,0.3448275862068966,-0.9894310344827586,-28.6935
cpr_narrow_momentum,smc_mitigation_zone,T1a,11,0.18181818181818182,-1.8042,-19.8462
cpr_narrow_momentum,smc_mitigation_zone,T1c,8,0.25,-2.2698375,-18.1587
cpr_narrow_momentum,smc_mitigation_zone,T2,15,0.06666666666666667,-3.3842399999999997,-50.7636
cpr_narrow_momentum,smc_mitigation_zone,T3,3,0.0,-6.910866666666667,-20.7326
cpr_narrow_momentum,smc_mitigation_zone,unknown,29,0.3448275862068966,-0.9894310344827586,-28.6935
cpr_narrow_momentum,time_stop_10d,T1a,11,0.36363636363636365,-0.9392636363636361,-10.331899999999997
cpr_narrow_momentum,time_stop_10d,T1c,8,0.5,-3.013,-24.104
cpr_narrow_momentum,time_stop_10d,T2,15,0.4666666666666667,-3.4872266666666665,-52.3084
cpr_narrow_momentum,time_stop_10d,T3,3,0.0,-11.072966666666666,-33.2189
cpr_narrow_momentum,time_stop_10d,unknown,29,0.5172413793103449,-0.8077689655172414,-23.4253
cpr_narrow_momentum,time_stop_20d,T1a,11,0.45454545454545453,-0.022018181818181694,-0.24219999999999864
cpr_narrow_momentum,time_stop_20d,T1c,8,0.5,0.972325,7.7786
cpr_narrow_momentum,time_stop_20d,T2,15,0.3333333333333333,-4.251093333333333,-63.7664
cpr_narrow_momentum,time_stop_20d,T3,3,0.0,-22.9913,-68.9739
cpr_narrow_momentum,time_stop_20d,unknown,29,0.5172413793103449,1.906037931034483,55.27510000000001
cpr_narrow_momentum,trailing_10pct,T1a,11,0.2727272727272727,-0.27501818181818144,-3.025199999999996
cpr_narrow_momentum,trailing_10pct,T1c,8,0.25,-3.564225,-28.5138
cpr_narrow_momentum,trailing_10pct,T2,15,0.2,-2.534713333333334,-38.020700000000005
cpr_narrow_momentum,trailing_10pct,T3,3,0.3333333333333333,-2.4674333333333336,-7.4023
cpr_narrow_momentum,trailing_10pct,unknown,29,0.3793103448275862,-2.271837931034483,-65.8833
cpr_narrow_momentum,trailing_15pct,T1a,11,0.36363636363636365,-1.5343181818181817,-16.877499999999998
cpr_narrow_momentum,trailing_15pct,T1c,8,0.375,-2.774025,-22.1922
cpr_narrow_momentum,trailing_15pct,T2,15,0.4,-2.8611733333333333,-42.9176
cpr_narrow_momentum,trailing_15pct,T3,3,0.3333333333333333,-7.125066666666666,-21.3752
cpr_narrow_momentum,trailing_15pct,unknown,29,0.3103448275862069,-1.1317448275862068,-32.8206
cpr_narrow_momentum,trailing_5pct,T1a,11,0.2727272727272727,-1.6315909090909093,-17.9475
cpr_narrow_momentum,trailing_5pct,T1c,8,0.125,-2.9773,-23.8184
cpr_narrow_momentum,trailing_5pct,T2,15,0.06666666666666667,-3.9914533333333333,-59.8718
cpr_narrow_momentum,trailing_5pct,T3,3,0.0,-2.6347,-7.9041
cpr_narrow_momentum,trailing_5pct,unknown,29,0.20689655172413793,-1.5066379310344828,-43.6925
cpr_narrow_momentum_short,atr_trail_1x,T1a,5,0.2,-3.5472800000000007,-17.736400000000003
cpr_narrow_momentum_short,atr_trail_1x,T1c,2,0.0,-0.5344,-1.0688
cpr_narrow_momentum_short,atr_trail_1x,T2,3,0.0,-2.8626333333333336,-8.587900000000001
cpr_narrow_momentum_short,atr_trail_1x,T3,7,0.14285714285714285,-3.5496142857142856,-24.8473
cpr_narrow_momentum_short,atr_trail_1x,unknown,11,0.18181818181818182,-3.834590909090909,-42.1805
cpr_narrow_momentum_short,atr_trail_2x,T1a,5,0.2,-5.06884,-25.3442
cpr_narrow_momentum_short,atr_trail_2x,T1c,2,0.5,1.96795,3.9359
cpr_narrow_momentum_short,atr_trail_2x,T2,3,0.3333333333333333,1.2055333333333327,3.6165999999999983
cpr_narrow_momentum_short,atr_trail_2x,T3,7,0.2857142857142857,-2.6829571428571426,-18.7807
cpr_narrow_momentum_short,atr_trail_2x,unknown,11,0.45454545454545453,-4.605018181818182,-50.6552
cpr_narrow_momentum_short,atr_trail_mae_conditional,T1a,5,0.2,-3.5472800000000007,-17.736400000000003
cpr_narrow_momentum_short,atr_trail_mae_conditional,T1c,2,0.0,-0.5344,-1.0688
cpr_narrow_momentum_short,atr_trail_mae_conditional,T2,3,0.0,-2.8626333333333336,-8.587900000000001
cpr_narrow_momentum_short,atr_trail_mae_conditional,T3,7,0.14285714285714285,-3.5496142857142856,-24.8473
cpr_narrow_momentum_short,atr_trail_mae_conditional,unknown,11,0.18181818181818182,-3.834590909090909,-42.1805
cpr_narrow_momentum_short,atr_trail_vix_conditional,T1a,5,0.2,-4.1546199999999995,-20.7731
cpr_narrow_momentum_short,atr_trail_vix_conditional,T1c,2,0.0,-1.1562999999999999,-2.3125999999999998
cpr_narrow_momentum_short,atr_trail_vix_conditional,T2,3,0.0,-2.294966666666667,-6.8849
cpr_narrow_momentum_short,atr_trail_vix_conditional,T3,7,0.14285714285714285,-4.0831,-28.581699999999998
cpr_narrow_momentum_short,atr_trail_vix_conditional,unknown,11,0.18181818181818182,-4.279809090909091,-47.0779
cpr_narrow_momentum_short,break_even_at_1r,T1a,5,0.0,-3.95176,-19.7588
cpr_narrow_momentum_short,break_even_at_1r,T1c,2,0.0,-1.3878499999999998,-2.7756999999999996
cpr_narrow_momentum_short,break_even_at_1r,T2,3,0.0,-3.0706333333333333,-9.2119
cpr_narrow_momentum_short,break_even_at_1r,T3,7,0.2857142857142857,-1.9568571428571429,-13.698
cpr_narrow_momentum_short,break_even_at_1r,unknown,11,0.18181818181818182,-3.9212727272727275,-43.134
cpr_narrow_momentum_short,breakeven_plus_trail,T1a,5,0.2,-0.9515,-4.7575
cpr_narrow_momentum_short,breakeven_plus_trail,T1c,2,0.5,-1.0167,-2.0334
cpr_narrow_momentum_short,breakeven_plus_trail,T2,3,0.3333333333333333,0.3719333333333334,1.1158000000000001
cpr_narrow_momentum_short,breakeven_plus_trail,T3,7,0.5714285714285714,-2.210914285714286,-15.476400000000002
cpr_narrow_momentum_short,breakeven_plus_trail,unknown,11,0.5454545454545454,-2.496981818181818,-27.4668
cpr_narrow_momentum_short,chandelier_3x,T1a,5,0.0,-4.00758,-20.0379
cpr_narrow_momentum_short,chandelier_3x,T1c,2,0.5,0.30274999999999963,0.6054999999999993
cpr_narrow_momentum_short,chandelier_3x,T2,3,0.3333333333333333,0.8357333333333337,2.507200000000001
cpr_narrow_momentum_short,chandelier_3x,T3,7,0.2857142857142857,-2.0020000000000002,-14.014000000000003
cpr_narrow_momentum_short,chandelier_3x,unknown,11,0.2727272727272727,-3.445954545454545,-37.905499999999996
cpr_narrow_momentum_short,class_time_stop,T1a,5,0.8,-0.6423200000000001,-3.2116000000000007
cpr_narrow_momentum_short,class_time_stop,T1c,2,0.0,-10.20115,-20.4023
cpr_narrow_momentum_short,class_time_stop,T2,3,0.3333333333333333,-1.4136666666666666,-4.241
cpr_narrow_momentum_short,class_time_stop,T3,7,0.5714285714285714,-13.0432,-91.3024
cpr_narrow_momentum_short,class_time_stop,unknown,11,0.6363636363636364,0.7817545454545454,8.5993
cpr_narrow_momentum_short,earnings_blackout,T1a,5,0.4,1.3120999999999996,6.5604999999999976
cpr_narrow_momentum_short,earnings_blackout,T1c,2,1.0,5.28395,10.5679
cpr_narrow_momentum_short,earnings_blackout,T2,3,0.3333333333333333,1.2169,3.6507000000000005
cpr_narrow_momentum_short,earnings_blackout,T3,7,0.2857142857142857,-32.378,-226.64600000000002
cpr_narrow_momentum_short,earnings_blackout,unknown,11,0.45454545454545453,-19.23291818181818,-211.56210000000002
cpr_narrow_momentum_short,fixed_4r_2r,T1a,5,0.2,-3.9695400000000007,-19.847700000000003
cpr_narrow_momentum_short,fixed_4r_2r,T1c,2,0.5,1.6122000000000005,3.224400000000001
cpr_narrow_momentum_short,fixed_4r_2r,T2,3,0.3333333333333333,1.4978333333333336,4.493500000000001
cpr_narrow_momentum_short,fixed_4r_2r,T3,7,0.42857142857142855,3.214142857142857,22.499
cpr_narrow_momentum_short,fixed_4r_2r,unknown,11,0.36363636363636365,-2.3379363636363637,-25.7173
cpr_narrow_momentum_short,hybrid_50pct_target,T1a,5,0.8,2.9803200000000003,14.901600000000002
cpr_narrow_momentum_short,hybrid_50pct_target,T1c,2,0.5,-23.2983,-46.5966
cpr_narrow_momentum_short,hybrid_50pct_target,T2,3,1.0,6.765533333333334,20.2966
cpr_narrow_momentum_short,hybrid_50pct_target,T3,7,0.7142857142857143,-3.7888999999999986,-26.52229999999999
cpr_narrow_momentum_short,hybrid_50pct_target,unknown,11,0.6363636363636364,-33.59926363636364,-369.5919
cpr_narrow_momentum_short,ma_exit_ema9,T1a,5,0.4,-2.22132,-11.1066
cpr_narrow_momentum_short,ma_exit_ema9,T1c,2,0.0,-0.999,-1.998
cpr_narrow_momentum_short,ma_exit_ema9,T2,3,0.0,-2.195933333333333,-6.5878
cpr_narrow_momentum_short,ma_exit_ema9,T3,7,0.2857142857142857,-1.5125285714285714,-10.5877
cpr_narrow_momentum_short,ma_exit_ema9,unknown,11,0.18181818181818182,-0.9662818181818181,-10.6291
cpr_narrow_momentum_short,mfe_lockin_trail,T1a,5,0.2,-3.5472800000000007,-17.736400000000003
cpr_narrow_momentum_short,mfe_lockin_trail,T1c,2,0.0,-0.5344,-1.0688
cpr_narrow_momentum_short,mfe_lockin_trail,T2,3,0.0,-2.8626333333333336,-8.587900000000001
cpr_narrow_momentum_short,mfe_lockin_trail,T3,7,0.14285714285714285,-3.349457142857143,-23.4462
cpr_narrow_momentum_short,mfe_lockin_trail,unknown,11,0.18181818181818182,-3.760290909090909,-41.3632
cpr_narrow_momentum_short,multi_tier_partial,T1a,5,0.2,-3.4047600000000005,-17.0238
cpr_narrow_momentum_short,multi_tier_partial,T1c,2,0.5,-0.1732,-0.3464
cpr_narrow_momentum_short,multi_tier_partial,T2,3,0.0,-2.8626333333333336,-8.587900000000001
cpr_narrow_momentum_short,multi_tier_partial,T3,7,0.14285714285714285,-3.4309857142857143,-24.0169
cpr_narrow_momentum_short,multi_tier_partial,unknown,11,0.2727272727272727,-3.5095454545454543,-38.605
cpr_narrow_momentum_short,next_pivot_target,T1a,5,0.6,-3.6300200000000005,-18.150100000000002
cpr_narrow_momentum_short,next_pivot_target,T1c,2,0.5,-1.8015499999999998,-3.6030999999999995
cpr_narrow_momentum_short,next_pivot_target,T2,3,0.6666666666666666,-0.7437333333333335,-2.2312000000000003
cpr_narrow_momentum_short,next_pivot_target,T3,7,0.8571428571428571,5.7707,40.3949
cpr_narrow_momentum_short,next_pivot_target,unknown,11,0.9090909090909091,0.402409090909091,4.426500000000001
cpr_narrow_momentum_short,r_multiple_2r,T1a,5,0.2,-2.7710200000000005,-13.855100000000002
cpr_narrow_momentum_short,r_multiple_2r,T1c,2,0.5,0.6129500000000001,1.2259000000000002
cpr_narrow_momentum_short,r_multiple_2r,T2,3,0.0,-3.0706333333333333,-9.2119
cpr_narrow_momentum_short,r_multiple_2r,T3,7,0.14285714285714285,-4.804771428571429,-33.6334
cpr_narrow_momentum_short,r_multiple_2r,unknown,11,0.45454545454545453,-0.8423272727272727,-9.2656
cpr_narrow_momentum_short,r_multiple_3r,T1a,5,0.0,-4.59876,-22.9938
cpr_narrow_momentum_short,r_multiple_3r,T1c,2,0.5,1.53015,3.0603
cpr_narrow_momentum_short,r_multiple_3r,T2,3,0.0,-3.0706333333333333,-9.2119
cpr_narrow_momentum_short,r_multiple_3r,T3,7,0.14285714285714285,-3.636685714285714,-25.456799999999998
cpr_narrow_momentum_short,r_multiple_3r,unknown,11,0.2727272727272727,-2.366572727272727,-26.0323
cpr_narrow_momentum_short,regime_flip,T1a,5,0.6,-2.59302,-12.965100000000001
cpr_narrow_momentum_short,regime_flip,T1c,2,0.5,-4.0014,-8.0028
cpr_narrow_momentum_short,regime_flip,T2,3,0.3333333333333333,1.0258666666666667,3.0776000000000003
cpr_narrow_momentum_short,regime_flip,T3,7,0.42857142857142855,-12.251242857142856,-85.75869999999999
cpr_narrow_momentum_short,regime_flip,unknown,11,0.6363636363636364,0.5303818181818178,5.8341999999999965
cpr_narrow_momentum_short,reverse_signal,T1a,5,0.2,-3.5472800000000007,-17.736400000000003
cpr_narrow_momentum_short,reverse_signal,T1c,2,0.0,-0.5344,-1.0688
cpr_narrow_momentum_short,reverse_signal,T2,3,0.0,-2.8626333333333336,-8.587900000000001
cpr_narrow_momentum_short,reverse_signal,T3,7,0.14285714285714285,-3.5496142857142856,-24.8473
cpr_narrow_momentum_short,reverse_signal,unknown,11,0.18181818181818182,-3.834590909090909,-42.1805
cpr_narrow_momentum_short,smc_mitigation_zone,T1a,5,0.2,-3.5472800000000007,-17.736400000000003
cpr_narrow_momentum_short,smc_mitigation_zone,T1c,2,0.0,-0.5344,-1.0688
cpr_narrow_momentum_short,smc_mitigation_zone,T2,3,0.0,-2.8626333333333336,-8.587900000000001
cpr_narrow_momentum_short,smc_mitigation_zone,T3,7,0.14285714285714285,-3.5496142857142856,-24.8473
cpr_narrow_momentum_short,smc_mitigation_zone,unknown,11,0.18181818181818182,-3.834590909090909,-42.1805
cpr_narrow_momentum_short,time_stop_10d,T1a,5,0.4,-4.41762,-22.0881
cpr_narrow_momentum_short,time_stop_10d,T1c,2,0.5,-3.1471999999999998,-6.2943999999999996
cpr_narrow_momentum_short,time_stop_10d,T2,3,0.6666666666666666,1.0796999999999999,3.2390999999999996
cpr_narrow_momentum_short,time_stop_10d,T3,7,0.5714285714285714,-3.8507285714285717,-26.9551
cpr_narrow_momentum_short,time_stop_10d,unknown,11,0.45454545454545453,-4.853763636363636,-53.3914
cpr_narrow_momentum_short,time_stop_20d,T1a,5,0.6,-2.59302,-12.965100000000001
cpr_narrow_momentum_short,time_stop_20d,T1c,2,0.5,-4.0014,-8.0028
cpr_narrow_momentum_short,time_stop_20d,T2,3,0.3333333333333333,1.0258666666666667,3.0776000000000003
cpr_narrow_momentum_short,time_stop_20d,T3,7,0.42857142857142855,-12.251242857142856,-85.75869999999999
cpr_narrow_momentum_short,time_stop_20d,unknown,11,0.6363636363636364,0.5303818181818178,5.8341999999999965
cpr_narrow_momentum_short,trailing_10pct,T1a,5,0.2,-4.58622,-22.9311
cpr_narrow_momentum_short,trailing_10pct,T1c,2,0.5,-2.6104000000000003,-5.2208000000000006
cpr_narrow_momentum_short,trailing_10pct,T2,3,0.3333333333333333,-2.3180333333333336,-6.9541
cpr_narrow_momentum_short,trailing_10pct,T3,7,0.42857142857142855,1.4409285714285716,10.086500000000001
cpr_narrow_momentum_short,trailing_10pct,unknown,11,0.36363636363636365,-2.9701727272727267,-32.671899999999994
cpr_narrow_momentum_short,trailing_15pct,T1a,5,0.4,0.5390800000000002,2.695400000000001
cpr_narrow_momentum_short,trailing_15pct,T1c,2,0.0,-7.67865,-15.3573
cpr_narrow_momentum_short,trailing_15pct,T2,3,0.3333333333333333,-2.2860666666666667,-6.8582
cpr_narrow_momentum_short,trailing_15pct,T3,7,0.2857142857142857,-1.2704428571428574,-8.893100000000002
cpr_narrow_momentum_short,trailing_15pct,unknown,11,0.36363636363636365,-3.4141090909090908,-37.5552
cpr_narrow_momentum_short,trailing_5pct,T1a,5,0.4,-3.2081000000000004,-16.0405
cpr_narrow_momentum_short,trailing_5pct,T1c,2,0.5,1.89725,3.7945
cpr_narrow_momentum_short,trailing_5pct,T2,3,0.3333333333333333,-1.6794666666666664,-5.038399999999999
cpr_narrow_momentum_short,trailing_5pct,T3,7,0.42857142857142855,0.3123142857142857,2.1862
cpr_narrow_momentum_short,trailing_5pct,unknown,11,0.18181818181818182,-1.6910636363636364,-18.6017
double_bottom_long,atr_trail_1x,T1ETF,1,0.0,-0.4323,-0.4323
double_bottom_long,atr_trail_1x,T1a,2,0.5,1.0254500000000002,2.0509000000000004
double_bottom_long,atr_trail_1x,T1c,1,0.0,-7.1409,-7.1409
double_bottom_long,atr_trail_1x,T2,3,0.3333333333333333,0.4181333333333332,1.2543999999999995
double_bottom_long,atr_trail_1x,T3,1,1.0,3.5453,3.5453
double_bottom_long,atr_trail_1x,unknown,3,0.3333333333333333,-2.7129666666666665,-8.1389
double_bottom_long,atr_trail_2x,T1ETF,1,1.0,0.7926,0.7926
double_bottom_long,atr_trail_2x,T1a,2,0.5,-2.3212,-4.6424
double_bottom_long,atr_trail_2x,T1c,1,0.0,-18.1293,-18.1293
double_bottom_long,atr_trail_2x,T2,3,0.6666666666666666,3.781866666666667,11.345600000000001
double_bottom_long,atr_trail_2x,T3,1,1.0,6.8927,6.8927
double_bottom_long,atr_trail_2x,unknown,3,0.3333333333333333,-0.5882333333333335,-1.7647000000000004
double_bottom_long,atr_trail_mae_conditional,T1ETF,1,0.0,-0.4323,-0.4323
double_bottom_long,atr_trail_mae_conditional,T1a,2,0.5,1.0254500000000002,2.0509000000000004
double_bottom_long,atr_trail_mae_conditional,T1c,1,0.0,-7.1409,-7.1409
double_bottom_long,atr_trail_mae_conditional,T2,3,0.3333333333333333,0.4181333333333332,1.2543999999999995
double_bottom_long,atr_trail_mae_conditional,T3,1,1.0,3.5453,3.5453
double_bottom_long,atr_trail_mae_conditional,unknown,3,0.3333333333333333,-2.7129666666666665,-8.1389
double_bottom_long,atr_trail_vix_conditional,T1ETF,1,0.0,-0.4323,-0.4323
double_bottom_long,atr_trail_vix_conditional,T1a,2,0.5,-1.99425,-3.9885
double_bottom_long,atr_trail_vix_conditional,T1c,1,0.0,-10.7114,-10.7114
double_bottom_long,atr_trail_vix_conditional,T2,3,0.3333333333333333,3.4645999999999995,10.393799999999999
double_bottom_long,atr_trail_vix_conditional,T3,1,1.0,3.7759,3.7759
double_bottom_long,atr_trail_vix_conditional,unknown,3,0.3333333333333333,2.0045,6.0135000000000005
double_bottom_long,break_even_at_1r,T1ETF,1,0.0,0.0,0.0
double_bottom_long,break_even_at_1r,T1a,2,0.0,-1.5474,-3.0948
double_bottom_long,break_even_at_1r,T1c,1,0.0,-7.1409,-7.1409
double_bottom_long,break_even_at_1r,T2,3,0.3333333333333333,6.009866666666667,18.029600000000002
double_bottom_long,break_even_at_1r,T3,1,1.0,5.4206,5.4206
double_bottom_long,break_even_at_1r,unknown,3,0.0,-2.9367666666666667,-8.8103
double_bottom_long,breakeven_plus_trail,T1ETF,1,0.0,0.0,0.0
double_bottom_long,breakeven_plus_trail,T1a,2,0.0,-2.8269,-5.6538
double_bottom_long,breakeven_plus_trail,T1c,1,0.0,-14.2818,-14.2818
double_bottom_long,breakeven_plus_trail,T2,3,0.3333333333333333,5.351366666666667,16.054100000000002
double_bottom_long,breakeven_plus_trail,T3,1,1.0,5.4206,5.4206
double_bottom_long,breakeven_plus_trail,unknown,3,0.3333333333333333,5.744966666666667,17.234900000000003
double_bottom_long,chandelier_3x,T1ETF,1,0.0,-0.0756,-0.0756
double_bottom_long,chandelier_3x,T1a,2,0.0,-0.11785000000000001,-0.23570000000000002
double_bottom_long,chandelier_3x,T1c,1,0.0,-0.2628,-0.2628
double_bottom_long,chandelier_3x,T2,3,0.0,-1.0514000000000001,-3.1542000000000003
double_bottom_long,chandelier_3x,T3,1,0.0,-0.1576,-0.1576
double_bottom_long,chandelier_3x,unknown,3,0.0,-1.2533,-3.7599
double_bottom_long,class_time_stop,T1ETF,1,1.0,0.9249,0.9249
double_bottom_long,class_time_stop,T1a,2,0.5,1.1188000000000002,2.2376000000000005
double_bottom_long,class_time_stop,T1c,1,0.0,-17.9911,-17.9911
double_bottom_long,class_time_stop,T2,3,0.6666666666666666,3.5366999999999997,10.6101
double_bottom_long,class_time_stop,T3,1,1.0,14.9956,14.9956
double_bottom_long,class_time_stop,unknown,3,0.6666666666666666,5.137733333333333,15.4132
double_bottom_long,earnings_blackout,T1ETF,1,1.0,7.0488,7.0488
double_bottom_long,earnings_blackout,T1a,2,1.0,0.92115,1.8423
double_bottom_long,earnings_blackout,T1c,1,0.0,-28.6116,-28.6116
double_bottom_long,earnings_blackout,T2,3,0.6666666666666666,2.7443666666666666,8.2331
double_bottom_long,earnings_blackout,T3,1,1.0,16.2364,16.2364
double_bottom_long,earnings_blackout,unknown,3,0.6666666666666666,27.519666666666666,82.559
double_bottom_long,fixed_4r_2r,T1ETF,1,0.0,-2.8551,-2.8551
double_bottom_long,fixed_4r_2r,T1a,2,0.0,-5.644550000000001,-11.289100000000001
double_bottom_long,fixed_4r_2r,T1c,1,0.0,-18.1293,-18.1293
double_bottom_long,fixed_4r_2r,T2,3,0.6666666666666666,5.6815999999999995,17.0448
double_bottom_long,fixed_4r_2r,T3,1,1.0,19.8882,19.8882
double_bottom_long,fixed_4r_2r,unknown,3,0.3333333333333333,2.8354999999999997,8.506499999999999
double_bottom_long,hybrid_50pct_target,T1ETF,1,1.0,2.1413,2.1413
double_bottom_long,hybrid_50pct_target,T1a,2,1.0,3.6210000000000004,7.242000000000001
double_bottom_long,hybrid_50pct_target,T1c,1,0.0,-10.0,-10.0
double_bottom_long,hybrid_50pct_target,T2,3,0.6666666666666666,2.8201666666666667,8.4605
double_bottom_long,hybrid_50pct_target,T3,1,1.0,10.1684,10.1684
double_bottom_long,hybrid_50pct_target,unknown,3,0.6666666666666666,1.9705666666666666,5.9117
double_bottom_long,ma_exit_ema9,T1ETF,1,0.0,-0.1842,-0.1842
double_bottom_long,ma_exit_ema9,T1a,2,0.5,1.2657500000000002,2.5315000000000003
double_bottom_long,ma_exit_ema9,T1c,1,0.0,-0.2239,-0.2239
double_bottom_long,ma_exit_ema9,T2,3,0.3333333333333333,-2.8386,-8.5158
double_bottom_long,ma_exit_ema9,T3,1,1.0,8.6598,8.6598
double_bottom_long,ma_exit_ema9,unknown,3,0.3333333333333333,-1.6317666666666666,-4.8953
double_bottom_long,mfe_lockin_trail,T1ETF,1,0.0,-0.4323,-0.4323
double_bottom_long,mfe_lockin_trail,T1a,2,0.5,1.17145,2.3429
double_bottom_long,mfe_lockin_trail,T1c,1,0.0,-7.1409,-7.1409
double_bottom_long,mfe_lockin_trail,T2,3,0.3333333333333333,0.47493333333333343,1.4248000000000003
double_bottom_long,mfe_lockin_trail,T3,1,1.0,3.5453,3.5453
double_bottom_long,mfe_lockin_trail,unknown,3,0.3333333333333333,-2.7129666666666665,-8.1389
double_bottom_long,multi_tier_partial,T1ETF,1,0.0,-0.4323,-0.4323
double_bottom_long,multi_tier_partial,T1a,2,0.5,0.6213000000000002,1.2426000000000004
double_bottom_long,multi_tier_partial,T1c,1,0.0,-7.1409,-7.1409
double_bottom_long,multi_tier_partial,T2,3,0.3333333333333333,0.26766666666666666,0.8029999999999999
double_bottom_long,multi_tier_partial,T3,1,1.0,4.0209,4.0209
double_bottom_long,multi_tier_partial,unknown,3,0.3333333333333333,-2.3898333333333333,-7.169499999999999
double_bottom_long,next_pivot_target,T1ETF,1,1.0,1.1257,1.1257
double_bottom_long,next_pivot_target,T1a,2,1.0,0.71025,1.4205
double_bottom_long,next_pivot_target,T1c,1,0.0,-10.0,-10.0
double_bottom_long,next_pivot_target,T2,3,1.0,3.2717000000000005,9.815100000000001
double_bottom_long,next_pivot_target,T3,1,1.0,0.9863,0.9863
double_bottom_long,next_pivot_target,unknown,3,1.0,7.636500000000001,22.9095
double_bottom_long,r_multiple_2r,T1ETF,1,1.0,2.8551,2.8551
double_bottom_long,r_multiple_2r,T1a,2,0.5,0.58765,1.1753
double_bottom_long,r_multiple_2r,T1c,1,0.0,-7.1409,-7.1409
double_bottom_long,r_multiple_2r,T2,3,0.6666666666666666,2.6056666666666666,7.817
double_bottom_long,r_multiple_2r,T3,1,1.0,9.9441,9.9441
double_bottom_long,r_multiple_2r,unknown,3,0.0,-4.13,-12.39
double_bottom_long,r_multiple_3r,T1ETF,1,0.0,-1.4276,-1.4276
double_bottom_long,r_multiple_3r,T1a,2,0.5,1.5882,3.1764
double_bottom_long,r_multiple_3r,T1c,1,0.0,-7.1409,-7.1409
double_bottom_long,r_multiple_3r,T2,3,0.3333333333333333,2.1012,6.303599999999999
double_bottom_long,r_multiple_3r,T3,1,1.0,14.9162,14.9162
double_bottom_long,r_multiple_3r,unknown,3,0.0,-4.13,-12.39
double_bottom_long,regime_flip,T1ETF,1,1.0,0.732,0.732
double_bottom_long,regime_flip,T1a,2,1.0,0.8223,1.6446
double_bottom_long,regime_flip,T1c,1,0.0,-13.1863,-13.1863
double_bottom_long,regime_flip,T2,3,0.3333333333333333,-1.6902666666666661,-5.070799999999998
double_bottom_long,regime_flip,T3,1,1.0,11.7749,11.7749
double_bottom_long,regime_flip,unknown,3,0.6666666666666666,2.536333333333333,7.608999999999998
double_bottom_long,reverse_signal,T1ETF,1,0.0,-0.4323,-0.4323
double_bottom_long,reverse_signal,T1a,2,0.5,1.0254500000000002,2.0509000000000004
double_bottom_long,reverse_signal,T1c,1,0.0,-7.1409,-7.1409
double_bottom_long,reverse_signal,T2,3,0.3333333333333333,0.4181333333333332,1.2543999999999995
double_bottom_long,reverse_signal,T3,1,1.0,3.5453,3.5453
double_bottom_long,reverse_signal,unknown,3,0.3333333333333333,-2.7129666666666665,-8.1389
double_bottom_long,smc_mitigation_zone,T1ETF,1,0.0,-0.4323,-0.4323
double_bottom_long,smc_mitigation_zone,T1a,2,0.5,1.0254500000000002,2.0509000000000004
double_bottom_long,smc_mitigation_zone,T1c,1,0.0,-7.1409,-7.1409
double_bottom_long,smc_mitigation_zone,T2,3,0.3333333333333333,0.4181333333333332,1.2543999999999995
double_bottom_long,smc_mitigation_zone,T3,1,1.0,3.5453,3.5453
double_bottom_long,smc_mitigation_zone,unknown,3,0.3333333333333333,-2.7129666666666665,-8.1389
double_bottom_long,time_stop_10d,T1ETF,1,1.0,3.0224,3.0224
double_bottom_long,time_stop_10d,T1a,2,0.5,0.12184999999999979,0.24369999999999958
double_bottom_long,time_stop_10d,T1c,1,0.0,-7.9582,-7.9582
double_bottom_long,time_stop_10d,T2,3,0.6666666666666666,-0.9576333333333332,-2.8728999999999996
double_bottom_long,time_stop_10d,T3,1,1.0,8.6598,8.6598
double_bottom_long,time_stop_10d,unknown,3,0.6666666666666666,1.4295666666666664,4.2886999999999995
double_bottom_long,time_stop_20d,T1ETF,1,1.0,0.732,0.732
double_bottom_long,time_stop_20d,T1a,2,1.0,0.8223,1.6446
double_bottom_long,time_stop_20d,T1c,1,0.0,-13.1863,-13.1863
double_bottom_long,time_stop_20d,T2,3,0.3333333333333333,-1.6902666666666661,-5.070799999999998
double_bottom_long,time_stop_20d,T3,1,1.0,11.7749,11.7749
double_bottom_long,time_stop_20d,unknown,3,0.6666666666666666,2.536333333333333,7.608999999999998
double_bottom_long,trailing_10pct,T1ETF,1,1.0,7.0488,7.0488
double_bottom_long,trailing_10pct,T1a,2,0.0,-7.174949999999999,-14.349899999999998
double_bottom_long,trailing_10pct,T1c,1,0.0,-10.0,-10.0
double_bottom_long,trailing_10pct,T2,3,0.3333333333333333,3.2383333333333333,9.715
double_bottom_long,trailing_10pct,T3,1,1.0,5.4206,5.4206
double_bottom_long,trailing_10pct,unknown,3,0.3333333333333333,-3.9063999999999997,-11.719199999999999
double_bottom_long,trailing_15pct,T1ETF,1,1.0,7.0488,7.0488
double_bottom_long,trailing_15pct,T1a,2,0.0,-7.66885,-15.3377
double_bottom_long,trailing_15pct,T1c,1,0.0,-18.1293,-18.1293
double_bottom_long,trailing_15pct,T2,3,0.3333333333333333,-0.5468333333333332,-1.6404999999999994
double_bottom_long,trailing_15pct,T3,1,1.0,17.1604,17.1604
double_bottom_long,trailing_15pct,unknown,3,0.3333333333333333,-2.391233333333333,-7.173699999999999
double_bottom_long,trailing_5pct,T1ETF,1,0.0,-1.8538,-1.8538
double_bottom_long,trailing_5pct,T1a,2,0.0,-3.7774,-7.5548
double_bottom_long,trailing_5pct,T1c,1,0.0,-5.0,-5.0
double_bottom_long,trailing_5pct,T2,3,0.6666666666666666,4.694266666666667,14.082799999999999
double_bottom_long,trailing_5pct,T3,1,1.0,2.8506,2.8506
double_bottom_long,trailing_5pct,unknown,3,0.0,-3.663766666666666,-10.991299999999999
force_index_breakout,atr_trail_1x,T1ETF,1,0.0,-0.9503,-0.9503
force_index_breakout,atr_trail_1x,T1a,44,0.3409090909090909,-0.06690681818181819,-2.9439
force_index_breakout,atr_trail_1x,T1c,11,0.0,-3.9642545454545455,-43.6068
force_index_breakout,atr_trail_1x,T2,20,0.15,-2.412745,-48.2549
force_index_breakout,atr_trail_1x,T3,9,0.3333333333333333,0.13149999999999995,1.1834999999999996
force_index_breakout,atr_trail_1x,unknown,50,0.26,-2.2202640000000002,-111.01320000000001
force_index_breakout,atr_trail_2x,T1ETF,1,1.0,0.307,0.307
force_index_breakout,atr_trail_2x,T1a,44,0.3409090909090909,-0.12061136363636357,-5.306899999999997
force_index_breakout,atr_trail_2x,T1c,11,0.18181818181818182,-5.7309909090909095,-63.0409
force_index_breakout,atr_trail_2x,T2,20,0.3,-4.582665,-91.6533
force_index_breakout,atr_trail_2x,T3,9,0.3333333333333333,3.960844444444444,35.6476
force_index_breakout,atr_trail_2x,unknown,50,0.36,-1.766672,-88.3336
force_index_breakout,atr_trail_mae_conditional,T1ETF,1,0.0,-0.9503,-0.9503
force_index_breakout,atr_trail_mae_conditional,T1a,44,0.3409090909090909,-0.06690681818181819,-2.9439
force_index_breakout,atr_trail_mae_conditional,T1c,11,0.0,-3.9642545454545455,-43.6068
force_index_breakout,atr_trail_mae_conditional,T2,20,0.15,-2.412745,-48.2549
force_index_breakout,atr_trail_mae_conditional,T3,9,0.3333333333333333,0.13149999999999995,1.1834999999999996
force_index_breakout,atr_trail_mae_conditional,unknown,50,0.26,-2.2202640000000002,-111.01320000000001
force_index_breakout,atr_trail_vix_conditional,T1ETF,1,0.0,-0.9503,-0.9503
force_index_breakout,atr_trail_vix_conditional,T1a,44,0.22727272727272727,0.03892272727272736,1.7126000000000037
force_index_breakout,atr_trail_vix_conditional,T1c,11,0.18181818181818182,-3.301536363636364,-36.316900000000004
force_index_breakout,atr_trail_vix_conditional,T2,20,0.1,-3.1947200000000002,-63.894400000000005
force_index_breakout,atr_trail_vix_conditional,T3,9,0.2222222222222222,-2.316188888888889,-20.8457
force_index_breakout,atr_trail_vix_conditional,unknown,50,0.28,-2.426328,-121.3164
force_index_breakout,break_even_at_1r,T1ETF,1,0.0,0.0,0.0
force_index_breakout,break_even_at_1r,T1a,44,0.13636363636363635,-0.07628863636363642,-3.3567000000000022
force_index_breakout,break_even_at_1r,T1c,11,0.09090909090909091,-3.0756454545454543,-33.8321
force_index_breakout,break_even_at_1r,T2,20,0.0,-2.7561050000000002,-55.1221
force_index_breakout,break_even_at_1r,T3,9,0.3333333333333333,0.30610000000000004,2.7549
force_index_breakout,break_even_at_1r,unknown,50,0.2,-1.338536,-66.9268
force_index_breakout,breakeven_plus_trail,T1ETF,1,0.0,0.0,0.0
force_index_breakout,breakeven_plus_trail,T1a,44,0.2727272727272727,0.7512318181818182,33.0542
force_index_breakout,breakeven_plus_trail,T1c,11,0.2727272727272727,-2.925445454545454,-32.179899999999996
force_index_breakout,breakeven_plus_trail,T2,20,0.2,-3.16643,-63.3286
force_index_breakout,breakeven_plus_trail,T3,9,0.4444444444444444,-2.1426444444444446,-19.2838
force_index_breakout,breakeven_plus_trail,unknown,50,0.42,0.9559539999999999,47.79769999999999
force_index_breakout,chandelier_3x,T1ETF,1,0.0,-0.0907,-0.0907
force_index_breakout,chandelier_3x,T1a,44,0.20454545454545456,-0.9779409090909091,-43.0294
force_index_breakout,chandelier_3x,T1c,11,0.18181818181818182,-4.2723545454545455,-46.9959
force_index_breakout,chandelier_3x,T2,20,0.05,-2.6274450000000003,-52.5489
force_index_breakout,chandelier_3x,T3,9,0.3333333333333333,5.528888888888889,49.76
force_index_breakout,chandelier_3x,unknown,50,0.16,-2.881214,-144.0607
force_index_breakout,class_time_stop,T1ETF,1,0.0,-0.7593,-0.7593
force_index_breakout,class_time_stop,T1a,44,0.5454545454545454,0.5187113636363636,22.8233
force_index_breakout,class_time_stop,T1c,11,0.36363636363636365,-8.051627272727272,-88.5679
force_index_breakout,class_time_stop,T2,20,0.35,-8.084315,-161.68630000000002
force_index_breakout,class_time_stop,T3,9,0.4444444444444444,-1.1373555555555555,-10.236199999999998
force_index_breakout,class_time_stop,unknown,50,0.46,-3.1321700000000003,-156.60850000000002
force_index_breakout,earnings_blackout,T1ETF,1,0.0,-181.0754,-181.0754
force_index_breakout,earnings_blackout,T1a,44,0.6363636363636364,1.7595409090909089,77.4198
force_index_breakout,earnings_blackout,T1c,11,0.2727272727272727,-8.380054545454545,-92.1806
force_index_breakout,earnings_blackout,T2,20,0.45,-4.60921,-92.1842
force_index_breakout,earnings_blackout,T3,9,0.3333333333333333,-14.609666666666666,-131.487
force_index_breakout,earnings_blackout,unknown,50,0.48,-10.667923999999998,-533.3961999999999
force_index_breakout,fixed_4r_2r,T1ETF,1,0.0,-4.5977,-4.5977
force_index_breakout,fixed_4r_2r,T1a,44,0.4090909090909091,1.2952818181818182,56.9924
force_index_breakout,fixed_4r_2r,T1c,11,0.18181818181818182,-4.7499090909090915,-52.249
force_index_breakout,fixed_4r_2r,T2,20,0.15,-5.198045,-103.9609
force_index_breakout,fixed_4r_2r,T3,9,0.2222222222222222,-2.013877777777778,-18.124900000000004
force_index_breakout,fixed_4r_2r,unknown,50,0.3,-2.6244400000000003,-131.222
force_index_breakout,hybrid_50pct_target,T1ETF,1,1.0,3.4483,3.4483
force_index_breakout,hybrid_50pct_target,T1a,44,0.7045454545454546,-0.9647863636363635,-42.450599999999994
force_index_breakout,hybrid_50pct_target,T1c,11,0.5454545454545454,2.583563636363636,28.419199999999996
force_index_breakout,hybrid_50pct_target,T2,20,0.55,-7.307924999999999,-146.15849999999998
force_index_breakout,hybrid_50pct_target,T3,9,0.8888888888888888,3.618988888888888,32.570899999999995
force_index_breakout,hybrid_50pct_target,unknown,50,0.46,-22.582352,-1129.1176
force_index_breakout,ma_exit_ema9,T1ETF,1,1.0,0.1003,0.1003
force_index_breakout,ma_exit_ema9,T1a,44,0.3409090909090909,-0.26769090909090915,-11.778400000000001
force_index_breakout,ma_exit_ema9,T1c,11,0.09090909090909091,-4.106481818181819,-45.1713
force_index_breakout,ma_exit_ema9,T2,20,0.2,-2.1045249999999998,-42.0905
force_index_breakout,ma_exit_ema9,T3,9,0.3333333333333333,2.3995,21.5955
force_index_breakout,ma_exit_ema9,unknown,50,0.2,-1.472982,-73.6491
force_index_breakout,mfe_lockin_trail,T1ETF,1,0.0,-0.9503,-0.9503
force_index_breakout,mfe_lockin_trail,T1a,44,0.3409090909090909,-0.21142727272727269,-9.302799999999998
force_index_breakout,mfe_lockin_trail,T1c,11,0.0,-3.9642545454545455,-43.6068
force_index_breakout,mfe_lockin_trail,T2,20,0.15,-2.3991800000000003,-47.9836
force_index_breakout,mfe_lockin_trail,T3,9,0.3333333333333333,1.0848888888888888,9.764
force_index_breakout,mfe_lockin_trail,unknown,50,0.28,-2.166828,-108.34140000000001
force_index_breakout,multi_tier_partial,T1ETF,1,0.0,-0.9503,-0.9503
force_index_breakout,multi_tier_partial,T1a,44,0.4090909090909091,-0.06309090909090913,-2.7760000000000016
force_index_breakout,multi_tier_partial,T1c,11,0.09090909090909091,-3.807081818181818,-41.8779
force_index_breakout,multi_tier_partial,T2,20,0.3,-2.1607,-43.214
force_index_breakout,multi_tier_partial,T3,9,0.5555555555555556,0.6203444444444446,5.583100000000002
force_index_breakout,multi_tier_partial,unknown,50,0.32,-1.8121120000000002,-90.60560000000001
force_index_breakout,next_pivot_target,T1ETF,1,0.0,-4.5977,-4.5977
force_index_breakout,next_pivot_target,T1a,44,0.7045454545454546,1.171909090909091,51.564
force_index_breakout,next_pivot_target,T1c,11,0.18181818181818182,-7.1370545454545455,-78.5076
force_index_breakout,next_pivot_target,T2,20,0.45,-3.2579450000000003,-65.1589
force_index_breakout,next_pivot_target,T3,9,0.5555555555555556,-2.3823777777777777,-21.441399999999998
force_index_breakout,next_pivot_target,unknown,50,0.58,-1.1695900000000001,-58.4795
force_index_breakout,r_multiple_2r,T1ETF,1,1.0,4.5977,4.5977
force_index_breakout,r_multiple_2r,T1a,44,0.3409090909090909,0.3643954545454546,16.0334
force_index_breakout,r_multiple_2r,T1c,11,0.18181818181818182,-2.6918545454545453,-29.6104
force_index_breakout,r_multiple_2r,T2,20,0.1,-3.416715,-68.3343
force_index_breakout,r_multiple_2r,T3,9,0.3333333333333333,0.9561888888888885,8.605699999999997
force_index_breakout,r_multiple_2r,unknown,50,0.26,-1.010736,-50.5368
force_index_breakout,r_multiple_3r,T1ETF,1,0.0,-2.2988,-2.2988
force_index_breakout,r_multiple_3r,T1a,44,0.3409090909090909,1.1214727272727272,49.3448
force_index_breakout,r_multiple_3r,T1c,11,0.18181818181818182,-2.0597454545454545,-22.6572
force_index_breakout,r_multiple_3r,T2,20,0.05,-3.699745,-73.9949
force_index_breakout,r_multiple_3r,T3,9,0.3333333333333333,2.5374777777777777,22.8373
force_index_breakout,r_multiple_3r,unknown,50,0.2,-0.730442,-36.5221
force_index_breakout,regime_flip,T1ETF,1,1.0,2.8063,2.8063
force_index_breakout,regime_flip,T1a,44,0.6136363636363636,2.051390909090909,90.26119999999999
force_index_breakout,regime_flip,T1c,11,0.2727272727272727,-6.806690909090909,-74.8736
force_index_breakout,regime_flip,T2,20,0.25,-9.356175,-187.1235
force_index_breakout,regime_flip,T3,9,0.3333333333333333,-1.6139777777777777,-14.5258
force_index_breakout,regime_flip,unknown,50,0.54,-1.0334,-51.67
force_index_breakout,reverse_signal,T1ETF,1,0.0,-0.9503,-0.9503
force_index_breakout,reverse_signal,T1a,44,0.3409090909090909,-0.06690681818181819,-2.9439
force_index_breakout,reverse_signal,T1c,11,0.0,-3.9642545454545455,-43.6068
force_index_breakout,reverse_signal,T2,20,0.15,-2.412745,-48.2549
force_index_breakout,reverse_signal,T3,9,0.3333333333333333,0.13149999999999995,1.1834999999999996
force_index_breakout,reverse_signal,unknown,50,0.26,-2.2202640000000002,-111.01320000000001
force_index_breakout,smc_mitigation_zone,T1ETF,1,0.0,-0.9503,-0.9503
force_index_breakout,smc_mitigation_zone,T1a,44,0.3409090909090909,-0.06690681818181819,-2.9439
force_index_breakout,smc_mitigation_zone,T1c,11,0.0,-3.9642545454545455,-43.6068
force_index_breakout,smc_mitigation_zone,T2,20,0.15,-2.412745,-48.2549
force_index_breakout,smc_mitigation_zone,T3,9,0.3333333333333333,0.13149999999999995,1.1834999999999996
force_index_breakout,smc_mitigation_zone,unknown,50,0.26,-2.2202640000000002,-111.01320000000001
force_index_breakout,time_stop_10d,T1ETF,1,1.0,2.5834,2.5834
force_index_breakout,time_stop_10d,T1a,44,0.5,0.10543409090909103,4.639100000000005
force_index_breakout,time_stop_10d,T1c,11,0.2727272727272727,-2.7922181818181815,-30.714399999999998
force_index_breakout,time_stop_10d,T2,20,0.3,-3.15515,-63.102999999999994
force_index_breakout,time_stop_10d,T3,9,0.4444444444444444,-0.0690000000000001,-0.6210000000000009
force_index_breakout,time_stop_10d,unknown,50,0.48,-0.40262599999999976,-20.13129999999999
force_index_breakout,time_stop_20d,T1ETF,1,1.0,2.8063,2.8063
force_index_breakout,time_stop_20d,T1a,44,0.6136363636363636,2.051390909090909,90.26119999999999
force_index_breakout,time_stop_20d,T1c,11,0.2727272727272727,-6.806690909090909,-74.8736
force_index_breakout,time_stop_20d,T2,20,0.25,-9.356175,-187.1235
force_index_breakout,time_stop_20d,T3,9,0.3333333333333333,-1.6139777777777777,-14.5258
force_index_breakout,time_stop_20d,unknown,50,0.54,-1.0334,-51.67
force_index_breakout,trailing_10pct,T1ETF,1,0.0,-4.2166,-4.2166
force_index_breakout,trailing_10pct,T1a,44,0.4090909090909091,0.9463386363636362,41.63889999999999
force_index_breakout,trailing_10pct,T1c,11,0.18181818181818182,-7.131636363636364,-78.44800000000001
force_index_breakout,trailing_10pct,T2,20,0.15,-3.8454450000000002,-76.9089
force_index_breakout,trailing_10pct,T3,9,0.3333333333333333,-0.9562000000000003,-8.605800000000002
force_index_breakout,trailing_10pct,unknown,50,0.24,-2.9689619999999994,-148.44809999999998
force_index_breakout,trailing_15pct,T1ETF,1,0.0,-8.3361,-8.3361
force_index_breakout,trailing_15pct,T1a,44,0.38636363636363635,0.45771363636363666,20.139400000000013
force_index_breakout,trailing_15pct,T1c,11,0.09090909090909091,-9.903536363636364,-108.9389
force_index_breakout,trailing_15pct,T2,20,0.1,-6.84884,-136.9768
force_index_breakout,trailing_15pct,T3,9,0.3333333333333333,0.8365666666666659,7.5290999999999935
force_index_breakout,trailing_15pct,unknown,50,0.34,-3.2430220000000003,-162.1511
force_index_breakout,trailing_5pct,T1ETF,1,1.0,0.4505,0.4505
force_index_breakout,trailing_5pct,T1a,44,0.3181818181818182,-0.8568340909090909,-37.7007
force_index_breakout,trailing_5pct,T1c,11,0.09090909090909091,-3.9259727272727276,-43.185700000000004
force_index_breakout,trailing_5pct,T2,20,0.25,-2.137275,-42.7455
force_index_breakout,trailing_5pct,T3,9,0.3333333333333333,0.5959333333333332,5.363399999999999
force_index_breakout,trailing_5pct,unknown,50,0.22,-1.523254,-76.1627
golden_cross_9_21,atr_trail_1x,T1a,6,0.3333333333333333,-0.042933333333333344,-0.25760000000000005
golden_cross_9_21,atr_trail_1x,T1c,5,0.0,-3.7933399999999997,-18.9667
golden_cross_9_21,atr_trail_1x,T2,4,0.0,-2.315625,-9.2625
golden_cross_9_21,atr_trail_1x,T3,1,1.0,3.4847,3.4847
golden_cross_9_21,atr_trail_1x,unknown,17,0.29411764705882354,0.0826588235294118,1.4052000000000007
golden_cross_9_21,atr_trail_2x,T1a,6,0.6666666666666666,3.98455,23.9073
golden_cross_9_21,atr_trail_2x,T1c,5,0.4,-0.8086599999999997,-4.043299999999999
golden_cross_9_21,atr_trail_2x,T2,4,0.0,-5.3605,-21.442
golden_cross_9_21,atr_trail_2x,T3,1,1.0,0.0247,0.0247
golden_cross_9_21,atr_trail_2x,unknown,17,0.17647058823529413,-2.662935294117647,-45.2699
golden_cross_9_21,atr_trail_mae_conditional,T1a,6,0.3333333333333333,-0.042933333333333344,-0.25760000000000005
golden_cross_9_21,atr_trail_mae_conditional,T1c,5,0.0,-3.7933399999999997,-18.9667
golden_cross_9_21,atr_trail_mae_conditional,T2,4,0.0,-2.315625,-9.2625
golden_cross_9_21,atr_trail_mae_conditional,T3,1,1.0,3.4847,3.4847
golden_cross_9_21,atr_trail_mae_conditional,unknown,17,0.29411764705882354,0.0826588235294118,1.4052000000000007
golden_cross_9_21,atr_trail_vix_conditional,T1a,6,0.0,-0.24006666666666665,-1.4404
golden_cross_9_21,atr_trail_vix_conditional,T1c,5,0.0,-3.2778799999999997,-16.3894
golden_cross_9_21,atr_trail_vix_conditional,T2,4,0.0,-3.34505,-13.3802
golden_cross_9_21,atr_trail_vix_conditional,T3,1,1.0,1.7547,1.7547
golden_cross_9_21,atr_trail_vix_conditional,unknown,17,0.17647058823529413,-2.2680882352941176,-38.5575
golden_cross_9_21,break_even_at_1r,T1a,6,0.0,-0.14958333333333332,-0.8975
golden_cross_9_21,break_even_at_1r,T1c,5,0.2,-0.14834000000000006,-0.7417000000000002
golden_cross_9_21,break_even_at_1r,T2,4,0.0,-2.9874,-11.9496
golden_cross_9_21,break_even_at_1r,T3,1,0.0,0.0,0.0
golden_cross_9_21,break_even_at_1r,unknown,17,0.11764705882352941,-0.7787117647058823,-13.2381
golden_cross_9_21,breakeven_plus_trail,T1a,6,0.5,5.712016666666667,34.2721
golden_cross_9_21,breakeven_plus_trail,T1c,5,0.6,3.0105999999999997,15.052999999999999
golden_cross_9_21,breakeven_plus_trail,T2,4,0.25,-5.0896,-20.3584
golden_cross_9_21,breakeven_plus_trail,T3,1,0.0,0.0,0.0
golden_cross_9_21,breakeven_plus_trail,unknown,17,0.35294117647058826,0.3344176470588233,5.685099999999997
golden_cross_9_21,chandelier_3x,T1a,6,0.6666666666666666,3.5582500000000006,21.349500000000003
golden_cross_9_21,chandelier_3x,T1c,5,0.2,-2.0908200000000003,-10.454100000000002
golden_cross_9_21,chandelier_3x,T2,4,0.0,-5.1798,-20.7192
golden_cross_9_21,chandelier_3x,T3,1,0.0,-0.2292,-0.2292
golden_cross_9_21,chandelier_3x,unknown,17,0.23529411764705882,-2.8995647058823524,-49.29259999999999
golden_cross_9_21,class_time_stop,T1a,6,0.6666666666666666,0.82065,4.9239
golden_cross_9_21,class_time_stop,T1c,5,0.8,11.81488,59.074400000000004
golden_cross_9_21,class_time_stop,T2,4,0.25,-3.5077250000000006,-14.030900000000003
golden_cross_9_21,class_time_stop,T3,1,1.0,2.1848,2.1848
golden_cross_9_21,class_time_stop,unknown,17,0.47058823529411764,3.1321529411764706,53.2466
golden_cross_9_21,earnings_blackout,T1a,6,0.5,-0.48891666666666583,-2.933499999999995
golden_cross_9_21,earnings_blackout,T1c,5,0.4,0.7626999999999999,3.8134999999999994
golden_cross_9_21,earnings_blackout,T2,4,0.25,-1.5488999999999997,-6.195599999999999
golden_cross_9_21,earnings_blackout,T3,1,1.0,9.8346,9.8346
golden_cross_9_21,earnings_blackout,unknown,17,0.35294117647058826,1.9279294117647054,32.77479999999999
golden_cross_9_21,fixed_4r_2r,T1a,6,0.6666666666666666,4.792183333333333,28.753099999999996
golden_cross_9_21,fixed_4r_2r,T1c,5,0.4,0.1687199999999997,0.8435999999999986
golden_cross_9_21,fixed_4r_2r,T2,4,0.25,-1.3916749999999993,-5.566699999999997
golden_cross_9_21,fixed_4r_2r,T3,1,1.0,13.7778,13.7778
golden_cross_9_21,fixed_4r_2r,unknown,17,0.29411764705882354,-2.9131705882352943,-49.523900000000005
golden_cross_9_21,hybrid_50pct_target,T1a,6,0.6666666666666666,1.5896166666666662,9.537699999999997
golden_cross_9_21,hybrid_50pct_target,T1c,5,0.6,4.1321,20.660500000000003
golden_cross_9_21,hybrid_50pct_target,T2,4,0.25,-5.918775,-23.6751
golden_cross_9_21,hybrid_50pct_target,T3,1,1.0,6.4171,6.4171
golden_cross_9_21,hybrid_50pct_target,unknown,17,0.4117647058823529,0.16016470588235296,2.7228000000000003
golden_cross_9_21,ma_exit_ema9,T1a,6,0.8333333333333334,6.682849999999999,40.0971
golden_cross_9_21,ma_exit_ema9,T1c,5,0.0,-5.6349800000000005,-28.1749
golden_cross_9_21,ma_exit_ema9,T2,4,0.0,-2.8363500000000004,-11.345400000000001
golden_cross_9_21,ma_exit_ema9,T3,1,0.0,-1.8611,-1.8611
golden_cross_9_21,ma_exit_ema9,unknown,17,0.23529411764705882,2.4675176470588234,41.947799999999994
golden_cross_9_21,mfe_lockin_trail,T1a,6,0.3333333333333333,0.013516666666666658,0.08109999999999995
golden_cross_9_21,mfe_lockin_trail,T1c,5,0.0,-3.7933399999999997,-18.9667
golden_cross_9_21,mfe_lockin_trail,T2,4,0.0,-2.315625,-9.2625
golden_cross_9_21,mfe_lockin_trail,T3,1,1.0,4.3267,4.3267
golden_cross_9_21,mfe_lockin_trail,unknown,17,0.29411764705882354,-0.7318529411764705,-12.441499999999998
golden_cross_9_21,multi_tier_partial,T1a,6,0.8333333333333334,0.6954166666666666,4.172499999999999
golden_cross_9_21,multi_tier_partial,T1c,5,0.2,-2.83078,-14.1539
golden_cross_9_21,multi_tier_partial,T2,4,0.25,-1.034175,-4.1367
golden_cross_9_21,multi_tier_partial,T3,1,1.0,4.606,4.606
golden_cross_9_21,multi_tier_partial,unknown,17,0.5882352941176471,0.6532647058823529,11.1055
golden_cross_9_21,next_pivot_target,T1a,6,0.6666666666666666,1.9957500000000001,11.9745
golden_cross_9_21,next_pivot_target,T1c,5,0.6,0.2207200000000004,1.103600000000002
golden_cross_9_21,next_pivot_target,T2,4,0.5,-4.0494,-16.1976
golden_cross_9_21,next_pivot_target,T3,1,1.0,10.3333,10.3333
golden_cross_9_21,next_pivot_target,unknown,17,0.5294117647058824,0.8631176470588234,14.672999999999998
golden_cross_9_21,r_multiple_2r,T1a,6,0.8333333333333334,3.5022333333333333,21.0134
golden_cross_9_21,r_multiple_2r,T1c,5,0.2,-2.2859000000000003,-11.4295
golden_cross_9_21,r_multiple_2r,T2,4,0.25,-0.5002499999999999,-2.0009999999999994
golden_cross_9_21,r_multiple_2r,T3,1,1.0,6.8889,6.8889
golden_cross_9_21,r_multiple_2r,unknown,17,0.23529411764705882,-1.765264705882353,-30.0095
golden_cross_9_21,r_multiple_3r,T1a,6,0.6666666666666666,4.1593333333333335,24.956
golden_cross_9_21,r_multiple_3r,T1c,5,0.2,-1.4300599999999999,-7.1503
golden_cross_9_21,r_multiple_3r,T2,4,0.25,0.6296750000000002,2.518700000000001
golden_cross_9_21,r_multiple_3r,T3,1,1.0,10.3333,10.3333
golden_cross_9_21,r_multiple_3r,unknown,17,0.17647058823529413,-2.272464705882353,-38.6319
golden_cross_9_21,regime_flip,T1a,6,0.6666666666666666,4.247233333333333,25.4834
golden_cross_9_21,regime_flip,T1c,5,0.8,6.785939999999999,33.9297
golden_cross_9_21,regime_flip,T2,4,0.25,-7.61025,-30.441
golden_cross_9_21,regime_flip,T3,1,1.0,8.4406,8.4406
golden_cross_9_21,regime_flip,unknown,17,0.4117647058823529,3.5456647058823525,60.27629999999999
golden_cross_9_21,reverse_signal,T1a,6,0.3333333333333333,-0.042933333333333344,-0.25760000000000005
golden_cross_9_21,reverse_signal,T1c,5,0.0,-3.7933399999999997,-18.9667
golden_cross_9_21,reverse_signal,T2,4,0.0,-2.315625,-9.2625
golden_cross_9_21,reverse_signal,T3,1,1.0,3.4847,3.4847
golden_cross_9_21,reverse_signal,unknown,17,0.29411764705882354,0.0826588235294118,1.4052000000000007
golden_cross_9_21,smc_mitigation_zone,T1a,6,0.3333333333333333,-0.042933333333333344,-0.25760000000000005
golden_cross_9_21,smc_mitigation_zone,T1c,5,0.0,-3.7933399999999997,-18.9667
golden_cross_9_21,smc_mitigation_zone,T2,4,0.0,-2.315625,-9.2625
golden_cross_9_21,smc_mitigation_zone,T3,1,1.0,3.4847,3.4847
golden_cross_9_21,smc_mitigation_zone,unknown,17,0.29411764705882354,0.0826588235294118,1.4052000000000007
golden_cross_9_21,time_stop_10d,T1a,6,0.8333333333333334,7.273033333333333,43.6382
golden_cross_9_21,time_stop_10d,T1c,5,0.4,-1.2308999999999999,-6.1545
golden_cross_9_21,time_stop_10d,T2,4,0.0,-5.798525,-23.1941
golden_cross_9_21,time_stop_10d,T3,1,1.0,0.9608,0.9608
golden_cross_9_21,time_stop_10d,unknown,17,0.47058823529411764,1.3130941176470587,22.322599999999998
golden_cross_9_21,time_stop_20d,T1a,6,0.6666666666666666,4.247233333333333,25.4834
golden_cross_9_21,time_stop_20d,T1c,5,0.8,6.785939999999999,33.9297
golden_cross_9_21,time_stop_20d,T2,4,0.25,-7.61025,-30.441
golden_cross_9_21,time_stop_20d,T3,1,1.0,8.4406,8.4406
golden_cross_9_21,time_stop_20d,unknown,17,0.4117647058823529,3.5456647058823525,60.27629999999999
golden_cross_9_21,trailing_10pct,T1a,6,0.5,2.1369000000000002,12.821400000000002
golden_cross_9_21,trailing_10pct,T1c,5,0.4,-0.13868000000000005,-0.6934000000000002
golden_cross_9_21,trailing_10pct,T2,4,0.0,-6.67455,-26.6982
golden_cross_9_21,trailing_10pct,T3,1,1.0,2.501,2.501
golden_cross_9_21,trailing_10pct,unknown,17,0.29411764705882354,-1.7473882352941175,-29.705599999999997
golden_cross_9_21,trailing_15pct,T1a,6,0.3333333333333333,1.2993000000000006,7.795800000000003
golden_cross_9_21,trailing_15pct,T1c,5,0.2,-0.6115599999999997,-3.0577999999999985
golden_cross_9_21,trailing_15pct,T2,4,0.25,-8.506475,-34.0259
golden_cross_9_21,trailing_15pct,T3,1,0.0,-1.9308,-1.9308
golden_cross_9_21,trailing_15pct,unknown,17,0.29411764705882354,-4.424458823529412,-75.2158
golden_cross_9_21,trailing_5pct,T1a,6,0.8333333333333334,5.9723,35.8338
golden_cross_9_21,trailing_5pct,T1c,5,0.0,-3.04268,-15.2134
golden_cross_9_21,trailing_5pct,T2,4,0.0,-3.64595,-14.5838
golden_cross_9_21,trailing_5pct,T3,1,1.0,2.2919,2.2919
golden_cross_9_21,trailing_5pct,unknown,17,0.23529411764705882,-1.5524235294117645,-26.391199999999998
htf_aligned_breakout_long,atr_trail_1x,T1ETF,2,0.5,-0.8142499999999999,-1.6284999999999998
htf_aligned_breakout_long,atr_trail_1x,T1a,4,0.25,-2.330975,-9.3239
htf_aligned_breakout_long,atr_trail_1x,T1c,1,0.0,-5.3004,-5.3004
htf_aligned_breakout_long,atr_trail_1x,T2,5,0.2,-2.6828600000000002,-13.4143
htf_aligned_breakout_long,atr_trail_1x,T3,2,0.5,2.03995,4.0799
htf_aligned_breakout_long,atr_trail_1x,unknown,23,0.08695652173913043,-2.103830434782609,-48.3881
htf_aligned_breakout_long,atr_trail_2x,T1ETF,2,0.0,-1.3193,-2.6386
htf_aligned_breakout_long,atr_trail_2x,T1a,4,0.25,-2.368525,-9.4741
htf_aligned_breakout_long,atr_trail_2x,T1c,1,0.0,-10.6009,-10.6009
htf_aligned_breakout_long,atr_trail_2x,T2,5,0.4,-3.9114599999999995,-19.557299999999998
htf_aligned_breakout_long,atr_trail_2x,T3,2,1.0,0.3518,0.7036
htf_aligned_breakout_long,atr_trail_2x,unknown,23,0.30434782608695654,-0.4230956521739131,-9.731200000000001
htf_aligned_breakout_long,atr_trail_mae_conditional,T1ETF,2,0.5,-0.8142499999999999,-1.6284999999999998
htf_aligned_breakout_long,atr_trail_mae_conditional,T1a,4,0.25,-2.330975,-9.3239
htf_aligned_breakout_long,atr_trail_mae_conditional,T1c,1,0.0,-5.3004,-5.3004
htf_aligned_breakout_long,atr_trail_mae_conditional,T2,5,0.2,-2.6828600000000002,-13.4143
htf_aligned_breakout_long,atr_trail_mae_conditional,T3,2,0.5,2.03995,4.0799
htf_aligned_breakout_long,atr_trail_mae_conditional,unknown,23,0.08695652173913043,-2.103830434782609,-48.3881
htf_aligned_breakout_long,atr_trail_vix_conditional,T1ETF,2,0.5,-1.10765,-2.2153
htf_aligned_breakout_long,atr_trail_vix_conditional,T1a,4,0.25,-1.5144250000000001,-6.0577000000000005
htf_aligned_breakout_long,atr_trail_vix_conditional,T1c,1,0.0,-5.3004,-5.3004
htf_aligned_breakout_long,atr_trail_vix_conditional,T2,5,0.2,-2.6828600000000002,-13.4143
htf_aligned_breakout_long,atr_trail_vix_conditional,T3,2,1.0,4.06945,8.1389
htf_aligned_breakout_long,atr_trail_vix_conditional,unknown,23,0.043478260869565216,-2.841095652173913,-65.34519999999999
htf_aligned_breakout_long,break_even_at_1r,T1ETF,2,0.0,-1.11805,-2.2361
htf_aligned_breakout_long,break_even_at_1r,T1a,4,0.0,-2.7771749999999997,-11.108699999999999
htf_aligned_breakout_long,break_even_at_1r,T1c,1,0.0,-5.3004,-5.3004
htf_aligned_breakout_long,break_even_at_1r,T2,5,0.0,-2.7911799999999998,-13.9559
htf_aligned_breakout_long,break_even_at_1r,T3,2,0.5,1.0203,2.0406
htf_aligned_breakout_long,break_even_at_1r,unknown,23,0.17391304347826086,1.293904347826087,29.759800000000002
htf_aligned_breakout_long,breakeven_plus_trail,T1ETF,2,0.0,0.0,0.0
htf_aligned_breakout_long,breakeven_plus_trail,T1a,4,0.5,2.181475,8.7259
htf_aligned_breakout_long,breakeven_plus_trail,T1c,1,0.0,-10.6009,-10.6009
htf_aligned_breakout_long,breakeven_plus_trail,T2,5,0.4,0.9299600000000003,4.649800000000002
htf_aligned_breakout_long,breakeven_plus_trail,T3,2,1.0,13.4454,26.8908
htf_aligned_breakout_long,breakeven_plus_trail,unknown,23,0.43478260869565216,3.834313043478261,88.1892
htf_aligned_breakout_long,chandelier_3x,T1ETF,2,0.0,-1.333,-2.666
htf_aligned_breakout_long,chandelier_3x,T1a,4,0.5,0.21867499999999995,0.8746999999999998
htf_aligned_breakout_long,chandelier_3x,T1c,1,0.0,-10.3324,-10.3324
htf_aligned_breakout_long,chandelier_3x,T2,5,0.2,-2.39114,-11.9557
htf_aligned_breakout_long,chandelier_3x,T3,2,1.0,92.73745,185.4749
htf_aligned_breakout_long,chandelier_3x,unknown,23,0.34782608695652173,1.0230521739130434,23.530199999999997
htf_aligned_breakout_long,class_time_stop,T1ETF,2,1.0,7.18805,14.3761
htf_aligned_breakout_long,class_time_stop,T1a,4,0.5,-2.9217,-11.6868
htf_aligned_breakout_long,class_time_stop,T1c,1,0.0,-15.0096,-15.0096
htf_aligned_breakout_long,class_time_stop,T2,5,0.4,-7.939539999999999,-39.6977
htf_aligned_breakout_long,class_time_stop,T3,2,1.0,141.6407,283.2814
htf_aligned_breakout_long,class_time_stop,unknown,23,0.391304347826087,5.223547826086957,120.14160000000001
htf_aligned_breakout_long,earnings_blackout,T1ETF,2,1.0,90.7142,181.4284
htf_aligned_breakout_long,earnings_blackout,T1a,4,0.5,-4.9719750000000005,-19.887900000000002
htf_aligned_breakout_long,earnings_blackout,T1c,1,0.0,-4.2885,-4.2885
htf_aligned_breakout_long,earnings_blackout,T2,5,0.4,-6.80068,-34.0034
htf_aligned_breakout_long,earnings_blackout,T3,2,1.0,23.11825,46.2365
htf_aligned_breakout_long,earnings_blackout,unknown,23,0.5652173913043478,23.284008695652172,535.5322
htf_aligned_breakout_long,fixed_4r_2r,T1ETF,2,0.0,-6.571400000000001,-13.142800000000001
htf_aligned_breakout_long,fixed_4r_2r,T1a,4,0.5,3.5676499999999995,14.270599999999998
htf_aligned_breakout_long,fixed_4r_2r,T1c,1,0.0,-10.6009,-10.6009
htf_aligned_breakout_long,fixed_4r_2r,T2,5,0.4,0.6860800000000002,3.4304000000000014
htf_aligned_breakout_long,fixed_4r_2r,T3,2,1.0,25.7274,51.4548
htf_aligned_breakout_long,fixed_4r_2r,unknown,23,0.43478260869565216,2.7085173913043477,62.295899999999996
htf_aligned_breakout_long,hybrid_50pct_target,T1ETF,2,1.0,20.31635,40.6327
htf_aligned_breakout_long,hybrid_50pct_target,T1a,4,0.5,-1.099875,-4.3995
htf_aligned_breakout_long,hybrid_50pct_target,T1c,1,0.0,-10.0,-10.0
htf_aligned_breakout_long,hybrid_50pct_target,T2,5,0.4,-2.91506,-14.5753
htf_aligned_breakout_long,hybrid_50pct_target,T3,2,1.0,8.7982,17.5964
htf_aligned_breakout_long,hybrid_50pct_target,unknown,23,0.4782608695652174,1.4525565217391303,33.4088
htf_aligned_breakout_long,ma_exit_ema9,T1ETF,2,0.0,-2.7775,-5.555
htf_aligned_breakout_long,ma_exit_ema9,T1a,4,0.25,1.62775,6.511
htf_aligned_breakout_long,ma_exit_ema9,T1c,1,0.0,-2.4304,-2.4304
htf_aligned_breakout_long,ma_exit_ema9,T2,5,0.4,-1.60988,-8.0494
htf_aligned_breakout_long,ma_exit_ema9,T3,2,1.0,72.441,144.882
htf_aligned_breakout_long,ma_exit_ema9,unknown,23,0.2608695652173913,1.049986956521739,24.1497
htf_aligned_breakout_long,mfe_lockin_trail,T1ETF,2,1.0,2.2523,4.5046
htf_aligned_breakout_long,mfe_lockin_trail,T1a,4,0.25,-2.330975,-9.3239
htf_aligned_breakout_long,mfe_lockin_trail,T1c,1,0.0,-5.3004,-5.3004
htf_aligned_breakout_long,mfe_lockin_trail,T2,5,0.2,-2.6828600000000002,-13.4143
htf_aligned_breakout_long,mfe_lockin_trail,T3,2,0.5,4.47185,8.9437
htf_aligned_breakout_long,mfe_lockin_trail,unknown,23,0.13043478260869565,-1.8645782608695654,-42.8853
htf_aligned_breakout_long,multi_tier_partial,T1ETF,2,1.0,2.2054,4.4108
htf_aligned_breakout_long,multi_tier_partial,T1a,4,0.25,-2.17995,-8.7198
htf_aligned_breakout_long,multi_tier_partial,T1c,1,0.0,-5.3004,-5.3004
htf_aligned_breakout_long,multi_tier_partial,T2,5,0.4,-1.2482199999999999,-6.241099999999999
htf_aligned_breakout_long,multi_tier_partial,T3,2,1.0,5.0057,10.0114
htf_aligned_breakout_long,multi_tier_partial,unknown,23,0.34782608695652173,-1.380782608695652,-31.758
htf_aligned_breakout_long,next_pivot_target,T1ETF,2,0.0,-6.571400000000001,-13.142800000000001
htf_aligned_breakout_long,next_pivot_target,T1a,4,1.0,5.573675,22.2947
htf_aligned_breakout_long,next_pivot_target,T1c,1,1.0,0.4225,0.4225
htf_aligned_breakout_long,next_pivot_target,T2,5,1.0,0.9388400000000001,4.6942
htf_aligned_breakout_long,next_pivot_target,T3,2,1.0,18.92295,37.8459
htf_aligned_breakout_long,next_pivot_target,unknown,23,0.6521739130434783,3.9236913043478263,90.2449
htf_aligned_breakout_long,r_multiple_2r,T1ETF,2,1.0,6.571400000000001,13.142800000000001
htf_aligned_breakout_long,r_multiple_2r,T1a,4,0.25,-1.2351,-4.9404
htf_aligned_breakout_long,r_multiple_2r,T1c,1,0.0,-5.3004,-5.3004
htf_aligned_breakout_long,r_multiple_2r,T2,5,0.2,-2.64934,-13.2467
htf_aligned_breakout_long,r_multiple_2r,T3,2,1.0,11.7309,23.4618
htf_aligned_breakout_long,r_multiple_2r,unknown,23,0.30434782608695654,-0.7465217391304347,-17.169999999999998
htf_aligned_breakout_long,r_multiple_3r,T1ETF,2,0.0,-3.2857000000000003,-6.571400000000001
htf_aligned_breakout_long,r_multiple_3r,T1a,4,0.0,-3.5482,-14.1928
htf_aligned_breakout_long,r_multiple_3r,T1c,1,0.0,-5.3004,-5.3004
htf_aligned_breakout_long,r_multiple_3r,T2,5,0.2,-2.1357,-10.6785
htf_aligned_breakout_long,r_multiple_3r,T3,2,1.0,18.92295,37.8459
htf_aligned_breakout_long,r_multiple_3r,unknown,23,0.2608695652173913,0.9520478260869565,21.8971
htf_aligned_breakout_long,regime_flip,T1ETF,2,1.0,5.1549499999999995,10.309899999999999
htf_aligned_breakout_long,regime_flip,T1a,4,0.75,2.1104,8.4416
htf_aligned_breakout_long,regime_flip,T1c,1,0.0,-12.4637,-12.4637
htf_aligned_breakout_long,regime_flip,T2,5,0.2,-8.80608,-44.0304
htf_aligned_breakout_long,regime_flip,T3,2,1.0,77.31854999999999,154.63709999999998
htf_aligned_breakout_long,regime_flip,unknown,23,0.4782608695652174,1.1469869565217394,26.380700000000008
htf_aligned_breakout_long,reverse_signal,T1ETF,2,0.5,-0.8142499999999999,-1.6284999999999998
htf_aligned_breakout_long,reverse_signal,T1a,4,0.25,-2.330975,-9.3239
htf_aligned_breakout_long,reverse_signal,T1c,1,0.0,-5.3004,-5.3004
htf_aligned_breakout_long,reverse_signal,T2,5,0.2,-2.6828600000000002,-13.4143
htf_aligned_breakout_long,reverse_signal,T3,2,0.5,2.03995,4.0799
htf_aligned_breakout_long,reverse_signal,unknown,23,0.08695652173913043,-2.103830434782609,-48.3881
htf_aligned_breakout_long,smc_mitigation_zone,T1ETF,2,0.5,-0.8142499999999999,-1.6284999999999998
htf_aligned_breakout_long,smc_mitigation_zone,T1a,4,0.25,-2.330975,-9.3239
htf_aligned_breakout_long,smc_mitigation_zone,T1c,1,0.0,-5.3004,-5.3004
htf_aligned_breakout_long,smc_mitigation_zone,T2,5,0.2,-2.6828600000000002,-13.4143
htf_aligned_breakout_long,smc_mitigation_zone,T3,2,0.5,2.03995,4.0799
htf_aligned_breakout_long,smc_mitigation_zone,unknown,23,0.08695652173913043,-2.103830434782609,-48.3881
htf_aligned_breakout_long,time_stop_10d,T1ETF,2,0.5,1.9562000000000002,3.9124000000000003
htf_aligned_breakout_long,time_stop_10d,T1a,4,0.25,0.3661500000000002,1.4646000000000008
htf_aligned_breakout_long,time_stop_10d,T1c,1,0.0,-15.3061,-15.3061
htf_aligned_breakout_long,time_stop_10d,T2,5,0.6,-0.17311999999999989,-0.8655999999999994
htf_aligned_breakout_long,time_stop_10d,T3,2,1.0,23.05285,46.1057
htf_aligned_breakout_long,time_stop_10d,unknown,23,0.34782608695652173,3.8284260869565214,88.0538
htf_aligned_breakout_long,time_stop_20d,T1ETF,2,1.0,5.1549499999999995,10.309899999999999
htf_aligned_breakout_long,time_stop_20d,T1a,4,0.75,2.1104,8.4416
htf_aligned_breakout_long,time_stop_20d,T1c,1,0.0,-12.4637,-12.4637
htf_aligned_breakout_long,time_stop_20d,T2,5,0.2,-8.80608,-44.0304
htf_aligned_breakout_long,time_stop_20d,T3,2,1.0,77.31854999999999,154.63709999999998
htf_aligned_breakout_long,time_stop_20d,unknown,23,0.4782608695652174,1.1469869565217394,26.380700000000008
htf_aligned_breakout_long,trailing_10pct,T1ETF,2,0.0,-5.93445,-11.8689
htf_aligned_breakout_long,trailing_10pct,T1a,4,0.5,0.4746999999999999,1.8987999999999996
htf_aligned_breakout_long,trailing_10pct,T1c,1,0.0,-10.0,-10.0
htf_aligned_breakout_long,trailing_10pct,T2,5,0.4,-0.273,-1.3650000000000002
htf_aligned_breakout_long,trailing_10pct,T3,2,1.0,1.66415,3.3283
htf_aligned_breakout_long,trailing_10pct,unknown,23,0.30434782608695654,-0.1700652173913045,-3.9115000000000038
htf_aligned_breakout_long,trailing_15pct,T1ETF,2,1.0,52.24305,104.4861
htf_aligned_breakout_long,trailing_15pct,T1a,4,0.25,-5.1072500000000005,-20.429000000000002
htf_aligned_breakout_long,trailing_15pct,T1c,1,0.0,-15.0,-15.0
htf_aligned_breakout_long,trailing_15pct,T2,5,0.4,12.410720000000001,62.0536
htf_aligned_breakout_long,trailing_15pct,T3,2,1.0,91.66375,183.3275
htf_aligned_breakout_long,trailing_15pct,unknown,23,0.391304347826087,-0.447791304347826,-10.299199999999997
htf_aligned_breakout_long,trailing_5pct,T1ETF,2,0.0,-1.3226,-2.6452
htf_aligned_breakout_long,trailing_5pct,T1a,4,0.5,-2.34185,-9.3674
htf_aligned_breakout_long,trailing_5pct,T1c,1,0.0,-5.0791,-5.0791
htf_aligned_breakout_long,trailing_5pct,T2,5,0.2,-3.15982,-15.7991
htf_aligned_breakout_long,trailing_5pct,T3,2,0.5,2.9173,5.8346
htf_aligned_breakout_long,trailing_5pct,unknown,23,0.13043478260869565,-0.4193695652173915,-9.645500000000004
htf_aligned_breakout_short,atr_trail_1x,T1ETF,2,0.5,0.22865000000000002,0.45730000000000004
htf_aligned_breakout_short,atr_trail_1x,T1a,21,0.3333333333333333,-0.1651619047619048,-3.4684000000000004
htf_aligned_breakout_short,atr_trail_1x,T1c,1,1.0,12.3451,12.3451
htf_aligned_breakout_short,atr_trail_1x,T2,16,0.0625,-2.97473125,-47.5957
htf_aligned_breakout_short,atr_trail_1x,T3,1,1.0,4.1685,4.1685
htf_aligned_breakout_short,atr_trail_1x,unknown,25,0.24,-1.5777359999999998,-39.4434
htf_aligned_breakout_short,atr_trail_2x,T1ETF,2,0.5,1.0050000000000001,2.0100000000000002
htf_aligned_breakout_short,atr_trail_2x,T1a,21,0.2857142857142857,-2.0387333333333335,-42.8134
htf_aligned_breakout_short,atr_trail_2x,T1c,1,1.0,10.3221,10.3221
htf_aligned_breakout_short,atr_trail_2x,T2,16,0.1875,-4.2985,-68.776
htf_aligned_breakout_short,atr_trail_2x,T3,1,1.0,15.519,15.519
htf_aligned_breakout_short,atr_trail_2x,unknown,25,0.44,-0.6279079999999996,-15.69769999999999
htf_aligned_breakout_short,atr_trail_mae_conditional,T1ETF,2,0.5,0.22865000000000002,0.45730000000000004
htf_aligned_breakout_short,atr_trail_mae_conditional,T1a,21,0.3333333333333333,-0.1651619047619048,-3.4684000000000004
htf_aligned_breakout_short,atr_trail_mae_conditional,T1c,1,1.0,12.3451,12.3451
htf_aligned_breakout_short,atr_trail_mae_conditional,T2,16,0.0625,-2.97473125,-47.5957
htf_aligned_breakout_short,atr_trail_mae_conditional,T3,1,1.0,4.1685,4.1685
htf_aligned_breakout_short,atr_trail_mae_conditional,unknown,25,0.24,-1.5777359999999998,-39.4434
htf_aligned_breakout_short,atr_trail_vix_conditional,T1ETF,2,0.5,-0.14090000000000003,-0.28180000000000005
htf_aligned_breakout_short,atr_trail_vix_conditional,T1a,21,0.2857142857142857,-0.9497333333333334,-19.9444
htf_aligned_breakout_short,atr_trail_vix_conditional,T1c,1,1.0,12.3451,12.3451
htf_aligned_breakout_short,atr_trail_vix_conditional,T2,16,0.125,-4.157375,-66.518
htf_aligned_breakout_short,atr_trail_vix_conditional,T3,1,1.0,18.5444,18.5444
htf_aligned_breakout_short,atr_trail_vix_conditional,unknown,25,0.36,0.5433160000000001,13.582900000000002
htf_aligned_breakout_short,break_even_at_1r,T1ETF,2,0.5,-0.5458000000000001,-1.0916000000000001
htf_aligned_breakout_short,break_even_at_1r,T1a,21,0.19047619047619047,-0.2557047619047618,-5.369799999999999
htf_aligned_breakout_short,break_even_at_1r,T1c,1,1.0,12.1226,12.1226
htf_aligned_breakout_short,break_even_at_1r,T2,16,0.0,-3.1399875,-50.2398
htf_aligned_breakout_short,break_even_at_1r,T3,1,1.0,19.5102,19.5102
htf_aligned_breakout_short,break_even_at_1r,unknown,25,0.28,-0.6231279999999999,-15.578199999999997
htf_aligned_breakout_short,breakeven_plus_trail,T1ETF,2,0.5,-1.345,-2.69
htf_aligned_breakout_short,breakeven_plus_trail,T1a,21,0.2857142857142857,2.388147619047619,50.1511
htf_aligned_breakout_short,breakeven_plus_trail,T1c,1,1.0,19.5361,19.5361
htf_aligned_breakout_short,breakeven_plus_trail,T2,16,0.25,0.10580624999999982,1.6928999999999972
htf_aligned_breakout_short,breakeven_plus_trail,T3,1,1.0,20.3828,20.3828
htf_aligned_breakout_short,breakeven_plus_trail,unknown,25,0.56,3.8342560000000003,95.85640000000001
htf_aligned_breakout_short,chandelier_3x,T1ETF,2,0.5,0.022850000000000037,0.045700000000000074
htf_aligned_breakout_short,chandelier_3x,T1a,21,0.2857142857142857,-1.847157142857143,-38.7903
htf_aligned_breakout_short,chandelier_3x,T1c,1,1.0,9.808,9.808
htf_aligned_breakout_short,chandelier_3x,T2,16,0.1875,-5.2463375,-83.9414
htf_aligned_breakout_short,chandelier_3x,T3,1,1.0,9.626,9.626
htf_aligned_breakout_short,chandelier_3x,unknown,25,0.32,-3.1670439999999997,-79.17609999999999
htf_aligned_breakout_short,class_time_stop,T1ETF,2,0.5,-2.9309000000000003,-5.861800000000001
htf_aligned_breakout_short,class_time_stop,T1a,21,0.38095238095238093,-1.5651809523809521,-32.86879999999999
htf_aligned_breakout_short,class_time_stop,T1c,1,1.0,13.0372,13.0372
htf_aligned_breakout_short,class_time_stop,T2,16,0.375,-3.09524375,-49.5239
htf_aligned_breakout_short,class_time_stop,T3,1,1.0,22.5101,22.5101
htf_aligned_breakout_short,class_time_stop,unknown,25,0.56,0.8930040000000004,22.32510000000001
htf_aligned_breakout_short,earnings_blackout,T1ETF,2,0.0,-85.39160000000001,-170.78320000000002
htf_aligned_breakout_short,earnings_blackout,T1a,21,0.42857142857142855,-1.0778238095238095,-22.6343
htf_aligned_breakout_short,earnings_blackout,T1c,1,1.0,13.4352,13.4352
htf_aligned_breakout_short,earnings_blackout,T2,16,0.375,-7.74956875,-123.9931
htf_aligned_breakout_short,earnings_blackout,T3,1,1.0,2.9666,2.9666
htf_aligned_breakout_short,earnings_blackout,unknown,25,0.52,-0.3444880000000002,-8.612200000000005
htf_aligned_breakout_short,fixed_4r_2r,T1ETF,2,0.5,2.30605,4.6121
htf_aligned_breakout_short,fixed_4r_2r,T1a,21,0.23809523809523808,-1.3897904761904758,-29.185599999999994
htf_aligned_breakout_short,fixed_4r_2r,T1c,1,1.0,12.3451,12.3451
htf_aligned_breakout_short,fixed_4r_2r,T2,16,0.25,-3.786975,-60.5916
htf_aligned_breakout_short,fixed_4r_2r,T3,1,1.0,25.3256,25.3256
htf_aligned_breakout_short,fixed_4r_2r,unknown,25,0.28,-3.613692,-90.3423
htf_aligned_breakout_short,hybrid_50pct_target,T1ETF,2,0.5,-42.649750000000004,-85.29950000000001
htf_aligned_breakout_short,hybrid_50pct_target,T1a,21,0.6666666666666666,-6.725780952380954,-141.24140000000003
htf_aligned_breakout_short,hybrid_50pct_target,T1c,1,1.0,10.1434,10.1434
htf_aligned_breakout_short,hybrid_50pct_target,T2,16,0.6875,-12.513087500000001,-200.20940000000002
htf_aligned_breakout_short,hybrid_50pct_target,T3,1,1.0,19.2522,19.2522
htf_aligned_breakout_short,hybrid_50pct_target,unknown,25,0.6,-59.678624,-1491.9656
htf_aligned_breakout_short,ma_exit_ema9,T1ETF,2,0.5,0.11690000000000023,0.23380000000000045
htf_aligned_breakout_short,ma_exit_ema9,T1a,21,0.38095238095238093,-0.39061904761904753,-8.202999999999998
htf_aligned_breakout_short,ma_exit_ema9,T1c,1,1.0,18.5012,18.5012
htf_aligned_breakout_short,ma_exit_ema9,T2,16,0.125,-4.380675,-70.0908
htf_aligned_breakout_short,ma_exit_ema9,T3,1,1.0,20.8489,20.8489
htf_aligned_breakout_short,ma_exit_ema9,unknown,25,0.48,2.251204,56.280100000000004
htf_aligned_breakout_short,mfe_lockin_trail,T1ETF,2,0.5,0.22865000000000002,0.45730000000000004
htf_aligned_breakout_short,mfe_lockin_trail,T1a,21,0.3333333333333333,-0.03109999999999999,-0.6530999999999998
htf_aligned_breakout_short,mfe_lockin_trail,T1c,1,1.0,12.3451,12.3451
htf_aligned_breakout_short,mfe_lockin_trail,T2,16,0.0625,-2.97473125,-47.5957
htf_aligned_breakout_short,mfe_lockin_trail,T3,1,1.0,4.1685,4.1685
htf_aligned_breakout_short,mfe_lockin_trail,unknown,25,0.24,-1.4886719999999998,-37.21679999999999
htf_aligned_breakout_short,multi_tier_partial,T1ETF,2,0.5,0.5195000000000001,1.0390000000000001
htf_aligned_breakout_short,multi_tier_partial,T1a,21,0.5714285714285714,0.45683333333333326,9.593499999999999
htf_aligned_breakout_short,multi_tier_partial,T1c,1,1.0,6.8365,6.8365
htf_aligned_breakout_short,multi_tier_partial,T2,16,0.375,-2.5497875,-40.7966
htf_aligned_breakout_short,multi_tier_partial,T3,1,1.0,4.8895,4.8895
htf_aligned_breakout_short,multi_tier_partial,unknown,25,0.4,-1.098892,-27.472299999999997
htf_aligned_breakout_short,next_pivot_target,T1ETF,2,0.5,1.3992000000000002,2.7984000000000004
htf_aligned_breakout_short,next_pivot_target,T1a,21,0.5238095238095238,-1.136095238095238,-23.858
htf_aligned_breakout_short,next_pivot_target,T1c,1,1.0,0.0044,0.0044
htf_aligned_breakout_short,next_pivot_target,T2,16,0.5,-1.63109375,-26.0975
htf_aligned_breakout_short,next_pivot_target,T3,1,1.0,2.2439,2.2439
htf_aligned_breakout_short,next_pivot_target,unknown,25,0.56,-0.5777959999999998,-14.444899999999995
htf_aligned_breakout_short,r_multiple_2r,T1ETF,2,0.5,1.153,2.306
htf_aligned_breakout_short,r_multiple_2r,T1a,21,0.38095238095238093,1.191652380952381,25.0247
htf_aligned_breakout_short,r_multiple_2r,T1c,1,1.0,12.3451,12.3451
htf_aligned_breakout_short,r_multiple_2r,T2,16,0.125,-3.12489375,-49.9983
htf_aligned_breakout_short,r_multiple_2r,T3,1,1.0,12.6628,12.6628
htf_aligned_breakout_short,r_multiple_2r,unknown,25,0.36,0.9127360000000002,22.818400000000004
htf_aligned_breakout_short,r_multiple_3r,T1ETF,2,0.5,2.1984000000000004,4.396800000000001
htf_aligned_breakout_short,r_multiple_3r,T1a,21,0.19047619047619047,-0.9287238095238095,-19.5032
htf_aligned_breakout_short,r_multiple_3r,T1c,1,1.0,12.3451,12.3451
htf_aligned_breakout_short,r_multiple_3r,T2,16,0.0625,-3.35925625,-53.7481
htf_aligned_breakout_short,r_multiple_3r,T3,1,1.0,18.9942,18.9942
htf_aligned_breakout_short,r_multiple_3r,unknown,25,0.28,0.30436800000000036,7.609200000000008
htf_aligned_breakout_short,regime_flip,T1ETF,2,0.5,0.9124499999999998,1.8248999999999995
htf_aligned_breakout_short,regime_flip,T1a,21,0.47619047619047616,-1.6792142857142858,-35.2635
htf_aligned_breakout_short,regime_flip,T1c,1,1.0,9.9976,9.9976
htf_aligned_breakout_short,regime_flip,T2,16,0.5625,-1.04635625,-16.7417
htf_aligned_breakout_short,regime_flip,T3,1,1.0,11.7319,11.7319
htf_aligned_breakout_short,regime_flip,unknown,25,0.56,1.5894,39.735
htf_aligned_breakout_short,reverse_signal,T1ETF,2,0.5,0.22865000000000002,0.45730000000000004
htf_aligned_breakout_short,reverse_signal,T1a,21,0.3333333333333333,-0.1651619047619048,-3.4684000000000004
htf_aligned_breakout_short,reverse_signal,T1c,1,1.0,12.3451,12.3451
htf_aligned_breakout_short,reverse_signal,T2,16,0.0625,-2.97473125,-47.5957
htf_aligned_breakout_short,reverse_signal,T3,1,1.0,4.1685,4.1685
htf_aligned_breakout_short,reverse_signal,unknown,25,0.24,-1.5777359999999998,-39.4434
htf_aligned_breakout_short,smc_mitigation_zone,T1ETF,2,0.5,0.22865000000000002,0.45730000000000004
htf_aligned_breakout_short,smc_mitigation_zone,T1a,21,0.3333333333333333,-0.1651619047619048,-3.4684000000000004
htf_aligned_breakout_short,smc_mitigation_zone,T1c,1,1.0,12.3451,12.3451
htf_aligned_breakout_short,smc_mitigation_zone,T2,16,0.0625,-2.97473125,-47.5957
htf_aligned_breakout_short,smc_mitigation_zone,T3,1,1.0,4.1685,4.1685
htf_aligned_breakout_short,smc_mitigation_zone,unknown,25,0.24,-1.5777359999999998,-39.4434
htf_aligned_breakout_short,time_stop_10d,T1ETF,2,0.5,2.0146499999999996,4.029299999999999
htf_aligned_breakout_short,time_stop_10d,T1a,21,0.38095238095238093,-1.3927857142857145,-29.248500000000003
htf_aligned_breakout_short,time_stop_10d,T1c,1,1.0,21.396,21.396
htf_aligned_breakout_short,time_stop_10d,T2,16,0.375,-3.41639375,-54.6623
htf_aligned_breakout_short,time_stop_10d,T3,1,1.0,21.3961,21.3961
htf_aligned_breakout_short,time_stop_10d,unknown,25,0.64,4.257676,106.4419
htf_aligned_breakout_short,time_stop_20d,T1ETF,2,0.5,0.9124499999999998,1.8248999999999995
htf_aligned_breakout_short,time_stop_20d,T1a,21,0.47619047619047616,-1.6792142857142858,-35.2635
htf_aligned_breakout_short,time_stop_20d,T1c,1,1.0,9.9976,9.9976
htf_aligned_breakout_short,time_stop_20d,T2,16,0.5625,-1.04635625,-16.7417
htf_aligned_breakout_short,time_stop_20d,T3,1,1.0,11.7319,11.7319
htf_aligned_breakout_short,time_stop_20d,unknown,25,0.56,1.5894,39.735
htf_aligned_breakout_short,trailing_10pct,T1ETF,2,0.5,-4.74655,-9.4931
htf_aligned_breakout_short,trailing_10pct,T1a,21,0.38095238095238093,-1.3986571428571428,-29.3718
htf_aligned_breakout_short,trailing_10pct,T1c,1,1.0,12.1226,12.1226
htf_aligned_breakout_short,trailing_10pct,T2,16,0.25,-2.6385062500000003,-42.216100000000004
htf_aligned_breakout_short,trailing_10pct,T3,1,1.0,19.5102,19.5102
htf_aligned_breakout_short,trailing_10pct,unknown,25,0.48,0.1994640000000001,4.986600000000003
htf_aligned_breakout_short,trailing_15pct,T1ETF,2,0.0,-9.530100000000001,-19.060200000000002
htf_aligned_breakout_short,trailing_15pct,T1a,21,0.2857142857142857,-0.8946714285714289,-18.788100000000007
htf_aligned_breakout_short,trailing_15pct,T1c,1,1.0,15.8787,15.8787
htf_aligned_breakout_short,trailing_15pct,T2,16,0.125,-5.530200000000001,-88.48320000000001
htf_aligned_breakout_short,trailing_15pct,T3,1,1.0,16.7638,16.7638
htf_aligned_breakout_short,trailing_15pct,unknown,25,0.48,0.15830800000000003,3.957700000000001
htf_aligned_breakout_short,trailing_5pct,T1ETF,2,0.5,-0.06789999999999985,-0.1357999999999997
htf_aligned_breakout_short,trailing_5pct,T1a,21,0.2857142857142857,-1.501047619047619,-31.522
htf_aligned_breakout_short,trailing_5pct,T1c,1,1.0,12.3451,12.3451
htf_aligned_breakout_short,trailing_5pct,T2,16,0.125,-3.345325,-53.5252
htf_aligned_breakout_short,trailing_5pct,T3,1,1.0,4.1685,4.1685
htf_aligned_breakout_short,trailing_5pct,unknown,25,0.16,-2.340916,-58.5229
hull_rsi,atr_trail_1x,T1ETF,2,0.0,-1.9335,-3.867
hull_rsi,atr_trail_1x,T1a,25,0.2,-1.67124,-41.781
hull_rsi,atr_trail_1x,T1c,7,0.5714285714285714,2.297328571428572,16.081300000000002
hull_rsi,atr_trail_1x,T2,13,0.23076923076923078,-2.112830769230769,-27.4668
hull_rsi,atr_trail_1x,T3,3,0.3333333333333333,-1.5915000000000001,-4.774500000000001
hull_rsi,atr_trail_1x,unknown,29,0.3103448275862069,-1.1103655172413793,-32.2006
hull_rsi,atr_trail_2x,T1ETF,2,0.5,-1.9585,-3.917
hull_rsi,atr_trail_2x,T1a,25,0.28,-1.7891199999999998,-44.727999999999994
hull_rsi,atr_trail_2x,T1c,7,0.7142857142857143,1.4352857142857143,10.047
hull_rsi,atr_trail_2x,T2,13,0.23076923076923078,-1.792915384615385,-23.307900000000004
hull_rsi,atr_trail_2x,T3,3,0.6666666666666666,3.887033333333333,11.6611
hull_rsi,atr_trail_2x,unknown,29,0.27586206896551724,-3.9642517241379314,-114.9633
hull_rsi,atr_trail_mae_conditional,T1ETF,2,0.0,-1.9335,-3.867
hull_rsi,atr_trail_mae_conditional,T1a,25,0.2,-1.67124,-41.781
hull_rsi,atr_trail_mae_conditional,T1c,7,0.5714285714285714,2.297328571428572,16.081300000000002
hull_rsi,atr_trail_mae_conditional,T2,13,0.23076923076923078,-2.112830769230769,-27.4668
hull_rsi,atr_trail_mae_conditional,T3,3,0.3333333333333333,-1.5915000000000001,-4.774500000000001
hull_rsi,atr_trail_mae_conditional,unknown,29,0.3103448275862069,-1.1103655172413793,-32.2006
hull_rsi,atr_trail_vix_conditional,T1ETF,2,0.0,-2.96375,-5.9275
hull_rsi,atr_trail_vix_conditional,T1a,25,0.16,-1.942516,-48.5629
hull_rsi,atr_trail_vix_conditional,T1c,7,0.2857142857142857,0.7262000000000001,5.0834
hull_rsi,atr_trail_vix_conditional,T2,13,0.23076923076923078,-1.2970384615384616,-16.8615
hull_rsi,atr_trail_vix_conditional,T3,3,0.3333333333333333,1.2701666666666664,3.8104999999999993
hull_rsi,atr_trail_vix_conditional,unknown,29,0.3448275862068966,-1.2384965517241378,-35.916399999999996
hull_rsi,break_even_at_1r,T1ETF,2,0.0,-1.9335,-3.867
hull_rsi,break_even_at_1r,T1a,25,0.08,-1.652484,-41.3121
hull_rsi,break_even_at_1r,T1c,7,0.2857142857142857,1.581942857142857,11.073599999999999
hull_rsi,break_even_at_1r,T2,13,0.15384615384615385,-1.2837153846153848,-16.6883
hull_rsi,break_even_at_1r,T3,3,0.3333333333333333,0.47073333333333284,1.4121999999999986
hull_rsi,break_even_at_1r,unknown,29,0.27586206896551724,0.4634310344827587,13.439500000000002
hull_rsi,breakeven_plus_trail,T1ETF,2,0.0,-3.24885,-6.4977
hull_rsi,breakeven_plus_trail,T1a,25,0.24,-1.599248,-39.9812
hull_rsi,breakeven_plus_trail,T1c,7,0.2857142857142857,1.9542714285714287,13.6799
hull_rsi,breakeven_plus_trail,T2,13,0.3076923076923077,0.02892307692307688,0.37599999999999945
hull_rsi,breakeven_plus_trail,T3,3,1.0,14.129233333333334,42.3877
hull_rsi,breakeven_plus_trail,unknown,29,0.4482758620689655,0.5710689655172412,16.560999999999993
hull_rsi,chandelier_3x,T1ETF,2,0.5,-0.4889500000000002,-0.9779000000000004
hull_rsi,chandelier_3x,T1a,25,0.32,-0.06771599999999985,-1.6928999999999963
hull_rsi,chandelier_3x,T1c,7,0.14285714285714285,-1.898657142857143,-13.290600000000001
hull_rsi,chandelier_3x,T2,13,0.23076923076923078,-1.0266538461538461,-13.3465
hull_rsi,chandelier_3x,T3,3,0.6666666666666666,8.840033333333333,26.5201
hull_rsi,chandelier_3x,unknown,29,0.20689655172413793,0.08344827586206897,2.4200000000000004
hull_rsi,class_time_stop,T1ETF,2,0.5,-4.49085,-8.9817
hull_rsi,class_time_stop,T1a,25,0.44,-3.1205879999999997,-78.01469999999999
hull_rsi,class_time_stop,T1c,7,0.42857142857142855,2.0556428571428573,14.3895
hull_rsi,class_time_stop,T2,13,0.38461538461538464,-2.8308769230769224,-36.801399999999994
hull_rsi,class_time_stop,T3,3,0.6666666666666666,3.7034,11.110199999999999
hull_rsi,class_time_stop,unknown,29,0.27586206896551724,-7.802872413793104,-226.2833
hull_rsi,earnings_blackout,T1ETF,2,0.0,-41.8874,-83.7748
hull_rsi,earnings_blackout,T1a,25,0.4,-2.1933200000000004,-54.833000000000006
hull_rsi,earnings_blackout,T1c,7,0.42857142857142855,2.801285714285715,19.609000000000005
hull_rsi,earnings_blackout,T2,13,0.5384615384615384,2.4515923076923083,31.870700000000006
hull_rsi,earnings_blackout,T3,3,0.3333333333333333,-7.496366666666667,-22.4891
hull_rsi,earnings_blackout,unknown,29,0.4827586206896552,-14.960399999999998,-433.85159999999996
hull_rsi,fixed_4r_2r,T1ETF,2,0.5,0.89405,1.7881
hull_rsi,fixed_4r_2r,T1a,25,0.24,-2.102948,-52.5737
hull_rsi,fixed_4r_2r,T1c,7,0.42857142857142855,6.539085714285714,45.7736
hull_rsi,fixed_4r_2r,T2,13,0.23076923076923078,-1.3098538461538463,-17.028100000000002
hull_rsi,fixed_4r_2r,T3,3,0.6666666666666666,5.697466666666666,17.092399999999998
hull_rsi,fixed_4r_2r,unknown,29,0.2413793103448276,-4.136924137931034,-119.9708
hull_rsi,hybrid_50pct_target,T1ETF,2,0.5,-5.485650000000001,-10.971300000000001
hull_rsi,hybrid_50pct_target,T1a,25,0.6,-19.513016,-487.8254
hull_rsi,hybrid_50pct_target,T1c,7,0.7142857142857143,2.185657142857143,15.299600000000002
hull_rsi,hybrid_50pct_target,T2,13,0.6153846153846154,-12.680407692307693,-164.8453
hull_rsi,hybrid_50pct_target,T3,3,1.0,17.041733333333333,51.1252
hull_rsi,hybrid_50pct_target,unknown,29,0.5517241379310345,-24.658127586206895,-715.0857
hull_rsi,ma_exit_ema9,T1ETF,2,0.0,-3.0781,-6.1562
hull_rsi,ma_exit_ema9,T1a,25,0.32,-1.5669840000000002,-39.174600000000005
hull_rsi,ma_exit_ema9,T1c,7,0.5714285714285714,0.28327142857142856,1.9829
hull_rsi,ma_exit_ema9,T2,13,0.15384615384615385,-1.1620846153846154,-15.107099999999999
hull_rsi,ma_exit_ema9,T3,3,0.6666666666666666,2.2939,6.8816999999999995
hull_rsi,ma_exit_ema9,unknown,29,0.3793103448275862,1.6386000000000005,47.51940000000001
hull_rsi,mfe_lockin_trail,T1ETF,2,0.0,-1.9335,-3.867
hull_rsi,mfe_lockin_trail,T1a,25,0.2,-1.678004,-41.9501
hull_rsi,mfe_lockin_trail,T1c,7,0.5714285714285714,3.068257142857143,21.477800000000002
hull_rsi,mfe_lockin_trail,T2,13,0.23076923076923078,-1.9772153846153846,-25.7038
hull_rsi,mfe_lockin_trail,T3,3,0.3333333333333333,-1.5915000000000001,-4.774500000000001
hull_rsi,mfe_lockin_trail,unknown,29,0.3103448275862069,-1.0441275862068964,-30.279699999999995
hull_rsi,multi_tier_partial,T1ETF,2,0.5,-1.49845,-2.9969
hull_rsi,multi_tier_partial,T1a,25,0.4,-1.12616,-28.154
hull_rsi,multi_tier_partial,T1c,7,0.7142857142857143,2.9005714285714284,20.304
hull_rsi,multi_tier_partial,T2,13,0.23076923076923078,-1.7725769230769233,-23.0435
hull_rsi,multi_tier_partial,T3,3,0.6666666666666666,-0.47940000000000005,-1.4382000000000001
hull_rsi,multi_tier_partial,unknown,29,0.41379310344827586,-0.6179931034482758,-17.9218
hull_rsi,next_pivot_target,T1ETF,2,0.5,-4.0403,-8.0806
hull_rsi,next_pivot_target,T1a,25,0.52,-1.550324,-38.7581
hull_rsi,next_pivot_target,T1c,7,0.8571428571428571,1.6963428571428572,11.8744
hull_rsi,next_pivot_target,T2,13,0.6153846153846154,-0.5420461538461537,-7.046599999999998
hull_rsi,next_pivot_target,T3,3,1.0,4.087733333333333,12.263200000000001
hull_rsi,next_pivot_target,unknown,29,0.7586206896551724,-0.8371586206896553,-24.277600000000003
hull_rsi,r_multiple_2r,T1ETF,2,0.0,-2.62065,-5.2413
hull_rsi,r_multiple_2r,T1a,25,0.24,-1.5274200000000002,-38.185500000000005
hull_rsi,r_multiple_2r,T1c,7,0.7142857142857143,5.811057142857143,40.6774
hull_rsi,r_multiple_2r,T2,13,0.15384615384615385,-1.4660846153846154,-19.0591
hull_rsi,r_multiple_2r,T3,3,0.6666666666666666,5.154066666666667,15.462200000000001
hull_rsi,r_multiple_2r,unknown,29,0.3448275862068966,-0.5882448275862066,-17.05909999999999
hull_rsi,r_multiple_3r,T1ETF,2,0.0,-2.62065,-5.2413
hull_rsi,r_multiple_3r,T1a,25,0.2,-1.397344,-34.9336
hull_rsi,r_multiple_3r,T1c,7,0.2857142857142857,-0.3188857142857143,-2.2321999999999997
hull_rsi,r_multiple_3r,T2,13,0.15384615384615385,-0.563492307692308,-7.325400000000003
hull_rsi,r_multiple_3r,T3,3,0.6666666666666666,6.900433333333333,20.7013
hull_rsi,r_multiple_3r,unknown,29,0.2413793103448276,-1.0038172413793105,-29.1107
hull_rsi,regime_flip,T1ETF,2,0.5,-1.5279500000000001,-3.0559000000000003
hull_rsi,regime_flip,T1a,25,0.4,-1.3240399999999999,-33.101
hull_rsi,regime_flip,T1c,7,0.42857142857142855,-1.7717428571428575,-12.402200000000002
hull_rsi,regime_flip,T2,13,0.46153846153846156,-1.1068692307692314,-14.389300000000008
hull_rsi,regime_flip,T3,3,0.6666666666666666,3.9961,11.9883
hull_rsi,regime_flip,unknown,29,0.3103448275862069,-7.695548275862069,-223.1709
hull_rsi,reverse_signal,T1ETF,2,0.0,-1.9335,-3.867
hull_rsi,reverse_signal,T1a,25,0.2,-1.67124,-41.781
hull_rsi,reverse_signal,T1c,7,0.5714285714285714,2.297328571428572,16.081300000000002
hull_rsi,reverse_signal,T2,13,0.23076923076923078,-2.112830769230769,-27.4668
hull_rsi,reverse_signal,T3,3,0.3333333333333333,-1.5915000000000001,-4.774500000000001
hull_rsi,reverse_signal,unknown,29,0.3103448275862069,-1.1103655172413793,-32.2006
hull_rsi,smc_mitigation_zone,T1ETF,2,0.0,-1.9335,-3.867
hull_rsi,smc_mitigation_zone,T1a,25,0.2,-1.67124,-41.781
hull_rsi,smc_mitigation_zone,T1c,7,0.5714285714285714,2.297328571428572,16.081300000000002
hull_rsi,smc_mitigation_zone,T2,13,0.23076923076923078,-2.112830769230769,-27.4668
hull_rsi,smc_mitigation_zone,T3,3,0.3333333333333333,-1.5915000000000001,-4.774500000000001
hull_rsi,smc_mitigation_zone,unknown,29,0.3103448275862069,-1.1103655172413793,-32.2006
hull_rsi,time_stop_10d,T1ETF,2,0.5,0.6933499999999997,1.3866999999999994
hull_rsi,time_stop_10d,T1a,25,0.48,-1.751644,-43.7911
hull_rsi,time_stop_10d,T1c,7,0.5714285714285714,2.510214285714286,17.5715
hull_rsi,time_stop_10d,T2,13,0.38461538461538464,-1.8707384615384615,-24.319599999999998
hull_rsi,time_stop_10d,T3,3,1.0,9.834866666666667,29.5046
hull_rsi,time_stop_10d,unknown,29,0.41379310344827586,0.039620689655172354,1.1489999999999982
hull_rsi,time_stop_20d,T1ETF,2,0.5,-1.5279500000000001,-3.0559000000000003
hull_rsi,time_stop_20d,T1a,25,0.4,-1.3240399999999999,-33.101
hull_rsi,time_stop_20d,T1c,7,0.42857142857142855,-1.7717428571428575,-12.402200000000002
hull_rsi,time_stop_20d,T2,13,0.46153846153846156,-1.1068692307692314,-14.389300000000008
hull_rsi,time_stop_20d,T3,3,0.6666666666666666,3.9961,11.9883
hull_rsi,time_stop_20d,unknown,29,0.3103448275862069,-7.695548275862069,-223.1709
hull_rsi,trailing_10pct,T1ETF,2,0.5,-2.57315,-5.1463
hull_rsi,trailing_10pct,T1a,25,0.24,-4.313012,-107.8253
hull_rsi,trailing_10pct,T1c,7,0.2857142857142857,-1.2483857142857142,-8.7387
hull_rsi,trailing_10pct,T2,13,0.46153846153846156,2.238823076923077,29.1047
hull_rsi,trailing_10pct,T3,3,0.3333333333333333,0.8183333333333328,2.4549999999999983
hull_rsi,trailing_10pct,unknown,29,0.3448275862068966,-0.9201827586206895,-26.685299999999998
hull_rsi,trailing_15pct,T1ETF,2,0.5,-7.23555,-14.4711
hull_rsi,trailing_15pct,T1a,25,0.36,3.1209800000000003,78.0245
hull_rsi,trailing_15pct,T1c,7,0.2857142857142857,-5.937971428571429,-41.5658
hull_rsi,trailing_15pct,T2,13,0.5384615384615384,0.7027692307692306,9.135999999999997
hull_rsi,trailing_15pct,T3,3,1.0,10.871433333333334,32.6143
hull_rsi,trailing_15pct,unknown,29,0.3448275862068966,-1.6745206896551728,-48.56110000000001
hull_rsi,trailing_5pct,T1ETF,2,0.5,-0.9625999999999999,-1.9251999999999998
hull_rsi,trailing_5pct,T1a,25,0.24,-1.528288,-38.2072
hull_rsi,trailing_5pct,T1c,7,0.42857142857142855,0.3701714285714286,2.5912
hull_rsi,trailing_5pct,T2,13,0.23076923076923078,-1.8040846153846153,-23.4531
hull_rsi,trailing_5pct,T3,3,0.3333333333333333,-0.39576666666666666,-1.1873
hull_rsi,trailing_5pct,unknown,29,0.2413793103448276,-1.7911068965517243,-51.9421
hull_rsi_short,atr_trail_1x,T1ETF,2,0.0,-1.3887,-2.7774
hull_rsi_short,atr_trail_1x,T1a,8,0.125,-2.91575,-23.326
hull_rsi_short,atr_trail_1x,T1c,6,0.0,-1.3817000000000002,-8.2902
hull_rsi_short,atr_trail_1x,T2,8,0.25,-0.6883875,-5.5071
hull_rsi_short,atr_trail_1x,T3,15,0.26666666666666666,-2.06842,-31.0263
hull_rsi_short,atr_trail_1x,unknown,19,0.42105263157894735,-0.38495263157894727,-7.314099999999998
hull_rsi_short,atr_trail_2x,T1ETF,2,0.0,-2.8856,-5.7712
hull_rsi_short,atr_trail_2x,T1a,8,0.25,-2.0953125,-16.7625
hull_rsi_short,atr_trail_2x,T1c,6,0.16666666666666666,-2.2592833333333333,-13.5557
hull_rsi_short,atr_trail_2x,T2,8,0.375,-1.6588875,-13.2711
hull_rsi_short,atr_trail_2x,T3,15,0.3333333333333333,-2.9994400000000003,-44.991600000000005
hull_rsi_short,atr_trail_2x,unknown,19,0.47368421052631576,2.6882473684210524,51.076699999999995
hull_rsi_short,atr_trail_mae_conditional,T1ETF,2,0.0,-1.3887,-2.7774
hull_rsi_short,atr_trail_mae_conditional,T1a,8,0.125,-2.91575,-23.326
hull_rsi_short,atr_trail_mae_conditional,T1c,6,0.0,-1.3817000000000002,-8.2902
hull_rsi_short,atr_trail_mae_conditional,T2,8,0.25,-0.6883875,-5.5071
hull_rsi_short,atr_trail_mae_conditional,T3,15,0.26666666666666666,-2.06842,-31.0263
hull_rsi_short,atr_trail_mae_conditional,unknown,19,0.42105263157894735,-0.38495263157894727,-7.314099999999998
hull_rsi_short,atr_trail_vix_conditional,T1ETF,2,0.0,-1.2532,-2.5064
hull_rsi_short,atr_trail_vix_conditional,T1a,8,0.0,-3.0082750000000003,-24.066200000000002
hull_rsi_short,atr_trail_vix_conditional,T1c,6,0.0,-2.1092999999999997,-12.6558
hull_rsi_short,atr_trail_vix_conditional,T2,8,0.25,-1.6796624999999998,-13.437299999999999
hull_rsi_short,atr_trail_vix_conditional,T3,15,0.26666666666666666,-1.6582266666666667,-24.8734
hull_rsi_short,atr_trail_vix_conditional,unknown,19,0.3157894736842105,-0.6005842105263157,-11.4111
hull_rsi_short,break_even_at_1r,T1ETF,2,0.0,-1.7983500000000001,-3.5967000000000002
hull_rsi_short,break_even_at_1r,T1a,8,0.0,-2.8278125,-22.6225
hull_rsi_short,break_even_at_1r,T1c,6,0.0,-1.0710333333333333,-6.4262
hull_rsi_short,break_even_at_1r,T2,8,0.375,0.29528750000000004,2.3623000000000003
hull_rsi_short,break_even_at_1r,T3,15,0.13333333333333333,-2.8491066666666667,-42.7366
hull_rsi_short,break_even_at_1r,unknown,19,0.15789473684210525,-0.6501842105263159,-12.353500000000002
hull_rsi_short,breakeven_plus_trail,T1ETF,2,0.5,-0.7631000000000001,-1.5262000000000002
hull_rsi_short,breakeven_plus_trail,T1a,8,0.25,-0.40015,-3.2012
hull_rsi_short,breakeven_plus_trail,T1c,6,0.16666666666666666,-1.9648666666666668,-11.789200000000001
hull_rsi_short,breakeven_plus_trail,T2,8,0.5,4.8156375,38.5251
hull_rsi_short,breakeven_plus_trail,T3,15,0.6,4.180066666666666,62.70099999999999
hull_rsi_short,breakeven_plus_trail,unknown,19,0.5263157894736842,1.6725842105263156,31.779099999999996
hull_rsi_short,chandelier_3x,T1ETF,2,0.0,-0.8749,-1.7498
hull_rsi_short,chandelier_3x,T1a,8,0.125,-3.127975,-25.0238
hull_rsi_short,chandelier_3x,T1c,6,0.0,-4.018483333333333,-24.1109
hull_rsi_short,chandelier_3x,T2,8,0.25,-4.0855875,-32.6847
hull_rsi_short,chandelier_3x,T3,15,0.26666666666666666,-0.7475666666666664,-11.213499999999996
hull_rsi_short,chandelier_3x,unknown,19,0.2631578947368421,1.2900684210526314,24.5113
hull_rsi_short,class_time_stop,T1ETF,2,0.5,-1.6251999999999998,-3.2503999999999995
hull_rsi_short,class_time_stop,T1a,8,0.25,-5.2902125,-42.3217
hull_rsi_short,class_time_stop,T1c,6,0.16666666666666666,-8.6066,-51.6396
hull_rsi_short,class_time_stop,T2,8,0.625,1.5751124999999997,12.600899999999998
hull_rsi_short,class_time_stop,T3,15,0.7333333333333333,3.25814,48.8721
hull_rsi_short,class_time_stop,unknown,19,0.5789473684210527,6.190900000000001,117.62710000000001
hull_rsi_short,earnings_blackout,T1ETF,2,0.0,-100.58609999999999,-201.17219999999998
hull_rsi_short,earnings_blackout,T1a,8,0.375,-4.07475,-32.598
hull_rsi_short,earnings_blackout,T1c,6,0.6666666666666666,-0.10169999999999983,-0.610199999999999
hull_rsi_short,earnings_blackout,T2,8,0.625,13.70555,109.6444
hull_rsi_short,earnings_blackout,T3,15,0.7333333333333333,4.304573333333334,64.5686
hull_rsi_short,earnings_blackout,unknown,19,0.5263157894736842,-19.243852631578946,-365.6332
hull_rsi_short,fixed_4r_2r,T1ETF,2,0.5,3.86555,7.7311
hull_rsi_short,fixed_4r_2r,T1a,8,0.25,0.7699874999999994,6.159899999999995
hull_rsi_short,fixed_4r_2r,T1c,6,0.16666666666666666,-2.915766666666667,-17.494600000000002
hull_rsi_short,fixed_4r_2r,T2,8,0.125,-7.2559249999999995,-58.047399999999996
hull_rsi_short,fixed_4r_2r,T3,15,0.4,0.79798,11.9697
hull_rsi_short,fixed_4r_2r,unknown,19,0.2631578947368421,-9.44791052631579,-179.5103
hull_rsi_short,hybrid_50pct_target,T1ETF,2,1.0,2.8579,5.7158
hull_rsi_short,hybrid_50pct_target,T1a,8,0.5,-35.9053875,-287.2431
hull_rsi_short,hybrid_50pct_target,T1c,6,0.8333333333333334,-9.422033333333333,-56.5322
hull_rsi_short,hybrid_50pct_target,T2,8,0.375,-54.0994875,-432.7959
hull_rsi_short,hybrid_50pct_target,T3,15,0.7333333333333333,-13.241579999999999,-198.62369999999999
hull_rsi_short,hybrid_50pct_target,unknown,19,0.631578947368421,-30.958347368421055,-588.2086
hull_rsi_short,ma_exit_ema9,T1ETF,2,0.0,-1.2053500000000001,-2.4107000000000003
hull_rsi_short,ma_exit_ema9,T1a,8,0.125,-2.417925,-19.3434
hull_rsi_short,ma_exit_ema9,T1c,6,0.0,-1.90355,-11.4213
hull_rsi_short,ma_exit_ema9,T2,8,0.375,1.4615374999999997,11.692299999999998
hull_rsi_short,ma_exit_ema9,T3,15,0.26666666666666666,-0.26907333333333366,-4.036100000000005
hull_rsi_short,ma_exit_ema9,unknown,19,0.3684210526315789,1.3033157894736842,24.763
hull_rsi_short,mfe_lockin_trail,T1ETF,2,0.0,-1.3887,-2.7774
hull_rsi_short,mfe_lockin_trail,T1a,8,0.125,-2.529175,-20.2334
hull_rsi_short,mfe_lockin_trail,T1c,6,0.0,-1.3817000000000002,-8.2902
hull_rsi_short,mfe_lockin_trail,T2,8,0.25,-0.9018375000000002,-7.2147000000000014
hull_rsi_short,mfe_lockin_trail,T3,15,0.26666666666666666,-1.9686666666666666,-29.529999999999998
hull_rsi_short,mfe_lockin_trail,unknown,19,0.42105263157894735,-0.300257894736842,-5.7048999999999985
hull_rsi_short,multi_tier_partial,T1ETF,2,0.0,-1.3887,-2.7774
hull_rsi_short,multi_tier_partial,T1a,8,0.25,-1.93665,-15.4932
hull_rsi_short,multi_tier_partial,T1c,6,0.6666666666666666,-0.33265000000000006,-1.9959000000000002
hull_rsi_short,multi_tier_partial,T2,8,0.5,0.7349625000000001,5.879700000000001
hull_rsi_short,multi_tier_partial,T3,15,0.4666666666666667,-1.627913333333333,-24.418699999999998
hull_rsi_short,multi_tier_partial,unknown,19,0.6842105263157895,0.2259315789473685,4.292700000000002
hull_rsi_short,next_pivot_target,T1ETF,2,1.0,0.2359,0.4718
hull_rsi_short,next_pivot_target,T1a,8,0.625,-0.2370375,-1.8963
hull_rsi_short,next_pivot_target,T1c,6,0.8333333333333334,-0.3659333333333333,-2.1955999999999998
hull_rsi_short,next_pivot_target,T2,8,0.625,-2.0670375,-16.5363
hull_rsi_short,next_pivot_target,T3,15,0.7333333333333333,-1.3914533333333332,-20.871799999999997
hull_rsi_short,next_pivot_target,unknown,19,0.7894736842105263,-0.04482105263157892,-0.8515999999999995
hull_rsi_short,r_multiple_2r,T1ETF,2,0.0,-1.7983500000000001,-3.5967000000000002
hull_rsi_short,r_multiple_2r,T1a,8,0.25,-0.7967624999999999,-6.374099999999999
hull_rsi_short,r_multiple_2r,T1c,6,0.3333333333333333,0.28168333333333323,1.6900999999999993
hull_rsi_short,r_multiple_2r,T2,8,0.375,3.9311875,31.4495
hull_rsi_short,r_multiple_2r,T3,15,0.26666666666666666,-1.4308466666666666,-21.462699999999998
hull_rsi_short,r_multiple_2r,unknown,19,0.47368421052631576,1.3350000000000002,25.365000000000002
hull_rsi_short,r_multiple_3r,T1ETF,2,0.0,-1.7983500000000001,-3.5967000000000002
hull_rsi_short,r_multiple_3r,T1a,8,0.0,-4.1206249999999995,-32.964999999999996
hull_rsi_short,r_multiple_3r,T1c,6,0.16666666666666666,-0.8126833333333333,-4.8761
hull_rsi_short,r_multiple_3r,T2,8,0.25,0.09549999999999925,0.763999999999994
hull_rsi_short,r_multiple_3r,T3,15,0.2,-1.9328333333333332,-28.992499999999996
hull_rsi_short,r_multiple_3r,unknown,19,0.3684210526315789,1.4548105263157893,27.641399999999997
hull_rsi_short,regime_flip,T1ETF,2,0.5,0.8975,1.795
hull_rsi_short,regime_flip,T1a,8,0.5,-0.7308625,-5.8469
hull_rsi_short,regime_flip,T1c,6,0.16666666666666666,-7.067516666666666,-42.4051
hull_rsi_short,regime_flip,T2,8,0.375,1.8938499999999996,15.150799999999997
hull_rsi_short,regime_flip,T3,15,0.6666666666666666,1.0320133333333337,15.480200000000004
hull_rsi_short,regime_flip,unknown,19,0.631578947368421,7.84813157894737,149.11450000000002
hull_rsi_short,reverse_signal,T1ETF,2,0.0,-1.3887,-2.7774
hull_rsi_short,reverse_signal,T1a,8,0.125,-2.91575,-23.326
hull_rsi_short,reverse_signal,T1c,6,0.0,-1.3817000000000002,-8.2902
hull_rsi_short,reverse_signal,T2,8,0.25,-0.6883875,-5.5071
hull_rsi_short,reverse_signal,T3,15,0.26666666666666666,-2.06842,-31.0263
hull_rsi_short,reverse_signal,unknown,19,0.42105263157894735,-0.38495263157894727,-7.314099999999998
hull_rsi_short,smc_mitigation_zone,T1ETF,2,0.0,-1.3887,-2.7774
hull_rsi_short,smc_mitigation_zone,T1a,8,0.125,-2.91575,-23.326
hull_rsi_short,smc_mitigation_zone,T1c,6,0.0,-1.3817000000000002,-8.2902
hull_rsi_short,smc_mitigation_zone,T2,8,0.25,-0.6883875,-5.5071
hull_rsi_short,smc_mitigation_zone,T3,15,0.26666666666666666,-2.06842,-31.0263
hull_rsi_short,smc_mitigation_zone,unknown,19,0.42105263157894735,-0.38495263157894727,-7.314099999999998
hull_rsi_short,time_stop_10d,T1ETF,2,0.5,2.5913000000000004,5.182600000000001
hull_rsi_short,time_stop_10d,T1a,8,0.625,1.3069750000000002,10.455800000000002
hull_rsi_short,time_stop_10d,T1c,6,0.3333333333333333,-0.5951666666666666,-3.5709999999999997
hull_rsi_short,time_stop_10d,T2,8,0.625,3.5414499999999998,28.331599999999998
hull_rsi_short,time_stop_10d,T3,15,0.4666666666666667,-0.4631466666666666,-6.947199999999999
hull_rsi_short,time_stop_10d,unknown,19,0.631578947368421,3.403431578947368,64.6652
hull_rsi_short,time_stop_20d,T1ETF,2,0.5,0.8975,1.795
hull_rsi_short,time_stop_20d,T1a,8,0.5,-0.7308625,-5.8469
hull_rsi_short,time_stop_20d,T1c,6,0.16666666666666666,-7.067516666666666,-42.4051
hull_rsi_short,time_stop_20d,T2,8,0.375,1.8938499999999996,15.150799999999997
hull_rsi_short,time_stop_20d,T3,15,0.6666666666666666,1.0320133333333337,15.480200000000004
hull_rsi_short,time_stop_20d,unknown,19,0.631578947368421,7.84813157894737,149.11450000000002
hull_rsi_short,trailing_10pct,T1ETF,2,0.5,-1.72995,-3.4599
hull_rsi_short,trailing_10pct,T1a,8,0.25,-4.0427375,-32.3419
hull_rsi_short,trailing_10pct,T1c,6,0.16666666666666666,-5.044666666666667,-30.268
hull_rsi_short,trailing_10pct,T2,8,0.125,-4.100775,-32.8062
hull_rsi_short,trailing_10pct,T3,15,0.3333333333333333,-2.82012,-42.3018
hull_rsi_short,trailing_10pct,unknown,19,0.47368421052631576,0.11904736842105257,2.261899999999999
hull_rsi_short,trailing_15pct,T1ETF,2,0.0,-6.35405,-12.7081
hull_rsi_short,trailing_15pct,T1a,8,0.25,-7.54105,-60.3284
hull_rsi_short,trailing_15pct,T1c,6,0.6666666666666666,4.457999999999999,26.747999999999998
hull_rsi_short,trailing_15pct,T2,8,0.25,-4.68535,-37.4828
hull_rsi_short,trailing_15pct,T3,15,0.5333333333333333,2.9296533333333334,43.9448
hull_rsi_short,trailing_15pct,unknown,19,0.2631578947368421,-0.07770000000000006,-1.476300000000001
hull_rsi_short,trailing_5pct,T1ETF,2,0.0,-4.2041,-8.4082
hull_rsi_short,trailing_5pct,T1a,8,0.0,-2.8751125,-23.0009
hull_rsi_short,trailing_5pct,T1c,6,0.0,-3.112816666666667,-18.6769
hull_rsi_short,trailing_5pct,T2,8,0.125,-1.7455875,-13.9647
hull_rsi_short,trailing_5pct,T3,15,0.2,-2.09356,-31.4034
hull_rsi_short,trailing_5pct,unknown,19,0.2631578947368421,-0.3959368421052632,-7.522800000000001
ichimoku_cloud_breakout,atr_trail_1x,T1ETF,1,0.0,-0.2174,-0.2174
ichimoku_cloud_breakout,atr_trail_1x,T1a,18,0.2777777777777778,-1.0746111111111112,-19.343
ichimoku_cloud_breakout,atr_trail_1x,T1c,5,0.6,0.24559999999999998,1.228
ichimoku_cloud_breakout,atr_trail_1x,T2,19,0.15789473684210525,-2.671152631578947,-50.7519
ichimoku_cloud_breakout,atr_trail_1x,T3,1,0.0,-0.8988,-0.8988
ichimoku_cloud_breakout,atr_trail_1x,unknown,30,0.2,-1.8714933333333335,-56.144800000000004
ichimoku_cloud_breakout,atr_trail_2x,T1ETF,1,0.0,-0.2775,-0.2775
ichimoku_cloud_breakout,atr_trail_2x,T1a,18,0.2777777777777778,-1.902811111111111,-34.2506
ichimoku_cloud_breakout,atr_trail_2x,T1c,5,0.2,-2.5903,-12.951500000000001
ichimoku_cloud_breakout,atr_trail_2x,T2,19,0.05263157894736842,-6.209773684210526,-117.9857
ichimoku_cloud_breakout,atr_trail_2x,T3,1,0.0,-6.9031,-6.9031
ichimoku_cloud_breakout,atr_trail_2x,unknown,30,0.36666666666666664,1.7220800000000003,51.662400000000005
ichimoku_cloud_breakout,atr_trail_mae_conditional,T1ETF,1,0.0,-0.2174,-0.2174
ichimoku_cloud_breakout,atr_trail_mae_conditional,T1a,18,0.2777777777777778,-1.0746111111111112,-19.343
ichimoku_cloud_breakout,atr_trail_mae_conditional,T1c,5,0.6,0.24559999999999998,1.228
ichimoku_cloud_breakout,atr_trail_mae_conditional,T2,19,0.15789473684210525,-2.671152631578947,-50.7519
ichimoku_cloud_breakout,atr_trail_mae_conditional,T3,1,0.0,-0.8988,-0.8988
ichimoku_cloud_breakout,atr_trail_mae_conditional,unknown,30,0.2,-1.8714933333333335,-56.144800000000004
ichimoku_cloud_breakout,atr_trail_vix_conditional,T1ETF,1,0.0,-0.2174,-0.2174
ichimoku_cloud_breakout,atr_trail_vix_conditional,T1a,18,0.2777777777777778,-1.85745,-33.4341
ichimoku_cloud_breakout,atr_trail_vix_conditional,T1c,5,0.6,0.3682799999999999,1.8413999999999995
ichimoku_cloud_breakout,atr_trail_vix_conditional,T2,19,0.21052631578947367,-3.3427526315789473,-63.512299999999996
ichimoku_cloud_breakout,atr_trail_vix_conditional,T3,1,0.0,-0.5225,-0.5225
ichimoku_cloud_breakout,atr_trail_vix_conditional,unknown,30,0.3,-1.5938833333333333,-47.8165
ichimoku_cloud_breakout,break_even_at_1r,T1ETF,1,0.0,-0.2174,-0.2174
ichimoku_cloud_breakout,break_even_at_1r,T1a,18,0.16666666666666666,-1.0044611111111112,-18.0803
ichimoku_cloud_breakout,break_even_at_1r,T1c,5,0.0,-0.76066,-3.8033
ichimoku_cloud_breakout,break_even_at_1r,T2,19,0.0,-3.997357894736842,-75.9498
ichimoku_cloud_breakout,break_even_at_1r,T3,1,0.0,-0.5225,-0.5225
ichimoku_cloud_breakout,break_even_at_1r,unknown,30,0.16666666666666666,-1.9132566666666666,-57.3977
ichimoku_cloud_breakout,breakeven_plus_trail,T1ETF,1,0.0,-0.2775,-0.2775
ichimoku_cloud_breakout,breakeven_plus_trail,T1a,18,0.16666666666666666,-2.3920666666666666,-43.0572
ichimoku_cloud_breakout,breakeven_plus_trail,T1c,5,0.0,-1.4874800000000001,-7.4374
ichimoku_cloud_breakout,breakeven_plus_trail,T2,19,0.10526315789473684,-5.845926315789473,-111.0726
ichimoku_cloud_breakout,breakeven_plus_trail,T3,1,1.0,0.9377,0.9377
ichimoku_cloud_breakout,breakeven_plus_trail,unknown,30,0.5666666666666667,9.564693333333334,286.9408
ichimoku_cloud_breakout,chandelier_3x,T1ETF,1,0.0,-0.2362,-0.2362
ichimoku_cloud_breakout,chandelier_3x,T1a,18,0.16666666666666666,-1.9337833333333334,-34.8081
ichimoku_cloud_breakout,chandelier_3x,T1c,5,0.0,-3.48116,-17.4058
ichimoku_cloud_breakout,chandelier_3x,T2,19,0.10526315789473684,-3.3864789473684205,-64.34309999999999
ichimoku_cloud_breakout,chandelier_3x,T3,1,0.0,-5.5294,-5.5294
ichimoku_cloud_breakout,chandelier_3x,unknown,30,0.26666666666666666,1.4681933333333332,44.0458
ichimoku_cloud_breakout,class_time_stop,T1ETF,1,1.0,1.5435,1.5435
ichimoku_cloud_breakout,class_time_stop,T1a,18,0.5,-2.1264611111111105,-38.27629999999999
ichimoku_cloud_breakout,class_time_stop,T1c,5,0.2,-3.0027800000000004,-15.013900000000001
ichimoku_cloud_breakout,class_time_stop,T2,19,0.42105263157894735,-6.949836842105263,-132.0469
ichimoku_cloud_breakout,class_time_stop,T3,1,1.0,26.7299,26.7299
ichimoku_cloud_breakout,class_time_stop,unknown,30,0.6666666666666666,11.089356666666667,332.6807
ichimoku_cloud_breakout,earnings_blackout,T1ETF,1,1.0,2.1957,2.1957
ichimoku_cloud_breakout,earnings_blackout,T1a,18,0.3888888888888889,-5.065455555555555,-91.1782
ichimoku_cloud_breakout,earnings_blackout,T1c,5,0.2,-6.15472,-30.773600000000002
ichimoku_cloud_breakout,earnings_blackout,T2,19,0.3157894736842105,-8.461410526315788,-160.7668
ichimoku_cloud_breakout,earnings_blackout,T3,1,1.0,1.8352,1.8352
ichimoku_cloud_breakout,earnings_blackout,unknown,30,0.6,6.2205900000000005,186.6177
ichimoku_cloud_breakout,fixed_4r_2r,T1ETF,1,0.0,-0.2775,-0.2775
ichimoku_cloud_breakout,fixed_4r_2r,T1a,18,0.16666666666666666,-3.7344444444444442,-67.22
ichimoku_cloud_breakout,fixed_4r_2r,T1c,5,0.0,-5.5263800000000005,-27.6319
ichimoku_cloud_breakout,fixed_4r_2r,T2,19,0.15789473684210525,-7.064205263157895,-134.2199
ichimoku_cloud_breakout,fixed_4r_2r,T3,1,1.0,23.8989,23.8989
ichimoku_cloud_breakout,fixed_4r_2r,unknown,30,0.36666666666666664,2.0638466666666666,61.9154
ichimoku_cloud_breakout,hybrid_50pct_target,T1ETF,1,1.0,1.306,1.306
ichimoku_cloud_breakout,hybrid_50pct_target,T1a,18,0.5555555555555556,-9.562366666666668,-172.1226
ichimoku_cloud_breakout,hybrid_50pct_target,T1c,5,0.6,-1.32648,-6.6324000000000005
ichimoku_cloud_breakout,hybrid_50pct_target,T2,19,0.3684210526315789,-6.168015789473683,-117.19229999999999
ichimoku_cloud_breakout,hybrid_50pct_target,T3,1,1.0,18.4775,18.4775
ichimoku_cloud_breakout,hybrid_50pct_target,unknown,30,0.7,-6.7407666666666675,-202.223
ichimoku_cloud_breakout,ma_exit_ema9,T1ETF,1,0.0,-0.2707,-0.2707
ichimoku_cloud_breakout,ma_exit_ema9,T1a,18,0.3333333333333333,0.12118333333333339,2.181300000000001
ichimoku_cloud_breakout,ma_exit_ema9,T1c,5,0.6,-0.7305999999999999,-3.6529999999999996
ichimoku_cloud_breakout,ma_exit_ema9,T2,19,0.15789473684210525,-3.0568052631578944,-58.079299999999996
ichimoku_cloud_breakout,ma_exit_ema9,T3,1,1.0,1.0493,1.0493
ichimoku_cloud_breakout,ma_exit_ema9,unknown,30,0.43333333333333335,1.7699566666666666,53.0987
ichimoku_cloud_breakout,mfe_lockin_trail,T1ETF,1,0.0,-0.2174,-0.2174
ichimoku_cloud_breakout,mfe_lockin_trail,T1a,18,0.2777777777777778,-0.9992111111111109,-17.985799999999998
ichimoku_cloud_breakout,mfe_lockin_trail,T1c,5,0.6,0.5086400000000001,2.5432000000000006
ichimoku_cloud_breakout,mfe_lockin_trail,T2,19,0.15789473684210525,-2.874721052631579,-54.6197
ichimoku_cloud_breakout,mfe_lockin_trail,T3,1,0.0,-0.8988,-0.8988
ichimoku_cloud_breakout,mfe_lockin_trail,unknown,30,0.2,-1.6546200000000002,-49.638600000000004
ichimoku_cloud_breakout,multi_tier_partial,T1ETF,1,0.0,-0.2174,-0.2174
ichimoku_cloud_breakout,multi_tier_partial,T1a,18,0.3333333333333333,-0.7855611111111112,-14.1401
ichimoku_cloud_breakout,multi_tier_partial,T1c,5,0.8,0.92432,4.6216
ichimoku_cloud_breakout,multi_tier_partial,T2,19,0.21052631578947367,-2.7757789473684213,-52.7398
ichimoku_cloud_breakout,multi_tier_partial,T3,1,1.0,1.6433,1.6433
ichimoku_cloud_breakout,multi_tier_partial,unknown,30,0.4666666666666667,-0.41264333333333336,-12.3793
ichimoku_cloud_breakout,next_pivot_target,T1ETF,1,0.0,-0.2775,-0.2775
ichimoku_cloud_breakout,next_pivot_target,T1a,18,0.7222222222222222,-0.6741388888888888,-12.1345
ichimoku_cloud_breakout,next_pivot_target,T1c,5,0.6,-2.33284,-11.664200000000001
ichimoku_cloud_breakout,next_pivot_target,T2,19,0.5789473684210527,-2.7984526315789475,-53.1706
ichimoku_cloud_breakout,next_pivot_target,T3,1,1.0,5.2829,5.2829
ichimoku_cloud_breakout,next_pivot_target,unknown,30,0.6666666666666666,-0.4050166666666666,-12.150499999999997
ichimoku_cloud_breakout,r_multiple_2r,T1ETF,1,0.0,-0.2174,-0.2174
ichimoku_cloud_breakout,r_multiple_2r,T1a,18,0.3333333333333333,0.3812777777777779,6.863000000000002
ichimoku_cloud_breakout,r_multiple_2r,T1c,5,0.4,0.36701999999999996,1.8350999999999997
ichimoku_cloud_breakout,r_multiple_2r,T2,19,0.15789473684210525,-3.3247157894736845,-63.1696
ichimoku_cloud_breakout,r_multiple_2r,T3,1,0.0,-5.9747,-5.9747
ichimoku_cloud_breakout,r_multiple_2r,unknown,30,0.3333333333333333,0.5755533333333333,17.266599999999997
ichimoku_cloud_breakout,r_multiple_3r,T1ETF,1,0.0,-0.2174,-0.2174
ichimoku_cloud_breakout,r_multiple_3r,T1a,18,0.16666666666666666,-1.3064055555555556,-23.5153
ichimoku_cloud_breakout,r_multiple_3r,T1c,5,0.0,-3.1157399999999997,-15.5787
ichimoku_cloud_breakout,r_multiple_3r,T2,19,0.10526315789473684,-3.7335894736842103,-70.9382
ichimoku_cloud_breakout,r_multiple_3r,T3,1,0.0,-5.9747,-5.9747
ichimoku_cloud_breakout,r_multiple_3r,unknown,30,0.2,-0.8201066666666665,-24.603199999999998
ichimoku_cloud_breakout,regime_flip,T1ETF,1,1.0,0.9744,0.9744
ichimoku_cloud_breakout,regime_flip,T1a,18,0.3888888888888889,-2.380644444444444,-42.8516
ichimoku_cloud_breakout,regime_flip,T1c,5,0.0,-5.08514,-25.4257
ichimoku_cloud_breakout,regime_flip,T2,19,0.3684210526315789,-6.774826315789474,-128.7217
ichimoku_cloud_breakout,regime_flip,T3,1,1.0,25.4623,25.4623
ichimoku_cloud_breakout,regime_flip,unknown,30,0.6333333333333333,4.142926666666667,124.2878
ichimoku_cloud_breakout,reverse_signal,T1ETF,1,0.0,-0.2174,-0.2174
ichimoku_cloud_breakout,reverse_signal,T1a,18,0.2777777777777778,-1.0746111111111112,-19.343
ichimoku_cloud_breakout,reverse_signal,T1c,5,0.6,0.24559999999999998,1.228
ichimoku_cloud_breakout,reverse_signal,T2,19,0.15789473684210525,-2.671152631578947,-50.7519
ichimoku_cloud_breakout,reverse_signal,T3,1,0.0,-0.8988,-0.8988
ichimoku_cloud_breakout,reverse_signal,unknown,30,0.2,-1.8714933333333335,-56.144800000000004
ichimoku_cloud_breakout,smc_mitigation_zone,T1ETF,1,0.0,-0.2174,-0.2174
ichimoku_cloud_breakout,smc_mitigation_zone,T1a,18,0.2777777777777778,-1.0746111111111112,-19.343
ichimoku_cloud_breakout,smc_mitigation_zone,T1c,5,0.6,0.24559999999999998,1.228
ichimoku_cloud_breakout,smc_mitigation_zone,T2,19,0.15789473684210525,-2.671152631578947,-50.7519
ichimoku_cloud_breakout,smc_mitigation_zone,T3,1,0.0,-0.8988,-0.8988
ichimoku_cloud_breakout,smc_mitigation_zone,unknown,30,0.2,-1.8714933333333335,-56.144800000000004
ichimoku_cloud_breakout,time_stop_10d,T1ETF,1,1.0,0.0139,0.0139
ichimoku_cloud_breakout,time_stop_10d,T1a,18,0.2777777777777778,-2.1014055555555555,-37.8253
ichimoku_cloud_breakout,time_stop_10d,T1c,5,0.2,-4.3144,-21.572
ichimoku_cloud_breakout,time_stop_10d,T2,19,0.3684210526315789,-7.564573684210527,-143.7269
ichimoku_cloud_breakout,time_stop_10d,T3,1,0.0,-0.2183,-0.2183
ichimoku_cloud_breakout,time_stop_10d,unknown,30,0.43333333333333335,1.4846600000000003,44.53980000000001
ichimoku_cloud_breakout,time_stop_20d,T1ETF,1,1.0,0.9744,0.9744
ichimoku_cloud_breakout,time_stop_20d,T1a,18,0.3888888888888889,-2.380644444444444,-42.8516
ichimoku_cloud_breakout,time_stop_20d,T1c,5,0.0,-5.08514,-25.4257
ichimoku_cloud_breakout,time_stop_20d,T2,19,0.3684210526315789,-6.774826315789474,-128.7217
ichimoku_cloud_breakout,time_stop_20d,T3,1,1.0,25.4623,25.4623
ichimoku_cloud_breakout,time_stop_20d,unknown,30,0.6333333333333333,4.142926666666667,124.2878
ichimoku_cloud_breakout,trailing_10pct,T1ETF,1,1.0,2.1957,2.1957
ichimoku_cloud_breakout,trailing_10pct,T1a,18,0.2777777777777778,-3.6539888888888887,-65.7718
ichimoku_cloud_breakout,trailing_10pct,T1c,5,0.0,-6.9992,-34.996
ichimoku_cloud_breakout,trailing_10pct,T2,19,0.21052631578947367,-2.429447368421053,-46.1595
ichimoku_cloud_breakout,trailing_10pct,T3,1,0.0,-5.4051,-5.4051
ichimoku_cloud_breakout,trailing_10pct,unknown,30,0.3333333333333333,0.4820766666666668,14.462300000000004
ichimoku_cloud_breakout,trailing_15pct,T1ETF,1,1.0,2.1957,2.1957
ichimoku_cloud_breakout,trailing_15pct,T1a,18,0.3333333333333333,-5.739505555555556,-103.3111
ichimoku_cloud_breakout,trailing_15pct,T1c,5,0.0,-11.65926,-58.2963
ichimoku_cloud_breakout,trailing_15pct,T2,19,0.3157894736842105,-3.957021052631579,-75.1834
ichimoku_cloud_breakout,trailing_15pct,T3,1,1.0,15.6933,15.6933
ichimoku_cloud_breakout,trailing_15pct,unknown,30,0.43333333333333335,0.5899066666666672,17.697200000000016
ichimoku_cloud_breakout,trailing_5pct,T1ETF,1,1.0,2.1957,2.1957
ichimoku_cloud_breakout,trailing_5pct,T1a,18,0.2777777777777778,-2.252622222222222,-40.5472
ichimoku_cloud_breakout,trailing_5pct,T1c,5,0.2,-2.18578,-10.928899999999999
ichimoku_cloud_breakout,trailing_5pct,T2,19,0.15789473684210525,-2.362052631578947,-44.879
ichimoku_cloud_breakout,trailing_5pct,T3,1,0.0,-0.5225,-0.5225
ichimoku_cloud_breakout,trailing_5pct,unknown,30,0.06666666666666667,-2.6377933333333337,-79.13380000000001
ichimoku_tk_cross,atr_trail_1x,T1a,4,0.25,-1.5508499999999998,-6.203399999999999
ichimoku_tk_cross,atr_trail_1x,T2,2,0.5,-2.9749499999999998,-5.9498999999999995
ichimoku_tk_cross,atr_trail_1x,unknown,6,0.3333333333333333,-3.3175833333333333,-19.9055
ichimoku_tk_cross,atr_trail_2x,T1a,4,0.5,-1.1379750000000002,-4.551900000000001
ichimoku_tk_cross,atr_trail_2x,T2,2,0.5,-3.4558,-6.9116
ichimoku_tk_cross,atr_trail_2x,unknown,6,0.3333333333333333,1.3685000000000003,8.211000000000002
ichimoku_tk_cross,atr_trail_mae_conditional,T1a,4,0.25,-1.5508499999999998,-6.203399999999999
ichimoku_tk_cross,atr_trail_mae_conditional,T2,2,0.5,-2.9749499999999998,-5.9498999999999995
ichimoku_tk_cross,atr_trail_mae_conditional,unknown,6,0.3333333333333333,-3.3175833333333333,-19.9055
ichimoku_tk_cross,atr_trail_vix_conditional,T1a,4,0.25,-1.47735,-5.9094
ichimoku_tk_cross,atr_trail_vix_conditional,T2,2,0.0,-6.71875,-13.4375
ichimoku_tk_cross,atr_trail_vix_conditional,unknown,6,0.0,-5.6204833333333335,-33.7229
ichimoku_tk_cross,break_even_at_1r,T1a,4,0.25,1.0368,4.1472
ichimoku_tk_cross,break_even_at_1r,T2,2,0.0,-4.8145,-9.629
ichimoku_tk_cross,break_even_at_1r,unknown,6,0.0,-4.0232,-24.139200000000002
ichimoku_tk_cross,breakeven_plus_trail,T1a,4,0.25,-0.38664999999999994,-1.5465999999999998
ichimoku_tk_cross,breakeven_plus_trail,T2,2,0.0,-8.6367,-17.2734
ichimoku_tk_cross,breakeven_plus_trail,unknown,6,0.3333333333333333,2.517233333333333,15.103399999999999
ichimoku_tk_cross,chandelier_3x,T1a,4,0.5,-1.7551999999999999,-7.0207999999999995
ichimoku_tk_cross,chandelier_3x,T2,2,0.0,-6.763199999999999,-13.526399999999999
ichimoku_tk_cross,chandelier_3x,unknown,6,0.16666666666666666,-6.390733333333333,-38.3444
ichimoku_tk_cross,class_time_stop,T1a,4,0.5,2.046575,8.1863
ichimoku_tk_cross,class_time_stop,T2,2,0.0,-15.58355,-31.1671
ichimoku_tk_cross,class_time_stop,unknown,6,0.6666666666666666,2.0294499999999993,12.176699999999997
ichimoku_tk_cross,earnings_blackout,T1a,4,0.25,-3.060875,-12.2435
ichimoku_tk_cross,earnings_blackout,T2,2,0.5,-0.7682500000000001,-1.5365000000000002
ichimoku_tk_cross,earnings_blackout,unknown,6,0.6666666666666666,37.15995,222.9597
ichimoku_tk_cross,fixed_4r_2r,T1a,4,0.25,-3.2535250000000007,-13.014100000000003
ichimoku_tk_cross,fixed_4r_2r,T2,2,0.0,-10.96205,-21.9241
ichimoku_tk_cross,fixed_4r_2r,unknown,6,0.5,4.7808166666666665,28.6849
ichimoku_tk_cross,hybrid_50pct_target,T1a,4,0.5,-2.2589499999999996,-9.035799999999998
ichimoku_tk_cross,hybrid_50pct_target,T2,2,0.5,-10.47545,-20.9509
ichimoku_tk_cross,hybrid_50pct_target,unknown,6,0.8333333333333334,11.143833333333333,66.863
ichimoku_tk_cross,ma_exit_ema9,T1a,4,0.5,1.3388499999999999,5.3553999999999995
ichimoku_tk_cross,ma_exit_ema9,T2,2,0.5,-3.44315,-6.8863
ichimoku_tk_cross,ma_exit_ema9,unknown,6,0.16666666666666666,-2.77335,-16.6401
ichimoku_tk_cross,mfe_lockin_trail,T1a,4,0.25,-1.5508499999999998,-6.203399999999999
ichimoku_tk_cross,mfe_lockin_trail,T2,2,0.5,-2.93095,-5.8619
ichimoku_tk_cross,mfe_lockin_trail,unknown,6,0.3333333333333333,-3.3175833333333333,-19.9055
ichimoku_tk_cross,multi_tier_partial,T1a,4,0.75,-0.797725,-3.1909
ichimoku_tk_cross,multi_tier_partial,T2,2,0.5,-2.92855,-5.8571
ichimoku_tk_cross,multi_tier_partial,unknown,6,0.3333333333333333,-2.9731666666666663,-17.839
ichimoku_tk_cross,next_pivot_target,T1a,4,1.0,1.700475,6.8019
ichimoku_tk_cross,next_pivot_target,T2,2,0.5,-1.59735,-3.1947
ichimoku_tk_cross,next_pivot_target,unknown,6,0.6666666666666666,-0.4927999999999999,-2.9567999999999994
ichimoku_tk_cross,r_multiple_2r,T1a,4,0.5,0.4391249999999999,1.7564999999999995
ichimoku_tk_cross,r_multiple_2r,T2,2,0.5,-2.33825,-4.6765
ichimoku_tk_cross,r_multiple_2r,unknown,6,0.3333333333333333,-0.3784333333333336,-2.2706000000000017
ichimoku_tk_cross,r_multiple_3r,T1a,4,0.5,1.082125,4.3285
ichimoku_tk_cross,r_multiple_3r,T2,2,0.5,-1.20405,-2.4081
ichimoku_tk_cross,r_multiple_3r,unknown,6,0.16666666666666666,-1.9753833333333333,-11.8523
ichimoku_tk_cross,regime_flip,T1a,4,0.25,-0.6862499999999999,-2.7449999999999997
ichimoku_tk_cross,regime_flip,T2,2,0.5,-4.135249999999999,-8.270499999999998
ichimoku_tk_cross,regime_flip,unknown,6,0.6666666666666666,-5.722933333333334,-34.3376
ichimoku_tk_cross,reverse_signal,T1a,4,0.25,-1.5508499999999998,-6.203399999999999
ichimoku_tk_cross,reverse_signal,T2,2,0.5,-2.9749499999999998,-5.9498999999999995
ichimoku_tk_cross,reverse_signal,unknown,6,0.3333333333333333,-3.3175833333333333,-19.9055
ichimoku_tk_cross,smc_mitigation_zone,T1a,4,0.25,-1.5508499999999998,-6.203399999999999
ichimoku_tk_cross,smc_mitigation_zone,T2,2,0.5,-2.9749499999999998,-5.9498999999999995
ichimoku_tk_cross,smc_mitigation_zone,unknown,6,0.3333333333333333,-3.3175833333333333,-19.9055
ichimoku_tk_cross,time_stop_10d,T1a,4,0.5,1.3892999999999998,5.557199999999999
ichimoku_tk_cross,time_stop_10d,T2,2,0.5,0.8628000000000001,1.7256000000000002
ichimoku_tk_cross,time_stop_10d,unknown,6,0.3333333333333333,-8.466766666666667,-50.800599999999996
ichimoku_tk_cross,time_stop_20d,T1a,4,0.25,-0.6862499999999999,-2.7449999999999997
ichimoku_tk_cross,time_stop_20d,T2,2,0.5,-4.135249999999999,-8.270499999999998
ichimoku_tk_cross,time_stop_20d,unknown,6,0.6666666666666666,-5.722933333333334,-34.3376
ichimoku_tk_cross,trailing_10pct,T1a,4,0.25,-3.856625,-15.4265
ichimoku_tk_cross,trailing_10pct,T2,2,0.0,-7.38125,-14.7625
ichimoku_tk_cross,trailing_10pct,unknown,6,0.5,3.3629999999999995,20.177999999999997
ichimoku_tk_cross,trailing_15pct,T1a,4,0.25,-6.40695,-25.6278
ichimoku_tk_cross,trailing_15pct,T2,2,0.0,-9.1325,-18.265
ichimoku_tk_cross,trailing_15pct,unknown,6,0.6666666666666666,3.7168500000000004,22.3011
ichimoku_tk_cross,trailing_5pct,T1a,4,0.5,-0.5626249999999999,-2.2504999999999997
ichimoku_tk_cross,trailing_5pct,T2,2,0.0,-2.7078,-5.4156
ichimoku_tk_cross,trailing_5pct,unknown,6,0.3333333333333333,-2.7917,-16.7502
inside_bar_breakout,atr_trail_1x,T1ETF,1,0.0,-0.6,-0.6
inside_bar_breakout,atr_trail_1x,T1a,4,0.25,-0.6743000000000001,-2.6972000000000005
inside_bar_breakout,atr_trail_1x,T1c,1,1.0,2.5956,2.5956
inside_bar_breakout,atr_trail_1x,T2,1,0.0,-2.0712,-2.0712
inside_bar_breakout,atr_trail_1x,T3,1,1.0,4.506,4.506
inside_bar_breakout,atr_trail_2x,T1ETF,1,1.0,0.3509,0.3509
inside_bar_breakout,atr_trail_2x,T1a,4,0.75,2.3402499999999997,9.360999999999999
inside_bar_breakout,atr_trail_2x,T1c,1,1.0,11.2403,11.2403
inside_bar_breakout,atr_trail_2x,T2,1,0.0,-5.0745,-5.0745
inside_bar_breakout,atr_trail_2x,T3,1,1.0,0.3036,0.3036
inside_bar_breakout,atr_trail_mae_conditional,T1ETF,1,0.0,-0.6,-0.6
inside_bar_breakout,atr_trail_mae_conditional,T1a,4,0.25,-0.6743000000000001,-2.6972000000000005
inside_bar_breakout,atr_trail_mae_conditional,T1c,1,1.0,2.5956,2.5956
inside_bar_breakout,atr_trail_mae_conditional,T2,1,0.0,-2.0712,-2.0712
inside_bar_breakout,atr_trail_mae_conditional,T3,1,1.0,4.506,4.506
inside_bar_breakout,atr_trail_vix_conditional,T1ETF,1,0.0,-0.6,-0.6
inside_bar_breakout,atr_trail_vix_conditional,T1a,4,0.5,1.4538999999999997,5.815599999999999
inside_bar_breakout,atr_trail_vix_conditional,T1c,1,0.0,-1.8566,-1.8566
inside_bar_breakout,atr_trail_vix_conditional,T2,1,0.0,-1.3204,-1.3204
inside_bar_breakout,atr_trail_vix_conditional,T3,1,0.0,-0.9892,-0.9892
inside_bar_breakout,break_even_at_1r,T1ETF,1,0.0,-0.6,-0.6
inside_bar_breakout,break_even_at_1r,T1a,4,0.0,-1.481975,-5.9279
inside_bar_breakout,break_even_at_1r,T1c,1,1.0,5.1575,5.1575
inside_bar_breakout,break_even_at_1r,T2,1,0.0,0.0,0.0
inside_bar_breakout,break_even_at_1r,T3,1,1.0,3.0185,3.0185
inside_bar_breakout,breakeven_plus_trail,T1ETF,1,0.0,0.0,0.0
inside_bar_breakout,breakeven_plus_trail,T1a,4,0.5,3.0195499999999997,12.078199999999999
inside_bar_breakout,breakeven_plus_trail,T1c,1,1.0,5.4312,5.4312
inside_bar_breakout,breakeven_plus_trail,T2,1,0.0,-6.0871,-6.0871
inside_bar_breakout,breakeven_plus_trail,T3,1,1.0,3.0185,3.0185
inside_bar_breakout,chandelier_3x,T1ETF,1,0.0,-0.0371,-0.0371
inside_bar_breakout,chandelier_3x,T1a,4,0.25,1.9743249999999999,7.8972999999999995
inside_bar_breakout,chandelier_3x,T1c,1,0.0,-0.0831,-0.0831
inside_bar_breakout,chandelier_3x,T2,1,0.0,-0.35,-0.35
inside_bar_breakout,chandelier_3x,T3,1,0.0,-5.0285,-5.0285
inside_bar_breakout,class_time_stop,T1ETF,1,1.0,2.9993,2.9993
inside_bar_breakout,class_time_stop,T1a,4,0.75,5.281925,21.1277
inside_bar_breakout,class_time_stop,T1c,1,1.0,9.9684,9.9684
inside_bar_breakout,class_time_stop,T2,1,0.0,-6.4828,-6.4828
inside_bar_breakout,class_time_stop,T3,1,1.0,10.1856,10.1856
inside_bar_breakout,earnings_blackout,T1ETF,1,1.0,69.2887,69.2887
inside_bar_breakout,earnings_blackout,T1a,4,0.5,2.8878249999999994,11.551299999999998
inside_bar_breakout,earnings_blackout,T1c,1,1.0,9.1647,9.1647
inside_bar_breakout,earnings_blackout,T2,1,0.0,-9.1161,-9.1161
inside_bar_breakout,earnings_blackout,T3,1,0.0,-0.6479,-0.6479
inside_bar_breakout,fixed_4r_2r,T1ETF,1,0.0,-2.3203,-2.3203
inside_bar_breakout,fixed_4r_2r,T1a,4,0.75,10.098775,40.3951
inside_bar_breakout,fixed_4r_2r,T1c,1,1.0,11.8155,11.8155
inside_bar_breakout,fixed_4r_2r,T2,1,0.0,-6.0871,-6.0871
inside_bar_breakout,fixed_4r_2r,T3,1,1.0,28.949,28.949
inside_bar_breakout,hybrid_50pct_target,T1ETF,1,1.0,16.7125,16.7125
inside_bar_breakout,hybrid_50pct_target,T1a,4,0.75,6.8614,27.4456
inside_bar_breakout,hybrid_50pct_target,T1c,1,1.0,7.0096,7.0096
inside_bar_breakout,hybrid_50pct_target,T2,1,0.0,-10.0,-10.0
inside_bar_breakout,hybrid_50pct_target,T3,1,1.0,16.9626,16.9626
inside_bar_breakout,ma_exit_ema9,T1ETF,1,0.0,-0.0041,-0.0041
inside_bar_breakout,ma_exit_ema9,T1a,4,0.5,-0.271825,-1.0873
inside_bar_breakout,ma_exit_ema9,T1c,1,1.0,0.3345,0.3345
inside_bar_breakout,ma_exit_ema9,T2,1,1.0,0.9321,0.9321
inside_bar_breakout,ma_exit_ema9,T3,1,0.0,-1.6696,-1.6696
inside_bar_breakout,mfe_lockin_trail,T1ETF,1,0.0,-0.6,-0.6
inside_bar_breakout,mfe_lockin_trail,T1a,4,0.25,-0.6743000000000001,-2.6972000000000005
inside_bar_breakout,mfe_lockin_trail,T1c,1,1.0,2.9643,2.9643
inside_bar_breakout,mfe_lockin_trail,T2,1,0.0,-2.0712,-2.0712
inside_bar_breakout,mfe_lockin_trail,T3,1,1.0,4.506,4.506
inside_bar_breakout,multi_tier_partial,T1ETF,1,0.0,-0.0133,-0.0133
inside_bar_breakout,multi_tier_partial,T1a,4,0.25,-0.011199999999999988,-0.04479999999999995
inside_bar_breakout,multi_tier_partial,T1c,1,1.0,2.715,2.715
inside_bar_breakout,multi_tier_partial,T2,1,1.0,1.0145,1.0145
inside_bar_breakout,multi_tier_partial,T3,1,1.0,5.4164,5.4164
inside_bar_breakout,next_pivot_target,T1ETF,1,1.0,0.3293,0.3293
inside_bar_breakout,next_pivot_target,T1a,4,1.0,2.2538,9.0152
inside_bar_breakout,next_pivot_target,T1c,1,1.0,0.4542,0.4542
inside_bar_breakout,next_pivot_target,T2,1,1.0,3.7733,3.7733
inside_bar_breakout,next_pivot_target,T3,1,1.0,0.4252,0.4252
inside_bar_breakout,r_multiple_2r,T1ETF,1,1.0,2.3203,2.3203
inside_bar_breakout,r_multiple_2r,T1a,4,0.75,2.418075,9.6723
inside_bar_breakout,r_multiple_2r,T1c,1,1.0,5.9078,5.9078
inside_bar_breakout,r_multiple_2r,T2,1,0.0,-3.0436,-3.0436
inside_bar_breakout,r_multiple_2r,T3,1,1.0,14.4745,14.4745
inside_bar_breakout,r_multiple_3r,T1ETF,1,0.0,-1.1602,-1.1602
inside_bar_breakout,r_multiple_3r,T1a,4,0.5,1.7684499999999996,7.0737999999999985
inside_bar_breakout,r_multiple_3r,T1c,1,1.0,9.3446,9.3446
inside_bar_breakout,r_multiple_3r,T2,1,0.0,-3.0436,-3.0436
inside_bar_breakout,r_multiple_3r,T3,1,1.0,21.7117,21.7117
inside_bar_breakout,regime_flip,T1ETF,1,0.0,-0.4375,-0.4375
inside_bar_breakout,regime_flip,T1a,4,0.75,4.6756,18.7024
inside_bar_breakout,regime_flip,T1c,1,1.0,15.2955,15.2955
inside_bar_breakout,regime_flip,T2,1,0.0,-5.6166,-5.6166
inside_bar_breakout,regime_flip,T3,1,1.0,2.2629,2.2629
inside_bar_breakout,reverse_signal,T1ETF,1,0.0,-0.6,-0.6
inside_bar_breakout,reverse_signal,T1a,4,0.25,-0.6743000000000001,-2.6972000000000005
inside_bar_breakout,reverse_signal,T1c,1,1.0,2.5956,2.5956
inside_bar_breakout,reverse_signal,T2,1,0.0,-2.0712,-2.0712
inside_bar_breakout,reverse_signal,T3,1,1.0,4.506,4.506
inside_bar_breakout,smc_mitigation_zone,T1ETF,1,0.0,-0.6,-0.6
inside_bar_breakout,smc_mitigation_zone,T1a,4,0.25,-0.6743000000000001,-2.6972000000000005
inside_bar_breakout,smc_mitigation_zone,T1c,1,1.0,2.5956,2.5956
inside_bar_breakout,smc_mitigation_zone,T2,1,0.0,-2.0712,-2.0712
inside_bar_breakout,smc_mitigation_zone,T3,1,1.0,4.506,4.506
inside_bar_breakout,time_stop_10d,T1ETF,1,1.0,1.341,1.341
inside_bar_breakout,time_stop_10d,T1a,4,0.75,1.7252500000000002,6.901000000000001
inside_bar_breakout,time_stop_10d,T1c,1,1.0,6.5212,6.5212
inside_bar_breakout,time_stop_10d,T2,1,0.0,-3.4683,-3.4683
inside_bar_breakout,time_stop_10d,T3,1,0.0,-1.8816,-1.8816
inside_bar_breakout,time_stop_20d,T1ETF,1,0.0,-0.4375,-0.4375
inside_bar_breakout,time_stop_20d,T1a,4,0.75,4.6756,18.7024
inside_bar_breakout,time_stop_20d,T1c,1,1.0,15.2955,15.2955
inside_bar_breakout,time_stop_20d,T2,1,0.0,-5.6166,-5.6166
inside_bar_breakout,time_stop_20d,T3,1,1.0,2.2629,2.2629
inside_bar_breakout,trailing_10pct,T1ETF,1,1.0,29.9445,29.9445
inside_bar_breakout,trailing_10pct,T1a,4,0.5,0.9534499999999999,3.8137999999999996
inside_bar_breakout,trailing_10pct,T1c,1,1.0,5.1575,5.1575
inside_bar_breakout,trailing_10pct,T2,1,0.0,-9.1612,-9.1612
inside_bar_breakout,trailing_10pct,T3,1,1.0,3.0185,3.0185
inside_bar_breakout,trailing_15pct,T1ETF,1,1.0,22.7254,22.7254
inside_bar_breakout,trailing_15pct,T1a,4,0.5,5.4092,21.6368
inside_bar_breakout,trailing_15pct,T1c,1,1.0,4.8846,4.8846
inside_bar_breakout,trailing_15pct,T2,1,1.0,21.6053,21.6053
inside_bar_breakout,trailing_15pct,T3,1,0.0,-2.7047,-2.7047
inside_bar_breakout,trailing_5pct,T1ETF,1,0.0,-2.3587,-2.3587
inside_bar_breakout,trailing_5pct,T1a,4,0.5,1.2781749999999996,5.1126999999999985
inside_bar_breakout,trailing_5pct,T1c,1,1.0,10.9996,10.9996
inside_bar_breakout,trailing_5pct,T2,1,0.0,-4.1145,-4.1145
inside_bar_breakout,trailing_5pct,T3,1,0.0,-0.9178,-0.9178
insider_cluster_long,atr_trail_1x,T1a,3,0.3333333333333333,-1.7164333333333335,-5.1493
insider_cluster_long,atr_trail_1x,T1c,3,0.3333333333333333,6.579633333333333,19.738899999999997
insider_cluster_long,atr_trail_1x,T2,1,0.0,-12.742,-12.742
insider_cluster_long,atr_trail_1x,T3,1,0.0,-7.6986,-7.6986
insider_cluster_long,atr_trail_1x,unknown,1,0.0,-7.2273,-7.2273
insider_cluster_long,atr_trail_2x,T1a,3,0.0,-3.2450666666666668,-9.7352
insider_cluster_long,atr_trail_2x,T1c,3,0.3333333333333333,-0.3840333333333333,-1.1521
insider_cluster_long,atr_trail_2x,T2,1,0.0,-25.484,-25.484
insider_cluster_long,atr_trail_2x,T3,1,1.0,12.8504,12.8504
insider_cluster_long,atr_trail_2x,unknown,1,0.0,-2.8911,-2.8911
insider_cluster_long,atr_trail_mae_conditional,T1a,3,0.3333333333333333,-1.7164333333333335,-5.1493
insider_cluster_long,atr_trail_mae_conditional,T1c,3,0.3333333333333333,6.579633333333333,19.738899999999997
insider_cluster_long,atr_trail_mae_conditional,T2,1,0.0,-12.742,-12.742
insider_cluster_long,atr_trail_mae_conditional,T3,1,0.0,-7.6986,-7.6986
insider_cluster_long,atr_trail_mae_conditional,unknown,1,0.0,-7.2273,-7.2273
insider_cluster_long,atr_trail_vix_conditional,T1a,3,0.0,-2.369766666666667,-7.109300000000001
insider_cluster_long,atr_trail_vix_conditional,T1c,3,0.3333333333333333,3.8612333333333333,11.5837
insider_cluster_long,atr_trail_vix_conditional,T2,1,0.0,-12.742,-12.742
insider_cluster_long,atr_trail_vix_conditional,T3,1,1.0,16.6129,16.6129
insider_cluster_long,atr_trail_vix_conditional,unknown,1,1.0,0.514,0.514
insider_cluster_long,break_even_at_1r,T1a,3,0.0,-2.845466666666667,-8.5364
insider_cluster_long,break_even_at_1r,T1c,3,0.3333333333333333,4.0823,12.2469
insider_cluster_long,break_even_at_1r,T2,1,0.0,-12.742,-12.742
insider_cluster_long,break_even_at_1r,T3,1,0.0,-7.6986,-7.6986
insider_cluster_long,break_even_at_1r,unknown,1,0.0,-7.2273,-7.2273
insider_cluster_long,breakeven_plus_trail,T1a,3,0.0,-3.367433333333333,-10.1023
insider_cluster_long,breakeven_plus_trail,T1c,3,0.6666666666666666,14.901200000000001,44.7036
insider_cluster_long,breakeven_plus_trail,T2,1,0.0,-25.484,-25.484
insider_cluster_long,breakeven_plus_trail,T3,1,1.0,15.1103,15.1103
insider_cluster_long,breakeven_plus_trail,unknown,1,0.0,0.0,0.0
insider_cluster_long,chandelier_3x,T1a,3,0.0,-4.264366666666667,-12.793099999999999
insider_cluster_long,chandelier_3x,T1c,3,0.3333333333333333,3.4009333333333327,10.202799999999998
insider_cluster_long,chandelier_3x,T2,1,0.0,-0.2687,-0.2687
insider_cluster_long,chandelier_3x,T3,1,0.0,-0.4475,-0.4475
insider_cluster_long,chandelier_3x,unknown,1,0.0,-6.2827,-6.2827
insider_cluster_long,class_time_stop,T1a,3,0.0,-7.215533333333333,-21.6466
insider_cluster_long,class_time_stop,T1c,3,0.6666666666666666,15.692566666666664,47.07769999999999
insider_cluster_long,class_time_stop,T2,1,0.0,-28.5173,-28.5173
insider_cluster_long,class_time_stop,T3,1,1.0,48.9939,48.9939
insider_cluster_long,class_time_stop,unknown,1,0.0,-7.4423,-7.4423
insider_cluster_long,earnings_blackout,T1a,3,0.0,-5.631433333333334,-16.8943
insider_cluster_long,earnings_blackout,T1c,3,0.6666666666666666,10.946266666666668,32.838800000000006
insider_cluster_long,earnings_blackout,T2,1,0.0,-33.5986,-33.5986
insider_cluster_long,earnings_blackout,T3,1,1.0,20.1996,20.1996
insider_cluster_long,earnings_blackout,unknown,1,0.0,-6.1127,-6.1127
insider_cluster_long,fixed_4r_2r,T1a,3,0.0,-7.965366666666665,-23.896099999999997
insider_cluster_long,fixed_4r_2r,T1c,3,0.3333333333333333,5.740766666666668,17.222300000000004
insider_cluster_long,fixed_4r_2r,T2,1,0.0,-25.484,-25.484
insider_cluster_long,fixed_4r_2r,T3,1,1.0,30.7943,30.7943
insider_cluster_long,fixed_4r_2r,unknown,1,0.0,-14.4547,-14.4547
insider_cluster_long,hybrid_50pct_target,T1a,3,0.0,-10.0,-30.0
insider_cluster_long,hybrid_50pct_target,T1c,3,0.3333333333333333,2.1340000000000003,6.402000000000001
insider_cluster_long,hybrid_50pct_target,T2,1,0.0,-10.0,-10.0
insider_cluster_long,hybrid_50pct_target,T3,1,1.0,19.103,19.103
insider_cluster_long,hybrid_50pct_target,unknown,1,0.0,-10.0,-10.0
insider_cluster_long,ma_exit_ema9,T1a,3,0.0,-1.8542333333333334,-5.5627
insider_cluster_long,ma_exit_ema9,T1c,3,0.6666666666666666,8.947133333333333,26.8414
insider_cluster_long,ma_exit_ema9,T2,1,0.0,-5.7806,-5.7806
insider_cluster_long,ma_exit_ema9,T3,1,0.0,-1.7868,-1.7868
insider_cluster_long,ma_exit_ema9,unknown,1,0.0,-5.337,-5.337
insider_cluster_long,mfe_lockin_trail,T1a,3,0.3333333333333333,-1.7164333333333335,-5.1493
insider_cluster_long,mfe_lockin_trail,T1c,3,0.3333333333333333,4.536033333333333,13.6081
insider_cluster_long,mfe_lockin_trail,T2,1,0.0,-12.742,-12.742
insider_cluster_long,mfe_lockin_trail,T3,1,0.0,-7.6986,-7.6986
insider_cluster_long,mfe_lockin_trail,unknown,1,0.0,-7.2273,-7.2273
insider_cluster_long,multi_tier_partial,T1a,3,0.3333333333333333,-1.7935333333333332,-5.380599999999999
insider_cluster_long,multi_tier_partial,T1c,3,0.6666666666666666,4.651133333333333,13.953399999999998
insider_cluster_long,multi_tier_partial,T2,1,0.0,-12.742,-12.742
insider_cluster_long,multi_tier_partial,T3,1,0.0,-7.6986,-7.6986
insider_cluster_long,multi_tier_partial,unknown,1,0.0,-7.2273,-7.2273
insider_cluster_long,next_pivot_target,T1a,3,0.3333333333333333,-6.5012333333333325,-19.5037
insider_cluster_long,next_pivot_target,T1c,3,0.6666666666666666,7.4392000000000005,22.317600000000002
insider_cluster_long,next_pivot_target,T2,1,0.0,-25.484,-25.484
insider_cluster_long,next_pivot_target,T3,1,1.0,23.0957,23.0957
insider_cluster_long,next_pivot_target,unknown,1,1.0,0.0554,0.0554
insider_cluster_long,r_multiple_2r,T1a,3,0.0,-3.449033333333333,-10.3471
insider_cluster_long,r_multiple_2r,T1c,3,0.3333333333333333,2.1373666666666673,6.4121000000000015
insider_cluster_long,r_multiple_2r,T2,1,0.0,-12.742,-12.742
insider_cluster_long,r_multiple_2r,T3,1,0.0,-7.6986,-7.6986
insider_cluster_long,r_multiple_2r,unknown,1,0.0,-7.2273,-7.2273
insider_cluster_long,r_multiple_3r,T1a,3,0.0,-3.449033333333333,-10.3471
insider_cluster_long,r_multiple_3r,T1c,3,0.3333333333333333,5.6641666666666675,16.992500000000003
insider_cluster_long,r_multiple_3r,T2,1,0.0,-12.742,-12.742
insider_cluster_long,r_multiple_3r,T3,1,0.0,-7.6986,-7.6986
insider_cluster_long,r_multiple_3r,unknown,1,0.0,-7.2273,-7.2273
insider_cluster_long,regime_flip,T1a,3,0.3333333333333333,-2.8127333333333335,-8.4382
insider_cluster_long,regime_flip,T1c,3,0.6666666666666666,15.566966666666666,46.7009
insider_cluster_long,regime_flip,T2,1,0.0,-11.9385,-11.9385
insider_cluster_long,regime_flip,T3,1,1.0,22.2085,22.2085
insider_cluster_long,regime_flip,unknown,1,0.0,-0.6464,-0.6464
insider_cluster_long,reverse_signal,T1a,3,0.3333333333333333,-1.7164333333333335,-5.1493
insider_cluster_long,reverse_signal,T1c,3,0.3333333333333333,6.579633333333333,19.738899999999997
insider_cluster_long,reverse_signal,T2,1,0.0,-12.742,-12.742
insider_cluster_long,reverse_signal,T3,1,0.0,-7.6986,-7.6986
insider_cluster_long,reverse_signal,unknown,1,0.0,-7.2273,-7.2273
insider_cluster_long,smc_mitigation_zone,T1a,3,0.3333333333333333,-1.7164333333333335,-5.1493
insider_cluster_long,smc_mitigation_zone,T1c,3,0.3333333333333333,6.579633333333333,19.738899999999997
insider_cluster_long,smc_mitigation_zone,T2,1,0.0,-12.742,-12.742
insider_cluster_long,smc_mitigation_zone,T3,1,0.0,-7.6986,-7.6986
insider_cluster_long,smc_mitigation_zone,unknown,1,0.0,-7.2273,-7.2273
insider_cluster_long,time_stop_10d,T1a,3,0.6666666666666666,0.4347333333333334,1.3042000000000002
insider_cluster_long,time_stop_10d,T1c,3,0.6666666666666666,5.0906666666666665,15.271999999999998
insider_cluster_long,time_stop_10d,T2,1,0.0,-12.1968,-12.1968
insider_cluster_long,time_stop_10d,T3,1,1.0,24.4406,24.4406
insider_cluster_long,time_stop_10d,unknown,1,1.0,3.3056,3.3056
insider_cluster_long,time_stop_20d,T1a,3,0.3333333333333333,-2.8127333333333335,-8.4382
insider_cluster_long,time_stop_20d,T1c,3,0.6666666666666666,15.566966666666666,46.7009
insider_cluster_long,time_stop_20d,T2,1,0.0,-11.9385,-11.9385
insider_cluster_long,time_stop_20d,T3,1,1.0,22.2085,22.2085
insider_cluster_long,time_stop_20d,unknown,1,0.0,-0.6464,-0.6464
insider_cluster_long,trailing_10pct,T1a,3,0.0,-6.7671,-20.3013
insider_cluster_long,trailing_10pct,T1c,3,0.3333333333333333,1.713466666666667,5.1404000000000005
insider_cluster_long,trailing_10pct,T2,1,0.0,-10.0,-10.0
insider_cluster_long,trailing_10pct,T3,1,0.0,-10.0,-10.0
insider_cluster_long,trailing_10pct,unknown,1,0.0,-0.3435,-0.3435
insider_cluster_long,trailing_15pct,T1a,3,0.0,-11.362233333333334,-34.0867
insider_cluster_long,trailing_15pct,T1c,3,0.3333333333333333,-0.36616666666666653,-1.0984999999999996
insider_cluster_long,trailing_15pct,T2,1,0.0,-15.0,-15.0
insider_cluster_long,trailing_15pct,T3,1,1.0,8.7153,8.7153
insider_cluster_long,trailing_15pct,unknown,1,0.0,-5.88,-5.88
insider_cluster_long,trailing_5pct,T1a,3,0.0,-3.3572333333333333,-10.0717
insider_cluster_long,trailing_5pct,T1c,3,0.3333333333333333,4.930833333333333,14.7925
insider_cluster_long,trailing_5pct,T2,1,0.0,-5.0,-5.0
insider_cluster_long,trailing_5pct,T3,1,0.0,-5.0,-5.0
insider_cluster_long,trailing_5pct,unknown,1,0.0,-5.0,-5.0
institutional_buy_momentum_long,atr_trail_1x,T1a,7,0.14285714285714285,-1.4651571428571428,-10.2561
institutional_buy_momentum_long,atr_trail_1x,T1c,1,0.0,-0.7137,-0.7137
institutional_buy_momentum_long,atr_trail_1x,T2,5,0.4,-0.61154,-3.0577
institutional_buy_momentum_long,atr_trail_1x,unknown,12,0.25,-1.4577083333333334,-17.4925
institutional_buy_momentum_long,atr_trail_2x,T1a,7,0.14285714285714285,-2.7895428571428575,-19.5268
institutional_buy_momentum_long,atr_trail_2x,T1c,1,0.0,-4.6904,-4.6904
institutional_buy_momentum_long,atr_trail_2x,T2,5,0.0,-7.38038,-36.9019
institutional_buy_momentum_long,atr_trail_2x,unknown,12,0.4166666666666667,10.973808333333332,131.6857
institutional_buy_momentum_long,atr_trail_mae_conditional,T1a,7,0.14285714285714285,-1.4651571428571428,-10.2561
institutional_buy_momentum_long,atr_trail_mae_conditional,T1c,1,0.0,-0.7137,-0.7137
institutional_buy_momentum_long,atr_trail_mae_conditional,T2,5,0.4,-0.61154,-3.0577
institutional_buy_momentum_long,atr_trail_mae_conditional,unknown,12,0.25,-1.4577083333333334,-17.4925
institutional_buy_momentum_long,atr_trail_vix_conditional,T1a,7,0.14285714285714285,-1.7929857142857144,-12.5509
institutional_buy_momentum_long,atr_trail_vix_conditional,T1c,1,0.0,-0.7137,-0.7137
institutional_buy_momentum_long,atr_trail_vix_conditional,T2,5,0.2,-4.535559999999999,-22.677799999999998
institutional_buy_momentum_long,atr_trail_vix_conditional,unknown,12,0.25,-0.8185833333333333,-9.823
institutional_buy_momentum_long,break_even_at_1r,T1a,7,0.0,-2.3795428571428574,-16.6568
institutional_buy_momentum_long,break_even_at_1r,T1c,1,0.0,-0.7137,-0.7137
institutional_buy_momentum_long,break_even_at_1r,T2,5,0.0,-4.87668,-24.3834
institutional_buy_momentum_long,break_even_at_1r,unknown,12,0.25,3.179041666666667,38.148500000000006
institutional_buy_momentum_long,breakeven_plus_trail,T1a,7,0.2857142857142857,-2.4308,-17.0156
institutional_buy_momentum_long,breakeven_plus_trail,T1c,1,1.0,4.3582,4.3582
institutional_buy_momentum_long,breakeven_plus_trail,T2,5,0.2,0.22597999999999985,1.1298999999999992
institutional_buy_momentum_long,breakeven_plus_trail,unknown,12,0.5833333333333334,24.214358333333337,290.57230000000004
institutional_buy_momentum_long,chandelier_3x,T1a,7,0.14285714285714285,-2.5301,-17.7107
institutional_buy_momentum_long,chandelier_3x,T1c,1,0.0,-1.6238,-1.6238
institutional_buy_momentum_long,chandelier_3x,T2,5,0.0,-7.061660000000001,-35.3083
institutional_buy_momentum_long,chandelier_3x,unknown,12,0.5833333333333334,3.7779749999999996,45.335699999999996
institutional_buy_momentum_long,class_time_stop,T1a,7,0.14285714285714285,-5.161371428571428,-36.129599999999996
institutional_buy_momentum_long,class_time_stop,T1c,1,1.0,14.6339,14.6339
institutional_buy_momentum_long,class_time_stop,T2,5,0.4,-13.93536,-69.6768
institutional_buy_momentum_long,class_time_stop,unknown,12,0.5833333333333334,21.60168333333333,259.2202
institutional_buy_momentum_long,earnings_blackout,T1a,7,0.42857142857142855,-3.1919857142857144,-22.3439
institutional_buy_momentum_long,earnings_blackout,T1c,1,1.0,85.3191,85.3191
institutional_buy_momentum_long,earnings_blackout,T2,5,0.6,-4.440980000000001,-22.204900000000002
institutional_buy_momentum_long,earnings_blackout,unknown,12,0.75,31.0757,372.90840000000003
institutional_buy_momentum_long,fixed_4r_2r,T1a,7,0.2857142857142857,-1.4007000000000005,-9.804900000000004
institutional_buy_momentum_long,fixed_4r_2r,T1c,1,0.0,-7.7025,-7.7025
institutional_buy_momentum_long,fixed_4r_2r,T2,5,0.0,-9.9102,-49.551
institutional_buy_momentum_long,fixed_4r_2r,unknown,12,0.6666666666666666,19.571033333333332,234.8524
institutional_buy_momentum_long,hybrid_50pct_target,T1a,7,0.42857142857142855,-3.210757142857143,-22.4753
institutional_buy_momentum_long,hybrid_50pct_target,T1c,1,1.0,7.956,7.956
institutional_buy_momentum_long,hybrid_50pct_target,T2,5,0.2,-6.22588,-31.1294
institutional_buy_momentum_long,hybrid_50pct_target,unknown,12,0.75,11.214266666666667,134.5712
institutional_buy_momentum_long,ma_exit_ema9,T1a,7,0.14285714285714285,-1.3901000000000001,-9.7307
institutional_buy_momentum_long,ma_exit_ema9,T1c,1,0.0,-0.6277,-0.6277
institutional_buy_momentum_long,ma_exit_ema9,T2,5,0.2,-6.07578,-30.378899999999998
institutional_buy_momentum_long,ma_exit_ema9,unknown,12,0.5833333333333334,5.2172,62.6064
institutional_buy_momentum_long,mfe_lockin_trail,T1a,7,0.14285714285714285,-1.4360142857142857,-10.0521
institutional_buy_momentum_long,mfe_lockin_trail,T1c,1,0.0,-0.7137,-0.7137
institutional_buy_momentum_long,mfe_lockin_trail,T2,5,0.4,-0.61154,-3.0577
institutional_buy_momentum_long,mfe_lockin_trail,unknown,12,0.25,-1.4577083333333334,-17.4925
institutional_buy_momentum_long,multi_tier_partial,T1a,7,0.2857142857142857,-1.145857142857143,-8.021
institutional_buy_momentum_long,multi_tier_partial,T1c,1,1.0,0.8079,0.8079
institutional_buy_momentum_long,multi_tier_partial,T2,5,0.4,-0.12176000000000009,-0.6088000000000005
institutional_buy_momentum_long,multi_tier_partial,unknown,12,0.5,0.09885833333333344,1.1863000000000012
institutional_buy_momentum_long,next_pivot_target,T1a,7,0.8571428571428571,1.3723714285714286,9.6066
institutional_buy_momentum_long,next_pivot_target,T1c,1,1.0,3.0061,3.0061
institutional_buy_momentum_long,next_pivot_target,T2,5,0.8,-1.7486599999999997,-8.743299999999998
institutional_buy_momentum_long,next_pivot_target,unknown,12,1.0,4.683000000000001,56.196000000000005
institutional_buy_momentum_long,r_multiple_2r,T1a,7,0.14285714285714285,-1.8364285714285713,-12.854999999999999
institutional_buy_momentum_long,r_multiple_2r,T1c,1,0.0,-3.8513,-3.8513
institutional_buy_momentum_long,r_multiple_2r,T2,5,0.2,-1.2796600000000002,-6.398300000000001
institutional_buy_momentum_long,r_multiple_2r,unknown,12,0.5833333333333334,4.078516666666666,48.9422
institutional_buy_momentum_long,r_multiple_3r,T1a,7,0.0,-3.114071428571428,-21.798499999999997
institutional_buy_momentum_long,r_multiple_3r,T1c,1,0.0,-3.8513,-3.8513
institutional_buy_momentum_long,r_multiple_3r,T2,5,0.0,-5.74174,-28.7087
institutional_buy_momentum_long,r_multiple_3r,unknown,12,0.5,5.728750000000001,68.745
institutional_buy_momentum_long,regime_flip,T1a,7,0.2857142857142857,-3.2961142857142858,-23.0728
institutional_buy_momentum_long,regime_flip,T1c,1,0.0,-0.6277,-0.6277
institutional_buy_momentum_long,regime_flip,T2,5,0.2,-11.26846,-56.342299999999994
institutional_buy_momentum_long,regime_flip,unknown,12,0.5833333333333334,20.975283333333334,251.7034
institutional_buy_momentum_long,reverse_signal,T1a,7,0.14285714285714285,-1.4651571428571428,-10.2561
institutional_buy_momentum_long,reverse_signal,T1c,1,0.0,-0.7137,-0.7137
institutional_buy_momentum_long,reverse_signal,T2,5,0.4,-0.61154,-3.0577
institutional_buy_momentum_long,reverse_signal,unknown,12,0.25,-1.4577083333333334,-17.4925
institutional_buy_momentum_long,smc_mitigation_zone,T1a,7,0.14285714285714285,-1.4651571428571428,-10.2561
institutional_buy_momentum_long,smc_mitigation_zone,T1c,1,0.0,-0.7137,-0.7137
institutional_buy_momentum_long,smc_mitigation_zone,T2,5,0.4,-0.61154,-3.0577
institutional_buy_momentum_long,smc_mitigation_zone,unknown,12,0.25,-1.4577083333333334,-17.4925
institutional_buy_momentum_long,time_stop_10d,T1a,7,0.42857142857142855,-0.8273999999999999,-5.791799999999999
institutional_buy_momentum_long,time_stop_10d,T1c,1,0.0,-0.685,-0.685
institutional_buy_momentum_long,time_stop_10d,T2,5,0.2,-9.89442,-49.4721
institutional_buy_momentum_long,time_stop_10d,unknown,12,0.6666666666666666,15.431383333333335,185.1766
institutional_buy_momentum_long,time_stop_20d,T1a,7,0.2857142857142857,-3.2961142857142858,-23.0728
institutional_buy_momentum_long,time_stop_20d,T1c,1,0.0,-0.6277,-0.6277
institutional_buy_momentum_long,time_stop_20d,T2,5,0.2,-11.26846,-56.342299999999994
institutional_buy_momentum_long,time_stop_20d,unknown,12,0.5833333333333334,20.975283333333334,251.7034
institutional_buy_momentum_long,trailing_10pct,T1a,7,0.42857142857142855,-2.261685714285714,-15.8318
institutional_buy_momentum_long,trailing_10pct,T1c,1,0.0,-6.8987,-6.8987
institutional_buy_momentum_long,trailing_10pct,T2,5,0.2,-5.897399999999999,-29.487
institutional_buy_momentum_long,trailing_10pct,unknown,12,0.5,12.94495,155.3394
institutional_buy_momentum_long,trailing_15pct,T1a,7,0.14285714285714285,-8.6844,-60.790800000000004
institutional_buy_momentum_long,trailing_15pct,T1c,1,1.0,15.605,15.605
institutional_buy_momentum_long,trailing_15pct,T2,5,0.2,-3.26686,-16.3343
institutional_buy_momentum_long,trailing_15pct,unknown,12,0.5833333333333334,13.354825,160.2579
institutional_buy_momentum_long,trailing_5pct,T1a,7,0.2857142857142857,-1.8693285714285715,-13.0853
institutional_buy_momentum_long,trailing_5pct,T1c,1,0.0,-1.7264,-1.7264
institutional_buy_momentum_long,trailing_5pct,T2,5,0.4,-3.4911000000000003,-17.4555
institutional_buy_momentum_long,trailing_5pct,unknown,12,0.3333333333333333,-1.0042166666666665,-12.0506
institutional_cluster_long,atr_trail_1x,T1a,5,0.0,-3.4294800000000003,-17.1474
institutional_cluster_long,atr_trail_1x,T1c,1,0.0,-1.4421,-1.4421
institutional_cluster_long,atr_trail_1x,T2,7,0.2857142857142857,-0.7670571428571428,-5.3694
institutional_cluster_long,atr_trail_1x,T3,7,0.42857142857142855,-1.4992,-10.4944
institutional_cluster_long,atr_trail_1x,unknown,16,0.375,-1.52260625,-24.3617
institutional_cluster_long,atr_trail_2x,T1a,5,0.2,-1.4711600000000005,-7.355800000000002
institutional_cluster_long,atr_trail_2x,T1c,1,0.0,-4.0707,-4.0707
institutional_cluster_long,atr_trail_2x,T2,7,0.42857142857142855,-0.9432142857142856,-6.602499999999999
institutional_cluster_long,atr_trail_2x,T3,7,0.2857142857142857,0.33142857142857146,2.3200000000000003
institutional_cluster_long,atr_trail_2x,unknown,16,0.25,-5.55148125,-88.8237
institutional_cluster_long,atr_trail_mae_conditional,T1a,5,0.0,-3.4294800000000003,-17.1474
institutional_cluster_long,atr_trail_mae_conditional,T1c,1,0.0,-1.4421,-1.4421
institutional_cluster_long,atr_trail_mae_conditional,T2,7,0.2857142857142857,-0.7670571428571428,-5.3694
institutional_cluster_long,atr_trail_mae_conditional,T3,7,0.42857142857142855,-1.4992,-10.4944
institutional_cluster_long,atr_trail_mae_conditional,unknown,16,0.375,-1.52260625,-24.3617
institutional_cluster_long,atr_trail_vix_conditional,T1a,5,0.2,1.5273000000000003,7.636500000000002
institutional_cluster_long,atr_trail_vix_conditional,T1c,1,0.0,-2.7564,-2.7564
institutional_cluster_long,atr_trail_vix_conditional,T2,7,0.14285714285714285,-1.9135571428571427,-13.3949
institutional_cluster_long,atr_trail_vix_conditional,T3,7,0.2857142857142857,3.2953714285714284,23.0676
institutional_cluster_long,atr_trail_vix_conditional,unknown,16,0.375,-0.7546375,-12.0742
institutional_cluster_long,break_even_at_1r,T1a,5,0.0,-3.4783,-17.3915
institutional_cluster_long,break_even_at_1r,T1c,1,0.0,-2.6506,-2.6506
institutional_cluster_long,break_even_at_1r,T2,7,0.0,-1.6866571428571429,-11.8066
institutional_cluster_long,break_even_at_1r,T3,7,0.14285714285714285,4.7242428571428565,33.0697
institutional_cluster_long,break_even_at_1r,unknown,16,0.1875,-1.89915625,-30.3865
institutional_cluster_long,breakeven_plus_trail,T1a,5,0.2,2.08656,10.4328
institutional_cluster_long,breakeven_plus_trail,T1c,1,0.0,-5.3011,-5.3011
institutional_cluster_long,breakeven_plus_trail,T2,7,0.5714285714285714,3.1375714285714276,21.962999999999994
institutional_cluster_long,breakeven_plus_trail,T3,7,0.7142857142857143,10.135042857142858,70.9453
institutional_cluster_long,breakeven_plus_trail,unknown,16,0.25,-4.5414625,-72.6634
institutional_cluster_long,chandelier_3x,T1a,5,0.2,1.1309800000000003,5.654900000000001
institutional_cluster_long,chandelier_3x,T1c,1,0.0,-0.1638,-0.1638
institutional_cluster_long,chandelier_3x,T2,7,0.14285714285714285,-1.3214714285714282,-9.250299999999998
institutional_cluster_long,chandelier_3x,T3,7,0.0,-3.7985714285714285,-26.59
institutional_cluster_long,chandelier_3x,unknown,16,0.125,-2.45819375,-39.3311
institutional_cluster_long,class_time_stop,T1a,5,0.4,-5.844,-29.220000000000002
institutional_cluster_long,class_time_stop,T1c,1,0.0,-6.5704,-6.5704
institutional_cluster_long,class_time_stop,T2,7,0.5714285714285714,2.016142857142857,14.113
institutional_cluster_long,class_time_stop,T3,7,0.7142857142857143,6.78862857142857,47.520399999999995
institutional_cluster_long,class_time_stop,unknown,16,0.4375,-0.32619375000000056,-5.219100000000009
institutional_cluster_long,earnings_blackout,T1a,5,0.2,-10.71724,-53.586200000000005
institutional_cluster_long,earnings_blackout,T1c,1,1.0,0.6932,0.6932
institutional_cluster_long,earnings_blackout,T2,7,0.42857142857142855,-4.441542857142857,-31.0908
institutional_cluster_long,earnings_blackout,T3,7,0.5714285714285714,8.805814285714286,61.640699999999995
institutional_cluster_long,earnings_blackout,unknown,16,0.375,12.80284375,204.8455
institutional_cluster_long,fixed_4r_2r,T1a,5,0.2,-3.550800000000001,-17.754000000000005
institutional_cluster_long,fixed_4r_2r,T1c,1,0.0,-5.3011,-5.3011
institutional_cluster_long,fixed_4r_2r,T2,7,0.2857142857142857,-1.5213142857142858,-10.6492
institutional_cluster_long,fixed_4r_2r,T3,7,0.2857142857142857,-0.8721571428571429,-6.1051
institutional_cluster_long,fixed_4r_2r,unknown,16,0.3125,-1.9071062500000004,-30.513700000000007
institutional_cluster_long,hybrid_50pct_target,T1a,5,0.2,-2.2547400000000004,-11.273700000000002
institutional_cluster_long,hybrid_50pct_target,T1c,1,0.0,-10.0,-10.0
institutional_cluster_long,hybrid_50pct_target,T2,7,0.5714285714285714,1.6592857142857143,11.615
institutional_cluster_long,hybrid_50pct_target,T3,7,0.42857142857142855,4.3689857142857145,30.582900000000002
institutional_cluster_long,hybrid_50pct_target,unknown,16,0.4375,1.55444375,24.8711
institutional_cluster_long,ma_exit_ema9,T1a,5,0.2,-0.7059399999999998,-3.529699999999999
institutional_cluster_long,ma_exit_ema9,T1c,1,0.0,-2.6325,-2.6325
institutional_cluster_long,ma_exit_ema9,T2,7,0.42857142857142855,0.28324285714285746,1.9827000000000021
institutional_cluster_long,ma_exit_ema9,T3,7,0.42857142857142855,-0.5620714285714286,-3.9345
institutional_cluster_long,ma_exit_ema9,unknown,16,0.3125,-2.0800562499999997,-33.280899999999995
institutional_cluster_long,mfe_lockin_trail,T1a,5,0.0,-3.4294800000000003,-17.1474
institutional_cluster_long,mfe_lockin_trail,T1c,1,0.0,-1.4421,-1.4421
institutional_cluster_long,mfe_lockin_trail,T2,7,0.2857142857142857,-0.5605,-3.9234999999999998
institutional_cluster_long,mfe_lockin_trail,T3,7,0.42857142857142855,-1.4992,-10.4944
institutional_cluster_long,mfe_lockin_trail,unknown,16,0.375,-1.38285,-22.1256
institutional_cluster_long,multi_tier_partial,T1a,5,0.2,-2.9500599999999997,-14.7503
institutional_cluster_long,multi_tier_partial,T1c,1,0.0,-1.4421,-1.4421
institutional_cluster_long,multi_tier_partial,T2,7,0.5714285714285714,0.3934857142857143,2.7544000000000004
institutional_cluster_long,multi_tier_partial,T3,7,0.7142857142857143,0.08938571428571425,0.6256999999999997
institutional_cluster_long,multi_tier_partial,unknown,16,0.4375,-1.2116687500000003,-19.386700000000005
institutional_cluster_long,next_pivot_target,T1a,5,0.2,-6.5110399999999995,-32.5552
institutional_cluster_long,next_pivot_target,T1c,1,1.0,0.1551,0.1551
institutional_cluster_long,next_pivot_target,T2,7,0.7142857142857143,-0.10832857142857108,-0.7582999999999975
institutional_cluster_long,next_pivot_target,T3,7,1.0,3.5227142857142857,24.659
institutional_cluster_long,next_pivot_target,unknown,16,0.75,-1.7752,-28.4032
institutional_cluster_long,r_multiple_2r,T1a,5,0.2,-1.7753799999999997,-8.8769
institutional_cluster_long,r_multiple_2r,T1c,1,0.0,-2.6506,-2.6506
institutional_cluster_long,r_multiple_2r,T2,7,0.14285714285714285,-2.9608285714285714,-20.7258
institutional_cluster_long,r_multiple_2r,T3,7,0.2857142857142857,-1.2358,-8.6506
institutional_cluster_long,r_multiple_2r,unknown,16,0.3125,0.6830624999999999,10.928999999999998
institutional_cluster_long,r_multiple_3r,T1a,5,0.2,-0.9392199999999999,-4.6960999999999995
institutional_cluster_long,r_multiple_3r,T1c,1,0.0,-2.6506,-2.6506
institutional_cluster_long,r_multiple_3r,T2,7,0.14285714285714285,-2.3160999999999996,-16.212699999999998
institutional_cluster_long,r_multiple_3r,T3,7,0.14285714285714285,-2.8980428571428574,-20.2863
institutional_cluster_long,r_multiple_3r,unknown,16,0.3125,1.2708437500000003,20.333500000000004
institutional_cluster_long,regime_flip,T1a,5,0.2,-5.14626,-25.731299999999997
institutional_cluster_long,regime_flip,T1c,1,0.0,-4.9792,-4.9792
institutional_cluster_long,regime_flip,T2,7,0.7142857142857143,4.887242857142857,34.210699999999996
institutional_cluster_long,regime_flip,T3,7,0.8571428571428571,10.519714285714286,73.638
institutional_cluster_long,regime_flip,unknown,16,0.375,-7.64673125,-122.3477
institutional_cluster_long,reverse_signal,T1a,5,0.0,-3.4294800000000003,-17.1474
institutional_cluster_long,reverse_signal,T1c,1,0.0,-1.4421,-1.4421
institutional_cluster_long,reverse_signal,T2,7,0.2857142857142857,-0.7670571428571428,-5.3694
institutional_cluster_long,reverse_signal,T3,7,0.42857142857142855,-1.4992,-10.4944
institutional_cluster_long,reverse_signal,unknown,16,0.375,-1.52260625,-24.3617
institutional_cluster_long,smc_mitigation_zone,T1a,5,0.0,-3.4294800000000003,-17.1474
institutional_cluster_long,smc_mitigation_zone,T1c,1,0.0,-1.4421,-1.4421
institutional_cluster_long,smc_mitigation_zone,T2,7,0.2857142857142857,-0.7670571428571428,-5.3694
institutional_cluster_long,smc_mitigation_zone,T3,7,0.42857142857142855,-1.4992,-10.4944
institutional_cluster_long,smc_mitigation_zone,unknown,16,0.375,-1.52260625,-24.3617
institutional_cluster_long,time_stop_10d,T1a,5,0.2,-2.28322,-11.4161
institutional_cluster_long,time_stop_10d,T1c,1,1.0,0.6932,0.6932
institutional_cluster_long,time_stop_10d,T2,7,0.5714285714285714,2.0822142857142856,14.575499999999998
institutional_cluster_long,time_stop_10d,T3,7,0.2857142857142857,0.7036857142857144,4.925800000000001
institutional_cluster_long,time_stop_10d,unknown,16,0.375,-4.2366,-67.7856
institutional_cluster_long,time_stop_20d,T1a,5,0.2,-5.14626,-25.731299999999997
institutional_cluster_long,time_stop_20d,T1c,1,0.0,-4.9792,-4.9792
institutional_cluster_long,time_stop_20d,T2,7,0.7142857142857143,4.887242857142857,34.210699999999996
institutional_cluster_long,time_stop_20d,T3,7,0.8571428571428571,10.519714285714286,73.638
institutional_cluster_long,time_stop_20d,unknown,16,0.375,-7.64673125,-122.3477
institutional_cluster_long,trailing_10pct,T1a,5,0.2,1.7952600000000003,8.976300000000002
institutional_cluster_long,trailing_10pct,T1c,1,0.0,-8.8311,-8.8311
institutional_cluster_long,trailing_10pct,T2,7,0.2857142857142857,-2.262642857142857,-15.8385
institutional_cluster_long,trailing_10pct,T3,7,0.42857142857142855,4.946628571428572,34.626400000000004
institutional_cluster_long,trailing_10pct,unknown,16,0.25,-4.4763,-71.6208
institutional_cluster_long,trailing_15pct,T1a,5,0.2,-4.22564,-21.1282
institutional_cluster_long,trailing_15pct,T1c,1,0.0,-10.5387,-10.5387
institutional_cluster_long,trailing_15pct,T2,7,0.42857142857142855,3.6771571428571432,25.7401
institutional_cluster_long,trailing_15pct,T3,7,0.2857142857142857,3.1783142857142854,22.248199999999997
institutional_cluster_long,trailing_15pct,unknown,16,0.375,-3.0493937499999997,-48.790299999999995
institutional_cluster_long,trailing_5pct,T1a,5,0.2,0.24121999999999985,1.2060999999999993
institutional_cluster_long,trailing_5pct,T1c,1,0.0,-3.8729,-3.8729
institutional_cluster_long,trailing_5pct,T2,7,0.42857142857142855,-0.7272428571428572,-5.0907
institutional_cluster_long,trailing_5pct,T3,7,0.5714285714285714,-0.9723571428571429,-6.806500000000001
institutional_cluster_long,trailing_5pct,unknown,16,0.0625,-3.24831875,-51.9731
lead_lag_sector_rotation,atr_trail_1x,T1a,21,0.14285714285714285,-1.1208666666666667,-23.5382
lead_lag_sector_rotation,atr_trail_1x,T1c,6,0.0,-1.6771666666666667,-10.063
lead_lag_sector_rotation,atr_trail_1x,T2,11,0.18181818181818182,0.003799999999999945,0.04179999999999939
lead_lag_sector_rotation,atr_trail_1x,unknown,34,0.058823529411764705,-1.6425176470588234,-55.8456
lead_lag_sector_rotation,atr_trail_2x,T1a,21,0.2857142857142857,0.1833333333333333,3.849999999999999
lead_lag_sector_rotation,atr_trail_2x,T1c,6,0.0,-3.49005,-20.9403
lead_lag_sector_rotation,atr_trail_2x,T2,11,0.18181818181818182,0.4884363636363638,5.372800000000002
lead_lag_sector_rotation,atr_trail_2x,unknown,34,0.08823529411764706,-2.409291176470588,-81.9159
lead_lag_sector_rotation,atr_trail_mae_conditional,T1a,21,0.14285714285714285,-1.1208666666666667,-23.5382
lead_lag_sector_rotation,atr_trail_mae_conditional,T1c,6,0.0,-1.6771666666666667,-10.063
lead_lag_sector_rotation,atr_trail_mae_conditional,T2,11,0.18181818181818182,0.003799999999999945,0.04179999999999939
lead_lag_sector_rotation,atr_trail_mae_conditional,unknown,34,0.058823529411764705,-1.6425176470588234,-55.8456
lead_lag_sector_rotation,atr_trail_vix_conditional,T1a,21,0.14285714285714285,-1.0890714285714285,-22.8705
lead_lag_sector_rotation,atr_trail_vix_conditional,T1c,6,0.0,-1.6771666666666667,-10.063
lead_lag_sector_rotation,atr_trail_vix_conditional,T2,11,0.18181818181818182,0.003799999999999945,0.04179999999999939
lead_lag_sector_rotation,atr_trail_vix_conditional,unknown,34,0.058823529411764705,-1.6425176470588234,-55.8456
lead_lag_sector_rotation,break_even_at_1r,T1a,21,0.047619047619047616,-1.1094095238095238,-23.2976
lead_lag_sector_rotation,break_even_at_1r,T1c,6,0.0,-1.11035,-6.6621
lead_lag_sector_rotation,break_even_at_1r,T2,11,0.09090909090909091,-0.5968818181818182,-6.5657
lead_lag_sector_rotation,break_even_at_1r,unknown,34,0.0,-1.1604470588235294,-39.4552
lead_lag_sector_rotation,breakeven_plus_trail,T1a,21,0.19047619047619047,-0.40213809523809535,-8.444900000000002
lead_lag_sector_rotation,breakeven_plus_trail,T1c,6,0.0,-2.6666666666666665,-16.0
lead_lag_sector_rotation,breakeven_plus_trail,T2,11,0.2727272727272727,1.311481818181818,14.426299999999998
lead_lag_sector_rotation,breakeven_plus_trail,unknown,34,0.29411764705882354,4.439385294117647,150.9391
lead_lag_sector_rotation,chandelier_3x,T1a,21,0.14285714285714285,0.19144285714285716,4.020300000000001
lead_lag_sector_rotation,chandelier_3x,T1c,6,0.0,-0.32166666666666666,-1.93
lead_lag_sector_rotation,chandelier_3x,T2,11,0.0,-1.7739272727272726,-19.513199999999998
lead_lag_sector_rotation,chandelier_3x,unknown,34,0.11764705882352941,2.9007411764705884,98.6252
lead_lag_sector_rotation,class_time_stop,T1a,21,0.38095238095238093,-1.5067047619047615,-31.64079999999999
lead_lag_sector_rotation,class_time_stop,T1c,6,0.16666666666666666,-2.1767833333333333,-13.0607
lead_lag_sector_rotation,class_time_stop,T2,11,0.5454545454545454,4.649654545454545,51.14619999999999
lead_lag_sector_rotation,class_time_stop,unknown,34,0.38235294117647056,8.351226470588234,283.94169999999997
lead_lag_sector_rotation,earnings_blackout,T1a,21,0.42857142857142855,-5.4816714285714285,-115.1151
lead_lag_sector_rotation,earnings_blackout,T1c,6,0.6666666666666666,0.36776666666666663,2.2066
lead_lag_sector_rotation,earnings_blackout,T2,11,0.6363636363636364,4.260954545454545,46.8705
lead_lag_sector_rotation,earnings_blackout,unknown,34,0.5,7.443129411764706,253.0664
lead_lag_sector_rotation,fixed_4r_2r,T1a,21,0.23809523809523808,-1.6021285714285713,-33.6447
lead_lag_sector_rotation,fixed_4r_2r,T1c,6,0.16666666666666666,-2.029533333333333,-12.1772
lead_lag_sector_rotation,fixed_4r_2r,T2,11,0.2727272727272727,0.06478181818181819,0.7126000000000001
lead_lag_sector_rotation,fixed_4r_2r,unknown,34,0.23529411764705882,-0.9427676470588234,-32.0541
lead_lag_sector_rotation,hybrid_50pct_target,T1a,21,0.38095238095238093,-2.6100809523809523,-54.8117
lead_lag_sector_rotation,hybrid_50pct_target,T1c,6,0.3333333333333333,-4.0020999999999995,-24.0126
lead_lag_sector_rotation,hybrid_50pct_target,T2,11,0.6363636363636364,1.2523181818181817,13.7755
lead_lag_sector_rotation,hybrid_50pct_target,unknown,34,0.5588235294117647,-1.6765441176470588,-57.0025
lead_lag_sector_rotation,ma_exit_ema9,T1a,21,0.3333333333333333,-0.032580952380952384,-0.6842
lead_lag_sector_rotation,ma_exit_ema9,T1c,6,0.16666666666666666,-0.9430499999999999,-5.6583
lead_lag_sector_rotation,ma_exit_ema9,T2,11,0.2727272727272727,-2.535809090909091,-27.8939
lead_lag_sector_rotation,ma_exit_ema9,unknown,34,0.3235294117647059,-1.9170823529411767,-65.1808
lead_lag_sector_rotation,mfe_lockin_trail,T1a,21,0.14285714285714285,-1.177095238095238,-24.718999999999998
lead_lag_sector_rotation,mfe_lockin_trail,T1c,6,0.0,-1.6771666666666667,-10.063
lead_lag_sector_rotation,mfe_lockin_trail,T2,11,0.18181818181818182,0.36642727272727277,4.0307
lead_lag_sector_rotation,mfe_lockin_trail,unknown,34,0.058823529411764705,-1.5784617647058825,-53.6677
lead_lag_sector_rotation,multi_tier_partial,T1a,21,0.2857142857142857,-1.0121333333333333,-21.2548
lead_lag_sector_rotation,multi_tier_partial,T1c,6,0.5,-0.50635,-3.0381
lead_lag_sector_rotation,multi_tier_partial,T2,11,0.45454545454545453,-0.12753636363636361,-1.4028999999999998
lead_lag_sector_rotation,multi_tier_partial,unknown,34,0.5294117647058824,-0.4651,-15.8134
lead_lag_sector_rotation,next_pivot_target,T1a,21,0.2857142857142857,-1.6386523809523807,-34.411699999999996
lead_lag_sector_rotation,next_pivot_target,T1c,6,0.16666666666666666,-2.24525,-13.471499999999999
lead_lag_sector_rotation,next_pivot_target,T2,11,0.2727272727272727,-0.11703636363636362,-1.2873999999999999
lead_lag_sector_rotation,next_pivot_target,unknown,34,0.2647058823529412,-1.1005117647058824,-37.4174
lead_lag_sector_rotation,r_multiple_2r,T1a,21,0.19047619047619047,-0.8695809523809525,-18.261200000000002
lead_lag_sector_rotation,r_multiple_2r,T1c,6,0.16666666666666666,-1.0,-6.0
lead_lag_sector_rotation,r_multiple_2r,T2,11,0.18181818181818182,0.020554545454545513,0.22610000000000063
lead_lag_sector_rotation,r_multiple_2r,unknown,34,0.11764705882352941,-1.365335294117647,-46.4214
lead_lag_sector_rotation,r_multiple_3r,T1a,21,0.14285714285714285,-0.9132666666666667,-19.1786
lead_lag_sector_rotation,r_multiple_3r,T1c,6,0.0,-2.0,-12.0
lead_lag_sector_rotation,r_multiple_3r,T2,11,0.18181818181818182,0.20237272727272734,2.2261000000000006
lead_lag_sector_rotation,r_multiple_3r,unknown,34,0.058823529411764705,-1.6006294117647057,-54.4214
lead_lag_sector_rotation,regime_flip,T1a,21,0.47619047619047616,0.4111523809523812,8.634200000000005
lead_lag_sector_rotation,regime_flip,T1c,6,0.3333333333333333,-3.6172000000000004,-21.703200000000002
lead_lag_sector_rotation,regime_flip,T2,11,0.6363636363636364,2.8431818181818183,31.275
lead_lag_sector_rotation,regime_flip,unknown,34,0.38235294117647056,0.1469588235294121,4.9966000000000115
lead_lag_sector_rotation,reverse_signal,T1a,21,0.14285714285714285,-1.1208666666666667,-23.5382
lead_lag_sector_rotation,reverse_signal,T1c,6,0.0,-1.6771666666666667,-10.063
lead_lag_sector_rotation,reverse_signal,T2,11,0.18181818181818182,0.003799999999999945,0.04179999999999939
lead_lag_sector_rotation,reverse_signal,unknown,34,0.058823529411764705,-1.6425176470588234,-55.8456
lead_lag_sector_rotation,smc_mitigation_zone,T1a,21,0.14285714285714285,-1.1208666666666667,-23.5382
lead_lag_sector_rotation,smc_mitigation_zone,T1c,6,0.0,-1.6771666666666667,-10.063
lead_lag_sector_rotation,smc_mitigation_zone,T2,11,0.18181818181818182,0.003799999999999945,0.04179999999999939
lead_lag_sector_rotation,smc_mitigation_zone,unknown,34,0.058823529411764705,-1.6425176470588234,-55.8456
lead_lag_sector_rotation,time_stop_10d,T1a,21,0.47619047619047616,-1.1300714285714286,-23.7315
lead_lag_sector_rotation,time_stop_10d,T1c,6,0.16666666666666666,-6.01805,-36.1083
lead_lag_sector_rotation,time_stop_10d,T2,11,0.6363636363636364,1.2080727272727274,13.288800000000002
lead_lag_sector_rotation,time_stop_10d,unknown,34,0.38235294117647056,-0.6393735294117651,-21.738700000000012
lead_lag_sector_rotation,time_stop_20d,T1a,21,0.47619047619047616,0.4111523809523812,8.634200000000005
lead_lag_sector_rotation,time_stop_20d,T1c,6,0.3333333333333333,-3.6172000000000004,-21.703200000000002
lead_lag_sector_rotation,time_stop_20d,T2,11,0.6363636363636364,2.8431818181818183,31.275
lead_lag_sector_rotation,time_stop_20d,unknown,34,0.38235294117647056,0.1469588235294121,4.9966000000000115
lead_lag_sector_rotation,trailing_10pct,T1a,21,0.2857142857142857,-1.3245333333333331,-27.815199999999997
lead_lag_sector_rotation,trailing_10pct,T1c,6,0.16666666666666666,-2.9722333333333335,-17.8334
lead_lag_sector_rotation,trailing_10pct,T2,11,0.45454545454545453,1.6771090909090909,18.4482
lead_lag_sector_rotation,trailing_10pct,unknown,34,0.29411764705882354,-3.0897117647058825,-105.0502
lead_lag_sector_rotation,trailing_15pct,T1a,21,0.23809523809523808,-5.915,-124.215
lead_lag_sector_rotation,trailing_15pct,T1c,6,0.16666666666666666,-8.392149999999999,-50.3529
lead_lag_sector_rotation,trailing_15pct,T2,11,0.36363636363636365,-0.8216909090909094,-9.038600000000002
lead_lag_sector_rotation,trailing_15pct,unknown,34,0.38235294117647056,-1.8588882352941178,-63.202200000000005
lead_lag_sector_rotation,trailing_5pct,T1a,21,0.23809523809523808,-1.5543380952380954,-32.6411
lead_lag_sector_rotation,trailing_5pct,T1c,6,0.0,-3.4057666666666666,-20.4346
lead_lag_sector_rotation,trailing_5pct,T2,11,0.2727272727272727,2.1523454545454546,23.6758
lead_lag_sector_rotation,trailing_5pct,unknown,34,0.14705882352941177,-2.2321823529411766,-75.8942
macd_crossover,atr_trail_1x,T1a,9,0.1111111111111111,-1.5007333333333333,-13.506599999999999
macd_crossover,atr_trail_1x,T1c,2,0.5,-3.3592000000000004,-6.718400000000001
macd_crossover,atr_trail_1x,T2,5,0.2,-2.58268,-12.9134
macd_crossover,atr_trail_1x,unknown,13,0.23076923076923078,-2.9465076923076925,-38.3046
macd_crossover,atr_trail_2x,T1a,9,0.4444444444444444,0.11792222222222233,1.061300000000001
macd_crossover,atr_trail_2x,T1c,2,0.0,-6.4003,-12.8006
macd_crossover,atr_trail_2x,T2,5,0.0,-3.71192,-18.5596
macd_crossover,atr_trail_2x,unknown,13,0.23076923076923078,-4.303815384615385,-55.949600000000004
macd_crossover,atr_trail_mae_conditional,T1a,9,0.1111111111111111,-1.5007333333333333,-13.506599999999999
macd_crossover,atr_trail_mae_conditional,T1c,2,0.5,-3.3592000000000004,-6.718400000000001
macd_crossover,atr_trail_mae_conditional,T2,5,0.2,-2.58268,-12.9134
macd_crossover,atr_trail_mae_conditional,unknown,13,0.23076923076923078,-2.9465076923076925,-38.3046
macd_crossover,atr_trail_vix_conditional,T1a,9,0.0,-2.027922222222222,-18.2513
macd_crossover,atr_trail_vix_conditional,T1c,2,0.0,-2.42505,-4.8501
macd_crossover,atr_trail_vix_conditional,T2,5,0.0,-3.27226,-16.3613
macd_crossover,atr_trail_vix_conditional,unknown,13,0.23076923076923078,-2.2139076923076924,-28.7808
macd_crossover,break_even_at_1r,T1a,9,0.1111111111111111,-0.4856111111111111,-4.3705
macd_crossover,break_even_at_1r,T1c,2,0.0,-3.6152,-7.2304
macd_crossover,break_even_at_1r,T2,5,0.0,-3.29382,-16.4691
macd_crossover,break_even_at_1r,unknown,13,0.07692307692307693,-3.055207692307692,-39.717699999999994
macd_crossover,breakeven_plus_trail,T1a,9,0.2222222222222222,-0.17154444444444453,-1.5439000000000007
macd_crossover,breakeven_plus_trail,T1c,2,0.0,-3.0947,-6.1894
macd_crossover,breakeven_plus_trail,T2,5,0.2,-3.0278400000000003,-15.1392
macd_crossover,breakeven_plus_trail,unknown,13,0.3076923076923077,-2.720084615384615,-35.3611
macd_crossover,chandelier_3x,T1a,9,0.3333333333333333,0.09778888888888915,0.8801000000000023
macd_crossover,chandelier_3x,T1c,2,0.0,-8.69705,-17.3941
macd_crossover,chandelier_3x,T2,5,0.0,-4.82186,-24.1093
macd_crossover,chandelier_3x,unknown,13,0.23076923076923078,-3.7305923076923073,-48.497699999999995
macd_crossover,class_time_stop,T1a,9,0.6666666666666666,4.123366666666667,37.1103
macd_crossover,class_time_stop,T1c,2,0.0,-8.23615,-16.4723
macd_crossover,class_time_stop,T2,5,0.6,0.5138200000000002,2.5691000000000006
macd_crossover,class_time_stop,unknown,13,0.5384615384615384,-0.05539999999999988,-0.7201999999999984
macd_crossover,earnings_blackout,T1a,9,0.6666666666666666,2.0809,18.7281
macd_crossover,earnings_blackout,T1c,2,0.5,7.882350000000001,15.764700000000001
macd_crossover,earnings_blackout,T2,5,0.4,0.5079400000000002,2.5397000000000007
macd_crossover,earnings_blackout,unknown,13,0.6153846153846154,-2.5230153846153844,-32.7992
macd_crossover,fixed_4r_2r,T1a,9,0.3333333333333333,-0.5465444444444445,-4.918900000000001
macd_crossover,fixed_4r_2r,T1c,2,0.0,-10.152000000000001,-20.304000000000002
macd_crossover,fixed_4r_2r,T2,5,0.4,2.8844000000000003,14.422
macd_crossover,fixed_4r_2r,unknown,13,0.3076923076923077,-0.8110846153846155,-10.544100000000002
macd_crossover,hybrid_50pct_target,T1a,9,0.6666666666666666,-0.004111111111111201,-0.03700000000000081
macd_crossover,hybrid_50pct_target,T1c,2,0.0,-10.0,-20.0
macd_crossover,hybrid_50pct_target,T2,5,0.4,-0.7113600000000002,-3.556800000000001
macd_crossover,hybrid_50pct_target,unknown,13,0.46153846153846156,-2.7769538461538454,-36.10039999999999
macd_crossover,ma_exit_ema9,T1a,9,0.4444444444444444,-0.8833111111111112,-7.949800000000001
macd_crossover,ma_exit_ema9,T1c,2,0.0,-5.1127,-10.2254
macd_crossover,ma_exit_ema9,T2,5,0.0,-2.1461,-10.730500000000001
macd_crossover,ma_exit_ema9,unknown,13,0.23076923076923078,-3.8688538461538466,-50.295100000000005
macd_crossover,mfe_lockin_trail,T1a,9,0.1111111111111111,-1.5007333333333333,-13.506599999999999
macd_crossover,mfe_lockin_trail,T1c,2,0.5,-3.3592000000000004,-6.718400000000001
macd_crossover,mfe_lockin_trail,T2,5,0.2,-2.58268,-12.9134
macd_crossover,mfe_lockin_trail,unknown,13,0.23076923076923078,-2.649823076923077,-34.4477
macd_crossover,multi_tier_partial,T1a,9,0.3333333333333333,-0.9855666666666667,-8.8701
macd_crossover,multi_tier_partial,T1c,2,0.5,-2.3550500000000003,-4.710100000000001
macd_crossover,multi_tier_partial,T2,5,0.2,-2.4269600000000002,-12.1348
macd_crossover,multi_tier_partial,unknown,13,0.38461538461538464,-2.5671769230769232,-33.3733
macd_crossover,next_pivot_target,T1a,9,0.6666666666666666,-1.3949666666666665,-12.554699999999999
macd_crossover,next_pivot_target,T1c,2,0.5,-2.8281,-5.6562
macd_crossover,next_pivot_target,T2,5,0.6,-2.92684,-14.6342
macd_crossover,next_pivot_target,unknown,13,0.7692307692307693,-0.6104153846153847,-7.935400000000001
macd_crossover,r_multiple_2r,T1a,9,0.3333333333333333,-0.23353333333333343,-2.101800000000001
macd_crossover,r_multiple_2r,T1c,2,0.0,-6.8836,-13.7672
macd_crossover,r_multiple_2r,T2,5,0.0,-4.02622,-20.1311
macd_crossover,r_multiple_2r,unknown,13,0.15384615384615385,-3.7225769230769234,-48.3935
macd_crossover,r_multiple_3r,T1a,9,0.2222222222222222,-0.3906333333333334,-3.5157000000000007
macd_crossover,r_multiple_3r,T1c,2,0.0,-6.8836,-13.7672
macd_crossover,r_multiple_3r,T2,5,0.0,-4.02622,-20.1311
macd_crossover,r_multiple_3r,unknown,13,0.07692307692307693,-4.591738461538461,-59.6926
macd_crossover,regime_flip,T1a,9,0.4444444444444444,2.449477777777778,22.0453
macd_crossover,regime_flip,T1c,2,0.0,-10.1434,-20.2868
macd_crossover,regime_flip,T2,5,0.6,2.0056800000000004,10.028400000000001
macd_crossover,regime_flip,unknown,13,0.5384615384615384,0.30576153846153875,3.9749000000000034
macd_crossover,reverse_signal,T1a,9,0.1111111111111111,-1.5007333333333333,-13.506599999999999
macd_crossover,reverse_signal,T1c,2,0.5,-3.3592000000000004,-6.718400000000001
macd_crossover,reverse_signal,T2,5,0.2,-2.58268,-12.9134
macd_crossover,reverse_signal,unknown,13,0.23076923076923078,-2.9465076923076925,-38.3046
macd_crossover,smc_mitigation_zone,T1a,9,0.1111111111111111,-1.5007333333333333,-13.506599999999999
macd_crossover,smc_mitigation_zone,T1c,2,0.5,-3.3592000000000004,-6.718400000000001
macd_crossover,smc_mitigation_zone,T2,5,0.2,-2.58268,-12.9134
macd_crossover,smc_mitigation_zone,unknown,13,0.23076923076923078,-2.9465076923076925,-38.3046
macd_crossover,time_stop_10d,T1a,9,0.5555555555555556,0.7727888888888887,6.955099999999999
macd_crossover,time_stop_10d,T1c,2,0.0,-10.3641,-20.7282
macd_crossover,time_stop_10d,T2,5,0.4,-0.1700199999999999,-0.8500999999999994
macd_crossover,time_stop_10d,unknown,13,0.38461538461538464,-4.310769230769231,-56.04
macd_crossover,time_stop_20d,T1a,9,0.4444444444444444,2.449477777777778,22.0453
macd_crossover,time_stop_20d,T1c,2,0.0,-10.1434,-20.2868
macd_crossover,time_stop_20d,T2,5,0.6,2.0056800000000004,10.028400000000001
macd_crossover,time_stop_20d,unknown,13,0.5384615384615384,0.30576153846153875,3.9749000000000034
macd_crossover,trailing_10pct,T1a,9,0.4444444444444444,-0.5979111111111113,-5.3812000000000015
macd_crossover,trailing_10pct,T1c,2,0.0,-7.3262,-14.6524
macd_crossover,trailing_10pct,T2,5,0.2,-4.6985399999999995,-23.4927
macd_crossover,trailing_10pct,unknown,13,0.23076923076923078,-4.003,-52.039
macd_crossover,trailing_15pct,T1a,9,0.4444444444444444,2.8557777777777775,25.701999999999998
macd_crossover,trailing_15pct,T1c,2,0.0,-11.889800000000001,-23.779600000000002
macd_crossover,trailing_15pct,T2,5,0.2,-5.91178,-29.5589
macd_crossover,trailing_15pct,unknown,13,0.23076923076923078,-4.949123076923077,-64.3386
macd_crossover,trailing_5pct,T1a,9,0.4444444444444444,-0.2012444444444444,-1.8111999999999995
macd_crossover,trailing_5pct,T1c,2,0.5,-2.98295,-5.9659
macd_crossover,trailing_5pct,T2,5,0.0,-2.98352,-14.9176
macd_crossover,trailing_5pct,unknown,13,0.15384615384615385,-2.6082384615384617,-33.9071
macd_fast_crossover,atr_trail_1x,T1ETF,1,1.0,0.0517,0.0517
macd_fast_crossover,atr_trail_1x,T1a,12,0.3333333333333333,-1.5073333333333334,-18.088
macd_fast_crossover,atr_trail_1x,T1c,6,0.3333333333333333,-1.5586333333333335,-9.3518
macd_fast_crossover,atr_trail_1x,T2,8,0.5,1.31475,10.518
macd_fast_crossover,atr_trail_1x,T3,2,0.0,-1.8889,-3.7778
macd_fast_crossover,atr_trail_1x,unknown,23,0.2608695652173913,-3.039395652173913,-69.9061
macd_fast_crossover,atr_trail_2x,T1ETF,1,0.0,-1.369,-1.369
macd_fast_crossover,atr_trail_2x,T1a,12,0.25,-3.2812,-39.3744
macd_fast_crossover,atr_trail_2x,T1c,6,0.3333333333333333,-2.6470166666666666,-15.8821
macd_fast_crossover,atr_trail_2x,T2,8,0.25,0.03148750000000011,0.2519000000000009
macd_fast_crossover,atr_trail_2x,T3,2,1.0,15.02895,30.0579
macd_fast_crossover,atr_trail_2x,unknown,23,0.34782608695652173,-1.9872565217391303,-45.7069
macd_fast_crossover,atr_trail_mae_conditional,T1ETF,1,1.0,0.0517,0.0517
macd_fast_crossover,atr_trail_mae_conditional,T1a,12,0.3333333333333333,-1.5073333333333334,-18.088
macd_fast_crossover,atr_trail_mae_conditional,T1c,6,0.3333333333333333,-1.5586333333333335,-9.3518
macd_fast_crossover,atr_trail_mae_conditional,T2,8,0.5,1.31475,10.518
macd_fast_crossover,atr_trail_mae_conditional,T3,2,0.0,-1.8889,-3.7778
macd_fast_crossover,atr_trail_mae_conditional,unknown,23,0.2608695652173913,-3.039395652173913,-69.9061
macd_fast_crossover,atr_trail_vix_conditional,T1ETF,1,1.0,0.0517,0.0517
macd_fast_crossover,atr_trail_vix_conditional,T1a,12,0.3333333333333333,-2.6911166666666664,-32.2934
macd_fast_crossover,atr_trail_vix_conditional,T1c,6,0.16666666666666666,-1.6802666666666666,-10.0816
macd_fast_crossover,atr_trail_vix_conditional,T2,8,0.25,0.5630875000000001,4.504700000000001
macd_fast_crossover,atr_trail_vix_conditional,T3,2,0.0,-1.69005,-3.3801
macd_fast_crossover,atr_trail_vix_conditional,unknown,23,0.21739130434782608,-3.1074565217391306,-71.4715
macd_fast_crossover,break_even_at_1r,T1ETF,1,0.0,0.0,0.0
macd_fast_crossover,break_even_at_1r,T1a,12,0.16666666666666666,-1.6897583333333335,-20.2771
macd_fast_crossover,break_even_at_1r,T1c,6,0.0,-2.3603333333333336,-14.162
macd_fast_crossover,break_even_at_1r,T2,8,0.125,4.4913625,35.9309
macd_fast_crossover,break_even_at_1r,T3,2,0.0,-0.10795,-0.2159
macd_fast_crossover,break_even_at_1r,unknown,23,0.13043478260869565,-2.9682260869565216,-68.2692
macd_fast_crossover,breakeven_plus_trail,T1ETF,1,0.0,0.0,0.0
macd_fast_crossover,breakeven_plus_trail,T1a,12,0.3333333333333333,0.908583333333333,10.902999999999995
macd_fast_crossover,breakeven_plus_trail,T1c,6,0.0,-3.4856166666666666,-20.9137
macd_fast_crossover,breakeven_plus_trail,T2,8,0.375,6.0443999999999996,48.355199999999996
macd_fast_crossover,breakeven_plus_trail,T3,2,0.5,26.02515,52.0503
macd_fast_crossover,breakeven_plus_trail,unknown,23,0.34782608695652173,-1.2478652173913043,-28.7009
macd_fast_crossover,chandelier_3x,T1ETF,1,0.0,-1.7099,-1.7099
macd_fast_crossover,chandelier_3x,T1a,12,0.3333333333333333,-0.5606499999999998,-6.727799999999998
macd_fast_crossover,chandelier_3x,T1c,6,0.3333333333333333,-3.6399333333333335,-21.8396
macd_fast_crossover,chandelier_3x,T2,8,0.25,2.5979499999999995,20.783599999999996
macd_fast_crossover,chandelier_3x,T3,2,1.0,14.49125,28.9825
macd_fast_crossover,chandelier_3x,unknown,23,0.43478260869565216,-0.6224782608695653,-14.317
macd_fast_crossover,class_time_stop,T1ETF,1,1.0,4.223,4.223
macd_fast_crossover,class_time_stop,T1a,12,0.5,2.4799666666666664,29.7596
macd_fast_crossover,class_time_stop,T1c,6,0.5,-8.807483333333334,-52.8449
macd_fast_crossover,class_time_stop,T2,8,0.625,3.5746375000000006,28.597100000000005
macd_fast_crossover,class_time_stop,T3,2,1.0,35.4787,70.9574
macd_fast_crossover,class_time_stop,unknown,23,0.6086956521739131,1.9608260869565206,45.098999999999975
macd_fast_crossover,earnings_blackout,T1ETF,1,1.0,6.1878,6.1878
macd_fast_crossover,earnings_blackout,T1a,12,0.5,2.7014666666666667,32.4176
macd_fast_crossover,earnings_blackout,T1c,6,0.5,-4.4912,-26.947200000000002
macd_fast_crossover,earnings_blackout,T2,8,0.875,7.393,59.144
macd_fast_crossover,earnings_blackout,T3,2,1.0,56.474900000000005,112.94980000000001
macd_fast_crossover,earnings_blackout,unknown,23,0.6956521739130435,29.939826086956526,688.6160000000001
macd_fast_crossover,fixed_4r_2r,T1ETF,1,1.0,5.9124,5.9124
macd_fast_crossover,fixed_4r_2r,T1a,12,0.3333333333333333,0.9963833333333335,11.956600000000002
macd_fast_crossover,fixed_4r_2r,T1c,6,0.3333333333333333,0.33528333333333354,2.011700000000001
macd_fast_crossover,fixed_4r_2r,T2,8,0.375,0.4744125000000001,3.795300000000001
macd_fast_crossover,fixed_4r_2r,T3,2,1.0,16.12345,32.2469
macd_fast_crossover,fixed_4r_2r,unknown,23,0.4782608695652174,4.647904347826087,106.9018
macd_fast_crossover,hybrid_50pct_target,T1ETF,1,1.0,2.2172,2.2172
macd_fast_crossover,hybrid_50pct_target,T1a,12,0.5833333333333334,2.18425,26.211
macd_fast_crossover,hybrid_50pct_target,T1c,6,0.5,8.87975,53.278499999999994
macd_fast_crossover,hybrid_50pct_target,T2,8,0.5,2.9594,23.6752
macd_fast_crossover,hybrid_50pct_target,T3,2,1.0,17.70715,35.4143
macd_fast_crossover,hybrid_50pct_target,unknown,23,0.6086956521739131,7.458860869565217,171.5538
macd_fast_crossover,ma_exit_ema9,T1ETF,1,1.0,0.2935,0.2935
macd_fast_crossover,ma_exit_ema9,T1a,12,0.4166666666666667,0.21707500000000005,2.6049000000000007
macd_fast_crossover,ma_exit_ema9,T1c,6,0.16666666666666666,-1.4638333333333333,-8.783
macd_fast_crossover,ma_exit_ema9,T2,8,0.5,1.2784125,10.2273
macd_fast_crossover,ma_exit_ema9,T3,2,0.5,24.5801,49.1602
macd_fast_crossover,ma_exit_ema9,unknown,23,0.2608695652173913,0.14208260869565204,3.267899999999997
macd_fast_crossover,mfe_lockin_trail,T1ETF,1,1.0,0.0517,0.0517
macd_fast_crossover,mfe_lockin_trail,T1a,12,0.3333333333333333,-1.1947083333333335,-14.336500000000001
macd_fast_crossover,mfe_lockin_trail,T1c,6,0.3333333333333333,-1.1185666666666665,-6.711399999999999
macd_fast_crossover,mfe_lockin_trail,T2,8,0.5,0.8339375,6.6715
macd_fast_crossover,mfe_lockin_trail,T3,2,0.0,-1.8889,-3.7778
macd_fast_crossover,mfe_lockin_trail,unknown,23,0.2608695652173913,-3.097421739130435,-71.2407
macd_fast_crossover,multi_tier_partial,T1ETF,1,1.0,0.5272,0.5272
macd_fast_crossover,multi_tier_partial,T1a,12,0.4166666666666667,-1.0556333333333334,-12.6676
macd_fast_crossover,multi_tier_partial,T1c,6,0.3333333333333333,-1.4732,-8.8392
macd_fast_crossover,multi_tier_partial,T2,8,0.625,1.5078375,12.0627
macd_fast_crossover,multi_tier_partial,T3,2,0.5,-0.6188,-1.2376
macd_fast_crossover,multi_tier_partial,unknown,23,0.30434782608695654,-3.0031347826086954,-69.07209999999999
macd_fast_crossover,next_pivot_target,T1ETF,1,1.0,4.4343,4.4343
macd_fast_crossover,next_pivot_target,T1a,12,0.6666666666666666,-1.176125,-14.1135
macd_fast_crossover,next_pivot_target,T1c,6,0.5,-2.43925,-14.6355
macd_fast_crossover,next_pivot_target,T2,8,0.75,1.2291375000000004,9.833100000000004
macd_fast_crossover,next_pivot_target,T3,2,1.0,1.51725,3.0345
macd_fast_crossover,next_pivot_target,unknown,23,0.6521739130434783,2.3118130434782604,53.171699999999994
macd_fast_crossover,r_multiple_2r,T1ETF,1,0.0,-1.4781,-1.4781
macd_fast_crossover,r_multiple_2r,T1a,12,0.3333333333333333,-0.2920833333333334,-3.505000000000001
macd_fast_crossover,r_multiple_2r,T1c,6,0.3333333333333333,-0.5239500000000001,-3.143700000000001
macd_fast_crossover,r_multiple_2r,T2,8,0.375,0.7388750000000002,5.911000000000001
macd_fast_crossover,r_multiple_2r,T3,2,1.0,11.686,23.372
macd_fast_crossover,r_multiple_2r,unknown,23,0.30434782608695654,-1.8344652173913045,-42.1927
macd_fast_crossover,r_multiple_3r,T1ETF,1,0.0,-1.4781,-1.4781
macd_fast_crossover,r_multiple_3r,T1a,12,0.16666666666666666,-0.5550750000000001,-6.660900000000002
macd_fast_crossover,r_multiple_3r,T1c,6,0.3333333333333333,0.4906499999999996,2.9438999999999975
macd_fast_crossover,r_multiple_3r,T2,8,0.25,0.10530000000000017,0.8424000000000014
macd_fast_crossover,r_multiple_3r,T3,2,0.5,9.67085,19.3417
macd_fast_crossover,r_multiple_3r,unknown,23,0.2608695652173913,-1.064282608695652,-24.478499999999997
macd_fast_crossover,regime_flip,T1ETF,1,1.0,1.3817,1.3817
macd_fast_crossover,regime_flip,T1a,12,0.5,0.8623749999999998,10.348499999999998
macd_fast_crossover,regime_flip,T1c,6,0.5,-3.9218833333333336,-23.5313
macd_fast_crossover,regime_flip,T2,8,0.625,3.117025,24.9362
macd_fast_crossover,regime_flip,T3,2,1.0,33.751149999999996,67.50229999999999
macd_fast_crossover,regime_flip,unknown,23,0.5652173913043478,0.8462434782608702,19.463600000000014
macd_fast_crossover,reverse_signal,T1ETF,1,1.0,0.0517,0.0517
macd_fast_crossover,reverse_signal,T1a,12,0.3333333333333333,-1.5073333333333334,-18.088
macd_fast_crossover,reverse_signal,T1c,6,0.3333333333333333,-1.5586333333333335,-9.3518
macd_fast_crossover,reverse_signal,T2,8,0.5,1.31475,10.518
macd_fast_crossover,reverse_signal,T3,2,0.0,-1.8889,-3.7778
macd_fast_crossover,reverse_signal,unknown,23,0.2608695652173913,-3.039395652173913,-69.9061
macd_fast_crossover,smc_mitigation_zone,T1ETF,1,1.0,0.0517,0.0517
macd_fast_crossover,smc_mitigation_zone,T1a,12,0.3333333333333333,-1.5073333333333334,-18.088
macd_fast_crossover,smc_mitigation_zone,T1c,6,0.3333333333333333,-1.5586333333333335,-9.3518
macd_fast_crossover,smc_mitigation_zone,T2,8,0.5,1.31475,10.518
macd_fast_crossover,smc_mitigation_zone,T3,2,0.0,-1.8889,-3.7778
macd_fast_crossover,smc_mitigation_zone,unknown,23,0.2608695652173913,-3.039395652173913,-69.9061
macd_fast_crossover,time_stop_10d,T1ETF,1,1.0,0.1726,0.1726
macd_fast_crossover,time_stop_10d,T1a,12,0.4166666666666667,-0.24766666666666662,-2.9719999999999995
macd_fast_crossover,time_stop_10d,T1c,6,0.3333333333333333,-1.6479333333333333,-9.887599999999999
macd_fast_crossover,time_stop_10d,T2,8,0.5,1.1676499999999999,9.341199999999999
macd_fast_crossover,time_stop_10d,T3,2,1.0,24.9815,49.963
macd_fast_crossover,time_stop_10d,unknown,23,0.5652173913043478,0.36110869565217407,8.305500000000004
macd_fast_crossover,time_stop_20d,T1ETF,1,1.0,1.3817,1.3817
macd_fast_crossover,time_stop_20d,T1a,12,0.5,0.8623749999999998,10.348499999999998
macd_fast_crossover,time_stop_20d,T1c,6,0.5,-3.9218833333333336,-23.5313
macd_fast_crossover,time_stop_20d,T2,8,0.625,3.117025,24.9362
macd_fast_crossover,time_stop_20d,T3,2,1.0,33.751149999999996,67.50229999999999
macd_fast_crossover,time_stop_20d,unknown,23,0.5652173913043478,0.8462434782608702,19.463600000000014
macd_fast_crossover,trailing_10pct,T1ETF,1,0.0,-3.1524,-3.1524
macd_fast_crossover,trailing_10pct,T1a,12,0.4166666666666667,0.2831333333333334,3.3976000000000006
macd_fast_crossover,trailing_10pct,T1c,6,0.3333333333333333,15.754533333333335,94.52720000000001
macd_fast_crossover,trailing_10pct,T2,8,0.25,2.3284374999999997,18.627499999999998
macd_fast_crossover,trailing_10pct,T3,2,0.5,14.14295,28.2859
macd_fast_crossover,trailing_10pct,unknown,23,0.2608695652173913,-0.3433869565217392,-7.897900000000001
macd_fast_crossover,trailing_15pct,T1ETF,1,1.0,34.0919,34.0919
macd_fast_crossover,trailing_15pct,T1a,12,0.25,-1.6199416666666666,-19.4393
macd_fast_crossover,trailing_15pct,T1c,6,0.3333333333333333,11.3089,67.8534
macd_fast_crossover,trailing_15pct,T2,8,0.625,19.070462499999998,152.56369999999998
macd_fast_crossover,trailing_15pct,T3,2,0.5,247.19635,494.3927
macd_fast_crossover,trailing_15pct,unknown,23,0.30434782608695654,-3.883969565217391,-89.3313
macd_fast_crossover,trailing_5pct,T1ETF,1,1.0,2.0164,2.0164
macd_fast_crossover,trailing_5pct,T1a,12,0.25,-1.8998416666666669,-22.7981
macd_fast_crossover,trailing_5pct,T1c,6,0.3333333333333333,-2.2387833333333336,-13.4327
macd_fast_crossover,trailing_5pct,T2,8,0.25,0.28791250000000007,2.3033000000000006
macd_fast_crossover,trailing_5pct,T3,2,0.0,-1.87775,-3.7555
macd_fast_crossover,trailing_5pct,unknown,23,0.2608695652173913,-2.0229999999999997,-46.528999999999996
monthly_bias_momentum_long,atr_trail_1x,T1ETF,2,0.0,-1.226,-2.452
monthly_bias_momentum_long,atr_trail_1x,T1a,66,0.2727272727272727,-0.4813212121212121,-31.7672
monthly_bias_momentum_long,atr_trail_1x,T1c,15,0.26666666666666666,-0.9471733333333333,-14.2076
monthly_bias_momentum_long,atr_trail_1x,T2,44,0.3409090909090909,-2.1890045454545453,-96.3162
monthly_bias_momentum_long,atr_trail_1x,T3,32,0.125,-3.602046875,-115.2655
monthly_bias_momentum_long,atr_trail_1x,unknown,120,0.20833333333333334,-2.815138333333333,-337.8166
monthly_bias_momentum_long,atr_trail_2x,T1ETF,2,0.0,-2.2984,-4.5968
monthly_bias_momentum_long,atr_trail_2x,T1a,66,0.3484848484848485,-0.8317015151515151,-54.8923
monthly_bias_momentum_long,atr_trail_2x,T1c,15,0.26666666666666666,-1.7034933333333333,-25.5524
monthly_bias_momentum_long,atr_trail_2x,T2,44,0.3409090909090909,-1.6064045454545453,-70.6818
monthly_bias_momentum_long,atr_trail_2x,T3,32,0.1875,-6.765565625,-216.4981
monthly_bias_momentum_long,atr_trail_2x,unknown,120,0.3333333333333333,-1.0594258333333333,-127.1311
monthly_bias_momentum_long,atr_trail_mae_conditional,T1ETF,2,0.0,-1.226,-2.452
monthly_bias_momentum_long,atr_trail_mae_conditional,T1a,66,0.2727272727272727,-0.4813212121212121,-31.7672
monthly_bias_momentum_long,atr_trail_mae_conditional,T1c,15,0.26666666666666666,-0.9471733333333333,-14.2076
monthly_bias_momentum_long,atr_trail_mae_conditional,T2,44,0.3409090909090909,-2.1890045454545453,-96.3162
monthly_bias_momentum_long,atr_trail_mae_conditional,T3,32,0.125,-3.602046875,-115.2655
monthly_bias_momentum_long,atr_trail_mae_conditional,unknown,120,0.20833333333333334,-2.815138333333333,-337.8166
monthly_bias_momentum_long,atr_trail_vix_conditional,T1ETF,2,0.0,-0.833,-1.666
monthly_bias_momentum_long,atr_trail_vix_conditional,T1a,66,0.2727272727272727,-0.34652878787878794,-22.870900000000002
monthly_bias_momentum_long,atr_trail_vix_conditional,T1c,15,0.26666666666666666,-0.6479733333333333,-9.7196
monthly_bias_momentum_long,atr_trail_vix_conditional,T2,44,0.29545454545454547,-2.2465386363636366,-98.8477
monthly_bias_momentum_long,atr_trail_vix_conditional,T3,32,0.1875,-3.89000625,-124.4802
monthly_bias_momentum_long,atr_trail_vix_conditional,unknown,120,0.18333333333333332,-2.643578333333333,-317.2294
monthly_bias_momentum_long,break_even_at_1r,T1ETF,2,0.0,-1.36055,-2.7211
monthly_bias_momentum_long,break_even_at_1r,T1a,66,0.07575757575757576,-0.984209090909091,-64.9578
monthly_bias_momentum_long,break_even_at_1r,T1c,15,0.13333333333333333,0.13321999999999995,1.998299999999999
monthly_bias_momentum_long,break_even_at_1r,T2,44,0.13636363636363635,-1.5476090909090907,-68.09479999999999
monthly_bias_momentum_long,break_even_at_1r,T3,32,0.125,-3.47953125,-111.345
monthly_bias_momentum_long,break_even_at_1r,unknown,120,0.13333333333333333,-1.7937983333333334,-215.2558
monthly_bias_momentum_long,breakeven_plus_trail,T1ETF,2,0.0,-1.5005,-3.001
monthly_bias_momentum_long,breakeven_plus_trail,T1a,66,0.24242424242424243,2.56765,169.4649
monthly_bias_momentum_long,breakeven_plus_trail,T1c,15,0.2,-0.16196000000000008,-2.429400000000001
monthly_bias_momentum_long,breakeven_plus_trail,T2,44,0.2727272727272727,2.0433568181818185,89.9077
monthly_bias_momentum_long,breakeven_plus_trail,T3,32,0.40625,-3.07254375,-98.3214
monthly_bias_momentum_long,breakeven_plus_trail,unknown,120,0.425,5.072231666666666,608.6677999999999
monthly_bias_momentum_long,chandelier_3x,T1ETF,2,0.0,-2.5473,-5.0946
monthly_bias_momentum_long,chandelier_3x,T1a,66,0.2727272727272727,0.1814621212121212,11.9765
monthly_bias_momentum_long,chandelier_3x,T1c,15,0.3333333333333333,0.17863333333333326,2.6794999999999987
monthly_bias_momentum_long,chandelier_3x,T2,44,0.3409090909090909,-2.042095454545455,-89.85220000000001
monthly_bias_momentum_long,chandelier_3x,T3,32,0.1875,-2.489196875,-79.6543
monthly_bias_momentum_long,chandelier_3x,unknown,120,0.25,0.7012508333333333,84.1501
monthly_bias_momentum_long,class_time_stop,T1ETF,2,0.5,-7.2681499999999994,-14.536299999999999
monthly_bias_momentum_long,class_time_stop,T1a,66,0.4393939393939394,-1.2884727272727274,-85.03920000000001
monthly_bias_momentum_long,class_time_stop,T1c,15,0.4,-1.2208666666666665,-18.313
monthly_bias_momentum_long,class_time_stop,T2,44,0.5227272727272727,1.909740909090909,84.0286
monthly_bias_momentum_long,class_time_stop,T3,32,0.4375,-1.3053968750000007,-41.77270000000002
monthly_bias_momentum_long,class_time_stop,unknown,120,0.525,6.583734166666667,790.0481
monthly_bias_momentum_long,earnings_blackout,T1ETF,2,0.5,0.252,0.504
monthly_bias_momentum_long,earnings_blackout,T1a,66,0.5454545454545454,0.952378787878788,62.85700000000001
monthly_bias_momentum_long,earnings_blackout,T1c,15,0.4666666666666667,3.7047066666666666,55.5706
monthly_bias_momentum_long,earnings_blackout,T2,44,0.5,0.9911113636363637,43.6089
monthly_bias_momentum_long,earnings_blackout,T3,32,0.5,6.3661625,203.7172
monthly_bias_momentum_long,earnings_blackout,unknown,120,0.525,13.205046666666668,1584.6056
monthly_bias_momentum_long,fixed_4r_2r,T1ETF,2,0.0,-2.6501,-5.3002
monthly_bias_momentum_long,fixed_4r_2r,T1a,66,0.3939393939393939,1.5996727272727271,105.57839999999999
monthly_bias_momentum_long,fixed_4r_2r,T1c,15,0.3333333333333333,1.44778,21.7167
monthly_bias_momentum_long,fixed_4r_2r,T2,44,0.4318181818181818,1.2926,56.8744
monthly_bias_momentum_long,fixed_4r_2r,T3,32,0.3125,-2.0190593750000003,-64.60990000000001
monthly_bias_momentum_long,fixed_4r_2r,unknown,120,0.425,3.173173333333333,380.7808
monthly_bias_momentum_long,hybrid_50pct_target,T1ETF,2,0.5,-4.1378,-8.2756
monthly_bias_momentum_long,hybrid_50pct_target,T1a,66,0.5757575757575758,0.25545909090909097,16.860300000000002
monthly_bias_momentum_long,hybrid_50pct_target,T1c,15,0.6666666666666666,2.25896,33.8844
monthly_bias_momentum_long,hybrid_50pct_target,T2,44,0.45454545454545453,-0.8197022727272727,-36.0669
monthly_bias_momentum_long,hybrid_50pct_target,T3,32,0.40625,-0.15700000000000003,-5.024000000000001
monthly_bias_momentum_long,hybrid_50pct_target,unknown,120,0.5166666666666667,3.6756575000000002,441.07890000000003
monthly_bias_momentum_long,ma_exit_ema9,T1ETF,2,0.0,-0.77995,-1.5599
monthly_bias_momentum_long,ma_exit_ema9,T1a,66,0.36363636363636365,0.05821212121212115,3.841999999999996
monthly_bias_momentum_long,ma_exit_ema9,T1c,15,0.2,-1.0986266666666669,-16.479400000000002
monthly_bias_momentum_long,ma_exit_ema9,T2,44,0.3409090909090909,-2.359718181818182,-103.8276
monthly_bias_momentum_long,ma_exit_ema9,T3,32,0.21875,-1.514825,-48.4744
monthly_bias_momentum_long,ma_exit_ema9,unknown,120,0.2833333333333333,0.35606750000000004,42.728100000000005
monthly_bias_momentum_long,mfe_lockin_trail,T1ETF,2,0.0,-1.226,-2.452
monthly_bias_momentum_long,mfe_lockin_trail,T1a,66,0.2727272727272727,-0.29806666666666665,-19.6724
monthly_bias_momentum_long,mfe_lockin_trail,T1c,15,0.26666666666666666,-0.78628,-11.7942
monthly_bias_momentum_long,mfe_lockin_trail,T2,44,0.36363636363636365,-2.0269749999999997,-89.1869
monthly_bias_momentum_long,mfe_lockin_trail,T3,32,0.125,-3.566121875,-114.1159
monthly_bias_momentum_long,mfe_lockin_trail,unknown,120,0.20833333333333334,-2.7382441666666666,-328.5893
monthly_bias_momentum_long,multi_tier_partial,T1ETF,2,0.0,-1.226,-2.452
monthly_bias_momentum_long,multi_tier_partial,T1a,66,0.4090909090909091,-0.18014999999999995,-11.889899999999997
monthly_bias_momentum_long,multi_tier_partial,T1c,15,0.26666666666666666,-0.6779333333333334,-10.169
monthly_bias_momentum_long,multi_tier_partial,T2,44,0.4318181818181818,-1.7781795454545453,-78.23989999999999
monthly_bias_momentum_long,multi_tier_partial,T3,32,0.3125,-2.573046875,-82.3375
monthly_bias_momentum_long,multi_tier_partial,unknown,120,0.375,-2.0787916666666666,-249.455
monthly_bias_momentum_long,next_pivot_target,T1ETF,2,1.0,0.15285,0.3057
monthly_bias_momentum_long,next_pivot_target,T1a,66,0.696969696969697,0.1865257575757576,12.3107
monthly_bias_momentum_long,next_pivot_target,T1c,15,0.7333333333333333,0.3942133333333334,5.913200000000002
monthly_bias_momentum_long,next_pivot_target,T2,44,0.7045454545454546,0.6189204545454546,27.2325
monthly_bias_momentum_long,next_pivot_target,T3,32,0.53125,-2.3872812500000005,-76.39300000000001
monthly_bias_momentum_long,next_pivot_target,unknown,120,0.7,1.1514208333333333,138.1705
monthly_bias_momentum_long,r_multiple_2r,T1ETF,2,0.0,-1.36055,-2.7211
monthly_bias_momentum_long,r_multiple_2r,T1a,66,0.4090909090909091,1.3921545454545454,91.8822
monthly_bias_momentum_long,r_multiple_2r,T1c,15,0.3333333333333333,0.5866066666666666,8.7991
monthly_bias_momentum_long,r_multiple_2r,T2,44,0.4318181818181818,-0.11121590909090914,-4.893500000000002
monthly_bias_momentum_long,r_multiple_2r,T3,32,0.1875,-3.360803125,-107.5457
monthly_bias_momentum_long,r_multiple_2r,unknown,120,0.325,-0.046058333333333375,-5.527000000000005
monthly_bias_momentum_long,r_multiple_3r,T1ETF,2,0.0,-1.36055,-2.7211
monthly_bias_momentum_long,r_multiple_3r,T1a,66,0.2878787878787879,1.3115363636363635,86.56139999999999
monthly_bias_momentum_long,r_multiple_3r,T1c,15,0.2,0.51012,7.6518
monthly_bias_momentum_long,r_multiple_3r,T2,44,0.36363636363636365,0.33192727272727285,14.604800000000004
monthly_bias_momentum_long,r_multiple_3r,T3,32,0.15625,-2.6930625,-86.178
monthly_bias_momentum_long,r_multiple_3r,unknown,120,0.25833333333333336,0.3283191666666666,39.39829999999999
monthly_bias_momentum_long,regime_flip,T1ETF,2,0.0,-3.4510500000000004,-6.902100000000001
monthly_bias_momentum_long,regime_flip,T1a,66,0.5303030303030303,0.3455060606060607,22.803400000000007
monthly_bias_momentum_long,regime_flip,T1c,15,0.6666666666666666,-0.25852000000000014,-3.877800000000002
monthly_bias_momentum_long,regime_flip,T2,44,0.5,1.153968181818182,50.77460000000001
monthly_bias_momentum_long,regime_flip,T3,32,0.4375,-3.415071875,-109.2823
monthly_bias_momentum_long,regime_flip,unknown,120,0.5083333333333333,4.295521666666667,515.4626
monthly_bias_momentum_long,reverse_signal,T1ETF,2,0.0,-1.226,-2.452
monthly_bias_momentum_long,reverse_signal,T1a,66,0.2727272727272727,-0.4813212121212121,-31.7672
monthly_bias_momentum_long,reverse_signal,T1c,15,0.26666666666666666,-0.9471733333333333,-14.2076
monthly_bias_momentum_long,reverse_signal,T2,44,0.3409090909090909,-2.1890045454545453,-96.3162
monthly_bias_momentum_long,reverse_signal,T3,32,0.125,-3.602046875,-115.2655
monthly_bias_momentum_long,reverse_signal,unknown,120,0.20833333333333334,-2.815138333333333,-337.8166
monthly_bias_momentum_long,smc_mitigation_zone,T1ETF,2,0.0,-1.226,-2.452
monthly_bias_momentum_long,smc_mitigation_zone,T1a,66,0.2727272727272727,-0.4813212121212121,-31.7672
monthly_bias_momentum_long,smc_mitigation_zone,T1c,15,0.26666666666666666,-0.9471733333333333,-14.2076
monthly_bias_momentum_long,smc_mitigation_zone,T2,44,0.3409090909090909,-2.1890045454545453,-96.3162
monthly_bias_momentum_long,smc_mitigation_zone,T3,32,0.125,-3.602046875,-115.2655
monthly_bias_momentum_long,smc_mitigation_zone,unknown,120,0.20833333333333334,-2.815138333333333,-337.8166
monthly_bias_momentum_long,time_stop_10d,T1ETF,2,0.5,-0.9589,-1.9178
monthly_bias_momentum_long,time_stop_10d,T1a,66,0.45454545454545453,0.025695454545454577,1.6959000000000022
monthly_bias_momentum_long,time_stop_10d,T1c,15,0.5333333333333333,-0.15384666666666658,-2.3076999999999988
monthly_bias_momentum_long,time_stop_10d,T2,44,0.4318181818181818,-1.892484090909091,-83.2693
monthly_bias_momentum_long,time_stop_10d,T3,32,0.375,-3.3496937499999997,-107.19019999999999
monthly_bias_momentum_long,time_stop_10d,unknown,120,0.475,0.25669333333333344,30.803200000000015
monthly_bias_momentum_long,time_stop_20d,T1ETF,2,0.0,-3.4510500000000004,-6.902100000000001
monthly_bias_momentum_long,time_stop_20d,T1a,66,0.5303030303030303,0.3455060606060607,22.803400000000007
monthly_bias_momentum_long,time_stop_20d,T1c,15,0.6666666666666666,-0.25852000000000014,-3.877800000000002
monthly_bias_momentum_long,time_stop_20d,T2,44,0.5,1.153968181818182,50.77460000000001
monthly_bias_momentum_long,time_stop_20d,T3,32,0.4375,-3.415071875,-109.2823
monthly_bias_momentum_long,time_stop_20d,unknown,120,0.5083333333333333,4.295521666666667,515.4626
monthly_bias_momentum_long,trailing_10pct,T1ETF,2,0.0,-6.5012,-13.0024
monthly_bias_momentum_long,trailing_10pct,T1a,66,0.36363636363636365,-0.7211424242424241,-47.59539999999999
monthly_bias_momentum_long,trailing_10pct,T1c,15,0.13333333333333333,-3.1339533333333334,-47.0093
monthly_bias_momentum_long,trailing_10pct,T2,44,0.38636363636363635,-0.46684545454545456,-20.5412
monthly_bias_momentum_long,trailing_10pct,T3,32,0.1875,-4.46924375,-143.0158
monthly_bias_momentum_long,trailing_10pct,unknown,120,0.325,-0.18308916666666664,-21.970699999999997
monthly_bias_momentum_long,trailing_15pct,T1ETF,2,0.0,-11.60055,-23.2011
monthly_bias_momentum_long,trailing_15pct,T1a,66,0.3333333333333333,2.5232666666666668,166.53560000000002
monthly_bias_momentum_long,trailing_15pct,T1c,15,0.3333333333333333,-3.9296999999999995,-58.945499999999996
monthly_bias_momentum_long,trailing_15pct,T2,44,0.3409090909090909,-0.6219477272727274,-27.365700000000007
monthly_bias_momentum_long,trailing_15pct,T3,32,0.25,-4.928296875,-157.7055
monthly_bias_momentum_long,trailing_15pct,unknown,120,0.44166666666666665,5.00785,600.942
monthly_bias_momentum_long,trailing_5pct,T1ETF,2,0.0,-3.14915,-6.2983
monthly_bias_momentum_long,trailing_5pct,T1a,66,0.3333333333333333,-0.8206757575757576,-54.1646
monthly_bias_momentum_long,trailing_5pct,T1c,15,0.3333333333333333,-1.4720933333333335,-22.081400000000002
monthly_bias_momentum_long,trailing_5pct,T2,44,0.3181818181818182,-1.3566204545454548,-59.691300000000005
monthly_bias_momentum_long,trailing_5pct,T3,32,0.21875,-2.414765625,-77.2725
monthly_bias_momentum_long,trailing_5pct,unknown,120,0.175,-2.4420966666666666,-293.0516
morning_star,atr_trail_1x,T1ETF,2,0.5,-0.11269999999999997,-0.22539999999999993
morning_star,atr_trail_1x,T1a,15,0.26666666666666666,-0.7553266666666667,-11.3299
morning_star,atr_trail_1x,T1c,4,0.5,0.8660249999999999,3.4640999999999997
morning_star,atr_trail_1x,T2,7,0.2857142857142857,-0.7171000000000002,-5.019700000000001
morning_star,atr_trail_1x,T3,2,0.0,-5.9734,-11.9468
morning_star,atr_trail_1x,unknown,17,0.17647058823529413,-2.0856882352941177,-35.4567
morning_star,atr_trail_2x,T1ETF,2,1.0,4.16175,8.3235
morning_star,atr_trail_2x,T1a,15,0.26666666666666666,-1.0127933333333334,-15.191900000000002
morning_star,atr_trail_2x,T1c,4,1.0,5.52475,22.099
morning_star,atr_trail_2x,T2,7,0.2857142857142857,-1.9909285714285716,-13.9365
morning_star,atr_trail_2x,T3,2,0.0,-13.4487,-26.8974
morning_star,atr_trail_2x,unknown,17,0.35294117647058826,-0.6837058823529412,-11.623
morning_star,atr_trail_mae_conditional,T1ETF,2,0.5,-0.11269999999999997,-0.22539999999999993
morning_star,atr_trail_mae_conditional,T1a,15,0.26666666666666666,-0.7553266666666667,-11.3299
morning_star,atr_trail_mae_conditional,T1c,4,0.5,0.8660249999999999,3.4640999999999997
morning_star,atr_trail_mae_conditional,T2,7,0.2857142857142857,-0.7171000000000002,-5.019700000000001
morning_star,atr_trail_mae_conditional,T3,2,0.0,-5.9734,-11.9468
morning_star,atr_trail_mae_conditional,unknown,17,0.17647058823529413,-2.0856882352941177,-35.4567
morning_star,atr_trail_vix_conditional,T1ETF,2,1.0,1.2592,2.5184
morning_star,atr_trail_vix_conditional,T1a,15,0.3333333333333333,-0.9103600000000001,-13.6554
morning_star,atr_trail_vix_conditional,T1c,4,0.5,0.7607499999999999,3.0429999999999997
morning_star,atr_trail_vix_conditional,T2,7,0.2857142857142857,-0.9253571428571429,-6.4775
morning_star,atr_trail_vix_conditional,T3,2,0.0,-8.505600000000001,-17.011200000000002
morning_star,atr_trail_vix_conditional,unknown,17,0.29411764705882354,-0.12592352941176443,-2.1406999999999954
morning_star,break_even_at_1r,T1ETF,2,0.5,2.97675,5.9535
morning_star,break_even_at_1r,T1a,15,0.06666666666666667,-1.4381066666666666,-21.5716
morning_star,break_even_at_1r,T1c,4,0.75,16.164,64.656
morning_star,break_even_at_1r,T2,7,0.0,-1.857742857142857,-13.004199999999999
morning_star,break_even_at_1r,T3,2,0.0,-9.27895,-18.5579
morning_star,break_even_at_1r,unknown,17,0.29411764705882354,-1.4022764705882353,-23.8387
morning_star,breakeven_plus_trail,T1ETF,2,0.5,2.97675,5.9535
morning_star,breakeven_plus_trail,T1a,15,0.26666666666666666,0.5134533333333332,7.701799999999999
morning_star,breakeven_plus_trail,T1c,4,1.0,32.9782,131.9128
morning_star,breakeven_plus_trail,T2,7,0.14285714285714285,-3.4377999999999997,-24.0646
morning_star,breakeven_plus_trail,T3,2,0.0,-15.1395,-30.279
morning_star,breakeven_plus_trail,unknown,17,0.35294117647058826,0.10626470588235304,1.8065000000000015
morning_star,chandelier_3x,T1ETF,2,0.0,-0.09945,-0.1989
morning_star,chandelier_3x,T1a,15,0.0,-0.17356666666666667,-2.6035
morning_star,chandelier_3x,T1c,4,0.0,-0.178375,-0.7135
morning_star,chandelier_3x,T2,7,0.0,-0.3222,-2.2554
morning_star,chandelier_3x,T3,2,0.0,-0.38434999999999997,-0.7686999999999999
morning_star,chandelier_3x,unknown,17,0.0,-0.26228235294117647,-4.4588
morning_star,class_time_stop,T1ETF,2,1.0,2.73025,5.4605
morning_star,class_time_stop,T1a,15,0.7333333333333333,1.7886066666666665,26.829099999999997
morning_star,class_time_stop,T1c,4,1.0,8.2025,32.81
morning_star,class_time_stop,T2,7,0.5714285714285714,-0.1638571428571429,-1.1470000000000002
morning_star,class_time_stop,T3,2,0.0,-17.5688,-35.1376
morning_star,class_time_stop,unknown,17,0.29411764705882354,0.06231764705882353,1.0594000000000001
morning_star,earnings_blackout,T1ETF,2,1.0,8.9924,17.9848
morning_star,earnings_blackout,T1a,15,0.7333333333333333,2.69696,40.4544
morning_star,earnings_blackout,T1c,4,1.0,9.72555,38.9022
morning_star,earnings_blackout,T2,7,0.42857142857142855,-5.706371428571428,-39.944599999999994
morning_star,earnings_blackout,T3,2,0.0,-28.2181,-56.4362
morning_star,earnings_blackout,unknown,17,0.47058823529411764,-7.981276470588235,-135.6817
morning_star,fixed_4r_2r,T1ETF,2,0.5,0.08414999999999973,0.16829999999999945
morning_star,fixed_4r_2r,T1a,15,0.2,-1.3867466666666668,-20.8012
morning_star,fixed_4r_2r,T1c,4,1.0,13.448875000000001,53.795500000000004
morning_star,fixed_4r_2r,T2,7,0.0,-7.132757142857143,-49.9293
morning_star,fixed_4r_2r,T3,2,0.0,-15.16295,-30.3259
morning_star,fixed_4r_2r,unknown,17,0.35294117647058826,3.0732823529411766,52.2458
morning_star,hybrid_50pct_target,T1ETF,2,0.5,-2.39205,-4.7841
morning_star,hybrid_50pct_target,T1a,15,0.8,4.3387,65.0805
morning_star,hybrid_50pct_target,T1c,4,1.0,14.22345,56.8938
morning_star,hybrid_50pct_target,T2,7,0.2857142857142857,-8.408814285714286,-58.8617
morning_star,hybrid_50pct_target,T3,2,0.0,-10.0,-20.0
morning_star,hybrid_50pct_target,unknown,17,0.6470588235294118,1.5685882352941183,26.66600000000001
morning_star,ma_exit_ema9,T1ETF,2,1.0,0.9122000000000001,1.8244000000000002
morning_star,ma_exit_ema9,T1a,15,0.4666666666666667,0.72588,10.8882
morning_star,ma_exit_ema9,T1c,4,0.25,0.040124999999999966,0.16049999999999986
morning_star,ma_exit_ema9,T2,7,0.42857142857142855,-0.6558,-4.5906
morning_star,ma_exit_ema9,T3,2,0.5,-0.43215000000000003,-0.8643000000000001
morning_star,ma_exit_ema9,unknown,17,0.5294117647058824,1.249194117647059,21.2363
morning_star,mfe_lockin_trail,T1ETF,2,0.5,-0.11269999999999997,-0.22539999999999993
morning_star,mfe_lockin_trail,T1a,15,0.26666666666666666,-0.7553266666666667,-11.3299
morning_star,mfe_lockin_trail,T1c,4,0.5,0.7406749999999999,2.9626999999999994
morning_star,mfe_lockin_trail,T2,7,0.2857142857142857,-0.7171000000000002,-5.019700000000001
morning_star,mfe_lockin_trail,T3,2,0.0,-5.9734,-11.9468
morning_star,mfe_lockin_trail,unknown,17,0.17647058823529413,-2.0856882352941177,-35.4567
morning_star,multi_tier_partial,T1ETF,2,0.5,0.32235,0.6447
morning_star,multi_tier_partial,T1a,15,0.4666666666666667,-0.4005200000000001,-6.007800000000001
morning_star,multi_tier_partial,T1c,4,0.5,0.7481749999999998,2.9926999999999992
morning_star,multi_tier_partial,T2,7,0.42857142857142855,-0.36685714285714294,-2.5680000000000005
morning_star,multi_tier_partial,T3,2,0.0,-5.9734,-11.9468
morning_star,multi_tier_partial,unknown,17,0.29411764705882354,-1.6083411764705882,-27.3418
morning_star,next_pivot_target,T1ETF,2,1.0,0.60765,1.2153
morning_star,next_pivot_target,T1a,15,0.7333333333333333,-1.38784,-20.8176
morning_star,next_pivot_target,T1c,4,1.0,1.25475,5.019
morning_star,next_pivot_target,T2,7,0.8571428571428571,0.10667142857142872,0.746700000000001
morning_star,next_pivot_target,T3,2,0.5,-5.3129,-10.6258
morning_star,next_pivot_target,unknown,17,0.7647058823529411,3.593511764705883,61.08970000000001
morning_star,r_multiple_2r,T1ETF,2,0.5,0.060249999999999915,0.12049999999999983
morning_star,r_multiple_2r,T1a,15,0.3333333333333333,-1.0951933333333335,-16.4279
morning_star,r_multiple_2r,T1c,4,0.75,5.0218750000000005,20.087500000000002
morning_star,r_multiple_2r,T2,7,0.14285714285714285,-1.9432714285714285,-13.6029
morning_star,r_multiple_2r,T3,2,0.0,-9.27895,-18.5579
morning_star,r_multiple_2r,unknown,17,0.4117647058823529,1.9492235294117648,33.1368
morning_star,r_multiple_3r,T1ETF,2,0.5,0.8066499999999999,1.6132999999999997
morning_star,r_multiple_3r,T1a,15,0.2,-1.8715733333333333,-28.0736
morning_star,r_multiple_3r,T1c,4,0.75,7.666174999999999,30.664699999999996
morning_star,r_multiple_3r,T2,7,0.0,-3.5220571428571428,-24.6544
morning_star,r_multiple_3r,T3,2,0.0,-9.27895,-18.5579
morning_star,r_multiple_3r,unknown,17,0.29411764705882354,2.775141176470588,47.1774
morning_star,regime_flip,T1ETF,2,0.5,2.652,5.304
morning_star,regime_flip,T1a,15,0.5333333333333333,0.5722133333333332,8.583199999999998
morning_star,regime_flip,T1c,4,1.0,12.38775,49.551
morning_star,regime_flip,T2,7,0.5714285714285714,-0.9447714285714285,-6.6133999999999995
morning_star,regime_flip,T3,2,0.0,-17.543300000000002,-35.086600000000004
morning_star,regime_flip,unknown,17,0.4117647058823529,-0.1948176470588234,-3.311899999999998
morning_star,reverse_signal,T1ETF,2,0.5,-0.11269999999999997,-0.22539999999999993
morning_star,reverse_signal,T1a,15,0.26666666666666666,-0.7553266666666667,-11.3299
morning_star,reverse_signal,T1c,4,0.5,0.8660249999999999,3.4640999999999997
morning_star,reverse_signal,T2,7,0.2857142857142857,-0.7171000000000002,-5.019700000000001
morning_star,reverse_signal,T3,2,0.0,-5.9734,-11.9468
morning_star,reverse_signal,unknown,17,0.17647058823529413,-2.0856882352941177,-35.4567
morning_star,smc_mitigation_zone,T1ETF,2,0.5,-0.11269999999999997,-0.22539999999999993
morning_star,smc_mitigation_zone,T1a,15,0.26666666666666666,-0.7553266666666667,-11.3299
morning_star,smc_mitigation_zone,T1c,4,0.5,0.8660249999999999,3.4640999999999997
morning_star,smc_mitigation_zone,T2,7,0.2857142857142857,-0.7171000000000002,-5.019700000000001
morning_star,smc_mitigation_zone,T3,2,0.0,-5.9734,-11.9468
morning_star,smc_mitigation_zone,unknown,17,0.17647058823529413,-2.0856882352941177,-35.4567
morning_star,time_stop_10d,T1ETF,2,1.0,4.5807,9.1614
morning_star,time_stop_10d,T1a,15,0.5333333333333333,-0.5488799999999999,-8.233199999999998
morning_star,time_stop_10d,T1c,4,1.0,10.9973,43.9892
morning_star,time_stop_10d,T2,7,0.2857142857142857,0.8286428571428569,5.800499999999999
morning_star,time_stop_10d,T3,2,0.0,-23.47465,-46.9493
morning_star,time_stop_10d,unknown,17,0.4117647058823529,0.3624058823529412,6.1609
morning_star,time_stop_20d,T1ETF,2,0.5,2.652,5.304
morning_star,time_stop_20d,T1a,15,0.5333333333333333,0.5722133333333332,8.583199999999998
morning_star,time_stop_20d,T1c,4,1.0,12.38775,49.551
morning_star,time_stop_20d,T2,7,0.5714285714285714,-0.9447714285714285,-6.6133999999999995
morning_star,time_stop_20d,T3,2,0.0,-17.543300000000002,-35.086600000000004
morning_star,time_stop_20d,unknown,17,0.4117647058823529,-0.1948176470588234,-3.311899999999998
morning_star,trailing_10pct,T1ETF,2,0.5,0.07529999999999992,0.15059999999999985
morning_star,trailing_10pct,T1a,15,0.26666666666666666,-2.1691133333333332,-32.536699999999996
morning_star,trailing_10pct,T1c,4,1.0,18.36025,73.441
morning_star,trailing_10pct,T2,7,0.14285714285714285,-5.3125285714285715,-37.1877
morning_star,trailing_10pct,T3,2,0.0,-8.66935,-17.3387
morning_star,trailing_10pct,unknown,17,0.29411764705882354,-3.4693117647058824,-58.978300000000004
morning_star,trailing_15pct,T1ETF,2,0.5,-3.4962499999999994,-6.992499999999999
morning_star,trailing_15pct,T1a,15,0.26666666666666666,-4.6227,-69.3405
morning_star,trailing_15pct,T1c,4,1.0,48.4923,193.9692
morning_star,trailing_15pct,T2,7,0.14285714285714285,-6.1436,-43.0052
morning_star,trailing_15pct,T3,2,0.0,-13.7433,-27.4866
morning_star,trailing_15pct,unknown,17,0.35294117647058826,0.30609411764705924,5.203600000000007
morning_star,trailing_5pct,T1ETF,2,1.0,3.8282000000000003,7.6564000000000005
morning_star,trailing_5pct,T1a,15,0.2,-0.15655999999999987,-2.348399999999998
morning_star,trailing_5pct,T1c,4,1.0,5.7673,23.0692
morning_star,trailing_5pct,T2,7,0.2857142857142857,-1.642657142857143,-11.498600000000001
morning_star,trailing_5pct,T3,2,0.0,-3.59545,-7.1909
morning_star,trailing_5pct,unknown,17,0.23529411764705882,-1.3856176470588235,-23.5555
orb_stocks_in_play_long,atr_trail_1x,T1a,8,0.125,-1.3411374999999999,-10.729099999999999
orb_stocks_in_play_long,atr_trail_1x,T2,3,0.3333333333333333,-1.4476666666666667,-4.343
orb_stocks_in_play_long,atr_trail_1x,T3,3,0.3333333333333333,-0.3913000000000002,-1.1739000000000006
orb_stocks_in_play_long,atr_trail_1x,unknown,27,0.07407407407407407,-4.8976999999999995,-132.2379
orb_stocks_in_play_long,atr_trail_2x,T1a,8,0.125,-3.6008625,-28.8069
orb_stocks_in_play_long,atr_trail_2x,T2,3,0.0,-4.086966666666666,-12.2609
orb_stocks_in_play_long,atr_trail_2x,T3,3,0.0,-6.801566666666666,-20.4047
orb_stocks_in_play_long,atr_trail_2x,unknown,27,0.3333333333333333,1.5843777777777777,42.7782
orb_stocks_in_play_long,atr_trail_mae_conditional,T1a,8,0.125,-1.3411374999999999,-10.729099999999999
orb_stocks_in_play_long,atr_trail_mae_conditional,T2,3,0.3333333333333333,-1.4476666666666667,-4.343
orb_stocks_in_play_long,atr_trail_mae_conditional,T3,3,0.3333333333333333,-0.3913000000000002,-1.1739000000000006
orb_stocks_in_play_long,atr_trail_mae_conditional,unknown,27,0.07407407407407407,-4.8976999999999995,-132.2379
orb_stocks_in_play_long,atr_trail_vix_conditional,T1a,8,0.25,-2.212075,-17.6966
orb_stocks_in_play_long,atr_trail_vix_conditional,T2,3,0.0,-2.583466666666667,-7.7504
orb_stocks_in_play_long,atr_trail_vix_conditional,T3,3,0.3333333333333333,-2.029666666666667,-6.089
orb_stocks_in_play_long,atr_trail_vix_conditional,unknown,27,0.07407407407407407,-4.755022222222221,-128.38559999999998
orb_stocks_in_play_long,break_even_at_1r,T1a,8,0.125,-1.948375,-15.587
orb_stocks_in_play_long,break_even_at_1r,T2,3,0.0,-2.9926999999999997,-8.9781
orb_stocks_in_play_long,break_even_at_1r,T3,3,0.0,-2.283266666666667,-6.849800000000001
orb_stocks_in_play_long,break_even_at_1r,unknown,27,0.037037037037037035,-4.700755555555555,-126.9204
orb_stocks_in_play_long,breakeven_plus_trail,T1a,8,0.25,-0.943025,-7.5442
orb_stocks_in_play_long,breakeven_plus_trail,T2,3,0.0,-2.2225,-6.6675
orb_stocks_in_play_long,breakeven_plus_trail,T3,3,0.3333333333333333,-3.262933333333334,-9.788800000000002
orb_stocks_in_play_long,breakeven_plus_trail,unknown,27,0.4074074074074074,4.987196296296297,134.6543
orb_stocks_in_play_long,chandelier_3x,T1a,8,0.375,-0.5123624999999998,-4.098899999999999
orb_stocks_in_play_long,chandelier_3x,T2,3,0.0,-4.2587,-12.7761
orb_stocks_in_play_long,chandelier_3x,T3,3,0.3333333333333333,-0.07223333333333315,-0.21669999999999945
orb_stocks_in_play_long,chandelier_3x,unknown,27,0.25925925925925924,-3.1977666666666664,-86.3397
orb_stocks_in_play_long,class_time_stop,T1a,8,0.625,0.47601250000000017,3.8081000000000014
orb_stocks_in_play_long,class_time_stop,T2,3,0.3333333333333333,-2.2132666666666667,-6.6398
orb_stocks_in_play_long,class_time_stop,T3,3,0.6666666666666666,1.8154666666666668,5.446400000000001
orb_stocks_in_play_long,class_time_stop,unknown,27,0.5555555555555556,0.0907925925925926,2.4514000000000005
orb_stocks_in_play_long,earnings_blackout,T1a,8,0.5,0.34420000000000056,2.7536000000000045
orb_stocks_in_play_long,earnings_blackout,T2,3,0.3333333333333333,6.835433333333334,20.506300000000003
orb_stocks_in_play_long,earnings_blackout,T3,3,0.3333333333333333,-4.931899999999999,-14.795699999999997
orb_stocks_in_play_long,earnings_blackout,unknown,27,0.48148148148148145,2.5827111111111116,69.73320000000001
orb_stocks_in_play_long,fixed_4r_2r,T1a,8,0.5,2.3818375,19.0547
orb_stocks_in_play_long,fixed_4r_2r,T2,3,0.0,-8.911266666666668,-26.733800000000002
orb_stocks_in_play_long,fixed_4r_2r,T3,3,0.3333333333333333,-3.7378,-11.2134
orb_stocks_in_play_long,fixed_4r_2r,unknown,27,0.37037037037037035,3.4343666666666675,92.72790000000002
orb_stocks_in_play_long,hybrid_50pct_target,T1a,8,0.5,-0.884825,-7.0786
orb_stocks_in_play_long,hybrid_50pct_target,T2,3,0.3333333333333333,-4.9998,-14.9994
orb_stocks_in_play_long,hybrid_50pct_target,T3,3,0.3333333333333333,-1.2241666666666664,-3.6724999999999994
orb_stocks_in_play_long,hybrid_50pct_target,unknown,27,0.4074074074074074,-0.2817000000000002,-7.6059000000000045
orb_stocks_in_play_long,ma_exit_ema9,T1a,8,0.5,-0.056950000000000056,-0.45560000000000045
orb_stocks_in_play_long,ma_exit_ema9,T2,3,0.3333333333333333,-1.2402333333333333,-3.7207
orb_stocks_in_play_long,ma_exit_ema9,T3,3,0.3333333333333333,1.5525666666666667,4.6577
orb_stocks_in_play_long,ma_exit_ema9,unknown,27,0.2962962962962963,-0.8574703703703704,-23.1517
orb_stocks_in_play_long,mfe_lockin_trail,T1a,8,0.125,-1.3411374999999999,-10.729099999999999
orb_stocks_in_play_long,mfe_lockin_trail,T2,3,0.3333333333333333,-0.5289000000000001,-1.5867000000000004
orb_stocks_in_play_long,mfe_lockin_trail,T3,3,0.3333333333333333,-0.3913000000000002,-1.1739000000000006
orb_stocks_in_play_long,mfe_lockin_trail,unknown,27,0.07407407407407407,-4.810666666666667,-129.888
orb_stocks_in_play_long,multi_tier_partial,T1a,8,0.5,-0.7006999999999999,-5.605599999999999
orb_stocks_in_play_long,multi_tier_partial,T2,3,0.3333333333333333,-0.3905666666666668,-1.1717000000000004
orb_stocks_in_play_long,multi_tier_partial,T3,3,0.6666666666666666,-0.5148333333333336,-1.5445000000000007
orb_stocks_in_play_long,multi_tier_partial,unknown,27,0.37037037037037035,-2.970122222222222,-80.1933
orb_stocks_in_play_long,next_pivot_target,T1a,8,0.5,0.467325,3.7386
orb_stocks_in_play_long,next_pivot_target,T2,3,0.0,-8.911266666666668,-26.733800000000002
orb_stocks_in_play_long,next_pivot_target,T3,3,0.6666666666666666,2.8297666666666665,8.4893
orb_stocks_in_play_long,next_pivot_target,unknown,27,0.4444444444444444,1.8360592592592595,49.573600000000006
orb_stocks_in_play_long,r_multiple_2r,T1a,8,0.375,-1.160125,-9.281
orb_stocks_in_play_long,r_multiple_2r,T2,3,0.3333333333333333,0.9041333333333332,2.7123999999999997
orb_stocks_in_play_long,r_multiple_2r,T3,3,0.6666666666666666,8.0817,24.2451
orb_stocks_in_play_long,r_multiple_2r,unknown,27,0.25925925925925924,-3.342814814814815,-90.256
orb_stocks_in_play_long,r_multiple_3r,T1a,8,0.375,-0.005162499999999959,-0.04129999999999967
orb_stocks_in_play_long,r_multiple_3r,T2,3,0.0,-4.4556000000000004,-13.366800000000001
orb_stocks_in_play_long,r_multiple_3r,T3,3,0.3333333333333333,0.9591333333333333,2.8773999999999997
orb_stocks_in_play_long,r_multiple_3r,unknown,27,0.2222222222222222,-2.87867037037037,-77.72409999999999
orb_stocks_in_play_long,regime_flip,T1a,8,0.5,0.8537500000000002,6.830000000000002
orb_stocks_in_play_long,regime_flip,T2,3,0.0,-5.730066666666667,-17.1902
orb_stocks_in_play_long,regime_flip,T3,3,0.3333333333333333,2.261366666666667,6.7841000000000005
orb_stocks_in_play_long,regime_flip,unknown,27,0.5555555555555556,3.061574074074075,82.66250000000002
orb_stocks_in_play_long,reverse_signal,T1a,8,0.125,-1.3411374999999999,-10.729099999999999
orb_stocks_in_play_long,reverse_signal,T2,3,0.3333333333333333,-1.4476666666666667,-4.343
orb_stocks_in_play_long,reverse_signal,T3,3,0.3333333333333333,-0.3913000000000002,-1.1739000000000006
orb_stocks_in_play_long,reverse_signal,unknown,27,0.07407407407407407,-4.8976999999999995,-132.2379
orb_stocks_in_play_long,smc_mitigation_zone,T1a,8,0.125,-1.3411374999999999,-10.729099999999999
orb_stocks_in_play_long,smc_mitigation_zone,T2,3,0.3333333333333333,-1.4476666666666667,-4.343
orb_stocks_in_play_long,smc_mitigation_zone,T3,3,0.3333333333333333,-0.3913000000000002,-1.1739000000000006
orb_stocks_in_play_long,smc_mitigation_zone,unknown,27,0.07407407407407407,-4.8976999999999995,-132.2379
orb_stocks_in_play_long,time_stop_10d,T1a,8,0.5,0.30661249999999995,2.4528999999999996
orb_stocks_in_play_long,time_stop_10d,T2,3,0.6666666666666666,-0.16593333333333327,-0.4977999999999998
orb_stocks_in_play_long,time_stop_10d,T3,3,0.3333333333333333,2.9789,8.9367
orb_stocks_in_play_long,time_stop_10d,unknown,27,0.48148148148148145,4.645181481481482,125.41990000000001
orb_stocks_in_play_long,time_stop_20d,T1a,8,0.5,0.8537500000000002,6.830000000000002
orb_stocks_in_play_long,time_stop_20d,T2,3,0.0,-5.730066666666667,-17.1902
orb_stocks_in_play_long,time_stop_20d,T3,3,0.3333333333333333,2.261366666666667,6.7841000000000005
orb_stocks_in_play_long,time_stop_20d,unknown,27,0.5555555555555556,3.061574074074075,82.66250000000002
orb_stocks_in_play_long,trailing_10pct,T1a,8,0.375,-3.6880125,-29.5041
orb_stocks_in_play_long,trailing_10pct,T2,3,0.0,-6.161433333333334,-18.4843
orb_stocks_in_play_long,trailing_10pct,T3,3,0.3333333333333333,-2.6696333333333335,-8.0089
orb_stocks_in_play_long,trailing_10pct,unknown,27,0.2962962962962963,-1.5066481481481484,-40.679500000000004
orb_stocks_in_play_long,trailing_15pct,T1a,8,0.25,-5.1046875,-40.8375
orb_stocks_in_play_long,trailing_15pct,T2,3,0.0,-7.53,-22.59
orb_stocks_in_play_long,trailing_15pct,T3,3,0.0,-8.021033333333333,-24.0631
orb_stocks_in_play_long,trailing_15pct,unknown,27,0.37037037037037035,6.550037037037037,176.851
orb_stocks_in_play_long,trailing_5pct,T1a,8,0.125,-1.277025,-10.2162
orb_stocks_in_play_long,trailing_5pct,T2,3,0.3333333333333333,-1.9913,-5.9739
orb_stocks_in_play_long,trailing_5pct,T3,3,0.3333333333333333,0.8939999999999998,2.6819999999999995
orb_stocks_in_play_long,trailing_5pct,unknown,27,0.07407407407407407,-3.243485185185185,-87.5741
orb_stocks_in_play_short,atr_trail_1x,T1a,3,0.0,-3.185333333333333,-9.556
orb_stocks_in_play_short,atr_trail_1x,T1c,2,0.0,-3.2773,-6.5546
orb_stocks_in_play_short,atr_trail_1x,T2,9,0.2222222222222222,-2.3445888888888886,-21.1013
orb_stocks_in_play_short,atr_trail_1x,T3,1,0.0,-18.6176,-18.6176
orb_stocks_in_play_short,atr_trail_1x,unknown,19,0.21052631578947367,-2.576615789473684,-48.9557
orb_stocks_in_play_short,atr_trail_2x,T1a,3,0.6666666666666666,3.5500333333333334,10.6501
orb_stocks_in_play_short,atr_trail_2x,T1c,2,0.0,-6.75545,-13.5109
orb_stocks_in_play_short,atr_trail_2x,T2,9,0.2222222222222222,-5.7385777777777776,-51.6472
orb_stocks_in_play_short,atr_trail_2x,T3,1,0.0,-37.2352,-37.2352
orb_stocks_in_play_short,atr_trail_2x,unknown,19,0.2631578947368421,-5.231947368421053,-99.407
orb_stocks_in_play_short,atr_trail_mae_conditional,T1a,3,0.0,-3.185333333333333,-9.556
orb_stocks_in_play_short,atr_trail_mae_conditional,T1c,2,0.0,-3.2773,-6.5546
orb_stocks_in_play_short,atr_trail_mae_conditional,T2,9,0.2222222222222222,-2.3445888888888886,-21.1013
orb_stocks_in_play_short,atr_trail_mae_conditional,T3,1,0.0,-18.6176,-18.6176
orb_stocks_in_play_short,atr_trail_mae_conditional,unknown,19,0.21052631578947367,-2.576615789473684,-48.9557
orb_stocks_in_play_short,atr_trail_vix_conditional,T1a,3,0.0,-3.185333333333333,-9.556
orb_stocks_in_play_short,atr_trail_vix_conditional,T1c,2,0.0,-3.74425,-7.4885
orb_stocks_in_play_short,atr_trail_vix_conditional,T2,9,0.1111111111111111,-5.3686,-48.3174
orb_stocks_in_play_short,atr_trail_vix_conditional,T3,1,0.0,-18.6176,-18.6176
orb_stocks_in_play_short,atr_trail_vix_conditional,unknown,19,0.15789473684210525,-3.1786473684210526,-60.3943
orb_stocks_in_play_short,break_even_at_1r,T1a,3,0.0,-3.4360666666666666,-10.3082
orb_stocks_in_play_short,break_even_at_1r,T1c,2,0.0,-2.26775,-4.5355
orb_stocks_in_play_short,break_even_at_1r,T2,9,0.2222222222222222,-2.951877777777778,-26.5669
orb_stocks_in_play_short,break_even_at_1r,T3,1,0.0,-18.6176,-18.6176
orb_stocks_in_play_short,break_even_at_1r,unknown,19,0.10526315789473684,-3.5342,-67.1498
orb_stocks_in_play_short,breakeven_plus_trail,T1a,3,0.6666666666666666,6.585999999999999,19.758
orb_stocks_in_play_short,breakeven_plus_trail,T1c,2,0.0,-4.5355,-9.071
orb_stocks_in_play_short,breakeven_plus_trail,T2,9,0.4444444444444444,-3.0132,-27.1188
orb_stocks_in_play_short,breakeven_plus_trail,T3,1,0.0,-37.2352,-37.2352
orb_stocks_in_play_short,breakeven_plus_trail,unknown,19,0.42105263157894735,-3.324768421052631,-63.17059999999999
orb_stocks_in_play_short,chandelier_3x,T1a,3,0.3333333333333333,1.5818333333333336,4.745500000000001
orb_stocks_in_play_short,chandelier_3x,T1c,2,0.0,-9.4877,-18.9754
orb_stocks_in_play_short,chandelier_3x,T2,9,0.3333333333333333,-4.488322222222222,-40.3949
orb_stocks_in_play_short,chandelier_3x,T3,1,0.0,-33.7541,-33.7541
orb_stocks_in_play_short,chandelier_3x,unknown,19,0.10526315789473684,-7.191421052631579,-136.637
orb_stocks_in_play_short,class_time_stop,T1a,3,0.6666666666666666,9.400933333333333,28.2028
orb_stocks_in_play_short,class_time_stop,T1c,2,0.0,-24.3005,-48.601
orb_stocks_in_play_short,class_time_stop,T2,9,0.4444444444444444,-5.831133333333333,-52.480199999999996
orb_stocks_in_play_short,class_time_stop,T3,1,0.0,-34.9148,-34.9148
orb_stocks_in_play_short,class_time_stop,unknown,19,0.3684210526315789,-1.6642473684210528,-31.620700000000003
orb_stocks_in_play_short,earnings_blackout,T1a,3,0.3333333333333333,-2.3927666666666663,-7.178299999999999
orb_stocks_in_play_short,earnings_blackout,T1c,2,0.0,-20.7601,-41.5202
orb_stocks_in_play_short,earnings_blackout,T2,9,0.5555555555555556,-3.1087444444444445,-27.9787
orb_stocks_in_play_short,earnings_blackout,T3,1,0.0,-7.2712,-7.2712
orb_stocks_in_play_short,earnings_blackout,unknown,19,0.42105263157894735,-18.495152631578947,-351.4079
orb_stocks_in_play_short,fixed_4r_2r,T1a,3,0.0,-9.663166666666667,-28.9895
orb_stocks_in_play_short,fixed_4r_2r,T1c,2,0.0,-10.43005,-20.8601
orb_stocks_in_play_short,fixed_4r_2r,T2,9,0.1111111111111111,-11.1204,-100.0836
orb_stocks_in_play_short,fixed_4r_2r,T3,1,0.0,-37.2352,-37.2352
orb_stocks_in_play_short,fixed_4r_2r,unknown,19,0.0,-14.26921052631579,-271.115
orb_stocks_in_play_short,hybrid_50pct_target,T1a,3,0.3333333333333333,-57.266,-171.798
orb_stocks_in_play_short,hybrid_50pct_target,T1c,2,1.0,16.7163,33.4326
orb_stocks_in_play_short,hybrid_50pct_target,T2,9,0.5555555555555556,-158.5076,-1426.5683999999999
orb_stocks_in_play_short,hybrid_50pct_target,T3,1,0.0,-197.7476,-197.7476
orb_stocks_in_play_short,hybrid_50pct_target,unknown,19,0.5789473684210527,-19.294863157894735,-366.60239999999993
orb_stocks_in_play_short,ma_exit_ema9,T1a,3,0.3333333333333333,0.27640000000000003,0.8292000000000002
orb_stocks_in_play_short,ma_exit_ema9,T1c,2,0.0,-6.50195,-13.0039
orb_stocks_in_play_short,ma_exit_ema9,T2,9,0.2222222222222222,-3.5140222222222217,-31.626199999999997
orb_stocks_in_play_short,ma_exit_ema9,T3,1,0.0,-10.0,-10.0
orb_stocks_in_play_short,ma_exit_ema9,unknown,19,0.21052631578947367,-3.0187578947368423,-57.3564
orb_stocks_in_play_short,mfe_lockin_trail,T1a,3,0.0,-3.185333333333333,-9.556
orb_stocks_in_play_short,mfe_lockin_trail,T1c,2,0.0,-3.2773,-6.5546
orb_stocks_in_play_short,mfe_lockin_trail,T2,9,0.2222222222222222,-2.9063222222222223,-26.1569
orb_stocks_in_play_short,mfe_lockin_trail,T3,1,0.0,-18.6176,-18.6176
orb_stocks_in_play_short,mfe_lockin_trail,unknown,19,0.2631578947368421,-1.9862368421052632,-37.7385
orb_stocks_in_play_short,multi_tier_partial,T1a,3,0.3333333333333333,-2.5319333333333334,-7.5958
orb_stocks_in_play_short,multi_tier_partial,T1c,2,0.0,-3.2773,-6.5546
orb_stocks_in_play_short,multi_tier_partial,T2,9,0.2222222222222222,-2.312022222222222,-20.8082
orb_stocks_in_play_short,multi_tier_partial,T3,1,0.0,-18.6176,-18.6176
orb_stocks_in_play_short,multi_tier_partial,unknown,19,0.3157894736842105,-1.738657894736842,-33.0345
orb_stocks_in_play_short,next_pivot_target,T1a,3,0.3333333333333333,-0.16780000000000062,-0.5034000000000018
orb_stocks_in_play_short,next_pivot_target,T1c,2,0.0,-10.43005,-20.8601
orb_stocks_in_play_short,next_pivot_target,T2,9,0.1111111111111111,-11.1204,-100.0836
orb_stocks_in_play_short,next_pivot_target,T3,1,0.0,-37.2352,-37.2352
orb_stocks_in_play_short,next_pivot_target,unknown,19,0.2631578947368421,-7.870742105263157,-149.5441
orb_stocks_in_play_short,r_multiple_2r,T1a,3,0.3333333333333333,0.4152333333333334,1.2457000000000003
orb_stocks_in_play_short,r_multiple_2r,T1c,2,0.0,-4.89135,-9.7827
orb_stocks_in_play_short,r_multiple_2r,T2,9,0.2222222222222222,-2.4246333333333334,-21.8217
orb_stocks_in_play_short,r_multiple_2r,T3,1,0.0,-18.6176,-18.6176
orb_stocks_in_play_short,r_multiple_2r,unknown,19,0.05263157894736842,-7.334184210526316,-139.3495
orb_stocks_in_play_short,r_multiple_3r,T1a,3,0.3333333333333333,2.346133333333333,7.038399999999998
orb_stocks_in_play_short,r_multiple_3r,T1c,2,0.0,-4.89135,-9.7827
orb_stocks_in_play_short,r_multiple_3r,T2,9,0.1111111111111111,-5.0984,-45.8856
orb_stocks_in_play_short,r_multiple_3r,T3,1,0.0,-18.6176,-18.6176
orb_stocks_in_play_short,r_multiple_3r,unknown,19,0.0,-7.8079052631578945,-148.3502
orb_stocks_in_play_short,regime_flip,T1a,3,0.6666666666666666,6.539033333333333,19.6171
orb_stocks_in_play_short,regime_flip,T1c,2,0.0,-20.574199999999998,-41.148399999999995
orb_stocks_in_play_short,regime_flip,T2,9,0.4444444444444444,-2.9264666666666668,-26.3382
orb_stocks_in_play_short,regime_flip,T3,1,0.0,-49.965,-49.965
orb_stocks_in_play_short,regime_flip,unknown,19,0.2631578947368421,-4.535294736842106,-86.17060000000001
orb_stocks_in_play_short,reverse_signal,T1a,3,0.0,-3.185333333333333,-9.556
orb_stocks_in_play_short,reverse_signal,T1c,2,0.0,-3.2773,-6.5546
orb_stocks_in_play_short,reverse_signal,T2,9,0.2222222222222222,-2.3445888888888886,-21.1013
orb_stocks_in_play_short,reverse_signal,T3,1,0.0,-18.6176,-18.6176
orb_stocks_in_play_short,reverse_signal,unknown,19,0.21052631578947367,-2.576615789473684,-48.9557
orb_stocks_in_play_short,smc_mitigation_zone,T1a,3,0.0,-3.185333333333333,-9.556
orb_stocks_in_play_short,smc_mitigation_zone,T1c,2,0.0,-3.2773,-6.5546
orb_stocks_in_play_short,smc_mitigation_zone,T2,9,0.2222222222222222,-2.3445888888888886,-21.1013
orb_stocks_in_play_short,smc_mitigation_zone,T3,1,0.0,-18.6176,-18.6176
orb_stocks_in_play_short,smc_mitigation_zone,unknown,19,0.21052631578947367,-2.576615789473684,-48.9557
orb_stocks_in_play_short,time_stop_10d,T1a,3,0.3333333333333333,0.905366666666667,2.716100000000001
orb_stocks_in_play_short,time_stop_10d,T1c,2,0.0,-5.629149999999999,-11.258299999999998
orb_stocks_in_play_short,time_stop_10d,T2,9,0.3333333333333333,-2.6471,-23.823900000000002
orb_stocks_in_play_short,time_stop_10d,T3,1,0.0,-30.7051,-30.7051
orb_stocks_in_play_short,time_stop_10d,unknown,19,0.47368421052631576,-1.9131315789473684,-36.3495
orb_stocks_in_play_short,time_stop_20d,T1a,3,0.6666666666666666,6.539033333333333,19.6171
orb_stocks_in_play_short,time_stop_20d,T1c,2,0.0,-20.574199999999998,-41.148399999999995
orb_stocks_in_play_short,time_stop_20d,T2,9,0.4444444444444444,-2.9264666666666668,-26.3382
orb_stocks_in_play_short,time_stop_20d,T3,1,0.0,-49.965,-49.965
orb_stocks_in_play_short,time_stop_20d,unknown,19,0.2631578947368421,-4.535294736842106,-86.17060000000001
orb_stocks_in_play_short,trailing_10pct,T1a,3,0.3333333333333333,0.10196666666666676,0.3059000000000003
orb_stocks_in_play_short,trailing_10pct,T1c,2,0.0,-6.95385,-13.9077
orb_stocks_in_play_short,trailing_10pct,T2,9,0.2222222222222222,-4.228844444444444,-38.0596
orb_stocks_in_play_short,trailing_10pct,T3,1,0.0,-10.0,-10.0
orb_stocks_in_play_short,trailing_10pct,unknown,19,0.15789473684210525,-4.533547368421052,-86.1374
orb_stocks_in_play_short,trailing_15pct,T1a,3,0.6666666666666666,1.6676333333333335,5.0029
orb_stocks_in_play_short,trailing_15pct,T1c,2,0.0,-11.5906,-23.1812
orb_stocks_in_play_short,trailing_15pct,T2,9,0.5555555555555556,-1.8355222222222218,-16.519699999999997
orb_stocks_in_play_short,trailing_15pct,T3,1,0.0,-15.0,-15.0
orb_stocks_in_play_short,trailing_15pct,unknown,19,0.21052631578947367,-7.026873684210527,-133.5106
orb_stocks_in_play_short,trailing_5pct,T1a,3,0.0,-2.549,-7.647
orb_stocks_in_play_short,trailing_5pct,T1c,2,0.0,-3.25875,-6.5175
orb_stocks_in_play_short,trailing_5pct,T2,9,0.1111111111111111,-3.718166666666667,-33.4635
orb_stocks_in_play_short,trailing_5pct,T3,1,0.0,-5.0,-5.0
orb_stocks_in_play_short,trailing_5pct,unknown,19,0.15789473684210525,-2.840178947368421,-53.9634
pairs_mean_reversion_long,atr_trail_1x,T1a,200,0.28,-0.729723,-145.9446
pairs_mean_reversion_long,atr_trail_1x,T1c,37,0.2702702702702703,-1.6539594594594595,-61.1965
pairs_mean_reversion_long,atr_trail_2x,T1a,200,0.405,0.8176994999999999,163.5399
pairs_mean_reversion_long,atr_trail_2x,T1c,37,0.21621621621621623,-3.1531459459459463,-116.66640000000001
pairs_mean_reversion_long,atr_trail_mae_conditional,T1a,200,0.28,-0.729723,-145.9446
pairs_mean_reversion_long,atr_trail_mae_conditional,T1c,37,0.2702702702702703,-1.6539594594594595,-61.1965
pairs_mean_reversion_long,atr_trail_vix_conditional,T1a,200,0.305,-0.26092099999999996,-52.1842
pairs_mean_reversion_long,atr_trail_vix_conditional,T1c,37,0.24324324324324326,-1.8187621621621624,-67.2942
pairs_mean_reversion_long,break_even_at_1r,T1a,200,0.15,0.2337925,46.7585
pairs_mean_reversion_long,break_even_at_1r,T1c,37,0.05405405405405406,-1.4456594594594596,-53.4894
pairs_mean_reversion_long,breakeven_plus_trail,T1a,200,0.325,4.367071,873.4142
pairs_mean_reversion_long,breakeven_plus_trail,T1c,37,0.1891891891891892,-1.147983783783784,-42.47540000000001
pairs_mean_reversion_long,chandelier_3x,T1a,200,0.105,0.111811,22.362199999999998
pairs_mean_reversion_long,chandelier_3x,T1c,37,0.05405405405405406,-1.302683783783784,-48.1993
pairs_mean_reversion_long,class_time_stop,T1a,200,0.5,1.6687635,333.7527
pairs_mean_reversion_long,class_time_stop,T1c,37,0.24324324324324326,-5.8244891891891895,-215.5061
pairs_mean_reversion_long,earnings_blackout,T1a,200,0.51,1.4213319999999998,284.2664
pairs_mean_reversion_long,earnings_blackout,T1c,37,0.35135135135135137,-4.418943243243243,-163.5009
pairs_mean_reversion_long,fixed_4r_2r,T1a,200,0.37,1.046328,209.2656
pairs_mean_reversion_long,fixed_4r_2r,T1c,37,0.1891891891891892,-2.8880243243243244,-106.8569
pairs_mean_reversion_long,hybrid_50pct_target,T1a,200,0.54,1.470589,294.1178
pairs_mean_reversion_long,hybrid_50pct_target,T1c,37,0.2972972972972973,-3.856581081081081,-142.6935
pairs_mean_reversion_long,ma_exit_ema9,T1a,200,0.43,0.2597765,51.9553
pairs_mean_reversion_long,ma_exit_ema9,T1c,37,0.32432432432432434,-0.7056648648648649,-26.1096
pairs_mean_reversion_long,mfe_lockin_trail,T1a,200,0.28,-0.7743515,-154.8703
pairs_mean_reversion_long,mfe_lockin_trail,T1c,37,0.2702702702702703,-1.3964486486486485,-51.6686
pairs_mean_reversion_long,multi_tier_partial,T1a,200,0.4,-0.5393555,-107.8711
pairs_mean_reversion_long,multi_tier_partial,T1c,37,0.3783783783783784,-0.8475864864864865,-31.3607
pairs_mean_reversion_long,next_pivot_target,T1a,200,0.725,-0.5837399999999999,-116.74799999999999
pairs_mean_reversion_long,next_pivot_target,T1c,37,0.6216216216216216,-1.396754054054054,-51.679899999999996
pairs_mean_reversion_long,r_multiple_2r,T1a,200,0.355,0.2480305,49.6061
pairs_mean_reversion_long,r_multiple_2r,T1c,37,0.24324324324324326,-0.9878,-36.5486
pairs_mean_reversion_long,r_multiple_3r,T1a,200,0.28,0.3323705,66.4741
pairs_mean_reversion_long,r_multiple_3r,T1c,37,0.16216216216216217,-1.4013891891891892,-51.8514
pairs_mean_reversion_long,regime_flip,T1a,200,0.515,1.208973,241.7946
pairs_mean_reversion_long,regime_flip,T1c,37,0.32432432432432434,-3.1328297297297296,-115.9147
pairs_mean_reversion_long,reverse_signal,T1a,200,0.28,-0.729723,-145.9446
pairs_mean_reversion_long,reverse_signal,T1c,37,0.2702702702702703,-1.6539594594594595,-61.1965
pairs_mean_reversion_long,smc_mitigation_zone,T1a,200,0.28,-0.729723,-145.9446
pairs_mean_reversion_long,smc_mitigation_zone,T1c,37,0.2702702702702703,-1.6539594594594595,-61.1965
pairs_mean_reversion_long,time_stop_10d,T1a,200,0.52,1.1439775,228.7955
pairs_mean_reversion_long,time_stop_10d,T1c,37,0.3783783783783784,-1.9491297297297294,-72.11779999999999
pairs_mean_reversion_long,time_stop_20d,T1a,200,0.515,1.208973,241.7946
pairs_mean_reversion_long,time_stop_20d,T1c,37,0.32432432432432434,-3.1328297297297296,-115.9147
pairs_mean_reversion_long,trailing_10pct,T1a,200,0.345,0.7065375,141.3075
pairs_mean_reversion_long,trailing_10pct,T1c,37,0.24324324324324326,-3.0899972972972973,-114.3299
pairs_mean_reversion_long,trailing_15pct,T1a,200,0.395,3.007376,601.4752
pairs_mean_reversion_long,trailing_15pct,T1c,37,0.13513513513513514,-6.377362162162163,-235.9624
pairs_mean_reversion_long,trailing_5pct,T1a,200,0.31,-0.30104200000000003,-60.20840000000001
pairs_mean_reversion_long,trailing_5pct,T1c,37,0.2972972972972973,-2.162145945945946,-79.9994
pairs_mean_reversion_short,atr_trail_1x,T1a,32,0.15625,-1.6595375,-53.1052
pairs_mean_reversion_short,atr_trail_1x,T1c,5,0.2,-1.3796,-6.898
pairs_mean_reversion_short,atr_trail_2x,T1a,32,0.21875,-3.1703687499999997,-101.45179999999999
pairs_mean_reversion_short,atr_trail_2x,T1c,5,0.0,-3.4788200000000002,-17.3941
pairs_mean_reversion_short,atr_trail_mae_conditional,T1a,32,0.15625,-1.6595375,-53.1052
pairs_mean_reversion_short,atr_trail_mae_conditional,T1c,5,0.2,-1.3796,-6.898
pairs_mean_reversion_short,atr_trail_vix_conditional,T1a,32,0.3125,-1.6609875,-53.1516
pairs_mean_reversion_short,atr_trail_vix_conditional,T1c,5,0.0,-2.6220399999999997,-13.110199999999999
pairs_mean_reversion_short,break_even_at_1r,T1a,32,0.0625,-2.0648343749999998,-66.07469999999999
pairs_mean_reversion_short,break_even_at_1r,T1c,5,0.0,-1.14964,-5.7482
pairs_mean_reversion_short,breakeven_plus_trail,T1a,32,0.1875,-2.768028125,-88.5769
pairs_mean_reversion_short,breakeven_plus_trail,T1c,5,0.2,-2.3301600000000002,-11.6508
pairs_mean_reversion_short,chandelier_3x,T1a,32,0.15625,-3.022178125,-96.7097
pairs_mean_reversion_short,chandelier_3x,T1c,5,0.0,-1.9604199999999998,-9.8021
pairs_mean_reversion_short,class_time_stop,T1a,32,0.3125,-7.901215625000001,-252.83890000000002
pairs_mean_reversion_short,class_time_stop,T1c,5,0.4,-0.36373999999999995,-1.8186999999999998
pairs_mean_reversion_short,earnings_blackout,T1a,32,0.34375,-5.56126875,-177.9606
pairs_mean_reversion_short,earnings_blackout,T1c,5,0.4,-6.19634,-30.9817
pairs_mean_reversion_short,fixed_4r_2r,T1a,32,0.21875,-4.088378125,-130.8281
pairs_mean_reversion_short,fixed_4r_2r,T1c,5,0.4,1.6792799999999999,8.3964
pairs_mean_reversion_short,hybrid_50pct_target,T1a,32,0.71875,-16.424384375,-525.5803
pairs_mean_reversion_short,hybrid_50pct_target,T1c,5,0.6,-80.56914,-402.8457
pairs_mean_reversion_short,ma_exit_ema9,T1a,32,0.25,-2.289446875,-73.2623
pairs_mean_reversion_short,ma_exit_ema9,T1c,5,0.6,-0.25604000000000005,-1.2802000000000002
pairs_mean_reversion_short,mfe_lockin_trail,T1a,32,0.15625,-1.478765625,-47.3205
pairs_mean_reversion_short,mfe_lockin_trail,T1c,5,0.2,-1.15282,-5.7641
pairs_mean_reversion_short,multi_tier_partial,T1a,32,0.4375,-1.066659375,-34.1331
pairs_mean_reversion_short,multi_tier_partial,T1c,5,0.6,0.1338199999999999,0.6690999999999996
pairs_mean_reversion_short,next_pivot_target,T1a,32,0.8125,-0.941565625,-30.1301
pairs_mean_reversion_short,next_pivot_target,T1c,5,0.8,0.7274999999999999,3.6374999999999997
pairs_mean_reversion_short,r_multiple_2r,T1a,32,0.1875,-2.2906625,-73.3012
pairs_mean_reversion_short,r_multiple_2r,T1c,5,0.0,-3.50532,-17.526600000000002
pairs_mean_reversion_short,r_multiple_3r,T1a,32,0.15625,-2.055915625,-65.7893
pairs_mean_reversion_short,r_multiple_3r,T1c,5,0.0,-3.50532,-17.526600000000002
pairs_mean_reversion_short,regime_flip,T1a,32,0.40625,-3.481440625,-111.4061
pairs_mean_reversion_short,regime_flip,T1c,5,0.4,-4.60834,-23.0417
pairs_mean_reversion_short,reverse_signal,T1a,32,0.15625,-1.6595375,-53.1052
pairs_mean_reversion_short,reverse_signal,T1c,5,0.2,-1.3796,-6.898
pairs_mean_reversion_short,smc_mitigation_zone,T1a,32,0.15625,-1.6595375,-53.1052
pairs_mean_reversion_short,smc_mitigation_zone,T1c,5,0.2,-1.3796,-6.898
pairs_mean_reversion_short,time_stop_10d,T1a,32,0.4375,-3.2237187499999997,-103.15899999999999
pairs_mean_reversion_short,time_stop_10d,T1c,5,0.6,0.6624399999999999,3.3122
pairs_mean_reversion_short,time_stop_20d,T1a,32,0.40625,-3.481440625,-111.4061
pairs_mean_reversion_short,time_stop_20d,T1c,5,0.4,-4.60834,-23.0417
pairs_mean_reversion_short,trailing_10pct,T1a,32,0.28125,-2.4363062500000003,-77.96180000000001
pairs_mean_reversion_short,trailing_10pct,T1c,5,0.2,-2.51618,-12.5809
pairs_mean_reversion_short,trailing_15pct,T1a,32,0.25,-6.20633125,-198.6026
pairs_mean_reversion_short,trailing_15pct,T1c,5,0.4,-4.83834,-24.191699999999997
pairs_mean_reversion_short,trailing_5pct,T1a,32,0.28125,-0.8371125,-26.7876
pairs_mean_reversion_short,trailing_5pct,T1c,5,0.4,-1.70536,-8.5268
parabolic_sar_flip,atr_trail_1x,T1a,25,0.24,-1.003468,-25.0867
parabolic_sar_flip,atr_trail_1x,T1c,4,0.5,-0.4714999999999999,-1.8859999999999997
parabolic_sar_flip,atr_trail_1x,T2,15,0.2,-0.3872933333333332,-5.809399999999998
parabolic_sar_flip,atr_trail_1x,T3,4,0.25,-3.5881499999999997,-14.352599999999999
parabolic_sar_flip,atr_trail_1x,unknown,33,0.18181818181818182,-3.3899151515151513,-111.8672
parabolic_sar_flip,atr_trail_2x,T1a,25,0.44,-0.6912999999999999,-17.2825
parabolic_sar_flip,atr_trail_2x,T1c,4,0.75,9.77495,39.0998
parabolic_sar_flip,atr_trail_2x,T2,15,0.2,-1.6795266666666666,-25.192899999999998
parabolic_sar_flip,atr_trail_2x,T3,4,0.0,-8.662075,-34.6483
parabolic_sar_flip,atr_trail_2x,unknown,33,0.36363636363636365,0.6116636363636359,20.184899999999985
parabolic_sar_flip,atr_trail_mae_conditional,T1a,25,0.24,-1.003468,-25.0867
parabolic_sar_flip,atr_trail_mae_conditional,T1c,4,0.5,-0.4714999999999999,-1.8859999999999997
parabolic_sar_flip,atr_trail_mae_conditional,T2,15,0.2,-0.3872933333333332,-5.809399999999998
parabolic_sar_flip,atr_trail_mae_conditional,T3,4,0.25,-3.5881499999999997,-14.352599999999999
parabolic_sar_flip,atr_trail_mae_conditional,unknown,33,0.18181818181818182,-3.3899151515151513,-111.8672
parabolic_sar_flip,atr_trail_vix_conditional,T1a,25,0.24,-1.5816759999999999,-39.5419
parabolic_sar_flip,atr_trail_vix_conditional,T1c,4,0.75,0.820775,3.2831
parabolic_sar_flip,atr_trail_vix_conditional,T2,15,0.2,-0.4662466666666666,-6.993699999999999
parabolic_sar_flip,atr_trail_vix_conditional,T3,4,0.5,-2.5244750000000002,-10.097900000000001
parabolic_sar_flip,atr_trail_vix_conditional,unknown,33,0.24242424242424243,-2.4729424242424245,-81.6071
parabolic_sar_flip,break_even_at_1r,T1a,25,0.08,-0.703908,-17.5977
parabolic_sar_flip,break_even_at_1r,T1c,4,0.25,5.097675,20.3907
parabolic_sar_flip,break_even_at_1r,T2,15,0.0,-2.7162933333333332,-40.7444
parabolic_sar_flip,break_even_at_1r,T3,4,0.5,-1.95725,-7.829
parabolic_sar_flip,break_even_at_1r,unknown,33,0.24242424242424243,-2.4932999999999996,-82.2789
parabolic_sar_flip,breakeven_plus_trail,T1a,25,0.36,4.707604,117.6901
parabolic_sar_flip,breakeven_plus_trail,T1c,4,1.0,17.41365,69.6546
parabolic_sar_flip,breakeven_plus_trail,T2,15,0.26666666666666666,3.341326666666667,50.1199
parabolic_sar_flip,breakeven_plus_trail,T3,4,0.75,0.16022500000000006,0.6409000000000002
parabolic_sar_flip,breakeven_plus_trail,unknown,33,0.5151515151515151,3.056439393939394,100.86250000000001
parabolic_sar_flip,chandelier_3x,T1a,25,0.0,-1.2277600000000002,-30.694000000000003
parabolic_sar_flip,chandelier_3x,T1c,4,0.25,4.2948,17.1792
parabolic_sar_flip,chandelier_3x,T2,15,0.06666666666666667,-1.6027933333333333,-24.0419
parabolic_sar_flip,chandelier_3x,T3,4,0.0,-4.217375,-16.8695
parabolic_sar_flip,chandelier_3x,unknown,33,0.06060606060606061,-0.400878787878788,-13.229000000000005
parabolic_sar_flip,class_time_stop,T1a,25,0.64,2.297392,57.434799999999996
parabolic_sar_flip,class_time_stop,T1c,4,0.75,10.705625,42.8225
parabolic_sar_flip,class_time_stop,T2,15,0.4666666666666667,-11.35348,-170.3022
parabolic_sar_flip,class_time_stop,T3,4,0.75,14.508925,58.0357
parabolic_sar_flip,class_time_stop,unknown,33,0.48484848484848486,2.777099999999999,91.64429999999997
parabolic_sar_flip,earnings_blackout,T1a,25,0.56,0.92658,23.1645
parabolic_sar_flip,earnings_blackout,T1c,4,0.75,8.005075,32.0203
parabolic_sar_flip,earnings_blackout,T2,15,0.5333333333333333,-7.358573333333334,-110.3786
parabolic_sar_flip,earnings_blackout,T3,4,0.75,14.8597,59.4388
parabolic_sar_flip,earnings_blackout,unknown,33,0.48484848484848486,-3.2521242424242423,-107.3201
parabolic_sar_flip,fixed_4r_2r,T1a,25,0.36,-1.6553639999999998,-41.3841
parabolic_sar_flip,fixed_4r_2r,T1c,4,0.75,6.50435,26.0174
parabolic_sar_flip,fixed_4r_2r,T2,15,0.5333333333333333,5.196646666666666,77.94969999999999
parabolic_sar_flip,fixed_4r_2r,T3,4,0.75,19.675575,78.7023
parabolic_sar_flip,fixed_4r_2r,unknown,33,0.30303030303030304,-3.3461333333333334,-110.4224
parabolic_sar_flip,hybrid_50pct_target,T1a,25,0.76,3.5836240000000004,89.59060000000001
parabolic_sar_flip,hybrid_50pct_target,T1c,4,1.0,13.091975000000001,52.367900000000006
parabolic_sar_flip,hybrid_50pct_target,T2,15,0.8,-1.5638999999999992,-23.458499999999987
parabolic_sar_flip,hybrid_50pct_target,T3,4,0.75,18.1144,72.4576
parabolic_sar_flip,hybrid_50pct_target,unknown,33,0.3939393939393939,-4.199848484848485,-138.595
parabolic_sar_flip,ma_exit_ema9,T1a,25,0.32,0.859692,21.4923
parabolic_sar_flip,ma_exit_ema9,T1c,4,0.5,6.591075000000001,26.364300000000004
parabolic_sar_flip,ma_exit_ema9,T2,15,0.06666666666666667,-2.341153333333333,-35.1173
parabolic_sar_flip,ma_exit_ema9,T3,4,0.5,-1.45595,-5.8238
parabolic_sar_flip,ma_exit_ema9,unknown,33,0.2727272727272727,-1.4821575757575756,-48.911199999999994
parabolic_sar_flip,mfe_lockin_trail,T1a,25,0.24,-0.994012,-24.8503
parabolic_sar_flip,mfe_lockin_trail,T1c,4,0.5,-0.40105,-1.6042
parabolic_sar_flip,mfe_lockin_trail,T2,15,0.2,-1.3719666666666666,-20.5795
parabolic_sar_flip,mfe_lockin_trail,T3,4,0.25,-2.72975,-10.919
parabolic_sar_flip,mfe_lockin_trail,unknown,33,0.18181818181818182,-3.8303363636363637,-126.4011
parabolic_sar_flip,multi_tier_partial,T1a,25,0.44,-0.9543200000000001,-23.858
parabolic_sar_flip,multi_tier_partial,T1c,4,0.5,-0.34067499999999995,-1.3626999999999998
parabolic_sar_flip,multi_tier_partial,T2,15,0.26666666666666666,-1.56188,-23.4282
parabolic_sar_flip,multi_tier_partial,T3,4,0.25,-3.2081,-12.8324
parabolic_sar_flip,multi_tier_partial,unknown,33,0.2727272727272727,-3.6438636363636365,-120.2475
parabolic_sar_flip,next_pivot_target,T1a,25,0.48,-2.458572,-61.4643
parabolic_sar_flip,next_pivot_target,T1c,4,1.0,4.879275,19.5171
parabolic_sar_flip,next_pivot_target,T2,15,0.8,2.9758666666666667,44.638
parabolic_sar_flip,next_pivot_target,T3,4,1.0,10.802025,43.2081
parabolic_sar_flip,next_pivot_target,unknown,33,0.6363636363636364,0.870851515151515,28.738099999999996
parabolic_sar_flip,r_multiple_2r,T1a,25,0.4,0.265916,6.6479
parabolic_sar_flip,r_multiple_2r,T1c,4,0.75,4.037975,16.1519
parabolic_sar_flip,r_multiple_2r,T2,15,0.13333333333333333,-1.5806933333333333,-23.7104
parabolic_sar_flip,r_multiple_2r,T3,4,0.25,-4.564825,-18.2593
parabolic_sar_flip,r_multiple_2r,unknown,33,0.30303030303030304,-1.155290909090909,-38.124599999999994
parabolic_sar_flip,r_multiple_3r,T1a,25,0.36,0.9558160000000001,23.895400000000002
parabolic_sar_flip,r_multiple_3r,T1c,4,0.75,5.507525,22.0301
parabolic_sar_flip,r_multiple_3r,T2,15,0.06666666666666667,-1.6609133333333332,-24.9137
parabolic_sar_flip,r_multiple_3r,T3,4,0.25,-2.5073999999999996,-10.029599999999999
parabolic_sar_flip,r_multiple_3r,unknown,33,0.24242424242424243,-1.7039303030303032,-56.22970000000001
parabolic_sar_flip,regime_flip,T1a,25,0.68,1.15714,28.9285
parabolic_sar_flip,regime_flip,T1c,4,1.0,15.895,63.58
parabolic_sar_flip,regime_flip,T2,15,0.4666666666666667,-5.4624,-81.93599999999999
parabolic_sar_flip,regime_flip,T3,4,0.5,-2.5630749999999995,-10.252299999999998
parabolic_sar_flip,regime_flip,unknown,33,0.5454545454545454,1.601327272727273,52.84380000000001
parabolic_sar_flip,reverse_signal,T1a,25,0.24,-1.003468,-25.0867
parabolic_sar_flip,reverse_signal,T1c,4,0.5,-0.4714999999999999,-1.8859999999999997
parabolic_sar_flip,reverse_signal,T2,15,0.2,-0.3872933333333332,-5.809399999999998
parabolic_sar_flip,reverse_signal,T3,4,0.25,-3.5881499999999997,-14.352599999999999
parabolic_sar_flip,reverse_signal,unknown,33,0.18181818181818182,-3.3899151515151513,-111.8672
parabolic_sar_flip,smc_mitigation_zone,T1a,25,0.24,-1.003468,-25.0867
parabolic_sar_flip,smc_mitigation_zone,T1c,4,0.5,-0.4714999999999999,-1.8859999999999997
parabolic_sar_flip,smc_mitigation_zone,T2,15,0.2,-0.3872933333333332,-5.809399999999998
parabolic_sar_flip,smc_mitigation_zone,T3,4,0.25,-3.5881499999999997,-14.352599999999999
parabolic_sar_flip,smc_mitigation_zone,unknown,33,0.18181818181818182,-3.3899151515151513,-111.8672
parabolic_sar_flip,time_stop_10d,T1a,25,0.52,-0.5362200000000001,-13.405500000000004
parabolic_sar_flip,time_stop_10d,T1c,4,1.0,7.253525,29.0141
parabolic_sar_flip,time_stop_10d,T2,15,0.4,-0.26655333333333314,-3.9982999999999973
parabolic_sar_flip,time_stop_10d,T3,4,0.25,-4.65555,-18.6222
parabolic_sar_flip,time_stop_10d,unknown,33,0.5151515151515151,-1.554030303030303,-51.283
parabolic_sar_flip,time_stop_20d,T1a,25,0.68,1.15714,28.9285
parabolic_sar_flip,time_stop_20d,T1c,4,1.0,15.895,63.58
parabolic_sar_flip,time_stop_20d,T2,15,0.4666666666666667,-5.4624,-81.93599999999999
parabolic_sar_flip,time_stop_20d,T3,4,0.5,-2.5630749999999995,-10.252299999999998
parabolic_sar_flip,time_stop_20d,unknown,33,0.5454545454545454,1.601327272727273,52.84380000000001
parabolic_sar_flip,trailing_10pct,T1a,25,0.4,2.9439720000000005,73.59930000000001
parabolic_sar_flip,trailing_10pct,T1c,4,1.0,17.41365,69.6546
parabolic_sar_flip,trailing_10pct,T2,15,0.4666666666666667,3.8557800000000007,57.83670000000001
parabolic_sar_flip,trailing_10pct,T3,4,0.25,-2.702125,-10.8085
parabolic_sar_flip,trailing_10pct,unknown,33,0.2727272727272727,-1.4270515151515148,-47.092699999999994
parabolic_sar_flip,trailing_15pct,T1a,25,0.52,2.3278559999999997,58.1964
parabolic_sar_flip,trailing_15pct,T1c,4,0.75,12.492175,49.9687
parabolic_sar_flip,trailing_15pct,T2,15,0.4666666666666667,1.7545600000000003,26.318400000000004
parabolic_sar_flip,trailing_15pct,T3,4,0.5,-3.289875,-13.1595
parabolic_sar_flip,trailing_15pct,unknown,33,0.3939393939393939,-0.5591969696969696,-18.4535
parabolic_sar_flip,trailing_5pct,T1a,25,0.48,0.56694,14.1735
parabolic_sar_flip,trailing_5pct,T1c,4,0.75,4.516025,18.0641
parabolic_sar_flip,trailing_5pct,T2,15,0.2,-1.515873333333333,-22.738099999999996
parabolic_sar_flip,trailing_5pct,T3,4,0.0,-1.61445,-6.4578
parabolic_sar_flip,trailing_5pct,unknown,33,0.12121212121212122,-2.1807636363636362,-71.9652
pead_long,atr_trail_1x,T1a,30,0.26666666666666666,-0.5673066666666666,-17.019199999999998
pead_long,atr_trail_1x,T1c,10,0.3,-0.49023000000000005,-4.9023
pead_long,atr_trail_1x,T2,9,0.2222222222222222,-2.116411111111111,-19.0477
pead_long,atr_trail_1x,T3,6,0.3333333333333333,-1.4310333333333336,-8.586200000000002
pead_long,atr_trail_1x,unknown,56,0.32142857142857145,-2.352082142857143,-131.7166
pead_long,atr_trail_2x,T1a,30,0.3333333333333333,-1.5092100000000002,-45.276300000000006
pead_long,atr_trail_2x,T1c,10,0.4,5.03001,50.3001
pead_long,atr_trail_2x,T2,9,0.4444444444444444,-0.9945444444444446,-8.9509
pead_long,atr_trail_2x,T3,6,0.5,1.6667666666666665,10.000599999999999
pead_long,atr_trail_2x,unknown,56,0.35714285714285715,0.9034446428571429,50.5929
pead_long,atr_trail_mae_conditional,T1a,30,0.26666666666666666,-0.5673066666666666,-17.019199999999998
pead_long,atr_trail_mae_conditional,T1c,10,0.3,-0.49023000000000005,-4.9023
pead_long,atr_trail_mae_conditional,T2,9,0.2222222222222222,-2.116411111111111,-19.0477
pead_long,atr_trail_mae_conditional,T3,6,0.3333333333333333,-1.4310333333333336,-8.586200000000002
pead_long,atr_trail_mae_conditional,unknown,56,0.32142857142857145,-2.352082142857143,-131.7166
pead_long,atr_trail_vix_conditional,T1a,30,0.2,-0.9090066666666666,-27.2702
pead_long,atr_trail_vix_conditional,T1c,10,0.4,0.015089999999999965,0.15089999999999965
pead_long,atr_trail_vix_conditional,T2,9,0.2222222222222222,-1.8245111111111112,-16.4206
pead_long,atr_trail_vix_conditional,T3,6,0.3333333333333333,-2.3851833333333334,-14.311100000000001
pead_long,atr_trail_vix_conditional,unknown,56,0.30357142857142855,-1.8469589285714285,-103.4297
pead_long,break_even_at_1r,T1a,30,0.03333333333333333,1.7739000000000005,53.21700000000001
pead_long,break_even_at_1r,T1c,10,0.2,-1.0939999999999999,-10.94
pead_long,break_even_at_1r,T2,9,0.1111111111111111,-1.9438,-17.4942
pead_long,break_even_at_1r,T3,6,0.5,-1.0315333333333332,-6.1892
pead_long,break_even_at_1r,unknown,56,0.21428571428571427,-1.9002428571428571,-106.4136
pead_long,breakeven_plus_trail,T1a,30,0.23333333333333334,5.838213333333333,175.1464
pead_long,breakeven_plus_trail,T1c,10,0.6,6.54322,65.4322
pead_long,breakeven_plus_trail,T2,9,0.3333333333333333,-2.0522,-18.4698
pead_long,breakeven_plus_trail,T3,6,0.6666666666666666,4.261399999999999,25.568399999999997
pead_long,breakeven_plus_trail,unknown,56,0.5,3.0750750000000004,172.20420000000001
pead_long,chandelier_3x,T1a,30,0.16666666666666666,-0.8926266666666666,-26.778799999999997
pead_long,chandelier_3x,T1c,10,0.1,-1.6865100000000002,-16.8651
pead_long,chandelier_3x,T2,9,0.1111111111111111,-2.5372333333333335,-22.8351
pead_long,chandelier_3x,T3,6,0.16666666666666666,-2.0319,-12.191399999999998
pead_long,chandelier_3x,unknown,56,0.21428571428571427,-0.11767142857142855,-6.589599999999999
pead_long,class_time_stop,T1a,30,0.4666666666666667,-0.19673666666666687,-5.902100000000006
pead_long,class_time_stop,T1c,10,0.6,1.8536899999999998,18.5369
pead_long,class_time_stop,T2,9,0.4444444444444444,0.8547777777777775,7.692999999999998
pead_long,class_time_stop,T3,6,0.8333333333333334,7.503033333333334,45.0182
pead_long,class_time_stop,unknown,56,0.5535714285714286,0.6705500000000002,37.55080000000001
pead_long,earnings_blackout,T1a,30,0.5333333333333333,4.550129999999999,136.5039
pead_long,earnings_blackout,T1c,10,0.8,10.1508,101.508
pead_long,earnings_blackout,T2,9,0.3333333333333333,-2.524566666666667,-22.7211
pead_long,earnings_blackout,T3,6,0.3333333333333333,-18.86135,-113.16810000000001
pead_long,earnings_blackout,unknown,56,0.48214285714285715,2.077951785714286,116.36530000000002
pead_long,fixed_4r_2r,T1a,30,0.26666666666666666,-2.06595,-61.9785
pead_long,fixed_4r_2r,T1c,10,0.4,0.3031899999999999,3.031899999999999
pead_long,fixed_4r_2r,T2,9,0.4444444444444444,2.6654555555555555,23.9891
pead_long,fixed_4r_2r,T3,6,0.5,32.259233333333334,193.5554
pead_long,fixed_4r_2r,unknown,56,0.32142857142857145,-0.41590714285714286,-23.2908
pead_long,hybrid_50pct_target,T1a,30,0.5333333333333333,2.3562833333333333,70.6885
pead_long,hybrid_50pct_target,T1c,10,0.8,6.711530000000001,67.1153
pead_long,hybrid_50pct_target,T2,9,0.5555555555555556,3.697166666666667,33.2745
pead_long,hybrid_50pct_target,T3,6,0.6666666666666666,6.929266666666667,41.5756
pead_long,hybrid_50pct_target,unknown,56,0.42857142857142855,1.3801482142857144,77.2883
pead_long,ma_exit_ema9,T1a,30,0.3333333333333333,3.114466666666667,93.43400000000001
pead_long,ma_exit_ema9,T1c,10,0.2,-1.5534,-15.533999999999999
pead_long,ma_exit_ema9,T2,9,0.2222222222222222,-1.2863111111111112,-11.5768
pead_long,ma_exit_ema9,T3,6,0.3333333333333333,-0.6471166666666668,-3.8827000000000007
pead_long,ma_exit_ema9,unknown,56,0.4107142857142857,0.14931785714285722,8.361800000000004
pead_long,mfe_lockin_trail,T1a,30,0.26666666666666666,-0.6600300000000001,-19.800900000000002
pead_long,mfe_lockin_trail,T1c,10,0.3,-0.29289999999999994,-2.9289999999999994
pead_long,mfe_lockin_trail,T2,9,0.2222222222222222,-1.502888888888889,-13.526
pead_long,mfe_lockin_trail,T3,6,0.3333333333333333,-0.6940499999999998,-4.164299999999999
pead_long,mfe_lockin_trail,unknown,56,0.32142857142857145,-1.9962446428571428,-111.7897
pead_long,multi_tier_partial,T1a,30,0.36666666666666664,-0.9164100000000001,-27.4923
pead_long,multi_tier_partial,T1c,10,0.5,0.12435999999999998,1.2435999999999998
pead_long,multi_tier_partial,T2,9,0.3333333333333333,-1.684677777777778,-15.1621
pead_long,multi_tier_partial,T3,6,0.5,0.48246666666666677,2.8948000000000005
pead_long,multi_tier_partial,unknown,56,0.4107142857142857,-1.3383625000000001,-74.9483
pead_long,next_pivot_target,T1a,30,0.6333333333333333,-2.4729233333333336,-74.1877
pead_long,next_pivot_target,T1c,10,0.9,2.26724,22.6724
pead_long,next_pivot_target,T2,9,0.6666666666666666,-0.9743666666666666,-8.7693
pead_long,next_pivot_target,T3,6,0.8333333333333334,-1.65955,-9.9573
pead_long,next_pivot_target,unknown,56,0.75,-0.2556982142857143,-14.3191
pead_long,r_multiple_2r,T1a,30,0.3333333333333333,-0.15997999999999996,-4.799399999999999
pead_long,r_multiple_2r,T1c,10,0.4,1.00858,10.0858
pead_long,r_multiple_2r,T2,9,0.3333333333333333,-0.3845555555555556,-3.4610000000000003
pead_long,r_multiple_2r,T3,6,0.5,5.9450166666666675,35.670100000000005
pead_long,r_multiple_2r,unknown,56,0.42857142857142855,1.3458785714285715,75.3692
pead_long,r_multiple_3r,T1a,30,0.26666666666666666,-0.017833333333333277,-0.5349999999999984
pead_long,r_multiple_3r,T1c,10,0.4,2.41226,24.1226
pead_long,r_multiple_3r,T2,9,0.2222222222222222,-1.1663888888888887,-10.497499999999999
pead_long,r_multiple_3r,T3,6,0.3333333333333333,3.8828,23.2968
pead_long,r_multiple_3r,unknown,56,0.2857142857142857,0.4763946428571427,26.678099999999993
pead_long,regime_flip,T1a,30,0.4,-0.13526999999999992,-4.058099999999998
pead_long,regime_flip,T1c,10,0.8,4.962,49.62
pead_long,regime_flip,T2,9,0.2222222222222222,-1.4734333333333334,-13.260900000000001
pead_long,regime_flip,T3,6,0.6666666666666666,6.281949999999999,37.6917
pead_long,regime_flip,unknown,56,0.44642857142857145,1.0949767857142858,61.31870000000001
pead_long,reverse_signal,T1a,30,0.26666666666666666,-0.5673066666666666,-17.019199999999998
pead_long,reverse_signal,T1c,10,0.3,-0.49023000000000005,-4.9023
pead_long,reverse_signal,T2,9,0.2222222222222222,-2.116411111111111,-19.0477
pead_long,reverse_signal,T3,6,0.3333333333333333,-1.4310333333333336,-8.586200000000002
pead_long,reverse_signal,unknown,56,0.32142857142857145,-2.352082142857143,-131.7166
pead_long,smc_mitigation_zone,T1a,30,0.26666666666666666,-0.5673066666666666,-17.019199999999998
pead_long,smc_mitigation_zone,T1c,10,0.3,-0.49023000000000005,-4.9023
pead_long,smc_mitigation_zone,T2,9,0.2222222222222222,-2.116411111111111,-19.0477
pead_long,smc_mitigation_zone,T3,6,0.3333333333333333,-1.4310333333333336,-8.586200000000002
pead_long,smc_mitigation_zone,unknown,56,0.32142857142857145,-2.352082142857143,-131.7166
pead_long,time_stop_10d,T1a,30,0.3333333333333333,-2.3781266666666667,-71.3438
pead_long,time_stop_10d,T1c,10,0.7,1.36717,13.6717
pead_long,time_stop_10d,T2,9,0.4444444444444444,-1.0537999999999998,-9.4842
pead_long,time_stop_10d,T3,6,0.8333333333333334,8.27635,49.658100000000005
pead_long,time_stop_10d,unknown,56,0.48214285714285715,-0.24332142857142855,-13.626
pead_long,time_stop_20d,T1a,30,0.4,-0.13526999999999992,-4.058099999999998
pead_long,time_stop_20d,T1c,10,0.8,4.962,49.62
pead_long,time_stop_20d,T2,9,0.2222222222222222,-1.4734333333333334,-13.260900000000001
pead_long,time_stop_20d,T3,6,0.6666666666666666,6.281949999999999,37.6917
pead_long,time_stop_20d,unknown,56,0.44642857142857145,1.0949767857142858,61.31870000000001
pead_long,trailing_10pct,T1a,30,0.36666666666666664,4.91176,147.3528
pead_long,trailing_10pct,T1c,10,0.5,4.154939999999999,41.54939999999999
pead_long,trailing_10pct,T2,9,0.4444444444444444,-2.2619777777777776,-20.357799999999997
pead_long,trailing_10pct,T3,6,0.6666666666666666,1.3338166666666667,8.0029
pead_long,trailing_10pct,unknown,56,0.39285714285714285,0.0704553571428571,3.9454999999999973
pead_long,trailing_15pct,T1a,30,0.43333333333333335,7.704143333333334,231.1243
pead_long,trailing_15pct,T1c,10,0.7,9.127709999999999,91.27709999999999
pead_long,trailing_15pct,T2,9,0.3333333333333333,2.9813333333333336,26.832
pead_long,trailing_15pct,T3,6,0.5,2.3644166666666666,14.1865
pead_long,trailing_15pct,unknown,56,0.35714285714285715,0.6300089285714285,35.280499999999996
pead_long,trailing_5pct,T1a,30,0.3333333333333333,-0.54161,-16.2483
pead_long,trailing_5pct,T1c,10,0.3,-1.55266,-15.5266
pead_long,trailing_5pct,T2,9,0.3333333333333333,-1.1308999999999998,-10.178099999999999
pead_long,trailing_5pct,T3,6,0.0,-2.769433333333333,-16.6166
pead_long,trailing_5pct,unknown,56,0.26785714285714285,-1.9433500000000001,-108.8276
pead_short,atr_trail_1x,T1a,26,0.19230769230769232,-1.3664999999999998,-35.528999999999996
pead_short,atr_trail_1x,T1c,3,0.0,-2.1882333333333333,-6.5647
pead_short,atr_trail_1x,T2,20,0.3,-1.742715,-34.8543
pead_short,atr_trail_1x,T3,6,0.16666666666666666,-4.467333333333333,-26.804000000000002
pead_short,atr_trail_1x,unknown,31,0.16129032258064516,-2.9636806451612903,-91.8741
pead_short,atr_trail_2x,T1a,26,0.3076923076923077,-1.5096461538461539,-39.2508
pead_short,atr_trail_2x,T1c,3,0.6666666666666666,4.741033333333333,14.223099999999999
pead_short,atr_trail_2x,T2,20,0.25,-2.281415,-45.628299999999996
pead_short,atr_trail_2x,T3,6,0.0,-10.421899999999999,-62.5314
pead_short,atr_trail_2x,unknown,31,0.3225806451612903,-1.598032258064516,-49.539
pead_short,atr_trail_mae_conditional,T1a,26,0.19230769230769232,-1.3664999999999998,-35.528999999999996
pead_short,atr_trail_mae_conditional,T1c,3,0.0,-2.1882333333333333,-6.5647
pead_short,atr_trail_mae_conditional,T2,20,0.3,-1.742715,-34.8543
pead_short,atr_trail_mae_conditional,T3,6,0.16666666666666666,-4.467333333333333,-26.804000000000002
pead_short,atr_trail_mae_conditional,unknown,31,0.16129032258064516,-2.9636806451612903,-91.8741
pead_short,atr_trail_vix_conditional,T1a,26,0.19230769230769232,-1.6004384615384617,-41.6114
pead_short,atr_trail_vix_conditional,T1c,3,0.3333333333333333,-1.4513333333333334,-4.354
pead_short,atr_trail_vix_conditional,T2,20,0.3,-2.395765,-47.9153
pead_short,atr_trail_vix_conditional,T3,6,0.16666666666666666,-3.1571666666666665,-18.942999999999998
pead_short,atr_trail_vix_conditional,unknown,31,0.12903225806451613,-2.792809677419355,-86.5771
pead_short,break_even_at_1r,T1a,26,0.0,-2.091480769230769,-54.378499999999995
pead_short,break_even_at_1r,T1c,3,0.0,-1.1565999999999999,-3.4697999999999998
pead_short,break_even_at_1r,T2,20,0.05,-2.15728,-43.1456
pead_short,break_even_at_1r,T3,6,0.0,-5.797283333333334,-34.7837
pead_short,break_even_at_1r,unknown,31,0.1935483870967742,-1.3312838709677421,-41.269800000000004
pead_short,breakeven_plus_trail,T1a,26,0.2692307692307692,-1.534,-39.884
pead_short,breakeven_plus_trail,T1c,3,0.6666666666666666,8.873466666666667,26.6204
pead_short,breakeven_plus_trail,T2,20,0.25,-1.13972,-22.7944
pead_short,breakeven_plus_trail,T3,6,0.16666666666666666,-4.873833333333334,-29.243000000000002
pead_short,breakeven_plus_trail,unknown,31,0.3870967741935484,0.9516354838709675,29.500699999999995
pead_short,chandelier_3x,T1a,26,0.19230769230769232,-0.9926,-25.8076
pead_short,chandelier_3x,T1c,3,0.6666666666666666,5.699300000000001,17.097900000000003
pead_short,chandelier_3x,T2,20,0.15,-2.21418,-44.2836
pead_short,chandelier_3x,T3,6,0.0,-10.639133333333334,-63.8348
pead_short,chandelier_3x,unknown,31,0.25806451612903225,0.651064516129032,20.182999999999993
pead_short,class_time_stop,T1a,26,0.4230769230769231,-2.6216,-68.16159999999999
pead_short,class_time_stop,T1c,3,1.0,8.9537,26.8611
pead_short,class_time_stop,T2,20,0.4,-1.2392450000000002,-24.784900000000004
pead_short,class_time_stop,T3,6,0.5,-17.297583333333336,-103.78550000000001
pead_short,class_time_stop,unknown,31,0.6129032258064516,2.005506451612903,62.1707
pead_short,earnings_blackout,T1a,26,0.38461538461538464,-3.877726923076923,-100.8209
pead_short,earnings_blackout,T1c,3,1.0,15.4292,46.2876
pead_short,earnings_blackout,T2,20,0.4,-3.70362,-74.0724
pead_short,earnings_blackout,T3,6,0.16666666666666666,-42.34656666666667,-254.0794
pead_short,earnings_blackout,unknown,31,0.5806451612903226,-2.733829032258065,-84.74870000000001
pead_short,fixed_4r_2r,T1a,26,0.2692307692307692,-2.0671692307692306,-53.7464
pead_short,fixed_4r_2r,T1c,3,0.6666666666666666,14.351033333333334,43.0531
pead_short,fixed_4r_2r,T2,20,0.3,-2.0038050000000003,-40.076100000000004
pead_short,fixed_4r_2r,T3,6,0.0,-12.771083333333335,-76.62650000000001
pead_short,fixed_4r_2r,unknown,31,0.3548387096774194,2.072522580645161,64.2482
pead_short,hybrid_50pct_target,T1a,26,0.8076923076923077,-4.986926923076923,-129.6601
pead_short,hybrid_50pct_target,T1c,3,1.0,12.518333333333333,37.555
pead_short,hybrid_50pct_target,T2,20,0.8,-4.040645,-80.8129
pead_short,hybrid_50pct_target,T3,6,0.6666666666666666,-45.630950000000006,-273.7857
pead_short,hybrid_50pct_target,unknown,31,0.6774193548387096,-56.9073064516129,-1764.1264999999999
pead_short,ma_exit_ema9,T1a,26,0.34615384615384615,-0.14559999999999992,-3.7855999999999983
pead_short,ma_exit_ema9,T1c,3,0.3333333333333333,-1.1745999999999999,-3.5237999999999996
pead_short,ma_exit_ema9,T2,20,0.3,-0.23523499999999994,-4.704699999999999
pead_short,ma_exit_ema9,T3,6,0.16666666666666666,-5.695916666666666,-34.1755
pead_short,ma_exit_ema9,unknown,31,0.25806451612903225,-1.7258193548387097,-53.5004
pead_short,mfe_lockin_trail,T1a,26,0.19230769230769232,-1.2878576923076923,-33.4843
pead_short,mfe_lockin_trail,T1c,3,0.0,-2.1882333333333333,-6.5647
pead_short,mfe_lockin_trail,T2,20,0.3,-1.6718,-33.436
pead_short,mfe_lockin_trail,T3,6,0.16666666666666666,-4.706383333333334,-28.238300000000002
pead_short,mfe_lockin_trail,unknown,31,0.16129032258064516,-2.958109677419355,-91.7014
pead_short,multi_tier_partial,T1a,26,0.4230769230769231,-0.9083461538461537,-23.616999999999997
pead_short,multi_tier_partial,T1c,3,0.6666666666666666,0.1935000000000001,0.5805000000000002
pead_short,multi_tier_partial,T2,20,0.5,-1.143275,-22.8655
pead_short,multi_tier_partial,T3,6,0.16666666666666666,-4.259716666666667,-25.558300000000003
pead_short,multi_tier_partial,unknown,31,0.22580645161290322,-2.744164516129032,-85.06909999999999
pead_short,next_pivot_target,T1a,26,0.6923076923076923,-0.49395384615384624,-12.842800000000002
pead_short,next_pivot_target,T1c,3,1.0,2.0683000000000002,6.2049
pead_short,next_pivot_target,T2,20,0.6,-1.83965,-36.793
pead_short,next_pivot_target,T3,6,0.16666666666666666,-9.2459,-55.4754
pead_short,next_pivot_target,unknown,31,0.6451612903225806,-0.2781000000000002,-8.621100000000006
pead_short,r_multiple_2r,T1a,26,0.2692307692307692,-1.1624,-30.2224
pead_short,r_multiple_2r,T1c,3,0.3333333333333333,3.9965333333333333,11.9896
pead_short,r_multiple_2r,T2,20,0.2,-2.35832,-47.1664
pead_short,r_multiple_2r,T3,6,0.16666666666666666,-4.5573500000000005,-27.3441
pead_short,r_multiple_2r,unknown,31,0.2903225806451613,-0.7674612903225806,-23.7913
pead_short,r_multiple_3r,T1a,26,0.19230769230769232,-1.0795461538461537,-28.068199999999997
pead_short,r_multiple_3r,T1c,3,0.3333333333333333,6.999700000000001,20.999100000000002
pead_short,r_multiple_3r,T2,20,0.2,-1.6898600000000001,-33.797200000000004
pead_short,r_multiple_3r,T3,6,0.0,-6.41725,-38.5035
pead_short,r_multiple_3r,unknown,31,0.22580645161290322,-0.3806225806451616,-11.79930000000001
pead_short,regime_flip,T1a,26,0.3076923076923077,-3.2063076923076923,-83.364
pead_short,regime_flip,T1c,3,0.6666666666666666,8.583166666666667,25.7495
pead_short,regime_flip,T2,20,0.4,0.28265,5.6530000000000005
pead_short,regime_flip,T3,6,0.5,-10.01225,-60.0735
pead_short,regime_flip,unknown,31,0.4838709677419355,1.713809677419355,53.1281
pead_short,reverse_signal,T1a,26,0.19230769230769232,-1.3664999999999998,-35.528999999999996
pead_short,reverse_signal,T1c,3,0.0,-2.1882333333333333,-6.5647
pead_short,reverse_signal,T2,20,0.3,-1.742715,-34.8543
pead_short,reverse_signal,T3,6,0.16666666666666666,-4.467333333333333,-26.804000000000002
pead_short,reverse_signal,unknown,31,0.16129032258064516,-2.9636806451612903,-91.8741
pead_short,smc_mitigation_zone,T1a,26,0.19230769230769232,-1.3664999999999998,-35.528999999999996
pead_short,smc_mitigation_zone,T1c,3,0.0,-2.1882333333333333,-6.5647
pead_short,smc_mitigation_zone,T2,20,0.3,-1.742715,-34.8543
pead_short,smc_mitigation_zone,T3,6,0.16666666666666666,-4.467333333333333,-26.804000000000002
pead_short,smc_mitigation_zone,unknown,31,0.16129032258064516,-2.9636806451612903,-91.8741
pead_short,time_stop_10d,T1a,26,0.38461538461538464,-0.880973076923077,-22.905300000000004
pead_short,time_stop_10d,T1c,3,0.6666666666666666,7.935433333333333,23.8063
pead_short,time_stop_10d,T2,20,0.5,-0.5147799999999998,-10.295599999999997
pead_short,time_stop_10d,T3,6,0.3333333333333333,-6.615383333333334,-39.6923
pead_short,time_stop_10d,unknown,31,0.5161290322580645,-0.878125806451613,-27.2219
pead_short,time_stop_20d,T1a,26,0.3076923076923077,-3.2063076923076923,-83.364
pead_short,time_stop_20d,T1c,3,0.6666666666666666,8.583166666666667,25.7495
pead_short,time_stop_20d,T2,20,0.4,0.28265,5.6530000000000005
pead_short,time_stop_20d,T3,6,0.5,-10.01225,-60.0735
pead_short,time_stop_20d,unknown,31,0.4838709677419355,1.713809677419355,53.1281
pead_short,trailing_10pct,T1a,26,0.2692307692307692,-3.199576923076923,-83.189
pead_short,trailing_10pct,T1c,3,0.6666666666666666,6.750066666666666,20.2502
pead_short,trailing_10pct,T2,20,0.25,-2.51404,-50.2808
pead_short,trailing_10pct,T3,6,0.0,-7.384133333333334,-44.3048
pead_short,trailing_10pct,unknown,31,0.22580645161290322,-3.3500387096774196,-103.8512
pead_short,trailing_15pct,T1a,26,0.23076923076923078,-5.840946153846153,-151.8646
pead_short,trailing_15pct,T1c,3,0.6666666666666666,2.3921666666666668,7.1765
pead_short,trailing_15pct,T2,20,0.45,-2.574585,-51.4917
pead_short,trailing_15pct,T3,6,0.0,-12.241,-73.446
pead_short,trailing_15pct,unknown,31,0.3548387096774194,-0.10505806451612909,-3.256800000000002
pead_short,trailing_5pct,T1a,26,0.2692307692307692,-0.9176423076923078,-23.858700000000002
pead_short,trailing_5pct,T1c,3,0.6666666666666666,3.7999666666666667,11.3999
pead_short,trailing_5pct,T2,20,0.2,-1.6618600000000001,-33.2372
pead_short,trailing_5pct,T3,6,0.16666666666666666,-2.3921,-14.3526
pead_short,trailing_5pct,unknown,31,0.22580645161290322,-1.8822935483870968,-58.3511
pivot_r1_breakout,atr_trail_1x,T1a,6,0.16666666666666666,-1.0860166666666664,-6.516099999999999
pivot_r1_breakout,atr_trail_1x,T1c,1,1.0,0.5431,0.5431
pivot_r1_breakout,atr_trail_1x,T2,3,0.3333333333333333,1.306233333333333,3.9186999999999985
pivot_r1_breakout,atr_trail_1x,unknown,10,0.1,-3.2155,-32.155
pivot_r1_breakout,atr_trail_2x,T1a,6,0.16666666666666666,-2.136533333333334,-12.819200000000002
pivot_r1_breakout,atr_trail_2x,T1c,1,0.0,-2.2725,-2.2725
pivot_r1_breakout,atr_trail_2x,T2,3,0.3333333333333333,0.9363,2.8089
pivot_r1_breakout,atr_trail_2x,unknown,10,0.5,1.1115900000000003,11.115900000000003
pivot_r1_breakout,atr_trail_mae_conditional,T1a,6,0.16666666666666666,-1.0860166666666664,-6.516099999999999
pivot_r1_breakout,atr_trail_mae_conditional,T1c,1,1.0,0.5431,0.5431
pivot_r1_breakout,atr_trail_mae_conditional,T2,3,0.3333333333333333,1.306233333333333,3.9186999999999985
pivot_r1_breakout,atr_trail_mae_conditional,unknown,10,0.1,-3.2155,-32.155
pivot_r1_breakout,atr_trail_vix_conditional,T1a,6,0.3333333333333333,-0.8931833333333334,-5.359100000000001
pivot_r1_breakout,atr_trail_vix_conditional,T1c,1,1.0,0.9033,0.9033
pivot_r1_breakout,atr_trail_vix_conditional,T2,3,0.3333333333333333,-0.6270333333333333,-1.8811
pivot_r1_breakout,atr_trail_vix_conditional,unknown,10,0.3,-0.038879999999999984,-0.3887999999999998
pivot_r1_breakout,break_even_at_1r,T1a,6,0.16666666666666666,-1.6039,-9.6234
pivot_r1_breakout,break_even_at_1r,T1c,1,0.0,0.0,0.0
pivot_r1_breakout,break_even_at_1r,T2,3,0.3333333333333333,2.0138000000000003,6.0414
pivot_r1_breakout,break_even_at_1r,unknown,10,0.4,2.4363399999999995,24.363399999999995
pivot_r1_breakout,breakeven_plus_trail,T1a,6,0.16666666666666666,-2.8540000000000005,-17.124000000000002
pivot_r1_breakout,breakeven_plus_trail,T1c,1,0.0,0.0,0.0
pivot_r1_breakout,breakeven_plus_trail,T2,3,0.6666666666666666,2.8981333333333335,8.6944
pivot_r1_breakout,breakeven_plus_trail,unknown,10,0.6,4.9541200000000005,49.5412
pivot_r1_breakout,chandelier_3x,T1a,6,0.16666666666666666,-3.6382333333333334,-21.8294
pivot_r1_breakout,chandelier_3x,T1c,1,1.0,4.7664,4.7664
pivot_r1_breakout,chandelier_3x,T2,3,0.3333333333333333,-0.9068999999999999,-2.7207
pivot_r1_breakout,chandelier_3x,unknown,10,0.3,-5.3020700000000005,-53.020700000000005
pivot_r1_breakout,class_time_stop,T1a,6,0.16666666666666666,-1.5771,-9.4626
pivot_r1_breakout,class_time_stop,T1c,1,1.0,0.1064,0.1064
pivot_r1_breakout,class_time_stop,T2,3,0.6666666666666666,5.087866666666667,15.2636
pivot_r1_breakout,class_time_stop,unknown,10,0.6,-3.060069999999999,-30.600699999999993
pivot_r1_breakout,earnings_blackout,T1a,6,0.16666666666666666,-4.461783333333333,-26.770699999999998
pivot_r1_breakout,earnings_blackout,T1c,1,1.0,14.6379,14.6379
pivot_r1_breakout,earnings_blackout,T2,3,0.6666666666666666,0.6339666666666663,1.901899999999999
pivot_r1_breakout,earnings_blackout,unknown,10,0.7,2.51879,25.187900000000003
pivot_r1_breakout,fixed_4r_2r,T1a,6,0.16666666666666666,-5.001866666666667,-30.011200000000002
pivot_r1_breakout,fixed_4r_2r,T1c,1,1.0,11.0712,11.0712
pivot_r1_breakout,fixed_4r_2r,T2,3,0.3333333333333333,0.13920000000000007,0.4176000000000002
pivot_r1_breakout,fixed_4r_2r,unknown,10,0.5,3.1591599999999995,31.591599999999996
pivot_r1_breakout,hybrid_50pct_target,T1a,6,0.16666666666666666,-6.707583333333333,-40.2455
pivot_r1_breakout,hybrid_50pct_target,T1c,1,1.0,12.8572,12.8572
pivot_r1_breakout,hybrid_50pct_target,T2,3,0.3333333333333333,-2.155666666666667,-6.4670000000000005
pivot_r1_breakout,hybrid_50pct_target,unknown,10,0.5,-23.917579999999997,-239.17579999999998
pivot_r1_breakout,ma_exit_ema9,T1a,6,0.16666666666666666,-0.6938666666666666,-4.1632
pivot_r1_breakout,ma_exit_ema9,T1c,1,0.0,-1.0481,-1.0481
pivot_r1_breakout,ma_exit_ema9,T2,3,0.3333333333333333,-0.9042666666666667,-2.7128
pivot_r1_breakout,ma_exit_ema9,unknown,10,0.4,0.9787499999999998,9.787499999999998
pivot_r1_breakout,mfe_lockin_trail,T1a,6,0.16666666666666666,-1.5481333333333331,-9.288799999999998
pivot_r1_breakout,mfe_lockin_trail,T1c,1,1.0,0.5431,0.5431
pivot_r1_breakout,mfe_lockin_trail,T2,3,0.3333333333333333,0.8829333333333332,2.6487999999999996
pivot_r1_breakout,mfe_lockin_trail,unknown,10,0.1,-3.42665,-34.2665
pivot_r1_breakout,multi_tier_partial,T1a,6,0.16666666666666666,-1.5966666666666667,-9.58
pivot_r1_breakout,multi_tier_partial,T1c,1,1.0,1.2847,1.2847
pivot_r1_breakout,multi_tier_partial,T2,3,0.6666666666666666,1.9845666666666668,5.9537
pivot_r1_breakout,multi_tier_partial,unknown,10,0.3,-2.44501,-24.4501
pivot_r1_breakout,next_pivot_target,T1a,6,0.3333333333333333,-4.635883333333333,-27.8153
pivot_r1_breakout,next_pivot_target,T1c,1,1.0,1.5322,1.5322
pivot_r1_breakout,next_pivot_target,T2,3,0.6666666666666666,-0.7517666666666667,-2.2553
pivot_r1_breakout,next_pivot_target,unknown,10,0.6,-2.31022,-23.102200000000003
pivot_r1_breakout,r_multiple_2r,T1a,6,0.16666666666666666,-2.1214833333333334,-12.7289
pivot_r1_breakout,r_multiple_2r,T1c,1,1.0,5.5356,5.5356
pivot_r1_breakout,r_multiple_2r,T2,3,0.3333333333333333,0.06963333333333328,0.20889999999999986
pivot_r1_breakout,r_multiple_2r,unknown,10,0.4,0.3009299999999998,3.009299999999998
pivot_r1_breakout,r_multiple_3r,T1a,6,0.16666666666666666,-1.5833833333333331,-9.5003
pivot_r1_breakout,r_multiple_3r,T1c,1,1.0,8.3034,8.3034
pivot_r1_breakout,r_multiple_3r,T2,3,0.3333333333333333,2.2243666666666666,6.6731
pivot_r1_breakout,r_multiple_3r,unknown,10,0.4,2.64018,26.4018
pivot_r1_breakout,regime_flip,T1a,6,0.3333333333333333,-4.34255,-26.0553
pivot_r1_breakout,regime_flip,T1c,1,1.0,28.5122,28.5122
pivot_r1_breakout,regime_flip,T2,3,0.6666666666666666,0.8707666666666665,2.6122999999999994
pivot_r1_breakout,regime_flip,unknown,10,0.5,-4.93706,-49.370599999999996
pivot_r1_breakout,reverse_signal,T1a,6,0.6666666666666666,0.8155333333333333,4.8932
pivot_r1_breakout,reverse_signal,T1c,1,1.0,0.8114,0.8114
pivot_r1_breakout,reverse_signal,T2,3,0.3333333333333333,-1.4079,-4.2237
pivot_r1_breakout,reverse_signal,unknown,10,0.4,1.10661,11.0661
pivot_r1_breakout,smc_mitigation_zone,T1a,6,0.16666666666666666,-1.0860166666666664,-6.516099999999999
pivot_r1_breakout,smc_mitigation_zone,T1c,1,1.0,0.5431,0.5431
pivot_r1_breakout,smc_mitigation_zone,T2,3,0.3333333333333333,1.306233333333333,3.9186999999999985
pivot_r1_breakout,smc_mitigation_zone,unknown,10,0.1,-3.2155,-32.155
pivot_r1_breakout,time_stop_10d,T1a,6,0.16666666666666666,-7.421616666666666,-44.5297
pivot_r1_breakout,time_stop_10d,T1c,1,1.0,10.5411,10.5411
pivot_r1_breakout,time_stop_10d,T2,3,0.6666666666666666,2.4408,7.3224
pivot_r1_breakout,time_stop_10d,unknown,10,0.4,-10.324250000000001,-103.2425
pivot_r1_breakout,time_stop_20d,T1a,6,0.3333333333333333,-4.34255,-26.0553
pivot_r1_breakout,time_stop_20d,T1c,1,1.0,28.5122,28.5122
pivot_r1_breakout,time_stop_20d,T2,3,0.6666666666666666,0.8707666666666665,2.6122999999999994
pivot_r1_breakout,time_stop_20d,unknown,10,0.5,-4.93706,-49.370599999999996
pivot_r1_breakout,trailing_10pct,T1a,6,0.16666666666666666,-4.66835,-28.0101
pivot_r1_breakout,trailing_10pct,T1c,1,1.0,17.4111,17.4111
pivot_r1_breakout,trailing_10pct,T2,3,0.3333333333333333,-2.5490666666666666,-7.6472
pivot_r1_breakout,trailing_10pct,unknown,10,0.6,3.3264199999999997,33.264199999999995
pivot_r1_breakout,trailing_15pct,T1a,6,0.16666666666666666,-10.201983333333333,-61.2119
pivot_r1_breakout,trailing_15pct,T1c,1,1.0,10.8883,10.8883
pivot_r1_breakout,trailing_15pct,T2,3,0.3333333333333333,-4.1246,-12.3738
pivot_r1_breakout,trailing_15pct,unknown,10,0.4,-1.0481199999999997,-10.481199999999998
pivot_r1_breakout,trailing_5pct,T1a,6,0.16666666666666666,-2.4569833333333335,-14.741900000000001
pivot_r1_breakout,trailing_5pct,T1c,1,0.0,-1.8092,-1.8092
pivot_r1_breakout,trailing_5pct,T2,3,0.3333333333333333,-1.7430666666666668,-5.2292000000000005
pivot_r1_breakout,trailing_5pct,unknown,10,0.1,-3.30521,-33.0521
pivot_s1_bounce,atr_trail_1x,T1a,7,0.0,-1.4948714285714286,-10.4641
pivot_s1_bounce,atr_trail_1x,T2,4,0.25,-2.186125,-8.7445
pivot_s1_bounce,atr_trail_1x,T3,1,0.0,-3.7348,-3.7348
pivot_s1_bounce,atr_trail_1x,unknown,8,0.375,-1.686325,-13.4906
pivot_s1_bounce,atr_trail_2x,T1a,7,0.14285714285714285,-2.9708,-20.7956
pivot_s1_bounce,atr_trail_2x,T2,4,0.0,-5.309,-21.236
pivot_s1_bounce,atr_trail_2x,T3,1,0.0,-11.774,-11.774
pivot_s1_bounce,atr_trail_2x,unknown,8,0.5,-2.36865,-18.9492
pivot_s1_bounce,atr_trail_mae_conditional,T1a,7,0.0,-1.4948714285714286,-10.4641
pivot_s1_bounce,atr_trail_mae_conditional,T2,4,0.25,-2.186125,-8.7445
pivot_s1_bounce,atr_trail_mae_conditional,T3,1,0.0,-3.7348,-3.7348
pivot_s1_bounce,atr_trail_mae_conditional,unknown,8,0.375,-1.686325,-13.4906
pivot_s1_bounce,atr_trail_vix_conditional,T1a,7,0.0,-1.4718428571428572,-10.302900000000001
pivot_s1_bounce,atr_trail_vix_conditional,T2,4,0.0,-3.642825,-14.5713
pivot_s1_bounce,atr_trail_vix_conditional,T3,1,0.0,-1.725,-1.725
pivot_s1_bounce,atr_trail_vix_conditional,unknown,8,0.375,-1.802725,-14.4218
pivot_s1_bounce,break_even_at_1r,T1a,7,0.0,-1.1173142857142857,-7.8212
pivot_s1_bounce,break_even_at_1r,T2,4,0.0,-2.924125,-11.6965
pivot_s1_bounce,break_even_at_1r,T3,1,0.0,-8.3122,-8.3122
pivot_s1_bounce,break_even_at_1r,unknown,8,0.25,-2.2471125,-17.9769
pivot_s1_bounce,breakeven_plus_trail,T1a,7,0.0,-3.3964428571428575,-23.775100000000002
pivot_s1_bounce,breakeven_plus_trail,T2,4,0.0,-5.265475,-21.0619
pivot_s1_bounce,breakeven_plus_trail,T3,1,1.0,6.2885,6.2885
pivot_s1_bounce,breakeven_plus_trail,unknown,8,0.75,1.789275,14.3142
pivot_s1_bounce,chandelier_3x,T1a,7,0.14285714285714285,-2.3867714285714285,-16.7074
pivot_s1_bounce,chandelier_3x,T2,4,0.0,-4.07785,-16.3114
pivot_s1_bounce,chandelier_3x,T3,1,0.0,-0.1833,-0.1833
pivot_s1_bounce,chandelier_3x,unknown,8,0.375,-0.72375,-5.79
pivot_s1_bounce,class_time_stop,T1a,7,0.2857142857142857,-2.1473285714285715,-15.0313
pivot_s1_bounce,class_time_stop,T2,4,0.0,-2.52735,-10.1094
pivot_s1_bounce,class_time_stop,T3,1,0.0,-0.514,-0.514
pivot_s1_bounce,class_time_stop,unknown,8,0.75,0.18021250000000008,1.4417000000000006
pivot_s1_bounce,earnings_blackout,T1a,7,0.2857142857142857,-3.9265,-27.4855
pivot_s1_bounce,earnings_blackout,T2,4,0.0,-3.68095,-14.7238
pivot_s1_bounce,earnings_blackout,T3,1,0.0,-25.1729,-25.1729
pivot_s1_bounce,earnings_blackout,unknown,8,0.75,5.3100000000000005,42.480000000000004
pivot_s1_bounce,fixed_4r_2r,T1a,7,0.14285714285714285,-3.067757142857143,-21.4743
pivot_s1_bounce,fixed_4r_2r,T2,4,0.0,-6.5120249999999995,-26.048099999999998
pivot_s1_bounce,fixed_4r_2r,T3,1,0.0,-16.6245,-16.6245
pivot_s1_bounce,fixed_4r_2r,unknown,8,0.625,2.4682500000000003,19.746000000000002
pivot_s1_bounce,hybrid_50pct_target,T1a,7,0.5714285714285714,-2.582057142857143,-18.0744
pivot_s1_bounce,hybrid_50pct_target,T2,4,0.0,-10.0,-40.0
pivot_s1_bounce,hybrid_50pct_target,T3,1,0.0,-10.0,-10.0
pivot_s1_bounce,hybrid_50pct_target,unknown,8,0.625,-1.94255,-15.5404
pivot_s1_bounce,ma_exit_ema9,T1a,7,0.0,-1.3765571428571428,-9.6359
pivot_s1_bounce,ma_exit_ema9,T2,4,0.0,-2.388775,-9.5551
pivot_s1_bounce,ma_exit_ema9,T3,1,0.0,-1.3643,-1.3643
pivot_s1_bounce,ma_exit_ema9,unknown,8,0.5,-0.24258750000000004,-1.9407000000000003
pivot_s1_bounce,mfe_lockin_trail,T1a,7,0.0,-1.4948714285714286,-10.4641
pivot_s1_bounce,mfe_lockin_trail,T2,4,0.25,-2.186125,-8.7445
pivot_s1_bounce,mfe_lockin_trail,T3,1,0.0,-3.7348,-3.7348
pivot_s1_bounce,mfe_lockin_trail,unknown,8,0.5,-0.5892875000000001,-4.714300000000001
pivot_s1_bounce,multi_tier_partial,T1a,7,0.14285714285714285,-1.3859285714285714,-9.7015
pivot_s1_bounce,multi_tier_partial,T2,4,0.25,-2.12725,-8.509
pivot_s1_bounce,multi_tier_partial,T3,1,0.0,-3.7348,-3.7348
pivot_s1_bounce,multi_tier_partial,unknown,8,0.625,-1.0228875,-8.1831
pivot_s1_bounce,next_pivot_target,T1a,7,0.8571428571428571,-0.10651428571428578,-0.7456000000000005
pivot_s1_bounce,next_pivot_target,T2,4,0.25,-8.105599999999999,-32.422399999999996
pivot_s1_bounce,next_pivot_target,T3,1,0.0,-10.0,-10.0
pivot_s1_bounce,next_pivot_target,unknown,8,0.875,1.5394625,12.3157
pivot_s1_bounce,r_multiple_2r,T1a,7,0.14285714285714285,-1.6873285714285713,-11.8113
pivot_s1_bounce,r_multiple_2r,T2,4,0.0,-3.37965,-13.5186
pivot_s1_bounce,r_multiple_2r,T3,1,0.0,-8.3122,-8.3122
pivot_s1_bounce,r_multiple_2r,unknown,8,0.5,-0.8788875,-7.0311
pivot_s1_bounce,r_multiple_3r,T1a,7,0.14285714285714285,-1.4303285714285714,-10.0123
pivot_s1_bounce,r_multiple_3r,T2,4,0.0,-3.37965,-13.5186
pivot_s1_bounce,r_multiple_3r,T3,1,0.0,-8.3122,-8.3122
pivot_s1_bounce,r_multiple_3r,unknown,8,0.375,-1.4873000000000003,-11.898400000000002
pivot_s1_bounce,regime_flip,T1a,7,0.2857142857142857,-4.003414285714286,-28.0239
pivot_s1_bounce,regime_flip,T2,4,0.0,-10.70815,-42.8326
pivot_s1_bounce,regime_flip,T3,1,1.0,10.1621,10.1621
pivot_s1_bounce,regime_flip,unknown,8,0.75,1.0052625,8.0421
pivot_s1_bounce,reverse_signal,T1a,7,0.0,-1.4948714285714286,-10.4641
pivot_s1_bounce,reverse_signal,T2,4,0.25,-2.186125,-8.7445
pivot_s1_bounce,reverse_signal,T3,1,0.0,-3.7348,-3.7348
pivot_s1_bounce,reverse_signal,unknown,8,0.375,-1.686325,-13.4906
pivot_s1_bounce,smc_mitigation_zone,T1a,7,0.0,-1.4948714285714286,-10.4641
pivot_s1_bounce,smc_mitigation_zone,T2,4,0.25,-2.186125,-8.7445
pivot_s1_bounce,smc_mitigation_zone,T3,1,0.0,-3.7348,-3.7348
pivot_s1_bounce,smc_mitigation_zone,unknown,8,0.375,-1.686325,-13.4906
pivot_s1_bounce,time_stop_10d,T1a,7,0.14285714285714285,-2.1117,-14.7819
pivot_s1_bounce,time_stop_10d,T2,4,0.0,-4.74175,-18.967
pivot_s1_bounce,time_stop_10d,T3,1,0.0,-5.5213,-5.5213
pivot_s1_bounce,time_stop_10d,unknown,8,0.5,-1.345575,-10.7646
pivot_s1_bounce,time_stop_20d,T1a,7,0.2857142857142857,-4.003414285714286,-28.0239
pivot_s1_bounce,time_stop_20d,T2,4,0.0,-10.70815,-42.8326
pivot_s1_bounce,time_stop_20d,T3,1,1.0,10.1621,10.1621
pivot_s1_bounce,time_stop_20d,unknown,8,0.75,1.0052625,8.0421
pivot_s1_bounce,trailing_10pct,T1a,7,0.0,-6.931628571428571,-48.5214
pivot_s1_bounce,trailing_10pct,T2,4,0.0,-9.516425,-38.0657
pivot_s1_bounce,trailing_10pct,T3,1,0.0,-6.126,-6.126
pivot_s1_bounce,trailing_10pct,unknown,8,0.75,-0.15900000000000003,-1.2720000000000002
pivot_s1_bounce,trailing_15pct,T1a,7,0.14285714285714285,-7.993128571428572,-55.9519
pivot_s1_bounce,trailing_15pct,T2,4,0.0,-13.569125,-54.2765
pivot_s1_bounce,trailing_15pct,T3,1,0.0,-11.3412,-11.3412
pivot_s1_bounce,trailing_15pct,unknown,8,0.625,6.14245,49.1396
pivot_s1_bounce,trailing_5pct,T1a,7,0.0,-3.473157142857143,-24.3121
pivot_s1_bounce,trailing_5pct,T2,4,0.0,-3.76755,-15.0702
pivot_s1_bounce,trailing_5pct,T3,1,0.0,-0.9864,-0.9864
pivot_s1_bounce,trailing_5pct,unknown,8,0.375,-1.1804124999999999,-9.443299999999999
pivot_s2_bounce,atr_trail_1x,T1a,3,0.3333333333333333,-0.11123333333333334,-0.3337
pivot_s2_bounce,atr_trail_1x,T2,1,0.0,-2.738,-2.738
pivot_s2_bounce,atr_trail_1x,T3,1,0.0,-0.448,-0.448
pivot_s2_bounce,atr_trail_1x,unknown,1,1.0,11.4872,11.4872
pivot_s2_bounce,atr_trail_2x,T1a,3,0.6666666666666666,7.5284,22.5852
pivot_s2_bounce,atr_trail_2x,T2,1,0.0,-5.476,-5.476
pivot_s2_bounce,atr_trail_2x,T3,1,1.0,34.677,34.677
pivot_s2_bounce,atr_trail_2x,unknown,1,1.0,11.0179,11.0179
pivot_s2_bounce,atr_trail_mae_conditional,T1a,3,0.3333333333333333,-0.11123333333333334,-0.3337
pivot_s2_bounce,atr_trail_mae_conditional,T2,1,0.0,-2.738,-2.738
pivot_s2_bounce,atr_trail_mae_conditional,T3,1,0.0,-0.448,-0.448
pivot_s2_bounce,atr_trail_mae_conditional,unknown,1,1.0,11.4872,11.4872
pivot_s2_bounce,atr_trail_vix_conditional,T1a,3,0.0,-0.5840333333333333,-1.7521
pivot_s2_bounce,atr_trail_vix_conditional,T2,1,0.0,-2.0535,-2.0535
pivot_s2_bounce,atr_trail_vix_conditional,T3,1,1.0,34.677,34.677
pivot_s2_bounce,atr_trail_vix_conditional,unknown,1,1.0,11.4872,11.4872
pivot_s2_bounce,break_even_at_1r,T1a,3,0.3333333333333333,0.041833333333333333,0.1255
pivot_s2_bounce,break_even_at_1r,T2,1,0.0,-2.738,-2.738
pivot_s2_bounce,break_even_at_1r,T3,1,0.0,-0.448,-0.448
pivot_s2_bounce,break_even_at_1r,unknown,1,0.0,-0.2024,-0.2024
pivot_s2_bounce,breakeven_plus_trail,T1a,3,0.3333333333333333,0.041833333333333333,0.1255
pivot_s2_bounce,breakeven_plus_trail,T2,1,0.0,-5.476,-5.476
pivot_s2_bounce,breakeven_plus_trail,T3,1,1.0,21.5474,21.5474
pivot_s2_bounce,breakeven_plus_trail,unknown,1,1.0,27.5037,27.5037
pivot_s2_bounce,chandelier_3x,T1a,3,0.0,-0.15623333333333334,-0.4687
pivot_s2_bounce,chandelier_3x,T2,1,0.0,-0.1182,-0.1182
pivot_s2_bounce,chandelier_3x,T3,1,0.0,-0.448,-0.448
pivot_s2_bounce,chandelier_3x,unknown,1,0.0,-0.2024,-0.2024
pivot_s2_bounce,class_time_stop,T1a,3,1.0,3.711,11.133
pivot_s2_bounce,class_time_stop,T2,1,0.0,-1.1856,-1.1856
pivot_s2_bounce,class_time_stop,T3,1,1.0,26.6314,26.6314
pivot_s2_bounce,class_time_stop,unknown,1,1.0,41.6707,41.6707
pivot_s2_bounce,earnings_blackout,T1a,3,0.6666666666666666,4.610566666666667,13.831700000000001
pivot_s2_bounce,earnings_blackout,T2,1,0.0,-4.9217,-4.9217
pivot_s2_bounce,earnings_blackout,T3,1,1.0,62.7895,62.7895
pivot_s2_bounce,earnings_blackout,unknown,1,1.0,16.8958,16.8958
pivot_s2_bounce,fixed_4r_2r,T1a,3,1.0,12.472900000000001,37.4187
pivot_s2_bounce,fixed_4r_2r,T2,1,0.0,-5.476,-5.476
pivot_s2_bounce,fixed_4r_2r,T3,1,1.0,59.7199,59.7199
pivot_s2_bounce,fixed_4r_2r,unknown,1,1.0,27.6712,27.6712
pivot_s2_bounce,hybrid_50pct_target,T1a,3,1.0,6.623666666666666,19.871
pivot_s2_bounce,hybrid_50pct_target,T2,1,0.0,-10.0,-10.0
pivot_s2_bounce,hybrid_50pct_target,T3,1,1.0,45.6502,45.6502
pivot_s2_bounce,hybrid_50pct_target,unknown,1,1.0,16.1203,16.1203
pivot_s2_bounce,ma_exit_ema9,T1a,3,1.0,1.2211999999999998,3.6635999999999997
pivot_s2_bounce,ma_exit_ema9,T2,1,0.0,-6.2178,-6.2178
pivot_s2_bounce,ma_exit_ema9,T3,1,1.0,18.2728,18.2728
pivot_s2_bounce,ma_exit_ema9,unknown,1,1.0,5.7296,5.7296
pivot_s2_bounce,mfe_lockin_trail,T1a,3,0.3333333333333333,0.9439666666666668,2.8319000000000005
pivot_s2_bounce,mfe_lockin_trail,T2,1,0.0,-2.738,-2.738
pivot_s2_bounce,mfe_lockin_trail,T3,1,0.0,-0.448,-0.448
pivot_s2_bounce,mfe_lockin_trail,unknown,1,1.0,11.4872,11.4872
pivot_s2_bounce,multi_tier_partial,T1a,3,0.3333333333333333,0.2981333333333333,0.8943999999999999
pivot_s2_bounce,multi_tier_partial,T2,1,0.0,-2.738,-2.738
pivot_s2_bounce,multi_tier_partial,T3,1,1.0,4.678,4.678
pivot_s2_bounce,multi_tier_partial,unknown,1,1.0,2.171,2.171
pivot_s2_bounce,next_pivot_target,T1a,3,1.0,1.8330333333333335,5.4991
pivot_s2_bounce,next_pivot_target,T2,1,0.0,-10.0,-10.0
pivot_s2_bounce,next_pivot_target,T3,1,1.0,32.9758,32.9758
pivot_s2_bounce,next_pivot_target,unknown,1,1.0,6.1658,6.1658
pivot_s2_bounce,r_multiple_2r,T1a,3,0.6666666666666666,1.8237666666666668,5.4713
pivot_s2_bounce,r_multiple_2r,T2,1,0.0,-2.738,-2.738
pivot_s2_bounce,r_multiple_2r,T3,1,1.0,29.86,29.86
pivot_s2_bounce,r_multiple_2r,unknown,1,1.0,13.8356,13.8356
pivot_s2_bounce,r_multiple_3r,T1a,3,0.6666666666666666,2.7565000000000004,8.2695
pivot_s2_bounce,r_multiple_3r,T2,1,0.0,-2.738,-2.738
pivot_s2_bounce,r_multiple_3r,T3,1,1.0,44.79,44.79
pivot_s2_bounce,r_multiple_3r,unknown,1,1.0,20.7534,20.7534
pivot_s2_bounce,regime_flip,T1a,3,1.0,6.083433333333333,18.2503
pivot_s2_bounce,regime_flip,T2,1,0.0,-9.9539,-9.9539
pivot_s2_bounce,regime_flip,T3,1,1.0,62.7895,62.7895
pivot_s2_bounce,regime_flip,unknown,1,1.0,11.3127,11.3127
pivot_s2_bounce,reverse_signal,T1a,3,0.3333333333333333,-0.11123333333333334,-0.3337
pivot_s2_bounce,reverse_signal,T2,1,0.0,-2.738,-2.738
pivot_s2_bounce,reverse_signal,T3,1,0.0,-0.448,-0.448
pivot_s2_bounce,reverse_signal,unknown,1,1.0,11.4872,11.4872
pivot_s2_bounce,smc_mitigation_zone,T1a,3,0.3333333333333333,-0.11123333333333334,-0.3337
pivot_s2_bounce,smc_mitigation_zone,T2,1,0.0,-2.738,-2.738
pivot_s2_bounce,smc_mitigation_zone,T3,1,0.0,-0.448,-0.448
pivot_s2_bounce,smc_mitigation_zone,unknown,1,1.0,11.4872,11.4872
pivot_s2_bounce,time_stop_10d,T1a,3,1.0,4.116466666666667,12.349400000000001
pivot_s2_bounce,time_stop_10d,T2,1,0.0,-4.9217,-4.9217
pivot_s2_bounce,time_stop_10d,T3,1,1.0,24.44,24.44
pivot_s2_bounce,time_stop_10d,unknown,1,1.0,25.6194,25.6194
pivot_s2_bounce,time_stop_20d,T1a,3,1.0,6.083433333333333,18.2503
pivot_s2_bounce,time_stop_20d,T2,1,0.0,-9.9539,-9.9539
pivot_s2_bounce,time_stop_20d,T3,1,1.0,62.7895,62.7895
pivot_s2_bounce,time_stop_20d,unknown,1,1.0,11.3127,11.3127
pivot_s2_bounce,trailing_10pct,T1a,3,0.6666666666666666,1.9955,5.9865
pivot_s2_bounce,trailing_10pct,T2,1,0.0,-10.0,-10.0
pivot_s2_bounce,trailing_10pct,T3,1,0.0,-0.448,-0.448
pivot_s2_bounce,trailing_10pct,unknown,1,1.0,11.4872,11.4872
pivot_s2_bounce,trailing_15pct,T1a,3,0.3333333333333333,-0.7293333333333334,-2.188
pivot_s2_bounce,trailing_15pct,T2,1,0.0,-13.6099,-13.6099
pivot_s2_bounce,trailing_15pct,T3,1,0.0,-0.448,-0.448
pivot_s2_bounce,trailing_15pct,unknown,1,1.0,20.4201,20.4201
pivot_s2_bounce,trailing_5pct,T1a,3,0.6666666666666666,7.653066666666667,22.9592
pivot_s2_bounce,trailing_5pct,T2,1,0.0,-5.0,-5.0
pivot_s2_bounce,trailing_5pct,T3,1,0.0,-0.448,-0.448
pivot_s2_bounce,trailing_5pct,unknown,1,0.0,-0.2024,-0.2024
po3_bearish,atr_trail_1x,T1a,112,0.19642857142857142,-1.1228875,-125.7634
po3_bearish,atr_trail_1x,T1c,30,0.2,-1.89985,-56.9955
po3_bearish,atr_trail_1x,T2,80,0.2,-1.7181449999999998,-137.45159999999998
po3_bearish,atr_trail_1x,T3,19,0.3684210526315789,-0.016078947368420998,-0.305499999999999
po3_bearish,atr_trail_1x,unknown,137,0.18248175182481752,-2.55434598540146,-349.9454
po3_bearish,atr_trail_2x,T1a,112,0.32142857142857145,-1.3740857142857144,-153.8976
po3_bearish,atr_trail_2x,T1c,30,0.2,-4.403863333333334,-132.1159
po3_bearish,atr_trail_2x,T2,80,0.2,-3.8236025,-305.8882
po3_bearish,atr_trail_2x,T3,19,0.3684210526315789,0.9107105263157899,17.303500000000007
po3_bearish,atr_trail_2x,unknown,137,0.27007299270072993,-2.5825963503649634,-353.8157
po3_bearish,atr_trail_mae_conditional,T1a,112,0.19642857142857142,-1.1228875,-125.7634
po3_bearish,atr_trail_mae_conditional,T1c,30,0.2,-1.89985,-56.9955
po3_bearish,atr_trail_mae_conditional,T2,80,0.2,-1.7181449999999998,-137.45159999999998
po3_bearish,atr_trail_mae_conditional,T3,19,0.3684210526315789,-0.016078947368420998,-0.305499999999999
po3_bearish,atr_trail_mae_conditional,unknown,137,0.18248175182481752,-2.55434598540146,-349.9454
po3_bearish,atr_trail_vix_conditional,T1a,112,0.20535714285714285,-1.40823125,-157.7219
po3_bearish,atr_trail_vix_conditional,T1c,30,0.2,-2.7800000000000002,-83.4
po3_bearish,atr_trail_vix_conditional,T2,80,0.1875,-2.2365862499999998,-178.9269
po3_bearish,atr_trail_vix_conditional,T3,19,0.21052631578947367,-2.5636736842105265,-48.7098
po3_bearish,atr_trail_vix_conditional,unknown,137,0.18248175182481752,-3.0163722627737224,-413.243
po3_bearish,break_even_at_1r,T1a,112,0.14285714285714285,-0.7281794642857143,-81.5561
po3_bearish,break_even_at_1r,T1c,30,0.13333333333333333,-2.29568,-68.8704
po3_bearish,break_even_at_1r,T2,80,0.1125,-2.22035875,-177.6287
po3_bearish,break_even_at_1r,T3,19,0.2631578947368421,1.0820210526315788,20.558399999999995
po3_bearish,break_even_at_1r,unknown,137,0.15328467153284672,-2.4212423357664234,-331.7102
po3_bearish,breakeven_plus_trail,T1a,112,0.25,-0.6929678571428572,-77.61240000000001
po3_bearish,breakeven_plus_trail,T1c,30,0.26666666666666666,-0.17919000000000027,-5.375700000000008
po3_bearish,breakeven_plus_trail,T2,80,0.2375,-2.2464025,-179.7122
po3_bearish,breakeven_plus_trail,T3,19,0.5263157894736842,4.381610526315789,83.25059999999999
po3_bearish,breakeven_plus_trail,unknown,137,0.40145985401459855,0.9632510948905109,131.9654
po3_bearish,chandelier_3x,T1a,112,0.22321428571428573,-1.2894205357142856,-144.4151
po3_bearish,chandelier_3x,T1c,30,0.13333333333333333,-2.9343966666666668,-88.03190000000001
po3_bearish,chandelier_3x,T2,80,0.1375,-3.19600625,-255.6805
po3_bearish,chandelier_3x,T3,19,0.2631578947368421,1.2413842105263155,23.586299999999994
po3_bearish,chandelier_3x,unknown,137,0.2116788321167883,-1.602158394160584,-219.4957
po3_bearish,class_time_stop,T1a,112,0.45535714285714285,-2.542052678571429,-284.7099
po3_bearish,class_time_stop,T1c,30,0.4,-2.3543666666666665,-70.631
po3_bearish,class_time_stop,T2,80,0.35,-4.373785,-349.9028
po3_bearish,class_time_stop,T3,19,0.5263157894736842,3.365042105263158,63.9358
po3_bearish,class_time_stop,unknown,137,0.3795620437956204,-3.8977204379562047,-533.9877
po3_bearish,earnings_blackout,T1a,112,0.4375,-3.063599107142857,-343.1231
po3_bearish,earnings_blackout,T1c,30,0.3,-10.40758,-312.2274
po3_bearish,earnings_blackout,T2,80,0.3625,-8.033341250000001,-642.6673000000001
po3_bearish,earnings_blackout,T3,19,0.631578947368421,10.76287894736842,204.4947
po3_bearish,earnings_blackout,unknown,137,0.39416058394160586,-15.77178102189781,-2160.734
po3_bearish,fixed_4r_2r,T1a,112,0.29464285714285715,-1.7116214285714284,-191.70159999999998
po3_bearish,fixed_4r_2r,T1c,30,0.3,-1.95909,-58.7727
po3_bearish,fixed_4r_2r,T2,80,0.175,-5.151552499999999,-412.1242
po3_bearish,fixed_4r_2r,T3,19,0.3684210526315789,3.4276210526315785,65.1248
po3_bearish,fixed_4r_2r,unknown,137,0.2116788321167883,-5.675747445255475,-777.5774
po3_bearish,hybrid_50pct_target,T1a,112,0.75,-5.184051785714286,-580.6138
po3_bearish,hybrid_50pct_target,T1c,30,0.7333333333333333,-13.364103333333333,-400.9231
po3_bearish,hybrid_50pct_target,T2,80,0.6125,-21.18175,-1694.54
po3_bearish,hybrid_50pct_target,T3,19,0.7368421052631579,-58.11932631578947,-1104.2672
po3_bearish,hybrid_50pct_target,unknown,137,0.6788321167883211,-39.17475182481752,-5366.941
po3_bearish,ma_exit_ema9,T1a,112,0.3125,-0.5832785714285714,-65.3272
po3_bearish,ma_exit_ema9,T1c,30,0.26666666666666666,-1.5136933333333333,-45.4108
po3_bearish,ma_exit_ema9,T2,80,0.3125,-1.14097875,-91.2783
po3_bearish,ma_exit_ema9,T3,19,0.5263157894736842,0.3857052631578948,7.3284
po3_bearish,ma_exit_ema9,unknown,137,0.2773722627737226,-0.9145328467153284,-125.291
po3_bearish,mfe_lockin_trail,T1a,112,0.19642857142857142,-1.222414285714286,-136.9104
po3_bearish,mfe_lockin_trail,T1c,30,0.2,-1.642626666666667,-49.278800000000004
po3_bearish,mfe_lockin_trail,T2,80,0.2,-1.71447,-137.1576
po3_bearish,mfe_lockin_trail,T3,19,0.3684210526315789,0.2860473684210525,5.434899999999997
po3_bearish,mfe_lockin_trail,unknown,137,0.1897810218978102,-2.4341036496350363,-333.4722
po3_bearish,multi_tier_partial,T1a,112,0.375,-0.8743133928571429,-97.9231
po3_bearish,multi_tier_partial,T1c,30,0.3,-1.3444366666666667,-40.3331
po3_bearish,multi_tier_partial,T2,80,0.35,-1.48666,-118.9328
po3_bearish,multi_tier_partial,T3,19,0.5263157894736842,0.838536842105263,15.932199999999998
po3_bearish,multi_tier_partial,unknown,137,0.3357664233576642,-1.9341642335766425,-264.9805
po3_bearish,next_pivot_target,T1a,112,0.6964285714285714,-1.571138392857143,-175.9675
po3_bearish,next_pivot_target,T1c,30,0.5666666666666667,-1.8343166666666668,-55.029500000000006
po3_bearish,next_pivot_target,T2,80,0.7375,-0.98089625,-78.4717
po3_bearish,next_pivot_target,T3,19,0.631578947368421,-0.6291789473684212,-11.954400000000003
po3_bearish,next_pivot_target,unknown,137,0.656934306569343,-1.970809489051095,-270.0009
po3_bearish,r_multiple_2r,T1a,112,0.29464285714285715,-0.5704553571428572,-63.891000000000005
po3_bearish,r_multiple_2r,T1c,30,0.2,-2.0498266666666667,-61.4948
po3_bearish,r_multiple_2r,T2,80,0.225,-1.6286975,-130.29579999999999
po3_bearish,r_multiple_2r,T3,19,0.42105263157894735,2.5969789473684215,49.342600000000004
po3_bearish,r_multiple_2r,unknown,137,0.27007299270072993,-1.227136496350365,-168.1177
po3_bearish,r_multiple_3r,T1a,112,0.24107142857142858,-0.3212169642857144,-35.97630000000001
po3_bearish,r_multiple_3r,T1c,30,0.16666666666666666,-2.2739233333333337,-68.21770000000001
po3_bearish,r_multiple_3r,T2,80,0.15,-2.0566575,-164.5326
po3_bearish,r_multiple_3r,T3,19,0.3157894736842105,2.654631578947368,50.437999999999995
po3_bearish,r_multiple_3r,unknown,137,0.19708029197080293,-1.437314598540146,-196.9121
po3_bearish,regime_flip,T1a,112,0.41964285714285715,-1.856805357142857,-207.9622
po3_bearish,regime_flip,T1c,30,0.36666666666666664,-4.4953,-134.859
po3_bearish,regime_flip,T2,80,0.3375,-4.042645,-323.4116
po3_bearish,regime_flip,T3,19,0.631578947368421,0.8310684210526311,15.790299999999991
po3_bearish,regime_flip,unknown,137,0.43795620437956206,-3.288539416058394,-450.5299
po3_bearish,reverse_signal,T1a,112,0.19642857142857142,-1.1228875,-125.7634
po3_bearish,reverse_signal,T1c,30,0.2,-1.89985,-56.9955
po3_bearish,reverse_signal,T2,80,0.2,-1.7181449999999998,-137.45159999999998
po3_bearish,reverse_signal,T3,19,0.3684210526315789,-0.016078947368420998,-0.305499999999999
po3_bearish,reverse_signal,unknown,137,0.18248175182481752,-2.55434598540146,-349.9454
po3_bearish,smc_mitigation_zone,T1a,112,0.19642857142857142,-1.1228875,-125.7634
po3_bearish,smc_mitigation_zone,T1c,30,0.2,-1.89985,-56.9955
po3_bearish,smc_mitigation_zone,T2,80,0.2,-1.7181449999999998,-137.45159999999998
po3_bearish,smc_mitigation_zone,T3,19,0.3684210526315789,-0.016078947368420998,-0.305499999999999
po3_bearish,smc_mitigation_zone,unknown,137,0.18248175182481752,-2.55434598540146,-349.9454
po3_bearish,time_stop_10d,T1a,112,0.42857142857142855,-0.54569375,-61.1177
po3_bearish,time_stop_10d,T1c,30,0.26666666666666666,-4.440646666666667,-133.2194
po3_bearish,time_stop_10d,T2,80,0.375,-2.6306374999999997,-210.451
po3_bearish,time_stop_10d,T3,19,0.47368421052631576,-0.5877421052631578,-11.1671
po3_bearish,time_stop_10d,unknown,137,0.4306569343065693,-1.1798430656934307,-161.6385
po3_bearish,time_stop_20d,T1a,112,0.41964285714285715,-1.856805357142857,-207.9622
po3_bearish,time_stop_20d,T1c,30,0.36666666666666664,-4.4953,-134.859
po3_bearish,time_stop_20d,T2,80,0.3375,-4.042645,-323.4116
po3_bearish,time_stop_20d,T3,19,0.631578947368421,0.8310684210526311,15.790299999999991
po3_bearish,time_stop_20d,unknown,137,0.43795620437956206,-3.288539416058394,-450.5299
po3_bearish,trailing_10pct,T1a,112,0.3392857142857143,-1.4595973214285713,-163.4749
po3_bearish,trailing_10pct,T1c,30,0.2,-4.04272,-121.2816
po3_bearish,trailing_10pct,T2,80,0.2375,-3.68377,-294.7016
po3_bearish,trailing_10pct,T3,19,0.3684210526315789,-0.8020263157894739,-15.238500000000005
po3_bearish,trailing_10pct,unknown,137,0.27007299270072993,-2.8208941605839413,-386.4625
po3_bearish,trailing_15pct,T1a,112,0.38392857142857145,-1.7967357142857143,-201.2344
po3_bearish,trailing_15pct,T1c,30,0.3,-4.8450033333333336,-145.3501
po3_bearish,trailing_15pct,T2,80,0.2125,-5.79747125,-463.7977
po3_bearish,trailing_15pct,T3,19,0.3157894736842105,-2.4034894736842105,-45.6663
po3_bearish,trailing_15pct,unknown,137,0.34306569343065696,-2.209664233576642,-302.724
po3_bearish,trailing_5pct,T1a,112,0.2767857142857143,-1.0761339285714286,-120.527
po3_bearish,trailing_5pct,T1c,30,0.26666666666666666,-2.00962,-60.2886
po3_bearish,trailing_5pct,T2,80,0.2625,-1.57086875,-125.6695
po3_bearish,trailing_5pct,T3,19,0.21052631578947367,-1.4862210526315789,-28.2382
po3_bearish,trailing_5pct,unknown,137,0.17518248175182483,-2.281560583941606,-312.5738
po3_bullish,atr_trail_1x,T1ETF,4,0.25,-0.31362500000000004,-1.2545000000000002
po3_bullish,atr_trail_1x,T1a,63,0.2698412698412698,-1.0506984126984127,-66.194
po3_bullish,atr_trail_1x,T1c,24,0.125,-2.1885666666666665,-52.5256
po3_bullish,atr_trail_1x,T2,52,0.25,-1.2802634615384616,-66.5737
po3_bullish,atr_trail_1x,T3,31,0.3870967741935484,-0.5254096774193547,-16.287699999999997
po3_bullish,atr_trail_1x,unknown,119,0.23529411764705882,-1.9621210084033613,-233.4924
po3_bullish,atr_trail_2x,T1ETF,4,0.5,-0.480275,-1.9211
po3_bullish,atr_trail_2x,T1a,63,0.36507936507936506,-0.43854920634920636,-27.6286
po3_bullish,atr_trail_2x,T1c,24,0.20833333333333334,-2.4642958333333334,-59.1431
po3_bullish,atr_trail_2x,T2,52,0.3269230769230769,-0.47345769230769236,-24.6198
po3_bullish,atr_trail_2x,T3,31,0.3225806451612903,-1.9822677419354837,-61.4503
po3_bullish,atr_trail_2x,unknown,119,0.37815126050420167,0.4298336134453782,51.150200000000005
po3_bullish,atr_trail_mae_conditional,T1ETF,4,0.25,-0.31362500000000004,-1.2545000000000002
po3_bullish,atr_trail_mae_conditional,T1a,63,0.2698412698412698,-1.0506984126984127,-66.194
po3_bullish,atr_trail_mae_conditional,T1c,24,0.125,-2.1885666666666665,-52.5256
po3_bullish,atr_trail_mae_conditional,T2,52,0.25,-1.2802634615384616,-66.5737
po3_bullish,atr_trail_mae_conditional,T3,31,0.3870967741935484,-0.5254096774193547,-16.287699999999997
po3_bullish,atr_trail_mae_conditional,unknown,119,0.23529411764705882,-1.9621210084033613,-233.4924
po3_bullish,atr_trail_vix_conditional,T1ETF,4,0.25,0.051625000000000004,0.20650000000000002
po3_bullish,atr_trail_vix_conditional,T1a,63,0.23809523809523808,-0.8936095238095237,-56.297399999999996
po3_bullish,atr_trail_vix_conditional,T1c,24,0.125,-1.6016375,-38.4393
po3_bullish,atr_trail_vix_conditional,T2,52,0.25,-0.7860173076923077,-40.8729
po3_bullish,atr_trail_vix_conditional,T3,31,0.3225806451612903,-0.3858161290322581,-11.9603
po3_bullish,atr_trail_vix_conditional,unknown,119,0.2605042016806723,-0.5345319327731092,-63.6093
po3_bullish,break_even_at_1r,T1ETF,4,0.0,-0.570025,-2.2801
po3_bullish,break_even_at_1r,T1a,63,0.047619047619047616,-1.0035333333333334,-63.2226
po3_bullish,break_even_at_1r,T1c,24,0.08333333333333333,-0.9010583333333333,-21.6254
po3_bullish,break_even_at_1r,T2,52,0.1346153846153846,-1.214203846153846,-63.1386
po3_bullish,break_even_at_1r,T3,31,0.1935483870967742,-1.1540774193548387,-35.776399999999995
po3_bullish,break_even_at_1r,unknown,119,0.16806722689075632,-1.3163168067226891,-156.64170000000001
po3_bullish,breakeven_plus_trail,T1ETF,4,0.0,-0.567325,-2.2693
po3_bullish,breakeven_plus_trail,T1a,63,0.20634920634920634,-0.4501587301587302,-28.360000000000003
po3_bullish,breakeven_plus_trail,T1c,24,0.125,-2.3886625,-57.3279
po3_bullish,breakeven_plus_trail,T2,52,0.28846153846153844,2.998771153846154,155.9361
po3_bullish,breakeven_plus_trail,T3,31,0.45161290322580644,3.532935483870968,109.521
po3_bullish,breakeven_plus_trail,unknown,119,0.4789915966386555,8.293391596638655,986.9136
po3_bullish,chandelier_3x,T1ETF,4,0.25,-0.2557499999999999,-1.0229999999999997
po3_bullish,chandelier_3x,T1a,63,0.20634920634920634,-0.6845587301587301,-43.1272
po3_bullish,chandelier_3x,T1c,24,0.125,-2.1811666666666665,-52.348
po3_bullish,chandelier_3x,T2,52,0.25,0.4903423076923078,25.497800000000005
po3_bullish,chandelier_3x,T3,31,0.25806451612903225,3.470677419354839,107.59100000000001
po3_bullish,chandelier_3x,unknown,119,0.226890756302521,0.38077983193277304,45.31279999999999
po3_bullish,class_time_stop,T1ETF,4,0.5,-0.8226499999999999,-3.2905999999999995
po3_bullish,class_time_stop,T1a,63,0.4126984126984127,-1.430188888888889,-90.1019
po3_bullish,class_time_stop,T1c,24,0.3333333333333333,-2.9803041666666665,-71.5273
po3_bullish,class_time_stop,T2,52,0.5,0.23907115384615377,12.431699999999996
po3_bullish,class_time_stop,T3,31,0.5161290322580645,2.4766806451612906,76.7771
po3_bullish,class_time_stop,unknown,119,0.4957983193277311,2.016609243697479,239.9765
po3_bullish,earnings_blackout,T1ETF,4,1.0,63.3763,253.5052
po3_bullish,earnings_blackout,T1a,63,0.3492063492063492,-2.4015666666666666,-151.2987
po3_bullish,earnings_blackout,T1c,24,0.3333333333333333,-0.05167500000000066,-1.2402000000000157
po3_bullish,earnings_blackout,T2,52,0.5384615384615384,0.5109942307692308,26.571700000000003
po3_bullish,earnings_blackout,T3,31,0.41935483870967744,-2.1939225806451614,-68.0116
po3_bullish,earnings_blackout,unknown,119,0.48739495798319327,9.236605882352942,1099.1561000000002
po3_bullish,fixed_4r_2r,T1ETF,4,0.5,0.2777250000000002,1.1109000000000009
po3_bullish,fixed_4r_2r,T1a,63,0.31746031746031744,-0.20381111111111108,-12.840099999999998
po3_bullish,fixed_4r_2r,T1c,24,0.25,-1.365975,-32.7834
po3_bullish,fixed_4r_2r,T2,52,0.36538461538461536,1.8345615384615388,95.39720000000001
po3_bullish,fixed_4r_2r,T3,31,0.2903225806451613,-3.747064516129032,-116.15899999999999
po3_bullish,fixed_4r_2r,unknown,119,0.40336134453781514,1.1972596638655464,142.47390000000001
po3_bullish,hybrid_50pct_target,T1ETF,4,0.75,-0.928775,-3.7151
po3_bullish,hybrid_50pct_target,T1a,63,0.49206349206349204,-0.8185888888888889,-51.5711
po3_bullish,hybrid_50pct_target,T1c,24,0.4583333333333333,-0.1717541666666668,-4.122100000000003
po3_bullish,hybrid_50pct_target,T2,52,0.5,1.615825,84.0229
po3_bullish,hybrid_50pct_target,T3,31,0.3870967741935484,-0.03355161290322573,-1.0400999999999976
po3_bullish,hybrid_50pct_target,unknown,119,0.4789915966386555,1.8858907563025211,224.42100000000002
po3_bullish,ma_exit_ema9,T1ETF,4,0.25,-0.5781000000000001,-2.3124000000000002
po3_bullish,ma_exit_ema9,T1a,63,0.36507936507936506,0.24960793650793653,15.7253
po3_bullish,ma_exit_ema9,T1c,24,0.16666666666666666,-1.7082791666666666,-40.9987
po3_bullish,ma_exit_ema9,T2,52,0.34615384615384615,-0.660178846153846,-34.329299999999996
po3_bullish,ma_exit_ema9,T3,31,0.3870967741935484,-0.11913870967741927,-3.693299999999997
po3_bullish,ma_exit_ema9,unknown,119,0.31092436974789917,-0.5679042016806723,-67.5806
po3_bullish,mfe_lockin_trail,T1ETF,4,0.25,-0.40535,-1.6214
po3_bullish,mfe_lockin_trail,T1a,63,0.2698412698412698,-0.9076619047619047,-57.1827
po3_bullish,mfe_lockin_trail,T1c,24,0.125,-2.0950583333333332,-50.2814
po3_bullish,mfe_lockin_trail,T2,52,0.25,-1.2939884615384616,-67.2874
po3_bullish,mfe_lockin_trail,T3,31,0.3870967741935484,-0.23685161290322573,-7.342399999999998
po3_bullish,mfe_lockin_trail,unknown,119,0.23529411764705882,-1.9802563025210083,-235.6505
po3_bullish,multi_tier_partial,T1ETF,4,0.5,0.08887500000000004,0.35550000000000015
po3_bullish,multi_tier_partial,T1a,63,0.3968253968253968,-0.7074619047619048,-44.570100000000004
po3_bullish,multi_tier_partial,T1c,24,0.125,-2.0703791666666667,-49.689099999999996
po3_bullish,multi_tier_partial,T2,52,0.40384615384615385,-1.0331942307692308,-53.7261
po3_bullish,multi_tier_partial,T3,31,0.5161290322580645,0.7893193548387097,24.4689
po3_bullish,multi_tier_partial,unknown,119,0.42857142857142855,-0.902089075630252,-107.34859999999999
po3_bullish,next_pivot_target,T1ETF,4,0.75,0.2648750000000001,1.0595000000000003
po3_bullish,next_pivot_target,T1a,63,0.8095238095238095,0.0406412698412698,2.5603999999999973
po3_bullish,next_pivot_target,T1c,24,0.6666666666666666,-1.0185916666666666,-24.446199999999997
po3_bullish,next_pivot_target,T2,52,0.7692307692307693,-0.2593326923076923,-13.485299999999999
po3_bullish,next_pivot_target,T3,31,0.8709677419354839,0.2753677419354839,8.5364
po3_bullish,next_pivot_target,unknown,119,0.8319327731092437,1.7788058823529411,211.6779
po3_bullish,r_multiple_2r,T1ETF,4,0.25,-0.5367999999999999,-2.1471999999999998
po3_bullish,r_multiple_2r,T1a,63,0.3492063492063492,0.09390793650793648,5.916199999999998
po3_bullish,r_multiple_2r,T1c,24,0.25,-0.732725,-17.5854
po3_bullish,r_multiple_2r,T2,52,0.25,-0.9007826923076923,-46.8407
po3_bullish,r_multiple_2r,T3,31,0.41935483870967744,2.251358064516129,69.7921
po3_bullish,r_multiple_2r,unknown,119,0.36134453781512604,1.1155890756302522,132.75510000000003
po3_bullish,r_multiple_3r,T1ETF,4,0.25,-0.274625,-1.0985
po3_bullish,r_multiple_3r,T1a,63,0.23809523809523808,-0.0401952380952381,-2.5323000000000007
po3_bullish,r_multiple_3r,T1c,24,0.20833333333333334,-0.40579166666666655,-9.738999999999997
po3_bullish,r_multiple_3r,T2,52,0.21153846153846154,-0.5951038461538461,-30.9454
po3_bullish,r_multiple_3r,T3,31,0.25806451612903225,-0.712677419354839,-22.093000000000007
po3_bullish,r_multiple_3r,unknown,119,0.31932773109243695,1.8619008403361346,221.5662
po3_bullish,regime_flip,T1ETF,4,0.5,-0.8214750000000001,-3.2859000000000003
po3_bullish,regime_flip,T1a,63,0.4444444444444444,-1.816715873015873,-114.4531
po3_bullish,regime_flip,T1c,24,0.375,-1.6635000000000002,-39.92400000000001
po3_bullish,regime_flip,T2,52,0.4807692307692308,2.139426923076923,111.2502
po3_bullish,regime_flip,T3,31,0.5806451612903226,1.626951612903226,50.435500000000005
po3_bullish,regime_flip,unknown,119,0.5462184873949579,1.6242848739495799,193.28990000000002
po3_bullish,reverse_signal,T1ETF,4,0.25,-0.31362500000000004,-1.2545000000000002
po3_bullish,reverse_signal,T1a,63,0.2698412698412698,-1.0506984126984127,-66.194
po3_bullish,reverse_signal,T1c,24,0.125,-2.1885666666666665,-52.5256
po3_bullish,reverse_signal,T2,52,0.25,-1.2802634615384616,-66.5737
po3_bullish,reverse_signal,T3,31,0.3870967741935484,-0.5254096774193547,-16.287699999999997
po3_bullish,reverse_signal,unknown,119,0.23529411764705882,-1.9621210084033613,-233.4924
po3_bullish,smc_mitigation_zone,T1ETF,4,0.25,-0.31362500000000004,-1.2545000000000002
po3_bullish,smc_mitigation_zone,T1a,63,0.2698412698412698,-1.0506984126984127,-66.194
po3_bullish,smc_mitigation_zone,T1c,24,0.125,-2.1885666666666665,-52.5256
po3_bullish,smc_mitigation_zone,T2,52,0.25,-1.2802634615384616,-66.5737
po3_bullish,smc_mitigation_zone,T3,31,0.3870967741935484,-0.5254096774193547,-16.287699999999997
po3_bullish,smc_mitigation_zone,unknown,119,0.23529411764705882,-1.9621210084033613,-233.4924
po3_bullish,time_stop_10d,T1ETF,4,0.5,-0.36485,-1.4594
po3_bullish,time_stop_10d,T1a,63,0.5238095238095238,-0.4787222222222223,-30.159500000000005
po3_bullish,time_stop_10d,T1c,24,0.4583333333333333,-2.8368249999999997,-68.0838
po3_bullish,time_stop_10d,T2,52,0.4423076923076923,-0.8379384615384615,-43.5728
po3_bullish,time_stop_10d,T3,31,0.6129032258064516,1.0309870967741934,31.9606
po3_bullish,time_stop_10d,unknown,119,0.5126050420168067,0.7312840336134453,87.02279999999999
po3_bullish,time_stop_20d,T1ETF,4,0.5,-0.8214750000000001,-3.2859000000000003
po3_bullish,time_stop_20d,T1a,63,0.4444444444444444,-1.816715873015873,-114.4531
po3_bullish,time_stop_20d,T1c,24,0.375,-1.6635000000000002,-39.92400000000001
po3_bullish,time_stop_20d,T2,52,0.4807692307692308,2.139426923076923,111.2502
po3_bullish,time_stop_20d,T3,31,0.5806451612903226,1.626951612903226,50.435500000000005
po3_bullish,time_stop_20d,unknown,119,0.5462184873949579,1.6242848739495799,193.28990000000002
po3_bullish,trailing_10pct,T1ETF,4,0.25,-4.793775,-19.1751
po3_bullish,trailing_10pct,T1a,63,0.25396825396825395,-1.7209396825396828,-108.41920000000002
po3_bullish,trailing_10pct,T1c,24,0.25,-2.0170583333333334,-48.4094
po3_bullish,trailing_10pct,T2,52,0.34615384615384615,1.0549076923076923,54.855199999999996
po3_bullish,trailing_10pct,T3,31,0.3225806451612903,-2.9533290322580648,-91.5532
po3_bullish,trailing_10pct,unknown,119,0.33613445378151263,-0.5116462184873951,-60.885900000000014
po3_bullish,trailing_15pct,T1ETF,4,0.5,5.844175000000001,23.376700000000003
po3_bullish,trailing_15pct,T1a,63,0.3333333333333333,-0.36436031746031755,-22.954700000000006
po3_bullish,trailing_15pct,T1c,24,0.3333333333333333,0.34354583333333366,8.245100000000008
po3_bullish,trailing_15pct,T2,52,0.34615384615384615,2.523325,131.2129
po3_bullish,trailing_15pct,T3,31,0.2903225806451613,5.410151612903226,167.7147
po3_bullish,trailing_15pct,unknown,119,0.4789915966386555,4.331105882352942,515.4016
po3_bullish,trailing_5pct,T1ETF,4,0.75,0.3737499999999999,1.4949999999999997
po3_bullish,trailing_5pct,T1a,63,0.30158730158730157,-0.8853238095238095,-55.7754
po3_bullish,trailing_5pct,T1c,24,0.20833333333333334,-1.4837291666666665,-35.6095
po3_bullish,trailing_5pct,T2,52,0.15384615384615385,-2.5365192307692306,-131.899
po3_bullish,trailing_5pct,T3,31,0.22580645161290322,-1.4190225806451613,-43.9897
po3_bullish,trailing_5pct,unknown,119,0.19327731092436976,-1.8243478991596638,-217.0974
po3_htf_aligned_long,atr_trail_1x,T1a,16,0.1875,-1.44899375,-23.1839
po3_htf_aligned_long,atr_trail_1x,T1c,2,0.0,-2.2228,-4.4456
po3_htf_aligned_long,atr_trail_1x,T2,9,0.2222222222222222,-1.0535555555555556,-9.482000000000001
po3_htf_aligned_long,atr_trail_1x,unknown,19,0.21052631578947367,-4.2034789473684215,-79.8661
po3_htf_aligned_long,atr_trail_2x,T1a,16,0.25,-0.19176874999999988,-3.068299999999998
po3_htf_aligned_long,atr_trail_2x,T1c,2,0.0,-4.42795,-8.8559
po3_htf_aligned_long,atr_trail_2x,T2,9,0.5555555555555556,7.799611111111111,70.1965
po3_htf_aligned_long,atr_trail_2x,unknown,19,0.2631578947368421,-7.442757894736841,-141.4124
po3_htf_aligned_long,atr_trail_mae_conditional,T1a,16,0.1875,-1.44899375,-23.1839
po3_htf_aligned_long,atr_trail_mae_conditional,T1c,2,0.0,-2.2228,-4.4456
po3_htf_aligned_long,atr_trail_mae_conditional,T2,9,0.2222222222222222,-1.0535555555555556,-9.482000000000001
po3_htf_aligned_long,atr_trail_mae_conditional,unknown,19,0.21052631578947367,-4.2034789473684215,-79.8661
po3_htf_aligned_long,atr_trail_vix_conditional,T1a,16,0.125,-1.76998125,-28.3197
po3_htf_aligned_long,atr_trail_vix_conditional,T1c,2,0.0,-3.3253999999999997,-6.650799999999999
po3_htf_aligned_long,atr_trail_vix_conditional,T2,9,0.1111111111111111,-1.972488888888889,-17.7524
po3_htf_aligned_long,atr_trail_vix_conditional,unknown,19,0.15789473684210525,-3.9429315789473685,-74.9157
po3_htf_aligned_long,break_even_at_1r,T1a,16,0.0625,-1.73065,-27.6904
po3_htf_aligned_long,break_even_at_1r,T1c,2,0.0,-2.2228,-4.4456
po3_htf_aligned_long,break_even_at_1r,T2,9,0.2222222222222222,2.205811111111111,19.8523
po3_htf_aligned_long,break_even_at_1r,unknown,19,0.0,-5.707926315789474,-108.45060000000001
po3_htf_aligned_long,breakeven_plus_trail,T1a,16,0.25,0.6043687500000001,9.669900000000002
po3_htf_aligned_long,breakeven_plus_trail,T1c,2,0.0,-0.0176,-0.0352
po3_htf_aligned_long,breakeven_plus_trail,T2,9,0.5555555555555556,9.182422222222222,82.6418
po3_htf_aligned_long,breakeven_plus_trail,unknown,19,0.2631578947368421,-5.852057894736842,-111.1891
po3_htf_aligned_long,chandelier_3x,T1a,16,0.25,-0.03938124999999998,-0.6300999999999997
po3_htf_aligned_long,chandelier_3x,T1c,2,0.0,-0.44455,-0.8891
po3_htf_aligned_long,chandelier_3x,T2,9,0.3333333333333333,0.5171555555555555,4.654399999999999
po3_htf_aligned_long,chandelier_3x,unknown,19,0.15789473684210525,-4.335536842105263,-82.3752
po3_htf_aligned_long,class_time_stop,T1a,16,0.3125,-3.892575,-62.2812
po3_htf_aligned_long,class_time_stop,T1c,2,0.5,1.76555,3.5311
po3_htf_aligned_long,class_time_stop,T2,9,0.5555555555555556,5.126255555555556,46.1363
po3_htf_aligned_long,class_time_stop,unknown,19,0.47368421052631576,-3.3873473684210524,-64.3596
po3_htf_aligned_long,earnings_blackout,T1a,16,0.5,0.09495624999999958,1.5192999999999932
po3_htf_aligned_long,earnings_blackout,T1c,2,0.5,12.2733,24.5466
po3_htf_aligned_long,earnings_blackout,T2,9,1.0,13.197933333333333,118.7814
po3_htf_aligned_long,earnings_blackout,unknown,19,0.631578947368421,20.89888947368421,397.0789
po3_htf_aligned_long,fixed_4r_2r,T1a,16,0.3125,1.44761875,23.1619
po3_htf_aligned_long,fixed_4r_2r,T1c,2,0.0,-4.42795,-8.8559
po3_htf_aligned_long,fixed_4r_2r,T2,9,0.5555555555555556,7.189111111111111,64.702
po3_htf_aligned_long,fixed_4r_2r,unknown,19,0.3157894736842105,-3.0241789473684206,-57.459399999999995
po3_htf_aligned_long,hybrid_50pct_target,T1a,16,0.5,-0.20957500000000018,-3.353200000000003
po3_htf_aligned_long,hybrid_50pct_target,T1c,2,0.5,6.35545,12.7109
po3_htf_aligned_long,hybrid_50pct_target,T2,9,0.6666666666666666,5.404877777777778,48.6439
po3_htf_aligned_long,hybrid_50pct_target,unknown,19,0.3157894736842105,-2.594542105263158,-49.2963
po3_htf_aligned_long,ma_exit_ema9,T1a,16,0.25,-1.02935625,-16.4697
po3_htf_aligned_long,ma_exit_ema9,T1c,2,0.0,-1.8925,-3.785
po3_htf_aligned_long,ma_exit_ema9,T2,9,0.5555555555555556,1.8629555555555557,16.7666
po3_htf_aligned_long,ma_exit_ema9,unknown,19,0.3157894736842105,-2.4293842105263157,-46.1583
po3_htf_aligned_long,mfe_lockin_trail,T1a,16,0.1875,-1.422875,-22.766
po3_htf_aligned_long,mfe_lockin_trail,T1c,2,0.0,-2.2228,-4.4456
po3_htf_aligned_long,mfe_lockin_trail,T2,9,0.2222222222222222,-1.490388888888889,-13.4135
po3_htf_aligned_long,mfe_lockin_trail,unknown,19,0.21052631578947367,-4.107836842105264,-78.0489
po3_htf_aligned_long,multi_tier_partial,T1a,16,0.375,-0.83220625,-13.3153
po3_htf_aligned_long,multi_tier_partial,T1c,2,0.0,-2.2228,-4.4456
po3_htf_aligned_long,multi_tier_partial,T2,9,0.2222222222222222,-1.1003444444444446,-9.9031
po3_htf_aligned_long,multi_tier_partial,unknown,19,0.21052631578947367,-3.874289473684211,-73.6115
po3_htf_aligned_long,next_pivot_target,T1a,16,0.5625,-2.04713125,-32.7541
po3_htf_aligned_long,next_pivot_target,T1c,2,1.0,0.9117000000000001,1.8234000000000001
po3_htf_aligned_long,next_pivot_target,T2,9,0.7777777777777778,-0.24446666666666672,-2.2002000000000006
po3_htf_aligned_long,next_pivot_target,unknown,19,0.5263157894736842,-2.782384210526316,-52.865300000000005
po3_htf_aligned_long,r_multiple_2r,T1a,16,0.25,-0.3664812499999999,-5.863699999999999
po3_htf_aligned_long,r_multiple_2r,T1c,2,0.0,-2.2228,-4.4456
po3_htf_aligned_long,r_multiple_2r,T2,9,0.3333333333333333,1.0662999999999998,9.596699999999998
po3_htf_aligned_long,r_multiple_2r,unknown,19,0.21052631578947367,-3.4486736842105263,-65.5248
po3_htf_aligned_long,r_multiple_3r,T1a,16,0.1875,-0.3471,-5.5536
po3_htf_aligned_long,r_multiple_3r,T1c,2,0.0,-2.2228,-4.4456
po3_htf_aligned_long,r_multiple_3r,T2,9,0.2222222222222222,-0.5387,-4.8483
po3_htf_aligned_long,r_multiple_3r,unknown,19,0.15789473684210525,-3.0371315789473683,-57.7055
po3_htf_aligned_long,regime_flip,T1a,16,0.4375,-1.8157812499999997,-29.052499999999995
po3_htf_aligned_long,regime_flip,T1c,2,0.0,-0.11975000000000001,-0.23950000000000002
po3_htf_aligned_long,regime_flip,T2,9,0.6666666666666666,5.128922222222221,46.16029999999999
po3_htf_aligned_long,regime_flip,unknown,19,0.42105263157894735,-2.876542105263158,-54.6543
po3_htf_aligned_long,reverse_signal,T1a,16,0.1875,-1.44899375,-23.1839
po3_htf_aligned_long,reverse_signal,T1c,2,0.0,-2.2228,-4.4456
po3_htf_aligned_long,reverse_signal,T2,9,0.2222222222222222,-1.0535555555555556,-9.482000000000001
po3_htf_aligned_long,reverse_signal,unknown,19,0.21052631578947367,-4.2034789473684215,-79.8661
po3_htf_aligned_long,smc_mitigation_zone,T1a,16,0.1875,-1.44899375,-23.1839
po3_htf_aligned_long,smc_mitigation_zone,T1c,2,0.0,-2.2228,-4.4456
po3_htf_aligned_long,smc_mitigation_zone,T2,9,0.2222222222222222,-1.0535555555555556,-9.482000000000001
po3_htf_aligned_long,smc_mitigation_zone,unknown,19,0.21052631578947367,-4.2034789473684215,-79.8661
po3_htf_aligned_long,time_stop_10d,T1a,16,0.3125,-1.65431875,-26.4691
po3_htf_aligned_long,time_stop_10d,T1c,2,0.5,2.4087,4.8174
po3_htf_aligned_long,time_stop_10d,T2,9,0.4444444444444444,0.47941111111111134,4.314700000000002
po3_htf_aligned_long,time_stop_10d,unknown,19,0.42105263157894735,-5.338873684210527,-101.43860000000001
po3_htf_aligned_long,time_stop_20d,T1a,16,0.4375,-1.8157812499999997,-29.052499999999995
po3_htf_aligned_long,time_stop_20d,T1c,2,0.0,-0.11975000000000001,-0.23950000000000002
po3_htf_aligned_long,time_stop_20d,T2,9,0.6666666666666666,5.128922222222221,46.16029999999999
po3_htf_aligned_long,time_stop_20d,unknown,19,0.42105263157894735,-2.876542105263158,-54.6543
po3_htf_aligned_long,trailing_10pct,T1a,16,0.25,-3.22016875,-51.5227
po3_htf_aligned_long,trailing_10pct,T1c,2,0.0,-0.8513499999999999,-1.7026999999999999
po3_htf_aligned_long,trailing_10pct,T2,9,0.4444444444444444,5.682477777777778,51.1423
po3_htf_aligned_long,trailing_10pct,unknown,19,0.21052631578947367,-5.245626315789473,-99.6669
po3_htf_aligned_long,trailing_15pct,T1a,16,0.3125,-1.880525,-30.0884
po3_htf_aligned_long,trailing_15pct,T1c,2,0.5,2.9946,5.9892
po3_htf_aligned_long,trailing_15pct,T2,9,0.5555555555555556,10.801555555555556,97.214
po3_htf_aligned_long,trailing_15pct,unknown,19,0.21052631578947367,-6.216442105263158,-118.11240000000001
po3_htf_aligned_long,trailing_5pct,T1a,16,0.1875,-2.3106999999999998,-36.971199999999996
po3_htf_aligned_long,trailing_5pct,T1c,2,0.0,-2.5176,-5.0352
po3_htf_aligned_long,trailing_5pct,T2,9,0.3333333333333333,5.21611111111111,46.94499999999999
po3_htf_aligned_long,trailing_5pct,unknown,19,0.2631578947368421,-2.770815789473684,-52.6455
po3_htf_aligned_short,atr_trail_1x,T1a,9,0.3333333333333333,-0.9107666666666668,-8.196900000000001
po3_htf_aligned_short,atr_trail_1x,T1c,4,0.25,-3.525375,-14.1015
po3_htf_aligned_short,atr_trail_1x,T2,13,0.23076923076923078,-3.190776923076923,-41.4801
po3_htf_aligned_short,atr_trail_1x,T3,6,0.16666666666666666,-2.66565,-15.9939
po3_htf_aligned_short,atr_trail_1x,unknown,17,0.35294117647058826,-2.3134764705882356,-39.329100000000004
po3_htf_aligned_short,atr_trail_2x,T1a,9,0.4444444444444444,-1.6300999999999999,-14.6709
po3_htf_aligned_short,atr_trail_2x,T1c,4,0.75,1.400975,5.6039
po3_htf_aligned_short,atr_trail_2x,T2,13,0.3076923076923077,-1.9173769230769233,-24.925900000000002
po3_htf_aligned_short,atr_trail_2x,T3,6,0.3333333333333333,-2.9859833333333334,-17.9159
po3_htf_aligned_short,atr_trail_2x,unknown,17,0.47058823529411764,4.192105882352941,71.26579999999998
po3_htf_aligned_short,atr_trail_mae_conditional,T1a,9,0.3333333333333333,-0.9107666666666668,-8.196900000000001
po3_htf_aligned_short,atr_trail_mae_conditional,T1c,4,0.25,-3.525375,-14.1015
po3_htf_aligned_short,atr_trail_mae_conditional,T2,13,0.23076923076923078,-3.190776923076923,-41.4801
po3_htf_aligned_short,atr_trail_mae_conditional,T3,6,0.16666666666666666,-2.66565,-15.9939
po3_htf_aligned_short,atr_trail_mae_conditional,unknown,17,0.35294117647058826,-2.3134764705882356,-39.329100000000004
po3_htf_aligned_short,atr_trail_vix_conditional,T1a,9,0.3333333333333333,-1.0909666666666666,-9.8187
po3_htf_aligned_short,atr_trail_vix_conditional,T1c,4,0.25,-5.24865,-20.9946
po3_htf_aligned_short,atr_trail_vix_conditional,T2,13,0.23076923076923078,-5.255923076923077,-68.327
po3_htf_aligned_short,atr_trail_vix_conditional,T3,6,0.0,-6.587683333333334,-39.5261
po3_htf_aligned_short,atr_trail_vix_conditional,unknown,17,0.29411764705882354,-3.8472,-65.4024
po3_htf_aligned_short,break_even_at_1r,T1a,9,0.2222222222222222,-0.4168111111111112,-3.7513000000000005
po3_htf_aligned_short,break_even_at_1r,T1c,4,0.0,-4.6733,-18.6932
po3_htf_aligned_short,break_even_at_1r,T2,13,0.15384615384615385,-2.5134153846153846,-32.6744
po3_htf_aligned_short,break_even_at_1r,T3,6,0.0,-5.098216666666667,-30.5893
po3_htf_aligned_short,break_even_at_1r,unknown,17,0.29411764705882354,-1.875629411764706,-31.885700000000003
po3_htf_aligned_short,breakeven_plus_trail,T1a,9,0.4444444444444444,1.3641777777777775,12.277599999999998
po3_htf_aligned_short,breakeven_plus_trail,T1c,4,0.5,1.7952,7.1808
po3_htf_aligned_short,breakeven_plus_trail,T2,13,0.46153846153846156,0.9236461538461533,12.007399999999993
po3_htf_aligned_short,breakeven_plus_trail,T3,6,0.5,-1.056483333333334,-6.338900000000004
po3_htf_aligned_short,breakeven_plus_trail,unknown,17,0.6470588235294118,6.186235294117647,105.166
po3_htf_aligned_short,chandelier_3x,T1a,9,0.1111111111111111,-0.6721999999999999,-6.049799999999999
po3_htf_aligned_short,chandelier_3x,T1c,4,0.25,-1.328875,-5.3155
po3_htf_aligned_short,chandelier_3x,T2,13,0.15384615384615385,-2.9825230769230773,-38.772800000000004
po3_htf_aligned_short,chandelier_3x,T3,6,0.16666666666666666,-1.1763833333333336,-7.058300000000001
po3_htf_aligned_short,chandelier_3x,unknown,17,0.4117647058823529,5.899317647058824,100.28840000000001
po3_htf_aligned_short,class_time_stop,T1a,9,0.5555555555555556,-0.4533777777777779,-4.080400000000001
po3_htf_aligned_short,class_time_stop,T1c,4,0.75,1.26985,5.0794
po3_htf_aligned_short,class_time_stop,T2,13,0.46153846153846156,-3.4977307692307695,-45.4705
po3_htf_aligned_short,class_time_stop,T3,6,0.16666666666666666,-8.08975,-48.5385
po3_htf_aligned_short,class_time_stop,unknown,17,0.6470588235294118,5.200058823529411,88.401
po3_htf_aligned_short,earnings_blackout,T1a,9,0.6666666666666666,-0.6260888888888889,-5.6348
po3_htf_aligned_short,earnings_blackout,T1c,4,0.75,2.614525,10.4581
po3_htf_aligned_short,earnings_blackout,T2,13,0.3076923076923077,-11.360407692307692,-147.6853
po3_htf_aligned_short,earnings_blackout,T3,6,0.5,2.841083333333333,17.046499999999998
po3_htf_aligned_short,earnings_blackout,unknown,17,0.5882352941176471,8.823423529411764,149.9982
po3_htf_aligned_short,fixed_4r_2r,T1a,9,0.4444444444444444,1.7796999999999998,16.0173
po3_htf_aligned_short,fixed_4r_2r,T1c,4,0.5,16.228225000000002,64.91290000000001
po3_htf_aligned_short,fixed_4r_2r,T2,13,0.3076923076923077,-3.0320615384615386,-39.4168
po3_htf_aligned_short,fixed_4r_2r,T3,6,0.16666666666666666,-9.433066666666667,-56.5984
po3_htf_aligned_short,fixed_4r_2r,unknown,17,0.5294117647058824,12.875347058823529,218.8809
po3_htf_aligned_short,hybrid_50pct_target,T1a,9,0.7777777777777778,-54.43214444444445,-489.88930000000005
po3_htf_aligned_short,hybrid_50pct_target,T1c,4,1.0,18.03235,72.1294
po3_htf_aligned_short,hybrid_50pct_target,T2,13,0.5384615384615384,-74.06685384615385,-962.8691
po3_htf_aligned_short,hybrid_50pct_target,T3,6,0.6666666666666666,-36.70343333333333,-220.2206
po3_htf_aligned_short,hybrid_50pct_target,unknown,17,0.7647058823529411,-33.83287058823529,-575.1587999999999
po3_htf_aligned_short,ma_exit_ema9,T1a,9,0.2222222222222222,0.10926666666666668,0.9834
po3_htf_aligned_short,ma_exit_ema9,T1c,4,0.25,-2.4509,-9.8036
po3_htf_aligned_short,ma_exit_ema9,T2,13,0.23076923076923078,-1.429,-18.577
po3_htf_aligned_short,ma_exit_ema9,T3,6,0.3333333333333333,0.9441499999999999,5.664899999999999
po3_htf_aligned_short,ma_exit_ema9,unknown,17,0.11764705882352941,-0.13625294117647044,-2.3162999999999974
po3_htf_aligned_short,mfe_lockin_trail,T1a,9,0.3333333333333333,-0.6573666666666669,-5.9163000000000014
po3_htf_aligned_short,mfe_lockin_trail,T1c,4,0.25,-3.525375,-14.1015
po3_htf_aligned_short,mfe_lockin_trail,T2,13,0.23076923076923078,-3.089292307692308,-40.1608
po3_htf_aligned_short,mfe_lockin_trail,T3,6,0.16666666666666666,-3.4909833333333338,-20.9459
po3_htf_aligned_short,mfe_lockin_trail,unknown,17,0.35294117647058826,-2.447894117647059,-41.614200000000004
po3_htf_aligned_short,multi_tier_partial,T1a,9,0.3333333333333333,-0.6771555555555556,-6.0944
po3_htf_aligned_short,multi_tier_partial,T1c,4,0.5,-2.9076750000000002,-11.630700000000001
po3_htf_aligned_short,multi_tier_partial,T2,13,0.46153846153846156,-2.252292307692308,-29.2798
po3_htf_aligned_short,multi_tier_partial,T3,6,0.3333333333333333,-3.4137833333333334,-20.4827
po3_htf_aligned_short,multi_tier_partial,unknown,17,0.4117647058823529,-1.7287235294117649,-29.388300000000005
po3_htf_aligned_short,next_pivot_target,T1a,9,0.8888888888888888,0.40338888888888885,3.6304999999999996
po3_htf_aligned_short,next_pivot_target,T1c,4,0.75,-1.648675,-6.5947
po3_htf_aligned_short,next_pivot_target,T2,13,0.6923076923076923,-2.6138230769230764,-33.979699999999994
po3_htf_aligned_short,next_pivot_target,T3,6,0.8333333333333334,3.4774333333333334,20.8646
po3_htf_aligned_short,next_pivot_target,unknown,17,0.7058823529411765,-1.2471529411764708,-21.201600000000003
po3_htf_aligned_short,r_multiple_2r,T1a,9,0.3333333333333333,0.565811111111111,5.0923
po3_htf_aligned_short,r_multiple_2r,T1c,4,0.25,-3.9600750000000002,-15.840300000000001
po3_htf_aligned_short,r_multiple_2r,T2,13,0.3076923076923077,-0.868392307692308,-11.289100000000005
po3_htf_aligned_short,r_multiple_2r,T3,6,0.16666666666666666,-4.7165333333333335,-28.2992
po3_htf_aligned_short,r_multiple_2r,unknown,17,0.29411764705882354,-0.7915117647058826,-13.455700000000004
po3_htf_aligned_short,r_multiple_3r,T1a,9,0.2222222222222222,0.21972222222222212,1.9774999999999991
po3_htf_aligned_short,r_multiple_3r,T1c,4,0.25,-3.369075,-13.4763
po3_htf_aligned_short,r_multiple_3r,T2,13,0.23076923076923078,-2.105784615384615,-27.3752
po3_htf_aligned_short,r_multiple_3r,T3,6,0.16666666666666666,-3.8621166666666666,-23.1727
po3_htf_aligned_short,r_multiple_3r,unknown,17,0.29411764705882354,1.6572470588235293,28.173199999999998
po3_htf_aligned_short,regime_flip,T1a,9,0.5555555555555556,0.005122222222222078,0.0460999999999987
po3_htf_aligned_short,regime_flip,T1c,4,1.0,10.271650000000001,41.086600000000004
po3_htf_aligned_short,regime_flip,T2,13,0.5384615384615384,0.41529999999999984,5.398899999999998
po3_htf_aligned_short,regime_flip,T3,6,0.3333333333333333,-3.353566666666667,-20.1214
po3_htf_aligned_short,regime_flip,unknown,17,0.5882352941176471,5.8405411764705875,99.2892
po3_htf_aligned_short,reverse_signal,T1a,9,0.3333333333333333,-0.9107666666666668,-8.196900000000001
po3_htf_aligned_short,reverse_signal,T1c,4,0.25,-3.525375,-14.1015
po3_htf_aligned_short,reverse_signal,T2,13,0.23076923076923078,-3.190776923076923,-41.4801
po3_htf_aligned_short,reverse_signal,T3,6,0.16666666666666666,-2.66565,-15.9939
po3_htf_aligned_short,reverse_signal,unknown,17,0.35294117647058826,-2.3134764705882356,-39.329100000000004
po3_htf_aligned_short,smc_mitigation_zone,T1a,9,0.3333333333333333,-0.9107666666666668,-8.196900000000001
po3_htf_aligned_short,smc_mitigation_zone,T1c,4,0.25,-3.525375,-14.1015
po3_htf_aligned_short,smc_mitigation_zone,T2,13,0.23076923076923078,-3.190776923076923,-41.4801
po3_htf_aligned_short,smc_mitigation_zone,T3,6,0.16666666666666666,-2.66565,-15.9939
po3_htf_aligned_short,smc_mitigation_zone,unknown,17,0.35294117647058826,-2.3134764705882356,-39.329100000000004
po3_htf_aligned_short,time_stop_10d,T1a,9,0.5555555555555556,1.3981777777777777,12.5836
po3_htf_aligned_short,time_stop_10d,T1c,4,0.75,3.791725,15.1669
po3_htf_aligned_short,time_stop_10d,T2,13,0.46153846153846156,-4.610538461538462,-59.937
po3_htf_aligned_short,time_stop_10d,T3,6,0.16666666666666666,-6.372600000000001,-38.235600000000005
po3_htf_aligned_short,time_stop_10d,unknown,17,0.6470588235294118,1.8624058823529415,31.660900000000005
po3_htf_aligned_short,time_stop_20d,T1a,9,0.5555555555555556,0.005122222222222078,0.0460999999999987
po3_htf_aligned_short,time_stop_20d,T1c,4,1.0,10.271650000000001,41.086600000000004
po3_htf_aligned_short,time_stop_20d,T2,13,0.5384615384615384,0.41529999999999984,5.398899999999998
po3_htf_aligned_short,time_stop_20d,T3,6,0.3333333333333333,-3.353566666666667,-20.1214
po3_htf_aligned_short,time_stop_20d,unknown,17,0.5882352941176471,5.8405411764705875,99.2892
po3_htf_aligned_short,trailing_10pct,T1a,9,0.4444444444444444,-1.2394444444444446,-11.155000000000001
po3_htf_aligned_short,trailing_10pct,T1c,4,0.25,-4.24125,-16.965
po3_htf_aligned_short,trailing_10pct,T2,13,0.38461538461538464,0.8339230769230768,10.840999999999998
po3_htf_aligned_short,trailing_10pct,T3,6,0.16666666666666666,-2.3561166666666664,-14.1367
po3_htf_aligned_short,trailing_10pct,unknown,17,0.29411764705882354,-2.466805882352941,-41.9357
po3_htf_aligned_short,trailing_15pct,T1a,9,0.5555555555555556,-1.9895444444444443,-17.9059
po3_htf_aligned_short,trailing_15pct,T1c,4,0.0,-7.9292750000000005,-31.717100000000002
po3_htf_aligned_short,trailing_15pct,T2,13,0.46153846153846156,-0.38766923076923077,-5.0397
po3_htf_aligned_short,trailing_15pct,T3,6,0.3333333333333333,-2.06155,-12.369299999999999
po3_htf_aligned_short,trailing_15pct,unknown,17,0.29411764705882354,-2.4569764705882347,-41.76859999999999
po3_htf_aligned_short,trailing_5pct,T1a,9,0.5555555555555556,-0.9181333333333335,-8.263200000000001
po3_htf_aligned_short,trailing_5pct,T1c,4,0.25,-2.592,-10.368
po3_htf_aligned_short,trailing_5pct,T2,13,0.07692307692307693,-2.7309923076923073,-35.5029
po3_htf_aligned_short,trailing_5pct,T3,6,0.0,-3.6529666666666665,-21.9178
po3_htf_aligned_short,trailing_5pct,unknown,17,0.35294117647058826,-1.3520058823529415,-22.984100000000005
ppo_crossover,atr_trail_1x,T1a,13,0.38461538461538464,0.47526153846153846,6.1784
ppo_crossover,atr_trail_1x,T1c,2,0.5,0.030750000000000055,0.06150000000000011
ppo_crossover,atr_trail_1x,T2,13,0.23076923076923078,-1.2550000000000001,-16.315
ppo_crossover,atr_trail_1x,T3,3,0.3333333333333333,-3.9974333333333334,-11.9923
ppo_crossover,atr_trail_1x,unknown,29,0.27586206896551724,-2.2253103448275864,-64.534
ppo_crossover,atr_trail_2x,T1a,13,0.38461538461538464,0.3267923076923077,4.2483
ppo_crossover,atr_trail_2x,T1c,2,0.0,-4.03245,-8.0649
ppo_crossover,atr_trail_2x,T2,13,0.23076923076923078,-3.7607153846153847,-48.8893
ppo_crossover,atr_trail_2x,T3,3,0.6666666666666666,0.6835999999999997,2.050799999999999
ppo_crossover,atr_trail_2x,unknown,29,0.41379310344827586,4.71528275862069,136.7432
ppo_crossover,atr_trail_mae_conditional,T1a,13,0.38461538461538464,0.47526153846153846,6.1784
ppo_crossover,atr_trail_mae_conditional,T1c,2,0.5,0.030750000000000055,0.06150000000000011
ppo_crossover,atr_trail_mae_conditional,T2,13,0.23076923076923078,-1.2550000000000001,-16.315
ppo_crossover,atr_trail_mae_conditional,T3,3,0.3333333333333333,-3.9974333333333334,-11.9923
ppo_crossover,atr_trail_mae_conditional,unknown,29,0.27586206896551724,-2.2253103448275864,-64.534
ppo_crossover,atr_trail_vix_conditional,T1a,13,0.3076923076923077,-0.5606846153846153,-7.2889
ppo_crossover,atr_trail_vix_conditional,T1c,2,0.0,-2.00085,-4.0017
ppo_crossover,atr_trail_vix_conditional,T2,13,0.15384615384615385,-2.7595923076923077,-35.8747
ppo_crossover,atr_trail_vix_conditional,T3,3,0.3333333333333333,-3.9974333333333334,-11.9923
ppo_crossover,atr_trail_vix_conditional,unknown,29,0.20689655172413793,-1.3946551724137932,-40.445
ppo_crossover,break_even_at_1r,T1a,13,0.23076923076923078,0.5530769230769229,7.189999999999998
ppo_crossover,break_even_at_1r,T1c,2,0.0,-2.8987,-5.7974
ppo_crossover,break_even_at_1r,T2,13,0.15384615384615385,-2.2316846153846153,-29.011899999999997
ppo_crossover,break_even_at_1r,T3,3,0.3333333333333333,-3.9974333333333334,-11.9923
ppo_crossover,break_even_at_1r,unknown,29,0.20689655172413793,-2.4785344827586204,-71.8775
ppo_crossover,breakeven_plus_trail,T1a,13,0.3076923076923077,-0.1981923076923079,-2.5765000000000025
ppo_crossover,breakeven_plus_trail,T1c,2,0.0,-5.7974,-11.5948
ppo_crossover,breakeven_plus_trail,T2,13,0.38461538461538464,-1.6267384615384617,-21.1476
ppo_crossover,breakeven_plus_trail,T3,3,0.6666666666666666,3.998733333333334,11.996200000000002
ppo_crossover,breakeven_plus_trail,unknown,29,0.5172413793103449,13.687503448275864,396.93760000000003
ppo_crossover,chandelier_3x,T1a,13,0.15384615384615385,0.07355384615384618,0.9562000000000003
ppo_crossover,chandelier_3x,T1c,2,0.0,-0.17485,-0.3497
ppo_crossover,chandelier_3x,T2,13,0.07692307692307693,-0.3158846153846154,-4.1065
ppo_crossover,chandelier_3x,T3,3,0.0,-0.4194,-1.2582
ppo_crossover,chandelier_3x,unknown,29,0.06896551724137931,3.073303448275862,89.1258
ppo_crossover,class_time_stop,T1a,13,0.6153846153846154,2.1253615384615387,27.629700000000003
ppo_crossover,class_time_stop,T1c,2,0.0,-12.016,-24.032
ppo_crossover,class_time_stop,T2,13,0.46153846153846156,1.077876923076923,14.0124
ppo_crossover,class_time_stop,T3,3,0.6666666666666666,-2.6950000000000003,-8.085
ppo_crossover,class_time_stop,unknown,29,0.5172413793103449,9.3481,271.0949
ppo_crossover,earnings_blackout,T1a,13,0.5384615384615384,1.8788769230769233,24.425400000000003
ppo_crossover,earnings_blackout,T1c,2,0.0,-22.66405,-45.3281
ppo_crossover,earnings_blackout,T2,13,0.5384615384615384,-7.071530769230768,-91.92989999999999
ppo_crossover,earnings_blackout,T3,3,0.6666666666666666,13.175966666666667,39.5279
ppo_crossover,earnings_blackout,unknown,29,0.5862068965517241,8.275906896551724,240.0013
ppo_crossover,fixed_4r_2r,T1a,13,0.3076923076923077,0.09733076923076936,1.2653000000000016
ppo_crossover,fixed_4r_2r,T1c,2,0.0,-8.83255,-17.6651
ppo_crossover,fixed_4r_2r,T2,13,0.3076923076923077,-4.16293076923077,-54.118100000000005
ppo_crossover,fixed_4r_2r,T3,3,0.6666666666666666,28.98646666666667,86.9594
ppo_crossover,fixed_4r_2r,unknown,29,0.3448275862068966,0.18951724137931017,5.495999999999995
ppo_crossover,hybrid_50pct_target,T1a,13,0.7692307692307693,8.828038461538462,114.7645
ppo_crossover,hybrid_50pct_target,T1c,2,0.0,-10.0,-20.0
ppo_crossover,hybrid_50pct_target,T2,13,0.5384615384615384,-31.668607692307695,-411.69190000000003
ppo_crossover,hybrid_50pct_target,T3,3,0.6666666666666666,18.083966666666665,54.2519
ppo_crossover,hybrid_50pct_target,unknown,29,0.5172413793103449,-28.938534482758623,-839.2175000000001
ppo_crossover,ma_exit_ema9,T1a,13,0.3076923076923077,0.31629230769230765,4.1118
ppo_crossover,ma_exit_ema9,T1c,2,0.5,-0.08699999999999997,-0.17399999999999993
ppo_crossover,ma_exit_ema9,T2,13,0.3076923076923077,-2.1031846153846154,-27.3414
ppo_crossover,ma_exit_ema9,T3,3,0.3333333333333333,-1.5354666666666665,-4.6064
ppo_crossover,ma_exit_ema9,unknown,29,0.27586206896551724,-1.264486206896552,-36.670100000000005
ppo_crossover,mfe_lockin_trail,T1a,13,0.38461538461538464,0.0711615384615385,0.9251000000000005
ppo_crossover,mfe_lockin_trail,T1c,2,0.5,0.6899000000000001,1.3798000000000001
ppo_crossover,mfe_lockin_trail,T2,13,0.3076923076923077,-1.4997153846153846,-19.496299999999998
ppo_crossover,mfe_lockin_trail,T3,3,0.3333333333333333,-0.6083666666666664,-1.825099999999999
ppo_crossover,mfe_lockin_trail,unknown,29,0.27586206896551724,-1.947703448275862,-56.483399999999996
ppo_crossover,multi_tier_partial,T1a,13,0.46153846153846156,0.47699230769230777,6.200900000000001
ppo_crossover,multi_tier_partial,T1c,2,0.5,0.33440000000000003,0.6688000000000001
ppo_crossover,multi_tier_partial,T2,13,0.5384615384615384,-0.24035384615384595,-3.1245999999999974
ppo_crossover,multi_tier_partial,T3,3,0.3333333333333333,-1.9977,-5.9931
ppo_crossover,multi_tier_partial,unknown,29,0.4482758620689655,-0.961251724137931,-27.8763
ppo_crossover,next_pivot_target,T1a,13,0.8461538461538461,1.6873153846153848,21.935100000000002
ppo_crossover,next_pivot_target,T1c,2,0.5,-4.97115,-9.9423
ppo_crossover,next_pivot_target,T2,13,0.5384615384615384,-2.777115384615385,-36.102500000000006
ppo_crossover,next_pivot_target,T3,3,1.0,2.6386333333333334,7.9159
ppo_crossover,next_pivot_target,unknown,29,0.7586206896551724,1.5544413793103449,45.0788
ppo_crossover,r_multiple_2r,T1a,13,0.5384615384615384,1.9498,25.3474
ppo_crossover,r_multiple_2r,T1c,2,0.0,-4.41625,-8.8325
ppo_crossover,r_multiple_2r,T2,13,0.3076923076923077,-2.6064230769230767,-33.8835
ppo_crossover,r_multiple_2r,T3,3,0.3333333333333333,1.1018333333333328,3.3054999999999986
ppo_crossover,r_multiple_2r,unknown,29,0.3103448275862069,-0.6712689655172411,-19.466799999999992
ppo_crossover,r_multiple_3r,T1a,13,0.38461538461538464,1.650846153846154,21.461000000000002
ppo_crossover,r_multiple_3r,T1c,2,0.0,-4.41625,-8.8325
ppo_crossover,r_multiple_3r,T2,13,0.23076923076923078,-2.835007692307692,-36.8551
ppo_crossover,r_multiple_3r,T3,3,0.3333333333333333,5.3011333333333335,15.903400000000001
ppo_crossover,r_multiple_3r,unknown,29,0.27586206896551724,0.9399896551724135,27.25969999999999
ppo_crossover,regime_flip,T1a,13,0.7692307692307693,2.4811538461538456,32.254999999999995
ppo_crossover,regime_flip,T1c,2,0.5,-6.73625,-13.4725
ppo_crossover,regime_flip,T2,13,0.46153846153846156,0.8741076923076924,11.3634
ppo_crossover,regime_flip,T3,3,0.6666666666666666,4.847466666666666,14.542399999999997
ppo_crossover,regime_flip,unknown,29,0.6206896551724138,6.576982758620689,190.7325
ppo_crossover,reverse_signal,T1a,13,0.38461538461538464,0.47526153846153846,6.1784
ppo_crossover,reverse_signal,T1c,2,0.5,0.030750000000000055,0.06150000000000011
ppo_crossover,reverse_signal,T2,13,0.23076923076923078,-1.2550000000000001,-16.315
ppo_crossover,reverse_signal,T3,3,0.3333333333333333,-3.9974333333333334,-11.9923
ppo_crossover,reverse_signal,unknown,29,0.27586206896551724,-2.2253103448275864,-64.534
ppo_crossover,smc_mitigation_zone,T1a,13,0.38461538461538464,0.47526153846153846,6.1784
ppo_crossover,smc_mitigation_zone,T1c,2,0.5,0.030750000000000055,0.06150000000000011
ppo_crossover,smc_mitigation_zone,T2,13,0.23076923076923078,-1.2550000000000001,-16.315
ppo_crossover,smc_mitigation_zone,T3,3,0.3333333333333333,-3.9974333333333334,-11.9923
ppo_crossover,smc_mitigation_zone,unknown,29,0.27586206896551724,-2.2253103448275864,-64.534
ppo_crossover,time_stop_10d,T1a,13,0.6923076923076923,2.1666076923076925,28.1659
ppo_crossover,time_stop_10d,T1c,2,0.5,-1.4512,-2.9024
ppo_crossover,time_stop_10d,T2,13,0.5384615384615384,-2.7241230769230773,-35.4136
ppo_crossover,time_stop_10d,T3,3,0.3333333333333333,1.623633333333333,4.870899999999999
ppo_crossover,time_stop_10d,unknown,29,0.4827586206896552,0.6946862068965516,20.145899999999997
ppo_crossover,time_stop_20d,T1a,13,0.7692307692307693,2.4811538461538456,32.254999999999995
ppo_crossover,time_stop_20d,T1c,2,0.5,-6.73625,-13.4725
ppo_crossover,time_stop_20d,T2,13,0.46153846153846156,0.8741076923076924,11.3634
ppo_crossover,time_stop_20d,T3,3,0.6666666666666666,4.847466666666666,14.542399999999997
ppo_crossover,time_stop_20d,unknown,29,0.6206896551724138,6.576982758620689,190.7325
ppo_crossover,trailing_10pct,T1a,13,0.38461538461538464,-0.5570384615384617,-7.241500000000002
ppo_crossover,trailing_10pct,T1c,2,0.0,-6.3155,-12.631
ppo_crossover,trailing_10pct,T2,13,0.3076923076923077,-4.00753076923077,-52.0979
ppo_crossover,trailing_10pct,T3,3,0.3333333333333333,-5.049266666666667,-15.1478
ppo_crossover,trailing_10pct,unknown,29,0.3103448275862069,-1.4914793103448274,-43.2529
ppo_crossover,trailing_15pct,T1a,13,0.3076923076923077,0.8801230769230775,11.441600000000006
ppo_crossover,trailing_15pct,T1c,2,0.0,-11.520199999999999,-23.040399999999998
ppo_crossover,trailing_15pct,T2,13,0.23076923076923078,-6.4808615384615385,-84.2512
ppo_crossover,trailing_15pct,T3,3,0.3333333333333333,-6.715933333333333,-20.1478
ppo_crossover,trailing_15pct,unknown,29,0.41379310344827586,8.815148275862068,255.6393
ppo_crossover,trailing_5pct,T1a,13,0.46153846153846156,-0.3072615384615384,-3.9943999999999993
ppo_crossover,trailing_5pct,T1c,2,0.0,-1.1108500000000001,-2.2217000000000002
ppo_crossover,trailing_5pct,T2,13,0.23076923076923078,-0.5494692307692308,-7.1431000000000004
ppo_crossover,trailing_5pct,T3,3,0.0,-3.9183,-11.7549
ppo_crossover,trailing_5pct,unknown,29,0.1724137931034483,-2.5415275862068967,-73.7043
pre_fomc_long_sleeve,atr_trail_1x,T1a,10,0.2,-1.21776,-12.1776
pre_fomc_long_sleeve,atr_trail_1x,T1c,1,0.0,-1.1375,-1.1375
pre_fomc_long_sleeve,atr_trail_1x,T2,12,0.16666666666666666,-2.6788416666666666,-32.1461
pre_fomc_long_sleeve,atr_trail_1x,T3,4,0.25,-0.1620000000000002,-0.6480000000000008
pre_fomc_long_sleeve,atr_trail_1x,unknown,12,0.3333333333333333,-2.937875,-35.2545
pre_fomc_long_sleeve,atr_trail_2x,T1a,10,0.2,-2.81354,-28.1354
pre_fomc_long_sleeve,atr_trail_2x,T1c,1,0.0,-2.1812,-2.1812
pre_fomc_long_sleeve,atr_trail_2x,T2,12,0.3333333333333333,-3.2808083333333333,-39.3697
pre_fomc_long_sleeve,atr_trail_2x,T3,4,1.0,19.62925,78.517
pre_fomc_long_sleeve,atr_trail_2x,unknown,12,0.5,-1.2711583333333332,-15.253899999999998
pre_fomc_long_sleeve,atr_trail_mae_conditional,T1a,10,0.2,-1.21776,-12.1776
pre_fomc_long_sleeve,atr_trail_mae_conditional,T1c,1,0.0,-1.1375,-1.1375
pre_fomc_long_sleeve,atr_trail_mae_conditional,T2,12,0.16666666666666666,-2.6788416666666666,-32.1461
pre_fomc_long_sleeve,atr_trail_mae_conditional,T3,4,0.25,-0.1620000000000002,-0.6480000000000008
pre_fomc_long_sleeve,atr_trail_mae_conditional,unknown,12,0.3333333333333333,-2.937875,-35.2545
pre_fomc_long_sleeve,atr_trail_vix_conditional,T1a,10,0.2,-1.09793,-10.9793
pre_fomc_long_sleeve,atr_trail_vix_conditional,T1c,1,0.0,-1.1436,-1.1436
pre_fomc_long_sleeve,atr_trail_vix_conditional,T2,12,0.3333333333333333,-1.4188333333333334,-17.026
pre_fomc_long_sleeve,atr_trail_vix_conditional,T3,4,0.5,5.57,22.28
pre_fomc_long_sleeve,atr_trail_vix_conditional,unknown,12,0.3333333333333333,-3.5233833333333333,-42.2806
pre_fomc_long_sleeve,break_even_at_1r,T1a,10,0.0,-1.50458,-15.0458
pre_fomc_long_sleeve,break_even_at_1r,T1c,1,0.0,-2.449,-2.449
pre_fomc_long_sleeve,break_even_at_1r,T2,12,0.08333333333333333,-1.2944666666666667,-15.5336
pre_fomc_long_sleeve,break_even_at_1r,T3,4,0.25,3.0871500000000003,12.348600000000001
pre_fomc_long_sleeve,break_even_at_1r,unknown,12,0.25,-3.10045,-37.2054
pre_fomc_long_sleeve,breakeven_plus_trail,T1a,10,0.2,-2.1459900000000003,-21.4599
pre_fomc_long_sleeve,breakeven_plus_trail,T1c,1,0.0,-4.898,-4.898
pre_fomc_long_sleeve,breakeven_plus_trail,T2,12,0.16666666666666666,-3.5807583333333333,-42.9691
pre_fomc_long_sleeve,breakeven_plus_trail,T3,4,0.75,14.477975,57.9119
pre_fomc_long_sleeve,breakeven_plus_trail,unknown,12,0.6666666666666666,13.873399999999998,166.4808
pre_fomc_long_sleeve,chandelier_3x,T1a,10,0.3,-2.11849,-21.1849
pre_fomc_long_sleeve,chandelier_3x,T1c,1,0.0,-2.0742,-2.0742
pre_fomc_long_sleeve,chandelier_3x,T2,12,0.16666666666666666,-2.6465916666666667,-31.7591
pre_fomc_long_sleeve,chandelier_3x,T3,4,0.75,9.941324999999999,39.765299999999996
pre_fomc_long_sleeve,chandelier_3x,unknown,12,0.4166666666666667,2.927533333333333,35.130399999999995
pre_fomc_long_sleeve,class_time_stop,T1a,10,0.3,-6.1387599999999996,-61.3876
pre_fomc_long_sleeve,class_time_stop,T1c,1,0.0,-2.6638,-2.6638
pre_fomc_long_sleeve,class_time_stop,T2,12,0.25,-3.4745499999999994,-41.694599999999994
pre_fomc_long_sleeve,class_time_stop,T3,4,0.75,13.9219,55.6876
pre_fomc_long_sleeve,class_time_stop,unknown,12,0.5833333333333334,5.232008333333333,62.784099999999995
pre_fomc_long_sleeve,earnings_blackout,T1a,10,0.5,-6.1332699999999996,-61.332699999999996
pre_fomc_long_sleeve,earnings_blackout,T1c,1,0.0,-3.6009,-3.6009
pre_fomc_long_sleeve,earnings_blackout,T2,12,0.25,-6.160633333333333,-73.9276
pre_fomc_long_sleeve,earnings_blackout,T3,4,0.75,32.68,130.72
pre_fomc_long_sleeve,earnings_blackout,unknown,12,0.6666666666666666,1.5710750000000002,18.8529
pre_fomc_long_sleeve,fixed_4r_2r,T1a,10,0.3,-2.54744,-25.4744
pre_fomc_long_sleeve,fixed_4r_2r,T1c,1,0.0,-4.898,-4.898
pre_fomc_long_sleeve,fixed_4r_2r,T2,12,0.08333333333333333,-6.809516666666666,-81.71419999999999
pre_fomc_long_sleeve,fixed_4r_2r,T3,4,1.0,18.406675,73.6267
pre_fomc_long_sleeve,fixed_4r_2r,unknown,12,0.4166666666666667,0.5465416666666666,6.558499999999999
pre_fomc_long_sleeve,hybrid_50pct_target,T1a,10,0.4,-4.2822000000000005,-42.822
pre_fomc_long_sleeve,hybrid_50pct_target,T1c,1,0.0,-10.0,-10.0
pre_fomc_long_sleeve,hybrid_50pct_target,T2,12,0.4166666666666667,-1.3132416666666666,-15.7589
pre_fomc_long_sleeve,hybrid_50pct_target,T3,4,1.0,14.475975,57.9039
pre_fomc_long_sleeve,hybrid_50pct_target,unknown,12,0.6666666666666666,5.559441666666667,66.7133
pre_fomc_long_sleeve,ma_exit_ema9,T1a,10,0.4,-0.4662400000000001,-4.662400000000001
pre_fomc_long_sleeve,ma_exit_ema9,T1c,1,0.0,-0.8791,-0.8791
pre_fomc_long_sleeve,ma_exit_ema9,T2,12,0.3333333333333333,-1.7806166666666667,-21.3674
pre_fomc_long_sleeve,ma_exit_ema9,T3,4,0.25,0.9776500000000001,3.9106000000000005
pre_fomc_long_sleeve,ma_exit_ema9,unknown,12,0.3333333333333333,-0.42591666666666655,-5.110999999999999
pre_fomc_long_sleeve,mfe_lockin_trail,T1a,10,0.2,-0.32197000000000014,-3.2197000000000013
pre_fomc_long_sleeve,mfe_lockin_trail,T1c,1,0.0,-1.1375,-1.1375
pre_fomc_long_sleeve,mfe_lockin_trail,T2,12,0.16666666666666666,-2.6120666666666668,-31.3448
pre_fomc_long_sleeve,mfe_lockin_trail,T3,4,0.25,-0.1620000000000002,-0.6480000000000008
pre_fomc_long_sleeve,mfe_lockin_trail,unknown,12,0.3333333333333333,-2.8127666666666666,-33.7532
pre_fomc_long_sleeve,multi_tier_partial,T1a,10,0.5,-0.58345,-5.8345
pre_fomc_long_sleeve,multi_tier_partial,T1c,1,0.0,-1.1375,-1.1375
pre_fomc_long_sleeve,multi_tier_partial,T2,12,0.5833333333333334,-1.6829083333333335,-20.1949
pre_fomc_long_sleeve,multi_tier_partial,T3,4,0.5,-0.07589999999999991,-0.30359999999999965
pre_fomc_long_sleeve,multi_tier_partial,unknown,12,0.3333333333333333,-1.7225166666666667,-20.6702
pre_fomc_long_sleeve,next_pivot_target,T1a,10,0.6,-2.8731,-28.731
pre_fomc_long_sleeve,next_pivot_target,T1c,1,1.0,1.0159,1.0159
pre_fomc_long_sleeve,next_pivot_target,T2,12,0.6666666666666666,-1.1537083333333333,-13.8445
pre_fomc_long_sleeve,next_pivot_target,T3,4,1.0,2.65325,10.613
pre_fomc_long_sleeve,next_pivot_target,unknown,12,0.75,1.8534500000000005,22.241400000000006
pre_fomc_long_sleeve,r_multiple_2r,T1a,10,0.4,0.78943,7.894299999999999
pre_fomc_long_sleeve,r_multiple_2r,T1c,1,0.0,-2.449,-2.449
pre_fomc_long_sleeve,r_multiple_2r,T2,12,0.3333333333333333,0.10170833333333329,1.2204999999999995
pre_fomc_long_sleeve,r_multiple_2r,T3,4,0.5,2.8108249999999995,11.243299999999998
pre_fomc_long_sleeve,r_multiple_2r,unknown,12,0.4166666666666667,3.04585,36.550200000000004
pre_fomc_long_sleeve,r_multiple_3r,T1a,10,0.3,0.18546999999999997,1.8546999999999998
pre_fomc_long_sleeve,r_multiple_3r,T1c,1,0.0,-2.449,-2.449
pre_fomc_long_sleeve,r_multiple_3r,T2,12,0.16666666666666666,-1.9358916666666666,-23.2307
pre_fomc_long_sleeve,r_multiple_3r,T3,4,0.5,2.96615,11.8646
pre_fomc_long_sleeve,r_multiple_3r,unknown,12,0.3333333333333333,1.0998333333333334,13.198
pre_fomc_long_sleeve,regime_flip,T1a,10,0.4,-5.32763,-53.2763
pre_fomc_long_sleeve,regime_flip,T1c,1,0.0,-0.5166,-0.5166
pre_fomc_long_sleeve,regime_flip,T2,12,0.4166666666666667,-2.55755,-30.6906
pre_fomc_long_sleeve,regime_flip,T3,4,0.75,16.16775,64.671
pre_fomc_long_sleeve,regime_flip,unknown,12,0.5833333333333334,1.9272083333333334,23.1265
pre_fomc_long_sleeve,reverse_signal,T1a,10,0.2,-1.21776,-12.1776
pre_fomc_long_sleeve,reverse_signal,T1c,1,0.0,-1.1375,-1.1375
pre_fomc_long_sleeve,reverse_signal,T2,12,0.16666666666666666,-2.6788416666666666,-32.1461
pre_fomc_long_sleeve,reverse_signal,T3,4,0.25,-0.1620000000000002,-0.6480000000000008
pre_fomc_long_sleeve,reverse_signal,unknown,12,0.3333333333333333,-2.937875,-35.2545
pre_fomc_long_sleeve,smc_mitigation_zone,T1a,10,0.2,-1.21776,-12.1776
pre_fomc_long_sleeve,smc_mitigation_zone,T1c,1,0.0,-1.1375,-1.1375
pre_fomc_long_sleeve,smc_mitigation_zone,T2,12,0.16666666666666666,-2.6788416666666666,-32.1461
pre_fomc_long_sleeve,smc_mitigation_zone,T3,4,0.25,-0.1620000000000002,-0.6480000000000008
pre_fomc_long_sleeve,smc_mitigation_zone,unknown,12,0.3333333333333333,-2.937875,-35.2545
pre_fomc_long_sleeve,time_stop_10d,T1a,10,0.6,-1.3881700000000001,-13.881700000000002
pre_fomc_long_sleeve,time_stop_10d,T1c,1,1.0,1.2699,1.2699
pre_fomc_long_sleeve,time_stop_10d,T2,12,0.4166666666666667,-3.7601583333333335,-45.121900000000004
pre_fomc_long_sleeve,time_stop_10d,T3,4,1.0,15.780100000000001,63.120400000000004
pre_fomc_long_sleeve,time_stop_10d,unknown,12,0.75,0.5766333333333332,6.919599999999998
pre_fomc_long_sleeve,time_stop_20d,T1a,10,0.4,-5.32763,-53.2763
pre_fomc_long_sleeve,time_stop_20d,T1c,1,0.0,-0.5166,-0.5166
pre_fomc_long_sleeve,time_stop_20d,T2,12,0.4166666666666667,-2.55755,-30.6906
pre_fomc_long_sleeve,time_stop_20d,T3,4,0.75,16.16775,64.671
pre_fomc_long_sleeve,time_stop_20d,unknown,12,0.5833333333333334,1.9272083333333334,23.1265
pre_fomc_long_sleeve,trailing_10pct,T1a,10,0.2,-4.49446,-44.9446
pre_fomc_long_sleeve,trailing_10pct,T1c,1,0.0,-8.121,-8.121
pre_fomc_long_sleeve,trailing_10pct,T2,12,0.16666666666666666,-4.424225,-53.0907
pre_fomc_long_sleeve,trailing_10pct,T3,4,0.5,10.762500000000001,43.050000000000004
pre_fomc_long_sleeve,trailing_10pct,unknown,12,0.5,-1.9477499999999999,-23.372999999999998
pre_fomc_long_sleeve,trailing_15pct,T1a,10,0.2,1.58626,15.8626
pre_fomc_long_sleeve,trailing_15pct,T1c,1,0.0,-13.2254,-13.2254
pre_fomc_long_sleeve,trailing_15pct,T2,12,0.25,0.5655583333333329,6.786699999999995
pre_fomc_long_sleeve,trailing_15pct,T3,4,1.0,19.872175,79.4887
pre_fomc_long_sleeve,trailing_15pct,unknown,12,0.5,9.623866666666666,115.4864
pre_fomc_long_sleeve,trailing_5pct,T1a,10,0.5,-0.6615,-6.615
pre_fomc_long_sleeve,trailing_5pct,T1c,1,0.0,-3.0166,-3.0166
pre_fomc_long_sleeve,trailing_5pct,T2,12,0.25,-2.379766666666667,-28.5572
pre_fomc_long_sleeve,trailing_5pct,T3,4,0.25,-0.7655000000000003,-3.062000000000001
pre_fomc_long_sleeve,trailing_5pct,unknown,12,0.16666666666666666,-3.3992416666666667,-40.7909
prev_day_high_break,atr_trail_1x,T1a,4,0.25,-1.4768249999999998,-5.907299999999999
prev_day_high_break,atr_trail_1x,T1c,1,0.0,-2.8621,-2.8621
prev_day_high_break,atr_trail_1x,T2,4,0.25,-1.8856000000000002,-7.542400000000001
prev_day_high_break,atr_trail_1x,unknown,6,0.3333333333333333,0.66395,3.9837000000000002
prev_day_high_break,atr_trail_2x,T1a,4,0.25,1.1668500000000002,4.667400000000001
prev_day_high_break,atr_trail_2x,T1c,1,0.0,-4.9925,-4.9925
prev_day_high_break,atr_trail_2x,T2,4,0.25,-4.03895,-16.1558
prev_day_high_break,atr_trail_2x,unknown,6,0.5,1.9150000000000003,11.490000000000002
prev_day_high_break,atr_trail_mae_conditional,T1a,4,0.25,-1.4768249999999998,-5.907299999999999
prev_day_high_break,atr_trail_mae_conditional,T1c,1,0.0,-2.8621,-2.8621
prev_day_high_break,atr_trail_mae_conditional,T2,4,0.25,-1.8856000000000002,-7.542400000000001
prev_day_high_break,atr_trail_mae_conditional,unknown,6,0.3333333333333333,0.66395,3.9837000000000002
prev_day_high_break,atr_trail_vix_conditional,T1a,4,0.25,-1.9467500000000002,-7.787000000000001
prev_day_high_break,atr_trail_vix_conditional,T1c,1,0.0,-2.8621,-2.8621
prev_day_high_break,atr_trail_vix_conditional,T2,4,0.25,-2.161925,-8.6477
prev_day_high_break,atr_trail_vix_conditional,unknown,6,0.3333333333333333,0.08881666666666642,0.5328999999999985
prev_day_high_break,break_even_at_1r,T1a,4,0.0,-2.301625,-9.2065
prev_day_high_break,break_even_at_1r,T1c,1,0.0,-2.8621,-2.8621
prev_day_high_break,break_even_at_1r,T2,4,0.0,-2.585425,-10.3417
prev_day_high_break,break_even_at_1r,unknown,6,0.3333333333333333,0.20895000000000027,1.2537000000000016
prev_day_high_break,breakeven_plus_trail,T1a,4,0.25,0.7248749999999999,2.8994999999999997
prev_day_high_break,breakeven_plus_trail,T1c,1,0.0,-4.9925,-4.9925
prev_day_high_break,breakeven_plus_trail,T2,4,0.0,-3.4920999999999998,-13.968399999999999
prev_day_high_break,breakeven_plus_trail,unknown,6,0.8333333333333334,5.725466666666667,34.3528
prev_day_high_break,chandelier_3x,T1a,4,0.0,-2.488975,-9.9559
prev_day_high_break,chandelier_3x,T1c,1,0.0,-1.691,-1.691
prev_day_high_break,chandelier_3x,T2,4,0.0,-2.12875,-8.515
prev_day_high_break,chandelier_3x,unknown,6,0.3333333333333333,0.0026333333333331175,0.015799999999998704
prev_day_high_break,class_time_stop,T1a,4,0.5,-1.336775,-5.3471
prev_day_high_break,class_time_stop,T1c,1,0.0,-4.1158,-4.1158
prev_day_high_break,class_time_stop,T2,4,0.5,1.483725,5.9349
prev_day_high_break,class_time_stop,unknown,6,0.5,4.817166666666667,28.903000000000002
prev_day_high_break,earnings_blackout,T1a,4,0.5,-3.1193999999999993,-12.477599999999997
prev_day_high_break,earnings_blackout,T1c,1,0.0,-20.6343,-20.6343
prev_day_high_break,earnings_blackout,T2,4,0.0,-19.3155,-77.262
prev_day_high_break,earnings_blackout,unknown,6,0.8333333333333334,14.336483333333335,86.01890000000002
prev_day_high_break,fixed_4r_2r,T1a,4,0.25,-0.7093250000000002,-2.837300000000001
prev_day_high_break,fixed_4r_2r,T1c,1,0.0,-4.9925,-4.9925
prev_day_high_break,fixed_4r_2r,T2,4,0.0,-10.030025,-40.1201
prev_day_high_break,fixed_4r_2r,unknown,6,0.3333333333333333,-4.453266666666667,-26.7196
prev_day_high_break,hybrid_50pct_target,T1a,4,0.5,-7.662475,-30.6499
prev_day_high_break,hybrid_50pct_target,T1c,1,0.0,-10.0,-10.0
prev_day_high_break,hybrid_50pct_target,T2,4,0.5,2.0814,8.3256
prev_day_high_break,hybrid_50pct_target,unknown,6,0.6666666666666666,8.631083333333333,51.7865
prev_day_high_break,ma_exit_ema9,T1a,4,0.25,-2.1942749999999998,-8.777099999999999
prev_day_high_break,ma_exit_ema9,T1c,1,0.0,-1.2584,-1.2584
prev_day_high_break,ma_exit_ema9,T2,4,0.5,-0.08204999999999996,-0.3281999999999998
prev_day_high_break,ma_exit_ema9,unknown,6,0.6666666666666666,4.12475,24.7485
prev_day_high_break,mfe_lockin_trail,T1a,4,0.25,-1.4768249999999998,-5.907299999999999
prev_day_high_break,mfe_lockin_trail,T1c,1,0.0,-2.8621,-2.8621
prev_day_high_break,mfe_lockin_trail,T2,4,0.25,-1.8856000000000002,-7.542400000000001
prev_day_high_break,mfe_lockin_trail,unknown,6,0.3333333333333333,0.797,4.782
prev_day_high_break,multi_tier_partial,T1a,4,0.25,-1.3137750000000001,-5.2551000000000005
prev_day_high_break,multi_tier_partial,T1c,1,0.0,-2.8621,-2.8621
prev_day_high_break,multi_tier_partial,T2,4,0.5,-1.128725,-4.5149
prev_day_high_break,multi_tier_partial,unknown,6,0.6666666666666666,1.6453500000000003,9.872100000000001
prev_day_high_break,next_pivot_target,T1a,4,1.0,2.843675,11.3747
prev_day_high_break,next_pivot_target,T1c,1,0.0,-4.9925,-4.9925
prev_day_high_break,next_pivot_target,T2,4,0.5,-6.873225,-27.4929
prev_day_high_break,next_pivot_target,unknown,6,1.0,5.926816666666667,35.560900000000004
prev_day_high_break,r_multiple_2r,T1a,4,0.25,-1.083925,-4.3357
prev_day_high_break,r_multiple_2r,T1c,1,0.0,-2.8621,-2.8621
prev_day_high_break,r_multiple_2r,T2,4,0.25,-1.2999999999999998,-5.199999999999999
prev_day_high_break,r_multiple_2r,unknown,6,0.3333333333333333,0.33435000000000015,2.006100000000001
prev_day_high_break,r_multiple_3r,T1a,4,0.25,-0.475075,-1.9003
prev_day_high_break,r_multiple_3r,T1c,1,0.0,-2.8621,-2.8621
prev_day_high_break,r_multiple_3r,T2,4,0.0,-8.529449999999999,-34.117799999999995
prev_day_high_break,r_multiple_3r,unknown,6,0.16666666666666666,-3.6362666666666663,-21.8176
prev_day_high_break,regime_flip,T1a,4,0.5,-0.849075,-3.3963
prev_day_high_break,regime_flip,T1c,1,0.0,-23.1781,-23.1781
prev_day_high_break,regime_flip,T2,4,0.75,-0.9493,-3.7972
prev_day_high_break,regime_flip,unknown,6,0.6666666666666666,1.0456166666666666,6.2737
prev_day_high_break,reverse_signal,T1a,4,0.25,-1.4768249999999998,-5.907299999999999
prev_day_high_break,reverse_signal,T1c,1,0.0,-2.8621,-2.8621
prev_day_high_break,reverse_signal,T2,4,0.25,-1.8856000000000002,-7.542400000000001
prev_day_high_break,reverse_signal,unknown,6,0.3333333333333333,0.66395,3.9837000000000002
prev_day_high_break,smc_mitigation_zone,T1a,4,0.25,-1.4768249999999998,-5.907299999999999
prev_day_high_break,smc_mitigation_zone,T1c,1,0.0,-2.8621,-2.8621
prev_day_high_break,smc_mitigation_zone,T2,4,0.25,-1.8856000000000002,-7.542400000000001
prev_day_high_break,smc_mitigation_zone,unknown,6,0.3333333333333333,0.66395,3.9837000000000002
prev_day_high_break,time_stop_10d,T1a,4,0.25,-1.800175,-7.2007
prev_day_high_break,time_stop_10d,T1c,1,0.0,-11.6823,-11.6823
prev_day_high_break,time_stop_10d,T2,4,0.5,1.1695,4.678
prev_day_high_break,time_stop_10d,unknown,6,0.5,5.239883333333333,31.4393
prev_day_high_break,time_stop_20d,T1a,4,0.5,-0.849075,-3.3963
prev_day_high_break,time_stop_20d,T1c,1,0.0,-23.1781,-23.1781
prev_day_high_break,time_stop_20d,T2,4,0.75,-0.9493,-3.7972
prev_day_high_break,time_stop_20d,unknown,6,0.6666666666666666,1.0456166666666666,6.2737
prev_day_high_break,trailing_10pct,T1a,4,0.25,-2.3377249999999994,-9.350899999999998
prev_day_high_break,trailing_10pct,T1c,1,0.0,-10.0,-10.0
prev_day_high_break,trailing_10pct,T2,4,0.5,6.213374999999999,24.853499999999997
prev_day_high_break,trailing_10pct,unknown,6,0.6666666666666666,2.6745666666666668,16.0474
prev_day_high_break,trailing_15pct,T1a,4,0.25,-4.87915,-19.5166
prev_day_high_break,trailing_15pct,T1c,1,0.0,-15.0,-15.0
prev_day_high_break,trailing_15pct,T2,4,0.5,8.546675,34.1867
prev_day_high_break,trailing_15pct,unknown,6,0.5,-1.460766666666667,-8.764600000000002
prev_day_high_break,trailing_5pct,T1a,4,0.0,-3.5252,-14.1008
prev_day_high_break,trailing_5pct,T1c,1,0.0,-5.0,-5.0
prev_day_high_break,trailing_5pct,T2,4,0.25,-2.3047000000000004,-9.218800000000002
prev_day_high_break,trailing_5pct,unknown,6,0.16666666666666666,-1.27355,-7.641299999999999
prev_day_low_bounce,atr_trail_1x,T1a,2,0.0,-1.6604999999999999,-3.3209999999999997
prev_day_low_bounce,atr_trail_1x,T3,1,1.0,2.8817,2.8817
prev_day_low_bounce,atr_trail_1x,unknown,2,0.5,0.41585000000000005,0.8317000000000001
prev_day_low_bounce,atr_trail_2x,T1a,2,0.0,-3.46155,-6.9231
prev_day_low_bounce,atr_trail_2x,T3,1,1.0,12.8586,12.8586
prev_day_low_bounce,atr_trail_2x,unknown,2,0.5,5.77665,11.5533
prev_day_low_bounce,atr_trail_mae_conditional,T1a,2,0.0,-1.6604999999999999,-3.3209999999999997
prev_day_low_bounce,atr_trail_mae_conditional,T3,1,1.0,2.8817,2.8817
prev_day_low_bounce,atr_trail_mae_conditional,unknown,2,0.5,0.41585000000000005,0.8317000000000001
prev_day_low_bounce,atr_trail_vix_conditional,T1a,2,0.0,-2.06145,-4.1229
prev_day_low_bounce,atr_trail_vix_conditional,T3,1,1.0,15.0543,15.0543
prev_day_low_bounce,atr_trail_vix_conditional,unknown,2,0.5,6.866,13.732
prev_day_low_bounce,break_even_at_1r,T1a,2,0.0,-1.21505,-2.4301
prev_day_low_bounce,break_even_at_1r,T3,1,1.0,9.4772,9.4772
prev_day_low_bounce,break_even_at_1r,unknown,2,0.5,6.319399999999999,12.638799999999998
prev_day_low_bounce,breakeven_plus_trail,T1a,2,0.0,-2.43015,-4.8603
prev_day_low_bounce,breakeven_plus_trail,T3,1,1.0,9.4772,9.4772
prev_day_low_bounce,breakeven_plus_trail,unknown,2,0.5,4.6377999999999995,9.275599999999999
prev_day_low_bounce,chandelier_3x,T1a,2,0.0,-1.69075,-3.3815
prev_day_low_bounce,chandelier_3x,T3,1,1.0,9.0763,9.0763
prev_day_low_bounce,chandelier_3x,unknown,2,0.5,8.72595,17.4519
prev_day_low_bounce,class_time_stop,T1a,2,0.0,-4.0804,-8.1608
prev_day_low_bounce,class_time_stop,T3,1,1.0,13.3993,13.3993
prev_day_low_bounce,class_time_stop,unknown,2,1.0,9.30345,18.6069
prev_day_low_bounce,earnings_blackout,T1a,2,0.0,-8.0563,-16.1126
prev_day_low_bounce,earnings_blackout,T3,1,1.0,56.7318,56.7318
prev_day_low_bounce,earnings_blackout,unknown,2,1.0,51.66845,103.3369
prev_day_low_bounce,fixed_4r_2r,T1a,2,0.0,-4.0557,-8.1114
prev_day_low_bounce,fixed_4r_2r,T3,1,1.0,22.0186,22.0186
prev_day_low_bounce,fixed_4r_2r,unknown,2,0.5,4.2299,8.4598
prev_day_low_bounce,hybrid_50pct_target,T1a,2,0.5,-3.78085,-7.5617
prev_day_low_bounce,hybrid_50pct_target,T3,1,1.0,12.9956,12.9956
prev_day_low_bounce,hybrid_50pct_target,unknown,2,1.0,8.92375,17.8475
prev_day_low_bounce,ma_exit_ema9,T1a,2,0.0,-1.58515,-3.1703
prev_day_low_bounce,ma_exit_ema9,T3,1,0.0,-1.2574,-1.2574
prev_day_low_bounce,ma_exit_ema9,unknown,2,0.5,5.16275,10.3255
prev_day_low_bounce,mfe_lockin_trail,T1a,2,0.0,-1.6604999999999999,-3.3209999999999997
prev_day_low_bounce,mfe_lockin_trail,T3,1,1.0,2.8817,2.8817
prev_day_low_bounce,mfe_lockin_trail,unknown,2,0.5,0.41585000000000005,0.8317000000000001
prev_day_low_bounce,multi_tier_partial,T1a,2,0.0,-1.6604999999999999,-3.3209999999999997
prev_day_low_bounce,multi_tier_partial,T3,1,1.0,3.756,3.756
prev_day_low_bounce,multi_tier_partial,unknown,2,0.5,0.68065,1.3613
prev_day_low_bounce,next_pivot_target,T1a,2,1.0,1.22485,2.4497
prev_day_low_bounce,next_pivot_target,T3,1,1.0,0.3541,0.3541
prev_day_low_bounce,next_pivot_target,unknown,2,1.0,1.5467499999999998,3.0934999999999997
prev_day_low_bounce,r_multiple_2r,T1a,2,0.0,-2.02785,-4.0557
prev_day_low_bounce,r_multiple_2r,T3,1,1.0,11.0093,11.0093
prev_day_low_bounce,r_multiple_2r,unknown,2,0.5,1.61515,3.2303
prev_day_low_bounce,r_multiple_3r,T1a,2,0.0,-2.02785,-4.0557
prev_day_low_bounce,r_multiple_3r,T3,1,1.0,16.5139,16.5139
prev_day_low_bounce,r_multiple_3r,unknown,2,0.5,3.1199499999999993,6.239899999999999
prev_day_low_bounce,regime_flip,T1a,2,0.5,-7.521799999999999,-15.043599999999998
prev_day_low_bounce,regime_flip,T3,1,1.0,8.3932,8.3932
prev_day_low_bounce,regime_flip,unknown,2,0.5,10.0488,20.0976
prev_day_low_bounce,reverse_signal,T1a,2,0.0,-1.6604999999999999,-3.3209999999999997
prev_day_low_bounce,reverse_signal,T3,1,1.0,2.8817,2.8817
prev_day_low_bounce,reverse_signal,unknown,2,0.5,0.41585000000000005,0.8317000000000001
prev_day_low_bounce,smc_mitigation_zone,T1a,2,0.0,-1.6604999999999999,-3.3209999999999997
prev_day_low_bounce,smc_mitigation_zone,T3,1,1.0,2.8817,2.8817
prev_day_low_bounce,smc_mitigation_zone,unknown,2,0.5,0.41585000000000005,0.8317000000000001
prev_day_low_bounce,time_stop_10d,T1a,2,0.5,-6.3319,-12.6638
prev_day_low_bounce,time_stop_10d,T3,1,1.0,16.2545,16.2545
prev_day_low_bounce,time_stop_10d,unknown,2,0.5,10.003599999999999,20.007199999999997
prev_day_low_bounce,time_stop_20d,T1a,2,0.5,-7.521799999999999,-15.043599999999998
prev_day_low_bounce,time_stop_20d,T3,1,1.0,8.3932,8.3932
prev_day_low_bounce,time_stop_20d,unknown,2,0.5,10.0488,20.0976
prev_day_low_bounce,trailing_10pct,T1a,2,0.0,-6.70415,-13.4083
prev_day_low_bounce,trailing_10pct,T3,1,1.0,9.4772,9.4772
prev_day_low_bounce,trailing_10pct,unknown,2,0.5,3.9529999999999994,7.905999999999999
prev_day_low_bounce,trailing_15pct,T1a,2,0.0,-11.223749999999999,-22.447499999999998
prev_day_low_bounce,trailing_15pct,T3,1,1.0,40.9901,40.9901
prev_day_low_bounce,trailing_15pct,unknown,2,0.5,0.1385999999999994,0.2771999999999988
prev_day_low_bounce,trailing_5pct,T1a,2,0.0,-4.1571,-8.3142
prev_day_low_bounce,trailing_5pct,T3,1,1.0,2.639,2.639
prev_day_low_bounce,trailing_5pct,unknown,2,0.5,6.58745,13.1749
r1_break_retest,atr_trail_1x,T1a,5,0.2,-2.17814,-10.8907
r1_break_retest,atr_trail_1x,T2,4,0.25,0.80235,3.2094
r1_break_retest,atr_trail_1x,T3,1,1.0,6.21,6.21
r1_break_retest,atr_trail_1x,unknown,6,0.3333333333333333,-1.0112333333333334,-6.0674
r1_break_retest,atr_trail_2x,T1a,5,0.2,-1.87558,-9.3779
r1_break_retest,atr_trail_2x,T2,4,0.25,-0.9045749999999999,-3.6182999999999996
r1_break_retest,atr_trail_2x,T3,1,1.0,20.7575,20.7575
r1_break_retest,atr_trail_2x,unknown,6,0.5,10.553983333333333,63.323899999999995
r1_break_retest,atr_trail_mae_conditional,T1a,5,0.2,-2.17814,-10.8907
r1_break_retest,atr_trail_mae_conditional,T2,4,0.25,0.80235,3.2094
r1_break_retest,atr_trail_mae_conditional,T3,1,1.0,6.21,6.21
r1_break_retest,atr_trail_mae_conditional,unknown,6,0.3333333333333333,-1.0112333333333334,-6.0674
r1_break_retest,atr_trail_vix_conditional,T1a,5,0.0,-3.72506,-18.6253
r1_break_retest,atr_trail_vix_conditional,T2,4,0.25,-0.9938250000000001,-3.9753000000000003
r1_break_retest,atr_trail_vix_conditional,T3,1,1.0,20.7575,20.7575
r1_break_retest,atr_trail_vix_conditional,unknown,6,0.16666666666666666,-1.5463666666666664,-9.278199999999998
r1_break_retest,break_even_at_1r,T1a,5,0.2,-0.5718800000000004,-2.859400000000002
r1_break_retest,break_even_at_1r,T2,4,0.0,-0.9411250000000001,-3.7645000000000004
r1_break_retest,break_even_at_1r,T3,1,1.0,20.7575,20.7575
r1_break_retest,break_even_at_1r,unknown,6,0.0,-2.810366666666667,-16.8622
r1_break_retest,breakeven_plus_trail,T1a,5,0.2,-1.0771000000000002,-5.385500000000001
r1_break_retest,breakeven_plus_trail,T2,4,0.25,2.97745,11.9098
r1_break_retest,breakeven_plus_trail,T3,1,1.0,20.7575,20.7575
r1_break_retest,breakeven_plus_trail,unknown,6,0.6666666666666666,13.758416666666667,82.5505
r1_break_retest,chandelier_3x,T1a,5,0.2,-3.04028,-15.2014
r1_break_retest,chandelier_3x,T2,4,0.5,0.6974,2.7896
r1_break_retest,chandelier_3x,T3,1,1.0,20.7575,20.7575
r1_break_retest,chandelier_3x,unknown,6,0.6666666666666666,11.253750000000002,67.52250000000001
r1_break_retest,class_time_stop,T1a,5,0.2,0.47777999999999976,2.3888999999999987
r1_break_retest,class_time_stop,T2,4,0.75,8.8727,35.4908
r1_break_retest,class_time_stop,T3,1,1.0,7.3465,7.3465
r1_break_retest,class_time_stop,unknown,6,0.5,2.09755,12.5853
r1_break_retest,earnings_blackout,T1a,5,0.4,-4.46526,-22.3263
r1_break_retest,earnings_blackout,T2,4,0.5,-5.893925,-23.5757
r1_break_retest,earnings_blackout,T3,1,1.0,20.7575,20.7575
r1_break_retest,earnings_blackout,unknown,6,0.6666666666666666,16.682916666666664,100.09749999999998
r1_break_retest,fixed_4r_2r,T1a,5,0.4,1.8468599999999995,9.234299999999998
r1_break_retest,fixed_4r_2r,T2,4,0.75,11.720875,46.8835
r1_break_retest,fixed_4r_2r,T3,1,1.0,20.7575,20.7575
r1_break_retest,fixed_4r_2r,unknown,6,0.6666666666666666,11.744833333333334,70.46900000000001
r1_break_retest,hybrid_50pct_target,T1a,5,0.4,-1.4046600000000002,-7.023300000000001
r1_break_retest,hybrid_50pct_target,T2,4,0.75,3.084425,12.3377
r1_break_retest,hybrid_50pct_target,T3,1,1.0,20.7575,20.7575
r1_break_retest,hybrid_50pct_target,unknown,6,0.6666666666666666,5.633966666666667,33.8038
r1_break_retest,ma_exit_ema9,T1a,5,0.0,-3.92098,-19.6049
r1_break_retest,ma_exit_ema9,T2,4,0.75,10.578425000000001,42.313700000000004
r1_break_retest,ma_exit_ema9,T3,1,1.0,20.7575,20.7575
r1_break_retest,ma_exit_ema9,unknown,6,0.3333333333333333,0.5754000000000004,3.452400000000002
r1_break_retest,mfe_lockin_trail,T1a,5,0.2,-2.1558,-10.779
r1_break_retest,mfe_lockin_trail,T2,4,0.25,1.4683750000000002,5.873500000000001
r1_break_retest,mfe_lockin_trail,T3,1,1.0,6.21,6.21
r1_break_retest,mfe_lockin_trail,unknown,6,0.3333333333333333,-0.9653000000000002,-5.791800000000001
r1_break_retest,multi_tier_partial,T1a,5,0.2,-2.27912,-11.3956
r1_break_retest,multi_tier_partial,T2,4,0.5,1.9975999999999998,7.990399999999999
r1_break_retest,multi_tier_partial,T3,1,1.0,9.2369,9.2369
r1_break_retest,multi_tier_partial,unknown,6,0.5,-0.9207666666666668,-5.524600000000001
r1_break_retest,next_pivot_target,T1a,5,0.4,-3.3904400000000003,-16.9522
r1_break_retest,next_pivot_target,T2,4,0.75,1.9309499999999997,7.723799999999999
r1_break_retest,next_pivot_target,T3,1,1.0,1.0861,1.0861
r1_break_retest,next_pivot_target,unknown,6,0.8333333333333334,7.180033333333333,43.0802
r1_break_retest,r_multiple_2r,T1a,5,0.2,-1.92114,-9.6057
r1_break_retest,r_multiple_2r,T2,4,0.75,6.8301750000000006,27.320700000000002
r1_break_retest,r_multiple_2r,T3,1,1.0,14.3339,14.3339
r1_break_retest,r_multiple_2r,unknown,6,0.5,2.8149166666666665,16.889499999999998
r1_break_retest,r_multiple_3r,T1a,5,0.2,-1.10418,-5.520899999999999
r1_break_retest,r_multiple_3r,T2,4,0.5,4.9791,19.9164
r1_break_retest,r_multiple_3r,T3,1,1.0,20.7575,20.7575
r1_break_retest,r_multiple_3r,unknown,6,0.5,5.605633333333333,33.633799999999994
r1_break_retest,regime_flip,T1a,5,0.2,-5.9978,-29.988999999999997
r1_break_retest,regime_flip,T2,4,0.5,1.8645,7.458
r1_break_retest,regime_flip,T3,1,1.0,19.7744,19.7744
r1_break_retest,regime_flip,unknown,6,0.6666666666666666,4.282883333333333,25.697300000000002
r1_break_retest,reverse_signal,T1a,5,0.2,-2.17814,-10.8907
r1_break_retest,reverse_signal,T2,4,0.25,0.80235,3.2094
r1_break_retest,reverse_signal,T3,1,1.0,6.21,6.21
r1_break_retest,reverse_signal,unknown,6,0.3333333333333333,-1.0112333333333334,-6.0674
r1_break_retest,smc_mitigation_zone,T1a,5,0.2,-2.17814,-10.8907
r1_break_retest,smc_mitigation_zone,T2,4,0.25,0.80235,3.2094
r1_break_retest,smc_mitigation_zone,T3,1,1.0,6.21,6.21
r1_break_retest,smc_mitigation_zone,unknown,6,0.3333333333333333,-1.0112333333333334,-6.0674
r1_break_retest,time_stop_10d,T1a,5,0.4,0.7108800000000001,3.5544000000000002
r1_break_retest,time_stop_10d,T2,4,0.75,17.8982,71.5928
r1_break_retest,time_stop_10d,T3,1,1.0,18.3218,18.3218
r1_break_retest,time_stop_10d,unknown,6,0.8333333333333334,3.275566666666666,19.653399999999994
r1_break_retest,time_stop_20d,T1a,5,0.2,-5.9978,-29.988999999999997
r1_break_retest,time_stop_20d,T2,4,0.5,1.8645,7.458
r1_break_retest,time_stop_20d,T3,1,1.0,19.7744,19.7744
r1_break_retest,time_stop_20d,unknown,6,0.6666666666666666,4.282883333333333,25.697300000000002
r1_break_retest,trailing_10pct,T1a,5,0.2,-3.8954999999999997,-19.4775
r1_break_retest,trailing_10pct,T2,4,0.0,-4.4514000000000005,-17.805600000000002
r1_break_retest,trailing_10pct,T3,1,1.0,20.7575,20.7575
r1_break_retest,trailing_10pct,unknown,6,0.5,-0.9234999999999999,-5.5409999999999995
r1_break_retest,trailing_15pct,T1a,5,0.4,-5.9208,-29.604
r1_break_retest,trailing_15pct,T2,4,0.25,-5.021,-20.084
r1_break_retest,trailing_15pct,T3,1,1.0,20.7575,20.7575
r1_break_retest,trailing_15pct,unknown,6,0.3333333333333333,9.025033333333333,54.1502
r1_break_retest,trailing_5pct,T1a,5,0.4,-0.12110000000000021,-0.605500000000001
r1_break_retest,trailing_5pct,T2,4,0.5,0.09567499999999994,0.38269999999999976
r1_break_retest,trailing_5pct,T3,1,1.0,8.3494,8.3494
r1_break_retest,trailing_5pct,unknown,6,0.16666666666666666,-2.0429,-12.257399999999999
risk_off_bond_equity_short,atr_trail_1x,T1a,11,0.5454545454545454,0.8714181818181818,9.5856
risk_off_bond_equity_short,atr_trail_1x,T2,6,0.3333333333333333,0.5948333333333332,3.568999999999999
risk_off_bond_equity_short,atr_trail_1x,T3,3,0.0,-2.8691333333333335,-8.6074
risk_off_bond_equity_short,atr_trail_1x,unknown,10,0.2,-1.09125,-10.912500000000001
risk_off_bond_equity_short,atr_trail_2x,T1a,11,0.6363636363636364,0.6161545454545453,6.7776999999999985
risk_off_bond_equity_short,atr_trail_2x,T2,6,0.5,-0.6708,-4.0248
risk_off_bond_equity_short,atr_trail_2x,T3,3,0.3333333333333333,-5.199666666666666,-15.599
risk_off_bond_equity_short,atr_trail_2x,unknown,10,0.2,-2.7847400000000007,-27.847400000000007
risk_off_bond_equity_short,atr_trail_mae_conditional,T1a,11,0.5454545454545454,0.8714181818181818,9.5856
risk_off_bond_equity_short,atr_trail_mae_conditional,T2,6,0.3333333333333333,0.5948333333333332,3.568999999999999
risk_off_bond_equity_short,atr_trail_mae_conditional,T3,3,0.0,-2.8691333333333335,-8.6074
risk_off_bond_equity_short,atr_trail_mae_conditional,unknown,10,0.2,-1.09125,-10.912500000000001
risk_off_bond_equity_short,atr_trail_vix_conditional,T1a,11,0.36363636363636365,-0.08472727272727276,-0.9320000000000004
risk_off_bond_equity_short,atr_trail_vix_conditional,T2,6,0.5,2.842383333333333,17.054299999999998
risk_off_bond_equity_short,atr_trail_vix_conditional,T3,3,0.0,-4.0397,-12.1191
risk_off_bond_equity_short,atr_trail_vix_conditional,unknown,10,0.2,0.3381700000000002,3.381700000000002
risk_off_bond_equity_short,break_even_at_1r,T1a,11,0.36363636363636365,0.9360181818181819,10.2962
risk_off_bond_equity_short,break_even_at_1r,T2,6,0.3333333333333333,0.653783333333333,3.922699999999998
risk_off_bond_equity_short,break_even_at_1r,T3,3,0.3333333333333333,-2.583466666666667,-7.7504
risk_off_bond_equity_short,break_even_at_1r,unknown,10,0.1,-1.9713,-19.713
risk_off_bond_equity_short,breakeven_plus_trail,T1a,11,0.36363636363636365,-0.008272727272727303,-0.09100000000000033
risk_off_bond_equity_short,breakeven_plus_trail,T2,6,0.3333333333333333,2.4407166666666664,14.6443
risk_off_bond_equity_short,breakeven_plus_trail,T3,3,0.6666666666666666,0.3861666666666663,1.158499999999999
risk_off_bond_equity_short,breakeven_plus_trail,unknown,10,0.3,0.30349000000000004,3.0349000000000004
risk_off_bond_equity_short,chandelier_3x,T1a,11,0.36363636363636365,0.17990909090909088,1.9789999999999996
risk_off_bond_equity_short,chandelier_3x,T2,6,0.16666666666666666,-3.1337666666666664,-18.802599999999998
risk_off_bond_equity_short,chandelier_3x,T3,3,0.0,-4.278766666666667,-12.8363
risk_off_bond_equity_short,chandelier_3x,unknown,10,0.2,1.40246,14.0246
risk_off_bond_equity_short,class_time_stop,T1a,11,0.6363636363636364,0.5408727272727272,5.949599999999999
risk_off_bond_equity_short,class_time_stop,T2,6,0.5,-2.1586999999999996,-12.952199999999998
risk_off_bond_equity_short,class_time_stop,T3,3,0.3333333333333333,-34.970733333333335,-104.9122
risk_off_bond_equity_short,class_time_stop,unknown,10,0.4,-4.37723,-43.7723
risk_off_bond_equity_short,earnings_blackout,T1a,11,0.45454545454545453,-3.5215090909090914,-38.7366
risk_off_bond_equity_short,earnings_blackout,T2,6,0.3333333333333333,-2.33005,-13.9803
risk_off_bond_equity_short,earnings_blackout,T3,3,0.3333333333333333,-28.83193333333333,-86.49579999999999
risk_off_bond_equity_short,earnings_blackout,unknown,10,0.2,-26.42917,-264.2917
risk_off_bond_equity_short,fixed_4r_2r,T1a,11,0.5454545454545454,2.5072454545454548,27.579700000000003
risk_off_bond_equity_short,fixed_4r_2r,T2,6,0.16666666666666666,-3.8240499999999997,-22.9443
risk_off_bond_equity_short,fixed_4r_2r,T3,3,0.6666666666666666,2.3684999999999996,7.105499999999998
risk_off_bond_equity_short,fixed_4r_2r,unknown,10,0.1,-6.3246400000000005,-63.2464
risk_off_bond_equity_short,hybrid_50pct_target,T1a,11,0.9090909090909091,-1.000381818181818,-11.004199999999997
risk_off_bond_equity_short,hybrid_50pct_target,T2,6,0.6666666666666666,-3.841633333333334,-23.049800000000005
risk_off_bond_equity_short,hybrid_50pct_target,T3,3,0.6666666666666666,-20.573766666666668,-61.7213
risk_off_bond_equity_short,hybrid_50pct_target,unknown,10,0.6,-64.75734,-647.5734
risk_off_bond_equity_short,ma_exit_ema9,T1a,11,0.5454545454545454,1.4402636363636363,15.842899999999998
risk_off_bond_equity_short,ma_exit_ema9,T2,6,0.6666666666666666,-0.4080000000000001,-2.4480000000000004
risk_off_bond_equity_short,ma_exit_ema9,T3,3,0.3333333333333333,-4.400633333333333,-13.2019
risk_off_bond_equity_short,ma_exit_ema9,unknown,10,0.6,-0.55471,-5.5471
risk_off_bond_equity_short,mfe_lockin_trail,T1a,11,0.5454545454545454,1.0020363636363638,11.022400000000001
risk_off_bond_equity_short,mfe_lockin_trail,T2,6,0.3333333333333333,1.1871833333333335,7.123100000000001
risk_off_bond_equity_short,mfe_lockin_trail,T3,3,0.0,-2.8691333333333335,-8.6074
risk_off_bond_equity_short,mfe_lockin_trail,unknown,10,0.2,-1.7880800000000001,-17.8808
risk_off_bond_equity_short,multi_tier_partial,T1a,11,0.6363636363636364,0.6296,6.925600000000001
risk_off_bond_equity_short,multi_tier_partial,T2,6,0.3333333333333333,1.3369,8.0214
risk_off_bond_equity_short,multi_tier_partial,T3,3,0.3333333333333333,-0.9490000000000002,-2.8470000000000004
risk_off_bond_equity_short,multi_tier_partial,unknown,10,0.4,-0.9600799999999999,-9.6008
risk_off_bond_equity_short,next_pivot_target,T1a,11,0.9090909090909091,1.1241454545454546,12.3656
risk_off_bond_equity_short,next_pivot_target,T2,6,0.6666666666666666,-1.1845999999999999,-7.1076
risk_off_bond_equity_short,next_pivot_target,T3,3,0.6666666666666666,-1.980133333333333,-5.9403999999999995
risk_off_bond_equity_short,next_pivot_target,unknown,10,0.8,0.45105000000000006,4.5105
risk_off_bond_equity_short,r_multiple_2r,T1a,11,0.5454545454545454,1.4506727272727273,15.9574
risk_off_bond_equity_short,r_multiple_2r,T2,6,0.5,6.1818333333333335,37.091
risk_off_bond_equity_short,r_multiple_2r,T3,3,0.6666666666666666,1.234333333333333,3.7029999999999994
risk_off_bond_equity_short,r_multiple_2r,unknown,10,0.3,-0.1286200000000001,-1.286200000000001
risk_off_bond_equity_short,r_multiple_3r,T1a,11,0.5454545454545454,2.4684363636363638,27.1528
risk_off_bond_equity_short,r_multiple_3r,T2,6,0.16666666666666666,-0.5634333333333336,-3.380600000000001
risk_off_bond_equity_short,r_multiple_3r,T3,3,0.6666666666666666,3.109533333333333,9.328599999999998
risk_off_bond_equity_short,r_multiple_3r,unknown,10,0.2,-0.21193999999999988,-2.119399999999999
risk_off_bond_equity_short,regime_flip,T1a,11,0.6363636363636364,0.8547272727272728,9.402000000000001
risk_off_bond_equity_short,regime_flip,T2,6,0.5,2.5634666666666663,15.380799999999997
risk_off_bond_equity_short,regime_flip,T3,3,0.3333333333333333,-30.756600000000002,-92.2698
risk_off_bond_equity_short,regime_flip,unknown,10,0.6,1.7002,17.002
risk_off_bond_equity_short,reverse_signal,T1a,11,0.5454545454545454,0.8714181818181818,9.5856
risk_off_bond_equity_short,reverse_signal,T2,6,0.3333333333333333,0.5948333333333332,3.568999999999999
risk_off_bond_equity_short,reverse_signal,T3,3,0.0,-2.8691333333333335,-8.6074
risk_off_bond_equity_short,reverse_signal,unknown,10,0.2,-1.09125,-10.912500000000001
risk_off_bond_equity_short,smc_mitigation_zone,T1a,11,0.5454545454545454,0.8714181818181818,9.5856
risk_off_bond_equity_short,smc_mitigation_zone,T2,6,0.3333333333333333,0.5948333333333332,3.568999999999999
risk_off_bond_equity_short,smc_mitigation_zone,T3,3,0.0,-2.8691333333333335,-8.6074
risk_off_bond_equity_short,smc_mitigation_zone,unknown,10,0.2,-1.09125,-10.912500000000001
risk_off_bond_equity_short,time_stop_10d,T1a,11,0.6363636363636364,2.6621181818181814,29.283299999999997
risk_off_bond_equity_short,time_stop_10d,T2,6,0.5,0.8296333333333337,4.977800000000002
risk_off_bond_equity_short,time_stop_10d,T3,3,0.0,-25.092033333333333,-75.2761
risk_off_bond_equity_short,time_stop_10d,unknown,10,0.2,0.3413500000000006,3.413500000000006
risk_off_bond_equity_short,time_stop_20d,T1a,11,0.6363636363636364,0.8547272727272728,9.402000000000001
risk_off_bond_equity_short,time_stop_20d,T2,6,0.5,2.5634666666666663,15.380799999999997
risk_off_bond_equity_short,time_stop_20d,T3,3,0.3333333333333333,-30.756600000000002,-92.2698
risk_off_bond_equity_short,time_stop_20d,unknown,10,0.6,1.7002,17.002
risk_off_bond_equity_short,trailing_10pct,T1a,11,0.36363636363636365,-1.6653363636363636,-18.3187
risk_off_bond_equity_short,trailing_10pct,T2,6,0.3333333333333333,-0.9848833333333333,-5.9093
risk_off_bond_equity_short,trailing_10pct,T3,3,0.3333333333333333,-3.3005666666666666,-9.9017
risk_off_bond_equity_short,trailing_10pct,unknown,10,0.2,-2.96249,-29.624899999999997
risk_off_bond_equity_short,trailing_15pct,T1a,11,0.36363636363636365,-1.516890909090909,-16.6858
risk_off_bond_equity_short,trailing_15pct,T2,6,0.3333333333333333,-2.867316666666666,-17.203899999999997
risk_off_bond_equity_short,trailing_15pct,T3,3,0.3333333333333333,-4.967233333333334,-14.9017
risk_off_bond_equity_short,trailing_15pct,unknown,10,0.3,-4.00371,-40.037099999999995
risk_off_bond_equity_short,trailing_5pct,T1a,11,0.6363636363636364,1.7414181818181818,19.1556
risk_off_bond_equity_short,trailing_5pct,T2,6,0.16666666666666666,-3.2515666666666667,-19.5094
risk_off_bond_equity_short,trailing_5pct,T3,3,0.3333333333333333,-1.6339,-4.9017
risk_off_bond_equity_short,trailing_5pct,unknown,10,0.1,-3.07357,-30.7357
roc_burst,atr_trail_1x,T1ETF,1,0.0,-2.6609,-2.6609
roc_burst,atr_trail_1x,T1a,1,0.0,-2.2173,-2.2173
roc_burst,atr_trail_1x,T1c,1,0.0,-1.0625,-1.0625
roc_burst,atr_trail_1x,T2,1,0.0,-3.0828,-3.0828
roc_burst,atr_trail_1x,T3,2,1.0,1.8465500000000001,3.6931000000000003
roc_burst,atr_trail_1x,unknown,7,0.0,-5.321857142857143,-37.253
roc_burst,atr_trail_2x,T1ETF,1,0.0,-5.3217,-5.3217
roc_burst,atr_trail_2x,T1a,1,0.0,-1.5879,-1.5879
roc_burst,atr_trail_2x,T1c,1,0.0,-6.8405,-6.8405
roc_burst,atr_trail_2x,T2,1,0.0,-6.1656,-6.1656
roc_burst,atr_trail_2x,T3,2,0.5,14.6349,29.2698
roc_burst,atr_trail_2x,unknown,7,0.2857142857142857,-5.376342857142857,-37.6344
roc_burst,atr_trail_mae_conditional,T1ETF,1,0.0,-2.6609,-2.6609
roc_burst,atr_trail_mae_conditional,T1a,1,0.0,-2.2173,-2.2173
roc_burst,atr_trail_mae_conditional,T1c,1,0.0,-1.0625,-1.0625
roc_burst,atr_trail_mae_conditional,T2,1,0.0,-3.0828,-3.0828
roc_burst,atr_trail_mae_conditional,T3,2,1.0,1.8465500000000001,3.6931000000000003
roc_burst,atr_trail_mae_conditional,unknown,7,0.0,-5.321857142857143,-37.253
roc_burst,atr_trail_vix_conditional,T1ETF,1,0.0,-2.1059,-2.1059
roc_burst,atr_trail_vix_conditional,T1a,1,0.0,-2.2173,-2.2173
roc_burst,atr_trail_vix_conditional,T1c,1,0.0,-1.0625,-1.0625
roc_burst,atr_trail_vix_conditional,T2,1,0.0,-2.3121,-2.3121
roc_burst,atr_trail_vix_conditional,T3,2,1.0,1.5238999999999998,3.0477999999999996
roc_burst,atr_trail_vix_conditional,unknown,7,0.0,-5.663614285714286,-39.6453
roc_burst,break_even_at_1r,T1ETF,1,0.0,-2.6609,-2.6609
roc_burst,break_even_at_1r,T1a,1,0.0,-2.2173,-2.2173
roc_burst,break_even_at_1r,T1c,1,0.0,0.0,0.0
roc_burst,break_even_at_1r,T2,1,0.0,-3.0828,-3.0828
roc_burst,break_even_at_1r,T3,2,1.0,1.755,3.51
roc_burst,break_even_at_1r,unknown,7,0.0,-4.459014285714286,-31.2131
roc_burst,breakeven_plus_trail,T1ETF,1,0.0,-5.3217,-5.3217
roc_burst,breakeven_plus_trail,T1a,1,0.0,0.0,0.0
roc_burst,breakeven_plus_trail,T1c,1,0.0,-11.4504,-11.4504
roc_burst,breakeven_plus_trail,T2,1,0.0,-6.1656,-6.1656
roc_burst,breakeven_plus_trail,T3,2,1.0,18.7799,37.5598
roc_burst,breakeven_plus_trail,unknown,7,0.5714285714285714,-0.840714285714286,-5.885000000000002
roc_burst,chandelier_3x,T1ETF,1,0.0,-5.1054,-5.1054
roc_burst,chandelier_3x,T1a,1,0.0,-2.9953,-2.9953
roc_burst,chandelier_3x,T1c,1,0.0,-0.448,-0.448
roc_burst,chandelier_3x,T2,1,0.0,-7.2083,-7.2083
roc_burst,chandelier_3x,T3,2,0.5,15.38055,30.7611
roc_burst,chandelier_3x,unknown,7,0.2857142857142857,-3.9570714285714286,-27.6995
roc_burst,class_time_stop,T1ETF,1,1.0,0.5482,0.5482
roc_burst,class_time_stop,T1a,1,1.0,4.2309,4.2309
roc_burst,class_time_stop,T1c,1,0.0,-21.857,-21.857
roc_burst,class_time_stop,T2,1,0.0,-10.4588,-10.4588
roc_burst,class_time_stop,T3,2,1.0,18.766949999999998,37.533899999999996
roc_burst,class_time_stop,unknown,7,0.42857142857142855,-1.1966428571428576,-8.376500000000004
roc_burst,earnings_blackout,T1ETF,1,1.0,200.4195,200.4195
roc_burst,earnings_blackout,T1a,1,0.0,-2.4201,-2.4201
roc_burst,earnings_blackout,T1c,1,0.0,-12.7896,-12.7896
roc_burst,earnings_blackout,T2,1,0.0,-0.6946,-0.6946
roc_burst,earnings_blackout,T3,2,1.0,19.6708,39.3416
roc_burst,earnings_blackout,unknown,7,0.0,-15.8536,-110.9752
roc_burst,fixed_4r_2r,T1ETF,1,0.0,-5.3217,-5.3217
roc_burst,fixed_4r_2r,T1a,1,1.0,8.8694,8.8694
roc_burst,fixed_4r_2r,T1c,1,0.0,-11.4504,-11.4504
roc_burst,fixed_4r_2r,T2,1,0.0,-6.1656,-6.1656
roc_burst,fixed_4r_2r,T3,2,0.5,12.445899999999998,24.891799999999996
roc_burst,fixed_4r_2r,unknown,7,0.0,-14.763685714285714,-103.3458
roc_burst,hybrid_50pct_target,T1ETF,1,1.0,3.9913,3.9913
roc_burst,hybrid_50pct_target,T1a,1,1.0,7.2192,7.2192
roc_burst,hybrid_50pct_target,T1c,1,0.0,-10.0,-10.0
roc_burst,hybrid_50pct_target,T2,1,0.0,-10.0,-10.0
roc_burst,hybrid_50pct_target,T3,2,0.5,7.586650000000001,15.173300000000001
roc_burst,hybrid_50pct_target,unknown,7,0.14285714285714285,-4.953028571428571,-34.6712
roc_burst,ma_exit_ema9,T1ETF,1,0.0,-2.7184,-2.7184
roc_burst,ma_exit_ema9,T1a,1,0.0,-2.4319,-2.4319
roc_burst,ma_exit_ema9,T1c,1,1.0,0.3706,0.3706
roc_burst,ma_exit_ema9,T2,1,0.0,-6.2135,-6.2135
roc_burst,ma_exit_ema9,T3,2,1.0,18.58925,37.1785
roc_burst,ma_exit_ema9,unknown,7,0.14285714285714285,-6.348071428571429,-44.4365
roc_burst,mfe_lockin_trail,T1ETF,1,0.0,-2.6609,-2.6609
roc_burst,mfe_lockin_trail,T1a,1,0.0,-2.2173,-2.2173
roc_burst,mfe_lockin_trail,T1c,1,0.0,-1.0625,-1.0625
roc_burst,mfe_lockin_trail,T2,1,0.0,-3.0828,-3.0828
roc_burst,mfe_lockin_trail,T3,2,1.0,1.8465500000000001,3.6931000000000003
roc_burst,mfe_lockin_trail,unknown,7,0.0,-5.321857142857143,-37.253
roc_burst,multi_tier_partial,T1ETF,1,0.0,-2.6609,-2.6609
roc_burst,multi_tier_partial,T1a,1,0.0,-2.2173,-2.2173
roc_burst,multi_tier_partial,T1c,1,1.0,1.9084,1.9084
roc_burst,multi_tier_partial,T2,1,0.0,-3.0828,-3.0828
roc_burst,multi_tier_partial,T3,2,1.0,5.8489,11.6978
roc_burst,multi_tier_partial,unknown,7,0.2857142857142857,-4.041785714285714,-28.2925
roc_burst,next_pivot_target,T1ETF,1,0.0,-5.3217,-5.3217
roc_burst,next_pivot_target,T1a,1,1.0,6.652,6.652
roc_burst,next_pivot_target,T1c,1,0.0,-11.4504,-11.4504
roc_burst,next_pivot_target,T2,1,0.0,-6.1656,-6.1656
roc_burst,next_pivot_target,T3,2,0.5,7.588049999999999,15.176099999999998
roc_burst,next_pivot_target,unknown,7,0.42857142857142855,-2.0186142857142855,-14.130299999999998
roc_burst,r_multiple_2r,T1ETF,1,0.0,-2.6609,-2.6609
roc_burst,r_multiple_2r,T1a,1,0.0,-2.2173,-2.2173
roc_burst,r_multiple_2r,T1c,1,0.0,-5.7252,-5.7252
roc_burst,r_multiple_2r,T2,1,0.0,-3.0828,-3.0828
roc_burst,r_multiple_2r,T3,2,1.0,16.7011,33.4022
roc_burst,r_multiple_2r,unknown,7,0.14285714285714285,-4.184628571428571,-29.2924
roc_burst,r_multiple_3r,T1ETF,1,0.0,-2.6609,-2.6609
roc_burst,r_multiple_3r,T1a,1,0.0,-2.2173,-2.2173
roc_burst,r_multiple_3r,T1c,1,0.0,-5.7252,-5.7252
roc_burst,r_multiple_3r,T2,1,0.0,-3.0828,-3.0828
roc_burst,r_multiple_3r,T3,2,0.5,11.080749999999998,22.161499999999997
roc_burst,r_multiple_3r,unknown,7,0.0,-7.591614285714286,-53.1413
roc_burst,regime_flip,T1ETF,1,1.0,5.5501,5.5501
roc_burst,regime_flip,T1a,1,1.0,0.8521,0.8521
roc_burst,regime_flip,T1c,1,0.0,-21.4162,-21.4162
roc_burst,regime_flip,T2,1,0.0,-11.532,-11.532
roc_burst,regime_flip,T3,2,0.5,12.58255,25.1651
roc_burst,regime_flip,unknown,7,0.7142857142857143,2.7687714285714287,19.3814
roc_burst,reverse_signal,T1ETF,1,0.0,-2.6609,-2.6609
roc_burst,reverse_signal,T1a,1,0.0,-2.2173,-2.2173
roc_burst,reverse_signal,T1c,1,0.0,-1.0625,-1.0625
roc_burst,reverse_signal,T2,1,0.0,-3.0828,-3.0828
roc_burst,reverse_signal,T3,2,1.0,1.8465500000000001,3.6931000000000003
roc_burst,reverse_signal,unknown,7,0.0,-5.321857142857143,-37.253
roc_burst,smc_mitigation_zone,T1ETF,1,0.0,-2.6609,-2.6609
roc_burst,smc_mitigation_zone,T1a,1,0.0,-2.2173,-2.2173
roc_burst,smc_mitigation_zone,T1c,1,0.0,-1.0625,-1.0625
roc_burst,smc_mitigation_zone,T2,1,0.0,-3.0828,-3.0828
roc_burst,smc_mitigation_zone,T3,2,1.0,1.8465500000000001,3.6931000000000003
roc_burst,smc_mitigation_zone,unknown,7,0.0,-5.321857142857143,-37.253
roc_burst,time_stop_10d,T1ETF,1,0.0,-3.2628,-3.2628
roc_burst,time_stop_10d,T1a,1,0.0,-0.4995,-0.4995
roc_burst,time_stop_10d,T1c,1,0.0,-11.4673,-11.4673
roc_burst,time_stop_10d,T2,1,0.0,-9.2324,-9.2324
roc_burst,time_stop_10d,T3,2,1.0,12.18765,24.3753
roc_burst,time_stop_10d,unknown,7,0.5714285714285714,2.3002857142857143,16.102
roc_burst,time_stop_20d,T1ETF,1,1.0,5.5501,5.5501
roc_burst,time_stop_20d,T1a,1,1.0,0.8521,0.8521
roc_burst,time_stop_20d,T1c,1,0.0,-21.4162,-21.4162
roc_burst,time_stop_20d,T2,1,0.0,-11.532,-11.532
roc_burst,time_stop_20d,T3,2,0.5,12.58255,25.1651
roc_burst,time_stop_20d,unknown,7,0.7142857142857143,2.7687714285714287,19.3814
roc_burst,trailing_10pct,T1ETF,1,0.0,-2.0651,-2.0651
roc_burst,trailing_10pct,T1a,1,1.0,7.7864,7.7864
roc_burst,trailing_10pct,T1c,1,0.0,-5.7561,-5.7561
roc_burst,trailing_10pct,T2,1,0.0,-10.0,-10.0
roc_burst,trailing_10pct,T3,2,1.0,1.755,3.51
roc_burst,trailing_10pct,unknown,7,0.0,-8.088271428571428,-56.6179
roc_burst,trailing_15pct,T1ETF,1,0.0,-7.5059,-7.5059
roc_burst,trailing_15pct,T1a,1,1.0,3.5948,3.5948
roc_burst,trailing_15pct,T1c,1,0.0,-10.9919,-10.9919
roc_burst,trailing_15pct,T2,1,0.0,-15.0,-15.0
roc_burst,trailing_15pct,T3,2,0.5,14.46825,28.9365
roc_burst,trailing_15pct,unknown,7,0.2857142857142857,-5.1975428571428575,-36.3828
roc_burst,trailing_5pct,T1ETF,1,0.0,-5.0,-5.0
roc_burst,trailing_5pct,T1a,1,0.0,-1.7277,-1.7277
roc_burst,trailing_5pct,T1c,1,0.0,-0.5204,-0.5204
roc_burst,trailing_5pct,T2,1,0.0,-5.2583,-5.2583
roc_burst,trailing_5pct,T3,2,0.0,-1.04135,-2.0827
roc_burst,trailing_5pct,unknown,7,0.0,-3.874357142857143,-27.1205
rsi_oversold,atr_trail_1x,T1a,3,0.3333333333333333,-1.3755,-4.1265
rsi_oversold,atr_trail_1x,T2,1,0.0,-12.2146,-12.2146
rsi_oversold,atr_trail_1x,unknown,5,0.0,-3.59172,-17.9586
rsi_oversold,atr_trail_2x,T1a,3,0.0,-3.577833333333333,-10.7335
rsi_oversold,atr_trail_2x,T2,1,0.0,-24.4292,-24.4292
rsi_oversold,atr_trail_2x,unknown,5,0.0,-8.32604,-41.6302
rsi_oversold,atr_trail_mae_conditional,T1a,3,0.3333333333333333,-1.3755,-4.1265
rsi_oversold,atr_trail_mae_conditional,T2,1,0.0,-12.2146,-12.2146
rsi_oversold,atr_trail_mae_conditional,unknown,5,0.0,-3.59172,-17.9586
rsi_oversold,atr_trail_vix_conditional,T1a,3,0.3333333333333333,-1.0876333333333332,-3.2628999999999997
rsi_oversold,atr_trail_vix_conditional,T2,1,0.0,-9.161,-9.161
rsi_oversold,atr_trail_vix_conditional,unknown,5,0.0,-5.70472,-28.5236
rsi_oversold,break_even_at_1r,T1a,3,0.0,-1.4476666666666667,-4.343
rsi_oversold,break_even_at_1r,T2,1,0.0,-12.2146,-12.2146
rsi_oversold,break_even_at_1r,unknown,5,0.0,-2.5862600000000002,-12.9313
rsi_oversold,breakeven_plus_trail,T1a,3,0.0,-2.8953333333333333,-8.686
rsi_oversold,breakeven_plus_trail,T2,1,0.0,-24.4292,-24.4292
rsi_oversold,breakeven_plus_trail,unknown,5,0.2,-5.37556,-26.8778
rsi_oversold,chandelier_3x,T1a,3,0.0,-1.4257333333333333,-4.2772
rsi_oversold,chandelier_3x,T2,1,0.0,-0.4009,-0.4009
rsi_oversold,chandelier_3x,unknown,5,0.0,-0.83152,-4.1576
rsi_oversold,class_time_stop,T1a,3,0.0,-7.7236666666666665,-23.171
rsi_oversold,class_time_stop,T2,1,0.0,-22.7519,-22.7519
rsi_oversold,class_time_stop,unknown,5,0.0,-4.90832,-24.5416
rsi_oversold,earnings_blackout,T1a,3,0.0,-16.376766666666665,-49.1303
rsi_oversold,earnings_blackout,T2,1,0.0,-32.8491,-32.8491
rsi_oversold,earnings_blackout,unknown,5,0.2,-21.84298,-109.2149
rsi_oversold,fixed_4r_2r,T1a,3,0.0,-4.286966666666667,-12.8609
rsi_oversold,fixed_4r_2r,T2,1,0.0,-24.4292,-24.4292
rsi_oversold,fixed_4r_2r,unknown,5,0.0,-12.052620000000001,-60.2631
rsi_oversold,hybrid_50pct_target,T1a,3,0.0,-10.0,-30.0
rsi_oversold,hybrid_50pct_target,T2,1,0.0,-10.0,-10.0
rsi_oversold,hybrid_50pct_target,unknown,5,0.2,-7.097620000000001,-35.4881
rsi_oversold,ma_exit_ema9,T1a,3,0.3333333333333333,-1.7809666666666668,-5.3429
rsi_oversold,ma_exit_ema9,T2,1,0.0,-6.7729,-6.7729
rsi_oversold,ma_exit_ema9,unknown,5,0.4,0.2306600000000003,1.1533000000000015
rsi_oversold,mfe_lockin_trail,T1a,3,0.3333333333333333,-1.3755,-4.1265
rsi_oversold,mfe_lockin_trail,T2,1,0.0,-12.2146,-12.2146
rsi_oversold,mfe_lockin_trail,unknown,5,0.0,-3.59172,-17.9586
rsi_oversold,multi_tier_partial,T1a,3,0.3333333333333333,-1.1676,-3.5028
rsi_oversold,multi_tier_partial,T2,1,0.0,-12.2146,-12.2146
rsi_oversold,multi_tier_partial,unknown,5,0.4,-1.4119000000000002,-7.059500000000001
rsi_oversold,next_pivot_target,T1a,3,0.0,-10.0,-30.0
rsi_oversold,next_pivot_target,T2,1,0.0,-10.0,-10.0
rsi_oversold,next_pivot_target,unknown,5,0.4,-2.54148,-12.7074
rsi_oversold,r_multiple_2r,T1a,3,0.0,-2.143466666666667,-6.430400000000001
rsi_oversold,r_multiple_2r,T2,1,0.0,-12.2146,-12.2146
rsi_oversold,r_multiple_2r,unknown,5,0.0,-6.02632,-30.131600000000002
rsi_oversold,r_multiple_3r,T1a,3,0.0,-2.143466666666667,-6.430400000000001
rsi_oversold,r_multiple_3r,T2,1,0.0,-12.2146,-12.2146
rsi_oversold,r_multiple_3r,unknown,5,0.0,-6.02632,-30.131600000000002
rsi_oversold,regime_flip,T1a,3,0.0,-10.887533333333332,-32.6626
rsi_oversold,regime_flip,T2,1,0.0,-29.8101,-29.8101
rsi_oversold,regime_flip,unknown,5,0.2,-8.59756,-42.9878
rsi_oversold,reverse_signal,T1a,3,0.0,-6.034633333333333,-18.1039
rsi_oversold,reverse_signal,T2,1,0.0,-6.7729,-6.7729
rsi_oversold,reverse_signal,unknown,5,0.0,-3.83326,-19.1663
rsi_oversold,smc_mitigation_zone,T1a,3,0.3333333333333333,-1.3755,-4.1265
rsi_oversold,smc_mitigation_zone,T2,1,0.0,-12.2146,-12.2146
rsi_oversold,smc_mitigation_zone,unknown,5,0.0,-3.59172,-17.9586
rsi_oversold,time_stop_10d,T1a,3,0.0,-10.9001,-32.7003
rsi_oversold,time_stop_10d,T2,1,0.0,-31.9668,-31.9668
rsi_oversold,time_stop_10d,unknown,5,0.4,-5.521960000000001,-27.609800000000003
rsi_oversold,time_stop_20d,T1a,3,0.0,-10.887533333333332,-32.6626
rsi_oversold,time_stop_20d,T2,1,0.0,-29.8101,-29.8101
rsi_oversold,time_stop_20d,unknown,5,0.2,-8.59756,-42.9878
rsi_oversold,trailing_10pct,T1a,3,0.0,-9.3385,-28.0155
rsi_oversold,trailing_10pct,T2,1,0.0,-10.0,-10.0
rsi_oversold,trailing_10pct,unknown,5,0.2,-4.82984,-24.1492
rsi_oversold,trailing_15pct,T1a,3,0.0,-14.5214,-43.5642
rsi_oversold,trailing_15pct,T2,1,0.0,-15.0,-15.0
rsi_oversold,trailing_15pct,unknown,5,0.2,-8.947759999999999,-44.7388
rsi_oversold,trailing_5pct,T1a,3,0.0,-4.301733333333334,-12.9052
rsi_oversold,trailing_5pct,T2,1,0.0,-5.0,-5.0
rsi_oversold,trailing_5pct,unknown,5,0.0,-3.26096,-16.3048
squeeze_breakout,atr_trail_1x,T1ETF,2,0.0,-3.69605,-7.3921
squeeze_breakout,atr_trail_1x,T1a,24,0.3333333333333333,-0.9781583333333335,-23.475800000000003
squeeze_breakout,atr_trail_1x,T1c,7,0.0,-2.051814285714286,-14.3627
squeeze_breakout,atr_trail_1x,T2,9,0.2222222222222222,-1.2238222222222221,-11.0144
squeeze_breakout,atr_trail_1x,T3,2,0.0,-1.6848,-3.3696
squeeze_breakout,atr_trail_1x,unknown,19,0.3157894736842105,-1.0811105263157894,-20.5411
squeeze_breakout,atr_trail_2x,T1ETF,2,1.0,15.10995,30.2199
squeeze_breakout,atr_trail_2x,T1a,24,0.20833333333333334,-1.0443291666666665,-25.063899999999997
squeeze_breakout,atr_trail_2x,T1c,7,0.2857142857142857,-2.0957428571428567,-14.670199999999998
squeeze_breakout,atr_trail_2x,T2,9,0.4444444444444444,1.9596444444444445,17.6368
squeeze_breakout,atr_trail_2x,T3,2,0.0,-12.45355,-24.9071
squeeze_breakout,atr_trail_2x,unknown,19,0.2631578947368421,-6.524010526315789,-123.9562
squeeze_breakout,atr_trail_mae_conditional,T1ETF,2,0.0,-3.69605,-7.3921
squeeze_breakout,atr_trail_mae_conditional,T1a,24,0.3333333333333333,-0.9781583333333335,-23.475800000000003
squeeze_breakout,atr_trail_mae_conditional,T1c,7,0.0,-2.051814285714286,-14.3627
squeeze_breakout,atr_trail_mae_conditional,T2,9,0.2222222222222222,-1.2238222222222221,-11.0144
squeeze_breakout,atr_trail_mae_conditional,T3,2,0.0,-1.6848,-3.3696
squeeze_breakout,atr_trail_mae_conditional,unknown,19,0.3157894736842105,-1.0811105263157894,-20.5411
squeeze_breakout,atr_trail_vix_conditional,T1ETF,2,0.0,-5.54405,-11.0881
squeeze_breakout,atr_trail_vix_conditional,T1a,24,0.3333333333333333,-1.3848541666666667,-33.2365
squeeze_breakout,atr_trail_vix_conditional,T1c,7,0.2857142857142857,-1.8755142857142857,-13.1286
squeeze_breakout,atr_trail_vix_conditional,T2,9,0.2222222222222222,-1.6206555555555555,-14.585899999999999
squeeze_breakout,atr_trail_vix_conditional,T3,2,0.0,-6.17625,-12.3525
squeeze_breakout,atr_trail_vix_conditional,unknown,19,0.21052631578947367,-5.103615789473684,-96.9687
squeeze_breakout,break_even_at_1r,T1ETF,2,0.0,-3.69605,-7.3921
squeeze_breakout,break_even_at_1r,T1a,24,0.08333333333333333,-0.7063250000000001,-16.951800000000002
squeeze_breakout,break_even_at_1r,T1c,7,0.0,-2.100257142857143,-14.7018
squeeze_breakout,break_even_at_1r,T2,9,0.3333333333333333,13.3667,120.3003
squeeze_breakout,break_even_at_1r,T3,2,0.0,-4.5230500000000005,-9.046100000000001
squeeze_breakout,break_even_at_1r,unknown,19,0.21052631578947367,-2.673394736842105,-50.7945
squeeze_breakout,breakeven_plus_trail,T1ETF,2,1.0,32.231700000000004,64.46340000000001
squeeze_breakout,breakeven_plus_trail,T1a,24,0.125,-0.8600458333333334,-20.6411
squeeze_breakout,breakeven_plus_trail,T1c,7,0.14285714285714285,-4.832314285714285,-33.8262
squeeze_breakout,breakeven_plus_trail,T2,9,0.5555555555555556,16.205033333333333,145.8453
squeeze_breakout,breakeven_plus_trail,T3,2,0.5,-2.25455,-4.5091
squeeze_breakout,breakeven_plus_trail,unknown,19,0.5263157894736842,2.8859263157894737,54.8326
squeeze_breakout,chandelier_3x,T1ETF,2,0.0,-3.9032,-7.8064
squeeze_breakout,chandelier_3x,T1a,24,0.16666666666666666,-0.1470958333333333,-3.530299999999999
squeeze_breakout,chandelier_3x,T1c,7,0.14285714285714285,-1.1005714285714288,-7.704000000000001
squeeze_breakout,chandelier_3x,T2,9,0.2222222222222222,2.6810333333333336,24.1293
squeeze_breakout,chandelier_3x,T3,2,0.0,-7.2829999999999995,-14.565999999999999
squeeze_breakout,chandelier_3x,unknown,19,0.21052631578947367,-0.4868894736842105,-9.2509
squeeze_breakout,class_time_stop,T1ETF,2,1.0,9.385000000000002,18.770000000000003
squeeze_breakout,class_time_stop,T1a,24,0.5,1.4298833333333336,34.31720000000001
squeeze_breakout,class_time_stop,T1c,7,0.5714285714285714,1.3114428571428571,9.1801
squeeze_breakout,class_time_stop,T2,9,0.4444444444444444,2.473922222222222,22.265299999999996
squeeze_breakout,class_time_stop,T3,2,0.5,6.656700000000001,13.313400000000001
squeeze_breakout,class_time_stop,unknown,19,0.47368421052631576,-4.945478947368421,-93.96409999999999
squeeze_breakout,earnings_blackout,T1ETF,2,1.0,32.231700000000004,64.46340000000001
squeeze_breakout,earnings_blackout,T1a,24,0.4583333333333333,-0.08204999999999987,-1.969199999999997
squeeze_breakout,earnings_blackout,T1c,7,0.5714285714285714,4.186514285714286,29.3056
squeeze_breakout,earnings_blackout,T2,9,0.5555555555555556,5.3198333333333325,47.878499999999995
squeeze_breakout,earnings_blackout,T3,2,0.0,-10.925550000000001,-21.851100000000002
squeeze_breakout,earnings_blackout,unknown,19,0.5789473684210527,1.3042894736842106,24.7815
squeeze_breakout,fixed_4r_2r,T1ETF,2,1.0,14.7841,29.5682
squeeze_breakout,fixed_4r_2r,T1a,24,0.2916666666666667,-0.05953333333333333,-1.4287999999999998
squeeze_breakout,fixed_4r_2r,T1c,7,0.2857142857142857,-0.7020857142857144,-4.914600000000001
squeeze_breakout,fixed_4r_2r,T2,9,0.4444444444444444,4.369422222222222,39.324799999999996
squeeze_breakout,fixed_4r_2r,T3,2,0.5,5.042949999999999,10.085899999999999
squeeze_breakout,fixed_4r_2r,unknown,19,0.21052631578947367,-7.165421052631579,-136.143
squeeze_breakout,hybrid_50pct_target,T1ETF,2,1.0,21.6599,43.3198
squeeze_breakout,hybrid_50pct_target,T1a,24,0.4583333333333333,-1.4197833333333332,-34.074799999999996
squeeze_breakout,hybrid_50pct_target,T1c,7,0.42857142857142855,-1.2818285714285713,-8.9728
squeeze_breakout,hybrid_50pct_target,T2,9,0.5555555555555556,8.551277777777777,76.9615
squeeze_breakout,hybrid_50pct_target,T3,2,0.0,-10.0,-20.0
squeeze_breakout,hybrid_50pct_target,unknown,19,0.3684210526315789,-0.7804157894736842,-14.8279
squeeze_breakout,ma_exit_ema9,T1ETF,2,0.0,-3.4396,-6.8792
squeeze_breakout,ma_exit_ema9,T1a,24,0.25,-0.5694333333333333,-13.6664
squeeze_breakout,ma_exit_ema9,T1c,7,0.14285714285714285,-1.0108000000000001,-7.075600000000001
squeeze_breakout,ma_exit_ema9,T2,9,0.3333333333333333,-0.6301333333333334,-5.671200000000001
squeeze_breakout,ma_exit_ema9,T3,2,0.5,-4.1521,-8.3042
squeeze_breakout,ma_exit_ema9,unknown,19,0.3684210526315789,-1.1227526315789473,-21.3323
squeeze_breakout,mfe_lockin_trail,T1ETF,2,0.0,-3.69605,-7.3921
squeeze_breakout,mfe_lockin_trail,T1a,24,0.3333333333333333,-0.4774166666666666,-11.457999999999998
squeeze_breakout,mfe_lockin_trail,T1c,7,0.0,-2.051814285714286,-14.3627
squeeze_breakout,mfe_lockin_trail,T2,9,0.2222222222222222,-1.0398,-9.3582
squeeze_breakout,mfe_lockin_trail,T3,2,0.0,-1.6848,-3.3696
squeeze_breakout,mfe_lockin_trail,unknown,19,0.3157894736842105,-1.1203526315789474,-21.2867
squeeze_breakout,multi_tier_partial,T1ETF,2,0.0,-3.69605,-7.3921
squeeze_breakout,multi_tier_partial,T1a,24,0.3333333333333333,-0.8267375,-19.8417
squeeze_breakout,multi_tier_partial,T1c,7,0.42857142857142855,-0.6913285714285714,-4.8393
squeeze_breakout,multi_tier_partial,T2,9,0.3333333333333333,-1.1538555555555556,-10.3847
squeeze_breakout,multi_tier_partial,T3,2,0.5,1.81715,3.6343
squeeze_breakout,multi_tier_partial,unknown,19,0.47368421052631576,-0.12028947368421057,-2.2855000000000008
squeeze_breakout,next_pivot_target,T1ETF,2,1.0,0.3358,0.6716
squeeze_breakout,next_pivot_target,T1a,24,0.6666666666666666,-1.7519333333333333,-42.0464
squeeze_breakout,next_pivot_target,T1c,7,0.5714285714285714,-0.1447714285714288,-1.0134000000000016
squeeze_breakout,next_pivot_target,T2,9,0.7777777777777778,4.8598888888888885,43.739
squeeze_breakout,next_pivot_target,T3,2,1.0,1.2121499999999998,2.4242999999999997
squeeze_breakout,next_pivot_target,unknown,19,0.631578947368421,-0.6619736842105265,-12.577500000000004
squeeze_breakout,r_multiple_2r,T1ETF,2,0.0,-3.69605,-7.3921
squeeze_breakout,r_multiple_2r,T1a,24,0.2916666666666667,-0.041720833333333394,-1.0013000000000014
squeeze_breakout,r_multiple_2r,T1c,7,0.2857142857142857,-0.3209285714285716,-2.2465000000000015
squeeze_breakout,r_multiple_2r,T2,9,0.4444444444444444,1.686322222222222,15.176899999999998
squeeze_breakout,r_multiple_2r,T3,2,0.0,-12.844249999999999,-25.688499999999998
squeeze_breakout,r_multiple_2r,unknown,19,0.47368421052631576,1.818163157894737,34.545100000000005
squeeze_breakout,r_multiple_3r,T1ETF,2,0.0,-3.69605,-7.3921
squeeze_breakout,r_multiple_3r,T1a,24,0.16666666666666666,-1.2335333333333334,-29.6048
squeeze_breakout,r_multiple_3r,T1c,7,0.2857142857142857,1.0710999999999997,7.497699999999998
squeeze_breakout,r_multiple_3r,T2,9,0.4444444444444444,3.754611111111111,33.7915
squeeze_breakout,r_multiple_3r,T3,2,0.0,-12.844249999999999,-25.688499999999998
squeeze_breakout,r_multiple_3r,unknown,19,0.2631578947368421,-1.3941210526315793,-26.488300000000006
squeeze_breakout,regime_flip,T1ETF,2,1.0,7.2599,14.5198
squeeze_breakout,regime_flip,T1a,24,0.375,0.8420541666666668,20.209300000000002
squeeze_breakout,regime_flip,T1c,7,0.5714285714285714,-1.9554000000000002,-13.687800000000001
squeeze_breakout,regime_flip,T2,9,0.5555555555555556,0.5344777777777773,4.810299999999995
squeeze_breakout,regime_flip,T3,2,1.0,6.624700000000001,13.249400000000001
squeeze_breakout,regime_flip,unknown,19,0.47368421052631576,-3.7580631578947377,-71.40320000000001
squeeze_breakout,reverse_signal,T1ETF,2,0.0,-3.69605,-7.3921
squeeze_breakout,reverse_signal,T1a,24,0.3333333333333333,-0.9781583333333335,-23.475800000000003
squeeze_breakout,reverse_signal,T1c,7,0.0,-2.051814285714286,-14.3627
squeeze_breakout,reverse_signal,T2,9,0.2222222222222222,-1.2238222222222221,-11.0144
squeeze_breakout,reverse_signal,T3,2,0.0,-1.6848,-3.3696
squeeze_breakout,reverse_signal,unknown,19,0.3157894736842105,-1.0811105263157894,-20.5411
squeeze_breakout,smc_mitigation_zone,T1ETF,2,0.0,-3.69605,-7.3921
squeeze_breakout,smc_mitigation_zone,T1a,24,0.3333333333333333,-0.9781583333333335,-23.475800000000003
squeeze_breakout,smc_mitigation_zone,T1c,7,0.0,-2.051814285714286,-14.3627
squeeze_breakout,smc_mitigation_zone,T2,9,0.2222222222222222,-1.2238222222222221,-11.0144
squeeze_breakout,smc_mitigation_zone,T3,2,0.0,-1.6848,-3.3696
squeeze_breakout,smc_mitigation_zone,unknown,19,0.3157894736842105,-1.0811105263157894,-20.5411
squeeze_breakout,time_stop_10d,T1ETF,2,1.0,1.27125,2.5425
squeeze_breakout,time_stop_10d,T1a,24,0.5,-0.6406875000000001,-15.376500000000002
squeeze_breakout,time_stop_10d,T1c,7,0.2857142857142857,-3.842642857142857,-26.8985
squeeze_breakout,time_stop_10d,T2,9,0.5555555555555556,-1.1418333333333333,-10.276499999999999
squeeze_breakout,time_stop_10d,T3,2,0.5,-0.6412499999999994,-1.2824999999999989
squeeze_breakout,time_stop_10d,unknown,19,0.5263157894736842,-2.4714578947368424,-46.9577
squeeze_breakout,time_stop_20d,T1ETF,2,1.0,7.2599,14.5198
squeeze_breakout,time_stop_20d,T1a,24,0.375,0.8420541666666668,20.209300000000002
squeeze_breakout,time_stop_20d,T1c,7,0.5714285714285714,-1.9554000000000002,-13.687800000000001
squeeze_breakout,time_stop_20d,T2,9,0.5555555555555556,0.5344777777777773,4.810299999999995
squeeze_breakout,time_stop_20d,T3,2,1.0,6.624700000000001,13.249400000000001
squeeze_breakout,time_stop_20d,unknown,19,0.47368421052631576,-3.7580631578947377,-71.40320000000001
squeeze_breakout,trailing_10pct,T1ETF,2,1.0,32.231700000000004,64.46340000000001
squeeze_breakout,trailing_10pct,T1a,24,0.25,-2.9012208333333334,-69.6293
squeeze_breakout,trailing_10pct,T1c,7,0.2857142857142857,-2.9459571428571425,-20.621699999999997
squeeze_breakout,trailing_10pct,T2,9,0.5555555555555556,14.953933333333332,134.5854
squeeze_breakout,trailing_10pct,T3,2,0.0,-3.2145,-6.429
squeeze_breakout,trailing_10pct,unknown,19,0.3157894736842105,-3.37551052631579,-64.13470000000001
squeeze_breakout,trailing_15pct,T1ETF,2,1.0,32.231700000000004,64.46340000000001
squeeze_breakout,trailing_15pct,T1a,24,0.2916666666666667,-3.9304249999999996,-94.33019999999999
squeeze_breakout,trailing_15pct,T1c,7,0.42857142857142855,-4.7650999999999994,-33.3557
squeeze_breakout,trailing_15pct,T2,9,0.4444444444444444,20.23475555555556,182.11280000000002
squeeze_breakout,trailing_15pct,T3,2,0.0,-7.5532,-15.1064
squeeze_breakout,trailing_15pct,unknown,19,0.3157894736842105,-4.450473684210526,-84.559
squeeze_breakout,trailing_5pct,T1ETF,2,0.0,-5.0,-10.0
squeeze_breakout,trailing_5pct,T1a,24,0.20833333333333334,-1.1171708333333334,-26.8121
squeeze_breakout,trailing_5pct,T1c,7,0.14285714285714285,-1.7489000000000001,-12.2423
squeeze_breakout,trailing_5pct,T2,9,0.4444444444444444,-0.9986333333333334,-8.9877
squeeze_breakout,trailing_5pct,T3,2,0.5,0.28905000000000003,0.5781000000000001
squeeze_breakout,trailing_5pct,unknown,19,0.21052631578947367,-1.6526842105263158,-31.401
stochrsi_overbought_short,atr_trail_1x,T1ETF,1,0.0,-5.8899,-5.8899
stochrsi_overbought_short,atr_trail_1x,T1a,19,0.15789473684210525,-1.8524210526315787,-35.196
stochrsi_overbought_short,atr_trail_1x,T1c,7,0.2857142857142857,-0.4039428571428572,-2.8276000000000003
stochrsi_overbought_short,atr_trail_1x,T2,12,0.3333333333333333,-0.9069833333333334,-10.8838
stochrsi_overbought_short,atr_trail_1x,T3,9,0.2222222222222222,-4.573844444444444,-41.1646
stochrsi_overbought_short,atr_trail_1x,unknown,26,0.3076923076923077,-0.6969346153846154,-18.1203
stochrsi_overbought_short,atr_trail_2x,T1ETF,1,0.0,-5.8916,-5.8916
stochrsi_overbought_short,atr_trail_2x,T1a,19,0.2631578947368421,-1.1049894736842105,-20.994799999999998
stochrsi_overbought_short,atr_trail_2x,T1c,7,0.42857142857142855,3.473728571428572,24.316100000000002
stochrsi_overbought_short,atr_trail_2x,T2,12,0.3333333333333333,-0.7389583333333335,-8.867500000000001
stochrsi_overbought_short,atr_trail_2x,T3,9,0.2222222222222222,-6.760888888888889,-60.848
stochrsi_overbought_short,atr_trail_2x,unknown,26,0.4230769230769231,-0.0698884615384614,-1.8170999999999964
stochrsi_overbought_short,atr_trail_mae_conditional,T1ETF,1,0.0,-5.8899,-5.8899
stochrsi_overbought_short,atr_trail_mae_conditional,T1a,19,0.15789473684210525,-1.8524210526315787,-35.196
stochrsi_overbought_short,atr_trail_mae_conditional,T1c,7,0.2857142857142857,-0.4039428571428572,-2.8276000000000003
stochrsi_overbought_short,atr_trail_mae_conditional,T2,12,0.3333333333333333,-0.9069833333333334,-10.8838
stochrsi_overbought_short,atr_trail_mae_conditional,T3,9,0.2222222222222222,-4.573844444444444,-41.1646
stochrsi_overbought_short,atr_trail_mae_conditional,unknown,26,0.3076923076923077,-0.6969346153846154,-18.1203
stochrsi_overbought_short,atr_trail_vix_conditional,T1ETF,1,0.0,-5.8899,-5.8899
stochrsi_overbought_short,atr_trail_vix_conditional,T1a,19,0.10526315789473684,-1.6819105263157894,-31.9563
stochrsi_overbought_short,atr_trail_vix_conditional,T1c,7,0.2857142857142857,2.4451857142857145,17.116300000000003
stochrsi_overbought_short,atr_trail_vix_conditional,T2,12,0.16666666666666666,-1.8295583333333336,-21.954700000000003
stochrsi_overbought_short,atr_trail_vix_conditional,T3,9,0.1111111111111111,-5.3658222222222225,-48.2924
stochrsi_overbought_short,atr_trail_vix_conditional,unknown,26,0.3076923076923077,-1.2698423076923078,-33.0159
stochrsi_overbought_short,break_even_at_1r,T1ETF,1,0.0,-5.8899,-5.8899
stochrsi_overbought_short,break_even_at_1r,T1a,19,0.0,-2.1853210526315787,-41.5211
stochrsi_overbought_short,break_even_at_1r,T1c,7,0.14285714285714285,2.1829714285714283,15.2808
stochrsi_overbought_short,break_even_at_1r,T2,12,0.16666666666666666,-0.5296,-6.3552
stochrsi_overbought_short,break_even_at_1r,T3,9,0.2222222222222222,-3.885288888888889,-34.9676
stochrsi_overbought_short,break_even_at_1r,unknown,26,0.23076923076923078,-0.40024615384615375,-10.406399999999998
stochrsi_overbought_short,breakeven_plus_trail,T1ETF,1,0.0,-5.8916,-5.8916
stochrsi_overbought_short,breakeven_plus_trail,T1a,19,0.21052631578947367,1.2228368421052629,23.233899999999995
stochrsi_overbought_short,breakeven_plus_trail,T1c,7,0.2857142857142857,4.578228571428572,32.0476
stochrsi_overbought_short,breakeven_plus_trail,T2,12,0.25,-0.22169166666666693,-2.660300000000003
stochrsi_overbought_short,breakeven_plus_trail,T3,9,0.3333333333333333,-4.298444444444445,-38.686
stochrsi_overbought_short,breakeven_plus_trail,unknown,26,0.5,1.9842076923076926,51.589400000000005
stochrsi_overbought_short,chandelier_3x,T1ETF,1,0.0,-0.0446,-0.0446
stochrsi_overbought_short,chandelier_3x,T1a,19,0.0,-0.1585736842105263,-3.0129
stochrsi_overbought_short,chandelier_3x,T1c,7,0.0,-0.4229428571428572,-2.9606000000000003
stochrsi_overbought_short,chandelier_3x,T2,12,0.0,-0.17565833333333333,-2.1079
stochrsi_overbought_short,chandelier_3x,T3,9,0.0,-2.2538333333333336,-20.2845
stochrsi_overbought_short,chandelier_3x,unknown,26,0.038461538461538464,-0.2583884615384615,-6.7181
stochrsi_overbought_short,class_time_stop,T1ETF,1,0.0,-12.2638,-12.2638
stochrsi_overbought_short,class_time_stop,T1a,19,0.47368421052631576,-0.9595315789473683,-18.231099999999998
stochrsi_overbought_short,class_time_stop,T1c,7,0.5714285714285714,4.083614285714285,28.585299999999997
stochrsi_overbought_short,class_time_stop,T2,12,0.6666666666666666,1.7728083333333338,21.273700000000005
stochrsi_overbought_short,class_time_stop,T3,9,0.2222222222222222,-9.695855555555555,-87.2627
stochrsi_overbought_short,class_time_stop,unknown,26,0.4230769230769231,-3.442130769230769,-89.49539999999999
stochrsi_overbought_short,earnings_blackout,T1ETF,1,0.0,-159.3348,-159.3348
stochrsi_overbought_short,earnings_blackout,T1a,19,0.42105263157894735,-0.16598421052631582,-3.1537000000000006
stochrsi_overbought_short,earnings_blackout,T1c,7,0.2857142857142857,-4.237985714285714,-29.6659
stochrsi_overbought_short,earnings_blackout,T2,12,0.5,-0.6403750000000005,-7.684500000000005
stochrsi_overbought_short,earnings_blackout,T3,9,0.3333333333333333,-19.244477777777778,-173.2003
stochrsi_overbought_short,earnings_blackout,unknown,26,0.34615384615384615,-12.909803846153846,-335.6549
stochrsi_overbought_short,fixed_4r_2r,T1ETF,1,0.0,-5.8916,-5.8916
stochrsi_overbought_short,fixed_4r_2r,T1a,19,0.21052631578947367,-1.6289684210526316,-30.950400000000002
stochrsi_overbought_short,fixed_4r_2r,T1c,7,0.2857142857142857,3.5060857142857142,24.5426
stochrsi_overbought_short,fixed_4r_2r,T2,12,0.4166666666666667,-1.460625,-17.5275
stochrsi_overbought_short,fixed_4r_2r,T3,9,0.2222222222222222,-5.722322222222221,-51.500899999999994
stochrsi_overbought_short,fixed_4r_2r,unknown,26,0.34615384615384615,0.22071538461538454,5.738599999999998
stochrsi_overbought_short,hybrid_50pct_target,T1ETF,1,1.0,5.6624,5.6624
stochrsi_overbought_short,hybrid_50pct_target,T1a,19,0.8421052631578947,-15.31178947368421,-290.924
stochrsi_overbought_short,hybrid_50pct_target,T1c,7,0.8571428571428571,3.671657142857143,25.701600000000003
stochrsi_overbought_short,hybrid_50pct_target,T2,12,0.8333333333333334,3.4571,41.4852
stochrsi_overbought_short,hybrid_50pct_target,T3,9,0.4444444444444444,-39.94264444444444,-359.4838
stochrsi_overbought_short,hybrid_50pct_target,unknown,26,0.7307692307692307,-18.442234615384614,-479.49809999999997
stochrsi_overbought_short,ma_exit_ema9,T1ETF,1,0.0,-2.042,-2.042
stochrsi_overbought_short,ma_exit_ema9,T1a,19,0.2631578947368421,-0.8651315789473685,-16.4375
stochrsi_overbought_short,ma_exit_ema9,T1c,7,0.2857142857142857,-0.9123571428571429,-6.3865
stochrsi_overbought_short,ma_exit_ema9,T2,12,0.4166666666666667,1.4035916666666666,16.8431
stochrsi_overbought_short,ma_exit_ema9,T3,9,0.1111111111111111,-3.0972222222222223,-27.875
stochrsi_overbought_short,ma_exit_ema9,unknown,26,0.5,0.009815384615384627,0.2552000000000003
stochrsi_overbought_short,mfe_lockin_trail,T1ETF,1,0.0,-5.8899,-5.8899
stochrsi_overbought_short,mfe_lockin_trail,T1a,19,0.15789473684210525,-1.820863157894737,-34.5964
stochrsi_overbought_short,mfe_lockin_trail,T1c,7,0.2857142857142857,-0.13878571428571437,-0.9715000000000007
stochrsi_overbought_short,mfe_lockin_trail,T2,12,0.3333333333333333,-0.9069833333333334,-10.8838
stochrsi_overbought_short,mfe_lockin_trail,T3,9,0.2222222222222222,-4.526644444444445,-40.7398
stochrsi_overbought_short,mfe_lockin_trail,unknown,26,0.3076923076923077,-0.9729346153846153,-25.2963
stochrsi_overbought_short,multi_tier_partial,T1ETF,1,0.0,-5.8899,-5.8899
stochrsi_overbought_short,multi_tier_partial,T1a,19,0.3157894736842105,-1.5671105263157894,-29.7751
stochrsi_overbought_short,multi_tier_partial,T1c,7,0.42857142857142855,-0.20071428571428576,-1.4050000000000002
stochrsi_overbought_short,multi_tier_partial,T2,12,0.3333333333333333,-1.1017583333333334,-13.2211
stochrsi_overbought_short,multi_tier_partial,T3,9,0.3333333333333333,-4.0103333333333335,-36.093
stochrsi_overbought_short,multi_tier_partial,unknown,26,0.3076923076923077,-0.8127615384615384,-21.1318
stochrsi_overbought_short,next_pivot_target,T1ETF,1,1.0,0.4841,0.4841
stochrsi_overbought_short,next_pivot_target,T1a,19,0.8421052631578947,-0.06648421052631578,-1.2631999999999999
stochrsi_overbought_short,next_pivot_target,T1c,7,0.8571428571428571,-0.06471428571428577,-0.4530000000000004
stochrsi_overbought_short,next_pivot_target,T2,12,0.9166666666666666,0.5640083333333333,6.7681000000000004
stochrsi_overbought_short,next_pivot_target,T3,9,0.6666666666666666,-2.317033333333333,-20.853299999999997
stochrsi_overbought_short,next_pivot_target,unknown,26,0.8076923076923077,-0.1661846153846153,-4.3207999999999975
stochrsi_overbought_short,r_multiple_2r,T1ETF,1,0.0,-5.8899,-5.8899
stochrsi_overbought_short,r_multiple_2r,T1a,19,0.2631578947368421,-1.167221052631579,-22.1772
stochrsi_overbought_short,r_multiple_2r,T1c,7,0.2857142857142857,0.6963285714285714,4.8743
stochrsi_overbought_short,r_multiple_2r,T2,12,0.3333333333333333,-0.7460249999999999,-8.9523
stochrsi_overbought_short,r_multiple_2r,T3,9,0.1111111111111111,-5.737155555555556,-51.6344
stochrsi_overbought_short,r_multiple_2r,unknown,26,0.38461538461538464,0.9360384615384617,24.337000000000003
stochrsi_overbought_short,r_multiple_3r,T1ETF,1,0.0,-5.8899,-5.8899
stochrsi_overbought_short,r_multiple_3r,T1a,19,0.15789473684210525,-1.4527894736842106,-27.603
stochrsi_overbought_short,r_multiple_3r,T1c,7,0.14285714285714285,1.4427999999999999,10.099599999999999
stochrsi_overbought_short,r_multiple_3r,T2,12,0.25,-0.8809833333333333,-10.5718
stochrsi_overbought_short,r_multiple_3r,T3,9,0.0,-7.535077777777777,-67.81569999999999
stochrsi_overbought_short,r_multiple_3r,unknown,26,0.3076923076923077,1.0286038461538463,26.7437
stochrsi_overbought_short,regime_flip,T1ETF,1,0.0,-10.9127,-10.9127
stochrsi_overbought_short,regime_flip,T1a,19,0.3684210526315789,-1.5715526315789474,-29.8595
stochrsi_overbought_short,regime_flip,T1c,7,0.42857142857142855,1.4707142857142856,10.295
stochrsi_overbought_short,regime_flip,T2,12,0.75,0.43887500000000007,5.266500000000001
stochrsi_overbought_short,regime_flip,T3,9,0.2222222222222222,-11.556511111111112,-104.0086
stochrsi_overbought_short,regime_flip,unknown,26,0.5,-0.9124269230769231,-23.7231
stochrsi_overbought_short,reverse_signal,T1ETF,1,0.0,-5.8899,-5.8899
stochrsi_overbought_short,reverse_signal,T1a,19,0.15789473684210525,-1.8524210526315787,-35.196
stochrsi_overbought_short,reverse_signal,T1c,7,0.2857142857142857,-0.4039428571428572,-2.8276000000000003
stochrsi_overbought_short,reverse_signal,T2,12,0.3333333333333333,-0.9069833333333334,-10.8838
stochrsi_overbought_short,reverse_signal,T3,9,0.2222222222222222,-4.573844444444444,-41.1646
stochrsi_overbought_short,reverse_signal,unknown,26,0.3076923076923077,-0.6969346153846154,-18.1203
stochrsi_overbought_short,smc_mitigation_zone,T1ETF,1,0.0,-5.8899,-5.8899
stochrsi_overbought_short,smc_mitigation_zone,T1a,19,0.15789473684210525,-1.8524210526315787,-35.196
stochrsi_overbought_short,smc_mitigation_zone,T1c,7,0.2857142857142857,-0.4039428571428572,-2.8276000000000003
stochrsi_overbought_short,smc_mitigation_zone,T2,12,0.3333333333333333,-0.9069833333333334,-10.8838
stochrsi_overbought_short,smc_mitigation_zone,T3,9,0.2222222222222222,-4.573844444444444,-41.1646
stochrsi_overbought_short,smc_mitigation_zone,unknown,26,0.3076923076923077,-0.6969346153846154,-18.1203
stochrsi_overbought_short,time_stop_10d,T1ETF,1,0.0,-13.2919,-13.2919
stochrsi_overbought_short,time_stop_10d,T1a,19,0.47368421052631576,-0.5002473684210527,-9.5047
stochrsi_overbought_short,time_stop_10d,T1c,7,0.5714285714285714,2.929385714285715,20.505700000000004
stochrsi_overbought_short,time_stop_10d,T2,12,0.5,-7.151375000000001,-85.8165
stochrsi_overbought_short,time_stop_10d,T3,9,0.4444444444444444,-2.0141555555555555,-18.127399999999998
stochrsi_overbought_short,time_stop_10d,unknown,26,0.5769230769230769,-3.0536846153846158,-79.39580000000001
stochrsi_overbought_short,time_stop_20d,T1ETF,1,0.0,-10.9127,-10.9127
stochrsi_overbought_short,time_stop_20d,T1a,19,0.3684210526315789,-1.5715526315789474,-29.8595
stochrsi_overbought_short,time_stop_20d,T1c,7,0.42857142857142855,1.4707142857142856,10.295
stochrsi_overbought_short,time_stop_20d,T2,12,0.75,0.43887500000000007,5.266500000000001
stochrsi_overbought_short,time_stop_20d,T3,9,0.2222222222222222,-11.556511111111112,-104.0086
stochrsi_overbought_short,time_stop_20d,unknown,26,0.5,-0.9124269230769231,-23.7231
stochrsi_overbought_short,trailing_10pct,T1ETF,1,0.0,-10.0,-10.0
stochrsi_overbought_short,trailing_10pct,T1a,19,0.3157894736842105,-0.7905684210526318,-15.020800000000005
stochrsi_overbought_short,trailing_10pct,T1c,7,0.2857142857142857,1.5090857142857144,10.563600000000001
stochrsi_overbought_short,trailing_10pct,T2,12,0.5,1.522125,18.2655
stochrsi_overbought_short,trailing_10pct,T3,9,0.3333333333333333,-3.2790222222222223,-29.511200000000002
stochrsi_overbought_short,trailing_10pct,unknown,26,0.38461538461538464,-0.31400000000000006,-8.164000000000001
stochrsi_overbought_short,trailing_15pct,T1ETF,1,0.0,-15.0,-15.0
stochrsi_overbought_short,trailing_15pct,T1a,19,0.3157894736842105,-2.6129684210526314,-49.6464
stochrsi_overbought_short,trailing_15pct,T1c,7,0.42857142857142855,-0.34278571428571425,-2.3994999999999997
stochrsi_overbought_short,trailing_15pct,T2,12,0.25,-0.6672666666666668,-8.007200000000001
stochrsi_overbought_short,trailing_15pct,T3,9,0.2222222222222222,-6.915466666666667,-62.239200000000004
stochrsi_overbought_short,trailing_15pct,unknown,26,0.38461538461538464,-2.192257692307692,-56.9987
stochrsi_overbought_short,trailing_5pct,T1ETF,1,0.0,-5.8899,-5.8899
stochrsi_overbought_short,trailing_5pct,T1a,19,0.2631578947368421,-2.7364473684210524,-51.9925
stochrsi_overbought_short,trailing_5pct,T1c,7,0.2857142857142857,-2.6100142857142856,-18.2701
stochrsi_overbought_short,trailing_5pct,T2,12,0.4166666666666667,0.28717499999999996,3.4460999999999995
stochrsi_overbought_short,trailing_5pct,T3,9,0.1111111111111111,-3.8376333333333332,-34.5387
stochrsi_overbought_short,trailing_5pct,unknown,26,0.23076923076923078,-1.1809038461538461,-30.7035
stochrsi_oversold,atr_trail_1x,T1ETF,1,0.0,-1.5015,-1.5015
stochrsi_oversold,atr_trail_1x,T1a,47,0.2127659574468085,-0.7315085106382979,-34.380900000000004
stochrsi_oversold,atr_trail_1x,T1c,12,0.16666666666666666,-2.1498500000000003,-25.7982
stochrsi_oversold,atr_trail_1x,T2,38,0.18421052631578946,-1.7504526315789475,-66.5172
stochrsi_oversold,atr_trail_1x,T3,27,0.2962962962962963,4.578474074074074,123.6188
stochrsi_oversold,atr_trail_1x,unknown,98,0.2755102040816326,-2.0619071428571427,-202.0669
stochrsi_oversold,atr_trail_2x,T1ETF,1,0.0,-1.1957,-1.1957
stochrsi_oversold,atr_trail_2x,T1a,47,0.40425531914893614,-0.6031170212765958,-28.346500000000002
stochrsi_oversold,atr_trail_2x,T1c,12,0.25,-0.3506666666666665,-4.207999999999998
stochrsi_oversold,atr_trail_2x,T2,38,0.3157894736842105,-1.3956315789473681,-53.03399999999999
stochrsi_oversold,atr_trail_2x,T3,27,0.3333333333333333,4.235033333333333,114.34589999999999
stochrsi_oversold,atr_trail_2x,unknown,98,0.3163265306122449,-2.052337755102041,-201.1291
stochrsi_oversold,atr_trail_mae_conditional,T1ETF,1,0.0,-1.5015,-1.5015
stochrsi_oversold,atr_trail_mae_conditional,T1a,47,0.2127659574468085,-0.7315085106382979,-34.380900000000004
stochrsi_oversold,atr_trail_mae_conditional,T1c,12,0.16666666666666666,-2.1498500000000003,-25.7982
stochrsi_oversold,atr_trail_mae_conditional,T2,38,0.18421052631578946,-1.7504526315789475,-66.5172
stochrsi_oversold,atr_trail_mae_conditional,T3,27,0.2962962962962963,4.578474074074074,123.6188
stochrsi_oversold,atr_trail_mae_conditional,unknown,98,0.2755102040816326,-2.0619071428571427,-202.0669
stochrsi_oversold,atr_trail_vix_conditional,T1ETF,1,0.0,-2.1626,-2.1626
stochrsi_oversold,atr_trail_vix_conditional,T1a,47,0.2978723404255319,-0.19759999999999994,-9.287199999999997
stochrsi_oversold,atr_trail_vix_conditional,T1c,12,0.25,-1.9572999999999998,-23.487599999999997
stochrsi_oversold,atr_trail_vix_conditional,T2,38,0.18421052631578946,-1.48985,-56.6143
stochrsi_oversold,atr_trail_vix_conditional,T3,27,0.25925925925925924,4.208796296296296,113.6375
stochrsi_oversold,atr_trail_vix_conditional,unknown,98,0.22448979591836735,-2.4855091836734693,-243.5799
stochrsi_oversold,break_even_at_1r,T1ETF,1,0.0,-0.8224,-0.8224
stochrsi_oversold,break_even_at_1r,T1a,47,0.19148936170212766,0.16182765957446815,7.605900000000004
stochrsi_oversold,break_even_at_1r,T1c,12,0.0,-2.848175,-34.1781
stochrsi_oversold,break_even_at_1r,T2,38,0.07894736842105263,-1.9596157894736843,-74.4654
stochrsi_oversold,break_even_at_1r,T3,27,0.25925925925925924,5.011299999999999,135.30509999999998
stochrsi_oversold,break_even_at_1r,unknown,98,0.17346938775510204,-1.854287755102041,-181.7202
stochrsi_oversold,breakeven_plus_trail,T1ETF,1,0.0,0.0,0.0
stochrsi_oversold,breakeven_plus_trail,T1a,47,0.3829787234042553,0.7817489361702127,36.7422
stochrsi_oversold,breakeven_plus_trail,T1c,12,0.3333333333333333,8.783591666666666,105.4031
stochrsi_oversold,breakeven_plus_trail,T2,38,0.3684210526315789,-1.581278947368421,-60.0886
stochrsi_oversold,breakeven_plus_trail,T3,27,0.5555555555555556,14.840600000000002,400.69620000000003
stochrsi_oversold,breakeven_plus_trail,unknown,98,0.47959183673469385,1.6333826530612243,160.0715
stochrsi_oversold,chandelier_3x,T1ETF,1,0.0,-0.1566,-0.1566
stochrsi_oversold,chandelier_3x,T1a,47,0.0851063829787234,0.1604723404255319,7.5422
stochrsi_oversold,chandelier_3x,T1c,12,0.0,-0.8731916666666667,-10.4783
stochrsi_oversold,chandelier_3x,T2,38,0.05263157894736842,-0.43748157894736844,-16.6243
stochrsi_oversold,chandelier_3x,T3,27,0.037037037037037035,-0.12259629629629636,-3.3101000000000016
stochrsi_oversold,chandelier_3x,unknown,98,0.05102040816326531,-0.7328928571428571,-71.8235
stochrsi_oversold,class_time_stop,T1ETF,1,0.0,-8.3593,-8.3593
stochrsi_oversold,class_time_stop,T1a,47,0.5319148936170213,1.0959,51.5073
stochrsi_oversold,class_time_stop,T1c,12,0.4166666666666667,0.9171416666666664,11.005699999999997
stochrsi_oversold,class_time_stop,T2,38,0.47368421052631576,-1.1526763157894735,-43.80169999999999
stochrsi_oversold,class_time_stop,T3,27,0.5555555555555556,13.751425925925925,371.2885
stochrsi_oversold,class_time_stop,unknown,98,0.45918367346938777,-1.9830306122448982,-194.33700000000002
stochrsi_oversold,earnings_blackout,T1ETF,1,1.0,135.134,135.134
stochrsi_oversold,earnings_blackout,T1a,47,0.5319148936170213,-0.10941276595744676,-5.142399999999998
stochrsi_oversold,earnings_blackout,T1c,12,0.5833333333333334,4.425808333333333,53.109700000000004
stochrsi_oversold,earnings_blackout,T2,38,0.3157894736842105,-4.292692105263158,-163.1223
stochrsi_oversold,earnings_blackout,T3,27,0.4074074074074074,6.555466666666667,176.9976
stochrsi_oversold,earnings_blackout,unknown,98,0.5,8.264284693877551,809.8999
stochrsi_oversold,fixed_4r_2r,T1ETF,1,0.0,-6.2612,-6.2612
stochrsi_oversold,fixed_4r_2r,T1a,47,0.3829787234042553,0.619308510638298,29.1075
stochrsi_oversold,fixed_4r_2r,T1c,12,0.3333333333333333,3.369533333333333,40.4344
stochrsi_oversold,fixed_4r_2r,T2,38,0.3157894736842105,-1.3166315789473682,-50.03199999999999
stochrsi_oversold,fixed_4r_2r,T3,27,0.37037037037037035,6.631288888888888,179.04479999999998
stochrsi_oversold,fixed_4r_2r,unknown,98,0.23469387755102042,-3.242264285714286,-317.74190000000004
stochrsi_oversold,hybrid_50pct_target,T1ETF,1,0.0,-10.0,-10.0
stochrsi_oversold,hybrid_50pct_target,T1a,47,0.6808510638297872,0.8428978723404252,39.616199999999985
stochrsi_oversold,hybrid_50pct_target,T1c,12,0.5833333333333334,-24.88655,-298.6386
stochrsi_oversold,hybrid_50pct_target,T2,38,0.5789473684210527,-31.125400000000003,-1182.7652
stochrsi_oversold,hybrid_50pct_target,T3,27,0.3333333333333333,-3.851088888888889,-103.9794
stochrsi_oversold,hybrid_50pct_target,unknown,98,0.5510204081632653,-14.035193877551022,-1375.449
stochrsi_oversold,ma_exit_ema9,T1ETF,1,0.0,-1.0887,-1.0887
stochrsi_oversold,ma_exit_ema9,T1a,47,0.44680851063829785,0.12676170212765958,5.957800000000001
stochrsi_oversold,ma_exit_ema9,T1c,12,0.5,-0.22015833333333337,-2.6419000000000006
stochrsi_oversold,ma_exit_ema9,T2,38,0.5,-0.04734210526315791,-1.7990000000000004
stochrsi_oversold,ma_exit_ema9,T3,27,0.37037037037037035,-1.3641185185185185,-36.8312
stochrsi_oversold,ma_exit_ema9,unknown,98,0.45918367346938777,-0.7289663265306122,-71.4387
stochrsi_oversold,mfe_lockin_trail,T1ETF,1,0.0,-1.5015,-1.5015
stochrsi_oversold,mfe_lockin_trail,T1a,47,0.2127659574468085,-0.7325170212765958,-34.4283
stochrsi_oversold,mfe_lockin_trail,T1c,12,0.25,-1.6061083333333332,-19.2733
stochrsi_oversold,mfe_lockin_trail,T2,38,0.18421052631578946,-1.6797684210526314,-63.831199999999995
stochrsi_oversold,mfe_lockin_trail,T3,27,0.2962962962962963,4.644748148148148,125.4082
stochrsi_oversold,mfe_lockin_trail,unknown,98,0.2755102040816326,-2.4143602040816328,-236.6073
stochrsi_oversold,multi_tier_partial,T1ETF,1,0.0,-1.5015,-1.5015
stochrsi_oversold,multi_tier_partial,T1a,47,0.425531914893617,-0.3528404255319149,-16.5835
stochrsi_oversold,multi_tier_partial,T1c,12,0.4166666666666667,-1.8256749999999997,-21.908099999999997
stochrsi_oversold,multi_tier_partial,T2,38,0.42105263157894735,-1.138763157894737,-43.273
stochrsi_oversold,multi_tier_partial,T3,27,0.4444444444444444,1.0980777777777777,29.6481
stochrsi_oversold,multi_tier_partial,unknown,98,0.37755102040816324,-1.647081632653061,-161.414
stochrsi_oversold,next_pivot_target,T1ETF,1,0.0,-6.2612,-6.2612
stochrsi_oversold,next_pivot_target,T1a,47,0.7446808510638298,0.06545106382978737,3.0762000000000063
stochrsi_oversold,next_pivot_target,T1c,12,0.6666666666666666,-2.5606416666666667,-30.7277
stochrsi_oversold,next_pivot_target,T2,38,0.7368421052631579,-0.22491842105263152,-8.546899999999997
stochrsi_oversold,next_pivot_target,T3,27,0.6666666666666666,6.226418518518518,168.11329999999998
stochrsi_oversold,next_pivot_target,unknown,98,0.7653061224489796,0.9740275510204082,95.4547
stochrsi_oversold,r_multiple_2r,T1ETF,1,0.0,-3.1306,-3.1306
stochrsi_oversold,r_multiple_2r,T1a,47,0.40425531914893614,0.9204361702127659,43.2605
stochrsi_oversold,r_multiple_2r,T1c,12,0.25,-1.2538916666666668,-15.046700000000001
stochrsi_oversold,r_multiple_2r,T2,38,0.2894736842105263,-0.581228947368421,-22.086699999999997
stochrsi_oversold,r_multiple_2r,T3,27,0.37037037037037035,6.348618518518519,171.4127
stochrsi_oversold,r_multiple_2r,unknown,98,0.2653061224489796,-1.6609132653061225,-162.7695
stochrsi_oversold,r_multiple_3r,T1ETF,1,0.0,-3.1306,-3.1306
stochrsi_oversold,r_multiple_3r,T1a,47,0.3404255319148936,1.4405191489361704,67.7044
stochrsi_oversold,r_multiple_3r,T1c,12,0.16666666666666666,1.4270250000000002,17.1243
stochrsi_oversold,r_multiple_3r,T2,38,0.23684210526315788,-0.3462947368421052,-13.159199999999998
stochrsi_oversold,r_multiple_3r,T3,27,0.25925925925925924,5.09415925925926,137.5423
stochrsi_oversold,r_multiple_3r,unknown,98,0.16326530612244897,-3.294578571428571,-322.8687
stochrsi_oversold,regime_flip,T1ETF,1,0.0,-3.6188,-3.6188
stochrsi_oversold,regime_flip,T1a,47,0.574468085106383,2.13718085106383,100.4475
stochrsi_oversold,regime_flip,T1c,12,0.4166666666666667,-0.7063666666666669,-8.476400000000003
stochrsi_oversold,regime_flip,T2,38,0.47368421052631576,-1.607392105263158,-61.0809
stochrsi_oversold,regime_flip,T3,27,0.48148148148148145,13.170962962962962,355.616
stochrsi_oversold,regime_flip,unknown,98,0.46938775510204084,-1.1786071428571427,-115.50349999999999
stochrsi_oversold,reverse_signal,T1ETF,1,0.0,-1.5015,-1.5015
stochrsi_oversold,reverse_signal,T1a,47,0.2127659574468085,-0.7315085106382979,-34.380900000000004
stochrsi_oversold,reverse_signal,T1c,12,0.16666666666666666,-2.1498500000000003,-25.7982
stochrsi_oversold,reverse_signal,T2,38,0.18421052631578946,-1.7504526315789475,-66.5172
stochrsi_oversold,reverse_signal,T3,27,0.2962962962962963,4.578474074074074,123.6188
stochrsi_oversold,reverse_signal,unknown,98,0.2755102040816326,-2.0619071428571427,-202.0669
stochrsi_oversold,smc_mitigation_zone,T1ETF,1,0.0,-1.5015,-1.5015
stochrsi_oversold,smc_mitigation_zone,T1a,47,0.2127659574468085,-0.7315085106382979,-34.380900000000004
stochrsi_oversold,smc_mitigation_zone,T1c,12,0.16666666666666666,-2.1498500000000003,-25.7982
stochrsi_oversold,smc_mitigation_zone,T2,38,0.18421052631578946,-1.7504526315789475,-66.5172
stochrsi_oversold,smc_mitigation_zone,T3,27,0.2962962962962963,4.578474074074074,123.6188
stochrsi_oversold,smc_mitigation_zone,unknown,98,0.2755102040816326,-2.0619071428571427,-202.0669
stochrsi_oversold,time_stop_10d,T1ETF,1,1.0,0.4027,0.4027
stochrsi_oversold,time_stop_10d,T1a,47,0.5319148936170213,1.0148808510638299,47.699400000000004
stochrsi_oversold,time_stop_10d,T1c,12,0.4166666666666667,-4.312825,-51.7539
stochrsi_oversold,time_stop_10d,T2,38,0.42105263157894735,-1.4767263157894737,-56.1156
stochrsi_oversold,time_stop_10d,T3,27,0.4444444444444444,11.106785185185185,299.8832
stochrsi_oversold,time_stop_10d,unknown,98,0.46938775510204084,-1.1008622448979593,-107.8845
stochrsi_oversold,time_stop_20d,T1ETF,1,0.0,-3.6188,-3.6188
stochrsi_oversold,time_stop_20d,T1a,47,0.574468085106383,2.13718085106383,100.4475
stochrsi_oversold,time_stop_20d,T1c,12,0.4166666666666667,-0.7063666666666669,-8.476400000000003
stochrsi_oversold,time_stop_20d,T2,38,0.47368421052631576,-1.607392105263158,-61.0809
stochrsi_oversold,time_stop_20d,T3,27,0.48148148148148145,13.170962962962962,355.616
stochrsi_oversold,time_stop_20d,unknown,98,0.46938775510204084,-1.1786071428571427,-115.50349999999999
stochrsi_oversold,trailing_10pct,T1ETF,1,0.0,-6.3059,-6.3059
stochrsi_oversold,trailing_10pct,T1a,47,0.3829787234042553,-0.8977531914893617,-42.1944
stochrsi_oversold,trailing_10pct,T1c,12,0.25,-0.4597500000000001,-5.517000000000001
stochrsi_oversold,trailing_10pct,T2,38,0.3157894736842105,-1.676157894736842,-63.694
stochrsi_oversold,trailing_10pct,T3,27,0.2962962962962963,4.859214814814815,131.1988
stochrsi_oversold,trailing_10pct,unknown,98,0.2755102040816326,-2.4360295918367347,-238.73090000000002
stochrsi_oversold,trailing_15pct,T1ETF,1,1.0,87.7024,87.7024
stochrsi_oversold,trailing_15pct,T1a,47,0.44680851063829785,0.8487446808510638,39.891
stochrsi_oversold,trailing_15pct,T1c,12,0.3333333333333333,4.2352,50.822399999999995
stochrsi_oversold,trailing_15pct,T2,38,0.34210526315789475,-2.2546342105263157,-85.67609999999999
stochrsi_oversold,trailing_15pct,T3,27,0.25925925925925924,5.575959259259259,150.55089999999998
stochrsi_oversold,trailing_15pct,unknown,98,0.29591836734693877,0.08179795918367352,8.016200000000005
stochrsi_oversold,trailing_5pct,T1ETF,1,0.0,-1.1007,-1.1007
stochrsi_oversold,trailing_5pct,T1a,47,0.3404255319148936,-0.9276340425531914,-43.5988
stochrsi_oversold,trailing_5pct,T1c,12,0.16666666666666666,-2.231733333333333,-26.7808
stochrsi_oversold,trailing_5pct,T2,38,0.21052631578947367,-1.1664078947368421,-44.3235
stochrsi_oversold,trailing_5pct,T3,27,0.2962962962962963,5.2010703703703705,140.4289
stochrsi_oversold,trailing_5pct,unknown,98,0.1836734693877551,-2.17929693877551,-213.5711
supertrend_macd,atr_trail_1x,T1a,38,0.2631578947368421,-1.0117842105263157,-38.4478
supertrend_macd,atr_trail_1x,T1c,9,0.0,-4.372411111111111,-39.3517
supertrend_macd,atr_trail_1x,T2,19,0.3684210526315789,-0.883442105263158,-16.785400000000003
supertrend_macd,atr_trail_1x,T3,1,1.0,3.7517,3.7517
supertrend_macd,atr_trail_1x,unknown,54,0.25925925925925924,-1.3390833333333332,-72.31049999999999
supertrend_macd,atr_trail_2x,T1a,38,0.3684210526315789,-0.49643684210526323,-18.864600000000003
supertrend_macd,atr_trail_2x,T1c,9,0.0,-6.194388888888889,-55.7495
supertrend_macd,atr_trail_2x,T2,19,0.3684210526315789,-0.981821052631579,-18.654600000000002
supertrend_macd,atr_trail_2x,T3,1,0.0,-7.745,-7.745
supertrend_macd,atr_trail_2x,unknown,54,0.4444444444444444,-0.8404018518518519,-45.3817
supertrend_macd,atr_trail_mae_conditional,T1a,38,0.2631578947368421,-1.0117842105263157,-38.4478
supertrend_macd,atr_trail_mae_conditional,T1c,9,0.0,-4.372411111111111,-39.3517
supertrend_macd,atr_trail_mae_conditional,T2,19,0.3684210526315789,-0.883442105263158,-16.785400000000003
supertrend_macd,atr_trail_mae_conditional,T3,1,1.0,3.7517,3.7517
supertrend_macd,atr_trail_mae_conditional,unknown,54,0.25925925925925924,-1.3390833333333332,-72.31049999999999
supertrend_macd,atr_trail_vix_conditional,T1a,38,0.23684210526315788,-0.3144578947368422,-11.949400000000004
supertrend_macd,atr_trail_vix_conditional,T1c,9,0.0,-4.1797555555555554,-37.6178
supertrend_macd,atr_trail_vix_conditional,T2,19,0.3157894736842105,-0.8685421052631578,-16.502299999999998
supertrend_macd,atr_trail_vix_conditional,T3,1,1.0,3.7517,3.7517
supertrend_macd,atr_trail_vix_conditional,unknown,54,0.2777777777777778,-1.1344407407407406,-61.2598
supertrend_macd,break_even_at_1r,T1a,38,0.13157894736842105,-0.9388184210526316,-35.6751
supertrend_macd,break_even_at_1r,T1c,9,0.0,-4.672588888888889,-42.0533
supertrend_macd,break_even_at_1r,T2,19,0.10526315789473684,0.7197368421052632,13.675
supertrend_macd,break_even_at_1r,T3,1,1.0,1.7817,1.7817
supertrend_macd,break_even_at_1r,unknown,54,0.16666666666666666,-0.7775129629629629,-41.985699999999994
supertrend_macd,breakeven_plus_trail,T1a,38,0.2631578947368421,2.873607894736842,109.1971
supertrend_macd,breakeven_plus_trail,T1c,9,0.0,-4.958111111111111,-44.623
supertrend_macd,breakeven_plus_trail,T2,19,0.21052631578947367,1.7316578947368424,32.901500000000006
supertrend_macd,breakeven_plus_trail,T3,1,1.0,1.7817,1.7817
supertrend_macd,breakeven_plus_trail,unknown,54,0.6111111111111112,8.19215925925926,442.3766
supertrend_macd,chandelier_3x,T1a,38,0.21052631578947367,-0.8382368421052632,-31.853
supertrend_macd,chandelier_3x,T1c,9,0.0,-5.1157111111111115,-46.0414
supertrend_macd,chandelier_3x,T2,19,0.10526315789473684,0.7796473684210526,14.8133
supertrend_macd,chandelier_3x,T3,1,0.0,-0.3709,-0.3709
supertrend_macd,chandelier_3x,unknown,54,0.3148148148148148,-1.3648740740740744,-73.70320000000001
supertrend_macd,class_time_stop,T1a,38,0.5263157894736842,1.826805263157895,69.41860000000001
supertrend_macd,class_time_stop,T1c,9,0.1111111111111111,-12.954277777777778,-116.5885
supertrend_macd,class_time_stop,T2,19,0.42105263157894735,3.3342578947368424,63.3509
supertrend_macd,class_time_stop,T3,1,0.0,-15.6212,-15.6212
supertrend_macd,class_time_stop,unknown,54,0.4444444444444444,5.2830518518518526,285.2848
supertrend_macd,earnings_blackout,T1a,38,0.5789473684210527,0.9523236842105265,36.188300000000005
supertrend_macd,earnings_blackout,T1c,9,0.0,-13.387133333333333,-120.4842
supertrend_macd,earnings_blackout,T2,19,0.47368421052631576,7.623531578947369,144.8471
supertrend_macd,earnings_blackout,T3,1,0.0,-16.9705,-16.9705
supertrend_macd,earnings_blackout,unknown,54,0.6666666666666666,23.185287037037035,1252.0055
supertrend_macd,fixed_4r_2r,T1a,38,0.3684210526315789,0.2840499999999999,10.793899999999997
supertrend_macd,fixed_4r_2r,T1c,9,0.0,-7.537611111111111,-67.8385
supertrend_macd,fixed_4r_2r,T2,19,0.3684210526315789,1.5219368421052633,28.916800000000002
supertrend_macd,fixed_4r_2r,T3,1,0.0,-18.3412,-18.3412
supertrend_macd,fixed_4r_2r,unknown,54,0.46296296296296297,5.070503703703703,273.80719999999997
supertrend_macd,hybrid_50pct_target,T1a,38,0.5526315789473685,2.395947368421053,91.046
supertrend_macd,hybrid_50pct_target,T1c,9,0.0,-10.0,-90.0
supertrend_macd,hybrid_50pct_target,T2,19,0.5789473684210527,2.5369947368421055,48.20290000000001
supertrend_macd,hybrid_50pct_target,T3,1,0.0,-10.0,-10.0
supertrend_macd,hybrid_50pct_target,unknown,54,0.5555555555555556,4.873335185185185,263.1601
supertrend_macd,ma_exit_ema9,T1a,38,0.3684210526315789,-0.008786842105263213,-0.3339000000000021
supertrend_macd,ma_exit_ema9,T1c,9,0.1111111111111111,-3.4923,-31.4307
supertrend_macd,ma_exit_ema9,T2,19,0.42105263157894735,0.6882842105263158,13.0774
supertrend_macd,ma_exit_ema9,T3,1,0.0,-2.285,-2.285
supertrend_macd,ma_exit_ema9,unknown,54,0.46296296296296297,2.580062962962963,139.3234
supertrend_macd,mfe_lockin_trail,T1a,38,0.2631578947368421,-0.7144368421052633,-27.148600000000005
supertrend_macd,mfe_lockin_trail,T1c,9,0.0,-4.372411111111111,-39.3517
supertrend_macd,mfe_lockin_trail,T2,19,0.3684210526315789,-1.1691263157894738,-22.2134
supertrend_macd,mfe_lockin_trail,T3,1,1.0,5.9991,5.9991
supertrend_macd,mfe_lockin_trail,unknown,54,0.25925925925925924,-1.3892425925925924,-75.0191
supertrend_macd,multi_tier_partial,T1a,38,0.34210526315789475,-0.9614552631578948,-36.5353
supertrend_macd,multi_tier_partial,T1c,9,0.0,-4.372411111111111,-39.3517
supertrend_macd,multi_tier_partial,T2,19,0.47368421052631576,-0.6246315789473685,-11.868000000000002
supertrend_macd,multi_tier_partial,T3,1,1.0,10.4211,10.4211
supertrend_macd,multi_tier_partial,unknown,54,0.46296296296296297,-0.5274296296296297,-28.4812
supertrend_macd,next_pivot_target,T1a,38,0.8421052631578947,0.5640184210526314,21.432699999999997
supertrend_macd,next_pivot_target,T1c,9,0.4444444444444444,-4.644455555555556,-41.8001
supertrend_macd,next_pivot_target,T2,19,0.8421052631578947,1.6890526315789474,32.092
supertrend_macd,next_pivot_target,T3,1,1.0,1.4074,1.4074
supertrend_macd,next_pivot_target,unknown,54,0.7962962962962963,2.9053407407407406,156.8884
supertrend_macd,r_multiple_2r,T1a,38,0.34210526315789475,-0.04084210526315792,-1.552000000000001
supertrend_macd,r_multiple_2r,T1c,9,0.0,-4.672588888888889,-42.0533
supertrend_macd,r_multiple_2r,T2,19,0.3684210526315789,0.16065789473684208,3.0524999999999993
supertrend_macd,r_multiple_2r,T3,1,1.0,18.3412,18.3412
supertrend_macd,r_multiple_2r,unknown,54,0.46296296296296297,2.3851981481481483,128.8007
supertrend_macd,r_multiple_3r,T1a,38,0.2894736842105263,0.3198552631578946,12.154499999999993
supertrend_macd,r_multiple_3r,T1c,9,0.0,-4.672588888888889,-42.0533
supertrend_macd,r_multiple_3r,T2,19,0.3157894736842105,1.1020052631578945,20.938099999999995
supertrend_macd,r_multiple_3r,T3,1,0.0,-9.1706,-9.1706
supertrend_macd,r_multiple_3r,unknown,54,0.37037037037037035,3.705281481481481,200.0852
supertrend_macd,regime_flip,T1a,38,0.5,0.5654710526315789,21.4879
supertrend_macd,regime_flip,T1c,9,0.1111111111111111,-11.511455555555555,-103.6031
supertrend_macd,regime_flip,T2,19,0.5263157894736842,-0.026515789473683885,-0.5037999999999938
supertrend_macd,regime_flip,T3,1,0.0,-16.9705,-16.9705
supertrend_macd,regime_flip,unknown,54,0.5370370370370371,3.2730166666666665,176.7429
supertrend_macd,reverse_signal,T1a,38,0.2631578947368421,-1.0117842105263157,-38.4478
supertrend_macd,reverse_signal,T1c,9,0.0,-4.372411111111111,-39.3517
supertrend_macd,reverse_signal,T2,19,0.3684210526315789,-0.883442105263158,-16.785400000000003
supertrend_macd,reverse_signal,T3,1,1.0,3.7517,3.7517
supertrend_macd,reverse_signal,unknown,54,0.25925925925925924,-1.3390833333333332,-72.31049999999999
supertrend_macd,smc_mitigation_zone,T1a,38,0.2631578947368421,-1.0117842105263157,-38.4478
supertrend_macd,smc_mitigation_zone,T1c,9,0.0,-4.372411111111111,-39.3517
supertrend_macd,smc_mitigation_zone,T2,19,0.3684210526315789,-0.883442105263158,-16.785400000000003
supertrend_macd,smc_mitigation_zone,T3,1,1.0,3.7517,3.7517
supertrend_macd,smc_mitigation_zone,unknown,54,0.25925925925925924,-1.3390833333333332,-72.31049999999999
supertrend_macd,time_stop_10d,T1a,38,0.5,0.4744973684210527,18.030900000000003
supertrend_macd,time_stop_10d,T1c,9,0.1111111111111111,-5.8623,-52.7607
supertrend_macd,time_stop_10d,T2,19,0.5263157894736842,0.5958631578947369,11.3214
supertrend_macd,time_stop_10d,T3,1,0.0,-0.3395,-0.3395
supertrend_macd,time_stop_10d,unknown,54,0.5185185185185185,2.266248148148148,122.3774
supertrend_macd,time_stop_20d,T1a,38,0.5,0.5654710526315789,21.4879
supertrend_macd,time_stop_20d,T1c,9,0.1111111111111111,-11.511455555555555,-103.6031
supertrend_macd,time_stop_20d,T2,19,0.5263157894736842,-0.026515789473683885,-0.5037999999999938
supertrend_macd,time_stop_20d,T3,1,0.0,-16.9705,-16.9705
supertrend_macd,time_stop_20d,unknown,54,0.5370370370370371,3.2730166666666665,176.7429
supertrend_macd,trailing_10pct,T1a,38,0.3684210526315789,2.613039473684211,99.29550000000002
supertrend_macd,trailing_10pct,T1c,9,0.0,-9.019855555555555,-81.17869999999999
supertrend_macd,trailing_10pct,T2,19,0.3157894736842105,-0.4106157894736843,-7.801700000000002
supertrend_macd,trailing_10pct,T3,1,1.0,1.7817,1.7817
supertrend_macd,trailing_10pct,unknown,54,0.4444444444444444,-0.3844796296296297,-20.761900000000004
supertrend_macd,trailing_15pct,T1a,38,0.3157894736842105,3.8539315789473685,146.4494
supertrend_macd,trailing_15pct,T1c,9,0.0,-13.34672222222222,-120.12049999999999
supertrend_macd,trailing_15pct,T2,19,0.3157894736842105,1.059415789473684,20.128899999999994
supertrend_macd,trailing_15pct,T3,1,0.0,-7.745,-7.745
supertrend_macd,trailing_15pct,unknown,54,0.3888888888888889,-0.5403462962962964,-29.178700000000006
supertrend_macd,trailing_5pct,T1a,38,0.34210526315789475,-0.519021052631579,-19.722800000000003
supertrend_macd,trailing_5pct,T1c,9,0.0,-5.1419,-46.2771
supertrend_macd,trailing_5pct,T2,19,0.2631578947368421,-1.0897263157894739,-20.704800000000002
supertrend_macd,trailing_5pct,T3,1,0.0,-5.0,-5.0
supertrend_macd,trailing_5pct,unknown,54,0.1111111111111111,-2.346798148148148,-126.7271
tema_dema,atr_trail_1x,T1a,20,0.4,0.07091999999999987,1.4183999999999974
tema_dema,atr_trail_1x,T1c,6,0.3333333333333333,-0.8517000000000002,-5.110200000000002
tema_dema,atr_trail_1x,T2,20,0.25,-0.33236,-6.6472
tema_dema,atr_trail_1x,T3,2,0.5,0.7253999999999996,1.4507999999999992
tema_dema,atr_trail_1x,unknown,37,0.1891891891891892,-3.8037810810810813,-140.7399
tema_dema,atr_trail_2x,T1a,20,0.45,3.7958950000000002,75.9179
tema_dema,atr_trail_2x,T1c,6,0.5,3.6198666666666663,21.719199999999997
tema_dema,atr_trail_2x,T2,20,0.4,2.08042,41.6084
tema_dema,atr_trail_2x,T3,2,0.5,-2.5923,-5.1846
tema_dema,atr_trail_2x,unknown,37,0.24324324324324326,-3.536656756756757,-130.8563
tema_dema,atr_trail_mae_conditional,T1a,20,0.4,0.07091999999999987,1.4183999999999974
tema_dema,atr_trail_mae_conditional,T1c,6,0.3333333333333333,-0.8517000000000002,-5.110200000000002
tema_dema,atr_trail_mae_conditional,T2,20,0.25,-0.33236,-6.6472
tema_dema,atr_trail_mae_conditional,T3,2,0.5,0.7253999999999996,1.4507999999999992
tema_dema,atr_trail_mae_conditional,unknown,37,0.1891891891891892,-3.8037810810810813,-140.7399
tema_dema,atr_trail_vix_conditional,T1a,20,0.4,2.6125,52.25
tema_dema,atr_trail_vix_conditional,T1c,6,0.3333333333333333,-2.8938500000000005,-17.363100000000003
tema_dema,atr_trail_vix_conditional,T2,20,0.25,1.757145,35.1429
tema_dema,atr_trail_vix_conditional,T3,2,0.5,1.5548499999999996,3.1096999999999992
tema_dema,atr_trail_vix_conditional,unknown,37,0.21621621621621623,-3.5018810810810814,-129.5696
tema_dema,break_even_at_1r,T1a,20,0.25,4.371435,87.42869999999999
tema_dema,break_even_at_1r,T1c,6,0.16666666666666666,-1.8694,-11.2164
tema_dema,break_even_at_1r,T2,20,0.15,-0.3064499999999999,-6.128999999999998
tema_dema,break_even_at_1r,T3,2,0.5,0.7253999999999996,1.4507999999999992
tema_dema,break_even_at_1r,unknown,37,0.13513513513513514,-3.8305783783783784,-141.7314
tema_dema,breakeven_plus_trail,T1a,20,0.4,10.998954999999999,219.9791
tema_dema,breakeven_plus_trail,T1c,6,0.5,2.718833333333334,16.313000000000002
tema_dema,breakeven_plus_trail,T2,20,0.35,4.24139,84.8278
tema_dema,breakeven_plus_trail,T3,2,0.5,14.5683,29.1366
tema_dema,breakeven_plus_trail,unknown,37,0.4594594594594595,3.7404027027027027,138.3949
tema_dema,chandelier_3x,T1a,20,0.25,5.446785,108.9357
tema_dema,chandelier_3x,T1c,6,0.16666666666666666,-4.56065,-27.363899999999997
tema_dema,chandelier_3x,T2,20,0.2,0.83571,16.714199999999998
tema_dema,chandelier_3x,T3,2,0.0,-5.0898,-10.1796
tema_dema,chandelier_3x,unknown,37,0.1891891891891892,-1.653791891891892,-61.1903
tema_dema,class_time_stop,T1a,20,0.55,6.37861,127.5722
tema_dema,class_time_stop,T1c,6,0.5,0.4102999999999997,2.4617999999999984
tema_dema,class_time_stop,T2,20,0.4,0.32806499999999994,6.561299999999999
tema_dema,class_time_stop,T3,2,1.0,33.75775,67.5155
tema_dema,class_time_stop,unknown,37,0.5405405405405406,2.6942054054054054,99.6856
tema_dema,earnings_blackout,T1a,20,0.65,1.2194749999999999,24.389499999999998
tema_dema,earnings_blackout,T1c,6,0.8333333333333334,4.512183333333334,27.073100000000004
tema_dema,earnings_blackout,T2,20,0.4,-1.773415,-35.4683
tema_dema,earnings_blackout,T3,2,1.0,7.3168500000000005,14.633700000000001
tema_dema,earnings_blackout,unknown,37,0.5675675675675675,-2.5892432432432435,-95.802
tema_dema,fixed_4r_2r,T1a,20,0.5,4.221605,84.4321
tema_dema,fixed_4r_2r,T1c,6,0.5,2.2807999999999997,13.684799999999997
tema_dema,fixed_4r_2r,T2,20,0.45,5.137925,102.7585
tema_dema,fixed_4r_2r,T3,2,0.5,3.0382500000000006,6.076500000000001
tema_dema,fixed_4r_2r,unknown,37,0.2972972972972973,-3.8356270270270265,-141.91819999999998
tema_dema,hybrid_50pct_target,T1a,20,0.75,8.869069999999999,177.38139999999999
tema_dema,hybrid_50pct_target,T1c,6,0.6666666666666666,1.6705833333333329,10.023499999999997
tema_dema,hybrid_50pct_target,T2,20,0.55,3.00404,60.080799999999996
tema_dema,hybrid_50pct_target,T3,2,1.0,19.03085,38.0617
tema_dema,hybrid_50pct_target,unknown,37,0.43243243243243246,-9.989270270270271,-369.603
tema_dema,ma_exit_ema9,T1a,20,0.35,0.877825,17.5565
tema_dema,ma_exit_ema9,T1c,6,0.5,-0.6961999999999998,-4.177199999999999
tema_dema,ma_exit_ema9,T2,20,0.3,3.57548,71.5096
tema_dema,ma_exit_ema9,T3,2,0.5,14.8662,29.7324
tema_dema,ma_exit_ema9,unknown,37,0.21621621621621623,-2.321435135135135,-85.8931
tema_dema,mfe_lockin_trail,T1a,20,0.4,-0.6451,-12.902
tema_dema,mfe_lockin_trail,T1c,6,0.3333333333333333,-0.6038666666666669,-3.623200000000001
tema_dema,mfe_lockin_trail,T2,20,0.25,-0.25939999999999996,-5.187999999999999
tema_dema,mfe_lockin_trail,T3,2,0.5,0.7253999999999996,1.4507999999999992
tema_dema,mfe_lockin_trail,unknown,37,0.1891891891891892,-3.730954054054054,-138.0453
tema_dema,multi_tier_partial,T1a,20,0.5,-0.02549999999999995,-0.509999999999999
tema_dema,multi_tier_partial,T1c,6,0.3333333333333333,-1.0430166666666667,-6.258100000000001
tema_dema,multi_tier_partial,T2,20,0.45,-0.3650849999999998,-7.301699999999997
tema_dema,multi_tier_partial,T3,2,0.5,0.4483999999999999,0.8967999999999998
tema_dema,multi_tier_partial,unknown,37,0.40540540540540543,-2.798624324324324,-103.5491
tema_dema,next_pivot_target,T1a,20,0.8,2.1317200000000005,42.63440000000001
tema_dema,next_pivot_target,T1c,6,1.0,6.9501833333333325,41.7011
tema_dema,next_pivot_target,T2,20,0.7,1.4645199999999998,29.290399999999998
tema_dema,next_pivot_target,T3,2,0.5,2.25525,4.5105
tema_dema,next_pivot_target,unknown,37,0.5945945945945946,-3.9002540540540545,-144.3094
tema_dema,r_multiple_2r,T1a,20,0.4,1.0209300000000001,20.4186
tema_dema,r_multiple_2r,T1c,6,0.3333333333333333,-1.1425666666666665,-6.8553999999999995
tema_dema,r_multiple_2r,T2,20,0.4,2.29632,45.9264
tema_dema,r_multiple_2r,T3,2,0.5,1.5191,3.0382
tema_dema,r_multiple_2r,unknown,37,0.24324324324324326,-1.9880837837837837,-73.5591
tema_dema,r_multiple_3r,T1a,20,0.35,1.98528,39.7056
tema_dema,r_multiple_3r,T1c,6,0.3333333333333333,-0.31893333333333346,-1.9136000000000006
tema_dema,r_multiple_3r,T2,20,0.35,3.2097350000000007,64.19470000000001
tema_dema,r_multiple_3r,T3,2,0.5,3.9375,7.875
tema_dema,r_multiple_3r,unknown,37,0.16216216216216217,-3.2725432432432435,-121.0841
tema_dema,regime_flip,T1a,20,0.5,2.3782400000000004,47.564800000000005
tema_dema,regime_flip,T1c,6,0.5,2.2341666666666673,13.405000000000003
tema_dema,regime_flip,T2,20,0.45,3.1699400000000004,63.39880000000001
tema_dema,regime_flip,T3,2,0.5,20.797900000000002,41.595800000000004
tema_dema,regime_flip,unknown,37,0.5135135135135135,-1.6095837837837839,-59.5546
tema_dema,reverse_signal,T1a,20,0.4,0.07091999999999987,1.4183999999999974
tema_dema,reverse_signal,T1c,6,0.3333333333333333,-0.8517000000000002,-5.110200000000002
tema_dema,reverse_signal,T2,20,0.25,-0.33236,-6.6472
tema_dema,reverse_signal,T3,2,0.5,0.7253999999999996,1.4507999999999992
tema_dema,reverse_signal,unknown,37,0.1891891891891892,-3.8037810810810813,-140.7399
tema_dema,smc_mitigation_zone,T1a,20,0.4,0.07091999999999987,1.4183999999999974
tema_dema,smc_mitigation_zone,T1c,6,0.3333333333333333,-0.8517000000000002,-5.110200000000002
tema_dema,smc_mitigation_zone,T2,20,0.25,-0.33236,-6.6472
tema_dema,smc_mitigation_zone,T3,2,0.5,0.7253999999999996,1.4507999999999992
tema_dema,smc_mitigation_zone,unknown,37,0.1891891891891892,-3.8037810810810813,-140.7399
tema_dema,time_stop_10d,T1a,20,0.6,2.504035,50.0807
tema_dema,time_stop_10d,T1c,6,0.6666666666666666,-0.14500000000000002,-0.8700000000000001
tema_dema,time_stop_10d,T2,20,0.55,2.6368099999999997,52.7362
tema_dema,time_stop_10d,T3,2,0.5,16.248749999999998,32.497499999999995
tema_dema,time_stop_10d,unknown,37,0.4864864864864865,-0.4019729729729728,-14.872999999999994
tema_dema,time_stop_20d,T1a,20,0.5,2.3782400000000004,47.564800000000005
tema_dema,time_stop_20d,T1c,6,0.5,2.2341666666666673,13.405000000000003
tema_dema,time_stop_20d,T2,20,0.45,3.1699400000000004,63.39880000000001
tema_dema,time_stop_20d,T3,2,0.5,20.797900000000002,41.595800000000004
tema_dema,time_stop_20d,unknown,37,0.5135135135135135,-1.6095837837837839,-59.5546
tema_dema,trailing_10pct,T1a,20,0.45,9.40179,188.0358
tema_dema,trailing_10pct,T1c,6,0.6666666666666666,0.3784833333333332,2.2708999999999993
tema_dema,trailing_10pct,T2,20,0.3,0.07475500000000004,1.4951000000000008
tema_dema,trailing_10pct,T3,2,0.5,-0.9568500000000002,-1.9137000000000004
tema_dema,trailing_10pct,unknown,37,0.2972972972972973,-2.58707027027027,-95.7216
tema_dema,trailing_15pct,T1a,20,0.55,11.77551,235.5102
tema_dema,trailing_15pct,T1c,6,0.3333333333333333,-2.1952833333333337,-13.171700000000001
tema_dema,trailing_15pct,T2,20,0.25,-1.6521300000000003,-33.04260000000001
tema_dema,trailing_15pct,T3,2,0.5,-3.45685,-6.9137
tema_dema,trailing_15pct,unknown,37,0.32432432432432434,-2.4302000000000006,-89.91740000000001
tema_dema,trailing_5pct,T1a,20,0.35,0.16182999999999997,3.2365999999999993
tema_dema,trailing_5pct,T1c,6,0.3333333333333333,-2.8050833333333336,-16.8305
tema_dema,trailing_5pct,T2,20,0.25,-0.763935,-15.2787
tema_dema,trailing_5pct,T3,2,0.5,1.5431499999999998,3.0862999999999996
tema_dema,trailing_5pct,unknown,37,0.08108108108108109,-3.073202702702703,-113.7085
three_white_soldiers,atr_trail_1x,T1a,28,0.25,-2.275139285714286,-63.7039
three_white_soldiers,atr_trail_1x,T1c,6,0.5,-1.6372666666666669,-9.8236
three_white_soldiers,atr_trail_1x,T2,10,0.1,-2.3047899999999997,-23.0479
three_white_soldiers,atr_trail_1x,unknown,30,0.23333333333333334,-2.0195366666666668,-60.5861
three_white_soldiers,atr_trail_2x,T1a,28,0.4642857142857143,-1.0802714285714283,-30.247599999999995
three_white_soldiers,atr_trail_2x,T1c,6,0.5,4.079883333333333,24.4793
three_white_soldiers,atr_trail_2x,T2,10,0.3,-4.41493,-44.1493
three_white_soldiers,atr_trail_2x,unknown,30,0.23333333333333334,-3.808056666666667,-114.24170000000001
three_white_soldiers,atr_trail_mae_conditional,T1a,28,0.25,-2.275139285714286,-63.7039
three_white_soldiers,atr_trail_mae_conditional,T1c,6,0.5,-1.6372666666666669,-9.8236
three_white_soldiers,atr_trail_mae_conditional,T2,10,0.1,-2.3047899999999997,-23.0479
three_white_soldiers,atr_trail_mae_conditional,unknown,30,0.23333333333333334,-2.0195366666666668,-60.5861
three_white_soldiers,atr_trail_vix_conditional,T1a,28,0.32142857142857145,-1.5608785714285713,-43.7046
three_white_soldiers,atr_trail_vix_conditional,T1c,6,0.3333333333333333,-2.02315,-12.1389
three_white_soldiers,atr_trail_vix_conditional,T2,10,0.1,-2.8792999999999997,-28.793
three_white_soldiers,atr_trail_vix_conditional,unknown,30,0.23333333333333334,-1.84311,-55.2933
three_white_soldiers,break_even_at_1r,T1a,28,0.10714285714285714,-1.2817964285714287,-35.8903
three_white_soldiers,break_even_at_1r,T1c,6,0.0,-2.032566666666667,-12.195400000000001
three_white_soldiers,break_even_at_1r,T2,10,0.0,-2.21705,-22.1705
three_white_soldiers,break_even_at_1r,unknown,30,0.1,-1.2025100000000002,-36.075300000000006
three_white_soldiers,breakeven_plus_trail,T1a,28,0.35714285714285715,2.2398142857142855,62.7148
three_white_soldiers,breakeven_plus_trail,T1c,6,0.3333333333333333,5.865983333333333,35.1959
three_white_soldiers,breakeven_plus_trail,T2,10,0.1,-3.70705,-37.0705
three_white_soldiers,breakeven_plus_trail,unknown,30,0.26666666666666666,-4.073956666666667,-122.2187
three_white_soldiers,chandelier_3x,T1a,28,0.14285714285714285,-1.2135857142857145,-33.9804
three_white_soldiers,chandelier_3x,T1c,6,0.3333333333333333,5.721049999999999,34.326299999999996
three_white_soldiers,chandelier_3x,T2,10,0.2,-1.19142,-11.9142
three_white_soldiers,chandelier_3x,unknown,30,0.16666666666666666,0.37015666666666713,11.104700000000014
three_white_soldiers,class_time_stop,T1a,28,0.5714285714285714,0.6814071428571429,19.0794
three_white_soldiers,class_time_stop,T1c,6,0.6666666666666666,0.6032333333333333,3.6193999999999997
three_white_soldiers,class_time_stop,T2,10,0.3,-3.0366500000000003,-30.366500000000002
three_white_soldiers,class_time_stop,unknown,30,0.4666666666666667,-0.8571600000000001,-25.714800000000004
three_white_soldiers,earnings_blackout,T1a,28,0.5,-2.62445,-73.4846
three_white_soldiers,earnings_blackout,T1c,6,0.5,6.7626333333333335,40.5758
three_white_soldiers,earnings_blackout,T2,10,0.6,4.3296399999999995,43.29639999999999
three_white_soldiers,earnings_blackout,unknown,30,0.4666666666666667,1.9925133333333336,59.775400000000005
three_white_soldiers,fixed_4r_2r,T1a,28,0.42857142857142855,1.6012464285714285,44.8349
three_white_soldiers,fixed_4r_2r,T1c,6,0.5,7.014733333333333,42.0884
three_white_soldiers,fixed_4r_2r,T2,10,0.3,-1.3593600000000001,-13.593600000000002
three_white_soldiers,fixed_4r_2r,unknown,30,0.3,-3.952763333333333,-118.5829
three_white_soldiers,hybrid_50pct_target,T1a,28,0.6071428571428571,0.5184642857142858,14.517000000000003
three_white_soldiers,hybrid_50pct_target,T1c,6,0.5,3.6218833333333333,21.7313
three_white_soldiers,hybrid_50pct_target,T2,10,0.5,0.03283999999999989,0.3283999999999989
three_white_soldiers,hybrid_50pct_target,unknown,30,0.36666666666666664,0.24649333333333356,7.394800000000007
three_white_soldiers,ma_exit_ema9,T1a,28,0.42857142857142855,-0.16388571428571416,-4.588799999999996
three_white_soldiers,ma_exit_ema9,T1c,6,0.5,-0.3484,-2.0904
three_white_soldiers,ma_exit_ema9,T2,10,0.2,-2.93183,-29.3183
three_white_soldiers,ma_exit_ema9,unknown,30,0.23333333333333334,-0.9978300000000001,-29.934900000000003
three_white_soldiers,mfe_lockin_trail,T1a,28,0.25,-2.1537678571428573,-60.3055
three_white_soldiers,mfe_lockin_trail,T1c,6,0.5,-1.6372666666666669,-9.8236
three_white_soldiers,mfe_lockin_trail,T2,10,0.1,-2.22345,-22.2345
three_white_soldiers,mfe_lockin_trail,unknown,30,0.23333333333333334,-1.93255,-57.9765
three_white_soldiers,multi_tier_partial,T1a,28,0.42857142857142855,-1.6250678571428572,-45.5019
three_white_soldiers,multi_tier_partial,T1c,6,0.5,-1.2534166666666668,-7.520500000000001
three_white_soldiers,multi_tier_partial,T2,10,0.5,-1.05118,-10.5118
three_white_soldiers,multi_tier_partial,unknown,30,0.43333333333333335,-1.2186,-36.558
three_white_soldiers,next_pivot_target,T1a,28,0.8214285714285714,1.3790857142857142,38.614399999999996
three_white_soldiers,next_pivot_target,T1c,6,0.8333333333333334,-0.35028333333333334,-2.1017
three_white_soldiers,next_pivot_target,T2,10,0.7,-0.70947,-7.0947000000000005
three_white_soldiers,next_pivot_target,unknown,30,0.7,0.5658399999999999,16.975199999999997
three_white_soldiers,r_multiple_2r,T1a,28,0.35714285714285715,-0.44424285714285716,-12.4388
three_white_soldiers,r_multiple_2r,T1c,6,0.5,0.3853666666666666,2.3121999999999994
three_white_soldiers,r_multiple_2r,T2,10,0.2,-2.3534300000000004,-23.5343
three_white_soldiers,r_multiple_2r,unknown,30,0.26666666666666666,-1.70264,-51.0792
three_white_soldiers,r_multiple_3r,T1a,28,0.25,-0.7648035714285715,-21.4145
three_white_soldiers,r_multiple_3r,T1c,6,0.3333333333333333,0.14721666666666663,0.8832999999999998
three_white_soldiers,r_multiple_3r,T2,10,0.1,-2.9577800000000005,-29.577800000000003
three_white_soldiers,r_multiple_3r,unknown,30,0.26666666666666666,-0.0031566666666668296,-0.09470000000000489
three_white_soldiers,regime_flip,T1a,28,0.6071428571428571,1.5195392857142858,42.5471
three_white_soldiers,regime_flip,T1c,6,0.6666666666666666,6.795400000000001,40.772400000000005
three_white_soldiers,regime_flip,T2,10,0.5,0.56403,5.6403
three_white_soldiers,regime_flip,unknown,30,0.36666666666666664,-2.2558966666666667,-67.6769
three_white_soldiers,reverse_signal,T1a,28,0.25,-2.275139285714286,-63.7039
three_white_soldiers,reverse_signal,T1c,6,0.5,-1.6372666666666669,-9.8236
three_white_soldiers,reverse_signal,T2,10,0.1,-2.3047899999999997,-23.0479
three_white_soldiers,reverse_signal,unknown,30,0.23333333333333334,-2.0195366666666668,-60.5861
three_white_soldiers,smc_mitigation_zone,T1a,28,0.25,-2.275139285714286,-63.7039
three_white_soldiers,smc_mitigation_zone,T1c,6,0.5,-1.6372666666666669,-9.8236
three_white_soldiers,smc_mitigation_zone,T2,10,0.1,-2.3047899999999997,-23.0479
three_white_soldiers,smc_mitigation_zone,unknown,30,0.23333333333333334,-2.0195366666666668,-60.5861
three_white_soldiers,time_stop_10d,T1a,28,0.5357142857142857,0.7216857142857143,20.2072
three_white_soldiers,time_stop_10d,T1c,6,0.6666666666666666,3.7442666666666664,22.4656
three_white_soldiers,time_stop_10d,T2,10,0.2,-4.94358,-49.4358
three_white_soldiers,time_stop_10d,unknown,30,0.4,-0.6562533333333337,-19.68760000000001
three_white_soldiers,time_stop_20d,T1a,28,0.6071428571428571,1.5195392857142858,42.5471
three_white_soldiers,time_stop_20d,T1c,6,0.6666666666666666,6.795400000000001,40.772400000000005
three_white_soldiers,time_stop_20d,T2,10,0.5,0.56403,5.6403
three_white_soldiers,time_stop_20d,unknown,30,0.36666666666666664,-2.2558966666666667,-67.6769
three_white_soldiers,trailing_10pct,T1a,28,0.35714285714285715,-1.3012,-36.4336
three_white_soldiers,trailing_10pct,T1c,6,0.5,8.6901,52.1406
three_white_soldiers,trailing_10pct,T2,10,0.2,-5.30181,-53.0181
three_white_soldiers,trailing_10pct,unknown,30,0.3,-0.13106333333333328,-3.931899999999999
three_white_soldiers,trailing_15pct,T1a,28,0.25,-3.4122464285714287,-95.5429
three_white_soldiers,trailing_15pct,T1c,6,0.3333333333333333,13.001483333333333,78.0089
three_white_soldiers,trailing_15pct,T2,10,0.2,5.00156,50.0156
three_white_soldiers,trailing_15pct,unknown,30,0.36666666666666664,3.3295433333333335,99.8863
three_white_soldiers,trailing_5pct,T1a,28,0.35714285714285715,-1.117357142857143,-31.286
three_white_soldiers,trailing_5pct,T1c,6,0.3333333333333333,-1.50485,-9.0291
three_white_soldiers,trailing_5pct,T2,10,0.2,-2.9872799999999997,-29.872799999999998
three_white_soldiers,trailing_5pct,unknown,30,0.2,-0.9361700000000001,-28.0851
totm_long,atr_trail_1x,T1a,2,0.0,-0.84665,-1.6933
totm_long,atr_trail_1x,T1c,1,0.0,-1.4609,-1.4609
totm_long,atr_trail_1x,unknown,2,0.5,-0.6219999999999999,-1.2439999999999998
totm_long,atr_trail_2x,T1a,2,0.5,2.0161499999999997,4.032299999999999
totm_long,atr_trail_2x,T1c,1,1.0,2.324,2.324
totm_long,atr_trail_2x,unknown,2,0.5,-0.3827499999999997,-0.7654999999999994
totm_long,atr_trail_mae_conditional,T1a,2,0.0,-0.84665,-1.6933
totm_long,atr_trail_mae_conditional,T1c,1,0.0,-1.4609,-1.4609
totm_long,atr_trail_mae_conditional,unknown,2,0.5,-0.6219999999999999,-1.2439999999999998
totm_long,atr_trail_vix_conditional,T1a,2,0.0,-1.71835,-3.4367
totm_long,atr_trail_vix_conditional,T1c,1,0.0,-0.8196,-0.8196
totm_long,atr_trail_vix_conditional,unknown,2,0.0,-8.23555,-16.4711
totm_long,break_even_at_1r,T1a,2,0.0,0.0,0.0
totm_long,break_even_at_1r,T1c,1,0.0,0.0,0.0
totm_long,break_even_at_1r,unknown,2,0.5,-2.2966499999999996,-4.593299999999999
totm_long,breakeven_plus_trail,T1a,2,0.5,-0.8744999999999998,-1.7489999999999997
totm_long,breakeven_plus_trail,T1c,1,1.0,14.2683,14.2683
totm_long,breakeven_plus_trail,unknown,2,0.5,-4.29465,-8.5893
totm_long,chandelier_3x,T1a,2,0.0,-1.1293,-2.2586
totm_long,chandelier_3x,T1c,1,0.0,-0.1897,-0.1897
totm_long,chandelier_3x,unknown,2,0.5,5.71955,11.4391
totm_long,class_time_stop,T1a,2,0.5,5.2429499999999996,10.485899999999999
totm_long,class_time_stop,T1c,1,1.0,6.2495,6.2495
totm_long,class_time_stop,unknown,2,0.5,-2.5675999999999988,-5.1351999999999975
totm_long,earnings_blackout,T1a,2,0.5,1.4572499999999997,2.9144999999999994
totm_long,earnings_blackout,T1c,1,1.0,3.6008,3.6008
totm_long,earnings_blackout,unknown,2,0.5,122.1307,244.2614
totm_long,fixed_4r_2r,T1a,2,0.5,3.0040999999999998,6.0081999999999995
totm_long,fixed_4r_2r,T1c,1,1.0,10.6468,10.6468
totm_long,fixed_4r_2r,unknown,2,0.5,-2.6387,-5.2774
totm_long,hybrid_50pct_target,T1a,2,0.5,-1.9392999999999998,-3.8785999999999996
totm_long,hybrid_50pct_target,T1c,1,1.0,11.1267,11.1267
totm_long,hybrid_50pct_target,unknown,2,0.5,0.5117000000000003,1.0234000000000005
totm_long,ma_exit_ema9,T1a,2,0.5,3.2996000000000003,6.599200000000001
totm_long,ma_exit_ema9,T1c,1,0.0,-1.0148,-1.0148
totm_long,ma_exit_ema9,unknown,2,0.5,0.4909499999999998,0.9818999999999996
totm_long,mfe_lockin_trail,T1a,2,0.0,-0.84665,-1.6933
totm_long,mfe_lockin_trail,T1c,1,0.0,-1.4609,-1.4609
totm_long,mfe_lockin_trail,unknown,2,0.5,-0.6219999999999999,-1.2439999999999998
totm_long,multi_tier_partial,T1a,2,0.5,-0.2596,-0.5192
totm_long,multi_tier_partial,T1c,1,0.0,-1.4609,-1.4609
totm_long,multi_tier_partial,unknown,2,0.5,0.5234500000000004,1.0469000000000008
totm_long,next_pivot_target,T1a,2,1.0,4.4642,8.9284
totm_long,next_pivot_target,T1c,1,1.0,7.9851,7.9851
totm_long,next_pivot_target,unknown,2,1.0,1.48105,2.9621
totm_long,r_multiple_2r,T1a,2,0.5,1.5020499999999999,3.0040999999999998
totm_long,r_multiple_2r,T1c,1,1.0,5.3234,5.3234
totm_long,r_multiple_2r,unknown,2,0.5,-4.21055,-8.4211
totm_long,r_multiple_3r,T1a,2,0.5,2.93065,5.8613
totm_long,r_multiple_3r,T1c,1,1.0,7.9851,7.9851
totm_long,r_multiple_3r,unknown,2,0.5,-0.6219999999999999,-1.2439999999999998
totm_long,regime_flip,T1a,2,0.5,1.9159000000000002,3.8318000000000003
totm_long,regime_flip,T1c,1,1.0,0.7084,0.7084
totm_long,regime_flip,unknown,2,0.5,1.2998500000000002,2.5997000000000003
totm_long,reverse_signal,T1a,2,0.0,-0.84665,-1.6933
totm_long,reverse_signal,T1c,1,0.0,-1.4609,-1.4609
totm_long,reverse_signal,unknown,2,0.5,-0.6219999999999999,-1.2439999999999998
totm_long,smc_mitigation_zone,T1a,2,0.0,-0.84665,-1.6933
totm_long,smc_mitigation_zone,T1c,1,0.0,-1.4609,-1.4609
totm_long,smc_mitigation_zone,unknown,2,0.5,-0.6219999999999999,-1.2439999999999998
totm_long,time_stop_10d,T1a,2,0.5,2.178,4.356
totm_long,time_stop_10d,T1c,1,1.0,0.7754,0.7754
totm_long,time_stop_10d,unknown,2,0.5,1.4450000000000003,2.8900000000000006
totm_long,time_stop_20d,T1a,2,0.5,1.9159000000000002,3.8318000000000003
totm_long,time_stop_20d,T1c,1,1.0,0.7084,0.7084
totm_long,time_stop_20d,unknown,2,0.5,1.2998500000000002,2.5997000000000003
totm_long,trailing_10pct,T1a,2,0.5,-2.0814999999999997,-4.162999999999999
totm_long,trailing_10pct,T1c,1,1.0,14.2683,14.2683
totm_long,trailing_10pct,unknown,2,0.5,-2.2966499999999996,-4.593299999999999
totm_long,trailing_15pct,T1a,2,0.0,-7.5214,-15.0428
totm_long,trailing_15pct,T1c,1,1.0,33.8197,33.8197
totm_long,trailing_15pct,unknown,2,0.5,-5.37865,-10.7573
totm_long,trailing_5pct,T1a,2,0.5,1.6780499999999998,3.3560999999999996
totm_long,trailing_5pct,T1c,1,1.0,0.8908,0.8908
totm_long,trailing_5pct,unknown,2,0.5,6.9022,13.8044
ultimate_oscillator,atr_trail_1x,T1a,20,0.4,-1.26396,-25.2792
ultimate_oscillator,atr_trail_1x,T1c,3,0.0,-1.4158,-4.2474
ultimate_oscillator,atr_trail_1x,T2,16,0.25,-1.49436875,-23.9099
ultimate_oscillator,atr_trail_1x,T3,14,0.14285714285714285,-4.489435714285714,-62.8521
ultimate_oscillator,atr_trail_1x,unknown,45,0.28888888888888886,-2.20592,-99.2664
ultimate_oscillator,atr_trail_2x,T1a,20,0.45,1.4988750000000002,29.977500000000003
ultimate_oscillator,atr_trail_2x,T1c,3,0.3333333333333333,9.054800000000002,27.164400000000004
ultimate_oscillator,atr_trail_2x,T2,16,0.3125,-3.3076125000000003,-52.921800000000005
ultimate_oscillator,atr_trail_2x,T3,14,0.2857142857142857,-5.635721428571428,-78.9001
ultimate_oscillator,atr_trail_2x,unknown,45,0.3333333333333333,-2.323602222222222,-104.5621
ultimate_oscillator,atr_trail_mae_conditional,T1a,20,0.4,-1.26396,-25.2792
ultimate_oscillator,atr_trail_mae_conditional,T1c,3,0.0,-1.4158,-4.2474
ultimate_oscillator,atr_trail_mae_conditional,T2,16,0.25,-1.49436875,-23.9099
ultimate_oscillator,atr_trail_mae_conditional,T3,14,0.14285714285714285,-4.489435714285714,-62.8521
ultimate_oscillator,atr_trail_mae_conditional,unknown,45,0.28888888888888886,-2.20592,-99.2664
ultimate_oscillator,atr_trail_vix_conditional,T1a,20,0.35,1.710165,34.2033
ultimate_oscillator,atr_trail_vix_conditional,T1c,3,0.3333333333333333,9.7718,29.3154
ultimate_oscillator,atr_trail_vix_conditional,T2,16,0.3125,-1.0119375000000002,-16.191000000000003
ultimate_oscillator,atr_trail_vix_conditional,T3,14,0.14285714285714285,-5.163521428571428,-72.2893
ultimate_oscillator,atr_trail_vix_conditional,unknown,45,0.37777777777777777,-1.059431111111111,-47.6744
ultimate_oscillator,break_even_at_1r,T1a,20,0.35,0.45570000000000005,9.114
ultimate_oscillator,break_even_at_1r,T1c,3,0.0,-2.4475000000000002,-7.3425
ultimate_oscillator,break_even_at_1r,T2,16,0.0625,-2.61325625,-41.8121
ultimate_oscillator,break_even_at_1r,T3,14,0.0,-4.840571428571429,-67.768
ultimate_oscillator,break_even_at_1r,unknown,45,0.17777777777777778,-1.8594688888888886,-83.67609999999999
ultimate_oscillator,breakeven_plus_trail,T1a,20,0.4,0.62727,12.5454
ultimate_oscillator,breakeven_plus_trail,T1c,3,0.3333333333333333,7.693733333333334,23.081200000000003
ultimate_oscillator,breakeven_plus_trail,T2,16,0.125,-1.7472187500000005,-27.955500000000008
ultimate_oscillator,breakeven_plus_trail,T3,14,0.35714285714285715,-3.2786499999999994,-45.90109999999999
ultimate_oscillator,breakeven_plus_trail,unknown,45,0.4444444444444444,6.988495555555556,314.4823
ultimate_oscillator,chandelier_3x,T1a,20,0.05,0.023620000000000016,0.4724000000000003
ultimate_oscillator,chandelier_3x,T1c,3,0.0,-0.22306666666666666,-0.6692
ultimate_oscillator,chandelier_3x,T2,16,0.0,-0.7631125,-12.2098
ultimate_oscillator,chandelier_3x,T3,14,0.0,-0.2961714285714286,-4.1464
ultimate_oscillator,chandelier_3x,unknown,45,0.022222222222222223,-0.3163333333333333,-14.235
ultimate_oscillator,class_time_stop,T1a,20,0.45,0.6396149999999998,12.792299999999997
ultimate_oscillator,class_time_stop,T1c,3,0.3333333333333333,-1.9888666666666666,-5.9666
ultimate_oscillator,class_time_stop,T2,16,0.5,-3.24533125,-51.9253
ultimate_oscillator,class_time_stop,T3,14,0.2857142857142857,-2.9860428571428566,-41.80459999999999
ultimate_oscillator,class_time_stop,unknown,45,0.4222222222222222,-2.19822,-98.9199
ultimate_oscillator,earnings_blackout,T1a,20,0.5,0.2604999999999997,5.209999999999994
ultimate_oscillator,earnings_blackout,T1c,3,0.3333333333333333,-7.506099999999999,-22.518299999999996
ultimate_oscillator,earnings_blackout,T2,16,0.5,3.30830625,52.9329
ultimate_oscillator,earnings_blackout,T3,14,0.42857142857142855,6.200971428571428,86.8136
ultimate_oscillator,earnings_blackout,unknown,45,0.4888888888888889,6.646373333333333,299.0868
ultimate_oscillator,fixed_4r_2r,T1a,20,0.4,1.4849450000000002,29.698900000000002
ultimate_oscillator,fixed_4r_2r,T1c,3,0.3333333333333333,-4.175333333333334,-12.526
ultimate_oscillator,fixed_4r_2r,T2,16,0.3125,3.112531249999999,49.800499999999985
ultimate_oscillator,fixed_4r_2r,T3,14,0.21428571428571427,-3.608321428571429,-50.51650000000001
ultimate_oscillator,fixed_4r_2r,unknown,45,0.3111111111111111,-0.7494355555555554,-33.724599999999995
ultimate_oscillator,hybrid_50pct_target,T1a,20,0.65,3.3826050000000003,67.6521
ultimate_oscillator,hybrid_50pct_target,T1c,3,0.3333333333333333,0.8805999999999999,2.6418
ultimate_oscillator,hybrid_50pct_target,T2,16,0.375,-7.9617375,-127.3878
ultimate_oscillator,hybrid_50pct_target,T3,14,0.2857142857142857,-3.0923285714285713,-43.2926
ultimate_oscillator,hybrid_50pct_target,unknown,45,0.4,-9.267031111111113,-417.01640000000003
ultimate_oscillator,ma_exit_ema9,T1a,20,0.4,-0.41639499999999996,-8.3279
ultimate_oscillator,ma_exit_ema9,T1c,3,0.6666666666666666,0.6651000000000001,1.9953000000000003
ultimate_oscillator,ma_exit_ema9,T2,16,0.4375,0.23656249999999995,3.7849999999999993
ultimate_oscillator,ma_exit_ema9,T3,14,0.35714285714285715,-0.08884285714285703,-1.2437999999999985
ultimate_oscillator,ma_exit_ema9,unknown,45,0.5555555555555556,0.9451422222222222,42.5314
ultimate_oscillator,mfe_lockin_trail,T1a,20,0.4,-1.150195,-23.0039
ultimate_oscillator,mfe_lockin_trail,T1c,3,0.0,-1.4158,-4.2474
ultimate_oscillator,mfe_lockin_trail,T2,16,0.25,-1.132325,-18.1172
ultimate_oscillator,mfe_lockin_trail,T3,14,0.14285714285714285,-4.489435714285714,-62.8521
ultimate_oscillator,mfe_lockin_trail,unknown,45,0.28888888888888886,-1.919782222222222,-86.3902
ultimate_oscillator,multi_tier_partial,T1a,20,0.5,-0.15421500000000007,-3.0843000000000016
ultimate_oscillator,multi_tier_partial,T1c,3,0.3333333333333333,-1.0928333333333333,-3.2785
ultimate_oscillator,multi_tier_partial,T2,16,0.4375,-0.6280249999999999,-10.048399999999999
ultimate_oscillator,multi_tier_partial,T3,14,0.35714285714285715,-3.235442857142857,-45.2962
ultimate_oscillator,multi_tier_partial,unknown,45,0.5111111111111111,-0.53764,-24.1938
ultimate_oscillator,next_pivot_target,T1a,20,0.6,-1.0823,-21.646
ultimate_oscillator,next_pivot_target,T1c,3,0.3333333333333333,-7.180366666666667,-21.5411
ultimate_oscillator,next_pivot_target,T2,16,0.625,-0.14091875000000004,-2.2547000000000006
ultimate_oscillator,next_pivot_target,T3,14,0.5,-0.9032071428571428,-12.644899999999998
ultimate_oscillator,next_pivot_target,unknown,45,0.6888888888888889,2.0095555555555555,90.43
ultimate_oscillator,r_multiple_2r,T1a,20,0.4,0.33714500000000003,6.742900000000001
ultimate_oscillator,r_multiple_2r,T1c,3,0.3333333333333333,-2.3621333333333334,-7.0864
ultimate_oscillator,r_multiple_2r,T2,16,0.1875,-0.5815999999999999,-9.305599999999998
ultimate_oscillator,r_multiple_2r,T3,14,0.2857142857142857,-2.7673071428571427,-38.7423
ultimate_oscillator,r_multiple_2r,unknown,45,0.28888888888888886,-3.5398866666666664,-159.29489999999998
ultimate_oscillator,r_multiple_3r,T1a,20,0.4,1.947335,38.9467
ultimate_oscillator,r_multiple_3r,T1c,3,0.3333333333333333,-1.4734,-4.4202
ultimate_oscillator,r_multiple_3r,T2,16,0.0625,-1.2333124999999996,-19.732999999999993
ultimate_oscillator,r_multiple_3r,T3,14,0.21428571428571427,-1.5578428571428573,-21.809800000000003
ultimate_oscillator,r_multiple_3r,unknown,45,0.13333333333333333,-5.827531111111111,-262.2389
ultimate_oscillator,regime_flip,T1a,20,0.5,0.7919250000000002,15.838500000000003
ultimate_oscillator,regime_flip,T1c,3,0.3333333333333333,-6.927766666666667,-20.7833
ultimate_oscillator,regime_flip,T2,16,0.375,-4.3067125,-68.9074
ultimate_oscillator,regime_flip,T3,14,0.42857142857142855,2.047757142857143,28.668599999999998
ultimate_oscillator,regime_flip,unknown,45,0.35555555555555557,-1.5619044444444445,-70.2857
ultimate_oscillator,reverse_signal,T1a,20,0.4,-1.26396,-25.2792
ultimate_oscillator,reverse_signal,T1c,3,0.0,-1.4158,-4.2474
ultimate_oscillator,reverse_signal,T2,16,0.25,-1.49436875,-23.9099
ultimate_oscillator,reverse_signal,T3,14,0.14285714285714285,-4.489435714285714,-62.8521
ultimate_oscillator,reverse_signal,unknown,45,0.28888888888888886,-2.20592,-99.2664
ultimate_oscillator,smc_mitigation_zone,T1a,20,0.4,-1.26396,-25.2792
ultimate_oscillator,smc_mitigation_zone,T1c,3,0.0,-1.4158,-4.2474
ultimate_oscillator,smc_mitigation_zone,T2,16,0.25,-1.49436875,-23.9099
ultimate_oscillator,smc_mitigation_zone,T3,14,0.14285714285714285,-4.489435714285714,-62.8521
ultimate_oscillator,smc_mitigation_zone,unknown,45,0.28888888888888886,-2.20592,-99.2664
ultimate_oscillator,time_stop_10d,T1a,20,0.55,0.9593449999999999,19.186899999999998
ultimate_oscillator,time_stop_10d,T1c,3,0.3333333333333333,-5.855666666666667,-17.567
ultimate_oscillator,time_stop_10d,T2,16,0.25,-0.2529,-4.0464
ultimate_oscillator,time_stop_10d,T3,14,0.35714285714285715,-3.9903857142857144,-55.8654
ultimate_oscillator,time_stop_10d,unknown,45,0.5111111111111111,1.9606644444444445,88.2299
ultimate_oscillator,time_stop_20d,T1a,20,0.5,0.7919250000000002,15.838500000000003
ultimate_oscillator,time_stop_20d,T1c,3,0.3333333333333333,-6.927766666666667,-20.7833
ultimate_oscillator,time_stop_20d,T2,16,0.375,-4.3067125,-68.9074
ultimate_oscillator,time_stop_20d,T3,14,0.42857142857142855,2.047757142857143,28.668599999999998
ultimate_oscillator,time_stop_20d,unknown,45,0.35555555555555557,-1.5619044444444445,-70.2857
ultimate_oscillator,trailing_10pct,T1a,20,0.5,0.9377600000000001,18.755200000000002
ultimate_oscillator,trailing_10pct,T1c,3,0.3333333333333333,9.785400000000001,29.3562
ultimate_oscillator,trailing_10pct,T2,16,0.125,-2.78474375,-44.5559
ultimate_oscillator,trailing_10pct,T3,14,0.21428571428571427,-3.6935285714285717,-51.7094
ultimate_oscillator,trailing_10pct,unknown,45,0.26666666666666666,-0.3657311111111112,-16.457900000000002
ultimate_oscillator,trailing_15pct,T1a,20,0.35,-0.5284849999999999,-10.569699999999997
ultimate_oscillator,trailing_15pct,T1c,3,0.3333333333333333,6.228533333333334,18.6856
ultimate_oscillator,trailing_15pct,T2,16,0.25,-2.6738937499999995,-42.78229999999999
ultimate_oscillator,trailing_15pct,T3,14,0.35714285714285715,5.478285714285714,76.696
ultimate_oscillator,trailing_15pct,unknown,45,0.37777777777777777,0.1375666666666667,6.190500000000001
ultimate_oscillator,trailing_5pct,T1a,20,0.4,-1.49744,-29.948800000000002
ultimate_oscillator,trailing_5pct,T1c,3,0.3333333333333333,9.822966666666668,29.468900000000005
ultimate_oscillator,trailing_5pct,T2,16,0.1875,-2.3125687499999996,-37.001099999999994
ultimate_oscillator,trailing_5pct,T3,14,0.21428571428571427,-2.6067285714285715,-36.4942
ultimate_oscillator,trailing_5pct,unknown,45,0.1111111111111111,-2.1562711111111112,-97.0322
vix_backwardation_long,atr_trail_1x,T1a,5,0.4,0.46698000000000006,2.3349
vix_backwardation_long,atr_trail_1x,T2,1,1.0,2.018,2.018
vix_backwardation_long,atr_trail_1x,unknown,1,0.0,-8.8506,-8.8506
vix_backwardation_long,atr_trail_2x,T1a,5,0.6,-0.6162799999999999,-3.0813999999999995
vix_backwardation_long,atr_trail_2x,T2,1,1.0,10.6701,10.6701
vix_backwardation_long,atr_trail_2x,unknown,1,0.0,-17.7011,-17.7011
vix_backwardation_long,atr_trail_mae_conditional,T1a,5,0.4,0.46698000000000006,2.3349
vix_backwardation_long,atr_trail_mae_conditional,T2,1,1.0,2.018,2.018
vix_backwardation_long,atr_trail_mae_conditional,unknown,1,0.0,-8.8506,-8.8506
vix_backwardation_long,atr_trail_vix_conditional,T1a,5,0.2,-5.7404,-28.702
vix_backwardation_long,atr_trail_vix_conditional,T2,1,1.0,9.3896,9.3896
vix_backwardation_long,atr_trail_vix_conditional,unknown,1,0.0,-14.4265,-14.4265
vix_backwardation_long,break_even_at_1r,T1a,5,0.2,-3.1526799999999997,-15.763399999999999
vix_backwardation_long,break_even_at_1r,T2,1,1.0,10.501,10.501
vix_backwardation_long,break_even_at_1r,unknown,1,0.0,-8.8506,-8.8506
vix_backwardation_long,breakeven_plus_trail,T1a,5,1.0,24.520739999999996,122.60369999999999
vix_backwardation_long,breakeven_plus_trail,T2,1,1.0,80.9863,80.9863
vix_backwardation_long,breakeven_plus_trail,unknown,1,1.0,7.2397,7.2397
vix_backwardation_long,chandelier_3x,T1a,5,0.2,-2.08028,-10.4014
vix_backwardation_long,chandelier_3x,T2,1,0.0,-0.2293,-0.2293
vix_backwardation_long,chandelier_3x,unknown,1,0.0,-2.5399,-2.5399
vix_backwardation_long,class_time_stop,T1a,5,0.8,7.232480000000001,36.162400000000005
vix_backwardation_long,class_time_stop,T2,1,1.0,72.0587,72.0587
vix_backwardation_long,class_time_stop,unknown,1,1.0,18.6438,18.6438
vix_backwardation_long,earnings_blackout,T1a,5,0.4,2.68292,13.4146
vix_backwardation_long,earnings_blackout,T2,1,1.0,35.3865,35.3865
vix_backwardation_long,earnings_blackout,unknown,1,1.0,18.9847,18.9847
vix_backwardation_long,fixed_4r_2r,T1a,5,0.6,6.55344,32.7672
vix_backwardation_long,fixed_4r_2r,T2,1,1.0,21.8511,21.8511
vix_backwardation_long,fixed_4r_2r,unknown,1,0.0,-17.7011,-17.7011
vix_backwardation_long,hybrid_50pct_target,T1a,5,0.8,7.79016,38.9508
vix_backwardation_long,hybrid_50pct_target,T2,1,1.0,13.4447,13.4447
vix_backwardation_long,hybrid_50pct_target,unknown,1,0.0,-10.0,-10.0
vix_backwardation_long,ma_exit_ema9,T1a,5,0.4,0.04883999999999986,0.2441999999999993
vix_backwardation_long,ma_exit_ema9,T2,1,0.0,-4.7382,-4.7382
vix_backwardation_long,ma_exit_ema9,unknown,1,0.0,-7.9488,-7.9488
vix_backwardation_long,mfe_lockin_trail,T1a,5,0.4,0.3372600000000001,1.6863000000000006
vix_backwardation_long,mfe_lockin_trail,T2,1,1.0,2.018,2.018
vix_backwardation_long,mfe_lockin_trail,unknown,1,0.0,-8.8506,-8.8506
vix_backwardation_long,multi_tier_partial,T1a,5,0.4,0.12012,0.6006
vix_backwardation_long,multi_tier_partial,T2,1,1.0,3.1663,3.1663
vix_backwardation_long,multi_tier_partial,unknown,1,0.0,-8.8506,-8.8506
vix_backwardation_long,next_pivot_target,T1a,5,1.0,8.46034,42.301700000000004
vix_backwardation_long,next_pivot_target,T2,1,1.0,0.0827,0.0827
vix_backwardation_long,next_pivot_target,unknown,1,0.0,-14.4265,-14.4265
vix_backwardation_long,r_multiple_2r,T1a,5,0.4,0.7576799999999999,3.7883999999999998
vix_backwardation_long,r_multiple_2r,T2,1,1.0,10.9256,10.9256
vix_backwardation_long,r_multiple_2r,unknown,1,0.0,-8.8506,-8.8506
vix_backwardation_long,r_multiple_3r,T1a,5,0.4,2.5728400000000002,12.8642
vix_backwardation_long,r_multiple_3r,T2,1,1.0,16.3883,16.3883
vix_backwardation_long,r_multiple_3r,unknown,1,0.0,-8.8506,-8.8506
vix_backwardation_long,regime_flip,T1a,5,0.6,6.62432,33.1216
vix_backwardation_long,regime_flip,T2,1,1.0,25.5443,25.5443
vix_backwardation_long,regime_flip,unknown,1,1.0,16.7687,16.7687
vix_backwardation_long,reverse_signal,T1a,5,0.4,0.46698000000000006,2.3349
vix_backwardation_long,reverse_signal,T2,1,1.0,2.018,2.018
vix_backwardation_long,reverse_signal,unknown,1,0.0,-8.8506,-8.8506
vix_backwardation_long,smc_mitigation_zone,T1a,5,0.4,0.46698000000000006,2.3349
vix_backwardation_long,smc_mitigation_zone,T2,1,1.0,2.018,2.018
vix_backwardation_long,smc_mitigation_zone,unknown,1,0.0,-8.8506,-8.8506
vix_backwardation_long,time_stop_10d,T1a,5,0.6,1.51228,7.5614
vix_backwardation_long,time_stop_10d,T2,1,1.0,21.2158,21.2158
vix_backwardation_long,time_stop_10d,unknown,1,0.0,-4.1986,-4.1986
vix_backwardation_long,time_stop_20d,T1a,5,0.6,6.62432,33.1216
vix_backwardation_long,time_stop_20d,T2,1,1.0,25.5443,25.5443
vix_backwardation_long,time_stop_20d,unknown,1,1.0,16.7687,16.7687
vix_backwardation_long,trailing_10pct,T1a,5,0.4,0.4470200000000002,2.235100000000001
vix_backwardation_long,trailing_10pct,T2,1,1.0,10.501,10.501
vix_backwardation_long,trailing_10pct,unknown,1,0.0,-14.4265,-14.4265
vix_backwardation_long,trailing_15pct,T1a,5,0.8,25.52732,127.6366
vix_backwardation_long,trailing_15pct,T2,1,1.0,70.9315,70.9315
vix_backwardation_long,trailing_15pct,unknown,1,0.0,-15.0,-15.0
vix_backwardation_long,trailing_5pct,T1a,5,0.4,1.5326600000000004,7.663300000000001
vix_backwardation_long,trailing_5pct,T2,1,0.0,-5.0,-5.0
vix_backwardation_long,trailing_5pct,unknown,1,0.0,-5.0,-5.0
williams_r_oversold,atr_trail_1x,T1ETF,3,0.3333333333333333,2.524066666666667,7.572200000000001
williams_r_oversold,atr_trail_1x,T1a,39,0.28205128205128205,-1.1097564102564101,-43.280499999999996
williams_r_oversold,atr_trail_1x,T1c,11,0.09090909090909091,-2.0581181818181817,-22.6393
williams_r_oversold,atr_trail_1x,T2,28,0.17857142857142858,-1.992192857142857,-55.7814
williams_r_oversold,atr_trail_1x,T3,24,0.2916666666666667,-2.8765708333333335,-69.0377
williams_r_oversold,atr_trail_1x,unknown,59,0.3389830508474576,-3.6794033898305085,-217.0848
williams_r_oversold,atr_trail_2x,T1ETF,3,0.6666666666666666,7.916666666666667,23.75
williams_r_oversold,atr_trail_2x,T1a,39,0.2564102564102564,-1.7906,-69.8334
williams_r_oversold,atr_trail_2x,T1c,11,0.09090909090909091,-1.999790909090909,-21.9977
williams_r_oversold,atr_trail_2x,T2,28,0.25,-3.29105,-92.1494
williams_r_oversold,atr_trail_2x,T3,24,0.375,-2.5377541666666663,-60.906099999999995
williams_r_oversold,atr_trail_2x,unknown,59,0.3898305084745763,0.9953169491525428,58.72370000000002
williams_r_oversold,atr_trail_mae_conditional,T1ETF,3,0.3333333333333333,2.524066666666667,7.572200000000001
williams_r_oversold,atr_trail_mae_conditional,T1a,39,0.28205128205128205,-1.1097564102564101,-43.280499999999996
williams_r_oversold,atr_trail_mae_conditional,T1c,11,0.09090909090909091,-2.0581181818181817,-22.6393
williams_r_oversold,atr_trail_mae_conditional,T2,28,0.17857142857142858,-1.992192857142857,-55.7814
williams_r_oversold,atr_trail_mae_conditional,T3,24,0.2916666666666667,-2.8765708333333335,-69.0377
williams_r_oversold,atr_trail_mae_conditional,unknown,59,0.3389830508474576,-3.6794033898305085,-217.0848
williams_r_oversold,atr_trail_vix_conditional,T1ETF,3,0.3333333333333333,4.285666666666667,12.857
williams_r_oversold,atr_trail_vix_conditional,T1a,39,0.3076923076923077,-0.5306615384615384,-20.6958
williams_r_oversold,atr_trail_vix_conditional,T1c,11,0.18181818181818182,-0.6845181818181818,-7.5297
williams_r_oversold,atr_trail_vix_conditional,T2,28,0.21428571428571427,-1.5607035714285715,-43.6997
williams_r_oversold,atr_trail_vix_conditional,T3,24,0.125,-3.6689375,-88.0545
williams_r_oversold,atr_trail_vix_conditional,unknown,59,0.3728813559322034,-0.751993220338983,-44.367599999999996
williams_r_oversold,break_even_at_1r,T1ETF,3,0.3333333333333333,2.8402000000000007,8.520600000000002
williams_r_oversold,break_even_at_1r,T1a,39,0.10256410256410256,-0.6544615384615385,-25.524
williams_r_oversold,break_even_at_1r,T1c,11,0.0,-2.892390909090909,-31.8163
williams_r_oversold,break_even_at_1r,T2,28,0.10714285714285714,-2.5596214285714285,-71.6694
williams_r_oversold,break_even_at_1r,T3,24,0.125,-2.7592458333333334,-66.2219
williams_r_oversold,break_even_at_1r,unknown,59,0.22033898305084745,-2.404403389830508,-141.85979999999998
williams_r_oversold,breakeven_plus_trail,T1ETF,3,0.6666666666666666,6.343633333333333,19.0309
williams_r_oversold,breakeven_plus_trail,T1a,39,0.358974358974359,1.3737282051282051,53.5754
williams_r_oversold,breakeven_plus_trail,T1c,11,0.18181818181818182,-1.9507545454545452,-21.458299999999998
williams_r_oversold,breakeven_plus_trail,T2,28,0.32142857142857145,-3.0476642857142857,-85.3346
williams_r_oversold,breakeven_plus_trail,T3,24,0.4166666666666667,-1.1515416666666667,-27.637
williams_r_oversold,breakeven_plus_trail,unknown,59,0.4576271186440678,1.5025,88.6475
williams_r_oversold,chandelier_3x,T1ETF,3,0.0,-1.2108999999999999,-3.6327
williams_r_oversold,chandelier_3x,T1a,39,0.0,-0.7138358974358974,-27.839599999999997
williams_r_oversold,chandelier_3x,T1c,11,0.0,-0.659690909090909,-7.256599999999999
williams_r_oversold,chandelier_3x,T2,28,0.0,-0.8639214285714286,-24.1898
williams_r_oversold,chandelier_3x,T3,24,0.0,-1.1485083333333332,-27.5642
williams_r_oversold,chandelier_3x,unknown,59,0.0847457627118644,1.3512237288135593,79.7222
williams_r_oversold,class_time_stop,T1ETF,3,0.6666666666666666,5.817166666666668,17.451500000000003
williams_r_oversold,class_time_stop,T1a,39,0.41025641025641024,-3.6773128205128205,-143.4152
williams_r_oversold,class_time_stop,T1c,11,0.5454545454545454,-1.7703545454545455,-19.4739
williams_r_oversold,class_time_stop,T2,28,0.5357142857142857,2.249575,62.9881
williams_r_oversold,class_time_stop,T3,24,0.5833333333333334,2.4938749999999996,59.852999999999994
williams_r_oversold,class_time_stop,unknown,59,0.3898305084745763,-1.3035338983050846,-76.90849999999999
williams_r_oversold,earnings_blackout,T1ETF,3,0.3333333333333333,-0.6138666666666669,-1.8416000000000006
williams_r_oversold,earnings_blackout,T1a,39,0.48717948717948717,1.483671794871795,57.863200000000006
williams_r_oversold,earnings_blackout,T1c,11,0.45454545454545453,-5.548445454545455,-61.0329
williams_r_oversold,earnings_blackout,T2,28,0.39285714285714285,-1.0910428571428572,-30.549200000000003
williams_r_oversold,earnings_blackout,T3,24,0.5833333333333334,7.601429166666667,182.4343
williams_r_oversold,earnings_blackout,unknown,59,0.576271186440678,-0.39070677966101736,-23.051700000000025
williams_r_oversold,fixed_4r_2r,T1ETF,3,0.6666666666666666,13.727566666666666,41.1827
williams_r_oversold,fixed_4r_2r,T1a,39,0.3333333333333333,-0.16183589743589732,-6.311599999999996
williams_r_oversold,fixed_4r_2r,T1c,11,0.36363636363636365,1.0069000000000001,11.0759
williams_r_oversold,fixed_4r_2r,T2,28,0.25,-2.844432142857143,-79.6441
williams_r_oversold,fixed_4r_2r,T3,24,0.3333333333333333,-0.861204166666667,-20.668900000000008
williams_r_oversold,fixed_4r_2r,unknown,59,0.3728813559322034,-0.33725762711864415,-19.898200000000006
williams_r_oversold,hybrid_50pct_target,T1ETF,3,0.6666666666666666,7.612466666666667,22.837400000000002
williams_r_oversold,hybrid_50pct_target,T1a,39,0.6666666666666666,-1.9318358974358973,-75.3416
williams_r_oversold,hybrid_50pct_target,T1c,11,0.6363636363636364,1.4197363636363638,15.6171
williams_r_oversold,hybrid_50pct_target,T2,28,0.5714285714285714,-50.337925,-1409.4619
williams_r_oversold,hybrid_50pct_target,T3,24,0.4583333333333333,-6.350866666666666,-152.42079999999999
williams_r_oversold,hybrid_50pct_target,unknown,59,0.576271186440678,-23.07067118644068,-1361.1696000000002
williams_r_oversold,ma_exit_ema9,T1ETF,3,0.6666666666666666,0.5878000000000001,1.7634000000000003
williams_r_oversold,ma_exit_ema9,T1a,39,0.46153846153846156,-0.3046512820512821,-11.881400000000003
williams_r_oversold,ma_exit_ema9,T1c,11,0.36363636363636365,-1.6071545454545453,-17.6787
williams_r_oversold,ma_exit_ema9,T2,28,0.32142857142857145,-1.2538678571428572,-35.1083
williams_r_oversold,ma_exit_ema9,T3,24,0.5,-0.2500708333333333,-6.0017
williams_r_oversold,ma_exit_ema9,unknown,59,0.5254237288135594,0.012662711864406683,0.7470999999999943
williams_r_oversold,mfe_lockin_trail,T1ETF,3,0.3333333333333333,2.524066666666667,7.572200000000001
williams_r_oversold,mfe_lockin_trail,T1a,39,0.3076923076923077,-1.0174538461538463,-39.6807
williams_r_oversold,mfe_lockin_trail,T1c,11,0.09090909090909091,-1.9592272727272728,-21.5515
williams_r_oversold,mfe_lockin_trail,T2,28,0.17857142857142858,-1.776232142857143,-49.734500000000004
williams_r_oversold,mfe_lockin_trail,T3,24,0.2916666666666667,-2.5395583333333334,-60.9494
williams_r_oversold,mfe_lockin_trail,unknown,59,0.3389830508474576,-3.427084745762712,-202.198
williams_r_oversold,multi_tier_partial,T1ETF,3,0.6666666666666666,2.7174333333333336,8.1523
williams_r_oversold,multi_tier_partial,T1a,39,0.41025641025641024,-0.7488564102564101,-29.205399999999997
williams_r_oversold,multi_tier_partial,T1c,11,0.09090909090909091,-2.035445454545455,-22.3899
williams_r_oversold,multi_tier_partial,T2,28,0.25,-1.6276821428571429,-45.5751
williams_r_oversold,multi_tier_partial,T3,24,0.375,-2.0799458333333334,-49.9187
williams_r_oversold,multi_tier_partial,unknown,59,0.4745762711864407,-3.1548118644067795,-186.13389999999998
williams_r_oversold,next_pivot_target,T1ETF,3,0.6666666666666666,10.890266666666667,32.6708
williams_r_oversold,next_pivot_target,T1a,39,0.7435897435897436,0.2915282051282051,11.369599999999998
williams_r_oversold,next_pivot_target,T1c,11,0.9090909090909091,2.3021999999999996,25.324199999999998
williams_r_oversold,next_pivot_target,T2,28,0.6071428571428571,-1.4708,-41.1824
williams_r_oversold,next_pivot_target,T3,24,0.5833333333333334,0.5131625000000001,12.315900000000003
williams_r_oversold,next_pivot_target,unknown,59,0.6610169491525424,0.026677966101694876,1.5739999999999976
williams_r_oversold,r_multiple_2r,T1ETF,3,0.6666666666666666,6.317933333333333,18.9538
williams_r_oversold,r_multiple_2r,T1a,39,0.38461538461538464,0.44407435897435893,17.3189
williams_r_oversold,r_multiple_2r,T1c,11,0.09090909090909091,-2.4336363636363636,-26.77
williams_r_oversold,r_multiple_2r,T2,28,0.25,-1.445382142857143,-40.4707
williams_r_oversold,r_multiple_2r,T3,24,0.2916666666666667,-0.5583624999999998,-13.400699999999995
williams_r_oversold,r_multiple_2r,unknown,59,0.3728813559322034,-1.8156491525423728,-107.1233
williams_r_oversold,r_multiple_3r,T1ETF,3,0.6666666666666666,10.018366666666667,30.0551
williams_r_oversold,r_multiple_3r,T1a,39,0.23076923076923078,-0.8023769230769232,-31.292700000000004
williams_r_oversold,r_multiple_3r,T1c,11,0.09090909090909091,-2.0608181818181817,-22.669
williams_r_oversold,r_multiple_3r,T2,28,0.21428571428571427,-0.8178821428571429,-22.9007
williams_r_oversold,r_multiple_3r,T3,24,0.20833333333333334,-0.7378375,-17.7081
williams_r_oversold,r_multiple_3r,unknown,59,0.3220338983050847,-1.2146762711864407,-71.66590000000001
williams_r_oversold,regime_flip,T1ETF,3,0.6666666666666666,12.638366666666665,37.915099999999995
williams_r_oversold,regime_flip,T1a,39,0.41025641025641024,-1.8858692307692309,-73.5489
williams_r_oversold,regime_flip,T1c,11,0.45454545454545453,-2.5517545454545454,-28.0693
williams_r_oversold,regime_flip,T2,28,0.5714285714285714,1.1935678571428567,33.41989999999999
williams_r_oversold,regime_flip,T3,24,0.5416666666666666,0.06128750000000022,1.4709000000000052
williams_r_oversold,regime_flip,unknown,59,0.423728813559322,-0.8350050847457633,-49.26530000000003
williams_r_oversold,reverse_signal,T1ETF,3,0.6666666666666666,9.537633333333334,28.612900000000003
williams_r_oversold,reverse_signal,T1a,39,0.358974358974359,-1.4189256410256412,-55.338100000000004
williams_r_oversold,reverse_signal,T1c,11,0.2727272727272727,-4.5208818181818184,-49.7297
williams_r_oversold,reverse_signal,T2,28,0.5357142857142857,0.8141357142857143,22.7958
williams_r_oversold,reverse_signal,T3,24,0.75,4.693345833333333,112.6403
williams_r_oversold,reverse_signal,unknown,59,0.4406779661016949,-0.8917661016949152,-52.6142
williams_r_oversold,smc_mitigation_zone,T1ETF,3,0.3333333333333333,2.524066666666667,7.572200000000001
williams_r_oversold,smc_mitigation_zone,T1a,39,0.28205128205128205,-1.1097564102564101,-43.280499999999996
williams_r_oversold,smc_mitigation_zone,T1c,11,0.09090909090909091,-2.0581181818181817,-22.6393
williams_r_oversold,smc_mitigation_zone,T2,28,0.17857142857142858,-1.992192857142857,-55.7814
williams_r_oversold,smc_mitigation_zone,T3,24,0.2916666666666667,-2.8765708333333335,-69.0377
williams_r_oversold,smc_mitigation_zone,unknown,59,0.3389830508474576,-3.6794033898305085,-217.0848
williams_r_oversold,time_stop_10d,T1ETF,3,0.6666666666666666,7.582366666666666,22.7471
williams_r_oversold,time_stop_10d,T1a,39,0.46153846153846156,-0.993676923076923,-38.7534
williams_r_oversold,time_stop_10d,T1c,11,0.45454545454545453,-0.980490909090909,-10.7854
williams_r_oversold,time_stop_10d,T2,28,0.35714285714285715,-1.0536964285714283,-29.503499999999995
williams_r_oversold,time_stop_10d,T3,24,0.375,-2.3570125,-56.5683
williams_r_oversold,time_stop_10d,unknown,59,0.559322033898305,0.9040932203389833,53.34150000000002
williams_r_oversold,time_stop_20d,T1ETF,3,0.6666666666666666,12.638366666666665,37.915099999999995
williams_r_oversold,time_stop_20d,T1a,39,0.41025641025641024,-1.8858692307692309,-73.5489
williams_r_oversold,time_stop_20d,T1c,11,0.45454545454545453,-2.5517545454545454,-28.0693
williams_r_oversold,time_stop_20d,T2,28,0.5714285714285714,1.1935678571428567,33.41989999999999
williams_r_oversold,time_stop_20d,T3,24,0.5416666666666666,0.06128750000000022,1.4709000000000052
williams_r_oversold,time_stop_20d,unknown,59,0.423728813559322,-0.8350050847457633,-49.26530000000003
williams_r_oversold,trailing_10pct,T1ETF,3,0.6666666666666666,5.838566666666668,17.515700000000002
williams_r_oversold,trailing_10pct,T1a,39,0.41025641025641024,-1.1764666666666668,-45.882200000000005
williams_r_oversold,trailing_10pct,T1c,11,0.36363636363636365,-1.494754545454545,-16.442299999999996
williams_r_oversold,trailing_10pct,T2,28,0.35714285714285715,-3.6266571428571432,-101.5464
williams_r_oversold,trailing_10pct,T3,24,0.2916666666666667,-2.0330416666666666,-48.793
williams_r_oversold,trailing_10pct,unknown,59,0.3728813559322034,-0.17355254237288126,-10.239599999999994
williams_r_oversold,trailing_15pct,T1ETF,3,0.6666666666666666,2.805033333333333,8.415099999999999
williams_r_oversold,trailing_15pct,T1a,39,0.38461538461538464,-2.2944615384615386,-89.48400000000001
williams_r_oversold,trailing_15pct,T1c,11,0.36363636363636365,-4.545345454545455,-49.9988
williams_r_oversold,trailing_15pct,T2,28,0.42857142857142855,1.4178428571428572,39.699600000000004
williams_r_oversold,trailing_15pct,T3,24,0.2916666666666667,-3.1283,-75.0792
williams_r_oversold,trailing_15pct,unknown,59,0.3728813559322034,4.138313559322033,244.16049999999998
williams_r_oversold,trailing_5pct,T1ETF,3,0.0,-2.7383666666666664,-8.2151
williams_r_oversold,trailing_5pct,T1a,39,0.3333333333333333,-0.995397435897436,-38.8205
williams_r_oversold,trailing_5pct,T1c,11,0.09090909090909091,-3.245236363636364,-35.6976
williams_r_oversold,trailing_5pct,T2,28,0.17857142857142858,-2.187192857142857,-61.2414
williams_r_oversold,trailing_5pct,T3,24,0.125,-2.7367291666666667,-65.6815
williams_r_oversold,trailing_5pct,unknown,59,0.2542372881355932,-0.6699830508474577,-39.529
williams_stoch_dual,atr_trail_1x,T1ETF,2,0.0,-0.8395,-1.679
williams_stoch_dual,atr_trail_1x,T1a,7,0.14285714285714285,-1.2223000000000002,-8.5561
williams_stoch_dual,atr_trail_1x,T1c,2,0.5,16.914350000000002,33.828700000000005
williams_stoch_dual,atr_trail_1x,T2,2,0.0,-3.4635,-6.927
williams_stoch_dual,atr_trail_1x,unknown,8,0.375,-1.5974125,-12.7793
williams_stoch_dual,atr_trail_2x,T1ETF,2,0.5,-0.50045,-1.0009
williams_stoch_dual,atr_trail_2x,T1a,7,0.14285714285714285,-2.2833571428571426,-15.9835
williams_stoch_dual,atr_trail_2x,T1c,2,0.5,12.235850000000003,24.471700000000006
williams_stoch_dual,atr_trail_2x,T2,2,0.0,-5.67685,-11.3537
williams_stoch_dual,atr_trail_2x,unknown,8,0.375,-2.6667875,-21.3343
williams_stoch_dual,atr_trail_mae_conditional,T1ETF,2,0.0,-0.8395,-1.679
williams_stoch_dual,atr_trail_mae_conditional,T1a,7,0.14285714285714285,-1.2223000000000002,-8.5561
williams_stoch_dual,atr_trail_mae_conditional,T1c,2,0.5,16.914350000000002,33.828700000000005
williams_stoch_dual,atr_trail_mae_conditional,T2,2,0.0,-3.4635,-6.927
williams_stoch_dual,atr_trail_mae_conditional,unknown,8,0.375,-1.5974125,-12.7793
williams_stoch_dual,atr_trail_vix_conditional,T1ETF,2,0.0,-0.6416000000000001,-1.2832000000000001
williams_stoch_dual,atr_trail_vix_conditional,T1a,7,0.2857142857142857,-1.063742857142857,-7.4462
williams_stoch_dual,atr_trail_vix_conditional,T1c,2,0.5,14.575100000000003,29.150200000000005
williams_stoch_dual,atr_trail_vix_conditional,T2,2,0.0,-5.20815,-10.4163
williams_stoch_dual,atr_trail_vix_conditional,unknown,8,0.125,-3.357075,-26.8566
williams_stoch_dual,break_even_at_1r,T1ETF,2,0.0,-0.8395,-1.679
williams_stoch_dual,break_even_at_1r,T1a,7,0.0,-1.597842857142857,-11.184899999999999
williams_stoch_dual,break_even_at_1r,T1c,2,0.5,13.946000000000002,27.892000000000003
williams_stoch_dual,break_even_at_1r,T2,2,0.0,-3.6656,-7.3312
williams_stoch_dual,break_even_at_1r,unknown,8,0.125,-2.8708875,-22.9671
williams_stoch_dual,breakeven_plus_trail,T1ETF,2,0.0,-1.583,-3.166
williams_stoch_dual,breakeven_plus_trail,T1a,7,0.0,-2.7118857142857142,-18.9832
williams_stoch_dual,breakeven_plus_trail,T1c,2,0.5,15.3377,30.6754
williams_stoch_dual,breakeven_plus_trail,T2,2,0.0,-7.33115,-14.6623
williams_stoch_dual,breakeven_plus_trail,unknown,8,0.375,-1.4265249999999998,-11.412199999999999
williams_stoch_dual,chandelier_3x,T1ETF,2,0.0,-0.07545,-0.1509
williams_stoch_dual,chandelier_3x,T1a,7,0.0,-0.1263857142857143,-0.8847
williams_stoch_dual,chandelier_3x,T1c,2,0.0,-0.70955,-1.4191
williams_stoch_dual,chandelier_3x,T2,2,0.0,-0.2169,-0.4338
williams_stoch_dual,chandelier_3x,unknown,8,0.0,-0.220275,-1.7622
williams_stoch_dual,class_time_stop,T1ETF,2,0.5,2.4901,4.9802
williams_stoch_dual,class_time_stop,T1a,7,0.42857142857142855,-0.8581714285714286,-6.0072
williams_stoch_dual,class_time_stop,T1c,2,1.0,8.14625,16.2925
williams_stoch_dual,class_time_stop,T2,2,0.0,-1.0349,-2.0698
williams_stoch_dual,class_time_stop,unknown,8,0.5,-8.1475375,-65.1803
williams_stoch_dual,earnings_blackout,T1ETF,2,0.5,-3.2771000000000043,-6.554200000000009
williams_stoch_dual,earnings_blackout,T1a,7,0.2857142857142857,-5.110799999999999,-35.7756
williams_stoch_dual,earnings_blackout,T1c,2,0.5,20.25,40.5
williams_stoch_dual,earnings_blackout,T2,2,0.5,-3.7017499999999997,-7.403499999999999
williams_stoch_dual,earnings_blackout,unknown,8,0.5,-63.50455,-508.0364
williams_stoch_dual,fixed_4r_2r,T1ETF,2,0.0,-2.75185,-5.5037
williams_stoch_dual,fixed_4r_2r,T1a,7,0.14285714285714285,-2.674,-18.718
williams_stoch_dual,fixed_4r_2r,T1c,2,0.5,17.671100000000003,35.342200000000005
williams_stoch_dual,fixed_4r_2r,T2,2,0.0,-7.33115,-14.6623
williams_stoch_dual,fixed_4r_2r,unknown,8,0.375,-1.6880875,-13.5047
williams_stoch_dual,hybrid_50pct_target,T1ETF,2,0.5,-37.02695,-74.0539
williams_stoch_dual,hybrid_50pct_target,T1a,7,0.7142857142857143,2.568057142857143,17.9764
williams_stoch_dual,hybrid_50pct_target,T1c,2,0.5,12.8657,25.7314
williams_stoch_dual,hybrid_50pct_target,T2,2,0.0,-13.49845,-26.9969
williams_stoch_dual,hybrid_50pct_target,unknown,8,0.625,2.7255875,21.8047
williams_stoch_dual,ma_exit_ema9,T1ETF,2,0.5,0.3646999999999999,0.7293999999999998
williams_stoch_dual,ma_exit_ema9,T1a,7,0.14285714285714285,-1.3665285714285713,-9.5657
williams_stoch_dual,ma_exit_ema9,T1c,2,0.5,1.2419,2.4838
williams_stoch_dual,ma_exit_ema9,T2,2,0.0,-1.3117,-2.6234
williams_stoch_dual,ma_exit_ema9,unknown,8,0.5,-0.954125,-7.633
williams_stoch_dual,mfe_lockin_trail,T1ETF,2,0.0,-0.8395,-1.679
williams_stoch_dual,mfe_lockin_trail,T1a,7,0.14285714285714285,-1.134342857142857,-7.9404
williams_stoch_dual,mfe_lockin_trail,T1c,2,0.5,5.247650000000001,10.495300000000002
williams_stoch_dual,mfe_lockin_trail,T2,2,0.0,-3.4635,-6.927
williams_stoch_dual,mfe_lockin_trail,unknown,8,0.375,-1.5617124999999998,-12.493699999999999
williams_stoch_dual,multi_tier_partial,T1ETF,2,0.5,-0.6287,-1.2574
williams_stoch_dual,multi_tier_partial,T1a,7,0.42857142857142855,-0.8574285714285714,-6.002
williams_stoch_dual,multi_tier_partial,T1c,2,0.5,8.024450000000002,16.048900000000003
williams_stoch_dual,multi_tier_partial,T2,2,0.0,-3.4635,-6.927
williams_stoch_dual,multi_tier_partial,unknown,8,0.375,-1.8203125,-14.5625
williams_stoch_dual,next_pivot_target,T1ETF,2,0.5,-4.70435,-9.4087
williams_stoch_dual,next_pivot_target,T1a,7,1.0,1.7610285714285714,12.3272
williams_stoch_dual,next_pivot_target,T1c,2,0.5,-1.6397,-3.2794
williams_stoch_dual,next_pivot_target,T2,2,0.5,-3.3197,-6.6394
williams_stoch_dual,next_pivot_target,unknown,8,0.75,-0.5651875,-4.5215
williams_stoch_dual,r_multiple_2r,T1ETF,2,0.5,0.37734999999999996,0.7546999999999999
williams_stoch_dual,r_multiple_2r,T1a,7,0.2857142857142857,-0.443,-3.101
williams_stoch_dual,r_multiple_2r,T1c,2,0.5,6.397800000000001,12.795600000000002
williams_stoch_dual,r_multiple_2r,T2,2,0.0,-3.6656,-7.3312
williams_stoch_dual,r_multiple_2r,unknown,8,0.375,-0.7728249999999999,-6.182599999999999
williams_stoch_dual,r_multiple_3r,T1ETF,2,0.5,0.96175,1.9235
williams_stoch_dual,r_multiple_3r,T1a,7,0.14285714285714285,-0.9693999999999999,-6.785799999999999
williams_stoch_dual,r_multiple_3r,T1c,2,0.5,12.03445,24.0689
williams_stoch_dual,r_multiple_3r,T2,2,0.0,-3.6656,-7.3312
williams_stoch_dual,r_multiple_3r,unknown,8,0.375,0.23711250000000011,1.896900000000001
williams_stoch_dual,regime_flip,T1ETF,2,0.5,-0.3056,-0.6112
williams_stoch_dual,regime_flip,T1a,7,0.14285714285714285,-3.8686000000000003,-27.0802
williams_stoch_dual,regime_flip,T1c,2,1.0,19.35805,38.7161
williams_stoch_dual,regime_flip,T2,2,0.5,-4.02955,-8.0591
williams_stoch_dual,regime_flip,unknown,8,0.5,-4.4941125,-35.9529
williams_stoch_dual,reverse_signal,T1ETF,2,0.0,-0.8395,-1.679
williams_stoch_dual,reverse_signal,T1a,7,0.14285714285714285,-1.2223000000000002,-8.5561
williams_stoch_dual,reverse_signal,T1c,2,0.5,16.914350000000002,33.828700000000005
williams_stoch_dual,reverse_signal,T2,2,0.0,-3.4635,-6.927
williams_stoch_dual,reverse_signal,unknown,8,0.375,-1.5974125,-12.7793
williams_stoch_dual,smc_mitigation_zone,T1ETF,2,0.0,-0.8395,-1.679
williams_stoch_dual,smc_mitigation_zone,T1a,7,0.14285714285714285,-1.2223000000000002,-8.5561
williams_stoch_dual,smc_mitigation_zone,T1c,2,0.5,16.914350000000002,33.828700000000005
williams_stoch_dual,smc_mitigation_zone,T2,2,0.0,-3.4635,-6.927
williams_stoch_dual,smc_mitigation_zone,unknown,8,0.375,-1.5974125,-12.7793
williams_stoch_dual,time_stop_10d,T1ETF,2,0.5,-0.46395,-0.9279
williams_stoch_dual,time_stop_10d,T1a,7,0.5714285714285714,-0.7939999999999999,-5.558
williams_stoch_dual,time_stop_10d,T1c,2,0.5,19.18175,38.3635
williams_stoch_dual,time_stop_10d,T2,2,0.0,-4.606,-9.212
williams_stoch_dual,time_stop_10d,unknown,8,0.5,-0.29643749999999974,-2.371499999999998
williams_stoch_dual,time_stop_20d,T1ETF,2,0.5,-0.3056,-0.6112
williams_stoch_dual,time_stop_20d,T1a,7,0.14285714285714285,-3.8686000000000003,-27.0802
williams_stoch_dual,time_stop_20d,T1c,2,1.0,19.35805,38.7161
williams_stoch_dual,time_stop_20d,T2,2,0.5,-4.02955,-8.0591
williams_stoch_dual,time_stop_20d,unknown,8,0.5,-4.4941125,-35.9529
williams_stoch_dual,trailing_10pct,T1ETF,2,0.5,5.0644,10.1288
williams_stoch_dual,trailing_10pct,T1a,7,0.0,-6.918857142857143,-48.432
williams_stoch_dual,trailing_10pct,T1c,2,0.5,13.8215,27.643
williams_stoch_dual,trailing_10pct,T2,2,0.0,-8.9326,-17.8652
williams_stoch_dual,trailing_10pct,unknown,8,0.375,-2.5333625,-20.2669
williams_stoch_dual,trailing_15pct,T1ETF,2,0.5,4.1019499999999995,8.203899999999999
williams_stoch_dual,trailing_15pct,T1a,7,0.14285714285714285,-7.944557142857143,-55.6119
williams_stoch_dual,trailing_15pct,T1c,2,0.5,10.97925,21.9585
williams_stoch_dual,trailing_15pct,T2,2,0.0,-11.805399999999999,-23.610799999999998
williams_stoch_dual,trailing_15pct,unknown,8,0.625,10.07305,80.5844
williams_stoch_dual,trailing_5pct,T1ETF,2,0.0,-3.17645,-6.3529
williams_stoch_dual,trailing_5pct,T1a,7,0.0,-3.2478571428571428,-22.735
williams_stoch_dual,trailing_5pct,T1c,2,0.0,-5.2896,-10.5792
williams_stoch_dual,trailing_5pct,T2,2,0.0,-4.97285,-9.9457
williams_stoch_dual,trailing_5pct,unknown,8,0.375,-1.2101625,-9.6813
xs_low_beta_long,atr_trail_1x,T1ETF,2,1.0,2.82015,5.6403
xs_low_beta_long,atr_trail_1x,T1a,139,0.2446043165467626,-0.6630805755395683,-92.1682
xs_low_beta_long,atr_trail_1x,T1c,5,0.0,-1.6167000000000002,-8.0835
xs_low_beta_long,atr_trail_1x,T2,25,0.2,-1.886772,-47.1693
xs_low_beta_long,atr_trail_1x,T3,3,0.6666666666666666,-1.267366666666667,-3.802100000000001
xs_low_beta_long,atr_trail_1x,unknown,42,0.19047619047619047,-1.2897142857142856,-54.168
xs_low_beta_long,atr_trail_2x,T1ETF,2,1.0,8.04575,16.0915
xs_low_beta_long,atr_trail_2x,T1a,139,0.39568345323741005,-0.31417913669064745,-43.670899999999996
xs_low_beta_long,atr_trail_2x,T1c,5,0.2,-2.68522,-13.4261
xs_low_beta_long,atr_trail_2x,T2,25,0.36,-1.5543439999999997,-38.858599999999996
xs_low_beta_long,atr_trail_2x,T3,3,0.3333333333333333,-5.0157,-15.0471
xs_low_beta_long,atr_trail_2x,unknown,42,0.19047619047619047,-2.3253261904761904,-97.66369999999999
xs_low_beta_long,atr_trail_mae_conditional,T1ETF,2,1.0,2.82015,5.6403
xs_low_beta_long,atr_trail_mae_conditional,T1a,139,0.2446043165467626,-0.6630805755395683,-92.1682
xs_low_beta_long,atr_trail_mae_conditional,T1c,5,0.0,-1.6167000000000002,-8.0835
xs_low_beta_long,atr_trail_mae_conditional,T2,25,0.2,-1.886772,-47.1693
xs_low_beta_long,atr_trail_mae_conditional,T3,3,0.6666666666666666,-1.267366666666667,-3.802100000000001
xs_low_beta_long,atr_trail_mae_conditional,unknown,42,0.19047619047619047,-1.2897142857142856,-54.168
xs_low_beta_long,atr_trail_vix_conditional,T1ETF,2,1.0,1.6146500000000001,3.2293000000000003
xs_low_beta_long,atr_trail_vix_conditional,T1a,139,0.2805755395683453,-0.5131776978417266,-71.3317
xs_low_beta_long,atr_trail_vix_conditional,T1c,5,0.2,-0.6359199999999999,-3.1795999999999998
xs_low_beta_long,atr_trail_vix_conditional,T2,25,0.16,-2.016044,-50.4011
xs_low_beta_long,atr_trail_vix_conditional,T3,3,0.6666666666666666,-1.1369666666666671,-3.4109000000000016
xs_low_beta_long,atr_trail_vix_conditional,unknown,42,0.23809523809523808,-1.1341714285714286,-47.6352
xs_low_beta_long,break_even_at_1r,T1ETF,2,0.0,0.0,0.0
xs_low_beta_long,break_even_at_1r,T1a,139,0.1079136690647482,-0.7003208633093525,-97.3446
xs_low_beta_long,break_even_at_1r,T1c,5,0.0,-2.06284,-10.3142
xs_low_beta_long,break_even_at_1r,T2,25,0.08,-2.17118,-54.2795
xs_low_beta_long,break_even_at_1r,T3,3,0.3333333333333333,-3.9978000000000002,-11.993400000000001
xs_low_beta_long,break_even_at_1r,unknown,42,0.07142857142857142,-1.353154761904762,-56.8325
xs_low_beta_long,breakeven_plus_trail,T1ETF,2,0.5,7.71355,15.4271
xs_low_beta_long,breakeven_plus_trail,T1a,139,0.2517985611510791,0.2701661870503597,37.5531
xs_low_beta_long,breakeven_plus_trail,T1c,5,0.2,-1.89546,-9.4773
xs_low_beta_long,breakeven_plus_trail,T2,25,0.12,-0.8402239999999999,-21.005599999999998
xs_low_beta_long,breakeven_plus_trail,T3,3,0.3333333333333333,-3.9978000000000002,-11.993400000000001
xs_low_beta_long,breakeven_plus_trail,unknown,42,0.19047619047619047,0.000638095238095337,0.026800000000004154
xs_low_beta_long,chandelier_3x,T1ETF,2,1.0,7.2357499999999995,14.471499999999999
xs_low_beta_long,chandelier_3x,T1a,139,0.1510791366906475,-0.5221352517985612,-72.5768
xs_low_beta_long,chandelier_3x,T1c,5,0.0,-2.54116,-12.7058
xs_low_beta_long,chandelier_3x,T2,25,0.16,-1.703224,-42.580600000000004
xs_low_beta_long,chandelier_3x,T3,3,0.3333333333333333,-1.4586333333333332,-4.3759
xs_low_beta_long,chandelier_3x,unknown,42,0.07142857142857142,-1.3129595238095237,-55.1443
xs_low_beta_long,class_time_stop,T1ETF,2,0.5,4.007899999999999,8.015799999999999
xs_low_beta_long,class_time_stop,T1a,139,0.5251798561151079,0.06494820143884898,9.027800000000008
xs_low_beta_long,class_time_stop,T1c,5,0.2,-6.334239999999999,-31.6712
xs_low_beta_long,class_time_stop,T2,25,0.56,0.016456000000000016,0.41140000000000043
xs_low_beta_long,class_time_stop,T3,3,0.3333333333333333,0.06950000000000027,0.2085000000000008
xs_low_beta_long,class_time_stop,unknown,42,0.5714285714285714,2.265892857142857,95.1675
xs_low_beta_long,earnings_blackout,T1ETF,2,1.0,197.1745,394.349
xs_low_beta_long,earnings_blackout,T1a,139,0.5035971223021583,0.0788978417266187,10.9668
xs_low_beta_long,earnings_blackout,T1c,5,0.2,-8.410619999999998,-42.05309999999999
xs_low_beta_long,earnings_blackout,T2,25,0.4,-1.35562,-33.8905
xs_low_beta_long,earnings_blackout,T3,3,0.6666666666666666,14.852333333333334,44.557
xs_low_beta_long,earnings_blackout,unknown,42,0.6190476190476191,38.163714285714285,1602.876
xs_low_beta_long,fixed_4r_2r,T1ETF,2,0.5,2.44895,4.8979
xs_low_beta_long,fixed_4r_2r,T1a,139,0.3669064748201439,0.24221151079136696,33.66740000000001
xs_low_beta_long,fixed_4r_2r,T1c,5,0.0,-6.087619999999999,-30.4381
xs_low_beta_long,fixed_4r_2r,T2,25,0.32,-1.636552,-40.9138
xs_low_beta_long,fixed_4r_2r,T3,3,0.6666666666666666,9.780733333333332,29.3422
xs_low_beta_long,fixed_4r_2r,unknown,42,0.30952380952380953,-0.8729142857142856,-36.6624
xs_low_beta_long,hybrid_50pct_target,T1ETF,2,1.0,8.197799999999999,16.395599999999998
xs_low_beta_long,hybrid_50pct_target,T1a,139,0.5827338129496403,-0.17010719424460433,-23.6449
xs_low_beta_long,hybrid_50pct_target,T1c,5,0.2,-0.27206000000000025,-1.3603000000000012
xs_low_beta_long,hybrid_50pct_target,T2,25,0.68,-0.10026000000000002,-2.5065000000000004
xs_low_beta_long,hybrid_50pct_target,T3,3,0.6666666666666666,7.261333333333334,21.784000000000002
xs_low_beta_long,hybrid_50pct_target,unknown,42,0.6190476190476191,1.5021071428571429,63.088499999999996
xs_low_beta_long,ma_exit_ema9,T1ETF,2,1.0,1.3472000000000002,2.6944000000000004
xs_low_beta_long,ma_exit_ema9,T1a,139,0.34532374100719426,-0.003506474820143882,-0.4873999999999996
xs_low_beta_long,ma_exit_ema9,T1c,5,0.2,-0.23965999999999993,-1.1982999999999997
xs_low_beta_long,ma_exit_ema9,T2,25,0.32,-1.1204759999999998,-28.011899999999997
xs_low_beta_long,ma_exit_ema9,T3,3,0.3333333333333333,-2.6971333333333334,-8.0914
xs_low_beta_long,ma_exit_ema9,unknown,42,0.35714285714285715,-0.8973166666666667,-37.6873
xs_low_beta_long,mfe_lockin_trail,T1ETF,2,1.0,2.98455,5.9691
xs_low_beta_long,mfe_lockin_trail,T1a,139,0.2446043165467626,-0.6835992805755396,-95.0203
xs_low_beta_long,mfe_lockin_trail,T1c,5,0.0,-1.6167000000000002,-8.0835
xs_low_beta_long,mfe_lockin_trail,T2,25,0.2,-1.8214,-45.535
xs_low_beta_long,mfe_lockin_trail,T3,3,0.6666666666666666,-5.134666666666666,-15.403999999999998
xs_low_beta_long,mfe_lockin_trail,unknown,42,0.19047619047619047,-1.249802380952381,-52.4917
xs_low_beta_long,multi_tier_partial,T1ETF,2,1.0,3.1698500000000003,6.339700000000001
xs_low_beta_long,multi_tier_partial,T1a,139,0.4028776978417266,-0.4418345323741007,-61.415
xs_low_beta_long,multi_tier_partial,T1c,5,0.2,-1.21496,-6.0748
xs_low_beta_long,multi_tier_partial,T2,25,0.32,-1.6803,-42.0075
xs_low_beta_long,multi_tier_partial,T3,3,0.6666666666666666,-1.2497666666666667,-3.7493
xs_low_beta_long,multi_tier_partial,unknown,42,0.35714285714285715,-0.9084119047619048,-38.1533
xs_low_beta_long,next_pivot_target,T1ETF,2,1.0,4.14975,8.2995
xs_low_beta_long,next_pivot_target,T1a,139,0.7769784172661871,-0.05887122302158273,-8.1831
xs_low_beta_long,next_pivot_target,T1c,5,0.8,1.0787200000000001,5.3936
xs_low_beta_long,next_pivot_target,T2,25,0.84,0.35404000000000013,8.851000000000003
xs_low_beta_long,next_pivot_target,T3,3,0.6666666666666666,1.4776666666666667,4.433
xs_low_beta_long,next_pivot_target,unknown,42,0.8571428571428571,0.6398238095238095,26.8726
xs_low_beta_long,r_multiple_2r,T1ETF,2,1.0,5.7881,11.5762
xs_low_beta_long,r_multiple_2r,T1a,139,0.35251798561151076,0.23759640287769784,33.0259
xs_low_beta_long,r_multiple_2r,T1c,5,0.2,0.2832599999999999,1.4162999999999994
xs_low_beta_long,r_multiple_2r,T2,25,0.24,-1.9119560000000002,-47.7989
xs_low_beta_long,r_multiple_2r,T3,3,0.3333333333333333,-3.0715000000000003,-9.214500000000001
xs_low_beta_long,r_multiple_2r,unknown,42,0.40476190476190477,0.6708785714285713,28.176899999999996
xs_low_beta_long,r_multiple_3r,T1ETF,2,1.0,8.868950000000002,17.737900000000003
xs_low_beta_long,r_multiple_3r,T1a,139,0.2589928057553957,0.06805467625899277,9.459599999999995
xs_low_beta_long,r_multiple_3r,T1c,5,0.0,-3.13936,-15.6968
xs_low_beta_long,r_multiple_3r,T2,25,0.2,-2.0267600000000003,-50.669000000000004
xs_low_beta_long,r_multiple_3r,T3,3,0.3333333333333333,-1.1054000000000006,-3.316200000000002
xs_low_beta_long,r_multiple_3r,unknown,42,0.19047619047619047,-1.117902380952381,-46.9519
xs_low_beta_long,regime_flip,T1ETF,2,1.0,8.0059,16.0118
xs_low_beta_long,regime_flip,T1a,139,0.5467625899280576,0.32980647482014386,45.8431
xs_low_beta_long,regime_flip,T1c,5,0.2,-4.33118,-21.6559
xs_low_beta_long,regime_flip,T2,25,0.56,-0.9702879999999999,-24.257199999999997
xs_low_beta_long,regime_flip,T3,3,0.6666666666666666,7.342266666666666,22.026799999999998
xs_low_beta_long,regime_flip,unknown,42,0.5238095238095238,-0.18875476190476193,-7.927700000000001
xs_low_beta_long,reverse_signal,T1ETF,2,1.0,2.82015,5.6403
xs_low_beta_long,reverse_signal,T1a,139,0.2446043165467626,-0.6630805755395683,-92.1682
xs_low_beta_long,reverse_signal,T1c,5,0.0,-1.6167000000000002,-8.0835
xs_low_beta_long,reverse_signal,T2,25,0.2,-1.886772,-47.1693
xs_low_beta_long,reverse_signal,T3,3,0.6666666666666666,-1.267366666666667,-3.802100000000001
xs_low_beta_long,reverse_signal,unknown,42,0.19047619047619047,-1.2897142857142856,-54.168
xs_low_beta_long,smc_mitigation_zone,T1ETF,2,1.0,2.82015,5.6403
xs_low_beta_long,smc_mitigation_zone,T1a,139,0.2446043165467626,-0.6630805755395683,-92.1682
xs_low_beta_long,smc_mitigation_zone,T1c,5,0.0,-1.6167000000000002,-8.0835
xs_low_beta_long,smc_mitigation_zone,T2,25,0.2,-1.886772,-47.1693
xs_low_beta_long,smc_mitigation_zone,T3,3,0.6666666666666666,-1.267366666666667,-3.802100000000001
xs_low_beta_long,smc_mitigation_zone,unknown,42,0.19047619047619047,-1.2897142857142856,-54.168
xs_low_beta_long,time_stop_10d,T1ETF,2,1.0,3.8497500000000002,7.6995000000000005
xs_low_beta_long,time_stop_10d,T1a,139,0.5539568345323741,0.7988762589928057,111.04379999999999
xs_low_beta_long,time_stop_10d,T1c,5,0.0,-3.7334400000000003,-18.6672
xs_low_beta_long,time_stop_10d,T2,25,0.44,-1.8731,-46.8275
xs_low_beta_long,time_stop_10d,T3,3,0.6666666666666666,7.579,22.737
xs_low_beta_long,time_stop_10d,unknown,42,0.5238095238095238,-0.7056857142857144,-29.638800000000003
xs_low_beta_long,time_stop_20d,T1ETF,2,1.0,8.0059,16.0118
xs_low_beta_long,time_stop_20d,T1a,139,0.5467625899280576,0.32980647482014386,45.8431
xs_low_beta_long,time_stop_20d,T1c,5,0.2,-4.33118,-21.6559
xs_low_beta_long,time_stop_20d,T2,25,0.56,-0.9702879999999999,-24.257199999999997
xs_low_beta_long,time_stop_20d,T3,3,0.6666666666666666,7.342266666666666,22.026799999999998
xs_low_beta_long,time_stop_20d,unknown,42,0.5238095238095238,-0.18875476190476193,-7.927700000000001
xs_low_beta_long,trailing_10pct,T1ETF,2,0.5,6.93745,13.8749
xs_low_beta_long,trailing_10pct,T1a,139,0.37410071942446044,-0.9888028776978417,-137.4436
xs_low_beta_long,trailing_10pct,T1c,5,0.4,6.422020000000001,32.1101
xs_low_beta_long,trailing_10pct,T2,25,0.32,-2.989296,-74.7324
xs_low_beta_long,trailing_10pct,T3,3,0.3333333333333333,-2.5843333333333334,-7.753
xs_low_beta_long,trailing_10pct,unknown,42,0.3333333333333333,-0.06727380952380929,-2.82549999999999
xs_low_beta_long,trailing_15pct,T1ETF,2,0.5,10.9254,21.8508
xs_low_beta_long,trailing_15pct,T1a,139,0.33093525179856115,-1.2948892086330934,-179.9896
xs_low_beta_long,trailing_15pct,T1c,5,0.2,10.15006,50.7503
xs_low_beta_long,trailing_15pct,T2,25,0.36,1.519268,37.981700000000004
xs_low_beta_long,trailing_15pct,T3,3,0.0,-8.047933333333333,-24.1438
xs_low_beta_long,trailing_15pct,unknown,42,0.42857142857142855,4.626590476190477,194.3168
xs_low_beta_long,trailing_5pct,T1ETF,2,1.0,8.314350000000001,16.628700000000002
xs_low_beta_long,trailing_5pct,T1a,139,0.38848920863309355,-0.1911517985611511,-26.570100000000004
xs_low_beta_long,trailing_5pct,T1c,5,0.0,-2.75166,-13.7583
xs_low_beta_long,trailing_5pct,T2,25,0.24,-2.758388,-68.9597
xs_low_beta_long,trailing_5pct,T3,3,0.6666666666666666,1.0641333333333334,3.1924
xs_low_beta_long,trailing_5pct,unknown,42,0.23809523809523808,-1.5119928571428571,-63.5037
xs_momentum_bottom_decile_short,atr_trail_1x,T1a,57,0.19298245614035087,-2.2426877192982455,-127.8332
xs_momentum_bottom_decile_short,atr_trail_1x,T1c,29,0.3793103448275862,-1.100151724137931,-31.904400000000003
xs_momentum_bottom_decile_short,atr_trail_1x,T2,19,0.2631578947368421,-2.0202684210526316,-38.3851
xs_momentum_bottom_decile_short,atr_trail_1x,T3,2,0.0,-26.3934,-52.7868
xs_momentum_bottom_decile_short,atr_trail_1x,unknown,319,0.2476489028213166,-3.025548589341693,-965.15
xs_momentum_bottom_decile_short,atr_trail_2x,T1a,57,0.2631578947368421,-1.164124561403509,-66.35510000000001
xs_momentum_bottom_decile_short,atr_trail_2x,T1c,29,0.3448275862068966,-0.47918620689655156,-13.896399999999995
xs_momentum_bottom_decile_short,atr_trail_2x,T2,19,0.2631578947368421,-3.3350578947368423,-63.3661
xs_momentum_bottom_decile_short,atr_trail_2x,T3,2,0.0,-30.1017,-60.2034
xs_momentum_bottom_decile_short,atr_trail_2x,unknown,319,0.322884012539185,-4.181383385579937,-1333.8613
xs_momentum_bottom_decile_short,atr_trail_mae_conditional,T1a,57,0.19298245614035087,-2.2426877192982455,-127.8332
xs_momentum_bottom_decile_short,atr_trail_mae_conditional,T1c,29,0.3793103448275862,-1.100151724137931,-31.904400000000003
xs_momentum_bottom_decile_short,atr_trail_mae_conditional,T2,19,0.2631578947368421,-2.0202684210526316,-38.3851
xs_momentum_bottom_decile_short,atr_trail_mae_conditional,T3,2,0.0,-26.3934,-52.7868
xs_momentum_bottom_decile_short,atr_trail_mae_conditional,unknown,319,0.2476489028213166,-3.025548589341693,-965.15
xs_momentum_bottom_decile_short,atr_trail_vix_conditional,T1a,57,0.22807017543859648,-2.6112719298245612,-148.8425
xs_momentum_bottom_decile_short,atr_trail_vix_conditional,T1c,29,0.3103448275862069,-0.7582413793103449,-21.989
xs_momentum_bottom_decile_short,atr_trail_vix_conditional,T2,19,0.21052631578947367,-3.3810315789473684,-64.2396
xs_momentum_bottom_decile_short,atr_trail_vix_conditional,T3,2,0.0,-26.81955,-53.6391
xs_momentum_bottom_decile_short,atr_trail_vix_conditional,unknown,319,0.22570532915360503,-3.3061902821316616,-1054.6747
xs_momentum_bottom_decile_short,break_even_at_1r,T1a,57,0.19298245614035087,-0.8096298245614036,-46.148900000000005
xs_momentum_bottom_decile_short,break_even_at_1r,T1c,29,0.2413793103448276,-1.0667827586206897,-30.936700000000002
xs_momentum_bottom_decile_short,break_even_at_1r,T2,19,0.15789473684210525,-1.1369473684210527,-21.602
xs_momentum_bottom_decile_short,break_even_at_1r,T3,2,0.0,-26.3934,-52.7868
xs_momentum_bottom_decile_short,break_even_at_1r,unknown,319,0.2664576802507837,-3.0524344827586205,-973.7266
xs_momentum_bottom_decile_short,breakeven_plus_trail,T1a,57,0.38596491228070173,0.16538245614035063,9.426799999999986
xs_momentum_bottom_decile_short,breakeven_plus_trail,T1c,29,0.5172413793103449,6.87115172413793,199.2634
xs_momentum_bottom_decile_short,breakeven_plus_trail,T2,19,0.21052631578947367,-0.5568684210526313,-10.580499999999995
xs_momentum_bottom_decile_short,breakeven_plus_trail,T3,2,0.0,-34.4521,-68.9042
xs_momentum_bottom_decile_short,breakeven_plus_trail,unknown,319,0.5109717868338558,-0.34234764890282127,-109.20889999999999
xs_momentum_bottom_decile_short,chandelier_3x,T1a,57,0.15789473684210525,-1.1528912280701755,-65.71480000000001
xs_momentum_bottom_decile_short,chandelier_3x,T1c,29,0.1724137931034483,-1.4808620689655174,-42.94500000000001
xs_momentum_bottom_decile_short,chandelier_3x,T2,19,0.15789473684210525,-1.2698684210526316,-24.1275
xs_momentum_bottom_decile_short,chandelier_3x,T3,2,0.0,-29.75875,-59.5175
xs_momentum_bottom_decile_short,chandelier_3x,unknown,319,0.2413793103448276,-3.7351645768025077,-1191.5175
xs_momentum_bottom_decile_short,class_time_stop,T1a,57,0.45614035087719296,-2.3973719298245615,-136.6502
xs_momentum_bottom_decile_short,class_time_stop,T1c,29,0.5517241379310345,1.7134241379310347,49.6893
xs_momentum_bottom_decile_short,class_time_stop,T2,19,0.5263157894736842,-1.4143894736842106,-26.873400000000004
xs_momentum_bottom_decile_short,class_time_stop,T3,2,0.0,-47.4524,-94.9048
xs_momentum_bottom_decile_short,class_time_stop,unknown,319,0.4827586206896552,-6.043294984326018,-1927.8111
xs_momentum_bottom_decile_short,earnings_blackout,T1a,57,0.38596491228070173,-4.860045614035088,-277.0226
xs_momentum_bottom_decile_short,earnings_blackout,T1c,29,0.5862068965517241,4.859834482758621,140.9352
xs_momentum_bottom_decile_short,earnings_blackout,T2,19,0.631578947368421,2.7655421052631577,52.5453
xs_momentum_bottom_decile_short,earnings_blackout,T3,2,0.0,-23.4379,-46.8758
xs_momentum_bottom_decile_short,earnings_blackout,unknown,319,0.41379310344827586,-17.233247962382446,-5497.4061
xs_momentum_bottom_decile_short,fixed_4r_2r,T1a,57,0.22807017543859648,-5.026280701754386,-286.498
xs_momentum_bottom_decile_short,fixed_4r_2r,T1c,29,0.41379310344827586,4.35908275862069,126.4134
xs_momentum_bottom_decile_short,fixed_4r_2r,T2,19,0.42105263157894735,0.03582105263157921,0.680600000000005
xs_momentum_bottom_decile_short,fixed_4r_2r,T3,2,0.0,-34.4521,-68.9042
xs_momentum_bottom_decile_short,fixed_4r_2r,unknown,319,0.23510971786833856,-7.614919749216301,-2429.1594
xs_momentum_bottom_decile_short,hybrid_50pct_target,T1a,57,0.7017543859649122,-12.471108771929824,-710.8532
xs_momentum_bottom_decile_short,hybrid_50pct_target,T1c,29,0.8275862068965517,2.8954827586206893,83.969
xs_momentum_bottom_decile_short,hybrid_50pct_target,T2,19,0.7368421052631579,-12.743026315789473,-242.1175
xs_momentum_bottom_decile_short,hybrid_50pct_target,T3,2,0.0,-23.4379,-46.8758
xs_momentum_bottom_decile_short,hybrid_50pct_target,unknown,319,0.6865203761755486,-45.86099561128527,-14629.6576
xs_momentum_bottom_decile_short,ma_exit_ema9,T1a,57,0.2807017543859649,-0.9836035087719299,-56.065400000000004
xs_momentum_bottom_decile_short,ma_exit_ema9,T1c,29,0.3103448275862069,0.5020896551724138,14.560599999999999
xs_momentum_bottom_decile_short,ma_exit_ema9,T2,19,0.21052631578947367,-0.8838210526315787,-16.792599999999997
xs_momentum_bottom_decile_short,ma_exit_ema9,T3,2,0.0,-11.5755,-23.151
xs_momentum_bottom_decile_short,ma_exit_ema9,unknown,319,0.27586206896551724,-1.7964244514106582,-573.0594
xs_momentum_bottom_decile_short,mfe_lockin_trail,T1a,57,0.19298245614035087,-2.2720456140350875,-129.5066
xs_momentum_bottom_decile_short,mfe_lockin_trail,T1c,29,0.3793103448275862,-0.8312551724137931,-24.1064
xs_momentum_bottom_decile_short,mfe_lockin_trail,T2,19,0.2631578947368421,-2.0189157894736844,-38.3594
xs_momentum_bottom_decile_short,mfe_lockin_trail,T3,2,0.0,-26.3934,-52.7868
xs_momentum_bottom_decile_short,mfe_lockin_trail,unknown,319,0.2476489028213166,-3.0278297805642636,-965.8777
xs_momentum_bottom_decile_short,multi_tier_partial,T1a,57,0.3333333333333333,-1.8008087719298247,-102.6461
xs_momentum_bottom_decile_short,multi_tier_partial,T1c,29,0.4482758620689655,-0.4576034482758621,-13.2705
xs_momentum_bottom_decile_short,multi_tier_partial,T2,19,0.3684210526315789,-1.5281052631578946,-29.034
xs_momentum_bottom_decile_short,multi_tier_partial,T3,2,0.0,-26.3934,-52.7868
xs_momentum_bottom_decile_short,multi_tier_partial,unknown,319,0.329153605015674,-2.500641692789969,-797.7047
xs_momentum_bottom_decile_short,next_pivot_target,T1a,57,0.5964912280701754,-3.5376859649122805,-201.6481
xs_momentum_bottom_decile_short,next_pivot_target,T1c,29,0.6896551724137931,0.35332413793103434,10.246399999999996
xs_momentum_bottom_decile_short,next_pivot_target,T2,19,0.8421052631578947,1.0970578947368421,20.8441
xs_momentum_bottom_decile_short,next_pivot_target,T3,2,0.0,-11.5755,-23.151
xs_momentum_bottom_decile_short,next_pivot_target,unknown,319,0.658307210031348,-2.3801131661442003,-759.2561
xs_momentum_bottom_decile_short,r_multiple_2r,T1a,57,0.2982456140350877,-1.2071350877192981,-68.80669999999999
xs_momentum_bottom_decile_short,r_multiple_2r,T1c,29,0.2413793103448276,-1.497089655172414,-43.415600000000005
xs_momentum_bottom_decile_short,r_multiple_2r,T2,19,0.3157894736842105,-0.8354,-15.8726
xs_momentum_bottom_decile_short,r_multiple_2r,T3,2,0.0,-26.3934,-52.7868
xs_momentum_bottom_decile_short,r_multiple_2r,unknown,319,0.29780564263322884,-1.7450423197492162,-556.6685
xs_momentum_bottom_decile_short,r_multiple_3r,T1a,57,0.24561403508771928,-1.253821052631579,-71.4678
xs_momentum_bottom_decile_short,r_multiple_3r,T1c,29,0.20689655172413793,-0.7004862068965518,-20.314100000000003
xs_momentum_bottom_decile_short,r_multiple_3r,T2,19,0.3157894736842105,0.6408578947368422,12.176300000000001
xs_momentum_bottom_decile_short,r_multiple_3r,T3,2,0.0,-26.3934,-52.7868
xs_momentum_bottom_decile_short,r_multiple_3r,unknown,319,0.21003134796238246,-2.478202194357367,-790.5465
xs_momentum_bottom_decile_short,regime_flip,T1a,57,0.43859649122807015,-1.9750315789473685,-112.5768
xs_momentum_bottom_decile_short,regime_flip,T1c,29,0.41379310344827586,-1.126913793103448,-32.680499999999995
xs_momentum_bottom_decile_short,regime_flip,T2,19,0.47368421052631576,-4.204273684210526,-79.88119999999999
xs_momentum_bottom_decile_short,regime_flip,T3,2,0.0,-32.6274,-65.2548
xs_momentum_bottom_decile_short,regime_flip,unknown,319,0.49843260188087773,-4.018768965517242,-1281.9873
xs_momentum_bottom_decile_short,reverse_signal,T1a,57,0.19298245614035087,-2.2426877192982455,-127.8332
xs_momentum_bottom_decile_short,reverse_signal,T1c,29,0.3793103448275862,-1.100151724137931,-31.904400000000003
xs_momentum_bottom_decile_short,reverse_signal,T2,19,0.2631578947368421,-2.0202684210526316,-38.3851
xs_momentum_bottom_decile_short,reverse_signal,T3,2,0.0,-26.3934,-52.7868
xs_momentum_bottom_decile_short,reverse_signal,unknown,319,0.2476489028213166,-3.025548589341693,-965.15
xs_momentum_bottom_decile_short,smc_mitigation_zone,T1a,57,0.19298245614035087,-2.2426877192982455,-127.8332
xs_momentum_bottom_decile_short,smc_mitigation_zone,T1c,29,0.3793103448275862,-1.100151724137931,-31.904400000000003
xs_momentum_bottom_decile_short,smc_mitigation_zone,T2,19,0.2631578947368421,-2.0202684210526316,-38.3851
xs_momentum_bottom_decile_short,smc_mitigation_zone,T3,2,0.0,-26.3934,-52.7868
xs_momentum_bottom_decile_short,smc_mitigation_zone,unknown,319,0.2476489028213166,-3.025548589341693,-965.15
xs_momentum_bottom_decile_short,time_stop_10d,T1a,57,0.42105263157894735,-2.004684210526316,-114.26700000000001
xs_momentum_bottom_decile_short,time_stop_10d,T1c,29,0.5517241379310345,-0.5397965517241381,-15.654100000000005
xs_momentum_bottom_decile_short,time_stop_10d,T2,19,0.5789473684210527,2.009552631578947,38.1815
xs_momentum_bottom_decile_short,time_stop_10d,T3,2,0.0,-34.33665,-68.6733
xs_momentum_bottom_decile_short,time_stop_10d,unknown,319,0.4608150470219436,-4.1614445141065834,-1327.5008
xs_momentum_bottom_decile_short,time_stop_20d,T1a,57,0.43859649122807015,-1.9750315789473685,-112.5768
xs_momentum_bottom_decile_short,time_stop_20d,T1c,29,0.41379310344827586,-1.126913793103448,-32.680499999999995
xs_momentum_bottom_decile_short,time_stop_20d,T2,19,0.47368421052631576,-4.204273684210526,-79.88119999999999
xs_momentum_bottom_decile_short,time_stop_20d,T3,2,0.0,-32.6274,-65.2548
xs_momentum_bottom_decile_short,time_stop_20d,unknown,319,0.49843260188087773,-4.018768965517242,-1281.9873
xs_momentum_bottom_decile_short,trailing_10pct,T1a,57,0.3157894736842105,-2.063238596491228,-117.6046
xs_momentum_bottom_decile_short,trailing_10pct,T1c,29,0.3448275862068966,-1.3500275862068967,-39.150800000000004
xs_momentum_bottom_decile_short,trailing_10pct,T2,19,0.2631578947368421,-3.6611368421052632,-69.5616
xs_momentum_bottom_decile_short,trailing_10pct,T3,2,0.0,-11.5755,-23.151
xs_momentum_bottom_decile_short,trailing_10pct,unknown,319,0.30407523510971785,-2.902770846394984,-925.9839
xs_momentum_bottom_decile_short,trailing_15pct,T1a,57,0.3684210526315789,-3.2547385964912277,-185.52009999999999
xs_momentum_bottom_decile_short,trailing_15pct,T1c,29,0.3103448275862069,2.2474965517241374,65.17739999999999
xs_momentum_bottom_decile_short,trailing_15pct,T2,19,0.47368421052631576,0.9556157894736844,18.156700000000004
xs_momentum_bottom_decile_short,trailing_15pct,T3,2,0.0,-15.0,-30.0
xs_momentum_bottom_decile_short,trailing_15pct,unknown,319,0.30094043887147337,-3.5825166144200624,-1142.8228
xs_momentum_bottom_decile_short,trailing_5pct,T1a,57,0.21052631578947367,-1.427017543859649,-81.34
xs_momentum_bottom_decile_short,trailing_5pct,T1c,29,0.3103448275862069,-1.0403655172413793,-30.1706
xs_momentum_bottom_decile_short,trailing_5pct,T2,19,0.3684210526315789,-1.457084210526316,-27.684600000000003
xs_momentum_bottom_decile_short,trailing_5pct,T3,2,0.0,-5.0,-10.0
xs_momentum_bottom_decile_short,trailing_5pct,unknown,319,0.14106583072100312,-2.809740752351097,-896.3072999999999
xs_momentum_top_decile,atr_trail_1x,T1a,11,0.36363636363636365,-1.7063545454545455,-18.7699
xs_momentum_top_decile,atr_trail_1x,T2,8,0.5,3.575025,28.6002
xs_momentum_top_decile,atr_trail_1x,T3,31,0.2903225806451613,-1.553174193548387,-48.148399999999995
xs_momentum_top_decile,atr_trail_1x,unknown,28,0.35714285714285715,-0.20647500000000002,-5.781300000000001
xs_momentum_top_decile,atr_trail_2x,T1a,11,0.18181818181818182,-3.6241636363636363,-39.8658
xs_momentum_top_decile,atr_trail_2x,T2,8,0.625,8.926025000000001,71.40820000000001
xs_momentum_top_decile,atr_trail_2x,T3,31,0.3548387096774194,-0.3432548387096774,-10.640899999999998
xs_momentum_top_decile,atr_trail_2x,unknown,28,0.5,-0.059767857142857164,-1.6735000000000007
xs_momentum_top_decile,atr_trail_mae_conditional,T1a,11,0.36363636363636365,-1.7063545454545455,-18.7699
xs_momentum_top_decile,atr_trail_mae_conditional,T2,8,0.5,3.575025,28.6002
xs_momentum_top_decile,atr_trail_mae_conditional,T3,31,0.2903225806451613,-1.553174193548387,-48.148399999999995
xs_momentum_top_decile,atr_trail_mae_conditional,unknown,28,0.35714285714285715,-0.20647500000000002,-5.781300000000001
xs_momentum_top_decile,atr_trail_vix_conditional,T1a,11,0.2727272727272727,-1.7951636363636363,-19.7468
xs_momentum_top_decile,atr_trail_vix_conditional,T2,8,0.625,6.1018375,48.8147
xs_momentum_top_decile,atr_trail_vix_conditional,T3,31,0.25806451612903225,-1.8908225806451613,-58.6155
xs_momentum_top_decile,atr_trail_vix_conditional,unknown,28,0.35714285714285715,-0.5146142857142857,-14.409199999999998
xs_momentum_top_decile,break_even_at_1r,T1a,11,0.0,-2.3217636363636363,-25.5394
xs_momentum_top_decile,break_even_at_1r,T2,8,0.375,6.0109,48.0872
xs_momentum_top_decile,break_even_at_1r,T3,31,0.16129032258064516,1.554158064516129,48.1789
xs_momentum_top_decile,break_even_at_1r,unknown,28,0.17857142857142858,-0.007614285714285732,-0.2132000000000005
xs_momentum_top_decile,breakeven_plus_trail,T1a,11,0.09090909090909091,0.48468181818181805,5.331499999999998
xs_momentum_top_decile,breakeven_plus_trail,T2,8,0.5,7.668125,61.345
xs_momentum_top_decile,breakeven_plus_trail,T3,31,0.3870967741935484,7.632696774193549,236.61360000000002
xs_momentum_top_decile,breakeven_plus_trail,unknown,28,0.35714285714285715,1.96385,54.9878
xs_momentum_top_decile,chandelier_3x,T1a,11,0.09090909090909091,-0.8515727272727273,-9.3673
xs_momentum_top_decile,chandelier_3x,T2,8,0.125,0.07000000000000006,0.5600000000000005
xs_momentum_top_decile,chandelier_3x,T3,31,0.03225806451612903,-1.339283870967742,-41.5178
xs_momentum_top_decile,chandelier_3x,unknown,28,0.21428571428571427,-1.1942,-33.437599999999996
xs_momentum_top_decile,class_time_stop,T1a,11,0.45454545454545453,-6.26810909090909,-68.94919999999999
xs_momentum_top_decile,class_time_stop,T2,8,0.75,8.1109625,64.8877
xs_momentum_top_decile,class_time_stop,T3,31,0.5161290322580645,1.7808451612903227,55.2062
xs_momentum_top_decile,class_time_stop,unknown,28,0.35714285714285715,-2.340332142857143,-65.5293
xs_momentum_top_decile,earnings_blackout,T1a,11,0.45454545454545453,-5.491018181818182,-60.4012
xs_momentum_top_decile,earnings_blackout,T2,8,0.75,6.1215,48.972
xs_momentum_top_decile,earnings_blackout,T3,31,0.5483870967741935,10.037535483870967,311.1636
xs_momentum_top_decile,earnings_blackout,unknown,28,0.5714285714285714,18.732957142857142,524.5228
xs_momentum_top_decile,fixed_4r_2r,T1a,11,0.09090909090909091,-5.171581818181818,-56.8874
xs_momentum_top_decile,fixed_4r_2r,T2,8,0.5,6.367325,50.9386
xs_momentum_top_decile,fixed_4r_2r,T3,31,0.3870967741935484,1.3509354838709682,41.87900000000001
xs_momentum_top_decile,fixed_4r_2r,unknown,28,0.32142857142857145,-0.7248107142857142,-20.2947
xs_momentum_top_decile,hybrid_50pct_target,T1a,11,0.36363636363636365,-2.5960545454545456,-28.5566
xs_momentum_top_decile,hybrid_50pct_target,T2,8,0.625,6.5942,52.7536
xs_momentum_top_decile,hybrid_50pct_target,T3,31,0.5161290322580645,3.5626774193548387,110.443
xs_momentum_top_decile,hybrid_50pct_target,unknown,28,0.5,0.3661642857142858,10.252600000000001
xs_momentum_top_decile,ma_exit_ema9,T1a,11,0.45454545454545453,-1.2251272727272726,-13.4764
xs_momentum_top_decile,ma_exit_ema9,T2,8,0.375,3.341125,26.729
xs_momentum_top_decile,ma_exit_ema9,T3,31,0.2903225806451613,-0.8573838709677419,-26.5789
xs_momentum_top_decile,ma_exit_ema9,unknown,28,0.32142857142857145,0.17432857142857155,4.881200000000003
xs_momentum_top_decile,mfe_lockin_trail,T1a,11,0.36363636363636365,-1.5104,-16.6144
xs_momentum_top_decile,mfe_lockin_trail,T2,8,0.5,3.5635625,28.5085
xs_momentum_top_decile,mfe_lockin_trail,T3,31,0.2903225806451613,-1.717390322580645,-53.23909999999999
xs_momentum_top_decile,mfe_lockin_trail,unknown,28,0.35714285714285715,-0.5238892857142857,-14.6689
xs_momentum_top_decile,multi_tier_partial,T1a,11,0.45454545454545453,-1.2608727272727274,-13.8696
xs_momentum_top_decile,multi_tier_partial,T2,8,0.625,3.0128125,24.1025
xs_momentum_top_decile,multi_tier_partial,T3,31,0.3870967741935484,-1.0688806451612902,-33.135299999999994
xs_momentum_top_decile,multi_tier_partial,unknown,28,0.6071428571428571,0.6031035714285713,16.886899999999997
xs_momentum_top_decile,next_pivot_target,T1a,11,0.8181818181818182,-0.7455272727272728,-8.200800000000001
xs_momentum_top_decile,next_pivot_target,T2,8,0.75,2.5713500000000002,20.570800000000002
xs_momentum_top_decile,next_pivot_target,T3,31,0.6129032258064516,-0.6311225806451611,-19.564799999999995
xs_momentum_top_decile,next_pivot_target,unknown,28,0.8214285714285714,0.766275,21.4557
xs_momentum_top_decile,r_multiple_2r,T1a,11,0.2727272727272727,-1.2982636363636364,-14.2809
xs_momentum_top_decile,r_multiple_2r,T2,8,0.625,4.6385625,37.1085
xs_momentum_top_decile,r_multiple_2r,T3,31,0.25806451612903225,-1.4445258064516129,-44.7803
xs_momentum_top_decile,r_multiple_2r,unknown,28,0.4642857142857143,1.6288250000000002,45.6071
xs_momentum_top_decile,r_multiple_3r,T1a,11,0.18181818181818182,-1.4828090909090912,-16.310900000000004
xs_momentum_top_decile,r_multiple_3r,T2,8,0.5,5.8564625,46.8517
xs_momentum_top_decile,r_multiple_3r,T3,31,0.1935483870967742,-1.520790322580645,-47.144499999999994
xs_momentum_top_decile,r_multiple_3r,unknown,28,0.35714285714285715,1.6758642857142856,46.9242
xs_momentum_top_decile,regime_flip,T1a,11,0.45454545454545453,-4.116181818181818,-45.278
xs_momentum_top_decile,regime_flip,T2,8,0.625,5.0532625,40.4261
xs_momentum_top_decile,regime_flip,T3,31,0.4838709677419355,1.8398032258064516,57.0339
xs_momentum_top_decile,regime_flip,unknown,28,0.35714285714285715,-1.3800821428571428,-38.6423
xs_momentum_top_decile,reverse_signal,T1a,11,0.36363636363636365,-1.7063545454545455,-18.7699
xs_momentum_top_decile,reverse_signal,T2,8,0.5,3.575025,28.6002
xs_momentum_top_decile,reverse_signal,T3,31,0.2903225806451613,-1.553174193548387,-48.148399999999995
xs_momentum_top_decile,reverse_signal,unknown,28,0.35714285714285715,-0.20647500000000002,-5.781300000000001
xs_momentum_top_decile,smc_mitigation_zone,T1a,11,0.36363636363636365,-1.7063545454545455,-18.7699
xs_momentum_top_decile,smc_mitigation_zone,T2,8,0.5,3.575025,28.6002
xs_momentum_top_decile,smc_mitigation_zone,T3,31,0.2903225806451613,-1.553174193548387,-48.148399999999995
xs_momentum_top_decile,smc_mitigation_zone,unknown,28,0.35714285714285715,-0.20647500000000002,-5.781300000000001
xs_momentum_top_decile,time_stop_10d,T1a,11,0.2727272727272727,-2.3748727272727272,-26.1236
xs_momentum_top_decile,time_stop_10d,T2,8,0.75,6.7200625,53.7605
xs_momentum_top_decile,time_stop_10d,T3,31,0.45161290322580644,-0.33839354838709684,-10.490200000000002
xs_momentum_top_decile,time_stop_10d,unknown,28,0.5357142857142857,2.3949035714285714,67.0573
xs_momentum_top_decile,time_stop_20d,T1a,11,0.45454545454545453,-4.116181818181818,-45.278
xs_momentum_top_decile,time_stop_20d,T2,8,0.625,5.0532625,40.4261
xs_momentum_top_decile,time_stop_20d,T3,31,0.4838709677419355,1.8398032258064516,57.0339
xs_momentum_top_decile,time_stop_20d,unknown,28,0.35714285714285715,-1.3800821428571428,-38.6423
xs_momentum_top_decile,trailing_10pct,T1a,11,0.09090909090909091,-1.1471545454545458,-12.618700000000004
xs_momentum_top_decile,trailing_10pct,T2,8,0.5,5.352062500000001,42.816500000000005
xs_momentum_top_decile,trailing_10pct,T3,31,0.2903225806451613,0.7061935483870969,21.892000000000003
xs_momentum_top_decile,trailing_10pct,unknown,28,0.35714285714285715,-1.1023785714285714,-30.866600000000002
xs_momentum_top_decile,trailing_15pct,T1a,11,0.18181818181818182,-4.0983090909090905,-45.081399999999995
xs_momentum_top_decile,trailing_15pct,T2,8,0.5,4.8948374999999995,39.158699999999996
xs_momentum_top_decile,trailing_15pct,T3,31,0.3870967741935484,3.046274193548387,94.4345
xs_momentum_top_decile,trailing_15pct,unknown,28,0.35714285714285715,0.24327499999999974,6.811699999999993
xs_momentum_top_decile,trailing_5pct,T1a,11,0.18181818181818182,-2.784890909090909,-30.6338
xs_momentum_top_decile,trailing_5pct,T2,8,0.5,1.032575,8.2606
xs_momentum_top_decile,trailing_5pct,T3,31,0.2903225806451613,-0.687225806451613,-21.304000000000002
xs_momentum_top_decile,trailing_5pct,unknown,28,0.32142857142857145,-2.058696428571429,-57.6435
xs_quality_top_quintile_long,atr_trail_1x,T1a,22,0.22727272727272727,-1.5546090909090908,-34.2014
xs_quality_top_quintile_long,atr_trail_1x,T1c,2,0.5,2.7632,5.5264
xs_quality_top_quintile_long,atr_trail_1x,T2,11,0.18181818181818182,-2.664263636363636,-29.3069
xs_quality_top_quintile_long,atr_trail_1x,T3,16,0.3125,-0.8618187500000001,-13.789100000000001
xs_quality_top_quintile_long,atr_trail_1x,unknown,50,0.22,-1.6004759999999998,-80.0238
xs_quality_top_quintile_long,atr_trail_2x,T1a,22,0.2727272727272727,-1.767890909090909,-38.8936
xs_quality_top_quintile_long,atr_trail_2x,T1c,2,0.5,2.1675999999999997,4.3351999999999995
xs_quality_top_quintile_long,atr_trail_2x,T2,11,0.45454545454545453,2.6773818181818183,29.4512
xs_quality_top_quintile_long,atr_trail_2x,T3,16,0.375,-1.7551750000000002,-28.082800000000002
xs_quality_top_quintile_long,atr_trail_2x,unknown,50,0.48,1.9276060000000002,96.3803
xs_quality_top_quintile_long,atr_trail_mae_conditional,T1a,22,0.22727272727272727,-1.5546090909090908,-34.2014
xs_quality_top_quintile_long,atr_trail_mae_conditional,T1c,2,0.5,2.7632,5.5264
xs_quality_top_quintile_long,atr_trail_mae_conditional,T2,11,0.18181818181818182,-2.664263636363636,-29.3069
xs_quality_top_quintile_long,atr_trail_mae_conditional,T3,16,0.3125,-0.8618187500000001,-13.789100000000001
xs_quality_top_quintile_long,atr_trail_mae_conditional,unknown,50,0.22,-1.6004759999999998,-80.0238
xs_quality_top_quintile_long,atr_trail_vix_conditional,T1a,22,0.09090909090909091,-1.7871136363636362,-39.3165
xs_quality_top_quintile_long,atr_trail_vix_conditional,T1c,2,0.5,2.7632,5.5264
xs_quality_top_quintile_long,atr_trail_vix_conditional,T2,11,0.2727272727272727,-0.5002545454545454,-5.502799999999999
xs_quality_top_quintile_long,atr_trail_vix_conditional,T3,16,0.4375,1.00028125,16.0045
xs_quality_top_quintile_long,atr_trail_vix_conditional,unknown,50,0.36,0.45193200000000006,22.596600000000002
xs_quality_top_quintile_long,break_even_at_1r,T1a,22,0.045454545454545456,-1.711718181818182,-37.6578
xs_quality_top_quintile_long,break_even_at_1r,T1c,2,0.5,2.9677499999999997,5.935499999999999
xs_quality_top_quintile_long,break_even_at_1r,T2,11,0.09090909090909091,-2.3541909090909092,-25.8961
xs_quality_top_quintile_long,break_even_at_1r,T3,16,0.0625,-0.87083125,-13.9333
xs_quality_top_quintile_long,break_even_at_1r,unknown,50,0.2,0.08085999999999997,4.042999999999998
xs_quality_top_quintile_long,breakeven_plus_trail,T1a,22,0.09090909090909091,-2.5147363636363633,-55.3242
xs_quality_top_quintile_long,breakeven_plus_trail,T1c,2,0.5,0.20704999999999973,0.41409999999999947
xs_quality_top_quintile_long,breakeven_plus_trail,T2,11,0.36363636363636365,8.644418181818182,95.0886
xs_quality_top_quintile_long,breakeven_plus_trail,T3,16,0.5,2.66873125,42.6997
xs_quality_top_quintile_long,breakeven_plus_trail,unknown,50,0.56,8.342218,417.1109
xs_quality_top_quintile_long,chandelier_3x,T1a,22,0.13636363636363635,-1.9978363636363634,-43.9524
xs_quality_top_quintile_long,chandelier_3x,T1c,2,0.0,-0.901,-1.802
xs_quality_top_quintile_long,chandelier_3x,T2,11,0.18181818181818182,-0.09408181818181824,-1.0349000000000006
xs_quality_top_quintile_long,chandelier_3x,T3,16,0.125,-0.5517812500000001,-8.828500000000002
xs_quality_top_quintile_long,chandelier_3x,unknown,50,0.26,0.471674,23.5837
xs_quality_top_quintile_long,class_time_stop,T1a,22,0.2727272727272727,-5.58224090909091,-122.80930000000001
xs_quality_top_quintile_long,class_time_stop,T1c,2,0.5,3.77045,7.5409
xs_quality_top_quintile_long,class_time_stop,T2,11,0.7272727272727273,4.563172727272727,50.1949
xs_quality_top_quintile_long,class_time_stop,T3,16,0.4375,0.7538624999999999,12.061799999999998
xs_quality_top_quintile_long,class_time_stop,unknown,50,0.64,6.402094,320.1047
xs_quality_top_quintile_long,earnings_blackout,T1a,22,0.3181818181818182,-4.141140909090909,-91.10510000000001
xs_quality_top_quintile_long,earnings_blackout,T1c,2,0.5,-4.950200000000001,-9.900400000000001
xs_quality_top_quintile_long,earnings_blackout,T2,11,0.6363636363636364,4.976627272727273,54.742900000000006
xs_quality_top_quintile_long,earnings_blackout,T3,16,0.4375,-3.24935625,-51.9897
xs_quality_top_quintile_long,earnings_blackout,unknown,50,0.54,1.9854420000000002,99.27210000000001
xs_quality_top_quintile_long,fixed_4r_2r,T1a,22,0.13636363636363635,-3.6207545454545453,-79.6566
xs_quality_top_quintile_long,fixed_4r_2r,T1c,2,0.5,0.6847500000000002,1.3695000000000004
xs_quality_top_quintile_long,fixed_4r_2r,T2,11,0.45454545454545453,4.8099454545454545,52.9094
xs_quality_top_quintile_long,fixed_4r_2r,T3,16,0.3125,0.9347562499999997,14.956099999999996
xs_quality_top_quintile_long,fixed_4r_2r,unknown,50,0.48,3.5709679999999997,178.5484
xs_quality_top_quintile_long,hybrid_50pct_target,T1a,22,0.3181818181818182,-5.002686363636363,-110.0591
xs_quality_top_quintile_long,hybrid_50pct_target,T1c,2,0.5,-1.3701500000000002,-2.7403000000000004
xs_quality_top_quintile_long,hybrid_50pct_target,T2,11,0.7272727272727273,7.025745454545455,77.28320000000001
xs_quality_top_quintile_long,hybrid_50pct_target,T3,16,0.375,2.0719375,33.151
xs_quality_top_quintile_long,hybrid_50pct_target,unknown,50,0.66,5.882344000000001,294.1172
xs_quality_top_quintile_long,ma_exit_ema9,T1a,22,0.2727272727272727,-1.1624727272727273,-25.5744
xs_quality_top_quintile_long,ma_exit_ema9,T1c,2,0.5,4.6377500000000005,9.275500000000001
xs_quality_top_quintile_long,ma_exit_ema9,T2,11,0.2727272727272727,-1.5463,-17.0093
xs_quality_top_quintile_long,ma_exit_ema9,T3,16,0.4375,0.05812499999999998,0.9299999999999997
xs_quality_top_quintile_long,ma_exit_ema9,unknown,50,0.38,1.240844,62.0422
xs_quality_top_quintile_long,mfe_lockin_trail,T1a,22,0.22727272727272727,-1.5413545454545454,-33.9098
xs_quality_top_quintile_long,mfe_lockin_trail,T1c,2,0.5,1.9609,3.9218
xs_quality_top_quintile_long,mfe_lockin_trail,T2,11,0.18181818181818182,-2.664263636363636,-29.3069
xs_quality_top_quintile_long,mfe_lockin_trail,T3,16,0.3125,-1.60451875,-25.6723
xs_quality_top_quintile_long,mfe_lockin_trail,unknown,50,0.22,-1.55072,-77.536
xs_quality_top_quintile_long,multi_tier_partial,T1a,22,0.4090909090909091,-1.225577272727273,-26.9627
xs_quality_top_quintile_long,multi_tier_partial,T1c,2,0.5,1.2854,2.5708
xs_quality_top_quintile_long,multi_tier_partial,T2,11,0.2727272727272727,-2.2103545454545457,-24.3139
xs_quality_top_quintile_long,multi_tier_partial,T3,16,0.5625,-0.28080625000000015,-4.492900000000002
xs_quality_top_quintile_long,multi_tier_partial,unknown,50,0.4,-1.042132,-52.1066
xs_quality_top_quintile_long,next_pivot_target,T1a,22,0.5909090909090909,-1.961559090909091,-43.1543
xs_quality_top_quintile_long,next_pivot_target,T1c,2,1.0,3.727,7.454
xs_quality_top_quintile_long,next_pivot_target,T2,11,0.8181818181818182,1.6213636363636363,17.835
xs_quality_top_quintile_long,next_pivot_target,T3,16,0.6875,-2.1110562500000003,-33.776900000000005
xs_quality_top_quintile_long,next_pivot_target,unknown,50,0.78,0.716006,35.8003
xs_quality_top_quintile_long,r_multiple_2r,T1a,22,0.18181818181818182,-1.5557045454545453,-34.2255
xs_quality_top_quintile_long,r_multiple_2r,T1c,2,0.5,1.38165,2.7633
xs_quality_top_quintile_long,r_multiple_2r,T2,11,0.18181818181818182,-1.7319818181818183,-19.0518
xs_quality_top_quintile_long,r_multiple_2r,T3,16,0.25,-1.0447125,-16.7154
xs_quality_top_quintile_long,r_multiple_2r,unknown,50,0.38,0.525176,26.2588
xs_quality_top_quintile_long,r_multiple_3r,T1a,22,0.09090909090909091,-2.2683181818181817,-49.903
xs_quality_top_quintile_long,r_multiple_3r,T1c,2,0.5,1.4476999999999998,2.8953999999999995
xs_quality_top_quintile_long,r_multiple_3r,T2,11,0.09090909090909091,-2.6244181818181818,-28.8686
xs_quality_top_quintile_long,r_multiple_3r,T3,16,0.25,1.7667375,28.2678
xs_quality_top_quintile_long,r_multiple_3r,unknown,50,0.34,1.38684,69.342
xs_quality_top_quintile_long,regime_flip,T1a,22,0.2727272727272727,-4.5783499999999995,-100.7237
xs_quality_top_quintile_long,regime_flip,T1c,2,0.5,2.1087,4.2174
xs_quality_top_quintile_long,regime_flip,T2,11,0.6363636363636364,3.701463636363636,40.7161
xs_quality_top_quintile_long,regime_flip,T3,16,0.375,0.3064562500000003,4.903300000000005
xs_quality_top_quintile_long,regime_flip,unknown,50,0.58,5.152132,257.6066
xs_quality_top_quintile_long,reverse_signal,T1a,22,0.22727272727272727,-1.5546090909090908,-34.2014
xs_quality_top_quintile_long,reverse_signal,T1c,2,0.5,2.7632,5.5264
xs_quality_top_quintile_long,reverse_signal,T2,11,0.18181818181818182,-2.664263636363636,-29.3069
xs_quality_top_quintile_long,reverse_signal,T3,16,0.3125,-0.8618187500000001,-13.789100000000001
xs_quality_top_quintile_long,reverse_signal,unknown,50,0.22,-1.6004759999999998,-80.0238
xs_quality_top_quintile_long,smc_mitigation_zone,T1a,22,0.22727272727272727,-1.5546090909090908,-34.2014
xs_quality_top_quintile_long,smc_mitigation_zone,T1c,2,0.5,2.7632,5.5264
xs_quality_top_quintile_long,smc_mitigation_zone,T2,11,0.18181818181818182,-2.664263636363636,-29.3069
xs_quality_top_quintile_long,smc_mitigation_zone,T3,16,0.3125,-0.8618187500000001,-13.789100000000001
xs_quality_top_quintile_long,smc_mitigation_zone,unknown,50,0.22,-1.6004759999999998,-80.0238
xs_quality_top_quintile_long,time_stop_10d,T1a,22,0.5,-1.2109454545454545,-26.6408
xs_quality_top_quintile_long,time_stop_10d,T1c,2,1.0,8.9818,17.9636
xs_quality_top_quintile_long,time_stop_10d,T2,11,0.2727272727272727,-1.3684818181818181,-15.0533
xs_quality_top_quintile_long,time_stop_10d,T3,16,0.4375,-0.11408124999999991,-1.8252999999999986
xs_quality_top_quintile_long,time_stop_10d,unknown,50,0.6,3.82449,191.2245
xs_quality_top_quintile_long,time_stop_20d,T1a,22,0.2727272727272727,-4.5783499999999995,-100.7237
xs_quality_top_quintile_long,time_stop_20d,T1c,2,0.5,2.1087,4.2174
xs_quality_top_quintile_long,time_stop_20d,T2,11,0.6363636363636364,3.701463636363636,40.7161
xs_quality_top_quintile_long,time_stop_20d,T3,16,0.375,0.3064562500000003,4.903300000000005
xs_quality_top_quintile_long,time_stop_20d,unknown,50,0.58,5.152132,257.6066
xs_quality_top_quintile_long,trailing_10pct,T1a,22,0.13636363636363635,-5.165740909090909,-113.6463
xs_quality_top_quintile_long,trailing_10pct,T1c,2,0.5,0.5638000000000001,1.1276000000000002
xs_quality_top_quintile_long,trailing_10pct,T2,11,0.45454545454545453,4.69739090909091,51.6713
xs_quality_top_quintile_long,trailing_10pct,T3,16,0.3125,-1.1639625,-18.6234
xs_quality_top_quintile_long,trailing_10pct,unknown,50,0.4,2.693258,134.6629
xs_quality_top_quintile_long,trailing_15pct,T1a,22,0.18181818181818182,-7.831681818181818,-172.297
xs_quality_top_quintile_long,trailing_15pct,T1c,2,0.5,-5.399900000000001,-10.799800000000001
xs_quality_top_quintile_long,trailing_15pct,T2,11,0.6363636363636364,6.425190909090909,70.6771
xs_quality_top_quintile_long,trailing_15pct,T3,16,0.25,-6.2457,-99.9312
xs_quality_top_quintile_long,trailing_15pct,unknown,50,0.5,10.698478,534.9239
xs_quality_top_quintile_long,trailing_5pct,T1a,22,0.13636363636363635,-2.7590727272727276,-60.699600000000004
xs_quality_top_quintile_long,trailing_5pct,T1c,2,0.5,3.0848999999999998,6.1697999999999995
xs_quality_top_quintile_long,trailing_5pct,T2,11,0.2727272727272727,-2.811509090909091,-30.9266
xs_quality_top_quintile_long,trailing_5pct,T3,16,0.1875,-1.5595875000000001,-24.953400000000002
xs_quality_top_quintile_long,trailing_5pct,unknown,50,0.32,-0.40434600000000004,-20.2173
