strategy,exit_method,mfe_bucket,n,win_rate,avg_pnl_pct,total_pnl_pct
adx_initiation,atr_trail_1x,q1_lt_2pct,5,0.0,-5.80666,-29.0333
adx_initiation,atr_trail_1x,q2_2_5pct,1,0.0,-0.0549,-0.0549
adx_initiation,atr_trail_1x,q4_ge_10pct,171,0.24561403508771928,-2.9384251461988304,-502.4707
adx_initiation,atr_trail_2x,q1_lt_2pct,5,0.2,-6.405320000000001,-32.0266
adx_initiation,atr_trail_2x,q2_2_5pct,1,0.0,-19.6616,-19.6616
adx_initiation,atr_trail_2x,q4_ge_10pct,171,0.30409356725146197,-2.6640672514619883,-455.5555
adx_initiation,atr_trail_mae_conditional,q1_lt_2pct,5,0.0,-5.80666,-29.0333
adx_initiation,atr_trail_mae_conditional,q2_2_5pct,1,0.0,-0.0549,-0.0549
adx_initiation,atr_trail_mae_conditional,q4_ge_10pct,171,0.24561403508771928,-2.9384251461988304,-502.4707
adx_initiation,atr_trail_vix_conditional,q1_lt_2pct,5,0.2,-1.3559399999999997,-6.779699999999998
adx_initiation,atr_trail_vix_conditional,q2_2_5pct,1,0.0,-9.5926,-9.5926
adx_initiation,atr_trail_vix_conditional,q4_ge_10pct,171,0.28654970760233917,-2.825132748538012,-483.09770000000003
adx_initiation,break_even_at_1r,q1_lt_2pct,5,0.2,8.73372,43.6686
adx_initiation,break_even_at_1r,q2_2_5pct,1,1.0,8.3174,8.3174
adx_initiation,break_even_at_1r,q4_ge_10pct,171,0.1871345029239766,-3.2508122807017545,-555.8889
adx_initiation,breakeven_plus_trail,q1_lt_2pct,5,0.4,26.953960000000002,134.7698
adx_initiation,breakeven_plus_trail,q2_2_5pct,1,1.0,48.8187,48.8187
adx_initiation,breakeven_plus_trail,q4_ge_10pct,171,0.4502923976608187,5.256678947368421,898.8921
adx_initiation,chandelier_3x,q1_lt_2pct,5,0.0,-0.34248,-1.7124
adx_initiation,chandelier_3x,q2_2_5pct,1,0.0,-0.4474,-0.4474
adx_initiation,chandelier_3x,q4_ge_10pct,171,0.1286549707602339,-0.24135029239766081,-41.2709
adx_initiation,class_time_stop,q1_lt_2pct,5,0.4,2.888239999999999,14.441199999999995
adx_initiation,class_time_stop,q2_2_5pct,1,1.0,60.1214,60.1214
adx_initiation,class_time_stop,q4_ge_10pct,171,0.47368421052631576,1.3802754385964913,236.02710000000002
adx_initiation,earnings_blackout,q1_lt_2pct,5,0.6,33.8756,169.378
adx_initiation,earnings_blackout,q2_2_5pct,1,1.0,20.6143,20.6143
adx_initiation,earnings_blackout,q4_ge_10pct,171,0.49707602339181284,6.13661403508772,1049.361
adx_initiation,fixed_4r_2r,q1_lt_2pct,5,0.2,25.607939999999996,128.03969999999998
adx_initiation,fixed_4r_2r,q2_2_5pct,1,1.0,94.8275,94.8275
adx_initiation,fixed_4r_2r,q4_ge_10pct,171,0.3333333333333333,6.07630350877193,1039.0479
adx_initiation,hybrid_50pct_target,q1_lt_2pct,5,0.2,-7.053319999999999,-35.2666
adx_initiation,hybrid_50pct_target,q2_2_5pct,1,0.0,-10.0,-10.0
adx_initiation,hybrid_50pct_target,q4_ge_10pct,171,0.4093567251461988,0.2590385964912281,44.29560000000001
adx_initiation,ma_exit_ema9,q1_lt_2pct,5,0.0,-5.1964,-25.982
adx_initiation,ma_exit_ema9,q2_2_5pct,1,0.0,-8.2965,-8.2965
adx_initiation,ma_exit_ema9,q4_ge_10pct,171,0.3508771929824561,-0.22354795321637427,-38.2267
adx_initiation,mfe_lockin_trail,q1_lt_2pct,5,0.0,-5.80666,-29.0333
adx_initiation,mfe_lockin_trail,q2_2_5pct,1,0.0,-0.0549,-0.0549
adx_initiation,mfe_lockin_trail,q4_ge_10pct,171,0.24561403508771928,-3.1242637426900584,-534.2491
adx_initiation,multi_tier_partial,q1_lt_2pct,5,0.0,-5.80666,-29.0333
adx_initiation,multi_tier_partial,q2_2_5pct,1,0.0,-0.0549,-0.0549
adx_initiation,multi_tier_partial,q4_ge_10pct,171,0.391812865497076,-2.4025690058479534,-410.83930000000004
adx_initiation,next_pivot_target,q1_lt_2pct,5,0.2,15.736920000000001,78.6846
adx_initiation,next_pivot_target,q2_2_5pct,1,0.0,-10.9128,-10.9128
adx_initiation,next_pivot_target,q4_ge_10pct,171,0.6257309941520468,-1.2200198830409357,-208.6234
adx_initiation,r_multiple_2r,q1_lt_2pct,5,0.2,11.48406,57.4203
adx_initiation,r_multiple_2r,q2_2_5pct,1,1.0,47.4137,47.4137
adx_initiation,r_multiple_2r,q4_ge_10pct,171,0.30409356725146197,-1.827611111111111,-312.5215
adx_initiation,r_multiple_3r,q1_lt_2pct,5,0.2,19.57656,97.8828
adx_initiation,r_multiple_3r,q2_2_5pct,1,1.0,71.1206,71.1206
adx_initiation,r_multiple_3r,q4_ge_10pct,171,0.25146198830409355,-1.4170187134502925,-242.3102
adx_initiation,regime_flip,q1_lt_2pct,5,0.2,-3.4561599999999997,-17.2808
adx_initiation,regime_flip,q2_2_5pct,1,1.0,1.1224,1.1224
adx_initiation,regime_flip,q4_ge_10pct,171,0.4269005847953216,-1.282033918128655,-219.2278
adx_initiation,reverse_signal,q1_lt_2pct,5,0.0,-5.80666,-29.0333
adx_initiation,reverse_signal,q2_2_5pct,1,0.0,-0.0549,-0.0549
adx_initiation,reverse_signal,q4_ge_10pct,171,0.24561403508771928,-2.9384251461988304,-502.4707
adx_initiation,smc_mitigation_zone,q1_lt_2pct,5,0.0,-5.80666,-29.0333
adx_initiation,smc_mitigation_zone,q2_2_5pct,1,0.0,-0.0549,-0.0549
adx_initiation,smc_mitigation_zone,q4_ge_10pct,171,0.24561403508771928,-2.9384251461988304,-502.4707
adx_initiation,time_stop_10d,q1_lt_2pct,5,0.2,-6.33904,-31.6952
adx_initiation,time_stop_10d,q2_2_5pct,1,0.0,-2.5405,-2.5405
adx_initiation,time_stop_10d,q4_ge_10pct,171,0.4853801169590643,-1.6798959064327486,-287.2622
adx_initiation,time_stop_20d,q1_lt_2pct,5,0.2,-3.4561599999999997,-17.2808
adx_initiation,time_stop_20d,q2_2_5pct,1,1.0,1.1224,1.1224
adx_initiation,time_stop_20d,q4_ge_10pct,171,0.4269005847953216,-1.282033918128655,-219.2278
adx_initiation,trailing_10pct,q1_lt_2pct,5,0.0,-10.54058,-52.7029
adx_initiation,trailing_10pct,q2_2_5pct,1,0.0,-10.9128,-10.9128
adx_initiation,trailing_10pct,q4_ge_10pct,171,0.2573099415204678,-2.540260233918129,-434.3845
adx_initiation,trailing_15pct,q1_lt_2pct,5,0.2,-8.51638,-42.5819
adx_initiation,trailing_15pct,q2_2_5pct,1,0.0,-0.0549,-0.0549
adx_initiation,trailing_15pct,q4_ge_10pct,171,0.32748538011695905,-1.182840350877193,-202.26569999999998
adx_initiation,trailing_5pct,q1_lt_2pct,5,0.0,-5.0,-25.0
adx_initiation,trailing_5pct,q2_2_5pct,1,0.0,-5.0,-5.0
adx_initiation,trailing_5pct,q4_ge_10pct,171,0.2046783625730994,-1.7028216374269005,-291.1825
avwap_252_breakout,atr_trail_1x,q1_lt_2pct,1,0.0,-5.0994,-5.0994
avwap_252_breakout,atr_trail_1x,q2_2_5pct,1,0.0,-4.7295,-4.7295
avwap_252_breakout,atr_trail_1x,q3_5_10pct,1,0.0,-2.7178,-2.7178
avwap_252_breakout,atr_trail_1x,q4_ge_10pct,37,0.24324324324324326,-2.6683162162162164,-98.7277
avwap_252_breakout,atr_trail_2x,q1_lt_2pct,1,0.0,-10.1989,-10.1989
avwap_252_breakout,atr_trail_2x,q2_2_5pct,1,1.0,24.5942,24.5942
avwap_252_breakout,atr_trail_2x,q3_5_10pct,1,0.0,-4.4123,-4.4123
avwap_252_breakout,atr_trail_2x,q4_ge_10pct,37,0.3783783783783784,-1.646216216216216,-60.90999999999999
avwap_252_breakout,atr_trail_mae_conditional,q1_lt_2pct,1,0.0,-5.0994,-5.0994
avwap_252_breakout,atr_trail_mae_conditional,q2_2_5pct,1,0.0,-4.7295,-4.7295
avwap_252_breakout,atr_trail_mae_conditional,q3_5_10pct,1,0.0,-2.7178,-2.7178
avwap_252_breakout,atr_trail_mae_conditional,q4_ge_10pct,37,0.24324324324324326,-2.6683162162162164,-98.7277
avwap_252_breakout,atr_trail_vix_conditional,q1_lt_2pct,1,0.0,-7.6491,-7.6491
avwap_252_breakout,atr_trail_vix_conditional,q2_2_5pct,1,1.0,21.7696,21.7696
avwap_252_breakout,atr_trail_vix_conditional,q3_5_10pct,1,0.0,-2.7178,-2.7178
avwap_252_breakout,atr_trail_vix_conditional,q4_ge_10pct,37,0.21621621621621623,-3.218891891891892,-119.099
avwap_252_breakout,break_even_at_1r,q1_lt_2pct,1,0.0,-5.0994,-5.0994
avwap_252_breakout,break_even_at_1r,q2_2_5pct,1,0.0,-4.7295,-4.7295
avwap_252_breakout,break_even_at_1r,q3_5_10pct,1,0.0,-2.7178,-2.7178
avwap_252_breakout,break_even_at_1r,q4_ge_10pct,37,0.13513513513513514,-1.164445945945946,-43.0845
avwap_252_breakout,breakeven_plus_trail,q1_lt_2pct,1,1.0,7.6202,7.6202
avwap_252_breakout,breakeven_plus_trail,q2_2_5pct,1,1.0,20.4305,20.4305
avwap_252_breakout,breakeven_plus_trail,q3_5_10pct,1,0.0,-4.4123,-4.4123
avwap_252_breakout,breakeven_plus_trail,q4_ge_10pct,37,0.4864864864864865,3.193327027027027,118.1531
avwap_252_breakout,chandelier_3x,q1_lt_2pct,1,0.0,-7.9908,-7.9908
avwap_252_breakout,chandelier_3x,q2_2_5pct,1,0.0,-2.7226,-2.7226
avwap_252_breakout,chandelier_3x,q3_5_10pct,1,0.0,-4.2174,-4.2174
avwap_252_breakout,chandelier_3x,q4_ge_10pct,37,0.2972972972972973,-0.8460540540540539,-31.30399999999999
avwap_252_breakout,class_time_stop,q1_lt_2pct,1,1.0,14.6547,14.6547
avwap_252_breakout,class_time_stop,q2_2_5pct,1,1.0,20.0759,20.0759
avwap_252_breakout,class_time_stop,q3_5_10pct,1,0.0,-7.8485,-7.8485
avwap_252_breakout,class_time_stop,q4_ge_10pct,37,0.5405405405405406,0.16290540540540507,6.027499999999987
avwap_252_breakout,earnings_blackout,q1_lt_2pct,1,1.0,8.1489,8.1489
avwap_252_breakout,earnings_blackout,q2_2_5pct,1,1.0,12.8622,12.8622
avwap_252_breakout,earnings_blackout,q3_5_10pct,1,0.0,-16.8162,-16.8162
avwap_252_breakout,earnings_blackout,q4_ge_10pct,37,0.5945945945945946,3.029921621621621,112.10709999999999
avwap_252_breakout,fixed_4r_2r,q1_lt_2pct,1,0.0,-10.1989,-10.1989
avwap_252_breakout,fixed_4r_2r,q2_2_5pct,1,1.0,19.2854,19.2854
avwap_252_breakout,fixed_4r_2r,q3_5_10pct,1,0.0,-4.4123,-4.4123
avwap_252_breakout,fixed_4r_2r,q4_ge_10pct,37,0.40540540540540543,0.6361405405405405,23.5372
avwap_252_breakout,hybrid_50pct_target,q1_lt_2pct,1,1.0,11.1113,11.1113
avwap_252_breakout,hybrid_50pct_target,q2_2_5pct,1,1.0,15.6086,15.6086
avwap_252_breakout,hybrid_50pct_target,q3_5_10pct,1,0.0,-10.0,-10.0
avwap_252_breakout,hybrid_50pct_target,q4_ge_10pct,37,0.8648648648648649,6.8674027027027025,254.0939
avwap_252_breakout,ma_exit_ema9,q1_lt_2pct,1,0.0,-10.0,-10.0
avwap_252_breakout,ma_exit_ema9,q2_2_5pct,1,0.0,-3.1956,-3.1956
avwap_252_breakout,ma_exit_ema9,q3_5_10pct,1,0.0,-1.7696,-1.7696
avwap_252_breakout,ma_exit_ema9,q4_ge_10pct,37,0.32432432432432434,-1.206,-44.622
avwap_252_breakout,mfe_lockin_trail,q1_lt_2pct,1,0.0,-5.0994,-5.0994
avwap_252_breakout,mfe_lockin_trail,q2_2_5pct,1,0.0,-4.7295,-4.7295
avwap_252_breakout,mfe_lockin_trail,q3_5_10pct,1,0.0,-2.7178,-2.7178
avwap_252_breakout,mfe_lockin_trail,q4_ge_10pct,37,0.24324324324324326,-2.7236864864864865,-100.7764
avwap_252_breakout,multi_tier_partial,q1_lt_2pct,1,0.0,-5.0994,-5.0994
avwap_252_breakout,multi_tier_partial,q2_2_5pct,1,0.0,-4.7295,-4.7295
avwap_252_breakout,multi_tier_partial,q3_5_10pct,1,0.0,-2.7178,-2.7178
avwap_252_breakout,multi_tier_partial,q4_ge_10pct,37,0.4864864864864865,-1.9936216216216216,-73.764
avwap_252_breakout,next_pivot_target,q1_lt_2pct,1,0.0,-10.0,-10.0
avwap_252_breakout,next_pivot_target,q2_2_5pct,1,1.0,2.1652,2.1652
avwap_252_breakout,next_pivot_target,q3_5_10pct,1,0.0,-10.0,-10.0
avwap_252_breakout,next_pivot_target,q4_ge_10pct,37,0.6486486486486487,1.0060783783783787,37.22490000000001
avwap_252_breakout,r_multiple_2r,q1_lt_2pct,1,0.0,-5.0994,-5.0994
avwap_252_breakout,r_multiple_2r,q2_2_5pct,1,0.0,-4.7295,-4.7295
avwap_252_breakout,r_multiple_2r,q3_5_10pct,1,0.0,-2.7178,-2.7178
avwap_252_breakout,r_multiple_2r,q4_ge_10pct,37,0.32432432432432434,0.16446756756756772,6.0853000000000055
avwap_252_breakout,r_multiple_3r,q1_lt_2pct,1,0.0,-5.0994,-5.0994
avwap_252_breakout,r_multiple_3r,q2_2_5pct,1,0.0,-4.7295,-4.7295
avwap_252_breakout,r_multiple_3r,q3_5_10pct,1,0.0,-2.7178,-2.7178
avwap_252_breakout,r_multiple_3r,q4_ge_10pct,37,0.24324324324324326,-0.4614864864864864,-17.074999999999996
avwap_252_breakout,regime_flip,q1_lt_2pct,1,1.0,8.6827,8.6827
avwap_252_breakout,regime_flip,q2_2_5pct,1,1.0,15.9997,15.9997
avwap_252_breakout,regime_flip,q3_5_10pct,1,0.0,-9.0291,-9.0291
avwap_252_breakout,regime_flip,q4_ge_10pct,37,0.4864864864864865,-4.194391891891891,-155.1925
avwap_252_breakout,reverse_signal,q1_lt_2pct,1,0.0,-5.0994,-5.0994
avwap_252_breakout,reverse_signal,q2_2_5pct,1,0.0,-4.7295,-4.7295
avwap_252_breakout,reverse_signal,q3_5_10pct,1,0.0,-2.7178,-2.7178
avwap_252_breakout,reverse_signal,q4_ge_10pct,37,0.24324324324324326,-2.6683162162162164,-98.7277
avwap_252_breakout,smc_mitigation_zone,q1_lt_2pct,1,0.0,-5.0994,-5.0994
avwap_252_breakout,smc_mitigation_zone,q2_2_5pct,1,0.0,-4.7295,-4.7295
avwap_252_breakout,smc_mitigation_zone,q3_5_10pct,1,0.0,-2.7178,-2.7178
avwap_252_breakout,smc_mitigation_zone,q4_ge_10pct,37,0.24324324324324326,-2.6683162162162164,-98.7277
avwap_252_breakout,time_stop_10d,q1_lt_2pct,1,1.0,9.1851,9.1851
avwap_252_breakout,time_stop_10d,q2_2_5pct,1,1.0,7.5631,7.5631
avwap_252_breakout,time_stop_10d,q3_5_10pct,1,0.0,-6.3665,-6.3665
avwap_252_breakout,time_stop_10d,q4_ge_10pct,37,0.5135135135135135,-2.781191891891892,-102.90410000000001
avwap_252_breakout,time_stop_20d,q1_lt_2pct,1,1.0,8.6827,8.6827
avwap_252_breakout,time_stop_20d,q2_2_5pct,1,1.0,15.9997,15.9997
avwap_252_breakout,time_stop_20d,q3_5_10pct,1,0.0,-9.0291,-9.0291
avwap_252_breakout,time_stop_20d,q4_ge_10pct,37,0.4864864864864865,-4.194391891891891,-155.1925
avwap_252_breakout,trailing_10pct,q1_lt_2pct,1,0.0,-10.0,-10.0
avwap_252_breakout,trailing_10pct,q2_2_5pct,1,1.0,17.0286,17.0286
avwap_252_breakout,trailing_10pct,q3_5_10pct,1,0.0,-10.0,-10.0
avwap_252_breakout,trailing_10pct,q4_ge_10pct,37,0.40540540540540543,1.5035918918918918,55.6329
avwap_252_breakout,trailing_15pct,q1_lt_2pct,1,0.0,-10.5143,-10.5143
avwap_252_breakout,trailing_15pct,q2_2_5pct,1,1.0,13.7399,13.7399
avwap_252_breakout,trailing_15pct,q3_5_10pct,1,0.0,-15.0,-15.0
avwap_252_breakout,trailing_15pct,q4_ge_10pct,37,0.40540540540540543,2.3205189189189186,85.85919999999999
avwap_252_breakout,trailing_5pct,q1_lt_2pct,1,0.0,-5.0,-5.0
avwap_252_breakout,trailing_5pct,q2_2_5pct,1,0.0,-5.0,-5.0
avwap_252_breakout,trailing_5pct,q3_5_10pct,1,0.0,-5.3868,-5.3868
avwap_252_breakout,trailing_5pct,q4_ge_10pct,37,0.24324324324324326,-0.3619702702702703,-13.392900000000001
avwap_50_reclaim,atr_trail_1x,q1_lt_2pct,8,0.0,-7.445225,-59.5618
avwap_50_reclaim,atr_trail_1x,q3_5_10pct,2,0.0,-2.8266,-5.6532
avwap_50_reclaim,atr_trail_1x,q4_ge_10pct,239,0.28451882845188287,-2.175402510460251,-519.9212
avwap_50_reclaim,atr_trail_2x,q1_lt_2pct,8,0.125,-4.250125,-34.001
avwap_50_reclaim,atr_trail_2x,q3_5_10pct,2,0.0,-5.6532,-11.3064
avwap_50_reclaim,atr_trail_2x,q4_ge_10pct,239,0.32217573221757323,-2.097002510460251,-501.1836
avwap_50_reclaim,atr_trail_mae_conditional,q1_lt_2pct,8,0.0,-7.445225,-59.5618
avwap_50_reclaim,atr_trail_mae_conditional,q3_5_10pct,2,0.0,-2.8266,-5.6532
avwap_50_reclaim,atr_trail_mae_conditional,q4_ge_10pct,239,0.28451882845188287,-2.175402510460251,-519.9212
avwap_50_reclaim,atr_trail_vix_conditional,q1_lt_2pct,8,0.0,-8.88465,-71.0772
avwap_50_reclaim,atr_trail_vix_conditional,q3_5_10pct,2,0.0,-2.1199500000000002,-4.2399000000000004
avwap_50_reclaim,atr_trail_vix_conditional,q4_ge_10pct,239,0.2594142259414226,-2.3429464435146445,-559.9642
avwap_50_reclaim,break_even_at_1r,q1_lt_2pct,8,0.0,-7.445225,-59.5618
avwap_50_reclaim,break_even_at_1r,q3_5_10pct,2,0.0,-2.8266,-5.6532
avwap_50_reclaim,break_even_at_1r,q4_ge_10pct,239,0.13807531380753138,-1.9142665271966528,-457.5097
avwap_50_reclaim,breakeven_plus_trail,q1_lt_2pct,8,0.25,-4.102612500000001,-32.82090000000001
avwap_50_reclaim,breakeven_plus_trail,q3_5_10pct,2,0.0,-5.6532,-11.3064
avwap_50_reclaim,breakeven_plus_trail,q4_ge_10pct,239,0.36401673640167365,0.5531669456066944,132.20689999999996
avwap_50_reclaim,chandelier_3x,q1_lt_2pct,8,0.125,-8.163174999999999,-65.30539999999999
avwap_50_reclaim,chandelier_3x,q3_5_10pct,2,0.0,-7.36395,-14.7279
avwap_50_reclaim,chandelier_3x,q4_ge_10pct,239,0.3138075313807531,-1.4812175732217574,-354.011
avwap_50_reclaim,class_time_stop,q1_lt_2pct,8,0.375,-9.4582125,-75.6657
avwap_50_reclaim,class_time_stop,q3_5_10pct,2,0.0,-30.064999999999998,-60.129999999999995
avwap_50_reclaim,class_time_stop,q4_ge_10pct,239,0.4686192468619247,-2.3573493723849372,-563.4065
avwap_50_reclaim,earnings_blackout,q1_lt_2pct,8,0.375,-4.760624999999999,-38.084999999999994
avwap_50_reclaim,earnings_blackout,q3_5_10pct,2,0.5,-1.7259499999999999,-3.4518999999999997
avwap_50_reclaim,earnings_blackout,q4_ge_10pct,239,0.4435146443514644,-4.419608368200836,-1056.2864
avwap_50_reclaim,fixed_4r_2r,q1_lt_2pct,8,0.125,-5.6589625,-45.2717
avwap_50_reclaim,fixed_4r_2r,q3_5_10pct,2,0.0,-5.6532,-11.3064
avwap_50_reclaim,fixed_4r_2r,q4_ge_10pct,239,0.301255230125523,-2.6891121338912134,-642.6978
avwap_50_reclaim,hybrid_50pct_target,q1_lt_2pct,8,0.5,-28.0666625,-224.5333
avwap_50_reclaim,hybrid_50pct_target,q3_5_10pct,2,0.5,-14.09615,-28.1923
avwap_50_reclaim,hybrid_50pct_target,q4_ge_10pct,239,0.7280334728033473,-20.741001255230124,-4957.0993
avwap_50_reclaim,ma_exit_ema9,q1_lt_2pct,8,0.0,-7.765625,-62.125
avwap_50_reclaim,ma_exit_ema9,q3_5_10pct,2,0.0,-4.8153,-9.6306
avwap_50_reclaim,ma_exit_ema9,q4_ge_10pct,239,0.301255230125523,-1.490323430962343,-356.1873
avwap_50_reclaim,mfe_lockin_trail,q1_lt_2pct,8,0.0,-7.445225,-59.5618
avwap_50_reclaim,mfe_lockin_trail,q3_5_10pct,2,0.0,-2.8266,-5.6532
avwap_50_reclaim,mfe_lockin_trail,q4_ge_10pct,239,0.28451882845188287,-2.2241531380753137,-531.5726
avwap_50_reclaim,multi_tier_partial,q1_lt_2pct,8,0.0,-7.445225,-59.5618
avwap_50_reclaim,multi_tier_partial,q3_5_10pct,2,0.0,-2.8266,-5.6532
avwap_50_reclaim,multi_tier_partial,q4_ge_10pct,239,0.401673640167364,-1.6675225941422593,-398.5379
avwap_50_reclaim,next_pivot_target,q1_lt_2pct,8,0.0,-11.0189625,-88.1517
avwap_50_reclaim,next_pivot_target,q3_5_10pct,2,0.5,-2.48875,-4.9775
avwap_50_reclaim,next_pivot_target,q4_ge_10pct,239,0.7071129707112971,-1.2549083682008366,-299.9231
avwap_50_reclaim,r_multiple_2r,q1_lt_2pct,8,0.0,-7.445225,-59.5618
avwap_50_reclaim,r_multiple_2r,q3_5_10pct,2,0.0,-2.8266,-5.6532
avwap_50_reclaim,r_multiple_2r,q4_ge_10pct,239,0.301255230125523,-1.2826443514644352,-306.552
avwap_50_reclaim,r_multiple_3r,q1_lt_2pct,8,0.0,-7.445225,-59.5618
avwap_50_reclaim,r_multiple_3r,q3_5_10pct,2,0.0,-2.8266,-5.6532
avwap_50_reclaim,r_multiple_3r,q4_ge_10pct,239,0.21338912133891214,-1.8283786610878663,-436.9825
avwap_50_reclaim,regime_flip,q1_lt_2pct,8,0.375,-10.887112499999999,-87.09689999999999
avwap_50_reclaim,regime_flip,q3_5_10pct,2,0.5,-0.24885,-0.4977
avwap_50_reclaim,regime_flip,q4_ge_10pct,239,0.4476987447698745,-2.121587866108787,-507.0595
avwap_50_reclaim,reverse_signal,q1_lt_2pct,8,0.0,-7.445225,-59.5618
avwap_50_reclaim,reverse_signal,q3_5_10pct,2,0.0,-2.8266,-5.6532
avwap_50_reclaim,reverse_signal,q4_ge_10pct,239,0.28451882845188287,-2.175402510460251,-519.9212
avwap_50_reclaim,smc_mitigation_zone,q1_lt_2pct,8,0.0,-7.445225,-59.5618
avwap_50_reclaim,smc_mitigation_zone,q3_5_10pct,2,0.0,-2.8266,-5.6532
avwap_50_reclaim,smc_mitigation_zone,q4_ge_10pct,239,0.28451882845188287,-2.175402510460251,-519.9212
avwap_50_reclaim,time_stop_10d,q1_lt_2pct,8,0.25,-13.1917,-105.5336
avwap_50_reclaim,time_stop_10d,q3_5_10pct,2,0.0,-5.2452,-10.4904
avwap_50_reclaim,time_stop_10d,q4_ge_10pct,239,0.4435146443514644,-1.2555125523012551,-300.0675
avwap_50_reclaim,time_stop_20d,q1_lt_2pct,8,0.375,-10.887112499999999,-87.09689999999999
avwap_50_reclaim,time_stop_20d,q3_5_10pct,2,0.5,-0.24885,-0.4977
avwap_50_reclaim,time_stop_20d,q4_ge_10pct,239,0.4476987447698745,-2.121587866108787,-507.0595
avwap_50_reclaim,trailing_10pct,q1_lt_2pct,8,0.0,-11.0091,-88.0728
avwap_50_reclaim,trailing_10pct,q3_5_10pct,2,0.0,-9.4953,-18.9906
avwap_50_reclaim,trailing_10pct,q4_ge_10pct,239,0.29707112970711297,-2.15418870292887,-514.8511
avwap_50_reclaim,trailing_15pct,q1_lt_2pct,8,0.0,-15.8989875,-127.1919
avwap_50_reclaim,trailing_15pct,q3_5_10pct,2,0.0,-14.89535,-29.7907
avwap_50_reclaim,trailing_15pct,q4_ge_10pct,239,0.3389121338912134,-1.4566765690376569,-348.1457
avwap_50_reclaim,trailing_5pct,q1_lt_2pct,8,0.0,-5.0,-40.0
avwap_50_reclaim,trailing_5pct,q3_5_10pct,2,0.0,-5.0,-10.0
avwap_50_reclaim,trailing_5pct,q4_ge_10pct,239,0.26359832635983266,-1.9405924686192468,-463.8016
awesome_oscillator,atr_trail_1x,q1_lt_2pct,1,0.0,-8.1777,-8.1777
awesome_oscillator,atr_trail_1x,q4_ge_10pct,41,0.2926829268292683,-1.3070121951219513,-53.587500000000006
awesome_oscillator,atr_trail_2x,q1_lt_2pct,1,0.0,-16.3553,-16.3553
awesome_oscillator,atr_trail_2x,q4_ge_10pct,41,0.3170731707317073,-0.939912195121951,-38.53639999999999
awesome_oscillator,atr_trail_mae_conditional,q1_lt_2pct,1,0.0,-8.1777,-8.1777
awesome_oscillator,atr_trail_mae_conditional,q4_ge_10pct,41,0.2926829268292683,-1.3070121951219513,-53.587500000000006
awesome_oscillator,atr_trail_vix_conditional,q1_lt_2pct,1,0.0,-12.2665,-12.2665
awesome_oscillator,atr_trail_vix_conditional,q4_ge_10pct,41,0.2682926829268293,-0.7150560975609755,-29.317299999999996
awesome_oscillator,break_even_at_1r,q1_lt_2pct,1,0.0,-8.1777,-8.1777
awesome_oscillator,break_even_at_1r,q4_ge_10pct,41,0.1951219512195122,1.1227609756097559,46.033199999999994
awesome_oscillator,breakeven_plus_trail,q1_lt_2pct,1,0.0,-16.3553,-16.3553
awesome_oscillator,breakeven_plus_trail,q4_ge_10pct,41,0.3902439024390244,3.922821951219513,160.83570000000003
awesome_oscillator,chandelier_3x,q1_lt_2pct,1,0.0,-20.754,-20.754
awesome_oscillator,chandelier_3x,q4_ge_10pct,41,0.3170731707317073,1.3400975609756098,54.944
awesome_oscillator,class_time_stop,q1_lt_2pct,1,0.0,-26.3912,-26.3912
awesome_oscillator,class_time_stop,q4_ge_10pct,41,0.5609756097560976,2.8792146341463414,118.0478
awesome_oscillator,earnings_blackout,q1_lt_2pct,1,0.0,-0.9446,-0.9446
awesome_oscillator,earnings_blackout,q4_ge_10pct,41,0.6097560975609756,-3.3516853658536574,-137.41909999999996
awesome_oscillator,fixed_4r_2r,q1_lt_2pct,1,0.0,-16.3553,-16.3553
awesome_oscillator,fixed_4r_2r,q4_ge_10pct,41,0.3170731707317073,0.762687804878049,31.27020000000001
awesome_oscillator,hybrid_50pct_target,q1_lt_2pct,1,0.0,-10.0,-10.0
awesome_oscillator,hybrid_50pct_target,q4_ge_10pct,41,0.4878048780487805,-20.11750487804878,-824.8177
awesome_oscillator,ma_exit_ema9,q1_lt_2pct,1,0.0,-10.0,-10.0
awesome_oscillator,ma_exit_ema9,q4_ge_10pct,41,0.2926829268292683,1.0355756097560975,42.4586
awesome_oscillator,mfe_lockin_trail,q1_lt_2pct,1,0.0,-8.1777,-8.1777
awesome_oscillator,mfe_lockin_trail,q4_ge_10pct,41,0.3170731707317073,-1.3295219512195122,-54.510400000000004
awesome_oscillator,multi_tier_partial,q1_lt_2pct,1,0.0,-8.1777,-8.1777
awesome_oscillator,multi_tier_partial,q4_ge_10pct,41,0.3902439024390244,-1.0636390243902438,-43.6092
awesome_oscillator,next_pivot_target,q1_lt_2pct,1,0.0,-16.3553,-16.3553
awesome_oscillator,next_pivot_target,q4_ge_10pct,41,0.6829268292682927,-0.6544170731707316,-26.831099999999996
awesome_oscillator,r_multiple_2r,q1_lt_2pct,1,0.0,-8.1777,-8.1777
awesome_oscillator,r_multiple_2r,q4_ge_10pct,41,0.3902439024390244,1.3404804878048777,54.95969999999999
awesome_oscillator,r_multiple_3r,q1_lt_2pct,1,0.0,-8.1777,-8.1777
awesome_oscillator,r_multiple_3r,q4_ge_10pct,41,0.2682926829268293,1.2479829268292681,51.1673
awesome_oscillator,regime_flip,q1_lt_2pct,1,0.0,-29.2462,-29.2462
awesome_oscillator,regime_flip,q4_ge_10pct,41,0.5853658536585366,3.1524585365853657,129.2508
awesome_oscillator,reverse_signal,q1_lt_2pct,1,0.0,-8.1777,-8.1777
awesome_oscillator,reverse_signal,q4_ge_10pct,41,0.2926829268292683,-1.3070121951219513,-53.587500000000006
awesome_oscillator,smc_mitigation_zone,q1_lt_2pct,1,0.0,-8.1777,-8.1777
awesome_oscillator,smc_mitigation_zone,q4_ge_10pct,41,0.2926829268292683,-1.3070121951219513,-53.587500000000006
awesome_oscillator,time_stop_10d,q1_lt_2pct,1,0.0,-13.3576,-13.3576
awesome_oscillator,time_stop_10d,q4_ge_10pct,41,0.5365853658536586,1.5812121951219513,64.8297
awesome_oscillator,time_stop_20d,q1_lt_2pct,1,0.0,-29.2462,-29.2462
awesome_oscillator,time_stop_20d,q4_ge_10pct,41,0.5853658536585366,3.1524585365853657,129.2508
awesome_oscillator,trailing_10pct,q1_lt_2pct,1,0.0,-10.0,-10.0
awesome_oscillator,trailing_10pct,q4_ge_10pct,41,0.2926829268292683,-0.8615317073170734,-35.32280000000001
awesome_oscillator,trailing_15pct,q1_lt_2pct,1,0.0,-15.0,-15.0
awesome_oscillator,trailing_15pct,q4_ge_10pct,41,0.4146341463414634,0.9905975609756097,40.6145
awesome_oscillator,trailing_5pct,q1_lt_2pct,1,0.0,-5.0,-5.0
awesome_oscillator,trailing_5pct,q4_ge_10pct,41,0.12195121951219512,-2.3799731707317076,-97.5789
bollinger_lower,atr_trail_1x,q1_lt_2pct,5,0.0,-5.0595799999999995,-25.2979
bollinger_lower,atr_trail_1x,q3_5_10pct,1,0.0,-4.7608,-4.7608
bollinger_lower,atr_trail_1x,q4_ge_10pct,22,0.2727272727272727,1.419040909090909,31.2189
bollinger_lower,atr_trail_2x,q1_lt_2pct,5,0.2,-6.22542,-31.1271
bollinger_lower,atr_trail_2x,q3_5_10pct,1,0.0,-9.5217,-9.5217
bollinger_lower,atr_trail_2x,q4_ge_10pct,22,0.3181818181818182,4.617622727272727,101.5877
bollinger_lower,atr_trail_mae_conditional,q1_lt_2pct,5,0.0,-5.0595799999999995,-25.2979
bollinger_lower,atr_trail_mae_conditional,q3_5_10pct,1,0.0,-4.7608,-4.7608
bollinger_lower,atr_trail_mae_conditional,q4_ge_10pct,22,0.2727272727272727,1.419040909090909,31.2189
bollinger_lower,atr_trail_vix_conditional,q1_lt_2pct,5,0.0,-4.76426,-23.8213
bollinger_lower,atr_trail_vix_conditional,q3_5_10pct,1,0.0,-7.1413,-7.1413
bollinger_lower,atr_trail_vix_conditional,q4_ge_10pct,22,0.36363636363636365,6.121459090909091,134.6721
bollinger_lower,break_even_at_1r,q1_lt_2pct,5,0.0,-5.0595799999999995,-25.2979
bollinger_lower,break_even_at_1r,q3_5_10pct,1,0.0,-4.7608,-4.7608
bollinger_lower,break_even_at_1r,q4_ge_10pct,22,0.2727272727272727,1.7177636363636362,37.7908
bollinger_lower,breakeven_plus_trail,q1_lt_2pct,5,0.4,-4.8179,-24.0895
bollinger_lower,breakeven_plus_trail,q3_5_10pct,1,0.0,-9.5217,-9.5217
bollinger_lower,breakeven_plus_trail,q4_ge_10pct,22,0.4090909090909091,6.194918181818182,136.28820000000002
bollinger_lower,chandelier_3x,q1_lt_2pct,5,0.0,-0.3169,-1.5845
bollinger_lower,chandelier_3x,q3_5_10pct,1,0.0,-0.2207,-0.2207
bollinger_lower,chandelier_3x,q4_ge_10pct,22,0.0,-0.2298909090909091,-5.0576
bollinger_lower,class_time_stop,q1_lt_2pct,5,0.4,-5.6535400000000005,-28.2677
bollinger_lower,class_time_stop,q3_5_10pct,1,0.0,-10.3411,-10.3411
bollinger_lower,class_time_stop,q4_ge_10pct,22,0.5,6.54235,143.9317
bollinger_lower,earnings_blackout,q1_lt_2pct,5,0.2,2.76832,13.8416
bollinger_lower,earnings_blackout,q3_5_10pct,1,0.0,-96.2245,-96.2245
bollinger_lower,earnings_blackout,q4_ge_10pct,22,0.45454545454545453,-1.8445045454545452,-40.5791
bollinger_lower,fixed_4r_2r,q1_lt_2pct,5,0.4,0.77224,3.8612
bollinger_lower,fixed_4r_2r,q3_5_10pct,1,0.0,-9.5217,-9.5217
bollinger_lower,fixed_4r_2r,q4_ge_10pct,22,0.36363636363636365,3.2110454545454545,70.643
bollinger_lower,hybrid_50pct_target,q1_lt_2pct,5,0.4,-45.365899999999996,-226.8295
bollinger_lower,hybrid_50pct_target,q3_5_10pct,1,1.0,15.7809,15.7809
bollinger_lower,hybrid_50pct_target,q4_ge_10pct,22,0.45454545454545453,4.970336363636363,109.3474
bollinger_lower,ma_exit_ema9,q1_lt_2pct,5,0.0,-5.208019999999999,-26.0401
bollinger_lower,ma_exit_ema9,q3_5_10pct,1,0.0,-7.6705,-7.6705
bollinger_lower,ma_exit_ema9,q4_ge_10pct,22,0.6363636363636364,2.373959090909091,52.2271
bollinger_lower,mfe_lockin_trail,q1_lt_2pct,5,0.0,-5.0595799999999995,-25.2979
bollinger_lower,mfe_lockin_trail,q3_5_10pct,1,0.0,-4.7608,-4.7608
bollinger_lower,mfe_lockin_trail,q4_ge_10pct,22,0.2727272727272727,0.612359090909091,13.471900000000002
bollinger_lower,multi_tier_partial,q1_lt_2pct,5,0.0,-5.0595799999999995,-25.2979
bollinger_lower,multi_tier_partial,q3_5_10pct,1,0.0,-4.7608,-4.7608
bollinger_lower,multi_tier_partial,q4_ge_10pct,22,0.45454545454545453,1.6871636363636364,37.1176
bollinger_lower,next_pivot_target,q1_lt_2pct,5,0.4,-2.1657800000000003,-10.8289
bollinger_lower,next_pivot_target,q3_5_10pct,1,0.0,-10.0,-10.0
bollinger_lower,next_pivot_target,q4_ge_10pct,22,0.6363636363636364,2.1864454545454546,48.1018
bollinger_lower,r_multiple_2r,q1_lt_2pct,5,0.0,-5.0595799999999995,-25.2979
bollinger_lower,r_multiple_2r,q3_5_10pct,1,0.0,-4.7608,-4.7608
bollinger_lower,r_multiple_2r,q4_ge_10pct,22,0.4090909090909091,5.168131818181818,113.6989
bollinger_lower,r_multiple_3r,q1_lt_2pct,5,0.0,-5.0595799999999995,-25.2979
bollinger_lower,r_multiple_3r,q3_5_10pct,1,0.0,-4.7608,-4.7608
bollinger_lower,r_multiple_3r,q4_ge_10pct,22,0.3181818181818182,4.146381818181818,91.2204
bollinger_lower,regime_flip,q1_lt_2pct,5,0.4,-13.8124,-69.062
bollinger_lower,regime_flip,q3_5_10pct,1,0.0,-16.5259,-16.5259
bollinger_lower,regime_flip,q4_ge_10pct,22,0.45454545454545453,7.014590909090909,154.321
bollinger_lower,reverse_signal,q1_lt_2pct,5,0.2,-7.88802,-39.4401
bollinger_lower,reverse_signal,q3_5_10pct,1,0.0,-7.6705,-7.6705
bollinger_lower,reverse_signal,q4_ge_10pct,22,0.4090909090909091,1.7860727272727273,39.2936
bollinger_lower,smc_mitigation_zone,q1_lt_2pct,5,0.0,-5.0595799999999995,-25.2979
bollinger_lower,smc_mitigation_zone,q3_5_10pct,1,0.0,-4.7608,-4.7608
bollinger_lower,smc_mitigation_zone,q4_ge_10pct,22,0.2727272727272727,1.419040909090909,31.2189
bollinger_lower,time_stop_10d,q1_lt_2pct,5,0.2,-8.90832,-44.5416
bollinger_lower,time_stop_10d,q3_5_10pct,1,0.0,-3.8753,-3.8753
bollinger_lower,time_stop_10d,q4_ge_10pct,22,0.5454545454545454,6.06145,133.3519
bollinger_lower,time_stop_20d,q1_lt_2pct,5,0.4,-13.8124,-69.062
bollinger_lower,time_stop_20d,q3_5_10pct,1,0.0,-16.5259,-16.5259
bollinger_lower,time_stop_20d,q4_ge_10pct,22,0.45454545454545453,7.014590909090909,154.321
bollinger_lower,trailing_10pct,q1_lt_2pct,5,0.4,-4.3623400000000006,-21.811700000000002
bollinger_lower,trailing_10pct,q3_5_10pct,1,0.0,-10.0,-10.0
bollinger_lower,trailing_10pct,q4_ge_10pct,22,0.3181818181818182,1.6680636363636365,36.6974
bollinger_lower,trailing_15pct,q1_lt_2pct,5,0.2,-0.9967399999999997,-4.983699999999999
bollinger_lower,trailing_15pct,q3_5_10pct,1,0.0,-15.0,-15.0
bollinger_lower,trailing_15pct,q4_ge_10pct,22,0.45454545454545453,2.296259090909091,50.517700000000005
bollinger_lower,trailing_5pct,q1_lt_2pct,5,0.0,-4.574,-22.87
bollinger_lower,trailing_5pct,q3_5_10pct,1,0.0,-5.0,-5.0
bollinger_lower,trailing_5pct,q4_ge_10pct,22,0.18181818181818182,-1.6707545454545454,-36.7566
bollinger_tight,atr_trail_1x,q2_2_5pct,1,0.0,-2.1513,-2.1513
bollinger_tight,atr_trail_1x,q4_ge_10pct,85,0.2235294117647059,-2.2620411764705883,-192.2735
bollinger_tight,atr_trail_2x,q2_2_5pct,1,0.0,-4.3025,-4.3025
bollinger_tight,atr_trail_2x,q4_ge_10pct,85,0.36470588235294116,0.4040976470588238,34.34830000000002
bollinger_tight,atr_trail_mae_conditional,q2_2_5pct,1,0.0,-2.1513,-2.1513
bollinger_tight,atr_trail_mae_conditional,q4_ge_10pct,85,0.2235294117647059,-2.2620411764705883,-192.2735
bollinger_tight,atr_trail_vix_conditional,q2_2_5pct,1,0.0,-3.2269,-3.2269
bollinger_tight,atr_trail_vix_conditional,q4_ge_10pct,85,0.24705882352941178,-1.7695835294117648,-150.4146
bollinger_tight,break_even_at_1r,q2_2_5pct,1,0.0,-2.1513,-2.1513
bollinger_tight,break_even_at_1r,q4_ge_10pct,85,0.1411764705882353,-2.561531764705882,-217.7302
bollinger_tight,breakeven_plus_trail,q2_2_5pct,1,0.0,-4.3025,-4.3025
bollinger_tight,breakeven_plus_trail,q4_ge_10pct,85,0.4588235294117647,3.838670588235294,326.287
bollinger_tight,chandelier_3x,q2_2_5pct,1,0.0,-0.1219,-0.1219
bollinger_tight,chandelier_3x,q4_ge_10pct,85,0.03529411764705882,-0.6054929411764706,-51.4669
bollinger_tight,class_time_stop,q2_2_5pct,1,0.0,-2.3707,-2.3707
bollinger_tight,class_time_stop,q4_ge_10pct,85,0.4470588235294118,0.40922588235294116,34.7842
bollinger_tight,earnings_blackout,q2_2_5pct,1,1.0,2.491,2.491
bollinger_tight,earnings_blackout,q4_ge_10pct,85,0.5058823529411764,2.2859411764705886,194.30500000000004
bollinger_tight,fixed_4r_2r,q2_2_5pct,1,0.0,-4.3025,-4.3025
bollinger_tight,fixed_4r_2r,q4_ge_10pct,85,0.3764705882352941,1.8721247058823531,159.13060000000002
bollinger_tight,hybrid_50pct_target,q2_2_5pct,1,1.0,3.2269,3.2269
bollinger_tight,hybrid_50pct_target,q4_ge_10pct,85,0.5058823529411764,-4.486941176470588,-381.39
bollinger_tight,ma_exit_ema9,q2_2_5pct,1,0.0,-2.9367,-2.9367
bollinger_tight,ma_exit_ema9,q4_ge_10pct,85,0.4588235294117647,0.07493764705882357,6.3697000000000035
bollinger_tight,mfe_lockin_trail,q2_2_5pct,1,0.0,-2.1513,-2.1513
bollinger_tight,mfe_lockin_trail,q4_ge_10pct,85,0.23529411764705882,-2.3305976470588234,-198.1008
bollinger_tight,multi_tier_partial,q2_2_5pct,1,0.0,-2.1513,-2.1513
bollinger_tight,multi_tier_partial,q4_ge_10pct,85,0.3176470588235294,-1.8182129411764707,-154.5481
bollinger_tight,next_pivot_target,q2_2_5pct,1,1.0,3.1947,3.1947
bollinger_tight,next_pivot_target,q4_ge_10pct,85,0.6470588235294118,-1.1184858823529413,-95.07130000000001
bollinger_tight,r_multiple_2r,q2_2_5pct,1,0.0,-2.1513,-2.1513
bollinger_tight,r_multiple_2r,q4_ge_10pct,85,0.25882352941176473,-2.096505882352941,-178.203
bollinger_tight,r_multiple_3r,q2_2_5pct,1,0.0,-2.1513,-2.1513
bollinger_tight,r_multiple_3r,q4_ge_10pct,85,0.2,-2.3574164705882352,-200.3804
bollinger_tight,regime_flip,q2_2_5pct,1,1.0,2.5962,2.5962
bollinger_tight,regime_flip,q4_ge_10pct,85,0.5176470588235295,1.6004623529411761,136.03929999999997
bollinger_tight,reverse_signal,q2_2_5pct,1,1.0,6.1609,6.1609
bollinger_tight,reverse_signal,q4_ge_10pct,85,0.5176470588235295,-1.3306870588235296,-113.10840000000002
bollinger_tight,smc_mitigation_zone,q2_2_5pct,1,0.0,-2.1513,-2.1513
bollinger_tight,smc_mitigation_zone,q4_ge_10pct,85,0.2235294117647059,-2.2620411764705883,-192.2735
bollinger_tight,time_stop_10d,q2_2_5pct,1,0.0,-1.4065,-1.4065
bollinger_tight,time_stop_10d,q4_ge_10pct,85,0.4823529411764706,0.46345647058823547,39.39380000000001
bollinger_tight,time_stop_20d,q2_2_5pct,1,1.0,2.5962,2.5962
bollinger_tight,time_stop_20d,q4_ge_10pct,85,0.5176470588235295,1.6004623529411761,136.03929999999997
bollinger_tight,trailing_10pct,q2_2_5pct,1,0.0,-0.7511,-0.7511
bollinger_tight,trailing_10pct,q4_ge_10pct,85,0.3176470588235294,-1.1781176470588233,-100.13999999999999
bollinger_tight,trailing_15pct,q2_2_5pct,1,0.0,-6.265,-6.265
bollinger_tight,trailing_15pct,q4_ge_10pct,85,0.3411764705882353,-1.567409411764706,-133.2298
bollinger_tight,trailing_5pct,q2_2_5pct,1,0.0,-5.0,-5.0
bollinger_tight,trailing_5pct,q4_ge_10pct,85,0.23529411764705882,-1.4346741176470588,-121.9473
break_retest_confluence,atr_trail_1x,q1_lt_2pct,1,0.0,-4.4034,-4.4034
break_retest_confluence,atr_trail_1x,q4_ge_10pct,16,0.0625,-2.7745687500000003,-44.393100000000004
break_retest_confluence,atr_trail_2x,q1_lt_2pct,1,0.0,-8.8068,-8.8068
break_retest_confluence,atr_trail_2x,q4_ge_10pct,16,0.375,1.0540562500000001,16.864900000000002
break_retest_confluence,atr_trail_mae_conditional,q1_lt_2pct,1,0.0,-4.4034,-4.4034
break_retest_confluence,atr_trail_mae_conditional,q4_ge_10pct,16,0.0625,-2.7745687500000003,-44.393100000000004
break_retest_confluence,atr_trail_vix_conditional,q1_lt_2pct,1,0.0,-6.6051,-6.6051
break_retest_confluence,atr_trail_vix_conditional,q4_ge_10pct,16,0.0625,-3.07700625,-49.2321
break_retest_confluence,break_even_at_1r,q1_lt_2pct,1,0.0,-4.4034,-4.4034
break_retest_confluence,break_even_at_1r,q4_ge_10pct,16,0.125,-1.0569937500000002,-16.911900000000003
break_retest_confluence,breakeven_plus_trail,q1_lt_2pct,1,0.0,-8.8068,-8.8068
break_retest_confluence,breakeven_plus_trail,q4_ge_10pct,16,0.375,5.59585625,89.5337
break_retest_confluence,chandelier_3x,q1_lt_2pct,1,0.0,-6.3714,-6.3714
break_retest_confluence,chandelier_3x,q4_ge_10pct,16,0.25,2.0929562500000003,33.487300000000005
break_retest_confluence,class_time_stop,q1_lt_2pct,1,0.0,-13.8339,-13.8339
break_retest_confluence,class_time_stop,q4_ge_10pct,16,0.5,2.3904,38.2464
break_retest_confluence,earnings_blackout,q1_lt_2pct,1,0.0,-51.3241,-51.3241
break_retest_confluence,earnings_blackout,q4_ge_10pct,16,0.5625,4.70269375,75.2431
break_retest_confluence,fixed_4r_2r,q1_lt_2pct,1,0.0,-8.8068,-8.8068
break_retest_confluence,fixed_4r_2r,q4_ge_10pct,16,0.25,-0.9789437499999998,-15.663099999999996
break_retest_confluence,hybrid_50pct_target,q1_lt_2pct,1,1.0,8.6347,8.6347
break_retest_confluence,hybrid_50pct_target,q4_ge_10pct,16,0.6875,0.8979625000000003,14.367400000000005
break_retest_confluence,ma_exit_ema9,q1_lt_2pct,1,0.0,-3.9501,-3.9501
break_retest_confluence,ma_exit_ema9,q4_ge_10pct,16,0.125,-1.76285,-28.2056
break_retest_confluence,mfe_lockin_trail,q1_lt_2pct,1,0.0,-4.4034,-4.4034
break_retest_confluence,mfe_lockin_trail,q4_ge_10pct,16,0.0625,-2.7745687500000003,-44.393100000000004
break_retest_confluence,multi_tier_partial,q1_lt_2pct,1,0.0,-4.4034,-4.4034
break_retest_confluence,multi_tier_partial,q4_ge_10pct,16,0.25,-2.32116875,-37.1387
break_retest_confluence,next_pivot_target,q1_lt_2pct,1,0.0,-10.0,-10.0
break_retest_confluence,next_pivot_target,q4_ge_10pct,16,0.8125,0.5313625,8.5018
break_retest_confluence,r_multiple_2r,q1_lt_2pct,1,0.0,-4.4034,-4.4034
break_retest_confluence,r_multiple_2r,q4_ge_10pct,16,0.25,-1.2525375,-20.0406
break_retest_confluence,r_multiple_3r,q1_lt_2pct,1,0.0,-4.4034,-4.4034
break_retest_confluence,r_multiple_3r,q4_ge_10pct,16,0.125,-1.2842000000000002,-20.547200000000004
break_retest_confluence,regime_flip,q1_lt_2pct,1,0.0,-15.7084,-15.7084
break_retest_confluence,regime_flip,q4_ge_10pct,16,0.4375,-1.4644499999999998,-23.431199999999997
break_retest_confluence,reverse_signal,q1_lt_2pct,1,0.0,-4.4034,-4.4034
break_retest_confluence,reverse_signal,q4_ge_10pct,16,0.0625,-2.7745687500000003,-44.393100000000004
break_retest_confluence,smc_mitigation_zone,q1_lt_2pct,1,0.0,-4.4034,-4.4034
break_retest_confluence,smc_mitigation_zone,q4_ge_10pct,16,0.0625,-2.7745687500000003,-44.393100000000004
break_retest_confluence,time_stop_10d,q1_lt_2pct,1,0.0,-15.7084,-15.7084
break_retest_confluence,time_stop_10d,q4_ge_10pct,16,0.5625,0.19288125000000012,3.086100000000002
break_retest_confluence,time_stop_20d,q1_lt_2pct,1,0.0,-15.7084,-15.7084
break_retest_confluence,time_stop_20d,q4_ge_10pct,16,0.4375,-1.4644499999999998,-23.431199999999997
break_retest_confluence,trailing_10pct,q1_lt_2pct,1,0.0,-10.0,-10.0
break_retest_confluence,trailing_10pct,q4_ge_10pct,16,0.1875,-3.42379375,-54.7807
break_retest_confluence,trailing_15pct,q1_lt_2pct,1,0.0,-15.0,-15.0
break_retest_confluence,trailing_15pct,q4_ge_10pct,16,0.4375,4.879975000000001,78.07960000000001
break_retest_confluence,trailing_5pct,q1_lt_2pct,1,0.0,-5.0,-5.0
break_retest_confluence,trailing_5pct,q4_ge_10pct,16,0.3125,-1.2876125,-20.6018
break_retest_volume,atr_trail_1x,q1_lt_2pct,1,0.0,-6.8981,-6.8981
break_retest_volume,atr_trail_1x,q4_ge_10pct,49,0.2857142857142857,-1.152473469387755,-56.471199999999996
break_retest_volume,atr_trail_2x,q1_lt_2pct,1,0.0,-23.3325,-23.3325
break_retest_volume,atr_trail_2x,q4_ge_10pct,49,0.3877551020408163,0.5003775510204082,24.5185
break_retest_volume,atr_trail_mae_conditional,q1_lt_2pct,1,0.0,-6.8981,-6.8981
break_retest_volume,atr_trail_mae_conditional,q4_ge_10pct,49,0.2857142857142857,-1.152473469387755,-56.471199999999996
break_retest_volume,atr_trail_vix_conditional,q1_lt_2pct,1,0.0,-10.3471,-10.3471
break_retest_volume,atr_trail_vix_conditional,q4_ge_10pct,49,0.32653061224489793,-1.2444653061224489,-60.9788
break_retest_volume,break_even_at_1r,q1_lt_2pct,1,0.0,-6.8981,-6.8981
break_retest_volume,break_even_at_1r,q4_ge_10pct,49,0.14285714285714285,0.001508163265306124,0.07390000000000008
break_retest_volume,breakeven_plus_trail,q1_lt_2pct,1,0.0,-13.7961,-13.7961
break_retest_volume,breakeven_plus_trail,q4_ge_10pct,49,0.40816326530612246,5.414081632653062,265.29
break_retest_volume,chandelier_3x,q1_lt_2pct,1,0.0,-23.3325,-23.3325
break_retest_volume,chandelier_3x,q4_ge_10pct,49,0.32653061224489793,-0.5741081632653062,-28.131300000000003
break_retest_volume,class_time_stop,q1_lt_2pct,1,0.0,-28.6757,-28.6757
break_retest_volume,class_time_stop,q4_ge_10pct,49,0.5306122448979592,0.3222489795918366,15.790199999999995
break_retest_volume,earnings_blackout,q1_lt_2pct,1,1.0,3.9435,3.9435
break_retest_volume,earnings_blackout,q4_ge_10pct,49,0.5918367346938775,-8.569026530612247,-419.88230000000004
break_retest_volume,fixed_4r_2r,q1_lt_2pct,1,0.0,-23.3325,-23.3325
break_retest_volume,fixed_4r_2r,q4_ge_10pct,49,0.3673469387755102,0.9625367346938777,47.164300000000004
break_retest_volume,hybrid_50pct_target,q1_lt_2pct,1,1.0,16.6294,16.6294
break_retest_volume,hybrid_50pct_target,q4_ge_10pct,49,0.5102040816326531,-10.722636734693877,-525.4091999999999
break_retest_volume,ma_exit_ema9,q1_lt_2pct,1,0.0,-7.3031,-7.3031
break_retest_volume,ma_exit_ema9,q4_ge_10pct,49,0.32653061224489793,0.7296530612244897,35.75299999999999
break_retest_volume,mfe_lockin_trail,q1_lt_2pct,1,0.0,-6.8981,-6.8981
break_retest_volume,mfe_lockin_trail,q4_ge_10pct,49,0.2857142857142857,-0.8619857142857144,-42.237300000000005
break_retest_volume,multi_tier_partial,q1_lt_2pct,1,0.0,-6.8981,-6.8981
break_retest_volume,multi_tier_partial,q4_ge_10pct,49,0.46938775510204084,-0.2125775510204082,-10.416300000000001
break_retest_volume,next_pivot_target,q1_lt_2pct,1,0.0,-10.0,-10.0
break_retest_volume,next_pivot_target,q4_ge_10pct,49,0.8775510204081632,1.6320551020408165,79.97070000000001
break_retest_volume,r_multiple_2r,q1_lt_2pct,1,0.0,-6.8981,-6.8981
break_retest_volume,r_multiple_2r,q4_ge_10pct,49,0.3877551020408163,1.144995918367347,56.104800000000004
break_retest_volume,r_multiple_3r,q1_lt_2pct,1,0.0,-6.8981,-6.8981
break_retest_volume,r_multiple_3r,q4_ge_10pct,49,0.20408163265306123,-0.2669102040816327,-13.078600000000002
break_retest_volume,regime_flip,q1_lt_2pct,1,0.0,-24.7133,-24.7133
break_retest_volume,regime_flip,q4_ge_10pct,49,0.5510204081632653,1.6450285714285715,80.60640000000001
break_retest_volume,reverse_signal,q1_lt_2pct,1,0.0,-6.8981,-6.8981
break_retest_volume,reverse_signal,q4_ge_10pct,49,0.2857142857142857,-1.152473469387755,-56.471199999999996
break_retest_volume,smc_mitigation_zone,q1_lt_2pct,1,0.0,-6.8981,-6.8981
break_retest_volume,smc_mitigation_zone,q4_ge_10pct,49,0.2857142857142857,-1.152473469387755,-56.471199999999996
break_retest_volume,time_stop_10d,q1_lt_2pct,1,1.0,3.3031,3.3031
break_retest_volume,time_stop_10d,q4_ge_10pct,49,0.6122448979591837,1.540763265306122,75.49739999999998
break_retest_volume,time_stop_20d,q1_lt_2pct,1,0.0,-24.7133,-24.7133
break_retest_volume,time_stop_20d,q4_ge_10pct,49,0.5510204081632653,1.6450285714285715,80.60640000000001
break_retest_volume,trailing_10pct,q1_lt_2pct,1,0.0,-10.0,-10.0
break_retest_volume,trailing_10pct,q4_ge_10pct,49,0.3673469387755102,0.9309591836734693,45.617
break_retest_volume,trailing_15pct,q1_lt_2pct,1,0.0,-23.3325,-23.3325
break_retest_volume,trailing_15pct,q4_ge_10pct,49,0.40816326530612246,1.1889857142857145,58.26030000000001
break_retest_volume,trailing_5pct,q1_lt_2pct,1,0.0,-5.0,-5.0
break_retest_volume,trailing_5pct,q4_ge_10pct,49,0.22448979591836735,-1.508669387755102,-73.9248
buyback_8k_recent_long,atr_trail_1x,q1_lt_2pct,3,0.0,-12.912666666666667,-38.738
buyback_8k_recent_long,atr_trail_1x,q4_ge_10pct,55,0.23636363636363636,-1.5849745454545454,-87.1736
buyback_8k_recent_long,atr_trail_2x,q1_lt_2pct,3,0.0,-26.069733333333335,-78.20920000000001
buyback_8k_recent_long,atr_trail_2x,q4_ge_10pct,55,0.2727272727272727,-1.971207272727273,-108.41640000000001
buyback_8k_recent_long,atr_trail_mae_conditional,q1_lt_2pct,3,0.0,-12.912666666666667,-38.738
buyback_8k_recent_long,atr_trail_mae_conditional,q4_ge_10pct,55,0.23636363636363636,-1.5849745454545454,-87.1736
buyback_8k_recent_long,atr_trail_vix_conditional,q1_lt_2pct,3,0.0,-10.323400000000001,-30.970200000000002
buyback_8k_recent_long,atr_trail_vix_conditional,q4_ge_10pct,55,0.23636363636363636,-1.2376690909090908,-68.0718
buyback_8k_recent_long,break_even_at_1r,q1_lt_2pct,3,0.0,-12.912666666666667,-38.738
buyback_8k_recent_long,break_even_at_1r,q4_ge_10pct,55,0.12727272727272726,0.7387745454545454,40.6326
buyback_8k_recent_long,breakeven_plus_trail,q1_lt_2pct,3,0.0,-25.825333333333333,-77.476
buyback_8k_recent_long,breakeven_plus_trail,q4_ge_10pct,55,0.32727272727272727,2.2086418181818184,121.4753
buyback_8k_recent_long,chandelier_3x,q1_lt_2pct,3,0.0,-0.3610333333333333,-1.0831
buyback_8k_recent_long,chandelier_3x,q4_ge_10pct,55,0.12727272727272726,-1.0418818181818181,-57.3035
buyback_8k_recent_long,class_time_stop,q1_lt_2pct,3,0.0,-32.036633333333334,-96.1099
buyback_8k_recent_long,class_time_stop,q4_ge_10pct,55,0.38181818181818183,-0.7648272727272727,-42.0655
buyback_8k_recent_long,earnings_blackout,q1_lt_2pct,3,0.0,-41.9267,-125.78009999999999
buyback_8k_recent_long,earnings_blackout,q4_ge_10pct,55,0.45454545454545453,-0.5475109090909089,-30.11309999999999
buyback_8k_recent_long,fixed_4r_2r,q1_lt_2pct,3,0.0,-26.069733333333335,-78.20920000000001
buyback_8k_recent_long,fixed_4r_2r,q4_ge_10pct,55,0.2909090909090909,-0.590778181818182,-32.49280000000001
buyback_8k_recent_long,hybrid_50pct_target,q1_lt_2pct,3,0.0,-10.0,-30.0
buyback_8k_recent_long,hybrid_50pct_target,q4_ge_10pct,55,0.36363636363636365,-0.09229272727272723,-5.076099999999998
buyback_8k_recent_long,ma_exit_ema9,q1_lt_2pct,3,0.0,-6.394566666666667,-19.1837
buyback_8k_recent_long,ma_exit_ema9,q4_ge_10pct,55,0.32727272727272727,-0.3156109090909092,-17.358600000000006
buyback_8k_recent_long,mfe_lockin_trail,q1_lt_2pct,3,0.0,-12.912666666666667,-38.738
buyback_8k_recent_long,mfe_lockin_trail,q4_ge_10pct,55,0.23636363636363636,-1.4682890909090909,-80.7559
buyback_8k_recent_long,multi_tier_partial,q1_lt_2pct,3,0.0,-12.912666666666667,-38.738
buyback_8k_recent_long,multi_tier_partial,q4_ge_10pct,55,0.5454545454545454,-0.26792363636363636,-14.735800000000001
buyback_8k_recent_long,next_pivot_target,q1_lt_2pct,3,0.0,-10.0,-30.0
buyback_8k_recent_long,next_pivot_target,q4_ge_10pct,55,0.6181818181818182,-0.2746781818181818,-15.1073
buyback_8k_recent_long,r_multiple_2r,q1_lt_2pct,3,0.0,-12.912666666666667,-38.738
buyback_8k_recent_long,r_multiple_2r,q4_ge_10pct,55,0.3090909090909091,0.2946563636363635,16.206099999999992
buyback_8k_recent_long,r_multiple_3r,q1_lt_2pct,3,0.0,-12.912666666666667,-38.738
buyback_8k_recent_long,r_multiple_3r,q4_ge_10pct,55,0.2545454545454545,0.5598272727272727,30.7905
buyback_8k_recent_long,regime_flip,q1_lt_2pct,3,0.0,-33.57873333333334,-100.73620000000001
buyback_8k_recent_long,regime_flip,q4_ge_10pct,55,0.38181818181818183,-2.507169090909091,-137.89430000000002
buyback_8k_recent_long,reverse_signal,q1_lt_2pct,3,0.0,-12.912666666666667,-38.738
buyback_8k_recent_long,reverse_signal,q4_ge_10pct,55,0.23636363636363636,-1.5849745454545454,-87.1736
buyback_8k_recent_long,smc_mitigation_zone,q1_lt_2pct,3,0.0,-12.912666666666667,-38.738
buyback_8k_recent_long,smc_mitigation_zone,q4_ge_10pct,55,0.23636363636363636,-1.5849745454545454,-87.1736
buyback_8k_recent_long,time_stop_10d,q1_lt_2pct,3,0.0,-19.916,-59.748000000000005
buyback_8k_recent_long,time_stop_10d,q4_ge_10pct,55,0.36363636363636365,-1.663256363636364,-91.47910000000002
buyback_8k_recent_long,time_stop_20d,q1_lt_2pct,3,0.0,-33.57873333333334,-100.73620000000001
buyback_8k_recent_long,time_stop_20d,q4_ge_10pct,55,0.38181818181818183,-2.507169090909091,-137.89430000000002
buyback_8k_recent_long,trailing_10pct,q1_lt_2pct,3,0.0,-10.0,-30.0
buyback_8k_recent_long,trailing_10pct,q4_ge_10pct,55,0.2727272727272727,-1.4354145454545455,-78.9478
buyback_8k_recent_long,trailing_15pct,q1_lt_2pct,3,0.0,-15.0,-45.0
buyback_8k_recent_long,trailing_15pct,q4_ge_10pct,55,0.32727272727272727,0.6717000000000002,36.94350000000001
buyback_8k_recent_long,trailing_5pct,q1_lt_2pct,3,0.0,-5.0,-15.0
buyback_8k_recent_long,trailing_5pct,q4_ge_10pct,55,0.18181818181818182,-1.805809090909091,-99.3195
camarilla_r3_breakout,atr_trail_1x,q1_lt_2pct,6,0.0,-6.82235,-40.9341
camarilla_r3_breakout,atr_trail_1x,q4_ge_10pct,55,0.23636363636363636,-2.717061818181818,-149.4384
camarilla_r3_breakout,atr_trail_2x,q1_lt_2pct,6,0.16666666666666666,-10.552683333333333,-63.3161
camarilla_r3_breakout,atr_trail_2x,q4_ge_10pct,55,0.36363636363636365,-4.6057581818181825,-253.31670000000003
camarilla_r3_breakout,atr_trail_mae_conditional,q1_lt_2pct,6,0.0,-6.82235,-40.9341
camarilla_r3_breakout,atr_trail_mae_conditional,q4_ge_10pct,55,0.23636363636363636,-2.717061818181818,-149.4384
camarilla_r3_breakout,atr_trail_vix_conditional,q1_lt_2pct,6,0.16666666666666666,-5.611833333333333,-33.671
camarilla_r3_breakout,atr_trail_vix_conditional,q4_ge_10pct,55,0.23636363636363636,-4.052125454545455,-222.86690000000002
camarilla_r3_breakout,break_even_at_1r,q1_lt_2pct,6,0.0,-6.82235,-40.9341
camarilla_r3_breakout,break_even_at_1r,q4_ge_10pct,55,0.14545454545454545,-2.5734399999999997,-141.5392
camarilla_r3_breakout,breakeven_plus_trail,q1_lt_2pct,6,0.16666666666666666,-7.3608,-44.1648
camarilla_r3_breakout,breakeven_plus_trail,q4_ge_10pct,55,0.5272727272727272,1.114769090909091,61.31230000000001
camarilla_r3_breakout,chandelier_3x,q1_lt_2pct,6,0.0,-6.8485000000000005,-41.091
camarilla_r3_breakout,chandelier_3x,q4_ge_10pct,55,0.2545454545454545,-1.2969381818181818,-71.3316
camarilla_r3_breakout,class_time_stop,q1_lt_2pct,6,0.0,-11.380649999999997,-68.28389999999999
camarilla_r3_breakout,class_time_stop,q4_ge_10pct,55,0.36363636363636365,-4.7121309090909085,-259.1672
camarilla_r3_breakout,earnings_blackout,q1_lt_2pct,6,0.3333333333333333,-10.632466666666666,-63.794799999999995
camarilla_r3_breakout,earnings_blackout,q4_ge_10pct,55,0.45454545454545453,-2.6383363636363635,-145.1085
camarilla_r3_breakout,fixed_4r_2r,q1_lt_2pct,6,0.16666666666666666,-7.79495,-46.7697
camarilla_r3_breakout,fixed_4r_2r,q4_ge_10pct,55,0.38181818181818183,-0.8634563636363637,-47.490100000000005
camarilla_r3_breakout,hybrid_50pct_target,q1_lt_2pct,6,0.3333333333333333,-35.04815,-210.28889999999998
camarilla_r3_breakout,hybrid_50pct_target,q4_ge_10pct,55,0.509090909090909,1.6947,93.2085
camarilla_r3_breakout,ma_exit_ema9,q1_lt_2pct,6,0.0,-6.328083333333333,-37.9685
camarilla_r3_breakout,ma_exit_ema9,q4_ge_10pct,55,0.2909090909090909,-1.777978181818182,-97.78880000000001
camarilla_r3_breakout,mfe_lockin_trail,q1_lt_2pct,6,0.0,-6.82235,-40.9341
camarilla_r3_breakout,mfe_lockin_trail,q4_ge_10pct,55,0.23636363636363636,-2.637967272727273,-145.0882
camarilla_r3_breakout,multi_tier_partial,q1_lt_2pct,6,0.0,-6.82235,-40.9341
camarilla_r3_breakout,multi_tier_partial,q4_ge_10pct,55,0.36363636363636365,-2.1943799999999998,-120.6909
camarilla_r3_breakout,next_pivot_target,q1_lt_2pct,6,0.5,-5.43795,-32.6277
camarilla_r3_breakout,next_pivot_target,q4_ge_10pct,55,0.5818181818181818,-1.7516909090909092,-96.343
camarilla_r3_breakout,r_multiple_2r,q1_lt_2pct,6,0.0,-6.82235,-40.9341
camarilla_r3_breakout,r_multiple_2r,q4_ge_10pct,55,0.3090909090909091,-1.0782527272727274,-59.303900000000006
camarilla_r3_breakout,r_multiple_3r,q1_lt_2pct,6,0.0,-6.82235,-40.9341
camarilla_r3_breakout,r_multiple_3r,q4_ge_10pct,55,0.2727272727272727,0.037970909090909236,2.088400000000008
camarilla_r3_breakout,regime_flip,q1_lt_2pct,6,0.3333333333333333,-8.370683333333334,-50.2241
camarilla_r3_breakout,regime_flip,q4_ge_10pct,55,0.5636363636363636,1.957927272727273,107.686
camarilla_r3_breakout,reverse_signal,q1_lt_2pct,6,0.0,-6.82235,-40.9341
camarilla_r3_breakout,reverse_signal,q4_ge_10pct,55,0.23636363636363636,-2.717061818181818,-149.4384
camarilla_r3_breakout,smc_mitigation_zone,q1_lt_2pct,6,0.0,-6.82235,-40.9341
camarilla_r3_breakout,smc_mitigation_zone,q4_ge_10pct,55,0.23636363636363636,-2.717061818181818,-149.4384
camarilla_r3_breakout,time_stop_10d,q1_lt_2pct,6,0.3333333333333333,-8.8286,-52.9716
camarilla_r3_breakout,time_stop_10d,q4_ge_10pct,55,0.5454545454545454,-3.567689090909091,-196.2229
camarilla_r3_breakout,time_stop_20d,q1_lt_2pct,6,0.3333333333333333,-8.370683333333334,-50.2241
camarilla_r3_breakout,time_stop_20d,q4_ge_10pct,55,0.5636363636363636,1.957927272727273,107.686
camarilla_r3_breakout,trailing_10pct,q1_lt_2pct,6,0.16666666666666666,-4.021083333333334,-24.126500000000004
camarilla_r3_breakout,trailing_10pct,q4_ge_10pct,55,0.2727272727272727,-2.4332527272727273,-133.8289
camarilla_r3_breakout,trailing_15pct,q1_lt_2pct,6,0.16666666666666666,-8.835483333333334,-53.0129
camarilla_r3_breakout,trailing_15pct,q4_ge_10pct,55,0.32727272727272727,-1.086747272727273,-59.771100000000004
camarilla_r3_breakout,trailing_5pct,q1_lt_2pct,6,0.0,-5.0,-30.0
camarilla_r3_breakout,trailing_5pct,q4_ge_10pct,55,0.16363636363636364,-1.7682727272727272,-97.255
cmf_flip,atr_trail_1x,q1_lt_2pct,6,0.0,-6.057083333333334,-36.3425
cmf_flip,atr_trail_1x,q4_ge_10pct,130,0.23846153846153847,-1.7538830769230769,-228.0048
cmf_flip,atr_trail_2x,q1_lt_2pct,6,0.0,-12.114216666666666,-72.6853
cmf_flip,atr_trail_2x,q4_ge_10pct,130,0.36153846153846153,1.9406253846153845,252.2813
cmf_flip,atr_trail_mae_conditional,q1_lt_2pct,6,0.0,-6.057083333333334,-36.3425
cmf_flip,atr_trail_mae_conditional,q4_ge_10pct,130,0.23846153846153847,-1.7538830769230769,-228.0048
cmf_flip,atr_trail_vix_conditional,q1_lt_2pct,6,0.0,-4.869833333333333,-29.218999999999998
cmf_flip,atr_trail_vix_conditional,q4_ge_10pct,130,0.3076923076923077,0.12261538461538458,15.939999999999996
cmf_flip,break_even_at_1r,q1_lt_2pct,6,0.0,-6.057083333333334,-36.3425
cmf_flip,break_even_at_1r,q4_ge_10pct,130,0.16153846153846155,0.2861653846153847,37.20150000000001
cmf_flip,breakeven_plus_trail,q1_lt_2pct,6,0.0,-12.114216666666666,-72.6853
cmf_flip,breakeven_plus_trail,q4_ge_10pct,130,0.43846153846153846,6.101129230769231,793.1468
cmf_flip,chandelier_3x,q1_lt_2pct,6,0.0,-3.295,-19.77
cmf_flip,chandelier_3x,q4_ge_10pct,130,0.09230769230769231,0.4158084615384614,54.05509999999998
cmf_flip,class_time_stop,q1_lt_2pct,6,0.0,-18.764416666666666,-112.5865
cmf_flip,class_time_stop,q4_ge_10pct,130,0.5230769230769231,0.9933692307692308,129.138
cmf_flip,earnings_blackout,q1_lt_2pct,6,0.16666666666666666,-18.50165,-111.0099
cmf_flip,earnings_blackout,q4_ge_10pct,130,0.5461538461538461,3.8045615384615386,494.593
cmf_flip,fixed_4r_2r,q1_lt_2pct,6,0.0,-12.114216666666666,-72.6853
cmf_flip,fixed_4r_2r,q4_ge_10pct,130,0.4,1.5412076923076923,200.357
cmf_flip,hybrid_50pct_target,q1_lt_2pct,6,0.0,-13.113166666666666,-78.679
cmf_flip,hybrid_50pct_target,q4_ge_10pct,130,0.6615384615384615,3.135478461538461,407.6122
cmf_flip,ma_exit_ema9,q1_lt_2pct,6,0.0,-5.021366666666666,-30.1282
cmf_flip,ma_exit_ema9,q4_ge_10pct,130,0.4153846153846154,0.22427999999999998,29.156399999999998
cmf_flip,mfe_lockin_trail,q1_lt_2pct,6,0.0,-6.057083333333334,-36.3425
cmf_flip,mfe_lockin_trail,q4_ge_10pct,130,0.23846153846153847,-1.7015976923076923,-221.2077
cmf_flip,multi_tier_partial,q1_lt_2pct,6,0.0,-6.057083333333334,-36.3425
cmf_flip,multi_tier_partial,q4_ge_10pct,130,0.3923076923076923,-1.1656523076923075,-151.5348
cmf_flip,next_pivot_target,q1_lt_2pct,6,0.0,-10.0,-60.0
cmf_flip,next_pivot_target,q4_ge_10pct,130,0.8,1.178123076923077,153.156
cmf_flip,r_multiple_2r,q1_lt_2pct,6,0.0,-6.057083333333334,-36.3425
cmf_flip,r_multiple_2r,q4_ge_10pct,130,0.35384615384615387,0.21158307692307693,27.5058
cmf_flip,r_multiple_3r,q1_lt_2pct,6,0.0,-6.057083333333334,-36.3425
cmf_flip,r_multiple_3r,q4_ge_10pct,130,0.26153846153846155,0.2704615384615384,35.16
cmf_flip,regime_flip,q1_lt_2pct,6,0.16666666666666666,-27.13255,-162.7953
cmf_flip,regime_flip,q4_ge_10pct,130,0.5538461538461539,3.2621846153846152,424.084
cmf_flip,reverse_signal,q1_lt_2pct,6,0.0,-6.057083333333334,-36.3425
cmf_flip,reverse_signal,q4_ge_10pct,130,0.23846153846153847,-1.7538830769230769,-228.0048
cmf_flip,smc_mitigation_zone,q1_lt_2pct,6,0.0,-6.057083333333334,-36.3425
cmf_flip,smc_mitigation_zone,q4_ge_10pct,130,0.23846153846153847,-1.7538830769230769,-228.0048
cmf_flip,time_stop_10d,q1_lt_2pct,6,0.0,-23.2526,-139.5156
cmf_flip,time_stop_10d,q4_ge_10pct,130,0.5923076923076923,2.210340769230769,287.3443
cmf_flip,time_stop_20d,q1_lt_2pct,6,0.16666666666666666,-27.13255,-162.7953
cmf_flip,time_stop_20d,q4_ge_10pct,130,0.5538461538461539,3.2621846153846152,424.084
cmf_flip,trailing_10pct,q1_lt_2pct,6,0.0,-10.0,-60.0
cmf_flip,trailing_10pct,q4_ge_10pct,130,0.43846153846153846,2.66833,346.8829
cmf_flip,trailing_15pct,q1_lt_2pct,6,0.16666666666666666,-9.26795,-55.6077
cmf_flip,trailing_15pct,q4_ge_10pct,130,0.36153846153846153,3.1899046153846156,414.68760000000003
cmf_flip,trailing_5pct,q1_lt_2pct,6,0.0,-5.0,-30.0
cmf_flip,trailing_5pct,q4_ge_10pct,130,0.2692307692307692,-1.1754869230769232,-152.8133
cpr_narrow_bullish,atr_trail_1x,q1_lt_2pct,13,0.07692307692307693,-5.937807692307692,-77.1915
cpr_narrow_bullish,atr_trail_1x,q2_2_5pct,1,0.0,-4.585,-4.585
cpr_narrow_bullish,atr_trail_1x,q3_5_10pct,1,0.0,-3.5327,-3.5327
cpr_narrow_bullish,atr_trail_1x,q4_ge_10pct,448,0.28794642857142855,-1.4907011160714287,-667.8341
cpr_narrow_bullish,atr_trail_2x,q1_lt_2pct,13,0.07692307692307693,-7.7228615384615384,-100.3972
cpr_narrow_bullish,atr_trail_2x,q2_2_5pct,1,1.0,18.3928,18.3928
cpr_narrow_bullish,atr_trail_2x,q3_5_10pct,1,0.0,-7.0654,-7.0654
cpr_narrow_bullish,atr_trail_2x,q4_ge_10pct,448,0.3861607142857143,-0.5372044642857143,-240.66760000000002
cpr_narrow_bullish,atr_trail_mae_conditional,q1_lt_2pct,13,0.07692307692307693,-5.937807692307692,-77.1915
cpr_narrow_bullish,atr_trail_mae_conditional,q2_2_5pct,1,0.0,-4.585,-4.585
cpr_narrow_bullish,atr_trail_mae_conditional,q3_5_10pct,1,0.0,-3.5327,-3.5327
cpr_narrow_bullish,atr_trail_mae_conditional,q4_ge_10pct,448,0.28794642857142855,-1.4907011160714287,-667.8341
cpr_narrow_bullish,atr_trail_vix_conditional,q1_lt_2pct,13,0.07692307692307693,-3.8349461538461536,-49.854299999999995
cpr_narrow_bullish,atr_trail_vix_conditional,q2_2_5pct,1,0.0,-6.8774,-6.8774
cpr_narrow_bullish,atr_trail_vix_conditional,q3_5_10pct,1,0.0,-2.6832,-2.6832
cpr_narrow_bullish,atr_trail_vix_conditional,q4_ge_10pct,448,0.25223214285714285,-1.5407997767857142,-690.2783
cpr_narrow_bullish,break_even_at_1r,q1_lt_2pct,13,0.07692307692307693,-4.219146153846154,-54.8489
cpr_narrow_bullish,break_even_at_1r,q2_2_5pct,1,0.0,-4.585,-4.585
cpr_narrow_bullish,break_even_at_1r,q3_5_10pct,1,0.0,-3.5327,-3.5327
cpr_narrow_bullish,break_even_at_1r,q4_ge_10pct,448,0.18080357142857142,-1.3468426339285713,-603.3855
cpr_narrow_bullish,breakeven_plus_trail,q1_lt_2pct,13,0.15384615384615385,-8.229476923076923,-106.9832
cpr_narrow_bullish,breakeven_plus_trail,q2_2_5pct,1,0.0,0.0,0.0
cpr_narrow_bullish,breakeven_plus_trail,q3_5_10pct,1,0.0,-7.0654,-7.0654
cpr_narrow_bullish,breakeven_plus_trail,q4_ge_10pct,448,0.40625,3.587270982142857,1607.0973999999999
cpr_narrow_bullish,chandelier_3x,q1_lt_2pct,13,0.15384615384615385,-6.255523076923077,-81.3218
cpr_narrow_bullish,chandelier_3x,q2_2_5pct,1,0.0,-7.9509,-7.9509
cpr_narrow_bullish,chandelier_3x,q3_5_10pct,1,0.0,-6.116,-6.116
cpr_narrow_bullish,chandelier_3x,q4_ge_10pct,448,0.3325892857142857,0.17276607142857148,77.39920000000002
cpr_narrow_bullish,class_time_stop,q1_lt_2pct,13,0.15384615384615385,-7.831761538461539,-101.8129
cpr_narrow_bullish,class_time_stop,q2_2_5pct,1,1.0,5.4336,5.4336
cpr_narrow_bullish,class_time_stop,q3_5_10pct,1,0.0,-0.9174,-0.9174
cpr_narrow_bullish,class_time_stop,q4_ge_10pct,448,0.5089285714285714,-0.5765247767857143,-258.28310000000005
cpr_narrow_bullish,earnings_blackout,q1_lt_2pct,13,0.3076923076923077,-2.575269230769231,-33.478500000000004
cpr_narrow_bullish,earnings_blackout,q2_2_5pct,1,1.0,29.8019,29.8019
cpr_narrow_bullish,earnings_blackout,q3_5_10pct,1,1.0,37.4688,37.4688
cpr_narrow_bullish,earnings_blackout,q4_ge_10pct,448,0.5424107142857143,5.581782366071429,2500.6385
cpr_narrow_bullish,fixed_4r_2r,q1_lt_2pct,13,0.15384615384615385,-2.516553846153847,-32.71520000000001
cpr_narrow_bullish,fixed_4r_2r,q2_2_5pct,1,1.0,18.5095,18.5095
cpr_narrow_bullish,fixed_4r_2r,q3_5_10pct,1,0.0,-7.0654,-7.0654
cpr_narrow_bullish,fixed_4r_2r,q4_ge_10pct,448,0.33705357142857145,-1.2873325892857144,-576.725
cpr_narrow_bullish,hybrid_50pct_target,q1_lt_2pct,13,0.38461538461538464,-66.1345,-859.7485
cpr_narrow_bullish,hybrid_50pct_target,q2_2_5pct,1,1.0,18.2685,18.2685
cpr_narrow_bullish,hybrid_50pct_target,q3_5_10pct,1,1.0,12.4408,12.4408
cpr_narrow_bullish,hybrid_50pct_target,q4_ge_10pct,448,0.6540178571428571,-23.42050200892857,-10492.3849
cpr_narrow_bullish,ma_exit_ema9,q1_lt_2pct,13,0.0,-6.677846153846153,-86.812
cpr_narrow_bullish,ma_exit_ema9,q2_2_5pct,1,0.0,-6.519,-6.519
cpr_narrow_bullish,ma_exit_ema9,q3_5_10pct,1,0.0,-2.6064,-2.6064
cpr_narrow_bullish,ma_exit_ema9,q4_ge_10pct,448,0.35714285714285715,0.5013667410714285,224.6123
cpr_narrow_bullish,mfe_lockin_trail,q1_lt_2pct,13,0.07692307692307693,-5.937807692307692,-77.1915
cpr_narrow_bullish,mfe_lockin_trail,q2_2_5pct,1,0.0,-4.585,-4.585
cpr_narrow_bullish,mfe_lockin_trail,q3_5_10pct,1,0.0,-3.5327,-3.5327
cpr_narrow_bullish,mfe_lockin_trail,q4_ge_10pct,448,0.29017857142857145,-1.4897941964285712,-667.4277999999999
cpr_narrow_bullish,multi_tier_partial,q1_lt_2pct,13,0.07692307692307693,-5.937807692307692,-77.1915
cpr_narrow_bullish,multi_tier_partial,q2_2_5pct,1,0.0,-4.585,-4.585
cpr_narrow_bullish,multi_tier_partial,q3_5_10pct,1,0.0,-3.5327,-3.5327
cpr_narrow_bullish,multi_tier_partial,q4_ge_10pct,448,0.41517857142857145,-1.0465511160714285,-468.8549
cpr_narrow_bullish,next_pivot_target,q1_lt_2pct,13,0.0,-10.217984615384616,-132.8338
cpr_narrow_bullish,next_pivot_target,q2_2_5pct,1,1.0,13.7549,13.7549
cpr_narrow_bullish,next_pivot_target,q3_5_10pct,1,0.0,-7.0654,-7.0654
cpr_narrow_bullish,next_pivot_target,q4_ge_10pct,448,0.7142857142857143,-0.18843370535714285,-84.4183
cpr_narrow_bullish,r_multiple_2r,q1_lt_2pct,13,0.07692307692307693,-1.713884615384616,-22.280500000000007
cpr_narrow_bullish,r_multiple_2r,q2_2_5pct,1,0.0,-4.585,-4.585
cpr_narrow_bullish,r_multiple_2r,q3_5_10pct,1,0.0,-3.5327,-3.5327
cpr_narrow_bullish,r_multiple_2r,q4_ge_10pct,448,0.35267857142857145,-0.19634375,-87.962
cpr_narrow_bullish,r_multiple_3r,q1_lt_2pct,13,0.07692307692307693,-0.9966923076923085,-12.957000000000011
cpr_narrow_bullish,r_multiple_3r,q2_2_5pct,1,0.0,-4.585,-4.585
cpr_narrow_bullish,r_multiple_3r,q3_5_10pct,1,0.0,-3.5327,-3.5327
cpr_narrow_bullish,r_multiple_3r,q4_ge_10pct,448,0.2700892857142857,-0.1893145089285715,-84.81290000000003
cpr_narrow_bullish,regime_flip,q1_lt_2pct,13,0.23076923076923078,-9.57473846153846,-124.4716
cpr_narrow_bullish,regime_flip,q2_2_5pct,1,1.0,10.9221,10.9221
cpr_narrow_bullish,regime_flip,q3_5_10pct,1,0.0,-6.3299,-6.3299
cpr_narrow_bullish,regime_flip,q4_ge_10pct,448,0.53125,0.983438169642857,440.58029999999997
cpr_narrow_bullish,reverse_signal,q1_lt_2pct,13,0.07692307692307693,-5.937807692307692,-77.1915
cpr_narrow_bullish,reverse_signal,q2_2_5pct,1,0.0,-4.585,-4.585
cpr_narrow_bullish,reverse_signal,q3_5_10pct,1,0.0,-3.5327,-3.5327
cpr_narrow_bullish,reverse_signal,q4_ge_10pct,448,0.28794642857142855,-1.4907011160714287,-667.8341
cpr_narrow_bullish,smc_mitigation_zone,q1_lt_2pct,13,0.07692307692307693,-5.937807692307692,-77.1915
cpr_narrow_bullish,smc_mitigation_zone,q2_2_5pct,1,0.0,-4.585,-4.585
cpr_narrow_bullish,smc_mitigation_zone,q3_5_10pct,1,0.0,-3.5327,-3.5327
cpr_narrow_bullish,smc_mitigation_zone,q4_ge_10pct,448,0.28794642857142855,-1.4907011160714287,-667.8341
cpr_narrow_bullish,time_stop_10d,q1_lt_2pct,13,0.15384615384615385,-7.215415384615385,-93.80040000000001
cpr_narrow_bullish,time_stop_10d,q2_2_5pct,1,1.0,1.7285,1.7285
cpr_narrow_bullish,time_stop_10d,q3_5_10pct,1,0.0,-4.948,-4.948
cpr_narrow_bullish,time_stop_10d,q4_ge_10pct,448,0.5357142857142857,-0.015443303571428592,-6.918600000000009
cpr_narrow_bullish,time_stop_20d,q1_lt_2pct,13,0.23076923076923078,-9.57473846153846,-124.4716
cpr_narrow_bullish,time_stop_20d,q2_2_5pct,1,1.0,10.9221,10.9221
cpr_narrow_bullish,time_stop_20d,q3_5_10pct,1,0.0,-6.3299,-6.3299
cpr_narrow_bullish,time_stop_20d,q4_ge_10pct,448,0.53125,0.983438169642857,440.58029999999997
cpr_narrow_bullish,trailing_10pct,q1_lt_2pct,13,0.0,-10.136576923076923,-131.7755
cpr_narrow_bullish,trailing_10pct,q2_2_5pct,1,1.0,22.7821,22.7821
cpr_narrow_bullish,trailing_10pct,q3_5_10pct,1,0.0,-10.0,-10.0
cpr_narrow_bullish,trailing_10pct,q4_ge_10pct,448,0.33482142857142855,-0.6013689732142857,-269.4133
cpr_narrow_bullish,trailing_15pct,q1_lt_2pct,13,0.0,-13.318892307692307,-173.1456
cpr_narrow_bullish,trailing_15pct,q2_2_5pct,1,1.0,19.2722,19.2722
cpr_narrow_bullish,trailing_15pct,q3_5_10pct,1,1.0,15.4735,15.4735
cpr_narrow_bullish,trailing_15pct,q4_ge_10pct,448,0.375,0.7260926339285714,325.2895
cpr_narrow_bullish,trailing_5pct,q1_lt_2pct,13,0.0,-5.383292307692307,-69.9828
cpr_narrow_bullish,trailing_5pct,q2_2_5pct,1,0.0,-5.0,-5.0
cpr_narrow_bullish,trailing_5pct,q3_5_10pct,1,0.0,-5.0,-5.0
cpr_narrow_bullish,trailing_5pct,q4_ge_10pct,448,0.28125,-1.2184743303571428,-545.8765
cpr_narrow_momentum,atr_trail_1x,q1_lt_2pct,2,0.0,-5.0386,-10.0772
cpr_narrow_momentum,atr_trail_1x,q4_ge_10pct,66,0.3787878787878788,-0.27474393939393943,-18.133100000000002
cpr_narrow_momentum,atr_trail_2x,q1_lt_2pct,2,0.0,-5.08005,-10.1601
cpr_narrow_momentum,atr_trail_2x,q4_ge_10pct,66,0.4696969696969697,0.42545303030303055,28.079900000000016
cpr_narrow_momentum,atr_trail_mae_conditional,q1_lt_2pct,2,0.0,-5.0386,-10.0772
cpr_narrow_momentum,atr_trail_mae_conditional,q4_ge_10pct,66,0.3787878787878788,-0.27474393939393943,-18.133100000000002
cpr_narrow_momentum,atr_trail_vix_conditional,q1_lt_2pct,2,0.0,-7.10155,-14.2031
cpr_narrow_momentum,atr_trail_vix_conditional,q4_ge_10pct,66,0.3484848484848485,-0.8891954545454546,-58.6869
cpr_narrow_momentum,break_even_at_1r,q1_lt_2pct,2,0.0,-5.0386,-10.0772
cpr_narrow_momentum,break_even_at_1r,q4_ge_10pct,66,0.25757575757575757,-0.4712242424242424,-31.100799999999996
cpr_narrow_momentum,breakeven_plus_trail,q1_lt_2pct,2,0.0,-10.0772,-20.1544
cpr_narrow_momentum,breakeven_plus_trail,q4_ge_10pct,66,0.5,3.5448409090909094,233.95950000000002
cpr_narrow_momentum,chandelier_3x,q1_lt_2pct,2,0.0,-7.1764,-14.3528
cpr_narrow_momentum,chandelier_3x,q4_ge_10pct,66,0.3181818181818182,1.0823848484848484,71.4374
cpr_narrow_momentum,class_time_stop,q1_lt_2pct,2,0.0,-16.464,-32.928
cpr_narrow_momentum,class_time_stop,q4_ge_10pct,66,0.5,-0.49343181818181836,-32.56650000000001
cpr_narrow_momentum,earnings_blackout,q1_lt_2pct,2,0.0,-19.80465,-39.6093
cpr_narrow_momentum,earnings_blackout,q4_ge_10pct,66,0.5757575757575758,-8.75133787878788,-577.5883
cpr_narrow_momentum,fixed_4r_2r,q1_lt_2pct,2,0.0,-10.2471,-20.4942
cpr_narrow_momentum,fixed_4r_2r,q4_ge_10pct,66,0.4393939393939394,1.4775848484848486,97.5206
cpr_narrow_momentum,hybrid_50pct_target,q1_lt_2pct,2,0.5,-44.3568,-88.7136
cpr_narrow_momentum,hybrid_50pct_target,q4_ge_10pct,66,0.7575757575757576,-12.511116666666666,-825.7337
cpr_narrow_momentum,ma_exit_ema9,q1_lt_2pct,2,0.0,-2.9863,-5.9726
cpr_narrow_momentum,ma_exit_ema9,q4_ge_10pct,66,0.2727272727272727,1.498110606060606,98.8753
cpr_narrow_momentum,mfe_lockin_trail,q1_lt_2pct,2,0.0,-5.0386,-10.0772
cpr_narrow_momentum,mfe_lockin_trail,q4_ge_10pct,66,0.3787878787878788,-0.007524242424242417,-0.4965999999999995
cpr_narrow_momentum,multi_tier_partial,q1_lt_2pct,2,0.0,-5.0386,-10.0772
cpr_narrow_momentum,multi_tier_partial,q4_ge_10pct,66,0.4696969696969697,-0.17444242424242415,-11.513199999999994
cpr_narrow_momentum,next_pivot_target,q1_lt_2pct,2,0.0,-10.0,-20.0
cpr_narrow_momentum,next_pivot_target,q4_ge_10pct,66,0.7727272727272727,-0.42468181818181805,-28.028999999999993
cpr_narrow_momentum,r_multiple_2r,q1_lt_2pct,2,0.0,-5.0386,-10.0772
cpr_narrow_momentum,r_multiple_2r,q4_ge_10pct,66,0.4090909090909091,1.1718257575757576,77.3405
cpr_narrow_momentum,r_multiple_3r,q1_lt_2pct,2,0.0,-5.0386,-10.0772
cpr_narrow_momentum,r_multiple_3r,q4_ge_10pct,66,0.3787878787878788,2.939804545454545,194.0271
cpr_narrow_momentum,regime_flip,q1_lt_2pct,2,0.0,-10.971350000000001,-21.942700000000002
cpr_narrow_momentum,regime_flip,q4_ge_10pct,66,0.5909090909090909,3.03855,200.5443
cpr_narrow_momentum,reverse_signal,q1_lt_2pct,2,0.0,-5.0386,-10.0772
cpr_narrow_momentum,reverse_signal,q4_ge_10pct,66,0.3787878787878788,-0.27474393939393943,-18.133100000000002
cpr_narrow_momentum,smc_mitigation_zone,q1_lt_2pct,2,0.0,-5.0386,-10.0772
cpr_narrow_momentum,smc_mitigation_zone,q4_ge_10pct,66,0.3787878787878788,-0.27474393939393943,-18.133100000000002
cpr_narrow_momentum,time_stop_10d,q1_lt_2pct,2,0.0,-8.66915,-17.3383
cpr_narrow_momentum,time_stop_10d,q4_ge_10pct,66,0.6060606060606061,2.9046378787878786,191.7061
cpr_narrow_momentum,time_stop_20d,q1_lt_2pct,2,0.0,-10.971350000000001,-21.942700000000002
cpr_narrow_momentum,time_stop_20d,q4_ge_10pct,66,0.5909090909090909,3.03855,200.5443
cpr_narrow_momentum,trailing_10pct,q1_lt_2pct,2,0.0,-10.0,-20.0
cpr_narrow_momentum,trailing_10pct,q4_ge_10pct,66,0.42424242424242425,0.7709454545454545,50.8824
cpr_narrow_momentum,trailing_15pct,q1_lt_2pct,2,0.0,-15.0,-30.0
cpr_narrow_momentum,trailing_15pct,q4_ge_10pct,66,0.48484848484848486,2.1031166666666667,138.8057
cpr_narrow_momentum,trailing_5pct,q1_lt_2pct,2,0.0,-5.0,-10.0
cpr_narrow_momentum,trailing_5pct,q4_ge_10pct,66,0.3181818181818182,-1.4583651515151514,-96.2521
cpr_narrow_momentum_short,atr_trail_1x,q1_lt_2pct,1,0.0,-8.1615,-8.1615
cpr_narrow_momentum_short,atr_trail_1x,q4_ge_10pct,16,0.375,-2.01849375,-32.2959
cpr_narrow_momentum_short,atr_trail_2x,q1_lt_2pct,1,0.0,-16.3229,-16.3229
cpr_narrow_momentum_short,atr_trail_2x,q4_ge_10pct,16,0.25,-1.1704875,-18.7278
cpr_narrow_momentum_short,atr_trail_mae_conditional,q1_lt_2pct,1,0.0,-8.1615,-8.1615
cpr_narrow_momentum_short,atr_trail_mae_conditional,q4_ge_10pct,16,0.375,-2.01849375,-32.2959
cpr_narrow_momentum_short,atr_trail_vix_conditional,q1_lt_2pct,1,0.0,-6.1211,-6.1211
cpr_narrow_momentum_short,atr_trail_vix_conditional,q4_ge_10pct,16,0.375,-1.06423125,-17.0277
cpr_narrow_momentum_short,break_even_at_1r,q1_lt_2pct,1,0.0,-8.1615,-8.1615
cpr_narrow_momentum_short,break_even_at_1r,q4_ge_10pct,16,0.1875,-3.1092,-49.7472
cpr_narrow_momentum_short,breakeven_plus_trail,q1_lt_2pct,1,0.0,-16.3229,-16.3229
cpr_narrow_momentum_short,breakeven_plus_trail,q4_ge_10pct,16,0.4375,1.673425,26.7748
cpr_narrow_momentum_short,chandelier_3x,q1_lt_2pct,1,0.0,-18.2036,-18.2036
cpr_narrow_momentum_short,chandelier_3x,q4_ge_10pct,16,0.3125,-0.28090000000000004,-4.494400000000001
cpr_narrow_momentum_short,class_time_stop,q1_lt_2pct,1,0.0,-33.968,-33.968
cpr_narrow_momentum_short,class_time_stop,q4_ge_10pct,16,0.625,-2.4344187500000003,-38.950700000000005
cpr_narrow_momentum_short,earnings_blackout,q1_lt_2pct,1,1.0,13.8247,13.8247
cpr_narrow_momentum_short,earnings_blackout,q4_ge_10pct,16,0.4375,-10.739643749999999,-171.83429999999998
cpr_narrow_momentum_short,fixed_4r_2r,q1_lt_2pct,1,0.0,-16.3229,-16.3229
cpr_narrow_momentum_short,fixed_4r_2r,q4_ge_10pct,16,0.4375,5.097125,81.554
cpr_narrow_momentum_short,hybrid_50pct_target,q1_lt_2pct,1,1.0,24.9334,24.9334
cpr_narrow_momentum_short,hybrid_50pct_target,q4_ge_10pct,16,0.8125,0.47139999999999915,7.5423999999999864
cpr_narrow_momentum_short,ma_exit_ema9,q1_lt_2pct,1,0.0,-8.4707,-8.4707
cpr_narrow_momentum_short,ma_exit_ema9,q4_ge_10pct,16,0.25,-2.6866375000000002,-42.986200000000004
cpr_narrow_momentum_short,mfe_lockin_trail,q1_lt_2pct,1,0.0,-8.1615,-8.1615
cpr_narrow_momentum_short,mfe_lockin_trail,q4_ge_10pct,16,0.375,-1.8214375,-29.143
cpr_narrow_momentum_short,multi_tier_partial,q1_lt_2pct,1,0.0,-8.1615,-8.1615
cpr_narrow_momentum_short,multi_tier_partial,q4_ge_10pct,16,0.5,-0.8792125000000001,-14.067400000000001
cpr_narrow_momentum_short,next_pivot_target,q1_lt_2pct,1,0.0,-10.0,-10.0
cpr_narrow_momentum_short,next_pivot_target,q4_ge_10pct,16,0.6875,-2.81445625,-45.0313
cpr_narrow_momentum_short,r_multiple_2r,q1_lt_2pct,1,0.0,-8.1615,-8.1615
cpr_narrow_momentum_short,r_multiple_2r,q4_ge_10pct,16,0.3125,0.08499999999999996,1.3599999999999994
cpr_narrow_momentum_short,r_multiple_3r,q1_lt_2pct,1,0.0,-8.1615,-8.1615
cpr_narrow_momentum_short,r_multiple_3r,q4_ge_10pct,16,0.25,0.9930437500000003,15.888700000000005
cpr_narrow_momentum_short,regime_flip,q1_lt_2pct,1,0.0,-14.8353,-14.8353
cpr_narrow_momentum_short,regime_flip,q4_ge_10pct,16,0.5625,-0.8150625,-13.041
cpr_narrow_momentum_short,reverse_signal,q1_lt_2pct,1,0.0,-8.1615,-8.1615
cpr_narrow_momentum_short,reverse_signal,q4_ge_10pct,16,0.375,-2.01849375,-32.2959
cpr_narrow_momentum_short,smc_mitigation_zone,q1_lt_2pct,1,0.0,-8.1615,-8.1615
cpr_narrow_momentum_short,smc_mitigation_zone,q4_ge_10pct,16,0.375,-2.01849375,-32.2959
cpr_narrow_momentum_short,time_stop_10d,q1_lt_2pct,1,0.0,-17.9199,-17.9199
cpr_narrow_momentum_short,time_stop_10d,q4_ge_10pct,16,0.4375,0.6150625,9.841
cpr_narrow_momentum_short,time_stop_20d,q1_lt_2pct,1,0.0,-14.8353,-14.8353
cpr_narrow_momentum_short,time_stop_20d,q4_ge_10pct,16,0.5625,-0.8150625,-13.041
cpr_narrow_momentum_short,trailing_10pct,q1_lt_2pct,1,0.0,-10.0,-10.0
cpr_narrow_momentum_short,trailing_10pct,q4_ge_10pct,16,0.375,-2.40876875,-38.5403
cpr_narrow_momentum_short,trailing_15pct,q1_lt_2pct,1,0.0,-15.0,-15.0
cpr_narrow_momentum_short,trailing_15pct,q4_ge_10pct,16,0.25,-2.0288875,-32.4622
cpr_narrow_momentum_short,trailing_5pct,q1_lt_2pct,1,0.0,-5.0,-5.0
cpr_narrow_momentum_short,trailing_5pct,q4_ge_10pct,16,0.3125,-1.51851875,-24.2963
double_bottom_long,atr_trail_1x,q1_lt_2pct,2,0.0,-7.34915,-14.6983
double_bottom_long,atr_trail_1x,q4_ge_10pct,11,0.36363636363636365,-2.258036363636364,-24.8384
double_bottom_long,atr_trail_2x,q1_lt_2pct,2,0.0,-14.0866,-28.1732
double_bottom_long,atr_trail_2x,q4_ge_10pct,11,0.5454545454545454,2.9759909090909087,32.735899999999994
double_bottom_long,atr_trail_mae_conditional,q1_lt_2pct,2,0.0,-7.34915,-14.6983
double_bottom_long,atr_trail_mae_conditional,q4_ge_10pct,11,0.36363636363636365,-2.258036363636364,-24.8384
double_bottom_long,atr_trail_vix_conditional,q1_lt_2pct,2,0.0,-7.94745,-15.8949
double_bottom_long,atr_trail_vix_conditional,q4_ge_10pct,11,0.36363636363636365,-0.36767272727272754,-4.044400000000003
double_bottom_long,break_even_at_1r,q1_lt_2pct,2,0.0,-7.34915,-14.6983
double_bottom_long,break_even_at_1r,q4_ge_10pct,11,0.2727272727272727,0.6782363636363636,7.4605999999999995
double_bottom_long,breakeven_plus_trail,q1_lt_2pct,2,0.0,-14.0866,-28.1732
double_bottom_long,breakeven_plus_trail,q4_ge_10pct,11,0.6363636363636364,5.551263636363636,61.0639
double_bottom_long,chandelier_3x,q1_lt_2pct,2,0.0,-0.18355,-0.3671
double_bottom_long,chandelier_3x,q4_ge_10pct,11,0.18181818181818182,1.0459181818181817,11.505099999999999
double_bottom_long,class_time_stop,q1_lt_2pct,2,0.0,-12.39025,-24.7805
double_bottom_long,class_time_stop,q4_ge_10pct,11,0.36363636363636365,-2.781227272727272,-30.593499999999995
double_bottom_long,earnings_blackout,q1_lt_2pct,2,0.0,-16.82355,-33.6471
double_bottom_long,earnings_blackout,q4_ge_10pct,11,0.6363636363636364,3.8179090909090907,41.997
double_bottom_long,fixed_4r_2r,q1_lt_2pct,2,0.0,-14.0866,-28.1732
double_bottom_long,fixed_4r_2r,q4_ge_10pct,11,0.36363636363636365,-0.7829727272727273,-8.6127
double_bottom_long,hybrid_50pct_target,q1_lt_2pct,2,0.0,-10.0,-20.0
double_bottom_long,hybrid_50pct_target,q4_ge_10pct,11,0.45454545454545453,0.8828454545454548,9.711300000000003
double_bottom_long,ma_exit_ema9,q1_lt_2pct,2,0.0,-6.01035,-12.0207
double_bottom_long,ma_exit_ema9,q4_ge_10pct,11,0.5454545454545454,1.7315545454545456,19.0471
double_bottom_long,mfe_lockin_trail,q1_lt_2pct,2,0.0,-7.34915,-14.6983
double_bottom_long,mfe_lockin_trail,q4_ge_10pct,11,0.36363636363636365,-1.8145363636363638,-19.9599
double_bottom_long,multi_tier_partial,q1_lt_2pct,2,0.0,-7.34915,-14.6983
double_bottom_long,multi_tier_partial,q4_ge_10pct,11,0.45454545454545453,-1.3705999999999998,-15.0766
double_bottom_long,next_pivot_target,q1_lt_2pct,2,0.0,-10.0,-20.0
double_bottom_long,next_pivot_target,q4_ge_10pct,11,0.8181818181818182,0.6166363636363635,6.7829999999999995
double_bottom_long,r_multiple_2r,q1_lt_2pct,2,0.0,-7.34915,-14.6983
double_bottom_long,r_multiple_2r,q4_ge_10pct,11,0.6363636363636364,3.6943545454545457,40.6379
double_bottom_long,r_multiple_3r,q1_lt_2pct,2,0.0,-7.34915,-14.6983
double_bottom_long,r_multiple_3r,q4_ge_10pct,11,0.36363636363636365,1.6940363636363636,18.6344
double_bottom_long,regime_flip,q1_lt_2pct,2,0.0,-9.797699999999999,-19.595399999999998
double_bottom_long,regime_flip,q4_ge_10pct,11,0.6363636363636364,5.114272727272727,56.257
double_bottom_long,reverse_signal,q1_lt_2pct,2,0.0,-7.34915,-14.6983
double_bottom_long,reverse_signal,q4_ge_10pct,11,0.36363636363636365,-2.258036363636364,-24.8384
double_bottom_long,smc_mitigation_zone,q1_lt_2pct,2,0.0,-7.34915,-14.6983
double_bottom_long,smc_mitigation_zone,q4_ge_10pct,11,0.36363636363636365,-2.258036363636364,-24.8384
double_bottom_long,time_stop_10d,q1_lt_2pct,2,0.0,-17.146,-34.292
double_bottom_long,time_stop_10d,q4_ge_10pct,11,0.6363636363636364,4.776172727272728,52.53790000000001
double_bottom_long,time_stop_20d,q1_lt_2pct,2,0.0,-9.797699999999999,-19.595399999999998
double_bottom_long,time_stop_20d,q4_ge_10pct,11,0.6363636363636364,5.114272727272727,56.257
double_bottom_long,trailing_10pct,q1_lt_2pct,2,0.0,-10.0,-20.0
double_bottom_long,trailing_10pct,q4_ge_10pct,11,0.45454545454545453,2.1631727272727272,23.7949
double_bottom_long,trailing_15pct,q1_lt_2pct,2,0.0,-8.43875,-16.8775
double_bottom_long,trailing_15pct,q4_ge_10pct,11,0.36363636363636365,-1.7175363636363636,-18.8929
double_bottom_long,trailing_5pct,q1_lt_2pct,2,0.0,-5.0,-10.0
double_bottom_long,trailing_5pct,q4_ge_10pct,11,0.36363636363636365,0.3751818181818179,4.126999999999997
force_index_breakout,atr_trail_1x,q1_lt_2pct,7,0.0,-5.259471428571429,-36.8163
force_index_breakout,atr_trail_1x,q2_2_5pct,1,0.0,-3.6823,-3.6823
force_index_breakout,atr_trail_1x,q4_ge_10pct,130,0.2,-1.7442853846153847,-226.7571
force_index_breakout,atr_trail_2x,q1_lt_2pct,7,0.0,-10.265885714285714,-71.8612
force_index_breakout,atr_trail_2x,q2_2_5pct,1,0.0,-7.3646,-7.3646
force_index_breakout,atr_trail_2x,q4_ge_10pct,130,0.3384615384615385,-1.5261861538461536,-198.40419999999997
force_index_breakout,atr_trail_mae_conditional,q1_lt_2pct,7,0.0,-5.259471428571429,-36.8163
force_index_breakout,atr_trail_mae_conditional,q2_2_5pct,1,0.0,-3.6823,-3.6823
force_index_breakout,atr_trail_mae_conditional,q4_ge_10pct,130,0.2,-1.7442853846153847,-226.7571
force_index_breakout,atr_trail_vix_conditional,q1_lt_2pct,7,0.0,-7.574871428571429,-53.024100000000004
force_index_breakout,atr_trail_vix_conditional,q2_2_5pct,1,0.0,-3.6823,-3.6823
force_index_breakout,atr_trail_vix_conditional,q4_ge_10pct,130,0.24615384615384617,-1.0495884615384614,-136.4465
force_index_breakout,break_even_at_1r,q1_lt_2pct,7,0.0,-5.259471428571429,-36.8163
force_index_breakout,break_even_at_1r,q2_2_5pct,1,0.0,-3.6823,-3.6823
force_index_breakout,break_even_at_1r,q4_ge_10pct,130,0.13076923076923078,-1.4967169230769233,-194.5732
force_index_breakout,breakeven_plus_trail,q1_lt_2pct,7,0.0,-10.265885714285714,-71.8612
force_index_breakout,breakeven_plus_trail,q2_2_5pct,1,0.0,-7.3646,-7.3646
force_index_breakout,breakeven_plus_trail,q4_ge_10pct,130,0.3769230769230769,0.6350023076923076,82.5503
force_index_breakout,chandelier_3x,q1_lt_2pct,7,0.0,-6.3567285714285715,-44.4971
force_index_breakout,chandelier_3x,q2_2_5pct,1,0.0,-5.0709,-5.0709
force_index_breakout,chandelier_3x,q4_ge_10pct,130,0.24615384615384617,-0.7717138461538462,-100.3228
force_index_breakout,class_time_stop,q1_lt_2pct,7,0.14285714285714285,-14.349385714285715,-100.4457
force_index_breakout,class_time_stop,q2_2_5pct,1,0.0,-13.0993,-13.0993
force_index_breakout,class_time_stop,q4_ge_10pct,130,0.5076923076923077,-2.365827692307692,-307.5576
force_index_breakout,earnings_blackout,q1_lt_2pct,7,0.14285714285714285,-12.193857142857143,-85.357
force_index_breakout,earnings_blackout,q2_2_5pct,1,0.0,-25.4443,-25.4443
force_index_breakout,earnings_blackout,q4_ge_10pct,130,0.45384615384615384,0.32447153846153864,42.18130000000002
force_index_breakout,fixed_4r_2r,q1_lt_2pct,7,0.0,-10.265885714285714,-71.8612
force_index_breakout,fixed_4r_2r,q2_2_5pct,1,0.0,-7.3646,-7.3646
force_index_breakout,fixed_4r_2r,q4_ge_10pct,130,0.2923076923076923,-2.5224330769230767,-327.9163
force_index_breakout,hybrid_50pct_target,q1_lt_2pct,7,0.42857142857142855,2.9835,20.8845
force_index_breakout,hybrid_50pct_target,q2_2_5pct,1,0.0,-10.0,-10.0
force_index_breakout,hybrid_50pct_target,q4_ge_10pct,130,0.6153846153846154,-9.924587692307693,-1290.1964
force_index_breakout,ma_exit_ema9,q1_lt_2pct,7,0.0,-4.235157142857143,-29.6461
force_index_breakout,ma_exit_ema9,q2_2_5pct,1,0.0,-8.6139,-8.6139
force_index_breakout,ma_exit_ema9,q4_ge_10pct,130,0.33076923076923076,0.47385999999999995,61.60179999999999
force_index_breakout,mfe_lockin_trail,q1_lt_2pct,7,0.0,-5.259471428571429,-36.8163
force_index_breakout,mfe_lockin_trail,q2_2_5pct,1,0.0,-3.6823,-3.6823
force_index_breakout,mfe_lockin_trail,q4_ge_10pct,130,0.2076923076923077,-1.5819192307692307,-205.6495
force_index_breakout,multi_tier_partial,q1_lt_2pct,7,0.0,-5.259471428571429,-36.8163
force_index_breakout,multi_tier_partial,q2_2_5pct,1,0.0,-3.6823,-3.6823
force_index_breakout,multi_tier_partial,q4_ge_10pct,130,0.3923076923076923,-1.009216153846154,-131.1981
force_index_breakout,next_pivot_target,q1_lt_2pct,7,0.14285714285714285,-9.516185714285713,-66.6133
force_index_breakout,next_pivot_target,q2_2_5pct,1,0.0,-7.3646,-7.3646
force_index_breakout,next_pivot_target,q4_ge_10pct,130,0.6615384615384615,0.4004992307692308,52.0649
force_index_breakout,r_multiple_2r,q1_lt_2pct,7,0.0,-5.259471428571429,-36.8163
force_index_breakout,r_multiple_2r,q2_2_5pct,1,0.0,-3.6823,-3.6823
force_index_breakout,r_multiple_2r,q4_ge_10pct,130,0.36153846153846153,-0.03134153846153854,-4.0744000000000105
force_index_breakout,r_multiple_3r,q1_lt_2pct,7,0.0,-5.259471428571429,-36.8163
force_index_breakout,r_multiple_3r,q2_2_5pct,1,0.0,-3.6823,-3.6823
force_index_breakout,r_multiple_3r,q4_ge_10pct,130,0.2923076923076923,0.3115192307692307,40.497499999999995
force_index_breakout,regime_flip,q1_lt_2pct,7,0.14285714285714285,-10.0733,-70.5131
force_index_breakout,regime_flip,q2_2_5pct,1,0.0,-2.015,-2.015
force_index_breakout,regime_flip,q4_ge_10pct,130,0.46153846153846156,-1.6481276923076924,-214.25660000000002
force_index_breakout,reverse_signal,q1_lt_2pct,7,0.0,-5.259471428571429,-36.8163
force_index_breakout,reverse_signal,q2_2_5pct,1,0.0,-3.6823,-3.6823
force_index_breakout,reverse_signal,q4_ge_10pct,130,0.2,-1.7442853846153847,-226.7571
force_index_breakout,smc_mitigation_zone,q1_lt_2pct,7,0.0,-5.259471428571429,-36.8163
force_index_breakout,smc_mitigation_zone,q2_2_5pct,1,0.0,-3.6823,-3.6823
force_index_breakout,smc_mitigation_zone,q4_ge_10pct,130,0.2,-1.7442853846153847,-226.7571
force_index_breakout,time_stop_10d,q1_lt_2pct,7,0.0,-14.729814285714285,-103.1087
force_index_breakout,time_stop_10d,q2_2_5pct,1,0.0,-14.0426,-14.0426
force_index_breakout,time_stop_10d,q4_ge_10pct,130,0.5,0.026291538461538547,3.417900000000011
force_index_breakout,time_stop_20d,q1_lt_2pct,7,0.14285714285714285,-10.0733,-70.5131
force_index_breakout,time_stop_20d,q2_2_5pct,1,0.0,-2.015,-2.015
force_index_breakout,time_stop_20d,q4_ge_10pct,130,0.46153846153846156,-1.6481276923076924,-214.25660000000002
force_index_breakout,trailing_10pct,q1_lt_2pct,7,0.14285714285714285,-4.6985,-32.8895
force_index_breakout,trailing_10pct,q2_2_5pct,1,0.0,-10.0,-10.0
force_index_breakout,trailing_10pct,q4_ge_10pct,130,0.3230769230769231,-1.9256446153846154,-250.3338
force_index_breakout,trailing_15pct,q1_lt_2pct,7,0.14285714285714285,-8.409614285714285,-58.8673
force_index_breakout,trailing_15pct,q2_2_5pct,1,0.0,-14.847,-14.847
force_index_breakout,trailing_15pct,q4_ge_10pct,130,0.2846153846153846,-2.9634676923076926,-385.2508
force_index_breakout,trailing_5pct,q1_lt_2pct,7,0.0,-5.0,-35.0
force_index_breakout,trailing_5pct,q2_2_5pct,1,0.0,-5.0,-5.0
force_index_breakout,trailing_5pct,q4_ge_10pct,130,0.23846153846153847,-1.3155292307692308,-171.0188
golden_cross_9_21,atr_trail_1x,q4_ge_10pct,37,0.13513513513513514,-2.762775675675676,-102.2227
golden_cross_9_21,atr_trail_2x,q4_ge_10pct,37,0.35135135135135137,-1.3988783783783783,-51.7585
golden_cross_9_21,atr_trail_mae_conditional,q4_ge_10pct,37,0.13513513513513514,-2.762775675675676,-102.2227
golden_cross_9_21,atr_trail_vix_conditional,q4_ge_10pct,37,0.13513513513513514,-3.0243810810810814,-111.9021
golden_cross_9_21,break_even_at_1r,q4_ge_10pct,37,0.13513513513513514,-2.4492864864864865,-90.6236
golden_cross_9_21,breakeven_plus_trail,q4_ge_10pct,37,0.40540540540540543,2.0260675675675675,74.9645
golden_cross_9_21,chandelier_3x,q4_ge_10pct,37,0.2972972972972973,2.7519540540540537,101.82229999999998
golden_cross_9_21,class_time_stop,q4_ge_10pct,37,0.4594594594594595,-1.923764864864865,-71.17930000000001
golden_cross_9_21,earnings_blackout,q4_ge_10pct,37,0.4594594594594595,-7.09337027027027,-262.4547
golden_cross_9_21,fixed_4r_2r,q4_ge_10pct,37,0.3783783783783784,1.6806189189189191,62.182900000000004
golden_cross_9_21,hybrid_50pct_target,q4_ge_10pct,37,0.43243243243243246,-16.44862702702703,-608.5992000000001
golden_cross_9_21,ma_exit_ema9,q4_ge_10pct,37,0.2702702702702703,-0.3022648648648648,-11.183799999999998
golden_cross_9_21,mfe_lockin_trail,q4_ge_10pct,37,0.13513513513513514,-2.9388378378378377,-108.737
golden_cross_9_21,multi_tier_partial,q4_ge_10pct,37,0.43243243243243246,-1.5798756756756756,-58.4554
golden_cross_9_21,next_pivot_target,q4_ge_10pct,37,0.5675675675675675,0.018172972972972868,0.6723999999999961
golden_cross_9_21,r_multiple_2r,q4_ge_10pct,37,0.32432432432432434,-0.27853513513513506,-10.305799999999998
golden_cross_9_21,r_multiple_3r,q4_ge_10pct,37,0.2972972972972973,0.7101513513513513,26.2756
golden_cross_9_21,regime_flip,q4_ge_10pct,37,0.35135135135135137,-1.930391891891892,-71.42450000000001
golden_cross_9_21,reverse_signal,q4_ge_10pct,37,0.13513513513513514,-2.762775675675676,-102.2227
golden_cross_9_21,smc_mitigation_zone,q4_ge_10pct,37,0.13513513513513514,-2.762775675675676,-102.2227
golden_cross_9_21,time_stop_10d,q4_ge_10pct,37,0.43243243243243246,-2.1791837837837833,-80.62979999999999
golden_cross_9_21,time_stop_20d,q4_ge_10pct,37,0.35135135135135137,-1.930391891891892,-71.42450000000001
golden_cross_9_21,trailing_10pct,q4_ge_10pct,37,0.2972972972972973,-2.3676135135135135,-87.6017
golden_cross_9_21,trailing_15pct,q4_ge_10pct,37,0.2972972972972973,-2.5727972972972974,-95.1935
golden_cross_9_21,trailing_5pct,q4_ge_10pct,37,0.21621621621621623,-1.9677135135135133,-72.80539999999999
halloween_seasonal_long,atr_trail_1x,q4_ge_10pct,5,0.2,-3.45036,-17.2518
halloween_seasonal_long,atr_trail_2x,q4_ge_10pct,5,0.4,-1.1046,-5.523
halloween_seasonal_long,atr_trail_mae_conditional,q4_ge_10pct,5,0.2,-3.45036,-17.2518
halloween_seasonal_long,atr_trail_vix_conditional,q4_ge_10pct,5,0.6,1.8503999999999994,9.251999999999997
halloween_seasonal_long,break_even_at_1r,q4_ge_10pct,5,0.4,0.2136000000000003,1.0680000000000014
halloween_seasonal_long,breakeven_plus_trail,q4_ge_10pct,5,0.4,-0.1,-0.5
halloween_seasonal_long,chandelier_3x,q4_ge_10pct,5,0.2,-5.6722,-28.361
halloween_seasonal_long,class_time_stop,q4_ge_10pct,5,0.4,-8.78398,-43.9199
halloween_seasonal_long,earnings_blackout,q4_ge_10pct,5,0.6,-12.783539999999999,-63.917699999999996
halloween_seasonal_long,fixed_4r_2r,q4_ge_10pct,5,0.2,-3.980599999999999,-19.902999999999995
halloween_seasonal_long,hybrid_50pct_target,q4_ge_10pct,5,0.4,1.8516799999999995,9.258399999999998
halloween_seasonal_long,ma_exit_ema9,q4_ge_10pct,5,0.2,-3.0877600000000003,-15.4388
halloween_seasonal_long,mfe_lockin_trail,q4_ge_10pct,5,0.2,-3.45036,-17.2518
halloween_seasonal_long,multi_tier_partial,q4_ge_10pct,5,0.2,-3.3134,-16.567
halloween_seasonal_long,next_pivot_target,q4_ge_10pct,5,0.8,3.7045000000000003,18.5225
halloween_seasonal_long,r_multiple_2r,q4_ge_10pct,5,0.6,4.9081600000000005,24.5408
halloween_seasonal_long,r_multiple_3r,q4_ge_10pct,5,0.4,6.90856,34.5428
halloween_seasonal_long,regime_flip,q4_ge_10pct,5,0.6,-5.029959999999999,-25.149799999999995
halloween_seasonal_long,reverse_signal,q4_ge_10pct,5,0.2,-3.45036,-17.2518
halloween_seasonal_long,smc_mitigation_zone,q4_ge_10pct,5,0.2,-3.45036,-17.2518
halloween_seasonal_long,time_stop_10d,q4_ge_10pct,5,0.6,2.7033199999999997,13.516599999999999
halloween_seasonal_long,time_stop_20d,q4_ge_10pct,5,0.6,-5.029959999999999,-25.149799999999995
halloween_seasonal_long,trailing_10pct,q4_ge_10pct,5,0.2,-3.0298799999999995,-15.149399999999996
halloween_seasonal_long,trailing_15pct,q4_ge_10pct,5,0.4,-4.13408,-20.6704
halloween_seasonal_long,trailing_5pct,q4_ge_10pct,5,0.0,-2.34922,-11.7461
htf_aligned_breakout_long,atr_trail_1x,q1_lt_2pct,1,0.0,-2.7512,-2.7512
htf_aligned_breakout_long,atr_trail_1x,q4_ge_10pct,39,0.15384615384615385,-2.4948897435897437,-97.3007
htf_aligned_breakout_long,atr_trail_2x,q1_lt_2pct,1,0.0,-5.5023,-5.5023
htf_aligned_breakout_long,atr_trail_2x,q4_ge_10pct,39,0.2564102564102564,-0.9001333333333335,-35.1052
htf_aligned_breakout_long,atr_trail_mae_conditional,q1_lt_2pct,1,0.0,-2.7512,-2.7512
htf_aligned_breakout_long,atr_trail_mae_conditional,q4_ge_10pct,39,0.15384615384615385,-2.4948897435897437,-97.3007
htf_aligned_breakout_long,atr_trail_vix_conditional,q1_lt_2pct,1,0.0,-4.1268,-4.1268
htf_aligned_breakout_long,atr_trail_vix_conditional,q4_ge_10pct,39,0.1794871794871795,-1.1825948717948715,-46.121199999999995
htf_aligned_breakout_long,break_even_at_1r,q1_lt_2pct,1,0.0,-2.7512,-2.7512
htf_aligned_breakout_long,break_even_at_1r,q4_ge_10pct,39,0.10256410256410256,-1.1215564102564104,-43.740700000000004
htf_aligned_breakout_long,breakeven_plus_trail,q1_lt_2pct,1,0.0,-5.5023,-5.5023
htf_aligned_breakout_long,breakeven_plus_trail,q4_ge_10pct,39,0.5384615384615384,14.718535897435899,574.0229
htf_aligned_breakout_long,chandelier_3x,q1_lt_2pct,1,0.0,-4.1967,-4.1967
htf_aligned_breakout_long,chandelier_3x,q4_ge_10pct,39,0.3076923076923077,2.062579487179488,80.44060000000002
htf_aligned_breakout_long,class_time_stop,q1_lt_2pct,1,0.0,-19.7405,-19.7405
htf_aligned_breakout_long,class_time_stop,q4_ge_10pct,39,0.5128205128205128,1.3926487179487184,54.31330000000001
htf_aligned_breakout_long,earnings_blackout,q1_lt_2pct,1,0.0,-18.2452,-18.2452
htf_aligned_breakout_long,earnings_blackout,q4_ge_10pct,39,0.5384615384615384,3.691774358974359,143.9792
htf_aligned_breakout_long,fixed_4r_2r,q1_lt_2pct,1,0.0,-5.5023,-5.5023
htf_aligned_breakout_long,fixed_4r_2r,q4_ge_10pct,39,0.41025641025641024,0.8738384615384612,34.07969999999999
htf_aligned_breakout_long,hybrid_50pct_target,q1_lt_2pct,1,0.0,-10.0,-10.0
htf_aligned_breakout_long,hybrid_50pct_target,q4_ge_10pct,39,0.48717948717948717,2.7339025641025643,106.6222
htf_aligned_breakout_long,ma_exit_ema9,q1_lt_2pct,1,0.0,-5.0952,-5.0952
htf_aligned_breakout_long,ma_exit_ema9,q4_ge_10pct,39,0.4358974358974359,6.87812564102564,268.2469
htf_aligned_breakout_long,mfe_lockin_trail,q1_lt_2pct,1,0.0,-2.7512,-2.7512
htf_aligned_breakout_long,mfe_lockin_trail,q4_ge_10pct,39,0.15384615384615385,-2.419805128205128,-94.3724
htf_aligned_breakout_long,multi_tier_partial,q1_lt_2pct,1,0.0,-2.7512,-2.7512
htf_aligned_breakout_long,multi_tier_partial,q4_ge_10pct,39,0.48717948717948717,-0.9904,-38.6256
htf_aligned_breakout_long,next_pivot_target,q1_lt_2pct,1,0.0,-11.72,-11.72
htf_aligned_breakout_long,next_pivot_target,q4_ge_10pct,39,0.6410256410256411,3.241905128205128,126.4343
htf_aligned_breakout_long,r_multiple_2r,q1_lt_2pct,1,0.0,-2.7512,-2.7512
htf_aligned_breakout_long,r_multiple_2r,q4_ge_10pct,39,0.38461538461538464,0.4531564102564102,17.673099999999998
htf_aligned_breakout_long,r_multiple_3r,q1_lt_2pct,1,0.0,-2.7512,-2.7512
htf_aligned_breakout_long,r_multiple_3r,q4_ge_10pct,39,0.3333333333333333,0.7199410256410257,28.0777
htf_aligned_breakout_long,regime_flip,q1_lt_2pct,1,0.0,-20.1212,-20.1212
htf_aligned_breakout_long,regime_flip,q4_ge_10pct,39,0.48717948717948717,1.103779487179487,43.047399999999996
htf_aligned_breakout_long,reverse_signal,q1_lt_2pct,1,0.0,-2.7512,-2.7512
htf_aligned_breakout_long,reverse_signal,q4_ge_10pct,39,0.15384615384615385,-2.4948897435897437,-97.3007
htf_aligned_breakout_long,smc_mitigation_zone,q1_lt_2pct,1,0.0,-2.7512,-2.7512
htf_aligned_breakout_long,smc_mitigation_zone,q4_ge_10pct,39,0.15384615384615385,-2.4948897435897437,-97.3007
htf_aligned_breakout_long,time_stop_10d,q1_lt_2pct,1,0.0,-10.6053,-10.6053
htf_aligned_breakout_long,time_stop_10d,q4_ge_10pct,39,0.5897435897435898,5.827528205128205,227.2736
htf_aligned_breakout_long,time_stop_20d,q1_lt_2pct,1,0.0,-20.1212,-20.1212
htf_aligned_breakout_long,time_stop_20d,q4_ge_10pct,39,0.48717948717948717,1.103779487179487,43.047399999999996
htf_aligned_breakout_long,trailing_10pct,q1_lt_2pct,1,0.0,-11.72,-11.72
htf_aligned_breakout_long,trailing_10pct,q4_ge_10pct,39,0.28205128205128205,1.6190307692307693,63.1422
htf_aligned_breakout_long,trailing_15pct,q1_lt_2pct,1,0.0,-15.0,-15.0
htf_aligned_breakout_long,trailing_15pct,q4_ge_10pct,39,0.28205128205128205,1.7434358974358974,67.994
htf_aligned_breakout_long,trailing_5pct,q1_lt_2pct,1,0.0,-5.0,-5.0
htf_aligned_breakout_long,trailing_5pct,q4_ge_10pct,39,0.1794871794871795,-1.388694871794872,-54.1591
htf_aligned_breakout_short,atr_trail_1x,q1_lt_2pct,1,0.0,-3.8937,-3.8937
htf_aligned_breakout_short,atr_trail_1x,q4_ge_10pct,56,0.26785714285714285,-1.971494642857143,-110.4037
htf_aligned_breakout_short,atr_trail_2x,q1_lt_2pct,1,0.0,-8.4888,-8.4888
htf_aligned_breakout_short,atr_trail_2x,q4_ge_10pct,56,0.3392857142857143,-3.0692660714285718,-171.87890000000002
htf_aligned_breakout_short,atr_trail_mae_conditional,q1_lt_2pct,1,0.0,-3.8937,-3.8937
htf_aligned_breakout_short,atr_trail_mae_conditional,q4_ge_10pct,56,0.26785714285714285,-1.971494642857143,-110.4037
htf_aligned_breakout_short,atr_trail_vix_conditional,q1_lt_2pct,1,0.0,-5.8406,-5.8406
htf_aligned_breakout_short,atr_trail_vix_conditional,q4_ge_10pct,56,0.2857142857142857,-2.5316892857142856,-141.7746
htf_aligned_breakout_short,break_even_at_1r,q1_lt_2pct,1,0.0,-3.8937,-3.8937
htf_aligned_breakout_short,break_even_at_1r,q4_ge_10pct,56,0.16071428571428573,-1.4307982142857143,-80.1247
htf_aligned_breakout_short,breakeven_plus_trail,q1_lt_2pct,1,0.0,-7.7875,-7.7875
htf_aligned_breakout_short,breakeven_plus_trail,q4_ge_10pct,56,0.375,1.4470589285714281,81.03529999999998
htf_aligned_breakout_short,chandelier_3x,q1_lt_2pct,1,0.0,-9.0429,-9.0429
htf_aligned_breakout_short,chandelier_3x,q4_ge_10pct,56,0.30357142857142855,-3.3691875,-188.6745
htf_aligned_breakout_short,class_time_stop,q1_lt_2pct,1,0.0,-11.7494,-11.7494
htf_aligned_breakout_short,class_time_stop,q4_ge_10pct,56,0.5357142857142857,-3.8928374999999997,-217.9989
htf_aligned_breakout_short,earnings_blackout,q1_lt_2pct,1,0.0,-11.2751,-11.2751
htf_aligned_breakout_short,earnings_blackout,q4_ge_10pct,56,0.44642857142857145,-16.514857142857142,-924.8319999999999
htf_aligned_breakout_short,fixed_4r_2r,q1_lt_2pct,1,0.0,-8.4888,-8.4888
htf_aligned_breakout_short,fixed_4r_2r,q4_ge_10pct,56,0.39285714285714285,1.7028910714285714,95.3619
htf_aligned_breakout_short,hybrid_50pct_target,q1_lt_2pct,1,1.0,7.6817,7.6817
htf_aligned_breakout_short,hybrid_50pct_target,q4_ge_10pct,56,0.7678571428571429,-29.683555357142858,-1662.2791
htf_aligned_breakout_short,ma_exit_ema9,q1_lt_2pct,1,0.0,-5.5246,-5.5246
htf_aligned_breakout_short,ma_exit_ema9,q4_ge_10pct,56,0.32142857142857145,-0.7802392857142857,-43.6934
htf_aligned_breakout_short,mfe_lockin_trail,q1_lt_2pct,1,0.0,-3.8937,-3.8937
htf_aligned_breakout_short,mfe_lockin_trail,q4_ge_10pct,56,0.26785714285714285,-1.8979428571428572,-106.2848
htf_aligned_breakout_short,multi_tier_partial,q1_lt_2pct,1,0.0,-3.8937,-3.8937
htf_aligned_breakout_short,multi_tier_partial,q4_ge_10pct,56,0.5,-1.0569196428571428,-59.1875
htf_aligned_breakout_short,next_pivot_target,q1_lt_2pct,1,0.0,-8.4888,-8.4888
htf_aligned_breakout_short,next_pivot_target,q4_ge_10pct,56,0.5714285714285714,0.01598214285714269,0.8949999999999907
htf_aligned_breakout_short,r_multiple_2r,q1_lt_2pct,1,0.0,-3.8937,-3.8937
htf_aligned_breakout_short,r_multiple_2r,q4_ge_10pct,56,0.3392857142857143,-0.5597535714285714,-31.346199999999996
htf_aligned_breakout_short,r_multiple_3r,q1_lt_2pct,1,0.0,-3.8937,-3.8937
htf_aligned_breakout_short,r_multiple_3r,q4_ge_10pct,56,0.23214285714285715,-0.9434303571428572,-52.832100000000004
htf_aligned_breakout_short,regime_flip,q1_lt_2pct,1,0.0,-4.5761,-4.5761
htf_aligned_breakout_short,regime_flip,q4_ge_10pct,56,0.4642857142857143,-3.117355357142857,-174.5719
htf_aligned_breakout_short,reverse_signal,q1_lt_2pct,1,0.0,-3.8937,-3.8937
htf_aligned_breakout_short,reverse_signal,q4_ge_10pct,56,0.26785714285714285,-1.971494642857143,-110.4037
htf_aligned_breakout_short,smc_mitigation_zone,q1_lt_2pct,1,0.0,-3.8937,-3.8937
htf_aligned_breakout_short,smc_mitigation_zone,q4_ge_10pct,56,0.26785714285714285,-1.971494642857143,-110.4037
htf_aligned_breakout_short,time_stop_10d,q1_lt_2pct,1,0.0,-11.9272,-11.9272
htf_aligned_breakout_short,time_stop_10d,q4_ge_10pct,56,0.4107142857142857,-1.9377035714285713,-108.5114
htf_aligned_breakout_short,time_stop_20d,q1_lt_2pct,1,0.0,-4.5761,-4.5761
htf_aligned_breakout_short,time_stop_20d,q4_ge_10pct,56,0.4642857142857143,-3.117355357142857,-174.5719
htf_aligned_breakout_short,trailing_10pct,q1_lt_2pct,1,0.0,-10.0,-10.0
htf_aligned_breakout_short,trailing_10pct,q4_ge_10pct,56,0.26785714285714285,-1.9324482142857142,-108.2171
htf_aligned_breakout_short,trailing_15pct,q1_lt_2pct,1,0.0,-15.0,-15.0
htf_aligned_breakout_short,trailing_15pct,q4_ge_10pct,56,0.39285714285714285,-2.4598142857142853,-137.7496
htf_aligned_breakout_short,trailing_5pct,q1_lt_2pct,1,0.0,-5.0,-5.0
htf_aligned_breakout_short,trailing_5pct,q4_ge_10pct,56,0.26785714285714285,-1.9368267857142858,-108.4623
hull_rsi,atr_trail_1x,q1_lt_2pct,2,0.0,-6.703850000000001,-13.407700000000002
hull_rsi,atr_trail_1x,q3_5_10pct,1,0.0,-2.6704,-2.6704
hull_rsi,atr_trail_1x,q4_ge_10pct,71,0.29577464788732394,-1.6292816901408451,-115.679
hull_rsi,atr_trail_2x,q1_lt_2pct,2,0.0,-13.4951,-26.9902
hull_rsi,atr_trail_2x,q3_5_10pct,1,0.0,-5.3409,-5.3409
hull_rsi,atr_trail_2x,q4_ge_10pct,71,0.352112676056338,-0.7851211267605633,-55.743599999999994
hull_rsi,atr_trail_mae_conditional,q1_lt_2pct,2,0.0,-6.703850000000001,-13.407700000000002
hull_rsi,atr_trail_mae_conditional,q3_5_10pct,1,0.0,-2.6704,-2.6704
hull_rsi,atr_trail_mae_conditional,q4_ge_10pct,71,0.29577464788732394,-1.6292816901408451,-115.679
hull_rsi,atr_trail_vix_conditional,q1_lt_2pct,2,0.0,-10.48025,-20.9605
hull_rsi,atr_trail_vix_conditional,q3_5_10pct,1,0.0,-2.6704,-2.6704
hull_rsi,atr_trail_vix_conditional,q4_ge_10pct,71,0.352112676056338,-1.2110042253521127,-85.9813
hull_rsi,break_even_at_1r,q1_lt_2pct,2,0.0,-6.703850000000001,-13.407700000000002
hull_rsi,break_even_at_1r,q3_5_10pct,1,0.0,-2.6704,-2.6704
hull_rsi,break_even_at_1r,q4_ge_10pct,71,0.19718309859154928,-1.4655901408450704,-104.0569
hull_rsi,breakeven_plus_trail,q1_lt_2pct,2,0.5,-8.996300000000002,-17.992600000000003
hull_rsi,breakeven_plus_trail,q3_5_10pct,1,0.0,-5.3409,-5.3409
hull_rsi,breakeven_plus_trail,q4_ge_10pct,71,0.4225352112676056,1.7145507042253523,121.73310000000001
hull_rsi,chandelier_3x,q1_lt_2pct,2,0.0,-11.33505,-22.6701
hull_rsi,chandelier_3x,q3_5_10pct,1,0.0,-2.4455,-2.4455
hull_rsi,chandelier_3x,q4_ge_10pct,71,0.2535211267605634,-0.6929760563380282,-49.201299999999996
hull_rsi,class_time_stop,q1_lt_2pct,2,0.0,-18.3295,-36.659
hull_rsi,class_time_stop,q3_5_10pct,1,1.0,9.5191,9.5191
hull_rsi,class_time_stop,q4_ge_10pct,71,0.4647887323943662,0.09836760563380288,6.984100000000005
hull_rsi,earnings_blackout,q1_lt_2pct,2,0.5,-33.12135,-66.2427
hull_rsi,earnings_blackout,q3_5_10pct,1,0.0,-43.4462,-43.4462
hull_rsi,earnings_blackout,q4_ge_10pct,71,0.5352112676056338,5.392733802816902,382.8841
hull_rsi,fixed_4r_2r,q1_lt_2pct,2,0.0,-13.4951,-26.9902
hull_rsi,fixed_4r_2r,q3_5_10pct,1,0.0,-5.3409,-5.3409
hull_rsi,fixed_4r_2r,q4_ge_10pct,71,0.29577464788732394,-1.5413352112676055,-109.4348
hull_rsi,hybrid_50pct_target,q1_lt_2pct,2,1.0,19.8697,39.7394
hull_rsi,hybrid_50pct_target,q3_5_10pct,1,1.0,6.9162,6.9162
hull_rsi,hybrid_50pct_target,q4_ge_10pct,71,0.6056338028169014,-8.784923943661973,-623.7296
hull_rsi,ma_exit_ema9,q1_lt_2pct,2,0.0,-8.08325,-16.1665
hull_rsi,ma_exit_ema9,q3_5_10pct,1,0.0,-3.2841,-3.2841
hull_rsi,ma_exit_ema9,q4_ge_10pct,71,0.36619718309859156,0.5005985915492956,35.54249999999999
hull_rsi,mfe_lockin_trail,q1_lt_2pct,2,0.0,-6.703850000000001,-13.407700000000002
hull_rsi,mfe_lockin_trail,q3_5_10pct,1,0.0,-2.6704,-2.6704
hull_rsi,mfe_lockin_trail,q4_ge_10pct,71,0.29577464788732394,-1.6017943661971832,-113.7274
hull_rsi,multi_tier_partial,q1_lt_2pct,2,0.0,-6.703850000000001,-13.407700000000002
hull_rsi,multi_tier_partial,q3_5_10pct,1,0.0,-2.6704,-2.6704
hull_rsi,multi_tier_partial,q4_ge_10pct,71,0.4647887323943662,-0.9716211267605632,-68.98509999999999
hull_rsi,next_pivot_target,q1_lt_2pct,2,0.0,-9.3011,-18.6022
hull_rsi,next_pivot_target,q3_5_10pct,1,0.0,-5.3409,-5.3409
hull_rsi,next_pivot_target,q4_ge_10pct,71,0.676056338028169,-0.8851845070422535,-62.848099999999995
hull_rsi,r_multiple_2r,q1_lt_2pct,2,0.0,-6.703850000000001,-13.407700000000002
hull_rsi,r_multiple_2r,q3_5_10pct,1,0.0,-2.6704,-2.6704
hull_rsi,r_multiple_2r,q4_ge_10pct,71,0.38028169014084506,0.21841408450704225,15.5074
hull_rsi,r_multiple_3r,q1_lt_2pct,2,0.0,-6.703850000000001,-13.407700000000002
hull_rsi,r_multiple_3r,q3_5_10pct,1,0.0,-2.6704,-2.6704
hull_rsi,r_multiple_3r,q4_ge_10pct,71,0.30985915492957744,0.7370267605633806,52.32890000000002
hull_rsi,regime_flip,q1_lt_2pct,2,0.0,-10.8544,-21.7088
hull_rsi,regime_flip,q3_5_10pct,1,0.0,-1.2456,-1.2456
hull_rsi,regime_flip,q4_ge_10pct,71,0.5211267605633803,0.35519999999999996,25.219199999999997
hull_rsi,reverse_signal,q1_lt_2pct,2,0.0,-6.703850000000001,-13.407700000000002
hull_rsi,reverse_signal,q3_5_10pct,1,0.0,-2.6704,-2.6704
hull_rsi,reverse_signal,q4_ge_10pct,71,0.29577464788732394,-1.6292816901408451,-115.679
hull_rsi,smc_mitigation_zone,q1_lt_2pct,2,0.0,-6.703850000000001,-13.407700000000002
hull_rsi,smc_mitigation_zone,q3_5_10pct,1,0.0,-2.6704,-2.6704
hull_rsi,smc_mitigation_zone,q4_ge_10pct,71,0.29577464788732394,-1.6292816901408451,-115.679
hull_rsi,time_stop_10d,q1_lt_2pct,2,0.5,3.35195,6.7039
hull_rsi,time_stop_10d,q3_5_10pct,1,0.0,-2.1039,-2.1039
hull_rsi,time_stop_10d,q4_ge_10pct,71,0.5774647887323944,0.9254366197183097,65.70599999999999
hull_rsi,time_stop_20d,q1_lt_2pct,2,0.0,-10.8544,-21.7088
hull_rsi,time_stop_20d,q3_5_10pct,1,0.0,-1.2456,-1.2456
hull_rsi,time_stop_20d,q4_ge_10pct,71,0.5211267605633803,0.35519999999999996,25.219199999999997
hull_rsi,trailing_10pct,q1_lt_2pct,2,0.0,-10.0,-20.0
hull_rsi,trailing_10pct,q3_5_10pct,1,0.0,-10.0,-10.0
hull_rsi,trailing_10pct,q4_ge_10pct,71,0.2676056338028169,-3.8976042253521124,-276.7299
hull_rsi,trailing_15pct,q1_lt_2pct,2,0.0,-9.565999999999999,-19.131999999999998
hull_rsi,trailing_15pct,q3_5_10pct,1,1.0,1.5403,1.5403
hull_rsi,trailing_15pct,q4_ge_10pct,71,0.28169014084507044,-3.079122535211267,-218.61769999999999
hull_rsi,trailing_5pct,q1_lt_2pct,2,0.0,-5.0,-10.0
hull_rsi,trailing_5pct,q3_5_10pct,1,0.0,-5.0,-5.0
hull_rsi,trailing_5pct,q4_ge_10pct,71,0.30985915492957744,-1.344801408450704,-95.48089999999999
hull_rsi_short,atr_trail_1x,q1_lt_2pct,1,0.0,-7.5385,-7.5385
hull_rsi_short,atr_trail_1x,q4_ge_10pct,54,0.3333333333333333,-1.358448148148148,-73.3562
hull_rsi_short,atr_trail_2x,q1_lt_2pct,1,1.0,12.3788,12.3788
hull_rsi_short,atr_trail_2x,q4_ge_10pct,54,0.3148148148148148,-1.4027592592592595,-75.74900000000001
hull_rsi_short,atr_trail_mae_conditional,q1_lt_2pct,1,0.0,-7.5385,-7.5385
hull_rsi_short,atr_trail_mae_conditional,q4_ge_10pct,54,0.3333333333333333,-1.358448148148148,-73.3562
hull_rsi_short,atr_trail_vix_conditional,q1_lt_2pct,1,0.0,-5.6539,-5.6539
hull_rsi_short,atr_trail_vix_conditional,q4_ge_10pct,54,0.3148148148148148,-1.2170851851851852,-65.7226
hull_rsi_short,break_even_at_1r,q1_lt_2pct,1,0.0,-7.5385,-7.5385
hull_rsi_short,break_even_at_1r,q4_ge_10pct,54,0.25925925925925924,-1.0675296296296297,-57.64660000000001
hull_rsi_short,breakeven_plus_trail,q1_lt_2pct,1,1.0,16.3123,16.3123
hull_rsi_short,breakeven_plus_trail,q4_ge_10pct,54,0.42592592592592593,1.6320092592592592,88.1285
hull_rsi_short,chandelier_3x,q1_lt_2pct,1,0.0,-13.8512,-13.8512
hull_rsi_short,chandelier_3x,q4_ge_10pct,54,0.2777777777777778,1.0558962962962963,57.0184
hull_rsi_short,class_time_stop,q1_lt_2pct,1,1.0,14.2627,14.2627
hull_rsi_short,class_time_stop,q4_ge_10pct,54,0.4074074074074074,-3.3419611111111105,-180.46589999999998
hull_rsi_short,earnings_blackout,q1_lt_2pct,1,0.0,-2.6208,-2.6208
hull_rsi_short,earnings_blackout,q4_ge_10pct,54,0.48148148148148145,-12.636544444444446,-682.3734000000001
hull_rsi_short,fixed_4r_2r,q1_lt_2pct,1,0.0,-15.077,-15.077
hull_rsi_short,fixed_4r_2r,q4_ge_10pct,54,0.2777777777777778,-0.7876685185185188,-42.53410000000002
hull_rsi_short,hybrid_50pct_target,q1_lt_2pct,1,1.0,19.4639,19.4639
hull_rsi_short,hybrid_50pct_target,q4_ge_10pct,54,0.7222222222222222,-43.81206851851852,-2365.8517
hull_rsi_short,ma_exit_ema9,q1_lt_2pct,1,0.0,-10.0,-10.0
hull_rsi_short,ma_exit_ema9,q4_ge_10pct,54,0.35185185185185186,0.06303518518518524,3.403900000000003
hull_rsi_short,mfe_lockin_trail,q1_lt_2pct,1,0.0,-7.5385,-7.5385
hull_rsi_short,mfe_lockin_trail,q4_ge_10pct,54,0.3333333333333333,-1.0429722222222222,-56.3205
hull_rsi_short,multi_tier_partial,q1_lt_2pct,1,0.0,-7.5385,-7.5385
hull_rsi_short,multi_tier_partial,q4_ge_10pct,54,0.48148148148148145,-0.6015629629629631,-32.48440000000001
hull_rsi_short,next_pivot_target,q1_lt_2pct,1,1.0,22.6155,22.6155
hull_rsi_short,next_pivot_target,q4_ge_10pct,54,0.7037037037037037,0.37307037037037033,20.145799999999998
hull_rsi_short,r_multiple_2r,q1_lt_2pct,1,0.0,-7.5385,-7.5385
hull_rsi_short,r_multiple_2r,q4_ge_10pct,54,0.37037037037037035,1.0980185185185187,59.293000000000006
hull_rsi_short,r_multiple_3r,q1_lt_2pct,1,0.0,-7.5385,-7.5385
hull_rsi_short,r_multiple_3r,q4_ge_10pct,54,0.25925925925925924,0.274887037037037,14.843899999999998
hull_rsi_short,regime_flip,q1_lt_2pct,1,1.0,25.5183,25.5183
hull_rsi_short,regime_flip,q4_ge_10pct,54,0.4074074074074074,-3.5363111111111114,-190.9608
hull_rsi_short,reverse_signal,q1_lt_2pct,1,0.0,-7.5385,-7.5385
hull_rsi_short,reverse_signal,q4_ge_10pct,54,0.3333333333333333,-1.358448148148148,-73.3562
hull_rsi_short,smc_mitigation_zone,q1_lt_2pct,1,0.0,-7.5385,-7.5385
hull_rsi_short,smc_mitigation_zone,q4_ge_10pct,54,0.3333333333333333,-1.358448148148148,-73.3562
hull_rsi_short,time_stop_10d,q1_lt_2pct,1,1.0,23.9203,23.9203
hull_rsi_short,time_stop_10d,q4_ge_10pct,54,0.5,-0.46776666666666666,-25.2594
hull_rsi_short,time_stop_20d,q1_lt_2pct,1,1.0,25.5183,25.5183
hull_rsi_short,time_stop_20d,q4_ge_10pct,54,0.4074074074074074,-3.5363111111111114,-190.9608
hull_rsi_short,trailing_10pct,q1_lt_2pct,1,0.0,-10.0,-10.0
hull_rsi_short,trailing_10pct,q4_ge_10pct,54,0.2777777777777778,-3.534361111111111,-190.8555
hull_rsi_short,trailing_15pct,q1_lt_2pct,1,0.0,-8.2486,-8.2486
hull_rsi_short,trailing_15pct,q4_ge_10pct,54,0.2777777777777778,-2.717275925925926,-146.7329
hull_rsi_short,trailing_5pct,q1_lt_2pct,1,0.0,-5.0525,-5.0525
hull_rsi_short,trailing_5pct,q4_ge_10pct,54,0.24074074074074073,-1.7799425925925927,-96.1169
ichimoku_cloud_breakout,atr_trail_1x,q1_lt_2pct,4,0.0,-7.49875,-29.995
ichimoku_cloud_breakout,atr_trail_1x,q3_5_10pct,1,0.0,-6.6569,-6.6569
ichimoku_cloud_breakout,atr_trail_1x,q4_ge_10pct,85,0.18823529411764706,-1.9095670588235294,-162.3132
ichimoku_cloud_breakout,atr_trail_2x,q1_lt_2pct,4,0.0,-15.958,-63.832
ichimoku_cloud_breakout,atr_trail_2x,q3_5_10pct,1,1.0,11.9498,11.9498
ichimoku_cloud_breakout,atr_trail_2x,q4_ge_10pct,85,0.35294117647058826,-0.9957517647058824,-84.6389
ichimoku_cloud_breakout,atr_trail_mae_conditional,q1_lt_2pct,4,0.0,-7.49875,-29.995
ichimoku_cloud_breakout,atr_trail_mae_conditional,q3_5_10pct,1,0.0,-6.6569,-6.6569
ichimoku_cloud_breakout,atr_trail_mae_conditional,q4_ge_10pct,85,0.18823529411764706,-1.9095670588235294,-162.3132
ichimoku_cloud_breakout,atr_trail_vix_conditional,q1_lt_2pct,4,0.0,-9.65645,-38.6258
ichimoku_cloud_breakout,atr_trail_vix_conditional,q3_5_10pct,1,0.0,-6.6569,-6.6569
ichimoku_cloud_breakout,atr_trail_vix_conditional,q4_ge_10pct,85,0.23529411764705882,-1.6860223529411766,-143.3119
ichimoku_cloud_breakout,break_even_at_1r,q1_lt_2pct,4,0.0,-8.762675,-35.0507
ichimoku_cloud_breakout,break_even_at_1r,q3_5_10pct,1,0.0,-6.6569,-6.6569
ichimoku_cloud_breakout,break_even_at_1r,q4_ge_10pct,85,0.21176470588235294,-0.9699835294117647,-82.4486
ichimoku_cloud_breakout,breakeven_plus_trail,q1_lt_2pct,4,0.25,10.63025,42.521
ichimoku_cloud_breakout,breakeven_plus_trail,q3_5_10pct,1,1.0,10.8745,10.8745
ichimoku_cloud_breakout,breakeven_plus_trail,q4_ge_10pct,85,0.3411764705882353,3.138094117647059,266.738
ichimoku_cloud_breakout,chandelier_3x,q1_lt_2pct,4,0.0,-9.2303,-36.9212
ichimoku_cloud_breakout,chandelier_3x,q3_5_10pct,1,0.0,-3.3526,-3.3526
ichimoku_cloud_breakout,chandelier_3x,q4_ge_10pct,85,0.2235294117647059,-0.34902588235294096,-29.667199999999983
ichimoku_cloud_breakout,class_time_stop,q1_lt_2pct,4,0.25,-10.299199999999999,-41.196799999999996
ichimoku_cloud_breakout,class_time_stop,q3_5_10pct,1,1.0,16.6256,16.6256
ichimoku_cloud_breakout,class_time_stop,q4_ge_10pct,85,0.47058823529411764,0.9422411764705881,80.09049999999999
ichimoku_cloud_breakout,earnings_blackout,q1_lt_2pct,4,0.25,6.138325,24.5533
ichimoku_cloud_breakout,earnings_blackout,q3_5_10pct,1,1.0,14.506,14.506
ichimoku_cloud_breakout,earnings_blackout,q4_ge_10pct,85,0.43529411764705883,-2.9128976470588235,-247.59629999999999
ichimoku_cloud_breakout,fixed_4r_2r,q1_lt_2pct,4,0.0,-17.523675,-70.0947
ichimoku_cloud_breakout,fixed_4r_2r,q3_5_10pct,1,0.0,-13.3139,-13.3139
ichimoku_cloud_breakout,fixed_4r_2r,q4_ge_10pct,85,0.3058823529411765,-0.5946964705882353,-50.5492
ichimoku_cloud_breakout,hybrid_50pct_target,q1_lt_2pct,4,0.0,-35.123374999999996,-140.49349999999998
ichimoku_cloud_breakout,hybrid_50pct_target,q3_5_10pct,1,1.0,15.4227,15.4227
ichimoku_cloud_breakout,hybrid_50pct_target,q4_ge_10pct,85,0.6,-31.275392941176474,-2658.4084000000003
ichimoku_cloud_breakout,ma_exit_ema9,q1_lt_2pct,4,0.0,-6.47545,-25.9018
ichimoku_cloud_breakout,ma_exit_ema9,q3_5_10pct,1,0.0,-3.3261,-3.3261
ichimoku_cloud_breakout,ma_exit_ema9,q4_ge_10pct,85,0.27058823529411763,-0.6961023529411765,-59.1687
ichimoku_cloud_breakout,mfe_lockin_trail,q1_lt_2pct,4,0.0,-7.49875,-29.995
ichimoku_cloud_breakout,mfe_lockin_trail,q3_5_10pct,1,0.0,-6.6569,-6.6569
ichimoku_cloud_breakout,mfe_lockin_trail,q4_ge_10pct,85,0.18823529411764706,-2.2801941176470586,-193.8165
ichimoku_cloud_breakout,multi_tier_partial,q1_lt_2pct,4,0.0,-7.49875,-29.995
ichimoku_cloud_breakout,multi_tier_partial,q3_5_10pct,1,0.0,-6.6569,-6.6569
ichimoku_cloud_breakout,multi_tier_partial,q4_ge_10pct,85,0.3058823529411765,-1.5061929411764705,-128.0264
ichimoku_cloud_breakout,next_pivot_target,q1_lt_2pct,4,0.0,-10.0,-40.0
ichimoku_cloud_breakout,next_pivot_target,q3_5_10pct,1,0.0,-10.0,-10.0
ichimoku_cloud_breakout,next_pivot_target,q4_ge_10pct,85,0.7411764705882353,-0.9014976470588234,-76.62729999999999
ichimoku_cloud_breakout,r_multiple_2r,q1_lt_2pct,4,0.0,-8.762675,-35.0507
ichimoku_cloud_breakout,r_multiple_2r,q3_5_10pct,1,0.0,-6.6569,-6.6569
ichimoku_cloud_breakout,r_multiple_2r,q4_ge_10pct,85,0.3058823529411765,0.18312000000000006,15.565200000000004
ichimoku_cloud_breakout,r_multiple_3r,q1_lt_2pct,4,0.0,-8.762675,-35.0507
ichimoku_cloud_breakout,r_multiple_3r,q3_5_10pct,1,0.0,-6.6569,-6.6569
ichimoku_cloud_breakout,r_multiple_3r,q4_ge_10pct,85,0.23529411764705882,0.15663294117647056,13.313799999999997
ichimoku_cloud_breakout,regime_flip,q1_lt_2pct,4,0.25,-7.074775,-28.2991
ichimoku_cloud_breakout,regime_flip,q3_5_10pct,1,0.0,-2.9172,-2.9172
ichimoku_cloud_breakout,regime_flip,q4_ge_10pct,85,0.49411764705882355,1.850977647058824,157.33310000000003
ichimoku_cloud_breakout,reverse_signal,q1_lt_2pct,4,0.0,-7.49875,-29.995
ichimoku_cloud_breakout,reverse_signal,q3_5_10pct,1,0.0,-6.6569,-6.6569
ichimoku_cloud_breakout,reverse_signal,q4_ge_10pct,85,0.18823529411764706,-1.9095670588235294,-162.3132
ichimoku_cloud_breakout,smc_mitigation_zone,q1_lt_2pct,4,0.0,-7.49875,-29.995
ichimoku_cloud_breakout,smc_mitigation_zone,q3_5_10pct,1,0.0,-6.6569,-6.6569
ichimoku_cloud_breakout,smc_mitigation_zone,q4_ge_10pct,85,0.18823529411764706,-1.9095670588235294,-162.3132
ichimoku_cloud_breakout,time_stop_10d,q1_lt_2pct,4,0.25,-11.161725,-44.6469
ichimoku_cloud_breakout,time_stop_10d,q3_5_10pct,1,0.0,-3.5203,-3.5203
ichimoku_cloud_breakout,time_stop_10d,q4_ge_10pct,85,0.43529411764705883,1.205105882352941,102.43399999999998
ichimoku_cloud_breakout,time_stop_20d,q1_lt_2pct,4,0.25,-7.074775,-28.2991
ichimoku_cloud_breakout,time_stop_20d,q3_5_10pct,1,0.0,-2.9172,-2.9172
ichimoku_cloud_breakout,time_stop_20d,q4_ge_10pct,85,0.49411764705882355,1.850977647058824,157.33310000000003
ichimoku_cloud_breakout,trailing_10pct,q1_lt_2pct,4,0.0,-10.0,-40.0
ichimoku_cloud_breakout,trailing_10pct,q3_5_10pct,1,0.0,-10.0,-10.0
ichimoku_cloud_breakout,trailing_10pct,q4_ge_10pct,85,0.27058823529411763,-2.1767058823529415,-185.02
ichimoku_cloud_breakout,trailing_15pct,q1_lt_2pct,4,0.0,-13.895475,-55.5819
ichimoku_cloud_breakout,trailing_15pct,q3_5_10pct,1,1.0,6.8234,6.8234
ichimoku_cloud_breakout,trailing_15pct,q4_ge_10pct,85,0.3411764705882353,-0.4575952941176471,-38.8956
ichimoku_cloud_breakout,trailing_5pct,q1_lt_2pct,4,0.0,-5.102525,-20.4101
ichimoku_cloud_breakout,trailing_5pct,q3_5_10pct,1,0.0,-5.0,-5.0
ichimoku_cloud_breakout,trailing_5pct,q4_ge_10pct,85,0.21176470588235294,-2.1645023529411764,-183.9827
ichimoku_tk_cross,atr_trail_1x,q4_ge_10pct,16,0.5,0.22331249999999997,3.5729999999999995
ichimoku_tk_cross,atr_trail_2x,q4_ge_10pct,16,0.625,4.09803125,65.5685
ichimoku_tk_cross,atr_trail_mae_conditional,q4_ge_10pct,16,0.5,0.22331249999999997,3.5729999999999995
ichimoku_tk_cross,atr_trail_vix_conditional,q4_ge_10pct,16,0.4375,0.9601375000000001,15.362200000000001
ichimoku_tk_cross,break_even_at_1r,q4_ge_10pct,16,0.25,-0.5525437500000001,-8.840700000000002
ichimoku_tk_cross,breakeven_plus_trail,q4_ge_10pct,16,0.5,6.8144124999999995,109.03059999999999
ichimoku_tk_cross,chandelier_3x,q4_ge_10pct,16,0.4375,2.3665625,37.865
ichimoku_tk_cross,class_time_stop,q4_ge_10pct,16,0.6875,5.50829375,88.1327
ichimoku_tk_cross,earnings_blackout,q4_ge_10pct,16,0.6875,9.1113625,145.7818
ichimoku_tk_cross,fixed_4r_2r,q4_ge_10pct,16,0.5625,7.08401875,113.3443
ichimoku_tk_cross,hybrid_50pct_target,q4_ge_10pct,16,0.6875,5.03601875,80.5763
ichimoku_tk_cross,ma_exit_ema9,q4_ge_10pct,16,0.5625,1.39645,22.3432
ichimoku_tk_cross,mfe_lockin_trail,q4_ge_10pct,16,0.5,-0.05891875000000002,-0.9427000000000003
ichimoku_tk_cross,multi_tier_partial,q4_ge_10pct,16,0.5625,0.2789937499999999,4.463899999999998
ichimoku_tk_cross,next_pivot_target,q4_ge_10pct,16,0.6875,2.1627625000000004,34.604200000000006
ichimoku_tk_cross,r_multiple_2r,q4_ge_10pct,16,0.5,1.18215,18.9144
ichimoku_tk_cross,r_multiple_3r,q4_ge_10pct,16,0.3125,1.2655375000000002,20.248600000000003
ichimoku_tk_cross,regime_flip,q4_ge_10pct,16,0.75,4.66494375,74.6391
ichimoku_tk_cross,reverse_signal,q4_ge_10pct,16,0.5,0.22331249999999997,3.5729999999999995
ichimoku_tk_cross,smc_mitigation_zone,q4_ge_10pct,16,0.5,0.22331249999999997,3.5729999999999995
ichimoku_tk_cross,time_stop_10d,q4_ge_10pct,16,0.5625,2.1263562499999997,34.021699999999996
ichimoku_tk_cross,time_stop_20d,q4_ge_10pct,16,0.75,4.66494375,74.6391
ichimoku_tk_cross,trailing_10pct,q4_ge_10pct,16,0.5625,2.0835125000000003,33.336200000000005
ichimoku_tk_cross,trailing_15pct,q4_ge_10pct,16,0.375,2.447425,39.1588
ichimoku_tk_cross,trailing_5pct,q4_ge_10pct,16,0.4375,0.09575625000000011,1.5321000000000018
inside_bar_breakout,atr_trail_1x,q4_ge_10pct,5,0.4,0.5416999999999998,2.7084999999999995
inside_bar_breakout,atr_trail_2x,q4_ge_10pct,5,0.4,-1.9790800000000002,-9.8954
inside_bar_breakout,atr_trail_mae_conditional,q4_ge_10pct,5,0.4,0.5416999999999998,2.7084999999999995
inside_bar_breakout,atr_trail_vix_conditional,q4_ge_10pct,5,0.4,1.10786,5.5393
inside_bar_breakout,break_even_at_1r,q4_ge_10pct,5,0.4,1.1965,5.9825
inside_bar_breakout,breakeven_plus_trail,q4_ge_10pct,5,0.6,5.85384,29.2692
inside_bar_breakout,chandelier_3x,q4_ge_10pct,5,0.0,-0.30242,-1.5121
inside_bar_breakout,class_time_stop,q4_ge_10pct,5,0.6,2.3933600000000004,11.966800000000001
inside_bar_breakout,earnings_blackout,q4_ge_10pct,5,0.8,10.38504,51.9252
inside_bar_breakout,fixed_4r_2r,q4_ge_10pct,5,0.4,3.06812,15.3406
inside_bar_breakout,hybrid_50pct_target,q4_ge_10pct,5,0.6,5.2011,26.0055
inside_bar_breakout,ma_exit_ema9,q4_ge_10pct,5,0.6,-0.011759999999999913,-0.05879999999999956
inside_bar_breakout,mfe_lockin_trail,q4_ge_10pct,5,0.4,1.08376,5.4188
inside_bar_breakout,multi_tier_partial,q4_ge_10pct,5,0.4,0.7667599999999998,3.8337999999999988
inside_bar_breakout,next_pivot_target,q4_ge_10pct,5,1.0,2.0791,10.3955
inside_bar_breakout,r_multiple_2r,q4_ge_10pct,5,0.4,1.55502,7.7751
inside_bar_breakout,r_multiple_3r,q4_ge_10pct,5,0.4,3.845719999999999,19.228599999999997
inside_bar_breakout,regime_flip,q4_ge_10pct,5,0.6,5.8299,29.149500000000003
inside_bar_breakout,reverse_signal,q4_ge_10pct,5,0.4,0.5416999999999998,2.7084999999999995
inside_bar_breakout,smc_mitigation_zone,q4_ge_10pct,5,0.4,0.5416999999999998,2.7084999999999995
inside_bar_breakout,time_stop_10d,q4_ge_10pct,5,0.6,1.6694600000000002,8.3473
inside_bar_breakout,time_stop_20d,q4_ge_10pct,5,0.6,5.8299,29.149500000000003
inside_bar_breakout,trailing_10pct,q4_ge_10pct,5,0.4,-0.7543,-3.7715
inside_bar_breakout,trailing_15pct,q4_ge_10pct,5,0.4,-3.9365200000000002,-19.6826
inside_bar_breakout,trailing_5pct,q4_ge_10pct,5,0.2,-2.76566,-13.8283
insider_cluster_long,atr_trail_1x,q4_ge_10pct,10,0.1,-2.67811,-26.781100000000002
insider_cluster_long,atr_trail_2x,q4_ge_10pct,10,0.3,-1.8910400000000003,-18.910400000000003
insider_cluster_long,atr_trail_mae_conditional,q4_ge_10pct,10,0.1,-2.67811,-26.781100000000002
insider_cluster_long,atr_trail_vix_conditional,q4_ge_10pct,10,0.1,-0.3248900000000001,-3.2489000000000012
insider_cluster_long,break_even_at_1r,q4_ge_10pct,10,0.1,-1.54515,-15.4515
insider_cluster_long,breakeven_plus_trail,q4_ge_10pct,10,0.7,8.73758,87.3758
insider_cluster_long,chandelier_3x,q4_ge_10pct,10,0.3,-1.78754,-17.8754
insider_cluster_long,class_time_stop,q4_ge_10pct,10,0.5,-3.6378700000000004,-36.3787
insider_cluster_long,earnings_blackout,q4_ge_10pct,10,0.5,0.8150600000000002,8.150600000000003
insider_cluster_long,fixed_4r_2r,q4_ge_10pct,10,0.4,-0.1338199999999997,-1.338199999999997
insider_cluster_long,hybrid_50pct_target,q4_ge_10pct,10,0.4,1.34233,13.423300000000001
insider_cluster_long,ma_exit_ema9,q4_ge_10pct,10,0.5,1.5304200000000001,15.304200000000002
insider_cluster_long,mfe_lockin_trail,q4_ge_10pct,10,0.1,-2.67811,-26.781100000000002
insider_cluster_long,multi_tier_partial,q4_ge_10pct,10,0.5,-1.50603,-15.0603
insider_cluster_long,next_pivot_target,q4_ge_10pct,10,0.9,2.01587,20.1587
insider_cluster_long,r_multiple_2r,q4_ge_10pct,10,0.4,2.2493800000000004,22.493800000000004
insider_cluster_long,r_multiple_3r,q4_ge_10pct,10,0.3,0.8153900000000001,8.1539
insider_cluster_long,regime_flip,q4_ge_10pct,10,0.7,1.8791000000000004,18.791000000000004
insider_cluster_long,reverse_signal,q4_ge_10pct,10,0.1,-2.67811,-26.781100000000002
insider_cluster_long,smc_mitigation_zone,q4_ge_10pct,10,0.1,-2.67811,-26.781100000000002
insider_cluster_long,time_stop_10d,q4_ge_10pct,10,0.7,5.08044,50.8044
insider_cluster_long,time_stop_20d,q4_ge_10pct,10,0.7,1.8791000000000004,18.791000000000004
insider_cluster_long,trailing_10pct,q4_ge_10pct,10,0.2,-0.6769899999999999,-6.769899999999999
insider_cluster_long,trailing_15pct,q4_ge_10pct,10,0.4,-2.19328,-21.9328
insider_cluster_long,trailing_5pct,q4_ge_10pct,10,0.1,-1.4292799999999999,-14.2928
institutional_buy_momentum_long,atr_trail_1x,q1_lt_2pct,1,0.0,-3.843,-3.843
institutional_buy_momentum_long,atr_trail_1x,q4_ge_10pct,31,0.2903225806451613,-1.8309064516129032,-56.7581
institutional_buy_momentum_long,atr_trail_2x,q1_lt_2pct,1,0.0,-5.5857,-5.5857
institutional_buy_momentum_long,atr_trail_2x,q4_ge_10pct,31,0.1935483870967742,-2.7343,-84.7633
institutional_buy_momentum_long,atr_trail_mae_conditional,q1_lt_2pct,1,0.0,-3.843,-3.843
institutional_buy_momentum_long,atr_trail_mae_conditional,q4_ge_10pct,31,0.2903225806451613,-1.8309064516129032,-56.7581
institutional_buy_momentum_long,atr_trail_vix_conditional,q1_lt_2pct,1,0.0,-2.0946,-2.0946
institutional_buy_momentum_long,atr_trail_vix_conditional,q4_ge_10pct,31,0.22580645161290322,-2.9499451612903225,-91.4483
institutional_buy_momentum_long,break_even_at_1r,q1_lt_2pct,1,0.0,-3.843,-3.843
institutional_buy_momentum_long,break_even_at_1r,q4_ge_10pct,31,0.16129032258064516,0.9262774193548384,28.71459999999999
institutional_buy_momentum_long,breakeven_plus_trail,q1_lt_2pct,1,0.0,-5.5857,-5.5857
institutional_buy_momentum_long,breakeven_plus_trail,q4_ge_10pct,31,0.3548387096774194,1.3760096774193544,42.65629999999999
institutional_buy_momentum_long,chandelier_3x,q1_lt_2pct,1,0.0,-5.1441,-5.1441
institutional_buy_momentum_long,chandelier_3x,q4_ge_10pct,31,0.1935483870967742,-0.5910838709677421,-18.323600000000003
institutional_buy_momentum_long,class_time_stop,q1_lt_2pct,1,0.0,-20.6685,-20.6685
institutional_buy_momentum_long,class_time_stop,q4_ge_10pct,31,0.2903225806451613,-4.320822580645161,-133.94549999999998
institutional_buy_momentum_long,earnings_blackout,q1_lt_2pct,1,0.0,-11.0772,-11.0772
institutional_buy_momentum_long,earnings_blackout,q4_ge_10pct,31,0.25806451612903225,-5.267664516129032,-163.2976
institutional_buy_momentum_long,fixed_4r_2r,q1_lt_2pct,1,0.0,-5.5857,-5.5857
institutional_buy_momentum_long,fixed_4r_2r,q4_ge_10pct,31,0.2903225806451613,-2.1855677419354835,-67.75259999999999
institutional_buy_momentum_long,hybrid_50pct_target,q1_lt_2pct,1,0.0,-10.0,-10.0
institutional_buy_momentum_long,hybrid_50pct_target,q4_ge_10pct,31,0.3548387096774194,-0.6759225806451611,-20.953599999999994
institutional_buy_momentum_long,ma_exit_ema9,q1_lt_2pct,1,0.0,-2.2174,-2.2174
institutional_buy_momentum_long,ma_exit_ema9,q4_ge_10pct,31,0.3548387096774194,0.05706451612903231,1.7690000000000015
institutional_buy_momentum_long,mfe_lockin_trail,q1_lt_2pct,1,0.0,-3.843,-3.843
institutional_buy_momentum_long,mfe_lockin_trail,q4_ge_10pct,31,0.2903225806451613,-1.7326161290322581,-53.7111
institutional_buy_momentum_long,multi_tier_partial,q1_lt_2pct,1,0.0,-3.843,-3.843
institutional_buy_momentum_long,multi_tier_partial,q4_ge_10pct,31,0.3548387096774194,-0.9983451612903226,-30.9487
institutional_buy_momentum_long,next_pivot_target,q1_lt_2pct,1,0.0,-10.0,-10.0
institutional_buy_momentum_long,next_pivot_target,q4_ge_10pct,31,0.6451612903225806,-2.385432258064516,-73.9484
institutional_buy_momentum_long,r_multiple_2r,q1_lt_2pct,1,0.0,-3.843,-3.843
institutional_buy_momentum_long,r_multiple_2r,q4_ge_10pct,31,0.3548387096774194,0.41815161290322583,12.962700000000002
institutional_buy_momentum_long,r_multiple_3r,q1_lt_2pct,1,0.0,-3.843,-3.843
institutional_buy_momentum_long,r_multiple_3r,q4_ge_10pct,31,0.1935483870967742,-1.467383870967742,-45.4889
institutional_buy_momentum_long,regime_flip,q1_lt_2pct,1,0.0,-11.7274,-11.7274
institutional_buy_momentum_long,regime_flip,q4_ge_10pct,31,0.3548387096774194,-3.455732258064516,-107.12769999999999
institutional_buy_momentum_long,reverse_signal,q1_lt_2pct,1,0.0,-3.843,-3.843
institutional_buy_momentum_long,reverse_signal,q4_ge_10pct,31,0.2903225806451613,-1.8309064516129032,-56.7581
institutional_buy_momentum_long,smc_mitigation_zone,q1_lt_2pct,1,0.0,-3.843,-3.843
institutional_buy_momentum_long,smc_mitigation_zone,q4_ge_10pct,31,0.2903225806451613,-1.8309064516129032,-56.7581
institutional_buy_momentum_long,time_stop_10d,q1_lt_2pct,1,0.0,-14.6536,-14.6536
institutional_buy_momentum_long,time_stop_10d,q4_ge_10pct,31,0.2903225806451613,-3.5448741935483867,-109.8911
institutional_buy_momentum_long,time_stop_20d,q1_lt_2pct,1,0.0,-11.7274,-11.7274
institutional_buy_momentum_long,time_stop_20d,q4_ge_10pct,31,0.3548387096774194,-3.455732258064516,-107.12769999999999
institutional_buy_momentum_long,trailing_10pct,q1_lt_2pct,1,0.0,-10.0,-10.0
institutional_buy_momentum_long,trailing_10pct,q4_ge_10pct,31,0.25806451612903225,-1.0571967741935486,-32.77310000000001
institutional_buy_momentum_long,trailing_15pct,q1_lt_2pct,1,0.0,-15.0,-15.0
institutional_buy_momentum_long,trailing_15pct,q4_ge_10pct,31,0.16129032258064516,-6.522574193548388,-202.1998
institutional_buy_momentum_long,trailing_5pct,q1_lt_2pct,1,0.0,-5.0,-5.0
institutional_buy_momentum_long,trailing_5pct,q4_ge_10pct,31,0.16129032258064516,-2.639248387096774,-81.8167
institutional_cluster_long,atr_trail_1x,q1_lt_2pct,1,0.0,-9.9235,-9.9235
institutional_cluster_long,atr_trail_1x,q2_2_5pct,1,0.0,-0.6273,-0.6273
institutional_cluster_long,atr_trail_1x,q4_ge_10pct,65,0.3076923076923077,-1.1549353846153845,-75.07079999999999
institutional_cluster_long,atr_trail_2x,q1_lt_2pct,1,1.0,13.6997,13.6997
institutional_cluster_long,atr_trail_2x,q2_2_5pct,1,0.0,-1.0644,-1.0644
institutional_cluster_long,atr_trail_2x,q4_ge_10pct,65,0.2923076923076923,-2.058603076923077,-133.8092
institutional_cluster_long,atr_trail_mae_conditional,q1_lt_2pct,1,0.0,-9.9235,-9.9235
institutional_cluster_long,atr_trail_mae_conditional,q2_2_5pct,1,0.0,-0.6273,-0.6273
institutional_cluster_long,atr_trail_mae_conditional,q4_ge_10pct,65,0.3076923076923077,-1.1549353846153845,-75.07079999999999
institutional_cluster_long,atr_trail_vix_conditional,q1_lt_2pct,1,0.0,-9.9235,-9.9235
institutional_cluster_long,atr_trail_vix_conditional,q2_2_5pct,1,0.0,-0.7307,-0.7307
institutional_cluster_long,atr_trail_vix_conditional,q4_ge_10pct,65,0.27692307692307694,-1.0507661538461537,-68.29979999999999
institutional_cluster_long,break_even_at_1r,q1_lt_2pct,1,0.0,-9.9235,-9.9235
institutional_cluster_long,break_even_at_1r,q2_2_5pct,1,0.0,-0.6273,-0.6273
institutional_cluster_long,break_even_at_1r,q4_ge_10pct,65,0.2,-0.8025676923076923,-52.1669
institutional_cluster_long,breakeven_plus_trail,q1_lt_2pct,1,1.0,87.7125,87.7125
institutional_cluster_long,breakeven_plus_trail,q2_2_5pct,1,0.0,-0.9743,-0.9743
institutional_cluster_long,breakeven_plus_trail,q4_ge_10pct,65,0.35384615384615387,3.205892307692308,208.383
institutional_cluster_long,chandelier_3x,q1_lt_2pct,1,0.0,-4.7568,-4.7568
institutional_cluster_long,chandelier_3x,q2_2_5pct,1,0.0,-0.0744,-0.0744
institutional_cluster_long,chandelier_3x,q4_ge_10pct,65,0.13846153846153847,-0.7525784615384614,-48.91759999999999
institutional_cluster_long,class_time_stop,q1_lt_2pct,1,1.0,89.8594,89.8594
institutional_cluster_long,class_time_stop,q2_2_5pct,1,0.0,-3.0086,-3.0086
institutional_cluster_long,class_time_stop,q4_ge_10pct,65,0.5538461538461539,4.496186153846153,292.2521
institutional_cluster_long,earnings_blackout,q1_lt_2pct,1,1.0,72.8284,72.8284
institutional_cluster_long,earnings_blackout,q2_2_5pct,1,0.0,-15.2898,-15.2898
institutional_cluster_long,earnings_blackout,q4_ge_10pct,65,0.5230769230769231,10.589327692307691,688.3063
institutional_cluster_long,fixed_4r_2r,q1_lt_2pct,1,1.0,39.6942,39.6942
institutional_cluster_long,fixed_4r_2r,q2_2_5pct,1,0.0,-1.0644,-1.0644
institutional_cluster_long,fixed_4r_2r,q4_ge_10pct,65,0.3384615384615385,0.126206153846154,8.20340000000001
institutional_cluster_long,hybrid_50pct_target,q1_lt_2pct,1,0.0,-10.0,-10.0
institutional_cluster_long,hybrid_50pct_target,q2_2_5pct,1,0.0,-10.0,-10.0
institutional_cluster_long,hybrid_50pct_target,q4_ge_10pct,65,0.36923076923076925,-0.8558184615384616,-55.62820000000001
institutional_cluster_long,ma_exit_ema9,q1_lt_2pct,1,0.0,-10.0,-10.0
institutional_cluster_long,ma_exit_ema9,q2_2_5pct,1,0.0,-0.0565,-0.0565
institutional_cluster_long,ma_exit_ema9,q4_ge_10pct,65,0.3384615384615385,0.4043107692307692,26.280199999999997
institutional_cluster_long,mfe_lockin_trail,q1_lt_2pct,1,0.0,-9.9235,-9.9235
institutional_cluster_long,mfe_lockin_trail,q2_2_5pct,1,0.0,-0.6273,-0.6273
institutional_cluster_long,mfe_lockin_trail,q4_ge_10pct,65,0.3076923076923077,-0.8670338461538462,-56.3572
institutional_cluster_long,multi_tier_partial,q1_lt_2pct,1,0.0,-9.9235,-9.9235
institutional_cluster_long,multi_tier_partial,q2_2_5pct,1,0.0,-0.6273,-0.6273
institutional_cluster_long,multi_tier_partial,q4_ge_10pct,65,0.4461538461538462,-0.36552,-23.7588
institutional_cluster_long,next_pivot_target,q1_lt_2pct,1,0.0,-10.0,-10.0
institutional_cluster_long,next_pivot_target,q2_2_5pct,1,1.0,0.4251,0.4251
institutional_cluster_long,next_pivot_target,q4_ge_10pct,65,0.7230769230769231,1.1733523076923076,76.2679
institutional_cluster_long,r_multiple_2r,q1_lt_2pct,1,0.0,-9.9235,-9.9235
institutional_cluster_long,r_multiple_2r,q2_2_5pct,1,0.0,-0.6273,-0.6273
institutional_cluster_long,r_multiple_2r,q4_ge_10pct,65,0.36923076923076925,1.2401276923076925,80.60830000000001
institutional_cluster_long,r_multiple_3r,q1_lt_2pct,1,0.0,-9.9235,-9.9235
institutional_cluster_long,r_multiple_3r,q2_2_5pct,1,0.0,-0.6273,-0.6273
institutional_cluster_long,r_multiple_3r,q4_ge_10pct,65,0.23076923076923078,0.5164584615384615,33.5698
institutional_cluster_long,regime_flip,q1_lt_2pct,1,1.0,92.0782,92.0782
institutional_cluster_long,regime_flip,q2_2_5pct,1,0.0,-0.2082,-0.2082
institutional_cluster_long,regime_flip,q4_ge_10pct,65,0.4461538461538462,0.41286615384615394,26.836300000000005
institutional_cluster_long,reverse_signal,q1_lt_2pct,1,0.0,-9.9235,-9.9235
institutional_cluster_long,reverse_signal,q2_2_5pct,1,0.0,-0.6273,-0.6273
institutional_cluster_long,reverse_signal,q4_ge_10pct,65,0.3076923076923077,-1.1549353846153845,-75.07079999999999
institutional_cluster_long,smc_mitigation_zone,q1_lt_2pct,1,0.0,-9.9235,-9.9235
institutional_cluster_long,smc_mitigation_zone,q2_2_5pct,1,0.0,-0.6273,-0.6273
institutional_cluster_long,smc_mitigation_zone,q4_ge_10pct,65,0.3076923076923077,-1.1549353846153845,-75.07079999999999
institutional_cluster_long,time_stop_10d,q1_lt_2pct,1,1.0,8.9023,8.9023
institutional_cluster_long,time_stop_10d,q2_2_5pct,1,0.0,-1.653,-1.653
institutional_cluster_long,time_stop_10d,q4_ge_10pct,65,0.5076923076923077,-0.05484769230769208,-3.565099999999985
institutional_cluster_long,time_stop_20d,q1_lt_2pct,1,1.0,92.0782,92.0782
institutional_cluster_long,time_stop_20d,q2_2_5pct,1,0.0,-0.2082,-0.2082
institutional_cluster_long,time_stop_20d,q4_ge_10pct,65,0.4461538461538462,0.41286615384615394,26.836300000000005
institutional_cluster_long,trailing_10pct,q1_lt_2pct,1,0.0,-10.0,-10.0
institutional_cluster_long,trailing_10pct,q2_2_5pct,1,0.0,-9.2081,-9.2081
institutional_cluster_long,trailing_10pct,q4_ge_10pct,65,0.26153846153846155,-2.2629492307692307,-147.0917
institutional_cluster_long,trailing_15pct,q1_lt_2pct,1,1.0,13.6997,13.6997
institutional_cluster_long,trailing_15pct,q2_2_5pct,1,0.0,-14.2521,-14.2521
institutional_cluster_long,trailing_15pct,q4_ge_10pct,65,0.3384615384615385,0.05307846153846158,3.4501000000000026
institutional_cluster_long,trailing_5pct,q1_lt_2pct,1,0.0,-5.0,-5.0
institutional_cluster_long,trailing_5pct,q2_2_5pct,1,0.0,-4.3911,-4.3911
institutional_cluster_long,trailing_5pct,q4_ge_10pct,65,0.2153846153846154,-2.011018461538461,-130.7162
lead_lag_sector_rotation,atr_trail_1x,q1_lt_2pct,1,0.0,-2.0,-2.0
lead_lag_sector_rotation,atr_trail_1x,q4_ge_10pct,47,0.1276595744680851,-0.815627659574468,-38.3345
lead_lag_sector_rotation,atr_trail_2x,q1_lt_2pct,1,0.0,-4.0,-4.0
lead_lag_sector_rotation,atr_trail_2x,q4_ge_10pct,47,0.1702127659574468,-2.001748936170213,-94.0822
lead_lag_sector_rotation,atr_trail_mae_conditional,q1_lt_2pct,1,0.0,-2.0,-2.0
lead_lag_sector_rotation,atr_trail_mae_conditional,q4_ge_10pct,47,0.1276595744680851,-0.815627659574468,-38.3345
lead_lag_sector_rotation,atr_trail_vix_conditional,q1_lt_2pct,1,0.0,-2.0,-2.0
lead_lag_sector_rotation,atr_trail_vix_conditional,q4_ge_10pct,47,0.1276595744680851,-0.815627659574468,-38.3345
lead_lag_sector_rotation,break_even_at_1r,q1_lt_2pct,1,0.0,-2.0,-2.0
lead_lag_sector_rotation,break_even_at_1r,q4_ge_10pct,47,0.02127659574468085,-0.8150468085106384,-38.3072
lead_lag_sector_rotation,breakeven_plus_trail,q1_lt_2pct,1,0.0,-4.0,-4.0
lead_lag_sector_rotation,breakeven_plus_trail,q4_ge_10pct,47,0.1276595744680851,1.0106893617021275,47.502399999999994
lead_lag_sector_rotation,chandelier_3x,q1_lt_2pct,1,0.0,-0.1686,-0.1686
lead_lag_sector_rotation,chandelier_3x,q4_ge_10pct,47,0.06382978723404255,-0.9302744680851064,-43.7229
lead_lag_sector_rotation,class_time_stop,q1_lt_2pct,1,1.0,33.1717,33.1717
lead_lag_sector_rotation,class_time_stop,q4_ge_10pct,47,0.40425531914893614,-2.6069468085106378,-122.52649999999998
lead_lag_sector_rotation,earnings_blackout,q1_lt_2pct,1,0.0,-22.5217,-22.5217
lead_lag_sector_rotation,earnings_blackout,q4_ge_10pct,47,0.3617021276595745,0.28413191489361717,13.354200000000008
lead_lag_sector_rotation,fixed_4r_2r,q1_lt_2pct,1,0.0,-4.0,-4.0
lead_lag_sector_rotation,fixed_4r_2r,q4_ge_10pct,47,0.23404255319148937,-1.2163382978723405,-57.1679
lead_lag_sector_rotation,hybrid_50pct_target,q1_lt_2pct,1,0.0,-10.0,-10.0
lead_lag_sector_rotation,hybrid_50pct_target,q4_ge_10pct,47,0.5531914893617021,-1.4026574468085105,-65.9249
lead_lag_sector_rotation,ma_exit_ema9,q1_lt_2pct,1,0.0,-7.3671,-7.3671
lead_lag_sector_rotation,ma_exit_ema9,q4_ge_10pct,47,0.3404255319148936,-0.06674680851063826,-3.1370999999999984
lead_lag_sector_rotation,mfe_lockin_trail,q1_lt_2pct,1,0.0,-2.0,-2.0
lead_lag_sector_rotation,mfe_lockin_trail,q4_ge_10pct,47,0.1276595744680851,-0.9680595744680852,-45.4988
lead_lag_sector_rotation,multi_tier_partial,q1_lt_2pct,1,0.0,-2.0,-2.0
lead_lag_sector_rotation,multi_tier_partial,q4_ge_10pct,47,0.5531914893617021,-0.1793978723404255,-8.4317
lead_lag_sector_rotation,next_pivot_target,q1_lt_2pct,1,0.0,-4.0,-4.0
lead_lag_sector_rotation,next_pivot_target,q4_ge_10pct,47,0.3191489361702128,-0.8827255319148937,-41.4881
lead_lag_sector_rotation,r_multiple_2r,q1_lt_2pct,1,0.0,-2.0,-2.0
lead_lag_sector_rotation,r_multiple_2r,q4_ge_10pct,47,0.3404255319148936,0.05250425531914893,2.4677
lead_lag_sector_rotation,r_multiple_3r,q1_lt_2pct,1,0.0,-2.0,-2.0
lead_lag_sector_rotation,r_multiple_3r,q4_ge_10pct,47,0.2765957446808511,0.20213404255319148,9.5003
lead_lag_sector_rotation,regime_flip,q1_lt_2pct,1,1.0,27.8675,27.8675
lead_lag_sector_rotation,regime_flip,q4_ge_10pct,47,0.3829787234042553,-3.0685404255319146,-144.2214
lead_lag_sector_rotation,reverse_signal,q1_lt_2pct,1,0.0,-2.0,-2.0
lead_lag_sector_rotation,reverse_signal,q4_ge_10pct,47,0.1276595744680851,-0.815627659574468,-38.3345
lead_lag_sector_rotation,smc_mitigation_zone,q1_lt_2pct,1,0.0,-2.0,-2.0
lead_lag_sector_rotation,smc_mitigation_zone,q4_ge_10pct,47,0.1276595744680851,-0.815627659574468,-38.3345
lead_lag_sector_rotation,time_stop_10d,q1_lt_2pct,1,1.0,19.5325,19.5325
lead_lag_sector_rotation,time_stop_10d,q4_ge_10pct,47,0.3191489361702128,-3.8915234042553193,-182.9016
lead_lag_sector_rotation,time_stop_20d,q1_lt_2pct,1,1.0,27.8675,27.8675
lead_lag_sector_rotation,time_stop_20d,q4_ge_10pct,47,0.3829787234042553,-3.0685404255319146,-144.2214
lead_lag_sector_rotation,trailing_10pct,q1_lt_2pct,1,0.0,-10.0,-10.0
lead_lag_sector_rotation,trailing_10pct,q4_ge_10pct,47,0.2553191489361702,-2.4052063829787236,-113.0447
lead_lag_sector_rotation,trailing_15pct,q1_lt_2pct,1,0.0,-15.0,-15.0
lead_lag_sector_rotation,trailing_15pct,q4_ge_10pct,47,0.2765957446808511,-2.6185617021276593,-123.07239999999999
lead_lag_sector_rotation,trailing_5pct,q1_lt_2pct,1,0.0,-5.0,-5.0
lead_lag_sector_rotation,trailing_5pct,q4_ge_10pct,47,0.1702127659574468,-2.564082978723404,-120.5119
macd_crossover,atr_trail_1x,q1_lt_2pct,1,0.0,-6.4021,-6.4021
macd_crossover,atr_trail_1x,q4_ge_10pct,33,0.15151515151515152,-1.7053060606060606,-56.2751
macd_crossover,atr_trail_2x,q1_lt_2pct,1,0.0,-12.8042,-12.8042
macd_crossover,atr_trail_2x,q4_ge_10pct,33,0.3333333333333333,-1.9872121212121212,-65.578
macd_crossover,atr_trail_mae_conditional,q1_lt_2pct,1,0.0,-6.4021,-6.4021
macd_crossover,atr_trail_mae_conditional,q4_ge_10pct,33,0.15151515151515152,-1.7053060606060606,-56.2751
macd_crossover,atr_trail_vix_conditional,q1_lt_2pct,1,0.0,-9.6031,-9.6031
macd_crossover,atr_trail_vix_conditional,q4_ge_10pct,33,0.30303030303030304,-0.538960606060606,-17.7857
macd_crossover,break_even_at_1r,q1_lt_2pct,1,0.0,-6.4021,-6.4021
macd_crossover,break_even_at_1r,q4_ge_10pct,33,0.09090909090909091,-2.25050303030303,-74.2666
macd_crossover,breakeven_plus_trail,q1_lt_2pct,1,1.0,6.3299,6.3299
macd_crossover,breakeven_plus_trail,q4_ge_10pct,33,0.42424242424242425,4.837018181818181,159.6216
macd_crossover,chandelier_3x,q1_lt_2pct,1,1.0,0.2206,0.2206
macd_crossover,chandelier_3x,q4_ge_10pct,33,0.3333333333333333,-1.796121212121212,-59.272
macd_crossover,class_time_stop,q1_lt_2pct,1,0.0,-0.1026,-0.1026
macd_crossover,class_time_stop,q4_ge_10pct,33,0.3939393939393939,-4.234003030303031,-139.7221
macd_crossover,earnings_blackout,q1_lt_2pct,1,0.0,-7.1723,-7.1723
macd_crossover,earnings_blackout,q4_ge_10pct,33,0.45454545454545453,2.131590909090909,70.34249999999999
macd_crossover,fixed_4r_2r,q1_lt_2pct,1,0.0,-12.8042,-12.8042
macd_crossover,fixed_4r_2r,q4_ge_10pct,33,0.36363636363636365,3.302069696969697,108.9683
macd_crossover,hybrid_50pct_target,q1_lt_2pct,1,0.0,-10.0,-10.0
macd_crossover,hybrid_50pct_target,q4_ge_10pct,33,0.5757575757575758,-4.69290606060606,-154.86589999999998
macd_crossover,ma_exit_ema9,q1_lt_2pct,1,0.0,-10.0,-10.0
macd_crossover,ma_exit_ema9,q4_ge_10pct,33,0.3939393939393939,0.028839393939394012,0.9517000000000024
macd_crossover,mfe_lockin_trail,q1_lt_2pct,1,0.0,-6.4021,-6.4021
macd_crossover,mfe_lockin_trail,q4_ge_10pct,33,0.15151515151515152,-2.7684818181818183,-91.3599
macd_crossover,multi_tier_partial,q1_lt_2pct,1,0.0,-6.4021,-6.4021
macd_crossover,multi_tier_partial,q4_ge_10pct,33,0.3939393939393939,-2.3525,-77.63250000000001
macd_crossover,next_pivot_target,q1_lt_2pct,1,0.0,-10.0,-10.0
macd_crossover,next_pivot_target,q4_ge_10pct,33,0.7575757575757576,1.9006606060606062,62.7218
macd_crossover,r_multiple_2r,q1_lt_2pct,1,0.0,-6.4021,-6.4021
macd_crossover,r_multiple_2r,q4_ge_10pct,33,0.2727272727272727,-1.2314818181818181,-40.6389
macd_crossover,r_multiple_3r,q1_lt_2pct,1,0.0,-6.4021,-6.4021
macd_crossover,r_multiple_3r,q4_ge_10pct,33,0.24242424242424243,-0.2952878787878789,-9.744500000000002
macd_crossover,regime_flip,q1_lt_2pct,1,0.0,-9.5621,-9.5621
macd_crossover,regime_flip,q4_ge_10pct,33,0.42424242424242425,-3.9151121212121214,-129.1987
macd_crossover,reverse_signal,q1_lt_2pct,1,0.0,-6.4021,-6.4021
macd_crossover,reverse_signal,q4_ge_10pct,33,0.15151515151515152,-1.7053060606060606,-56.2751
macd_crossover,smc_mitigation_zone,q1_lt_2pct,1,0.0,-6.4021,-6.4021
macd_crossover,smc_mitigation_zone,q4_ge_10pct,33,0.15151515151515152,-1.7053060606060606,-56.2751
macd_crossover,time_stop_10d,q1_lt_2pct,1,1.0,1.1172,1.1172
macd_crossover,time_stop_10d,q4_ge_10pct,33,0.5151515151515151,0.3165181818181818,10.4451
macd_crossover,time_stop_20d,q1_lt_2pct,1,0.0,-9.5621,-9.5621
macd_crossover,time_stop_20d,q4_ge_10pct,33,0.42424242424242425,-3.9151121212121214,-129.1987
macd_crossover,trailing_10pct,q1_lt_2pct,1,0.0,-10.0,-10.0
macd_crossover,trailing_10pct,q4_ge_10pct,33,0.36363636363636365,-1.7729848484848485,-58.5085
macd_crossover,trailing_15pct,q1_lt_2pct,1,1.0,0.4227,0.4227
macd_crossover,trailing_15pct,q4_ge_10pct,33,0.3333333333333333,-0.13873333333333315,-4.578199999999994
macd_crossover,trailing_5pct,q1_lt_2pct,1,0.0,-5.0,-5.0
macd_crossover,trailing_5pct,q4_ge_10pct,33,0.18181818181818182,-2.29760303030303,-75.8209
macd_fast_crossover,atr_trail_1x,q1_lt_2pct,4,0.0,-5.1253,-20.5012
macd_fast_crossover,atr_trail_1x,q4_ge_10pct,45,0.17777777777777778,-1.9771066666666666,-88.96979999999999
macd_fast_crossover,atr_trail_2x,q1_lt_2pct,4,0.0,-10.046899999999999,-40.187599999999996
macd_fast_crossover,atr_trail_2x,q4_ge_10pct,45,0.37777777777777777,-0.19322444444444428,-8.695099999999993
macd_fast_crossover,atr_trail_mae_conditional,q1_lt_2pct,4,0.0,-5.1253,-20.5012
macd_fast_crossover,atr_trail_mae_conditional,q4_ge_10pct,45,0.17777777777777778,-1.9771066666666666,-88.96979999999999
macd_fast_crossover,atr_trail_vix_conditional,q1_lt_2pct,4,0.0,-4.892575,-19.5703
macd_fast_crossover,atr_trail_vix_conditional,q4_ge_10pct,45,0.28888888888888886,-0.4792466666666667,-21.566100000000002
macd_fast_crossover,break_even_at_1r,q1_lt_2pct,4,0.0,-5.1253,-20.5012
macd_fast_crossover,break_even_at_1r,q4_ge_10pct,45,0.1111111111111111,-1.446928888888889,-65.1118
macd_fast_crossover,breakeven_plus_trail,q1_lt_2pct,4,0.25,-5.3580499999999995,-21.432199999999998
macd_fast_crossover,breakeven_plus_trail,q4_ge_10pct,45,0.35555555555555557,1.9699777777777778,88.649
macd_fast_crossover,chandelier_3x,q1_lt_2pct,4,0.0,-8.7544,-35.0176
macd_fast_crossover,chandelier_3x,q4_ge_10pct,45,0.4222222222222222,-0.6428644444444445,-28.9289
macd_fast_crossover,class_time_stop,q1_lt_2pct,4,0.75,-2.6866749999999993,-10.746699999999997
macd_fast_crossover,class_time_stop,q4_ge_10pct,45,0.5555555555555556,-0.6437688888888885,-28.969599999999982
macd_fast_crossover,earnings_blackout,q1_lt_2pct,4,0.75,9.338575,37.3543
macd_fast_crossover,earnings_blackout,q4_ge_10pct,45,0.4666666666666667,-6.020313333333332,-270.91409999999996
macd_fast_crossover,fixed_4r_2r,q1_lt_2pct,4,0.0,-10.046899999999999,-40.187599999999996
macd_fast_crossover,fixed_4r_2r,q4_ge_10pct,45,0.3111111111111111,-1.2957866666666666,-58.3104
macd_fast_crossover,hybrid_50pct_target,q1_lt_2pct,4,0.75,7.3253,29.3012
macd_fast_crossover,hybrid_50pct_target,q4_ge_10pct,45,0.5111111111111111,-8.579504444444444,-386.0777
macd_fast_crossover,ma_exit_ema9,q1_lt_2pct,4,0.0,-6.254325,-25.0173
macd_fast_crossover,ma_exit_ema9,q4_ge_10pct,45,0.4888888888888889,1.6092066666666667,72.4143
macd_fast_crossover,mfe_lockin_trail,q1_lt_2pct,4,0.0,-5.1253,-20.5012
macd_fast_crossover,mfe_lockin_trail,q4_ge_10pct,45,0.17777777777777778,-1.8848133333333332,-84.8166
macd_fast_crossover,multi_tier_partial,q1_lt_2pct,4,0.0,-5.1253,-20.5012
macd_fast_crossover,multi_tier_partial,q4_ge_10pct,45,0.4888888888888889,-1.1131777777777776,-50.092999999999996
macd_fast_crossover,next_pivot_target,q1_lt_2pct,4,0.0,-11.738225,-46.9529
macd_fast_crossover,next_pivot_target,q4_ge_10pct,45,0.7333333333333333,1.5527199999999999,69.8724
macd_fast_crossover,r_multiple_2r,q1_lt_2pct,4,0.0,-5.1253,-20.5012
macd_fast_crossover,r_multiple_2r,q4_ge_10pct,45,0.3333333333333333,-0.6388933333333334,-28.750200000000003
macd_fast_crossover,r_multiple_3r,q1_lt_2pct,4,0.0,-5.1253,-20.5012
macd_fast_crossover,r_multiple_3r,q4_ge_10pct,45,0.26666666666666666,-0.28286444444444436,-12.728899999999996
macd_fast_crossover,regime_flip,q1_lt_2pct,4,0.75,2.100775,8.4031
macd_fast_crossover,regime_flip,q4_ge_10pct,45,0.5555555555555556,1.014797777777778,45.66590000000001
macd_fast_crossover,reverse_signal,q1_lt_2pct,4,0.0,-5.1253,-20.5012
macd_fast_crossover,reverse_signal,q4_ge_10pct,45,0.17777777777777778,-1.9771066666666666,-88.96979999999999
macd_fast_crossover,smc_mitigation_zone,q1_lt_2pct,4,0.0,-5.1253,-20.5012
macd_fast_crossover,smc_mitigation_zone,q4_ge_10pct,45,0.17777777777777778,-1.9771066666666666,-88.96979999999999
macd_fast_crossover,time_stop_10d,q1_lt_2pct,4,0.25,-5.7458,-22.9832
macd_fast_crossover,time_stop_10d,q4_ge_10pct,45,0.6222222222222222,1.6122955555555554,72.5533
macd_fast_crossover,time_stop_20d,q1_lt_2pct,4,0.75,2.100775,8.4031
macd_fast_crossover,time_stop_20d,q4_ge_10pct,45,0.5555555555555556,1.014797777777778,45.66590000000001
macd_fast_crossover,trailing_10pct,q1_lt_2pct,4,0.0,-12.470675,-49.8827
macd_fast_crossover,trailing_10pct,q4_ge_10pct,45,0.3333333333333333,-1.0302599999999997,-46.36169999999999
macd_fast_crossover,trailing_15pct,q1_lt_2pct,4,0.0,-10.90215,-43.6086
macd_fast_crossover,trailing_15pct,q4_ge_10pct,45,0.3111111111111111,-3.0912333333333333,-139.1055
macd_fast_crossover,trailing_5pct,q1_lt_2pct,4,0.0,-5.0,-20.0
macd_fast_crossover,trailing_5pct,q4_ge_10pct,45,0.26666666666666666,-1.2606266666666668,-56.7282
monthly_bias_momentum_long,atr_trail_1x,q1_lt_2pct,8,0.0,-5.8388124999999995,-46.710499999999996
monthly_bias_momentum_long,atr_trail_1x,q3_5_10pct,1,0.0,-16.7005,-16.7005
monthly_bias_momentum_long,atr_trail_1x,q4_ge_10pct,253,0.22134387351778656,-1.9430727272727273,-491.5974
monthly_bias_momentum_long,atr_trail_2x,q1_lt_2pct,8,0.0,-11.69215,-93.5372
monthly_bias_momentum_long,atr_trail_2x,q3_5_10pct,1,0.0,-33.401,-33.401
monthly_bias_momentum_long,atr_trail_2x,q4_ge_10pct,253,0.32806324110671936,0.9240288537549407,233.7793
monthly_bias_momentum_long,atr_trail_mae_conditional,q1_lt_2pct,8,0.0,-5.8388124999999995,-46.710499999999996
monthly_bias_momentum_long,atr_trail_mae_conditional,q3_5_10pct,1,0.0,-16.7005,-16.7005
monthly_bias_momentum_long,atr_trail_mae_conditional,q4_ge_10pct,253,0.22134387351778656,-1.9430727272727273,-491.5974
monthly_bias_momentum_long,atr_trail_vix_conditional,q1_lt_2pct,8,0.0,-5.8263875,-46.6111
monthly_bias_momentum_long,atr_trail_vix_conditional,q3_5_10pct,1,0.0,-16.7005,-16.7005
monthly_bias_momentum_long,atr_trail_vix_conditional,q4_ge_10pct,253,0.2450592885375494,-1.3716494071146246,-347.0273
monthly_bias_momentum_long,break_even_at_1r,q1_lt_2pct,8,0.0,-5.8388124999999995,-46.710499999999996
monthly_bias_momentum_long,break_even_at_1r,q3_5_10pct,1,0.0,-16.7005,-16.7005
monthly_bias_momentum_long,break_even_at_1r,q4_ge_10pct,253,0.1422924901185771,-1.2556169960474306,-317.67109999999997
monthly_bias_momentum_long,breakeven_plus_trail,q1_lt_2pct,8,0.125,-4.47325,-35.786
monthly_bias_momentum_long,breakeven_plus_trail,q3_5_10pct,1,0.0,-33.401,-33.401
monthly_bias_momentum_long,breakeven_plus_trail,q4_ge_10pct,253,0.39920948616600793,4.504024110671937,1139.5181
monthly_bias_momentum_long,chandelier_3x,q1_lt_2pct,8,0.0,-7.2946,-58.3568
monthly_bias_momentum_long,chandelier_3x,q3_5_10pct,1,0.0,-2.83,-2.83
monthly_bias_momentum_long,chandelier_3x,q4_ge_10pct,253,0.2490118577075099,0.3475142292490118,87.9211
monthly_bias_momentum_long,class_time_stop,q1_lt_2pct,8,0.125,-13.251037499999999,-106.00829999999999
monthly_bias_momentum_long,class_time_stop,q3_5_10pct,1,0.0,-41.2292,-41.2292
monthly_bias_momentum_long,class_time_stop,q4_ge_10pct,253,0.4901185770750988,4.554784584980237,1152.3605
monthly_bias_momentum_long,earnings_blackout,q1_lt_2pct,8,0.5,5.7412374999999995,45.929899999999996
monthly_bias_momentum_long,earnings_blackout,q3_5_10pct,1,0.0,-14.2027,-14.2027
monthly_bias_momentum_long,earnings_blackout,q4_ge_10pct,253,0.525691699604743,8.117249802371543,2053.6642
monthly_bias_momentum_long,fixed_4r_2r,q1_lt_2pct,8,0.0,-11.69215,-93.5372
monthly_bias_momentum_long,fixed_4r_2r,q3_5_10pct,1,0.0,-33.401,-33.401
monthly_bias_momentum_long,fixed_4r_2r,q4_ge_10pct,253,0.3794466403162055,2.5188735177865613,637.275
monthly_bias_momentum_long,hybrid_50pct_target,q1_lt_2pct,8,0.125,-7.7297875000000005,-61.838300000000004
monthly_bias_momentum_long,hybrid_50pct_target,q3_5_10pct,1,0.0,-10.0,-10.0
monthly_bias_momentum_long,hybrid_50pct_target,q4_ge_10pct,253,0.4901185770750988,2.242779446640316,567.4232
monthly_bias_momentum_long,ma_exit_ema9,q1_lt_2pct,8,0.0,-6.2521,-50.0168
monthly_bias_momentum_long,ma_exit_ema9,q3_5_10pct,1,0.0,-10.0,-10.0
monthly_bias_momentum_long,ma_exit_ema9,q4_ge_10pct,253,0.308300395256917,0.8022332015810277,202.965
monthly_bias_momentum_long,mfe_lockin_trail,q1_lt_2pct,8,0.0,-5.8388124999999995,-46.710499999999996
monthly_bias_momentum_long,mfe_lockin_trail,q3_5_10pct,1,0.0,-16.7005,-16.7005
monthly_bias_momentum_long,mfe_lockin_trail,q4_ge_10pct,253,0.22134387351778656,-1.8457292490118575,-466.9695
monthly_bias_momentum_long,multi_tier_partial,q1_lt_2pct,8,0.0,-5.8388124999999995,-46.710499999999996
monthly_bias_momentum_long,multi_tier_partial,q3_5_10pct,1,0.0,-16.7005,-16.7005
monthly_bias_momentum_long,multi_tier_partial,q4_ge_10pct,253,0.35177865612648224,-1.6292715415019763,-412.2057
monthly_bias_momentum_long,next_pivot_target,q1_lt_2pct,8,0.125,-12.0166,-96.1328
monthly_bias_momentum_long,next_pivot_target,q3_5_10pct,1,0.0,-10.0,-10.0
monthly_bias_momentum_long,next_pivot_target,q4_ge_10pct,253,0.6245059288537549,-0.7754604743083003,-196.1915
monthly_bias_momentum_long,r_multiple_2r,q1_lt_2pct,8,0.0,-5.8388124999999995,-46.710499999999996
monthly_bias_momentum_long,r_multiple_2r,q3_5_10pct,1,0.0,-16.7005,-16.7005
monthly_bias_momentum_long,r_multiple_2r,q4_ge_10pct,253,0.31620553359683795,-0.1645106719367589,-41.6212
monthly_bias_momentum_long,r_multiple_3r,q1_lt_2pct,8,0.0,-5.8388124999999995,-46.710499999999996
monthly_bias_momentum_long,r_multiple_3r,q3_5_10pct,1,0.0,-16.7005,-16.7005
monthly_bias_momentum_long,r_multiple_3r,q4_ge_10pct,253,0.2648221343873518,0.46210237154150197,116.9119
monthly_bias_momentum_long,regime_flip,q1_lt_2pct,8,0.25,-10.032975,-80.2638
monthly_bias_momentum_long,regime_flip,q3_5_10pct,1,0.0,-32.4675,-32.4675
monthly_bias_momentum_long,regime_flip,q4_ge_10pct,253,0.47035573122529645,2.1408043478260868,541.6234999999999
monthly_bias_momentum_long,reverse_signal,q1_lt_2pct,8,0.0,-5.8388124999999995,-46.710499999999996
monthly_bias_momentum_long,reverse_signal,q3_5_10pct,1,0.0,-16.7005,-16.7005
monthly_bias_momentum_long,reverse_signal,q4_ge_10pct,253,0.22134387351778656,-1.9430727272727273,-491.5974
monthly_bias_momentum_long,smc_mitigation_zone,q1_lt_2pct,8,0.0,-5.8388124999999995,-46.710499999999996
monthly_bias_momentum_long,smc_mitigation_zone,q3_5_10pct,1,0.0,-16.7005,-16.7005
monthly_bias_momentum_long,smc_mitigation_zone,q4_ge_10pct,253,0.22134387351778656,-1.9430727272727273,-491.5974
monthly_bias_momentum_long,time_stop_10d,q1_lt_2pct,8,0.0,-12.0339875,-96.2719
monthly_bias_momentum_long,time_stop_10d,q3_5_10pct,1,0.0,-37.3201,-37.3201
monthly_bias_momentum_long,time_stop_10d,q4_ge_10pct,253,0.49407114624505927,2.0341920948616603,514.6506
monthly_bias_momentum_long,time_stop_20d,q1_lt_2pct,8,0.25,-10.032975,-80.2638
monthly_bias_momentum_long,time_stop_20d,q3_5_10pct,1,0.0,-32.4675,-32.4675
monthly_bias_momentum_long,time_stop_20d,q4_ge_10pct,253,0.47035573122529645,2.1408043478260868,541.6234999999999
monthly_bias_momentum_long,trailing_10pct,q1_lt_2pct,8,0.125,-7.979625,-63.837
monthly_bias_momentum_long,trailing_10pct,q3_5_10pct,1,0.0,-10.0,-10.0
monthly_bias_momentum_long,trailing_10pct,q4_ge_10pct,253,0.31225296442687744,-0.4675944664031621,-118.30140000000002
monthly_bias_momentum_long,trailing_15pct,q1_lt_2pct,8,0.125,-11.400175,-91.2014
monthly_bias_momentum_long,trailing_15pct,q3_5_10pct,1,0.0,-15.6518,-15.6518
monthly_bias_momentum_long,trailing_15pct,q4_ge_10pct,253,0.37549407114624506,2.0523976284584977,519.2565999999999
monthly_bias_momentum_long,trailing_5pct,q1_lt_2pct,8,0.0,-5.0,-40.0
monthly_bias_momentum_long,trailing_5pct,q3_5_10pct,1,0.0,-5.0,-5.0
monthly_bias_momentum_long,trailing_5pct,q4_ge_10pct,253,0.1976284584980237,-1.8748363636363636,-474.3336
morning_star,atr_trail_1x,q1_lt_2pct,1,0.0,-4.9446,-4.9446
morning_star,atr_trail_1x,q4_ge_10pct,45,0.28888888888888886,-1.05368,-47.4156
morning_star,atr_trail_2x,q1_lt_2pct,1,0.0,-9.4659,-9.4659
morning_star,atr_trail_2x,q4_ge_10pct,45,0.35555555555555557,0.38206666666666683,17.19300000000001
morning_star,atr_trail_mae_conditional,q1_lt_2pct,1,0.0,-4.9446,-4.9446
morning_star,atr_trail_mae_conditional,q4_ge_10pct,45,0.28888888888888886,-1.05368,-47.4156
morning_star,atr_trail_vix_conditional,q1_lt_2pct,1,0.0,-7.4168,-7.4168
morning_star,atr_trail_vix_conditional,q4_ge_10pct,45,0.24444444444444444,0.059095555555555554,2.6593
morning_star,break_even_at_1r,q1_lt_2pct,1,0.0,-4.9446,-4.9446
morning_star,break_even_at_1r,q4_ge_10pct,45,0.17777777777777778,-1.27366,-57.3147
morning_star,breakeven_plus_trail,q1_lt_2pct,1,1.0,10.8909,10.8909
morning_star,breakeven_plus_trail,q4_ge_10pct,45,0.3333333333333333,1.3482844444444444,60.672799999999995
morning_star,chandelier_3x,q1_lt_2pct,1,0.0,-0.4482,-0.4482
morning_star,chandelier_3x,q4_ge_10pct,45,0.022222222222222223,-0.57258,-25.766099999999998
morning_star,class_time_stop,q1_lt_2pct,1,0.0,-0.8946,-0.8946
morning_star,class_time_stop,q4_ge_10pct,45,0.6,0.26101333333333326,11.745599999999998
morning_star,earnings_blackout,q1_lt_2pct,1,1.0,10.8909,10.8909
morning_star,earnings_blackout,q4_ge_10pct,45,0.5333333333333333,5.007084444444445,225.3188
morning_star,fixed_4r_2r,q1_lt_2pct,1,0.0,-9.8891,-9.8891
morning_star,fixed_4r_2r,q4_ge_10pct,45,0.35555555555555557,0.03670888888888886,1.6518999999999986
morning_star,hybrid_50pct_target,q1_lt_2pct,1,1.0,12.34,12.34
morning_star,hybrid_50pct_target,q4_ge_10pct,45,0.5333333333333333,-11.671604444444442,-525.2221999999999
morning_star,ma_exit_ema9,q1_lt_2pct,1,0.0,-7.8588,-7.8588
morning_star,ma_exit_ema9,q4_ge_10pct,45,0.4444444444444444,0.04286222222222227,1.928800000000002
morning_star,mfe_lockin_trail,q1_lt_2pct,1,0.0,-4.9446,-4.9446
morning_star,mfe_lockin_trail,q4_ge_10pct,45,0.28888888888888886,-1.1343066666666668,-51.043800000000005
morning_star,multi_tier_partial,q1_lt_2pct,1,0.0,-4.9446,-4.9446
morning_star,multi_tier_partial,q4_ge_10pct,45,0.4888888888888889,-0.6555733333333333,-29.500799999999998
morning_star,next_pivot_target,q1_lt_2pct,1,0.0,-10.0,-10.0
morning_star,next_pivot_target,q4_ge_10pct,45,0.7111111111111111,-0.7167266666666667,-32.252700000000004
morning_star,r_multiple_2r,q1_lt_2pct,1,0.0,-4.9446,-4.9446
morning_star,r_multiple_2r,q4_ge_10pct,45,0.37777777777777777,0.6334288888888888,28.504299999999997
morning_star,r_multiple_3r,q1_lt_2pct,1,0.0,-4.9446,-4.9446
morning_star,r_multiple_3r,q4_ge_10pct,45,0.28888888888888886,-0.1359266666666668,-6.116700000000006
morning_star,regime_flip,q1_lt_2pct,1,1.0,10.5337,10.5337
morning_star,regime_flip,q4_ge_10pct,45,0.4888888888888889,0.9521022222222222,42.8446
morning_star,reverse_signal,q1_lt_2pct,1,0.0,-4.9446,-4.9446
morning_star,reverse_signal,q4_ge_10pct,45,0.28888888888888886,-1.05368,-47.4156
morning_star,smc_mitigation_zone,q1_lt_2pct,1,0.0,-4.9446,-4.9446
morning_star,smc_mitigation_zone,q4_ge_10pct,45,0.28888888888888886,-1.05368,-47.4156
morning_star,time_stop_10d,q1_lt_2pct,1,1.0,0.7125,0.7125
morning_star,time_stop_10d,q4_ge_10pct,45,0.5555555555555556,2.8176377777777777,126.7937
morning_star,time_stop_20d,q1_lt_2pct,1,1.0,10.5337,10.5337
morning_star,time_stop_20d,q4_ge_10pct,45,0.4888888888888889,0.9521022222222222,42.8446
morning_star,trailing_10pct,q1_lt_2pct,1,0.0,-9.4659,-9.4659
morning_star,trailing_10pct,q4_ge_10pct,45,0.3111111111111111,-2.9404355555555557,-132.3196
morning_star,trailing_15pct,q1_lt_2pct,1,1.0,4.7303,4.7303
morning_star,trailing_15pct,q4_ge_10pct,45,0.28888888888888886,-2.7139088888888887,-122.12589999999999
morning_star,trailing_5pct,q1_lt_2pct,1,0.0,-5.0,-5.0
morning_star,trailing_5pct,q4_ge_10pct,45,0.3111111111111111,-0.4374755555555555,-19.6864
orb_stocks_in_play_long,atr_trail_1x,q1_lt_2pct,1,0.0,-6.0442,-6.0442
orb_stocks_in_play_long,atr_trail_1x,q4_ge_10pct,52,0.19230769230769232,-2.5595,-133.094
orb_stocks_in_play_long,atr_trail_2x,q1_lt_2pct,1,0.0,-12.0885,-12.0885
orb_stocks_in_play_long,atr_trail_2x,q4_ge_10pct,52,0.28846153846153844,-3.289842307692308,-171.0718
orb_stocks_in_play_long,atr_trail_mae_conditional,q1_lt_2pct,1,0.0,-6.0442,-6.0442
orb_stocks_in_play_long,atr_trail_mae_conditional,q4_ge_10pct,52,0.19230769230769232,-2.5595,-133.094
orb_stocks_in_play_long,atr_trail_vix_conditional,q1_lt_2pct,1,0.0,-4.5332,-4.5332
orb_stocks_in_play_long,atr_trail_vix_conditional,q4_ge_10pct,52,0.15384615384615385,-2.9062903846153847,-151.1271
orb_stocks_in_play_long,break_even_at_1r,q1_lt_2pct,1,0.0,-6.0442,-6.0442
orb_stocks_in_play_long,break_even_at_1r,q4_ge_10pct,52,0.15384615384615385,-1.534825,-79.8109
orb_stocks_in_play_long,breakeven_plus_trail,q1_lt_2pct,1,0.0,-12.0885,-12.0885
orb_stocks_in_play_long,breakeven_plus_trail,q4_ge_10pct,52,0.40384615384615385,6.013219230769232,312.6874
orb_stocks_in_play_long,chandelier_3x,q1_lt_2pct,1,0.0,-8.804,-8.804
orb_stocks_in_play_long,chandelier_3x,q4_ge_10pct,52,0.3076923076923077,2.102244230769231,109.31670000000001
orb_stocks_in_play_long,class_time_stop,q1_lt_2pct,1,0.0,-6.5844,-6.5844
orb_stocks_in_play_long,class_time_stop,q4_ge_10pct,52,0.4230769230769231,5.49610576923077,285.7975
orb_stocks_in_play_long,earnings_blackout,q1_lt_2pct,1,0.0,-0.0034,-0.0034
orb_stocks_in_play_long,earnings_blackout,q4_ge_10pct,52,0.38461538461538464,0.9909000000000001,51.52680000000001
orb_stocks_in_play_long,fixed_4r_2r,q1_lt_2pct,1,0.0,-12.0885,-12.0885
orb_stocks_in_play_long,fixed_4r_2r,q4_ge_10pct,52,0.3269230769230769,-0.24123846153846148,-12.544399999999998
orb_stocks_in_play_long,hybrid_50pct_target,q1_lt_2pct,1,0.0,-10.0,-10.0
orb_stocks_in_play_long,hybrid_50pct_target,q4_ge_10pct,52,0.4230769230769231,1.2600826923076924,65.52430000000001
orb_stocks_in_play_long,ma_exit_ema9,q1_lt_2pct,1,0.0,-10.0,-10.0
orb_stocks_in_play_long,ma_exit_ema9,q4_ge_10pct,52,0.36538461538461536,2.840886538461539,147.72610000000003
orb_stocks_in_play_long,mfe_lockin_trail,q1_lt_2pct,1,0.0,-6.0442,-6.0442
orb_stocks_in_play_long,mfe_lockin_trail,q4_ge_10pct,52,0.19230769230769232,-2.647019230769231,-137.645
orb_stocks_in_play_long,multi_tier_partial,q1_lt_2pct,1,0.0,-6.0442,-6.0442
orb_stocks_in_play_long,multi_tier_partial,q4_ge_10pct,52,0.4230769230769231,-1.8121076923076924,-94.2296
orb_stocks_in_play_long,next_pivot_target,q1_lt_2pct,1,0.0,-12.0885,-12.0885
orb_stocks_in_play_long,next_pivot_target,q4_ge_10pct,52,0.40384615384615385,-0.5245923076923077,-27.2788
orb_stocks_in_play_long,r_multiple_2r,q1_lt_2pct,1,0.0,-6.0442,-6.0442
orb_stocks_in_play_long,r_multiple_2r,q4_ge_10pct,52,0.3076923076923077,-1.6279384615384616,-84.6528
orb_stocks_in_play_long,r_multiple_3r,q1_lt_2pct,1,0.0,-6.0442,-6.0442
orb_stocks_in_play_long,r_multiple_3r,q4_ge_10pct,52,0.25,-1.3177480769230767,-68.52289999999999
orb_stocks_in_play_long,regime_flip,q1_lt_2pct,1,0.0,-2.3965,-2.3965
orb_stocks_in_play_long,regime_flip,q4_ge_10pct,52,0.40384615384615385,2.883148076923077,149.9237
orb_stocks_in_play_long,reverse_signal,q1_lt_2pct,1,0.0,-6.0442,-6.0442
orb_stocks_in_play_long,reverse_signal,q4_ge_10pct,52,0.19230769230769232,-2.5595,-133.094
orb_stocks_in_play_long,smc_mitigation_zone,q1_lt_2pct,1,0.0,-6.0442,-6.0442
orb_stocks_in_play_long,smc_mitigation_zone,q4_ge_10pct,52,0.19230769230769232,-2.5595,-133.094
orb_stocks_in_play_long,time_stop_10d,q1_lt_2pct,1,1.0,5.381,5.381
orb_stocks_in_play_long,time_stop_10d,q4_ge_10pct,52,0.5,1.7360365384615384,90.2739
orb_stocks_in_play_long,time_stop_20d,q1_lt_2pct,1,0.0,-2.3965,-2.3965
orb_stocks_in_play_long,time_stop_20d,q4_ge_10pct,52,0.40384615384615385,2.883148076923077,149.9237
orb_stocks_in_play_long,trailing_10pct,q1_lt_2pct,1,0.0,-10.0,-10.0
orb_stocks_in_play_long,trailing_10pct,q4_ge_10pct,52,0.34615384615384615,-1.1600846153846152,-60.32439999999999
orb_stocks_in_play_long,trailing_15pct,q1_lt_2pct,1,0.0,-15.7978,-15.7978
orb_stocks_in_play_long,trailing_15pct,q4_ge_10pct,52,0.3269230769230769,-0.04746730769230784,-2.4683000000000077
orb_stocks_in_play_long,trailing_5pct,q1_lt_2pct,1,0.0,-5.0,-5.0
orb_stocks_in_play_long,trailing_5pct,q4_ge_10pct,52,0.15384615384615385,-1.7315076923076922,-90.0384
orb_stocks_in_play_short,atr_trail_1x,q1_lt_2pct,2,0.0,-9.684000000000001,-19.368000000000002
orb_stocks_in_play_short,atr_trail_1x,q4_ge_10pct,40,0.2,-2.284905,-91.39620000000001
orb_stocks_in_play_short,atr_trail_2x,q1_lt_2pct,2,0.0,-13.57325,-27.1465
orb_stocks_in_play_short,atr_trail_2x,q4_ge_10pct,40,0.3,-0.9762350000000002,-39.049400000000006
orb_stocks_in_play_short,atr_trail_mae_conditional,q1_lt_2pct,2,0.0,-9.684000000000001,-19.368000000000002
orb_stocks_in_play_short,atr_trail_mae_conditional,q4_ge_10pct,40,0.2,-2.284905,-91.39620000000001
orb_stocks_in_play_short,atr_trail_vix_conditional,q1_lt_2pct,2,0.0,-10.5258,-21.0516
orb_stocks_in_play_short,atr_trail_vix_conditional,q4_ge_10pct,40,0.225,-1.4979,-59.916
orb_stocks_in_play_short,break_even_at_1r,q1_lt_2pct,2,0.0,-9.684000000000001,-19.368000000000002
orb_stocks_in_play_short,break_even_at_1r,q4_ge_10pct,40,0.175,-0.55224,-22.089599999999997
orb_stocks_in_play_short,breakeven_plus_trail,q1_lt_2pct,2,0.0,-13.57325,-27.1465
orb_stocks_in_play_short,breakeven_plus_trail,q4_ge_10pct,40,0.425,-0.09698250000000022,-3.8793000000000086
orb_stocks_in_play_short,chandelier_3x,q1_lt_2pct,2,0.0,-12.119700000000002,-24.239400000000003
orb_stocks_in_play_short,chandelier_3x,q4_ge_10pct,40,0.3,-0.5226375000000003,-20.905500000000014
orb_stocks_in_play_short,class_time_stop,q1_lt_2pct,2,0.0,-18.592950000000002,-37.185900000000004
orb_stocks_in_play_short,class_time_stop,q4_ge_10pct,40,0.375,-4.6128374999999995,-184.5135
orb_stocks_in_play_short,earnings_blackout,q1_lt_2pct,2,0.0,-13.139850000000001,-26.279700000000002
orb_stocks_in_play_short,earnings_blackout,q4_ge_10pct,40,0.325,-23.827295,-953.0918
orb_stocks_in_play_short,fixed_4r_2r,q1_lt_2pct,2,0.0,-13.57325,-27.1465
orb_stocks_in_play_short,fixed_4r_2r,q4_ge_10pct,40,0.25,-5.6536825,-226.1473
orb_stocks_in_play_short,hybrid_50pct_target,q1_lt_2pct,2,0.0,-59.0247,-118.0494
orb_stocks_in_play_short,hybrid_50pct_target,q4_ge_10pct,40,0.675,-18.465135,-738.6054
orb_stocks_in_play_short,ma_exit_ema9,q1_lt_2pct,2,0.0,-4.65835,-9.3167
orb_stocks_in_play_short,ma_exit_ema9,q4_ge_10pct,40,0.3,0.33065999999999995,13.226399999999998
orb_stocks_in_play_short,mfe_lockin_trail,q1_lt_2pct,2,0.0,-9.684000000000001,-19.368000000000002
orb_stocks_in_play_short,mfe_lockin_trail,q4_ge_10pct,40,0.225,-1.8059975000000001,-72.2399
orb_stocks_in_play_short,multi_tier_partial,q1_lt_2pct,2,0.0,-9.684000000000001,-19.368000000000002
orb_stocks_in_play_short,multi_tier_partial,q4_ge_10pct,40,0.425,-1.6590225,-66.3609
orb_stocks_in_play_short,next_pivot_target,q1_lt_2pct,2,0.0,-13.57325,-27.1465
orb_stocks_in_play_short,next_pivot_target,q4_ge_10pct,40,0.35,-5.785030000000001,-231.40120000000002
orb_stocks_in_play_short,r_multiple_2r,q1_lt_2pct,2,0.0,-9.684000000000001,-19.368000000000002
orb_stocks_in_play_short,r_multiple_2r,q4_ge_10pct,40,0.3,-1.7098624999999998,-68.3945
orb_stocks_in_play_short,r_multiple_3r,q1_lt_2pct,2,0.0,-9.684000000000001,-19.368000000000002
orb_stocks_in_play_short,r_multiple_3r,q4_ge_10pct,40,0.225,-2.8963425000000003,-115.8537
orb_stocks_in_play_short,regime_flip,q1_lt_2pct,2,0.0,-15.84635,-31.6927
orb_stocks_in_play_short,regime_flip,q4_ge_10pct,40,0.45,-0.1771025,-7.0841
orb_stocks_in_play_short,reverse_signal,q1_lt_2pct,2,0.0,-9.684000000000001,-19.368000000000002
orb_stocks_in_play_short,reverse_signal,q4_ge_10pct,40,0.2,-2.284905,-91.39620000000001
orb_stocks_in_play_short,smc_mitigation_zone,q1_lt_2pct,2,0.0,-9.684000000000001,-19.368000000000002
orb_stocks_in_play_short,smc_mitigation_zone,q4_ge_10pct,40,0.2,-2.284905,-91.39620000000001
orb_stocks_in_play_short,time_stop_10d,q1_lt_2pct,2,0.0,-3.80055,-7.6011
orb_stocks_in_play_short,time_stop_10d,q4_ge_10pct,40,0.375,-0.22503250000000027,-9.001300000000011
orb_stocks_in_play_short,time_stop_20d,q1_lt_2pct,2,0.0,-15.84635,-31.6927
orb_stocks_in_play_short,time_stop_20d,q4_ge_10pct,40,0.45,-0.1771025,-7.0841
orb_stocks_in_play_short,trailing_10pct,q1_lt_2pct,2,0.0,-13.1126,-26.2252
orb_stocks_in_play_short,trailing_10pct,q4_ge_10pct,40,0.175,-3.3458975000000004,-133.8359
orb_stocks_in_play_short,trailing_15pct,q1_lt_2pct,2,0.0,-15.6126,-31.2252
orb_stocks_in_play_short,trailing_15pct,q4_ge_10pct,40,0.25,-5.055149999999999,-202.206
orb_stocks_in_play_short,trailing_5pct,q1_lt_2pct,2,0.0,-10.6126,-21.2252
orb_stocks_in_play_short,trailing_5pct,q4_ge_10pct,40,0.125,-2.1085675,-84.3427
pairs_mean_reversion_long,atr_trail_1x,q1_lt_2pct,3,0.0,-3.701833333333333,-11.1055
pairs_mean_reversion_long,atr_trail_1x,q2_2_5pct,2,0.0,-4.51205,-9.0241
pairs_mean_reversion_long,atr_trail_1x,q4_ge_10pct,237,0.32489451476793246,-0.8172679324894515,-193.6925
pairs_mean_reversion_long,atr_trail_2x,q1_lt_2pct,3,0.0,-7.403666666666667,-22.211000000000002
pairs_mean_reversion_long,atr_trail_2x,q2_2_5pct,2,0.5,0.64395,1.2879
pairs_mean_reversion_long,atr_trail_2x,q4_ge_10pct,237,0.379746835443038,0.9833101265822785,233.0445
pairs_mean_reversion_long,atr_trail_mae_conditional,q1_lt_2pct,3,0.0,-3.701833333333333,-11.1055
pairs_mean_reversion_long,atr_trail_mae_conditional,q2_2_5pct,2,0.0,-4.51205,-9.0241
pairs_mean_reversion_long,atr_trail_mae_conditional,q4_ge_10pct,237,0.32489451476793246,-0.8172679324894515,-193.6925
pairs_mean_reversion_long,atr_trail_vix_conditional,q1_lt_2pct,3,0.0,-5.040733333333333,-15.1222
pairs_mean_reversion_long,atr_trail_vix_conditional,q2_2_5pct,2,0.0,-3.59065,-7.1813
pairs_mean_reversion_long,atr_trail_vix_conditional,q4_ge_10pct,237,0.31645569620253167,-0.4461016877637131,-105.7261
pairs_mean_reversion_long,break_even_at_1r,q1_lt_2pct,3,0.0,-3.701833333333333,-11.1055
pairs_mean_reversion_long,break_even_at_1r,q2_2_5pct,2,0.0,-4.51205,-9.0241
pairs_mean_reversion_long,break_even_at_1r,q4_ge_10pct,237,0.15611814345991562,0.6857210970464135,162.5159
pairs_mean_reversion_long,breakeven_plus_trail,q1_lt_2pct,3,0.0,-7.403666666666667,-22.211000000000002
pairs_mean_reversion_long,breakeven_plus_trail,q2_2_5pct,2,0.5,0.5627000000000002,1.1254000000000004
pairs_mean_reversion_long,breakeven_plus_trail,q4_ge_10pct,237,0.3080168776371308,4.084241772151898,967.9653
pairs_mean_reversion_long,chandelier_3x,q1_lt_2pct,3,0.0,-1.5296333333333332,-4.5889
pairs_mean_reversion_long,chandelier_3x,q2_2_5pct,2,0.0,-2.15545,-4.3109
pairs_mean_reversion_long,chandelier_3x,q4_ge_10pct,237,0.0970464135021097,-0.1109561181434599,-26.296599999999998
pairs_mean_reversion_long,class_time_stop,q1_lt_2pct,3,0.0,-15.420499999999999,-46.2615
pairs_mean_reversion_long,class_time_stop,q2_2_5pct,2,0.5,2.84855,5.6971
pairs_mean_reversion_long,class_time_stop,q4_ge_10pct,237,0.5232067510548524,1.3761008438818567,326.13590000000005
pairs_mean_reversion_long,earnings_blackout,q1_lt_2pct,3,0.3333333333333333,-14.807899999999998,-44.4237
pairs_mean_reversion_long,earnings_blackout,q2_2_5pct,2,0.5,-6.3275500000000005,-12.655100000000001
pairs_mean_reversion_long,earnings_blackout,q4_ge_10pct,237,0.5274261603375527,1.71568776371308,406.618
pairs_mean_reversion_long,fixed_4r_2r,q1_lt_2pct,3,0.0,-7.403666666666667,-22.211000000000002
pairs_mean_reversion_long,fixed_4r_2r,q2_2_5pct,2,0.0,-9.024099999999999,-18.048199999999998
pairs_mean_reversion_long,fixed_4r_2r,q4_ge_10pct,237,0.350210970464135,0.363395358649789,86.12469999999999
pairs_mean_reversion_long,hybrid_50pct_target,q1_lt_2pct,3,0.0,-10.0,-30.0
pairs_mean_reversion_long,hybrid_50pct_target,q2_2_5pct,2,0.0,-10.0,-20.0
pairs_mean_reversion_long,hybrid_50pct_target,q4_ge_10pct,237,0.6286919831223629,3.3439025316455697,792.5049
pairs_mean_reversion_long,ma_exit_ema9,q1_lt_2pct,3,0.0,-2.2509333333333332,-6.7528
pairs_mean_reversion_long,ma_exit_ema9,q2_2_5pct,2,0.0,-2.8757,-5.7514
pairs_mean_reversion_long,ma_exit_ema9,q4_ge_10pct,237,0.45569620253164556,-0.021581856540084397,-5.114900000000002
pairs_mean_reversion_long,mfe_lockin_trail,q1_lt_2pct,3,0.0,-3.701833333333333,-11.1055
pairs_mean_reversion_long,mfe_lockin_trail,q2_2_5pct,2,0.0,-4.51205,-9.0241
pairs_mean_reversion_long,mfe_lockin_trail,q4_ge_10pct,237,0.32489451476793246,-0.7591299578059072,-179.9138
pairs_mean_reversion_long,multi_tier_partial,q1_lt_2pct,3,0.0,-3.701833333333333,-11.1055
pairs_mean_reversion_long,multi_tier_partial,q2_2_5pct,2,0.0,-4.51205,-9.0241
pairs_mean_reversion_long,multi_tier_partial,q4_ge_10pct,237,0.45569620253164556,-0.5115434599156118,-121.2358
pairs_mean_reversion_long,next_pivot_target,q1_lt_2pct,3,0.3333333333333333,-6.5881333333333325,-19.7644
pairs_mean_reversion_long,next_pivot_target,q2_2_5pct,2,0.5,-4.9302,-9.8604
pairs_mean_reversion_long,next_pivot_target,q4_ge_10pct,237,0.7890295358649789,0.5545320675105484,131.42409999999998
pairs_mean_reversion_long,r_multiple_2r,q1_lt_2pct,3,0.0,-3.701833333333333,-11.1055
pairs_mean_reversion_long,r_multiple_2r,q2_2_5pct,2,0.0,-4.51205,-9.0241
pairs_mean_reversion_long,r_multiple_2r,q4_ge_10pct,237,0.35864978902953587,0.35198902953586503,83.4214
pairs_mean_reversion_long,r_multiple_3r,q1_lt_2pct,3,0.0,-3.701833333333333,-11.1055
pairs_mean_reversion_long,r_multiple_3r,q2_2_5pct,2,0.0,-4.51205,-9.0241
pairs_mean_reversion_long,r_multiple_3r,q4_ge_10pct,237,0.2911392405063291,0.4945054852320675,117.1978
pairs_mean_reversion_long,regime_flip,q1_lt_2pct,3,0.0,-3.6092,-10.8276
pairs_mean_reversion_long,regime_flip,q2_2_5pct,2,1.0,4.8492,9.6984
pairs_mean_reversion_long,regime_flip,q4_ge_10pct,237,0.5443037974683544,0.8875227848101267,210.34290000000001
pairs_mean_reversion_long,reverse_signal,q1_lt_2pct,3,0.0,-3.701833333333333,-11.1055
pairs_mean_reversion_long,reverse_signal,q2_2_5pct,2,0.0,-4.51205,-9.0241
pairs_mean_reversion_long,reverse_signal,q4_ge_10pct,237,0.32489451476793246,-0.8172679324894515,-193.6925
pairs_mean_reversion_long,smc_mitigation_zone,q1_lt_2pct,3,0.0,-3.701833333333333,-11.1055
pairs_mean_reversion_long,smc_mitigation_zone,q2_2_5pct,2,0.0,-4.51205,-9.0241
pairs_mean_reversion_long,smc_mitigation_zone,q4_ge_10pct,237,0.32489451476793246,-0.8172679324894515,-193.6925
pairs_mean_reversion_long,time_stop_10d,q1_lt_2pct,3,0.0,-7.101566666666667,-21.3047
pairs_mean_reversion_long,time_stop_10d,q2_2_5pct,2,0.0,-5.4173,-10.8346
pairs_mean_reversion_long,time_stop_10d,q4_ge_10pct,237,0.4978902953586498,0.08663417721518979,20.53229999999998
pairs_mean_reversion_long,time_stop_20d,q1_lt_2pct,3,0.0,-3.6092,-10.8276
pairs_mean_reversion_long,time_stop_20d,q2_2_5pct,2,1.0,4.8492,9.6984
pairs_mean_reversion_long,time_stop_20d,q4_ge_10pct,237,0.5443037974683544,0.8875227848101267,210.34290000000001
pairs_mean_reversion_long,trailing_10pct,q1_lt_2pct,3,0.0,-10.0,-30.0
pairs_mean_reversion_long,trailing_10pct,q2_2_5pct,2,0.0,-9.241050000000001,-18.482100000000003
pairs_mean_reversion_long,trailing_10pct,q4_ge_10pct,237,0.3881856540084388,2.5532324894514766,605.1161
pairs_mean_reversion_long,trailing_15pct,q1_lt_2pct,3,0.0,-15.0,-45.0
pairs_mean_reversion_long,trailing_15pct,q2_2_5pct,2,0.0,-7.46825,-14.9365
pairs_mean_reversion_long,trailing_15pct,q4_ge_10pct,237,0.4008438818565401,3.5201691983122365,834.2801000000001
pairs_mean_reversion_long,trailing_5pct,q1_lt_2pct,3,0.0,-5.007766666666666,-15.023299999999999
pairs_mean_reversion_long,trailing_5pct,q2_2_5pct,2,0.0,-5.0,-10.0
pairs_mean_reversion_long,trailing_5pct,q4_ge_10pct,237,0.3333333333333333,0.02962953586497894,7.022200000000009
pairs_mean_reversion_short,atr_trail_1x,q1_lt_2pct,1,0.0,-3.1656,-3.1656
pairs_mean_reversion_short,atr_trail_1x,q4_ge_10pct,27,0.14814814814814814,-1.6675296296296296,-45.0233
pairs_mean_reversion_short,atr_trail_2x,q1_lt_2pct,1,0.0,-6.3311,-6.3311
pairs_mean_reversion_short,atr_trail_2x,q4_ge_10pct,27,0.2962962962962963,-2.5675296296296297,-69.3233
pairs_mean_reversion_short,atr_trail_mae_conditional,q1_lt_2pct,1,0.0,-3.1656,-3.1656
pairs_mean_reversion_short,atr_trail_mae_conditional,q4_ge_10pct,27,0.14814814814814814,-1.6675296296296296,-45.0233
pairs_mean_reversion_short,atr_trail_vix_conditional,q1_lt_2pct,1,0.0,-4.7483,-4.7483
pairs_mean_reversion_short,atr_trail_vix_conditional,q4_ge_10pct,27,0.18518518518518517,-1.675662962962963,-45.2429
pairs_mean_reversion_short,break_even_at_1r,q1_lt_2pct,1,0.0,-3.1656,-3.1656
pairs_mean_reversion_short,break_even_at_1r,q4_ge_10pct,27,0.037037037037037035,-2.2365,-60.3855
pairs_mean_reversion_short,breakeven_plus_trail,q1_lt_2pct,1,0.0,-6.3311,-6.3311
pairs_mean_reversion_short,breakeven_plus_trail,q4_ge_10pct,27,0.25925925925925924,-1.5228666666666666,-41.117399999999996
pairs_mean_reversion_short,chandelier_3x,q1_lt_2pct,1,0.0,-8.0076,-8.0076
pairs_mean_reversion_short,chandelier_3x,q4_ge_10pct,27,0.2222222222222222,-1.0738999999999999,-28.995299999999997
pairs_mean_reversion_short,class_time_stop,q1_lt_2pct,1,0.0,-20.0981,-20.0981
pairs_mean_reversion_short,class_time_stop,q4_ge_10pct,27,0.37037037037037035,-2.8698592592592593,-77.4862
pairs_mean_reversion_short,earnings_blackout,q1_lt_2pct,1,0.0,-6.5578,-6.5578
pairs_mean_reversion_short,earnings_blackout,q4_ge_10pct,27,0.5185185185185185,-2.643648148148148,-71.3785
pairs_mean_reversion_short,fixed_4r_2r,q1_lt_2pct,1,0.0,-6.3311,-6.3311
pairs_mean_reversion_short,fixed_4r_2r,q4_ge_10pct,27,0.25925925925925924,-1.9387074074074075,-52.3451
pairs_mean_reversion_short,hybrid_50pct_target,q1_lt_2pct,1,1.0,12.3729,12.3729
pairs_mean_reversion_short,hybrid_50pct_target,q4_ge_10pct,27,0.8518518518518519,-3.794218518518519,-102.44390000000001
pairs_mean_reversion_short,ma_exit_ema9,q1_lt_2pct,1,0.0,-6.2164,-6.2164
pairs_mean_reversion_short,ma_exit_ema9,q4_ge_10pct,27,0.18518518518518517,-0.9395555555555555,-25.368
pairs_mean_reversion_short,mfe_lockin_trail,q1_lt_2pct,1,0.0,-3.1656,-3.1656
pairs_mean_reversion_short,mfe_lockin_trail,q4_ge_10pct,27,0.14814814814814814,-1.800237037037037,-48.6064
pairs_mean_reversion_short,multi_tier_partial,q1_lt_2pct,1,0.0,-3.1656,-3.1656
pairs_mean_reversion_short,multi_tier_partial,q4_ge_10pct,27,0.25925925925925924,-1.5938555555555556,-43.0341
pairs_mean_reversion_short,next_pivot_target,q1_lt_2pct,1,0.0,-10.0,-10.0
pairs_mean_reversion_short,next_pivot_target,q4_ge_10pct,27,0.7777777777777778,-0.12402222222222224,-3.3486000000000007
pairs_mean_reversion_short,r_multiple_2r,q1_lt_2pct,1,0.0,-3.1656,-3.1656
pairs_mean_reversion_short,r_multiple_2r,q4_ge_10pct,27,0.25925925925925924,-1.1522481481481481,-31.1107
pairs_mean_reversion_short,r_multiple_3r,q1_lt_2pct,1,0.0,-3.1656,-3.1656
pairs_mean_reversion_short,r_multiple_3r,q4_ge_10pct,27,0.14814814814814814,-1.6130629629629627,-43.552699999999994
pairs_mean_reversion_short,regime_flip,q1_lt_2pct,1,0.0,-6.5578,-6.5578
pairs_mean_reversion_short,regime_flip,q4_ge_10pct,27,0.48148148148148145,-2.2100555555555554,-59.6715
pairs_mean_reversion_short,reverse_signal,q1_lt_2pct,1,0.0,-3.1656,-3.1656
pairs_mean_reversion_short,reverse_signal,q4_ge_10pct,27,0.14814814814814814,-1.6675296296296296,-45.0233
pairs_mean_reversion_short,smc_mitigation_zone,q1_lt_2pct,1,0.0,-3.1656,-3.1656
pairs_mean_reversion_short,smc_mitigation_zone,q4_ge_10pct,27,0.14814814814814814,-1.6675296296296296,-45.0233
pairs_mean_reversion_short,time_stop_10d,q1_lt_2pct,1,0.0,-8.2394,-8.2394
pairs_mean_reversion_short,time_stop_10d,q4_ge_10pct,27,0.4444444444444444,-0.670388888888889,-18.100500000000004
pairs_mean_reversion_short,time_stop_20d,q1_lt_2pct,1,0.0,-6.5578,-6.5578
pairs_mean_reversion_short,time_stop_20d,q4_ge_10pct,27,0.48148148148148145,-2.2100555555555554,-59.6715
pairs_mean_reversion_short,trailing_10pct,q1_lt_2pct,1,0.0,-10.0,-10.0
pairs_mean_reversion_short,trailing_10pct,q4_ge_10pct,27,0.2962962962962963,-1.9367592592592595,-52.292500000000004
pairs_mean_reversion_short,trailing_15pct,q1_lt_2pct,1,0.0,-15.0,-15.0
pairs_mean_reversion_short,trailing_15pct,q4_ge_10pct,27,0.3333333333333333,-3.8539444444444446,-104.0565
pairs_mean_reversion_short,trailing_5pct,q1_lt_2pct,1,0.0,-5.0,-5.0
pairs_mean_reversion_short,trailing_5pct,q4_ge_10pct,27,0.25925925925925924,-2.3828,-64.3356
parabolic_sar_flip,atr_trail_1x,q1_lt_2pct,2,0.0,-6.9072,-13.8144
parabolic_sar_flip,atr_trail_1x,q4_ge_10pct,69,0.21739130434782608,-1.6892217391304347,-116.5563
parabolic_sar_flip,atr_trail_2x,q1_lt_2pct,2,0.0,-13.8143,-27.6286
parabolic_sar_flip,atr_trail_2x,q4_ge_10pct,69,0.391304347826087,-1.6096826086956522,-111.0681
parabolic_sar_flip,atr_trail_mae_conditional,q1_lt_2pct,2,0.0,-6.9072,-13.8144
parabolic_sar_flip,atr_trail_mae_conditional,q4_ge_10pct,69,0.21739130434782608,-1.6892217391304347,-116.5563
parabolic_sar_flip,atr_trail_vix_conditional,q1_lt_2pct,2,0.0,-7.0212,-14.0424
parabolic_sar_flip,atr_trail_vix_conditional,q4_ge_10pct,69,0.2028985507246377,-2.1889478260869564,-151.0374
parabolic_sar_flip,break_even_at_1r,q1_lt_2pct,2,0.0,-6.9072,-13.8144
parabolic_sar_flip,break_even_at_1r,q4_ge_10pct,69,0.2028985507246377,-0.921772463768116,-63.6023
parabolic_sar_flip,breakeven_plus_trail,q1_lt_2pct,2,0.0,-13.8143,-27.6286
parabolic_sar_flip,breakeven_plus_trail,q4_ge_10pct,69,0.463768115942029,2.4312608695652176,167.757
parabolic_sar_flip,chandelier_3x,q1_lt_2pct,2,0.0,-0.39295,-0.7859
parabolic_sar_flip,chandelier_3x,q4_ge_10pct,69,0.10144927536231885,-1.0113927536231884,-69.7861
parabolic_sar_flip,class_time_stop,q1_lt_2pct,2,0.0,-48.179050000000004,-96.35810000000001
parabolic_sar_flip,class_time_stop,q4_ge_10pct,69,0.5942028985507246,-3.202720289855072,-220.9877
parabolic_sar_flip,earnings_blackout,q1_lt_2pct,2,0.5,-42.64075,-85.2815
parabolic_sar_flip,earnings_blackout,q4_ge_10pct,69,0.6521739130434783,0.2570275362318844,17.734900000000025
parabolic_sar_flip,fixed_4r_2r,q1_lt_2pct,2,0.0,-13.8143,-27.6286
parabolic_sar_flip,fixed_4r_2r,q4_ge_10pct,69,0.37681159420289856,1.3536681159420292,93.40310000000001
parabolic_sar_flip,hybrid_50pct_target,q1_lt_2pct,2,0.5,-16.9946,-33.9892
parabolic_sar_flip,hybrid_50pct_target,q4_ge_10pct,69,0.6231884057971014,0.02175797101449271,1.501299999999997
parabolic_sar_flip,ma_exit_ema9,q1_lt_2pct,2,0.0,-10.0,-20.0
parabolic_sar_flip,ma_exit_ema9,q4_ge_10pct,69,0.37681159420289856,-0.7368898550724637,-50.8454
parabolic_sar_flip,mfe_lockin_trail,q1_lt_2pct,2,0.0,-6.9072,-13.8144
parabolic_sar_flip,mfe_lockin_trail,q4_ge_10pct,69,0.2318840579710145,-1.4548376811594204,-100.38380000000001
parabolic_sar_flip,multi_tier_partial,q1_lt_2pct,2,0.0,-6.9072,-13.8144
parabolic_sar_flip,multi_tier_partial,q4_ge_10pct,69,0.391304347826087,-1.6407144927536232,-113.2093
parabolic_sar_flip,next_pivot_target,q1_lt_2pct,2,0.0,-9.908850000000001,-19.817700000000002
parabolic_sar_flip,next_pivot_target,q4_ge_10pct,69,0.6231884057971014,-1.4554579710144926,-100.4266
parabolic_sar_flip,r_multiple_2r,q1_lt_2pct,2,0.0,-6.9072,-13.8144
parabolic_sar_flip,r_multiple_2r,q4_ge_10pct,69,0.36231884057971014,0.2201057971014492,15.187299999999995
parabolic_sar_flip,r_multiple_3r,q1_lt_2pct,2,0.0,-6.9072,-13.8144
parabolic_sar_flip,r_multiple_3r,q4_ge_10pct,69,0.3188405797101449,0.6309898550724636,43.53829999999999
parabolic_sar_flip,regime_flip,q1_lt_2pct,2,0.0,-23.54695,-47.0939
parabolic_sar_flip,regime_flip,q4_ge_10pct,69,0.5217391304347826,-1.3657217391304346,-94.23479999999999
parabolic_sar_flip,reverse_signal,q1_lt_2pct,2,0.0,-6.9072,-13.8144
parabolic_sar_flip,reverse_signal,q4_ge_10pct,69,0.21739130434782608,-1.6892217391304347,-116.5563
parabolic_sar_flip,smc_mitigation_zone,q1_lt_2pct,2,0.0,-6.9072,-13.8144
parabolic_sar_flip,smc_mitigation_zone,q4_ge_10pct,69,0.21739130434782608,-1.6892217391304347,-116.5563
parabolic_sar_flip,time_stop_10d,q1_lt_2pct,2,0.0,-25.740949999999998,-51.481899999999996
parabolic_sar_flip,time_stop_10d,q4_ge_10pct,69,0.4782608695652174,-1.8865913043478262,-130.1748
parabolic_sar_flip,time_stop_20d,q1_lt_2pct,2,0.0,-23.54695,-47.0939
parabolic_sar_flip,time_stop_20d,q4_ge_10pct,69,0.5217391304347826,-1.3657217391304346,-94.23479999999999
parabolic_sar_flip,trailing_10pct,q1_lt_2pct,2,0.0,-10.0,-20.0
parabolic_sar_flip,trailing_10pct,q4_ge_10pct,69,0.3333333333333333,-1.8694985507246376,-128.9954
parabolic_sar_flip,trailing_15pct,q1_lt_2pct,2,0.0,-15.0,-30.0
parabolic_sar_flip,trailing_15pct,q4_ge_10pct,69,0.2898550724637681,-5.69654347826087,-393.0615
parabolic_sar_flip,trailing_5pct,q1_lt_2pct,2,0.0,-5.0,-10.0
parabolic_sar_flip,trailing_5pct,q4_ge_10pct,69,0.2463768115942029,-1.4303376811594202,-98.6933
pead_long,atr_trail_1x,q1_lt_2pct,3,0.0,-4.915066666666666,-14.745199999999999
pead_long,atr_trail_1x,q3_5_10pct,1,0.0,-3.7373,-3.7373
pead_long,atr_trail_1x,q4_ge_10pct,103,0.24271844660194175,-2.0190048543689323,-207.9575
pead_long,atr_trail_2x,q1_lt_2pct,3,0.0,-10.084299999999999,-30.252899999999997
pead_long,atr_trail_2x,q3_5_10pct,1,0.0,-7.4746,-7.4746
pead_long,atr_trail_2x,q4_ge_10pct,103,0.3106796116504854,-2.312842718446602,-238.2228
pead_long,atr_trail_mae_conditional,q1_lt_2pct,3,0.0,-4.915066666666666,-14.745199999999999
pead_long,atr_trail_mae_conditional,q3_5_10pct,1,0.0,-3.7373,-3.7373
pead_long,atr_trail_mae_conditional,q4_ge_10pct,103,0.24271844660194175,-2.0190048543689323,-207.9575
pead_long,atr_trail_vix_conditional,q1_lt_2pct,3,0.0,-5.4446,-16.3338
pead_long,atr_trail_vix_conditional,q3_5_10pct,1,0.0,-3.7373,-3.7373
pead_long,atr_trail_vix_conditional,q4_ge_10pct,103,0.22330097087378642,-1.4567776699029127,-150.0481
pead_long,break_even_at_1r,q1_lt_2pct,3,0.0,-4.915066666666666,-14.745199999999999
pead_long,break_even_at_1r,q3_5_10pct,1,0.0,-3.7373,-3.7373
pead_long,break_even_at_1r,q4_ge_10pct,103,0.17475728155339806,0.11144563106796113,11.478899999999996
pead_long,breakeven_plus_trail,q1_lt_2pct,3,0.0,-9.830066666666665,-29.490199999999998
pead_long,breakeven_plus_trail,q3_5_10pct,1,0.0,-7.4746,-7.4746
pead_long,breakeven_plus_trail,q4_ge_10pct,103,0.34951456310679613,2.2613728155339805,232.9214
pead_long,chandelier_3x,q1_lt_2pct,3,0.0,-1.558,-4.674
pead_long,chandelier_3x,q3_5_10pct,1,0.0,-3.9846,-3.9846
pead_long,chandelier_3x,q4_ge_10pct,103,0.1650485436893204,-0.22221650485436886,-22.888299999999994
pead_long,class_time_stop,q1_lt_2pct,3,0.6666666666666666,7.688899999999999,23.066699999999997
pead_long,class_time_stop,q3_5_10pct,1,1.0,0.1314,0.1314
pead_long,class_time_stop,q4_ge_10pct,103,0.5242718446601942,2.8651941747572818,295.115
pead_long,earnings_blackout,q1_lt_2pct,3,0.6666666666666666,12.0648,36.1944
pead_long,earnings_blackout,q3_5_10pct,1,1.0,3.1809,3.1809
pead_long,earnings_blackout,q4_ge_10pct,103,0.49514563106796117,2.3873805825242718,245.90019999999998
pead_long,fixed_4r_2r,q1_lt_2pct,3,0.0,-10.084299999999999,-30.252899999999997
pead_long,fixed_4r_2r,q3_5_10pct,1,0.0,-7.4746,-7.4746
pead_long,fixed_4r_2r,q4_ge_10pct,103,0.3300970873786408,0.9700504854368932,99.9152
pead_long,hybrid_50pct_target,q1_lt_2pct,3,0.0,-10.0,-30.0
pead_long,hybrid_50pct_target,q3_5_10pct,1,0.0,-10.0,-10.0
pead_long,hybrid_50pct_target,q4_ge_10pct,103,0.44660194174757284,0.4992223300970874,51.4199
pead_long,ma_exit_ema9,q1_lt_2pct,3,0.0,-5.8198333333333325,-17.4595
pead_long,ma_exit_ema9,q3_5_10pct,1,0.0,-0.9263,-0.9263
pead_long,ma_exit_ema9,q4_ge_10pct,103,0.30097087378640774,-0.4192776699029125,-43.18559999999999
pead_long,mfe_lockin_trail,q1_lt_2pct,3,0.0,-4.915066666666666,-14.745199999999999
pead_long,mfe_lockin_trail,q3_5_10pct,1,0.0,-3.7373,-3.7373
pead_long,mfe_lockin_trail,q4_ge_10pct,103,0.24271844660194175,-1.87393786407767,-193.0156
pead_long,multi_tier_partial,q1_lt_2pct,3,0.0,-4.915066666666666,-14.745199999999999
pead_long,multi_tier_partial,q3_5_10pct,1,0.0,-3.7373,-3.7373
pead_long,multi_tier_partial,q4_ge_10pct,103,0.32038834951456313,-1.712406796116505,-176.3779
pead_long,next_pivot_target,q1_lt_2pct,3,0.0,-9.440666666666667,-28.322
pead_long,next_pivot_target,q3_5_10pct,1,0.0,-10.6187,-10.6187
pead_long,next_pivot_target,q4_ge_10pct,103,0.6699029126213593,-0.6252378640776699,-64.3995
pead_long,r_multiple_2r,q1_lt_2pct,3,0.0,-4.915066666666666,-14.745199999999999
pead_long,r_multiple_2r,q3_5_10pct,1,0.0,-3.7373,-3.7373
pead_long,r_multiple_2r,q4_ge_10pct,103,0.30097087378640774,-0.9912631067961165,-102.1001
pead_long,r_multiple_3r,q1_lt_2pct,3,0.0,-4.915066666666666,-14.745199999999999
pead_long,r_multiple_3r,q3_5_10pct,1,0.0,-3.7373,-3.7373
pead_long,r_multiple_3r,q4_ge_10pct,103,0.2621359223300971,-0.3579883495145631,-36.8728
pead_long,regime_flip,q1_lt_2pct,3,0.3333333333333333,0.6022000000000001,1.8066000000000002
pead_long,regime_flip,q3_5_10pct,1,0.0,-7.3022,-7.3022
pead_long,regime_flip,q4_ge_10pct,103,0.46601941747572817,1.0144019417475727,104.48339999999999
pead_long,reverse_signal,q1_lt_2pct,3,0.0,-4.915066666666666,-14.745199999999999
pead_long,reverse_signal,q3_5_10pct,1,0.0,-3.7373,-3.7373
pead_long,reverse_signal,q4_ge_10pct,103,0.24271844660194175,-2.0190048543689323,-207.9575
pead_long,smc_mitigation_zone,q1_lt_2pct,3,0.0,-4.915066666666666,-14.745199999999999
pead_long,smc_mitigation_zone,q3_5_10pct,1,0.0,-3.7373,-3.7373
pead_long,smc_mitigation_zone,q4_ge_10pct,103,0.24271844660194175,-2.0190048543689323,-207.9575
pead_long,time_stop_10d,q1_lt_2pct,3,0.0,-15.3249,-45.9747
pead_long,time_stop_10d,q3_5_10pct,1,0.0,-10.8312,-10.8312
pead_long,time_stop_10d,q4_ge_10pct,103,0.4368932038834951,-1.4437087378640776,-148.702
pead_long,time_stop_20d,q1_lt_2pct,3,0.3333333333333333,0.6022000000000001,1.8066000000000002
pead_long,time_stop_20d,q3_5_10pct,1,0.0,-7.3022,-7.3022
pead_long,time_stop_20d,q4_ge_10pct,103,0.46601941747572817,1.0144019417475727,104.48339999999999
pead_long,trailing_10pct,q1_lt_2pct,3,0.0,-10.0,-30.0
pead_long,trailing_10pct,q3_5_10pct,1,0.0,-10.6187,-10.6187
pead_long,trailing_10pct,q4_ge_10pct,103,0.2912621359223301,-0.5106553398058252,-52.5975
pead_long,trailing_15pct,q1_lt_2pct,3,0.0,-13.403166666666666,-40.2095
pead_long,trailing_15pct,q3_5_10pct,1,0.0,-8.8891,-8.8891
pead_long,trailing_15pct,q4_ge_10pct,103,0.3300970873786408,0.9487155339805826,97.71770000000001
pead_long,trailing_5pct,q1_lt_2pct,3,0.0,-5.0,-15.0
pead_long,trailing_5pct,q3_5_10pct,1,0.0,-5.0,-5.0
pead_long,trailing_5pct,q4_ge_10pct,103,0.2621359223300971,-1.2006543689320388,-123.6674
pead_short,atr_trail_1x,q1_lt_2pct,2,0.0,-4.6366,-9.2732
pead_short,atr_trail_1x,q4_ge_10pct,90,0.2777777777777778,-0.762141111111111,-68.5927
pead_short,atr_trail_2x,q1_lt_2pct,2,0.0,-9.27315,-18.5463
pead_short,atr_trail_2x,q4_ge_10pct,90,0.34444444444444444,-0.87873,-79.0857
pead_short,atr_trail_mae_conditional,q1_lt_2pct,2,0.0,-4.6366,-9.2732
pead_short,atr_trail_mae_conditional,q4_ge_10pct,90,0.2777777777777778,-0.762141111111111,-68.5927
pead_short,atr_trail_vix_conditional,q1_lt_2pct,2,0.0,-3.9826,-7.9652
pead_short,atr_trail_vix_conditional,q4_ge_10pct,90,0.32222222222222224,-1.1643977777777779,-104.7958
pead_short,break_even_at_1r,q1_lt_2pct,2,0.0,-4.6366,-9.2732
pead_short,break_even_at_1r,q4_ge_10pct,90,0.2222222222222222,-1.0378277777777778,-93.4045
pead_short,breakeven_plus_trail,q1_lt_2pct,2,0.5,13.8348,27.6696
pead_short,breakeven_plus_trail,q4_ge_10pct,90,0.43333333333333335,1.4043633333333332,126.39269999999999
pead_short,chandelier_3x,q1_lt_2pct,2,0.0,-3.40775,-6.8155
pead_short,chandelier_3x,q4_ge_10pct,90,0.17777777777777778,-1.8471311111111113,-166.2418
pead_short,class_time_stop,q1_lt_2pct,2,0.5,-11.11525,-22.2305
pead_short,class_time_stop,q4_ge_10pct,90,0.5444444444444444,1.3307922222222222,119.7713
pead_short,earnings_blackout,q1_lt_2pct,2,0.0,-3.8891,-7.7782
pead_short,earnings_blackout,q4_ge_10pct,90,0.4888888888888889,0.2895188888888888,26.056699999999992
pead_short,fixed_4r_2r,q1_lt_2pct,2,0.0,-9.27315,-18.5463
pead_short,fixed_4r_2r,q4_ge_10pct,90,0.2777777777777778,-0.9554422222222224,-85.98980000000002
pead_short,hybrid_50pct_target,q1_lt_2pct,2,0.5,-45.5773,-91.1546
pead_short,hybrid_50pct_target,q4_ge_10pct,90,0.7777777777777778,-32.20076666666667,-2898.069
pead_short,ma_exit_ema9,q1_lt_2pct,2,0.0,-2.23,-4.46
pead_short,ma_exit_ema9,q4_ge_10pct,90,0.3333333333333333,-0.38160222222222223,-34.3442
pead_short,mfe_lockin_trail,q1_lt_2pct,2,0.0,-4.6366,-9.2732
pead_short,mfe_lockin_trail,q4_ge_10pct,90,0.2777777777777778,-0.8296166666666666,-74.6655
pead_short,multi_tier_partial,q1_lt_2pct,2,0.0,-4.6366,-9.2732
pead_short,multi_tier_partial,q4_ge_10pct,90,0.4111111111111111,-0.24552444444444438,-22.097199999999994
pead_short,next_pivot_target,q1_lt_2pct,2,0.0,-10.0,-20.0
pead_short,next_pivot_target,q4_ge_10pct,90,0.7111111111111111,0.21311666666666668,19.180500000000002
pead_short,r_multiple_2r,q1_lt_2pct,2,0.0,-4.6366,-9.2732
pead_short,r_multiple_2r,q4_ge_10pct,90,0.3333333333333333,0.30012333333333324,27.011099999999992
pead_short,r_multiple_3r,q1_lt_2pct,2,0.0,-4.6366,-9.2732
pead_short,r_multiple_3r,q4_ge_10pct,90,0.2222222222222222,0.038931111111111055,3.5037999999999947
pead_short,regime_flip,q1_lt_2pct,2,0.0,-7.427999999999999,-14.855999999999998
pead_short,regime_flip,q4_ge_10pct,90,0.5555555555555556,0.9939966666666666,89.4597
pead_short,reverse_signal,q1_lt_2pct,2,0.0,-4.6366,-9.2732
pead_short,reverse_signal,q4_ge_10pct,90,0.2777777777777778,-0.762141111111111,-68.5927
pead_short,smc_mitigation_zone,q1_lt_2pct,2,0.0,-4.6366,-9.2732
pead_short,smc_mitigation_zone,q4_ge_10pct,90,0.2777777777777778,-0.762141111111111,-68.5927
pead_short,time_stop_10d,q1_lt_2pct,2,0.0,-3.71925,-7.4385
pead_short,time_stop_10d,q4_ge_10pct,90,0.5333333333333333,1.1923955555555557,107.3156
pead_short,time_stop_20d,q1_lt_2pct,2,0.0,-7.427999999999999,-14.855999999999998
pead_short,time_stop_20d,q4_ge_10pct,90,0.5555555555555556,0.9939966666666666,89.4597
pead_short,trailing_10pct,q1_lt_2pct,2,0.0,-10.0,-20.0
pead_short,trailing_10pct,q4_ge_10pct,90,0.35555555555555557,-2.1912855555555555,-197.2157
pead_short,trailing_15pct,q1_lt_2pct,2,0.5,10.33165,20.6633
pead_short,trailing_15pct,q4_ge_10pct,90,0.28888888888888886,-4.360046666666666,-392.4042
pead_short,trailing_5pct,q1_lt_2pct,2,0.0,-5.0306,-10.0612
pead_short,trailing_5pct,q4_ge_10pct,90,0.15555555555555556,-2.1991888888888886,-197.927
pivot_r1_breakout,atr_trail_1x,q4_ge_10pct,24,0.08333333333333333,-2.2253708333333333,-53.4089
pivot_r1_breakout,atr_trail_2x,q4_ge_10pct,24,0.20833333333333334,-4.228258333333334,-101.4782
pivot_r1_breakout,atr_trail_mae_conditional,q4_ge_10pct,24,0.08333333333333333,-2.2253708333333333,-53.4089
pivot_r1_breakout,atr_trail_vix_conditional,q4_ge_10pct,24,0.08333333333333333,-2.803058333333333,-67.2734
pivot_r1_breakout,break_even_at_1r,q4_ge_10pct,24,0.041666666666666664,-2.512820833333333,-60.3077
pivot_r1_breakout,breakeven_plus_trail,q4_ge_10pct,24,0.3333333333333333,-0.154620833333333,-3.7108999999999925
pivot_r1_breakout,chandelier_3x,q4_ge_10pct,24,0.25,-3.209754166666667,-77.03410000000001
pivot_r1_breakout,class_time_stop,q4_ge_10pct,24,0.4166666666666667,-0.4403999999999999,-10.569599999999998
pivot_r1_breakout,earnings_blackout,q4_ge_10pct,24,0.375,13.2388125,317.7315
pivot_r1_breakout,fixed_4r_2r,q4_ge_10pct,24,0.2916666666666667,-3.791583333333333,-90.99799999999999
pivot_r1_breakout,hybrid_50pct_target,q4_ge_10pct,24,0.375,-2.030375,-48.729
pivot_r1_breakout,ma_exit_ema9,q4_ge_10pct,24,0.2916666666666667,-1.981225,-47.5494
pivot_r1_breakout,mfe_lockin_trail,q4_ge_10pct,24,0.08333333333333333,-2.1962708333333336,-52.7105
pivot_r1_breakout,multi_tier_partial,q4_ge_10pct,24,0.4583333333333333,-1.0545166666666668,-25.308400000000002
pivot_r1_breakout,next_pivot_target,q4_ge_10pct,24,0.7083333333333334,0.4398999999999999,10.557599999999997
pivot_r1_breakout,r_multiple_2r,q4_ge_10pct,24,0.25,-0.5295541666666669,-12.709300000000004
pivot_r1_breakout,r_multiple_3r,q4_ge_10pct,24,0.08333333333333333,-3.4554666666666667,-82.9312
pivot_r1_breakout,regime_flip,q4_ge_10pct,24,0.4166666666666667,-1.8522833333333335,-44.454800000000006
pivot_r1_breakout,reverse_signal,q4_ge_10pct,24,0.4166666666666667,0.16313333333333338,3.9152000000000013
pivot_r1_breakout,smc_mitigation_zone,q4_ge_10pct,24,0.08333333333333333,-2.2253708333333333,-53.4089
pivot_r1_breakout,time_stop_10d,q4_ge_10pct,24,0.3333333333333333,-1.1286583333333333,-27.0878
pivot_r1_breakout,time_stop_20d,q4_ge_10pct,24,0.4166666666666667,-1.8522833333333335,-44.454800000000006
pivot_r1_breakout,trailing_10pct,q4_ge_10pct,24,0.20833333333333334,-3.993733333333333,-95.8496
pivot_r1_breakout,trailing_15pct,q4_ge_10pct,24,0.25,-4.809120833333334,-115.41890000000001
pivot_r1_breakout,trailing_5pct,q4_ge_10pct,24,0.125,-2.376370833333333,-57.0329
pivot_s1_bounce,atr_trail_1x,q4_ge_10pct,26,0.4230769230769231,-0.09380384615384617,-2.4389000000000003
pivot_s1_bounce,atr_trail_2x,q4_ge_10pct,26,0.5384615384615384,3.2634076923076925,84.8486
pivot_s1_bounce,atr_trail_mae_conditional,q4_ge_10pct,26,0.4230769230769231,-0.09380384615384617,-2.4389000000000003
pivot_s1_bounce,atr_trail_vix_conditional,q4_ge_10pct,26,0.4230769230769231,1.4695461538461538,38.2082
pivot_s1_bounce,break_even_at_1r,q4_ge_10pct,26,0.3076923076923077,6.964530769230769,181.0778
pivot_s1_bounce,breakeven_plus_trail,q4_ge_10pct,26,0.5,13.342215384615384,346.8976
pivot_s1_bounce,chandelier_3x,q4_ge_10pct,26,0.34615384615384615,2.318480769230769,60.280499999999996
pivot_s1_bounce,class_time_stop,q4_ge_10pct,26,0.5769230769230769,1.9823769230769233,51.5418
pivot_s1_bounce,earnings_blackout,q4_ge_10pct,26,0.7692307692307693,11.770619230769231,306.03610000000003
pivot_s1_bounce,fixed_4r_2r,q4_ge_10pct,26,0.5384615384615384,2.9633769230769227,77.0478
pivot_s1_bounce,hybrid_50pct_target,q4_ge_10pct,26,0.7692307692307693,7.132126923076924,185.4353
pivot_s1_bounce,ma_exit_ema9,q4_ge_10pct,26,0.46153846153846156,1.0957961538461538,28.4907
pivot_s1_bounce,mfe_lockin_trail,q4_ge_10pct,26,0.4230769230769231,-0.2522538461538461,-6.558599999999998
pivot_s1_bounce,multi_tier_partial,q4_ge_10pct,26,0.46153846153846156,-0.14503846153846162,-3.7710000000000017
pivot_s1_bounce,next_pivot_target,q4_ge_10pct,26,0.9230769230769231,1.502023076923077,39.0526
pivot_s1_bounce,r_multiple_2r,q4_ge_10pct,26,0.5,1.5577076923076922,40.5004
pivot_s1_bounce,r_multiple_3r,q4_ge_10pct,26,0.38461538461538464,1.5129653846153845,39.3371
pivot_s1_bounce,regime_flip,q4_ge_10pct,26,0.7307692307692307,6.1906346153846155,160.9565
pivot_s1_bounce,reverse_signal,q4_ge_10pct,26,0.4230769230769231,-0.09380384615384617,-2.4389000000000003
pivot_s1_bounce,smc_mitigation_zone,q4_ge_10pct,26,0.4230769230769231,-0.09380384615384617,-2.4389000000000003
pivot_s1_bounce,time_stop_10d,q4_ge_10pct,26,0.6538461538461539,3.0940230769230768,80.4446
pivot_s1_bounce,time_stop_20d,q4_ge_10pct,26,0.7307692307692307,6.1906346153846155,160.9565
pivot_s1_bounce,trailing_10pct,q4_ge_10pct,26,0.46153846153846156,5.134719230769231,133.5027
pivot_s1_bounce,trailing_15pct,q4_ge_10pct,26,0.5384615384615384,10.10351153846154,262.6913
pivot_s1_bounce,trailing_5pct,q4_ge_10pct,26,0.5,0.7351961538461538,19.115099999999998
po3_bearish,atr_trail_1x,q1_lt_2pct,28,0.14285714285714285,-4.3258785714285715,-121.1246
po3_bearish,atr_trail_1x,q2_2_5pct,5,0.0,-3.93884,-19.6942
po3_bearish,atr_trail_1x,q3_5_10pct,3,0.0,-2.3217333333333334,-6.9652
po3_bearish,atr_trail_1x,q4_ge_10pct,291,0.2508591065292096,-1.5104302405498282,-439.53520000000003
po3_bearish,atr_trail_2x,q1_lt_2pct,28,0.14285714285714285,-4.409007142857143,-123.4522
po3_bearish,atr_trail_2x,q2_2_5pct,5,0.2,-5.68686,-28.4343
po3_bearish,atr_trail_2x,q3_5_10pct,3,0.3333333333333333,-2.5874,-7.7622
po3_bearish,atr_trail_2x,q4_ge_10pct,291,0.31958762886597936,-2.005516151202749,-583.6052
po3_bearish,atr_trail_mae_conditional,q1_lt_2pct,28,0.14285714285714285,-4.3258785714285715,-121.1246
po3_bearish,atr_trail_mae_conditional,q2_2_5pct,5,0.0,-3.93884,-19.6942
po3_bearish,atr_trail_mae_conditional,q3_5_10pct,3,0.0,-2.3217333333333334,-6.9652
po3_bearish,atr_trail_mae_conditional,q4_ge_10pct,291,0.2508591065292096,-1.5104302405498282,-439.53520000000003
po3_bearish,atr_trail_vix_conditional,q1_lt_2pct,28,0.17857142857142858,-3.8621678571428575,-108.14070000000001
po3_bearish,atr_trail_vix_conditional,q2_2_5pct,5,0.0,-4.93758,-24.6879
po3_bearish,atr_trail_vix_conditional,q3_5_10pct,3,0.0,-2.5821,-7.7463
po3_bearish,atr_trail_vix_conditional,q4_ge_10pct,291,0.2646048109965636,-1.6373883161512028,-476.48
po3_bearish,break_even_at_1r,q1_lt_2pct,28,0.03571428571428571,-4.617235714285714,-129.2826
po3_bearish,break_even_at_1r,q2_2_5pct,5,0.0,-3.93884,-19.6942
po3_bearish,break_even_at_1r,q3_5_10pct,3,0.0,-1.8299,-5.4897
po3_bearish,break_even_at_1r,q4_ge_10pct,291,0.14776632302405499,-1.399508591065292,-407.257
po3_bearish,breakeven_plus_trail,q1_lt_2pct,28,0.21428571428571427,-3.866435714285714,-108.2602
po3_bearish,breakeven_plus_trail,q2_2_5pct,5,0.2,-1.8242800000000003,-9.121400000000001
po3_bearish,breakeven_plus_trail,q3_5_10pct,3,0.0,-3.6598,-10.9794
po3_bearish,breakeven_plus_trail,q4_ge_10pct,291,0.36082474226804123,0.24526838487972508,71.3731
po3_bearish,chandelier_3x,q1_lt_2pct,28,0.10714285714285714,-3.544139285714286,-99.2359
po3_bearish,chandelier_3x,q2_2_5pct,5,0.0,-4.59844,-22.9922
po3_bearish,chandelier_3x,q3_5_10pct,3,0.3333333333333333,-1.9225666666666665,-5.7677
po3_bearish,chandelier_3x,q4_ge_10pct,291,0.23024054982817868,-1.8853319587628867,-548.6316
po3_bearish,class_time_stop,q1_lt_2pct,28,0.35714285714285715,-3.3208285714285712,-92.9832
po3_bearish,class_time_stop,q2_2_5pct,5,0.6,0.09924,0.4962
po3_bearish,class_time_stop,q3_5_10pct,3,0.0,-5.557833333333334,-16.6735
po3_bearish,class_time_stop,q4_ge_10pct,291,0.44673539518900346,-2.7499735395189004,-800.2423
po3_bearish,earnings_blackout,q1_lt_2pct,28,0.32142857142857145,-14.356514285714285,-401.9824
po3_bearish,earnings_blackout,q2_2_5pct,5,0.6,-4.30988,-21.5494
po3_bearish,earnings_blackout,q3_5_10pct,3,0.3333333333333333,-0.6748666666666665,-2.0245999999999995
po3_bearish,earnings_blackout,q4_ge_10pct,291,0.4742268041237113,-4.539364948453608,-1320.9551999999999
po3_bearish,fixed_4r_2r,q1_lt_2pct,28,0.14285714285714285,-7.053007142857142,-197.4842
po3_bearish,fixed_4r_2r,q2_2_5pct,5,0.4,-0.9222799999999998,-4.611399999999999
po3_bearish,fixed_4r_2r,q3_5_10pct,3,0.3333333333333333,-0.3168,-0.9504000000000001
po3_bearish,fixed_4r_2r,q4_ge_10pct,291,0.3024054982817869,-2.118619931271478,-616.5184
po3_bearish,hybrid_50pct_target,q1_lt_2pct,28,0.5357142857142857,-40.426807142857136,-1131.9506
po3_bearish,hybrid_50pct_target,q2_2_5pct,5,1.0,11.001759999999999,55.008799999999994
po3_bearish,hybrid_50pct_target,q3_5_10pct,3,0.6666666666666666,-34.16683333333334,-102.5005
po3_bearish,hybrid_50pct_target,q4_ge_10pct,291,0.697594501718213,-28.7443560137457,-8364.6076
po3_bearish,ma_exit_ema9,q1_lt_2pct,28,0.0,-3.7406892857142857,-104.7393
po3_bearish,ma_exit_ema9,q2_2_5pct,5,0.0,-3.6635800000000005,-18.3179
po3_bearish,ma_exit_ema9,q3_5_10pct,3,0.0,-2.3608333333333333,-7.0825000000000005
po3_bearish,ma_exit_ema9,q4_ge_10pct,291,0.32989690721649484,-0.9904862542955326,-288.2315
po3_bearish,mfe_lockin_trail,q1_lt_2pct,28,0.14285714285714285,-4.147,-116.116
po3_bearish,mfe_lockin_trail,q2_2_5pct,5,0.0,-3.93884,-19.6942
po3_bearish,mfe_lockin_trail,q3_5_10pct,3,0.0,-2.3217333333333334,-6.9652
po3_bearish,mfe_lockin_trail,q4_ge_10pct,291,0.25773195876288657,-1.451778350515464,-422.46750000000003
po3_bearish,multi_tier_partial,q1_lt_2pct,28,0.14285714285714285,-4.355746428571428,-121.9609
po3_bearish,multi_tier_partial,q2_2_5pct,5,0.0,-3.93884,-19.6942
po3_bearish,multi_tier_partial,q3_5_10pct,3,0.0,-2.3217333333333334,-6.9652
po3_bearish,multi_tier_partial,q4_ge_10pct,291,0.38831615120274915,-1.0866721649484536,-316.2216
po3_bearish,next_pivot_target,q1_lt_2pct,28,0.5714285714285714,-2.074182142857143,-58.0771
po3_bearish,next_pivot_target,q2_2_5pct,5,0.8,0.08029999999999993,0.40149999999999963
po3_bearish,next_pivot_target,q3_5_10pct,3,0.6666666666666666,0.01939999999999979,0.05819999999999936
po3_bearish,next_pivot_target,q4_ge_10pct,291,0.7457044673539519,-0.514198969072165,-149.6319
po3_bearish,r_multiple_2r,q1_lt_2pct,28,0.10714285714285714,-4.012996428571428,-112.3639
po3_bearish,r_multiple_2r,q2_2_5pct,5,0.0,-3.93884,-19.6942
po3_bearish,r_multiple_2r,q3_5_10pct,3,0.3333333333333333,1.5131,4.5393
po3_bearish,r_multiple_2r,q4_ge_10pct,291,0.281786941580756,-0.8455848797250859,-246.0652
po3_bearish,r_multiple_3r,q1_lt_2pct,28,0.07142857142857142,-4.485982142857143,-125.6075
po3_bearish,r_multiple_3r,q2_2_5pct,5,0.0,-3.93884,-19.6942
po3_bearish,r_multiple_3r,q3_5_10pct,3,0.3333333333333333,1.5131,4.5393
po3_bearish,r_multiple_3r,q4_ge_10pct,291,0.21649484536082475,-0.6841539518900344,-199.0888
po3_bearish,regime_flip,q1_lt_2pct,28,0.35714285714285715,-2.205060714285714,-61.741699999999994
po3_bearish,regime_flip,q2_2_5pct,5,0.2,-3.76546,-18.8273
po3_bearish,regime_flip,q3_5_10pct,3,0.3333333333333333,-7.216466666666666,-21.6494
po3_bearish,regime_flip,q4_ge_10pct,291,0.4639175257731959,-2.1616745704467353,-629.0473
po3_bearish,reverse_signal,q1_lt_2pct,28,0.14285714285714285,-4.3258785714285715,-121.1246
po3_bearish,reverse_signal,q2_2_5pct,5,0.0,-3.93884,-19.6942
po3_bearish,reverse_signal,q3_5_10pct,3,0.0,-2.3217333333333334,-6.9652
po3_bearish,reverse_signal,q4_ge_10pct,291,0.2508591065292096,-1.5104302405498282,-439.53520000000003
po3_bearish,smc_mitigation_zone,q1_lt_2pct,28,0.14285714285714285,-4.3258785714285715,-121.1246
po3_bearish,smc_mitigation_zone,q2_2_5pct,5,0.0,-3.93884,-19.6942
po3_bearish,smc_mitigation_zone,q3_5_10pct,3,0.0,-2.3217333333333334,-6.9652
po3_bearish,smc_mitigation_zone,q4_ge_10pct,291,0.2508591065292096,-1.5104302405498282,-439.53520000000003
po3_bearish,time_stop_10d,q1_lt_2pct,28,0.2857142857142857,-2.9378749999999996,-82.2605
po3_bearish,time_stop_10d,q2_2_5pct,5,0.2,-0.9497399999999999,-4.7486999999999995
po3_bearish,time_stop_10d,q3_5_10pct,3,0.3333333333333333,-1.7681333333333333,-5.3044
po3_bearish,time_stop_10d,q4_ge_10pct,291,0.44673539518900346,-0.7848240549828178,-228.38379999999998
po3_bearish,time_stop_20d,q1_lt_2pct,28,0.35714285714285715,-2.205060714285714,-61.741699999999994
po3_bearish,time_stop_20d,q2_2_5pct,5,0.2,-3.76546,-18.8273
po3_bearish,time_stop_20d,q3_5_10pct,3,0.3333333333333333,-7.216466666666666,-21.6494
po3_bearish,time_stop_20d,q4_ge_10pct,291,0.4639175257731959,-2.1616745704467353,-629.0473
po3_bearish,trailing_10pct,q1_lt_2pct,28,0.14285714285714285,-4.453157142857143,-124.6884
po3_bearish,trailing_10pct,q2_2_5pct,5,0.4,-1.7185400000000002,-8.5927
po3_bearish,trailing_10pct,q3_5_10pct,3,0.0,-5.758233333333333,-17.2747
po3_bearish,trailing_10pct,q4_ge_10pct,291,0.2646048109965636,-2.716737800687285,-790.5707
po3_bearish,trailing_15pct,q1_lt_2pct,28,0.21428571428571427,-5.754021428571429,-161.11260000000001
po3_bearish,trailing_15pct,q2_2_5pct,5,0.6,4.42042,22.1021
po3_bearish,trailing_15pct,q3_5_10pct,3,0.0,-10.224566666666666,-30.6737
po3_bearish,trailing_15pct,q4_ge_10pct,291,0.29553264604810997,-3.0784532646048106,-895.8299
po3_bearish,trailing_5pct,q1_lt_2pct,28,0.14285714285714285,-2.7642285714285713,-77.3984
po3_bearish,trailing_5pct,q2_2_5pct,5,0.0,-4.86586,-24.3293
po3_bearish,trailing_5pct,q3_5_10pct,3,0.3333333333333333,-2.1484,-6.445200000000001
po3_bearish,trailing_5pct,q4_ge_10pct,291,0.2268041237113402,-1.7218701030927837,-501.0642
po3_bullish,atr_trail_1x,q1_lt_2pct,14,0.0,-5.966871428571429,-83.53620000000001
po3_bullish,atr_trail_1x,q2_2_5pct,2,0.5,-2.2013,-4.4026
po3_bullish,atr_trail_1x,q3_5_10pct,2,0.0,-3.63995,-7.2799
po3_bullish,atr_trail_1x,q4_ge_10pct,300,0.22666666666666666,-1.977715,-593.3145
po3_bullish,atr_trail_2x,q1_lt_2pct,14,0.07142857142857142,-11.017342857142859,-154.24280000000002
po3_bullish,atr_trail_2x,q2_2_5pct,2,0.5,2.1405000000000003,4.281000000000001
po3_bullish,atr_trail_2x,q3_5_10pct,2,0.0,-7.27985,-14.5597
po3_bullish,atr_trail_2x,q4_ge_10pct,300,0.31,-1.7398743333333335,-521.9623
po3_bullish,atr_trail_mae_conditional,q1_lt_2pct,14,0.0,-5.966871428571429,-83.53620000000001
po3_bullish,atr_trail_mae_conditional,q2_2_5pct,2,0.5,-2.2013,-4.4026
po3_bullish,atr_trail_mae_conditional,q3_5_10pct,2,0.0,-3.63995,-7.2799
po3_bullish,atr_trail_mae_conditional,q4_ge_10pct,300,0.22666666666666666,-1.977715,-593.3145
po3_bullish,atr_trail_vix_conditional,q1_lt_2pct,14,0.0,-6.2225214285714285,-87.1153
po3_bullish,atr_trail_vix_conditional,q2_2_5pct,2,0.0,-2.6489000000000003,-5.2978000000000005
po3_bullish,atr_trail_vix_conditional,q3_5_10pct,2,0.0,-2.72995,-5.4599
po3_bullish,atr_trail_vix_conditional,q4_ge_10pct,300,0.23,-1.7637846666666668,-529.1354
po3_bullish,break_even_at_1r,q1_lt_2pct,14,0.0,-5.966871428571429,-83.53620000000001
po3_bullish,break_even_at_1r,q2_2_5pct,2,0.0,-2.7761,-5.5522
po3_bullish,break_even_at_1r,q3_5_10pct,2,0.0,-3.63995,-7.2799
po3_bullish,break_even_at_1r,q4_ge_10pct,300,0.13666666666666666,-1.67323,-501.969
po3_bullish,breakeven_plus_trail,q1_lt_2pct,14,0.14285714285714285,-5.707314285714285,-79.9024
po3_bullish,breakeven_plus_trail,q2_2_5pct,2,0.5,1.4371999999999998,2.8743999999999996
po3_bullish,breakeven_plus_trail,q3_5_10pct,2,0.0,-7.27985,-14.5597
po3_bullish,breakeven_plus_trail,q4_ge_10pct,300,0.36,2.7191016666666665,815.7305
po3_bullish,chandelier_3x,q1_lt_2pct,14,0.0,-5.841335714285714,-81.7787
po3_bullish,chandelier_3x,q2_2_5pct,2,0.0,-1.7020499999999998,-3.4040999999999997
po3_bullish,chandelier_3x,q3_5_10pct,2,0.0,-8.5352,-17.0704
po3_bullish,chandelier_3x,q4_ge_10pct,300,0.16333333333333333,-0.5192843333333332,-155.78529999999998
po3_bullish,class_time_stop,q1_lt_2pct,14,0.07142857142857142,-14.875135714285715,-208.2519
po3_bullish,class_time_stop,q2_2_5pct,2,0.5,1.40895,2.8179
po3_bullish,class_time_stop,q3_5_10pct,2,0.0,-14.9607,-29.9214
po3_bullish,class_time_stop,q4_ge_10pct,300,0.5033333333333333,1.2792026666666665,383.76079999999996
po3_bullish,earnings_blackout,q1_lt_2pct,14,0.14285714285714285,-2.6098499999999993,-36.53789999999999
po3_bullish,earnings_blackout,q2_2_5pct,2,0.5,-5.5274,-11.0548
po3_bullish,earnings_blackout,q3_5_10pct,2,0.5,11.9685,23.937
po3_bullish,earnings_blackout,q4_ge_10pct,300,0.5066666666666667,6.459828,1937.9484
po3_bullish,fixed_4r_2r,q1_lt_2pct,14,0.14285714285714285,-5.088357142857143,-71.23700000000001
po3_bullish,fixed_4r_2r,q2_2_5pct,2,0.0,-14.901499999999999,-29.802999999999997
po3_bullish,fixed_4r_2r,q3_5_10pct,2,0.0,-7.27985,-14.5597
po3_bullish,fixed_4r_2r,q4_ge_10pct,300,0.34,-0.25021233333333326,-75.06369999999998
po3_bullish,hybrid_50pct_target,q1_lt_2pct,14,0.14285714285714285,-6.783014285714286,-94.9622
po3_bullish,hybrid_50pct_target,q2_2_5pct,2,0.5,5.375249999999999,10.750499999999999
po3_bullish,hybrid_50pct_target,q3_5_10pct,2,0.0,-10.0,-20.0
po3_bullish,hybrid_50pct_target,q4_ge_10pct,300,0.47,0.4814633333333334,144.43900000000002
po3_bullish,ma_exit_ema9,q1_lt_2pct,14,0.0,-5.070957142857142,-70.9934
po3_bullish,ma_exit_ema9,q2_2_5pct,2,0.0,-2.8558,-5.7116
po3_bullish,ma_exit_ema9,q3_5_10pct,2,0.0,-4.8785,-9.757
po3_bullish,ma_exit_ema9,q4_ge_10pct,300,0.3333333333333333,-0.3032996666666667,-90.9899
po3_bullish,mfe_lockin_trail,q1_lt_2pct,14,0.0,-5.966871428571429,-83.53620000000001
po3_bullish,mfe_lockin_trail,q2_2_5pct,2,0.5,-2.2013,-4.4026
po3_bullish,mfe_lockin_trail,q3_5_10pct,2,0.0,-3.63995,-7.2799
po3_bullish,mfe_lockin_trail,q4_ge_10pct,300,0.23333333333333334,-1.9427793333333334,-582.8338
po3_bullish,multi_tier_partial,q1_lt_2pct,14,0.0,-5.966871428571429,-83.53620000000001
po3_bullish,multi_tier_partial,q2_2_5pct,2,0.5,-0.8347,-1.6694
po3_bullish,multi_tier_partial,q3_5_10pct,2,0.0,-3.63995,-7.2799
po3_bullish,multi_tier_partial,q4_ge_10pct,300,0.4166666666666667,-1.3203833333333335,-396.115
po3_bullish,next_pivot_target,q1_lt_2pct,14,0.07142857142857142,-9.679878571428572,-135.5183
po3_bullish,next_pivot_target,q2_2_5pct,2,0.5,-3.6951,-7.3902
po3_bullish,next_pivot_target,q3_5_10pct,2,0.5,-1.1009499999999999,-2.2018999999999997
po3_bullish,next_pivot_target,q4_ge_10pct,300,0.7633333333333333,-0.18541233333333332,-55.6237
po3_bullish,r_multiple_2r,q1_lt_2pct,14,0.0,-5.966871428571429,-83.53620000000001
po3_bullish,r_multiple_2r,q2_2_5pct,2,0.5,6.5732,13.1464
po3_bullish,r_multiple_2r,q3_5_10pct,2,0.0,-3.63995,-7.2799
po3_bullish,r_multiple_2r,q4_ge_10pct,300,0.31,-0.7371406666666667,-221.1422
po3_bullish,r_multiple_3r,q1_lt_2pct,14,0.0,-5.966871428571429,-83.53620000000001
po3_bullish,r_multiple_3r,q2_2_5pct,2,0.5,11.24785,22.4957
po3_bullish,r_multiple_3r,q3_5_10pct,2,0.0,-3.63995,-7.2799
po3_bullish,r_multiple_3r,q4_ge_10pct,300,0.24666666666666667,-0.48454566666666665,-145.3637
po3_bullish,regime_flip,q1_lt_2pct,14,0.07142857142857142,-19.0207,-266.2898
po3_bullish,regime_flip,q2_2_5pct,2,0.5,-0.5778000000000008,-1.1556000000000015
po3_bullish,regime_flip,q3_5_10pct,2,0.0,-11.36525,-22.7305
po3_bullish,regime_flip,q4_ge_10pct,300,0.51,0.18555833333333333,55.6675
po3_bullish,reverse_signal,q1_lt_2pct,14,0.0,-5.966871428571429,-83.53620000000001
po3_bullish,reverse_signal,q2_2_5pct,2,0.5,-2.2013,-4.4026
po3_bullish,reverse_signal,q3_5_10pct,2,0.0,-3.63995,-7.2799
po3_bullish,reverse_signal,q4_ge_10pct,300,0.22666666666666666,-1.977715,-593.3145
po3_bullish,smc_mitigation_zone,q1_lt_2pct,14,0.0,-5.966871428571429,-83.53620000000001
po3_bullish,smc_mitigation_zone,q2_2_5pct,2,0.5,-2.2013,-4.4026
po3_bullish,smc_mitigation_zone,q3_5_10pct,2,0.0,-3.63995,-7.2799
po3_bullish,smc_mitigation_zone,q4_ge_10pct,300,0.22666666666666666,-1.977715,-593.3145
po3_bullish,time_stop_10d,q1_lt_2pct,14,0.0,-19.23665,-269.3131
po3_bullish,time_stop_10d,q2_2_5pct,2,0.5,2.57,5.14
po3_bullish,time_stop_10d,q3_5_10pct,2,0.0,-11.2994,-22.5988
po3_bullish,time_stop_10d,q4_ge_10pct,300,0.44666666666666666,-1.1503886666666667,-345.1166
po3_bullish,time_stop_20d,q1_lt_2pct,14,0.07142857142857142,-19.0207,-266.2898
po3_bullish,time_stop_20d,q2_2_5pct,2,0.5,-0.5778000000000008,-1.1556000000000015
po3_bullish,time_stop_20d,q3_5_10pct,2,0.0,-11.36525,-22.7305
po3_bullish,time_stop_20d,q4_ge_10pct,300,0.51,0.18555833333333333,55.6675
po3_bullish,trailing_10pct,q1_lt_2pct,14,0.07142857142857142,-7.960278571428572,-111.4439
po3_bullish,trailing_10pct,q2_2_5pct,2,0.0,-6.0116499999999995,-12.023299999999999
po3_bullish,trailing_10pct,q3_5_10pct,2,0.0,-10.0,-20.0
po3_bullish,trailing_10pct,q4_ge_10pct,300,0.32,-1.3234196666666667,-397.0259
po3_bullish,trailing_15pct,q1_lt_2pct,14,0.07142857142857142,-12.155042857142858,-170.1706
po3_bullish,trailing_15pct,q2_2_5pct,2,0.5,-3.67665,-7.3533
po3_bullish,trailing_15pct,q3_5_10pct,2,0.0,-15.0,-30.0
po3_bullish,trailing_15pct,q4_ge_10pct,300,0.34,0.9382176666666667,281.4653
po3_bullish,trailing_5pct,q1_lt_2pct,14,0.0,-6.401857142857144,-89.626
po3_bullish,trailing_5pct,q2_2_5pct,2,0.0,-5.0,-10.0
po3_bullish,trailing_5pct,q3_5_10pct,2,0.0,-5.0,-10.0
po3_bullish,trailing_5pct,q4_ge_10pct,300,0.20666666666666667,-1.9333123333333333,-579.9937
po3_htf_aligned_long,atr_trail_1x,q1_lt_2pct,2,0.0,-4.79355,-9.5871
po3_htf_aligned_long,atr_trail_1x,q4_ge_10pct,38,0.21052631578947367,-1.998318421052632,-75.93610000000001
po3_htf_aligned_long,atr_trail_2x,q1_lt_2pct,2,0.0,-9.587050000000001,-19.174100000000003
po3_htf_aligned_long,atr_trail_2x,q4_ge_10pct,38,0.2631578947368421,0.5198763157894735,19.75529999999999
po3_htf_aligned_long,atr_trail_mae_conditional,q1_lt_2pct,2,0.0,-4.79355,-9.5871
po3_htf_aligned_long,atr_trail_mae_conditional,q4_ge_10pct,38,0.21052631578947367,-1.998318421052632,-75.93610000000001
po3_htf_aligned_long,atr_trail_vix_conditional,q1_lt_2pct,2,0.0,-4.28225,-8.5645
po3_htf_aligned_long,atr_trail_vix_conditional,q4_ge_10pct,38,0.21052631578947367,-2.0606605263157896,-78.3051
po3_htf_aligned_long,break_even_at_1r,q1_lt_2pct,2,0.0,-4.79355,-9.5871
po3_htf_aligned_long,break_even_at_1r,q4_ge_10pct,38,0.02631578947368421,-2.0671657894736843,-78.5523
po3_htf_aligned_long,breakeven_plus_trail,q1_lt_2pct,2,0.0,-9.587050000000001,-19.174100000000003
po3_htf_aligned_long,breakeven_plus_trail,q4_ge_10pct,38,0.34210526315789475,5.119302631578948,194.5335
po3_htf_aligned_long,chandelier_3x,q1_lt_2pct,2,0.0,-7.29585,-14.5917
po3_htf_aligned_long,chandelier_3x,q4_ge_10pct,38,0.23684210526315788,1.1752763157894737,44.6605
po3_htf_aligned_long,class_time_stop,q1_lt_2pct,2,0.0,-21.5272,-43.0544
po3_htf_aligned_long,class_time_stop,q4_ge_10pct,38,0.5,1.6718026315789476,63.52850000000001
po3_htf_aligned_long,earnings_blackout,q1_lt_2pct,2,0.0,-22.0402,-44.0804
po3_htf_aligned_long,earnings_blackout,q4_ge_10pct,38,0.5,11.586534210526315,440.2883
po3_htf_aligned_long,fixed_4r_2r,q1_lt_2pct,2,0.0,-9.587050000000001,-19.174100000000003
po3_htf_aligned_long,fixed_4r_2r,q4_ge_10pct,38,0.3684210526315789,4.58365,174.1787
po3_htf_aligned_long,hybrid_50pct_target,q1_lt_2pct,2,0.0,-10.0,-20.0
po3_htf_aligned_long,hybrid_50pct_target,q4_ge_10pct,38,0.47368421052631576,0.5395368421052631,20.502399999999998
po3_htf_aligned_long,ma_exit_ema9,q1_lt_2pct,2,0.0,-5.8805000000000005,-11.761000000000001
po3_htf_aligned_long,ma_exit_ema9,q4_ge_10pct,38,0.2631578947368421,1.1280868421052634,42.86730000000001
po3_htf_aligned_long,mfe_lockin_trail,q1_lt_2pct,2,0.0,-4.79355,-9.5871
po3_htf_aligned_long,mfe_lockin_trail,q4_ge_10pct,38,0.21052631578947367,-2.147292105263158,-81.5971
po3_htf_aligned_long,multi_tier_partial,q1_lt_2pct,2,0.0,-4.79355,-9.5871
po3_htf_aligned_long,multi_tier_partial,q4_ge_10pct,38,0.34210526315789475,-1.872863157894737,-71.1688
po3_htf_aligned_long,next_pivot_target,q1_lt_2pct,2,0.0,-10.0,-20.0
po3_htf_aligned_long,next_pivot_target,q4_ge_10pct,38,0.7631578947368421,3.6961552631578947,140.4539
po3_htf_aligned_long,r_multiple_2r,q1_lt_2pct,2,0.0,-4.79355,-9.5871
po3_htf_aligned_long,r_multiple_2r,q4_ge_10pct,38,0.3684210526315789,0.42319473684210535,16.081400000000002
po3_htf_aligned_long,r_multiple_3r,q1_lt_2pct,2,0.0,-4.79355,-9.5871
po3_htf_aligned_long,r_multiple_3r,q4_ge_10pct,38,0.23684210526315788,-0.3582736842105264,-13.614400000000003
po3_htf_aligned_long,regime_flip,q1_lt_2pct,2,0.0,-15.42355,-30.8471
po3_htf_aligned_long,regime_flip,q4_ge_10pct,38,0.4473684210526316,1.8698973684210527,71.0561
po3_htf_aligned_long,reverse_signal,q1_lt_2pct,2,0.0,-4.79355,-9.5871
po3_htf_aligned_long,reverse_signal,q4_ge_10pct,38,0.21052631578947367,-1.998318421052632,-75.93610000000001
po3_htf_aligned_long,smc_mitigation_zone,q1_lt_2pct,2,0.0,-4.79355,-9.5871
po3_htf_aligned_long,smc_mitigation_zone,q4_ge_10pct,38,0.21052631578947367,-1.998318421052632,-75.93610000000001
po3_htf_aligned_long,time_stop_10d,q1_lt_2pct,2,0.0,-11.3841,-22.7682
po3_htf_aligned_long,time_stop_10d,q4_ge_10pct,38,0.5263157894736842,-1.0466105263157897,-39.77120000000001
po3_htf_aligned_long,time_stop_20d,q1_lt_2pct,2,0.0,-15.42355,-30.8471
po3_htf_aligned_long,time_stop_20d,q4_ge_10pct,38,0.4473684210526316,1.8698973684210527,71.0561
po3_htf_aligned_long,trailing_10pct,q1_lt_2pct,2,0.0,-10.0,-20.0
po3_htf_aligned_long,trailing_10pct,q4_ge_10pct,38,0.2894736842105263,-0.6572210526315792,-24.974400000000006
po3_htf_aligned_long,trailing_15pct,q1_lt_2pct,2,0.0,-15.0,-30.0
po3_htf_aligned_long,trailing_15pct,q4_ge_10pct,38,0.3157894736842105,1.1259815789473688,42.787300000000016
po3_htf_aligned_long,trailing_5pct,q1_lt_2pct,2,0.0,-5.644550000000001,-11.289100000000001
po3_htf_aligned_long,trailing_5pct,q4_ge_10pct,38,0.23684210526315788,-1.3390605263157893,-50.884299999999996
po3_htf_aligned_short,atr_trail_1x,q1_lt_2pct,3,0.0,-6.5784666666666665,-19.7354
po3_htf_aligned_short,atr_trail_1x,q4_ge_10pct,43,0.2558139534883721,-2.7048,-116.3064
po3_htf_aligned_short,atr_trail_2x,q1_lt_2pct,3,0.3333333333333333,3.855733333333333,11.567199999999998
po3_htf_aligned_short,atr_trail_2x,q4_ge_10pct,43,0.37209302325581395,0.03790930232558153,1.6301000000000059
po3_htf_aligned_short,atr_trail_mae_conditional,q1_lt_2pct,3,0.0,-6.5784666666666665,-19.7354
po3_htf_aligned_short,atr_trail_mae_conditional,q4_ge_10pct,43,0.2558139534883721,-2.7048,-116.3064
po3_htf_aligned_short,atr_trail_vix_conditional,q1_lt_2pct,3,0.0,-8.194566666666667,-24.5837
po3_htf_aligned_short,atr_trail_vix_conditional,q4_ge_10pct,43,0.3488372093023256,-2.236681395348837,-96.1773
po3_htf_aligned_short,break_even_at_1r,q1_lt_2pct,3,0.0,-6.5784666666666665,-19.7354
po3_htf_aligned_short,break_even_at_1r,q4_ge_10pct,43,0.23255813953488372,-2.4647953488372094,-105.9862
po3_htf_aligned_short,breakeven_plus_trail,q1_lt_2pct,3,0.3333333333333333,7.822700000000001,23.468100000000003
po3_htf_aligned_short,breakeven_plus_trail,q4_ge_10pct,43,0.5581395348837209,4.626106976744186,198.9226
po3_htf_aligned_short,chandelier_3x,q1_lt_2pct,3,0.0,-2.1451333333333333,-6.4354
po3_htf_aligned_short,chandelier_3x,q4_ge_10pct,43,0.23255813953488372,-2.1301697674418607,-91.5973
po3_htf_aligned_short,class_time_stop,q1_lt_2pct,3,0.3333333333333333,1.9417000000000002,5.825100000000001
po3_htf_aligned_short,class_time_stop,q4_ge_10pct,43,0.5348837209302325,1.306879069767442,56.195800000000006
po3_htf_aligned_short,earnings_blackout,q1_lt_2pct,3,0.3333333333333333,4.1860333333333335,12.5581
po3_htf_aligned_short,earnings_blackout,q4_ge_10pct,43,0.5581395348837209,-3.7848395348837216,-162.74810000000002
po3_htf_aligned_short,fixed_4r_2r,q1_lt_2pct,3,0.6666666666666666,11.512300000000002,34.5369
po3_htf_aligned_short,fixed_4r_2r,q4_ge_10pct,43,0.4418604651162791,5.4474,234.2382
po3_htf_aligned_short,hybrid_50pct_target,q1_lt_2pct,3,1.0,16.4885,49.46549999999999
po3_htf_aligned_short,hybrid_50pct_target,q4_ge_10pct,43,0.8372093023255814,10.179532558139535,437.7199
po3_htf_aligned_short,ma_exit_ema9,q1_lt_2pct,3,0.0,-4.189266666666666,-12.567799999999998
po3_htf_aligned_short,ma_exit_ema9,q4_ge_10pct,43,0.3953488372093023,-1.275513953488372,-54.8471
po3_htf_aligned_short,mfe_lockin_trail,q1_lt_2pct,3,0.0,-6.5784666666666665,-19.7354
po3_htf_aligned_short,mfe_lockin_trail,q4_ge_10pct,43,0.2558139534883721,-2.7290906976744185,-117.3509
po3_htf_aligned_short,multi_tier_partial,q1_lt_2pct,3,0.0,-6.5784666666666665,-19.7354
po3_htf_aligned_short,multi_tier_partial,q4_ge_10pct,43,0.3023255813953488,-2.5378418604651163,-109.1272
po3_htf_aligned_short,next_pivot_target,q1_lt_2pct,3,0.0,-10.0,-30.0
po3_htf_aligned_short,next_pivot_target,q4_ge_10pct,43,0.6511627906976745,-1.4208744186046514,-61.09760000000001
po3_htf_aligned_short,r_multiple_2r,q1_lt_2pct,3,0.0,-6.5784666666666665,-19.7354
po3_htf_aligned_short,r_multiple_2r,q4_ge_10pct,43,0.32558139534883723,-1.0371837209302326,-44.5989
po3_htf_aligned_short,r_multiple_3r,q1_lt_2pct,3,0.0,-6.5784666666666665,-19.7354
po3_htf_aligned_short,r_multiple_3r,q4_ge_10pct,43,0.23255813953488372,-1.7216302325581396,-74.0301
po3_htf_aligned_short,regime_flip,q1_lt_2pct,3,0.3333333333333333,-1.9779666666666669,-5.9339
po3_htf_aligned_short,regime_flip,q4_ge_10pct,43,0.5813953488372093,1.443553488372093,62.0728
po3_htf_aligned_short,reverse_signal,q1_lt_2pct,3,0.0,-6.5784666666666665,-19.7354
po3_htf_aligned_short,reverse_signal,q4_ge_10pct,43,0.2558139534883721,-2.7048,-116.3064
po3_htf_aligned_short,smc_mitigation_zone,q1_lt_2pct,3,0.0,-6.5784666666666665,-19.7354
po3_htf_aligned_short,smc_mitigation_zone,q4_ge_10pct,43,0.2558139534883721,-2.7048,-116.3064
po3_htf_aligned_short,time_stop_10d,q1_lt_2pct,3,0.6666666666666666,0.8403666666666667,2.5211
po3_htf_aligned_short,time_stop_10d,q4_ge_10pct,43,0.5581395348837209,1.261874418604651,54.2606
po3_htf_aligned_short,time_stop_20d,q1_lt_2pct,3,0.3333333333333333,-1.9779666666666669,-5.9339
po3_htf_aligned_short,time_stop_20d,q4_ge_10pct,43,0.5813953488372093,1.443553488372093,62.0728
po3_htf_aligned_short,trailing_10pct,q1_lt_2pct,3,0.0,-10.0,-30.0
po3_htf_aligned_short,trailing_10pct,q4_ge_10pct,43,0.3023255813953488,-2.5700232558139535,-110.511
po3_htf_aligned_short,trailing_15pct,q1_lt_2pct,3,0.3333333333333333,0.8222666666666664,2.466799999999999
po3_htf_aligned_short,trailing_15pct,q4_ge_10pct,43,0.3488372093023256,-3.4123302325581393,-146.7302
po3_htf_aligned_short,trailing_5pct,q1_lt_2pct,3,0.0,-5.0,-15.0
po3_htf_aligned_short,trailing_5pct,q4_ge_10pct,43,0.23255813953488372,-1.8031302325581395,-77.5346
ppo_crossover,atr_trail_1x,q1_lt_2pct,2,0.0,-3.97555,-7.9511
ppo_crossover,atr_trail_1x,q3_5_10pct,1,0.0,-3.1685,-3.1685
ppo_crossover,atr_trail_1x,q4_ge_10pct,63,0.2698412698412698,-2.1949380952380952,-138.2811
ppo_crossover,atr_trail_2x,q1_lt_2pct,2,0.0,-13.49775,-26.9955
ppo_crossover,atr_trail_2x,q3_5_10pct,1,0.0,-6.9299,-6.9299
ppo_crossover,atr_trail_2x,q4_ge_10pct,63,0.3492063492063492,-1.378368253968254,-86.83720000000001
ppo_crossover,atr_trail_mae_conditional,q1_lt_2pct,2,0.0,-3.97555,-7.9511
ppo_crossover,atr_trail_mae_conditional,q3_5_10pct,1,0.0,-3.1685,-3.1685
ppo_crossover,atr_trail_mae_conditional,q4_ge_10pct,63,0.2698412698412698,-2.1949380952380952,-138.2811
ppo_crossover,atr_trail_vix_conditional,q1_lt_2pct,2,0.0,-6.85895,-13.7179
ppo_crossover,atr_trail_vix_conditional,q3_5_10pct,1,0.0,-3.1685,-3.1685
ppo_crossover,atr_trail_vix_conditional,q4_ge_10pct,63,0.25396825396825395,-1.8164460317460316,-114.4361
ppo_crossover,break_even_at_1r,q1_lt_2pct,2,0.0,-10.11725,-20.2345
ppo_crossover,break_even_at_1r,q3_5_10pct,1,0.0,-3.1685,-3.1685
ppo_crossover,break_even_at_1r,q4_ge_10pct,63,0.15873015873015872,-1.4411571428571428,-90.7929
ppo_crossover,breakeven_plus_trail,q1_lt_2pct,2,0.0,-20.23455,-40.4691
ppo_crossover,breakeven_plus_trail,q3_5_10pct,1,0.0,-6.3371,-6.3371
ppo_crossover,breakeven_plus_trail,q4_ge_10pct,63,0.42857142857142855,3.577304761904762,225.3702
ppo_crossover,chandelier_3x,q1_lt_2pct,2,0.0,-0.19140000000000001,-0.38280000000000003
ppo_crossover,chandelier_3x,q3_5_10pct,1,0.0,-0.1925,-0.1925
ppo_crossover,chandelier_3x,q4_ge_10pct,63,0.09523809523809523,-0.05850476190476193,-3.6858000000000013
ppo_crossover,class_time_stop,q1_lt_2pct,2,0.5,0.35545000000000027,0.7109000000000005
ppo_crossover,class_time_stop,q3_5_10pct,1,0.0,-8.0071,-8.0071
ppo_crossover,class_time_stop,q4_ge_10pct,63,0.5396825396825397,-0.9940873015873016,-62.627500000000005
ppo_crossover,earnings_blackout,q1_lt_2pct,2,0.5,-21.869149999999998,-43.738299999999995
ppo_crossover,earnings_blackout,q3_5_10pct,1,1.0,4.978,4.978
ppo_crossover,earnings_blackout,q4_ge_10pct,63,0.4603174603174603,-4.900901587301587,-308.7568
ppo_crossover,fixed_4r_2r,q1_lt_2pct,2,0.0,-20.23455,-40.4691
ppo_crossover,fixed_4r_2r,q3_5_10pct,1,0.0,-6.9299,-6.9299
ppo_crossover,fixed_4r_2r,q4_ge_10pct,63,0.36507936507936506,-1.323284126984127,-83.3669
ppo_crossover,hybrid_50pct_target,q1_lt_2pct,2,0.0,-10.0,-20.0
ppo_crossover,hybrid_50pct_target,q3_5_10pct,1,0.0,-10.0,-10.0
ppo_crossover,hybrid_50pct_target,q4_ge_10pct,63,0.5555555555555556,-14.121963492063493,-889.6837
ppo_crossover,ma_exit_ema9,q1_lt_2pct,2,0.0,-8.77265,-17.5453
ppo_crossover,ma_exit_ema9,q3_5_10pct,1,0.0,-3.9921,-3.9921
ppo_crossover,ma_exit_ema9,q4_ge_10pct,63,0.2222222222222222,-0.058388888888888844,-3.678499999999997
ppo_crossover,mfe_lockin_trail,q1_lt_2pct,2,0.0,-3.97555,-7.9511
ppo_crossover,mfe_lockin_trail,q3_5_10pct,1,0.0,-3.1685,-3.1685
ppo_crossover,mfe_lockin_trail,q4_ge_10pct,63,0.2698412698412698,-2.199434920634921,-138.5644
ppo_crossover,multi_tier_partial,q1_lt_2pct,2,0.0,-3.97555,-7.9511
ppo_crossover,multi_tier_partial,q3_5_10pct,1,0.0,-3.1685,-3.1685
ppo_crossover,multi_tier_partial,q4_ge_10pct,63,0.4126984126984127,-1.2266857142857142,-77.2812
ppo_crossover,next_pivot_target,q1_lt_2pct,2,0.0,-10.0,-20.0
ppo_crossover,next_pivot_target,q3_5_10pct,1,0.0,-10.2203,-10.2203
ppo_crossover,next_pivot_target,q4_ge_10pct,63,0.6984126984126984,-1.1817158730158732,-74.44810000000001
ppo_crossover,r_multiple_2r,q1_lt_2pct,2,0.0,-10.11725,-20.2345
ppo_crossover,r_multiple_2r,q3_5_10pct,1,0.0,-3.1685,-3.1685
ppo_crossover,r_multiple_2r,q4_ge_10pct,63,0.31746031746031744,-1.93095873015873,-121.65039999999999
ppo_crossover,r_multiple_3r,q1_lt_2pct,2,0.0,-10.11725,-20.2345
ppo_crossover,r_multiple_3r,q3_5_10pct,1,0.0,-3.1685,-3.1685
ppo_crossover,r_multiple_3r,q4_ge_10pct,63,0.2698412698412698,-1.3743253968253968,-86.5825
ppo_crossover,regime_flip,q1_lt_2pct,2,0.5,-5.49625,-10.9925
ppo_crossover,regime_flip,q3_5_10pct,1,0.0,-13.8044,-13.8044
ppo_crossover,regime_flip,q4_ge_10pct,63,0.49206349206349204,-1.8200015873015876,-114.66010000000001
ppo_crossover,reverse_signal,q1_lt_2pct,2,0.0,-3.97555,-7.9511
ppo_crossover,reverse_signal,q3_5_10pct,1,0.0,-3.1685,-3.1685
ppo_crossover,reverse_signal,q4_ge_10pct,63,0.2698412698412698,-2.1949380952380952,-138.2811
ppo_crossover,smc_mitigation_zone,q1_lt_2pct,2,0.0,-3.97555,-7.9511
ppo_crossover,smc_mitigation_zone,q3_5_10pct,1,0.0,-3.1685,-3.1685
ppo_crossover,smc_mitigation_zone,q4_ge_10pct,63,0.2698412698412698,-2.1949380952380952,-138.2811
ppo_crossover,time_stop_10d,q1_lt_2pct,2,0.0,-15.30185,-30.6037
ppo_crossover,time_stop_10d,q3_5_10pct,1,0.0,-19.2883,-19.2883
ppo_crossover,time_stop_10d,q4_ge_10pct,63,0.5079365079365079,-0.03224761904761896,-2.0315999999999947
ppo_crossover,time_stop_20d,q1_lt_2pct,2,0.5,-5.49625,-10.9925
ppo_crossover,time_stop_20d,q3_5_10pct,1,0.0,-13.8044,-13.8044
ppo_crossover,time_stop_20d,q4_ge_10pct,63,0.49206349206349204,-1.8200015873015876,-114.66010000000001
ppo_crossover,trailing_10pct,q1_lt_2pct,2,0.0,-10.0,-20.0
ppo_crossover,trailing_10pct,q3_5_10pct,1,0.0,-10.2203,-10.2203
ppo_crossover,trailing_10pct,q4_ge_10pct,63,0.3333333333333333,-0.23886984126984137,-15.048800000000007
ppo_crossover,trailing_15pct,q1_lt_2pct,2,0.0,-10.77415,-21.5483
ppo_crossover,trailing_15pct,q3_5_10pct,1,0.0,-15.0,-15.0
ppo_crossover,trailing_15pct,q4_ge_10pct,63,0.2857142857142857,-1.6906857142857143,-106.5132
ppo_crossover,trailing_5pct,q1_lt_2pct,2,0.0,-5.0,-10.0
ppo_crossover,trailing_5pct,q3_5_10pct,1,0.0,-5.0,-5.0
ppo_crossover,trailing_5pct,q4_ge_10pct,63,0.31746031746031744,-0.31830793650793654,-20.053400000000003
pre_fomc_long_sleeve,atr_trail_1x,q1_lt_2pct,2,0.0,-12.14285,-24.2857
pre_fomc_long_sleeve,atr_trail_1x,q4_ge_10pct,47,0.14893617021276595,-3.6669382978723406,-172.3461
pre_fomc_long_sleeve,atr_trail_2x,q1_lt_2pct,2,0.0,-21.4292,-42.8584
pre_fomc_long_sleeve,atr_trail_2x,q4_ge_10pct,47,0.2978723404255319,-1.6581212765957445,-77.93169999999999
pre_fomc_long_sleeve,atr_trail_mae_conditional,q1_lt_2pct,2,0.0,-12.14285,-24.2857
pre_fomc_long_sleeve,atr_trail_mae_conditional,q4_ge_10pct,47,0.14893617021276595,-3.6669382978723406,-172.3461
pre_fomc_long_sleeve,atr_trail_vix_conditional,q1_lt_2pct,2,0.0,-13.4148,-26.8296
pre_fomc_long_sleeve,atr_trail_vix_conditional,q4_ge_10pct,47,0.0851063829787234,-4.026906382978724,-189.2646
pre_fomc_long_sleeve,break_even_at_1r,q1_lt_2pct,2,0.0,-12.14285,-24.2857
pre_fomc_long_sleeve,break_even_at_1r,q4_ge_10pct,47,0.06382978723404255,-3.5087148936170216,-164.9096
pre_fomc_long_sleeve,breakeven_plus_trail,q1_lt_2pct,2,0.5,36.00365,72.0073
pre_fomc_long_sleeve,breakeven_plus_trail,q4_ge_10pct,47,0.3617021276595745,2.649748936170213,124.53820000000002
pre_fomc_long_sleeve,chandelier_3x,q1_lt_2pct,2,0.0,-0.25585,-0.5117
pre_fomc_long_sleeve,chandelier_3x,q4_ge_10pct,47,0.19148936170212766,1.8083085106382975,84.99049999999998
pre_fomc_long_sleeve,class_time_stop,q1_lt_2pct,2,1.0,50.1391,100.2782
pre_fomc_long_sleeve,class_time_stop,q4_ge_10pct,47,0.5319148936170213,5.616946808510638,263.9965
pre_fomc_long_sleeve,earnings_blackout,q1_lt_2pct,2,1.0,49.0529,98.1058
pre_fomc_long_sleeve,earnings_blackout,q4_ge_10pct,47,0.46808510638297873,6.834308510638299,321.21250000000003
pre_fomc_long_sleeve,fixed_4r_2r,q1_lt_2pct,2,0.0,-21.4292,-42.8584
pre_fomc_long_sleeve,fixed_4r_2r,q4_ge_10pct,47,0.425531914893617,1.6792617021276601,78.92530000000002
pre_fomc_long_sleeve,hybrid_50pct_target,q1_lt_2pct,2,0.0,-10.0,-20.0
pre_fomc_long_sleeve,hybrid_50pct_target,q4_ge_10pct,47,0.5319148936170213,2.542236170212766,119.4851
pre_fomc_long_sleeve,ma_exit_ema9,q1_lt_2pct,2,0.0,-8.1443,-16.2886
pre_fomc_long_sleeve,ma_exit_ema9,q4_ge_10pct,47,0.23404255319148937,-2.1748170212765956,-102.2164
pre_fomc_long_sleeve,mfe_lockin_trail,q1_lt_2pct,2,0.0,-12.14285,-24.2857
pre_fomc_long_sleeve,mfe_lockin_trail,q4_ge_10pct,47,0.14893617021276595,-3.602263829787234,-169.3064
pre_fomc_long_sleeve,multi_tier_partial,q1_lt_2pct,2,0.0,-12.14285,-24.2857
pre_fomc_long_sleeve,multi_tier_partial,q4_ge_10pct,47,0.3404255319148936,-2.595848936170213,-122.0049
pre_fomc_long_sleeve,next_pivot_target,q1_lt_2pct,2,0.0,-11.8286,-23.6572
pre_fomc_long_sleeve,next_pivot_target,q4_ge_10pct,47,0.6808510638297872,-0.9753404255319148,-45.840999999999994
pre_fomc_long_sleeve,r_multiple_2r,q1_lt_2pct,2,0.0,-12.14285,-24.2857
pre_fomc_long_sleeve,r_multiple_2r,q4_ge_10pct,47,0.2127659574468085,-2.194808510638298,-103.156
pre_fomc_long_sleeve,r_multiple_3r,q1_lt_2pct,2,0.0,-12.14285,-24.2857
pre_fomc_long_sleeve,r_multiple_3r,q4_ge_10pct,47,0.1276595744680851,-2.6750021276595746,-125.7251
pre_fomc_long_sleeve,regime_flip,q1_lt_2pct,2,0.5,26.600399999999997,53.200799999999994
pre_fomc_long_sleeve,regime_flip,q4_ge_10pct,47,0.5531914893617021,4.746687234042553,223.0943
pre_fomc_long_sleeve,reverse_signal,q1_lt_2pct,2,0.0,-12.14285,-24.2857
pre_fomc_long_sleeve,reverse_signal,q4_ge_10pct,47,0.14893617021276595,-3.6669382978723406,-172.3461
pre_fomc_long_sleeve,smc_mitigation_zone,q1_lt_2pct,2,0.0,-12.14285,-24.2857
pre_fomc_long_sleeve,smc_mitigation_zone,q4_ge_10pct,47,0.14893617021276595,-3.6669382978723406,-172.3461
pre_fomc_long_sleeve,time_stop_10d,q1_lt_2pct,2,0.5,-2.9733,-5.9466
pre_fomc_long_sleeve,time_stop_10d,q4_ge_10pct,47,0.5106382978723404,-1.6945638297872339,-79.6445
pre_fomc_long_sleeve,time_stop_20d,q1_lt_2pct,2,0.5,26.600399999999997,53.200799999999994
pre_fomc_long_sleeve,time_stop_20d,q4_ge_10pct,47,0.5531914893617021,4.746687234042553,223.0943
pre_fomc_long_sleeve,trailing_10pct,q1_lt_2pct,2,0.0,-11.8286,-23.6572
pre_fomc_long_sleeve,trailing_10pct,q4_ge_10pct,47,0.2553191489361702,-1.815948936170213,-85.34960000000001
pre_fomc_long_sleeve,trailing_15pct,q1_lt_2pct,2,0.0,-15.0,-30.0
pre_fomc_long_sleeve,trailing_15pct,q4_ge_10pct,47,0.5106382978723404,8.10201489361702,380.7947
pre_fomc_long_sleeve,trailing_5pct,q1_lt_2pct,2,0.0,-5.0,-10.0
pre_fomc_long_sleeve,trailing_5pct,q4_ge_10pct,47,0.1276595744680851,-2.903191489361702,-136.45
prev_day_high_break,atr_trail_1x,q1_lt_2pct,2,0.0,-4.342499999999999,-8.684999999999999
prev_day_high_break,atr_trail_1x,q4_ge_10pct,18,0.2222222222222222,-0.877461111111111,-15.794299999999998
prev_day_high_break,atr_trail_2x,q1_lt_2pct,2,0.5,-0.16990000000000016,-0.3398000000000003
prev_day_high_break,atr_trail_2x,q4_ge_10pct,18,0.4444444444444444,-1.3659888888888887,-24.587799999999998
prev_day_high_break,atr_trail_mae_conditional,q1_lt_2pct,2,0.0,-4.342499999999999,-8.684999999999999
prev_day_high_break,atr_trail_mae_conditional,q4_ge_10pct,18,0.2222222222222222,-0.877461111111111,-15.794299999999998
prev_day_high_break,atr_trail_vix_conditional,q1_lt_2pct,2,0.5,2.116,4.232
prev_day_high_break,atr_trail_vix_conditional,q4_ge_10pct,18,0.2222222222222222,-1.23095,-22.1571
prev_day_high_break,break_even_at_1r,q1_lt_2pct,2,0.0,-4.342499999999999,-8.684999999999999
prev_day_high_break,break_even_at_1r,q4_ge_10pct,18,0.1111111111111111,-2.1633999999999998,-38.941199999999995
prev_day_high_break,breakeven_plus_trail,q1_lt_2pct,2,0.5,7.12625,14.2525
prev_day_high_break,breakeven_plus_trail,q4_ge_10pct,18,0.4444444444444444,-2.6289444444444445,-47.321
prev_day_high_break,chandelier_3x,q1_lt_2pct,2,0.0,-4.7094000000000005,-9.418800000000001
prev_day_high_break,chandelier_3x,q4_ge_10pct,18,0.2222222222222222,-1.169861111111111,-21.057499999999997
prev_day_high_break,class_time_stop,q1_lt_2pct,2,0.0,-8.3342,-16.6684
prev_day_high_break,class_time_stop,q4_ge_10pct,18,0.2777777777777778,-4.792294444444445,-86.2613
prev_day_high_break,earnings_blackout,q1_lt_2pct,2,0.5,-6.748200000000001,-13.496400000000001
prev_day_high_break,earnings_blackout,q4_ge_10pct,18,0.2777777777777778,-11.883644444444444,-213.9056
prev_day_high_break,fixed_4r_2r,q1_lt_2pct,2,0.5,4.79015,9.5803
prev_day_high_break,fixed_4r_2r,q4_ge_10pct,18,0.2777777777777778,-2.067111111111111,-37.208
prev_day_high_break,hybrid_50pct_target,q1_lt_2pct,2,0.5,4.028549999999999,8.057099999999998
prev_day_high_break,hybrid_50pct_target,q4_ge_10pct,18,0.3888888888888889,-52.960905555555556,-953.2963
prev_day_high_break,ma_exit_ema9,q1_lt_2pct,2,0.0,-2.35465,-4.7093
prev_day_high_break,ma_exit_ema9,q4_ge_10pct,18,0.2777777777777778,-0.6516666666666666,-11.729999999999999
prev_day_high_break,mfe_lockin_trail,q1_lt_2pct,2,0.0,-4.342499999999999,-8.684999999999999
prev_day_high_break,mfe_lockin_trail,q4_ge_10pct,18,0.2222222222222222,-1.1895222222222221,-21.4114
prev_day_high_break,multi_tier_partial,q1_lt_2pct,2,0.0,-4.342499999999999,-8.684999999999999
prev_day_high_break,multi_tier_partial,q4_ge_10pct,18,0.4444444444444444,-0.8882888888888889,-15.9892
prev_day_high_break,next_pivot_target,q1_lt_2pct,2,0.5,2.54425,5.0885
prev_day_high_break,next_pivot_target,q4_ge_10pct,18,0.5,-1.6201555555555558,-29.162800000000004
prev_day_high_break,r_multiple_2r,q1_lt_2pct,2,0.0,-4.342499999999999,-8.684999999999999
prev_day_high_break,r_multiple_2r,q4_ge_10pct,18,0.3333333333333333,-0.8994055555555556,-16.1893
prev_day_high_break,r_multiple_3r,q1_lt_2pct,2,0.0,-4.342499999999999,-8.684999999999999
prev_day_high_break,r_multiple_3r,q4_ge_10pct,18,0.2222222222222222,-1.5560222222222224,-28.0084
prev_day_high_break,regime_flip,q1_lt_2pct,2,0.5,-6.7003,-13.4006
prev_day_high_break,regime_flip,q4_ge_10pct,18,0.4444444444444444,-9.465855555555557,-170.3854
prev_day_high_break,reverse_signal,q1_lt_2pct,2,0.0,-4.342499999999999,-8.684999999999999
prev_day_high_break,reverse_signal,q4_ge_10pct,18,0.2222222222222222,-0.877461111111111,-15.794299999999998
prev_day_high_break,smc_mitigation_zone,q1_lt_2pct,2,0.0,-4.342499999999999,-8.684999999999999
prev_day_high_break,smc_mitigation_zone,q4_ge_10pct,18,0.2222222222222222,-0.877461111111111,-15.794299999999998
prev_day_high_break,time_stop_10d,q1_lt_2pct,2,0.5,-4.44355,-8.8871
prev_day_high_break,time_stop_10d,q4_ge_10pct,18,0.4444444444444444,-4.937888888888889,-88.882
prev_day_high_break,time_stop_20d,q1_lt_2pct,2,0.5,-6.7003,-13.4006
prev_day_high_break,time_stop_20d,q4_ge_10pct,18,0.4444444444444444,-9.465855555555557,-170.3854
prev_day_high_break,trailing_10pct,q1_lt_2pct,2,0.5,6.0550999999999995,12.110199999999999
prev_day_high_break,trailing_10pct,q4_ge_10pct,18,0.3888888888888889,-3.9389944444444445,-70.9019
prev_day_high_break,trailing_15pct,q1_lt_2pct,2,0.5,0.4128999999999996,0.8257999999999992
prev_day_high_break,trailing_15pct,q4_ge_10pct,18,0.1111111111111111,-8.606388888888889,-154.915
prev_day_high_break,trailing_5pct,q1_lt_2pct,2,0.0,-5.0,-10.0
prev_day_high_break,trailing_5pct,q4_ge_10pct,18,0.2777777777777778,-1.4131666666666665,-25.436999999999998
prev_day_low_bounce,atr_trail_1x,q1_lt_2pct,1,0.0,-3.1611,-3.1611
prev_day_low_bounce,atr_trail_1x,q4_ge_10pct,11,0.18181818181818182,-1.247618181818182,-13.7238
prev_day_low_bounce,atr_trail_2x,q1_lt_2pct,1,0.0,-6.3223,-6.3223
prev_day_low_bounce,atr_trail_2x,q4_ge_10pct,11,0.5454545454545454,1.7809636363636365,19.590600000000002
prev_day_low_bounce,atr_trail_mae_conditional,q1_lt_2pct,1,0.0,-3.1611,-3.1611
prev_day_low_bounce,atr_trail_mae_conditional,q4_ge_10pct,11,0.18181818181818182,-1.247618181818182,-13.7238
prev_day_low_bounce,atr_trail_vix_conditional,q1_lt_2pct,1,0.0,-2.3709,-2.3709
prev_day_low_bounce,atr_trail_vix_conditional,q4_ge_10pct,11,0.36363636363636365,0.36979090909090906,4.067699999999999
prev_day_low_bounce,break_even_at_1r,q1_lt_2pct,1,0.0,-3.1611,-3.1611
prev_day_low_bounce,break_even_at_1r,q4_ge_10pct,11,0.09090909090909091,-0.1831909090909092,-2.0151000000000012
prev_day_low_bounce,breakeven_plus_trail,q1_lt_2pct,1,0.0,-6.3223,-6.3223
prev_day_low_bounce,breakeven_plus_trail,q4_ge_10pct,11,0.36363636363636365,0.1290363636363634,1.4193999999999973
prev_day_low_bounce,chandelier_3x,q1_lt_2pct,1,0.0,-6.0754,-6.0754
prev_day_low_bounce,chandelier_3x,q4_ge_10pct,11,0.36363636363636365,0.2076090909090908,2.2836999999999987
prev_day_low_bounce,class_time_stop,q1_lt_2pct,1,0.0,-14.4426,-14.4426
prev_day_low_bounce,class_time_stop,q4_ge_10pct,11,0.2727272727272727,0.3282454545454545,3.6106999999999996
prev_day_low_bounce,earnings_blackout,q1_lt_2pct,1,0.0,-30.4101,-30.4101
prev_day_low_bounce,earnings_blackout,q4_ge_10pct,11,0.5454545454545454,5.463090909090909,60.09400000000001
prev_day_low_bounce,fixed_4r_2r,q1_lt_2pct,1,0.0,-6.3223,-6.3223
prev_day_low_bounce,fixed_4r_2r,q4_ge_10pct,11,0.5454545454545454,5.2567272727272725,57.824
prev_day_low_bounce,hybrid_50pct_target,q1_lt_2pct,1,0.0,-10.0,-10.0
prev_day_low_bounce,hybrid_50pct_target,q4_ge_10pct,11,0.5454545454545454,2.3375909090909093,25.7135
prev_day_low_bounce,ma_exit_ema9,q1_lt_2pct,1,0.0,-3.1761,-3.1761
prev_day_low_bounce,ma_exit_ema9,q4_ge_10pct,11,0.18181818181818182,0.5094636363636362,5.604099999999998
prev_day_low_bounce,mfe_lockin_trail,q1_lt_2pct,1,0.0,-3.1611,-3.1611
prev_day_low_bounce,mfe_lockin_trail,q4_ge_10pct,11,0.18181818181818182,-1.1284636363636364,-12.4131
prev_day_low_bounce,multi_tier_partial,q1_lt_2pct,1,0.0,-3.1611,-3.1611
prev_day_low_bounce,multi_tier_partial,q4_ge_10pct,11,0.18181818181818182,-1.1301727272727273,-12.4319
prev_day_low_bounce,next_pivot_target,q1_lt_2pct,1,0.0,-10.0,-10.0
prev_day_low_bounce,next_pivot_target,q4_ge_10pct,11,0.8181818181818182,-0.1556727272727273,-1.7124000000000004
prev_day_low_bounce,r_multiple_2r,q1_lt_2pct,1,0.0,-3.1611,-3.1611
prev_day_low_bounce,r_multiple_2r,q4_ge_10pct,11,0.36363636363636365,0.32359090909090915,3.5595000000000008
prev_day_low_bounce,r_multiple_3r,q1_lt_2pct,1,0.0,-3.1611,-3.1611
prev_day_low_bounce,r_multiple_3r,q4_ge_10pct,11,0.2727272727272727,-0.2033818181818183,-2.2372000000000014
prev_day_low_bounce,regime_flip,q1_lt_2pct,1,0.0,-20.0292,-20.0292
prev_day_low_bounce,regime_flip,q4_ge_10pct,11,0.7272727272727273,3.6002000000000005,39.6022
prev_day_low_bounce,reverse_signal,q1_lt_2pct,1,0.0,-3.1611,-3.1611
prev_day_low_bounce,reverse_signal,q4_ge_10pct,11,0.18181818181818182,-1.247618181818182,-13.7238
prev_day_low_bounce,smc_mitigation_zone,q1_lt_2pct,1,0.0,-3.1611,-3.1611
prev_day_low_bounce,smc_mitigation_zone,q4_ge_10pct,11,0.18181818181818182,-1.247618181818182,-13.7238
prev_day_low_bounce,time_stop_10d,q1_lt_2pct,1,0.0,-22.6062,-22.6062
prev_day_low_bounce,time_stop_10d,q4_ge_10pct,11,0.5454545454545454,0.5319727272727274,5.851700000000001
prev_day_low_bounce,time_stop_20d,q1_lt_2pct,1,0.0,-20.0292,-20.0292
prev_day_low_bounce,time_stop_20d,q4_ge_10pct,11,0.7272727272727273,3.6002000000000005,39.6022
prev_day_low_bounce,trailing_10pct,q1_lt_2pct,1,0.0,-10.0,-10.0
prev_day_low_bounce,trailing_10pct,q4_ge_10pct,11,0.5454545454545454,2.4606363636363637,27.067
prev_day_low_bounce,trailing_15pct,q1_lt_2pct,1,0.0,-15.0685,-15.0685
prev_day_low_bounce,trailing_15pct,q4_ge_10pct,11,0.36363636363636365,-0.37713636363636416,-4.148500000000006
prev_day_low_bounce,trailing_5pct,q1_lt_2pct,1,0.0,-5.0,-5.0
prev_day_low_bounce,trailing_5pct,q4_ge_10pct,11,0.2727272727272727,-0.7132818181818182,-7.846100000000001
r1_break_retest,atr_trail_1x,q1_lt_2pct,1,0.0,-3.6755,-3.6755
r1_break_retest,atr_trail_1x,q4_ge_10pct,23,0.34782608695652173,-0.15632608695652173,-3.5954999999999995
r1_break_retest,atr_trail_2x,q1_lt_2pct,1,0.0,-7.351,-7.351
r1_break_retest,atr_trail_2x,q4_ge_10pct,23,0.34782608695652173,-2.5667608695652175,-59.0355
r1_break_retest,atr_trail_mae_conditional,q1_lt_2pct,1,0.0,-3.6755,-3.6755
r1_break_retest,atr_trail_mae_conditional,q4_ge_10pct,23,0.34782608695652173,-0.15632608695652173,-3.5954999999999995
r1_break_retest,atr_trail_vix_conditional,q1_lt_2pct,1,0.0,-3.6755,-3.6755
r1_break_retest,atr_trail_vix_conditional,q4_ge_10pct,23,0.2608695652173913,-1.403582608695652,-32.282399999999996
r1_break_retest,break_even_at_1r,q1_lt_2pct,1,0.0,-3.6755,-3.6755
r1_break_retest,break_even_at_1r,q4_ge_10pct,23,0.13043478260869565,-1.9946086956521738,-45.876
r1_break_retest,breakeven_plus_trail,q1_lt_2pct,1,0.0,-7.351,-7.351
r1_break_retest,breakeven_plus_trail,q4_ge_10pct,23,0.17391304347826086,-1.7162956521739132,-39.4748
r1_break_retest,chandelier_3x,q1_lt_2pct,1,0.0,-9.7541,-9.7541
r1_break_retest,chandelier_3x,q4_ge_10pct,23,0.21739130434782608,-3.6728,-84.4744
r1_break_retest,class_time_stop,q1_lt_2pct,1,0.0,-7.5875,-7.5875
r1_break_retest,class_time_stop,q4_ge_10pct,23,0.4782608695652174,0.7007695652173914,16.117700000000003
r1_break_retest,earnings_blackout,q1_lt_2pct,1,0.0,-20.4867,-20.4867
r1_break_retest,earnings_blackout,q4_ge_10pct,23,0.43478260869565216,-7.33071304347826,-168.60639999999998
r1_break_retest,fixed_4r_2r,q1_lt_2pct,1,0.0,-7.351,-7.351
r1_break_retest,fixed_4r_2r,q4_ge_10pct,23,0.13043478260869565,-5.148386956521739,-118.4129
r1_break_retest,hybrid_50pct_target,q1_lt_2pct,1,0.0,-10.0,-10.0
r1_break_retest,hybrid_50pct_target,q4_ge_10pct,23,0.2608695652173913,-5.320826086956522,-122.379
r1_break_retest,ma_exit_ema9,q1_lt_2pct,1,0.0,-5.4889,-5.4889
r1_break_retest,ma_exit_ema9,q4_ge_10pct,23,0.391304347826087,-0.005695652173912966,-0.13099999999999823
r1_break_retest,mfe_lockin_trail,q1_lt_2pct,1,0.0,-3.6755,-3.6755
r1_break_retest,mfe_lockin_trail,q4_ge_10pct,23,0.34782608695652173,-0.06463913043478266,-1.486700000000001
r1_break_retest,multi_tier_partial,q1_lt_2pct,1,0.0,-3.6755,-3.6755
r1_break_retest,multi_tier_partial,q4_ge_10pct,23,0.6521739130434783,0.2672782608695652,6.147399999999999
r1_break_retest,next_pivot_target,q1_lt_2pct,1,0.0,-7.351,-7.351
r1_break_retest,next_pivot_target,q4_ge_10pct,23,0.5652173913043478,-2.0229260869565215,-46.5273
r1_break_retest,r_multiple_2r,q1_lt_2pct,1,0.0,-3.6755,-3.6755
r1_break_retest,r_multiple_2r,q4_ge_10pct,23,0.43478260869565216,-0.12019999999999999,-2.7645999999999997
r1_break_retest,r_multiple_3r,q1_lt_2pct,1,0.0,-3.6755,-3.6755
r1_break_retest,r_multiple_3r,q4_ge_10pct,23,0.21739130434782608,-1.7077130434782608,-39.2774
r1_break_retest,regime_flip,q1_lt_2pct,1,0.0,-22.643,-22.643
r1_break_retest,regime_flip,q4_ge_10pct,23,0.34782608695652173,-4.329865217391304,-99.5869
r1_break_retest,reverse_signal,q1_lt_2pct,1,0.0,-3.6755,-3.6755
r1_break_retest,reverse_signal,q4_ge_10pct,23,0.34782608695652173,-0.15632608695652173,-3.5954999999999995
r1_break_retest,smc_mitigation_zone,q1_lt_2pct,1,0.0,-3.6755,-3.6755
r1_break_retest,smc_mitigation_zone,q4_ge_10pct,23,0.34782608695652173,-0.15632608695652173,-3.5954999999999995
r1_break_retest,time_stop_10d,q1_lt_2pct,1,0.0,-2.2545,-2.2545
r1_break_retest,time_stop_10d,q4_ge_10pct,23,0.4782608695652174,-1.9662434782608695,-45.2236
r1_break_retest,time_stop_20d,q1_lt_2pct,1,0.0,-22.643,-22.643
r1_break_retest,time_stop_20d,q4_ge_10pct,23,0.34782608695652173,-4.329865217391304,-99.5869
r1_break_retest,trailing_10pct,q1_lt_2pct,1,0.0,-10.0,-10.0
r1_break_retest,trailing_10pct,q4_ge_10pct,23,0.17391304347826086,-5.051704347826087,-116.1892
r1_break_retest,trailing_15pct,q1_lt_2pct,1,0.0,-15.0,-15.0
r1_break_retest,trailing_15pct,q4_ge_10pct,23,0.21739130434782608,-5.346152173913043,-122.9615
r1_break_retest,trailing_5pct,q1_lt_2pct,1,0.0,-5.0,-5.0
r1_break_retest,trailing_5pct,q4_ge_10pct,23,0.2608695652173913,-2.2356347826086957,-51.4196
risk_off_bond_equity_short,atr_trail_1x,q4_ge_10pct,33,0.18181818181818182,-1.5992696969696971,-52.77590000000001
risk_off_bond_equity_short,atr_trail_2x,q4_ge_10pct,33,0.24242424242424243,-2.9679787878787875,-97.9433
risk_off_bond_equity_short,atr_trail_mae_conditional,q4_ge_10pct,33,0.18181818181818182,-1.5992696969696971,-52.77590000000001
risk_off_bond_equity_short,atr_trail_vix_conditional,q4_ge_10pct,33,0.24242424242424243,-1.4792121212121214,-48.81400000000001
risk_off_bond_equity_short,break_even_at_1r,q4_ge_10pct,33,0.09090909090909091,-1.7478272727272728,-57.6783
risk_off_bond_equity_short,breakeven_plus_trail,q4_ge_10pct,33,0.30303030303030304,2.0823363636363634,68.71709999999999
risk_off_bond_equity_short,chandelier_3x,q4_ge_10pct,33,0.09090909090909091,-1.3094515151515151,-43.2119
risk_off_bond_equity_short,class_time_stop,q4_ge_10pct,33,0.5151515151515151,-7.114175757575757,-234.7678
risk_off_bond_equity_short,earnings_blackout,q4_ge_10pct,33,0.3939393939393939,-14.247515151515152,-470.168
risk_off_bond_equity_short,fixed_4r_2r,q4_ge_10pct,33,0.30303030303030304,0.9669757575757579,31.91020000000001
risk_off_bond_equity_short,hybrid_50pct_target,q4_ge_10pct,33,0.8181818181818182,-37.89584545454545,-1250.5629
risk_off_bond_equity_short,ma_exit_ema9,q4_ge_10pct,33,0.2727272727272727,-0.49082727272727267,-16.1973
risk_off_bond_equity_short,mfe_lockin_trail,q4_ge_10pct,33,0.18181818181818182,-1.6832242424242425,-55.546400000000006
risk_off_bond_equity_short,multi_tier_partial,q4_ge_10pct,33,0.3333333333333333,-1.2861848484848486,-42.444100000000006
risk_off_bond_equity_short,next_pivot_target,q4_ge_10pct,33,0.7272727272727273,0.18837575757575759,6.2164
risk_off_bond_equity_short,r_multiple_2r,q4_ge_10pct,33,0.36363636363636365,0.9929727272727273,32.768100000000004
risk_off_bond_equity_short,r_multiple_3r,q4_ge_10pct,33,0.21212121212121213,-0.24153636363636374,-7.9707000000000034
risk_off_bond_equity_short,regime_flip,q4_ge_10pct,33,0.42424242424242425,-0.26330303030303054,-8.689000000000007
risk_off_bond_equity_short,reverse_signal,q4_ge_10pct,33,0.18181818181818182,-1.5992696969696971,-52.77590000000001
risk_off_bond_equity_short,smc_mitigation_zone,q4_ge_10pct,33,0.18181818181818182,-1.5992696969696971,-52.77590000000001
risk_off_bond_equity_short,time_stop_10d,q4_ge_10pct,33,0.42424242424242425,0.021709090909090914,0.7164000000000001
risk_off_bond_equity_short,time_stop_20d,q4_ge_10pct,33,0.42424242424242425,-0.26330303030303054,-8.689000000000007
risk_off_bond_equity_short,trailing_10pct,q4_ge_10pct,33,0.24242424242424243,-2.909060606060606,-95.999
risk_off_bond_equity_short,trailing_15pct,q4_ge_10pct,33,0.30303030303030304,-1.3867363636363637,-45.7623
risk_off_bond_equity_short,trailing_5pct,q4_ge_10pct,33,0.09090909090909091,-2.122424242424242,-70.03999999999999
roc_burst,atr_trail_1x,q1_lt_2pct,1,0.0,-6.4005,-6.4005
roc_burst,atr_trail_1x,q4_ge_10pct,14,0.14285714285714285,-4.459928571428572,-62.439
roc_burst,atr_trail_2x,q1_lt_2pct,1,0.0,-12.801,-12.801
roc_burst,atr_trail_2x,q4_ge_10pct,14,0.21428571428571427,-6.733092857142857,-94.2633
roc_burst,atr_trail_mae_conditional,q1_lt_2pct,1,0.0,-6.4005,-6.4005
roc_burst,atr_trail_mae_conditional,q4_ge_10pct,14,0.14285714285714285,-4.459928571428572,-62.439
roc_burst,atr_trail_vix_conditional,q1_lt_2pct,1,0.0,-6.4005,-6.4005
roc_burst,atr_trail_vix_conditional,q4_ge_10pct,14,0.07142857142857142,-5.349007142857142,-74.8861
roc_burst,break_even_at_1r,q1_lt_2pct,1,0.0,-6.4005,-6.4005
roc_burst,break_even_at_1r,q4_ge_10pct,14,0.0,-5.070021428571429,-70.9803
roc_burst,breakeven_plus_trail,q1_lt_2pct,1,0.0,-12.801,-12.801
roc_burst,breakeven_plus_trail,q4_ge_10pct,14,0.35714285714285715,85.21480714285714,1193.0073
roc_burst,chandelier_3x,q1_lt_2pct,1,0.0,-17.0241,-17.0241
roc_burst,chandelier_3x,q4_ge_10pct,14,0.14285714285714285,-3.850028571428571,-53.9004
roc_burst,class_time_stop,q1_lt_2pct,1,0.0,-6.8348,-6.8348
roc_burst,class_time_stop,q4_ge_10pct,14,0.7142857142857143,0.6457642857142857,9.0407
roc_burst,earnings_blackout,q1_lt_2pct,1,0.0,-80.0168,-80.0168
roc_burst,earnings_blackout,q4_ge_10pct,14,0.35714285714285715,49.385650000000005,691.3991000000001
roc_burst,fixed_4r_2r,q1_lt_2pct,1,0.0,-12.801,-12.801
roc_burst,fixed_4r_2r,q4_ge_10pct,14,0.35714285714285715,-3.161464285714285,-44.26049999999999
roc_burst,hybrid_50pct_target,q1_lt_2pct,1,0.0,-10.0,-10.0
roc_burst,hybrid_50pct_target,q4_ge_10pct,14,0.42857142857142855,-0.06095714285714264,-0.8533999999999969
roc_burst,ma_exit_ema9,q1_lt_2pct,1,0.0,-6.5716,-6.5716
roc_burst,ma_exit_ema9,q4_ge_10pct,14,0.0,-4.18275,-58.5585
roc_burst,mfe_lockin_trail,q1_lt_2pct,1,0.0,-6.4005,-6.4005
roc_burst,mfe_lockin_trail,q4_ge_10pct,14,0.14285714285714285,-4.459928571428572,-62.439
roc_burst,multi_tier_partial,q1_lt_2pct,1,0.0,-6.4005,-6.4005
roc_burst,multi_tier_partial,q4_ge_10pct,14,0.2857142857142857,-3.9226928571428568,-54.917699999999996
roc_burst,next_pivot_target,q1_lt_2pct,1,0.0,-12.801,-12.801
roc_burst,next_pivot_target,q4_ge_10pct,14,0.5714285714285714,-3.0142571428571427,-42.1996
roc_burst,r_multiple_2r,q1_lt_2pct,1,0.0,-6.4005,-6.4005
roc_burst,r_multiple_2r,q4_ge_10pct,14,0.21428571428571427,-3.7655071428571425,-52.717099999999995
roc_burst,r_multiple_3r,q1_lt_2pct,1,0.0,-6.4005,-6.4005
roc_burst,r_multiple_3r,q4_ge_10pct,14,0.21428571428571427,-3.2427857142857137,-45.398999999999994
roc_burst,regime_flip,q1_lt_2pct,1,0.0,-21.3096,-21.3096
roc_burst,regime_flip,q4_ge_10pct,14,0.42857142857142855,-1.200378571428571,-16.805299999999995
roc_burst,reverse_signal,q1_lt_2pct,1,0.0,-6.4005,-6.4005
roc_burst,reverse_signal,q4_ge_10pct,14,0.14285714285714285,-4.459928571428572,-62.439
roc_burst,smc_mitigation_zone,q1_lt_2pct,1,0.0,-6.4005,-6.4005
roc_burst,smc_mitigation_zone,q4_ge_10pct,14,0.14285714285714285,-4.459928571428572,-62.439
roc_burst,time_stop_10d,q1_lt_2pct,1,0.0,-23.415,-23.415
roc_burst,time_stop_10d,q4_ge_10pct,14,0.2857142857142857,-5.024292857142856,-70.34009999999999
roc_burst,time_stop_20d,q1_lt_2pct,1,0.0,-21.3096,-21.3096
roc_burst,time_stop_20d,q4_ge_10pct,14,0.42857142857142855,-1.200378571428571,-16.805299999999995
roc_burst,trailing_10pct,q1_lt_2pct,1,0.0,-10.0,-10.0
roc_burst,trailing_10pct,q4_ge_10pct,14,0.21428571428571427,-4.609207142857143,-64.5289
roc_burst,trailing_15pct,q1_lt_2pct,1,0.0,-15.0,-15.0
roc_burst,trailing_15pct,q4_ge_10pct,14,0.21428571428571427,-1.100449999999999,-15.406299999999987
roc_burst,trailing_5pct,q1_lt_2pct,1,0.0,-5.0,-5.0
roc_burst,trailing_5pct,q4_ge_10pct,14,0.07142857142857142,-3.514935714285714,-49.2091
squeeze_breakout,atr_trail_1x,q1_lt_2pct,1,0.0,-4.5924,-4.5924
squeeze_breakout,atr_trail_1x,q4_ge_10pct,35,0.17142857142857143,-3.1137685714285714,-108.9819
squeeze_breakout,atr_trail_2x,q1_lt_2pct,1,1.0,37.1675,37.1675
squeeze_breakout,atr_trail_2x,q4_ge_10pct,35,0.37142857142857144,-2.211834285714286,-77.41420000000001
squeeze_breakout,atr_trail_mae_conditional,q1_lt_2pct,1,0.0,-4.5924,-4.5924
squeeze_breakout,atr_trail_mae_conditional,q4_ge_10pct,35,0.17142857142857143,-3.1137685714285714,-108.9819
squeeze_breakout,atr_trail_vix_conditional,q1_lt_2pct,1,1.0,14.7372,14.7372
squeeze_breakout,atr_trail_vix_conditional,q4_ge_10pct,35,0.2571428571428571,-2.2637942857142854,-79.2328
squeeze_breakout,break_even_at_1r,q1_lt_2pct,1,0.0,-4.5924,-4.5924
squeeze_breakout,break_even_at_1r,q4_ge_10pct,35,0.02857142857142857,-3.158862857142857,-110.5602
squeeze_breakout,breakeven_plus_trail,q1_lt_2pct,1,1.0,52.1519,52.1519
squeeze_breakout,breakeven_plus_trail,q4_ge_10pct,35,0.45714285714285713,3.68072,128.8252
squeeze_breakout,chandelier_3x,q1_lt_2pct,1,0.0,-2.1023,-2.1023
squeeze_breakout,chandelier_3x,q4_ge_10pct,35,0.08571428571428572,-2.9877457142857144,-104.5711
squeeze_breakout,class_time_stop,q1_lt_2pct,1,1.0,17.3684,17.3684
squeeze_breakout,class_time_stop,q4_ge_10pct,35,0.6,1.4553514285714284,50.93729999999999
squeeze_breakout,earnings_blackout,q1_lt_2pct,1,1.0,2.7123,2.7123
squeeze_breakout,earnings_blackout,q4_ge_10pct,35,0.6,8.308282857142856,290.7899
squeeze_breakout,fixed_4r_2r,q1_lt_2pct,1,1.0,18.3696,18.3696
squeeze_breakout,fixed_4r_2r,q4_ge_10pct,35,0.42857142857142855,1.43346,50.171099999999996
squeeze_breakout,hybrid_50pct_target,q1_lt_2pct,1,1.0,23.0373,23.0373
squeeze_breakout,hybrid_50pct_target,q4_ge_10pct,35,0.4857142857142857,1.1879971428571428,41.579899999999995
squeeze_breakout,ma_exit_ema9,q1_lt_2pct,1,0.0,-3.9604,-3.9604
squeeze_breakout,ma_exit_ema9,q4_ge_10pct,35,0.2857142857142857,-1.7009485714285715,-59.5332
squeeze_breakout,mfe_lockin_trail,q1_lt_2pct,1,0.0,-4.5924,-4.5924
squeeze_breakout,mfe_lockin_trail,q4_ge_10pct,35,0.17142857142857143,-3.059822857142857,-107.0938
squeeze_breakout,multi_tier_partial,q1_lt_2pct,1,0.0,-4.5924,-4.5924
squeeze_breakout,multi_tier_partial,q4_ge_10pct,35,0.45714285714285713,-2.0410514285714285,-71.43679999999999
squeeze_breakout,next_pivot_target,q1_lt_2pct,1,1.0,1.0742,1.0742
squeeze_breakout,next_pivot_target,q4_ge_10pct,35,0.6857142857142857,0.9539971428571428,33.3899
squeeze_breakout,r_multiple_2r,q1_lt_2pct,1,0.0,-4.5924,-4.5924
squeeze_breakout,r_multiple_2r,q4_ge_10pct,35,0.22857142857142856,-2.2529914285714283,-78.8547
squeeze_breakout,r_multiple_3r,q1_lt_2pct,1,0.0,-4.5924,-4.5924
squeeze_breakout,r_multiple_3r,q4_ge_10pct,35,0.14285714285714285,-2.818145714285714,-98.6351
squeeze_breakout,regime_flip,q1_lt_2pct,1,1.0,9.669,9.669
squeeze_breakout,regime_flip,q4_ge_10pct,35,0.5142857142857142,-0.8188114285714282,-28.658399999999986
squeeze_breakout,reverse_signal,q1_lt_2pct,1,0.0,-4.5924,-4.5924
squeeze_breakout,reverse_signal,q4_ge_10pct,35,0.17142857142857143,-3.1137685714285714,-108.9819
squeeze_breakout,smc_mitigation_zone,q1_lt_2pct,1,0.0,-4.5924,-4.5924
squeeze_breakout,smc_mitigation_zone,q4_ge_10pct,35,0.17142857142857143,-3.1137685714285714,-108.9819
squeeze_breakout,time_stop_10d,q1_lt_2pct,1,1.0,0.9104,0.9104
squeeze_breakout,time_stop_10d,q4_ge_10pct,35,0.42857142857142855,-1.9085657142857144,-66.7998
squeeze_breakout,time_stop_20d,q1_lt_2pct,1,1.0,9.669,9.669
squeeze_breakout,time_stop_20d,q4_ge_10pct,35,0.5142857142857142,-0.8188114285714282,-28.658399999999986
squeeze_breakout,trailing_10pct,q1_lt_2pct,1,1.0,32.2974,32.2974
squeeze_breakout,trailing_10pct,q4_ge_10pct,35,0.2571428571428571,-2.3051399999999997,-80.67989999999999
squeeze_breakout,trailing_15pct,q1_lt_2pct,1,1.0,81.6605,81.6605
squeeze_breakout,trailing_15pct,q4_ge_10pct,35,0.4857142857142857,-1.1849657142857142,-41.4738
squeeze_breakout,trailing_5pct,q1_lt_2pct,1,0.0,-5.0,-5.0
squeeze_breakout,trailing_5pct,q4_ge_10pct,35,0.22857142857142856,-2.0773514285714287,-72.7073
stoch_oversold,atr_trail_1x,q4_ge_10pct,5,0.6,1.5128,7.564
stoch_oversold,atr_trail_2x,q4_ge_10pct,5,0.6,1.7832599999999998,8.9163
stoch_oversold,atr_trail_mae_conditional,q4_ge_10pct,5,0.6,1.5128,7.564
stoch_oversold,atr_trail_vix_conditional,q4_ge_10pct,5,0.6,1.8336399999999997,9.168199999999999
stoch_oversold,break_even_at_1r,q4_ge_10pct,5,0.4,0.56066,2.8033
stoch_oversold,breakeven_plus_trail,q4_ge_10pct,5,0.6,7.50018,37.5009
stoch_oversold,chandelier_3x,q4_ge_10pct,5,0.0,-0.5466200000000001,-2.7331000000000003
stoch_oversold,class_time_stop,q4_ge_10pct,5,0.6,6.81112,34.0556
stoch_oversold,earnings_blackout,q4_ge_10pct,5,0.8,6.419880000000001,32.0994
stoch_oversold,fixed_4r_2r,q4_ge_10pct,5,0.6,15.838760000000002,79.19380000000001
stoch_oversold,hybrid_50pct_target,q4_ge_10pct,5,1.0,9.28946,46.4473
stoch_oversold,ma_exit_ema9,q4_ge_10pct,5,0.6,5.42654,27.1327
stoch_oversold,mfe_lockin_trail,q4_ge_10pct,5,0.6,2.07252,10.3626
stoch_oversold,multi_tier_partial,q4_ge_10pct,5,0.6,2.79424,13.9712
stoch_oversold,next_pivot_target,q4_ge_10pct,5,0.6,10.3997,51.9985
stoch_oversold,r_multiple_2r,q4_ge_10pct,5,0.6,7.950419999999999,39.7521
stoch_oversold,r_multiple_3r,q4_ge_10pct,5,0.6,12.34072,61.703599999999994
stoch_oversold,regime_flip,q4_ge_10pct,5,0.8,9.2761,46.3805
stoch_oversold,reverse_signal,q4_ge_10pct,5,0.6,1.5128,7.564
stoch_oversold,smc_mitigation_zone,q4_ge_10pct,5,0.6,1.5128,7.564
stoch_oversold,time_stop_10d,q4_ge_10pct,5,0.6,8.69778,43.4889
stoch_oversold,time_stop_20d,q4_ge_10pct,5,0.8,9.2761,46.3805
stoch_oversold,trailing_10pct,q4_ge_10pct,5,0.8,2.01444,10.0722
stoch_oversold,trailing_15pct,q4_ge_10pct,5,0.8,0.1827,0.9135
stoch_oversold,trailing_5pct,q4_ge_10pct,5,0.4,-0.43797999999999976,-2.189899999999999
stochrsi_overbought_short,atr_trail_1x,q1_lt_2pct,3,0.0,-5.1565,-15.4695
stochrsi_overbought_short,atr_trail_1x,q3_5_10pct,2,0.0,-3.0698,-6.1396
stochrsi_overbought_short,atr_trail_1x,q4_ge_10pct,75,0.3466666666666667,-0.08651999999999999,-6.488999999999999
stochrsi_overbought_short,atr_trail_2x,q1_lt_2pct,3,0.0,-6.421133333333333,-19.263399999999997
stochrsi_overbought_short,atr_trail_2x,q3_5_10pct,2,0.0,-6.1396,-12.2792
stochrsi_overbought_short,atr_trail_2x,q4_ge_10pct,75,0.44,1.7332600000000002,129.99450000000002
stochrsi_overbought_short,atr_trail_mae_conditional,q1_lt_2pct,3,0.0,-5.1565,-15.4695
stochrsi_overbought_short,atr_trail_mae_conditional,q3_5_10pct,2,0.0,-3.0698,-6.1396
stochrsi_overbought_short,atr_trail_mae_conditional,q4_ge_10pct,75,0.3466666666666667,-0.08651999999999999,-6.488999999999999
stochrsi_overbought_short,atr_trail_vix_conditional,q1_lt_2pct,3,0.0,-4.453166666666667,-13.3595
stochrsi_overbought_short,atr_trail_vix_conditional,q3_5_10pct,2,0.0,-3.2257,-6.4514
stochrsi_overbought_short,atr_trail_vix_conditional,q4_ge_10pct,75,0.28,0.3282759999999999,24.620699999999992
stochrsi_overbought_short,break_even_at_1r,q1_lt_2pct,3,0.0,-5.1565,-15.4695
stochrsi_overbought_short,break_even_at_1r,q3_5_10pct,2,0.0,-3.0698,-6.1396
stochrsi_overbought_short,break_even_at_1r,q4_ge_10pct,75,0.18666666666666668,1.1961306666666665,89.70979999999999
stochrsi_overbought_short,breakeven_plus_trail,q1_lt_2pct,3,0.3333333333333333,-3.5422999999999996,-10.6269
stochrsi_overbought_short,breakeven_plus_trail,q3_5_10pct,2,0.0,-6.1396,-12.2792
stochrsi_overbought_short,breakeven_plus_trail,q4_ge_10pct,75,0.4533333333333333,6.520561333333333,489.0421
stochrsi_overbought_short,chandelier_3x,q1_lt_2pct,3,0.0,-0.2655666666666667,-0.7967
stochrsi_overbought_short,chandelier_3x,q3_5_10pct,2,0.0,-0.15935,-0.3187
stochrsi_overbought_short,chandelier_3x,q4_ge_10pct,75,0.08,0.659592,49.4694
stochrsi_overbought_short,class_time_stop,q1_lt_2pct,3,0.6666666666666666,4.448033333333334,13.344100000000001
stochrsi_overbought_short,class_time_stop,q3_5_10pct,2,0.0,-11.8627,-23.7254
stochrsi_overbought_short,class_time_stop,q4_ge_10pct,75,0.6533333333333333,4.15888,311.916
stochrsi_overbought_short,earnings_blackout,q1_lt_2pct,3,0.0,-28.074866666666665,-84.2246
stochrsi_overbought_short,earnings_blackout,q3_5_10pct,2,0.0,-9.8239,-19.6478
stochrsi_overbought_short,earnings_blackout,q4_ge_10pct,75,0.6133333333333333,-3.5741919999999996,-268.0644
stochrsi_overbought_short,fixed_4r_2r,q1_lt_2pct,3,0.0,-10.312933333333334,-30.9388
stochrsi_overbought_short,fixed_4r_2r,q3_5_10pct,2,0.0,-6.1396,-12.2792
stochrsi_overbought_short,fixed_4r_2r,q4_ge_10pct,75,0.52,4.1046439999999995,307.8483
stochrsi_overbought_short,hybrid_50pct_target,q1_lt_2pct,3,0.6666666666666666,5.897833333333334,17.6935
stochrsi_overbought_short,hybrid_50pct_target,q3_5_10pct,2,1.0,7.09535,14.1907
stochrsi_overbought_short,hybrid_50pct_target,q4_ge_10pct,75,0.8933333333333333,-9.389857333333334,-704.2393
stochrsi_overbought_short,ma_exit_ema9,q1_lt_2pct,3,0.0,-4.608333333333333,-13.825000000000001
stochrsi_overbought_short,ma_exit_ema9,q3_5_10pct,2,0.0,-1.2417,-2.4834
stochrsi_overbought_short,ma_exit_ema9,q4_ge_10pct,75,0.4533333333333333,0.29903066666666667,22.4273
stochrsi_overbought_short,mfe_lockin_trail,q1_lt_2pct,3,0.0,-5.1565,-15.4695
stochrsi_overbought_short,mfe_lockin_trail,q3_5_10pct,2,0.0,-3.0698,-6.1396
stochrsi_overbought_short,mfe_lockin_trail,q4_ge_10pct,75,0.3466666666666667,-0.24904400000000002,-18.6783
stochrsi_overbought_short,multi_tier_partial,q1_lt_2pct,3,0.0,-5.1565,-15.4695
stochrsi_overbought_short,multi_tier_partial,q3_5_10pct,2,0.0,-3.0698,-6.1396
stochrsi_overbought_short,multi_tier_partial,q4_ge_10pct,75,0.49333333333333335,-0.03426533333333333,-2.5698999999999996
stochrsi_overbought_short,next_pivot_target,q1_lt_2pct,3,0.0,-10.0,-30.0
stochrsi_overbought_short,next_pivot_target,q3_5_10pct,2,0.0,-7.4623,-14.9246
stochrsi_overbought_short,next_pivot_target,q4_ge_10pct,75,0.8533333333333334,1.0189146666666666,76.4186
stochrsi_overbought_short,r_multiple_2r,q1_lt_2pct,3,0.0,-5.1565,-15.4695
stochrsi_overbought_short,r_multiple_2r,q3_5_10pct,2,0.0,-3.0698,-6.1396
stochrsi_overbought_short,r_multiple_2r,q4_ge_10pct,75,0.4266666666666667,1.4438333333333335,108.28750000000001
stochrsi_overbought_short,r_multiple_3r,q1_lt_2pct,3,0.0,-5.1565,-15.4695
stochrsi_overbought_short,r_multiple_3r,q3_5_10pct,2,0.0,-3.0698,-6.1396
stochrsi_overbought_short,r_multiple_3r,q4_ge_10pct,75,0.3466666666666667,1.3469666666666666,101.0225
stochrsi_overbought_short,regime_flip,q1_lt_2pct,3,0.3333333333333333,-2.0769,-6.230700000000001
stochrsi_overbought_short,regime_flip,q3_5_10pct,2,0.0,-12.68285,-25.3657
stochrsi_overbought_short,regime_flip,q4_ge_10pct,75,0.64,3.8171880000000002,286.2891
stochrsi_overbought_short,reverse_signal,q1_lt_2pct,3,0.0,-5.1565,-15.4695
stochrsi_overbought_short,reverse_signal,q3_5_10pct,2,0.0,-3.0698,-6.1396
stochrsi_overbought_short,reverse_signal,q4_ge_10pct,75,0.3466666666666667,-0.08651999999999999,-6.488999999999999
stochrsi_overbought_short,smc_mitigation_zone,q1_lt_2pct,3,0.0,-5.1565,-15.4695
stochrsi_overbought_short,smc_mitigation_zone,q3_5_10pct,2,0.0,-3.0698,-6.1396
stochrsi_overbought_short,smc_mitigation_zone,q4_ge_10pct,75,0.3466666666666667,-0.08651999999999999,-6.488999999999999
stochrsi_overbought_short,time_stop_10d,q1_lt_2pct,3,0.3333333333333333,-3.8675999999999995,-11.602799999999998
stochrsi_overbought_short,time_stop_10d,q3_5_10pct,2,0.0,-6.22625,-12.4525
stochrsi_overbought_short,time_stop_10d,q4_ge_10pct,75,0.64,2.1272253333333335,159.5419
stochrsi_overbought_short,time_stop_20d,q1_lt_2pct,3,0.3333333333333333,-2.0769,-6.230700000000001
stochrsi_overbought_short,time_stop_20d,q3_5_10pct,2,0.0,-12.68285,-25.3657
stochrsi_overbought_short,time_stop_20d,q4_ge_10pct,75,0.64,3.8171880000000002,286.2891
stochrsi_overbought_short,trailing_10pct,q1_lt_2pct,3,0.0,-10.0,-30.0
stochrsi_overbought_short,trailing_10pct,q3_5_10pct,2,0.0,-10.0,-20.0
stochrsi_overbought_short,trailing_10pct,q4_ge_10pct,75,0.4266666666666667,1.1845986666666664,88.84489999999998
stochrsi_overbought_short,trailing_15pct,q1_lt_2pct,3,0.3333333333333333,-4.145,-12.434999999999999
stochrsi_overbought_short,trailing_15pct,q3_5_10pct,2,0.0,-9.663499999999999,-19.326999999999998
stochrsi_overbought_short,trailing_15pct,q4_ge_10pct,75,0.56,3.9473013333333333,296.0476
stochrsi_overbought_short,trailing_5pct,q1_lt_2pct,3,0.0,-5.0,-15.0
stochrsi_overbought_short,trailing_5pct,q3_5_10pct,2,0.0,-5.0,-10.0
stochrsi_overbought_short,trailing_5pct,q4_ge_10pct,75,0.3466666666666667,-0.17737200000000006,-13.302900000000005
stochrsi_oversold,atr_trail_1x,q1_lt_2pct,17,0.058823529411764705,-5.388,-91.596
stochrsi_oversold,atr_trail_1x,q4_ge_10pct,203,0.2413793103448276,-1.1238625615763547,-228.14409999999998
stochrsi_oversold,atr_trail_2x,q1_lt_2pct,17,0.23529411764705882,-2.3133999999999997,-39.327799999999996
stochrsi_oversold,atr_trail_2x,q4_ge_10pct,203,0.3891625615763547,1.325483251231527,269.0731
stochrsi_oversold,atr_trail_mae_conditional,q1_lt_2pct,17,0.058823529411764705,-5.388,-91.596
stochrsi_oversold,atr_trail_mae_conditional,q4_ge_10pct,203,0.2413793103448276,-1.1238625615763547,-228.14409999999998
stochrsi_oversold,atr_trail_vix_conditional,q1_lt_2pct,17,0.11764705882352941,-4.148141176470588,-70.5184
stochrsi_oversold,atr_trail_vix_conditional,q4_ge_10pct,203,0.27586206896551724,-0.7925295566502463,-160.8835
stochrsi_oversold,break_even_at_1r,q1_lt_2pct,17,0.058823529411764705,-5.625847058823529,-95.6394
stochrsi_oversold,break_even_at_1r,q4_ge_10pct,203,0.14285714285714285,-2.0435083743842366,-414.8322
stochrsi_oversold,breakeven_plus_trail,q1_lt_2pct,17,0.4117647058823529,9.347158823529412,158.9017
stochrsi_oversold,breakeven_plus_trail,q4_ge_10pct,203,0.42857142857142855,5.498569458128079,1116.2096000000001
stochrsi_oversold,chandelier_3x,q1_lt_2pct,17,0.0,-0.6640411764705881,-11.288699999999999
stochrsi_oversold,chandelier_3x,q4_ge_10pct,203,0.04926108374384237,-0.4297970443349753,-87.24879999999999
stochrsi_oversold,class_time_stop,q1_lt_2pct,17,0.4117647058823529,-0.3408411764705883,-5.794300000000002
stochrsi_oversold,class_time_stop,q4_ge_10pct,203,0.47783251231527096,-1.3218921182266008,-268.34409999999997
stochrsi_oversold,earnings_blackout,q1_lt_2pct,17,0.7058823529411765,16.96618823529412,288.4252
stochrsi_oversold,earnings_blackout,q4_ge_10pct,203,0.5073891625615764,3.2809645320197043,666.0358
stochrsi_oversold,fixed_4r_2r,q1_lt_2pct,17,0.23529411764705882,-1.83445294117647,-31.18569999999999
stochrsi_oversold,fixed_4r_2r,q4_ge_10pct,203,0.3645320197044335,1.8980477832512315,385.3037
stochrsi_oversold,hybrid_50pct_target,q1_lt_2pct,17,0.5294117647058824,6.153623529411765,104.6116
stochrsi_oversold,hybrid_50pct_target,q4_ge_10pct,203,0.5960591133004927,-6.005543842364532,-1219.1254000000001
stochrsi_oversold,ma_exit_ema9,q1_lt_2pct,17,0.0,-3.2961176470588236,-56.034
stochrsi_oversold,ma_exit_ema9,q4_ge_10pct,203,0.4827586206896552,0.045687684729064044,9.274600000000001
stochrsi_oversold,mfe_lockin_trail,q1_lt_2pct,17,0.058823529411764705,-5.388,-91.596
stochrsi_oversold,mfe_lockin_trail,q4_ge_10pct,203,0.2413793103448276,-1.1226566502463056,-227.8993
stochrsi_oversold,multi_tier_partial,q1_lt_2pct,17,0.058823529411764705,-5.234176470588235,-88.981
stochrsi_oversold,multi_tier_partial,q4_ge_10pct,203,0.4236453201970443,-0.9134945812807882,-185.4394
stochrsi_oversold,next_pivot_target,q1_lt_2pct,17,0.5882352941176471,-1.860288235294118,-31.624900000000004
stochrsi_oversold,next_pivot_target,q4_ge_10pct,203,0.7783251231527094,0.5362699507389163,108.86280000000001
stochrsi_oversold,r_multiple_2r,q1_lt_2pct,17,0.0,-6.253329411764706,-106.3066
stochrsi_oversold,r_multiple_2r,q4_ge_10pct,203,0.3448275862068966,1.2847837438423646,260.8111
stochrsi_oversold,r_multiple_3r,q1_lt_2pct,17,0.0,-6.253329411764706,-106.3066
stochrsi_oversold,r_multiple_3r,q4_ge_10pct,203,0.27586206896551724,1.729008866995074,350.9888
stochrsi_oversold,regime_flip,q1_lt_2pct,17,0.35294117647058826,-0.6275176470588236,-10.667800000000002
stochrsi_oversold,regime_flip,q4_ge_10pct,203,0.49261083743842365,-1.0275275862068964,-208.58809999999997
stochrsi_oversold,reverse_signal,q1_lt_2pct,17,0.058823529411764705,-5.388,-91.596
stochrsi_oversold,reverse_signal,q4_ge_10pct,203,0.2413793103448276,-1.1238625615763547,-228.14409999999998
stochrsi_oversold,smc_mitigation_zone,q1_lt_2pct,17,0.058823529411764705,-5.388,-91.596
stochrsi_oversold,smc_mitigation_zone,q4_ge_10pct,203,0.2413793103448276,-1.1238625615763547,-228.14409999999998
stochrsi_oversold,time_stop_10d,q1_lt_2pct,17,0.4117647058823529,0.7007588235294115,11.912899999999997
stochrsi_oversold,time_stop_10d,q4_ge_10pct,203,0.5221674876847291,-0.16873251231527092,-34.2527
stochrsi_oversold,time_stop_20d,q1_lt_2pct,17,0.35294117647058826,-0.6275176470588236,-10.667800000000002
stochrsi_oversold,time_stop_20d,q4_ge_10pct,203,0.49261083743842365,-1.0275275862068964,-208.58809999999997
stochrsi_oversold,trailing_10pct,q1_lt_2pct,17,0.23529411764705882,-4.079735294117647,-69.3555
stochrsi_oversold,trailing_10pct,q4_ge_10pct,203,0.3399014778325123,-1.6017931034482757,-325.164
stochrsi_oversold,trailing_15pct,q1_lt_2pct,17,0.29411764705882354,6.243876470588235,106.1459
stochrsi_oversold,trailing_15pct,q4_ge_10pct,203,0.3842364532019704,0.4197827586206897,85.2159
stochrsi_oversold,trailing_5pct,q1_lt_2pct,17,0.0,-4.823717647058824,-82.0032
stochrsi_oversold,trailing_5pct,q4_ge_10pct,203,0.19704433497536947,-2.0709635467980294,-420.4056
supertrend_macd,atr_trail_1x,q1_lt_2pct,3,0.0,-5.889,-17.667
supertrend_macd,atr_trail_1x,q2_2_5pct,1,0.0,-2.7009,-2.7009
supertrend_macd,atr_trail_1x,q3_5_10pct,1,0.0,-2.632,-2.632
supertrend_macd,atr_trail_1x,q4_ge_10pct,91,0.23076923076923078,-1.6138109890109889,-146.8568
supertrend_macd,atr_trail_2x,q1_lt_2pct,3,0.3333333333333333,-6.016133333333333,-18.0484
supertrend_macd,atr_trail_2x,q2_2_5pct,1,0.0,-5.4519,-5.4519
supertrend_macd,atr_trail_2x,q3_5_10pct,1,0.0,-5.2639,-5.2639
supertrend_macd,atr_trail_2x,q4_ge_10pct,91,0.37362637362637363,0.3536978021978022,32.1865
supertrend_macd,atr_trail_mae_conditional,q1_lt_2pct,3,0.0,-5.889,-17.667
supertrend_macd,atr_trail_mae_conditional,q2_2_5pct,1,0.0,-2.7009,-2.7009
supertrend_macd,atr_trail_mae_conditional,q3_5_10pct,1,0.0,-2.632,-2.632
supertrend_macd,atr_trail_mae_conditional,q4_ge_10pct,91,0.23076923076923078,-1.6138109890109889,-146.8568
supertrend_macd,atr_trail_vix_conditional,q1_lt_2pct,3,0.3333333333333333,-3.6788666666666665,-11.0366
supertrend_macd,atr_trail_vix_conditional,q2_2_5pct,1,0.0,-5.4519,-5.4519
supertrend_macd,atr_trail_vix_conditional,q3_5_10pct,1,0.0,-1.974,-1.974
supertrend_macd,atr_trail_vix_conditional,q4_ge_10pct,91,0.23076923076923078,-1.9279296703296702,-175.4416
supertrend_macd,break_even_at_1r,q1_lt_2pct,3,0.0,-5.889,-17.667
supertrend_macd,break_even_at_1r,q2_2_5pct,1,0.0,-2.7009,-2.7009
supertrend_macd,break_even_at_1r,q3_5_10pct,1,0.0,-2.632,-2.632
supertrend_macd,break_even_at_1r,q4_ge_10pct,91,0.17582417582417584,-0.9149714285714285,-83.2624
supertrend_macd,breakeven_plus_trail,q1_lt_2pct,3,0.3333333333333333,-5.0578666666666665,-15.1736
supertrend_macd,breakeven_plus_trail,q2_2_5pct,1,0.0,-5.4019,-5.4019
supertrend_macd,breakeven_plus_trail,q3_5_10pct,1,0.0,-5.2639,-5.2639
supertrend_macd,breakeven_plus_trail,q4_ge_10pct,91,0.3626373626373626,3.1741494505494505,288.8476
supertrend_macd,chandelier_3x,q1_lt_2pct,3,0.0,-6.6429333333333345,-19.928800000000003
supertrend_macd,chandelier_3x,q2_2_5pct,1,0.0,-5.4519,-5.4519
supertrend_macd,chandelier_3x,q3_5_10pct,1,0.0,-2.6306,-2.6306
supertrend_macd,chandelier_3x,q4_ge_10pct,91,0.2087912087912088,0.4502285714285714,40.9708
supertrend_macd,class_time_stop,q1_lt_2pct,3,0.6666666666666666,-1.5526666666666664,-4.6579999999999995
supertrend_macd,class_time_stop,q2_2_5pct,1,1.0,6.5555,6.5555
supertrend_macd,class_time_stop,q3_5_10pct,1,0.0,-13.6963,-13.6963
supertrend_macd,class_time_stop,q4_ge_10pct,91,0.46153846153846156,2.0381439560439563,185.4711
supertrend_macd,earnings_blackout,q1_lt_2pct,3,0.3333333333333333,-26.554366666666667,-79.6631
supertrend_macd,earnings_blackout,q2_2_5pct,1,0.0,-3.8005,-3.8005
supertrend_macd,earnings_blackout,q3_5_10pct,1,0.0,-0.3813,-0.3813
supertrend_macd,earnings_blackout,q4_ge_10pct,91,0.3956043956043956,4.648665934065934,423.0286
supertrend_macd,fixed_4r_2r,q1_lt_2pct,3,0.3333333333333333,2.495633333333333,7.4868999999999994
supertrend_macd,fixed_4r_2r,q2_2_5pct,1,0.0,-5.4519,-5.4519
supertrend_macd,fixed_4r_2r,q3_5_10pct,1,0.0,-5.2639,-5.2639
supertrend_macd,fixed_4r_2r,q4_ge_10pct,91,0.38461538461538464,1.5080362637362639,137.2313
supertrend_macd,hybrid_50pct_target,q1_lt_2pct,3,0.3333333333333333,-1.6060333333333332,-4.818099999999999
supertrend_macd,hybrid_50pct_target,q2_2_5pct,1,0.0,-10.0,-10.0
supertrend_macd,hybrid_50pct_target,q3_5_10pct,1,0.0,-10.0,-10.0
supertrend_macd,hybrid_50pct_target,q4_ge_10pct,91,0.5274725274725275,2.3586835164835165,214.6402
supertrend_macd,ma_exit_ema9,q1_lt_2pct,3,0.0,-7.679600000000001,-23.038800000000002
supertrend_macd,ma_exit_ema9,q2_2_5pct,1,0.0,-2.8813,-2.8813
supertrend_macd,ma_exit_ema9,q3_5_10pct,1,0.0,-1.933,-1.933
supertrend_macd,ma_exit_ema9,q4_ge_10pct,91,0.32967032967032966,0.0019076923076922732,0.17359999999999687
supertrend_macd,mfe_lockin_trail,q1_lt_2pct,3,0.0,-5.889,-17.667
supertrend_macd,mfe_lockin_trail,q2_2_5pct,1,0.0,-2.7009,-2.7009
supertrend_macd,mfe_lockin_trail,q3_5_10pct,1,0.0,-2.632,-2.632
supertrend_macd,mfe_lockin_trail,q4_ge_10pct,91,0.23076923076923078,-1.582956043956044,-144.049
supertrend_macd,multi_tier_partial,q1_lt_2pct,3,0.0,-5.889,-17.667
supertrend_macd,multi_tier_partial,q2_2_5pct,1,0.0,-2.7009,-2.7009
supertrend_macd,multi_tier_partial,q3_5_10pct,1,0.0,-2.632,-2.632
supertrend_macd,multi_tier_partial,q4_ge_10pct,91,0.37362637362637363,-1.0967208791208791,-99.8016
supertrend_macd,next_pivot_target,q1_lt_2pct,3,0.3333333333333333,-6.591433333333334,-19.7743
supertrend_macd,next_pivot_target,q2_2_5pct,1,0.0,-10.0584,-10.0584
supertrend_macd,next_pivot_target,q3_5_10pct,1,0.0,-5.2639,-5.2639
supertrend_macd,next_pivot_target,q4_ge_10pct,91,0.7472527472527473,0.6360296703296704,57.8787
supertrend_macd,r_multiple_2r,q1_lt_2pct,3,0.0,-5.889,-17.667
supertrend_macd,r_multiple_2r,q2_2_5pct,1,0.0,-2.7009,-2.7009
supertrend_macd,r_multiple_2r,q3_5_10pct,1,0.0,-2.632,-2.632
supertrend_macd,r_multiple_2r,q4_ge_10pct,91,0.34065934065934067,-0.1120967032967033,-10.200800000000001
supertrend_macd,r_multiple_3r,q1_lt_2pct,3,0.0,-5.889,-17.667
supertrend_macd,r_multiple_3r,q2_2_5pct,1,0.0,-2.7009,-2.7009
supertrend_macd,r_multiple_3r,q3_5_10pct,1,0.0,-2.632,-2.632
supertrend_macd,r_multiple_3r,q4_ge_10pct,91,0.2857142857142857,0.5981978021978022,54.43599999999999
supertrend_macd,regime_flip,q1_lt_2pct,3,0.6666666666666666,3.397633333333333,10.192899999999998
supertrend_macd,regime_flip,q2_2_5pct,1,0.0,-11.5887,-11.5887
supertrend_macd,regime_flip,q3_5_10pct,1,0.0,-13.6372,-13.6372
supertrend_macd,regime_flip,q4_ge_10pct,91,0.4835164835164835,0.7373263736263737,67.0967
supertrend_macd,reverse_signal,q1_lt_2pct,3,0.0,-5.889,-17.667
supertrend_macd,reverse_signal,q2_2_5pct,1,0.0,-2.7009,-2.7009
supertrend_macd,reverse_signal,q3_5_10pct,1,0.0,-2.632,-2.632
supertrend_macd,reverse_signal,q4_ge_10pct,91,0.23076923076923078,-1.6138109890109889,-146.8568
supertrend_macd,smc_mitigation_zone,q1_lt_2pct,3,0.0,-5.889,-17.667
supertrend_macd,smc_mitigation_zone,q2_2_5pct,1,0.0,-2.7009,-2.7009
supertrend_macd,smc_mitigation_zone,q3_5_10pct,1,0.0,-2.632,-2.632
supertrend_macd,smc_mitigation_zone,q4_ge_10pct,91,0.23076923076923078,-1.6138109890109889,-146.8568
supertrend_macd,time_stop_10d,q1_lt_2pct,3,0.3333333333333333,-11.820866666666667,-35.4626
supertrend_macd,time_stop_10d,q2_2_5pct,1,0.0,-4.3141,-4.3141
supertrend_macd,time_stop_10d,q3_5_10pct,1,0.0,-7.4452,-7.4452
supertrend_macd,time_stop_10d,q4_ge_10pct,91,0.4175824175824176,-0.6475549450549452,-58.92750000000001
supertrend_macd,time_stop_20d,q1_lt_2pct,3,0.6666666666666666,3.397633333333333,10.192899999999998
supertrend_macd,time_stop_20d,q2_2_5pct,1,0.0,-11.5887,-11.5887
supertrend_macd,time_stop_20d,q3_5_10pct,1,0.0,-13.6372,-13.6372
supertrend_macd,time_stop_20d,q4_ge_10pct,91,0.4835164835164835,0.7373263736263737,67.0967
supertrend_macd,trailing_10pct,q1_lt_2pct,3,0.0,-9.4779,-28.4337
supertrend_macd,trailing_10pct,q2_2_5pct,1,0.0,-10.0584,-10.0584
supertrend_macd,trailing_10pct,q3_5_10pct,1,0.0,-10.0,-10.0
supertrend_macd,trailing_10pct,q4_ge_10pct,91,0.31868131868131866,-1.7519956043956044,-159.4316
supertrend_macd,trailing_15pct,q1_lt_2pct,3,0.3333333333333333,-9.998566666666667,-29.9957
supertrend_macd,trailing_15pct,q2_2_5pct,1,0.0,-0.24,-0.24
supertrend_macd,trailing_15pct,q3_5_10pct,1,0.0,-15.0,-15.0
supertrend_macd,trailing_15pct,q4_ge_10pct,91,0.3076923076923077,0.3062835164835167,27.871800000000018
supertrend_macd,trailing_5pct,q1_lt_2pct,3,0.0,-5.0,-15.0
supertrend_macd,trailing_5pct,q2_2_5pct,1,0.0,-5.4519,-5.4519
supertrend_macd,trailing_5pct,q3_5_10pct,1,0.0,-5.0,-5.0
supertrend_macd,trailing_5pct,q4_ge_10pct,91,0.2967032967032967,-0.760420879120879,-69.19829999999999
tema_dema,atr_trail_1x,q1_lt_2pct,3,0.0,-8.080433333333334,-24.241300000000003
tema_dema,atr_trail_1x,q4_ge_10pct,79,0.3037974683544304,-1.1106,-87.73740000000001
tema_dema,atr_trail_2x,q1_lt_2pct,3,0.0,-12.501333333333335,-37.504000000000005
tema_dema,atr_trail_2x,q4_ge_10pct,79,0.4050632911392405,0.3824012658227848,30.209699999999998
tema_dema,atr_trail_mae_conditional,q1_lt_2pct,3,0.0,-8.080433333333334,-24.241300000000003
tema_dema,atr_trail_mae_conditional,q4_ge_10pct,79,0.3037974683544304,-1.1106,-87.73740000000001
tema_dema,atr_trail_vix_conditional,q1_lt_2pct,3,0.0,-10.9422,-32.8266
tema_dema,atr_trail_vix_conditional,q4_ge_10pct,79,0.31645569620253167,0.19211518987341777,15.177100000000005
tema_dema,break_even_at_1r,q1_lt_2pct,3,0.0,-8.080433333333334,-24.241300000000003
tema_dema,break_even_at_1r,q4_ge_10pct,79,0.20253164556962025,-0.2676708860759493,-21.145999999999994
tema_dema,breakeven_plus_trail,q1_lt_2pct,3,0.0,-16.1609,-48.4827
tema_dema,breakeven_plus_trail,q4_ge_10pct,79,0.43037974683544306,3.4120012658227847,269.5481
tema_dema,chandelier_3x,q1_lt_2pct,3,0.0,-6.702333333333333,-20.107
tema_dema,chandelier_3x,q4_ge_10pct,79,0.17721518987341772,0.5394848101265822,42.619299999999996
tema_dema,class_time_stop,q1_lt_2pct,3,0.3333333333333333,-5.727033333333335,-17.181100000000004
tema_dema,class_time_stop,q4_ge_10pct,79,0.5443037974683544,-0.3765291139240507,-29.745800000000006
tema_dema,earnings_blackout,q1_lt_2pct,3,0.0,-124.38996666666668,-373.16990000000004
tema_dema,earnings_blackout,q4_ge_10pct,79,0.5316455696202531,4.503935443037975,355.81090000000006
tema_dema,fixed_4r_2r,q1_lt_2pct,3,0.0,-17.256566666666668,-51.7697
tema_dema,fixed_4r_2r,q4_ge_10pct,79,0.34177215189873417,0.2644063291139242,20.888100000000012
tema_dema,hybrid_50pct_target,q1_lt_2pct,3,0.3333333333333333,-0.8429333333333334,-2.5288000000000004
tema_dema,hybrid_50pct_target,q4_ge_10pct,79,0.5189873417721519,-5.679236708860759,-448.6597
tema_dema,ma_exit_ema9,q1_lt_2pct,3,0.0,-7.242933333333333,-21.7288
tema_dema,ma_exit_ema9,q4_ge_10pct,79,0.3670886075949367,1.0094253164556963,79.7446
tema_dema,mfe_lockin_trail,q1_lt_2pct,3,0.0,-8.080433333333334,-24.241300000000003
tema_dema,mfe_lockin_trail,q4_ge_10pct,79,0.31645569620253167,-0.41639620253164555,-32.8953
tema_dema,multi_tier_partial,q1_lt_2pct,3,0.0,-8.080433333333334,-24.241300000000003
tema_dema,multi_tier_partial,q4_ge_10pct,79,0.5316455696202531,-0.0743,-5.8697
tema_dema,next_pivot_target,q1_lt_2pct,3,0.0,-11.3805,-34.1415
tema_dema,next_pivot_target,q4_ge_10pct,79,0.759493670886076,0.8307556962025316,65.6297
tema_dema,r_multiple_2r,q1_lt_2pct,3,0.0,-8.080433333333334,-24.241300000000003
tema_dema,r_multiple_2r,q4_ge_10pct,79,0.3670886075949367,0.30289620253164556,23.9288
tema_dema,r_multiple_3r,q1_lt_2pct,3,0.0,-8.080433333333334,-24.241300000000003
tema_dema,r_multiple_3r,q4_ge_10pct,79,0.26582278481012656,0.06357088607594925,5.022099999999991
tema_dema,regime_flip,q1_lt_2pct,3,0.3333333333333333,-9.197566666666667,-27.5927
tema_dema,regime_flip,q4_ge_10pct,79,0.5063291139240507,0.4025088607594937,31.7982
tema_dema,reverse_signal,q1_lt_2pct,3,0.0,-8.080433333333334,-24.241300000000003
tema_dema,reverse_signal,q4_ge_10pct,79,0.3037974683544304,-1.1106,-87.73740000000001
tema_dema,smc_mitigation_zone,q1_lt_2pct,3,0.0,-8.080433333333334,-24.241300000000003
tema_dema,smc_mitigation_zone,q4_ge_10pct,79,0.3037974683544304,-1.1106,-87.73740000000001
tema_dema,time_stop_10d,q1_lt_2pct,3,0.3333333333333333,-6.5437666666666665,-19.6313
tema_dema,time_stop_10d,q4_ge_10pct,79,0.45569620253164556,-0.0395860759493672,-3.127300000000009
tema_dema,time_stop_20d,q1_lt_2pct,3,0.3333333333333333,-9.197566666666667,-27.5927
tema_dema,time_stop_20d,q4_ge_10pct,79,0.5063291139240507,0.4025088607594937,31.7982
tema_dema,trailing_10pct,q1_lt_2pct,3,0.0,-10.0,-30.0
tema_dema,trailing_10pct,q4_ge_10pct,79,0.34177215189873417,-0.6208316455696202,-49.0457
tema_dema,trailing_15pct,q1_lt_2pct,3,0.3333333333333333,-4.428033333333333,-13.284099999999999
tema_dema,trailing_15pct,q4_ge_10pct,79,0.4177215189873418,1.89243164556962,149.50209999999998
tema_dema,trailing_5pct,q1_lt_2pct,3,0.0,-5.0,-15.0
tema_dema,trailing_5pct,q4_ge_10pct,79,0.25316455696202533,-0.866421518987342,-68.44730000000001
three_white_soldiers,atr_trail_1x,q1_lt_2pct,2,0.0,-9.37235,-18.7447
three_white_soldiers,atr_trail_1x,q4_ge_10pct,73,0.1917808219178082,-1.9922602739726027,-145.435
three_white_soldiers,atr_trail_2x,q1_lt_2pct,2,0.0,-11.753449999999999,-23.506899999999998
three_white_soldiers,atr_trail_2x,q4_ge_10pct,73,0.3835616438356164,0.6899780821917807,50.368399999999994
three_white_soldiers,atr_trail_mae_conditional,q1_lt_2pct,2,0.0,-9.37235,-18.7447
three_white_soldiers,atr_trail_mae_conditional,q4_ge_10pct,73,0.1917808219178082,-1.9922602739726027,-145.435
three_white_soldiers,atr_trail_vix_conditional,q1_lt_2pct,2,0.0,-11.28235,-22.5647
three_white_soldiers,atr_trail_vix_conditional,q4_ge_10pct,73,0.2876712328767123,-1.952931506849315,-142.564
three_white_soldiers,break_even_at_1r,q1_lt_2pct,2,0.0,-9.37235,-18.7447
three_white_soldiers,break_even_at_1r,q4_ge_10pct,73,0.0684931506849315,-2.094827397260274,-152.9224
three_white_soldiers,breakeven_plus_trail,q1_lt_2pct,2,0.5,-10.928149999999999,-21.856299999999997
three_white_soldiers,breakeven_plus_trail,q4_ge_10pct,73,0.3835616438356164,6.02856301369863,440.0851
three_white_soldiers,chandelier_3x,q1_lt_2pct,2,0.0,-12.08125,-24.1625
three_white_soldiers,chandelier_3x,q4_ge_10pct,73,0.136986301369863,0.18347260273972604,13.393500000000001
three_white_soldiers,class_time_stop,q1_lt_2pct,2,0.0,-2.7880000000000003,-5.5760000000000005
three_white_soldiers,class_time_stop,q4_ge_10pct,73,0.4794520547945205,-0.6642219178082192,-48.4882
three_white_soldiers,earnings_blackout,q1_lt_2pct,2,0.0,-32.26705,-64.5341
three_white_soldiers,earnings_blackout,q4_ge_10pct,73,0.4246575342465753,-3.6212342465753427,-264.3501
three_white_soldiers,fixed_4r_2r,q1_lt_2pct,2,0.0,-18.74475,-37.4895
three_white_soldiers,fixed_4r_2r,q4_ge_10pct,73,0.3150684931506849,0.01982602739726067,1.4473000000000287
three_white_soldiers,hybrid_50pct_target,q1_lt_2pct,2,0.0,-10.0,-20.0
three_white_soldiers,hybrid_50pct_target,q4_ge_10pct,73,0.3972602739726027,-0.26158630136986305,-19.095800000000004
three_white_soldiers,ma_exit_ema9,q1_lt_2pct,2,0.0,-8.8756,-17.7512
three_white_soldiers,ma_exit_ema9,q4_ge_10pct,73,0.2876712328767123,-0.3371479452054794,-24.6118
three_white_soldiers,mfe_lockin_trail,q1_lt_2pct,2,0.0,-9.37235,-18.7447
three_white_soldiers,mfe_lockin_trail,q4_ge_10pct,73,0.1917808219178082,-1.9124712328767124,-139.6104
three_white_soldiers,multi_tier_partial,q1_lt_2pct,2,0.0,-9.37235,-18.7447
three_white_soldiers,multi_tier_partial,q4_ge_10pct,73,0.3972602739726027,-1.1731301369863012,-85.6385
three_white_soldiers,next_pivot_target,q1_lt_2pct,2,0.0,-10.0,-20.0
three_white_soldiers,next_pivot_target,q4_ge_10pct,73,0.7123287671232876,-0.24452602739726018,-17.850399999999993
three_white_soldiers,r_multiple_2r,q1_lt_2pct,2,0.0,-9.37235,-18.7447
three_white_soldiers,r_multiple_2r,q4_ge_10pct,73,0.2328767123287671,-1.4894219178082193,-108.7278
three_white_soldiers,r_multiple_3r,q1_lt_2pct,2,0.0,-9.37235,-18.7447
three_white_soldiers,r_multiple_3r,q4_ge_10pct,73,0.1917808219178082,-0.7442890410958904,-54.3331
three_white_soldiers,regime_flip,q1_lt_2pct,2,0.5,-9.6128,-19.2256
three_white_soldiers,regime_flip,q4_ge_10pct,73,0.4657534246575342,0.5320109589041098,38.83680000000001
three_white_soldiers,reverse_signal,q1_lt_2pct,2,0.0,-9.37235,-18.7447
three_white_soldiers,reverse_signal,q4_ge_10pct,73,0.1917808219178082,-1.9922602739726027,-145.435
three_white_soldiers,smc_mitigation_zone,q1_lt_2pct,2,0.0,-9.37235,-18.7447
three_white_soldiers,smc_mitigation_zone,q4_ge_10pct,73,0.1917808219178082,-1.9922602739726027,-145.435
three_white_soldiers,time_stop_10d,q1_lt_2pct,2,0.0,-3.8907,-7.7814
three_white_soldiers,time_stop_10d,q4_ge_10pct,73,0.4246575342465753,-0.1616794520547945,-11.802599999999998
three_white_soldiers,time_stop_20d,q1_lt_2pct,2,0.5,-9.6128,-19.2256
three_white_soldiers,time_stop_20d,q4_ge_10pct,73,0.4657534246575342,0.5320109589041098,38.83680000000001
three_white_soldiers,trailing_10pct,q1_lt_2pct,2,0.0,-10.0,-20.0
three_white_soldiers,trailing_10pct,q4_ge_10pct,73,0.273972602739726,-1.0112616438356166,-73.8221
three_white_soldiers,trailing_15pct,q1_lt_2pct,2,0.0,-9.88725,-19.7745
three_white_soldiers,trailing_15pct,q4_ge_10pct,73,0.3013698630136986,-1.017060273972603,-74.24540000000002
three_white_soldiers,trailing_5pct,q1_lt_2pct,2,0.0,-5.0,-10.0
three_white_soldiers,trailing_5pct,q4_ge_10pct,73,0.2054794520547945,-1.95337397260274,-142.5963
totm_long,atr_trail_1x,q1_lt_2pct,1,0.0,-7.6642,-7.6642
totm_long,atr_trail_1x,q4_ge_10pct,4,0.0,-4.566375,-18.2655
totm_long,atr_trail_2x,q1_lt_2pct,1,0.0,-15.3283,-15.3283
totm_long,atr_trail_2x,q4_ge_10pct,4,0.0,-8.2403,-32.9612
totm_long,atr_trail_mae_conditional,q1_lt_2pct,1,0.0,-7.6642,-7.6642
totm_long,atr_trail_mae_conditional,q4_ge_10pct,4,0.0,-4.566375,-18.2655
totm_long,atr_trail_vix_conditional,q1_lt_2pct,1,0.0,-5.7481,-5.7481
totm_long,atr_trail_vix_conditional,q4_ge_10pct,4,0.25,-3.946325,-15.7853
totm_long,break_even_at_1r,q1_lt_2pct,1,0.0,-7.6642,-7.6642
totm_long,break_even_at_1r,q4_ge_10pct,4,0.0,-4.557,-18.228
totm_long,breakeven_plus_trail,q1_lt_2pct,1,0.0,-15.3283,-15.3283
totm_long,breakeven_plus_trail,q4_ge_10pct,4,0.0,-9.068975,-36.2759
totm_long,chandelier_3x,q1_lt_2pct,1,0.0,-0.2621,-0.2621
totm_long,chandelier_3x,q4_ge_10pct,4,0.0,-4.85555,-19.4222
totm_long,class_time_stop,q1_lt_2pct,1,0.0,-49.8114,-49.8114
totm_long,class_time_stop,q4_ge_10pct,4,0.0,-19.768125,-79.0725
totm_long,earnings_blackout,q1_lt_2pct,1,0.0,-49.3319,-49.3319
totm_long,earnings_blackout,q4_ge_10pct,4,0.25,-12.2298,-48.9192
totm_long,fixed_4r_2r,q1_lt_2pct,1,0.0,-15.3283,-15.3283
totm_long,fixed_4r_2r,q4_ge_10pct,4,0.0,-9.910775,-39.6431
totm_long,hybrid_50pct_target,q1_lt_2pct,1,0.0,-10.0,-10.0
totm_long,hybrid_50pct_target,q4_ge_10pct,4,0.25,-6.7261,-26.9044
totm_long,ma_exit_ema9,q1_lt_2pct,1,0.0,-4.258,-4.258
totm_long,ma_exit_ema9,q4_ge_10pct,4,0.25,-3.4913499999999997,-13.965399999999999
totm_long,mfe_lockin_trail,q1_lt_2pct,1,0.0,-7.6642,-7.6642
totm_long,mfe_lockin_trail,q4_ge_10pct,4,0.0,-4.566375,-18.2655
totm_long,multi_tier_partial,q1_lt_2pct,1,0.0,-7.6642,-7.6642
totm_long,multi_tier_partial,q4_ge_10pct,4,0.25,-4.4092,-17.6368
totm_long,next_pivot_target,q1_lt_2pct,1,0.0,-15.3283,-15.3283
totm_long,next_pivot_target,q4_ge_10pct,4,0.25,-9.874475,-39.4979
totm_long,r_multiple_2r,q1_lt_2pct,1,0.0,-7.6642,-7.6642
totm_long,r_multiple_2r,q4_ge_10pct,4,0.0,-4.95535,-19.8214
totm_long,r_multiple_3r,q1_lt_2pct,1,0.0,-7.6642,-7.6642
totm_long,r_multiple_3r,q4_ge_10pct,4,0.0,-4.95535,-19.8214
totm_long,regime_flip,q1_lt_2pct,1,0.0,-49.3319,-49.3319
totm_long,regime_flip,q4_ge_10pct,4,0.25,-14.154875,-56.6195
totm_long,reverse_signal,q1_lt_2pct,1,0.0,-7.6642,-7.6642
totm_long,reverse_signal,q4_ge_10pct,4,0.0,-4.566375,-18.2655
totm_long,smc_mitigation_zone,q1_lt_2pct,1,0.0,-7.6642,-7.6642
totm_long,smc_mitigation_zone,q4_ge_10pct,4,0.0,-4.566375,-18.2655
totm_long,time_stop_10d,q1_lt_2pct,1,0.0,-42.4589,-42.4589
totm_long,time_stop_10d,q4_ge_10pct,4,0.5,-10.1203,-40.4812
totm_long,time_stop_20d,q1_lt_2pct,1,0.0,-49.3319,-49.3319
totm_long,time_stop_20d,q4_ge_10pct,4,0.25,-14.154875,-56.6195
totm_long,trailing_10pct,q1_lt_2pct,1,0.0,-10.0,-10.0
totm_long,trailing_10pct,q4_ge_10pct,4,0.25,-6.9062,-27.6248
totm_long,trailing_15pct,q1_lt_2pct,1,0.0,-15.0,-15.0
totm_long,trailing_15pct,q4_ge_10pct,4,0.0,-12.078075,-48.3123
totm_long,trailing_5pct,q1_lt_2pct,1,0.0,-5.0,-5.0
totm_long,trailing_5pct,q4_ge_10pct,4,0.0,-4.3257,-17.3028
ultimate_oscillator,atr_trail_1x,q1_lt_2pct,2,0.0,-4.88615,-9.7723
ultimate_oscillator,atr_trail_1x,q4_ge_10pct,80,0.225,-2.40044375,-192.0355
ultimate_oscillator,atr_trail_2x,q1_lt_2pct,2,0.0,-9.776399999999999,-19.552799999999998
ultimate_oscillator,atr_trail_2x,q4_ge_10pct,80,0.425,-0.635365,-50.8292
ultimate_oscillator,atr_trail_mae_conditional,q1_lt_2pct,2,0.0,-4.88615,-9.7723
ultimate_oscillator,atr_trail_mae_conditional,q4_ge_10pct,80,0.225,-2.40044375,-192.0355
ultimate_oscillator,atr_trail_vix_conditional,q1_lt_2pct,2,0.0,-4.88615,-9.7723
ultimate_oscillator,atr_trail_vix_conditional,q4_ge_10pct,80,0.275,-1.38441375,-110.7531
ultimate_oscillator,break_even_at_1r,q1_lt_2pct,2,0.0,-4.88615,-9.7723
ultimate_oscillator,break_even_at_1r,q4_ge_10pct,80,0.2375,-0.87692625,-70.1541
ultimate_oscillator,breakeven_plus_trail,q1_lt_2pct,2,0.5,4.9064499999999995,9.812899999999999
ultimate_oscillator,breakeven_plus_trail,q4_ge_10pct,80,0.525,3.48367625,278.6941
ultimate_oscillator,chandelier_3x,q1_lt_2pct,2,0.0,-0.25065,-0.5013
ultimate_oscillator,chandelier_3x,q4_ge_10pct,80,0.0375,-0.25928125,-20.7425
ultimate_oscillator,class_time_stop,q1_lt_2pct,2,0.5,6.16,12.32
ultimate_oscillator,class_time_stop,q4_ge_10pct,80,0.5625,1.4326725,114.6138
ultimate_oscillator,earnings_blackout,q1_lt_2pct,2,0.0,-8.59375,-17.1875
ultimate_oscillator,earnings_blackout,q4_ge_10pct,80,0.525,0.9484462500000002,75.87570000000001
ultimate_oscillator,fixed_4r_2r,q1_lt_2pct,2,0.0,-9.776399999999999,-19.552799999999998
ultimate_oscillator,fixed_4r_2r,q4_ge_10pct,80,0.425,0.21853749999999997,17.482999999999997
ultimate_oscillator,hybrid_50pct_target,q1_lt_2pct,2,0.5,-22.17235,-44.3447
ultimate_oscillator,hybrid_50pct_target,q4_ge_10pct,80,0.5375,-2.5640487500000004,-205.12390000000002
ultimate_oscillator,ma_exit_ema9,q1_lt_2pct,2,0.0,-5.75865,-11.5173
ultimate_oscillator,ma_exit_ema9,q4_ge_10pct,80,0.45,-0.67733625,-54.1869
ultimate_oscillator,mfe_lockin_trail,q1_lt_2pct,2,0.0,-4.88615,-9.7723
ultimate_oscillator,mfe_lockin_trail,q4_ge_10pct,80,0.225,-2.44582625,-195.6661
ultimate_oscillator,multi_tier_partial,q1_lt_2pct,2,0.0,-4.88615,-9.7723
ultimate_oscillator,multi_tier_partial,q4_ge_10pct,80,0.3875,-1.6517575,-132.1406
ultimate_oscillator,next_pivot_target,q1_lt_2pct,2,0.0,-10.0,-20.0
ultimate_oscillator,next_pivot_target,q4_ge_10pct,80,0.7125,0.43490625000000005,34.792500000000004
ultimate_oscillator,r_multiple_2r,q1_lt_2pct,2,0.0,-4.88615,-9.7723
ultimate_oscillator,r_multiple_2r,q4_ge_10pct,80,0.3625,-0.6846125000000001,-54.769000000000005
ultimate_oscillator,r_multiple_3r,q1_lt_2pct,2,0.0,-4.88615,-9.7723
ultimate_oscillator,r_multiple_3r,q4_ge_10pct,80,0.3375,0.39981999999999995,31.985599999999994
ultimate_oscillator,regime_flip,q1_lt_2pct,2,0.5,9.799499999999998,19.598999999999997
ultimate_oscillator,regime_flip,q4_ge_10pct,80,0.5,0.738695,59.0956
ultimate_oscillator,reverse_signal,q1_lt_2pct,2,0.0,-4.88615,-9.7723
ultimate_oscillator,reverse_signal,q4_ge_10pct,80,0.225,-2.40044375,-192.0355
ultimate_oscillator,smc_mitigation_zone,q1_lt_2pct,2,0.0,-4.88615,-9.7723
ultimate_oscillator,smc_mitigation_zone,q4_ge_10pct,80,0.225,-2.40044375,-192.0355
ultimate_oscillator,time_stop_10d,q1_lt_2pct,2,0.5,3.677200000000001,7.354400000000002
ultimate_oscillator,time_stop_10d,q4_ge_10pct,80,0.55,-0.3192275,-25.5382
ultimate_oscillator,time_stop_20d,q1_lt_2pct,2,0.5,9.799499999999998,19.598999999999997
ultimate_oscillator,time_stop_20d,q4_ge_10pct,80,0.5,0.738695,59.0956
ultimate_oscillator,trailing_10pct,q1_lt_2pct,2,0.0,-10.0,-20.0
ultimate_oscillator,trailing_10pct,q4_ge_10pct,80,0.425,0.24723875,19.7791
ultimate_oscillator,trailing_15pct,q1_lt_2pct,2,0.0,-12.4556,-24.9112
ultimate_oscillator,trailing_15pct,q4_ge_10pct,80,0.4125,2.08660375,166.9283
ultimate_oscillator,trailing_5pct,q1_lt_2pct,2,0.0,-5.0,-10.0
ultimate_oscillator,trailing_5pct,q4_ge_10pct,80,0.25,-1.67662625,-134.1301
vix_backwardation_long,atr_trail_1x,q4_ge_10pct,7,0.7142857142857143,2.1331714285714285,14.932199999999998
vix_backwardation_long,atr_trail_2x,q4_ge_10pct,7,0.5714285714285714,13.931242857142857,97.5187
vix_backwardation_long,atr_trail_mae_conditional,q4_ge_10pct,7,0.7142857142857143,2.1331714285714285,14.932199999999998
vix_backwardation_long,atr_trail_vix_conditional,q4_ge_10pct,7,0.42857142857142855,4.627914285714286,32.3954
vix_backwardation_long,break_even_at_1r,q4_ge_10pct,7,0.42857142857142855,11.364985714285714,79.5549
vix_backwardation_long,breakeven_plus_trail,q4_ge_10pct,7,0.8571428571428571,16.946814285714286,118.6277
vix_backwardation_long,chandelier_3x,q4_ge_10pct,7,0.2857142857142857,5.743071428571428,40.201499999999996
vix_backwardation_long,class_time_stop,q4_ge_10pct,7,0.7142857142857143,15.749385714285713,110.2457
vix_backwardation_long,earnings_blackout,q4_ge_10pct,7,0.7142857142857143,12.084185714285715,84.58930000000001
vix_backwardation_long,fixed_4r_2r,q4_ge_10pct,7,0.5714285714285714,8.673371428571429,60.7136
vix_backwardation_long,hybrid_50pct_target,q4_ge_10pct,7,0.7142857142857143,13.370185714285713,93.59129999999999
vix_backwardation_long,ma_exit_ema9,q4_ge_10pct,7,0.42857142857142855,6.486128571428572,45.4029
vix_backwardation_long,mfe_lockin_trail,q4_ge_10pct,7,0.7142857142857143,2.1331714285714285,14.932199999999998
vix_backwardation_long,multi_tier_partial,q4_ge_10pct,7,0.7142857142857143,3.6242428571428573,25.3697
vix_backwardation_long,next_pivot_target,q4_ge_10pct,7,1.0,4.266471428571428,29.865299999999998
vix_backwardation_long,r_multiple_2r,q4_ge_10pct,7,0.7142857142857143,7.1048857142857145,49.7342
vix_backwardation_long,r_multiple_3r,q4_ge_10pct,7,0.5714285714285714,8.096671428571428,56.6767
vix_backwardation_long,regime_flip,q4_ge_10pct,7,0.8571428571428571,19.026271428571427,133.1839
vix_backwardation_long,reverse_signal,q4_ge_10pct,7,0.7142857142857143,2.1331714285714285,14.932199999999998
vix_backwardation_long,smc_mitigation_zone,q4_ge_10pct,7,0.7142857142857143,2.1331714285714285,14.932199999999998
vix_backwardation_long,time_stop_10d,q4_ge_10pct,7,0.8571428571428571,14.8447,103.9129
vix_backwardation_long,time_stop_20d,q4_ge_10pct,7,0.8571428571428571,19.026271428571427,133.1839
vix_backwardation_long,trailing_10pct,q4_ge_10pct,7,0.5714285714285714,13.581014285714284,95.06709999999998
vix_backwardation_long,trailing_15pct,q4_ge_10pct,7,0.7142857142857143,12.671671428571429,88.7017
vix_backwardation_long,trailing_5pct,q4_ge_10pct,7,0.5714285714285714,0.9268142857142857,6.4877
williams_r_oversold,atr_trail_1x,q1_lt_2pct,5,0.0,-7.70128,-38.5064
williams_r_oversold,atr_trail_1x,q3_5_10pct,1,0.0,-12.2565,-12.2565
williams_r_oversold,atr_trail_1x,q4_ge_10pct,174,0.25287356321839083,-1.8504724137931037,-321.98220000000003
williams_r_oversold,atr_trail_2x,q1_lt_2pct,5,0.0,-15.53126,-77.6563
williams_r_oversold,atr_trail_2x,q3_5_10pct,1,0.0,-24.5129,-24.5129
williams_r_oversold,atr_trail_2x,q4_ge_10pct,174,0.3218390804597701,-2.2459431034482757,-390.7941
williams_r_oversold,atr_trail_mae_conditional,q1_lt_2pct,5,0.0,-7.70128,-38.5064
williams_r_oversold,atr_trail_mae_conditional,q3_5_10pct,1,0.0,-12.2565,-12.2565
williams_r_oversold,atr_trail_mae_conditional,q4_ge_10pct,174,0.25287356321839083,-1.8504724137931037,-321.98220000000003
williams_r_oversold,atr_trail_vix_conditional,q1_lt_2pct,5,0.0,-10.79406,-53.9703
williams_r_oversold,atr_trail_vix_conditional,q3_5_10pct,1,0.0,-9.1923,-9.1923
williams_r_oversold,atr_trail_vix_conditional,q4_ge_10pct,174,0.28160919540229884,-1.6187086206896553,-281.6553
williams_r_oversold,break_even_at_1r,q1_lt_2pct,5,0.0,-8.74418,-43.7209
williams_r_oversold,break_even_at_1r,q3_5_10pct,1,0.0,-12.2565,-12.2565
williams_r_oversold,break_even_at_1r,q4_ge_10pct,174,0.14367816091954022,-1.501893103448276,-261.3294
williams_r_oversold,breakeven_plus_trail,q1_lt_2pct,5,0.2,2.6162199999999998,13.0811
williams_r_oversold,breakeven_plus_trail,q3_5_10pct,1,0.0,-24.5129,-24.5129
williams_r_oversold,breakeven_plus_trail,q4_ge_10pct,174,0.43103448275862066,1.2974442528735632,225.7553
williams_r_oversold,chandelier_3x,q1_lt_2pct,5,0.0,-2.3019000000000003,-11.509500000000001
williams_r_oversold,chandelier_3x,q3_5_10pct,1,0.0,-10.7135,-10.7135
williams_r_oversold,chandelier_3x,q4_ge_10pct,174,0.040229885057471264,-0.3715264367816092,-64.6456
williams_r_oversold,class_time_stop,q1_lt_2pct,5,0.2,-15.19298,-75.9649
williams_r_oversold,class_time_stop,q3_5_10pct,1,0.0,-38.2227,-38.2227
williams_r_oversold,class_time_stop,q4_ge_10pct,174,0.46551724137931033,-0.557266091954023,-96.96430000000001
williams_r_oversold,earnings_blackout,q1_lt_2pct,5,0.6,15.61612,78.0806
williams_r_oversold,earnings_blackout,q3_5_10pct,1,0.0,-6.014,-6.014
williams_r_oversold,earnings_blackout,q4_ge_10pct,174,0.5574712643678161,5.488505747126437,955.0
williams_r_oversold,fixed_4r_2r,q1_lt_2pct,5,0.2,-0.74692,-3.7346000000000004
williams_r_oversold,fixed_4r_2r,q3_5_10pct,1,0.0,-24.5129,-24.5129
williams_r_oversold,fixed_4r_2r,q4_ge_10pct,174,0.3045977011494253,-2.9416844827586206,-511.8531
williams_r_oversold,hybrid_50pct_target,q1_lt_2pct,5,0.4,-225.97042000000002,-1129.8521
williams_r_oversold,hybrid_50pct_target,q3_5_10pct,1,0.0,-10.0,-10.0
williams_r_oversold,hybrid_50pct_target,q4_ge_10pct,174,0.5,-9.947125862068965,-1730.7999
williams_r_oversold,ma_exit_ema9,q1_lt_2pct,5,0.0,-6.72864,-33.6432
williams_r_oversold,ma_exit_ema9,q3_5_10pct,1,0.0,-6.6741,-6.6741
williams_r_oversold,ma_exit_ema9,q4_ge_10pct,174,0.4367816091954023,-0.35493563218390806,-61.7588
williams_r_oversold,mfe_lockin_trail,q1_lt_2pct,5,0.0,-7.70128,-38.5064
williams_r_oversold,mfe_lockin_trail,q3_5_10pct,1,0.0,-12.2565,-12.2565
williams_r_oversold,mfe_lockin_trail,q4_ge_10pct,174,0.25862068965517243,-2.0936419540229885,-364.2937
williams_r_oversold,multi_tier_partial,q1_lt_2pct,5,0.0,-7.70128,-38.5064
williams_r_oversold,multi_tier_partial,q3_5_10pct,1,0.0,-12.2565,-12.2565
williams_r_oversold,multi_tier_partial,q4_ge_10pct,174,0.3850574712643678,-1.279455747126437,-222.6253
williams_r_oversold,next_pivot_target,q1_lt_2pct,5,0.0,-10.41664,-52.0832
williams_r_oversold,next_pivot_target,q3_5_10pct,1,0.0,-10.0,-10.0
williams_r_oversold,next_pivot_target,q4_ge_10pct,174,0.6609195402298851,-0.7095028735632184,-123.4535
williams_r_oversold,r_multiple_2r,q1_lt_2pct,5,0.0,-8.74418,-43.7209
williams_r_oversold,r_multiple_2r,q3_5_10pct,1,0.0,-12.2565,-12.2565
williams_r_oversold,r_multiple_2r,q4_ge_10pct,174,0.29310344827586204,-1.111058620689655,-193.3242
williams_r_oversold,r_multiple_3r,q1_lt_2pct,5,0.0,-8.74418,-43.7209
williams_r_oversold,r_multiple_3r,q3_5_10pct,1,0.0,-12.2565,-12.2565
williams_r_oversold,r_multiple_3r,q4_ge_10pct,174,0.22988505747126436,-1.1949103448275862,-207.9144
williams_r_oversold,regime_flip,q1_lt_2pct,5,0.2,-8.83568,-44.178399999999996
williams_r_oversold,regime_flip,q3_5_10pct,1,0.0,-38.8827,-38.8827
williams_r_oversold,regime_flip,q4_ge_10pct,174,0.4827586206896552,-0.5379103448275862,-93.59639999999999
williams_r_oversold,reverse_signal,q1_lt_2pct,5,0.2,-9.1557,-45.7785
williams_r_oversold,reverse_signal,q3_5_10pct,1,0.0,-20.6663,-20.6663
williams_r_oversold,reverse_signal,q4_ge_10pct,174,0.5,0.7154505747126436,124.4884
williams_r_oversold,smc_mitigation_zone,q1_lt_2pct,5,0.0,-7.70128,-38.5064
williams_r_oversold,smc_mitigation_zone,q3_5_10pct,1,0.0,-12.2565,-12.2565
williams_r_oversold,smc_mitigation_zone,q4_ge_10pct,174,0.25287356321839083,-1.8504724137931037,-321.98220000000003
williams_r_oversold,time_stop_10d,q1_lt_2pct,5,0.4,-10.325779999999998,-51.628899999999994
williams_r_oversold,time_stop_10d,q3_5_10pct,1,0.0,-30.3026,-30.3026
williams_r_oversold,time_stop_10d,q4_ge_10pct,174,0.4827586206896552,-0.32997528735632187,-57.4157
williams_r_oversold,time_stop_20d,q1_lt_2pct,5,0.2,-8.83568,-44.178399999999996
williams_r_oversold,time_stop_20d,q3_5_10pct,1,0.0,-38.8827,-38.8827
williams_r_oversold,time_stop_20d,q4_ge_10pct,174,0.4827586206896552,-0.5379103448275862,-93.59639999999999
williams_r_oversold,trailing_10pct,q1_lt_2pct,5,0.0,-10.41664,-52.0832
williams_r_oversold,trailing_10pct,q3_5_10pct,1,0.0,-10.0,-10.0
williams_r_oversold,trailing_10pct,q4_ge_10pct,174,0.3160919540229885,-1.2066132183908047,-209.9507
williams_r_oversold,trailing_15pct,q1_lt_2pct,5,0.0,-14.90816,-74.5408
williams_r_oversold,trailing_15pct,q3_5_10pct,1,0.0,-15.0,-15.0
williams_r_oversold,trailing_15pct,q4_ge_10pct,174,0.3390804597701149,-0.5009971264367815,-87.17349999999999
williams_r_oversold,trailing_5pct,q1_lt_2pct,5,0.0,-5.0,-25.0
williams_r_oversold,trailing_5pct,q3_5_10pct,1,0.0,-5.0,-5.0
williams_r_oversold,trailing_5pct,q4_ge_10pct,174,0.22988505747126436,-1.8711206896551724,-325.575
williams_stoch_dual,atr_trail_1x,q4_ge_10pct,31,0.25806451612903225,-1.4305129032258064,-44.3459
williams_stoch_dual,atr_trail_2x,q4_ge_10pct,31,0.4838709677419355,0.9065774193548387,28.1039
williams_stoch_dual,atr_trail_mae_conditional,q4_ge_10pct,31,0.25806451612903225,-1.4305129032258064,-44.3459
williams_stoch_dual,atr_trail_vix_conditional,q4_ge_10pct,31,0.41935483870967744,-0.5298161290322582,-16.424300000000002
williams_stoch_dual,break_even_at_1r,q4_ge_10pct,31,0.0967741935483871,-1.635658064516129,-50.7054
williams_stoch_dual,breakeven_plus_trail,q4_ge_10pct,31,0.25806451612903225,0.5310032258064518,16.461100000000005
williams_stoch_dual,chandelier_3x,q4_ge_10pct,31,0.0,-0.3492096774193548,-10.8255
williams_stoch_dual,class_time_stop,q4_ge_10pct,31,0.5806451612903226,1.9240709677419352,59.64619999999999
williams_stoch_dual,earnings_blackout,q4_ge_10pct,31,0.5161290322580645,-7.182203225806452,-222.6483
williams_stoch_dual,fixed_4r_2r,q4_ge_10pct,31,0.41935483870967744,0.32239677419354845,9.994300000000003
williams_stoch_dual,hybrid_50pct_target,q4_ge_10pct,31,0.7096774193548387,2.9869096774193546,92.5942
williams_stoch_dual,ma_exit_ema9,q4_ge_10pct,31,0.4838709677419355,-0.28057741935483865,-8.697899999999999
williams_stoch_dual,mfe_lockin_trail,q4_ge_10pct,31,0.25806451612903225,-1.372709677419355,-42.554
williams_stoch_dual,multi_tier_partial,q4_ge_10pct,31,0.41935483870967744,-0.7660870967741935,-23.7487
williams_stoch_dual,next_pivot_target,q4_ge_10pct,31,0.9032258064516129,0.9383322580645161,29.0883
williams_stoch_dual,r_multiple_2r,q4_ge_10pct,31,0.3225806451612903,-0.6141161290322581,-19.0376
williams_stoch_dual,r_multiple_3r,q4_ge_10pct,31,0.2903225806451613,-0.6342935483870967,-19.6631
williams_stoch_dual,regime_flip,q4_ge_10pct,31,0.5483870967741935,-0.016183870967742063,-0.5017000000000039
williams_stoch_dual,reverse_signal,q4_ge_10pct,31,0.25806451612903225,-1.4305129032258064,-44.3459
williams_stoch_dual,smc_mitigation_zone,q4_ge_10pct,31,0.25806451612903225,-1.4305129032258064,-44.3459
williams_stoch_dual,time_stop_10d,q4_ge_10pct,31,0.5806451612903226,-0.2369354838709678,-7.3450000000000015
williams_stoch_dual,time_stop_20d,q4_ge_10pct,31,0.5483870967741935,-0.016183870967742063,-0.5017000000000039
williams_stoch_dual,trailing_10pct,q4_ge_10pct,31,0.3225806451612903,-0.1063612903225805,-3.2971999999999957
williams_stoch_dual,trailing_15pct,q4_ge_10pct,31,0.3870967741935484,-0.9121096774193548,-28.275399999999998
williams_stoch_dual,trailing_5pct,q4_ge_10pct,31,0.41935483870967744,0.12737419354838703,3.9485999999999977
xs_low_beta_long,atr_trail_1x,q1_lt_2pct,5,0.0,-3.0888,-15.443999999999999
xs_low_beta_long,atr_trail_1x,q3_5_10pct,2,0.0,-3.76035,-7.5207
xs_low_beta_long,atr_trail_1x,q4_ge_10pct,224,0.24553571428571427,-0.45366071428571425,-101.61999999999999
xs_low_beta_long,atr_trail_2x,q1_lt_2pct,5,0.4,-1.04818,-5.2409
xs_low_beta_long,atr_trail_2x,q3_5_10pct,2,0.0,-7.2547500000000005,-14.509500000000001
xs_low_beta_long,atr_trail_2x,q4_ge_10pct,224,0.3392857142857143,-1.0497200892857144,-235.1373
xs_low_beta_long,atr_trail_mae_conditional,q1_lt_2pct,5,0.0,-3.0888,-15.443999999999999
xs_low_beta_long,atr_trail_mae_conditional,q3_5_10pct,2,0.0,-3.76035,-7.5207
xs_low_beta_long,atr_trail_mae_conditional,q4_ge_10pct,224,0.24553571428571427,-0.45366071428571425,-101.61999999999999
xs_low_beta_long,atr_trail_vix_conditional,q1_lt_2pct,5,0.0,-3.1687600000000002,-15.843800000000002
xs_low_beta_long,atr_trail_vix_conditional,q3_5_10pct,2,0.0,-5.70335,-11.4067
xs_low_beta_long,atr_trail_vix_conditional,q4_ge_10pct,224,0.26339285714285715,-0.5311290178571428,-118.9729
xs_low_beta_long,break_even_at_1r,q1_lt_2pct,5,0.0,-3.0888,-15.443999999999999
xs_low_beta_long,break_even_at_1r,q3_5_10pct,2,0.0,-3.76035,-7.5207
xs_low_beta_long,break_even_at_1r,q4_ge_10pct,224,0.10714285714285714,-1.0120276785714286,-226.69420000000002
xs_low_beta_long,breakeven_plus_trail,q1_lt_2pct,5,0.2,-1.5947,-7.9735
xs_low_beta_long,breakeven_plus_trail,q3_5_10pct,2,0.0,-7.04645,-14.0929
xs_low_beta_long,breakeven_plus_trail,q4_ge_10pct,224,0.2544642857142857,1.0157705357142857,227.5326
xs_low_beta_long,chandelier_3x,q1_lt_2pct,5,0.0,-1.28332,-6.4166
xs_low_beta_long,chandelier_3x,q3_5_10pct,2,0.0,-4.2192,-8.4384
xs_low_beta_long,chandelier_3x,q4_ge_10pct,224,0.17857142857142858,-1.0126142857142857,-226.8256
xs_low_beta_long,class_time_stop,q1_lt_2pct,5,0.4,-4.13956,-20.6978
xs_low_beta_long,class_time_stop,q3_5_10pct,2,0.0,-7.65905,-15.3181
xs_low_beta_long,class_time_stop,q4_ge_10pct,224,0.5178571428571429,-0.5109446428571428,-114.45159999999998
xs_low_beta_long,earnings_blackout,q1_lt_2pct,5,0.6,1.1016,5.508
xs_low_beta_long,earnings_blackout,q3_5_10pct,2,0.0,-8.9389,-17.8778
xs_low_beta_long,earnings_blackout,q4_ge_10pct,224,0.5758928571428571,5.5518455357142855,1243.6134
xs_low_beta_long,fixed_4r_2r,q1_lt_2pct,5,0.4,3.3274,16.637
xs_low_beta_long,fixed_4r_2r,q3_5_10pct,2,0.0,-7.2547500000000005,-14.509500000000001
xs_low_beta_long,fixed_4r_2r,q4_ge_10pct,224,0.36607142857142855,-0.05114464285714287,-11.456400000000002
xs_low_beta_long,hybrid_50pct_target,q1_lt_2pct,5,0.4,-0.8860200000000003,-4.430100000000001
xs_low_beta_long,hybrid_50pct_target,q3_5_10pct,2,0.0,-10.0,-20.0
xs_low_beta_long,hybrid_50pct_target,q4_ge_10pct,224,0.5892857142857143,0.1660901785714286,37.20420000000001
xs_low_beta_long,ma_exit_ema9,q1_lt_2pct,5,0.0,-2.81722,-14.0861
xs_low_beta_long,ma_exit_ema9,q3_5_10pct,2,0.0,-2.64095,-5.2819
xs_low_beta_long,ma_exit_ema9,q4_ge_10pct,224,0.3392857142857143,-0.6732763392857143,-150.8139
xs_low_beta_long,mfe_lockin_trail,q1_lt_2pct,5,0.0,-3.0888,-15.443999999999999
xs_low_beta_long,mfe_lockin_trail,q3_5_10pct,2,0.0,-3.76035,-7.5207
xs_low_beta_long,mfe_lockin_trail,q4_ge_10pct,224,0.24553571428571427,-0.7027910714285713,-157.4252
xs_low_beta_long,multi_tier_partial,q1_lt_2pct,5,0.0,-3.0888,-15.443999999999999
xs_low_beta_long,multi_tier_partial,q3_5_10pct,2,0.0,-3.76035,-7.5207
xs_low_beta_long,multi_tier_partial,q4_ge_10pct,224,0.3794642857142857,-0.41145982142857146,-92.167
xs_low_beta_long,next_pivot_target,q1_lt_2pct,5,0.8,-0.4156000000000001,-2.0780000000000003
xs_low_beta_long,next_pivot_target,q3_5_10pct,2,0.0,-8.20075,-16.4015
xs_low_beta_long,next_pivot_target,q4_ge_10pct,224,0.7455357142857143,-0.719960267857143,-161.27110000000002
xs_low_beta_long,r_multiple_2r,q1_lt_2pct,5,0.0,-3.0888,-15.443999999999999
xs_low_beta_long,r_multiple_2r,q3_5_10pct,2,0.0,-3.76035,-7.5207
xs_low_beta_long,r_multiple_2r,q4_ge_10pct,224,0.33482142857142855,-0.3138366071428571,-70.29939999999999
xs_low_beta_long,r_multiple_3r,q1_lt_2pct,5,0.0,-3.0888,-15.443999999999999
xs_low_beta_long,r_multiple_3r,q3_5_10pct,2,0.0,-3.76035,-7.5207
xs_low_beta_long,r_multiple_3r,q4_ge_10pct,224,0.25,-0.2861700892857143,-64.10210000000001
xs_low_beta_long,regime_flip,q1_lt_2pct,5,0.6,-4.61324,-23.066200000000002
xs_low_beta_long,regime_flip,q3_5_10pct,2,0.0,-5.6235,-11.247
xs_low_beta_long,regime_flip,q4_ge_10pct,224,0.53125,-0.24466874999999996,-54.80579999999999
xs_low_beta_long,reverse_signal,q1_lt_2pct,5,0.0,-3.0888,-15.443999999999999
xs_low_beta_long,reverse_signal,q3_5_10pct,2,0.0,-3.76035,-7.5207
xs_low_beta_long,reverse_signal,q4_ge_10pct,224,0.24553571428571427,-0.45366071428571425,-101.61999999999999
xs_low_beta_long,smc_mitigation_zone,q1_lt_2pct,5,0.0,-3.0888,-15.443999999999999
xs_low_beta_long,smc_mitigation_zone,q3_5_10pct,2,0.0,-3.76035,-7.5207
xs_low_beta_long,smc_mitigation_zone,q4_ge_10pct,224,0.24553571428571427,-0.45366071428571425,-101.61999999999999
xs_low_beta_long,time_stop_10d,q1_lt_2pct,5,0.6,-2.1904,-10.952
xs_low_beta_long,time_stop_10d,q3_5_10pct,2,0.0,-5.31175,-10.6235
xs_low_beta_long,time_stop_10d,q4_ge_10pct,224,0.5357142857142857,0.6507866071428571,145.7762
xs_low_beta_long,time_stop_20d,q1_lt_2pct,5,0.6,-4.61324,-23.066200000000002
xs_low_beta_long,time_stop_20d,q3_5_10pct,2,0.0,-5.6235,-11.247
xs_low_beta_long,time_stop_20d,q4_ge_10pct,224,0.53125,-0.24466874999999996,-54.80579999999999
xs_low_beta_long,trailing_10pct,q1_lt_2pct,5,0.4,-3.55456,-17.7728
xs_low_beta_long,trailing_10pct,q3_5_10pct,2,0.0,-10.0,-20.0
xs_low_beta_long,trailing_10pct,q4_ge_10pct,224,0.38392857142857145,-0.690515625,-154.6755
xs_low_beta_long,trailing_15pct,q1_lt_2pct,5,0.4,-0.24330000000000068,-1.2165000000000035
xs_low_beta_long,trailing_15pct,q3_5_10pct,2,0.0,-14.1021,-28.2042
xs_low_beta_long,trailing_15pct,q4_ge_10pct,224,0.38839285714285715,1.7841375,399.6468
xs_low_beta_long,trailing_5pct,q1_lt_2pct,5,0.0,-5.0,-25.0
xs_low_beta_long,trailing_5pct,q3_5_10pct,2,0.0,-6.470000000000001,-12.940000000000001
xs_low_beta_long,trailing_5pct,q4_ge_10pct,224,0.3482142857142857,-0.5826388392857142,-130.5111
xs_momentum_bottom_decile_short,atr_trail_1x,q1_lt_2pct,18,0.0,-7.811816666666666,-140.6127
xs_momentum_bottom_decile_short,atr_trail_1x,q3_5_10pct,5,0.0,-7.357080000000001,-36.7854
xs_momentum_bottom_decile_short,atr_trail_1x,q4_ge_10pct,393,0.2748091603053435,-2.1658638676844784,-851.1845
xs_momentum_bottom_decile_short,atr_trail_2x,q1_lt_2pct,18,0.16666666666666666,-11.7667,-211.8006
xs_momentum_bottom_decile_short,atr_trail_2x,q3_5_10pct,5,0.2,-5.633979999999999,-28.1699
xs_momentum_bottom_decile_short,atr_trail_2x,q4_ge_10pct,393,0.33078880407124683,-4.347145547073792,-1708.4282
xs_momentum_bottom_decile_short,atr_trail_mae_conditional,q1_lt_2pct,18,0.0,-7.811816666666666,-140.6127
xs_momentum_bottom_decile_short,atr_trail_mae_conditional,q3_5_10pct,5,0.0,-7.357080000000001,-36.7854
xs_momentum_bottom_decile_short,atr_trail_mae_conditional,q4_ge_10pct,393,0.2748091603053435,-2.1658638676844784,-851.1845
xs_momentum_bottom_decile_short,atr_trail_vix_conditional,q1_lt_2pct,18,0.0,-10.441844444444444,-187.95319999999998
xs_momentum_bottom_decile_short,atr_trail_vix_conditional,q3_5_10pct,5,0.0,-9.44274,-47.2137
xs_momentum_bottom_decile_short,atr_trail_vix_conditional,q4_ge_10pct,393,0.26463104325699743,-3.2566987277353694,-1279.8826000000001
xs_momentum_bottom_decile_short,break_even_at_1r,q1_lt_2pct,18,0.0,-7.811816666666666,-140.6127
xs_momentum_bottom_decile_short,break_even_at_1r,q3_5_10pct,5,0.0,-7.357080000000001,-36.7854
xs_momentum_bottom_decile_short,break_even_at_1r,q4_ge_10pct,393,0.23155216284987276,-3.430873027989822,-1348.3331
xs_momentum_bottom_decile_short,breakeven_plus_trail,q1_lt_2pct,18,0.2777777777777778,-8.805033333333334,-158.4906
xs_momentum_bottom_decile_short,breakeven_plus_trail,q3_5_10pct,5,0.4,-0.5959000000000005,-2.9795000000000025
xs_momentum_bottom_decile_short,breakeven_plus_trail,q4_ge_10pct,393,0.48091603053435117,0.7574834605597963,297.691
xs_momentum_bottom_decile_short,chandelier_3x,q1_lt_2pct,18,0.05555555555555555,-7.754655555555555,-139.5838
xs_momentum_bottom_decile_short,chandelier_3x,q3_5_10pct,5,0.0,-11.962520000000001,-59.8126
xs_momentum_bottom_decile_short,chandelier_3x,q4_ge_10pct,393,0.19338422391857507,-3.577069465648855,-1405.7883
xs_momentum_bottom_decile_short,class_time_stop,q1_lt_2pct,18,0.6111111111111112,2.669683333333334,48.05430000000001
xs_momentum_bottom_decile_short,class_time_stop,q3_5_10pct,5,0.6,-1.7654600000000003,-8.827300000000001
xs_momentum_bottom_decile_short,class_time_stop,q4_ge_10pct,393,0.5190839694656488,-13.349429262086515,-5246.3257
xs_momentum_bottom_decile_short,earnings_blackout,q1_lt_2pct,18,0.5555555555555556,0.18521111111111171,3.3338000000000108
xs_momentum_bottom_decile_short,earnings_blackout,q3_5_10pct,5,0.6,-5.60006,-28.0003
xs_momentum_bottom_decile_short,earnings_blackout,q4_ge_10pct,393,0.49872773536895676,-12.874151908396946,-5059.5417
xs_momentum_bottom_decile_short,fixed_4r_2r,q1_lt_2pct,18,0.1111111111111111,-9.662505555555555,-173.9251
xs_momentum_bottom_decile_short,fixed_4r_2r,q3_5_10pct,5,0.2,-1.319760000000001,-6.598800000000005
xs_momentum_bottom_decile_short,fixed_4r_2r,q4_ge_10pct,393,0.30025445292620867,-5.446961832061069,-2140.656
xs_momentum_bottom_decile_short,hybrid_50pct_target,q1_lt_2pct,18,0.9444444444444444,-42.58865555555556,-766.5958
xs_momentum_bottom_decile_short,hybrid_50pct_target,q3_5_10pct,5,1.0,21.258779999999998,106.2939
xs_momentum_bottom_decile_short,hybrid_50pct_target,q4_ge_10pct,393,0.7073791348600509,-76.14845877862595,-29926.3443
xs_momentum_bottom_decile_short,ma_exit_ema9,q1_lt_2pct,18,0.0,-8.059038888888889,-145.0627
xs_momentum_bottom_decile_short,ma_exit_ema9,q3_5_10pct,5,0.0,-7.3200199999999995,-36.6001
xs_momentum_bottom_decile_short,ma_exit_ema9,q4_ge_10pct,393,0.35368956743002544,-0.9984211195928754,-392.3795
xs_momentum_bottom_decile_short,mfe_lockin_trail,q1_lt_2pct,18,0.0,-7.811816666666666,-140.6127
xs_momentum_bottom_decile_short,mfe_lockin_trail,q3_5_10pct,5,0.0,-7.357080000000001,-36.7854
xs_momentum_bottom_decile_short,mfe_lockin_trail,q4_ge_10pct,393,0.2748091603053435,-2.1412834605597966,-841.5244
xs_momentum_bottom_decile_short,multi_tier_partial,q1_lt_2pct,18,0.0,-7.811816666666666,-140.6127
xs_momentum_bottom_decile_short,multi_tier_partial,q3_5_10pct,5,0.0,-7.357080000000001,-36.7854
xs_momentum_bottom_decile_short,multi_tier_partial,q4_ge_10pct,393,0.3944020356234097,-1.5974946564885495,-627.8154
xs_momentum_bottom_decile_short,next_pivot_target,q1_lt_2pct,18,0.0,-10.937583333333333,-196.8765
xs_momentum_bottom_decile_short,next_pivot_target,q3_5_10pct,5,0.0,-11.02074,-55.1037
xs_momentum_bottom_decile_short,next_pivot_target,q4_ge_10pct,393,0.6717557251908397,-1.969498473282443,-774.0129000000001
xs_momentum_bottom_decile_short,r_multiple_2r,q1_lt_2pct,18,0.0,-7.811816666666666,-140.6127
xs_momentum_bottom_decile_short,r_multiple_2r,q3_5_10pct,5,0.0,-7.357080000000001,-36.7854
xs_momentum_bottom_decile_short,r_multiple_2r,q4_ge_10pct,393,0.28498727735368956,-2.633450636132315,-1034.9461
xs_momentum_bottom_decile_short,r_multiple_3r,q1_lt_2pct,18,0.0,-7.811816666666666,-140.6127
xs_momentum_bottom_decile_short,r_multiple_3r,q3_5_10pct,5,0.0,-7.357080000000001,-36.7854
xs_momentum_bottom_decile_short,r_multiple_3r,q4_ge_10pct,393,0.22137404580152673,-3.293327226463105,-1294.2776000000001
xs_momentum_bottom_decile_short,regime_flip,q1_lt_2pct,18,0.5,-0.8780166666666667,-15.8043
xs_momentum_bottom_decile_short,regime_flip,q3_5_10pct,5,0.2,-11.46452,-57.3226
xs_momentum_bottom_decile_short,regime_flip,q4_ge_10pct,393,0.48854961832061067,-12.026099491094147,-4726.2571
xs_momentum_bottom_decile_short,reverse_signal,q1_lt_2pct,18,0.0,-7.811816666666666,-140.6127
xs_momentum_bottom_decile_short,reverse_signal,q3_5_10pct,5,0.0,-7.357080000000001,-36.7854
xs_momentum_bottom_decile_short,reverse_signal,q4_ge_10pct,393,0.2748091603053435,-2.1658638676844784,-851.1845
xs_momentum_bottom_decile_short,smc_mitigation_zone,q1_lt_2pct,18,0.0,-7.811816666666666,-140.6127
xs_momentum_bottom_decile_short,smc_mitigation_zone,q3_5_10pct,5,0.0,-7.357080000000001,-36.7854
xs_momentum_bottom_decile_short,smc_mitigation_zone,q4_ge_10pct,393,0.2748091603053435,-2.1658638676844784,-851.1845
xs_momentum_bottom_decile_short,time_stop_10d,q1_lt_2pct,18,0.2222222222222222,-7.184344444444444,-129.3182
xs_momentum_bottom_decile_short,time_stop_10d,q3_5_10pct,5,0.2,-12.17052,-60.8526
xs_momentum_bottom_decile_short,time_stop_10d,q4_ge_10pct,393,0.49363867684478374,-4.928910432569975,-1937.0618
xs_momentum_bottom_decile_short,time_stop_20d,q1_lt_2pct,18,0.5,-0.8780166666666667,-15.8043
xs_momentum_bottom_decile_short,time_stop_20d,q3_5_10pct,5,0.2,-11.46452,-57.3226
xs_momentum_bottom_decile_short,time_stop_20d,q4_ge_10pct,393,0.48854961832061067,-12.026099491094147,-4726.2571
xs_momentum_bottom_decile_short,trailing_10pct,q1_lt_2pct,18,0.0,-10.289694444444443,-185.2145
xs_momentum_bottom_decile_short,trailing_10pct,q3_5_10pct,5,0.0,-10.5365,-52.682500000000005
xs_momentum_bottom_decile_short,trailing_10pct,q4_ge_10pct,393,0.3053435114503817,-2.3569814249363867,-926.2937000000001
xs_momentum_bottom_decile_short,trailing_15pct,q1_lt_2pct,18,0.16666666666666666,-9.170133333333332,-165.0624
xs_momentum_bottom_decile_short,trailing_15pct,q3_5_10pct,5,0.0,-11.92702,-59.6351
xs_momentum_bottom_decile_short,trailing_15pct,q4_ge_10pct,393,0.361323155216285,-2.9707175572519082,-1167.492
xs_momentum_bottom_decile_short,trailing_5pct,q1_lt_2pct,18,0.0,-5.595016666666667,-100.7103
xs_momentum_bottom_decile_short,trailing_5pct,q3_5_10pct,5,0.0,-5.01308,-25.0654
xs_momentum_bottom_decile_short,trailing_5pct,q4_ge_10pct,393,0.1628498727735369,-2.2645880407124683,-889.9831
xs_momentum_top_decile,atr_trail_1x,q1_lt_2pct,2,0.0,-4.5807,-9.1614
xs_momentum_top_decile,atr_trail_1x,q4_ge_10pct,83,0.2891566265060241,-1.321466265060241,-109.68169999999999
xs_momentum_top_decile,atr_trail_2x,q1_lt_2pct,2,0.0,-5.4402,-10.8804
xs_momentum_top_decile,atr_trail_2x,q4_ge_10pct,83,0.30120481927710846,-0.5118518072289158,-42.483700000000006
xs_momentum_top_decile,atr_trail_mae_conditional,q1_lt_2pct,2,0.0,-4.5807,-9.1614
xs_momentum_top_decile,atr_trail_mae_conditional,q4_ge_10pct,83,0.2891566265060241,-1.321466265060241,-109.68169999999999
xs_momentum_top_decile,atr_trail_vix_conditional,q1_lt_2pct,2,0.0,-2.4232,-4.8464
xs_momentum_top_decile,atr_trail_vix_conditional,q4_ge_10pct,83,0.25301204819277107,-1.4964734939759037,-124.2073
xs_momentum_top_decile,break_even_at_1r,q1_lt_2pct,2,0.0,-4.5807,-9.1614
xs_momentum_top_decile,break_even_at_1r,q4_ge_10pct,83,0.14457831325301204,-0.44692048192771083,-37.0944
xs_momentum_top_decile,breakeven_plus_trail,q1_lt_2pct,2,0.0,-9.1614,-18.3228
xs_momentum_top_decile,breakeven_plus_trail,q4_ge_10pct,83,0.2891566265060241,1.6475602409638554,136.7475
xs_momentum_top_decile,chandelier_3x,q1_lt_2pct,2,0.0,-1.8849,-3.7698
xs_momentum_top_decile,chandelier_3x,q4_ge_10pct,83,0.18072289156626506,-0.3074228915662652,-25.51610000000001
xs_momentum_top_decile,class_time_stop,q1_lt_2pct,2,0.0,-9.9457,-19.8914
xs_momentum_top_decile,class_time_stop,q4_ge_10pct,83,0.46987951807228917,0.8982240963855421,74.5526
xs_momentum_top_decile,earnings_blackout,q1_lt_2pct,2,0.5,-5.70575,-11.4115
xs_momentum_top_decile,earnings_blackout,q4_ge_10pct,83,0.4578313253012048,-0.4763024096385541,-39.53309999999999
xs_momentum_top_decile,fixed_4r_2r,q1_lt_2pct,2,0.0,-9.604849999999999,-19.209699999999998
xs_momentum_top_decile,fixed_4r_2r,q4_ge_10pct,83,0.3132530120481928,-0.0007397590361446734,-0.06140000000000789
xs_momentum_top_decile,hybrid_50pct_target,q1_lt_2pct,2,0.0,-10.0,-20.0
xs_momentum_top_decile,hybrid_50pct_target,q4_ge_10pct,83,0.4578313253012048,1.2116228915662652,100.56470000000002
xs_momentum_top_decile,ma_exit_ema9,q1_lt_2pct,2,0.0,-4.0373,-8.0746
xs_momentum_top_decile,ma_exit_ema9,q4_ge_10pct,83,0.25301204819277107,-1.18570843373494,-98.41380000000001
xs_momentum_top_decile,mfe_lockin_trail,q1_lt_2pct,2,0.0,-4.5807,-9.1614
xs_momentum_top_decile,mfe_lockin_trail,q4_ge_10pct,83,0.30120481927710846,-1.132233734939759,-93.97540000000001
xs_momentum_top_decile,multi_tier_partial,q1_lt_2pct,2,0.0,-4.5807,-9.1614
xs_momentum_top_decile,multi_tier_partial,q4_ge_10pct,83,0.39759036144578314,-1.0752518072289157,-89.2459
xs_momentum_top_decile,next_pivot_target,q1_lt_2pct,2,0.5,-2.72795,-5.4559
xs_momentum_top_decile,next_pivot_target,q4_ge_10pct,83,0.7108433734939759,-0.1968722891566265,-16.3404
xs_momentum_top_decile,r_multiple_2r,q1_lt_2pct,2,0.0,-4.5807,-9.1614
xs_momentum_top_decile,r_multiple_2r,q4_ge_10pct,83,0.3373493975903614,0.4301518072289157,35.702600000000004
xs_momentum_top_decile,r_multiple_3r,q1_lt_2pct,2,0.0,-4.5807,-9.1614
xs_momentum_top_decile,r_multiple_3r,q4_ge_10pct,83,0.25301204819277107,0.378978313253012,31.455199999999998
xs_momentum_top_decile,regime_flip,q1_lt_2pct,2,0.0,-8.0536,-16.1072
xs_momentum_top_decile,regime_flip,q4_ge_10pct,83,0.4939759036144578,0.47342650602409636,39.294399999999996
xs_momentum_top_decile,reverse_signal,q1_lt_2pct,2,0.0,-4.5807,-9.1614
xs_momentum_top_decile,reverse_signal,q4_ge_10pct,83,0.2891566265060241,-1.321466265060241,-109.68169999999999
xs_momentum_top_decile,smc_mitigation_zone,q1_lt_2pct,2,0.0,-4.5807,-9.1614
xs_momentum_top_decile,smc_mitigation_zone,q4_ge_10pct,83,0.2891566265060241,-1.321466265060241,-109.68169999999999
xs_momentum_top_decile,time_stop_10d,q1_lt_2pct,2,0.5,-4.732100000000001,-9.464200000000002
xs_momentum_top_decile,time_stop_10d,q4_ge_10pct,83,0.4578313253012048,-0.2979457831325302,-24.729500000000005
xs_momentum_top_decile,time_stop_20d,q1_lt_2pct,2,0.0,-8.0536,-16.1072
xs_momentum_top_decile,time_stop_20d,q4_ge_10pct,83,0.4939759036144578,0.47342650602409636,39.294399999999996
xs_momentum_top_decile,trailing_10pct,q1_lt_2pct,2,0.0,-7.568099999999999,-15.136199999999999
xs_momentum_top_decile,trailing_10pct,q4_ge_10pct,83,0.3132530120481928,-0.6008337349397589,-49.86919999999999
xs_momentum_top_decile,trailing_15pct,q1_lt_2pct,2,0.0,-12.703199999999999,-25.406399999999998
xs_momentum_top_decile,trailing_15pct,q4_ge_10pct,83,0.3373493975903614,2.995227710843374,248.60390000000004
xs_momentum_top_decile,trailing_5pct,q1_lt_2pct,2,0.0,-5.0,-10.0
xs_momentum_top_decile,trailing_5pct,q4_ge_10pct,83,0.24096385542168675,-1.3399903614457829,-111.21919999999999
xs_quality_top_quintile_long,atr_trail_1x,q1_lt_2pct,1,0.0,-5.7673,-5.7673
xs_quality_top_quintile_long,atr_trail_1x,q3_5_10pct,1,0.0,-3.4582,-3.4582
xs_quality_top_quintile_long,atr_trail_1x,q4_ge_10pct,103,0.2621359223300971,-1.2068572815533982,-124.30630000000001
xs_quality_top_quintile_long,atr_trail_2x,q1_lt_2pct,1,0.0,-11.5345,-11.5345
xs_quality_top_quintile_long,atr_trail_2x,q3_5_10pct,1,0.0,-6.9165,-6.9165
xs_quality_top_quintile_long,atr_trail_2x,q4_ge_10pct,103,0.32038834951456313,-1.6722262135922332,-172.23930000000001
xs_quality_top_quintile_long,atr_trail_mae_conditional,q1_lt_2pct,1,0.0,-5.7673,-5.7673
xs_quality_top_quintile_long,atr_trail_mae_conditional,q3_5_10pct,1,0.0,-3.4582,-3.4582
xs_quality_top_quintile_long,atr_trail_mae_conditional,q4_ge_10pct,103,0.2621359223300971,-1.2068572815533982,-124.30630000000001
xs_quality_top_quintile_long,atr_trail_vix_conditional,q1_lt_2pct,1,0.0,-5.7673,-5.7673
xs_quality_top_quintile_long,atr_trail_vix_conditional,q3_5_10pct,1,0.0,-2.5937,-2.5937
xs_quality_top_quintile_long,atr_trail_vix_conditional,q4_ge_10pct,103,0.2815533980582524,-0.8978737864077669,-92.481
xs_quality_top_quintile_long,break_even_at_1r,q1_lt_2pct,1,0.0,-5.7673,-5.7673
xs_quality_top_quintile_long,break_even_at_1r,q3_5_10pct,1,0.0,-3.4582,-3.4582
xs_quality_top_quintile_long,break_even_at_1r,q4_ge_10pct,103,0.13592233009708737,-1.3166368932038834,-135.6136
xs_quality_top_quintile_long,breakeven_plus_trail,q1_lt_2pct,1,0.0,-11.5345,-11.5345
xs_quality_top_quintile_long,breakeven_plus_trail,q3_5_10pct,1,0.0,-6.9165,-6.9165
xs_quality_top_quintile_long,breakeven_plus_trail,q4_ge_10pct,103,0.32038834951456313,2.434185436893204,250.7211
xs_quality_top_quintile_long,chandelier_3x,q1_lt_2pct,1,0.0,-13.7903,-13.7903
xs_quality_top_quintile_long,chandelier_3x,q3_5_10pct,1,0.0,-9.8392,-9.8392
xs_quality_top_quintile_long,chandelier_3x,q4_ge_10pct,103,0.1650485436893204,-0.8164601941747573,-84.09540000000001
xs_quality_top_quintile_long,class_time_stop,q1_lt_2pct,1,0.0,-33.2586,-33.2586
xs_quality_top_quintile_long,class_time_stop,q3_5_10pct,1,0.0,-9.603,-9.603
xs_quality_top_quintile_long,class_time_stop,q4_ge_10pct,103,0.47572815533980584,-0.005400970873786232,-0.5562999999999819
xs_quality_top_quintile_long,earnings_blackout,q1_lt_2pct,1,0.0,-32.6472,-32.6472
xs_quality_top_quintile_long,earnings_blackout,q3_5_10pct,1,0.0,-4.4071,-4.4071
xs_quality_top_quintile_long,earnings_blackout,q4_ge_10pct,103,0.4563106796116505,-0.5455864077669902,-56.195399999999985
xs_quality_top_quintile_long,fixed_4r_2r,q1_lt_2pct,1,0.0,-11.5345,-11.5345
xs_quality_top_quintile_long,fixed_4r_2r,q3_5_10pct,1,0.0,-6.9165,-6.9165
xs_quality_top_quintile_long,fixed_4r_2r,q4_ge_10pct,103,0.3106796116504854,-1.3352174757281554,-137.5274
xs_quality_top_quintile_long,hybrid_50pct_target,q1_lt_2pct,1,0.0,-10.0,-10.0
xs_quality_top_quintile_long,hybrid_50pct_target,q3_5_10pct,1,0.0,-10.0,-10.0
xs_quality_top_quintile_long,hybrid_50pct_target,q4_ge_10pct,103,0.5242718446601942,1.6219932038834952,167.0653
xs_quality_top_quintile_long,ma_exit_ema9,q1_lt_2pct,1,0.0,-8.6,-8.6
xs_quality_top_quintile_long,ma_exit_ema9,q3_5_10pct,1,0.0,-4.7023,-4.7023
xs_quality_top_quintile_long,ma_exit_ema9,q4_ge_10pct,103,0.2621359223300971,-0.1862087378640777,-19.179500000000004
xs_quality_top_quintile_long,mfe_lockin_trail,q1_lt_2pct,1,0.0,-5.7673,-5.7673
xs_quality_top_quintile_long,mfe_lockin_trail,q3_5_10pct,1,0.0,-3.4582,-3.4582
xs_quality_top_quintile_long,mfe_lockin_trail,q4_ge_10pct,103,0.27184466019417475,-0.964826213592233,-99.3771
xs_quality_top_quintile_long,multi_tier_partial,q1_lt_2pct,1,0.0,-5.7673,-5.7673
xs_quality_top_quintile_long,multi_tier_partial,q3_5_10pct,1,0.0,-3.4582,-3.4582
xs_quality_top_quintile_long,multi_tier_partial,q4_ge_10pct,103,0.3786407766990291,-0.7672611650485437,-79.0279
xs_quality_top_quintile_long,next_pivot_target,q1_lt_2pct,1,0.0,-11.5345,-11.5345
xs_quality_top_quintile_long,next_pivot_target,q3_5_10pct,1,0.0,-10.0,-10.0
xs_quality_top_quintile_long,next_pivot_target,q4_ge_10pct,103,0.7281553398058253,0.6471902912621358,66.66059999999999
xs_quality_top_quintile_long,r_multiple_2r,q1_lt_2pct,1,0.0,-5.7673,-5.7673
xs_quality_top_quintile_long,r_multiple_2r,q3_5_10pct,1,0.0,-3.4582,-3.4582
xs_quality_top_quintile_long,r_multiple_2r,q4_ge_10pct,103,0.3592233009708738,0.6404961165048543,65.97109999999999
xs_quality_top_quintile_long,r_multiple_3r,q1_lt_2pct,1,0.0,-5.7673,-5.7673
xs_quality_top_quintile_long,r_multiple_3r,q3_5_10pct,1,0.0,-3.4582,-3.4582
xs_quality_top_quintile_long,r_multiple_3r,q4_ge_10pct,103,0.24271844660194175,0.16834368932038843,17.33940000000001
xs_quality_top_quintile_long,regime_flip,q1_lt_2pct,1,0.0,-25.107,-25.107
xs_quality_top_quintile_long,regime_flip,q3_5_10pct,1,0.0,-11.6105,-11.6105
xs_quality_top_quintile_long,regime_flip,q4_ge_10pct,103,0.44660194174757284,0.28711067961165054,29.572400000000005
xs_quality_top_quintile_long,reverse_signal,q1_lt_2pct,1,0.0,-5.7673,-5.7673
xs_quality_top_quintile_long,reverse_signal,q3_5_10pct,1,0.0,-3.4582,-3.4582
xs_quality_top_quintile_long,reverse_signal,q4_ge_10pct,103,0.2621359223300971,-1.2068572815533982,-124.30630000000001
xs_quality_top_quintile_long,smc_mitigation_zone,q1_lt_2pct,1,0.0,-5.7673,-5.7673
xs_quality_top_quintile_long,smc_mitigation_zone,q3_5_10pct,1,0.0,-3.4582,-3.4582
xs_quality_top_quintile_long,smc_mitigation_zone,q4_ge_10pct,103,0.2621359223300971,-1.2068572815533982,-124.30630000000001
xs_quality_top_quintile_long,time_stop_10d,q1_lt_2pct,1,0.0,-18.28,-18.28
xs_quality_top_quintile_long,time_stop_10d,q3_5_10pct,1,0.0,-5.2927,-5.2927
xs_quality_top_quintile_long,time_stop_10d,q4_ge_10pct,103,0.5145631067961165,0.7407864077669903,76.301
xs_quality_top_quintile_long,time_stop_20d,q1_lt_2pct,1,0.0,-25.107,-25.107
xs_quality_top_quintile_long,time_stop_20d,q3_5_10pct,1,0.0,-11.6105,-11.6105
xs_quality_top_quintile_long,time_stop_20d,q4_ge_10pct,103,0.44660194174757284,0.28711067961165054,29.572400000000005
xs_quality_top_quintile_long,trailing_10pct,q1_lt_2pct,1,0.0,-10.0,-10.0
xs_quality_top_quintile_long,trailing_10pct,q3_5_10pct,1,0.0,-10.0,-10.0
xs_quality_top_quintile_long,trailing_10pct,q4_ge_10pct,103,0.34951456310679613,-1.0449436893203883,-107.6292
xs_quality_top_quintile_long,trailing_15pct,q1_lt_2pct,1,0.0,-15.0,-15.0
xs_quality_top_quintile_long,trailing_15pct,q3_5_10pct,1,1.0,20.0993,20.0993
xs_quality_top_quintile_long,trailing_15pct,q4_ge_10pct,103,0.3883495145631068,2.409068932038835,248.1341
xs_quality_top_quintile_long,trailing_5pct,q1_lt_2pct,1,0.0,-5.0,-5.0
xs_quality_top_quintile_long,trailing_5pct,q3_5_10pct,1,0.0,-5.0,-5.0
xs_quality_top_quintile_long,trailing_5pct,q4_ge_10pct,103,0.21359223300970873,-1.7580582524271846,-181.08
