strategy,exit_method,8K_filed_during_hold,n,win_rate,avg_pnl_pct,total_pnl_pct
adx_initiation,atr_trail_1x,no,91,0.2087912087912088,-3.5427450549450548,-322.3898
adx_initiation,atr_trail_1x,no_data,10,0.1,-3.2705399999999996,-32.7054
adx_initiation,atr_trail_1x,yes,76,0.2894736842105263,-2.321890789473684,-176.4637
adx_initiation,atr_trail_2x,no,91,0.23076923076923078,-4.136124175824175,-376.3873
adx_initiation,atr_trail_2x,no_data,10,0.3,-4.06299,-40.6299
adx_initiation,atr_trail_2x,yes,76,0.3815789473684211,-1.1871907894736844,-90.22650000000002
adx_initiation,atr_trail_mae_conditional,no,91,0.2087912087912088,-3.5427450549450548,-322.3898
adx_initiation,atr_trail_mae_conditional,no_data,10,0.1,-3.2705399999999996,-32.7054
adx_initiation,atr_trail_mae_conditional,yes,76,0.2894736842105263,-2.321890789473684,-176.4637
adx_initiation,atr_trail_vix_conditional,no,91,0.27472527472527475,-3.9767901098901097,-361.8879
adx_initiation,atr_trail_vix_conditional,no_data,10,0.1,-2.9271,-29.270999999999997
adx_initiation,atr_trail_vix_conditional,yes,76,0.3157894736842105,-1.4251460526315791,-108.31110000000001
adx_initiation,break_even_at_1r,no,91,0.2087912087912088,-2.587836263736264,-235.49310000000003
adx_initiation,break_even_at_1r,no_data,10,0.0,-3.46118,-34.6118
adx_initiation,break_even_at_1r,yes,76,0.19736842105263158,-3.0762894736842106,-233.798
adx_initiation,breakeven_plus_trail,no,91,0.4065934065934066,4.1326230769230765,376.0687
adx_initiation,breakeven_plus_trail,no_data,10,0.3,-2.06373,-20.6373
adx_initiation,breakeven_plus_trail,yes,76,0.5263157894736842,9.566436842105263,727.0492
adx_initiation,chandelier_3x,no,91,0.06593406593406594,-1.263456043956044,-114.9745
adx_initiation,chandelier_3x,no_data,10,0.2,-0.28087000000000006,-2.8087000000000004
adx_initiation,chandelier_3x,yes,76,0.18421052631578946,0.9783223684210527,74.3525
adx_initiation,class_time_stop,no,91,0.4065934065934066,-4.300072527472527,-391.30659999999995
adx_initiation,class_time_stop,no_data,10,0.6,17.64581,176.4581
adx_initiation,class_time_stop,yes,76,0.5394736842105263,6.913660526315788,525.4381999999999
adx_initiation,earnings_blackout,no,91,0.4725274725274725,9.220123076923075,839.0311999999999
adx_initiation,earnings_blackout,no_data,10,0.3,-3.18769,-31.8769
adx_initiation,earnings_blackout,yes,76,0.5657894736842105,5.686828947368421,432.199
adx_initiation,fixed_4r_2r,no,91,0.26373626373626374,-2.2747307692307692,-207.0005
adx_initiation,fixed_4r_2r,no_data,10,0.4,2.585669999999999,25.85669999999999
adx_initiation,fixed_4r_2r,yes,76,0.40789473684210525,18.987617105263155,1443.0588999999998
adx_initiation,hybrid_50pct_target,no,91,0.27472527472527475,-2.647435164835165,-240.9166
adx_initiation,hybrid_50pct_target,no_data,10,0.5,1.4853900000000002,14.853900000000003
adx_initiation,hybrid_50pct_target,yes,76,0.5394736842105263,2.961732894736842,225.0917
adx_initiation,ma_exit_ema9,no,91,0.31868131868131866,-1.197914285714286,-109.01020000000001
adx_initiation,ma_exit_ema9,no_data,10,0.3,-2.76098,-27.6098
adx_initiation,ma_exit_ema9,yes,76,0.3684210526315789,0.8436157894736841,64.11479999999999
adx_initiation,mfe_lockin_trail,no,91,0.2087912087912088,-3.6008494505494504,-327.6773
adx_initiation,mfe_lockin_trail,no_data,10,0.1,-3.2705399999999996,-32.7054
adx_initiation,mfe_lockin_trail,yes,76,0.2894736842105263,-2.6704552631578946,-202.9546
adx_initiation,multi_tier_partial,no,91,0.3076923076923077,-3.064341758241758,-278.8551
adx_initiation,multi_tier_partial,no_data,10,0.3,-2.7200599999999997,-27.200599999999998
adx_initiation,multi_tier_partial,yes,76,0.47368421052631576,-1.761471052631579,-133.8718
adx_initiation,next_pivot_target,no,91,0.4945054945054945,-2.87060989010989,-261.2255
adx_initiation,next_pivot_target,no_data,10,0.6,-1.73314,-17.3314
adx_initiation,next_pivot_target,yes,76,0.75,1.8119118421052631,137.7053
adx_initiation,r_multiple_2r,no,91,0.26373626373626374,-1.2372494505494507,-112.58970000000001
adx_initiation,r_multiple_2r,no_data,10,0.2,-3.4897199999999997,-34.8972
adx_initiation,r_multiple_2r,yes,76,0.3684210526315789,-0.7921131578947369,-60.2006
adx_initiation,r_multiple_3r,no,91,0.2087912087912088,-0.5432593406593408,-49.43660000000001
adx_initiation,r_multiple_3r,no_data,10,0.2,-2.5102800000000003,-25.102800000000002
adx_initiation,r_multiple_3r,yes,76,0.3157894736842105,0.01621842105263146,1.2325999999999908
adx_initiation,regime_flip,no,91,0.31868131868131866,-5.23242967032967,-476.1511
adx_initiation,regime_flip,no_data,10,0.5,-1.6019599999999996,-16.019599999999997
adx_initiation,regime_flip,yes,76,0.5394736842105263,3.3787434210526315,256.7845
adx_initiation,reverse_signal,no,91,0.2087912087912088,-3.5427450549450548,-322.3898
adx_initiation,reverse_signal,no_data,10,0.1,-3.2705399999999996,-32.7054
adx_initiation,reverse_signal,yes,76,0.2894736842105263,-2.321890789473684,-176.4637
adx_initiation,smc_mitigation_zone,no,91,0.2087912087912088,-3.5427450549450548,-322.3898
adx_initiation,smc_mitigation_zone,no_data,10,0.1,-3.2705399999999996,-32.7054
adx_initiation,smc_mitigation_zone,yes,76,0.2894736842105263,-2.321890789473684,-176.4637
adx_initiation,time_stop_10d,no,91,0.38461538461538464,-5.6328,-512.5848
adx_initiation,time_stop_10d,no_data,10,0.4,-3.92528,-39.2528
adx_initiation,time_stop_10d,yes,76,0.5921052631578947,3.0307855263157895,230.3397
adx_initiation,time_stop_20d,no,91,0.31868131868131866,-5.23242967032967,-476.1511
adx_initiation,time_stop_20d,no_data,10,0.5,-1.6019599999999996,-16.019599999999997
adx_initiation,time_stop_20d,yes,76,0.5394736842105263,3.3787434210526315,256.7845
adx_initiation,trailing_10pct,no,91,0.18681318681318682,-4.405858241758241,-400.93309999999997
adx_initiation,trailing_10pct,no_data,10,0.3,-0.6256899999999999,-6.256899999999998
adx_initiation,trailing_10pct,yes,76,0.3157894736842105,-1.194871052631579,-90.8102
adx_initiation,trailing_15pct,no,91,0.25274725274725274,-2.4755065934065934,-225.2711
adx_initiation,trailing_15pct,no_data,10,0.5,-0.2520699999999998,-2.520699999999998
adx_initiation,trailing_15pct,yes,76,0.3815789473684211,-0.22514078947368432,-17.11070000000001
adx_initiation,trailing_5pct,no,91,0.14285714285714285,-2.3746054945054946,-216.0891
adx_initiation,trailing_5pct,no_data,10,0.1,-3.03174,-30.3174
adx_initiation,trailing_5pct,yes,76,0.27631578947368424,-0.9838947368421053,-74.776
avwap_252_breakout,atr_trail_1x,no,14,0.2857142857142857,-4.653964285714286,-65.1555
avwap_252_breakout,atr_trail_1x,no_data,1,1.0,3.1648,3.1648
avwap_252_breakout,atr_trail_1x,yes,25,0.16,-1.971348,-49.2837
avwap_252_breakout,atr_trail_2x,no,14,0.2857142857142857,-5.24855,-73.4797
avwap_252_breakout,atr_trail_2x,no_data,1,1.0,12.9786,12.9786
avwap_252_breakout,atr_trail_2x,yes,25,0.4,0.38296400000000014,9.574100000000003
avwap_252_breakout,atr_trail_mae_conditional,no,14,0.2857142857142857,-4.653964285714286,-65.1555
avwap_252_breakout,atr_trail_mae_conditional,no_data,1,1.0,3.1648,3.1648
avwap_252_breakout,atr_trail_mae_conditional,yes,25,0.16,-1.971348,-49.2837
avwap_252_breakout,atr_trail_vix_conditional,no,14,0.2857142857142857,-4.538457142857143,-63.5384
avwap_252_breakout,atr_trail_vix_conditional,no_data,1,1.0,3.1648,3.1648
avwap_252_breakout,atr_trail_vix_conditional,yes,25,0.16,-1.8929079999999998,-47.3227
avwap_252_breakout,break_even_at_1r,no,14,0.07142857142857142,-4.371728571428571,-61.2042
avwap_252_breakout,break_even_at_1r,no_data,1,1.0,7.2292,7.2292
avwap_252_breakout,break_even_at_1r,yes,25,0.12,-0.06624800000000007,-1.6562000000000017
avwap_252_breakout,breakeven_plus_trail,no,14,0.42857142857142855,-0.13420714285714277,-1.878899999999999
avwap_252_breakout,breakeven_plus_trail,no_data,1,1.0,8.8042,8.8042
avwap_252_breakout,breakeven_plus_trail,yes,25,0.52,5.394648,134.8662
avwap_252_breakout,chandelier_3x,no,14,0.21428571428571427,-3.110592857142857,-43.5483
avwap_252_breakout,chandelier_3x,no_data,1,1.0,10.5731,10.5731
avwap_252_breakout,chandelier_3x,yes,25,0.28,-0.530384,-13.259599999999999
avwap_252_breakout,class_time_stop,no,14,0.42857142857142855,-5.519185714285714,-77.2686
avwap_252_breakout,class_time_stop,no_data,1,1.0,8.1595,8.1595
avwap_252_breakout,class_time_stop,yes,25,0.6,4.080748,102.0187
avwap_252_breakout,earnings_blackout,no,14,0.42857142857142855,-1.8832500000000003,-26.365500000000004
avwap_252_breakout,earnings_blackout,no_data,1,1.0,22.4318,22.4318
avwap_252_breakout,earnings_blackout,yes,25,0.68,4.809428,120.2357
avwap_252_breakout,fixed_4r_2r,no,14,0.21428571428571427,-4.055478571428571,-56.7767
avwap_252_breakout,fixed_4r_2r,no_data,1,1.0,17.4315,17.4315
avwap_252_breakout,fixed_4r_2r,yes,25,0.48,2.702264,67.5566
avwap_252_breakout,hybrid_50pct_target,no,14,0.7142857142857143,6.427157142857142,89.9802
avwap_252_breakout,hybrid_50pct_target,no_data,1,1.0,10.9389,10.9389
avwap_252_breakout,hybrid_50pct_target,yes,25,0.92,6.795788,169.8947
avwap_252_breakout,ma_exit_ema9,no,14,0.21428571428571427,-2.9165642857142857,-40.8319
avwap_252_breakout,ma_exit_ema9,no_data,1,1.0,0.0032,0.0032
avwap_252_breakout,ma_exit_ema9,yes,25,0.32,-0.75034,-18.7585
avwap_252_breakout,mfe_lockin_trail,no,14,0.2857142857142857,-4.833757142857143,-67.6726
avwap_252_breakout,mfe_lockin_trail,no_data,1,1.0,3.1648,3.1648
avwap_252_breakout,mfe_lockin_trail,yes,25,0.16,-1.952612,-48.8153
avwap_252_breakout,multi_tier_partial,no,14,0.5,-3.752635714285714,-52.536899999999996
avwap_252_breakout,multi_tier_partial,no_data,1,1.0,3.5625,3.5625
avwap_252_breakout,multi_tier_partial,yes,25,0.4,-1.493452,-37.3363
avwap_252_breakout,next_pivot_target,no,14,0.5714285714285714,1.598714285714286,22.382000000000005
avwap_252_breakout,next_pivot_target,no_data,1,1.0,0.585,0.585
avwap_252_breakout,next_pivot_target,yes,25,0.64,-0.143076,-3.5769
avwap_252_breakout,r_multiple_2r,no,14,0.2857142857142857,0.5405857142857149,7.568200000000008
avwap_252_breakout,r_multiple_2r,no_data,1,1.0,8.7812,8.7812
avwap_252_breakout,r_multiple_2r,yes,25,0.28,-0.912432,-22.8108
avwap_252_breakout,r_multiple_3r,no,14,0.2857142857142857,1.4865357142857152,20.811500000000013
avwap_252_breakout,r_multiple_3r,no_data,1,1.0,14.1374,14.1374
avwap_252_breakout,r_multiple_3r,yes,25,0.16,-2.582824,-64.5706
avwap_252_breakout,regime_flip,no,14,0.35714285714285715,-8.488464285714285,-118.8385
avwap_252_breakout,regime_flip,no_data,1,1.0,11.3418,11.3418
avwap_252_breakout,regime_flip,yes,25,0.56,-1.2817,-32.042500000000004
avwap_252_breakout,reverse_signal,no,14,0.2857142857142857,-4.653964285714286,-65.1555
avwap_252_breakout,reverse_signal,no_data,1,1.0,3.1648,3.1648
avwap_252_breakout,reverse_signal,yes,25,0.16,-1.971348,-49.2837
avwap_252_breakout,smc_mitigation_zone,no,14,0.2857142857142857,-4.653964285714286,-65.1555
avwap_252_breakout,smc_mitigation_zone,no_data,1,1.0,3.1648,3.1648
avwap_252_breakout,smc_mitigation_zone,yes,25,0.16,-1.971348,-49.2837
avwap_252_breakout,time_stop_10d,no,14,0.5,-7.195514285714286,-100.7372
avwap_252_breakout,time_stop_10d,no_data,1,1.0,11.4524,11.4524
avwap_252_breakout,time_stop_10d,yes,25,0.52,-0.12950399999999987,-3.237599999999997
avwap_252_breakout,time_stop_20d,no,14,0.35714285714285715,-8.488464285714285,-118.8385
avwap_252_breakout,time_stop_20d,no_data,1,1.0,11.3418,11.3418
avwap_252_breakout,time_stop_20d,yes,25,0.56,-1.2817,-32.042500000000004
avwap_252_breakout,trailing_10pct,no,14,0.14285714285714285,-4.128121428571428,-57.7937
avwap_252_breakout,trailing_10pct,no_data,1,1.0,7.2292,7.2292
avwap_252_breakout,trailing_10pct,yes,25,0.52,4.12904,103.226
avwap_252_breakout,trailing_15pct,no,14,0.21428571428571427,-2.8434142857142857,-39.8078
avwap_252_breakout,trailing_15pct,no_data,1,0.0,-0.0152,-0.0152
avwap_252_breakout,trailing_15pct,yes,25,0.52,4.556312,113.9078
avwap_252_breakout,trailing_5pct,no,14,0.21428571428571427,-2.2006642857142857,-30.8093
avwap_252_breakout,trailing_5pct,no_data,1,1.0,14.8098,14.8098
avwap_252_breakout,trailing_5pct,yes,25,0.2,-0.511208,-12.7802
avwap_50_reclaim,atr_trail_1x,no,134,0.21641791044776118,-3.051181343283582,-408.8583
avwap_50_reclaim,atr_trail_1x,no_data,12,0.25,-2.504983333333333,-30.0598
avwap_50_reclaim,atr_trail_1x,yes,103,0.34951456310679613,-1.419593203883495,-146.2181
avwap_50_reclaim,atr_trail_2x,no,134,0.27611940298507465,-3.5011873134328355,-469.15909999999997
avwap_50_reclaim,atr_trail_2x,no_data,12,0.4166666666666667,-1.0236833333333335,-12.284200000000002
avwap_50_reclaim,atr_trail_2x,yes,103,0.34951456310679613,-0.631531067961165,-65.04769999999999
avwap_50_reclaim,atr_trail_mae_conditional,no,134,0.21641791044776118,-3.051181343283582,-408.8583
avwap_50_reclaim,atr_trail_mae_conditional,no_data,12,0.25,-2.504983333333333,-30.0598
avwap_50_reclaim,atr_trail_mae_conditional,yes,103,0.34951456310679613,-1.419593203883495,-146.2181
avwap_50_reclaim,atr_trail_vix_conditional,no,134,0.208955223880597,-3.9738962686567167,-532.5021
avwap_50_reclaim,atr_trail_vix_conditional,no_data,12,0.25,-3.4680249999999995,-41.616299999999995
avwap_50_reclaim,atr_trail_vix_conditional,yes,103,0.30097087378640774,-0.593814563106796,-61.16289999999999
avwap_50_reclaim,break_even_at_1r,no,134,0.11940298507462686,-3.2693820895522387,-438.0972
avwap_50_reclaim,break_even_at_1r,no_data,12,0.25,-0.14803333333333324,-1.7763999999999989
avwap_50_reclaim,break_even_at_1r,yes,103,0.13592233009708737,-0.8043796116504854,-82.8511
avwap_50_reclaim,breakeven_plus_trail,no,134,0.3656716417910448,-0.23109552238805978,-30.96680000000001
avwap_50_reclaim,breakeven_plus_trail,no_data,12,0.4166666666666667,-0.7007249999999999,-8.4087
avwap_50_reclaim,breakeven_plus_trail,yes,103,0.33980582524271846,1.2374281553398059,127.4551
avwap_50_reclaim,chandelier_3x,no,134,0.27611940298507465,-3.8407029850746266,-514.6542
avwap_50_reclaim,chandelier_3x,no_data,12,0.3333333333333333,3.498816666666667,41.985800000000005
avwap_50_reclaim,chandelier_3x,yes,103,0.33980582524271846,0.37499126213592227,38.62409999999999
avwap_50_reclaim,class_time_stop,no,134,0.44029850746268656,-5.381414179104477,-721.1095
avwap_50_reclaim,class_time_stop,no_data,12,0.3333333333333333,-2.404408333333333,-28.852899999999998
avwap_50_reclaim,class_time_stop,yes,103,0.5048543689320388,0.49281747572815526,50.76019999999999
avwap_50_reclaim,earnings_blackout,no,134,0.40298507462686567,-8.804665671641791,-1179.8252
avwap_50_reclaim,earnings_blackout,no_data,12,0.4166666666666667,3.8651999999999997,46.3824
avwap_50_reclaim,earnings_blackout,yes,103,0.49514563106796117,0.34582038834951473,35.619500000000016
avwap_50_reclaim,fixed_4r_2r,no,134,0.2537313432835821,-4.6040902985074625,-616.9481
avwap_50_reclaim,fixed_4r_2r,no_data,12,0.3333333333333333,-1.1601000000000001,-13.921200000000002
avwap_50_reclaim,fixed_4r_2r,yes,103,0.33980582524271846,-0.6641417475728155,-68.4066
avwap_50_reclaim,hybrid_50pct_target,no,134,0.7089552238805971,-25.70765746268657,-3444.8261
avwap_50_reclaim,hybrid_50pct_target,no_data,12,0.8333333333333334,-14.476850000000004,-173.72220000000004
avwap_50_reclaim,hybrid_50pct_target,yes,103,0.7184466019417476,-15.449287378640777,-1591.2766000000001
avwap_50_reclaim,ma_exit_ema9,no,134,0.23880597014925373,-2.5166828358208955,-337.2355
avwap_50_reclaim,ma_exit_ema9,no_data,12,0.3333333333333333,-2.485141666666667,-29.8217
avwap_50_reclaim,ma_exit_ema9,yes,103,0.34951456310679613,-0.5911233009708737,-60.8857
avwap_50_reclaim,mfe_lockin_trail,no,134,0.21641791044776118,-3.042747014925373,-407.7281
avwap_50_reclaim,mfe_lockin_trail,no_data,12,0.25,-2.7507250000000005,-33.008700000000005
avwap_50_reclaim,mfe_lockin_trail,yes,103,0.34951456310679613,-1.5150563106796118,-156.0508
avwap_50_reclaim,multi_tier_partial,no,134,0.30597014925373134,-2.763209701492537,-370.2701
avwap_50_reclaim,multi_tier_partial,no_data,12,0.4166666666666667,-1.8270666666666668,-21.9248
avwap_50_reclaim,multi_tier_partial,yes,103,0.4854368932038835,-0.69473786407767,-71.558
avwap_50_reclaim,next_pivot_target,no,134,0.6268656716417911,-2.624238805970149,-351.64799999999997
avwap_50_reclaim,next_pivot_target,no_data,12,0.6666666666666666,0.1932166666666667,2.3186000000000004
avwap_50_reclaim,next_pivot_target,yes,103,0.7572815533980582,-0.42449417475728163,-43.72290000000001
avwap_50_reclaim,r_multiple_2r,no,134,0.2537313432835821,-2.145534328358209,-287.5016
avwap_50_reclaim,r_multiple_2r,no_data,12,0.4166666666666667,-0.6986750000000003,-8.384100000000004
avwap_50_reclaim,r_multiple_2r,yes,103,0.32038834951456313,-0.7367116504854369,-75.8813
avwap_50_reclaim,r_multiple_3r,no,134,0.1865671641791045,-2.732270895522388,-366.1243
avwap_50_reclaim,r_multiple_3r,no_data,12,0.25,-2.1950000000000003,-26.340000000000003
avwap_50_reclaim,r_multiple_3r,yes,103,0.22330097087378642,-1.0653708737864078,-109.7332
avwap_50_reclaim,regime_flip,no,134,0.44776119402985076,-2.9791611940298504,-399.20759999999996
avwap_50_reclaim,regime_flip,no_data,12,0.3333333333333333,-7.373408333333334,-88.4809
avwap_50_reclaim,regime_flip,yes,103,0.4563106796116505,-1.0385009708737865,-106.9656
avwap_50_reclaim,reverse_signal,no,134,0.21641791044776118,-3.051181343283582,-408.8583
avwap_50_reclaim,reverse_signal,no_data,12,0.25,-2.504983333333333,-30.0598
avwap_50_reclaim,reverse_signal,yes,103,0.34951456310679613,-1.419593203883495,-146.2181
avwap_50_reclaim,smc_mitigation_zone,no,134,0.21641791044776118,-3.051181343283582,-408.8583
avwap_50_reclaim,smc_mitigation_zone,no_data,12,0.25,-2.504983333333333,-30.0598
avwap_50_reclaim,smc_mitigation_zone,yes,103,0.34951456310679613,-1.419593203883495,-146.2181
avwap_50_reclaim,time_stop_10d,no,134,0.40298507462686567,-2.776188805970149,-372.0093
avwap_50_reclaim,time_stop_10d,no_data,12,0.4166666666666667,-4.573875,-54.8865
avwap_50_reclaim,time_stop_10d,yes,103,0.47572815533980584,0.10489611650485431,10.804299999999994
avwap_50_reclaim,time_stop_20d,no,134,0.44776119402985076,-2.9791611940298504,-399.20759999999996
avwap_50_reclaim,time_stop_20d,no_data,12,0.3333333333333333,-7.373408333333334,-88.4809
avwap_50_reclaim,time_stop_20d,yes,103,0.4563106796116505,-1.0385009708737865,-106.9656
avwap_50_reclaim,trailing_10pct,no,134,0.2537313432835821,-3.360594029850746,-450.3196
avwap_50_reclaim,trailing_10pct,no_data,12,0.3333333333333333,-1.58055,-18.9666
avwap_50_reclaim,trailing_10pct,yes,103,0.32038834951456313,-1.4818281553398058,-152.6283
avwap_50_reclaim,trailing_15pct,no,134,0.26119402985074625,-3.698073134328358,-495.54179999999997
avwap_50_reclaim,trailing_15pct,no_data,12,0.4166666666666667,3.2224749999999998,38.6697
avwap_50_reclaim,trailing_15pct,yes,103,0.39805825242718446,-0.4685067961165048,-48.25619999999999
avwap_50_reclaim,trailing_5pct,no,134,0.22388059701492538,-2.368782089552239,-317.4168
avwap_50_reclaim,trailing_5pct,no_data,12,0.4166666666666667,0.2567833333333332,3.0813999999999986
avwap_50_reclaim,trailing_5pct,yes,103,0.27184466019417475,-1.9365650485436894,-199.46620000000001
awesome_oscillator,atr_trail_1x,no,21,0.14285714285714285,-3.8903238095238093,-81.6968
awesome_oscillator,atr_trail_1x,no_data,1,0.0,-3.0381,-3.0381
awesome_oscillator,atr_trail_1x,yes,20,0.45,1.148485,22.9697
awesome_oscillator,atr_trail_2x,no,21,0.09523809523809523,-5.77837619047619,-121.3459
awesome_oscillator,atr_trail_2x,no_data,1,0.0,-6.4708,-6.4708
awesome_oscillator,atr_trail_2x,yes,20,0.55,3.6462499999999998,72.925
awesome_oscillator,atr_trail_mae_conditional,no,21,0.14285714285714285,-3.8903238095238093,-81.6968
awesome_oscillator,atr_trail_mae_conditional,no_data,1,0.0,-3.0381,-3.0381
awesome_oscillator,atr_trail_mae_conditional,yes,20,0.45,1.148485,22.9697
awesome_oscillator,atr_trail_vix_conditional,no,21,0.09523809523809523,-4.891080952380952,-102.7127
awesome_oscillator,atr_trail_vix_conditional,no_data,1,0.0,-2.1799,-2.1799
awesome_oscillator,atr_trail_vix_conditional,yes,20,0.45,3.16544,63.3088
awesome_oscillator,break_even_at_1r,no,21,0.09523809523809523,-2.2577523809523807,-47.4128
awesome_oscillator,break_even_at_1r,no_data,1,0.0,-3.5296,-3.5296
awesome_oscillator,break_even_at_1r,yes,20,0.3,4.439895,88.7979
awesome_oscillator,breakeven_plus_trail,no,21,0.14285714285714285,-3.77057619047619,-79.18209999999999
awesome_oscillator,breakeven_plus_trail,no_data,1,0.0,-7.0591,-7.0591
awesome_oscillator,breakeven_plus_trail,yes,20,0.65,11.536080000000002,230.72160000000002
awesome_oscillator,chandelier_3x,no,21,0.09523809523809523,-4.944657142857143,-103.8378
awesome_oscillator,chandelier_3x,no_data,1,0.0,-8.0571,-8.0571
awesome_oscillator,chandelier_3x,yes,20,0.55,7.304245,146.0849
awesome_oscillator,class_time_stop,no,21,0.42857142857142855,-3.212285714285714,-67.458
awesome_oscillator,class_time_stop,no_data,1,0.0,-7.8762,-7.8762
awesome_oscillator,class_time_stop,yes,20,0.7,8.34954,166.99079999999998
awesome_oscillator,earnings_blackout,no,21,0.42857142857142855,-18.681414285714283,-392.30969999999996
awesome_oscillator,earnings_blackout,no_data,1,0.0,-1.5727,-1.5727
awesome_oscillator,earnings_blackout,yes,20,0.8,12.775935,255.5187
awesome_oscillator,fixed_4r_2r,no,21,0.14285714285714285,-5.653133333333334,-118.7158
awesome_oscillator,fixed_4r_2r,no_data,1,0.0,-7.0591,-7.0591
awesome_oscillator,fixed_4r_2r,yes,20,0.5,7.034490000000001,140.68980000000002
awesome_oscillator,hybrid_50pct_target,no,21,0.2857142857142857,-48.05871428571428,-1009.233
awesome_oscillator,hybrid_50pct_target,no_data,1,0.0,-10.0,-10.0
awesome_oscillator,hybrid_50pct_target,yes,20,0.7,9.220765,184.4153
awesome_oscillator,ma_exit_ema9,no,21,0.09523809523809523,-3.45242380952381,-72.5009
awesome_oscillator,ma_exit_ema9,no_data,1,0.0,-6.7721,-6.7721
awesome_oscillator,ma_exit_ema9,yes,20,0.5,5.58658,111.7316
awesome_oscillator,mfe_lockin_trail,no,21,0.14285714285714285,-3.8903238095238093,-81.6968
awesome_oscillator,mfe_lockin_trail,no_data,1,0.0,-3.0381,-3.0381
awesome_oscillator,mfe_lockin_trail,yes,20,0.5,1.1023399999999999,22.046799999999998
awesome_oscillator,multi_tier_partial,no,21,0.23809523809523808,-3.2248285714285716,-67.7214
awesome_oscillator,multi_tier_partial,no_data,1,0.0,-3.0381,-3.0381
awesome_oscillator,multi_tier_partial,yes,20,0.55,0.9486299999999999,18.972599999999996
awesome_oscillator,next_pivot_target,no,21,0.47619047619047616,-3.9727238095238095,-83.4272
awesome_oscillator,next_pivot_target,no_data,1,1.0,0.6289,0.6289
awesome_oscillator,next_pivot_target,yes,20,0.85,1.9805949999999999,39.6119
awesome_oscillator,r_multiple_2r,no,21,0.19047619047619047,-3.001457142857143,-63.0306
awesome_oscillator,r_multiple_2r,no_data,1,0.0,-3.5296,-3.5296
awesome_oscillator,r_multiple_2r,yes,20,0.6,5.667109999999999,113.34219999999999
awesome_oscillator,r_multiple_3r,no,21,0.09523809523809523,-3.7409190476190473,-78.5593
awesome_oscillator,r_multiple_3r,no_data,1,0.0,-3.5296,-3.5296
awesome_oscillator,r_multiple_3r,yes,20,0.45,6.253925000000001,125.0785
awesome_oscillator,regime_flip,no,21,0.47619047619047616,-1.5262809523809528,-32.05190000000001
awesome_oscillator,regime_flip,no_data,1,0.0,-9.161,-9.161
awesome_oscillator,regime_flip,yes,20,0.7,7.060875,141.2175
awesome_oscillator,reverse_signal,no,21,0.14285714285714285,-3.8903238095238093,-81.6968
awesome_oscillator,reverse_signal,no_data,1,0.0,-3.0381,-3.0381
awesome_oscillator,reverse_signal,yes,20,0.45,1.148485,22.9697
awesome_oscillator,smc_mitigation_zone,no,21,0.14285714285714285,-3.8903238095238093,-81.6968
awesome_oscillator,smc_mitigation_zone,no_data,1,0.0,-3.0381,-3.0381
awesome_oscillator,smc_mitigation_zone,yes,20,0.45,1.148485,22.9697
awesome_oscillator,time_stop_10d,no,21,0.3333333333333333,-4.002114285714287,-84.04440000000001
awesome_oscillator,time_stop_10d,no_data,1,0.0,-6.6115,-6.6115
awesome_oscillator,time_stop_10d,yes,20,0.75,7.106399999999999,142.128
awesome_oscillator,time_stop_20d,no,21,0.47619047619047616,-1.5262809523809528,-32.05190000000001
awesome_oscillator,time_stop_20d,no_data,1,0.0,-9.161,-9.161
awesome_oscillator,time_stop_20d,yes,20,0.7,7.060875,141.2175
awesome_oscillator,trailing_10pct,no,21,0.09523809523809523,-5.804504761904762,-121.89460000000001
awesome_oscillator,trailing_10pct,no_data,1,0.0,-9.6448,-9.6448
awesome_oscillator,trailing_10pct,yes,20,0.5,4.31083,86.2166
awesome_oscillator,trailing_15pct,no,21,0.19047619047619047,-7.0675952380952385,-148.4195
awesome_oscillator,trailing_15pct,no_data,1,0.0,-14.6645,-14.6645
awesome_oscillator,trailing_15pct,yes,20,0.65,9.434925,188.6985
awesome_oscillator,trailing_5pct,no,21,0.0,-3.6185,-75.9885
awesome_oscillator,trailing_5pct,no_data,1,0.0,-4.6251,-4.6251
awesome_oscillator,trailing_5pct,yes,20,0.25,-1.098265,-21.9653
bollinger_lower,atr_trail_1x,no,25,0.2,0.27779599999999993,6.944899999999999
bollinger_lower,atr_trail_1x,yes,3,0.3333333333333333,-1.9282333333333332,-5.7847
bollinger_lower,atr_trail_2x,no,25,0.28,2.645684,66.1421
bollinger_lower,atr_trail_2x,yes,3,0.3333333333333333,-1.7344000000000002,-5.203200000000001
bollinger_lower,atr_trail_mae_conditional,no,25,0.2,0.27779599999999993,6.944899999999999
bollinger_lower,atr_trail_mae_conditional,yes,3,0.3333333333333333,-1.9282333333333332,-5.7847
bollinger_lower,atr_trail_vix_conditional,no,25,0.28,4.51784,112.946
bollinger_lower,atr_trail_vix_conditional,yes,3,0.3333333333333333,-3.0788333333333333,-9.2365
bollinger_lower,break_even_at_1r,no,25,0.24,0.7329040000000002,18.322600000000005
bollinger_lower,break_even_at_1r,yes,3,0.0,-3.5301666666666667,-10.5905
bollinger_lower,breakeven_plus_trail,no,25,0.4,4.208392,105.2098
bollinger_lower,breakeven_plus_trail,yes,3,0.3333333333333333,-0.8442666666666669,-2.532800000000001
bollinger_lower,chandelier_3x,no,25,0.0,-0.234896,-5.8724
bollinger_lower,chandelier_3x,yes,3,0.0,-0.33013333333333333,-0.9904
bollinger_lower,class_time_stop,no,25,0.48,3.6296839999999997,90.7421
bollinger_lower,class_time_stop,yes,3,0.3333333333333333,4.860266666666667,14.5808
bollinger_lower,earnings_blackout,no,25,0.4,-4.737088,-118.4272
bollinger_lower,earnings_blackout,yes,3,0.3333333333333333,-1.5115999999999998,-4.5348
bollinger_lower,fixed_4r_2r,no,25,0.32,1.2900240000000003,32.250600000000006
bollinger_lower,fixed_4r_2r,yes,3,0.6666666666666666,10.910633333333331,32.731899999999996
bollinger_lower,hybrid_50pct_target,no,25,0.44,-5.0045,-125.11250000000001
bollinger_lower,hybrid_50pct_target,yes,3,0.6666666666666666,7.803766666666665,23.411299999999997
bollinger_lower,ma_exit_ema9,no,25,0.48,0.905028,22.625700000000002
bollinger_lower,ma_exit_ema9,yes,3,0.6666666666666666,-1.3697333333333332,-4.1091999999999995
bollinger_lower,mfe_lockin_trail,no,25,0.2,-0.4320839999999999,-10.802099999999998
bollinger_lower,mfe_lockin_trail,yes,3,0.3333333333333333,-1.9282333333333332,-5.7847
bollinger_lower,multi_tier_partial,no,25,0.36,0.49808399999999997,12.4521
bollinger_lower,multi_tier_partial,yes,3,0.3333333333333333,-1.7977333333333334,-5.3932
bollinger_lower,next_pivot_target,no,25,0.56,0.634524,15.8631
bollinger_lower,next_pivot_target,yes,3,0.6666666666666666,3.803266666666666,11.409799999999999
bollinger_lower,r_multiple_2r,no,25,0.32,3.110136,77.7534
bollinger_lower,r_multiple_2r,yes,3,0.3333333333333333,1.9622666666666664,5.886799999999999
bollinger_lower,r_multiple_3r,no,25,0.24,2.210996,55.2749
bollinger_lower,r_multiple_3r,yes,3,0.3333333333333333,1.9622666666666664,5.886799999999999
bollinger_lower,regime_flip,no,25,0.4,1.058344,26.458599999999997
bollinger_lower,regime_flip,yes,3,0.6666666666666666,14.091499999999998,42.274499999999996
bollinger_lower,reverse_signal,no,25,0.32,-2.0126440000000003,-50.316100000000006
bollinger_lower,reverse_signal,yes,3,0.6666666666666666,14.166366666666667,42.4991
bollinger_lower,smc_mitigation_zone,no,25,0.2,0.27779599999999993,6.944899999999999
bollinger_lower,smc_mitigation_zone,yes,3,0.3333333333333333,-1.9282333333333332,-5.7847
bollinger_lower,time_stop_10d,no,25,0.48,2.7342600000000004,68.35650000000001
bollinger_lower,time_stop_10d,yes,3,0.3333333333333333,5.526166666666668,16.578500000000002
bollinger_lower,time_stop_20d,no,25,0.4,1.058344,26.458599999999997
bollinger_lower,time_stop_20d,yes,3,0.6666666666666666,14.091499999999998,42.274499999999996
bollinger_lower,trailing_10pct,no,25,0.28,-0.8885199999999998,-22.212999999999994
bollinger_lower,trailing_10pct,yes,3,0.6666666666666666,9.0329,27.098699999999997
bollinger_lower,trailing_15pct,no,25,0.36,-0.9252880000000002,-23.132200000000005
bollinger_lower,trailing_15pct,yes,3,0.6666666666666666,17.888733333333334,53.6662
bollinger_lower,trailing_5pct,no,25,0.12,-2.326456,-58.1614
bollinger_lower,trailing_5pct,yes,3,0.3333333333333333,-2.155066666666667,-6.4652
bollinger_tight,atr_trail_1x,no,31,0.22580645161290322,-3.570448387096774,-110.6839
bollinger_tight,atr_trail_1x,no_data,5,0.0,-4.52038,-22.6019
bollinger_tight,atr_trail_1x,yes,50,0.24,-1.22278,-61.139
bollinger_tight,atr_trail_2x,no,31,0.3225806451612903,0.08270000000000056,2.5637000000000176
bollinger_tight,atr_trail_2x,no_data,5,0.0,-10.6523,-53.2615
bollinger_tight,atr_trail_2x,yes,50,0.42,1.6148720000000003,80.74360000000001
bollinger_tight,atr_trail_mae_conditional,no,31,0.22580645161290322,-3.570448387096774,-110.6839
bollinger_tight,atr_trail_mae_conditional,no_data,5,0.0,-4.52038,-22.6019
bollinger_tight,atr_trail_mae_conditional,yes,50,0.24,-1.22278,-61.139
bollinger_tight,atr_trail_vix_conditional,no,31,0.1935483870967742,-4.830964516129032,-149.7599
bollinger_tight,atr_trail_vix_conditional,no_data,5,0.0,-5.2783999999999995,-26.392
bollinger_tight,atr_trail_vix_conditional,yes,50,0.3,0.450208,22.5104
bollinger_tight,break_even_at_1r,no,31,0.0967741935483871,-5.168170967741935,-160.2133
bollinger_tight,break_even_at_1r,no_data,5,0.0,-5.397360000000001,-26.986800000000002
bollinger_tight,break_even_at_1r,yes,50,0.18,-0.6536280000000001,-32.681400000000004
bollinger_tight,breakeven_plus_trail,no,31,0.4838709677419355,1.8370967741935484,56.95
bollinger_tight,breakeven_plus_trail,no_data,5,0.0,-11.510720000000001,-57.5536
bollinger_tight,breakeven_plus_trail,yes,50,0.48,6.4517619999999996,322.5881
bollinger_tight,chandelier_3x,no,31,0.0,-0.588758064516129,-18.2515
bollinger_tight,chandelier_3x,no_data,5,0.0,-0.39152000000000003,-1.9576000000000002
bollinger_tight,chandelier_3x,yes,50,0.06,-0.627594,-31.3797
bollinger_tight,class_time_stop,no,31,0.4838709677419355,0.8159806451612902,25.295399999999997
bollinger_tight,class_time_stop,no_data,5,0.2,-9.38374,-46.9187
bollinger_tight,class_time_stop,yes,50,0.44,1.080736,54.0368
bollinger_tight,earnings_blackout,no,31,0.5161290322580645,5.534209677419356,171.56050000000002
bollinger_tight,earnings_blackout,no_data,5,0.4,-20.482000000000003,-102.41000000000001
bollinger_tight,earnings_blackout,yes,50,0.52,2.55291,127.6455
bollinger_tight,fixed_4r_2r,no,31,0.3548387096774194,3.276796774193549,101.58070000000002
bollinger_tight,fixed_4r_2r,no_data,5,0.0,-12.3021,-61.5105
bollinger_tight,fixed_4r_2r,yes,50,0.42,2.295158,114.75789999999999
bollinger_tight,hybrid_50pct_target,no,31,0.3870967741935484,-3.4418096774193545,-106.69609999999999
bollinger_tight,hybrid_50pct_target,no_data,5,0.4,-4.085240000000001,-20.4262
bollinger_tight,hybrid_50pct_target,yes,50,0.6,-5.020816,-251.04080000000002
bollinger_tight,ma_exit_ema9,no,31,0.5161290322580645,-0.7564870967741936,-23.4511
bollinger_tight,ma_exit_ema9,no_data,5,0.2,-0.9403400000000002,-4.701700000000001
bollinger_tight,ma_exit_ema9,yes,50,0.44,0.6317159999999999,31.5858
bollinger_tight,mfe_lockin_trail,no,31,0.22580645161290322,-3.436364516129032,-106.5273
bollinger_tight,mfe_lockin_trail,no_data,5,0.0,-4.52038,-22.6019
bollinger_tight,mfe_lockin_trail,yes,50,0.26,-1.422458,-71.1229
bollinger_tight,multi_tier_partial,no,31,0.3548387096774194,-2.940654838709677,-91.16029999999999
bollinger_tight,multi_tier_partial,no_data,5,0.2,-4.096760000000001,-20.483800000000002
bollinger_tight,multi_tier_partial,yes,50,0.3,-0.9011060000000001,-45.0553
bollinger_tight,next_pivot_target,no,31,0.3870967741935484,-4.4457774193548385,-137.8191
bollinger_tight,next_pivot_target,no_data,5,0.6,-2.7074000000000003,-13.537
bollinger_tight,next_pivot_target,yes,50,0.82,1.18959,59.479499999999994
bollinger_tight,r_multiple_2r,no,31,0.16129032258064516,-5.0787387096774195,-157.4409
bollinger_tight,r_multiple_2r,no_data,5,0.0,-6.16094,-30.8047
bollinger_tight,r_multiple_2r,yes,50,0.34,0.15782600000000002,7.891300000000001
bollinger_tight,r_multiple_3r,no,31,0.12903225806451613,-4.987212903225807,-154.6036
bollinger_tight,r_multiple_3r,no_data,5,0.0,-6.16094,-30.8047
bollinger_tight,r_multiple_3r,yes,50,0.26,-0.34246800000000005,-17.123400000000004
bollinger_tight,regime_flip,no,31,0.41935483870967744,0.0603838709677417,1.8718999999999926
bollinger_tight,regime_flip,no_data,5,0.2,-16.3126,-81.563
bollinger_tight,regime_flip,yes,50,0.62,4.366532,218.3266
bollinger_tight,reverse_signal,no,31,0.45161290322580644,-5.905296774193548,-183.0642
bollinger_tight,reverse_signal,no_data,5,0.6,-16.35108,-81.7554
bollinger_tight,reverse_signal,yes,50,0.56,3.1574419999999996,157.8721
bollinger_tight,smc_mitigation_zone,no,31,0.22580645161290322,-3.570448387096774,-110.6839
bollinger_tight,smc_mitigation_zone,no_data,5,0.0,-4.52038,-22.6019
bollinger_tight,smc_mitigation_zone,yes,50,0.24,-1.22278,-61.139
bollinger_tight,time_stop_10d,no,31,0.3870967741935484,-0.26933870967741913,-8.349499999999994
bollinger_tight,time_stop_10d,no_data,5,0.2,-9.97556,-49.8778
bollinger_tight,time_stop_10d,yes,50,0.56,1.9242920000000001,96.2146
bollinger_tight,time_stop_20d,no,31,0.41935483870967744,0.0603838709677417,1.8718999999999926
bollinger_tight,time_stop_20d,no_data,5,0.2,-16.3126,-81.563
bollinger_tight,time_stop_20d,yes,50,0.62,4.366532,218.3266
bollinger_tight,trailing_10pct,no,31,0.1935483870967742,-5.1736387096774195,-160.3828
bollinger_tight,trailing_10pct,no_data,5,0.0,-7.86936,-39.3468
bollinger_tight,trailing_10pct,yes,50,0.42,1.97677,98.8385
bollinger_tight,trailing_15pct,no,31,0.25806451612903225,-5.371783870967742,-166.52530000000002
bollinger_tight,trailing_15pct,no_data,5,0.0,-9.93696,-49.684799999999996
bollinger_tight,trailing_15pct,yes,50,0.42,1.534306,76.7153
bollinger_tight,trailing_5pct,no,31,0.16129032258064516,-2.482174193548387,-76.9474
bollinger_tight,trailing_5pct,no_data,5,0.0,-2.92448,-14.622399999999999
bollinger_tight,trailing_5pct,yes,50,0.3,-0.7075499999999999,-35.3775
break_retest_confluence,atr_trail_1x,no,9,0.0,-3.226688888888889,-29.040200000000002
break_retest_confluence,atr_trail_1x,yes,8,0.125,-2.4695375,-19.7563
break_retest_confluence,atr_trail_2x,no,9,0.2222222222222222,2.932422222222222,26.391799999999996
break_retest_confluence,atr_trail_2x,yes,8,0.5,-2.2917125,-18.3337
break_retest_confluence,atr_trail_mae_conditional,no,9,0.0,-3.226688888888889,-29.040200000000002
break_retest_confluence,atr_trail_mae_conditional,yes,8,0.125,-2.4695375,-19.7563
break_retest_confluence,atr_trail_vix_conditional,no,9,0.0,-3.1299555555555556,-28.1696
break_retest_confluence,atr_trail_vix_conditional,yes,8,0.125,-3.45845,-27.6676
break_retest_confluence,break_even_at_1r,no,9,0.0,-3.309911111111111,-29.7892
break_retest_confluence,break_even_at_1r,yes,8,0.25,1.0592375,8.4739
break_retest_confluence,breakeven_plus_trail,no,9,0.2222222222222222,6.270544444444443,56.43489999999999
break_retest_confluence,breakeven_plus_trail,yes,8,0.5,3.0365,24.292
break_retest_confluence,chandelier_3x,no,9,0.1111111111111111,1.3431555555555557,12.0884
break_retest_confluence,chandelier_3x,yes,8,0.375,1.8784375,15.0275
break_retest_confluence,class_time_stop,no,9,0.4444444444444444,1.2156,10.9404
break_retest_confluence,class_time_stop,yes,8,0.5,1.6840125,13.4721
break_retest_confluence,earnings_blackout,no,9,0.4444444444444444,0.7107222222222216,6.396499999999994
break_retest_confluence,earnings_blackout,yes,8,0.625,2.1903124999999997,17.522499999999997
break_retest_confluence,fixed_4r_2r,no,9,0.1111111111111111,-3.8198222222222213,-34.37839999999999
break_retest_confluence,fixed_4r_2r,yes,8,0.375,1.2385624999999998,9.908499999999998
break_retest_confluence,hybrid_50pct_target,no,9,0.5555555555555556,1.9482,17.5338
break_retest_confluence,hybrid_50pct_target,yes,8,0.875,0.6835375000000004,5.468300000000003
break_retest_confluence,ma_exit_ema9,no,9,0.1111111111111111,-2.0945,-18.8505
break_retest_confluence,ma_exit_ema9,yes,8,0.125,-1.66315,-13.3052
break_retest_confluence,mfe_lockin_trail,no,9,0.0,-3.226688888888889,-29.040200000000002
break_retest_confluence,mfe_lockin_trail,yes,8,0.125,-2.4695375,-19.7563
break_retest_confluence,multi_tier_partial,no,9,0.3333333333333333,-2.604022222222222,-23.4362
break_retest_confluence,multi_tier_partial,yes,8,0.125,-2.2632375000000002,-18.105900000000002
break_retest_confluence,next_pivot_target,no,9,0.8888888888888888,1.4669333333333334,13.2024
break_retest_confluence,next_pivot_target,yes,8,0.625,-1.837575,-14.7006
break_retest_confluence,r_multiple_2r,no,9,0.1111111111111111,-3.3514222222222223,-30.1628
break_retest_confluence,r_multiple_2r,yes,8,0.375,0.71485,5.7188
break_retest_confluence,r_multiple_3r,no,9,0.0,-4.713744444444444,-42.4237
break_retest_confluence,r_multiple_3r,yes,8,0.25,2.1841375,17.4731
break_retest_confluence,regime_flip,no,9,0.3333333333333333,-5.590177777777778,-50.3116
break_retest_confluence,regime_flip,yes,8,0.5,1.3964999999999996,11.171999999999997
break_retest_confluence,reverse_signal,no,9,0.0,-3.226688888888889,-29.040200000000002
break_retest_confluence,reverse_signal,yes,8,0.125,-2.4695375,-19.7563
break_retest_confluence,smc_mitigation_zone,no,9,0.0,-3.226688888888889,-29.040200000000002
break_retest_confluence,smc_mitigation_zone,yes,8,0.125,-2.4695375,-19.7563
break_retest_confluence,time_stop_10d,no,9,0.4444444444444444,-2.2717222222222224,-20.445500000000003
break_retest_confluence,time_stop_10d,yes,8,0.625,0.9779000000000001,7.823200000000001
break_retest_confluence,time_stop_20d,no,9,0.3333333333333333,-5.590177777777778,-50.3116
break_retest_confluence,time_stop_20d,yes,8,0.5,1.3964999999999996,11.171999999999997
break_retest_confluence,trailing_10pct,no,9,0.0,-6.598033333333333,-59.3823
break_retest_confluence,trailing_10pct,yes,8,0.375,-0.6748000000000001,-5.3984000000000005
break_retest_confluence,trailing_15pct,no,9,0.2222222222222222,-0.6915777777777783,-6.224200000000005
break_retest_confluence,trailing_15pct,yes,8,0.625,8.662975,69.3038
break_retest_confluence,trailing_5pct,no,9,0.2222222222222222,-2.162877777777778,-19.4659
break_retest_confluence,trailing_5pct,yes,8,0.375,-0.7669874999999999,-6.1358999999999995
break_retest_volume,atr_trail_1x,no,18,0.16666666666666666,-1.7177499999999999,-30.9195
break_retest_volume,atr_trail_1x,no_data,4,0.0,-2.700975,-10.8039
break_retest_volume,atr_trail_1x,yes,28,0.39285714285714285,-0.7730678571428572,-21.6459
break_retest_volume,atr_trail_2x,no,18,0.16666666666666666,-4.177833333333334,-75.20100000000001
break_retest_volume,atr_trail_2x,no_data,4,0.5,1.7032249999999998,6.812899999999999
break_retest_volume,atr_trail_2x,yes,28,0.5,2.4847892857142857,69.5741
break_retest_volume,atr_trail_mae_conditional,no,18,0.16666666666666666,-1.7177499999999999,-30.9195
break_retest_volume,atr_trail_mae_conditional,no_data,4,0.0,-2.700975,-10.8039
break_retest_volume,atr_trail_mae_conditional,yes,28,0.39285714285714285,-0.7730678571428572,-21.6459
break_retest_volume,atr_trail_vix_conditional,no,18,0.2222222222222222,-2.6136555555555554,-47.0458
break_retest_volume,atr_trail_vix_conditional,no_data,4,0.0,-2.4132,-9.6528
break_retest_volume,atr_trail_vix_conditional,yes,28,0.42857142857142855,-0.5224035714285714,-14.6273
break_retest_volume,break_even_at_1r,no,18,0.1111111111111111,-0.9025500000000002,-16.245900000000002
break_retest_volume,break_even_at_1r,no_data,4,0.0,-2.700975,-10.8039
break_retest_volume,break_even_at_1r,yes,28,0.17857142857142858,0.7223428571428571,20.225599999999996
break_retest_volume,breakeven_plus_trail,no,18,0.2777777777777778,-3.3993833333333336,-61.188900000000004
break_retest_volume,breakeven_plus_trail,no_data,4,0.25,5.070275,20.2811
break_retest_volume,breakeven_plus_trail,yes,28,0.5,10.442917857142858,292.4017
break_retest_volume,chandelier_3x,no,18,0.16666666666666666,-6.319722222222222,-113.755
break_retest_volume,chandelier_3x,no_data,4,0.0,-6.111549999999999,-24.446199999999997
break_retest_volume,chandelier_3x,yes,28,0.4642857142857143,3.0977642857142853,86.7374
break_retest_volume,class_time_stop,no,18,0.2777777777777778,-11.963955555555556,-215.3512
break_retest_volume,class_time_stop,no_data,4,0.75,19.151075000000002,76.60430000000001
break_retest_volume,class_time_stop,yes,28,0.6428571428571429,4.49505,125.8614
break_retest_volume,earnings_blackout,no,18,0.3888888888888889,-41.10207777777778,-739.8374
break_retest_volume,earnings_blackout,no_data,4,0.25,-4.475925,-17.9037
break_retest_volume,earnings_blackout,yes,28,0.7857142857142857,12.207225,341.8023
break_retest_volume,fixed_4r_2r,no,18,0.2222222222222222,-5.044761111111111,-90.8057
break_retest_volume,fixed_4r_2r,no_data,4,0.25,-1.7466499999999998,-6.986599999999999
break_retest_volume,fixed_4r_2r,yes,28,0.4642857142857143,4.343717857142857,121.6241
break_retest_volume,hybrid_50pct_target,no,18,0.3888888888888889,-33.67302222222222,-606.1144
break_retest_volume,hybrid_50pct_target,no_data,4,0.25,-3.8293,-15.3172
break_retest_volume,hybrid_50pct_target,yes,28,0.6428571428571429,4.0232785714285715,112.65180000000001
break_retest_volume,ma_exit_ema9,no,18,0.2777777777777778,0.7904055555555557,14.227300000000003
break_retest_volume,ma_exit_ema9,no_data,4,0.0,-2.8623749999999997,-11.449499999999999
break_retest_volume,ma_exit_ema9,yes,28,0.39285714285714285,0.9168607142857143,25.6721
break_retest_volume,mfe_lockin_trail,no,18,0.16666666666666666,-1.5590944444444443,-28.063699999999997
break_retest_volume,mfe_lockin_trail,no_data,4,0.0,-2.700975,-10.8039
break_retest_volume,mfe_lockin_trail,yes,28,0.39285714285714285,-0.3667071428571429,-10.267800000000001
break_retest_volume,multi_tier_partial,no,18,0.3888888888888889,-0.8417166666666666,-15.150899999999998
break_retest_volume,multi_tier_partial,no_data,4,0.25,-2.11045,-8.4418
break_retest_volume,multi_tier_partial,yes,28,0.5357142857142857,0.22422499999999998,6.2783
break_retest_volume,next_pivot_target,no,18,0.6666666666666666,-1.1734944444444446,-21.1229
break_retest_volume,next_pivot_target,no_data,4,1.0,3.70855,14.8342
break_retest_volume,next_pivot_target,yes,28,0.9642857142857143,2.72355,76.2594
break_retest_volume,r_multiple_2r,no,18,0.3333333333333333,0.027794444444444358,0.5002999999999984
break_retest_volume,r_multiple_2r,no_data,4,0.0,-4.3317250000000005,-17.326900000000002
break_retest_volume,r_multiple_2r,yes,28,0.4642857142857143,2.3583321428571433,66.03330000000001
break_retest_volume,r_multiple_3r,no,18,0.1111111111111111,-2.4683333333333333,-44.43
break_retest_volume,r_multiple_3r,no_data,4,0.0,-4.3317250000000005,-17.326900000000002
break_retest_volume,r_multiple_3r,yes,28,0.2857142857142857,1.4921500000000003,41.78020000000001
break_retest_volume,regime_flip,no,18,0.2222222222222222,-9.945266666666667,-179.0148
break_retest_volume,regime_flip,no_data,4,0.75,21.46445,85.8578
break_retest_volume,regime_flip,yes,28,0.7142857142857143,5.323217857142857,149.0501
break_retest_volume,reverse_signal,no,18,0.16666666666666666,-1.7177499999999999,-30.9195
break_retest_volume,reverse_signal,no_data,4,0.0,-2.700975,-10.8039
break_retest_volume,reverse_signal,yes,28,0.39285714285714285,-0.7730678571428572,-21.6459
break_retest_volume,smc_mitigation_zone,no,18,0.16666666666666666,-1.7177499999999999,-30.9195
break_retest_volume,smc_mitigation_zone,no_data,4,0.0,-2.700975,-10.8039
break_retest_volume,smc_mitigation_zone,yes,28,0.39285714285714285,-0.7730678571428572,-21.6459
break_retest_volume,time_stop_10d,no,18,0.4444444444444444,-0.369438888888889,-6.6499000000000015
break_retest_volume,time_stop_10d,no_data,4,0.75,0.0968,0.3872
break_retest_volume,time_stop_10d,yes,28,0.7142857142857143,3.0379714285714283,85.0632
break_retest_volume,time_stop_20d,no,18,0.2222222222222222,-9.945266666666667,-179.0148
break_retest_volume,time_stop_20d,no_data,4,0.75,21.46445,85.8578
break_retest_volume,time_stop_20d,yes,28,0.7142857142857143,5.323217857142857,149.0501
break_retest_volume,trailing_10pct,no,18,0.2222222222222222,-2.3799333333333337,-42.838800000000006
break_retest_volume,trailing_10pct,no_data,4,0.25,1.3410500000000005,5.364200000000002
break_retest_volume,trailing_10pct,yes,28,0.4642857142857143,2.6104142857142856,73.0916
break_retest_volume,trailing_15pct,no,18,0.2222222222222222,-5.320266666666667,-95.76480000000001
break_retest_volume,trailing_15pct,no_data,4,0.25,-3.0137,-12.0548
break_retest_volume,trailing_15pct,yes,28,0.5357142857142857,5.098121428571429,142.7474
break_retest_volume,trailing_5pct,no,18,0.05555555555555555,-2.7263944444444443,-49.0751
break_retest_volume,trailing_5pct,no_data,4,0.25,-1.374725,-5.4989
break_retest_volume,trailing_5pct,yes,28,0.32142857142857145,-0.8696714285714285,-24.3508
buyback_8k_recent_long,atr_trail_1x,no,19,0.10526315789473684,-3.684994736842105,-70.0149
buyback_8k_recent_long,atr_trail_1x,yes,39,0.28205128205128205,-1.433248717948718,-55.8967
buyback_8k_recent_long,atr_trail_2x,no,19,0.21052631578947367,-5.629542105263158,-106.96130000000001
buyback_8k_recent_long,atr_trail_2x,yes,39,0.28205128205128205,-2.042674358974359,-79.6643
buyback_8k_recent_long,atr_trail_mae_conditional,no,19,0.10526315789473684,-3.684994736842105,-70.0149
buyback_8k_recent_long,atr_trail_mae_conditional,yes,39,0.28205128205128205,-1.433248717948718,-55.8967
buyback_8k_recent_long,atr_trail_vix_conditional,no,19,0.15789473684210525,-2.370905263157895,-45.047200000000004
buyback_8k_recent_long,atr_trail_vix_conditional,yes,39,0.2564102564102564,-1.3844820512820513,-53.9948
buyback_8k_recent_long,break_even_at_1r,no,19,0.10526315789473684,-2.5250368421052634,-47.9757
buyback_8k_recent_long,break_even_at_1r,yes,39,0.1282051282051282,1.2787256410256411,49.8703
buyback_8k_recent_long,breakeven_plus_trail,no,19,0.15789473684210525,-6.433978947368421,-122.2456
buyback_8k_recent_long,breakeven_plus_trail,yes,39,0.38461538461538464,4.262689743589743,166.24489999999997
buyback_8k_recent_long,chandelier_3x,no,19,0.05263157894736842,-1.8339894736842104,-34.8458
buyback_8k_recent_long,chandelier_3x,yes,39,0.15384615384615385,-0.6036102564102566,-23.540800000000004
buyback_8k_recent_long,class_time_stop,no,19,0.2631578947368421,-8.031436842105265,-152.59730000000002
buyback_8k_recent_long,class_time_stop,yes,39,0.41025641025641024,0.36979230769230764,14.421899999999999
buyback_8k_recent_long,earnings_blackout,no,19,0.3157894736842105,-12.289657894736843,-233.5035
buyback_8k_recent_long,earnings_blackout,yes,39,0.48717948717948717,1.9900076923076921,77.6103
buyback_8k_recent_long,fixed_4r_2r,no,19,0.15789473684210525,-6.010763157894737,-114.20450000000001
buyback_8k_recent_long,fixed_4r_2r,yes,39,0.3333333333333333,0.08980769230769232,3.5025000000000004
buyback_8k_recent_long,hybrid_50pct_target,no,19,0.21052631578947367,-4.847842105263157,-92.109
buyback_8k_recent_long,hybrid_50pct_target,yes,39,0.41025641025641024,1.4623820512820511,57.0329
buyback_8k_recent_long,ma_exit_ema9,no,19,0.2631578947368421,-1.4274842105263157,-27.1222
buyback_8k_recent_long,ma_exit_ema9,yes,39,0.3333333333333333,-0.24154102564102553,-9.420099999999996
buyback_8k_recent_long,mfe_lockin_trail,no,19,0.10526315789473684,-3.684994736842105,-70.0149
buyback_8k_recent_long,mfe_lockin_trail,yes,39,0.28205128205128205,-1.2686923076923076,-49.479
buyback_8k_recent_long,multi_tier_partial,no,19,0.5263157894736842,-2.219084210526316,-42.162600000000005
buyback_8k_recent_long,multi_tier_partial,yes,39,0.5128205128205128,-0.2900307692307692,-11.3112
buyback_8k_recent_long,next_pivot_target,no,19,0.5263157894736842,-1.834421052631579,-34.854
buyback_8k_recent_long,next_pivot_target,yes,39,0.6153846153846154,-0.26290512820512807,-10.253299999999994
buyback_8k_recent_long,r_multiple_2r,no,19,0.21052631578947367,-2.620042105263158,-49.7808
buyback_8k_recent_long,r_multiple_2r,yes,39,0.3333333333333333,0.6986897435897436,27.2489
buyback_8k_recent_long,r_multiple_3r,no,19,0.21052631578947367,-1.133342105263158,-21.533500000000004
buyback_8k_recent_long,r_multiple_3r,yes,39,0.2564102564102564,0.3483589743589744,13.586000000000002
buyback_8k_recent_long,regime_flip,no,19,0.3157894736842105,-9.087726315789473,-172.6668
buyback_8k_recent_long,regime_flip,yes,39,0.38461538461538464,-1.6913769230769231,-65.9637
buyback_8k_recent_long,reverse_signal,no,19,0.10526315789473684,-3.684994736842105,-70.0149
buyback_8k_recent_long,reverse_signal,yes,39,0.28205128205128205,-1.433248717948718,-55.8967
buyback_8k_recent_long,smc_mitigation_zone,no,19,0.10526315789473684,-3.684994736842105,-70.0149
buyback_8k_recent_long,smc_mitigation_zone,yes,39,0.28205128205128205,-1.433248717948718,-55.8967
buyback_8k_recent_long,time_stop_10d,no,19,0.2631578947368421,-4.591531578947369,-87.23910000000001
buyback_8k_recent_long,time_stop_10d,yes,39,0.38461538461538464,-1.6407179487179488,-63.98800000000001
buyback_8k_recent_long,time_stop_20d,no,19,0.3157894736842105,-9.087726315789473,-172.6668
buyback_8k_recent_long,time_stop_20d,yes,39,0.38461538461538464,-1.6913769230769231,-65.9637
buyback_8k_recent_long,trailing_10pct,no,19,0.15789473684210525,-4.896878947368421,-93.0407
buyback_8k_recent_long,trailing_10pct,yes,39,0.3076923076923077,-0.407874358974359,-15.9071
buyback_8k_recent_long,trailing_15pct,no,19,0.21052631578947367,-5.768636842105264,-109.6041
buyback_8k_recent_long,trailing_15pct,yes,39,0.358974358974359,2.603784615384615,101.54759999999999
buyback_8k_recent_long,trailing_5pct,no,19,0.05263157894736842,-2.4999526315789473,-47.4991
buyback_8k_recent_long,trailing_5pct,yes,39,0.23076923076923078,-1.7133435897435896,-66.82039999999999
camarilla_r3_breakout,atr_trail_1x,no,36,0.19444444444444445,-4.032961111111111,-145.1866
camarilla_r3_breakout,atr_trail_1x,no_data,6,0.16666666666666666,-1.8048166666666667,-10.8289
camarilla_r3_breakout,atr_trail_1x,yes,19,0.2631578947368421,-1.8082631578947368,-34.357
camarilla_r3_breakout,atr_trail_2x,no,36,0.2222222222222222,-8.357591666666668,-300.87330000000003
camarilla_r3_breakout,atr_trail_2x,no_data,6,0.16666666666666666,-4.94665,-29.6799
camarilla_r3_breakout,atr_trail_2x,yes,19,0.631578947368421,0.732652631578947,13.920399999999994
camarilla_r3_breakout,atr_trail_mae_conditional,no,36,0.19444444444444445,-4.032961111111111,-145.1866
camarilla_r3_breakout,atr_trail_mae_conditional,no_data,6,0.16666666666666666,-1.8048166666666667,-10.8289
camarilla_r3_breakout,atr_trail_mae_conditional,yes,19,0.2631578947368421,-1.8082631578947368,-34.357
camarilla_r3_breakout,atr_trail_vix_conditional,no,36,0.19444444444444445,-5.489741666666666,-197.6307
camarilla_r3_breakout,atr_trail_vix_conditional,no_data,6,0.16666666666666666,-1.4864166666666667,-8.9185
camarilla_r3_breakout,atr_trail_vix_conditional,yes,19,0.3157894736842105,-2.6309842105263157,-49.9887
camarilla_r3_breakout,break_even_at_1r,no,36,0.1388888888888889,-3.9644638888888886,-142.7207
camarilla_r3_breakout,break_even_at_1r,no_data,6,0.0,-3.2083999999999997,-19.2504
camarilla_r3_breakout,break_even_at_1r,yes,19,0.15789473684210525,-1.0790631578947367,-20.5022
camarilla_r3_breakout,breakeven_plus_trail,no,36,0.4444444444444444,-2.928397222222222,-105.42229999999999
camarilla_r3_breakout,breakeven_plus_trail,no_data,6,0.3333333333333333,3.4929000000000006,20.957400000000003
camarilla_r3_breakout,breakeven_plus_trail,yes,19,0.631578947368421,5.348021052631578,101.6124
camarilla_r3_breakout,chandelier_3x,no,36,0.1388888888888889,-4.672475,-168.2091
camarilla_r3_breakout,chandelier_3x,no_data,6,0.16666666666666666,-2.1218833333333333,-12.731300000000001
camarilla_r3_breakout,chandelier_3x,yes,19,0.42105263157894735,3.6062,68.5178
camarilla_r3_breakout,class_time_stop,no,36,0.2777777777777778,-8.761980555555555,-315.43129999999996
camarilla_r3_breakout,class_time_stop,no_data,6,0.0,-3.53065,-21.1839
camarilla_r3_breakout,class_time_stop,yes,19,0.5263157894736842,0.48232105263157865,9.164099999999994
camarilla_r3_breakout,earnings_blackout,no,36,0.3611111111111111,-8.454888888888888,-304.376
camarilla_r3_breakout,earnings_blackout,no_data,6,0.3333333333333333,1.7617333333333332,10.5704
camarilla_r3_breakout,earnings_blackout,yes,19,0.631578947368421,4.4685421052631575,84.9023
camarilla_r3_breakout,fixed_4r_2r,no,36,0.25,-5.741811111111111,-206.7052
camarilla_r3_breakout,fixed_4r_2r,no_data,6,0.3333333333333333,2.978566666666667,17.8714
camarilla_r3_breakout,fixed_4r_2r,yes,19,0.5789473684210527,4.977578947368421,94.57400000000001
camarilla_r3_breakout,hybrid_50pct_target,no,36,0.3888888888888889,-6.400247222222222,-230.4089
camarilla_r3_breakout,hybrid_50pct_target,no_data,6,0.3333333333333333,-0.15744999999999984,-0.944699999999999
camarilla_r3_breakout,hybrid_50pct_target,yes,19,0.7368421052631579,6.014378947368421,114.27319999999999
camarilla_r3_breakout,ma_exit_ema9,no,36,0.2222222222222222,-3.4879722222222225,-125.56700000000001
camarilla_r3_breakout,ma_exit_ema9,no_data,6,0.16666666666666666,-1.4057166666666667,-8.4343
camarilla_r3_breakout,ma_exit_ema9,yes,19,0.3684210526315789,-0.09242105263157911,-1.7560000000000031
camarilla_r3_breakout,mfe_lockin_trail,no,36,0.19444444444444445,-3.771333333333333,-135.768
camarilla_r3_breakout,mfe_lockin_trail,no_data,6,0.16666666666666666,-1.7791333333333335,-10.674800000000001
camarilla_r3_breakout,mfe_lockin_trail,yes,19,0.2631578947368421,-2.083131578947368,-39.579499999999996
camarilla_r3_breakout,multi_tier_partial,no,36,0.3055555555555556,-3.4383805555555558,-123.7817
camarilla_r3_breakout,multi_tier_partial,no_data,6,0.16666666666666666,-2.719516666666667,-16.3171
camarilla_r3_breakout,multi_tier_partial,yes,19,0.42105263157894735,-1.1329578947368422,-21.5262
camarilla_r3_breakout,next_pivot_target,no,36,0.4722222222222222,-4.686866666666667,-168.7272
camarilla_r3_breakout,next_pivot_target,no_data,6,0.6666666666666666,1.622416666666667,9.734500000000002
camarilla_r3_breakout,next_pivot_target,yes,19,0.7368421052631579,1.5801052631578947,30.022
camarilla_r3_breakout,r_multiple_2r,no,36,0.3055555555555556,-0.8901166666666668,-32.044200000000004
camarilla_r3_breakout,r_multiple_2r,no_data,6,0.16666666666666666,-1.3243333333333334,-7.946000000000001
camarilla_r3_breakout,r_multiple_2r,yes,19,0.2631578947368421,-3.1709368421052635,-60.247800000000005
camarilla_r3_breakout,r_multiple_3r,no,36,0.25,0.07668055555555542,2.760499999999995
camarilla_r3_breakout,r_multiple_3r,no_data,6,0.16666666666666666,-0.3822999999999997,-2.2937999999999983
camarilla_r3_breakout,r_multiple_3r,yes,19,0.2631578947368421,-2.069073684210526,-39.3124
camarilla_r3_breakout,regime_flip,no,36,0.4722222222222222,-2.881688888888889,-103.74080000000001
camarilla_r3_breakout,regime_flip,no_data,6,0.16666666666666666,-3.216083333333333,-19.296499999999998
camarilla_r3_breakout,regime_flip,yes,19,0.7894736842105263,9.499957894736843,180.4992
camarilla_r3_breakout,reverse_signal,no,36,0.19444444444444445,-4.032961111111111,-145.1866
camarilla_r3_breakout,reverse_signal,no_data,6,0.16666666666666666,-1.8048166666666667,-10.8289
camarilla_r3_breakout,reverse_signal,yes,19,0.2631578947368421,-1.8082631578947368,-34.357
camarilla_r3_breakout,smc_mitigation_zone,no,36,0.19444444444444445,-4.032961111111111,-145.1866
camarilla_r3_breakout,smc_mitigation_zone,no_data,6,0.16666666666666666,-1.8048166666666667,-10.8289
camarilla_r3_breakout,smc_mitigation_zone,yes,19,0.2631578947368421,-1.8082631578947368,-34.357
camarilla_r3_breakout,time_stop_10d,no,36,0.4722222222222222,-8.472816666666667,-305.02139999999997
camarilla_r3_breakout,time_stop_10d,no_data,6,0.16666666666666666,-2.4260333333333333,-14.556199999999999
camarilla_r3_breakout,time_stop_10d,yes,19,0.7368421052631579,3.7043736842105264,70.3831
camarilla_r3_breakout,time_stop_20d,no,36,0.4722222222222222,-2.881688888888889,-103.74080000000001
camarilla_r3_breakout,time_stop_20d,no_data,6,0.16666666666666666,-3.216083333333333,-19.296499999999998
camarilla_r3_breakout,time_stop_20d,yes,19,0.7894736842105263,9.499957894736843,180.4992
camarilla_r3_breakout,trailing_10pct,no,36,0.16666666666666666,-3.8144,-137.3184
camarilla_r3_breakout,trailing_10pct,no_data,6,0.16666666666666666,-4.8446,-29.0676
camarilla_r3_breakout,trailing_10pct,yes,19,0.47368421052631576,0.443715789473684,8.430599999999997
camarilla_r3_breakout,trailing_15pct,no,36,0.25,-3.0075888888888893,-108.27320000000002
camarilla_r3_breakout,trailing_15pct,no_data,6,0.16666666666666666,-4.364566666666667,-26.1874
camarilla_r3_breakout,trailing_15pct,yes,19,0.47368421052631576,1.1408736842105263,21.6766
camarilla_r3_breakout,trailing_5pct,no,36,0.05555555555555555,-3.379108333333333,-121.64789999999999
camarilla_r3_breakout,trailing_5pct,no_data,6,0.0,-2.694033333333333,-16.164199999999997
camarilla_r3_breakout,trailing_5pct,yes,19,0.3684210526315789,0.5556368421052632,10.5571
cmf_flip,atr_trail_1x,no,50,0.2,-2.804162,-140.2081
cmf_flip,atr_trail_1x,no_data,5,0.2,-1.9654599999999998,-9.8273
cmf_flip,atr_trail_1x,yes,81,0.24691358024691357,-1.411258024691358,-114.3119
cmf_flip,atr_trail_2x,no,50,0.2,-3.469176,-173.4588
cmf_flip,atr_trail_2x,no_data,5,0.4,2.34142,11.707099999999999
cmf_flip,atr_trail_2x,yes,81,0.43209876543209874,4.21416913580247,341.34770000000003
cmf_flip,atr_trail_mae_conditional,no,50,0.2,-2.804162,-140.2081
cmf_flip,atr_trail_mae_conditional,no_data,5,0.2,-1.9654599999999998,-9.8273
cmf_flip,atr_trail_mae_conditional,yes,81,0.24691358024691357,-1.411258024691358,-114.3119
cmf_flip,atr_trail_vix_conditional,no,50,0.26,-1.500136,-75.0068
cmf_flip,atr_trail_vix_conditional,no_data,5,0.2,-1.33914,-6.6957
cmf_flip,atr_trail_vix_conditional,yes,81,0.32098765432098764,0.8447345679012345,68.42349999999999
cmf_flip,break_even_at_1r,no,50,0.06,-3.3405880000000003,-167.0294
cmf_flip,break_even_at_1r,no_data,5,0.2,-2.5560799999999997,-12.780399999999998
cmf_flip,break_even_at_1r,yes,81,0.20987654320987653,2.230479012345679,180.6688
cmf_flip,breakeven_plus_trail,no,50,0.24,0.5673419999999997,28.367099999999986
cmf_flip,breakeven_plus_trail,no_data,5,0.8,12.449879999999999,62.249399999999994
cmf_flip,breakeven_plus_trail,yes,81,0.5061728395061729,7.775864197530865,629.845
cmf_flip,chandelier_3x,no,50,0.0,-2.456904,-122.8452
cmf_flip,chandelier_3x,no_data,5,0.4,2.06822,10.3411
cmf_flip,chandelier_3x,yes,81,0.12345679012345678,1.8122123456790122,146.7892
cmf_flip,class_time_stop,no,50,0.4,-3.247734,-162.3867
cmf_flip,class_time_stop,no_data,5,0.4,-0.6941200000000001,-3.4706
cmf_flip,class_time_stop,yes,81,0.5679012345679012,2.2519604938271605,182.4088
cmf_flip,earnings_blackout,no,50,0.36,-1.6948999999999999,-84.74499999999999
cmf_flip,earnings_blackout,no_data,5,0.4,-3.68978,-18.4489
cmf_flip,earnings_blackout,yes,81,0.6419753086419753,6.009592592592592,486.777
cmf_flip,fixed_4r_2r,no,50,0.14,-7.514446,-375.7223
cmf_flip,fixed_4r_2r,no_data,5,0.4,1.78064,8.9032
cmf_flip,fixed_4r_2r,yes,81,0.5308641975308642,6.104824691358025,494.49080000000004
cmf_flip,hybrid_50pct_target,no,50,0.44,1.691856,84.5928
cmf_flip,hybrid_50pct_target,no_data,5,0.8,5.68998,28.4499
cmf_flip,hybrid_50pct_target,yes,81,0.7407407407407407,2.665314814814815,215.89050000000003
cmf_flip,ma_exit_ema9,no,50,0.36,-0.859654,-42.9827
cmf_flip,ma_exit_ema9,no_data,5,0.4,-1.8504999999999998,-9.2525
cmf_flip,ma_exit_ema9,yes,81,0.41975308641975306,0.6328814814814815,51.263400000000004
cmf_flip,mfe_lockin_trail,no,50,0.2,-2.69754,-134.877
cmf_flip,mfe_lockin_trail,no_data,5,0.2,-1.8390399999999996,-9.195199999999998
cmf_flip,mfe_lockin_trail,yes,81,0.24691358024691357,-1.400962962962963,-113.478
cmf_flip,multi_tier_partial,no,50,0.36,-2.24977,-112.4885
cmf_flip,multi_tier_partial,no_data,5,0.6,-1.14784,-5.739199999999999
cmf_flip,multi_tier_partial,yes,81,0.37037037037037035,-0.8598716049382716,-69.6496
cmf_flip,next_pivot_target,no,50,0.66,-0.07231799999999997,-3.615899999999998
cmf_flip,next_pivot_target,no_data,5,0.8,0.46866,2.3433
cmf_flip,next_pivot_target,yes,81,0.8271604938271605,1.1657851851851853,94.4286
cmf_flip,r_multiple_2r,no,50,0.2,-2.951214,-147.5607
cmf_flip,r_multiple_2r,no_data,5,0.2,-4.1102,-20.551
cmf_flip,r_multiple_2r,yes,81,0.43209876543209874,1.9663580246913581,159.275
cmf_flip,r_multiple_3r,no,50,0.12,-3.394914,-169.7457
cmf_flip,r_multiple_3r,no_data,5,0.2,-3.75978,-18.7989
cmf_flip,r_multiple_3r,yes,81,0.3333333333333333,2.3131123456790124,187.3621
cmf_flip,regime_flip,no,50,0.32,-5.521012,-276.0506
cmf_flip,regime_flip,no_data,5,0.8,11.3406,56.703
cmf_flip,regime_flip,yes,81,0.654320987654321,5.933781481481482,480.6363
cmf_flip,reverse_signal,no,50,0.2,-2.804162,-140.2081
cmf_flip,reverse_signal,no_data,5,0.2,-1.9654599999999998,-9.8273
cmf_flip,reverse_signal,yes,81,0.24691358024691357,-1.411258024691358,-114.3119
cmf_flip,smc_mitigation_zone,no,50,0.2,-2.804162,-140.2081
cmf_flip,smc_mitigation_zone,no_data,5,0.2,-1.9654599999999998,-9.8273
cmf_flip,smc_mitigation_zone,yes,81,0.24691358024691357,-1.411258024691358,-114.3119
cmf_flip,time_stop_10d,no,50,0.34,-4.724532,-236.2266
cmf_flip,time_stop_10d,no_data,5,0.8,14.27818,71.3909
cmf_flip,time_stop_10d,yes,81,0.691358024691358,3.860054320987654,312.6644
cmf_flip,time_stop_20d,no,50,0.32,-5.521012,-276.0506
cmf_flip,time_stop_20d,no_data,5,0.8,11.3406,56.703
cmf_flip,time_stop_20d,yes,81,0.654320987654321,5.933781481481482,480.6363
cmf_flip,trailing_10pct,no,50,0.18,-1.0539719999999997,-52.698599999999985
cmf_flip,trailing_10pct,no_data,5,0.4,1.2291999999999994,6.145999999999997
cmf_flip,trailing_10pct,yes,81,0.5679012345679012,4.116487654320988,333.4355
cmf_flip,trailing_15pct,no,50,0.16,-3.751658,-187.5829
cmf_flip,trailing_15pct,no_data,5,0.2,0.29261999999999944,1.4630999999999972
cmf_flip,trailing_15pct,yes,81,0.48148148148148145,6.73086049382716,545.1997
cmf_flip,trailing_5pct,no,50,0.14,-2.60138,-130.069
cmf_flip,trailing_5pct,no_data,5,0.4,2.7491999999999996,13.745999999999999
cmf_flip,trailing_5pct,yes,81,0.32098765432098764,-0.8208679012345678,-66.49029999999999
cpr_narrow_bullish,atr_trail_1x,no,260,0.25384615384615383,-2.1157600000000003,-550.0976
cpr_narrow_bullish,atr_trail_1x,no_data,17,0.35294117647058826,-2.891076470588235,-49.1483
cpr_narrow_bullish,atr_trail_1x,yes,186,0.3118279569892473,-0.8274053763440861,-153.8974
cpr_narrow_bullish,atr_trail_2x,no,260,0.3192307692307692,-2.6575950000000006,-690.9747000000001
cpr_narrow_bullish,atr_trail_2x,no_data,17,0.17647058823529413,-6.573023529411764,-111.7414
cpr_narrow_bullish,atr_trail_2x,yes,186,0.478494623655914,2.5428962365591397,472.9787
cpr_narrow_bullish,atr_trail_mae_conditional,no,260,0.25384615384615383,-2.1157600000000003,-550.0976
cpr_narrow_bullish,atr_trail_mae_conditional,no_data,17,0.35294117647058826,-2.891076470588235,-49.1483
cpr_narrow_bullish,atr_trail_mae_conditional,yes,186,0.3118279569892473,-0.8274053763440861,-153.8974
cpr_narrow_bullish,atr_trail_vix_conditional,no,260,0.25,-1.9073073076923077,-495.8999
cpr_narrow_bullish,atr_trail_vix_conditional,no_data,17,0.17647058823529413,-4.476776470588235,-76.1052
cpr_narrow_bullish,atr_trail_vix_conditional,yes,186,0.24731182795698925,-0.9553123655913978,-177.6881
cpr_narrow_bullish,break_even_at_1r,no,260,0.16538461538461538,-2.2183488461538463,-576.7707
cpr_narrow_bullish,break_even_at_1r,no_data,17,0.058823529411764705,-3.835123529411765,-65.1971
cpr_narrow_bullish,break_even_at_1r,yes,186,0.20430107526881722,-0.13109838709677427,-24.384300000000014
cpr_narrow_bullish,breakeven_plus_trail,no,260,0.35384615384615387,0.9494319230769229,246.85229999999996
cpr_narrow_bullish,breakeven_plus_trail,no_data,17,0.17647058823529413,-6.7858294117647056,-115.3591
cpr_narrow_bullish,breakeven_plus_trail,yes,186,0.478494623655914,7.320191397849462,1361.5556
cpr_narrow_bullish,chandelier_3x,no,260,0.2692307692307692,-2.33559,-607.2533999999999
cpr_narrow_bullish,chandelier_3x,no_data,17,0.23529411764705882,-4.410317647058824,-74.97540000000001
cpr_narrow_bullish,chandelier_3x,yes,186,0.41397849462365593,3.571179032258064,664.2393
cpr_narrow_bullish,class_time_stop,no,260,0.41923076923076924,-2.4251734615384617,-630.5451
cpr_narrow_bullish,class_time_stop,no_data,17,0.35294117647058826,-3.9378470588235293,-66.9434
cpr_narrow_bullish,class_time_stop,yes,186,0.6236559139784946,1.838218817204301,341.9087
cpr_narrow_bullish,earnings_blackout,no,260,0.4807692307692308,5.816139615384616,1512.1963
cpr_narrow_bullish,earnings_blackout,no_data,17,0.5294117647058824,0.6996470588235293,11.893999999999998
cpr_narrow_bullish,earnings_blackout,yes,186,0.6182795698924731,5.431937634408602,1010.3403999999999
cpr_narrow_bullish,fixed_4r_2r,no,260,0.2692307692307692,-3.497531923076923,-909.3583
cpr_narrow_bullish,fixed_4r_2r,no_data,17,0.11764705882352941,-7.556329411764705,-128.45759999999999
cpr_narrow_bullish,fixed_4r_2r,yes,186,0.44086021505376344,2.3646225806451615,439.81980000000004
cpr_narrow_bullish,hybrid_50pct_target,no,260,0.5769230769230769,-21.492353076923077,-5588.0118
cpr_narrow_bullish,hybrid_50pct_target,no_data,17,0.6470588235294118,0.5347235294117649,9.090300000000004
cpr_narrow_bullish,hybrid_50pct_target,yes,186,0.7473118279569892,-30.873669892473117,-5742.5026
cpr_narrow_bullish,ma_exit_ema9,no,260,0.3,-0.5853138461538462,-152.1816
cpr_narrow_bullish,ma_exit_ema9,no_data,17,0.17647058823529413,-3.9089470588235296,-66.4521
cpr_narrow_bullish,ma_exit_ema9,yes,186,0.42473118279569894,1.8672505376344086,347.3086
cpr_narrow_bullish,mfe_lockin_trail,no,260,0.25769230769230766,-2.152367692307692,-559.6156
cpr_narrow_bullish,mfe_lockin_trail,no_data,17,0.35294117647058826,-2.891076470588235,-49.1483
cpr_narrow_bullish,mfe_lockin_trail,yes,186,0.3118279569892473,-0.7740489247311827,-143.9731
cpr_narrow_bullish,multi_tier_partial,no,260,0.3769230769230769,-1.744035,-453.4491
cpr_narrow_bullish,multi_tier_partial,no_data,17,0.35294117647058826,-2.7099411764705885,-46.069
cpr_narrow_bullish,multi_tier_partial,yes,186,0.44623655913978494,-0.2937956989247312,-54.646
cpr_narrow_bullish,next_pivot_target,no,260,0.6384615384615384,-1.5416834615384616,-400.8377
cpr_narrow_bullish,next_pivot_target,no_data,17,0.5882352941176471,-0.9164705882352943,-15.580000000000002
cpr_narrow_bullish,next_pivot_target,yes,186,0.7795698924731183,1.1067478494623655,205.8551
cpr_narrow_bullish,r_multiple_2r,no,260,0.2923076923076923,-1.3177896153846154,-342.6253
cpr_narrow_bullish,r_multiple_2r,no_data,17,0.29411764705882354,-1.247329411764706,-21.204600000000003
cpr_narrow_bullish,r_multiple_2r,yes,186,0.41935483870967744,1.3197295698924731,245.46970000000002
cpr_narrow_bullish,r_multiple_3r,no,260,0.2153846153846154,-1.4946173076923077,-388.6005
cpr_narrow_bullish,r_multiple_3r,no_data,17,0.058823529411764705,-4.209270588235293,-71.5576
cpr_narrow_bullish,r_multiple_3r,yes,186,0.34946236559139787,1.9046801075268815,354.27049999999997
cpr_narrow_bullish,regime_flip,no,260,0.4576923076923077,-1.5026369230769232,-390.6856
cpr_narrow_bullish,regime_flip,no_data,17,0.47058823529411764,-0.14882352941176483,-2.530000000000002
cpr_narrow_bullish,regime_flip,yes,186,0.6182795698924731,3.8382607526881722,713.9165
cpr_narrow_bullish,reverse_signal,no,260,0.25384615384615383,-2.1157600000000003,-550.0976
cpr_narrow_bullish,reverse_signal,no_data,17,0.35294117647058826,-2.891076470588235,-49.1483
cpr_narrow_bullish,reverse_signal,yes,186,0.3118279569892473,-0.8274053763440861,-153.8974
cpr_narrow_bullish,smc_mitigation_zone,no,260,0.25384615384615383,-2.1157600000000003,-550.0976
cpr_narrow_bullish,smc_mitigation_zone,no_data,17,0.35294117647058826,-2.891076470588235,-49.1483
cpr_narrow_bullish,smc_mitigation_zone,yes,186,0.3118279569892473,-0.8274053763440861,-153.8974
cpr_narrow_bullish,time_stop_10d,no,260,0.45384615384615384,-1.7848703846153846,-464.0663
cpr_narrow_bullish,time_stop_10d,no_data,17,0.35294117647058826,-2.157029411764706,-36.6695
cpr_narrow_bullish,time_stop_10d,yes,186,0.6397849462365591,2.133318817204301,396.7973
cpr_narrow_bullish,time_stop_20d,no,260,0.4576923076923077,-1.5026369230769232,-390.6856
cpr_narrow_bullish,time_stop_20d,no_data,17,0.47058823529411764,-0.14882352941176483,-2.530000000000002
cpr_narrow_bullish,time_stop_20d,yes,186,0.6182795698924731,3.8382607526881722,713.9165
cpr_narrow_bullish,trailing_10pct,no,260,0.25769230769230766,-2.916163846153846,-758.2026
cpr_narrow_bullish,trailing_10pct,no_data,17,0.11764705882352941,-6.121729411764706,-104.0694
cpr_narrow_bullish,trailing_10pct,yes,186,0.44086021505376344,2.5476629032258065,473.8653
cpr_narrow_bullish,trailing_15pct,no,260,0.31153846153846154,-2.5557757692307694,-664.5017
cpr_narrow_bullish,trailing_15pct,no_data,17,0.23529411764705882,-0.5691764705882354,-9.676000000000002
cpr_narrow_bullish,trailing_15pct,yes,186,0.45698924731182794,4.629394086021506,861.0673
cpr_narrow_bullish,trailing_5pct,no,260,0.2230769230769231,-1.9210807692307692,-499.481
cpr_narrow_bullish,trailing_5pct,no_data,17,0.35294117647058826,-2.366658823529412,-40.233200000000004
cpr_narrow_bullish,trailing_5pct,yes,186,0.3333333333333333,-0.4631456989247312,-86.1451
cpr_narrow_momentum,atr_trail_1x,no,38,0.2894736842105263,-1.8088736842105264,-68.7372
cpr_narrow_momentum,atr_trail_1x,no_data,4,0.5,3.9445249999999996,15.778099999999998
cpr_narrow_momentum,atr_trail_1x,yes,26,0.46153846153846156,0.9518769230769232,24.748800000000003
cpr_narrow_momentum,atr_trail_2x,no,38,0.3684210526315789,-2.800813157894736,-106.43089999999998
cpr_narrow_momentum,atr_trail_2x,no_data,4,0.25,1.4346749999999997,5.738699999999999
cpr_narrow_momentum,atr_trail_2x,yes,26,0.6153846153846154,4.562,118.61200000000001
cpr_narrow_momentum,atr_trail_mae_conditional,no,38,0.2894736842105263,-1.8088736842105264,-68.7372
cpr_narrow_momentum,atr_trail_mae_conditional,no_data,4,0.5,3.9445249999999996,15.778099999999998
cpr_narrow_momentum,atr_trail_mae_conditional,yes,26,0.46153846153846156,0.9518769230769232,24.748800000000003
cpr_narrow_momentum,atr_trail_vix_conditional,no,38,0.2631578947368421,-3.0359526315789473,-115.36619999999999
cpr_narrow_momentum,atr_trail_vix_conditional,no_data,4,0.5,2.1895000000000002,8.758000000000001
cpr_narrow_momentum,atr_trail_vix_conditional,yes,26,0.4230769230769231,1.296853846153846,33.718199999999996
cpr_narrow_momentum,break_even_at_1r,no,38,0.21052631578947367,-1.9320368421052627,-73.41739999999999
cpr_narrow_momentum,break_even_at_1r,no_data,4,0.5,0.9207500000000001,3.6830000000000003
cpr_narrow_momentum,break_even_at_1r,yes,26,0.2692307692307692,1.098323076923077,28.5564
cpr_narrow_momentum,breakeven_plus_trail,no,38,0.42105263157894735,-0.7934631578947369,-30.151600000000002
cpr_narrow_momentum,breakeven_plus_trail,no_data,4,0.75,5.22825,20.913
cpr_narrow_momentum,breakeven_plus_trail,yes,26,0.5384615384615384,8.578603846153847,223.0437
cpr_narrow_momentum,chandelier_3x,no,38,0.2631578947368421,-0.30531842105263146,-11.602099999999997
cpr_narrow_momentum,chandelier_3x,no_data,4,0.0,-5.856,-23.424
cpr_narrow_momentum,chandelier_3x,yes,26,0.4230769230769231,3.5427192307692303,92.1107
cpr_narrow_momentum,class_time_stop,no,38,0.39473684210526316,-6.480439473684211,-246.2567
cpr_narrow_momentum,class_time_stop,no_data,4,0.5,0.3621499999999993,1.4485999999999972
cpr_narrow_momentum,class_time_stop,yes,26,0.6153846153846154,6.896676923076924,179.3136
cpr_narrow_momentum,earnings_blackout,no,38,0.42105263157894735,-20.863173684210526,-792.8006
cpr_narrow_momentum,earnings_blackout,no_data,4,0.5,-18.37915,-73.5166
cpr_narrow_momentum,earnings_blackout,yes,26,0.7692307692307693,9.581523076923077,249.1196
cpr_narrow_momentum,fixed_4r_2r,no,38,0.34210526315789475,-3.6121710526315787,-137.2625
cpr_narrow_momentum,fixed_4r_2r,no_data,4,0.0,-15.406324999999999,-61.625299999999996
cpr_narrow_momentum,fixed_4r_2r,yes,26,0.6153846153846154,10.612084615384616,275.9142
cpr_narrow_momentum,hybrid_50pct_target,no,38,0.6578947368421053,-21.59756842105263,-820.7076
cpr_narrow_momentum,hybrid_50pct_target,no_data,4,0.75,-7.574099999999998,-30.29639999999999
cpr_narrow_momentum,hybrid_50pct_target,yes,26,0.8846153846153846,-2.4401269230769214,-63.44329999999995
cpr_narrow_momentum,ma_exit_ema9,no,38,0.21052631578947367,0.5574894736842104,21.184599999999996
cpr_narrow_momentum,ma_exit_ema9,no_data,4,0.5,-1.18025,-4.721
cpr_narrow_momentum,ma_exit_ema9,yes,26,0.3076923076923077,2.9399653846153844,76.4391
cpr_narrow_momentum,mfe_lockin_trail,no,38,0.2894736842105263,-1.683028947368421,-63.9551
cpr_narrow_momentum,mfe_lockin_trail,no_data,4,0.5,5.474825,21.8993
cpr_narrow_momentum,mfe_lockin_trail,yes,26,0.46153846153846156,1.210846153846154,31.482
cpr_narrow_momentum,multi_tier_partial,no,38,0.3684210526315789,-1.8591789473684208,-70.6488
cpr_narrow_momentum,multi_tier_partial,no_data,4,0.75,3.82885,15.3154
cpr_narrow_momentum,multi_tier_partial,yes,26,0.5384615384615384,1.2978076923076924,33.743
cpr_narrow_momentum,next_pivot_target,no,38,0.6842105263157895,-1.9847131578947368,-75.4191
cpr_narrow_momentum,next_pivot_target,no_data,4,0.5,-5.324525,-21.2981
cpr_narrow_momentum,next_pivot_target,yes,26,0.8846153846153846,1.872623076923077,48.6882
cpr_narrow_momentum,r_multiple_2r,no,38,0.3684210526315789,-0.8647473684210524,-32.86039999999999
cpr_narrow_momentum,r_multiple_2r,no_data,4,0.25,-0.6217999999999999,-2.4871999999999996
cpr_narrow_momentum,r_multiple_2r,yes,26,0.46153846153846156,3.946573076923077,102.6109
cpr_narrow_momentum,r_multiple_3r,no,38,0.3157894736842105,-0.29424473684210517,-11.181299999999997
cpr_narrow_momentum,r_multiple_3r,no_data,4,0.25,1.7187749999999995,6.875099999999998
cpr_narrow_momentum,r_multiple_3r,yes,26,0.46153846153846156,7.240619230769231,188.2561
cpr_narrow_momentum,regime_flip,no,38,0.5,0.054228947368420814,2.060699999999991
cpr_narrow_momentum,regime_flip,no_data,4,0.5,5.751899999999999,23.007599999999996
cpr_narrow_momentum,regime_flip,yes,26,0.6923076923076923,5.9051269230769226,153.5333
cpr_narrow_momentum,reverse_signal,no,38,0.2894736842105263,-1.8088736842105264,-68.7372
cpr_narrow_momentum,reverse_signal,no_data,4,0.5,3.9445249999999996,15.778099999999998
cpr_narrow_momentum,reverse_signal,yes,26,0.46153846153846156,0.9518769230769232,24.748800000000003
cpr_narrow_momentum,smc_mitigation_zone,no,38,0.2894736842105263,-1.8088736842105264,-68.7372
cpr_narrow_momentum,smc_mitigation_zone,no_data,4,0.5,3.9445249999999996,15.778099999999998
cpr_narrow_momentum,smc_mitigation_zone,yes,26,0.46153846153846156,0.9518769230769232,24.748800000000003
cpr_narrow_momentum,time_stop_10d,no,38,0.5526315789473685,-0.13719473684210526,-5.2134
cpr_narrow_momentum,time_stop_10d,no_data,4,0.5,2.896225,11.5849
cpr_narrow_momentum,time_stop_10d,yes,26,0.6538461538461539,6.461396153846153,167.9963
cpr_narrow_momentum,time_stop_20d,no,38,0.5,0.054228947368420814,2.060699999999991
cpr_narrow_momentum,time_stop_20d,no_data,4,0.5,5.751899999999999,23.007599999999996
cpr_narrow_momentum,time_stop_20d,yes,26,0.6923076923076923,5.9051269230769226,153.5333
cpr_narrow_momentum,trailing_10pct,no,38,0.34210526315789475,-1.2171710526315789,-46.2525
cpr_narrow_momentum,trailing_10pct,no_data,4,0.5,-1.30555,-5.2222
cpr_narrow_momentum,trailing_10pct,yes,26,0.5,3.1675807692307694,82.3571
cpr_narrow_momentum,trailing_15pct,no,38,0.39473684210526316,-1.114205263157895,-42.339800000000004
cpr_narrow_momentum,trailing_15pct,no_data,4,0.5,1.6269250000000002,6.507700000000001
cpr_narrow_momentum,trailing_15pct,yes,26,0.5769230769230769,5.562992307692308,144.6378
cpr_narrow_momentum,trailing_5pct,no,38,0.23684210526315788,-2.4521815789473687,-93.1829
cpr_narrow_momentum,trailing_5pct,no_data,4,0.0,-3.91135,-15.6454
cpr_narrow_momentum,trailing_5pct,yes,26,0.46153846153846156,0.09908461538461531,2.5761999999999983
cpr_narrow_momentum_short,atr_trail_1x,no,7,0.2857142857142857,-2.6972714285714288,-18.8809
cpr_narrow_momentum_short,atr_trail_1x,yes,10,0.4,-2.15765,-21.5765
cpr_narrow_momentum_short,atr_trail_2x,no,7,0.14285714285714285,-7.195128571428571,-50.365899999999996
cpr_narrow_momentum_short,atr_trail_2x,yes,10,0.3,1.53152,15.315199999999999
cpr_narrow_momentum_short,atr_trail_mae_conditional,no,7,0.2857142857142857,-2.6972714285714288,-18.8809
cpr_narrow_momentum_short,atr_trail_mae_conditional,yes,10,0.4,-2.15765,-21.5765
cpr_narrow_momentum_short,atr_trail_vix_conditional,no,7,0.2857142857142857,-2.999628571428571,-20.9974
cpr_narrow_momentum_short,atr_trail_vix_conditional,yes,10,0.4,-0.21513999999999994,-2.1513999999999993
cpr_narrow_momentum_short,break_even_at_1r,no,7,0.14285714285714285,-3.6086714285714288,-25.2607
cpr_narrow_momentum_short,break_even_at_1r,yes,10,0.2,-3.2647999999999997,-32.647999999999996
cpr_narrow_momentum_short,breakeven_plus_trail,no,7,0.14285714285714285,-8.286100000000001,-58.002700000000004
cpr_narrow_momentum_short,breakeven_plus_trail,yes,10,0.6,6.84546,68.4546
cpr_narrow_momentum_short,chandelier_3x,no,7,0.2857142857142857,-4.418242857142857,-30.9277
cpr_narrow_momentum_short,chandelier_3x,yes,10,0.3,0.8229700000000001,8.229700000000001
cpr_narrow_momentum_short,class_time_stop,no,7,0.42857142857142855,-15.532971428571429,-108.7308
cpr_narrow_momentum_short,class_time_stop,yes,10,0.7,3.58121,35.8121
cpr_narrow_momentum_short,earnings_blackout,no,7,0.2857142857142857,-26.908185714285715,-188.3573
cpr_narrow_momentum_short,earnings_blackout,yes,10,0.6,3.03477,30.3477
cpr_narrow_momentum_short,fixed_4r_2r,no,7,0.14285714285714285,-5.508028571428571,-38.5562
cpr_narrow_momentum_short,fixed_4r_2r,yes,10,0.6,10.378730000000001,103.7873
cpr_narrow_momentum_short,hybrid_50pct_target,no,7,0.7142857142857143,-6.709585714285716,-46.96710000000001
cpr_narrow_momentum_short,hybrid_50pct_target,yes,10,0.9,7.94429,79.4429
cpr_narrow_momentum_short,ma_exit_ema9,no,7,0.14285714285714285,-4.530142857142858,-31.711000000000002
cpr_narrow_momentum_short,ma_exit_ema9,yes,10,0.3,-1.9745900000000003,-19.745900000000002
cpr_narrow_momentum_short,mfe_lockin_trail,no,7,0.2857142857142857,-2.7796142857142856,-19.4573
cpr_narrow_momentum_short,mfe_lockin_trail,yes,10,0.4,-1.78472,-17.8472
cpr_narrow_momentum_short,multi_tier_partial,no,7,0.42857142857142855,-2.256757142857143,-15.7973
cpr_narrow_momentum_short,multi_tier_partial,yes,10,0.5,-0.6431600000000002,-6.431600000000001
cpr_narrow_momentum_short,next_pivot_target,no,7,0.5714285714285714,-5.138042857142857,-35.9663
cpr_narrow_momentum_short,next_pivot_target,yes,10,0.7,-1.9065,-19.065
cpr_narrow_momentum_short,r_multiple_2r,no,7,0.14285714285714285,-4.245314285714286,-29.7172
cpr_narrow_momentum_short,r_multiple_2r,yes,10,0.4,2.29157,22.9157
cpr_narrow_momentum_short,r_multiple_3r,no,7,0.14285714285714285,-3.7420999999999998,-26.194699999999997
cpr_narrow_momentum_short,r_multiple_3r,yes,10,0.3,3.3921900000000003,33.9219
cpr_narrow_momentum_short,regime_flip,no,7,0.2857142857142857,-8.120457142857143,-56.843199999999996
cpr_narrow_momentum_short,regime_flip,yes,10,0.7,2.8966899999999995,28.966899999999995
cpr_narrow_momentum_short,reverse_signal,no,7,0.2857142857142857,-2.6972714285714288,-18.8809
cpr_narrow_momentum_short,reverse_signal,yes,10,0.4,-2.15765,-21.5765
cpr_narrow_momentum_short,smc_mitigation_zone,no,7,0.2857142857142857,-2.6972714285714288,-18.8809
cpr_narrow_momentum_short,smc_mitigation_zone,yes,10,0.4,-2.15765,-21.5765
cpr_narrow_momentum_short,time_stop_10d,no,7,0.2857142857142857,-5.222242857142858,-36.5557
cpr_narrow_momentum_short,time_stop_10d,yes,10,0.5,2.84768,28.4768
cpr_narrow_momentum_short,time_stop_20d,no,7,0.2857142857142857,-8.120457142857143,-56.843199999999996
cpr_narrow_momentum_short,time_stop_20d,yes,10,0.7,2.8966899999999995,28.966899999999995
cpr_narrow_momentum_short,trailing_10pct,no,7,0.14285714285714285,-6.923900000000001,-48.4673
cpr_narrow_momentum_short,trailing_10pct,yes,10,0.5,-0.007299999999999951,-0.07299999999999951
cpr_narrow_momentum_short,trailing_15pct,no,7,0.0,-10.293257142857144,-72.0528
cpr_narrow_momentum_short,trailing_15pct,yes,10,0.4,2.45906,24.5906
cpr_narrow_momentum_short,trailing_5pct,no,7,0.2857142857142857,-1.9234142857142855,-13.463899999999999
cpr_narrow_momentum_short,trailing_5pct,yes,10,0.3,-1.58324,-15.8324
double_bottom_long,atr_trail_1x,no,6,0.16666666666666666,-5.5818,-33.4908
double_bottom_long,atr_trail_1x,yes,7,0.42857142857142855,-0.8636999999999999,-6.0459
double_bottom_long,atr_trail_2x,no,6,0.3333333333333333,-9.033716666666667,-54.2023
double_bottom_long,atr_trail_2x,yes,7,0.5714285714285714,8.395,58.765
double_bottom_long,atr_trail_mae_conditional,no,6,0.16666666666666666,-5.5818,-33.4908
double_bottom_long,atr_trail_mae_conditional,yes,7,0.42857142857142855,-0.8636999999999999,-6.0459
double_bottom_long,atr_trail_vix_conditional,no,6,0.16666666666666666,-5.719833333333334,-34.319
double_bottom_long,atr_trail_vix_conditional,yes,7,0.42857142857142855,2.054242857142857,14.3797
double_bottom_long,break_even_at_1r,no,6,0.0,-5.60425,-33.6255
double_bottom_long,break_even_at_1r,yes,7,0.42857142857142855,3.769685714285714,26.3878
double_bottom_long,breakeven_plus_trail,no,6,0.5,-5.193083333333334,-31.158500000000004
double_bottom_long,breakeven_plus_trail,yes,7,0.5714285714285714,9.149885714285714,64.0492
double_bottom_long,chandelier_3x,no,6,0.16666666666666666,-1.5618166666666669,-9.3709
double_bottom_long,chandelier_3x,yes,7,0.14285714285714285,2.9298428571428565,20.508899999999997
double_bottom_long,class_time_stop,no,6,0.16666666666666666,-13.893283333333335,-83.3597
double_bottom_long,class_time_stop,yes,7,0.42857142857142855,3.997957142857143,27.9857
double_bottom_long,earnings_blackout,no,6,0.16666666666666666,-11.518533333333332,-69.1112
double_bottom_long,earnings_blackout,yes,7,0.8571428571428571,11.065871428571429,77.4611
double_bottom_long,fixed_4r_2r,no,6,0.0,-14.284583333333332,-85.7075
double_bottom_long,fixed_4r_2r,yes,7,0.5714285714285714,6.9887999999999995,48.9216
double_bottom_long,hybrid_50pct_target,no,6,0.16666666666666666,-6.153949999999999,-36.9237
double_bottom_long,hybrid_50pct_target,yes,7,0.5714285714285714,3.805,26.635
double_bottom_long,ma_exit_ema9,no,6,0.3333333333333333,-2.7719166666666664,-16.6315
double_bottom_long,ma_exit_ema9,yes,7,0.5714285714285714,3.3797,23.6579
double_bottom_long,mfe_lockin_trail,no,6,0.16666666666666666,-5.5818,-33.4908
double_bottom_long,mfe_lockin_trail,yes,7,0.42857142857142855,-0.16677142857142854,-1.1673999999999998
double_bottom_long,multi_tier_partial,no,6,0.3333333333333333,-4.863616666666666,-29.1817
double_bottom_long,multi_tier_partial,yes,7,0.42857142857142855,-0.08474285714285713,-0.5932
double_bottom_long,next_pivot_target,no,6,0.5,-3.374883333333333,-20.249299999999998
double_bottom_long,next_pivot_target,yes,7,0.8571428571428571,1.0046142857142857,7.0323
double_bottom_long,r_multiple_2r,no,6,0.3333333333333333,-1.2779500000000001,-7.667700000000001
double_bottom_long,r_multiple_2r,yes,7,0.7142857142857143,4.801042857142858,33.6073
double_bottom_long,r_multiple_3r,no,6,0.16666666666666666,-3.9304166666666664,-23.5825
double_bottom_long,r_multiple_3r,yes,7,0.42857142857142855,3.9312285714285715,27.5186
double_bottom_long,regime_flip,no,6,0.5,-4.786816666666668,-28.720900000000004
double_bottom_long,regime_flip,yes,7,0.5714285714285714,9.340357142857142,65.3825
double_bottom_long,reverse_signal,no,6,0.16666666666666666,-5.5818,-33.4908
double_bottom_long,reverse_signal,yes,7,0.42857142857142855,-0.8636999999999999,-6.0459
double_bottom_long,smc_mitigation_zone,no,6,0.16666666666666666,-5.5818,-33.4908
double_bottom_long,smc_mitigation_zone,yes,7,0.42857142857142855,-0.8636999999999999,-6.0459
double_bottom_long,time_stop_10d,no,6,0.3333333333333333,-6.460766666666667,-38.7646
double_bottom_long,time_stop_10d,yes,7,0.7142857142857143,8.144357142857144,57.01050000000001
double_bottom_long,time_stop_20d,no,6,0.5,-4.786816666666668,-28.720900000000004
double_bottom_long,time_stop_20d,yes,7,0.5714285714285714,9.340357142857142,65.3825
double_bottom_long,trailing_10pct,no,6,0.16666666666666666,-6.187116666666667,-37.1227
double_bottom_long,trailing_10pct,yes,7,0.5714285714285714,5.845371428571427,40.91759999999999
double_bottom_long,trailing_15pct,no,6,0.16666666666666666,-7.448433333333334,-44.6906
double_bottom_long,trailing_15pct,yes,7,0.42857142857142855,1.274314285714286,8.920200000000001
double_bottom_long,trailing_5pct,no,6,0.16666666666666666,-3.2347333333333332,-19.4084
double_bottom_long,trailing_5pct,yes,7,0.42857142857142855,1.933628571428571,13.535399999999997
force_index_breakout,atr_trail_1x,no,55,0.18181818181818182,-2.5510745454545454,-140.3091
force_index_breakout,atr_trail_1x,no_data,10,0.2,-2.9774700000000003,-29.774700000000003
force_index_breakout,atr_trail_1x,yes,73,0.1917808219178082,-1.3311219178082192,-97.17190000000001
force_index_breakout,atr_trail_2x,no,55,0.18181818181818182,-4.383414545454545,-241.0878
force_index_breakout,atr_trail_2x,no_data,10,0.4,-3.19543,-31.9543
force_index_breakout,atr_trail_2x,yes,73,0.410958904109589,-0.06284794520547943,-4.5878999999999985
force_index_breakout,atr_trail_mae_conditional,no,55,0.18181818181818182,-2.5510745454545454,-140.3091
force_index_breakout,atr_trail_mae_conditional,no_data,10,0.2,-2.9774700000000003,-29.774700000000003
force_index_breakout,atr_trail_mae_conditional,yes,73,0.1917808219178082,-1.3311219178082192,-97.17190000000001
force_index_breakout,atr_trail_vix_conditional,no,55,0.23636363636363636,-2.0787327272727274,-114.33030000000001
force_index_breakout,atr_trail_vix_conditional,no_data,10,0.1,-2.80502,-28.0502
force_index_breakout,atr_trail_vix_conditional,yes,73,0.2465753424657534,-0.6955123287671232,-50.7724
force_index_breakout,break_even_at_1r,no,55,0.10909090909090909,-3.260887272727273,-179.3488
force_index_breakout,break_even_at_1r,no_data,10,0.1,-2.49252,-24.9252
force_index_breakout,break_even_at_1r,yes,73,0.136986301369863,-0.42188767123287674,-30.797800000000002
force_index_breakout,breakeven_plus_trail,no,55,0.21818181818181817,-3.714783636363636,-204.3131
force_index_breakout,breakeven_plus_trail,no_data,10,0.4,-1.22049,-12.2049
force_index_breakout,breakeven_plus_trail,yes,73,0.4520547945205479,3.011541095890411,219.8425
force_index_breakout,chandelier_3x,no,55,0.12727272727272726,-3.4009400000000003,-187.0517
force_index_breakout,chandelier_3x,no_data,10,0.2,-4.89685,-48.9685
force_index_breakout,chandelier_3x,yes,73,0.3150684931506849,1.179854794520548,86.1294
force_index_breakout,class_time_stop,no,55,0.32727272727272727,-6.556240000000001,-360.5932
force_index_breakout,class_time_stop,no_data,10,0.5,-4.31219,-43.121900000000004
force_index_breakout,class_time_stop,yes,73,0.6027397260273972,-0.23818493150684936,-17.387500000000003
force_index_breakout,earnings_blackout,no,55,0.32727272727272727,-1.3819145454545454,-76.00529999999999
force_index_breakout,earnings_blackout,no_data,10,0.5,-0.010430000000000028,-0.10430000000000028
force_index_breakout,earnings_blackout,yes,73,0.5068493150684932,0.10259726027397248,7.4895999999999905
force_index_breakout,fixed_4r_2r,no,55,0.14545454545454545,-7.174787272727272,-394.6133
force_index_breakout,fixed_4r_2r,no_data,10,0.2,-7.17909,-71.79090000000001
force_index_breakout,fixed_4r_2r,yes,73,0.3835616438356164,0.8118095890410958,59.2621
force_index_breakout,hybrid_50pct_target,no,55,0.5272727272727272,-2.8220727272727273,-155.214
force_index_breakout,hybrid_50pct_target,no_data,10,0.5,-5.51793,-55.1793
force_index_breakout,hybrid_50pct_target,yes,73,0.6712328767123288,-14.642720547945205,-1068.9186
force_index_breakout,ma_exit_ema9,no,55,0.21818181818181817,-1.5838254545454544,-87.1104
force_index_breakout,ma_exit_ema9,no_data,10,0.3,-1.9241599999999999,-19.2416
force_index_breakout,ma_exit_ema9,yes,73,0.3835616438356164,1.7766273972602737,129.69379999999998
force_index_breakout,mfe_lockin_trail,no,55,0.18181818181818182,-2.357450909090909,-129.6598
force_index_breakout,mfe_lockin_trail,no_data,10,0.3,-1.9575100000000003,-19.575100000000003
force_index_breakout,mfe_lockin_trail,yes,73,0.1917808219178082,-1.3275780821917809,-96.9132
force_index_breakout,multi_tier_partial,no,55,0.2909090909090909,-2.144010909090909,-117.9206
force_index_breakout,multi_tier_partial,no_data,10,0.4,-1.58796,-15.8796
force_index_breakout,multi_tier_partial,yes,73,0.4246575342465753,-0.5191301369863013,-37.896499999999996
force_index_breakout,next_pivot_target,no,55,0.509090909090909,-2.60428,-143.2354
force_index_breakout,next_pivot_target,no_data,10,0.7,4.20563,42.0563
force_index_breakout,next_pivot_target,yes,73,0.7123287671232876,1.0858369863013697,79.2661
force_index_breakout,r_multiple_2r,no,55,0.21818181818181817,-2.305349090909091,-126.7942
force_index_breakout,r_multiple_2r,no_data,10,0.4,-0.8660899999999998,-8.660899999999998
force_index_breakout,r_multiple_2r,yes,73,0.4246575342465753,1.2449602739726027,90.8821
force_index_breakout,r_multiple_3r,no,55,0.2,-1.5974581818181817,-87.86019999999999
force_index_breakout,r_multiple_3r,no_data,10,0.3,-1.6805800000000002,-16.8058
force_index_breakout,r_multiple_3r,yes,73,0.3287671232876712,1.4337657534246575,104.6649
force_index_breakout,regime_flip,no,55,0.2545454545454545,-5.10264,-280.6452
force_index_breakout,regime_flip,no_data,10,0.4,-4.955830000000001,-49.5583
force_index_breakout,regime_flip,yes,73,0.589041095890411,0.5947780821917809,43.418800000000005
force_index_breakout,reverse_signal,no,55,0.18181818181818182,-2.5510745454545454,-140.3091
force_index_breakout,reverse_signal,no_data,10,0.2,-2.9774700000000003,-29.774700000000003
force_index_breakout,reverse_signal,yes,73,0.1917808219178082,-1.3311219178082192,-97.17190000000001
force_index_breakout,smc_mitigation_zone,no,55,0.18181818181818182,-2.5510745454545454,-140.3091
force_index_breakout,smc_mitigation_zone,no_data,10,0.2,-2.9774700000000003,-29.774700000000003
force_index_breakout,smc_mitigation_zone,yes,73,0.1917808219178082,-1.3311219178082192,-97.17190000000001
force_index_breakout,time_stop_10d,no,55,0.36363636363636365,-4.133534545454546,-227.3444
force_index_breakout,time_stop_10d,no_data,10,0.7,-0.28020999999999996,-2.8020999999999994
force_index_breakout,time_stop_10d,yes,73,0.5205479452054794,1.5947000000000002,116.41310000000001
force_index_breakout,time_stop_20d,no,55,0.2545454545454545,-5.10264,-280.6452
force_index_breakout,time_stop_20d,no_data,10,0.4,-4.955830000000001,-49.5583
force_index_breakout,time_stop_20d,yes,73,0.589041095890411,0.5947780821917809,43.418800000000005
force_index_breakout,trailing_10pct,no,55,0.18181818181818182,-4.4973,-247.35150000000002
force_index_breakout,trailing_10pct,no_data,10,0.2,-5.020059999999999,-50.200599999999994
force_index_breakout,trailing_10pct,yes,73,0.4246575342465753,0.059298630136986344,4.328800000000003
force_index_breakout,trailing_15pct,no,55,0.18181818181818182,-5.949894545454545,-327.2442
force_index_breakout,trailing_15pct,no_data,10,0.3,-5.21543,-52.1543
force_index_breakout,trailing_15pct,yes,73,0.3424657534246575,-1.0899534246575344,-79.56660000000001
force_index_breakout,trailing_5pct,no,55,0.16363636363636364,-2.4701363636363634,-135.8575
force_index_breakout,trailing_5pct,no_data,10,0.2,-2.32347,-23.2347
force_index_breakout,trailing_5pct,yes,73,0.273972602739726,-0.7113232876712329,-51.9266
golden_cross_9_21,atr_trail_1x,no,18,0.1111111111111111,-1.7207555555555556,-30.9736
golden_cross_9_21,atr_trail_1x,no_data,2,0.0,-3.2623499999999996,-6.524699999999999
golden_cross_9_21,atr_trail_1x,yes,17,0.17647058823529413,-3.8073176470588237,-64.7244
golden_cross_9_21,atr_trail_2x,no,18,0.2777777777777778,-3.416922222222222,-61.504599999999996
golden_cross_9_21,atr_trail_2x,no_data,2,0.5,-1.24585,-2.4917
golden_cross_9_21,atr_trail_2x,yes,17,0.4117647058823529,0.7198705882352945,12.237800000000007
golden_cross_9_21,atr_trail_mae_conditional,no,18,0.1111111111111111,-1.7207555555555556,-30.9736
golden_cross_9_21,atr_trail_mae_conditional,no_data,2,0.0,-3.2623499999999996,-6.524699999999999
golden_cross_9_21,atr_trail_mae_conditional,yes,17,0.17647058823529413,-3.8073176470588237,-64.7244
golden_cross_9_21,atr_trail_vix_conditional,no,18,0.1111111111111111,-1.7994222222222223,-32.3896
golden_cross_9_21,atr_trail_vix_conditional,no_data,2,0.0,-4.37915,-8.7583
golden_cross_9_21,atr_trail_vix_conditional,yes,17,0.17647058823529413,-4.162011764705882,-70.7542
golden_cross_9_21,break_even_at_1r,no,18,0.1111111111111111,-2.8498444444444444,-51.2972
golden_cross_9_21,break_even_at_1r,no_data,2,0.0,-2.9729,-5.9458
golden_cross_9_21,break_even_at_1r,yes,17,0.17647058823529413,-1.963564705882353,-33.3806
golden_cross_9_21,breakeven_plus_trail,no,18,0.3888888888888889,-0.023183333333333285,-0.4172999999999991
golden_cross_9_21,breakeven_plus_trail,no_data,2,0.5,-1.3421500000000002,-2.6843000000000004
golden_cross_9_21,breakeven_plus_trail,yes,17,0.4117647058823529,4.592123529411764,78.06609999999999
golden_cross_9_21,chandelier_3x,no,18,0.2777777777777778,-3.0287055555555558,-54.5167
golden_cross_9_21,chandelier_3x,no_data,2,0.5,-5.2189,-10.4378
golden_cross_9_21,chandelier_3x,yes,17,0.29411764705882354,9.810400000000001,166.7768
golden_cross_9_21,class_time_stop,no,18,0.4444444444444444,-11.970277777777778,-215.465
golden_cross_9_21,class_time_stop,no_data,2,0.0,-4.5085,-9.017
golden_cross_9_21,class_time_stop,yes,17,0.5294117647058824,9.017805882352942,153.30270000000002
golden_cross_9_21,earnings_blackout,no,18,0.4444444444444444,-15.525805555555555,-279.4645
golden_cross_9_21,earnings_blackout,no_data,2,0.0,-11.24765,-22.4953
golden_cross_9_21,earnings_blackout,yes,17,0.5294117647058824,2.323829411764706,39.5051
golden_cross_9_21,fixed_4r_2r,no,18,0.3333333333333333,0.12682777777777776,2.2828999999999997
golden_cross_9_21,fixed_4r_2r,no_data,2,0.5,2.7431,5.4862
golden_cross_9_21,fixed_4r_2r,yes,17,0.4117647058823529,3.200811764705883,54.41380000000001
golden_cross_9_21,hybrid_50pct_target,no,18,0.3888888888888889,-36.6417888888889,-659.5522000000001
golden_cross_9_21,hybrid_50pct_target,no_data,2,0.5,0.2795500000000004,0.5591000000000008
golden_cross_9_21,hybrid_50pct_target,yes,17,0.47058823529411764,2.9643470588235292,50.393899999999995
golden_cross_9_21,ma_exit_ema9,no,18,0.2777777777777778,0.024399999999999977,0.4391999999999996
golden_cross_9_21,ma_exit_ema9,no_data,2,0.5,0.7359499999999999,1.4718999999999998
golden_cross_9_21,ma_exit_ema9,yes,17,0.23529411764705882,-0.7702882352941177,-13.0949
golden_cross_9_21,mfe_lockin_trail,no,18,0.1111111111111111,-2.0826611111111113,-37.4879
golden_cross_9_21,mfe_lockin_trail,no_data,2,0.0,-3.2623499999999996,-6.524699999999999
golden_cross_9_21,mfe_lockin_trail,yes,17,0.17647058823529413,-3.8073176470588237,-64.7244
golden_cross_9_21,multi_tier_partial,no,18,0.5,-0.19554444444444447,-3.5198000000000005
golden_cross_9_21,multi_tier_partial,no_data,2,0.5,-2.2220999999999997,-4.4441999999999995
golden_cross_9_21,multi_tier_partial,yes,17,0.35294117647058826,-2.9700823529411764,-50.4914
golden_cross_9_21,next_pivot_target,no,18,0.6111111111111112,-0.41723888888888905,-7.510300000000003
golden_cross_9_21,next_pivot_target,no_data,2,0.5,1.2761500000000003,2.5523000000000007
golden_cross_9_21,next_pivot_target,yes,17,0.5294117647058824,0.3311999999999998,5.630399999999996
golden_cross_9_21,r_multiple_2r,no,18,0.3888888888888889,1.328177777777778,23.907200000000003
golden_cross_9_21,r_multiple_2r,no_data,2,0.5,1.37155,2.7431
golden_cross_9_21,r_multiple_2r,yes,17,0.23529411764705882,-2.173888235294118,-36.9561
golden_cross_9_21,r_multiple_3r,no,18,0.3333333333333333,1.7840388888888887,32.1127
golden_cross_9_21,r_multiple_3r,no_data,2,0.5,3.4636000000000005,6.927200000000001
golden_cross_9_21,r_multiple_3r,yes,17,0.23529411764705882,-0.7508411764705881,-12.764299999999999
golden_cross_9_21,regime_flip,no,18,0.2222222222222222,-9.472211111111111,-170.4998
golden_cross_9_21,regime_flip,no_data,2,0.5,-7.607200000000001,-15.214400000000001
golden_cross_9_21,regime_flip,yes,17,0.47058823529411764,6.722923529411766,114.28970000000001
golden_cross_9_21,reverse_signal,no,18,0.1111111111111111,-1.7207555555555556,-30.9736
golden_cross_9_21,reverse_signal,no_data,2,0.0,-3.2623499999999996,-6.524699999999999
golden_cross_9_21,reverse_signal,yes,17,0.17647058823529413,-3.8073176470588237,-64.7244
golden_cross_9_21,smc_mitigation_zone,no,18,0.1111111111111111,-1.7207555555555556,-30.9736
golden_cross_9_21,smc_mitigation_zone,no_data,2,0.0,-3.2623499999999996,-6.524699999999999
golden_cross_9_21,smc_mitigation_zone,yes,17,0.17647058823529413,-3.8073176470588237,-64.7244
golden_cross_9_21,time_stop_10d,no,18,0.3888888888888889,-3.8449277777777775,-69.2087
golden_cross_9_21,time_stop_10d,no_data,2,0.5,-5.2913,-10.5826
golden_cross_9_21,time_stop_10d,yes,17,0.47058823529411764,-0.0493235294117648,-0.8385000000000016
golden_cross_9_21,time_stop_20d,no,18,0.2222222222222222,-9.472211111111111,-170.4998
golden_cross_9_21,time_stop_20d,no_data,2,0.5,-7.607200000000001,-15.214400000000001
golden_cross_9_21,time_stop_20d,yes,17,0.47058823529411764,6.722923529411766,114.28970000000001
golden_cross_9_21,trailing_10pct,no,18,0.2222222222222222,-4.3194,-77.7492
golden_cross_9_21,trailing_10pct,no_data,2,0.5,-0.7170500000000004,-1.4341000000000008
golden_cross_9_21,trailing_10pct,yes,17,0.35294117647058826,-0.4952000000000003,-8.418400000000005
golden_cross_9_21,trailing_15pct,no,18,0.2777777777777778,-4.376672222222222,-78.7801
golden_cross_9_21,trailing_15pct,no_data,2,0.5,-6.2328,-12.4656
golden_cross_9_21,trailing_15pct,yes,17,0.29411764705882354,-0.23222352941176455,-3.9477999999999973
golden_cross_9_21,trailing_5pct,no,18,0.16666666666666666,-1.1653722222222223,-20.9767
golden_cross_9_21,trailing_5pct,no_data,2,0.5,0.9859499999999999,1.9718999999999998
golden_cross_9_21,trailing_5pct,yes,17,0.23529411764705882,-3.1647411764705886,-53.8006
halloween_seasonal_long,atr_trail_1x,no,3,0.0,-2.5597999999999996,-7.679399999999999
halloween_seasonal_long,atr_trail_1x,yes,2,0.5,-4.7862,-9.5724
halloween_seasonal_long,atr_trail_2x,no,3,0.6666666666666666,3.913133333333333,11.7394
halloween_seasonal_long,atr_trail_2x,yes,2,0.0,-8.6312,-17.2624
halloween_seasonal_long,atr_trail_mae_conditional,no,3,0.0,-2.5597999999999996,-7.679399999999999
halloween_seasonal_long,atr_trail_mae_conditional,yes,2,0.5,-4.7862,-9.5724
halloween_seasonal_long,atr_trail_vix_conditional,no,3,0.6666666666666666,6.986,20.958
halloween_seasonal_long,atr_trail_vix_conditional,yes,2,0.5,-5.853000000000001,-11.706000000000001
halloween_seasonal_long,break_even_at_1r,no,3,0.6666666666666666,3.8441666666666667,11.5325
halloween_seasonal_long,break_even_at_1r,yes,2,0.0,-5.23225,-10.4645
halloween_seasonal_long,breakeven_plus_trail,no,3,0.6666666666666666,6.809666666666668,20.429000000000002
halloween_seasonal_long,breakeven_plus_trail,yes,2,0.0,-10.4645,-20.929
halloween_seasonal_long,chandelier_3x,no,3,0.3333333333333333,-2.2435,-6.7305
halloween_seasonal_long,chandelier_3x,yes,2,0.0,-10.81525,-21.6305
halloween_seasonal_long,class_time_stop,no,3,0.6666666666666666,-3.3608000000000007,-10.082400000000002
halloween_seasonal_long,class_time_stop,yes,2,0.0,-16.91875,-33.8375
halloween_seasonal_long,earnings_blackout,no,3,0.6666666666666666,-3.484133333333333,-10.452399999999999
halloween_seasonal_long,earnings_blackout,yes,2,0.5,-26.73265,-53.4653
halloween_seasonal_long,fixed_4r_2r,no,3,0.3333333333333333,2.190233333333334,6.570700000000002
halloween_seasonal_long,fixed_4r_2r,yes,2,0.0,-13.23685,-26.4737
halloween_seasonal_long,hybrid_50pct_target,no,3,0.6666666666666666,9.752799999999999,29.258399999999998
halloween_seasonal_long,hybrid_50pct_target,yes,2,0.0,-10.0,-20.0
halloween_seasonal_long,ma_exit_ema9,no,3,0.3333333333333333,-1.7067333333333332,-5.1202
halloween_seasonal_long,ma_exit_ema9,yes,2,0.0,-5.1593,-10.3186
halloween_seasonal_long,mfe_lockin_trail,no,3,0.0,-2.5597999999999996,-7.679399999999999
halloween_seasonal_long,mfe_lockin_trail,yes,2,0.5,-4.7862,-9.5724
halloween_seasonal_long,multi_tier_partial,no,3,0.0,-2.5597999999999996,-7.679399999999999
halloween_seasonal_long,multi_tier_partial,yes,2,0.5,-4.4437999999999995,-8.887599999999999
halloween_seasonal_long,next_pivot_target,no,3,0.6666666666666666,5.390666666666668,16.172000000000004
halloween_seasonal_long,next_pivot_target,yes,2,1.0,1.17525,2.3505
halloween_seasonal_long,r_multiple_2r,no,3,0.6666666666666666,10.024766666666666,30.0743
halloween_seasonal_long,r_multiple_2r,yes,2,0.5,-2.7667499999999996,-5.533499999999999
halloween_seasonal_long,r_multiple_3r,no,3,0.6666666666666666,15.824266666666668,47.47280000000001
halloween_seasonal_long,r_multiple_3r,yes,2,0.0,-6.465,-12.93
halloween_seasonal_long,regime_flip,no,3,0.6666666666666666,-0.7722666666666657,-2.316799999999997
halloween_seasonal_long,regime_flip,yes,2,0.5,-11.4165,-22.833
halloween_seasonal_long,reverse_signal,no,3,0.0,-2.5597999999999996,-7.679399999999999
halloween_seasonal_long,reverse_signal,yes,2,0.5,-4.7862,-9.5724
halloween_seasonal_long,smc_mitigation_zone,no,3,0.0,-2.5597999999999996,-7.679399999999999
halloween_seasonal_long,smc_mitigation_zone,yes,2,0.5,-4.7862,-9.5724
halloween_seasonal_long,time_stop_10d,no,3,0.6666666666666666,4.0424999999999995,12.1275
halloween_seasonal_long,time_stop_10d,yes,2,0.5,0.69455,1.3891
halloween_seasonal_long,time_stop_20d,no,3,0.6666666666666666,-0.7722666666666657,-2.316799999999997
halloween_seasonal_long,time_stop_20d,yes,2,0.5,-11.4165,-22.833
halloween_seasonal_long,trailing_10pct,no,3,0.3333333333333333,0.3004000000000004,0.9012000000000011
halloween_seasonal_long,trailing_10pct,yes,2,0.0,-8.0253,-16.0506
halloween_seasonal_long,trailing_15pct,no,3,0.6666666666666666,1.4334,4.3002
halloween_seasonal_long,trailing_15pct,yes,2,0.0,-12.4853,-24.9706
halloween_seasonal_long,trailing_5pct,no,3,0.0,-2.0105,-6.0315
halloween_seasonal_long,trailing_5pct,yes,2,0.0,-2.8573,-5.7146
htf_aligned_breakout_long,atr_trail_1x,no,21,0.047619047619047616,-3.470295238095238,-72.8762
htf_aligned_breakout_long,atr_trail_1x,no_data,1,0.0,-0.1718,-0.1718
htf_aligned_breakout_long,atr_trail_1x,yes,18,0.2777777777777778,-1.5002166666666668,-27.0039
htf_aligned_breakout_long,atr_trail_2x,no,21,0.09523809523809523,-5.807647619047619,-121.9606
htf_aligned_breakout_long,atr_trail_2x,no_data,1,0.0,-0.1718,-0.1718
htf_aligned_breakout_long,atr_trail_2x,yes,18,0.4444444444444444,4.529161111111112,81.5249
htf_aligned_breakout_long,atr_trail_mae_conditional,no,21,0.047619047619047616,-3.470295238095238,-72.8762
htf_aligned_breakout_long,atr_trail_mae_conditional,no_data,1,0.0,-0.1718,-0.1718
htf_aligned_breakout_long,atr_trail_mae_conditional,yes,18,0.2777777777777778,-1.5002166666666668,-27.0039
htf_aligned_breakout_long,atr_trail_vix_conditional,no,21,0.047619047619047616,-3.7381190476190476,-78.5005
htf_aligned_breakout_long,atr_trail_vix_conditional,no_data,1,0.0,-0.1718,-0.1718
htf_aligned_breakout_long,atr_trail_vix_conditional,yes,18,0.3333333333333333,1.5791277777777777,28.4243
htf_aligned_breakout_long,break_even_at_1r,no,21,0.047619047619047616,-2.619138095238095,-55.0019
htf_aligned_breakout_long,break_even_at_1r,no_data,1,0.0,-0.1718,-0.1718
htf_aligned_breakout_long,break_even_at_1r,yes,18,0.16666666666666666,0.4823222222222224,8.681800000000003
htf_aligned_breakout_long,breakeven_plus_trail,no,21,0.38095238095238093,9.930885714285713,208.5486
htf_aligned_breakout_long,breakeven_plus_trail,no_data,1,1.0,71.2463,71.2463
htf_aligned_breakout_long,breakeven_plus_trail,yes,18,0.6666666666666666,16.04031666666667,288.7257
htf_aligned_breakout_long,chandelier_3x,no,21,0.09523809523809523,-5.9100190476190475,-124.1104
htf_aligned_breakout_long,chandelier_3x,no_data,1,1.0,71.2463,71.2463
htf_aligned_breakout_long,chandelier_3x,yes,18,0.5,7.172666666666667,129.108
htf_aligned_breakout_long,class_time_stop,no,21,0.42857142857142855,-8.112409523809523,-170.3606
htf_aligned_breakout_long,class_time_stop,no_data,1,1.0,70.1234,70.1234
htf_aligned_breakout_long,class_time_stop,yes,18,0.5555555555555556,7.489444444444445,134.81
htf_aligned_breakout_long,earnings_blackout,no,21,0.42857142857142855,-3.7680142857142855,-79.1283
htf_aligned_breakout_long,earnings_blackout,no_data,1,1.0,71.0218,71.0218
htf_aligned_breakout_long,earnings_blackout,yes,18,0.6111111111111112,7.435583333333333,133.8405
htf_aligned_breakout_long,fixed_4r_2r,no,21,0.23809523809523808,-5.132709523809525,-107.78690000000002
htf_aligned_breakout_long,fixed_4r_2r,no_data,1,1.0,28.1271,28.1271
htf_aligned_breakout_long,fixed_4r_2r,yes,18,0.5555555555555556,6.013177777777778,108.2372
htf_aligned_breakout_long,hybrid_50pct_target,no,21,0.2857142857142857,-2.356752380952381,-49.4918
htf_aligned_breakout_long,hybrid_50pct_target,no_data,1,1.0,46.1708,46.1708
htf_aligned_breakout_long,hybrid_50pct_target,yes,18,0.6666666666666666,5.5524000000000004,99.9432
htf_aligned_breakout_long,ma_exit_ema9,no,21,0.2857142857142857,1.5134000000000003,31.781400000000005
htf_aligned_breakout_long,ma_exit_ema9,no_data,1,1.0,69.7865,69.7865
htf_aligned_breakout_long,ma_exit_ema9,yes,18,0.5555555555555556,8.976877777777778,161.5838
htf_aligned_breakout_long,mfe_lockin_trail,no,21,0.047619047619047616,-3.470295238095238,-72.8762
htf_aligned_breakout_long,mfe_lockin_trail,no_data,1,0.0,-0.1718,-0.1718
htf_aligned_breakout_long,mfe_lockin_trail,yes,18,0.2777777777777778,-1.3375333333333335,-24.0756
htf_aligned_breakout_long,multi_tier_partial,no,21,0.47619047619047616,-1.525461904761905,-32.0347
htf_aligned_breakout_long,multi_tier_partial,no_data,1,1.0,6.9745,6.9745
htf_aligned_breakout_long,multi_tier_partial,yes,18,0.4444444444444444,-0.9064777777777778,-16.3166
htf_aligned_breakout_long,next_pivot_target,no,21,0.47619047619047616,-1.0748952380952381,-22.5728
htf_aligned_breakout_long,next_pivot_target,no_data,1,1.0,21.0953,21.0953
htf_aligned_breakout_long,next_pivot_target,yes,18,0.7777777777777778,6.4551,116.1918
htf_aligned_breakout_long,r_multiple_2r,no,21,0.23809523809523808,-2.5619619047619047,-53.8012
htf_aligned_breakout_long,r_multiple_2r,no_data,1,1.0,14.0635,14.0635
htf_aligned_breakout_long,r_multiple_2r,yes,18,0.5,3.0366444444444443,54.6596
htf_aligned_breakout_long,r_multiple_3r,no,21,0.19047619047619047,-2.522,-52.961999999999996
htf_aligned_breakout_long,r_multiple_3r,no_data,1,1.0,21.0953,21.0953
htf_aligned_breakout_long,r_multiple_3r,yes,18,0.4444444444444444,3.1774,57.1932
htf_aligned_breakout_long,regime_flip,no,21,0.38095238095238093,-8.836195238095238,-185.5601
htf_aligned_breakout_long,regime_flip,no_data,1,1.0,70.5726,70.5726
htf_aligned_breakout_long,regime_flip,yes,18,0.5555555555555556,7.661872222222223,137.9137
htf_aligned_breakout_long,reverse_signal,no,21,0.047619047619047616,-3.470295238095238,-72.8762
htf_aligned_breakout_long,reverse_signal,no_data,1,0.0,-0.1718,-0.1718
htf_aligned_breakout_long,reverse_signal,yes,18,0.2777777777777778,-1.5002166666666668,-27.0039
htf_aligned_breakout_long,smc_mitigation_zone,no,21,0.047619047619047616,-3.470295238095238,-72.8762
htf_aligned_breakout_long,smc_mitigation_zone,no_data,1,0.0,-0.1718,-0.1718
htf_aligned_breakout_long,smc_mitigation_zone,yes,18,0.2777777777777778,-1.5002166666666668,-27.0039
htf_aligned_breakout_long,time_stop_10d,no,21,0.42857142857142855,4.245109523809524,89.1473
htf_aligned_breakout_long,time_stop_10d,no_data,1,1.0,23.4097,23.4097
htf_aligned_breakout_long,time_stop_10d,yes,18,0.7222222222222222,5.783961111111111,104.1113
htf_aligned_breakout_long,time_stop_20d,no,21,0.38095238095238093,-8.836195238095238,-185.5601
htf_aligned_breakout_long,time_stop_20d,no_data,1,1.0,70.5726,70.5726
htf_aligned_breakout_long,time_stop_20d,yes,18,0.5555555555555556,7.661872222222223,137.9137
htf_aligned_breakout_long,trailing_10pct,no,21,0.09523809523809523,-1.0515523809523812,-22.082600000000006
htf_aligned_breakout_long,trailing_10pct,no_data,1,0.0,-0.1718,-0.1718
htf_aligned_breakout_long,trailing_10pct,yes,18,0.5,4.0931444444444445,73.6766
htf_aligned_breakout_long,trailing_15pct,no,21,0.09523809523809523,-3.705266666666667,-77.81060000000001
htf_aligned_breakout_long,trailing_15pct,no_data,1,0.0,-0.1718,-0.1718
htf_aligned_breakout_long,trailing_15pct,yes,18,0.5,7.276466666666668,130.9764
htf_aligned_breakout_long,trailing_5pct,no,21,0.047619047619047616,-1.542647619047619,-32.3956
htf_aligned_breakout_long,trailing_5pct,no_data,1,0.0,-0.1718,-0.1718
htf_aligned_breakout_long,trailing_5pct,yes,18,0.3333333333333333,-1.4773166666666666,-26.5917
htf_aligned_breakout_short,atr_trail_1x,no,26,0.2692307692307692,-1.915203846153846,-49.7953
htf_aligned_breakout_short,atr_trail_1x,no_data,1,0.0,-4.6211,-4.6211
htf_aligned_breakout_short,atr_trail_1x,yes,30,0.26666666666666666,-1.9960333333333333,-59.881
htf_aligned_breakout_short,atr_trail_2x,no,26,0.23076923076923078,-5.371673076923077,-139.6635
htf_aligned_breakout_short,atr_trail_2x,no_data,1,0.0,-9.924,-9.924
htf_aligned_breakout_short,atr_trail_2x,yes,30,0.43333333333333335,-1.0260066666666665,-30.780199999999997
htf_aligned_breakout_short,atr_trail_mae_conditional,no,26,0.2692307692307692,-1.915203846153846,-49.7953
htf_aligned_breakout_short,atr_trail_mae_conditional,no_data,1,0.0,-4.6211,-4.6211
htf_aligned_breakout_short,atr_trail_mae_conditional,yes,30,0.26666666666666666,-1.9960333333333333,-59.881
htf_aligned_breakout_short,atr_trail_vix_conditional,no,26,0.2692307692307692,-2.427296153846154,-63.109700000000004
htf_aligned_breakout_short,atr_trail_vix_conditional,no_data,1,0.0,-7.2726,-7.2726
htf_aligned_breakout_short,atr_trail_vix_conditional,yes,30,0.3,-2.57443,-77.2329
htf_aligned_breakout_short,break_even_at_1r,no,26,0.19230769230769232,-1.7393846153846155,-45.224000000000004
htf_aligned_breakout_short,break_even_at_1r,no_data,1,0.0,-5.3151,-5.3151
htf_aligned_breakout_short,break_even_at_1r,yes,30,0.13333333333333333,-1.1159766666666668,-33.4793
htf_aligned_breakout_short,breakeven_plus_trail,no,26,0.2692307692307692,-3.902873076923077,-101.4747
htf_aligned_breakout_short,breakeven_plus_trail,no_data,1,0.0,-10.6302,-10.6302
htf_aligned_breakout_short,breakeven_plus_trail,yes,30,0.4666666666666667,6.178423333333333,185.3527
htf_aligned_breakout_short,chandelier_3x,no,26,0.11538461538461539,-7.315392307692307,-190.2002
htf_aligned_breakout_short,chandelier_3x,no_data,1,0.0,-12.9023,-12.9023
htf_aligned_breakout_short,chandelier_3x,yes,30,0.4666666666666667,0.1795033333333334,5.385100000000002
htf_aligned_breakout_short,class_time_stop,no,26,0.38461538461538464,-12.277165384615385,-319.2063
htf_aligned_breakout_short,class_time_stop,no_data,1,0.0,-4.0045,-4.0045
htf_aligned_breakout_short,class_time_stop,yes,30,0.6666666666666666,3.115416666666667,93.4625
htf_aligned_breakout_short,earnings_blackout,no,26,0.2692307692307692,-42.08856923076923,-1094.3028
htf_aligned_breakout_short,earnings_blackout,no_data,1,0.0,-8.086,-8.086
htf_aligned_breakout_short,earnings_blackout,yes,30,0.6,5.542723333333333,166.2817
htf_aligned_breakout_short,fixed_4r_2r,no,26,0.19230769230769232,-6.329742307692308,-164.5733
htf_aligned_breakout_short,fixed_4r_2r,no_data,1,0.0,-12.2432,-12.2432
htf_aligned_breakout_short,fixed_4r_2r,yes,30,0.5666666666666667,8.789653333333332,263.6896
htf_aligned_breakout_short,hybrid_50pct_target,no,26,0.6538461538461539,-40.81773846153846,-1061.2612
htf_aligned_breakout_short,hybrid_50pct_target,no_data,1,1.0,17.773,17.773
htf_aligned_breakout_short,hybrid_50pct_target,yes,30,0.8666666666666667,-20.370306666666668,-611.1092
htf_aligned_breakout_short,ma_exit_ema9,no,26,0.19230769230769232,-3.2349846153846156,-84.1096
htf_aligned_breakout_short,ma_exit_ema9,no_data,1,0.0,-7.7081,-7.7081
htf_aligned_breakout_short,ma_exit_ema9,yes,30,0.43333333333333335,1.4199899999999999,42.5997
htf_aligned_breakout_short,mfe_lockin_trail,no,26,0.2692307692307692,-1.7869807692307693,-46.4615
htf_aligned_breakout_short,mfe_lockin_trail,no_data,1,0.0,-4.6211,-4.6211
htf_aligned_breakout_short,mfe_lockin_trail,yes,30,0.26666666666666666,-1.9698633333333333,-59.0959
htf_aligned_breakout_short,multi_tier_partial,no,26,0.4230769230769231,-1.1875653846153846,-30.8767
htf_aligned_breakout_short,multi_tier_partial,no_data,1,0.0,-4.6211,-4.6211
htf_aligned_breakout_short,multi_tier_partial,yes,30,0.5666666666666667,-0.9194466666666667,-27.5834
htf_aligned_breakout_short,next_pivot_target,no,26,0.34615384615384615,-5.473776923076922,-142.3182
htf_aligned_breakout_short,next_pivot_target,no_data,1,0.0,-12.2432,-12.2432
htf_aligned_breakout_short,next_pivot_target,yes,30,0.7666666666666667,4.89892,146.9676
htf_aligned_breakout_short,r_multiple_2r,no,26,0.23076923076923078,-3.1288846153846155,-81.351
htf_aligned_breakout_short,r_multiple_2r,no_data,1,0.0,-5.3151,-5.3151
htf_aligned_breakout_short,r_multiple_2r,yes,30,0.43333333333333335,1.7142066666666667,51.4262
htf_aligned_breakout_short,r_multiple_3r,no,26,0.15384615384615385,-3.650676923076923,-94.91760000000001
htf_aligned_breakout_short,r_multiple_3r,no_data,1,0.0,-5.3151,-5.3151
htf_aligned_breakout_short,r_multiple_3r,yes,30,0.3,1.4502300000000001,43.5069
htf_aligned_breakout_short,regime_flip,no,26,0.19230769230769232,-9.647573076923077,-250.8369
htf_aligned_breakout_short,regime_flip,no_data,1,0.0,-15.8713,-15.8713
htf_aligned_breakout_short,regime_flip,yes,30,0.7,2.918673333333333,87.5602
htf_aligned_breakout_short,reverse_signal,no,26,0.2692307692307692,-1.915203846153846,-49.7953
htf_aligned_breakout_short,reverse_signal,no_data,1,0.0,-4.6211,-4.6211
htf_aligned_breakout_short,reverse_signal,yes,30,0.26666666666666666,-1.9960333333333333,-59.881
htf_aligned_breakout_short,smc_mitigation_zone,no,26,0.2692307692307692,-1.915203846153846,-49.7953
htf_aligned_breakout_short,smc_mitigation_zone,no_data,1,0.0,-4.6211,-4.6211
htf_aligned_breakout_short,smc_mitigation_zone,yes,30,0.26666666666666666,-1.9960333333333333,-59.881
htf_aligned_breakout_short,time_stop_10d,no,26,0.2692307692307692,-4.711715384615385,-122.5046
htf_aligned_breakout_short,time_stop_10d,no_data,1,0.0,-0.9811,-0.9811
htf_aligned_breakout_short,time_stop_10d,yes,30,0.5333333333333333,0.10157000000000022,3.0471000000000066
htf_aligned_breakout_short,time_stop_20d,no,26,0.19230769230769232,-9.647573076923077,-250.8369
htf_aligned_breakout_short,time_stop_20d,no_data,1,0.0,-15.8713,-15.8713
htf_aligned_breakout_short,time_stop_20d,yes,30,0.7,2.918673333333333,87.5602
htf_aligned_breakout_short,trailing_10pct,no,26,0.23076923076923078,-3.7771923076923075,-98.207
htf_aligned_breakout_short,trailing_10pct,no_data,1,0.0,-9.5977,-9.5977
htf_aligned_breakout_short,trailing_10pct,yes,30,0.3,-0.34708000000000006,-10.412400000000002
htf_aligned_breakout_short,trailing_15pct,no,26,0.15384615384615385,-6.949176923076923,-180.6786
htf_aligned_breakout_short,trailing_15pct,no_data,1,0.0,-14.216,-14.216
htf_aligned_breakout_short,trailing_15pct,yes,30,0.6,1.4048333333333332,42.144999999999996
htf_aligned_breakout_short,trailing_5pct,no,26,0.23076923076923078,-2.527269230769231,-65.709
htf_aligned_breakout_short,trailing_5pct,no_data,1,0.0,-4.2841,-4.2841
htf_aligned_breakout_short,trailing_5pct,yes,30,0.3,-1.4489733333333334,-43.4692
hull_rsi,atr_trail_1x,no,31,0.1935483870967742,-2.3977322580645164,-74.3297
hull_rsi,atr_trail_1x,no_data,6,0.5,-1.5443999999999998,-9.266399999999999
hull_rsi,atr_trail_1x,yes,37,0.32432432432432434,-1.3016486486486487,-48.161
hull_rsi,atr_trail_2x,no,31,0.1935483870967742,-3.902774193548387,-120.986
hull_rsi,atr_trail_2x,no_data,6,0.3333333333333333,-4.20505,-25.2303
hull_rsi,atr_trail_2x,yes,37,0.4594594594594595,1.5713945945945944,58.1416
hull_rsi,atr_trail_mae_conditional,no,31,0.1935483870967742,-2.3977322580645164,-74.3297
hull_rsi,atr_trail_mae_conditional,no_data,6,0.5,-1.5443999999999998,-9.266399999999999
hull_rsi,atr_trail_mae_conditional,yes,37,0.32432432432432434,-1.3016486486486487,-48.161
hull_rsi,atr_trail_vix_conditional,no,31,0.1935483870967742,-2.5613064516129036,-79.40050000000001
hull_rsi,atr_trail_vix_conditional,no_data,6,0.5,-3.1611666666666665,-18.967
hull_rsi,atr_trail_vix_conditional,yes,37,0.43243243243243246,-0.30391081081081084,-11.244700000000002
hull_rsi,break_even_at_1r,no,31,0.12903225806451613,-2.461351612903226,-76.3019
hull_rsi,break_even_at_1r,no_data,6,0.16666666666666666,-2.246183333333333,-13.4771
hull_rsi,break_even_at_1r,yes,37,0.24324324324324326,-0.8204324324324324,-30.355999999999998
hull_rsi,breakeven_plus_trail,no,31,0.3548387096774194,-1.1501709677419356,-35.655300000000004
hull_rsi,breakeven_plus_trail,no_data,6,0.3333333333333333,-1.7200499999999999,-10.3203
hull_rsi,breakeven_plus_trail,yes,37,0.4864864864864865,3.9020324324324327,144.3752
hull_rsi,chandelier_3x,no,31,0.12903225806451613,-3.928964516129032,-121.7979
hull_rsi,chandelier_3x,no_data,6,0.0,-2.9961,-17.9766
hull_rsi,chandelier_3x,yes,37,0.3783783783783784,1.7691243243243242,65.4576
hull_rsi,class_time_stop,no,31,0.3225806451612903,-2.105390322580645,-65.2671
hull_rsi,class_time_stop,no_data,6,0.8333333333333334,6.702633333333334,40.2158
hull_rsi,class_time_stop,yes,37,0.5135135135135135,0.13231081081081075,4.8954999999999975
hull_rsi,earnings_blackout,no,31,0.3870967741935484,0.5093999999999999,15.791399999999996
hull_rsi,earnings_blackout,no_data,6,0.6666666666666666,15.712449999999999,94.2747
hull_rsi,earnings_blackout,yes,37,0.6216216216216216,4.408894594594594,163.1291
hull_rsi,fixed_4r_2r,no,31,0.16129032258064516,-4.507564516129032,-139.7345
hull_rsi,fixed_4r_2r,no_data,6,0.5,0.7239499999999994,4.343699999999997
hull_rsi,fixed_4r_2r,yes,37,0.35135135135135137,-0.1723000000000003,-6.37510000000001
hull_rsi,hybrid_50pct_target,no,31,0.45161290322580644,-14.501829032258064,-449.5567
hull_rsi,hybrid_50pct_target,no_data,6,0.6666666666666666,5.693183333333334,34.1591
hull_rsi,hybrid_50pct_target,yes,37,0.7567567567567568,-4.369632432432431,-161.67639999999997
hull_rsi,ma_exit_ema9,no,31,0.25806451612903225,-1.9370774193548388,-60.049400000000006
hull_rsi,ma_exit_ema9,no_data,6,0.5,-1.1113333333333335,-6.668000000000001
hull_rsi,ma_exit_ema9,yes,37,0.40540540540540543,2.238089189189189,82.80930000000001
hull_rsi,mfe_lockin_trail,no,31,0.1935483870967742,-2.501561290322581,-77.5484
hull_rsi,mfe_lockin_trail,no_data,6,0.5,-1.0140833333333334,-6.084500000000001
hull_rsi,mfe_lockin_trail,yes,37,0.32432432432432434,-1.2479081081081083,-46.1726
hull_rsi,multi_tier_partial,no,31,0.3548387096774194,-1.913032258064516,-59.303999999999995
hull_rsi,multi_tier_partial,no_data,6,0.5,-0.8452166666666666,-5.0713
hull_rsi,multi_tier_partial,yes,37,0.5135135135135135,-0.5591324324324323,-20.687899999999996
hull_rsi,next_pivot_target,no,31,0.5161290322580645,-3.843632258064516,-119.15259999999999
hull_rsi,next_pivot_target,no_data,6,0.5,0.4974166666666668,2.9845000000000006
hull_rsi,next_pivot_target,yes,37,0.7837837837837838,0.7939702702702702,29.3769
hull_rsi,r_multiple_2r,no,31,0.25806451612903225,-0.4892870967741935,-15.1679
hull_rsi,r_multiple_2r,no_data,6,0.5,0.99645,5.9787
hull_rsi,r_multiple_2r,yes,37,0.43243243243243246,0.23293243243243245,8.618500000000001
hull_rsi,r_multiple_3r,no,31,0.16129032258064516,-1.228348387096774,-38.078799999999994
hull_rsi,r_multiple_3r,no_data,6,0.5,3.03885,18.2331
hull_rsi,r_multiple_3r,yes,37,0.3783783783783784,1.5161216216216218,56.096500000000006
hull_rsi,regime_flip,no,31,0.3870967741935484,-2.844732258064516,-88.1867
hull_rsi,regime_flip,no_data,6,0.5,2.7569166666666667,16.5415
hull_rsi,regime_flip,yes,37,0.5945945945945946,1.9975675675675675,73.91
hull_rsi,reverse_signal,no,31,0.1935483870967742,-2.3977322580645164,-74.3297
hull_rsi,reverse_signal,no_data,6,0.5,-1.5443999999999998,-9.266399999999999
hull_rsi,reverse_signal,yes,37,0.32432432432432434,-1.3016486486486487,-48.161
hull_rsi,smc_mitigation_zone,no,31,0.1935483870967742,-2.3977322580645164,-74.3297
hull_rsi,smc_mitigation_zone,no_data,6,0.5,-1.5443999999999998,-9.266399999999999
hull_rsi,smc_mitigation_zone,yes,37,0.32432432432432434,-1.3016486486486487,-48.161
hull_rsi,time_stop_10d,no,31,0.45161290322580644,-1.2899548387096773,-39.9886
hull_rsi,time_stop_10d,no_data,6,0.5,-1.1659666666666666,-6.9958
hull_rsi,time_stop_10d,yes,37,0.6756756756756757,3.1700108108108105,117.29039999999999
hull_rsi,time_stop_20d,no,31,0.3870967741935484,-2.844732258064516,-88.1867
hull_rsi,time_stop_20d,no_data,6,0.5,2.7569166666666667,16.5415
hull_rsi,time_stop_20d,yes,37,0.5945945945945946,1.9975675675675675,73.91
hull_rsi,trailing_10pct,no,31,0.16129032258064516,-5.652512903225807,-175.2279
hull_rsi,trailing_10pct,no_data,6,0.16666666666666666,-5.516233333333333,-33.0974
hull_rsi,trailing_10pct,yes,37,0.35135135135135137,-2.6595837837837837,-98.4046
hull_rsi,trailing_15pct,no,31,0.2903225806451613,-5.594961290322581,-173.4438
hull_rsi,trailing_15pct,no_data,6,0.3333333333333333,-0.24564999999999979,-1.4738999999999987
hull_rsi,trailing_15pct,yes,37,0.2702702702702703,-1.6565324324324322,-61.29169999999999
hull_rsi,trailing_5pct,no,31,0.1935483870967742,-2.158341935483871,-66.90859999999999
hull_rsi,trailing_5pct,no_data,6,0.16666666666666666,-2.8539999999999996,-17.124
hull_rsi,trailing_5pct,yes,37,0.40540540540540543,-0.714818918918919,-26.448300000000003
hull_rsi_short,atr_trail_1x,no,29,0.3448275862068966,-2.0026172413793106,-58.075900000000004
hull_rsi_short,atr_trail_1x,no_data,3,0.0,-5.4067,-16.2201
hull_rsi_short,atr_trail_1x,yes,23,0.34782608695652173,-0.28690000000000004,-6.598700000000001
hull_rsi_short,atr_trail_2x,no,29,0.2413793103448276,-4.073537931034483,-118.13260000000001
hull_rsi_short,atr_trail_2x,no_data,3,0.3333333333333333,2.987666666666667,8.963000000000001
hull_rsi_short,atr_trail_2x,yes,23,0.43478260869565216,1.9912782608695652,45.7994
hull_rsi_short,atr_trail_mae_conditional,no,29,0.3448275862068966,-2.0026172413793106,-58.075900000000004
hull_rsi_short,atr_trail_mae_conditional,no_data,3,0.0,-5.4067,-16.2201
hull_rsi_short,atr_trail_mae_conditional,yes,23,0.34782608695652173,-0.28690000000000004,-6.598700000000001
hull_rsi_short,atr_trail_vix_conditional,no,29,0.3448275862068966,-2.2490689655172416,-65.223
hull_rsi_short,atr_trail_vix_conditional,no_data,3,0.0,-4.107433333333334,-12.3223
hull_rsi_short,atr_trail_vix_conditional,yes,23,0.30434782608695654,0.268208695652174,6.168800000000001
hull_rsi_short,break_even_at_1r,no,29,0.3103448275862069,-1.790289655172414,-51.918400000000005
hull_rsi_short,break_even_at_1r,no_data,3,0.3333333333333333,4.7191,14.1573
hull_rsi_short,break_even_at_1r,yes,23,0.17391304347826086,-1.1923478260869564,-27.424
hull_rsi_short,breakeven_plus_trail,no,29,0.4482758620689655,-0.15660000000000027,-4.541400000000007
hull_rsi_short,breakeven_plus_trail,no_data,3,0.3333333333333333,12.778333333333334,38.335
hull_rsi_short,breakeven_plus_trail,yes,23,0.43478260869565216,3.0716173913043483,70.64720000000001
hull_rsi_short,chandelier_3x,no,29,0.2413793103448276,-0.6676,-19.3604
hull_rsi_short,chandelier_3x,no_data,3,0.3333333333333333,11.916866666666666,35.7506
hull_rsi_short,chandelier_3x,yes,23,0.30434782608695654,1.1642173913043476,26.776999999999997
hull_rsi_short,class_time_stop,no,29,0.4482758620689655,-1.8140137931034481,-52.606399999999994
hull_rsi_short,class_time_stop,no_data,3,0.3333333333333333,-0.16329999999999956,-0.48989999999999867
hull_rsi_short,class_time_stop,yes,23,0.391304347826087,-4.917691304347826,-113.1069
hull_rsi_short,earnings_blackout,no,29,0.4827586206896552,-15.714893103448276,-455.7319
hull_rsi_short,earnings_blackout,no_data,3,0.3333333333333333,-11.920966666666667,-35.7629
hull_rsi_short,earnings_blackout,yes,23,0.4782608695652174,-8.413017391304347,-193.49939999999998
hull_rsi_short,fixed_4r_2r,no,29,0.27586206896551724,0.051986206896551236,1.5075999999999858
hull_rsi_short,fixed_4r_2r,no_data,3,0.3333333333333333,2.573566666666667,7.720700000000001
hull_rsi_short,fixed_4r_2r,yes,23,0.2608695652173913,-2.9060608695652173,-66.8394
hull_rsi_short,hybrid_50pct_target,no,29,0.7931034482758621,-18.945286206896558,-549.4133000000002
hull_rsi_short,hybrid_50pct_target,no_data,3,0.6666666666666666,-69.11053333333334,-207.3316
hull_rsi_short,hybrid_50pct_target,yes,23,0.6521739130434783,-69.11490869565218,-1589.6429
hull_rsi_short,ma_exit_ema9,no,29,0.41379310344827586,-1.2432758620689655,-36.055
hull_rsi_short,ma_exit_ema9,no_data,3,0.3333333333333333,13.810533333333334,41.4316
hull_rsi_short,ma_exit_ema9,yes,23,0.2608695652173913,-0.5205521739130434,-11.9727
hull_rsi_short,mfe_lockin_trail,no,29,0.3448275862068966,-1.7117655172413795,-49.641200000000005
hull_rsi_short,mfe_lockin_trail,no_data,3,0.0,-5.4067,-16.2201
hull_rsi_short,mfe_lockin_trail,yes,23,0.34782608695652173,0.08705652173913044,2.0023
hull_rsi_short,multi_tier_partial,no,29,0.4482758620689655,-1.355451724137931,-39.308099999999996
hull_rsi_short,multi_tier_partial,no_data,3,0.0,-5.4067,-16.2201
hull_rsi_short,multi_tier_partial,yes,23,0.5652173913043478,0.6741434782608695,15.505299999999998
hull_rsi_short,next_pivot_target,no,29,0.6551724137931034,0.10062068965517224,2.917999999999995
hull_rsi_short,next_pivot_target,no_data,3,0.3333333333333333,2.1473000000000013,6.441900000000004
hull_rsi_short,next_pivot_target,yes,23,0.8260869565217391,1.4522347826086957,33.4014
hull_rsi_short,r_multiple_2r,no,29,0.3103448275862069,-0.16935172413793087,-4.911199999999996
hull_rsi_short,r_multiple_2r,no_data,3,0.3333333333333333,1.2868000000000006,3.860400000000002
hull_rsi_short,r_multiple_2r,yes,23,0.43478260869565216,2.2958826086956523,52.8053
hull_rsi_short,r_multiple_3r,no,29,0.1724137931034483,-1.6492896551724139,-47.8294
hull_rsi_short,r_multiple_3r,no_data,3,0.3333333333333333,4.100766666666668,12.302300000000002
hull_rsi_short,r_multiple_3r,yes,23,0.34782608695652173,1.862282608695652,42.832499999999996
hull_rsi_short,regime_flip,no,29,0.41379310344827586,-3.1591586206896554,-91.6156
hull_rsi_short,regime_flip,no_data,3,0.3333333333333333,2.5284666666666666,7.5854
hull_rsi_short,regime_flip,yes,23,0.43478260869565216,-3.5396652173913044,-81.4123
hull_rsi_short,reverse_signal,no,29,0.3448275862068966,-2.0026172413793106,-58.075900000000004
hull_rsi_short,reverse_signal,no_data,3,0.0,-5.4067,-16.2201
hull_rsi_short,reverse_signal,yes,23,0.34782608695652173,-0.28690000000000004,-6.598700000000001
hull_rsi_short,smc_mitigation_zone,no,29,0.3448275862068966,-2.0026172413793106,-58.075900000000004
hull_rsi_short,smc_mitigation_zone,no_data,3,0.0,-5.4067,-16.2201
hull_rsi_short,smc_mitigation_zone,yes,23,0.34782608695652173,-0.28690000000000004,-6.598700000000001
hull_rsi_short,time_stop_10d,no,29,0.4827586206896552,-1.5405206896551724,-44.6751
hull_rsi_short,time_stop_10d,no_data,3,0.3333333333333333,2.2429,6.7287
hull_rsi_short,time_stop_10d,yes,23,0.5652173913043478,1.5916217391304348,36.6073
hull_rsi_short,time_stop_20d,no,29,0.41379310344827586,-3.1591586206896554,-91.6156
hull_rsi_short,time_stop_20d,no_data,3,0.3333333333333333,2.5284666666666666,7.5854
hull_rsi_short,time_stop_20d,yes,23,0.43478260869565216,-3.5396652173913044,-81.4123
hull_rsi_short,trailing_10pct,no,29,0.3103448275862069,-4.475631034482758,-129.7933
hull_rsi_short,trailing_10pct,no_data,3,0.0,-8.16,-24.48
hull_rsi_short,trailing_10pct,yes,23,0.2608695652173913,-2.0253130434782607,-46.5822
hull_rsi_short,trailing_15pct,no,29,0.2413793103448276,-4.689224137931035,-135.9875
hull_rsi_short,trailing_15pct,no_data,3,0.3333333333333333,1.9321999999999993,5.796599999999998
hull_rsi_short,trailing_15pct,yes,23,0.30434782608695654,-1.0778521739130433,-24.790599999999998
hull_rsi_short,trailing_5pct,no,29,0.20689655172413793,-2.7260172413793105,-79.0545
hull_rsi_short,trailing_5pct,no_data,3,0.3333333333333333,-3.2436333333333334,-9.7309
hull_rsi_short,trailing_5pct,yes,23,0.2608695652173913,-0.5384347826086957,-12.384
ichimoku_cloud_breakout,atr_trail_1x,no,48,0.14583333333333334,-2.9840875,-143.2362
ichimoku_cloud_breakout,atr_trail_1x,no_data,3,0.0,-1.5902333333333332,-4.7707
ichimoku_cloud_breakout,atr_trail_1x,yes,39,0.23076923076923078,-1.3066205128205128,-50.9582
ichimoku_cloud_breakout,atr_trail_2x,no,48,0.25,-5.455045833333333,-261.8422
ichimoku_cloud_breakout,atr_trail_2x,no_data,3,0.6666666666666666,1.2835,3.8505000000000003
ichimoku_cloud_breakout,atr_trail_2x,yes,39,0.4358974358974359,3.114630769230769,121.47059999999999
ichimoku_cloud_breakout,atr_trail_mae_conditional,no,48,0.14583333333333334,-2.9840875,-143.2362
ichimoku_cloud_breakout,atr_trail_mae_conditional,no_data,3,0.0,-1.5902333333333332,-4.7707
ichimoku_cloud_breakout,atr_trail_mae_conditional,yes,39,0.23076923076923078,-1.3066205128205128,-50.9582
ichimoku_cloud_breakout,atr_trail_vix_conditional,no,48,0.20833333333333334,-4.8307,-231.8736
ichimoku_cloud_breakout,atr_trail_vix_conditional,no_data,3,0.3333333333333333,0.4343000000000001,1.3029000000000002
ichimoku_cloud_breakout,atr_trail_vix_conditional,yes,39,0.23076923076923078,1.0763102564102562,41.976099999999995
ichimoku_cloud_breakout,break_even_at_1r,no,48,0.1875,-3.16605625,-151.9707
ichimoku_cloud_breakout,break_even_at_1r,no_data,3,0.3333333333333333,0.08966666666666685,0.26900000000000057
ichimoku_cloud_breakout,break_even_at_1r,yes,39,0.20512820512820512,0.7062948717948717,27.545499999999997
ichimoku_cloud_breakout,breakeven_plus_trail,no,48,0.3125,-2.9407083333333333,-141.154
ichimoku_cloud_breakout,breakeven_plus_trail,no_data,3,0.6666666666666666,5.1997333333333335,15.5992
ichimoku_cloud_breakout,breakeven_plus_trail,yes,39,0.358974358974359,11.42790512820513,445.6883
ichimoku_cloud_breakout,chandelier_3x,no,48,0.20833333333333334,-4.31243125,-206.9967
ichimoku_cloud_breakout,chandelier_3x,no_data,3,0.3333333333333333,0.7729666666666667,2.3189
ichimoku_cloud_breakout,chandelier_3x,yes,39,0.20512820512820512,3.4547897435897434,134.7368
ichimoku_cloud_breakout,class_time_stop,no,48,0.375,-6.553158333333333,-314.5516
ichimoku_cloud_breakout,class_time_stop,no_data,3,1.0,10.7507,32.2521
ichimoku_cloud_breakout,class_time_stop,yes,39,0.5384615384615384,8.662020512820513,337.8188
ichimoku_cloud_breakout,earnings_blackout,no,48,0.2916666666666667,-12.394197916666664,-594.9214999999999
ichimoku_cloud_breakout,earnings_blackout,no_data,3,0.6666666666666666,18.406033333333337,55.21810000000001
ichimoku_cloud_breakout,earnings_blackout,yes,39,0.5897435897435898,8.491446153846153,331.1664
ichimoku_cloud_breakout,fixed_4r_2r,no,48,0.20833333333333334,-4.727720833333334,-226.9306
ichimoku_cloud_breakout,fixed_4r_2r,no_data,3,0.6666666666666666,7.9750000000000005,23.925
ichimoku_cloud_breakout,fixed_4r_2r,yes,39,0.358974358974359,1.7704564102564102,69.0478
ichimoku_cloud_breakout,hybrid_50pct_target,no,48,0.5208333333333334,-53.18661875,-2552.9577
ichimoku_cloud_breakout,hybrid_50pct_target,no_data,3,1.0,15.700866666666665,47.102599999999995
ichimoku_cloud_breakout,hybrid_50pct_target,yes,39,0.6153846153846154,-7.118566666666666,-277.6241
ichimoku_cloud_breakout,ma_exit_ema9,no,48,0.25,-1.0460312500000002,-50.209500000000006
ichimoku_cloud_breakout,ma_exit_ema9,no_data,3,0.0,-2.8038000000000003,-8.4114
ichimoku_cloud_breakout,ma_exit_ema9,yes,39,0.28205128205128205,-0.7634794871794871,-29.775699999999997
ichimoku_cloud_breakout,mfe_lockin_trail,no,48,0.14583333333333334,-3.5791270833333333,-171.7981
ichimoku_cloud_breakout,mfe_lockin_trail,no_data,3,0.0,-1.5902333333333332,-4.7707
ichimoku_cloud_breakout,mfe_lockin_trail,yes,39,0.23076923076923078,-1.3820410256410256,-53.8996
ichimoku_cloud_breakout,multi_tier_partial,no,48,0.22916666666666666,-2.8814270833333335,-138.3085
ichimoku_cloud_breakout,multi_tier_partial,no_data,3,0.3333333333333333,-0.8115666666666667,-2.4347
ichimoku_cloud_breakout,multi_tier_partial,yes,39,0.358974358974359,-0.6137205128205129,-23.935100000000002
ichimoku_cloud_breakout,next_pivot_target,no,48,0.5625,-3.3279937499999996,-159.7437
ichimoku_cloud_breakout,next_pivot_target,no_data,3,1.0,0.6960333333333333,2.0881
ichimoku_cloud_breakout,next_pivot_target,yes,39,0.8461538461538461,0.7955974358974358,31.028299999999998
ichimoku_cloud_breakout,r_multiple_2r,no,48,0.22916666666666666,-2.193633333333333,-105.2944
ichimoku_cloud_breakout,r_multiple_2r,no_data,3,0.3333333333333333,1.2922666666666667,3.8768000000000002
ichimoku_cloud_breakout,r_multiple_2r,yes,39,0.358974358974359,1.9301333333333337,75.27520000000001
ichimoku_cloud_breakout,r_multiple_3r,no,48,0.20833333333333334,-1.4536833333333332,-69.7768
ichimoku_cloud_breakout,r_multiple_3r,no_data,3,0.3333333333333333,3.5206666666666657,10.561999999999998
ichimoku_cloud_breakout,r_multiple_3r,yes,39,0.23076923076923078,0.7902820512820514,30.821000000000005
ichimoku_cloud_breakout,regime_flip,no,48,0.4166666666666667,-1.6962000000000002,-81.41760000000001
ichimoku_cloud_breakout,regime_flip,no_data,3,1.0,5.232266666666667,15.6968
ichimoku_cloud_breakout,regime_flip,yes,39,0.5128205128205128,4.918912820512821,191.8376
ichimoku_cloud_breakout,reverse_signal,no,48,0.14583333333333334,-2.9840875,-143.2362
ichimoku_cloud_breakout,reverse_signal,no_data,3,0.0,-1.5902333333333332,-4.7707
ichimoku_cloud_breakout,reverse_signal,yes,39,0.23076923076923078,-1.3066205128205128,-50.9582
ichimoku_cloud_breakout,smc_mitigation_zone,no,48,0.14583333333333334,-2.9840875,-143.2362
ichimoku_cloud_breakout,smc_mitigation_zone,no_data,3,0.0,-1.5902333333333332,-4.7707
ichimoku_cloud_breakout,smc_mitigation_zone,yes,39,0.23076923076923078,-1.3066205128205128,-50.9582
ichimoku_cloud_breakout,time_stop_10d,no,48,0.3541666666666667,-3.3349354166666667,-160.0769
ichimoku_cloud_breakout,time_stop_10d,no_data,3,0.6666666666666666,-4.956166666666667,-14.868500000000001
ichimoku_cloud_breakout,time_stop_10d,yes,39,0.48717948717948717,5.877235897435897,229.2122
ichimoku_cloud_breakout,time_stop_20d,no,48,0.4166666666666667,-1.6962000000000002,-81.41760000000001
ichimoku_cloud_breakout,time_stop_20d,no_data,3,1.0,5.232266666666667,15.6968
ichimoku_cloud_breakout,time_stop_20d,yes,39,0.5128205128205128,4.918912820512821,191.8376
ichimoku_cloud_breakout,trailing_10pct,no,48,0.25,-5.48729375,-263.3901
ichimoku_cloud_breakout,trailing_10pct,no_data,3,0.6666666666666666,4.582433333333333,13.7473
ichimoku_cloud_breakout,trailing_10pct,yes,39,0.23076923076923078,0.3749435897435897,14.6228
ichimoku_cloud_breakout,trailing_15pct,no,48,0.2916666666666667,-4.515175,-216.7284
ichimoku_cloud_breakout,trailing_15pct,no_data,3,0.6666666666666666,6.563533333333333,19.6906
ichimoku_cloud_breakout,trailing_15pct,yes,39,0.358974358974359,2.804710256410256,109.38369999999999
ichimoku_cloud_breakout,trailing_5pct,no,48,0.0625,-3.5311270833333332,-169.4941
ichimoku_cloud_breakout,trailing_5pct,no_data,3,0.3333333333333333,2.856066666666667,8.568200000000001
ichimoku_cloud_breakout,trailing_5pct,yes,39,0.358974358974359,-1.2427410256410256,-48.4669
ichimoku_tk_cross,atr_trail_1x,no,8,0.375,-1.3876875000000002,-11.101500000000001
ichimoku_tk_cross,atr_trail_1x,yes,8,0.625,1.8343124999999998,14.674499999999998
ichimoku_tk_cross,atr_trail_2x,no,8,0.25,-4.2906375,-34.3251
ichimoku_tk_cross,atr_trail_2x,yes,8,1.0,12.486699999999999,99.89359999999999
ichimoku_tk_cross,atr_trail_mae_conditional,no,8,0.375,-1.3876875000000002,-11.101500000000001
ichimoku_tk_cross,atr_trail_mae_conditional,yes,8,0.625,1.8343124999999998,14.674499999999998
ichimoku_tk_cross,atr_trail_vix_conditional,no,8,0.375,-1.6018125,-12.8145
ichimoku_tk_cross,atr_trail_vix_conditional,yes,8,0.5,3.5220875,28.1767
ichimoku_tk_cross,break_even_at_1r,no,8,0.125,-2.489775,-19.9182
ichimoku_tk_cross,break_even_at_1r,yes,8,0.375,1.3846874999999998,11.077499999999999
ichimoku_tk_cross,breakeven_plus_trail,no,8,0.25,3.1488499999999995,25.190799999999996
ichimoku_tk_cross,breakeven_plus_trail,yes,8,0.75,10.479975,83.8398
ichimoku_tk_cross,chandelier_3x,no,8,0.125,-5.944599999999999,-47.556799999999996
ichimoku_tk_cross,chandelier_3x,yes,8,0.75,10.677725,85.4218
ichimoku_tk_cross,class_time_stop,no,8,0.5,-2.5537875,-20.4303
ichimoku_tk_cross,class_time_stop,yes,8,0.875,13.570375,108.563
ichimoku_tk_cross,earnings_blackout,no,8,0.375,4.968050000000001,39.744400000000006
ichimoku_tk_cross,earnings_blackout,yes,8,1.0,13.254675,106.0374
ichimoku_tk_cross,fixed_4r_2r,no,8,0.25,-0.9183249999999998,-7.346599999999999
ichimoku_tk_cross,fixed_4r_2r,yes,8,0.875,15.0863625,120.6909
ichimoku_tk_cross,hybrid_50pct_target,no,8,0.375,-1.565975,-12.5278
ichimoku_tk_cross,hybrid_50pct_target,yes,8,1.0,11.6380125,93.1041
ichimoku_tk_cross,ma_exit_ema9,no,8,0.375,-2.0861125,-16.6889
ichimoku_tk_cross,ma_exit_ema9,yes,8,0.75,4.8790125,39.0321
ichimoku_tk_cross,mfe_lockin_trail,no,8,0.375,-1.5258375000000002,-12.206700000000001
ichimoku_tk_cross,mfe_lockin_trail,yes,8,0.625,1.408,11.264
ichimoku_tk_cross,multi_tier_partial,no,8,0.375,-1.0318875,-8.2551
ichimoku_tk_cross,multi_tier_partial,yes,8,0.75,1.589875,12.719
ichimoku_tk_cross,next_pivot_target,no,8,0.5,0.11348750000000032,0.9079000000000026
ichimoku_tk_cross,next_pivot_target,yes,8,0.875,4.2120375,33.6963
ichimoku_tk_cross,r_multiple_2r,no,8,0.25,-2.296825,-18.3746
ichimoku_tk_cross,r_multiple_2r,yes,8,0.75,4.661125,37.289
ichimoku_tk_cross,r_multiple_3r,no,8,0.125,-3.0690375,-24.5523
ichimoku_tk_cross,r_multiple_3r,yes,8,0.5,5.6001125,44.8009
ichimoku_tk_cross,regime_flip,no,8,0.5,-0.7866750000000001,-6.293400000000001
ichimoku_tk_cross,regime_flip,yes,8,1.0,10.1165625,80.9325
ichimoku_tk_cross,reverse_signal,no,8,0.375,-1.3876875000000002,-11.101500000000001
ichimoku_tk_cross,reverse_signal,yes,8,0.625,1.8343124999999998,14.674499999999998
ichimoku_tk_cross,smc_mitigation_zone,no,8,0.375,-1.3876875000000002,-11.101500000000001
ichimoku_tk_cross,smc_mitigation_zone,yes,8,0.625,1.8343124999999998,14.674499999999998
ichimoku_tk_cross,time_stop_10d,no,8,0.375,-1.2544250000000001,-10.035400000000001
ichimoku_tk_cross,time_stop_10d,yes,8,0.75,5.5071375,44.0571
ichimoku_tk_cross,time_stop_20d,no,8,0.5,-0.7866750000000001,-6.293400000000001
ichimoku_tk_cross,time_stop_20d,yes,8,1.0,10.1165625,80.9325
ichimoku_tk_cross,trailing_10pct,no,8,0.25,-4.5959875,-36.7679
ichimoku_tk_cross,trailing_10pct,yes,8,0.875,8.763012499999999,70.10409999999999
ichimoku_tk_cross,trailing_15pct,no,8,0.25,-2.4696875000000005,-19.757500000000004
ichimoku_tk_cross,trailing_15pct,yes,8,0.5,7.3645375,58.9163
ichimoku_tk_cross,trailing_5pct,no,8,0.375,-1.5162749999999998,-12.130199999999999
ichimoku_tk_cross,trailing_5pct,yes,8,0.5,1.7077874999999998,13.662299999999998
inside_bar_breakout,atr_trail_1x,no,1,1.0,0.2095,0.2095
inside_bar_breakout,atr_trail_1x,no_data,1,0.0,-3.6911,-3.6911
inside_bar_breakout,atr_trail_1x,yes,3,0.3333333333333333,2.0633666666666666,6.1901
inside_bar_breakout,atr_trail_2x,no,1,1.0,0.2095,0.2095
inside_bar_breakout,atr_trail_2x,no_data,1,0.0,-8.1426,-8.1426
inside_bar_breakout,atr_trail_2x,yes,3,0.3333333333333333,-0.6541000000000002,-1.9623000000000008
inside_bar_breakout,atr_trail_mae_conditional,no,1,1.0,0.2095,0.2095
inside_bar_breakout,atr_trail_mae_conditional,no_data,1,0.0,-3.6911,-3.6911
inside_bar_breakout,atr_trail_mae_conditional,yes,3,0.3333333333333333,2.0633666666666666,6.1901
inside_bar_breakout,atr_trail_vix_conditional,no,1,1.0,0.2095,0.2095
inside_bar_breakout,atr_trail_vix_conditional,no_data,1,0.0,-5.9169,-5.9169
inside_bar_breakout,atr_trail_vix_conditional,yes,3,0.3333333333333333,3.748899999999999,11.246699999999997
inside_bar_breakout,break_even_at_1r,no,1,1.0,0.2095,0.2095
inside_bar_breakout,break_even_at_1r,no_data,1,0.0,-4.4676,-4.4676
inside_bar_breakout,break_even_at_1r,yes,3,0.3333333333333333,3.413533333333333,10.240599999999999
inside_bar_breakout,breakeven_plus_trail,no,1,1.0,0.2095,0.2095
inside_bar_breakout,breakeven_plus_trail,no_data,1,0.0,0.0,0.0
inside_bar_breakout,breakeven_plus_trail,yes,3,0.6666666666666666,9.686566666666666,29.0597
inside_bar_breakout,chandelier_3x,no,1,0.0,-0.2572,-0.2572
inside_bar_breakout,chandelier_3x,no_data,1,0.0,-0.4358,-0.4358
inside_bar_breakout,chandelier_3x,yes,3,0.0,-0.2730333333333333,-0.8190999999999999
inside_bar_breakout,class_time_stop,no,1,1.0,0.2095,0.2095
inside_bar_breakout,class_time_stop,no_data,1,0.0,-1.767,-1.767
inside_bar_breakout,class_time_stop,yes,3,0.6666666666666666,4.5081000000000016,13.524300000000004
inside_bar_breakout,earnings_blackout,no,1,1.0,0.2095,0.2095
inside_bar_breakout,earnings_blackout,no_data,1,1.0,13.7096,13.7096
inside_bar_breakout,earnings_blackout,yes,3,0.6666666666666666,12.6687,38.006099999999996
inside_bar_breakout,fixed_4r_2r,no,1,1.0,0.2095,0.2095
inside_bar_breakout,fixed_4r_2r,no_data,1,0.0,-8.9352,-8.9352
inside_bar_breakout,fixed_4r_2r,yes,3,0.3333333333333333,8.0221,24.066300000000002
inside_bar_breakout,hybrid_50pct_target,no,1,1.0,0.2095,0.2095
inside_bar_breakout,hybrid_50pct_target,no_data,1,1.0,18.0587,18.0587
inside_bar_breakout,hybrid_50pct_target,yes,3,0.3333333333333333,2.5791000000000004,7.737300000000001
inside_bar_breakout,ma_exit_ema9,no,1,0.0,-0.0125,-0.0125
inside_bar_breakout,ma_exit_ema9,no_data,1,1.0,0.3923,0.3923
inside_bar_breakout,ma_exit_ema9,yes,3,0.6666666666666666,-0.14619999999999989,-0.43859999999999966
inside_bar_breakout,mfe_lockin_trail,no,1,1.0,0.2095,0.2095
inside_bar_breakout,mfe_lockin_trail,no_data,1,0.0,-3.6911,-3.6911
inside_bar_breakout,mfe_lockin_trail,yes,3,0.3333333333333333,2.966799999999999,8.900399999999998
inside_bar_breakout,multi_tier_partial,no,1,1.0,0.2095,0.2095
inside_bar_breakout,multi_tier_partial,no_data,1,0.0,-3.6911,-3.6911
inside_bar_breakout,multi_tier_partial,yes,3,0.3333333333333333,2.4384666666666663,7.3153999999999995
inside_bar_breakout,next_pivot_target,no,1,1.0,0.2095,0.2095
inside_bar_breakout,next_pivot_target,no_data,1,1.0,1.7398,1.7398
inside_bar_breakout,next_pivot_target,yes,3,1.0,2.8154000000000003,8.446200000000001
inside_bar_breakout,r_multiple_2r,no,1,1.0,0.2095,0.2095
inside_bar_breakout,r_multiple_2r,no_data,1,0.0,-4.4676,-4.4676
inside_bar_breakout,r_multiple_2r,yes,3,0.3333333333333333,4.011066666666666,12.033199999999999
inside_bar_breakout,r_multiple_3r,no,1,1.0,0.2095,0.2095
inside_bar_breakout,r_multiple_3r,no_data,1,0.0,-4.4676,-4.4676
inside_bar_breakout,r_multiple_3r,yes,3,0.3333333333333333,7.8289,23.4867
inside_bar_breakout,regime_flip,no,1,1.0,0.2095,0.2095
inside_bar_breakout,regime_flip,no_data,1,0.0,-9.0851,-9.0851
inside_bar_breakout,regime_flip,yes,3,0.6666666666666666,12.675033333333333,38.0251
inside_bar_breakout,reverse_signal,no,1,1.0,0.2095,0.2095
inside_bar_breakout,reverse_signal,no_data,1,0.0,-3.6911,-3.6911
inside_bar_breakout,reverse_signal,yes,3,0.3333333333333333,2.0633666666666666,6.1901
inside_bar_breakout,smc_mitigation_zone,no,1,1.0,0.2095,0.2095
inside_bar_breakout,smc_mitigation_zone,no_data,1,0.0,-3.6911,-3.6911
inside_bar_breakout,smc_mitigation_zone,yes,3,0.3333333333333333,2.0633666666666666,6.1901
inside_bar_breakout,time_stop_10d,no,1,1.0,0.2095,0.2095
inside_bar_breakout,time_stop_10d,no_data,1,1.0,4.0728,4.0728
inside_bar_breakout,time_stop_10d,yes,3,0.3333333333333333,1.355000000000001,4.065000000000003
inside_bar_breakout,time_stop_20d,no,1,1.0,0.2095,0.2095
inside_bar_breakout,time_stop_20d,no_data,1,0.0,-9.0851,-9.0851
inside_bar_breakout,time_stop_20d,yes,3,0.6666666666666666,12.675033333333333,38.0251
inside_bar_breakout,trailing_10pct,no,1,1.0,0.2095,0.2095
inside_bar_breakout,trailing_10pct,no_data,1,0.0,-9.3157,-9.3157
inside_bar_breakout,trailing_10pct,yes,3,0.3333333333333333,1.7782333333333333,5.3347
inside_bar_breakout,trailing_15pct,no,1,1.0,0.2095,0.2095
inside_bar_breakout,trailing_15pct,no_data,1,0.0,-8.2637,-8.2637
inside_bar_breakout,trailing_15pct,yes,3,0.3333333333333333,-3.8761333333333337,-11.628400000000001
inside_bar_breakout,trailing_5pct,no,1,1.0,0.2095,0.2095
inside_bar_breakout,trailing_5pct,no_data,1,0.0,-4.2777,-4.2777
inside_bar_breakout,trailing_5pct,yes,3,0.0,-3.2533666666666665,-9.7601
insider_cluster_long,atr_trail_1x,no,6,0.16666666666666666,-2.5367333333333333,-15.2204
insider_cluster_long,atr_trail_1x,yes,4,0.0,-2.890175,-11.5607
insider_cluster_long,atr_trail_2x,no,6,0.3333333333333333,-1.9882,-11.9292
insider_cluster_long,atr_trail_2x,yes,4,0.25,-1.7452999999999999,-6.981199999999999
insider_cluster_long,atr_trail_mae_conditional,no,6,0.16666666666666666,-2.5367333333333333,-15.2204
insider_cluster_long,atr_trail_mae_conditional,yes,4,0.0,-2.890175,-11.5607
insider_cluster_long,atr_trail_vix_conditional,no,6,0.16666666666666666,1.0502166666666666,6.3012999999999995
insider_cluster_long,atr_trail_vix_conditional,yes,4,0.0,-2.38755,-9.5502
insider_cluster_long,break_even_at_1r,no,6,0.16666666666666666,-0.5397666666666665,-3.238599999999999
insider_cluster_long,break_even_at_1r,yes,4,0.0,-3.053225,-12.2129
insider_cluster_long,breakeven_plus_trail,no,6,0.8333333333333334,11.995183333333335,71.9711
insider_cluster_long,breakeven_plus_trail,yes,4,0.5,3.8511750000000005,15.404700000000002
insider_cluster_long,chandelier_3x,no,6,0.3333333333333333,-1.1693166666666666,-7.015899999999999
insider_cluster_long,chandelier_3x,yes,4,0.25,-2.7148749999999997,-10.859499999999999
insider_cluster_long,class_time_stop,no,6,0.5,-4.8920666666666675,-29.352400000000003
insider_cluster_long,class_time_stop,yes,4,0.5,-1.7565750000000002,-7.026300000000001
insider_cluster_long,earnings_blackout,no,6,0.5,-0.5928333333333328,-3.556999999999997
insider_cluster_long,earnings_blackout,yes,4,0.5,2.9269000000000003,11.707600000000001
insider_cluster_long,fixed_4r_2r,no,6,0.5,3.493966666666667,20.963800000000003
insider_cluster_long,fixed_4r_2r,yes,4,0.25,-5.5755,-22.302
insider_cluster_long,hybrid_50pct_target,no,6,0.5,5.187366666666667,31.124200000000002
insider_cluster_long,hybrid_50pct_target,yes,4,0.25,-4.425225,-17.7009
insider_cluster_long,ma_exit_ema9,no,6,0.5,1.3791166666666668,8.274700000000001
insider_cluster_long,ma_exit_ema9,yes,4,0.5,1.7573750000000001,7.0295000000000005
insider_cluster_long,mfe_lockin_trail,no,6,0.16666666666666666,-2.5367333333333333,-15.2204
insider_cluster_long,mfe_lockin_trail,yes,4,0.0,-2.890175,-11.5607
insider_cluster_long,multi_tier_partial,no,6,0.5,-1.58765,-9.5259
insider_cluster_long,multi_tier_partial,yes,4,0.5,-1.3836,-5.5344
insider_cluster_long,next_pivot_target,no,6,0.8333333333333334,1.516566666666667,9.099400000000003
insider_cluster_long,next_pivot_target,yes,4,1.0,2.764825,11.0593
insider_cluster_long,r_multiple_2r,no,6,0.3333333333333333,0.1925000000000002,1.1550000000000011
insider_cluster_long,r_multiple_2r,yes,4,0.5,5.334700000000001,21.338800000000003
insider_cluster_long,r_multiple_3r,no,6,0.3333333333333333,2.7031833333333335,16.2191
insider_cluster_long,r_multiple_3r,yes,4,0.25,-2.0163,-8.0652
insider_cluster_long,regime_flip,no,6,0.6666666666666666,2.23775,13.4265
insider_cluster_long,regime_flip,yes,4,0.75,1.3411250000000001,5.3645000000000005
insider_cluster_long,reverse_signal,no,6,0.16666666666666666,-2.5367333333333333,-15.2204
insider_cluster_long,reverse_signal,yes,4,0.0,-2.890175,-11.5607
insider_cluster_long,smc_mitigation_zone,no,6,0.16666666666666666,-2.5367333333333333,-15.2204
insider_cluster_long,smc_mitigation_zone,yes,4,0.0,-2.890175,-11.5607
insider_cluster_long,time_stop_10d,no,6,0.5,3.880633333333334,23.283800000000003
insider_cluster_long,time_stop_10d,yes,4,1.0,6.8801499999999995,27.520599999999998
insider_cluster_long,time_stop_20d,no,6,0.6666666666666666,2.23775,13.4265
insider_cluster_long,time_stop_20d,yes,4,0.75,1.3411250000000001,5.3645000000000005
insider_cluster_long,trailing_10pct,no,6,0.16666666666666666,-1.3261333333333334,-7.9568
insider_cluster_long,trailing_10pct,yes,4,0.25,0.2967250000000001,1.1869000000000005
insider_cluster_long,trailing_15pct,no,6,0.5,-0.9377833333333335,-5.626700000000001
insider_cluster_long,trailing_15pct,yes,4,0.25,-4.076525,-16.3061
insider_cluster_long,trailing_5pct,no,6,0.0,-1.6359833333333331,-9.8159
insider_cluster_long,trailing_5pct,yes,4,0.25,-1.1192250000000001,-4.4769000000000005
institutional_buy_momentum_long,atr_trail_1x,no,16,0.3125,-1.6351875,-26.163
institutional_buy_momentum_long,atr_trail_1x,no_data,2,0.0,-2.4387499999999998,-4.8774999999999995
institutional_buy_momentum_long,atr_trail_1x,yes,14,0.2857142857142857,-2.1114714285714284,-29.5606
institutional_buy_momentum_long,atr_trail_2x,no,16,0.1875,-4.924975,-78.7996
institutional_buy_momentum_long,atr_trail_2x,no_data,2,0.0,-4.1509,-8.3018
institutional_buy_momentum_long,atr_trail_2x,yes,14,0.21428571428571427,-0.23197142857142847,-3.2475999999999985
institutional_buy_momentum_long,atr_trail_mae_conditional,no,16,0.3125,-1.6351875,-26.163
institutional_buy_momentum_long,atr_trail_mae_conditional,no_data,2,0.0,-2.4387499999999998,-4.8774999999999995
institutional_buy_momentum_long,atr_trail_mae_conditional,yes,14,0.2857142857142857,-2.1114714285714284,-29.5606
institutional_buy_momentum_long,atr_trail_vix_conditional,no,16,0.1875,-3.87456875,-61.9931
institutional_buy_momentum_long,atr_trail_vix_conditional,no_data,2,0.0,-2.31405,-4.6281
institutional_buy_momentum_long,atr_trail_vix_conditional,yes,14,0.2857142857142857,-1.9229785714285714,-26.9217
institutional_buy_momentum_long,break_even_at_1r,no,16,0.1875,-1.1834624999999999,-18.935399999999998
institutional_buy_momentum_long,break_even_at_1r,no_data,2,0.0,0.0,0.0
institutional_buy_momentum_long,break_even_at_1r,yes,14,0.14285714285714285,3.1290714285714283,43.806999999999995
institutional_buy_momentum_long,breakeven_plus_trail,no,16,0.25,-3.96250625,-63.4001
institutional_buy_momentum_long,breakeven_plus_trail,no_data,2,0.5,-5.5356499999999995,-11.071299999999999
institutional_buy_momentum_long,breakeven_plus_trail,yes,14,0.42857142857142855,7.967285714285714,111.54199999999999
institutional_buy_momentum_long,chandelier_3x,no,16,0.0625,-3.99191875,-63.8707
institutional_buy_momentum_long,chandelier_3x,no_data,2,0.0,-3.71325,-7.4265
institutional_buy_momentum_long,chandelier_3x,yes,14,0.35714285714285715,3.416392857142857,47.829499999999996
institutional_buy_momentum_long,class_time_stop,no,16,0.1875,-2.388218749999999,-38.21149999999999
institutional_buy_momentum_long,class_time_stop,no_data,2,0.5,-6.633649999999999,-13.267299999999999
institutional_buy_momentum_long,class_time_stop,yes,14,0.35714285714285715,-7.3668000000000005,-103.13520000000001
institutional_buy_momentum_long,earnings_blackout,no,16,0.0625,-7.557381250000001,-120.91810000000001
institutional_buy_momentum_long,earnings_blackout,no_data,2,0.5,-26.91305,-53.8261
institutional_buy_momentum_long,earnings_blackout,yes,14,0.42857142857142855,0.02638571428571471,0.36940000000000595
institutional_buy_momentum_long,fixed_4r_2r,no,16,0.125,-6.53174375,-104.5079
institutional_buy_momentum_long,fixed_4r_2r,no_data,2,0.5,6.5728,13.1456
institutional_buy_momentum_long,fixed_4r_2r,yes,14,0.42857142857142855,1.2874285714285716,18.024
institutional_buy_momentum_long,hybrid_50pct_target,no,16,0.1875,-4.8070562500000005,-76.91290000000001
institutional_buy_momentum_long,hybrid_50pct_target,no_data,2,0.5,1.2222,2.4444
institutional_buy_momentum_long,hybrid_50pct_target,yes,14,0.5,3.108207142857143,43.514900000000004
institutional_buy_momentum_long,ma_exit_ema9,no,16,0.375,-0.8728000000000001,-13.964800000000002
institutional_buy_momentum_long,ma_exit_ema9,no_data,2,1.0,0.555,1.11
institutional_buy_momentum_long,ma_exit_ema9,yes,14,0.21428571428571427,0.8861714285714287,12.406400000000001
institutional_buy_momentum_long,mfe_lockin_trail,no,16,0.3125,-1.44475,-23.116
institutional_buy_momentum_long,mfe_lockin_trail,no_data,2,0.0,-2.4387499999999998,-4.8774999999999995
institutional_buy_momentum_long,mfe_lockin_trail,yes,14,0.2857142857142857,-2.1114714285714284,-29.5606
institutional_buy_momentum_long,multi_tier_partial,no,16,0.3125,-1.0440625,-16.705
institutional_buy_momentum_long,multi_tier_partial,no_data,2,0.0,-2.4387499999999998,-4.8774999999999995
institutional_buy_momentum_long,multi_tier_partial,yes,14,0.42857142857142855,-0.9435142857142856,-13.2092
institutional_buy_momentum_long,next_pivot_target,no,16,0.4375,-5.4439625,-87.1034
institutional_buy_momentum_long,next_pivot_target,no_data,2,1.0,0.8941,1.7882
institutional_buy_momentum_long,next_pivot_target,yes,14,0.7857142857142857,0.09762857142857152,1.3668000000000013
institutional_buy_momentum_long,r_multiple_2r,no,16,0.3125,0.17166249999999994,2.746599999999999
institutional_buy_momentum_long,r_multiple_2r,no_data,2,0.5,3.08395,6.1679
institutional_buy_momentum_long,r_multiple_2r,yes,14,0.35714285714285715,0.01465714285714302,0.20520000000000227
institutional_buy_momentum_long,r_multiple_3r,no,16,0.125,-2.28986875,-36.6379
institutional_buy_momentum_long,r_multiple_3r,no_data,2,0.0,-6.132099999999999,-12.264199999999999
institutional_buy_momentum_long,r_multiple_3r,yes,14,0.2857142857142857,-0.03069999999999976,-0.42979999999999663
institutional_buy_momentum_long,regime_flip,no,16,0.1875,-5.87916875,-94.0667
institutional_buy_momentum_long,regime_flip,no_data,2,0.5,-9.891399999999999,-19.782799999999998
institutional_buy_momentum_long,regime_flip,yes,14,0.5,-0.3575428571428571,-5.005599999999999
institutional_buy_momentum_long,reverse_signal,no,16,0.3125,-1.6351875,-26.163
institutional_buy_momentum_long,reverse_signal,no_data,2,0.0,-2.4387499999999998,-4.8774999999999995
institutional_buy_momentum_long,reverse_signal,yes,14,0.2857142857142857,-2.1114714285714284,-29.5606
institutional_buy_momentum_long,smc_mitigation_zone,no,16,0.3125,-1.6351875,-26.163
institutional_buy_momentum_long,smc_mitigation_zone,no_data,2,0.0,-2.4387499999999998,-4.8774999999999995
institutional_buy_momentum_long,smc_mitigation_zone,yes,14,0.2857142857142857,-2.1114714285714284,-29.5606
institutional_buy_momentum_long,time_stop_10d,no,16,0.125,-6.7840437499999995,-108.54469999999999
institutional_buy_momentum_long,time_stop_10d,no_data,2,0.5,-6.2802,-12.5604
institutional_buy_momentum_long,time_stop_10d,yes,14,0.42857142857142855,-0.2456857142857142,-3.4395999999999987
institutional_buy_momentum_long,time_stop_20d,no,16,0.1875,-5.87916875,-94.0667
institutional_buy_momentum_long,time_stop_20d,no_data,2,0.5,-9.891399999999999,-19.782799999999998
institutional_buy_momentum_long,time_stop_20d,yes,14,0.5,-0.3575428571428571,-5.005599999999999
institutional_buy_momentum_long,trailing_10pct,no,16,0.1875,-4.40485,-70.4776
institutional_buy_momentum_long,trailing_10pct,no_data,2,0.5,-2.6822500000000002,-5.3645000000000005
institutional_buy_momentum_long,trailing_10pct,yes,14,0.2857142857142857,2.3620714285714284,33.068999999999996
institutional_buy_momentum_long,trailing_15pct,no,16,0.125,-8.17691875,-130.8307
institutional_buy_momentum_long,trailing_15pct,no_data,2,0.0,-8.45865,-16.9173
institutional_buy_momentum_long,trailing_15pct,yes,14,0.21428571428571427,-4.960842857142857,-69.45179999999999
institutional_buy_momentum_long,trailing_5pct,no,16,0.125,-3.19859375,-51.1775
institutional_buy_momentum_long,trailing_5pct,no_data,2,0.0,-1.8122500000000001,-3.6245000000000003
institutional_buy_momentum_long,trailing_5pct,yes,14,0.21428571428571427,-2.2867642857142854,-32.0147
institutional_cluster_long,atr_trail_1x,no,30,0.3333333333333333,-2.0619400000000003,-61.858200000000004
institutional_cluster_long,atr_trail_1x,no_data,5,0.2,-2.88318,-14.415899999999999
institutional_cluster_long,atr_trail_1x,yes,32,0.28125,-0.292109375,-9.3475
institutional_cluster_long,atr_trail_2x,no,30,0.3,-2.353596666666667,-70.6079
institutional_cluster_long,atr_trail_2x,no_data,5,0.0,-7.70052,-38.5026
institutional_cluster_long,atr_trail_2x,yes,32,0.34375,-0.37698124999999993,-12.063399999999998
institutional_cluster_long,atr_trail_mae_conditional,no,30,0.3333333333333333,-2.0619400000000003,-61.858200000000004
institutional_cluster_long,atr_trail_mae_conditional,no_data,5,0.2,-2.88318,-14.415899999999999
institutional_cluster_long,atr_trail_mae_conditional,yes,32,0.28125,-0.292109375,-9.3475
institutional_cluster_long,atr_trail_vix_conditional,no,30,0.26666666666666666,-2.1685433333333335,-65.05630000000001
institutional_cluster_long,atr_trail_vix_conditional,no_data,5,0.2,-3.21652,-16.0826
institutional_cluster_long,atr_trail_vix_conditional,yes,32,0.28125,0.06827812499999995,2.1848999999999985
institutional_cluster_long,break_even_at_1r,no,30,0.13333333333333333,-3.3046366666666667,-99.1391
institutional_cluster_long,break_even_at_1r,no_data,5,0.2,-3.02212,-15.1106
institutional_cluster_long,break_even_at_1r,yes,32,0.25,1.610375,51.532
institutional_cluster_long,breakeven_plus_trail,no,30,0.3333333333333333,2.588156666666667,77.6447
institutional_cluster_long,breakeven_plus_trail,no_data,5,0.2,-8.02862,-40.1431
institutional_cluster_long,breakeven_plus_trail,yes,32,0.40625,8.0506125,257.6196
institutional_cluster_long,chandelier_3x,no,30,0.1,-1.1586500000000002,-34.7595
institutional_cluster_long,chandelier_3x,no_data,5,0.0,-2.4856000000000003,-12.428
institutional_cluster_long,chandelier_3x,yes,32,0.1875,-0.20504062499999998,-6.561299999999999
institutional_cluster_long,class_time_stop,no,30,0.5,5.7063066666666655,171.18919999999997
institutional_cluster_long,class_time_stop,no_data,5,0.6,6.38938,31.9469
institutional_cluster_long,class_time_stop,yes,32,0.59375,5.4989625,175.9668
institutional_cluster_long,earnings_blackout,no,30,0.4666666666666667,17.824483333333333,534.7345
institutional_cluster_long,earnings_blackout,no_data,5,0.2,-5.89586,-29.4793
institutional_cluster_long,earnings_blackout,yes,32,0.625,7.518428125,240.5897
institutional_cluster_long,fixed_4r_2r,no,30,0.3,-1.30318,-39.0954
institutional_cluster_long,fixed_4r_2r,no_data,5,0.0,-11.93802,-59.6901
institutional_cluster_long,fixed_4r_2r,yes,32,0.4375,4.550584375000001,145.61870000000002
institutional_cluster_long,hybrid_50pct_target,no,30,0.3,-2.2694466666666666,-68.0834
institutional_cluster_long,hybrid_50pct_target,no_data,5,0.0,-10.0,-50.0
institutional_cluster_long,hybrid_50pct_target,yes,32,0.46875,1.3267249999999997,42.45519999999999
institutional_cluster_long,ma_exit_ema9,no,30,0.4666666666666667,1.48605,44.581500000000005
institutional_cluster_long,ma_exit_ema9,no_data,5,0.2,-1.7349600000000003,-8.674800000000001
institutional_cluster_long,ma_exit_ema9,yes,32,0.21875,-0.6150937500000001,-19.683000000000003
institutional_cluster_long,mfe_lockin_trail,no,30,0.3333333333333333,-1.7089666666666665,-51.269
institutional_cluster_long,mfe_lockin_trail,no_data,5,0.2,-2.88318,-14.415899999999999
institutional_cluster_long,mfe_lockin_trail,yes,32,0.28125,-0.03822187499999999,-1.2230999999999996
institutional_cluster_long,multi_tier_partial,no,30,0.43333333333333335,-1.2347566666666667,-37.0427
institutional_cluster_long,multi_tier_partial,no_data,5,0.4,-1.1824999999999997,-5.912499999999998
institutional_cluster_long,multi_tier_partial,yes,32,0.4375,0.27017500000000005,8.645600000000002
institutional_cluster_long,next_pivot_target,no,30,0.7,1.5121133333333332,45.3634
institutional_cluster_long,next_pivot_target,no_data,5,0.6,-3.00656,-15.0328
institutional_cluster_long,next_pivot_target,yes,32,0.75,1.136325,36.3624
institutional_cluster_long,r_multiple_2r,no,30,0.3333333333333333,0.24471999999999994,7.341599999999998
institutional_cluster_long,r_multiple_2r,no_data,5,0.2,-1.35702,-6.785099999999999
institutional_cluster_long,r_multiple_2r,yes,32,0.40625,2.17190625,69.501
institutional_cluster_long,r_multiple_3r,no,30,0.16666666666666666,-1.1470999999999998,-34.413
institutional_cluster_long,r_multiple_3r,no_data,5,0.0,-6.0185200000000005,-30.0926
institutional_cluster_long,r_multiple_3r,yes,32,0.3125,2.7351437499999998,87.52459999999999
institutional_cluster_long,regime_flip,no,30,0.3,1.3046366666666669,39.139100000000006
institutional_cluster_long,regime_flip,no_data,5,0.2,-2.9647799999999997,-14.823899999999998
institutional_cluster_long,regime_flip,yes,32,0.625,2.949721875,94.3911
institutional_cluster_long,reverse_signal,no,30,0.3333333333333333,-2.0619400000000003,-61.858200000000004
institutional_cluster_long,reverse_signal,no_data,5,0.2,-2.88318,-14.415899999999999
institutional_cluster_long,reverse_signal,yes,32,0.28125,-0.292109375,-9.3475
institutional_cluster_long,smc_mitigation_zone,no,30,0.3333333333333333,-2.0619400000000003,-61.858200000000004
institutional_cluster_long,smc_mitigation_zone,no_data,5,0.2,-2.88318,-14.415899999999999
institutional_cluster_long,smc_mitigation_zone,yes,32,0.28125,-0.292109375,-9.3475
institutional_cluster_long,time_stop_10d,no,30,0.4666666666666667,0.11585333333333334,3.4756
institutional_cluster_long,time_stop_10d,no_data,5,0.2,-7.80792,-39.0396
institutional_cluster_long,time_stop_10d,yes,32,0.59375,1.2265062500000001,39.248200000000004
institutional_cluster_long,time_stop_20d,no,30,0.3,1.3046366666666669,39.139100000000006
institutional_cluster_long,time_stop_20d,no_data,5,0.2,-2.9647799999999997,-14.823899999999998
institutional_cluster_long,time_stop_20d,yes,32,0.625,2.949721875,94.3911
institutional_cluster_long,trailing_10pct,no,30,0.16666666666666666,-4.6371199999999995,-139.1136
institutional_cluster_long,trailing_10pct,no_data,5,0.2,-6.78222,-33.9111
institutional_cluster_long,trailing_10pct,yes,32,0.34375,0.21015312499999983,6.7248999999999945
institutional_cluster_long,trailing_15pct,no,30,0.3,-4.196316666666666,-125.8895
institutional_cluster_long,trailing_15pct,no_data,5,0.2,-5.200799999999999,-26.003999999999998
institutional_cluster_long,trailing_15pct,yes,32,0.40625,4.837225,154.7912
institutional_cluster_long,trailing_5pct,no,30,0.23333333333333334,-2.18069,-65.4207
institutional_cluster_long,trailing_5pct,no_data,5,0.2,-2.34224,-11.7112
institutional_cluster_long,trailing_5pct,yes,32,0.1875,-1.96798125,-62.9754
lead_lag_sector_rotation,atr_trail_1x,no,28,0.14285714285714285,-0.529075,-14.8141
lead_lag_sector_rotation,atr_trail_1x,yes,20,0.1,-1.27602,-25.5204
lead_lag_sector_rotation,atr_trail_2x,no,28,0.10714285714285714,-2.9841892857142858,-83.5573
lead_lag_sector_rotation,atr_trail_2x,yes,20,0.25,-0.7262449999999999,-14.524899999999999
lead_lag_sector_rotation,atr_trail_mae_conditional,no,28,0.14285714285714285,-0.529075,-14.8141
lead_lag_sector_rotation,atr_trail_mae_conditional,yes,20,0.1,-1.27602,-25.5204
lead_lag_sector_rotation,atr_trail_vix_conditional,no,28,0.14285714285714285,-0.529075,-14.8141
lead_lag_sector_rotation,atr_trail_vix_conditional,yes,20,0.1,-1.27602,-25.5204
lead_lag_sector_rotation,break_even_at_1r,no,28,0.0,-1.1698107142857144,-32.7547
lead_lag_sector_rotation,break_even_at_1r,yes,20,0.05,-0.377625,-7.5525
lead_lag_sector_rotation,breakeven_plus_trail,no,28,0.10714285714285714,0.4721678571428572,13.2207
lead_lag_sector_rotation,breakeven_plus_trail,yes,20,0.15,1.5140850000000001,30.2817
lead_lag_sector_rotation,chandelier_3x,no,28,0.03571428571428571,-1.1421857142857141,-31.981199999999998
lead_lag_sector_rotation,chandelier_3x,yes,20,0.1,-0.5955150000000001,-11.910300000000003
lead_lag_sector_rotation,class_time_stop,no,28,0.2857142857142857,-6.131625,-171.6855
lead_lag_sector_rotation,class_time_stop,yes,20,0.6,4.116535,82.3307
lead_lag_sector_rotation,earnings_blackout,no,28,0.21428571428571427,-4.762500000000001,-133.35000000000002
lead_lag_sector_rotation,earnings_blackout,yes,20,0.55,6.209125,124.1825
lead_lag_sector_rotation,fixed_4r_2r,no,28,0.10714285714285714,-2.757425,-77.2079
lead_lag_sector_rotation,fixed_4r_2r,yes,20,0.4,0.8019999999999999,16.04
lead_lag_sector_rotation,hybrid_50pct_target,no,28,0.42857142857142855,-2.8897321428571425,-80.9125
lead_lag_sector_rotation,hybrid_50pct_target,yes,20,0.7,0.2493800000000001,4.987600000000002
lead_lag_sector_rotation,ma_exit_ema9,no,28,0.25,-1.3042464285714284,-36.518899999999995
lead_lag_sector_rotation,ma_exit_ema9,yes,20,0.45,1.300735,26.0147
lead_lag_sector_rotation,mfe_lockin_trail,no,28,0.14285714285714285,-0.7849428571428572,-21.9784
lead_lag_sector_rotation,mfe_lockin_trail,yes,20,0.1,-1.27602,-25.5204
lead_lag_sector_rotation,multi_tier_partial,no,28,0.4642857142857143,-0.5937678571428571,-16.6255
lead_lag_sector_rotation,multi_tier_partial,yes,20,0.65,0.30969,6.1938
lead_lag_sector_rotation,next_pivot_target,no,28,0.17857142857142858,-2.292017857142857,-64.1765
lead_lag_sector_rotation,next_pivot_target,yes,20,0.5,0.93442,18.6884
lead_lag_sector_rotation,r_multiple_2r,no,28,0.25,-0.5121535714285714,-14.3403
lead_lag_sector_rotation,r_multiple_2r,yes,20,0.45,0.7404,14.808
lead_lag_sector_rotation,r_multiple_3r,no,28,0.17857142857142858,-0.589275,-16.4997
lead_lag_sector_rotation,r_multiple_3r,yes,20,0.4,1.2,24.0
lead_lag_sector_rotation,regime_flip,no,28,0.25,-7.456767857142857,-208.7895
lead_lag_sector_rotation,regime_flip,yes,20,0.6,4.62178,92.43560000000001
lead_lag_sector_rotation,reverse_signal,no,28,0.14285714285714285,-0.529075,-14.8141
lead_lag_sector_rotation,reverse_signal,yes,20,0.1,-1.27602,-25.5204
lead_lag_sector_rotation,smc_mitigation_zone,no,28,0.14285714285714285,-0.529075,-14.8141
lead_lag_sector_rotation,smc_mitigation_zone,yes,20,0.1,-1.27602,-25.5204
lead_lag_sector_rotation,time_stop_10d,no,28,0.17857142857142858,-6.725482142857143,-188.3135
lead_lag_sector_rotation,time_stop_10d,yes,20,0.55,1.24722,24.9444
lead_lag_sector_rotation,time_stop_20d,no,28,0.25,-7.456767857142857,-208.7895
lead_lag_sector_rotation,time_stop_20d,yes,20,0.6,4.62178,92.43560000000001
lead_lag_sector_rotation,trailing_10pct,no,28,0.10714285714285714,-4.139792857142857,-115.9142
lead_lag_sector_rotation,trailing_10pct,yes,20,0.45,-0.356525,-7.1305
lead_lag_sector_rotation,trailing_15pct,no,28,0.14285714285714285,-6.115832142857143,-171.2433
lead_lag_sector_rotation,trailing_15pct,yes,20,0.45,1.6585450000000002,33.1709
lead_lag_sector_rotation,trailing_5pct,no,28,0.07142857142857142,-3.554732142857143,-99.5325
lead_lag_sector_rotation,trailing_5pct,yes,20,0.3,-1.29897,-25.9794
macd_crossover,atr_trail_1x,no,14,0.2857142857142857,-0.48700714285714286,-6.8181
macd_crossover,atr_trail_1x,no_data,3,0.0,-3.6534999999999997,-10.9605
macd_crossover,atr_trail_1x,yes,17,0.058823529411764705,-2.641094117647059,-44.8986
macd_crossover,atr_trail_2x,no,14,0.35714285714285715,-1.2854000000000003,-17.995600000000003
macd_crossover,atr_trail_2x,no_data,3,0.3333333333333333,-6.600033333333333,-19.8001
macd_crossover,atr_trail_2x,yes,17,0.29411764705882354,-2.3874411764705883,-40.5865
macd_crossover,atr_trail_mae_conditional,no,14,0.2857142857142857,-0.48700714285714286,-6.8181
macd_crossover,atr_trail_mae_conditional,no_data,3,0.0,-3.6534999999999997,-10.9605
macd_crossover,atr_trail_mae_conditional,yes,17,0.058823529411764705,-2.641094117647059,-44.8986
macd_crossover,atr_trail_vix_conditional,no,14,0.42857142857142855,0.46221428571428574,6.471
macd_crossover,atr_trail_vix_conditional,no_data,3,0.3333333333333333,1.4596666666666664,4.379
macd_crossover,atr_trail_vix_conditional,yes,17,0.17647058823529413,-2.249341176470588,-38.2388
macd_crossover,break_even_at_1r,no,14,0.07142857142857142,-2.8757214285714285,-40.2601
macd_crossover,break_even_at_1r,no_data,3,0.3333333333333333,1.0622333333333331,3.186699999999999
macd_crossover,break_even_at_1r,yes,17,0.058823529411764705,-2.564429411764706,-43.5953
macd_crossover,breakeven_plus_trail,no,14,0.42857142857142855,6.622349999999999,92.71289999999999
macd_crossover,breakeven_plus_trail,no_data,3,0.3333333333333333,0.7828999999999992,2.3486999999999973
macd_crossover,breakeven_plus_trail,yes,17,0.47058823529411764,4.169994117647058,70.8899
macd_crossover,chandelier_3x,no,14,0.35714285714285715,-0.47844285714285706,-6.698199999999999
macd_crossover,chandelier_3x,no_data,3,0.3333333333333333,-3.5161999999999995,-10.548599999999999
macd_crossover,chandelier_3x,yes,17,0.35294117647058826,-2.4590941176470587,-41.8046
macd_crossover,class_time_stop,no,14,0.2857142857142857,-7.768257142857143,-108.7556
macd_crossover,class_time_stop,no_data,3,0.3333333333333333,-21.957766666666668,-65.8733
macd_crossover,class_time_stop,yes,17,0.47058823529411764,2.047305882352941,34.8042
macd_crossover,earnings_blackout,no,14,0.42857142857142855,5.132678571428571,71.8575
macd_crossover,earnings_blackout,no_data,3,0.3333333333333333,-20.456266666666668,-61.3688
macd_crossover,earnings_blackout,yes,17,0.47058823529411764,3.0989117647058824,52.6815
macd_crossover,fixed_4r_2r,no,14,0.42857142857142855,6.764078571428571,94.69709999999999
macd_crossover,fixed_4r_2r,no_data,3,0.3333333333333333,-0.2783666666666657,-0.8350999999999971
macd_crossover,fixed_4r_2r,yes,17,0.29411764705882354,0.1354176470588235,2.3020999999999994
macd_crossover,hybrid_50pct_target,no,14,0.42857142857142855,-15.737499999999999,-220.325
macd_crossover,hybrid_50pct_target,no_data,3,0.3333333333333333,-2.1473999999999998,-6.4422
macd_crossover,hybrid_50pct_target,yes,17,0.7058823529411765,3.6412529411764702,61.90129999999999
macd_crossover,ma_exit_ema9,no,14,0.35714285714285715,-0.22974285714285728,-3.216400000000002
macd_crossover,ma_exit_ema9,no_data,3,0.3333333333333333,0.7465333333333336,2.2396000000000007
macd_crossover,ma_exit_ema9,yes,17,0.4117647058823529,-0.47479411764705887,-8.0715
macd_crossover,mfe_lockin_trail,no,14,0.2857142857142857,-2.993064285714286,-41.9029
macd_crossover,mfe_lockin_trail,no_data,3,0.0,-3.6534999999999997,-10.9605
macd_crossover,mfe_lockin_trail,yes,17,0.058823529411764705,-2.641094117647059,-44.8986
macd_crossover,multi_tier_partial,no,14,0.5,-2.836592857142857,-39.7123
macd_crossover,multi_tier_partial,no_data,3,0.3333333333333333,-2.1885333333333334,-6.5656
macd_crossover,multi_tier_partial,yes,17,0.29411764705882354,-2.2209823529411765,-37.7567
macd_crossover,next_pivot_target,no,14,0.6428571428571429,-0.9888142857142859,-13.843400000000003
macd_crossover,next_pivot_target,no_data,3,0.6666666666666666,3.9977999999999994,11.993399999999998
macd_crossover,next_pivot_target,yes,17,0.8235294117647058,3.2101058823529414,54.5718
macd_crossover,r_multiple_2r,no,14,0.35714285714285715,-0.92745,-12.9843
macd_crossover,r_multiple_2r,no_data,3,0.3333333333333333,0.8879666666666667,2.6639
macd_crossover,r_multiple_2r,yes,17,0.17647058823529413,-2.160035294117647,-36.7206
macd_crossover,r_multiple_3r,no,14,0.2857142857142857,0.01897857142857148,0.2657000000000007
macd_crossover,r_multiple_3r,no_data,3,0.3333333333333333,3.0822999999999996,9.246899999999998
macd_crossover,r_multiple_3r,yes,17,0.17647058823529413,-1.509364705882353,-25.6592
macd_crossover,regime_flip,no,14,0.2857142857142857,-7.139778571428572,-99.9569
macd_crossover,regime_flip,no_data,3,0.3333333333333333,-18.307766666666666,-54.9233
macd_crossover,regime_flip,yes,17,0.5294117647058824,0.9482000000000002,16.119400000000002
macd_crossover,reverse_signal,no,14,0.2857142857142857,-0.48700714285714286,-6.8181
macd_crossover,reverse_signal,no_data,3,0.0,-3.6534999999999997,-10.9605
macd_crossover,reverse_signal,yes,17,0.058823529411764705,-2.641094117647059,-44.8986
macd_crossover,smc_mitigation_zone,no,14,0.2857142857142857,-0.48700714285714286,-6.8181
macd_crossover,smc_mitigation_zone,no_data,3,0.0,-3.6534999999999997,-10.9605
macd_crossover,smc_mitigation_zone,yes,17,0.058823529411764705,-2.641094117647059,-44.8986
macd_crossover,time_stop_10d,no,14,0.5,3.240485714285714,45.3668
macd_crossover,time_stop_10d,no_data,3,0.3333333333333333,-12.2883,-36.8649
macd_crossover,time_stop_10d,yes,17,0.5882352941176471,0.1800235294117646,3.0603999999999982
macd_crossover,time_stop_20d,no,14,0.2857142857142857,-7.139778571428572,-99.9569
macd_crossover,time_stop_20d,no_data,3,0.3333333333333333,-18.307766666666666,-54.9233
macd_crossover,time_stop_20d,yes,17,0.5294117647058824,0.9482000000000002,16.119400000000002
macd_crossover,trailing_10pct,no,14,0.2857142857142857,-1.2774785714285717,-17.884700000000002
macd_crossover,trailing_10pct,no_data,3,0.3333333333333333,-2.932033333333333,-8.7961
macd_crossover,trailing_10pct,yes,17,0.4117647058823529,-2.4604529411764706,-41.8277
macd_crossover,trailing_15pct,no,14,0.35714285714285715,2.1491000000000002,30.087400000000002
macd_crossover,trailing_15pct,no_data,3,0.3333333333333333,-5.7688999999999995,-17.3067
macd_crossover,trailing_15pct,yes,17,0.35294117647058826,-0.9962470588235294,-16.9362
macd_crossover,trailing_5pct,no,14,0.21428571428571427,-1.8638142857142856,-26.0934
macd_crossover,trailing_5pct,no_data,3,0.0,-3.2941000000000003,-9.8823
macd_crossover,trailing_5pct,yes,17,0.17647058823529413,-2.6379529411764704,-44.8452
macd_fast_crossover,atr_trail_1x,no,19,0.05263157894736842,-3.609873684210526,-68.5876
macd_fast_crossover,atr_trail_1x,no_data,5,0.4,-1.28118,-6.4059
macd_fast_crossover,atr_trail_1x,yes,25,0.2,-1.3791,-34.4775
macd_fast_crossover,atr_trail_2x,no,19,0.2631578947368421,-2.3501684210526315,-44.6532
macd_fast_crossover,atr_trail_2x,no_data,5,0.6,2.67876,13.3938
macd_fast_crossover,atr_trail_2x,yes,25,0.36,-0.7049319999999998,-17.623299999999993
macd_fast_crossover,atr_trail_mae_conditional,no,19,0.05263157894736842,-3.609873684210526,-68.5876
macd_fast_crossover,atr_trail_mae_conditional,no_data,5,0.4,-1.28118,-6.4059
macd_fast_crossover,atr_trail_mae_conditional,yes,25,0.2,-1.3791,-34.4775
macd_fast_crossover,atr_trail_vix_conditional,no,19,0.21052631578947367,-1.190457894736842,-22.618699999999997
macd_fast_crossover,atr_trail_vix_conditional,no_data,5,0.4,-0.5045999999999999,-2.5229999999999997
macd_fast_crossover,atr_trail_vix_conditional,yes,25,0.28,-0.6397879999999998,-15.994699999999996
macd_fast_crossover,break_even_at_1r,no,19,0.05263157894736842,-4.088668421052632,-77.6847
macd_fast_crossover,break_even_at_1r,no_data,5,0.0,-2.5145399999999998,-12.5727
macd_fast_crossover,break_even_at_1r,yes,25,0.16,0.1857760000000001,4.644400000000003
macd_fast_crossover,breakeven_plus_trail,no,19,0.3684210526315789,1.357531578947368,25.793099999999995
macd_fast_crossover,breakeven_plus_trail,no_data,5,0.6,4.63706,23.185299999999998
macd_fast_crossover,breakeven_plus_trail,yes,25,0.28,0.7295360000000002,18.238400000000006
macd_fast_crossover,chandelier_3x,no,19,0.3684210526315789,-2.7813210526315784,-52.84509999999999
macd_fast_crossover,chandelier_3x,no_data,5,0.4,3.1494999999999997,15.747499999999999
macd_fast_crossover,chandelier_3x,yes,25,0.4,-1.073956,-26.8489
macd_fast_crossover,class_time_stop,no,19,0.5263157894736842,-2.1481263157894737,-40.8144
macd_fast_crossover,class_time_stop,no_data,5,0.4,-2.5145399999999993,-12.572699999999996
macd_fast_crossover,class_time_stop,yes,25,0.64,0.5468320000000005,13.670800000000014
macd_fast_crossover,earnings_blackout,no,19,0.5263157894736842,-10.381489473684208,-197.24829999999997
macd_fast_crossover,earnings_blackout,no_data,5,0.2,-11.88992,-59.4496
macd_fast_crossover,earnings_blackout,yes,25,0.52,0.9255240000000002,23.138100000000005
macd_fast_crossover,fixed_4r_2r,no,19,0.21052631578947367,-3.6277526315789475,-68.9273
macd_fast_crossover,fixed_4r_2r,no_data,5,0.4,-0.5782600000000002,-2.891300000000001
macd_fast_crossover,fixed_4r_2r,yes,25,0.32,-1.067176,-26.679399999999998
macd_fast_crossover,hybrid_50pct_target,no,19,0.47368421052631576,-21.316073684210526,-405.0054
macd_fast_crossover,hybrid_50pct_target,no_data,5,0.4,-1.4831799999999997,-7.415899999999999
macd_fast_crossover,hybrid_50pct_target,yes,25,0.6,2.2257919999999998,55.6448
macd_fast_crossover,ma_exit_ema9,no,19,0.3684210526315789,0.3252578947368421,6.1799
macd_fast_crossover,ma_exit_ema9,no_data,5,0.4,0.16961999999999994,0.8480999999999997
macd_fast_crossover,ma_exit_ema9,yes,25,0.52,1.61476,40.369
macd_fast_crossover,mfe_lockin_trail,no,19,0.05263157894736842,-3.609873684210526,-68.5876
macd_fast_crossover,mfe_lockin_trail,no_data,5,0.4,-1.10446,-5.5222999999999995
macd_fast_crossover,mfe_lockin_trail,yes,25,0.2,-1.248316,-31.2079
macd_fast_crossover,multi_tier_partial,no,19,0.2631578947368421,-3.0858526315789474,-58.6312
macd_fast_crossover,multi_tier_partial,no_data,5,0.4,-0.86466,-4.3233
macd_fast_crossover,multi_tier_partial,yes,25,0.6,-0.30558799999999997,-7.6396999999999995
macd_fast_crossover,next_pivot_target,no,19,0.6842105263157895,3.3628631578947368,63.8944
macd_fast_crossover,next_pivot_target,no_data,5,0.6,-1.3897,-6.948499999999999
macd_fast_crossover,next_pivot_target,yes,25,0.68,-1.3610559999999998,-34.026399999999995
macd_fast_crossover,r_multiple_2r,no,19,0.21052631578947367,-2.038963157894737,-38.740300000000005
macd_fast_crossover,r_multiple_2r,no_data,5,0.2,-0.63852,-3.1925999999999997
macd_fast_crossover,r_multiple_2r,yes,25,0.4,-0.29274,-7.318499999999999
macd_fast_crossover,r_multiple_3r,no,19,0.21052631578947367,-0.6735157894736841,-12.796799999999998
macd_fast_crossover,r_multiple_3r,no_data,5,0.0,-4.99748,-24.9874
macd_fast_crossover,r_multiple_3r,yes,25,0.32,0.18216400000000008,4.554100000000002
macd_fast_crossover,regime_flip,no,19,0.5789473684210527,-0.13006315789473682,-2.4711999999999996
macd_fast_crossover,regime_flip,no_data,5,0.6,3.1180600000000007,15.590300000000003
macd_fast_crossover,regime_flip,yes,25,0.56,1.6379959999999998,40.94989999999999
macd_fast_crossover,reverse_signal,no,19,0.05263157894736842,-3.609873684210526,-68.5876
macd_fast_crossover,reverse_signal,no_data,5,0.4,-1.28118,-6.4059
macd_fast_crossover,reverse_signal,yes,25,0.2,-1.3791,-34.4775
macd_fast_crossover,smc_mitigation_zone,no,19,0.05263157894736842,-3.609873684210526,-68.5876
macd_fast_crossover,smc_mitigation_zone,no_data,5,0.4,-1.28118,-6.4059
macd_fast_crossover,smc_mitigation_zone,yes,25,0.2,-1.3791,-34.4775
macd_fast_crossover,time_stop_10d,no,19,0.47368421052631576,-0.6384157894736842,-12.1299
macd_fast_crossover,time_stop_10d,no_data,5,0.8,5.62152,28.1076
macd_fast_crossover,time_stop_10d,yes,25,0.64,1.343696,33.5924
macd_fast_crossover,time_stop_20d,no,19,0.5789473684210527,-0.13006315789473682,-2.4711999999999996
macd_fast_crossover,time_stop_20d,no_data,5,0.6,3.1180600000000007,15.590300000000003
macd_fast_crossover,time_stop_20d,yes,25,0.56,1.6379959999999998,40.94989999999999
macd_fast_crossover,trailing_10pct,no,19,0.2631578947368421,-2.6721421052631578,-50.7707
macd_fast_crossover,trailing_10pct,no_data,5,0.6,2.1699800000000002,10.849900000000002
macd_fast_crossover,trailing_10pct,yes,25,0.28,-2.252944,-56.3236
macd_fast_crossover,trailing_15pct,no,19,0.2631578947368421,-4.898005263157895,-93.0621
macd_fast_crossover,trailing_15pct,no_data,5,0.4,-1.2472400000000001,-6.236200000000001
macd_fast_crossover,trailing_15pct,yes,25,0.28,-3.3366320000000003,-83.4158
macd_fast_crossover,trailing_5pct,no,19,0.10526315789473684,-2.819384210526316,-53.5683
macd_fast_crossover,trailing_5pct,no_data,5,0.6,-0.79112,-3.9556
macd_fast_crossover,trailing_5pct,yes,25,0.28,-0.768172,-19.2043
monthly_bias_momentum_long,atr_trail_1x,no,133,0.15037593984962405,-3.514312781954887,-467.4036
monthly_bias_momentum_long,atr_trail_1x,no_data,11,0.36363636363636365,0.5022181818181818,5.5244
monthly_bias_momentum_long,atr_trail_1x,yes,118,0.2711864406779661,-0.7892305084745762,-93.1292
monthly_bias_momentum_long,atr_trail_2x,no,133,0.20300751879699247,-3.9632458646616544,-527.1117
monthly_bias_momentum_long,atr_trail_2x,no_data,11,0.45454545454545453,-0.020018181818181734,-0.22019999999999906
monthly_bias_momentum_long,atr_trail_2x,yes,118,0.4322033898305085,5.374347457627119,634.173
monthly_bias_momentum_long,atr_trail_mae_conditional,no,133,0.15037593984962405,-3.514312781954887,-467.4036
monthly_bias_momentum_long,atr_trail_mae_conditional,no_data,11,0.36363636363636365,0.5022181818181818,5.5244
monthly_bias_momentum_long,atr_trail_mae_conditional,yes,118,0.2711864406779661,-0.7892305084745762,-93.1292
monthly_bias_momentum_long,atr_trail_vix_conditional,no,133,0.18045112781954886,-3.144530827067669,-418.2226
monthly_bias_momentum_long,atr_trail_vix_conditional,no_data,11,0.36363636363636365,0.6594545454545456,7.254000000000001
monthly_bias_momentum_long,atr_trail_vix_conditional,yes,118,0.288135593220339,0.005336440677966061,0.6296999999999953
monthly_bias_momentum_long,break_even_at_1r,no,133,0.09774436090225563,-3.4960714285714287,-464.9775
monthly_bias_momentum_long,break_even_at_1r,no_data,11,0.18181818181818182,0.5327272727272727,5.859999999999999
monthly_bias_momentum_long,break_even_at_1r,yes,118,0.17796610169491525,0.6613169491525424,78.0354
monthly_bias_momentum_long,breakeven_plus_trail,no,133,0.3082706766917293,-0.5812676691729323,-77.30859999999998
monthly_bias_momentum_long,breakeven_plus_trail,no_data,11,0.36363636363636365,-0.3334000000000001,-3.6674000000000007
monthly_bias_momentum_long,breakeven_plus_trail,yes,118,0.4830508474576271,9.756839830508474,1151.3071
monthly_bias_momentum_long,chandelier_3x,no,133,0.17293233082706766,-2.0912939849624057,-278.14209999999997
monthly_bias_momentum_long,chandelier_3x,no_data,11,0.2727272727272727,-2.946463636363636,-32.4111
monthly_bias_momentum_long,chandelier_3x,yes,118,0.3135593220338983,2.8583686440677964,337.28749999999997
monthly_bias_momentum_long,class_time_stop,no,133,0.38345864661654133,0.25901127819548864,34.44849999999999
monthly_bias_momentum_long,class_time_stop,no_data,11,0.36363636363636365,1.750636363636363,19.256999999999994
monthly_bias_momentum_long,class_time_stop,yes,118,0.5932203389830508,8.062860169491525,951.4175
monthly_bias_momentum_long,earnings_blackout,no,133,0.46616541353383456,10.733215789473684,1427.5177
monthly_bias_momentum_long,earnings_blackout,no_data,11,0.36363636363636365,-4.675563636363636,-51.4312
monthly_bias_momentum_long,earnings_blackout,yes,118,0.6016949152542372,6.011058474576271,709.3049
monthly_bias_momentum_long,fixed_4r_2r,no,133,0.24060150375939848,-3.623902255639098,-481.97900000000004
monthly_bias_momentum_long,fixed_4r_2r,no_data,11,0.36363636363636365,1.4343818181818182,15.7782
monthly_bias_momentum_long,fixed_4r_2r,yes,118,0.5084745762711864,8.275742372881355,976.5376
monthly_bias_momentum_long,hybrid_50pct_target,no,133,0.3458646616541353,-1.5848045112781954,-210.779
monthly_bias_momentum_long,hybrid_50pct_target,no_data,11,0.45454545454545453,0.9816999999999999,10.798699999999998
monthly_bias_momentum_long,hybrid_50pct_target,yes,118,0.6271186440677966,5.894620338983051,695.5652
monthly_bias_momentum_long,ma_exit_ema9,no,133,0.21804511278195488,-1.715787969924812,-228.19979999999998
monthly_bias_momentum_long,ma_exit_ema9,no_data,11,0.36363636363636365,0.22171818181818176,2.4388999999999994
monthly_bias_momentum_long,ma_exit_ema9,yes,118,0.3813559322033898,3.124653389830508,368.7091
monthly_bias_momentum_long,mfe_lockin_trail,no,133,0.15037593984962405,-3.4429819548872183,-457.9166
monthly_bias_momentum_long,mfe_lockin_trail,no_data,11,0.36363636363636365,0.711809090909091,7.8299
monthly_bias_momentum_long,mfe_lockin_trail,yes,118,0.2711864406779661,-0.6804559322033897,-80.29379999999999
monthly_bias_momentum_long,multi_tier_partial,no,133,0.2857142857142857,-2.978722556390977,-396.1701
monthly_bias_momentum_long,multi_tier_partial,no_data,11,0.6363636363636364,0.7863454545454545,8.649799999999999
monthly_bias_momentum_long,multi_tier_partial,yes,118,0.3728813559322034,-0.7465796610169492,-88.0964
monthly_bias_momentum_long,next_pivot_target,no,133,0.48872180451127817,-3.70946015037594,-493.3582
monthly_bias_momentum_long,next_pivot_target,no_data,11,0.8181818181818182,1.5838545454545454,17.4224
monthly_bias_momentum_long,next_pivot_target,yes,118,0.7203389830508474,1.4712838983050849,173.6115
monthly_bias_momentum_long,r_multiple_2r,no,133,0.21804511278195488,-2.13113007518797,-283.4403
monthly_bias_momentum_long,r_multiple_2r,no_data,11,0.5454545454545454,3.4496272727272728,37.9459
monthly_bias_momentum_long,r_multiple_2r,yes,118,0.3813559322033898,1.190357627118644,140.4622
monthly_bias_momentum_long,r_multiple_3r,no,133,0.17293233082706766,-1.9906255639097743,-264.7532
monthly_bias_momentum_long,r_multiple_3r,no_data,11,0.36363636363636365,2.857409090909091,31.431500000000003
monthly_bias_momentum_long,r_multiple_3r,yes,118,0.3389830508474576,2.4307000000000003,286.8226
monthly_bias_momentum_long,regime_flip,no,133,0.3458646616541353,-2.0763293233082707,-276.1518
monthly_bias_momentum_long,regime_flip,no_data,11,0.5454545454545454,1.8348909090909091,20.1838
monthly_bias_momentum_long,regime_flip,yes,118,0.5847457627118644,5.8039,684.8602
monthly_bias_momentum_long,reverse_signal,no,133,0.15037593984962405,-3.514312781954887,-467.4036
monthly_bias_momentum_long,reverse_signal,no_data,11,0.36363636363636365,0.5022181818181818,5.5244
monthly_bias_momentum_long,reverse_signal,yes,118,0.2711864406779661,-0.7892305084745762,-93.1292
monthly_bias_momentum_long,smc_mitigation_zone,no,133,0.15037593984962405,-3.514312781954887,-467.4036
monthly_bias_momentum_long,smc_mitigation_zone,no_data,11,0.36363636363636365,0.5022181818181818,5.5244
monthly_bias_momentum_long,smc_mitigation_zone,yes,118,0.2711864406779661,-0.7892305084745762,-93.1292
monthly_bias_momentum_long,time_stop_10d,no,133,0.3458646616541353,-1.827272932330827,-243.0273
monthly_bias_momentum_long,time_stop_10d,no_data,11,0.6363636363636364,2.3065727272727274,25.372300000000003
monthly_bias_momentum_long,time_stop_10d,yes,118,0.6101694915254238,5.07384406779661,598.7136
monthly_bias_momentum_long,time_stop_20d,no,133,0.3458646616541353,-2.0763293233082707,-276.1518
monthly_bias_momentum_long,time_stop_20d,no_data,11,0.5454545454545454,1.8348909090909091,20.1838
monthly_bias_momentum_long,time_stop_20d,yes,118,0.5847457627118644,5.8039,684.8602
monthly_bias_momentum_long,trailing_10pct,no,133,0.18045112781954886,-4.776322556390977,-635.2509
monthly_bias_momentum_long,trailing_10pct,no_data,11,0.36363636363636365,0.24196363636363644,2.661600000000001
monthly_bias_momentum_long,trailing_10pct,yes,118,0.4406779661016949,3.7326347457627116,440.4509
monthly_bias_momentum_long,trailing_15pct,no,133,0.24812030075187969,-4.611893233082707,-613.3818
monthly_bias_momentum_long,trailing_15pct,no_data,11,0.2727272727272727,-3.6538,-40.1918
monthly_bias_momentum_long,trailing_15pct,yes,118,0.5084745762711864,9.033703389830508,1065.977
monthly_bias_momentum_long,trailing_5pct,no,133,0.11278195488721804,-3.029554887218045,-402.9308
monthly_bias_momentum_long,trailing_5pct,no_data,11,0.36363636363636365,1.1535454545454547,12.689
monthly_bias_momentum_long,trailing_5pct,yes,118,0.2627118644067797,-1.0939983050847457,-129.0918
morning_star,atr_trail_1x,no,18,0.16666666666666666,-2.898488888888889,-52.1728
morning_star,atr_trail_1x,no_data,3,0.3333333333333333,0.082333333333333,0.246999999999999
morning_star,atr_trail_1x,yes,25,0.36,-0.01737600000000004,-0.434400000000001
morning_star,atr_trail_2x,no,18,0.3333333333333333,-1.7773499999999998,-31.992299999999997
morning_star,atr_trail_2x,no_data,3,0.6666666666666666,2.3384666666666667,7.0154000000000005
morning_star,atr_trail_2x,yes,25,0.32,1.30816,32.704
morning_star,atr_trail_mae_conditional,no,18,0.16666666666666666,-2.898488888888889,-52.1728
morning_star,atr_trail_mae_conditional,no_data,3,0.3333333333333333,0.082333333333333,0.246999999999999
morning_star,atr_trail_mae_conditional,yes,25,0.36,-0.01737600000000004,-0.434400000000001
morning_star,atr_trail_vix_conditional,no,18,0.2222222222222222,-0.8706833333333334,-15.6723
morning_star,atr_trail_vix_conditional,no_data,3,0.0,-4.3927000000000005,-13.1781
morning_star,atr_trail_vix_conditional,yes,25,0.28,0.963716,24.0929
morning_star,break_even_at_1r,no,18,0.2222222222222222,-2.6336833333333334,-47.4063
morning_star,break_even_at_1r,no_data,3,0.0,-3.0264,-9.0792
morning_star,break_even_at_1r,yes,25,0.16,-0.230952,-5.7738
morning_star,breakeven_plus_trail,no,18,0.3888888888888889,-0.9744555555555555,-17.5402
morning_star,breakeven_plus_trail,no_data,3,0.3333333333333333,3.0191666666666666,9.0575
morning_star,breakeven_plus_trail,yes,25,0.32,3.2018560000000003,80.0464
morning_star,chandelier_3x,no,18,0.0,-1.0222555555555557,-18.4006
morning_star,chandelier_3x,no_data,3,0.0,-0.29806666666666665,-0.8942
morning_star,chandelier_3x,yes,25,0.04,-0.27677999999999997,-6.919499999999999
morning_star,class_time_stop,no,18,0.3333333333333333,-2.9761888888888888,-53.5714
morning_star,class_time_stop,no_data,3,0.6666666666666666,2.875033333333333,8.6251
morning_star,class_time_stop,yes,25,0.76,2.231892,55.7973
morning_star,earnings_blackout,no,18,0.4444444444444444,5.156188888888889,92.8114
morning_star,earnings_blackout,no_data,3,0.3333333333333333,-2.903733333333333,-8.711199999999998
morning_star,earnings_blackout,yes,25,0.64,6.0843799999999995,152.1095
morning_star,fixed_4r_2r,no,18,0.2222222222222222,-4.341266666666666,-78.1428
morning_star,fixed_4r_2r,no_data,3,0.3333333333333333,-4.705466666666667,-14.1164
morning_star,fixed_4r_2r,yes,25,0.44,3.36088,84.02199999999999
morning_star,hybrid_50pct_target,no,18,0.4444444444444444,-7.981538888888888,-143.6677
morning_star,hybrid_50pct_target,no_data,3,0.3333333333333333,-61.17986666666666,-183.53959999999998
morning_star,hybrid_50pct_target,yes,25,0.64,-7.426996,-185.6749
morning_star,ma_exit_ema9,no,18,0.3888888888888889,-1.7385944444444443,-31.2947
morning_star,ma_exit_ema9,no_data,3,0.6666666666666666,2.4874666666666667,7.462400000000001
morning_star,ma_exit_ema9,yes,25,0.44,0.7160919999999998,17.902299999999997
morning_star,mfe_lockin_trail,no,18,0.16666666666666666,-2.8408333333333338,-51.135000000000005
morning_star,mfe_lockin_trail,no_data,3,0.3333333333333333,0.4772000000000001,1.4316000000000004
morning_star,mfe_lockin_trail,yes,25,0.36,-0.2514,-6.285
morning_star,multi_tier_partial,no,18,0.2777777777777778,-2.001044444444444,-36.0188
morning_star,multi_tier_partial,no_data,3,0.6666666666666666,-1.6578333333333335,-4.9735000000000005
morning_star,multi_tier_partial,yes,25,0.6,0.26187599999999994,6.546899999999999
morning_star,next_pivot_target,no,18,0.5,-1.778038888888889,-32.0047
morning_star,next_pivot_target,no_data,3,0.3333333333333333,-9.694533333333334,-29.0836
morning_star,next_pivot_target,yes,25,0.88,0.753424,18.8356
morning_star,r_multiple_2r,no,18,0.3333333333333333,1.212961111111111,21.833299999999998
morning_star,r_multiple_2r,no_data,3,0.6666666666666666,4.131833333333334,12.3955
morning_star,r_multiple_2r,yes,25,0.36,-0.42676400000000014,-10.669100000000004
morning_star,r_multiple_3r,no,18,0.2222222222222222,-0.918177777777778,-16.527200000000004
morning_star,r_multiple_3r,no_data,3,0.3333333333333333,-1.0474333333333334,-3.1423000000000005
morning_star,r_multiple_3r,yes,25,0.32,0.344328,8.6082
morning_star,regime_flip,no,18,0.5,-0.5064666666666664,-9.116399999999995
morning_star,regime_flip,no_data,3,0.6666666666666666,1.0936666666666668,3.2810000000000006
morning_star,regime_flip,yes,25,0.48,2.3685479999999997,59.21369999999999
morning_star,reverse_signal,no,18,0.16666666666666666,-2.898488888888889,-52.1728
morning_star,reverse_signal,no_data,3,0.3333333333333333,0.082333333333333,0.246999999999999
morning_star,reverse_signal,yes,25,0.36,-0.01737600000000004,-0.434400000000001
morning_star,smc_mitigation_zone,no,18,0.16666666666666666,-2.898488888888889,-52.1728
morning_star,smc_mitigation_zone,no_data,3,0.3333333333333333,0.082333333333333,0.246999999999999
morning_star,smc_mitigation_zone,yes,25,0.36,-0.01737600000000004,-0.434400000000001
morning_star,time_stop_10d,no,18,0.3888888888888889,0.9497888888888889,17.0962
morning_star,time_stop_10d,no_data,3,0.6666666666666666,4.2938,12.881400000000001
morning_star,time_stop_10d,yes,25,0.68,3.901144,97.5286
morning_star,time_stop_20d,no,18,0.5,-0.5064666666666664,-9.116399999999995
morning_star,time_stop_20d,no_data,3,0.6666666666666666,1.0936666666666668,3.2810000000000006
morning_star,time_stop_20d,yes,25,0.48,2.3685479999999997,59.21369999999999
morning_star,trailing_10pct,no,18,0.2777777777777778,-4.794927777777778,-86.3087
morning_star,trailing_10pct,no_data,3,0.6666666666666666,1.0518,3.1554
morning_star,trailing_10pct,yes,25,0.28,-2.345288,-58.6322
morning_star,trailing_15pct,no,18,0.2222222222222222,-6.720616666666667,-120.9711
morning_star,trailing_15pct,no_data,3,0.3333333333333333,-3.5044000000000004,-10.513200000000001
morning_star,trailing_15pct,yes,25,0.36,0.5635480000000005,14.088700000000012
morning_star,trailing_5pct,no,18,0.16666666666666666,-1.980261111111111,-35.6447
morning_star,trailing_5pct,no_data,3,0.0,-1.8563,-5.5689
morning_star,trailing_5pct,yes,25,0.44,0.661088,16.5272
orb_stocks_in_play_long,atr_trail_1x,no,25,0.12,-3.2955360000000002,-82.3884
orb_stocks_in_play_long,atr_trail_1x,no_data,2,0.5,-2.5603,-5.1206
orb_stocks_in_play_long,atr_trail_1x,yes,26,0.23076923076923078,-1.9857384615384615,-51.6292
orb_stocks_in_play_long,atr_trail_2x,no,25,0.2,-5.824939999999999,-145.62349999999998
orb_stocks_in_play_long,atr_trail_2x,no_data,2,0.5,-4.0192499999999995,-8.038499999999999
orb_stocks_in_play_long,atr_trail_2x,yes,26,0.34615384615384615,-1.13455,-29.498299999999997
orb_stocks_in_play_long,atr_trail_mae_conditional,no,25,0.12,-3.2955360000000002,-82.3884
orb_stocks_in_play_long,atr_trail_mae_conditional,no_data,2,0.5,-2.5603,-5.1206
orb_stocks_in_play_long,atr_trail_mae_conditional,yes,26,0.23076923076923078,-1.9857384615384615,-51.6292
orb_stocks_in_play_long,atr_trail_vix_conditional,no,25,0.12,-3.8933400000000002,-97.3335
orb_stocks_in_play_long,atr_trail_vix_conditional,no_data,2,0.0,-4.08665,-8.1733
orb_stocks_in_play_long,atr_trail_vix_conditional,yes,26,0.19230769230769232,-1.9289807692307692,-50.1535
orb_stocks_in_play_long,break_even_at_1r,no,25,0.08,-3.010176,-75.2544
orb_stocks_in_play_long,break_even_at_1r,no_data,2,0.5,0.3437,0.6874
orb_stocks_in_play_long,break_even_at_1r,yes,26,0.19230769230769232,-0.4341576923076923,-11.2881
orb_stocks_in_play_long,breakeven_plus_trail,no,25,0.28,-3.438396,-85.9599
orb_stocks_in_play_long,breakeven_plus_trail,no_data,2,0.5,-4.0192499999999995,-8.038499999999999
orb_stocks_in_play_long,breakeven_plus_trail,yes,26,0.5,15.17681923076923,394.59729999999996
orb_stocks_in_play_long,chandelier_3x,no,25,0.2,-2.6955279999999995,-67.38819999999998
orb_stocks_in_play_long,chandelier_3x,no_data,2,0.5,-3.1053499999999996,-6.210699999999999
orb_stocks_in_play_long,chandelier_3x,yes,26,0.38461538461538464,6.696599999999999,174.11159999999998
orb_stocks_in_play_long,class_time_stop,no,25,0.48,5.656815999999999,141.42039999999997
orb_stocks_in_play_long,class_time_stop,no_data,2,0.0,-8.183399999999999,-16.366799999999998
orb_stocks_in_play_long,class_time_stop,yes,26,0.38461538461538464,5.929211538461539,154.1595
orb_stocks_in_play_long,earnings_blackout,no,25,0.36,-3.196512,-79.91279999999999
orb_stocks_in_play_long,earnings_blackout,no_data,2,0.0,-5.21725,-10.4345
orb_stocks_in_play_long,earnings_blackout,yes,26,0.4230769230769231,5.456565384615384,141.8707
orb_stocks_in_play_long,fixed_4r_2r,no,25,0.2,-4.289136,-107.2284
orb_stocks_in_play_long,fixed_4r_2r,no_data,2,0.5,-4.0192499999999995,-8.038499999999999
orb_stocks_in_play_long,fixed_4r_2r,yes,26,0.4230769230769231,3.4859230769230773,90.63400000000001
orb_stocks_in_play_long,hybrid_50pct_target,no,25,0.28,-3.53262,-88.3155
orb_stocks_in_play_long,hybrid_50pct_target,no_data,2,0.5,-4.52905,-9.0581
orb_stocks_in_play_long,hybrid_50pct_target,yes,26,0.5384615384615384,5.880688461538461,152.8979
orb_stocks_in_play_long,ma_exit_ema9,no,25,0.32,-3.540684,-88.5171
orb_stocks_in_play_long,ma_exit_ema9,no_data,2,0.0,-5.695,-11.39
orb_stocks_in_play_long,ma_exit_ema9,yes,26,0.4230769230769231,9.139738461538462,237.63320000000002
orb_stocks_in_play_long,mfe_lockin_trail,no,25,0.12,-3.518564,-87.9641
orb_stocks_in_play_long,mfe_lockin_trail,no_data,2,0.5,-2.80575,-5.6115
orb_stocks_in_play_long,mfe_lockin_trail,yes,26,0.23076923076923078,-1.9274461538461538,-50.1136
orb_stocks_in_play_long,multi_tier_partial,no,25,0.32,-2.620428,-65.5107
orb_stocks_in_play_long,multi_tier_partial,no_data,2,1.0,1.13445,2.2689
orb_stocks_in_play_long,multi_tier_partial,yes,26,0.46153846153846156,-1.4243076923076923,-37.032
orb_stocks_in_play_long,next_pivot_target,no,25,0.32,-3.513476,-87.8369
orb_stocks_in_play_long,next_pivot_target,no_data,2,0.5,-4.0192499999999995,-8.038499999999999
orb_stocks_in_play_long,next_pivot_target,yes,26,0.46153846153846156,2.1733884615384613,56.50809999999999
orb_stocks_in_play_long,r_multiple_2r,no,25,0.16,-3.595396,-89.8849
orb_stocks_in_play_long,r_multiple_2r,no_data,2,0.5,-2.5603,-5.1206
orb_stocks_in_play_long,r_multiple_2r,yes,26,0.4230769230769231,0.16571153846153855,4.308500000000002
orb_stocks_in_play_long,r_multiple_3r,no,25,0.12,-3.690312,-92.2578
orb_stocks_in_play_long,r_multiple_3r,no_data,2,0.5,-2.5603,-5.1206
orb_stocks_in_play_long,r_multiple_3r,yes,26,0.34615384615384615,0.8773576923076924,22.811300000000003
orb_stocks_in_play_long,regime_flip,no,25,0.4,-1.2480680000000002,-31.201700000000006
orb_stocks_in_play_long,regime_flip,no_data,2,0.0,-8.9358,-17.8716
orb_stocks_in_play_long,regime_flip,yes,26,0.4230769230769231,7.561557692307692,196.60049999999998
orb_stocks_in_play_long,reverse_signal,no,25,0.12,-3.2955360000000002,-82.3884
orb_stocks_in_play_long,reverse_signal,no_data,2,0.5,-2.5603,-5.1206
orb_stocks_in_play_long,reverse_signal,yes,26,0.23076923076923078,-1.9857384615384615,-51.6292
orb_stocks_in_play_long,smc_mitigation_zone,no,25,0.12,-3.2955360000000002,-82.3884
orb_stocks_in_play_long,smc_mitigation_zone,no_data,2,0.5,-2.5603,-5.1206
orb_stocks_in_play_long,smc_mitigation_zone,yes,26,0.23076923076923078,-1.9857384615384615,-51.6292
orb_stocks_in_play_long,time_stop_10d,no,25,0.44,-3.7497719999999997,-93.7443
orb_stocks_in_play_long,time_stop_10d,no_data,2,0.0,-5.16895,-10.3379
orb_stocks_in_play_long,time_stop_10d,yes,26,0.6153846153846154,7.682196153846154,199.7371
orb_stocks_in_play_long,time_stop_20d,no,25,0.4,-1.2480680000000002,-31.201700000000006
orb_stocks_in_play_long,time_stop_20d,no_data,2,0.0,-8.9358,-17.8716
orb_stocks_in_play_long,time_stop_20d,yes,26,0.4230769230769231,7.561557692307692,196.60049999999998
orb_stocks_in_play_long,trailing_10pct,no,25,0.28,-4.602684,-115.0671
orb_stocks_in_play_long,trailing_10pct,no_data,2,0.5,-4.52905,-9.0581
orb_stocks_in_play_long,trailing_10pct,yes,26,0.38461538461538464,2.0692615384615385,53.8008
orb_stocks_in_play_long,trailing_15pct,no,25,0.24,-4.500996,-112.5249
orb_stocks_in_play_long,trailing_15pct,no_data,2,0.5,-7.02905,-14.0581
orb_stocks_in_play_long,trailing_15pct,yes,26,0.38461538461538464,4.166034615384616,108.3169
orb_stocks_in_play_long,trailing_5pct,no,25,0.12,-2.389704,-59.742599999999996
orb_stocks_in_play_long,trailing_5pct,no_data,2,0.5,-2.5603,-5.1206
orb_stocks_in_play_long,trailing_5pct,yes,26,0.15384615384615385,-1.1605846153846153,-30.1752
orb_stocks_in_play_short,atr_trail_1x,no,22,0.09090909090909091,-5.975572727272728,-131.4626
orb_stocks_in_play_short,atr_trail_1x,no_data,2,0.0,-12.43835,-24.8767
orb_stocks_in_play_short,atr_trail_1x,yes,18,0.3333333333333333,2.53195,45.5751
orb_stocks_in_play_short,atr_trail_2x,no,22,0.2727272727272727,-2.9609454545454543,-65.1408
orb_stocks_in_play_short,atr_trail_2x,no_data,2,0.5,-8.696250000000001,-17.392500000000002
orb_stocks_in_play_short,atr_trail_2x,yes,18,0.2777777777777778,0.9076333333333335,16.337400000000002
orb_stocks_in_play_short,atr_trail_mae_conditional,no,22,0.09090909090909091,-5.975572727272728,-131.4626
orb_stocks_in_play_short,atr_trail_mae_conditional,no_data,2,0.0,-12.43835,-24.8767
orb_stocks_in_play_short,atr_trail_mae_conditional,yes,18,0.3333333333333333,2.53195,45.5751
orb_stocks_in_play_short,atr_trail_vix_conditional,no,22,0.13636363636363635,-5.23525,-115.1755
orb_stocks_in_play_short,atr_trail_vix_conditional,no_data,2,0.0,-12.43835,-24.8767
orb_stocks_in_play_short,atr_trail_vix_conditional,yes,18,0.3333333333333333,3.282477777777778,59.0846
orb_stocks_in_play_short,break_even_at_1r,no,22,0.13636363636363635,-3.77905,-83.1391
orb_stocks_in_play_short,break_even_at_1r,no_data,2,0.0,-12.43835,-24.8767
orb_stocks_in_play_short,break_even_at_1r,yes,18,0.2222222222222222,3.697677777777778,66.5582
orb_stocks_in_play_short,breakeven_plus_trail,no,22,0.3181818181818182,-6.201731818181818,-136.4381
orb_stocks_in_play_short,breakeven_plus_trail,no_data,2,0.5,-6.9299,-13.8598
orb_stocks_in_play_short,breakeven_plus_trail,yes,18,0.5,6.626227777777777,119.2721
orb_stocks_in_play_short,chandelier_3x,no,22,0.22727272727272727,-3.858804545454545,-84.8937
orb_stocks_in_play_short,chandelier_3x,no_data,2,0.0,-14.315850000000001,-28.631700000000002
orb_stocks_in_play_short,chandelier_3x,yes,18,0.3888888888888889,3.7989166666666656,68.38049999999998
orb_stocks_in_play_short,class_time_stop,no,22,0.2727272727272727,-8.994586363636364,-197.8809
orb_stocks_in_play_short,class_time_stop,no_data,2,0.5,-5.0371500000000005,-10.074300000000001
orb_stocks_in_play_short,class_time_stop,yes,18,0.4444444444444444,-0.7635666666666667,-13.744200000000001
orb_stocks_in_play_short,earnings_blackout,no,22,0.22727272727272727,-46.97104090909091,-1033.3629
orb_stocks_in_play_short,earnings_blackout,no_data,2,0.0,-10.6518,-21.3036
orb_stocks_in_play_short,earnings_blackout,yes,18,0.4444444444444444,4.183055555555556,75.295
orb_stocks_in_play_short,fixed_4r_2r,no,22,0.13636363636363635,-6.7008090909090905,-147.4178
orb_stocks_in_play_short,fixed_4r_2r,no_data,2,0.0,-19.082,-38.164
orb_stocks_in_play_short,fixed_4r_2r,yes,18,0.3888888888888889,-3.761777777777778,-67.712
orb_stocks_in_play_short,hybrid_50pct_target,no,22,0.5454545454545454,-26.688204545454543,-587.1405
orb_stocks_in_play_short,hybrid_50pct_target,no_data,2,0.5,0.026999999999999247,0.053999999999998494
orb_stocks_in_play_short,hybrid_50pct_target,yes,18,0.7777777777777778,-14.976016666666668,-269.5683
orb_stocks_in_play_short,ma_exit_ema9,no,22,0.18181818181818182,-4.500131818181818,-99.0029
orb_stocks_in_play_short,ma_exit_ema9,no_data,2,0.0,-6.15895,-12.3179
orb_stocks_in_play_short,ma_exit_ema9,yes,18,0.4444444444444444,6.401694444444445,115.2305
orb_stocks_in_play_short,mfe_lockin_trail,no,22,0.09090909090909091,-5.877518181818181,-129.3054
orb_stocks_in_play_short,mfe_lockin_trail,no_data,2,0.0,-12.43835,-24.8767
orb_stocks_in_play_short,mfe_lockin_trail,yes,18,0.3888888888888889,3.4763444444444445,62.5742
orb_stocks_in_play_short,multi_tier_partial,no,22,0.18181818181818182,-5.821677272727272,-128.0769
orb_stocks_in_play_short,multi_tier_partial,no_data,2,0.0,-12.43835,-24.8767
orb_stocks_in_play_short,multi_tier_partial,yes,18,0.7222222222222222,3.7347055555555553,67.2247
orb_stocks_in_play_short,next_pivot_target,no,22,0.18181818181818182,-8.097259090909091,-178.1397
orb_stocks_in_play_short,next_pivot_target,no_data,2,0.5,2.6312499999999996,5.262499999999999
orb_stocks_in_play_short,next_pivot_target,yes,18,0.5,-4.7594722222222225,-85.6705
orb_stocks_in_play_short,r_multiple_2r,no,22,0.22727272727272727,-2.0179636363636364,-44.3952
orb_stocks_in_play_short,r_multiple_2r,no_data,2,0.0,-12.43835,-24.8767
orb_stocks_in_play_short,r_multiple_2r,yes,18,0.3888888888888889,-1.027255555555556,-18.490600000000008
orb_stocks_in_play_short,r_multiple_3r,no,22,0.13636363636363635,-4.5484136363636365,-100.0651
orb_stocks_in_play_short,r_multiple_3r,no_data,2,0.0,-12.43835,-24.8767
orb_stocks_in_play_short,r_multiple_3r,yes,18,0.3333333333333333,-0.5711055555555559,-10.279900000000005
orb_stocks_in_play_short,regime_flip,no,22,0.36363636363636365,-3.842004545454545,-84.52409999999999
orb_stocks_in_play_short,regime_flip,no_data,2,0.5,0.5233500000000006,1.0467000000000013
orb_stocks_in_play_short,regime_flip,yes,18,0.5,2.4833666666666665,44.700599999999994
orb_stocks_in_play_short,reverse_signal,no,22,0.09090909090909091,-5.975572727272728,-131.4626
orb_stocks_in_play_short,reverse_signal,no_data,2,0.0,-12.43835,-24.8767
orb_stocks_in_play_short,reverse_signal,yes,18,0.3333333333333333,2.53195,45.5751
orb_stocks_in_play_short,smc_mitigation_zone,no,22,0.09090909090909091,-5.975572727272728,-131.4626
orb_stocks_in_play_short,smc_mitigation_zone,no_data,2,0.0,-12.43835,-24.8767
orb_stocks_in_play_short,smc_mitigation_zone,yes,18,0.3333333333333333,2.53195,45.5751
orb_stocks_in_play_short,time_stop_10d,no,22,0.2727272727272727,-4.908313636363636,-107.9829
orb_stocks_in_play_short,time_stop_10d,no_data,2,0.5,1.1524,2.3048
orb_stocks_in_play_short,time_stop_10d,yes,18,0.4444444444444444,4.94865,89.0757
orb_stocks_in_play_short,time_stop_20d,no,22,0.36363636363636365,-3.842004545454545,-84.52409999999999
orb_stocks_in_play_short,time_stop_20d,no_data,2,0.5,0.5233500000000006,1.0467000000000013
orb_stocks_in_play_short,time_stop_20d,yes,18,0.5,2.4833666666666665,44.700599999999994
orb_stocks_in_play_short,trailing_10pct,no,22,0.13636363636363635,-5.589686363636364,-122.9731
orb_stocks_in_play_short,trailing_10pct,no_data,2,0.0,-13.1126,-26.2252
orb_stocks_in_play_short,trailing_10pct,yes,18,0.2222222222222222,-0.6034888888888891,-10.862800000000004
orb_stocks_in_play_short,trailing_15pct,no,22,0.13636363636363635,-8.26735909090909,-181.8819
orb_stocks_in_play_short,trailing_15pct,no_data,2,0.0,-15.6126,-31.2252
orb_stocks_in_play_short,trailing_15pct,yes,18,0.3888888888888889,-1.1291166666666668,-20.3241
orb_stocks_in_play_short,trailing_5pct,no,22,0.045454545454545456,-3.058495454545455,-67.2869
orb_stocks_in_play_short,trailing_5pct,no_data,2,0.0,-10.6126,-21.2252
orb_stocks_in_play_short,trailing_5pct,yes,18,0.2222222222222222,-0.9475444444444445,-17.0558
pairs_mean_reversion_long,atr_trail_1x,no,57,0.2631578947368421,-1.7103210526315789,-97.4883
pairs_mean_reversion_long,atr_trail_1x,no_data,5,0.4,-0.3597600000000001,-1.7988000000000004
pairs_mean_reversion_long,atr_trail_1x,yes,180,0.3333333333333333,-0.6363055555555556,-114.535
pairs_mean_reversion_long,atr_trail_2x,no,57,0.2631578947368421,-1.785473684210526,-101.77199999999999
pairs_mean_reversion_long,atr_trail_2x,no_data,5,0.4,-0.9513999999999999,-4.757
pairs_mean_reversion_long,atr_trail_2x,yes,180,0.4111111111111111,1.7702799999999999,318.6504
pairs_mean_reversion_long,atr_trail_mae_conditional,no,57,0.2631578947368421,-1.7103210526315789,-97.4883
pairs_mean_reversion_long,atr_trail_mae_conditional,no_data,5,0.4,-0.3597600000000001,-1.7988000000000004
pairs_mean_reversion_long,atr_trail_mae_conditional,yes,180,0.3333333333333333,-0.6363055555555556,-114.535
pairs_mean_reversion_long,atr_trail_vix_conditional,no,57,0.24561403508771928,-2.1375035087719296,-121.8377
pairs_mean_reversion_long,atr_trail_vix_conditional,no_data,5,0.4,1.94476,9.7238
pairs_mean_reversion_long,atr_trail_vix_conditional,yes,180,0.3277777777777778,-0.08842055555555556,-15.9157
pairs_mean_reversion_long,break_even_at_1r,no,57,0.10526315789473684,-1.5004947368421053,-85.5282
pairs_mean_reversion_long,break_even_at_1r,no_data,5,0.4,-0.5279400000000001,-2.6397000000000004
pairs_mean_reversion_long,break_even_at_1r,yes,180,0.16111111111111112,1.2808566666666668,230.5542
pairs_mean_reversion_long,breakeven_plus_trail,no,57,0.21052631578947367,-0.36385438596491226,-20.7397
pairs_mean_reversion_long,breakeven_plus_trail,no_data,5,0.4,-0.9633200000000002,-4.816600000000001
pairs_mean_reversion_long,breakeven_plus_trail,yes,180,0.3333333333333333,5.4024222222222225,972.436
pairs_mean_reversion_long,chandelier_3x,no,57,0.07017543859649122,-0.025342105263157885,-1.4444999999999995
pairs_mean_reversion_long,chandelier_3x,no_data,5,0.2,-0.83348,-4.1674
pairs_mean_reversion_long,chandelier_3x,yes,180,0.1,-0.16435833333333327,-29.58449999999999
pairs_mean_reversion_long,class_time_stop,no,57,0.2982456140350877,-2.3538543859649126,-134.1697
pairs_mean_reversion_long,class_time_stop,no_data,5,0.6,-9.751159999999999,-48.755799999999994
pairs_mean_reversion_long,class_time_stop,yes,180,0.5833333333333334,2.602761111111111,468.497
pairs_mean_reversion_long,earnings_blackout,no,57,0.43859649122807015,-1.5975192982456141,-91.0586
pairs_mean_reversion_long,earnings_blackout,no_data,5,0.4,-1.7673399999999997,-8.836699999999999
pairs_mean_reversion_long,earnings_blackout,yes,180,0.5555555555555556,2.4968583333333334,449.4345
pairs_mean_reversion_long,fixed_4r_2r,no,57,0.17543859649122806,-2.9827456140350876,-170.0165
pairs_mean_reversion_long,fixed_4r_2r,no_data,5,0.0,-6.09966,-30.4983
pairs_mean_reversion_long,fixed_4r_2r,yes,180,0.40555555555555556,1.3687794444444445,246.3803
pairs_mean_reversion_long,hybrid_50pct_target,no,57,0.3333333333333333,-2.7438807017543856,-156.4012
pairs_mean_reversion_long,hybrid_50pct_target,no_data,5,0.6,1.15384,5.7692
pairs_mean_reversion_long,hybrid_50pct_target,yes,180,0.7055555555555556,4.961871666666666,893.1369
pairs_mean_reversion_long,ma_exit_ema9,no,57,0.3333333333333333,-0.746561403508772,-42.554
pairs_mean_reversion_long,ma_exit_ema9,no_data,5,0.2,-0.6946,-3.473
pairs_mean_reversion_long,ma_exit_ema9,yes,180,0.4888888888888889,0.15782166666666667,28.407899999999998
pairs_mean_reversion_long,mfe_lockin_trail,no,57,0.2631578947368421,-1.5900052631578945,-90.63029999999999
pairs_mean_reversion_long,mfe_lockin_trail,no_data,5,0.4,-0.37670000000000003,-1.8835000000000002
pairs_mean_reversion_long,mfe_lockin_trail,yes,180,0.3333333333333333,-0.5973866666666667,-107.5296
pairs_mean_reversion_long,multi_tier_partial,no,57,0.3684210526315789,-1.2096842105263157,-68.952
pairs_mean_reversion_long,multi_tier_partial,no_data,5,0.4,0.27769999999999984,1.3884999999999992
pairs_mean_reversion_long,multi_tier_partial,yes,180,0.4722222222222222,-0.4100105555555556,-73.8019
pairs_mean_reversion_long,next_pivot_target,no,57,0.5263157894736842,-2.3196894736842104,-132.2223
pairs_mean_reversion_long,next_pivot_target,no_data,5,0.8,0.7208399999999997,3.6041999999999987
pairs_mean_reversion_long,next_pivot_target,yes,180,0.8611111111111112,1.2800966666666667,230.4174
pairs_mean_reversion_long,r_multiple_2r,no,57,0.24561403508771928,-0.3729280701754385,-21.256899999999995
pairs_mean_reversion_long,r_multiple_2r,no_data,5,0.4,2.65324,13.2662
pairs_mean_reversion_long,r_multiple_2r,yes,180,0.38333333333333336,0.3960138888888889,71.2825
pairs_mean_reversion_long,r_multiple_3r,no,57,0.15789473684210525,-1.6882929824561406,-96.23270000000001
pairs_mean_reversion_long,r_multiple_3r,no_data,5,0.4,5.01804,25.0902
pairs_mean_reversion_long,r_multiple_3r,yes,180,0.32222222222222224,0.9345038888888889,168.2107
pairs_mean_reversion_long,regime_flip,no,57,0.42105263157894735,-0.6609350877192982,-37.6733
pairs_mean_reversion_long,regime_flip,no_data,5,0.6,-9.899739999999998,-49.49869999999999
pairs_mean_reversion_long,regime_flip,yes,180,0.5777777777777777,1.6465872222222222,296.3857
pairs_mean_reversion_long,reverse_signal,no,57,0.2631578947368421,-1.7103210526315789,-97.4883
pairs_mean_reversion_long,reverse_signal,no_data,5,0.4,-0.3597600000000001,-1.7988000000000004
pairs_mean_reversion_long,reverse_signal,yes,180,0.3333333333333333,-0.6363055555555556,-114.535
pairs_mean_reversion_long,smc_mitigation_zone,no,57,0.2631578947368421,-1.7103210526315789,-97.4883
pairs_mean_reversion_long,smc_mitigation_zone,no_data,5,0.4,-0.3597600000000001,-1.7988000000000004
pairs_mean_reversion_long,smc_mitigation_zone,yes,180,0.3333333333333333,-0.6363055555555556,-114.535
pairs_mean_reversion_long,time_stop_10d,no,57,0.3684210526315789,-1.6408122807017544,-93.5263
pairs_mean_reversion_long,time_stop_10d,no_data,5,0.4,2.1327599999999998,10.663799999999998
pairs_mean_reversion_long,time_stop_10d,yes,180,0.5277777777777778,0.3958638888888889,71.2555
pairs_mean_reversion_long,time_stop_20d,no,57,0.42105263157894735,-0.6609350877192982,-37.6733
pairs_mean_reversion_long,time_stop_20d,no_data,5,0.6,-9.899739999999998,-49.49869999999999
pairs_mean_reversion_long,time_stop_20d,yes,180,0.5777777777777777,1.6465872222222222,296.3857
pairs_mean_reversion_long,trailing_10pct,no,57,0.21052631578947367,-3.1613157894736843,-180.195
pairs_mean_reversion_long,trailing_10pct,no_data,5,0.4,-2.7821399999999996,-13.910699999999999
pairs_mean_reversion_long,trailing_10pct,yes,180,0.43333333333333335,4.170776111111111,750.7397
pairs_mean_reversion_long,trailing_15pct,no,57,0.21052631578947367,-3.775521052631579,-215.2047
pairs_mean_reversion_long,trailing_15pct,no_data,5,0.2,-5.74234,-28.7117
pairs_mean_reversion_long,trailing_15pct,yes,180,0.45555555555555555,5.657,1018.26
pairs_mean_reversion_long,trailing_5pct,no,57,0.21052631578947367,-1.4417736842105264,-82.1811
pairs_mean_reversion_long,trailing_5pct,no_data,5,0.4,-1.64694,-8.2347
pairs_mean_reversion_long,trailing_5pct,yes,180,0.3611111111111111,0.40230388888888885,72.4147
pairs_mean_reversion_short,atr_trail_1x,no,7,0.14285714285714285,-2.8792857142857144,-20.155
pairs_mean_reversion_short,atr_trail_1x,no_data,2,0.0,-2.7741,-5.5482
pairs_mean_reversion_short,atr_trail_1x,yes,19,0.15789473684210525,-1.183457894736842,-22.485699999999998
pairs_mean_reversion_short,atr_trail_2x,no,7,0.42857142857142855,-2.2245999999999997,-15.572199999999999
pairs_mean_reversion_short,atr_trail_2x,no_data,2,0.0,-5.8704,-11.7408
pairs_mean_reversion_short,atr_trail_2x,yes,19,0.2631578947368421,-2.5442842105263157,-48.3414
pairs_mean_reversion_short,atr_trail_mae_conditional,no,7,0.14285714285714285,-2.8792857142857144,-20.155
pairs_mean_reversion_short,atr_trail_mae_conditional,no_data,2,0.0,-2.7741,-5.5482
pairs_mean_reversion_short,atr_trail_mae_conditional,yes,19,0.15789473684210525,-1.183457894736842,-22.485699999999998
pairs_mean_reversion_short,atr_trail_vix_conditional,no,7,0.2857142857142857,-1.1025714285714288,-7.718000000000001
pairs_mean_reversion_short,atr_trail_vix_conditional,no_data,2,0.0,-3.72685,-7.4537
pairs_mean_reversion_short,atr_trail_vix_conditional,yes,19,0.15789473684210525,-1.832605263157895,-34.819500000000005
pairs_mean_reversion_short,break_even_at_1r,no,7,0.0,-3.6399,-25.4793
pairs_mean_reversion_short,break_even_at_1r,no_data,2,0.0,-3.72685,-7.4537
pairs_mean_reversion_short,break_even_at_1r,yes,19,0.05263157894736842,-1.611478947368421,-30.6181
pairs_mean_reversion_short,breakeven_plus_trail,no,7,0.2857142857142857,-3.1157285714285714,-21.8101
pairs_mean_reversion_short,breakeven_plus_trail,no_data,2,0.0,-6.2849,-12.5698
pairs_mean_reversion_short,breakeven_plus_trail,yes,19,0.2631578947368421,-0.687821052631579,-13.0686
pairs_mean_reversion_short,chandelier_3x,no,7,0.14285714285714285,-2.4420428571428574,-17.0943
pairs_mean_reversion_short,chandelier_3x,no_data,2,0.0,-3.8956999999999997,-7.791399999999999
pairs_mean_reversion_short,chandelier_3x,yes,19,0.2631578947368421,-0.6377473684210525,-12.117199999999999
pairs_mean_reversion_short,class_time_stop,no,7,0.14285714285714285,-10.049199999999999,-70.3444
pairs_mean_reversion_short,class_time_stop,no_data,2,0.0,-10.04885,-20.0977
pairs_mean_reversion_short,class_time_stop,yes,19,0.47368421052631576,-0.37590526315789463,-7.142199999999998
pairs_mean_reversion_short,earnings_blackout,no,7,0.2857142857142857,-6.685985714285715,-46.8019
pairs_mean_reversion_short,earnings_blackout,no_data,2,0.0,-25.09165,-50.1833
pairs_mean_reversion_short,earnings_blackout,yes,19,0.631578947368421,1.0025736842105264,19.0489
pairs_mean_reversion_short,fixed_4r_2r,no,7,0.14285714285714285,-5.691214285714286,-39.838499999999996
pairs_mean_reversion_short,fixed_4r_2r,no_data,2,0.0,-6.2849,-12.5698
pairs_mean_reversion_short,fixed_4r_2r,yes,19,0.3157894736842105,-0.3298894736842105,-6.2679
pairs_mean_reversion_short,hybrid_50pct_target,no,7,0.7142857142857143,-15.927285714285716,-111.49100000000001
pairs_mean_reversion_short,hybrid_50pct_target,no_data,2,0.5,-21.35355,-42.7071
pairs_mean_reversion_short,hybrid_50pct_target,yes,19,0.9473684210526315,3.3751105263157894,64.1271
pairs_mean_reversion_short,ma_exit_ema9,no,7,0.14285714285714285,-1.7088571428571429,-11.962
pairs_mean_reversion_short,ma_exit_ema9,no_data,2,0.0,-1.59715,-3.1943
pairs_mean_reversion_short,ma_exit_ema9,yes,19,0.21052631578947367,-0.8646368421052631,-16.4281
pairs_mean_reversion_short,mfe_lockin_trail,no,7,0.14285714285714285,-2.8792857142857144,-20.155
pairs_mean_reversion_short,mfe_lockin_trail,no_data,2,0.0,-2.7741,-5.5482
pairs_mean_reversion_short,mfe_lockin_trail,yes,19,0.15789473684210525,-1.372042105263158,-26.0688
pairs_mean_reversion_short,multi_tier_partial,no,7,0.2857142857142857,-2.6846142857142854,-18.792299999999997
pairs_mean_reversion_short,multi_tier_partial,no_data,2,0.0,-2.7741,-5.5482
pairs_mean_reversion_short,multi_tier_partial,yes,19,0.2631578947368421,-1.1504842105263158,-21.8592
pairs_mean_reversion_short,next_pivot_target,no,7,0.7142857142857143,0.05782857142857134,0.4047999999999994
pairs_mean_reversion_short,next_pivot_target,no_data,2,1.0,1.3634,2.7268
pairs_mean_reversion_short,next_pivot_target,yes,19,0.7368421052631579,-0.867378947368421,-16.4802
pairs_mean_reversion_short,r_multiple_2r,no,7,0.14285714285714285,-3.228857142857143,-22.602
pairs_mean_reversion_short,r_multiple_2r,no_data,2,0.0,-3.72685,-7.4537
pairs_mean_reversion_short,r_multiple_2r,yes,19,0.3157894736842105,-0.22213684210526327,-4.220600000000002
pairs_mean_reversion_short,r_multiple_3r,no,7,0.14285714285714285,-2.828814285714285,-19.801699999999997
pairs_mean_reversion_short,r_multiple_3r,no_data,2,0.0,-3.72685,-7.4537
pairs_mean_reversion_short,r_multiple_3r,yes,19,0.15789473684210525,-1.0243631578947368,-19.462899999999998
pairs_mean_reversion_short,regime_flip,no,7,0.2857142857142857,-6.492728571428572,-45.4491
pairs_mean_reversion_short,regime_flip,no_data,2,0.0,-9.10605,-18.2121
pairs_mean_reversion_short,regime_flip,yes,19,0.5789473684210527,-0.13516315789473674,-2.568099999999998
pairs_mean_reversion_short,reverse_signal,no,7,0.14285714285714285,-2.8792857142857144,-20.155
pairs_mean_reversion_short,reverse_signal,no_data,2,0.0,-2.7741,-5.5482
pairs_mean_reversion_short,reverse_signal,yes,19,0.15789473684210525,-1.183457894736842,-22.485699999999998
pairs_mean_reversion_short,smc_mitigation_zone,no,7,0.14285714285714285,-2.8792857142857144,-20.155
pairs_mean_reversion_short,smc_mitigation_zone,no_data,2,0.0,-2.7741,-5.5482
pairs_mean_reversion_short,smc_mitigation_zone,yes,19,0.15789473684210525,-1.183457894736842,-22.485699999999998
pairs_mean_reversion_short,time_stop_10d,no,7,0.42857142857142855,-2.658785714285714,-18.6115
pairs_mean_reversion_short,time_stop_10d,no_data,2,0.0,-1.82155,-3.6431
pairs_mean_reversion_short,time_stop_10d,yes,19,0.47368421052631576,-0.2150157894736843,-4.085300000000002
pairs_mean_reversion_short,time_stop_20d,no,7,0.2857142857142857,-6.492728571428572,-45.4491
pairs_mean_reversion_short,time_stop_20d,no_data,2,0.0,-9.10605,-18.2121
pairs_mean_reversion_short,time_stop_20d,yes,19,0.5789473684210527,-0.13516315789473674,-2.568099999999998
pairs_mean_reversion_short,trailing_10pct,no,7,0.2857142857142857,-3.485157142857143,-24.3961
pairs_mean_reversion_short,trailing_10pct,no_data,2,0.0,-9.627600000000001,-19.255200000000002
pairs_mean_reversion_short,trailing_10pct,yes,19,0.3157894736842105,-0.981115789473684,-18.641199999999998
pairs_mean_reversion_short,trailing_15pct,no,7,0.2857142857142857,-5.310557142857143,-37.1739
pairs_mean_reversion_short,trailing_15pct,no_data,2,0.0,-25.17095,-50.3419
pairs_mean_reversion_short,trailing_15pct,yes,19,0.3684210526315789,-1.660036842105263,-31.540699999999994
pairs_mean_reversion_short,trailing_5pct,no,7,0.2857142857142857,-1.9546285714285716,-13.682400000000001
pairs_mean_reversion_short,trailing_5pct,no_data,2,0.0,-4.82785,-9.6557
pairs_mean_reversion_short,trailing_5pct,yes,19,0.2631578947368421,-2.420921052631579,-45.9975
parabolic_sar_flip,atr_trail_1x,no,38,0.15789473684210525,-3.6579,-139.0002
parabolic_sar_flip,atr_trail_1x,no_data,5,0.0,-2.1777,-10.8885
parabolic_sar_flip,atr_trail_1x,yes,28,0.32142857142857145,0.6970714285714286,19.518
parabolic_sar_flip,atr_trail_2x,no,38,0.23684210526315788,-5.155897368421053,-195.9241
parabolic_sar_flip,atr_trail_2x,no_data,5,0.8,6.894239999999999,34.471199999999996
parabolic_sar_flip,atr_trail_2x,yes,28,0.5,0.8127214285714286,22.7562
parabolic_sar_flip,atr_trail_mae_conditional,no,38,0.15789473684210525,-3.6579,-139.0002
parabolic_sar_flip,atr_trail_mae_conditional,no_data,5,0.0,-2.1777,-10.8885
parabolic_sar_flip,atr_trail_mae_conditional,yes,28,0.32142857142857145,0.6970714285714286,19.518
parabolic_sar_flip,atr_trail_vix_conditional,no,38,0.13157894736842105,-4.908205263157894,-186.5118
parabolic_sar_flip,atr_trail_vix_conditional,no_data,5,0.2,2.7782000000000004,13.891000000000002
parabolic_sar_flip,atr_trail_vix_conditional,yes,28,0.2857142857142857,0.26932142857142854,7.540999999999999
parabolic_sar_flip,break_even_at_1r,no,38,0.15789473684210525,-3.2510394736842105,-123.5395
parabolic_sar_flip,break_even_at_1r,no_data,5,0.4,2.5274799999999997,12.6374
parabolic_sar_flip,break_even_at_1r,yes,28,0.21428571428571427,1.1959071428571428,33.4854
parabolic_sar_flip,breakeven_plus_trail,no,38,0.34210526315789475,-0.6957684210526315,-26.439199999999996
parabolic_sar_flip,breakeven_plus_trail,no_data,5,0.6,8.46936,42.3468
parabolic_sar_flip,breakeven_plus_trail,yes,28,0.5714285714285714,4.436457142857143,124.2208
parabolic_sar_flip,chandelier_3x,no,38,0.05263157894736842,-2.524947368421053,-95.94800000000001
parabolic_sar_flip,chandelier_3x,no_data,5,0.4,4.98866,24.9433
parabolic_sar_flip,chandelier_3x,yes,28,0.10714285714285714,0.015453571428571431,0.4327000000000001
parabolic_sar_flip,class_time_stop,no,38,0.5,-6.71812894736842,-255.28889999999998
parabolic_sar_flip,class_time_stop,no_data,5,1.0,14.034479999999999,70.1724
parabolic_sar_flip,class_time_stop,yes,28,0.6071428571428571,-4.722475,-132.2293
parabolic_sar_flip,earnings_blackout,no,38,0.5526315789473685,-5.457323684210526,-207.3783
parabolic_sar_flip,earnings_blackout,no_data,5,0.8,13.811240000000002,69.0562
parabolic_sar_flip,earnings_blackout,yes,28,0.75,2.5276964285714283,70.7755
parabolic_sar_flip,fixed_4r_2r,no,38,0.21052631578947367,-2.8415631578947367,-107.9794
parabolic_sar_flip,fixed_4r_2r,no_data,5,0.8,11.38662,56.9331
parabolic_sar_flip,fixed_4r_2r,yes,28,0.5,4.172171428571429,116.82079999999999
parabolic_sar_flip,hybrid_50pct_target,no,38,0.5,-1.7439710526315793,-66.27090000000001
parabolic_sar_flip,hybrid_50pct_target,no_data,5,1.0,9.02808,45.1404
parabolic_sar_flip,hybrid_50pct_target,yes,28,0.7142857142857143,-0.4056214285714293,-11.35740000000002
parabolic_sar_flip,ma_exit_ema9,no,38,0.23684210526315788,-2.887157894736842,-109.712
parabolic_sar_flip,ma_exit_ema9,no_data,5,0.4,0.6978800000000003,3.489400000000001
parabolic_sar_flip,ma_exit_ema9,yes,28,0.5357142857142857,1.2634714285714286,35.3772
parabolic_sar_flip,mfe_lockin_trail,no,38,0.15789473684210525,-3.668021052631579,-139.3848
parabolic_sar_flip,mfe_lockin_trail,no_data,5,0.0,-2.1777,-10.8885
parabolic_sar_flip,mfe_lockin_trail,yes,28,0.35714285714285715,1.2883964285714284,36.0751
parabolic_sar_flip,multi_tier_partial,no,38,0.2631578947368421,-3.557955263157895,-135.2023
parabolic_sar_flip,multi_tier_partial,no_data,5,0.0,-2.1777,-10.8885
parabolic_sar_flip,multi_tier_partial,yes,28,0.6071428571428571,0.6809678571428571,19.0671
parabolic_sar_flip,next_pivot_target,no,38,0.5263157894736842,-3.5701394736842107,-135.6653
parabolic_sar_flip,next_pivot_target,no_data,5,1.0,10.0839,50.4195
parabolic_sar_flip,next_pivot_target,yes,28,0.6428571428571429,-1.2499464285714283,-34.99849999999999
parabolic_sar_flip,r_multiple_2r,no,38,0.21052631578947367,-3.6133815789473687,-137.3085
parabolic_sar_flip,r_multiple_2r,no_data,5,0.4,3.37422,16.871100000000002
parabolic_sar_flip,r_multiple_2r,yes,28,0.5357142857142857,4.3503678571428575,121.8103
parabolic_sar_flip,r_multiple_3r,no,38,0.18421052631578946,-2.8938631578947365,-109.96679999999999
parabolic_sar_flip,r_multiple_3r,no_data,5,0.4,3.8031200000000007,19.015600000000003
parabolic_sar_flip,r_multiple_3r,yes,28,0.4642857142857143,4.309825,120.6751
parabolic_sar_flip,regime_flip,no,38,0.3157894736842105,-5.767831578947368,-219.17759999999998
parabolic_sar_flip,regime_flip,no_data,5,1.0,8.548300000000001,42.7415
parabolic_sar_flip,regime_flip,yes,28,0.6785714285714286,1.2538357142857142,35.1074
parabolic_sar_flip,reverse_signal,no,38,0.15789473684210525,-3.6579,-139.0002
parabolic_sar_flip,reverse_signal,no_data,5,0.0,-2.1777,-10.8885
parabolic_sar_flip,reverse_signal,yes,28,0.32142857142857145,0.6970714285714286,19.518
parabolic_sar_flip,smc_mitigation_zone,no,38,0.15789473684210525,-3.6579,-139.0002
parabolic_sar_flip,smc_mitigation_zone,no_data,5,0.0,-2.1777,-10.8885
parabolic_sar_flip,smc_mitigation_zone,yes,28,0.32142857142857145,0.6970714285714286,19.518
parabolic_sar_flip,time_stop_10d,no,38,0.3157894736842105,-5.209865789473684,-197.9749
parabolic_sar_flip,time_stop_10d,no_data,5,0.6,4.031700000000001,20.158500000000004
parabolic_sar_flip,time_stop_10d,yes,28,0.6428571428571429,-0.13715357142857162,-3.8403000000000054
parabolic_sar_flip,time_stop_20d,no,38,0.3157894736842105,-5.767831578947368,-219.17759999999998
parabolic_sar_flip,time_stop_20d,no_data,5,1.0,8.548300000000001,42.7415
parabolic_sar_flip,time_stop_20d,yes,28,0.6785714285714286,1.2538357142857142,35.1074
parabolic_sar_flip,trailing_10pct,no,38,0.13157894736842105,-5.124265789473685,-194.7221
parabolic_sar_flip,trailing_10pct,no_data,5,0.8,3.81832,19.0916
parabolic_sar_flip,trailing_10pct,yes,28,0.5,0.9512535714285713,26.635099999999994
parabolic_sar_flip,trailing_15pct,no,38,0.15789473684210525,-8.391528947368421,-318.8781
parabolic_sar_flip,trailing_15pct,no_data,5,0.6,0.72918,3.6459
parabolic_sar_flip,trailing_15pct,yes,28,0.39285714285714285,-3.8510464285714288,-107.8293
parabolic_sar_flip,trailing_5pct,no,38,0.10526315789473684,-2.7297,-103.7286
parabolic_sar_flip,trailing_5pct,no_data,5,0.4,0.11055999999999999,0.5528
parabolic_sar_flip,trailing_5pct,yes,28,0.39285714285714285,-0.1970535714285713,-5.5174999999999965
pead_long,atr_trail_1x,no,56,0.10714285714285714,-3.9253035714285716,-219.817
pead_long,atr_trail_1x,no_data,5,0.2,-3.04416,-15.2208
pead_long,atr_trail_1x,yes,46,0.391304347826087,0.18690869565217386,8.597799999999998
pead_long,atr_trail_2x,no,56,0.125,-6.915389285714285,-387.2618
pead_long,atr_trail_2x,no_data,5,0.2,-6.9587,-34.7935
pead_long,atr_trail_2x,yes,46,0.5217391304347826,3.176195652173913,146.105
pead_long,atr_trail_mae_conditional,no,56,0.10714285714285714,-3.9253035714285716,-219.817
pead_long,atr_trail_mae_conditional,no_data,5,0.2,-3.04416,-15.2208
pead_long,atr_trail_mae_conditional,yes,46,0.391304347826087,0.18690869565217386,8.597799999999998
pead_long,atr_trail_vix_conditional,no,56,0.125,-3.7384392857142856,-209.3526
pead_long,atr_trail_vix_conditional,no_data,5,0.2,-2.7263,-13.6315
pead_long,atr_trail_vix_conditional,yes,46,0.32608695652173914,1.149236956521739,52.8649
pead_long,break_even_at_1r,no,56,0.07142857142857142,-4.471455357142857,-250.4015
pead_long,break_even_at_1r,no_data,5,0.2,-1.5102399999999996,-7.551199999999998
pead_long,break_even_at_1r,yes,46,0.2826086956521739,5.455415217391304,250.9491
pead_long,breakeven_plus_trail,no,56,0.21428571428571427,-5.2219125,-292.4271
pead_long,breakeven_plus_trail,no_data,5,0.6,4.75436,23.7718
pead_long,breakeven_plus_trail,yes,46,0.45652173913043476,10.100258695652174,464.6119
pead_long,chandelier_3x,no,56,0.017857142857142856,-4.3957999999999995,-246.16479999999999
pead_long,chandelier_3x,no_data,5,0.2,0.49075999999999986,2.4537999999999993
pead_long,chandelier_3x,yes,46,0.32608695652173914,4.6122630434782605,212.1641
pead_long,class_time_stop,no,56,0.375,-1.5964875000000003,-89.40330000000002
pead_long,class_time_stop,no_data,5,0.8,5.51828,27.5914
pead_long,class_time_stop,yes,46,0.6956521739130435,8.263586956521738,380.125
pead_long,earnings_blackout,no,56,0.4107142857142857,-3.165076785714286,-177.2443
pead_long,earnings_blackout,no_data,5,0.4,-0.43652000000000013,-2.1826000000000008
pead_long,earnings_blackout,yes,46,0.6304347826086957,10.102226086956522,464.7024
pead_long,fixed_4r_2r,no,56,0.125,-4.220714285714285,-236.35999999999999
pead_long,fixed_4r_2r,no_data,5,0.4,6.29718,31.4859
pead_long,fixed_4r_2r,yes,46,0.5434782608695652,5.805691304347826,267.0618
pead_long,hybrid_50pct_target,no,56,0.21428571428571427,-4.9061803571428575,-274.7461
pead_long,hybrid_50pct_target,no_data,5,0.2,-5.5287999999999995,-27.644
pead_long,hybrid_50pct_target,yes,46,0.717391304347826,6.82195652173913,313.81
pead_long,ma_exit_ema9,no,56,0.14285714285714285,-3.2925857142857144,-184.3848
pead_long,ma_exit_ema9,no_data,5,0.2,-1.6213000000000002,-8.1065
pead_long,ma_exit_ema9,yes,46,0.4782608695652174,2.846084782608696,130.9199
pead_long,mfe_lockin_trail,no,56,0.10714285714285714,-3.9197964285714284,-219.5086
pead_long,mfe_lockin_trail,no_data,5,0.2,-3.04416,-15.2208
pead_long,mfe_lockin_trail,yes,46,0.391304347826087,0.5050282608695652,23.231299999999997
pead_long,multi_tier_partial,no,56,0.16071428571428573,-3.6121053571428567,-202.2779
pead_long,multi_tier_partial,no_data,5,0.4,-2.4811199999999998,-12.4056
pead_long,multi_tier_partial,yes,46,0.4782608695652174,0.43093695652173913,19.8231
pead_long,next_pivot_target,no,56,0.48214285714285715,-3.557805357142857,-199.2371
pead_long,next_pivot_target,no_data,5,0.6,-2.4634799999999997,-12.3174
pead_long,next_pivot_target,yes,46,0.8478260869565217,2.3524847826086956,108.2143
pead_long,r_multiple_2r,no,56,0.125,-3.635375,-203.581
pead_long,r_multiple_2r,no_data,5,0.2,-3.53534,-17.6767
pead_long,r_multiple_2r,yes,46,0.5,2.1885891304347824,100.6751
pead_long,r_multiple_3r,no,56,0.08928571428571429,-3.7525196428571426,-210.1411
pead_long,r_multiple_3r,no_data,5,0.2,-2.79798,-13.989899999999999
pead_long,r_multiple_3r,yes,46,0.45652173913043476,3.6690369565217393,168.7757
pead_long,regime_flip,no,56,0.26785714285714285,-2.913110714285714,-163.1342
pead_long,regime_flip,no_data,5,0.8,8.5418,42.709
pead_long,regime_flip,yes,46,0.6521739130434783,4.769847826086957,219.413
pead_long,reverse_signal,no,56,0.10714285714285714,-3.9253035714285716,-219.817
pead_long,reverse_signal,no_data,5,0.2,-3.04416,-15.2208
pead_long,reverse_signal,yes,46,0.391304347826087,0.18690869565217386,8.597799999999998
pead_long,smc_mitigation_zone,no,56,0.10714285714285714,-3.9253035714285716,-219.817
pead_long,smc_mitigation_zone,no_data,5,0.2,-3.04416,-15.2208
pead_long,smc_mitigation_zone,yes,46,0.391304347826087,0.18690869565217386,8.597799999999998
pead_long,time_stop_10d,no,56,0.21428571428571427,-5.6670928571428565,-317.3572
pead_long,time_stop_10d,no_data,5,0.2,-4.5652,-22.826
pead_long,time_stop_10d,yes,46,0.6956521739130435,2.927723913043478,134.6753
pead_long,time_stop_20d,no,56,0.26785714285714285,-2.913110714285714,-163.1342
pead_long,time_stop_20d,no_data,5,0.8,8.5418,42.709
pead_long,time_stop_20d,yes,46,0.6521739130434783,4.769847826086957,219.413
pead_long,trailing_10pct,no,56,0.10714285714285714,-7.056851785714286,-395.1837
pead_long,trailing_10pct,no_data,5,0.2,-3.9855599999999995,-19.927799999999998
pead_long,trailing_10pct,yes,46,0.5,6.997723913043479,321.8953
pead_long,trailing_15pct,no,56,0.16071428571428573,-6.693607142857142,-374.842
pead_long,trailing_15pct,no_data,5,0.4,-3.9012600000000006,-19.506300000000003
pead_long,trailing_15pct,yes,46,0.5,9.629726086956522,442.9674
pead_long,trailing_5pct,no,56,0.08928571428571429,-3.714542857142857,-208.0144
pead_long,trailing_5pct,no_data,5,0.4,-2.2046,-11.023
pead_long,trailing_5pct,yes,46,0.43478260869565216,1.6384782608695654,75.37
pead_short,atr_trail_1x,no,38,0.2631578947368421,-0.527707894736842,-20.052899999999994
pead_short,atr_trail_1x,no_data,2,0.5,-0.3772,-0.7544
pead_short,atr_trail_1x,yes,52,0.2692307692307692,-1.0972807692307691,-57.0586
pead_short,atr_trail_2x,no,38,0.23684210526315788,-2.231842105263158,-84.81
pead_short,atr_trail_2x,no_data,2,0.5,3.5119999999999996,7.023999999999999
pead_short,atr_trail_2x,yes,52,0.40384615384615385,-0.38165384615384623,-19.846000000000004
pead_short,atr_trail_mae_conditional,no,38,0.2631578947368421,-0.527707894736842,-20.052899999999994
pead_short,atr_trail_mae_conditional,no_data,2,0.5,-0.3772,-0.7544
pead_short,atr_trail_mae_conditional,yes,52,0.2692307692307692,-1.0972807692307691,-57.0586
pead_short,atr_trail_vix_conditional,no,38,0.3157894736842105,-0.868507894736842,-33.003299999999996
pead_short,atr_trail_vix_conditional,no_data,2,0.0,-0.5165,-1.033
pead_short,atr_trail_vix_conditional,yes,52,0.3269230769230769,-1.5139365384615384,-78.7247
pead_short,break_even_at_1r,no,38,0.23684210526315788,-1.3330236842105263,-50.6549
pead_short,break_even_at_1r,no_data,2,0.0,0.0,0.0
pead_short,break_even_at_1r,yes,52,0.21153846153846154,-1.0004384615384616,-52.022800000000004
pead_short,breakeven_plus_trail,no,38,0.34210526315789475,-0.646784210526316,-24.577800000000007
pead_short,breakeven_plus_trail,no_data,2,0.5,2.21505,4.4301
pead_short,breakeven_plus_trail,yes,52,0.5,3.350192307692308,174.21
pead_short,chandelier_3x,no,38,0.15789473684210525,-4.098336842105263,-155.7368
pead_short,chandelier_3x,no_data,2,0.0,-1.1674,-2.3348
pead_short,chandelier_3x,yes,52,0.19230769230769232,-0.28818653846153847,-14.9857
pead_short,class_time_stop,no,38,0.5263157894736842,1.8748447368421053,71.2441
pead_short,class_time_stop,no_data,2,0.5,-0.7909,-1.5818
pead_short,class_time_stop,yes,52,0.5576923076923077,0.536125,27.8785
pead_short,earnings_blackout,no,38,0.39473684210526316,-0.370244736842105,-14.069299999999991
pead_short,earnings_blackout,no_data,2,0.5,4.89545,9.7909
pead_short,earnings_blackout,yes,52,0.5384615384615384,0.4337865384615387,22.556900000000013
pead_short,fixed_4r_2r,no,38,0.23684210526315788,-1.6681131578947368,-63.3883
pead_short,fixed_4r_2r,no_data,2,0.0,-9.504000000000001,-19.008000000000003
pead_short,fixed_4r_2r,yes,52,0.3076923076923077,-0.42576538461538466,-22.1398
pead_short,hybrid_50pct_target,no,38,0.7631578947368421,-59.379684210526314,-2256.428
pead_short,hybrid_50pct_target,no_data,2,1.0,8.863999999999999,17.727999999999998
pead_short,hybrid_50pct_target,yes,52,0.7692307692307693,-14.433146153846154,-750.5236
pead_short,ma_exit_ema9,no,38,0.21052631578947367,-2.564376315789474,-97.44630000000001
pead_short,ma_exit_ema9,no_data,2,1.0,0.3362,0.6724
pead_short,ma_exit_ema9,yes,52,0.38461538461538464,1.114801923076923,57.969699999999996
pead_short,mfe_lockin_trail,no,38,0.2631578947368421,-0.6925157894736842,-26.3156
pead_short,mfe_lockin_trail,no_data,2,0.5,-0.3772,-0.7544
pead_short,mfe_lockin_trail,yes,52,0.2692307692307692,-1.0936288461538461,-56.8687
pead_short,multi_tier_partial,no,38,0.3684210526315789,-0.21731052631578945,-8.2578
pead_short,multi_tier_partial,no_data,2,0.5,-0.13554999999999995,-0.2710999999999999
pead_short,multi_tier_partial,yes,52,0.4230769230769231,-0.4392596153846154,-22.8415
pead_short,next_pivot_target,no,38,0.7105263157894737,-1.0181473684210527,-38.689600000000006
pead_short,next_pivot_target,no_data,2,1.0,1.53695,3.0739
pead_short,next_pivot_target,yes,52,0.6730769230769231,0.6691576923076922,34.79619999999999
pead_short,r_multiple_2r,no,38,0.2631578947368421,-0.7307973684210526,-27.7703
pead_short,r_multiple_2r,no_data,2,0.5,5.58595,11.1719
pead_short,r_multiple_2r,yes,52,0.36538461538461536,0.6603134615384614,34.336299999999994
pead_short,r_multiple_3r,no,38,0.21052631578947367,0.02866842105263153,1.0893999999999981
pead_short,r_multiple_3r,no_data,2,0.5,9.14115,18.2823
pead_short,r_multiple_3r,yes,52,0.21153846153846154,-0.4834826923076925,-25.14110000000001
pead_short,regime_flip,no,38,0.4473684210526316,-0.4698473684210528,-17.854200000000006
pead_short,regime_flip,no_data,2,0.5,-1.52375,-3.0475
pead_short,regime_flip,yes,52,0.6153846153846154,1.836642307692308,95.50540000000001
pead_short,reverse_signal,no,38,0.2631578947368421,-0.527707894736842,-20.052899999999994
pead_short,reverse_signal,no_data,2,0.5,-0.3772,-0.7544
pead_short,reverse_signal,yes,52,0.2692307692307692,-1.0972807692307691,-57.0586
pead_short,smc_mitigation_zone,no,38,0.2631578947368421,-0.527707894736842,-20.052899999999994
pead_short,smc_mitigation_zone,no_data,2,0.5,-0.3772,-0.7544
pead_short,smc_mitigation_zone,yes,52,0.2692307692307692,-1.0972807692307691,-57.0586
pead_short,time_stop_10d,no,38,0.5263157894736842,0.3024421052631578,11.492799999999995
pead_short,time_stop_10d,no_data,2,0.5,1.3937,2.7874
pead_short,time_stop_10d,yes,52,0.5192307692307693,1.6460942307692306,85.59689999999999
pead_short,time_stop_20d,no,38,0.4473684210526316,-0.4698473684210528,-17.854200000000006
pead_short,time_stop_20d,no_data,2,0.5,-1.52375,-3.0475
pead_short,time_stop_20d,yes,52,0.6153846153846154,1.836642307692308,95.50540000000001
pead_short,trailing_10pct,no,38,0.23684210526315788,-4.0096763157894735,-152.36769999999999
pead_short,trailing_10pct,no_data,2,0.5,-2.2664,-4.5328
pead_short,trailing_10pct,yes,52,0.4230769230769231,-1.1599076923076923,-60.315200000000004
pead_short,trailing_15pct,no,38,0.15789473684210525,-7.015213157894737,-266.5781
pead_short,trailing_15pct,no_data,2,0.5,-1.2919,-2.5838
pead_short,trailing_15pct,yes,52,0.38461538461538464,-1.9726730769230771,-102.57900000000001
pead_short,trailing_5pct,no,38,0.10526315789473684,-2.807478947368421,-106.6842
pead_short,trailing_5pct,no_data,2,0.0,-1.0185,-2.037
pead_short,trailing_5pct,yes,52,0.19230769230769232,-1.9089807692307692,-99.267
pivot_r1_breakout,atr_trail_1x,no,16,0.0,-2.77065625,-44.3305
pivot_r1_breakout,atr_trail_1x,yes,8,0.25,-1.1348,-9.0784
pivot_r1_breakout,atr_trail_2x,no,16,0.0625,-6.3898625,-102.2378
pivot_r1_breakout,atr_trail_2x,yes,8,0.5,0.09495000000000003,0.7596000000000003
pivot_r1_breakout,atr_trail_mae_conditional,no,16,0.0,-2.77065625,-44.3305
pivot_r1_breakout,atr_trail_mae_conditional,yes,8,0.25,-1.1348,-9.0784
pivot_r1_breakout,atr_trail_vix_conditional,no,16,0.0,-3.59413125,-57.5061
pivot_r1_breakout,atr_trail_vix_conditional,yes,8,0.25,-1.2209125,-9.7673
pivot_r1_breakout,break_even_at_1r,no,16,0.0,-3.51270625,-56.2033
pivot_r1_breakout,break_even_at_1r,yes,8,0.125,-0.51305,-4.1044
pivot_r1_breakout,breakeven_plus_trail,no,16,0.3125,-2.5871187499999997,-41.393899999999995
pivot_r1_breakout,breakeven_plus_trail,yes,8,0.375,4.710375,37.683
pivot_r1_breakout,chandelier_3x,no,16,0.125,-6.0131625,-96.2106
pivot_r1_breakout,chandelier_3x,yes,8,0.5,2.3970624999999997,19.176499999999997
pivot_r1_breakout,class_time_stop,no,16,0.25,-2.19238125,-35.0781
pivot_r1_breakout,class_time_stop,yes,8,0.75,3.0635625,24.5085
pivot_r1_breakout,earnings_blackout,no,16,0.375,21.760387499999997,348.16619999999995
pivot_r1_breakout,earnings_blackout,yes,8,0.375,-3.8043375,-30.4347
pivot_r1_breakout,fixed_4r_2r,no,16,0.25,-5.59449375,-89.5119
pivot_r1_breakout,fixed_4r_2r,yes,8,0.375,-0.18576250000000005,-1.4861000000000004
pivot_r1_breakout,hybrid_50pct_target,no,16,0.3125,-3.69820625,-59.1713
pivot_r1_breakout,hybrid_50pct_target,yes,8,0.5,1.3052875,10.4423
pivot_r1_breakout,ma_exit_ema9,no,16,0.1875,-4.06636875,-65.0619
pivot_r1_breakout,ma_exit_ema9,yes,8,0.5,2.1890625000000004,17.512500000000003
pivot_r1_breakout,mfe_lockin_trail,no,16,0.0,-2.77065625,-44.3305
pivot_r1_breakout,mfe_lockin_trail,yes,8,0.25,-1.0475,-8.38
pivot_r1_breakout,multi_tier_partial,no,16,0.375,-1.6470625,-26.353
pivot_r1_breakout,multi_tier_partial,yes,8,0.625,0.130575,1.0446
pivot_r1_breakout,next_pivot_target,no,16,0.625,-0.61528125,-9.8445
pivot_r1_breakout,next_pivot_target,yes,8,0.875,2.5502625,20.4021
pivot_r1_breakout,r_multiple_2r,no,16,0.125,-3.6196625,-57.9146
pivot_r1_breakout,r_multiple_2r,yes,8,0.5,5.6506625,45.2053
pivot_r1_breakout,r_multiple_3r,no,16,0.0625,-4.41759375,-70.6815
pivot_r1_breakout,r_multiple_3r,yes,8,0.125,-1.5312125,-12.2497
pivot_r1_breakout,regime_flip,no,16,0.4375,-2.1636249999999997,-34.617999999999995
pivot_r1_breakout,regime_flip,yes,8,0.375,-1.2296000000000002,-9.836800000000002
pivot_r1_breakout,reverse_signal,no,16,0.4375,0.36636875,5.8619
pivot_r1_breakout,reverse_signal,yes,8,0.375,-0.24333749999999996,-1.9466999999999997
pivot_r1_breakout,smc_mitigation_zone,no,16,0.0,-2.77065625,-44.3305
pivot_r1_breakout,smc_mitigation_zone,yes,8,0.25,-1.1348,-9.0784
pivot_r1_breakout,time_stop_10d,no,16,0.1875,-3.3466125,-53.5458
pivot_r1_breakout,time_stop_10d,yes,8,0.625,3.3072500000000002,26.458000000000002
pivot_r1_breakout,time_stop_20d,no,16,0.4375,-2.1636249999999997,-34.617999999999995
pivot_r1_breakout,time_stop_20d,yes,8,0.375,-1.2296000000000002,-9.836800000000002
pivot_r1_breakout,trailing_10pct,no,16,0.125,-5.50560625,-88.0897
pivot_r1_breakout,trailing_10pct,yes,8,0.375,-0.9699875,-7.7599
pivot_r1_breakout,trailing_15pct,no,16,0.1875,-5.98680625,-95.7889
pivot_r1_breakout,trailing_15pct,yes,8,0.375,-2.4537499999999994,-19.629999999999995
pivot_r1_breakout,trailing_5pct,no,16,0.0625,-2.72739375,-43.6383
pivot_r1_breakout,trailing_5pct,yes,8,0.25,-1.674325,-13.3946
pivot_s1_bounce,atr_trail_1x,no,4,0.25,-4.1221499999999995,-16.488599999999998
pivot_s1_bounce,atr_trail_1x,no_data,3,0.3333333333333333,-1.5289333333333335,-4.5868
pivot_s1_bounce,atr_trail_1x,yes,19,0.47368421052631576,0.9808684210526315,18.636499999999998
pivot_s1_bounce,atr_trail_2x,no,4,0.25,-2.826,-11.304
pivot_s1_bounce,atr_trail_2x,no_data,3,0.3333333333333333,-4.277833333333334,-12.8335
pivot_s1_bounce,atr_trail_2x,yes,19,0.631578947368421,5.73611052631579,108.98610000000001
pivot_s1_bounce,atr_trail_mae_conditional,no,4,0.25,-4.1221499999999995,-16.488599999999998
pivot_s1_bounce,atr_trail_mae_conditional,no_data,3,0.3333333333333333,-1.5289333333333335,-4.5868
pivot_s1_bounce,atr_trail_mae_conditional,yes,19,0.47368421052631576,0.9808684210526315,18.636499999999998
pivot_s1_bounce,atr_trail_vix_conditional,no,4,0.25,-4.86045,-19.4418
pivot_s1_bounce,atr_trail_vix_conditional,no_data,3,0.3333333333333333,-0.5830333333333334,-1.7491000000000003
pivot_s1_bounce,atr_trail_vix_conditional,yes,19,0.47368421052631576,3.1262684210526315,59.3991
pivot_s1_bounce,break_even_at_1r,no,4,0.0,-4.157,-16.628
pivot_s1_bounce,break_even_at_1r,no_data,3,0.3333333333333333,-1.2636,-3.7908
pivot_s1_bounce,break_even_at_1r,yes,19,0.3684210526315789,10.605084210526316,201.4966
pivot_s1_bounce,breakeven_plus_trail,no,4,0.5,3.241875,12.9675
pivot_s1_bounce,breakeven_plus_trail,no_data,3,0.6666666666666666,14.511299999999999,43.533899999999996
pivot_s1_bounce,breakeven_plus_trail,yes,19,0.47368421052631576,15.284010526315791,290.3962
pivot_s1_bounce,chandelier_3x,no,4,0.0,-6.419700000000001,-25.678800000000003
pivot_s1_bounce,chandelier_3x,no_data,3,0.3333333333333333,-1.3731666666666664,-4.1194999999999995
pivot_s1_bounce,chandelier_3x,yes,19,0.42105263157894735,4.740989473684211,90.0788
pivot_s1_bounce,class_time_stop,no,4,0.5,-0.05027499999999996,-0.20109999999999983
pivot_s1_bounce,class_time_stop,no_data,3,0.3333333333333333,-2.8988666666666667,-8.6966
pivot_s1_bounce,class_time_stop,yes,19,0.631578947368421,3.181026315789474,60.4395
pivot_s1_bounce,earnings_blackout,no,4,0.75,43.974250000000005,175.89700000000002
pivot_s1_bounce,earnings_blackout,no_data,3,0.6666666666666666,4.421766666666667,13.2653
pivot_s1_bounce,earnings_blackout,yes,19,0.7894736842105263,6.151252631578948,116.8738
pivot_s1_bounce,fixed_4r_2r,no,4,0.5,3.212025,12.8481
pivot_s1_bounce,fixed_4r_2r,no_data,3,0.3333333333333333,-2.833933333333333,-8.5018
pivot_s1_bounce,fixed_4r_2r,yes,19,0.5789473684210527,3.826394736842105,72.7015
pivot_s1_bounce,hybrid_50pct_target,no,4,0.75,1.8366250000000002,7.346500000000001
pivot_s1_bounce,hybrid_50pct_target,no_data,3,0.3333333333333333,-4.653066666666667,-13.9592
pivot_s1_bounce,hybrid_50pct_target,yes,19,0.8421052631578947,10.10778947368421,192.048
pivot_s1_bounce,ma_exit_ema9,no,4,0.25,-0.927775,-3.7111
pivot_s1_bounce,ma_exit_ema9,no_data,3,0.3333333333333333,-1.7365666666666666,-5.2097
pivot_s1_bounce,ma_exit_ema9,yes,19,0.5263157894736842,1.9690263157894734,37.4115
pivot_s1_bounce,mfe_lockin_trail,no,4,0.25,-4.1221499999999995,-16.488599999999998
pivot_s1_bounce,mfe_lockin_trail,no_data,3,0.3333333333333333,-1.8064666666666664,-5.4193999999999996
pivot_s1_bounce,mfe_lockin_trail,yes,19,0.47368421052631576,0.807863157894737,15.349400000000001
pivot_s1_bounce,multi_tier_partial,no,4,0.25,-3.90235,-15.6094
pivot_s1_bounce,multi_tier_partial,no_data,3,0.3333333333333333,-1.4858333333333331,-4.4575
pivot_s1_bounce,multi_tier_partial,yes,19,0.5263157894736842,0.857678947368421,16.2959
pivot_s1_bounce,next_pivot_target,no,4,0.75,-1.19345,-4.7738
pivot_s1_bounce,next_pivot_target,no_data,3,0.6666666666666666,-2.7572666666666668,-8.2718
pivot_s1_bounce,next_pivot_target,yes,19,1.0,2.7420105263157892,52.0982
pivot_s1_bounce,r_multiple_2r,no,4,0.0,-4.851275,-19.4051
pivot_s1_bounce,r_multiple_2r,no_data,3,0.3333333333333333,-1.4169666666666665,-4.2509
pivot_s1_bounce,r_multiple_2r,yes,19,0.631578947368421,3.376652631578948,64.1564
pivot_s1_bounce,r_multiple_3r,no,4,0.0,-4.851275,-19.4051
pivot_s1_bounce,r_multiple_3r,no_data,3,0.3333333333333333,-0.6421666666666667,-1.9264999999999999
pivot_s1_bounce,r_multiple_3r,yes,19,0.47368421052631576,3.19308947368421,60.668699999999994
pivot_s1_bounce,regime_flip,no,4,0.5,-2.120875,-8.4835
pivot_s1_bounce,regime_flip,no_data,3,0.3333333333333333,-2.8034999999999997,-8.410499999999999
pivot_s1_bounce,regime_flip,yes,19,0.8421052631578947,9.360552631578948,177.8505
pivot_s1_bounce,reverse_signal,no,4,0.25,-4.1221499999999995,-16.488599999999998
pivot_s1_bounce,reverse_signal,no_data,3,0.3333333333333333,-1.5289333333333335,-4.5868
pivot_s1_bounce,reverse_signal,yes,19,0.47368421052631576,0.9808684210526315,18.636499999999998
pivot_s1_bounce,smc_mitigation_zone,no,4,0.25,-4.1221499999999995,-16.488599999999998
pivot_s1_bounce,smc_mitigation_zone,no_data,3,0.3333333333333333,-1.5289333333333335,-4.5868
pivot_s1_bounce,smc_mitigation_zone,yes,19,0.47368421052631576,0.9808684210526315,18.636499999999998
pivot_s1_bounce,time_stop_10d,no,4,0.25,-3.379725,-13.5189
pivot_s1_bounce,time_stop_10d,no_data,3,0.3333333333333333,-1.1594666666666666,-3.4783999999999997
pivot_s1_bounce,time_stop_10d,yes,19,0.7894736842105263,5.128521052631579,97.4419
pivot_s1_bounce,time_stop_20d,no,4,0.5,-2.120875,-8.4835
pivot_s1_bounce,time_stop_20d,no_data,3,0.3333333333333333,-2.8034999999999997,-8.410499999999999
pivot_s1_bounce,time_stop_20d,yes,19,0.8421052631578947,9.360552631578948,177.8505
pivot_s1_bounce,trailing_10pct,no,4,0.25,-5.89285,-23.5714
pivot_s1_bounce,trailing_10pct,no_data,3,0.3333333333333333,-4.667333333333333,-14.001999999999999
pivot_s1_bounce,trailing_10pct,yes,19,0.5263157894736842,9.004005263157895,171.0761
pivot_s1_bounce,trailing_15pct,no,4,0.5,-0.9554750000000004,-3.8219000000000016
pivot_s1_bounce,trailing_15pct,no_data,3,0.0,-8.264533333333334,-24.7936
pivot_s1_bounce,trailing_15pct,yes,19,0.631578947368421,15.331936842105264,291.3068
pivot_s1_bounce,trailing_5pct,no,4,0.0,-4.001475,-16.0059
pivot_s1_bounce,trailing_5pct,no_data,3,0.3333333333333333,-2.186033333333333,-6.5581
pivot_s1_bounce,trailing_5pct,yes,19,0.631578947368421,2.193636842105263,41.6791
po3_bearish,atr_trail_1x,no,263,0.21673003802281368,-2.029442205323194,-533.7433
po3_bearish,atr_trail_1x,no_data,10,0.3,-1.7738600000000002,-17.7386
po3_bearish,atr_trail_1x,yes,54,0.3148148148148148,-0.6636537037037037,-35.8373
po3_bearish,atr_trail_2x,no,263,0.29277566539923955,-2.7919825095057034,-734.2914
po3_bearish,atr_trail_2x,no_data,10,0.2,-3.9261600000000003,-39.2616
po3_bearish,atr_trail_2x,yes,54,0.37037037037037035,0.5610944444444446,30.299100000000006
po3_bearish,atr_trail_mae_conditional,no,263,0.21673003802281368,-2.029442205323194,-533.7433
po3_bearish,atr_trail_mae_conditional,no_data,10,0.3,-1.7738600000000002,-17.7386
po3_bearish,atr_trail_mae_conditional,yes,54,0.3148148148148148,-0.6636537037037037,-35.8373
po3_bearish,atr_trail_vix_conditional,no,263,0.22433460076045628,-2.2900539923954373,-602.2842
po3_bearish,atr_trail_vix_conditional,no_data,10,0.2,-2.09035,-20.9035
po3_bearish,atr_trail_vix_conditional,yes,54,0.3888888888888889,0.1135703703703703,6.132799999999996
po3_bearish,break_even_at_1r,no,263,0.12547528517110265,-2.1253657794676806,-558.9712
po3_bearish,break_even_at_1r,no_data,10,0.1,-1.48862,-14.8862
po3_bearish,break_even_at_1r,yes,54,0.18518518518518517,0.2247018518518518,12.133899999999997
po3_bearish,breakeven_plus_trail,no,263,0.33079847908745247,-0.6762334600760458,-177.84940000000003
po3_bearish,breakeven_plus_trail,no_data,10,0.3,-2.49133,-24.9133
po3_bearish,breakeven_plus_trail,yes,54,0.4074074074074074,2.699533333333333,145.7748
po3_bearish,chandelier_3x,no,263,0.20912547528517111,-2.463097338403042,-647.7946000000001
po3_bearish,chandelier_3x,no_data,10,0.1,-2.86273,-28.627299999999998
po3_bearish,chandelier_3x,yes,54,0.2777777777777778,-0.0038055555555557997,-0.20550000000001317
po3_bearish,class_time_stop,no,263,0.4068441064638783,-3.8024673003802283,-1000.0489
po3_bearish,class_time_stop,no_data,10,0.6,-2.19191,-21.9191
po3_bearish,class_time_stop,yes,54,0.5555555555555556,2.0845407407407404,112.56519999999999
po3_bearish,earnings_blackout,no,263,0.4220532319391635,-7.364457794676806,-1936.8524
po3_bearish,earnings_blackout,no_data,10,0.5,-0.017900000000000204,-0.17900000000000205
po3_bearish,earnings_blackout,yes,54,0.6481481481481481,3.5281444444444445,190.5198
po3_bearish,fixed_4r_2r,no,263,0.2737642585551331,-3.098899619771863,-815.0106
po3_bearish,fixed_4r_2r,no_data,10,0.2,-2.57355,-25.735500000000002
po3_bearish,fixed_4r_2r,yes,54,0.3888888888888889,0.3922537037037037,21.1817
po3_bearish,hybrid_50pct_target,no,263,0.6768060836501901,-32.99689125475285,-8678.1824
po3_bearish,hybrid_50pct_target,no_data,10,0.7,-11.11433,-111.14330000000001
po3_bearish,hybrid_50pct_target,yes,54,0.7407407407407407,-13.976374074074075,-754.7242
po3_bearish,ma_exit_ema9,no,263,0.2661596958174905,-1.6920250950570341,-445.0026
po3_bearish,ma_exit_ema9,no_data,10,0.4,-1.68601,-16.8601
po3_bearish,ma_exit_ema9,yes,54,0.4074074074074074,0.8053981481481481,43.4915
po3_bearish,mfe_lockin_trail,no,263,0.21673003802281368,-1.9781988593155893,-520.2663
po3_bearish,mfe_lockin_trail,no_data,10,0.3,-1.6509700000000003,-16.509700000000002
po3_bearish,mfe_lockin_trail,yes,54,0.35185185185185186,-0.5271648148148148,-28.466900000000003
po3_bearish,multi_tier_partial,no,263,0.33079847908745247,-1.7039456273764257,-448.1377
po3_bearish,multi_tier_partial,no_data,10,0.4,-1.2028200000000002,-12.028200000000002
po3_bearish,multi_tier_partial,yes,54,0.48148148148148145,-0.08659259259259257,-4.675999999999998
po3_bearish,next_pivot_target,no,263,0.7300380228136882,-0.8268216730038022,-217.45409999999998
po3_bearish,next_pivot_target,no_data,10,0.8,0.3515400000000001,3.5154000000000005
po3_bearish,next_pivot_target,yes,54,0.7222222222222222,0.12387777777777774,6.689399999999998
po3_bearish,r_multiple_2r,no,263,0.24334600760456274,-1.5185231939163497,-399.3716
po3_bearish,r_multiple_2r,no_data,10,0.2,-1.5327300000000001,-15.327300000000001
po3_bearish,r_multiple_2r,yes,54,0.37037037037037035,0.7613870370370371,41.114900000000006
po3_bearish,r_multiple_3r,no,263,0.18250950570342206,-1.6307277566539924,-428.8814
po3_bearish,r_multiple_3r,no_data,10,0.1,-2.01495,-20.1495
po3_bearish,r_multiple_3r,yes,54,0.3148148148148148,2.0218462962962964,109.1797
po3_bearish,regime_flip,no,263,0.44866920152091255,-2.821750950570342,-742.1205
po3_bearish,regime_flip,no_data,10,0.4,-2.1065899999999997,-21.0659
po3_bearish,regime_flip,yes,54,0.46296296296296297,0.5911240740740741,31.9207
po3_bearish,reverse_signal,no,263,0.21673003802281368,-2.029442205323194,-533.7433
po3_bearish,reverse_signal,no_data,10,0.3,-1.7738600000000002,-17.7386
po3_bearish,reverse_signal,yes,54,0.3148148148148148,-0.6636537037037037,-35.8373
po3_bearish,smc_mitigation_zone,no,263,0.21673003802281368,-2.029442205323194,-533.7433
po3_bearish,smc_mitigation_zone,no_data,10,0.3,-1.7738600000000002,-17.7386
po3_bearish,smc_mitigation_zone,yes,54,0.3148148148148148,-0.6636537037037037,-35.8373
po3_bearish,time_stop_10d,no,263,0.39543726235741444,-1.6264300380228138,-427.7511
po3_bearish,time_stop_10d,no_data,10,0.6,-0.20177999999999977,-2.0177999999999976
po3_bearish,time_stop_10d,yes,54,0.5555555555555556,2.0198425925925925,109.0715
po3_bearish,time_stop_20d,no,263,0.44866920152091255,-2.821750950570342,-742.1205
po3_bearish,time_stop_20d,no_data,10,0.4,-2.1065899999999997,-21.0659
po3_bearish,time_stop_20d,yes,54,0.46296296296296297,0.5911240740740741,31.9207
po3_bearish,trailing_10pct,no,263,0.23574144486692014,-3.4579429657794676,-909.439
po3_bearish,trailing_10pct,no_data,10,0.1,-4.86482,-48.6482
po3_bearish,trailing_10pct,yes,54,0.37037037037037035,0.31408703703703694,16.960699999999996
po3_bearish,trailing_15pct,no,263,0.2737642585551331,-3.7134653992395434,-976.6414
po3_bearish,trailing_15pct,no_data,10,0.1,-7.41962,-74.1962
po3_bearish,trailing_15pct,yes,54,0.4074074074074074,-0.2717870370370371,-14.676500000000003
po3_bearish,trailing_5pct,no,263,0.17870722433460076,-2.370507984790874,-623.4436
po3_bearish,trailing_5pct,no_data,10,0.1,-2.6866399999999997,-26.8664
po3_bearish,trailing_5pct,yes,54,0.42592592592592593,0.7606092592592592,41.0729
po3_bullish,atr_trail_1x,no,208,0.18269230769230768,-2.7530456730769233,-572.6335
po3_bullish,atr_trail_1x,no_data,13,0.46153846153846156,-1.3518769230769228,-17.574399999999997
po3_bullish,atr_trail_1x,yes,97,0.25773195876288657,-1.0136628865979382,-98.3253
po3_bullish,atr_trail_2x,no,208,0.25961538461538464,-3.347833173076923,-696.3493
po3_bullish,atr_trail_2x,no_data,13,0.46153846153846156,-2.1076923076923078,-27.4
po3_bullish,atr_trail_2x,yes,97,0.36082474226804123,0.38418041237113404,37.2655
po3_bullish,atr_trail_mae_conditional,no,208,0.18269230769230768,-2.7530456730769233,-572.6335
po3_bullish,atr_trail_mae_conditional,no_data,13,0.46153846153846156,-1.3518769230769228,-17.574399999999997
po3_bullish,atr_trail_mae_conditional,yes,97,0.25773195876288657,-1.0136628865979382,-98.3253
po3_bullish,atr_trail_vix_conditional,no,208,0.18269230769230768,-2.802909615384615,-583.0052
po3_bullish,atr_trail_vix_conditional,no_data,13,0.3076923076923077,-3.006246153846154,-39.0812
po3_bullish,atr_trail_vix_conditional,yes,97,0.27835051546391754,-0.05074226804123706,-4.921999999999995
po3_bullish,break_even_at_1r,no,208,0.10576923076923077,-2.495975961538462,-519.163
po3_bullish,break_even_at_1r,no_data,13,0.23076923076923078,-1.6682769230769228,-21.687599999999996
po3_bullish,break_even_at_1r,yes,97,0.16494845360824742,-0.5926463917525773,-57.48669999999999
po3_bullish,breakeven_plus_trail,no,208,0.3173076923076923,0.718866826923077,149.5243
po3_bullish,breakeven_plus_trail,no_data,13,0.6153846153846154,1.0509000000000002,13.661700000000002
po3_bullish,breakeven_plus_trail,yes,97,0.38144329896907214,5.7830597938144335,560.9568
po3_bullish,chandelier_3x,no,208,0.11057692307692307,-1.80125,-374.66
po3_bullish,chandelier_3x,no_data,13,0.07692307692307693,-0.9270384615384615,-12.051499999999999
po3_bullish,chandelier_3x,yes,97,0.25773195876288657,1.3265257731958764,128.673
po3_bullish,class_time_stop,no,208,0.42788461538461536,-1.3209096153846156,-274.74920000000003
po3_bullish,class_time_stop,no_data,13,0.6923076923076923,5.309969230769231,69.0296
po3_bullish,class_time_stop,yes,97,0.5670103092783505,3.6507731958762886,354.125
po3_bullish,earnings_blackout,no,208,0.4519230769230769,7.805327884615385,1623.5082
po3_bullish,earnings_blackout,no_data,13,0.5384615384615384,0.05498461538461582,0.7148000000000057
po3_bullish,earnings_blackout,yes,97,0.5670103092783505,2.9904092783505156,290.0697
po3_bullish,fixed_4r_2r,no,208,0.3076923076923077,-0.808673076923077,-168.204
po3_bullish,fixed_4r_2r,no_data,13,0.46153846153846156,-0.22500769230769208,-2.925099999999997
po3_bullish,fixed_4r_2r,yes,97,0.35051546391752575,-0.20138453608247414,-19.53429999999999
po3_bullish,hybrid_50pct_target,no,208,0.41346153846153844,-0.344004326923077,-71.55290000000001
po3_bullish,hybrid_50pct_target,no_data,13,0.5384615384615384,-0.31145384615384625,-4.0489000000000015
po3_bullish,hybrid_50pct_target,yes,97,0.5257731958762887,1.1941144329896909,115.82910000000001
po3_bullish,ma_exit_ema9,no,208,0.25961538461538464,-1.6948173076923077,-352.522
po3_bullish,ma_exit_ema9,no_data,13,0.46153846153846156,-0.3708923076923077,-4.8216
po3_bullish,ma_exit_ema9,yes,97,0.41237113402061853,1.8545536082474228,179.89170000000001
po3_bullish,mfe_lockin_trail,no,208,0.18269230769230768,-2.707589903846154,-563.1787
po3_bullish,mfe_lockin_trail,no_data,13,0.46153846153846156,-1.5841846153846153,-20.5944
po3_bullish,mfe_lockin_trail,yes,97,0.27835051546391754,-0.9719525773195876,-94.2794
po3_bullish,multi_tier_partial,no,208,0.35096153846153844,-2.118489423076923,-440.6458
po3_bullish,multi_tier_partial,no_data,13,0.46153846153846156,-1.6558076923076923,-21.5255
po3_bullish,multi_tier_partial,yes,97,0.4845360824742268,-0.2724659793814433,-26.429199999999998
po3_bullish,next_pivot_target,no,208,0.6971153846153846,-1.173662980769231,-244.1219
po3_bullish,next_pivot_target,no_data,13,0.6923076923076923,-1.0366153846153847,-13.476
po3_bullish,next_pivot_target,yes,97,0.8041237113402062,0.5862247422680413,56.863800000000005
po3_bullish,r_multiple_2r,no,208,0.22596153846153846,-2.0604884615384615,-428.5816
po3_bullish,r_multiple_2r,no_data,13,0.38461538461538464,-0.01660769230769227,-0.21589999999999954
po3_bullish,r_multiple_2r,yes,97,0.4329896907216495,1.340057731958763,129.9856
po3_bullish,r_multiple_3r,no,208,0.19230769230769232,-1.4728966346153847,-306.3625
po3_bullish,r_multiple_3r,no_data,13,0.38461538461538464,0.9613153846153847,12.497100000000001
po3_bullish,r_multiple_3r,yes,97,0.30927835051546393,0.8266113402061855,80.1813
po3_bullish,regime_flip,no,208,0.42788461538461536,-2.231127884615385,-464.07460000000003
po3_bullish,regime_flip,no_data,13,0.7692307692307693,5.995353846153846,77.9396
po3_bullish,regime_flip,yes,97,0.5773195876288659,1.563160824742268,151.6266
po3_bullish,reverse_signal,no,208,0.18269230769230768,-2.7530456730769233,-572.6335
po3_bullish,reverse_signal,no_data,13,0.46153846153846156,-1.3518769230769228,-17.574399999999997
po3_bullish,reverse_signal,yes,97,0.25773195876288657,-1.0136628865979382,-98.3253
po3_bullish,smc_mitigation_zone,no,208,0.18269230769230768,-2.7530456730769233,-572.6335
po3_bullish,smc_mitigation_zone,no_data,13,0.46153846153846156,-1.3518769230769228,-17.574399999999997
po3_bullish,smc_mitigation_zone,yes,97,0.25773195876288657,-1.0136628865979382,-98.3253
po3_bullish,time_stop_10d,no,208,0.3701923076923077,-3.4381432692307694,-715.1338000000001
po3_bullish,time_stop_10d,no_data,13,0.46153846153846156,-0.20906153846153844,-2.7177999999999995
po3_bullish,time_stop_10d,yes,97,0.5360824742268041,0.8862175257731959,85.9631
po3_bullish,time_stop_20d,no,208,0.42788461538461536,-2.231127884615385,-464.07460000000003
po3_bullish,time_stop_20d,no_data,13,0.7692307692307693,5.995353846153846,77.9396
po3_bullish,time_stop_20d,yes,97,0.5773195876288659,1.563160824742268,151.6266
po3_bullish,trailing_10pct,no,208,0.2692307692307692,-2.384075480769231,-495.8877
po3_bullish,trailing_10pct,no_data,13,0.46153846153846156,-2.4858692307692305,-32.3163
po3_bullish,trailing_10pct,yes,97,0.36082474226804123,-0.12669175257731968,-12.28910000000001
po3_bullish,trailing_15pct,no,208,0.30288461538461536,-1.8058375,-375.6142
po3_bullish,trailing_15pct,no_data,13,0.46153846153846156,12.624099999999999,164.11329999999998
po3_bullish,trailing_15pct,yes,97,0.36082474226804123,2.9427041237113403,285.4423
po3_bullish,trailing_5pct,no,208,0.14903846153846154,-2.6854850961538466,-558.5809
po3_bullish,trailing_5pct,no_data,13,0.38461538461538464,0.508453846153846,6.609899999999998
po3_bullish,trailing_5pct,yes,97,0.26804123711340205,-1.4190587628865978,-137.6487
po3_htf_aligned_long,atr_trail_1x,no,15,0.2,-2.43716,-36.5574
po3_htf_aligned_long,atr_trail_1x,no_data,5,0.2,-1.6438200000000003,-8.219100000000001
po3_htf_aligned_long,atr_trail_1x,yes,20,0.2,-2.037335,-40.746700000000004
po3_htf_aligned_long,atr_trail_2x,no,15,0.13333333333333333,-4.7018933333333335,-70.5284
po3_htf_aligned_long,atr_trail_2x,no_data,5,0.4,9.64832,48.2416
po3_htf_aligned_long,atr_trail_2x,yes,20,0.3,1.1434,22.868
po3_htf_aligned_long,atr_trail_mae_conditional,no,15,0.2,-2.43716,-36.5574
po3_htf_aligned_long,atr_trail_mae_conditional,no_data,5,0.2,-1.6438200000000003,-8.219100000000001
po3_htf_aligned_long,atr_trail_mae_conditional,yes,20,0.2,-2.037335,-40.746700000000004
po3_htf_aligned_long,atr_trail_vix_conditional,no,15,0.26666666666666666,-2.3260133333333335,-34.8902
po3_htf_aligned_long,atr_trail_vix_conditional,no_data,5,0.0,-5.59528,-27.976399999999998
po3_htf_aligned_long,atr_trail_vix_conditional,yes,20,0.2,-1.20015,-24.003
po3_htf_aligned_long,break_even_at_1r,no,15,0.0,-3.3775,-50.6625
po3_htf_aligned_long,break_even_at_1r,no_data,5,0.0,-5.99604,-29.9802
po3_htf_aligned_long,break_even_at_1r,yes,20,0.05,-0.3748350000000002,-7.496700000000004
po3_htf_aligned_long,breakeven_plus_trail,no,15,0.26666666666666666,-3.4500200000000003,-51.7503
po3_htf_aligned_long,breakeven_plus_trail,no_data,5,0.4,12.541120000000001,62.705600000000004
po3_htf_aligned_long,breakeven_plus_trail,yes,20,0.35,8.220205,164.4041
po3_htf_aligned_long,chandelier_3x,no,15,0.06666666666666667,-4.028286666666667,-60.4243
po3_htf_aligned_long,chandelier_3x,no_data,5,0.4,18.55558,92.7779
po3_htf_aligned_long,chandelier_3x,yes,20,0.3,-0.11424000000000009,-2.284800000000002
po3_htf_aligned_long,class_time_stop,no,15,0.3333333333333333,-6.099253333333333,-91.4888
po3_htf_aligned_long,class_time_stop,no_data,5,0.2,-6.1522,-30.761
po3_htf_aligned_long,class_time_stop,yes,20,0.65,7.136195000000001,142.72390000000001
po3_htf_aligned_long,earnings_blackout,no,15,0.2,4.542113333333333,68.1317
po3_htf_aligned_long,earnings_blackout,no_data,5,0.6,6.72286,33.6143
po3_htf_aligned_long,earnings_blackout,yes,20,0.65,14.723095,294.4619
po3_htf_aligned_long,fixed_4r_2r,no,15,0.2,-4.4748,-67.122
po3_htf_aligned_long,fixed_4r_2r,no_data,5,0.4,26.451779999999996,132.25889999999998
po3_htf_aligned_long,fixed_4r_2r,yes,20,0.45,4.493385,89.8677
po3_htf_aligned_long,hybrid_50pct_target,no,15,0.2,-5.33782,-80.0673
po3_htf_aligned_long,hybrid_50pct_target,no_data,5,0.2,-4.50912,-22.5456
po3_htf_aligned_long,hybrid_50pct_target,yes,20,0.7,5.155765,103.11529999999999
po3_htf_aligned_long,ma_exit_ema9,no,15,0.3333333333333333,-1.9571399999999999,-29.3571
po3_htf_aligned_long,ma_exit_ema9,no_data,5,0.0,-5.67876,-28.3938
po3_htf_aligned_long,ma_exit_ema9,yes,20,0.25,4.4428600000000005,88.8572
po3_htf_aligned_long,mfe_lockin_trail,no,15,0.2,-2.43716,-36.5574
po3_htf_aligned_long,mfe_lockin_trail,no_data,5,0.2,-2.77602,-13.8801
po3_htf_aligned_long,mfe_lockin_trail,yes,20,0.2,-2.037335,-40.746700000000004
po3_htf_aligned_long,multi_tier_partial,no,15,0.3333333333333333,-1.8810266666666666,-28.2154
po3_htf_aligned_long,multi_tier_partial,no_data,5,0.2,-4.63014,-23.1507
po3_htf_aligned_long,multi_tier_partial,yes,20,0.35,-1.46949,-29.3898
po3_htf_aligned_long,next_pivot_target,no,15,0.5333333333333333,-1.94674,-29.2011
po3_htf_aligned_long,next_pivot_target,no_data,5,0.6,24.816039999999997,124.08019999999999
po3_htf_aligned_long,next_pivot_target,yes,20,0.9,1.2787400000000002,25.574800000000003
po3_htf_aligned_long,r_multiple_2r,no,15,0.26666666666666666,-0.8716333333333331,-13.074499999999997
po3_htf_aligned_long,r_multiple_2r,no_data,5,0.2,-3.8153799999999998,-19.0769
po3_htf_aligned_long,r_multiple_2r,yes,20,0.45,1.9322849999999998,38.6457
po3_htf_aligned_long,r_multiple_3r,no,15,0.13333333333333333,-2.6669933333333335,-40.004900000000006
po3_htf_aligned_long,r_multiple_3r,no_data,5,0.2,-2.72506,-13.6253
po3_htf_aligned_long,r_multiple_3r,yes,20,0.3,1.5214349999999999,30.4287
po3_htf_aligned_long,regime_flip,no,15,0.26666666666666666,-5.587606666666667,-83.8141
po3_htf_aligned_long,regime_flip,no_data,5,0.2,-2.4154799999999996,-12.077399999999999
po3_htf_aligned_long,regime_flip,yes,20,0.6,6.8050250000000005,136.1005
po3_htf_aligned_long,reverse_signal,no,15,0.2,-2.43716,-36.5574
po3_htf_aligned_long,reverse_signal,no_data,5,0.2,-1.6438200000000003,-8.219100000000001
po3_htf_aligned_long,reverse_signal,yes,20,0.2,-2.037335,-40.746700000000004
po3_htf_aligned_long,smc_mitigation_zone,no,15,0.2,-2.43716,-36.5574
po3_htf_aligned_long,smc_mitigation_zone,no_data,5,0.2,-1.6438200000000003,-8.219100000000001
po3_htf_aligned_long,smc_mitigation_zone,yes,20,0.2,-2.037335,-40.746700000000004
po3_htf_aligned_long,time_stop_10d,no,15,0.4,-6.581553333333333,-98.7233
po3_htf_aligned_long,time_stop_10d,no_data,5,0.2,-7.636419999999999,-38.1821
po3_htf_aligned_long,time_stop_10d,yes,20,0.65,3.7182999999999993,74.36599999999999
po3_htf_aligned_long,time_stop_20d,no,15,0.26666666666666666,-5.587606666666667,-83.8141
po3_htf_aligned_long,time_stop_20d,no_data,5,0.2,-2.4154799999999996,-12.077399999999999
po3_htf_aligned_long,time_stop_20d,yes,20,0.6,6.8050250000000005,136.1005
po3_htf_aligned_long,trailing_10pct,no,15,0.13333333333333333,-4.8493466666666665,-72.7402
po3_htf_aligned_long,trailing_10pct,no_data,5,0.2,-4.675120000000001,-23.375600000000002
po3_htf_aligned_long,trailing_10pct,yes,20,0.4,2.55707,51.1414
po3_htf_aligned_long,trailing_15pct,no,15,0.13333333333333333,-5.682546666666666,-85.23819999999999
po3_htf_aligned_long,trailing_15pct,no_data,5,0.2,-8.79444,-43.9722
po3_htf_aligned_long,trailing_15pct,yes,20,0.45,7.0998850000000004,141.9977
po3_htf_aligned_long,trailing_5pct,no,15,0.13333333333333333,-2.5244799999999996,-37.8672
po3_htf_aligned_long,trailing_5pct,no_data,5,0.2,1.3247999999999998,6.623999999999999
po3_htf_aligned_long,trailing_5pct,yes,20,0.3,-1.54651,-30.9302
po3_htf_aligned_short,atr_trail_1x,no,30,0.2,-3.72601,-111.7803
po3_htf_aligned_short,atr_trail_1x,no_data,2,0.5,0.17545000000000144,0.3509000000000029
po3_htf_aligned_short,atr_trail_1x,yes,14,0.2857142857142857,-1.7580285714285715,-24.6124
po3_htf_aligned_short,atr_trail_2x,no,30,0.3333333333333333,-1.3264733333333334,-39.794200000000004
po3_htf_aligned_short,atr_trail_2x,no_data,2,0.5,11.1298,22.2596
po3_htf_aligned_short,atr_trail_2x,yes,14,0.42857142857142855,2.195135714285714,30.7319
po3_htf_aligned_short,atr_trail_mae_conditional,no,30,0.2,-3.72601,-111.7803
po3_htf_aligned_short,atr_trail_mae_conditional,no_data,2,0.5,0.17545000000000144,0.3509000000000029
po3_htf_aligned_short,atr_trail_mae_conditional,yes,14,0.2857142857142857,-1.7580285714285715,-24.6124
po3_htf_aligned_short,atr_trail_vix_conditional,no,30,0.26666666666666666,-5.101186666666666,-153.0356
po3_htf_aligned_short,atr_trail_vix_conditional,no_data,2,1.0,15.909849999999999,31.819699999999997
po3_htf_aligned_short,atr_trail_vix_conditional,yes,14,0.35714285714285715,0.0324928571428571,0.4548999999999994
po3_htf_aligned_short,break_even_at_1r,no,30,0.16666666666666666,-4.26972,-128.0916
po3_htf_aligned_short,break_even_at_1r,no_data,2,0.5,-0.25789999999999935,-0.5157999999999987
po3_htf_aligned_short,break_even_at_1r,yes,14,0.2857142857142857,0.2061285714285714,2.8857999999999997
po3_htf_aligned_short,breakeven_plus_trail,no,30,0.5333333333333333,3.25815,97.7445
po3_htf_aligned_short,breakeven_plus_trail,no_data,2,1.0,23.275,46.55
po3_htf_aligned_short,breakeven_plus_trail,yes,14,0.5,5.5783,78.0962
po3_htf_aligned_short,chandelier_3x,no,30,0.16666666666666666,-4.22957,-126.8871
po3_htf_aligned_short,chandelier_3x,no_data,2,0.0,-0.7173,-1.4346
po3_htf_aligned_short,chandelier_3x,yes,14,0.35714285714285715,2.1634999999999995,30.288999999999994
po3_htf_aligned_short,class_time_stop,no,30,0.4666666666666667,-1.1394499999999999,-34.183499999999995
po3_htf_aligned_short,class_time_stop,no_data,2,0.5,10.9285,21.857
po3_htf_aligned_short,class_time_stop,yes,14,0.6428571428571429,5.310528571428572,74.34740000000001
po3_htf_aligned_short,earnings_blackout,no,30,0.4666666666666667,-7.574830000000001,-227.24490000000003
po3_htf_aligned_short,earnings_blackout,no_data,2,1.0,16.22195,32.4439
po3_htf_aligned_short,earnings_blackout,yes,14,0.6428571428571429,3.1865,44.611000000000004
po3_htf_aligned_short,fixed_4r_2r,no,30,0.36666666666666664,1.5553166666666667,46.6595
po3_htf_aligned_short,fixed_4r_2r,no_data,2,1.0,51.98395,103.9679
po3_htf_aligned_short,fixed_4r_2r,yes,14,0.5714285714285714,8.439121428571429,118.14770000000001
po3_htf_aligned_short,hybrid_50pct_target,no,30,0.8333333333333334,10.519153333333332,315.5746
po3_htf_aligned_short,hybrid_50pct_target,no_data,2,1.0,36.41135,72.8227
po3_htf_aligned_short,hybrid_50pct_target,yes,14,0.8571428571428571,7.056292857142857,98.7881
po3_htf_aligned_short,ma_exit_ema9,no,30,0.3333333333333333,-2.2742966666666664,-68.2289
po3_htf_aligned_short,ma_exit_ema9,no_data,2,0.0,-5.92375,-11.8475
po3_htf_aligned_short,ma_exit_ema9,yes,14,0.5,0.9043928571428571,12.6615
po3_htf_aligned_short,mfe_lockin_trail,no,30,0.2,-3.5656766666666666,-106.9703
po3_htf_aligned_short,mfe_lockin_trail,no_data,2,0.5,-2.779049999999999,-5.558099999999998
po3_htf_aligned_short,mfe_lockin_trail,yes,14,0.2857142857142857,-1.7541357142857144,-24.5579
po3_htf_aligned_short,multi_tier_partial,no,30,0.26666666666666666,-3.3728333333333333,-101.185
po3_htf_aligned_short,multi_tier_partial,no_data,2,0.5,-2.287349999999999,-4.574699999999998
po3_htf_aligned_short,multi_tier_partial,yes,14,0.2857142857142857,-1.6502071428571428,-23.102899999999998
po3_htf_aligned_short,next_pivot_target,no,30,0.5,-3.7662633333333333,-112.9879
po3_htf_aligned_short,next_pivot_target,no_data,2,0.5,-4.8751,-9.7502
po3_htf_aligned_short,next_pivot_target,yes,14,0.8571428571428571,2.2600357142857144,31.6405
po3_htf_aligned_short,r_multiple_2r,no,30,0.2,-3.2323000000000004,-96.96900000000001
po3_htf_aligned_short,r_multiple_2r,no_data,2,0.5,-1.623949999999999,-3.247899999999998
po3_htf_aligned_short,r_multiple_2r,yes,14,0.5,2.5630428571428574,35.882600000000004
po3_htf_aligned_short,r_multiple_3r,no,30,0.13333333333333333,-4.28553,-128.5659
po3_htf_aligned_short,r_multiple_3r,no_data,2,0.5,2.1656000000000013,4.331200000000003
po3_htf_aligned_short,r_multiple_3r,yes,14,0.35714285714285715,2.1763714285714286,30.4692
po3_htf_aligned_short,regime_flip,no,30,0.5,-0.6401933333333332,-19.205799999999996
po3_htf_aligned_short,regime_flip,no_data,2,1.0,21.68335,43.3667
po3_htf_aligned_short,regime_flip,yes,14,0.6428571428571429,2.2841428571428573,31.978
po3_htf_aligned_short,reverse_signal,no,30,0.2,-3.72601,-111.7803
po3_htf_aligned_short,reverse_signal,no_data,2,0.5,0.17545000000000144,0.3509000000000029
po3_htf_aligned_short,reverse_signal,yes,14,0.2857142857142857,-1.7580285714285715,-24.6124
po3_htf_aligned_short,smc_mitigation_zone,no,30,0.2,-3.72601,-111.7803
po3_htf_aligned_short,smc_mitigation_zone,no_data,2,0.5,0.17545000000000144,0.3509000000000029
po3_htf_aligned_short,smc_mitigation_zone,yes,14,0.2857142857142857,-1.7580285714285715,-24.6124
po3_htf_aligned_short,time_stop_10d,no,30,0.4666666666666667,-0.9185533333333334,-27.556600000000003
po3_htf_aligned_short,time_stop_10d,no_data,2,1.0,21.1015,42.203
po3_htf_aligned_short,time_stop_10d,yes,14,0.7142857142857143,3.009664285714286,42.1353
po3_htf_aligned_short,time_stop_20d,no,30,0.5,-0.6401933333333332,-19.205799999999996
po3_htf_aligned_short,time_stop_20d,no_data,2,1.0,21.68335,43.3667
po3_htf_aligned_short,time_stop_20d,yes,14,0.6428571428571429,2.2841428571428573,31.978
po3_htf_aligned_short,trailing_10pct,no,30,0.16666666666666666,-5.506376666666667,-165.1913
po3_htf_aligned_short,trailing_10pct,no_data,2,0.5,3.9452,7.8904
po3_htf_aligned_short,trailing_10pct,yes,14,0.5,1.1992785714285714,16.7899
po3_htf_aligned_short,trailing_15pct,no,30,0.23333333333333334,-6.608053333333333,-198.2416
po3_htf_aligned_short,trailing_15pct,no_data,2,0.5,7.086449999999999,14.172899999999998
po3_htf_aligned_short,trailing_15pct,yes,14,0.5714285714285714,2.8432357142857145,39.8053
po3_htf_aligned_short,trailing_5pct,no,30,0.1,-3.1270000000000002,-93.81
po3_htf_aligned_short,trailing_5pct,no_data,2,0.0,-3.1836,-6.3672
po3_htf_aligned_short,trailing_5pct,yes,14,0.5,0.5458999999999998,7.642599999999998
ppo_crossover,atr_trail_1x,no,34,0.23529411764705882,-3.232870588235294,-109.9176
ppo_crossover,atr_trail_1x,no_data,2,0.5,-0.08404999999999996,-0.16809999999999992
ppo_crossover,atr_trail_1x,yes,30,0.26666666666666666,-1.3105,-39.315
ppo_crossover,atr_trail_2x,no,34,0.2647058823529412,-4.564214705882353,-155.1833
ppo_crossover,atr_trail_2x,no_data,2,0.5,-0.6746999999999999,-1.3493999999999997
ppo_crossover,atr_trail_2x,yes,30,0.4,1.1923366666666664,35.77009999999999
ppo_crossover,atr_trail_mae_conditional,no,34,0.23529411764705882,-3.232870588235294,-109.9176
ppo_crossover,atr_trail_mae_conditional,no_data,2,0.5,-0.08404999999999996,-0.16809999999999992
ppo_crossover,atr_trail_mae_conditional,yes,30,0.26666666666666666,-1.3105,-39.315
ppo_crossover,atr_trail_vix_conditional,no,34,0.17647058823529413,-4.0146235294117645,-136.4972
ppo_crossover,atr_trail_vix_conditional,no_data,2,0.5,-1.40855,-2.8171
ppo_crossover,atr_trail_vix_conditional,yes,30,0.3,0.2663933333333333,7.991799999999999
ppo_crossover,break_even_at_1r,no,34,0.14705882352941177,-3.6272529411764705,-123.3266
ppo_crossover,break_even_at_1r,no_data,2,0.0,-1.62025,-3.2405
ppo_crossover,break_even_at_1r,yes,30,0.16666666666666666,0.41237333333333315,12.371199999999995
ppo_crossover,breakeven_plus_trail,no,34,0.35294117647058826,-4.430855882352941,-150.6491
ppo_crossover,breakeven_plus_trail,no_data,2,0.5,0.16545,0.3309
ppo_crossover,breakeven_plus_trail,yes,30,0.4666666666666667,10.96274,328.8822
ppo_crossover,chandelier_3x,no,34,0.11764705882352941,0.12969999999999993,4.409799999999998
ppo_crossover,chandelier_3x,no_data,2,0.0,-0.17615,-0.3523
ppo_crossover,chandelier_3x,yes,30,0.06666666666666667,-0.2772866666666667,-8.3186
ppo_crossover,class_time_stop,no,34,0.47058823529411764,-4.114926470588236,-139.9075
ppo_crossover,class_time_stop,no_data,2,0.5,1.1385,2.277
ppo_crossover,class_time_stop,yes,30,0.6,2.256893333333333,67.7068
ppo_crossover,earnings_blackout,no,34,0.4117647058823529,-13.702420588235293,-465.8823
ppo_crossover,earnings_blackout,no_data,2,0.5,-9.7616,-19.5232
ppo_crossover,earnings_blackout,yes,30,0.5333333333333333,4.596279999999999,137.8884
ppo_crossover,fixed_4r_2r,no,34,0.2647058823529412,-5.3094117647058825,-180.52
ppo_crossover,fixed_4r_2r,no_data,2,0.0,-6.6127,-13.2254
ppo_crossover,fixed_4r_2r,yes,30,0.4666666666666667,2.099316666666667,62.97950000000001
ppo_crossover,hybrid_50pct_target,no,34,0.35294117647058826,-33.19833235294118,-1128.7433
ppo_crossover,hybrid_50pct_target,no_data,2,1.0,6.186400000000001,12.372800000000002
ppo_crossover,hybrid_50pct_target,yes,30,0.7,6.556226666666666,196.6868
ppo_crossover,ma_exit_ema9,no,34,0.20588235294117646,-1.971785294117647,-67.0407
ppo_crossover,ma_exit_ema9,no_data,2,0.0,-0.5453,-1.0906
ppo_crossover,ma_exit_ema9,yes,30,0.23333333333333334,1.4305133333333333,42.9154
ppo_crossover,mfe_lockin_trail,no,34,0.23529411764705882,-3.199979411764706,-108.7993
ppo_crossover,mfe_lockin_trail,no_data,2,0.5,1.1464500000000002,2.2929000000000004
ppo_crossover,mfe_lockin_trail,yes,30,0.26666666666666666,-1.4392533333333333,-43.1776
ppo_crossover,multi_tier_partial,no,34,0.4117647058823529,-1.9972617647058826,-67.90690000000001
ppo_crossover,multi_tier_partial,no_data,2,0.5,0.4978500000000001,0.9957000000000003
ppo_crossover,multi_tier_partial,yes,30,0.36666666666666664,-0.71632,-21.4896
ppo_crossover,next_pivot_target,no,34,0.5588235294117647,-3.5621911764705882,-121.1145
ppo_crossover,next_pivot_target,no_data,2,1.0,1.2524,2.5048
ppo_crossover,next_pivot_target,yes,30,0.7666666666666667,0.46471,13.9413
ppo_crossover,r_multiple_2r,no,34,0.2647058823529412,-2.7444823529411764,-93.3124
ppo_crossover,r_multiple_2r,no_data,2,0.5,2.2865,4.573
ppo_crossover,r_multiple_2r,yes,30,0.3333333333333333,-1.8771333333333333,-56.314
ppo_crossover,r_multiple_3r,no,34,0.23529411764705882,-2.444873529411765,-83.12570000000001
ppo_crossover,r_multiple_3r,no_data,2,0.5,3.2163999999999997,6.432799999999999
ppo_crossover,r_multiple_3r,yes,30,0.26666666666666666,-1.1097533333333331,-33.29259999999999
ppo_crossover,regime_flip,no,34,0.47058823529411764,-5.8277970588235295,-198.1451
ppo_crossover,regime_flip,no_data,2,0.5,3.5667,7.1334
ppo_crossover,regime_flip,yes,30,0.5,1.7184899999999999,51.5547
ppo_crossover,reverse_signal,no,34,0.23529411764705882,-3.232870588235294,-109.9176
ppo_crossover,reverse_signal,no_data,2,0.5,-0.08404999999999996,-0.16809999999999992
ppo_crossover,reverse_signal,yes,30,0.26666666666666666,-1.3105,-39.315
ppo_crossover,smc_mitigation_zone,no,34,0.23529411764705882,-3.232870588235294,-109.9176
ppo_crossover,smc_mitigation_zone,no_data,2,0.5,-0.08404999999999996,-0.16809999999999992
ppo_crossover,smc_mitigation_zone,yes,30,0.26666666666666666,-1.3105,-39.315
ppo_crossover,time_stop_10d,no,34,0.4117647058823529,-2.512508823529412,-85.42530000000001
ppo_crossover,time_stop_10d,no_data,2,0.5,0.5257000000000001,1.0514000000000001
ppo_crossover,time_stop_10d,yes,30,0.5666666666666667,1.0816766666666666,32.4503
ppo_crossover,time_stop_20d,no,34,0.47058823529411764,-5.8277970588235295,-198.1451
ppo_crossover,time_stop_20d,no_data,2,0.5,3.5667,7.1334
ppo_crossover,time_stop_20d,yes,30,0.5,1.7184899999999999,51.5547
ppo_crossover,trailing_10pct,no,34,0.17647058823529413,-4.344958823529412,-147.7286
ppo_crossover,trailing_10pct,no_data,2,1.0,2.6754499999999997,5.350899999999999
ppo_crossover,trailing_10pct,yes,30,0.43333333333333335,3.236953333333333,97.1086
ppo_crossover,trailing_15pct,no,34,0.14705882352941177,-7.220670588235294,-245.5028
ppo_crossover,trailing_15pct,no_data,2,0.0,-2.50695,-5.0139
ppo_crossover,trailing_15pct,yes,30,0.43333333333333335,3.5818399999999997,107.45519999999999
ppo_crossover,trailing_5pct,no,34,0.23529411764705882,-1.2951029411764707,-44.033500000000004
ppo_crossover,trailing_5pct,no_data,2,0.5,-1.2908999999999997,-2.5817999999999994
ppo_crossover,trailing_5pct,yes,30,0.36666666666666664,0.3853966666666667,11.561900000000001
pre_fomc_long_sleeve,atr_trail_1x,no,21,0.09523809523809523,-5.615871428571428,-117.9333
pre_fomc_long_sleeve,atr_trail_1x,yes,28,0.17857142857142858,-2.810660714285714,-78.6985
pre_fomc_long_sleeve,atr_trail_2x,no,21,0.14285714285714285,-9.475957142857144,-198.9951
pre_fomc_long_sleeve,atr_trail_2x,yes,28,0.39285714285714285,2.7930357142857143,78.205
pre_fomc_long_sleeve,atr_trail_mae_conditional,no,21,0.09523809523809523,-5.615871428571428,-117.9333
pre_fomc_long_sleeve,atr_trail_mae_conditional,yes,28,0.17857142857142858,-2.810660714285714,-78.6985
pre_fomc_long_sleeve,atr_trail_vix_conditional,no,21,0.047619047619047616,-6.800495238095239,-142.81040000000002
pre_fomc_long_sleeve,atr_trail_vix_conditional,yes,28,0.10714285714285714,-2.6172785714285713,-73.2838
pre_fomc_long_sleeve,break_even_at_1r,no,21,0.0,-5.846152380952381,-122.7692
pre_fomc_long_sleeve,break_even_at_1r,yes,28,0.10714285714285714,-2.372360714285714,-66.42609999999999
pre_fomc_long_sleeve,breakeven_plus_trail,no,21,0.14285714285714285,-1.0831190476190475,-22.745499999999996
pre_fomc_long_sleeve,breakeven_plus_trail,yes,28,0.5357142857142857,7.831821428571429,219.291
pre_fomc_long_sleeve,chandelier_3x,no,21,0.047619047619047616,-3.5836095238095242,-75.25580000000001
pre_fomc_long_sleeve,chandelier_3x,yes,28,0.2857142857142857,5.704807142857143,159.7346
pre_fomc_long_sleeve,class_time_stop,no,21,0.42857142857142855,4.951628571428572,103.98420000000002
pre_fomc_long_sleeve,class_time_stop,yes,28,0.6428571428571429,9.296089285714286,260.2905
pre_fomc_long_sleeve,earnings_blackout,no,21,0.5238095238095238,12.08147142857143,253.7109
pre_fomc_long_sleeve,earnings_blackout,yes,28,0.4642857142857143,5.91455,165.6074
pre_fomc_long_sleeve,fixed_4r_2r,no,21,0.14285714285714285,-10.883866666666666,-228.56119999999999
pre_fomc_long_sleeve,fixed_4r_2r,yes,28,0.6071428571428571,9.451003571428572,264.6281
pre_fomc_long_sleeve,hybrid_50pct_target,no,21,0.23809523809523808,-3.917957142857143,-82.2771
pre_fomc_long_sleeve,hybrid_50pct_target,yes,28,0.7142857142857143,6.491507142857143,181.7622
pre_fomc_long_sleeve,ma_exit_ema9,no,21,0.09523809523809523,-4.7491666666666665,-99.7325
pre_fomc_long_sleeve,ma_exit_ema9,yes,28,0.32142857142857145,-0.6704464285714286,-18.7725
pre_fomc_long_sleeve,mfe_lockin_trail,no,21,0.09523809523809523,-5.615871428571428,-117.9333
pre_fomc_long_sleeve,mfe_lockin_trail,yes,28,0.17857142857142858,-2.7021,-75.6588
pre_fomc_long_sleeve,multi_tier_partial,no,21,0.19047619047619047,-5.055704761904762,-106.1698
pre_fomc_long_sleeve,multi_tier_partial,yes,28,0.42857142857142855,-1.4328857142857143,-40.1208
pre_fomc_long_sleeve,next_pivot_target,no,21,0.42857142857142855,-5.845790476190476,-122.7616
pre_fomc_long_sleeve,next_pivot_target,yes,28,0.8214285714285714,1.902264285714286,53.263400000000004
pre_fomc_long_sleeve,r_multiple_2r,no,21,0.047619047619047616,-6.161604761904762,-129.3937
pre_fomc_long_sleeve,r_multiple_2r,yes,28,0.32142857142857145,0.06971428571428566,1.9519999999999986
pre_fomc_long_sleeve,r_multiple_3r,no,21,0.0,-6.7472666666666665,-141.6926
pre_fomc_long_sleeve,r_multiple_3r,yes,28,0.21428571428571427,-0.29707857142857125,-8.318199999999996
pre_fomc_long_sleeve,regime_flip,no,21,0.3333333333333333,-0.2201142857142854,-4.622399999999994
pre_fomc_long_sleeve,regime_flip,yes,28,0.7142857142857143,10.032767857142858,280.9175
pre_fomc_long_sleeve,reverse_signal,no,21,0.09523809523809523,-5.615871428571428,-117.9333
pre_fomc_long_sleeve,reverse_signal,yes,28,0.17857142857142858,-2.810660714285714,-78.6985
pre_fomc_long_sleeve,smc_mitigation_zone,no,21,0.09523809523809523,-5.615871428571428,-117.9333
pre_fomc_long_sleeve,smc_mitigation_zone,yes,28,0.17857142857142858,-2.810660714285714,-78.6985
pre_fomc_long_sleeve,time_stop_10d,no,21,0.3333333333333333,-8.113509523809524,-170.3837
pre_fomc_long_sleeve,time_stop_10d,yes,28,0.6428571428571429,3.0283071428571424,84.7926
pre_fomc_long_sleeve,time_stop_20d,no,21,0.3333333333333333,-0.2201142857142854,-4.622399999999994
pre_fomc_long_sleeve,time_stop_20d,yes,28,0.7142857142857143,10.032767857142858,280.9175
pre_fomc_long_sleeve,trailing_10pct,no,21,0.14285714285714285,-3.547052380952381,-74.4881
pre_fomc_long_sleeve,trailing_10pct,yes,28,0.32142857142857145,-1.2328107142857143,-34.5187
pre_fomc_long_sleeve,trailing_15pct,no,21,0.3333333333333333,4.072795238095238,85.5287
pre_fomc_long_sleeve,trailing_15pct,yes,28,0.6071428571428571,9.473785714285714,265.266
pre_fomc_long_sleeve,trailing_5pct,no,21,0.09523809523809523,-3.615909523809524,-75.9341
pre_fomc_long_sleeve,trailing_5pct,yes,28,0.14285714285714285,-2.518425,-70.5159
prev_day_high_break,atr_trail_1x,no,6,0.16666666666666666,-3.85085,-23.1051
prev_day_high_break,atr_trail_1x,yes,14,0.21428571428571427,-0.09815714285714286,-1.3742
prev_day_high_break,atr_trail_2x,no,6,0.5,-1.3990666666666662,-8.394399999999997
prev_day_high_break,atr_trail_2x,yes,14,0.42857142857142855,-1.1809428571428573,-16.5332
prev_day_high_break,atr_trail_mae_conditional,no,6,0.16666666666666666,-3.85085,-23.1051
prev_day_high_break,atr_trail_mae_conditional,yes,14,0.21428571428571427,-0.09815714285714286,-1.3742
prev_day_high_break,atr_trail_vix_conditional,no,6,0.16666666666666666,-2.8992000000000004,-17.395200000000003
prev_day_high_break,atr_trail_vix_conditional,yes,14,0.2857142857142857,-0.037849999999999974,-0.5298999999999996
prev_day_high_break,break_even_at_1r,no,6,0.0,-5.470383333333333,-32.8223
prev_day_high_break,break_even_at_1r,yes,14,0.14285714285714285,-1.0574214285714285,-14.803899999999999
prev_day_high_break,breakeven_plus_trail,no,6,0.6666666666666666,0.195333333333333,1.171999999999998
prev_day_high_break,breakeven_plus_trail,yes,14,0.35714285714285715,-2.44575,-34.2405
prev_day_high_break,chandelier_3x,no,6,0.16666666666666666,-3.0783666666666663,-18.4702
prev_day_high_break,chandelier_3x,yes,14,0.21428571428571427,-0.8575785714285713,-12.006099999999998
prev_day_high_break,class_time_stop,no,6,0.16666666666666666,-4.837833333333333,-29.027
prev_day_high_break,class_time_stop,yes,14,0.2857142857142857,-5.278764285714287,-73.90270000000001
prev_day_high_break,earnings_blackout,no,6,0.5,-19.797266666666665,-118.78359999999999
prev_day_high_break,earnings_blackout,yes,14,0.21428571428571427,-7.758457142857144,-108.61840000000001
prev_day_high_break,fixed_4r_2r,no,6,0.5,2.0375666666666667,12.2254
prev_day_high_break,fixed_4r_2r,yes,14,0.21428571428571427,-2.84665,-39.8531
prev_day_high_break,hybrid_50pct_target,no,6,0.5,-30.007400000000004,-180.04440000000002
prev_day_high_break,hybrid_50pct_target,yes,14,0.35714285714285715,-54.65677142857142,-765.1947999999999
prev_day_high_break,ma_exit_ema9,no,6,0.16666666666666666,-1.5197500000000002,-9.118500000000001
prev_day_high_break,ma_exit_ema9,yes,14,0.2857142857142857,-0.5229142857142857,-7.320799999999999
prev_day_high_break,mfe_lockin_trail,no,6,0.16666666666666666,-4.481,-26.886
prev_day_high_break,mfe_lockin_trail,yes,14,0.21428571428571427,-0.22931428571428578,-3.210400000000001
prev_day_high_break,multi_tier_partial,no,6,0.16666666666666666,-5.314583333333333,-31.8875
prev_day_high_break,multi_tier_partial,yes,14,0.5,0.5152357142857142,7.213299999999999
prev_day_high_break,next_pivot_target,no,6,0.6666666666666666,1.3667833333333335,8.200700000000001
prev_day_high_break,next_pivot_target,yes,14,0.42857142857142855,-2.3053571428571433,-32.275000000000006
prev_day_high_break,r_multiple_2r,no,6,0.16666666666666666,-4.576733333333333,-27.4604
prev_day_high_break,r_multiple_2r,yes,14,0.35714285714285715,0.1847214285714287,2.586100000000002
prev_day_high_break,r_multiple_3r,no,6,0.16666666666666666,-4.150483333333334,-24.902900000000002
prev_day_high_break,r_multiple_3r,yes,14,0.21428571428571427,-0.8421785714285716,-11.790500000000002
prev_day_high_break,regime_flip,no,6,0.6666666666666666,-12.749583333333334,-76.4975
prev_day_high_break,regime_flip,yes,14,0.35714285714285715,-7.663464285714285,-107.2885
prev_day_high_break,reverse_signal,no,6,0.16666666666666666,-3.85085,-23.1051
prev_day_high_break,reverse_signal,yes,14,0.21428571428571427,-0.09815714285714286,-1.3742
prev_day_high_break,smc_mitigation_zone,no,6,0.16666666666666666,-3.85085,-23.1051
prev_day_high_break,smc_mitigation_zone,yes,14,0.21428571428571427,-0.09815714285714286,-1.3742
prev_day_high_break,time_stop_10d,no,6,0.5,-5.8556333333333335,-35.1338
prev_day_high_break,time_stop_10d,yes,14,0.42857142857142855,-4.47395,-62.6353
prev_day_high_break,time_stop_20d,no,6,0.6666666666666666,-12.749583333333334,-76.4975
prev_day_high_break,time_stop_20d,yes,14,0.35714285714285715,-7.663464285714285,-107.2885
prev_day_high_break,trailing_10pct,no,6,0.5,0.044666666666666334,0.267999999999998
prev_day_high_break,trailing_10pct,yes,14,0.35714285714285715,-4.21855,-59.0597
prev_day_high_break,trailing_15pct,no,6,0.16666666666666666,-4.235233333333333,-25.4114
prev_day_high_break,trailing_15pct,yes,14,0.14285714285714285,-9.191271428571428,-128.6778
prev_day_high_break,trailing_5pct,no,6,0.16666666666666666,-4.219533333333334,-25.3172
prev_day_high_break,trailing_5pct,yes,14,0.2857142857142857,-0.7228428571428571,-10.1198
prev_day_low_bounce,atr_trail_1x,no,4,0.0,-1.873325,-7.4933
prev_day_low_bounce,atr_trail_1x,yes,8,0.25,-1.17395,-9.3916
prev_day_low_bounce,atr_trail_2x,no,4,0.0,-4.814674999999999,-19.258699999999997
prev_day_low_bounce,atr_trail_2x,yes,8,0.75,4.065875,32.527
prev_day_low_bounce,atr_trail_mae_conditional,no,4,0.0,-1.873325,-7.4933
prev_day_low_bounce,atr_trail_mae_conditional,yes,8,0.25,-1.17395,-9.3916
prev_day_low_bounce,atr_trail_vix_conditional,no,4,0.0,-1.137975,-4.5519
prev_day_low_bounce,atr_trail_vix_conditional,yes,8,0.5,0.7810874999999999,6.2486999999999995
prev_day_low_bounce,break_even_at_1r,no,4,0.0,-3.1166,-12.4664
prev_day_low_bounce,break_even_at_1r,yes,8,0.125,0.9112749999999998,7.290199999999999
prev_day_low_bounce,breakeven_plus_trail,no,4,0.0,-6.0221,-24.0884
prev_day_low_bounce,breakeven_plus_trail,yes,8,0.5,2.3981874999999997,19.185499999999998
prev_day_low_bounce,chandelier_3x,no,4,0.0,-4.17,-16.68
prev_day_low_bounce,chandelier_3x,yes,8,0.5,1.6110374999999997,12.888299999999997
prev_day_low_bounce,class_time_stop,no,4,0.0,-4.91955,-19.6782
prev_day_low_bounce,class_time_stop,yes,8,0.375,1.1057874999999997,8.846299999999998
prev_day_low_bounce,earnings_blackout,no,4,0.25,-11.37565,-45.5026
prev_day_low_bounce,earnings_blackout,yes,8,0.625,9.3983125,75.1865
prev_day_low_bounce,fixed_4r_2r,no,4,0.0,-6.1751000000000005,-24.700400000000002
prev_day_low_bounce,fixed_4r_2r,yes,8,0.75,9.5252625,76.2021
prev_day_low_bounce,hybrid_50pct_target,no,4,0.0,-10.0,-40.0
prev_day_low_bounce,hybrid_50pct_target,yes,8,0.75,6.9641875,55.7135
prev_day_low_bounce,ma_exit_ema9,no,4,0.0,-2.2098750000000003,-8.839500000000001
prev_day_low_bounce,ma_exit_ema9,yes,8,0.25,1.4084374999999998,11.267499999999998
prev_day_low_bounce,mfe_lockin_trail,no,4,0.0,-1.873325,-7.4933
prev_day_low_bounce,mfe_lockin_trail,yes,8,0.25,-1.0101125,-8.0809
prev_day_low_bounce,multi_tier_partial,no,4,0.0,-1.873325,-7.4933
prev_day_low_bounce,multi_tier_partial,yes,8,0.25,-1.0124625,-8.0997
prev_day_low_bounce,next_pivot_target,no,4,0.5,-3.8879,-15.5516
prev_day_low_bounce,next_pivot_target,yes,8,0.875,0.4799,3.8392
prev_day_low_bounce,r_multiple_2r,no,4,0.0,-3.1166,-12.4664
prev_day_low_bounce,r_multiple_2r,yes,8,0.5,1.6080999999999999,12.864799999999999
prev_day_low_bounce,r_multiple_3r,no,4,0.0,-3.1166,-12.4664
prev_day_low_bounce,r_multiple_3r,yes,8,0.375,0.8835124999999997,7.068099999999998
prev_day_low_bounce,regime_flip,no,4,0.25,-7.679775,-30.7191
prev_day_low_bounce,regime_flip,yes,8,0.875,6.2865125,50.2921
prev_day_low_bounce,reverse_signal,no,4,0.0,-1.873325,-7.4933
prev_day_low_bounce,reverse_signal,yes,8,0.25,-1.17395,-9.3916
prev_day_low_bounce,smc_mitigation_zone,no,4,0.0,-1.873325,-7.4933
prev_day_low_bounce,smc_mitigation_zone,yes,8,0.25,-1.17395,-9.3916
prev_day_low_bounce,time_stop_10d,no,4,0.0,-8.851825,-35.4073
prev_day_low_bounce,time_stop_10d,yes,8,0.75,2.3316,18.6528
prev_day_low_bounce,time_stop_20d,no,4,0.25,-7.679775,-30.7191
prev_day_low_bounce,time_stop_20d,yes,8,0.875,6.2865125,50.2921
prev_day_low_bounce,trailing_10pct,no,4,0.0,-8.98045,-35.9218
prev_day_low_bounce,trailing_10pct,yes,8,0.75,6.6236,52.9888
prev_day_low_bounce,trailing_15pct,no,4,0.0,-11.835075,-47.3403
prev_day_low_bounce,trailing_15pct,yes,8,0.5,3.5154124999999996,28.123299999999997
prev_day_low_bounce,trailing_5pct,no,4,0.0,-3.9890250000000003,-15.956100000000001
prev_day_low_bounce,trailing_5pct,yes,8,0.375,0.38874999999999993,3.1099999999999994
r1_break_retest,atr_trail_1x,no,8,0.375,-0.971,-7.768
r1_break_retest,atr_trail_1x,no_data,4,0.75,4.158125,16.6325
r1_break_retest,atr_trail_1x,yes,12,0.16666666666666666,-1.344625,-16.1355
r1_break_retest,atr_trail_2x,no,8,0.375,-3.981725,-31.8538
r1_break_retest,atr_trail_2x,no_data,4,0.5,-0.05242500000000011,-0.20970000000000044
r1_break_retest,atr_trail_2x,yes,12,0.25,-2.86025,-34.323
r1_break_retest,atr_trail_mae_conditional,no,8,0.375,-0.971,-7.768
r1_break_retest,atr_trail_mae_conditional,no_data,4,0.75,4.158125,16.6325
r1_break_retest,atr_trail_mae_conditional,yes,12,0.16666666666666666,-1.344625,-16.1355
r1_break_retest,atr_trail_vix_conditional,no,8,0.375,-1.4296125,-11.4369
r1_break_retest,atr_trail_vix_conditional,no_data,4,0.5,3.97335,15.8934
r1_break_retest,atr_trail_vix_conditional,yes,12,0.08333333333333333,-3.3678666666666666,-40.4144
r1_break_retest,break_even_at_1r,no,8,0.125,-1.77955,-14.2364
r1_break_retest,break_even_at_1r,no_data,4,0.5,1.3599,5.4396
r1_break_retest,break_even_at_1r,yes,12,0.0,-3.396225,-40.7547
r1_break_retest,breakeven_plus_trail,no,8,0.125,-4.90705,-39.2564
r1_break_retest,breakeven_plus_trail,no_data,4,0.5,3.421175,13.6847
r1_break_retest,breakeven_plus_trail,yes,12,0.08333333333333333,-1.7711750000000002,-21.2541
r1_break_retest,chandelier_3x,no,8,0.25,-3.46685,-27.7348
r1_break_retest,chandelier_3x,no_data,4,0.25,-3.146125,-12.5845
r1_break_retest,chandelier_3x,yes,12,0.16666666666666666,-4.4924333333333335,-53.9092
r1_break_retest,class_time_stop,no,8,0.375,-3.6104125000000002,-28.883300000000002
r1_break_retest,class_time_stop,no_data,4,0.75,5.56135,22.2454
r1_break_retest,class_time_stop,yes,12,0.4166666666666667,1.2640083333333332,15.168099999999999
r1_break_retest,earnings_blackout,no,8,0.25,-12.7499875,-101.9999
r1_break_retest,earnings_blackout,no_data,4,0.5,7.333825000000001,29.335300000000004
r1_break_retest,earnings_blackout,yes,12,0.5,-9.702375,-116.4285
r1_break_retest,fixed_4r_2r,no,8,0.125,-6.481225,-51.8498
r1_break_retest,fixed_4r_2r,no_data,4,0.25,-3.108175,-12.4327
r1_break_retest,fixed_4r_2r,yes,12,0.08333333333333333,-5.123449999999999,-61.481399999999994
r1_break_retest,hybrid_50pct_target,no,8,0.125,-8.5181375,-68.1451
r1_break_retest,hybrid_50pct_target,no_data,4,0.5,-0.35622500000000024,-1.424900000000001
r1_break_retest,hybrid_50pct_target,yes,12,0.25,-5.234083333333333,-62.809
r1_break_retest,ma_exit_ema9,no,8,0.375,-1.5126249999999999,-12.100999999999999
r1_break_retest,ma_exit_ema9,no_data,4,0.5,1.132975,4.5319
r1_break_retest,ma_exit_ema9,yes,12,0.3333333333333333,0.16243333333333335,1.9492000000000003
r1_break_retest,mfe_lockin_trail,no,8,0.375,-1.038075,-8.3046
r1_break_retest,mfe_lockin_trail,no_data,4,0.75,4.819475000000001,19.277900000000002
r1_break_retest,mfe_lockin_trail,yes,12,0.16666666666666666,-1.344625,-16.1355
r1_break_retest,multi_tier_partial,no,8,0.625,-0.5301000000000001,-4.240800000000001
r1_break_retest,multi_tier_partial,no_data,4,0.75,2.69275,10.771
r1_break_retest,multi_tier_partial,yes,12,0.5833333333333334,-0.33819166666666667,-4.0583
r1_break_retest,next_pivot_target,no,8,0.5,-4.035875,-32.287
r1_break_retest,next_pivot_target,no_data,4,0.75,2.1620250000000003,8.648100000000001
r1_break_retest,next_pivot_target,yes,12,0.5,-2.51995,-30.2394
r1_break_retest,r_multiple_2r,no,8,0.5,-0.8118875000000001,-6.495100000000001
r1_break_retest,r_multiple_2r,no_data,4,0.75,6.6575500000000005,26.630200000000002
r1_break_retest,r_multiple_2r,yes,12,0.25,-2.2146,-26.5752
r1_break_retest,r_multiple_3r,no,8,0.125,-3.17315,-25.3852
r1_break_retest,r_multiple_3r,no_data,4,0.25,-0.6467999999999998,-2.5871999999999993
r1_break_retest,r_multiple_3r,yes,12,0.25,-1.248375,-14.9805
r1_break_retest,regime_flip,no,8,0.25,-8.4609375,-67.6875
r1_break_retest,regime_flip,no_data,4,0.5,1.2622499999999997,5.048999999999999
r1_break_retest,regime_flip,yes,12,0.3333333333333333,-4.96595,-59.5914
r1_break_retest,reverse_signal,no,8,0.375,-0.971,-7.768
r1_break_retest,reverse_signal,no_data,4,0.75,4.158125,16.6325
r1_break_retest,reverse_signal,yes,12,0.16666666666666666,-1.344625,-16.1355
r1_break_retest,smc_mitigation_zone,no,8,0.375,-0.971,-7.768
r1_break_retest,smc_mitigation_zone,no_data,4,0.75,4.158125,16.6325
r1_break_retest,smc_mitigation_zone,yes,12,0.16666666666666666,-1.344625,-16.1355
r1_break_retest,time_stop_10d,no,8,0.375,-3.5258,-28.2064
r1_break_retest,time_stop_10d,no_data,4,0.75,3.323225,13.2929
r1_break_retest,time_stop_10d,yes,12,0.4166666666666667,-2.7137166666666666,-32.5646
r1_break_retest,time_stop_20d,no,8,0.25,-8.4609375,-67.6875
r1_break_retest,time_stop_20d,no_data,4,0.5,1.2622499999999997,5.048999999999999
r1_break_retest,time_stop_20d,yes,12,0.3333333333333333,-4.96595,-59.5914
r1_break_retest,trailing_10pct,no,8,0.125,-6.2819375,-50.2555
r1_break_retest,trailing_10pct,no_data,4,0.5,-0.48419999999999996,-1.9367999999999999
r1_break_retest,trailing_10pct,yes,12,0.08333333333333333,-6.166408333333333,-73.9969
r1_break_retest,trailing_15pct,no,8,0.25,-6.158,-49.264
r1_break_retest,trailing_15pct,no_data,4,0.25,-6.012875,-24.0515
r1_break_retest,trailing_15pct,yes,12,0.16666666666666666,-5.387166666666666,-64.646
r1_break_retest,trailing_5pct,no,8,0.25,-2.600975,-20.8078
r1_break_retest,trailing_5pct,no_data,4,0.5,2.2695,9.078
r1_break_retest,trailing_5pct,yes,12,0.16666666666666666,-3.72415,-44.6898
risk_off_bond_equity_short,atr_trail_1x,no,12,0.08333333333333333,-3.713791666666667,-44.5655
risk_off_bond_equity_short,atr_trail_1x,no_data,5,0.6,-2.33118,-11.655899999999999
risk_off_bond_equity_short,atr_trail_1x,yes,16,0.125,0.2153437499999998,3.445499999999997
risk_off_bond_equity_short,atr_trail_2x,no,12,0.16666666666666666,-5.57845,-66.9414
risk_off_bond_equity_short,atr_trail_2x,no_data,5,0.2,-4.2275599999999995,-21.1378
risk_off_bond_equity_short,atr_trail_2x,yes,16,0.3125,-0.61650625,-9.8641
risk_off_bond_equity_short,atr_trail_mae_conditional,no,12,0.08333333333333333,-3.713791666666667,-44.5655
risk_off_bond_equity_short,atr_trail_mae_conditional,no_data,5,0.6,-2.33118,-11.655899999999999
risk_off_bond_equity_short,atr_trail_mae_conditional,yes,16,0.125,0.2153437499999998,3.445499999999997
risk_off_bond_equity_short,atr_trail_vix_conditional,no,12,0.16666666666666666,-3.788641666666667,-45.4637
risk_off_bond_equity_short,atr_trail_vix_conditional,no_data,5,0.2,-4.22662,-21.1331
risk_off_bond_equity_short,atr_trail_vix_conditional,yes,16,0.3125,1.1114249999999997,17.782799999999995
risk_off_bond_equity_short,break_even_at_1r,no,12,0.16666666666666666,-3.4282750000000006,-41.139300000000006
risk_off_bond_equity_short,break_even_at_1r,no_data,5,0.0,-3.49636,-17.4818
risk_off_bond_equity_short,break_even_at_1r,yes,16,0.0625,0.058924999999999894,0.9427999999999983
risk_off_bond_equity_short,breakeven_plus_trail,no,12,0.4166666666666667,4.150983333333333,49.81179999999999
risk_off_bond_equity_short,breakeven_plus_trail,no_data,5,0.2,-3.4147399999999997,-17.0737
risk_off_bond_equity_short,breakeven_plus_trail,yes,16,0.25,2.2486875,35.979
risk_off_bond_equity_short,chandelier_3x,no,12,0.0,-3.865225,-46.3827
risk_off_bond_equity_short,chandelier_3x,no_data,5,0.0,-4.74432,-23.7216
risk_off_bond_equity_short,chandelier_3x,yes,16,0.1875,1.680775,26.8924
risk_off_bond_equity_short,class_time_stop,no,12,0.5833333333333334,2.2190249999999985,26.62829999999998
risk_off_bond_equity_short,class_time_stop,no_data,5,0.2,-6.51634,-32.5817
risk_off_bond_equity_short,class_time_stop,yes,16,0.5625,-14.3009,-228.8144
risk_off_bond_equity_short,earnings_blackout,no,12,0.4166666666666667,-28.441783333333333,-341.3014
risk_off_bond_equity_short,earnings_blackout,no_data,5,0.2,-10.22534,-51.1267
risk_off_bond_equity_short,earnings_blackout,yes,16,0.4375,-4.85874375,-77.7399
risk_off_bond_equity_short,fixed_4r_2r,no,12,0.25,0.015266666666666614,0.18319999999999936
risk_off_bond_equity_short,fixed_4r_2r,no_data,5,0.4,-2.1673999999999998,-10.836999999999998
risk_off_bond_equity_short,fixed_4r_2r,yes,16,0.3125,2.6602500000000004,42.56400000000001
risk_off_bond_equity_short,hybrid_50pct_target,no,12,0.6666666666666666,-35.82471666666667,-429.8966
risk_off_bond_equity_short,hybrid_50pct_target,no_data,5,0.8,2.69212,13.4606
risk_off_bond_equity_short,hybrid_50pct_target,yes,16,0.9375,-52.132931250000006,-834.1269000000001
risk_off_bond_equity_short,ma_exit_ema9,no,12,0.08333333333333333,-2.4600833333333334,-29.521
risk_off_bond_equity_short,ma_exit_ema9,no_data,5,0.4,-2.30722,-11.5361
risk_off_bond_equity_short,ma_exit_ema9,yes,16,0.375,1.5537375,24.8598
risk_off_bond_equity_short,mfe_lockin_trail,no,12,0.08333333333333333,-3.7002,-44.4024
risk_off_bond_equity_short,mfe_lockin_trail,no_data,5,0.6,-2.33118,-11.655899999999999
risk_off_bond_equity_short,mfe_lockin_trail,yes,16,0.125,0.031993749999999904,0.5118999999999985
risk_off_bond_equity_short,multi_tier_partial,no,12,0.08333333333333333,-4.055383333333333,-48.6646
risk_off_bond_equity_short,multi_tier_partial,no_data,5,0.6,-1.62058,-8.1029
risk_off_bond_equity_short,multi_tier_partial,yes,16,0.4375,0.8952125000000001,14.323400000000001
risk_off_bond_equity_short,next_pivot_target,no,12,0.5833333333333334,-1.3382666666666665,-16.059199999999997
risk_off_bond_equity_short,next_pivot_target,no_data,5,0.8,0.8425600000000003,4.212800000000001
risk_off_bond_equity_short,next_pivot_target,yes,16,0.8125,1.128925,18.0628
risk_off_bond_equity_short,r_multiple_2r,no,12,0.25,-1.5630666666666668,-18.756800000000002
risk_off_bond_equity_short,r_multiple_2r,no_data,5,0.4,-0.29144000000000003,-1.4572000000000003
risk_off_bond_equity_short,r_multiple_2r,yes,16,0.4375,3.31138125,52.9821
risk_off_bond_equity_short,r_multiple_3r,no,12,0.16666666666666666,-1.9772333333333334,-23.7268
risk_off_bond_equity_short,r_multiple_3r,no_data,5,0.2,-3.22872,-16.1436
risk_off_bond_equity_short,r_multiple_3r,yes,16,0.25,1.99373125,31.8997
risk_off_bond_equity_short,regime_flip,no,12,0.4166666666666667,1.6510833333333341,19.81300000000001
risk_off_bond_equity_short,regime_flip,no_data,5,0.6,-3.93318,-19.6659
risk_off_bond_equity_short,regime_flip,yes,16,0.375,-0.5522562500000003,-8.836100000000005
risk_off_bond_equity_short,reverse_signal,no,12,0.08333333333333333,-3.713791666666667,-44.5655
risk_off_bond_equity_short,reverse_signal,no_data,5,0.6,-2.33118,-11.655899999999999
risk_off_bond_equity_short,reverse_signal,yes,16,0.125,0.2153437499999998,3.445499999999997
risk_off_bond_equity_short,smc_mitigation_zone,no,12,0.08333333333333333,-3.713791666666667,-44.5655
risk_off_bond_equity_short,smc_mitigation_zone,no_data,5,0.6,-2.33118,-11.655899999999999
risk_off_bond_equity_short,smc_mitigation_zone,yes,16,0.125,0.2153437499999998,3.445499999999997
risk_off_bond_equity_short,time_stop_10d,no,12,0.3333333333333333,-1.2101916666666663,-14.522299999999996
risk_off_bond_equity_short,time_stop_10d,no_data,5,0.6,1.0480399999999999,5.2402
risk_off_bond_equity_short,time_stop_10d,yes,16,0.4375,0.6249062499999998,9.998499999999996
risk_off_bond_equity_short,time_stop_20d,no,12,0.4166666666666667,1.6510833333333341,19.81300000000001
risk_off_bond_equity_short,time_stop_20d,no_data,5,0.6,-3.93318,-19.6659
risk_off_bond_equity_short,time_stop_20d,yes,16,0.375,-0.5522562500000003,-8.836100000000005
risk_off_bond_equity_short,trailing_10pct,no,12,0.16666666666666666,-5.753699999999999,-69.0444
risk_off_bond_equity_short,trailing_10pct,no_data,5,0.2,-3.66914,-18.3457
risk_off_bond_equity_short,trailing_10pct,yes,16,0.3125,-0.53805625,-8.6089
risk_off_bond_equity_short,trailing_15pct,no,12,0.16666666666666666,-8.657058333333334,-103.8847
risk_off_bond_equity_short,trailing_15pct,no_data,5,0.0,-6.962180000000001,-34.810900000000004
risk_off_bond_equity_short,trailing_15pct,yes,16,0.5,5.80833125,92.9333
risk_off_bond_equity_short,trailing_5pct,no,12,0.08333333333333333,-2.5858,-31.0296
risk_off_bond_equity_short,trailing_5pct,no_data,5,0.0,-2.4153200000000004,-12.076600000000001
risk_off_bond_equity_short,trailing_5pct,yes,16,0.125,-1.6833624999999999,-26.933799999999998
roc_burst,atr_trail_1x,no,7,0.14285714285714285,-6.3902,-44.7314
roc_burst,atr_trail_1x,yes,8,0.125,-3.0135125,-24.1081
roc_burst,atr_trail_2x,no,7,0.0,-12.20972857142857,-85.46809999999999
roc_burst,atr_trail_2x,yes,8,0.375,-2.699525,-21.5962
roc_burst,atr_trail_mae_conditional,no,7,0.14285714285714285,-6.3902,-44.7314
roc_burst,atr_trail_mae_conditional,yes,8,0.125,-3.0135125,-24.1081
roc_burst,atr_trail_vix_conditional,no,7,0.0,-7.193257142857143,-50.3528
roc_burst,atr_trail_vix_conditional,yes,8,0.125,-3.8667249999999997,-30.933799999999998
roc_burst,break_even_at_1r,no,7,0.0,-7.568614285714285,-52.9803
roc_burst,break_even_at_1r,yes,8,0.0,-3.0500625,-24.4005
roc_burst,breakeven_plus_trail,no,7,0.14285714285714285,168.99764285714286,1182.9835
roc_burst,breakeven_plus_trail,yes,8,0.5,-0.34714999999999996,-2.7771999999999997
roc_burst,chandelier_3x,no,7,0.0,-9.741357142857144,-68.18950000000001
roc_burst,chandelier_3x,yes,8,0.25,-0.3418750000000002,-2.7350000000000017
roc_burst,class_time_stop,no,7,0.42857142857142855,-4.441585714285714,-31.091099999999997
roc_burst,class_time_stop,yes,8,0.875,4.1621250000000005,33.297000000000004
roc_burst,earnings_blackout,no,7,0.2857142857142857,88.06491428571428,616.4544
roc_burst,earnings_blackout,yes,8,0.375,-0.6340125000000003,-5.0721000000000025
roc_burst,fixed_4r_2r,no,7,0.0,-15.466757142857144,-108.2673
roc_burst,fixed_4r_2r,yes,8,0.625,6.400725,51.2058
roc_burst,hybrid_50pct_target,no,7,0.0,-10.0,-70.0
roc_burst,hybrid_50pct_target,yes,8,0.75,7.393325000000001,59.14660000000001
roc_burst,ma_exit_ema9,no,7,0.0,-4.870800000000001,-34.095600000000005
roc_burst,ma_exit_ema9,yes,8,0.0,-3.8793125,-31.0345
roc_burst,mfe_lockin_trail,no,7,0.14285714285714285,-6.3902,-44.7314
roc_burst,mfe_lockin_trail,yes,8,0.125,-3.0135125,-24.1081
roc_burst,multi_tier_partial,no,7,0.14285714285714285,-6.077671428571428,-42.543699999999994
roc_burst,multi_tier_partial,yes,8,0.375,-2.3468125,-18.7745
roc_burst,next_pivot_target,no,7,0.42857142857142855,-5.976999999999999,-41.839
roc_burst,next_pivot_target,yes,8,0.625,-1.6452000000000002,-13.161600000000002
roc_burst,r_multiple_2r,no,7,0.0,-8.706428571428571,-60.945
roc_burst,r_multiple_2r,yes,8,0.375,0.228425,1.8274
roc_burst,r_multiple_3r,no,7,0.0,-8.706428571428571,-60.945
roc_burst,r_multiple_3r,yes,8,0.375,1.1431875,9.1455
roc_burst,regime_flip,no,7,0.14285714285714285,-7.492157142857144,-52.445100000000004
roc_burst,regime_flip,yes,8,0.625,1.7912750000000004,14.330200000000003
roc_burst,reverse_signal,no,7,0.14285714285714285,-6.3902,-44.7314
roc_burst,reverse_signal,yes,8,0.125,-3.0135125,-24.1081
roc_burst,smc_mitigation_zone,no,7,0.14285714285714285,-6.3902,-44.7314
roc_burst,smc_mitigation_zone,yes,8,0.125,-3.0135125,-24.1081
roc_burst,time_stop_10d,no,7,0.0,-11.712371428571428,-81.9866
roc_burst,time_stop_10d,yes,8,0.5,-1.4710625,-11.7685
roc_burst,time_stop_20d,no,7,0.14285714285714285,-7.492157142857144,-52.445100000000004
roc_burst,time_stop_20d,yes,8,0.625,1.7912750000000004,14.330200000000003
roc_burst,trailing_10pct,no,7,0.0,-7.340985714285714,-51.3869
roc_burst,trailing_10pct,yes,8,0.375,-2.89275,-23.142
roc_burst,trailing_15pct,no,7,0.0,-13.945071428571428,-97.6155
roc_burst,trailing_15pct,yes,8,0.375,8.40115,67.2092
roc_burst,trailing_5pct,no,7,0.14285714285714285,-3.3417285714285714,-23.3921
roc_burst,trailing_5pct,yes,8,0.0,-3.852125,-30.817
squeeze_breakout,atr_trail_1x,no,19,0.10526315789473684,-4.067426315789473,-77.2811
squeeze_breakout,atr_trail_1x,no_data,1,0.0,-1.8943,-1.8943
squeeze_breakout,atr_trail_1x,yes,16,0.25,-2.14993125,-34.3989
squeeze_breakout,atr_trail_2x,no,19,0.2631578947368421,-2.7171421052631586,-51.62570000000001
squeeze_breakout,atr_trail_2x,no_data,1,0.0,-8.6088,-8.6088
squeeze_breakout,atr_trail_2x,yes,16,0.5625,1.2492375,19.9878
squeeze_breakout,atr_trail_mae_conditional,no,19,0.10526315789473684,-4.067426315789473,-77.2811
squeeze_breakout,atr_trail_mae_conditional,no_data,1,0.0,-1.8943,-1.8943
squeeze_breakout,atr_trail_mae_conditional,yes,16,0.25,-2.14993125,-34.3989
squeeze_breakout,atr_trail_vix_conditional,no,19,0.15789473684210525,-4.572331578947368,-86.8743
squeeze_breakout,atr_trail_vix_conditional,no_data,1,0.0,-0.1986,-0.1986
squeeze_breakout,atr_trail_vix_conditional,yes,16,0.4375,1.41108125,22.5773
squeeze_breakout,break_even_at_1r,no,19,0.0,-4.4014,-83.6266
squeeze_breakout,break_even_at_1r,no_data,1,0.0,-1.8943,-1.8943
squeeze_breakout,break_even_at_1r,yes,16,0.0625,-1.85198125,-29.6317
squeeze_breakout,breakeven_plus_trail,no,19,0.42105263157894735,4.674405263157895,88.8137
squeeze_breakout,breakeven_plus_trail,no_data,1,0.0,-14.7231,-14.7231
squeeze_breakout,breakeven_plus_trail,yes,16,0.5625,6.680406250000001,106.88650000000001
squeeze_breakout,chandelier_3x,no,19,0.05263157894736842,-3.0951684210526316,-58.8082
squeeze_breakout,chandelier_3x,no_data,1,0.0,-1.8943,-1.8943
squeeze_breakout,chandelier_3x,yes,16,0.125,-2.87318125,-45.9709
squeeze_breakout,class_time_stop,no,19,0.47368421052631576,2.2632263157894736,43.0013
squeeze_breakout,class_time_stop,no_data,1,0.0,-28.7825,-28.7825
squeeze_breakout,class_time_stop,yes,16,0.8125,3.38043125,54.0869
squeeze_breakout,earnings_blackout,no,19,0.5263157894736842,9.982063157894736,189.65919999999997
squeeze_breakout,earnings_blackout,no_data,1,1.0,3.4349,3.4349
squeeze_breakout,earnings_blackout,yes,16,0.6875,6.27550625,100.4081
squeeze_breakout,fixed_4r_2r,no,19,0.2631578947368421,-2.756584210526316,-52.3751
squeeze_breakout,fixed_4r_2r,no_data,1,0.0,-14.7231,-14.7231
squeeze_breakout,fixed_4r_2r,yes,16,0.6875,8.47743125,135.6389
squeeze_breakout,hybrid_50pct_target,no,19,0.21052631578947367,-4.135736842105263,-78.57900000000001
squeeze_breakout,hybrid_50pct_target,no_data,1,0.0,-10.0,-10.0
squeeze_breakout,hybrid_50pct_target,yes,16,0.875,9.5747625,153.1962
squeeze_breakout,ma_exit_ema9,no,19,0.3157894736842105,-1.7410789473684212,-33.0805
squeeze_breakout,ma_exit_ema9,no_data,1,0.0,-10.0,-10.0
squeeze_breakout,ma_exit_ema9,yes,16,0.25,-1.27581875,-20.4131
squeeze_breakout,mfe_lockin_trail,no,19,0.10526315789473684,-4.05721052631579,-77.087
squeeze_breakout,mfe_lockin_trail,no_data,1,0.0,-1.8943,-1.8943
squeeze_breakout,mfe_lockin_trail,yes,16,0.25,-2.0440562499999997,-32.704899999999995
squeeze_breakout,multi_tier_partial,no,19,0.3157894736842105,-3.321452631578947,-63.1076
squeeze_breakout,multi_tier_partial,no_data,1,1.0,1.191,1.191
squeeze_breakout,multi_tier_partial,yes,16,0.5625,-0.8820374999999999,-14.112599999999999
squeeze_breakout,next_pivot_target,no,19,0.5263157894736842,-2.9260526315789472,-55.595
squeeze_breakout,next_pivot_target,no_data,1,1.0,0.7098,0.7098
squeeze_breakout,next_pivot_target,yes,16,0.875,5.58433125,89.3493
squeeze_breakout,r_multiple_2r,no,19,0.15789473684210525,-3.6039736842105263,-68.4755
squeeze_breakout,r_multiple_2r,no_data,1,0.0,-7.3616,-7.3616
squeeze_breakout,r_multiple_2r,yes,16,0.3125,-0.47562499999999996,-7.609999999999999
squeeze_breakout,r_multiple_3r,no,19,0.05263157894736842,-5.316842105263158,-101.02
squeeze_breakout,r_multiple_3r,no_data,1,0.0,-7.3616,-7.3616
squeeze_breakout,r_multiple_3r,yes,16,0.25,0.3221312500000001,5.1541000000000015
squeeze_breakout,regime_flip,no,19,0.42105263157894735,-0.20510526315789454,-3.8969999999999962
squeeze_breakout,regime_flip,no_data,1,0.0,-29.5092,-29.5092
squeeze_breakout,regime_flip,yes,16,0.6875,0.9010500000000001,14.416800000000002
squeeze_breakout,reverse_signal,no,19,0.10526315789473684,-4.067426315789473,-77.2811
squeeze_breakout,reverse_signal,no_data,1,0.0,-1.8943,-1.8943
squeeze_breakout,reverse_signal,yes,16,0.25,-2.14993125,-34.3989
squeeze_breakout,smc_mitigation_zone,no,19,0.10526315789473684,-4.067426315789473,-77.2811
squeeze_breakout,smc_mitigation_zone,no_data,1,0.0,-1.8943,-1.8943
squeeze_breakout,smc_mitigation_zone,yes,16,0.25,-2.14993125,-34.3989
squeeze_breakout,time_stop_10d,no,19,0.3157894736842105,-3.2342684210526316,-61.451100000000004
squeeze_breakout,time_stop_10d,no_data,1,0.0,-23.4533,-23.4533
squeeze_breakout,time_stop_10d,yes,16,0.625,1.1884375,19.015
squeeze_breakout,time_stop_20d,no,19,0.42105263157894735,-0.20510526315789454,-3.8969999999999962
squeeze_breakout,time_stop_20d,no_data,1,0.0,-29.5092,-29.5092
squeeze_breakout,time_stop_20d,yes,16,0.6875,0.9010500000000001,14.416800000000002
squeeze_breakout,trailing_10pct,no,19,0.15789473684210525,-3.3412210526315786,-63.4832
squeeze_breakout,trailing_10pct,no_data,1,0.0,-4.5104,-4.5104
squeeze_breakout,trailing_10pct,yes,16,0.4375,1.2256937499999998,19.611099999999997
squeeze_breakout,trailing_15pct,no,19,0.21052631578947367,-3.6608842105263157,-69.5568
squeeze_breakout,trailing_15pct,no_data,1,0.0,-9.8154,-9.8154
squeeze_breakout,trailing_15pct,yes,16,0.875,7.47243125,119.5589
squeeze_breakout,trailing_5pct,no,19,0.10526315789473684,-3.2598315789473684,-61.9368
squeeze_breakout,trailing_5pct,no_data,1,0.0,-0.1986,-0.1986
squeeze_breakout,trailing_5pct,yes,16,0.375,-0.97324375,-15.5719
stoch_oversold,atr_trail_1x,no,1,1.0,7.0812,7.0812
stoch_oversold,atr_trail_1x,no_data,1,1.0,1.6617,1.6617
stoch_oversold,atr_trail_1x,yes,3,0.3333333333333333,-0.39296666666666663,-1.1788999999999998
stoch_oversold,atr_trail_2x,no,1,1.0,4.4811,4.4811
stoch_oversold,atr_trail_2x,no_data,1,1.0,1.6617,1.6617
stoch_oversold,atr_trail_2x,yes,3,0.3333333333333333,0.9245000000000001,2.7735000000000003
stoch_oversold,atr_trail_mae_conditional,no,1,1.0,7.0812,7.0812
stoch_oversold,atr_trail_mae_conditional,no_data,1,1.0,1.6617,1.6617
stoch_oversold,atr_trail_mae_conditional,yes,3,0.3333333333333333,-0.39296666666666663,-1.1788999999999998
stoch_oversold,atr_trail_vix_conditional,no,1,1.0,8.6854,8.6854
stoch_oversold,atr_trail_vix_conditional,no_data,1,1.0,1.6617,1.6617
stoch_oversold,atr_trail_vix_conditional,yes,3,0.3333333333333333,-0.39296666666666663,-1.1788999999999998
stoch_oversold,break_even_at_1r,no,1,1.0,3.5422,3.5422
stoch_oversold,break_even_at_1r,no_data,1,0.0,-0.4025,-0.4025
stoch_oversold,break_even_at_1r,yes,3,0.3333333333333333,-0.11213333333333335,-0.33640000000000003
stoch_oversold,breakeven_plus_trail,no,1,1.0,9.1685,9.1685
stoch_oversold,breakeven_plus_trail,no_data,1,1.0,29.5799,29.5799
stoch_oversold,breakeven_plus_trail,yes,3,0.3333333333333333,-0.41583333333333333,-1.2475
stoch_oversold,chandelier_3x,no,1,0.0,-0.4248,-0.4248
stoch_oversold,chandelier_3x,no_data,1,0.0,-0.4025,-0.4025
stoch_oversold,chandelier_3x,yes,3,0.0,-0.6352666666666668,-1.9058000000000002
stoch_oversold,class_time_stop,no,1,1.0,7.0962,7.0962
stoch_oversold,class_time_stop,no_data,1,1.0,31.0765,31.0765
stoch_oversold,class_time_stop,yes,3,0.3333333333333333,-1.3723666666666665,-4.1171
stoch_oversold,earnings_blackout,no,1,1.0,6.2802,6.2802
stoch_oversold,earnings_blackout,no_data,1,1.0,2.1777,2.1777
stoch_oversold,earnings_blackout,yes,3,0.6666666666666666,7.8805000000000005,23.6415
stoch_oversold,fixed_4r_2r,no,1,1.0,32.5983,32.5983
stoch_oversold,fixed_4r_2r,no_data,1,1.0,43.5133,43.5133
stoch_oversold,fixed_4r_2r,yes,3,0.3333333333333333,1.0274,3.0822000000000003
stoch_oversold,hybrid_50pct_target,no,1,1.0,14.1381,14.1381
stoch_oversold,hybrid_50pct_target,no_data,1,1.0,17.1483,17.1483
stoch_oversold,hybrid_50pct_target,yes,3,1.0,5.053633333333334,15.160900000000002
stoch_oversold,ma_exit_ema9,no,1,1.0,6.3071,6.3071
stoch_oversold,ma_exit_ema9,no_data,1,1.0,23.3357,23.3357
stoch_oversold,ma_exit_ema9,yes,3,0.3333333333333333,-0.8367,-2.5101
stoch_oversold,mfe_lockin_trail,no,1,1.0,8.6478,8.6478
stoch_oversold,mfe_lockin_trail,no_data,1,1.0,1.6617,1.6617
stoch_oversold,mfe_lockin_trail,yes,3,0.3333333333333333,0.01770000000000005,0.05310000000000015
stoch_oversold,multi_tier_partial,no,1,1.0,10.51,10.51
stoch_oversold,multi_tier_partial,no_data,1,1.0,3.3578,3.3578
stoch_oversold,multi_tier_partial,yes,3,0.3333333333333333,0.03446666666666672,0.10340000000000016
stoch_oversold,next_pivot_target,no,1,1.0,24.4488,24.4488
stoch_oversold,next_pivot_target,no_data,1,1.0,32.6349,32.6349
stoch_oversold,next_pivot_target,yes,3,0.3333333333333333,-1.6950666666666667,-5.0852
stoch_oversold,r_multiple_2r,no,1,1.0,16.2992,16.2992
stoch_oversold,r_multiple_2r,no_data,1,1.0,21.7566,21.7566
stoch_oversold,r_multiple_2r,yes,3,0.3333333333333333,0.5654333333333333,1.6963000000000001
stoch_oversold,r_multiple_3r,no,1,1.0,24.4488,24.4488
stoch_oversold,r_multiple_3r,no_data,1,1.0,32.6349,32.6349
stoch_oversold,r_multiple_3r,yes,3,0.3333333333333333,1.5399666666666665,4.6198999999999995
stoch_oversold,regime_flip,no,1,1.0,33.4167,33.4167
stoch_oversold,regime_flip,no_data,1,1.0,6.8222,6.8222
stoch_oversold,regime_flip,yes,3,0.6666666666666666,2.0472000000000006,6.141600000000001
stoch_oversold,reverse_signal,no,1,1.0,7.0812,7.0812
stoch_oversold,reverse_signal,no_data,1,1.0,1.6617,1.6617
stoch_oversold,reverse_signal,yes,3,0.3333333333333333,-0.39296666666666663,-1.1788999999999998
stoch_oversold,smc_mitigation_zone,no,1,1.0,7.0812,7.0812
stoch_oversold,smc_mitigation_zone,no_data,1,1.0,1.6617,1.6617
stoch_oversold,smc_mitigation_zone,yes,3,0.3333333333333333,-0.39296666666666663,-1.1788999999999998
stoch_oversold,time_stop_10d,no,1,1.0,20.5228,20.5228
stoch_oversold,time_stop_10d,no_data,1,1.0,23.3357,23.3357
stoch_oversold,time_stop_10d,yes,3,0.3333333333333333,-0.12319999999999975,-0.36959999999999926
stoch_oversold,time_stop_20d,no,1,1.0,33.4167,33.4167
stoch_oversold,time_stop_20d,no_data,1,1.0,6.8222,6.8222
stoch_oversold,time_stop_20d,yes,3,0.6666666666666666,2.0472000000000006,6.141600000000001
stoch_oversold,trailing_10pct,no,1,1.0,3.5422,3.5422
stoch_oversold,trailing_10pct,no_data,1,1.0,1.6617,1.6617
stoch_oversold,trailing_10pct,yes,3,0.6666666666666666,1.622766666666667,4.8683000000000005
stoch_oversold,trailing_15pct,no,1,1.0,3.1036,3.1036
stoch_oversold,trailing_15pct,no_data,1,1.0,1.6617,1.6617
stoch_oversold,trailing_15pct,yes,3,0.6666666666666666,-1.2839333333333334,-3.8518
stoch_oversold,trailing_5pct,no,1,0.0,-1.5131,-1.5131
stoch_oversold,trailing_5pct,no_data,1,1.0,1.6617,1.6617
stoch_oversold,trailing_5pct,yes,3,0.3333333333333333,-0.7794999999999996,-2.338499999999999
stochrsi_overbought_short,atr_trail_1x,no,22,0.2727272727272727,-1.5383272727272725,-33.843199999999996
stochrsi_overbought_short,atr_trail_1x,no_data,8,0.25,-0.8723624999999999,-6.978899999999999
stochrsi_overbought_short,atr_trail_1x,yes,50,0.36,0.2544800000000001,12.724000000000004
stochrsi_overbought_short,atr_trail_2x,no,22,0.2727272727272727,-4.006677272727273,-88.1469
stochrsi_overbought_short,atr_trail_2x,no_data,8,0.375,1.1629750000000003,9.303800000000003
stochrsi_overbought_short,atr_trail_2x,yes,50,0.48,3.5459000000000005,177.29500000000002
stochrsi_overbought_short,atr_trail_mae_conditional,no,22,0.2727272727272727,-1.5383272727272725,-33.843199999999996
stochrsi_overbought_short,atr_trail_mae_conditional,no_data,8,0.25,-0.8723624999999999,-6.978899999999999
stochrsi_overbought_short,atr_trail_mae_conditional,yes,50,0.36,0.2544800000000001,12.724000000000004
stochrsi_overbought_short,atr_trail_vix_conditional,no,22,0.2727272727272727,-1.6695681818181818,-36.7305
stochrsi_overbought_short,atr_trail_vix_conditional,no_data,8,0.125,-1.459725,-11.6778
stochrsi_overbought_short,atr_trail_vix_conditional,yes,50,0.28,1.0643619999999998,53.21809999999999
stochrsi_overbought_short,break_even_at_1r,no,22,0.045454545454545456,-2.1361454545454546,-46.995200000000004
stochrsi_overbought_short,break_even_at_1r,no_data,8,0.0,-1.758,-14.064
stochrsi_overbought_short,break_even_at_1r,yes,50,0.26,2.583198,129.1599
stochrsi_overbought_short,breakeven_plus_trail,no,22,0.18181818181818182,-1.8338636363636363,-40.345
stochrsi_overbought_short,breakeven_plus_trail,no_data,8,0.5,10.0704875,80.5639
stochrsi_overbought_short,breakeven_plus_trail,yes,50,0.54,8.518342,425.9171
stochrsi_overbought_short,chandelier_3x,no,22,0.045454545454545456,-0.21939090909090908,-4.8266
stochrsi_overbought_short,chandelier_3x,no_data,8,0.0,-1.5943125,-12.7545
stochrsi_overbought_short,chandelier_3x,yes,50,0.1,1.3187019999999998,65.93509999999999
stochrsi_overbought_short,class_time_stop,no,22,0.45454545454545453,-6.089263636363636,-133.9638
stochrsi_overbought_short,class_time_stop,no_data,8,0.5,4.783362500000001,38.26690000000001
stochrsi_overbought_short,class_time_stop,yes,50,0.74,7.944632,397.2316
stochrsi_overbought_short,earnings_blackout,no,22,0.2727272727272727,-38.32045,-843.0499
stochrsi_overbought_short,earnings_blackout,no_data,8,0.625,12.2692,98.1536
stochrsi_overbought_short,earnings_blackout,yes,50,0.7,7.4591899999999995,372.9595
stochrsi_overbought_short,fixed_4r_2r,no,22,0.18181818181818182,-5.6110181818181815,-123.44239999999999
stochrsi_overbought_short,fixed_4r_2r,no_data,8,0.625,7.856725,62.8538
stochrsi_overbought_short,fixed_4r_2r,yes,50,0.6,6.504377999999999,325.21889999999996
stochrsi_overbought_short,hybrid_50pct_target,no,22,0.8181818181818182,-42.89436818181818,-943.6760999999999
stochrsi_overbought_short,hybrid_50pct_target,no_data,8,0.875,-2.608125000000001,-20.86500000000001
stochrsi_overbought_short,hybrid_50pct_target,yes,50,0.92,5.843719999999999,292.186
stochrsi_overbought_short,ma_exit_ema9,no,22,0.5,-0.31185,-6.8607000000000005
stochrsi_overbought_short,ma_exit_ema9,no_data,8,0.375,-1.1168500000000001,-8.934800000000001
stochrsi_overbought_short,ma_exit_ema9,yes,50,0.4,0.43828799999999996,21.914399999999997
stochrsi_overbought_short,mfe_lockin_trail,no,22,0.2727272727272727,-1.4627136363636362,-32.1797
stochrsi_overbought_short,mfe_lockin_trail,no_data,8,0.25,-0.8589249999999999,-6.8713999999999995
stochrsi_overbought_short,mfe_lockin_trail,yes,50,0.36,-0.024725999999999974,-1.2362999999999986
stochrsi_overbought_short,multi_tier_partial,no,22,0.3181818181818182,-1.3679409090909092,-30.0947
stochrsi_overbought_short,multi_tier_partial,no_data,8,0.5,-1.148975,-9.1918
stochrsi_overbought_short,multi_tier_partial,yes,50,0.52,0.30215000000000003,15.107500000000002
stochrsi_overbought_short,next_pivot_target,no,22,0.6363636363636364,-2.328113636363636,-51.2185
stochrsi_overbought_short,next_pivot_target,no_data,8,0.625,-1.9391375000000002,-15.513100000000001
stochrsi_overbought_short,next_pivot_target,yes,50,0.9,1.964512,98.2256
stochrsi_overbought_short,r_multiple_2r,no,22,0.2727272727272727,-0.9836181818181818,-21.6396
stochrsi_overbought_short,r_multiple_2r,no_data,8,0.375,-0.30576249999999994,-2.4460999999999995
stochrsi_overbought_short,r_multiple_2r,yes,50,0.46,2.215282,110.7641
stochrsi_overbought_short,r_multiple_3r,no,22,0.13636363636363635,-3.1331090909090906,-68.9284
stochrsi_overbought_short,r_multiple_3r,no_data,8,0.375,0.8970125,7.1761
stochrsi_overbought_short,r_multiple_3r,yes,50,0.4,2.823314,141.1657
stochrsi_overbought_short,regime_flip,no,22,0.3181818181818182,-6.317909090909091,-138.994
stochrsi_overbought_short,regime_flip,no_data,8,0.5,3.4421625000000002,27.537300000000002
stochrsi_overbought_short,regime_flip,yes,50,0.76,7.3229880000000005,366.1494
stochrsi_overbought_short,reverse_signal,no,22,0.2727272727272727,-1.5383272727272725,-33.843199999999996
stochrsi_overbought_short,reverse_signal,no_data,8,0.25,-0.8723624999999999,-6.978899999999999
stochrsi_overbought_short,reverse_signal,yes,50,0.36,0.2544800000000001,12.724000000000004
stochrsi_overbought_short,smc_mitigation_zone,no,22,0.2727272727272727,-1.5383272727272725,-33.843199999999996
stochrsi_overbought_short,smc_mitigation_zone,no_data,8,0.25,-0.8723624999999999,-6.978899999999999
stochrsi_overbought_short,smc_mitigation_zone,yes,50,0.36,0.2544800000000001,12.724000000000004
stochrsi_overbought_short,time_stop_10d,no,22,0.4090909090909091,-3.003704545454546,-66.0815
stochrsi_overbought_short,time_stop_10d,no_data,8,0.5,-1.0488499999999998,-8.390799999999999
stochrsi_overbought_short,time_stop_10d,yes,50,0.72,4.199178,209.9589
stochrsi_overbought_short,time_stop_20d,no,22,0.3181818181818182,-6.317909090909091,-138.994
stochrsi_overbought_short,time_stop_20d,no_data,8,0.5,3.4421625000000002,27.537300000000002
stochrsi_overbought_short,time_stop_20d,yes,50,0.76,7.3229880000000005,366.1494
stochrsi_overbought_short,trailing_10pct,no,22,0.13636363636363635,-5.477540909090909,-120.5059
stochrsi_overbought_short,trailing_10pct,no_data,8,0.375,-1.376275,-11.0102
stochrsi_overbought_short,trailing_10pct,yes,50,0.52,3.4072199999999997,170.361
stochrsi_overbought_short,trailing_15pct,no,22,0.2727272727272727,-3.9925818181818182,-87.8368
stochrsi_overbought_short,trailing_15pct,no_data,8,0.5,3.412675,27.3014
stochrsi_overbought_short,trailing_15pct,yes,50,0.66,6.4964200000000005,324.821
stochrsi_overbought_short,trailing_5pct,no,22,0.22727272727272727,-3.0130772727272728,-66.2877
stochrsi_overbought_short,trailing_5pct,no_data,8,0.125,-3.2828125,-26.2625
stochrsi_overbought_short,trailing_5pct,yes,50,0.4,1.084946,54.247299999999996
stochrsi_oversold,atr_trail_1x,no,161,0.19254658385093168,-2.0594304347826085,-331.56829999999997
stochrsi_oversold,atr_trail_1x,no_data,10,0.4,-0.4544299999999999,-4.544299999999999
stochrsi_oversold,atr_trail_1x,yes,49,0.30612244897959184,0.3341326530612245,16.372500000000002
stochrsi_oversold,atr_trail_2x,no,161,0.35403726708074534,0.650367701863354,104.7092
stochrsi_oversold,atr_trail_2x,no_data,10,0.5,-0.5200500000000001,-5.200500000000002
stochrsi_oversold,atr_trail_2x,yes,49,0.42857142857142855,2.6578897959183676,130.2366
stochrsi_oversold,atr_trail_mae_conditional,no,161,0.19254658385093168,-2.0594304347826085,-331.56829999999997
stochrsi_oversold,atr_trail_mae_conditional,no_data,10,0.4,-0.4544299999999999,-4.544299999999999
stochrsi_oversold,atr_trail_mae_conditional,yes,49,0.30612244897959184,0.3341326530612245,16.372500000000002
stochrsi_oversold,atr_trail_vix_conditional,no,161,0.2360248447204969,-2.0328304347826087,-327.2857
stochrsi_oversold,atr_trail_vix_conditional,no_data,10,0.5,0.05495999999999999,0.5495999999999999
stochrsi_oversold,atr_trail_vix_conditional,yes,49,0.30612244897959184,1.9455959183673468,95.3342
stochrsi_oversold,break_even_at_1r,no,161,0.13043478260869565,-2.8380347826086956,-456.92359999999996
stochrsi_oversold,break_even_at_1r,no_data,10,0.2,-1.5163,-15.163
stochrsi_oversold,break_even_at_1r,yes,49,0.14285714285714285,-0.7833673469387755,-38.385
stochrsi_oversold,breakeven_plus_trail,no,161,0.4161490683229814,6.212050931677019,1000.1402
stochrsi_oversold,breakeven_plus_trail,no_data,10,0.7,6.59401,65.9401
stochrsi_oversold,breakeven_plus_trail,yes,49,0.40816326530612246,4.265938775510204,209.03099999999998
stochrsi_oversold,chandelier_3x,no,161,0.037267080745341616,-0.8206490683229812,-132.12449999999998
stochrsi_oversold,chandelier_3x,no_data,10,0.1,-1.04052,-10.405199999999999
stochrsi_oversold,chandelier_3x,yes,49,0.061224489795918366,0.8977999999999999,43.9922
stochrsi_oversold,class_time_stop,no,161,0.43478260869565216,-2.768926708074534,-445.7972
stochrsi_oversold,class_time_stop,no_data,10,0.8,4.10974,41.0974
stochrsi_oversold,class_time_stop,yes,49,0.5306122448979592,2.664518367346939,130.5614
stochrsi_oversold,earnings_blackout,no,161,0.4906832298136646,3.6994372670807456,595.6094
stochrsi_oversold,earnings_blackout,no_data,10,0.6,6.714969999999999,67.1497
stochrsi_oversold,earnings_blackout,yes,49,0.6122448979591837,5.953099999999999,291.70189999999997
stochrsi_oversold,fixed_4r_2r,no,161,0.3167701863354037,0.6618968944099379,106.56540000000001
stochrsi_oversold,fixed_4r_2r,no_data,10,0.5,4.7064900000000005,47.06490000000001
stochrsi_oversold,fixed_4r_2r,yes,49,0.4489795918367347,4.091585714285714,200.4877
stochrsi_oversold,hybrid_50pct_target,no,161,0.5652173913043478,-8.009616149068323,-1289.5482
stochrsi_oversold,hybrid_50pct_target,no_data,10,0.7,-7.20643,-72.0643
stochrsi_oversold,hybrid_50pct_target,yes,49,0.6530612244897959,5.042830612244898,247.0987
stochrsi_oversold,ma_exit_ema9,no,161,0.43478260869565216,-0.5401006211180124,-86.9562
stochrsi_oversold,ma_exit_ema9,no_data,10,0.5,0.11315999999999989,1.1315999999999988
stochrsi_oversold,ma_exit_ema9,yes,49,0.46938775510204084,0.7972489795918367,39.0652
stochrsi_oversold,mfe_lockin_trail,no,161,0.19254658385093168,-2.0120745341614907,-323.944
stochrsi_oversold,mfe_lockin_trail,no_data,10,0.4,-0.001980000000000004,-0.01980000000000004
stochrsi_oversold,mfe_lockin_trail,yes,49,0.30612244897959184,0.09119387755102036,4.468499999999998
stochrsi_oversold,multi_tier_partial,no,161,0.3416149068322981,-1.8856503105590061,-303.5897
stochrsi_oversold,multi_tier_partial,no_data,10,0.5,-0.062209999999999786,-0.6220999999999979
stochrsi_oversold,multi_tier_partial,yes,49,0.5510204081632653,0.6079877551020408,29.7914
stochrsi_oversold,next_pivot_target,no,161,0.7329192546583851,-0.44133291925465834,-71.0546
stochrsi_oversold,next_pivot_target,no_data,10,0.9,3.6094299999999997,36.0943
stochrsi_oversold,next_pivot_target,yes,49,0.8367346938775511,2.2897591836734694,112.1982
stochrsi_oversold,r_multiple_2r,no,161,0.2857142857142857,0.36740745341614917,59.152600000000014
stochrsi_oversold,r_multiple_2r,no_data,10,0.5,2.73883,27.3883
stochrsi_oversold,r_multiple_2r,yes,49,0.3877551020408163,1.3870122448979592,67.9636
stochrsi_oversold,r_multiple_3r,no,161,0.21739130434782608,0.45795341614906837,73.7305
stochrsi_oversold,r_multiple_3r,no_data,10,0.4,2.32918,23.291800000000002
stochrsi_oversold,r_multiple_3r,yes,49,0.3469387755102041,3.0134673469387754,147.6599
stochrsi_oversold,regime_flip,no,161,0.4409937888198758,-2.405872049689441,-387.3454
stochrsi_oversold,regime_flip,no_data,10,0.8,4.01951,40.195100000000004
stochrsi_oversold,regime_flip,yes,49,0.5510204081632653,2.6100897959183675,127.8944
stochrsi_oversold,reverse_signal,no,161,0.19254658385093168,-2.0594304347826085,-331.56829999999997
stochrsi_oversold,reverse_signal,no_data,10,0.4,-0.4544299999999999,-4.544299999999999
stochrsi_oversold,reverse_signal,yes,49,0.30612244897959184,0.3341326530612245,16.372500000000002
stochrsi_oversold,smc_mitigation_zone,no,161,0.19254658385093168,-2.0594304347826085,-331.56829999999997
stochrsi_oversold,smc_mitigation_zone,no_data,10,0.4,-0.4544299999999999,-4.544299999999999
stochrsi_oversold,smc_mitigation_zone,yes,49,0.30612244897959184,0.3341326530612245,16.372500000000002
stochrsi_oversold,time_stop_10d,no,161,0.4782608695652174,-0.9609360248447205,-154.7107
stochrsi_oversold,time_stop_10d,no_data,10,0.7,2.90036,29.0036
stochrsi_oversold,time_stop_10d,yes,49,0.5918367346938775,2.1095367346938776,103.3673
stochrsi_oversold,time_stop_20d,no,161,0.4409937888198758,-2.405872049689441,-387.3454
stochrsi_oversold,time_stop_20d,no_data,10,0.8,4.01951,40.195100000000004
stochrsi_oversold,time_stop_20d,yes,49,0.5510204081632653,2.6100897959183675,127.8944
stochrsi_oversold,trailing_10pct,no,161,0.2981366459627329,-2.2762086956521737,-366.46959999999996
stochrsi_oversold,trailing_10pct,no_data,10,0.5,0.29066,2.9065999999999996
stochrsi_oversold,trailing_10pct,yes,49,0.40816326530612246,-0.6317653061224489,-30.956499999999995
stochrsi_oversold,trailing_15pct,no,161,0.36645962732919257,1.7794385093167702,286.4896
stochrsi_oversold,trailing_15pct,no_data,10,0.5,-0.3570299999999996,-3.570299999999996
stochrsi_oversold,trailing_15pct,yes,49,0.3877551020408163,-1.8685204081632651,-91.55749999999999
stochrsi_oversold,trailing_5pct,no,161,0.15527950310559005,-2.537793788819876,-408.5848
stochrsi_oversold,trailing_5pct,no_data,10,0.2,-2.21105,-22.110500000000002
stochrsi_oversold,trailing_5pct,yes,49,0.2653061224489796,-1.4635408163265304,-71.7135
supertrend_macd,atr_trail_1x,no,43,0.20930232558139536,-2.6428627906976745,-113.6431
supertrend_macd,atr_trail_1x,no_data,6,0.0,-4.552733333333333,-27.316399999999998
supertrend_macd,atr_trail_1x,yes,47,0.2553191489361702,-0.6148340425531914,-28.897199999999998
supertrend_macd,atr_trail_2x,no,43,0.20930232558139536,-4.386900000000001,-188.63670000000002
supertrend_macd,atr_trail_2x,no_data,6,0.3333333333333333,-1.9101,-11.4606
supertrend_macd,atr_trail_2x,yes,47,0.5106382978723404,4.330204255319149,203.5196
supertrend_macd,atr_trail_mae_conditional,no,43,0.20930232558139536,-2.6428627906976745,-113.6431
supertrend_macd,atr_trail_mae_conditional,no_data,6,0.0,-4.552733333333333,-27.316399999999998
supertrend_macd,atr_trail_mae_conditional,yes,47,0.2553191489361702,-0.6148340425531914,-28.897199999999998
supertrend_macd,atr_trail_vix_conditional,no,43,0.20930232558139536,-2.9727162790697674,-127.8268
supertrend_macd,atr_trail_vix_conditional,no_data,6,0.16666666666666666,-5.26595,-31.5957
supertrend_macd,atr_trail_vix_conditional,yes,47,0.2553191489361702,-0.7336510638297873,-34.4816
supertrend_macd,break_even_at_1r,no,43,0.09302325581395349,-2.098111627906977,-90.2188
supertrend_macd,break_even_at_1r,no_data,6,0.16666666666666666,-3.2801333333333336,-19.6808
supertrend_macd,break_even_at_1r,yes,47,0.23404255319148937,0.0773893617021276,3.637299999999997
supertrend_macd,breakeven_plus_trail,no,43,0.23255813953488372,-0.9051837209302327,-38.922900000000006
supertrend_macd,breakeven_plus_trail,no_data,6,0.3333333333333333,-2.354866666666666,-14.129199999999997
supertrend_macd,breakeven_plus_trail,yes,47,0.46808510638297873,6.724687234042553,316.0603
supertrend_macd,chandelier_3x,no,43,0.09302325581395349,-2.3151418604651166,-99.5511
supertrend_macd,chandelier_3x,no_data,6,0.3333333333333333,1.8119666666666667,10.8718
supertrend_macd,chandelier_3x,yes,47,0.2765957446808511,2.162527659574468,101.63879999999999
supertrend_macd,class_time_stop,no,43,0.3023255813953488,-2.285976744186047,-98.29700000000001
supertrend_macd,class_time_stop,no_data,6,0.6666666666666666,7.187566666666666,43.1254
supertrend_macd,class_time_stop,yes,47,0.5957446808510638,4.86901914893617,228.8439
supertrend_macd,earnings_blackout,no,43,0.2558139534883721,0.451044186046511,19.39489999999997
supertrend_macd,earnings_blackout,no_data,6,0.3333333333333333,-6.211566666666666,-37.2694
supertrend_macd,earnings_blackout,yes,47,0.5106382978723404,7.596982978723404,357.0582
supertrend_macd,fixed_4r_2r,no,43,0.20930232558139536,-3.0317000000000003,-130.3631
supertrend_macd,fixed_4r_2r,no_data,6,0.3333333333333333,-4.340583333333334,-26.0435
supertrend_macd,fixed_4r_2r,yes,47,0.5319148936170213,6.178914893617021,290.409
supertrend_macd,hybrid_50pct_target,no,43,0.3488372093023256,-2.6877418604651164,-115.5729
supertrend_macd,hybrid_50pct_target,no_data,6,0.3333333333333333,-2.0474833333333335,-12.2849
supertrend_macd,hybrid_50pct_target,yes,47,0.6808510638297872,6.759146808510637,317.6799
supertrend_macd,ma_exit_ema9,no,43,0.2558139534883721,-2.6872813953488373,-115.5531
supertrend_macd,ma_exit_ema9,no_data,6,0.0,-6.305066666666666,-37.8304
supertrend_macd,ma_exit_ema9,yes,47,0.40425531914893614,2.6745531914893617,125.70400000000001
supertrend_macd,mfe_lockin_trail,no,43,0.20930232558139536,-2.6025604651162793,-111.9101
supertrend_macd,mfe_lockin_trail,no_data,6,0.0,-4.552733333333333,-27.316399999999998
supertrend_macd,mfe_lockin_trail,yes,47,0.2553191489361702,-0.5919659574468085,-27.8224
supertrend_macd,multi_tier_partial,no,43,0.32558139534883723,-2.2195697674418606,-95.4415
supertrend_macd,multi_tier_partial,no_data,6,0.16666666666666666,-2.8637833333333336,-17.1827
supertrend_macd,multi_tier_partial,yes,47,0.40425531914893614,-0.21653829787234047,-10.177300000000002
supertrend_macd,next_pivot_target,no,43,0.6046511627906976,-2.143172093023256,-92.1564
supertrend_macd,next_pivot_target,no_data,6,0.6666666666666666,-2.4873333333333334,-14.924
supertrend_macd,next_pivot_target,yes,47,0.8297872340425532,2.763031914893617,129.8625
supertrend_macd,r_multiple_2r,no,43,0.20930232558139536,-1.7120093023255814,-73.6164
supertrend_macd,r_multiple_2r,no_data,6,0.16666666666666666,-4.5342,-27.2052
supertrend_macd,r_multiple_2r,yes,47,0.44680851063829785,1.4387425531914895,67.6209
supertrend_macd,r_multiple_3r,no,43,0.16279069767441862,-1.4746046511627906,-63.407999999999994
supertrend_macd,r_multiple_3r,no_data,6,0.16666666666666666,-4.5342,-27.2052
supertrend_macd,r_multiple_3r,yes,47,0.3829787234042553,2.596793617021276,122.04929999999999
supertrend_macd,regime_flip,no,43,0.3953488372093023,-4.707051162790697,-202.4032
supertrend_macd,regime_flip,no_data,6,0.5,7.566133333333332,45.39679999999999
supertrend_macd,regime_flip,yes,47,0.5531914893617021,4.4483,209.0701
supertrend_macd,reverse_signal,no,43,0.20930232558139536,-2.6428627906976745,-113.6431
supertrend_macd,reverse_signal,no_data,6,0.0,-4.552733333333333,-27.316399999999998
supertrend_macd,reverse_signal,yes,47,0.2553191489361702,-0.6148340425531914,-28.897199999999998
supertrend_macd,smc_mitigation_zone,no,43,0.20930232558139536,-2.6428627906976745,-113.6431
supertrend_macd,smc_mitigation_zone,no_data,6,0.0,-4.552733333333333,-27.316399999999998
supertrend_macd,smc_mitigation_zone,yes,47,0.2553191489361702,-0.6148340425531914,-28.897199999999998
supertrend_macd,time_stop_10d,no,43,0.2558139534883721,-4.858341860465116,-208.9087
supertrend_macd,time_stop_10d,no_data,6,0.16666666666666666,-7.974583333333334,-47.847500000000004
supertrend_macd,time_stop_10d,yes,47,0.574468085106383,3.2043999999999997,150.6068
supertrend_macd,time_stop_20d,no,43,0.3953488372093023,-4.707051162790697,-202.4032
supertrend_macd,time_stop_20d,no_data,6,0.5,7.566133333333332,45.39679999999999
supertrend_macd,time_stop_20d,yes,47,0.5531914893617021,4.4483,209.0701
supertrend_macd,trailing_10pct,no,43,0.16279069767441862,-5.148744186046511,-221.396
supertrend_macd,trailing_10pct,no_data,6,0.16666666666666666,-7.4803,-44.8818
supertrend_macd,trailing_10pct,yes,47,0.44680851063829785,1.2415765957446807,58.354099999999995
supertrend_macd,trailing_15pct,no,43,0.13953488372093023,-7.663325581395349,-329.523
supertrend_macd,trailing_15pct,no_data,6,0.3333333333333333,-4.575349999999999,-27.452099999999998
supertrend_macd,trailing_15pct,yes,47,0.44680851063829785,7.2257702127659575,339.6112
supertrend_macd,trailing_5pct,no,43,0.18604651162790697,-2.4356302325581396,-104.7321
supertrend_macd,trailing_5pct,no_data,6,0.16666666666666666,-2.9875833333333333,-17.9255
supertrend_macd,trailing_5pct,yes,47,0.3829787234042553,0.5959021276595744,28.007399999999997
tema_dema,atr_trail_1x,no,43,0.32558139534883723,-1.637118604651163,-70.3961
tema_dema,atr_trail_1x,no_data,3,0.0,-3.5156000000000005,-10.546800000000001
tema_dema,atr_trail_1x,yes,36,0.2777777777777778,-0.8621055555555556,-31.035800000000002
tema_dema,atr_trail_2x,no,43,0.4418604651162791,0.2690651162790697,11.569799999999997
tema_dema,atr_trail_2x,no_data,3,0.0,-7.8916,-23.6748
tema_dema,atr_trail_2x,yes,36,0.3611111111111111,0.13363055555555564,4.810700000000003
tema_dema,atr_trail_mae_conditional,no,43,0.32558139534883723,-1.637118604651163,-70.3961
tema_dema,atr_trail_mae_conditional,no_data,3,0.0,-3.5156000000000005,-10.546800000000001
tema_dema,atr_trail_mae_conditional,yes,36,0.2777777777777778,-0.8621055555555556,-31.035800000000002
tema_dema,atr_trail_vix_conditional,no,43,0.37209302325581395,0.5256953488372093,22.604899999999997
tema_dema,atr_trail_vix_conditional,no_data,3,0.0,-3.2878666666666665,-9.8636
tema_dema,atr_trail_vix_conditional,yes,36,0.25,-0.8441888888888889,-30.3908
tema_dema,break_even_at_1r,no,43,0.3023255813953488,-0.15896976744186037,-6.835699999999996
tema_dema,break_even_at_1r,no_data,3,0.0,-2.5852333333333335,-7.755700000000001
tema_dema,break_even_at_1r,yes,36,0.08333333333333333,-0.8554416666666665,-30.795899999999996
tema_dema,breakeven_plus_trail,no,43,0.5348837209302325,3.047446511627907,131.0402
tema_dema,breakeven_plus_trail,no_data,3,0.0,-5.862933333333333,-17.5888
tema_dema,breakeven_plus_trail,yes,36,0.3055555555555556,2.9892777777777777,107.614
tema_dema,chandelier_3x,no,43,0.18604651162790697,0.4997837209302325,21.490699999999997
tema_dema,chandelier_3x,no_data,3,0.0,-5.419833333333334,-16.259500000000003
tema_dema,chandelier_3x,yes,36,0.16666666666666666,0.48003055555555574,17.281100000000006
tema_dema,class_time_stop,no,43,0.5116279069767442,-1.794890697674419,-77.18030000000002
tema_dema,class_time_stop,no_data,3,0.3333333333333333,-1.9925999999999995,-5.9777999999999984
tema_dema,class_time_stop,yes,36,0.5833333333333334,1.006422222222222,36.231199999999994
tema_dema,earnings_blackout,no,43,0.4186046511627907,-2.5474255813953492,-109.53930000000003
tema_dema,earnings_blackout,no_data,3,0.6666666666666666,-2.5937000000000006,-7.781100000000002
tema_dema,earnings_blackout,yes,36,0.6111111111111112,2.7767055555555555,99.9614
tema_dema,fixed_4r_2r,no,43,0.32558139534883723,0.5539790697674417,23.821099999999994
tema_dema,fixed_4r_2r,no_data,3,0.0,-9.192833333333333,-27.5785
tema_dema,fixed_4r_2r,yes,36,0.3611111111111111,-0.75345,-27.1242
tema_dema,hybrid_50pct_target,no,43,0.46511627906976744,-3.6765604651162787,-158.0921
tema_dema,hybrid_50pct_target,no_data,3,0.3333333333333333,-0.5772666666666666,-1.7317999999999998
tema_dema,hybrid_50pct_target,yes,36,0.5833333333333334,-8.093461111111111,-291.3646
tema_dema,ma_exit_ema9,no,43,0.3488372093023256,0.5283325581395348,22.718299999999996
tema_dema,ma_exit_ema9,no_data,3,0.0,-5.142966666666666,-15.428899999999999
tema_dema,ma_exit_ema9,yes,36,0.3888888888888889,1.4090666666666667,50.7264
tema_dema,mfe_lockin_trail,no,43,0.32558139534883723,-1.1231953488372093,-48.297399999999996
tema_dema,mfe_lockin_trail,no_data,3,0.0,-3.5156000000000005,-10.546800000000001
tema_dema,mfe_lockin_trail,yes,36,0.3055555555555556,0.04743333333333329,1.7075999999999985
tema_dema,multi_tier_partial,no,43,0.4418604651162791,-0.6745883720930232,-29.0073
tema_dema,multi_tier_partial,no_data,3,0.3333333333333333,-1.9117000000000004,-5.735100000000001
tema_dema,multi_tier_partial,yes,36,0.6111111111111112,0.12865,4.631399999999999
tema_dema,next_pivot_target,no,43,0.6744186046511628,-0.18561627906976755,-7.981500000000004
tema_dema,next_pivot_target,no_data,3,0.3333333333333333,-3.7756333333333334,-11.3269
tema_dema,next_pivot_target,yes,36,0.8333333333333334,1.4110166666666666,50.7966
tema_dema,r_multiple_2r,no,43,0.37209302325581395,0.3614465116279069,15.542199999999998
tema_dema,r_multiple_2r,no_data,3,0.0,-4.605833333333334,-13.8175
tema_dema,r_multiple_2r,yes,36,0.3611111111111111,-0.05658888888888885,-2.0371999999999986
tema_dema,r_multiple_3r,no,43,0.27906976744186046,0.4871162790697674,20.945999999999998
tema_dema,r_multiple_3r,no_data,3,0.0,-4.605833333333334,-13.8175
tema_dema,r_multiple_3r,yes,36,0.25,-0.7318805555555556,-26.347700000000003
tema_dema,regime_flip,no,43,0.5348837209302325,1.3129348837209307,56.45620000000002
tema_dema,regime_flip,no_data,3,0.3333333333333333,0.2742333333333334,0.8227000000000002
tema_dema,regime_flip,yes,36,0.4722222222222222,-1.4742611111111112,-53.07340000000001
tema_dema,reverse_signal,no,43,0.32558139534883723,-1.637118604651163,-70.3961
tema_dema,reverse_signal,no_data,3,0.0,-3.5156000000000005,-10.546800000000001
tema_dema,reverse_signal,yes,36,0.2777777777777778,-0.8621055555555556,-31.035800000000002
tema_dema,smc_mitigation_zone,no,43,0.32558139534883723,-1.637118604651163,-70.3961
tema_dema,smc_mitigation_zone,no_data,3,0.0,-3.5156000000000005,-10.546800000000001
tema_dema,smc_mitigation_zone,yes,36,0.2777777777777778,-0.8621055555555556,-31.035800000000002
tema_dema,time_stop_10d,no,43,0.4883720930232558,1.3338302325581395,57.354699999999994
tema_dema,time_stop_10d,no_data,3,0.3333333333333333,-3.761233333333333,-11.2837
tema_dema,time_stop_10d,yes,36,0.4166666666666667,-1.9119333333333333,-68.8296
tema_dema,time_stop_20d,no,43,0.5348837209302325,1.3129348837209307,56.45620000000002
tema_dema,time_stop_20d,no_data,3,0.3333333333333333,0.2742333333333334,0.8227000000000002
tema_dema,time_stop_20d,yes,36,0.4722222222222222,-1.4742611111111112,-53.07340000000001
tema_dema,trailing_10pct,no,43,0.3488372093023256,-0.8642534883720928,-37.16289999999999
tema_dema,trailing_10pct,no_data,3,0.0,-9.163533333333334,-27.4906
tema_dema,trailing_10pct,yes,36,0.3333333333333333,-0.3997833333333333,-14.392199999999999
tema_dema,trailing_15pct,no,43,0.3953488372093023,-1.8437720930232555,-79.28219999999999
tema_dema,trailing_15pct,no_data,3,0.3333333333333333,-2.998466666666667,-8.9954
tema_dema,trailing_15pct,yes,36,0.4444444444444444,6.235988888888889,224.4956
tema_dema,trailing_5pct,no,43,0.23255813953488372,-1.5060186046511626,-64.7588
tema_dema,trailing_5pct,no_data,3,0.0,-3.9370666666666665,-11.8112
tema_dema,trailing_5pct,yes,36,0.2777777777777778,-0.19103611111111113,-6.877300000000001
three_white_soldiers,atr_trail_1x,no,34,0.058823529411764705,-2.9411117647058824,-99.9978
three_white_soldiers,atr_trail_1x,no_data,4,0.25,-3.1595,-12.638
three_white_soldiers,atr_trail_1x,yes,37,0.2972972972972973,-1.3930783783783784,-51.5439
three_white_soldiers,atr_trail_2x,no,34,0.23529411764705882,-1.2659617647058823,-43.042699999999996
three_white_soldiers,atr_trail_2x,no_data,4,0.0,-10.303025,-41.2121
three_white_soldiers,atr_trail_2x,yes,37,0.5405405405405406,3.003143243243243,111.1163
three_white_soldiers,atr_trail_mae_conditional,no,34,0.058823529411764705,-2.9411117647058824,-99.9978
three_white_soldiers,atr_trail_mae_conditional,no_data,4,0.25,-3.1595,-12.638
three_white_soldiers,atr_trail_mae_conditional,yes,37,0.2972972972972973,-1.3930783783783784,-51.5439
three_white_soldiers,atr_trail_vix_conditional,no,34,0.14705882352941177,-4.497617647058824,-152.919
three_white_soldiers,atr_trail_vix_conditional,no_data,4,0.0,-6.127775,-24.5111
three_white_soldiers,atr_trail_vix_conditional,yes,37,0.43243243243243246,0.3324702702702702,12.301399999999997
three_white_soldiers,break_even_at_1r,no,34,0.058823529411764705,-3.5228,-119.7752
three_white_soldiers,break_even_at_1r,no_data,4,0.0,-4.4243500000000004,-17.697400000000002
three_white_soldiers,break_even_at_1r,yes,37,0.08108108108108109,-0.9241756756756758,-34.194500000000005
three_white_soldiers,breakeven_plus_trail,no,34,0.3235294117647059,0.2828999999999998,9.618599999999994
three_white_soldiers,breakeven_plus_trail,no_data,4,0.25,1.2663249999999993,5.065299999999997
three_white_soldiers,breakeven_plus_trail,yes,37,0.4594594594594595,10.906618918918918,403.5449
three_white_soldiers,chandelier_3x,no,34,0.029411764705882353,-3.770352941176471,-128.192
three_white_soldiers,chandelier_3x,no_data,4,0.0,-1.766275,-7.0651
three_white_soldiers,chandelier_3x,yes,37,0.24324324324324326,3.364543243243243,124.4881
three_white_soldiers,class_time_stop,no,34,0.2647058823529412,-3.0881323529411766,-104.9965
three_white_soldiers,class_time_stop,no_data,4,0.25,-9.3615,-37.446
three_white_soldiers,class_time_stop,yes,37,0.6756756756756757,2.388602702702703,88.3783
three_white_soldiers,earnings_blackout,no,34,0.20588235294117646,-14.21249705882353,-483.2249
three_white_soldiers,earnings_blackout,no_data,4,0.5,-6.494825,-25.9793
three_white_soldiers,earnings_blackout,yes,37,0.5945945945945946,4.8735135135135135,180.32
three_white_soldiers,fixed_4r_2r,no,34,0.14705882352941177,-3.723467647058823,-126.59789999999998
three_white_soldiers,fixed_4r_2r,no_data,4,0.25,-5.707650000000001,-22.830600000000004
three_white_soldiers,fixed_4r_2r,yes,37,0.4594594594594595,3.0644945945945943,113.38629999999999
three_white_soldiers,hybrid_50pct_target,no,34,0.17647058823529413,-5.740544117647059,-195.1785
three_white_soldiers,hybrid_50pct_target,no_data,4,0.5,-0.38180000000000014,-1.5272000000000006
three_white_soldiers,hybrid_50pct_target,yes,37,0.5675675675675675,4.259727027027027,157.60989999999998
three_white_soldiers,ma_exit_ema9,no,34,0.23529411764705882,-2.6608911764705883,-90.4703
three_white_soldiers,ma_exit_ema9,no_data,4,0.0,-4.5397,-18.1588
three_white_soldiers,ma_exit_ema9,yes,37,0.35135135135135137,1.7909756756756758,66.26610000000001
three_white_soldiers,mfe_lockin_trail,no,34,0.058823529411764705,-2.9411117647058824,-99.9978
three_white_soldiers,mfe_lockin_trail,no_data,4,0.25,-3.1595,-12.638
three_white_soldiers,mfe_lockin_trail,yes,37,0.2972972972972973,-1.2356567567567567,-45.7193
three_white_soldiers,multi_tier_partial,no,34,0.3235294117647059,-2.201879411764706,-74.8639
three_white_soldiers,multi_tier_partial,no_data,4,0.5,-1.7515,-7.006
three_white_soldiers,multi_tier_partial,yes,37,0.43243243243243246,-0.6084675675675676,-22.5133
three_white_soldiers,next_pivot_target,no,34,0.5,-2.033911764705882,-69.15299999999999
three_white_soldiers,next_pivot_target,no_data,4,0.75,-2.34785,-9.3914
three_white_soldiers,next_pivot_target,yes,37,0.8648648648648649,1.099837837837838,40.694
three_white_soldiers,r_multiple_2r,no,34,0.14705882352941177,-3.2399735294117646,-110.1591
three_white_soldiers,r_multiple_2r,no_data,4,0.0,-6.656875,-26.6275
three_white_soldiers,r_multiple_2r,yes,37,0.32432432432432434,0.2517324324324325,9.314100000000002
three_white_soldiers,r_multiple_3r,no,34,0.14705882352941177,-2.1916470588235297,-74.516
three_white_soldiers,r_multiple_3r,no_data,4,0.0,-6.656875,-26.6275
three_white_soldiers,r_multiple_3r,yes,37,0.24324324324324326,0.7585324324324324,28.0657
three_white_soldiers,regime_flip,no,34,0.29411764705882354,-5.232864705882353,-177.9174
three_white_soldiers,regime_flip,no_data,4,0.5,1.2939250000000002,5.175700000000001
three_white_soldiers,regime_flip,yes,37,0.6216216216216216,5.198727027027028,192.3529
three_white_soldiers,reverse_signal,no,34,0.058823529411764705,-2.9411117647058824,-99.9978
three_white_soldiers,reverse_signal,no_data,4,0.25,-3.1595,-12.638
three_white_soldiers,reverse_signal,yes,37,0.2972972972972973,-1.3930783783783784,-51.5439
three_white_soldiers,smc_mitigation_zone,no,34,0.058823529411764705,-2.9411117647058824,-99.9978
three_white_soldiers,smc_mitigation_zone,no_data,4,0.25,-3.1595,-12.638
three_white_soldiers,smc_mitigation_zone,yes,37,0.2972972972972973,-1.3930783783783784,-51.5439
three_white_soldiers,time_stop_10d,no,34,0.3235294117647059,-1.5900941176470587,-54.063199999999995
three_white_soldiers,time_stop_10d,no_data,4,0.0,-13.531625,-54.1265
three_white_soldiers,time_stop_10d,yes,37,0.5405405405405406,2.3947486486486484,88.6057
three_white_soldiers,time_stop_20d,no,34,0.29411764705882354,-5.232864705882353,-177.9174
three_white_soldiers,time_stop_20d,no_data,4,0.5,1.2939250000000002,5.175700000000001
three_white_soldiers,time_stop_20d,yes,37,0.6216216216216216,5.198727027027028,192.3529
three_white_soldiers,trailing_10pct,no,34,0.11764705882352941,-6.071788235294117,-206.4408
three_white_soldiers,trailing_10pct,no_data,4,0.0,-6.591875,-26.3675
three_white_soldiers,trailing_10pct,yes,37,0.43243243243243246,3.7563837837837837,138.9862
three_white_soldiers,trailing_15pct,no,34,0.14705882352941177,-8.97025588235294,-304.9887
three_white_soldiers,trailing_15pct,no_data,4,0.25,-6.8588000000000005,-27.435200000000002
three_white_soldiers,trailing_15pct,yes,37,0.43243243243243246,6.443351351351351,238.404
three_white_soldiers,trailing_5pct,no,34,0.11764705882352941,-2.908985294117647,-98.9055
three_white_soldiers,trailing_5pct,no_data,4,0.25,-1.9143,-7.6572
three_white_soldiers,trailing_5pct,yes,37,0.2702702702702703,-1.2441513513513514,-46.0336
totm_long,atr_trail_1x,no,2,0.0,-7.868600000000001,-15.737200000000001
totm_long,atr_trail_1x,yes,3,0.0,-3.3975000000000004,-10.1925
totm_long,atr_trail_2x,no,2,0.0,-15.737200000000001,-31.474400000000003
totm_long,atr_trail_2x,yes,3,0.0,-5.605033333333334,-16.8151
totm_long,atr_trail_mae_conditional,no,2,0.0,-7.868600000000001,-15.737200000000001
totm_long,atr_trail_mae_conditional,yes,3,0.0,-3.3975000000000004,-10.1925
totm_long,atr_trail_vix_conditional,no,2,0.0,-5.9014500000000005,-11.802900000000001
totm_long,atr_trail_vix_conditional,yes,3,0.3333333333333333,-3.2434999999999996,-9.7305
totm_long,break_even_at_1r,no,2,0.0,-7.868600000000001,-15.737200000000001
totm_long,break_even_at_1r,yes,3,0.0,-3.385,-10.155
totm_long,breakeven_plus_trail,no,2,0.0,-15.737200000000001,-31.474400000000003
totm_long,breakeven_plus_trail,yes,3,0.0,-6.709933333333333,-20.1298
totm_long,chandelier_3x,no,2,0.0,-5.5440000000000005,-11.088000000000001
totm_long,chandelier_3x,yes,3,0.0,-2.8654333333333333,-8.5963
totm_long,class_time_stop,no,2,0.0,-35.8953,-71.7906
totm_long,class_time_stop,yes,3,0.0,-19.031100000000002,-57.093300000000006
totm_long,earnings_blackout,no,2,0.5,-16.9333,-33.8666
totm_long,earnings_blackout,yes,3,0.0,-21.4615,-64.3845
totm_long,fixed_4r_2r,no,2,0.0,-15.737200000000001,-31.474400000000003
totm_long,fixed_4r_2r,yes,3,0.0,-7.832333333333334,-23.497
totm_long,hybrid_50pct_target,no,2,0.0,-10.0,-20.0
totm_long,hybrid_50pct_target,yes,3,0.3333333333333333,-5.634799999999999,-16.9044
totm_long,ma_exit_ema9,no,2,0.0,-5.4254999999999995,-10.850999999999999
totm_long,ma_exit_ema9,yes,3,0.3333333333333333,-2.4574666666666665,-7.3724
totm_long,mfe_lockin_trail,no,2,0.0,-7.868600000000001,-15.737200000000001
totm_long,mfe_lockin_trail,yes,3,0.0,-3.3975000000000004,-10.1925
totm_long,multi_tier_partial,no,2,0.0,-7.868600000000001,-15.737200000000001
totm_long,multi_tier_partial,yes,3,0.3333333333333333,-3.1879333333333335,-9.5638
totm_long,next_pivot_target,no,2,0.0,-15.737200000000001,-31.474400000000003
totm_long,next_pivot_target,yes,3,0.3333333333333333,-7.783933333333334,-23.3518
totm_long,r_multiple_2r,no,2,0.0,-7.868600000000001,-15.737200000000001
totm_long,r_multiple_2r,yes,3,0.0,-3.9161333333333332,-11.7484
totm_long,r_multiple_3r,no,2,0.0,-7.868600000000001,-15.737200000000001
totm_long,r_multiple_3r,yes,3,0.0,-3.9161333333333332,-11.7484
totm_long,regime_flip,no,2,0.0,-37.153349999999996,-74.30669999999999
totm_long,regime_flip,yes,3,0.3333333333333333,-10.548233333333334,-31.6447
totm_long,reverse_signal,no,2,0.0,-7.868600000000001,-15.737200000000001
totm_long,reverse_signal,yes,3,0.0,-3.3975000000000004,-10.1925
totm_long,smc_mitigation_zone,no,2,0.0,-7.868600000000001,-15.737200000000001
totm_long,smc_mitigation_zone,yes,3,0.0,-3.3975000000000004,-10.1925
totm_long,time_stop_10d,no,2,0.0,-31.334,-62.668
totm_long,time_stop_10d,yes,3,0.6666666666666666,-6.757366666666666,-20.2721
totm_long,time_stop_20d,no,2,0.0,-37.153349999999996,-74.30669999999999
totm_long,time_stop_20d,yes,3,0.3333333333333333,-10.548233333333334,-31.6447
totm_long,trailing_10pct,no,2,0.0,-10.0,-20.0
totm_long,trailing_10pct,yes,3,0.3333333333333333,-5.874933333333334,-17.6248
totm_long,trailing_15pct,no,2,0.0,-15.0,-30.0
totm_long,trailing_15pct,yes,3,0.0,-11.1041,-33.3123
totm_long,trailing_5pct,no,2,0.0,-5.0,-10.0
totm_long,trailing_5pct,yes,3,0.0,-4.100933333333333,-12.3028
ultimate_oscillator,atr_trail_1x,no,36,0.16666666666666666,-3.045927777777778,-109.6534
ultimate_oscillator,atr_trail_1x,no_data,7,0.14285714285714285,-5.771157142857143,-40.3981
ultimate_oscillator,atr_trail_1x,yes,39,0.28205128205128205,-1.3270846153846154,-51.7563
ultimate_oscillator,atr_trail_2x,no,36,0.3055555555555556,-5.0374083333333335,-181.3467
ultimate_oscillator,atr_trail_2x,no_data,7,0.14285714285714285,-3.5825,-25.0775
ultimate_oscillator,atr_trail_2x,yes,39,0.5641025641025641,3.4882615384615385,136.0422
ultimate_oscillator,atr_trail_mae_conditional,no,36,0.16666666666666666,-3.045927777777778,-109.6534
ultimate_oscillator,atr_trail_mae_conditional,no_data,7,0.14285714285714285,-5.771157142857143,-40.3981
ultimate_oscillator,atr_trail_mae_conditional,yes,39,0.28205128205128205,-1.3270846153846154,-51.7563
ultimate_oscillator,atr_trail_vix_conditional,no,36,0.25,-1.9219194444444443,-69.1891
ultimate_oscillator,atr_trail_vix_conditional,no_data,7,0.0,-6.047057142857143,-42.3294
ultimate_oscillator,atr_trail_vix_conditional,yes,39,0.3333333333333333,-0.23094615384615388,-9.006900000000002
ultimate_oscillator,break_even_at_1r,no,36,0.16666666666666666,-2.2495583333333333,-80.9841
ultimate_oscillator,break_even_at_1r,no_data,7,0.0,-2.9977142857142858,-20.984
ultimate_oscillator,break_even_at_1r,yes,39,0.3333333333333333,0.5651717948717948,22.0417
ultimate_oscillator,breakeven_plus_trail,no,36,0.4444444444444444,-1.5445388888888891,-55.60340000000001
ultimate_oscillator,breakeven_plus_trail,no_data,7,0.2857142857142857,12.669157142857143,88.6841
ultimate_oscillator,breakeven_plus_trail,yes,39,0.6410256410256411,6.549392307692307,255.4263
ultimate_oscillator,chandelier_3x,no,36,0.027777777777777776,-0.36602222222222225,-13.1768
ultimate_oscillator,chandelier_3x,no_data,7,0.0,-0.8002285714285714,-5.6015999999999995
ultimate_oscillator,chandelier_3x,yes,39,0.05128205128205128,-0.0632153846153846,-2.4654
ultimate_oscillator,class_time_stop,no,36,0.4166666666666667,-3.5504416666666665,-127.8159
ultimate_oscillator,class_time_stop,no_data,7,0.42857142857142855,5.906271428571428,41.3439
ultimate_oscillator,class_time_stop,yes,39,0.717948717948718,5.4719435897435895,213.4058
ultimate_oscillator,earnings_blackout,no,36,0.4444444444444444,-3.309894444444444,-119.15619999999998
ultimate_oscillator,earnings_blackout,no_data,7,0.42857142857142855,11.8475,82.9325
ultimate_oscillator,earnings_blackout,yes,39,0.5897435897435898,2.4336384615384614,94.9119
ultimate_oscillator,fixed_4r_2r,no,36,0.25,-4.890458333333333,-176.0565
ultimate_oscillator,fixed_4r_2r,no_data,7,0.14285714285714285,0.09917142857142888,0.6942000000000021
ultimate_oscillator,fixed_4r_2r,yes,39,0.6153846153846154,4.4433974358974355,173.2925
ultimate_oscillator,hybrid_50pct_target,no,36,0.4166666666666667,-0.34795000000000004,-12.526200000000001
ultimate_oscillator,hybrid_50pct_target,no_data,7,0.2857142857142857,-5.368742857142857,-37.5812
ultimate_oscillator,hybrid_50pct_target,yes,39,0.6923076923076923,-5.111825641025642,-199.36120000000005
ultimate_oscillator,ma_exit_ema9,no,36,0.4444444444444444,-1.3822833333333333,-49.7622
ultimate_oscillator,ma_exit_ema9,no_data,7,0.0,-4.879871428571429,-34.1591
ultimate_oscillator,ma_exit_ema9,yes,39,0.5128205128205128,0.4671051282051282,18.2171
ultimate_oscillator,mfe_lockin_trail,no,36,0.16666666666666666,-3.2276666666666665,-116.196
ultimate_oscillator,mfe_lockin_trail,no_data,7,0.14285714285714285,-5.771157142857143,-40.3981
ultimate_oscillator,mfe_lockin_trail,yes,39,0.28205128205128205,-1.2524179487179485,-48.8443
ultimate_oscillator,multi_tier_partial,no,36,0.3611111111111111,-2.5583472222222223,-92.1005
ultimate_oscillator,multi_tier_partial,no_data,7,0.2857142857142857,-2.5074,-17.5518
ultimate_oscillator,multi_tier_partial,yes,39,0.41025641025641024,-0.8271948717948717,-32.2606
ultimate_oscillator,next_pivot_target,no,36,0.5833333333333334,-1.4036833333333334,-50.5326
ultimate_oscillator,next_pivot_target,no_data,7,0.2857142857142857,-6.5526,-45.8682
ultimate_oscillator,next_pivot_target,yes,39,0.8717948717948718,2.8511102564102564,111.19330000000001
ultimate_oscillator,r_multiple_2r,no,36,0.2777777777777778,-2.314002777777778,-83.3041
ultimate_oscillator,r_multiple_2r,no_data,7,0.14285714285714285,-0.7108285714285714,-4.9758
ultimate_oscillator,r_multiple_2r,yes,39,0.46153846153846156,0.6086820512820512,23.738599999999998
ultimate_oscillator,r_multiple_3r,no,36,0.25,-1.6483305555555556,-59.3399
ultimate_oscillator,r_multiple_3r,no_data,7,0.14285714285714285,1.4122999999999999,9.886099999999999
ultimate_oscillator,r_multiple_3r,yes,39,0.4358974358974359,1.837617948717949,71.6671
ultimate_oscillator,regime_flip,no,36,0.4166666666666667,-1.9786000000000001,-71.2296
ultimate_oscillator,regime_flip,no_data,7,0.14285714285714285,-3.8443285714285715,-26.9103
ultimate_oscillator,regime_flip,yes,39,0.6410256410256411,4.534217948717949,176.8345
ultimate_oscillator,reverse_signal,no,36,0.16666666666666666,-3.045927777777778,-109.6534
ultimate_oscillator,reverse_signal,no_data,7,0.14285714285714285,-5.771157142857143,-40.3981
ultimate_oscillator,reverse_signal,yes,39,0.28205128205128205,-1.3270846153846154,-51.7563
ultimate_oscillator,smc_mitigation_zone,no,36,0.16666666666666666,-3.045927777777778,-109.6534
ultimate_oscillator,smc_mitigation_zone,no_data,7,0.14285714285714285,-5.771157142857143,-40.3981
ultimate_oscillator,smc_mitigation_zone,yes,39,0.28205128205128205,-1.3270846153846154,-51.7563
ultimate_oscillator,time_stop_10d,no,36,0.4722222222222222,-2.2742,-81.8712
ultimate_oscillator,time_stop_10d,no_data,7,0.14285714285714285,-5.441057142857143,-38.0874
ultimate_oscillator,time_stop_10d,yes,39,0.6923076923076923,2.6096102564102566,101.7748
ultimate_oscillator,time_stop_20d,no,36,0.4166666666666667,-1.9786000000000001,-71.2296
ultimate_oscillator,time_stop_20d,no_data,7,0.14285714285714285,-3.8443285714285715,-26.9103
ultimate_oscillator,time_stop_20d,yes,39,0.6410256410256411,4.534217948717949,176.8345
ultimate_oscillator,trailing_10pct,no,36,0.3055555555555556,-3.191447222222222,-114.8921
ultimate_oscillator,trailing_10pct,no_data,7,0.0,-7.934457142857143,-55.5412
ultimate_oscillator,trailing_10pct,yes,39,0.5897435897435898,4.364420512820513,170.2124
ultimate_oscillator,trailing_15pct,no,36,0.3055555555555556,-5.659116666666666,-203.7282
ultimate_oscillator,trailing_15pct,no_data,7,0.14285714285714285,1.5481285714285715,10.8369
ultimate_oscillator,trailing_15pct,yes,39,0.5384615384615384,8.587394871794872,334.90840000000003
ultimate_oscillator,trailing_5pct,no,36,0.16666666666666666,-2.1014999999999997,-75.654
ultimate_oscillator,trailing_5pct,no_data,7,0.14285714285714285,-3.9800714285714283,-27.8605
ultimate_oscillator,trailing_5pct,yes,39,0.3333333333333333,-1.041425641025641,-40.6156
vix_backwardation_long,atr_trail_1x,no,2,0.5,0.3060999999999998,0.6121999999999996
vix_backwardation_long,atr_trail_1x,yes,5,0.8,2.864,14.32
vix_backwardation_long,atr_trail_2x,no,2,0.5,18.375149999999998,36.750299999999996
vix_backwardation_long,atr_trail_2x,yes,5,0.6,12.15368,60.7684
vix_backwardation_long,atr_trail_mae_conditional,no,2,0.5,0.3060999999999998,0.6121999999999996
vix_backwardation_long,atr_trail_mae_conditional,yes,5,0.8,2.864,14.32
vix_backwardation_long,atr_trail_vix_conditional,no,2,0.5,6.673350000000001,13.346700000000002
vix_backwardation_long,atr_trail_vix_conditional,yes,5,0.4,3.80974,19.0487
vix_backwardation_long,break_even_at_1r,no,2,0.5,18.375149999999998,36.750299999999996
vix_backwardation_long,break_even_at_1r,yes,5,0.4,8.56092,42.80459999999999
vix_backwardation_long,breakeven_plus_trail,no,2,1.0,24.998350000000002,49.996700000000004
vix_backwardation_long,breakeven_plus_trail,yes,5,0.8,13.7262,68.631
vix_backwardation_long,chandelier_3x,no,2,0.5,25.50555,51.0111
vix_backwardation_long,chandelier_3x,yes,5,0.2,-2.1619200000000003,-10.809600000000001
vix_backwardation_long,class_time_stop,no,2,1.0,30.753349999999998,61.506699999999995
vix_backwardation_long,class_time_stop,yes,5,0.6,9.747799999999998,48.73899999999999
vix_backwardation_long,earnings_blackout,no,2,1.0,39.2864,78.5728
vix_backwardation_long,earnings_blackout,yes,5,0.6,1.2032999999999998,6.016499999999999
vix_backwardation_long,fixed_4r_2r,no,2,1.0,27.866149999999998,55.732299999999995
vix_backwardation_long,fixed_4r_2r,yes,5,0.4,0.9962599999999998,4.981299999999999
vix_backwardation_long,hybrid_50pct_target,no,2,1.0,28.0944,56.1888
vix_backwardation_long,hybrid_50pct_target,yes,5,0.6,7.480500000000001,37.4025
vix_backwardation_long,ma_exit_ema9,no,2,0.5,19.8661,39.7322
vix_backwardation_long,ma_exit_ema9,yes,5,0.4,1.13414,5.6707
vix_backwardation_long,mfe_lockin_trail,no,2,0.5,0.3060999999999998,0.6121999999999996
vix_backwardation_long,mfe_lockin_trail,yes,5,0.8,2.864,14.32
vix_backwardation_long,multi_tier_partial,no,2,0.5,4.06025,8.1205
vix_backwardation_long,multi_tier_partial,yes,5,0.8,3.4498400000000005,17.249200000000002
vix_backwardation_long,next_pivot_target,no,2,1.0,10.58165,21.1633
vix_backwardation_long,next_pivot_target,yes,5,1.0,1.7404,8.702
vix_backwardation_long,r_multiple_2r,no,2,1.0,13.93305,27.8661
vix_backwardation_long,r_multiple_2r,yes,5,0.6,4.37362,21.8681
vix_backwardation_long,r_multiple_3r,no,2,1.0,21.07725,42.1545
vix_backwardation_long,r_multiple_3r,yes,5,0.4,2.90444,14.522200000000002
vix_backwardation_long,regime_flip,no,2,1.0,34.60745,69.2149
vix_backwardation_long,regime_flip,yes,5,0.8,12.793800000000001,63.969
vix_backwardation_long,reverse_signal,no,2,0.5,0.3060999999999998,0.6121999999999996
vix_backwardation_long,reverse_signal,yes,5,0.8,2.864,14.32
vix_backwardation_long,smc_mitigation_zone,no,2,0.5,0.3060999999999998,0.6121999999999996
vix_backwardation_long,smc_mitigation_zone,yes,5,0.8,2.864,14.32
vix_backwardation_long,time_stop_10d,no,2,1.0,25.096799999999998,50.193599999999996
vix_backwardation_long,time_stop_10d,yes,5,0.8,10.743860000000002,53.719300000000004
vix_backwardation_long,time_stop_20d,no,2,1.0,34.60745,69.2149
vix_backwardation_long,time_stop_20d,yes,5,0.8,12.793800000000001,63.969
vix_backwardation_long,trailing_10pct,no,2,0.5,18.375149999999998,36.750299999999996
vix_backwardation_long,trailing_10pct,yes,5,0.6,11.663359999999999,58.31679999999999
vix_backwardation_long,trailing_15pct,no,2,1.0,28.06325,56.1265
vix_backwardation_long,trailing_15pct,yes,5,0.6,6.515040000000001,32.5752
vix_backwardation_long,trailing_5pct,no,2,0.0,-4.58705,-9.1741
vix_backwardation_long,trailing_5pct,yes,5,0.8,3.13236,15.6618
williams_r_oversold,atr_trail_1x,no,89,0.21348314606741572,-2.9649213483146064,-263.878
williams_r_oversold,atr_trail_1x,no_data,7,0.0,-3.5592714285714284,-24.9149
williams_r_oversold,atr_trail_1x,yes,84,0.2976190476190476,-0.9994309523809523,-83.95219999999999
williams_r_oversold,atr_trail_2x,no,89,0.2247191011235955,-5.979023595505618,-532.1331
williams_r_oversold,atr_trail_2x,no_data,7,0.42857142857142855,-1.5881571428571424,-11.117099999999997
williams_r_oversold,atr_trail_2x,yes,84,0.39285714285714285,0.5986535714285715,50.2869
williams_r_oversold,atr_trail_mae_conditional,no,89,0.21348314606741572,-2.9649213483146064,-263.878
williams_r_oversold,atr_trail_mae_conditional,no_data,7,0.0,-3.5592714285714284,-24.9149
williams_r_oversold,atr_trail_mae_conditional,yes,84,0.2976190476190476,-0.9994309523809523,-83.95219999999999
williams_r_oversold,atr_trail_vix_conditional,no,89,0.23595505617977527,-3.307787640449438,-294.3931
williams_r_oversold,atr_trail_vix_conditional,no_data,7,0.14285714285714285,-1.363514285714286,-9.5446
williams_r_oversold,atr_trail_vix_conditional,yes,84,0.32142857142857145,-0.48666904761904767,-40.8802
williams_r_oversold,break_even_at_1r,no,89,0.11235955056179775,-3.513696629213483,-312.719
williams_r_oversold,break_even_at_1r,no_data,7,0.0,-2.912714285714286,-20.389
williams_r_oversold,break_even_at_1r,yes,84,0.17857142857142858,0.18810952380952387,15.801200000000005
williams_r_oversold,breakeven_plus_trail,no,89,0.33707865168539325,-2.142252808988764,-190.66049999999998
williams_r_oversold,breakeven_plus_trail,no_data,7,0.42857142857142855,-1.7757,-12.4299
williams_r_oversold,breakeven_plus_trail,yes,84,0.5119047619047619,4.9692130952380955,417.4139
williams_r_oversold,chandelier_3x,no,89,0.0449438202247191,-1.4625876404494382,-130.1703
williams_r_oversold,chandelier_3x,no_data,7,0.0,-0.6113285714285714,-4.2793
williams_r_oversold,chandelier_3x,yes,84,0.03571428571428571,0.5664404761904761,47.580999999999996
williams_r_oversold,class_time_stop,no,89,0.3595505617977528,-5.489157303370787,-488.535
williams_r_oversold,class_time_stop,no_data,7,0.5714285714285714,2.930185714285714,20.5113
williams_r_oversold,class_time_stop,yes,84,0.5476190476190477,3.0579976190476192,256.8718
williams_r_oversold,earnings_blackout,no,89,0.47191011235955055,6.152178651685395,547.5439000000001
williams_r_oversold,earnings_blackout,no_data,7,0.42857142857142855,6.926242857142859,48.48370000000001
williams_r_oversold,earnings_blackout,yes,84,0.6547619047619048,5.1314166666666665,431.039
williams_r_oversold,fixed_4r_2r,no,89,0.1797752808988764,-6.344311235955056,-564.6437
williams_r_oversold,fixed_4r_2r,no_data,7,0.14285714285714285,-8.041300000000001,-56.289100000000005
williams_r_oversold,fixed_4r_2r,yes,84,0.44047619047619047,0.9622880952380952,80.8322
williams_r_oversold,hybrid_50pct_target,no,89,0.33707865168539325,-23.966851685393262,-2133.0498000000002
williams_r_oversold,hybrid_50pct_target,no_data,7,0.42857142857142855,1.9397285714285715,13.578100000000001
williams_r_oversold,hybrid_50pct_target,yes,84,0.6666666666666666,-8.94262261904762,-751.1803000000001
williams_r_oversold,ma_exit_ema9,no,89,0.39325842696629215,-1.0467741573033709,-93.16290000000001
williams_r_oversold,ma_exit_ema9,no_data,7,0.5714285714285714,0.5046571428571429,3.5326000000000004
williams_r_oversold,ma_exit_ema9,yes,84,0.44047619047619047,-0.1481642857142857,-12.445799999999998
williams_r_oversold,mfe_lockin_trail,no,89,0.21348314606741572,-3.325598876404494,-295.9783
williams_r_oversold,mfe_lockin_trail,no_data,7,0.0,-3.5592714285714284,-24.9149
williams_r_oversold,mfe_lockin_trail,yes,84,0.30952380952380953,-1.1209928571428571,-94.1634
williams_r_oversold,multi_tier_partial,no,89,0.3146067415730337,-2.675183146067416,-238.09130000000002
williams_r_oversold,multi_tier_partial,no_data,7,0.2857142857142857,-1.987185714285714,-13.9103
williams_r_oversold,multi_tier_partial,yes,84,0.44047619047619047,-0.2546023809523809,-21.386599999999998
williams_r_oversold,next_pivot_target,no,89,0.4943820224719101,-3.1865921348314608,-283.6067
williams_r_oversold,next_pivot_target,no_data,7,0.5714285714285714,-1.6255000000000002,-11.3785
williams_r_oversold,next_pivot_target,yes,84,0.7976190476190477,1.3029583333333332,109.4485
williams_r_oversold,r_multiple_2r,no,89,0.21348314606741572,-2.7177078651685393,-241.876
williams_r_oversold,r_multiple_2r,no_data,7,0.0,-5.834242857142857,-40.8397
williams_r_oversold,r_multiple_2r,yes,84,0.38095238095238093,0.3977869047619048,33.414100000000005
williams_r_oversold,r_multiple_3r,no,89,0.14606741573033707,-3.1771516853932584,-282.7665
williams_r_oversold,r_multiple_3r,no_data,7,0.0,-5.834242857142857,-40.8397
williams_r_oversold,r_multiple_3r,yes,84,0.32142857142857145,0.7108857142857145,59.71440000000001
williams_r_oversold,regime_flip,no,89,0.3707865168539326,-4.320274157303371,-384.5044
williams_r_oversold,regime_flip,no_data,7,0.42857142857142855,-2.6968285714285716,-18.8778
williams_r_oversold,regime_flip,yes,84,0.5833333333333334,2.6991035714285716,226.7247
williams_r_oversold,reverse_signal,no,89,0.4157303370786517,-1.3676966292134831,-121.725
williams_r_oversold,reverse_signal,no_data,7,0.42857142857142855,6.531328571428571,45.7193
williams_r_oversold,reverse_signal,yes,84,0.5714285714285714,1.5958250000000003,134.04930000000002
williams_r_oversold,smc_mitigation_zone,no,89,0.21348314606741572,-2.9649213483146064,-263.878
williams_r_oversold,smc_mitigation_zone,no_data,7,0.0,-3.5592714285714284,-24.9149
williams_r_oversold,smc_mitigation_zone,yes,84,0.2976190476190476,-0.9994309523809523,-83.95219999999999
williams_r_oversold,time_stop_10d,no,89,0.38202247191011235,-2.73978202247191,-243.8406
williams_r_oversold,time_stop_10d,no_data,7,0.42857142857142855,-1.3848142857142858,-9.6937
williams_r_oversold,time_stop_10d,yes,84,0.5833333333333334,1.3593702380952384,114.18710000000002
williams_r_oversold,time_stop_20d,no,89,0.3707865168539326,-4.320274157303371,-384.5044
williams_r_oversold,time_stop_20d,no_data,7,0.42857142857142855,-2.6968285714285716,-18.8778
williams_r_oversold,time_stop_20d,yes,84,0.5833333333333334,2.6991035714285716,226.7247
williams_r_oversold,trailing_10pct,no,89,0.1797752808988764,-4.821567415730337,-429.1195
williams_r_oversold,trailing_10pct,no_data,7,0.2857142857142857,-1.969085714285714,-13.783599999999998
williams_r_oversold,trailing_10pct,yes,84,0.44047619047619047,2.034157142857143,170.8692
williams_r_oversold,trailing_15pct,no,89,0.2247191011235955,-4.255719101123596,-378.759
williams_r_oversold,trailing_15pct,no_data,7,0.2857142857142857,-3.757214285714286,-26.3005
williams_r_oversold,trailing_15pct,yes,84,0.44047619047619047,2.7183952380952383,228.3452
williams_r_oversold,trailing_5pct,no,89,0.14606741573033707,-2.6707831460674156,-237.6997
williams_r_oversold,trailing_5pct,no_data,7,0.14285714285714285,-2.857857142857143,-20.005000000000003
williams_r_oversold,trailing_5pct,yes,84,0.30952380952380953,-1.1651226190476192,-97.8703
williams_stoch_dual,atr_trail_1x,no,18,0.2222222222222222,-1.9116,-34.4088
williams_stoch_dual,atr_trail_1x,yes,13,0.3076923076923077,-0.7643923076923078,-9.937100000000001
williams_stoch_dual,atr_trail_2x,no,18,0.3888888888888889,-1.8996777777777778,-34.1942
williams_stoch_dual,atr_trail_2x,yes,13,0.6153846153846154,4.792161538461539,62.2981
williams_stoch_dual,atr_trail_mae_conditional,no,18,0.2222222222222222,-1.9116,-34.4088
williams_stoch_dual,atr_trail_mae_conditional,yes,13,0.3076923076923077,-0.7643923076923078,-9.937100000000001
williams_stoch_dual,atr_trail_vix_conditional,no,18,0.3888888888888889,-1.4064666666666668,-25.3164
williams_stoch_dual,atr_trail_vix_conditional,yes,13,0.46153846153846156,0.6840076923076924,8.892100000000001
williams_stoch_dual,break_even_at_1r,no,18,0.05555555555555555,-2.631288888888889,-47.3632
williams_stoch_dual,break_even_at_1r,yes,13,0.15384615384615385,-0.2570923076923077,-3.3422
williams_stoch_dual,breakeven_plus_trail,no,18,0.2222222222222222,-2.3389444444444445,-42.101
williams_stoch_dual,breakeven_plus_trail,yes,13,0.3076923076923077,4.504776923076923,58.5621
williams_stoch_dual,chandelier_3x,no,18,0.0,-0.46053333333333335,-8.2896
williams_stoch_dual,chandelier_3x,yes,13,0.0,-0.19506923076923074,-2.5359
williams_stoch_dual,class_time_stop,no,18,0.4444444444444444,-1.8022055555555556,-32.4397
williams_stoch_dual,class_time_stop,yes,13,0.7692307692307693,7.0835307692307685,92.0859
williams_stoch_dual,earnings_blackout,no,18,0.3888888888888889,-14.769966666666667,-265.8594
williams_stoch_dual,earnings_blackout,yes,13,0.6923076923076923,3.3239307692307687,43.211099999999995
williams_stoch_dual,fixed_4r_2r,no,18,0.2777777777777778,-3.822961111111111,-68.8133
williams_stoch_dual,fixed_4r_2r,yes,13,0.6153846153846154,6.062123076923077,78.80760000000001
williams_stoch_dual,hybrid_50pct_target,no,18,0.6111111111111112,-0.03318333333333341,-0.5973000000000014
williams_stoch_dual,hybrid_50pct_target,yes,13,0.8461538461538461,7.168576923076923,93.1915
williams_stoch_dual,ma_exit_ema9,no,18,0.5,-0.3053888888888889,-5.497
williams_stoch_dual,ma_exit_ema9,yes,13,0.46153846153846156,-0.246223076923077,-3.2009000000000007
williams_stoch_dual,mfe_lockin_trail,no,18,0.2222222222222222,-1.9116,-34.4088
williams_stoch_dual,mfe_lockin_trail,yes,13,0.3076923076923077,-0.6265538461538461,-8.145199999999999
williams_stoch_dual,multi_tier_partial,no,18,0.3888888888888889,-1.1166,-20.0988
williams_stoch_dual,multi_tier_partial,yes,13,0.46153846153846156,-0.28076153846153845,-3.6498999999999997
williams_stoch_dual,next_pivot_target,no,18,0.8333333333333334,0.005305555555555508,0.09549999999999914
williams_stoch_dual,next_pivot_target,yes,13,1.0,2.2302153846153847,28.9928
williams_stoch_dual,r_multiple_2r,no,18,0.2777777777777778,-1.336511111111111,-24.057199999999998
williams_stoch_dual,r_multiple_2r,yes,13,0.38461538461538464,0.386123076923077,5.019600000000001
williams_stoch_dual,r_multiple_3r,no,18,0.2777777777777778,-0.8196777777777778,-14.7542
williams_stoch_dual,r_multiple_3r,yes,13,0.3076923076923077,-0.3776076923076923,-4.9089
williams_stoch_dual,regime_flip,no,18,0.3888888888888889,-3.5434111111111113,-63.781400000000005
williams_stoch_dual,regime_flip,yes,13,0.7692307692307693,4.867669230769231,63.2797
williams_stoch_dual,reverse_signal,no,18,0.2222222222222222,-1.9116,-34.4088
williams_stoch_dual,reverse_signal,yes,13,0.3076923076923077,-0.7643923076923078,-9.937100000000001
williams_stoch_dual,smc_mitigation_zone,no,18,0.2222222222222222,-1.9116,-34.4088
williams_stoch_dual,smc_mitigation_zone,yes,13,0.3076923076923077,-0.7643923076923078,-9.937100000000001
williams_stoch_dual,time_stop_10d,no,18,0.4444444444444444,-2.3451166666666667,-42.2121
williams_stoch_dual,time_stop_10d,yes,13,0.7692307692307693,2.6820846153846154,34.8671
williams_stoch_dual,time_stop_20d,no,18,0.3888888888888889,-3.5434111111111113,-63.781400000000005
williams_stoch_dual,time_stop_20d,yes,13,0.7692307692307693,4.867669230769231,63.2797
williams_stoch_dual,trailing_10pct,no,18,0.2222222222222222,-3.3849333333333336,-60.9288
williams_stoch_dual,trailing_10pct,yes,13,0.46153846153846156,4.4332,57.631600000000006
williams_stoch_dual,trailing_15pct,no,18,0.2222222222222222,-7.166516666666666,-128.9973
williams_stoch_dual,trailing_15pct,yes,13,0.6153846153846154,7.747838461538461,100.72189999999999
williams_stoch_dual,trailing_5pct,no,18,0.2777777777777778,-1.9595,-35.271
williams_stoch_dual,trailing_5pct,yes,13,0.6153846153846154,3.0168923076923075,39.2196
xs_low_beta_long,atr_trail_1x,no,56,0.23214285714285715,-0.11444642857142862,-6.4090000000000025
xs_low_beta_long,atr_trail_1x,no_data,4,0.0,-1.488875,-5.9555
xs_low_beta_long,atr_trail_1x,yes,171,0.24561403508771928,-0.6562584795321638,-112.2202
xs_low_beta_long,atr_trail_2x,no,56,0.2857142857142857,-2.3449303571428572,-131.3161
xs_low_beta_long,atr_trail_2x,no_data,4,0.0,-3.624775,-14.4991
xs_low_beta_long,atr_trail_2x,yes,171,0.36257309941520466,-0.6378508771929825,-109.0725
xs_low_beta_long,atr_trail_mae_conditional,no,56,0.23214285714285715,-0.11444642857142862,-6.4090000000000025
xs_low_beta_long,atr_trail_mae_conditional,no_data,4,0.0,-1.488875,-5.9555
xs_low_beta_long,atr_trail_mae_conditional,yes,171,0.24561403508771928,-0.6562584795321638,-112.2202
xs_low_beta_long,atr_trail_vix_conditional,no,56,0.26785714285714285,-0.3888678571428573,-21.77660000000001
xs_low_beta_long,atr_trail_vix_conditional,no_data,4,0.25,-1.3277,-5.3108
xs_low_beta_long,atr_trail_vix_conditional,yes,171,0.25146198830409355,-0.6967017543859649,-119.136
xs_low_beta_long,break_even_at_1r,no,56,0.10714285714285714,-2.3193214285714285,-129.882
xs_low_beta_long,break_even_at_1r,no_data,4,0.0,-1.789925,-7.1597
xs_low_beta_long,break_even_at_1r,yes,171,0.10526315789473684,-0.6585801169590643,-112.6172
xs_low_beta_long,breakeven_plus_trail,no,56,0.21428571428571427,-0.3138410714285714,-17.5751
xs_low_beta_long,breakeven_plus_trail,no_data,4,0.25,-0.10752499999999987,-0.4300999999999995
xs_low_beta_long,breakeven_plus_trail,yes,171,0.2631578947368421,1.3068502923976608,223.4714
xs_low_beta_long,chandelier_3x,no,56,0.10714285714285714,-3.3640178571428576,-188.38500000000002
xs_low_beta_long,chandelier_3x,no_data,4,0.0,-2.873075,-11.4923
xs_low_beta_long,chandelier_3x,yes,171,0.19883040935672514,-0.24446374269005847,-41.8033
xs_low_beta_long,class_time_stop,no,56,0.44642857142857145,-4.254039285714286,-238.2262
xs_low_beta_long,class_time_stop,no_data,4,0.0,-4.393675,-17.5747
xs_low_beta_long,class_time_stop,yes,171,0.543859649122807,0.6159847953216375,105.33340000000001
xs_low_beta_long,earnings_blackout,no,56,0.5892857142857143,18.93075,1060.122
xs_low_beta_long,earnings_blackout,no_data,4,0.25,0.8266249999999999,3.3064999999999998
xs_low_beta_long,earnings_blackout,yes,171,0.5730994152046783,0.9813748538011696,167.8151
xs_low_beta_long,fixed_4r_2r,no,56,0.3392857142857143,-1.8552678571428574,-103.89500000000001
xs_low_beta_long,fixed_4r_2r,no_data,4,0.25,-1.7754250000000003,-7.101700000000001
xs_low_beta_long,fixed_4r_2r,yes,171,0.3742690058479532,0.5945485380116959,101.6678
xs_low_beta_long,hybrid_50pct_target,no,56,0.48214285714285715,-1.383967857142857,-77.5022
xs_low_beta_long,hybrid_50pct_target,no_data,4,0.25,-5.672625,-22.6905
xs_low_beta_long,hybrid_50pct_target,yes,171,0.6198830409356725,0.6606245614035088,112.9668
xs_low_beta_long,ma_exit_ema9,no,56,0.16071428571428573,-3.033226785714286,-169.8607
xs_low_beta_long,ma_exit_ema9,no_data,4,0.25,-0.93325,-3.733
xs_low_beta_long,ma_exit_ema9,yes,171,0.38596491228070173,0.019952046783625728,3.4117999999999995
xs_low_beta_long,mfe_lockin_trail,no,56,0.23214285714285715,-1.1273071428571428,-63.129200000000004
xs_low_beta_long,mfe_lockin_trail,no_data,4,0.0,-1.488875,-5.9555
xs_low_beta_long,mfe_lockin_trail,yes,171,0.24561403508771928,-0.6509076023391813,-111.3052
xs_low_beta_long,multi_tier_partial,no,56,0.2857142857142857,-0.6708553571428572,-37.5679
xs_low_beta_long,multi_tier_partial,no_data,4,0.25,-1.210925,-4.8437
xs_low_beta_long,multi_tier_partial,yes,171,0.39766081871345027,-0.4252637426900585,-72.7201
xs_low_beta_long,next_pivot_target,no,56,0.5714285714285714,-3.530244642857143,-197.6937
xs_low_beta_long,next_pivot_target,no_data,4,0.5,-1.6919750000000002,-6.767900000000001
xs_low_beta_long,next_pivot_target,yes,171,0.8011695906432749,0.1445087719298246,24.711000000000002
xs_low_beta_long,r_multiple_2r,no,56,0.30357142857142855,-1.772257142857143,-99.24640000000001
xs_low_beta_long,r_multiple_2r,no_data,4,0.0,-2.613575,-10.4543
xs_low_beta_long,r_multiple_2r,yes,171,0.3391812865497076,0.09612046783625734,16.436600000000006
xs_low_beta_long,r_multiple_3r,no,56,0.21428571428571427,-1.7874321428571431,-100.09620000000001
xs_low_beta_long,r_multiple_3r,no_data,4,0.0,-2.613575,-10.4543
xs_low_beta_long,r_multiple_3r,yes,171,0.2573099415204678,0.13733157894736844,23.483700000000002
xs_low_beta_long,regime_flip,no,56,0.44642857142857145,-3.7437571428571426,-209.6504
xs_low_beta_long,regime_flip,no_data,4,0.0,-4.527925,-18.1117
xs_low_beta_long,regime_flip,yes,171,0.5672514619883041,0.8107783625730994,138.6431
xs_low_beta_long,reverse_signal,no,56,0.23214285714285715,-0.11444642857142862,-6.4090000000000025
xs_low_beta_long,reverse_signal,no_data,4,0.0,-1.488875,-5.9555
xs_low_beta_long,reverse_signal,yes,171,0.24561403508771928,-0.6562584795321638,-112.2202
xs_low_beta_long,smc_mitigation_zone,no,56,0.23214285714285715,-0.11444642857142862,-6.4090000000000025
xs_low_beta_long,smc_mitigation_zone,no_data,4,0.0,-1.488875,-5.9555
xs_low_beta_long,smc_mitigation_zone,yes,171,0.24561403508771928,-0.6562584795321638,-112.2202
xs_low_beta_long,time_stop_10d,no,56,0.5178571428571429,-0.5344892857142857,-29.9314
xs_low_beta_long,time_stop_10d,no_data,4,0.25,-0.818125,-3.2725
xs_low_beta_long,time_stop_10d,yes,171,0.543859649122807,0.9204947368421051,157.4046
xs_low_beta_long,time_stop_20d,no,56,0.44642857142857145,-3.7437571428571426,-209.6504
xs_low_beta_long,time_stop_20d,no_data,4,0.0,-4.527925,-18.1117
xs_low_beta_long,time_stop_20d,yes,171,0.5672514619883041,0.8107783625730994,138.6431
xs_low_beta_long,trailing_10pct,no,56,0.3392857142857143,-3.8448839285714285,-215.3135
xs_low_beta_long,trailing_10pct,no_data,4,0.25,-3.1797749999999994,-12.719099999999997
xs_low_beta_long,trailing_10pct,yes,171,0.39766081871345027,0.2080953216374269,35.5843
xs_low_beta_long,trailing_15pct,no,56,0.42857142857142855,1.6862678571428569,94.43099999999998
xs_low_beta_long,trailing_15pct,no_data,4,0.75,3.309075,13.2363
xs_low_beta_long,trailing_15pct,yes,171,0.36257309941520466,1.5354315789473685,262.5588
xs_low_beta_long,trailing_5pct,no,56,0.30357142857142855,-2.0924660714285714,-117.1781
xs_low_beta_long,trailing_5pct,no_data,4,0.25,-0.286575,-1.1463
xs_low_beta_long,trailing_5pct,yes,171,0.3508771929824561,-0.2931385964912281,-50.1267
xs_momentum_bottom_decile_short,atr_trail_1x,no,245,0.2163265306122449,-3.4432518367346936,-843.5966999999999
xs_momentum_bottom_decile_short,atr_trail_1x,no_data,24,0.4583333333333333,0.6185958333333331,14.846299999999996
xs_momentum_bottom_decile_short,atr_trail_1x,yes,147,0.29931972789115646,-1.3594027210884354,-199.8322
xs_momentum_bottom_decile_short,atr_trail_2x,no,245,0.24897959183673468,-5.698736326530612,-1396.1904
xs_momentum_bottom_decile_short,atr_trail_2x,no_data,24,0.3333333333333333,-13.6171125,-326.8107
xs_momentum_bottom_decile_short,atr_trail_2x,yes,147,0.4421768707482993,-1.533317006802721,-225.3976
xs_momentum_bottom_decile_short,atr_trail_mae_conditional,no,245,0.2163265306122449,-3.4432518367346936,-843.5966999999999
xs_momentum_bottom_decile_short,atr_trail_mae_conditional,no_data,24,0.4583333333333333,0.6185958333333331,14.846299999999996
xs_momentum_bottom_decile_short,atr_trail_mae_conditional,yes,147,0.29931972789115646,-1.3594027210884354,-199.8322
xs_momentum_bottom_decile_short,atr_trail_vix_conditional,no,245,0.2,-4.347199183673469,-1065.0638
xs_momentum_bottom_decile_short,atr_trail_vix_conditional,no_data,24,0.375,-0.5026208333333332,-12.062899999999996
xs_momentum_bottom_decile_short,atr_trail_vix_conditional,yes,147,0.3129251700680272,-2.9790666666666668,-437.9228
xs_momentum_bottom_decile_short,break_even_at_1r,no,245,0.20816326530612245,-3.939729795918367,-965.2338
xs_momentum_bottom_decile_short,break_even_at_1r,no_data,24,0.2916666666666667,-13.689791666666666,-328.555
xs_momentum_bottom_decile_short,break_even_at_1r,yes,147,0.22448979591836735,-1.5778394557823128,-231.9424
xs_momentum_bottom_decile_short,breakeven_plus_trail,no,245,0.4204081632653061,-1.6239448979591835,-397.8665
xs_momentum_bottom_decile_short,breakeven_plus_trail,no_data,24,0.5416666666666666,0.8168749999999996,19.60499999999999
xs_momentum_bottom_decile_short,breakeven_plus_trail,yes,147,0.54421768707483,3.4998802721088436,514.4824
xs_momentum_bottom_decile_short,chandelier_3x,no,245,0.14285714285714285,-5.126537551020408,-1256.0017
xs_momentum_bottom_decile_short,chandelier_3x,no_data,24,0.2916666666666667,-8.066708333333333,-193.601
xs_momentum_bottom_decile_short,chandelier_3x,yes,147,0.23809523809523808,-1.0583809523809524,-155.58200000000002
xs_momentum_bottom_decile_short,class_time_stop,no,245,0.4857142857142857,-16.907169795918367,-4142.2566
xs_momentum_bottom_decile_short,class_time_stop,no_data,24,0.5,-11.988504166666665,-287.72409999999996
xs_momentum_bottom_decile_short,class_time_stop,yes,147,0.5918367346938775,-5.286517006802721,-777.1179999999999
xs_momentum_bottom_decile_short,earnings_blackout,no,245,0.43673469387755104,-18.576105714285713,-4551.1458999999995
xs_momentum_bottom_decile_short,earnings_blackout,no_data,24,0.5,-12.251645833333333,-294.0395
xs_momentum_bottom_decile_short,earnings_blackout,yes,147,0.6122448979591837,-1.6260054421768715,-239.0228000000001
xs_momentum_bottom_decile_short,fixed_4r_2r,no,245,0.20816326530612245,-7.382667346938776,-1808.7535
xs_momentum_bottom_decile_short,fixed_4r_2r,no_data,24,0.3333333333333333,-12.278425,-294.6822
xs_momentum_bottom_decile_short,fixed_4r_2r,yes,147,0.4217687074829932,-1.4812530612244899,-217.7442
xs_momentum_bottom_decile_short,hybrid_50pct_target,no,245,0.6857142857142857,-101.54879224489795,-24879.4541
xs_momentum_bottom_decile_short,hybrid_50pct_target,no_data,24,0.625,-35.645020833333334,-855.4805
xs_momentum_bottom_decile_short,hybrid_50pct_target,yes,147,0.7959183673469388,-33.00484081632653,-4851.7116
xs_momentum_bottom_decile_short,ma_exit_ema9,no,245,0.3183673469387755,-2.029238775510204,-497.1635
xs_momentum_bottom_decile_short,ma_exit_ema9,no_data,24,0.2916666666666667,-2.4258083333333333,-58.2194
xs_momentum_bottom_decile_short,ma_exit_ema9,yes,147,0.3673469387755102,-0.126934693877551,-18.659399999999994
xs_momentum_bottom_decile_short,mfe_lockin_trail,no,245,0.2163265306122449,-3.4644187755102043,-848.7826
xs_momentum_bottom_decile_short,mfe_lockin_trail,no_data,24,0.4583333333333333,0.9159,21.9816
xs_momentum_bottom_decile_short,mfe_lockin_trail,yes,147,0.29931972789115646,-1.3069489795918368,-192.1215
xs_momentum_bottom_decile_short,multi_tier_partial,no,245,0.2979591836734694,-2.9529771428571427,-723.4793999999999
xs_momentum_bottom_decile_short,multi_tier_partial,no_data,24,0.5416666666666666,0.3709833333333332,8.903599999999997
xs_momentum_bottom_decile_short,multi_tier_partial,yes,147,0.46938775510204084,-0.6165829931972789,-90.63770000000001
xs_momentum_bottom_decile_short,next_pivot_target,no,245,0.5673469387755102,-3.230013469387755,-791.3533
xs_momentum_bottom_decile_short,next_pivot_target,no_data,24,0.5833333333333334,-9.831779166666667,-235.9627
xs_momentum_bottom_decile_short,next_pivot_target,yes,147,0.7551020408163265,0.008999319727891149,1.3228999999999989
xs_momentum_bottom_decile_short,r_multiple_2r,no,245,0.19591836734693877,-3.0906399999999996,-757.2067999999999
xs_momentum_bottom_decile_short,r_multiple_2r,no_data,24,0.375,-10.086758333333334,-242.0822
xs_momentum_bottom_decile_short,r_multiple_2r,yes,147,0.3741496598639456,-1.4493551020408164,-213.0552
xs_momentum_bottom_decile_short,r_multiple_3r,no,245,0.12653061224489795,-4.58583469387755,-1123.5294999999999
xs_momentum_bottom_decile_short,r_multiple_3r,no_data,24,0.3333333333333333,-10.033866666666666,-240.81279999999998
xs_momentum_bottom_decile_short,r_multiple_3r,yes,147,0.32653061224489793,-0.7301591836734697,-107.33340000000004
xs_momentum_bottom_decile_short,regime_flip,no,245,0.4326530612244898,-13.604157959183674,-3333.0187
xs_momentum_bottom_decile_short,regime_flip,no_data,24,0.5416666666666666,-11.6863125,-280.4715
xs_momentum_bottom_decile_short,regime_flip,yes,147,0.564625850340136,-8.067304761904762,-1185.8937999999998
xs_momentum_bottom_decile_short,reverse_signal,no,245,0.2163265306122449,-3.4432518367346936,-843.5966999999999
xs_momentum_bottom_decile_short,reverse_signal,no_data,24,0.4583333333333333,0.6185958333333331,14.846299999999996
xs_momentum_bottom_decile_short,reverse_signal,yes,147,0.29931972789115646,-1.3594027210884354,-199.8322
xs_momentum_bottom_decile_short,smc_mitigation_zone,no,245,0.2163265306122449,-3.4432518367346936,-843.5966999999999
xs_momentum_bottom_decile_short,smc_mitigation_zone,no_data,24,0.4583333333333333,0.6185958333333331,14.846299999999996
xs_momentum_bottom_decile_short,smc_mitigation_zone,yes,147,0.29931972789115646,-1.3594027210884354,-199.8322
xs_momentum_bottom_decile_short,time_stop_10d,no,245,0.4,-4.505579591836734,-1103.867
xs_momentum_bottom_decile_short,time_stop_10d,no_data,24,0.5416666666666666,-4.70295,-112.8708
xs_momentum_bottom_decile_short,time_stop_10d,yes,147,0.5986394557823129,-6.193842176870748,-910.4947999999999
xs_momentum_bottom_decile_short,time_stop_20d,no,245,0.4326530612244898,-13.604157959183674,-3333.0187
xs_momentum_bottom_decile_short,time_stop_20d,no_data,24,0.5416666666666666,-11.6863125,-280.4715
xs_momentum_bottom_decile_short,time_stop_20d,yes,147,0.564625850340136,-8.067304761904762,-1185.8937999999998
xs_momentum_bottom_decile_short,trailing_10pct,no,245,0.20408163265306123,-4.570304897959184,-1119.7247
xs_momentum_bottom_decile_short,trailing_10pct,no_data,24,0.4166666666666667,0.18665416666666682,4.479700000000004
xs_momentum_bottom_decile_short,trailing_10pct,yes,147,0.40816326530612246,-0.3329639455782313,-48.945699999999995
xs_momentum_bottom_decile_short,trailing_15pct,no,245,0.2653061224489796,-5.561638367346939,-1362.6014
xs_momentum_bottom_decile_short,trailing_15pct,no_data,24,0.4583333333333333,1.0078208333333334,24.1877
xs_momentum_bottom_decile_short,trailing_15pct,yes,147,0.46938775510204084,-0.3658217687074832,-53.775800000000025
xs_momentum_bottom_decile_short,trailing_5pct,no,245,0.10204081632653061,-2.989508571428572,-732.4296
xs_momentum_bottom_decile_short,trailing_5pct,no_data,24,0.20833333333333334,-1.0068625000000002,-24.164700000000003
xs_momentum_bottom_decile_short,trailing_5pct,yes,147,0.23129251700680273,-1.7630238095238093,-259.1645
xs_momentum_top_decile,atr_trail_1x,no,37,0.1891891891891892,-2.7062324324324325,-100.1306
xs_momentum_top_decile,atr_trail_1x,no_data,9,0.3333333333333333,-1.9421111111111111,-17.479
xs_momentum_top_decile,atr_trail_1x,yes,39,0.358974358974359,-0.03162820512820514,-1.2335000000000005
xs_momentum_top_decile,atr_trail_2x,no,37,0.16216216216216217,-3.5830027027027027,-132.5711
xs_momentum_top_decile,atr_trail_2x,no_data,9,0.2222222222222222,-5.098455555555556,-45.8861
xs_momentum_top_decile,atr_trail_2x,yes,39,0.4358974358974359,3.2075153846153843,125.09309999999999
xs_momentum_top_decile,atr_trail_mae_conditional,no,37,0.1891891891891892,-2.7062324324324325,-100.1306
xs_momentum_top_decile,atr_trail_mae_conditional,no_data,9,0.3333333333333333,-1.9421111111111111,-17.479
xs_momentum_top_decile,atr_trail_mae_conditional,yes,39,0.358974358974359,-0.03162820512820514,-1.2335000000000005
xs_momentum_top_decile,atr_trail_vix_conditional,no,37,0.13513513513513514,-3.2683459459459456,-120.9288
xs_momentum_top_decile,atr_trail_vix_conditional,no_data,9,0.1111111111111111,-2.9340333333333337,-26.4063
xs_momentum_top_decile,atr_trail_vix_conditional,yes,39,0.38461538461538464,0.4687538461538462,18.2814
xs_momentum_top_decile,break_even_at_1r,no,37,0.08108108108108109,-2.8825432432432434,-106.6541
xs_momentum_top_decile,break_even_at_1r,no_data,9,0.1111111111111111,-2.7000888888888888,-24.3008
xs_momentum_top_decile,break_even_at_1r,yes,39,0.20512820512820512,2.1717717948717947,84.6991
xs_momentum_top_decile,breakeven_plus_trail,no,37,0.21621621621621623,-3.116408108108108,-115.30709999999999
xs_momentum_top_decile,breakeven_plus_trail,no_data,9,0.1111111111111111,-5.5460777777777786,-49.9147
xs_momentum_top_decile,breakeven_plus_trail,yes,39,0.38461538461538464,7.272987179487179,283.6465
xs_momentum_top_decile,chandelier_3x,no,37,0.13513513513513514,-1.1941432432432433,-44.1833
xs_momentum_top_decile,chandelier_3x,no_data,9,0.2222222222222222,-3.465633333333334,-31.190700000000003
xs_momentum_top_decile,chandelier_3x,yes,39,0.20512820512820512,1.1817461538461538,46.0881
xs_momentum_top_decile,class_time_stop,no,37,0.40540540540540543,-3.3456567567567568,-123.7893
xs_momentum_top_decile,class_time_stop,no_data,9,0.1111111111111111,-11.728744444444445,-105.5587
xs_momentum_top_decile,class_time_stop,yes,39,0.5897435897435898,7.28228717948718,284.0092
xs_momentum_top_decile,earnings_blackout,no,37,0.32432432432432434,-6.192205405405405,-229.11159999999998
xs_momentum_top_decile,earnings_blackout,no_data,9,0.4444444444444444,-6.442599999999999,-57.98339999999999
xs_momentum_top_decile,earnings_blackout,yes,39,0.5897435897435898,6.055138461538461,236.1504
xs_momentum_top_decile,fixed_4r_2r,no,37,0.21621621621621623,-2.9590675675675677,-109.4855
xs_momentum_top_decile,fixed_4r_2r,no_data,9,0.0,-8.176266666666667,-73.5864
xs_momentum_top_decile,fixed_4r_2r,yes,39,0.46153846153846156,4.200020512820513,163.80079999999998
xs_momentum_top_decile,hybrid_50pct_target,no,37,0.2972972972972973,-2.6598189189189188,-98.41329999999999
xs_momentum_top_decile,hybrid_50pct_target,no_data,9,0.3333333333333333,-3.1136333333333335,-28.0227
xs_momentum_top_decile,hybrid_50pct_target,yes,39,0.6153846153846154,5.307710256410256,207.0007
xs_momentum_top_decile,ma_exit_ema9,no,37,0.16216216216216217,-2.2886486486486484,-84.67999999999999
xs_momentum_top_decile,ma_exit_ema9,no_data,9,0.3333333333333333,-1.7510666666666665,-15.759599999999999
xs_momentum_top_decile,ma_exit_ema9,yes,39,0.3076923076923077,-0.1550974358974359,-6.048800000000001
xs_momentum_top_decile,mfe_lockin_trail,no,37,0.21621621621621623,-2.338032432432432,-86.5072
xs_momentum_top_decile,mfe_lockin_trail,no_data,9,0.3333333333333333,-1.9421111111111111,-17.479
xs_momentum_top_decile,mfe_lockin_trail,yes,39,0.358974358974359,0.021779487179487134,0.8493999999999982
xs_momentum_top_decile,multi_tier_partial,no,37,0.35135135135135137,-1.7249567567567567,-63.8234
xs_momentum_top_decile,multi_tier_partial,no_data,9,0.3333333333333333,-1.8218333333333332,-16.3965
xs_momentum_top_decile,multi_tier_partial,yes,39,0.4358974358974359,-0.46634358974358975,-18.1874
xs_momentum_top_decile,next_pivot_target,no,37,0.6216216216216216,-1.2433513513513514,-46.004000000000005
xs_momentum_top_decile,next_pivot_target,no_data,9,0.6666666666666666,0.3149999999999999,2.834999999999999
xs_momentum_top_decile,next_pivot_target,yes,39,0.7948717948717948,0.5480179487179487,21.372700000000002
xs_momentum_top_decile,r_multiple_2r,no,37,0.24324324324324326,-0.8436594594594594,-31.2154
xs_momentum_top_decile,r_multiple_2r,no_data,9,0.2222222222222222,-1.7886222222222221,-16.0976
xs_momentum_top_decile,r_multiple_2r,yes,39,0.4358974358974359,1.8936974358974357,73.85419999999999
xs_momentum_top_decile,r_multiple_3r,no,37,0.1891891891891892,-0.8305945945945946,-30.732
xs_momentum_top_decile,r_multiple_3r,no_data,9,0.2222222222222222,-1.0221222222222224,-9.199100000000001
xs_momentum_top_decile,r_multiple_3r,yes,39,0.3076923076923077,1.5955102564102563,62.2249
xs_momentum_top_decile,regime_flip,no,37,0.3783783783783784,-3.2272108108108104,-119.40679999999999
xs_momentum_top_decile,regime_flip,no_data,9,0.1111111111111111,-8.431244444444443,-75.88119999999999
xs_momentum_top_decile,regime_flip,yes,39,0.6666666666666666,5.601928205128205,218.4752
xs_momentum_top_decile,reverse_signal,no,37,0.1891891891891892,-2.7062324324324325,-100.1306
xs_momentum_top_decile,reverse_signal,no_data,9,0.3333333333333333,-1.9421111111111111,-17.479
xs_momentum_top_decile,reverse_signal,yes,39,0.358974358974359,-0.03162820512820514,-1.2335000000000005
xs_momentum_top_decile,smc_mitigation_zone,no,37,0.1891891891891892,-2.7062324324324325,-100.1306
xs_momentum_top_decile,smc_mitigation_zone,no_data,9,0.3333333333333333,-1.9421111111111111,-17.479
xs_momentum_top_decile,smc_mitigation_zone,yes,39,0.358974358974359,-0.03162820512820514,-1.2335000000000005
xs_momentum_top_decile,time_stop_10d,no,37,0.3783783783783784,-2.9956837837837837,-110.8403
xs_momentum_top_decile,time_stop_10d,no_data,9,0.1111111111111111,-8.092711111111111,-72.8344
xs_momentum_top_decile,time_stop_10d,yes,39,0.6153846153846154,3.8328461538461536,149.481
xs_momentum_top_decile,time_stop_20d,no,37,0.3783783783783784,-3.2272108108108104,-119.40679999999999
xs_momentum_top_decile,time_stop_20d,no_data,9,0.1111111111111111,-8.431244444444443,-75.88119999999999
xs_momentum_top_decile,time_stop_20d,yes,39,0.6666666666666666,5.601928205128205,218.4752
xs_momentum_top_decile,trailing_10pct,no,37,0.21621621621621623,-4.8806702702702704,-180.5848
xs_momentum_top_decile,trailing_10pct,no_data,9,0.1111111111111111,-6.94818888888889,-62.5337
xs_momentum_top_decile,trailing_10pct,yes,39,0.4358974358974359,4.567002564102564,178.1131
xs_momentum_top_decile,trailing_15pct,no,37,0.1891891891891892,-6.660083783783784,-246.4231
xs_momentum_top_decile,trailing_15pct,no_data,9,0.1111111111111111,-7.615755555555555,-68.5418
xs_momentum_top_decile,trailing_15pct,yes,39,0.5128205128205128,13.799035897435898,538.1624
xs_momentum_top_decile,trailing_5pct,no,37,0.13513513513513514,-3.220972972972973,-119.176
xs_momentum_top_decile,trailing_5pct,no_data,9,0.2222222222222222,-2.5845000000000002,-23.2605
xs_momentum_top_decile,trailing_5pct,yes,39,0.3333333333333333,0.5440333333333334,21.2173
xs_quality_top_quintile_long,atr_trail_1x,no,33,0.24242424242424243,-1.6145333333333334,-53.2796
xs_quality_top_quintile_long,atr_trail_1x,no_data,3,0.0,-3.1330000000000005,-9.399000000000001
xs_quality_top_quintile_long,atr_trail_1x,yes,69,0.2753623188405797,-1.0268579710144927,-70.8532
xs_quality_top_quintile_long,atr_trail_2x,no,33,0.3333333333333333,-3.3935848484848488,-111.98830000000001
xs_quality_top_quintile_long,atr_trail_2x,no_data,3,0.0,-3.594466666666667,-10.7834
xs_quality_top_quintile_long,atr_trail_2x,yes,69,0.3188405797101449,-0.9843275362318841,-67.9186
xs_quality_top_quintile_long,atr_trail_mae_conditional,no,33,0.24242424242424243,-1.6145333333333334,-53.2796
xs_quality_top_quintile_long,atr_trail_mae_conditional,no_data,3,0.0,-3.1330000000000005,-9.399000000000001
xs_quality_top_quintile_long,atr_trail_mae_conditional,yes,69,0.2753623188405797,-1.0268579710144927,-70.8532
xs_quality_top_quintile_long,atr_trail_vix_conditional,no,33,0.24242424242424243,-1.5164333333333335,-50.042300000000004
xs_quality_top_quintile_long,atr_trail_vix_conditional,no_data,3,0.0,-2.1957,-6.5871
xs_quality_top_quintile_long,atr_trail_vix_conditional,yes,69,0.30434782608695654,-0.6407623188405797,-44.212599999999995
xs_quality_top_quintile_long,break_even_at_1r,no,33,0.18181818181818182,-2.2830545454545454,-75.3408
xs_quality_top_quintile_long,break_even_at_1r,no_data,3,0.0,-3.9848,-11.9544
xs_quality_top_quintile_long,break_even_at_1r,yes,69,0.11594202898550725,-0.8339695652173913,-57.5439
xs_quality_top_quintile_long,breakeven_plus_trail,no,33,0.30303030303030304,-2.5331909090909095,-83.59530000000001
xs_quality_top_quintile_long,breakeven_plus_trail,no_data,3,0.0,-4.370133333333333,-13.1104
xs_quality_top_quintile_long,breakeven_plus_trail,yes,69,0.3333333333333333,4.767765217391304,328.9758
xs_quality_top_quintile_long,chandelier_3x,no,33,0.15151515151515152,-3.508339393939394,-115.7752
xs_quality_top_quintile_long,chandelier_3x,no_data,3,0.3333333333333333,7.323866666666667,21.971600000000002
xs_quality_top_quintile_long,chandelier_3x,yes,69,0.15942028985507245,-0.20175797101449286,-13.921300000000008
xs_quality_top_quintile_long,class_time_stop,no,33,0.3939393939393939,-6.043990909090909,-199.45170000000002
xs_quality_top_quintile_long,class_time_stop,no_data,3,0.3333333333333333,3.9931000000000005,11.979300000000002
xs_quality_top_quintile_long,class_time_stop,yes,69,0.5072463768115942,2.087746376811594,144.0545
xs_quality_top_quintile_long,earnings_blackout,no,33,0.36363636363636365,-5.675887878787879,-187.3043
xs_quality_top_quintile_long,earnings_blackout,no_data,3,0.3333333333333333,7.246633333333334,21.739900000000002
xs_quality_top_quintile_long,earnings_blackout,yes,69,0.4927536231884058,1.0480391304347827,72.3147
xs_quality_top_quintile_long,fixed_4r_2r,no,33,0.18181818181818182,-5.8317,-192.4461
xs_quality_top_quintile_long,fixed_4r_2r,no_data,3,0.3333333333333333,4.809533333333333,14.428600000000001
xs_quality_top_quintile_long,fixed_4r_2r,yes,69,0.36231884057971014,0.31940724637681167,22.039100000000005
xs_quality_top_quintile_long,hybrid_50pct_target,no,33,0.36363636363636365,-1.0646818181818183,-35.1345
xs_quality_top_quintile_long,hybrid_50pct_target,no_data,3,0.6666666666666666,8.2284,24.685200000000002
xs_quality_top_quintile_long,hybrid_50pct_target,yes,69,0.5797101449275363,2.2828202898550725,157.5146
xs_quality_top_quintile_long,ma_exit_ema9,no,33,0.18181818181818182,-2.802469696969697,-92.4815
xs_quality_top_quintile_long,ma_exit_ema9,no_data,3,0.0,-4.173066666666666,-12.5192
xs_quality_top_quintile_long,ma_exit_ema9,yes,69,0.30434782608695654,1.0509985507246378,72.5189
xs_quality_top_quintile_long,mfe_lockin_trail,no,33,0.24242424242424243,-1.5206151515151516,-50.1803
xs_quality_top_quintile_long,mfe_lockin_trail,no_data,3,0.0,-3.1330000000000005,-9.399000000000001
xs_quality_top_quintile_long,mfe_lockin_trail,yes,69,0.2898550724637681,-0.7104826086956522,-49.0233
xs_quality_top_quintile_long,multi_tier_partial,no,33,0.3333333333333333,-0.9465151515151515,-31.235
xs_quality_top_quintile_long,multi_tier_partial,no_data,3,0.0,-3.1330000000000005,-9.399000000000001
xs_quality_top_quintile_long,multi_tier_partial,yes,69,0.4057971014492754,-0.6901362318840579,-47.6194
xs_quality_top_quintile_long,next_pivot_target,no,33,0.6060606060606061,-1.5106181818181819,-49.8504
xs_quality_top_quintile_long,next_pivot_target,no_data,3,0.3333333333333333,4.809533333333333,14.428600000000001
xs_quality_top_quintile_long,next_pivot_target,yes,69,0.782608695652174,1.1673608695652173,80.5479
xs_quality_top_quintile_long,r_multiple_2r,no,33,0.2727272727272727,-0.26457272727272746,-8.730900000000005
xs_quality_top_quintile_long,r_multiple_2r,no_data,3,0.0,-3.9848,-11.9544
xs_quality_top_quintile_long,r_multiple_2r,yes,69,0.4057971014492754,1.1221869565217393,77.43090000000001
xs_quality_top_quintile_long,r_multiple_3r,no,33,0.21212121212121213,0.5122696969696972,16.904900000000005
xs_quality_top_quintile_long,r_multiple_3r,no_data,3,0.0,-3.9848,-11.9544
xs_quality_top_quintile_long,r_multiple_3r,yes,69,0.2608695652173913,0.045846376811594286,3.1634000000000055
xs_quality_top_quintile_long,regime_flip,no,33,0.2727272727272727,-4.701593939393939,-155.1526
xs_quality_top_quintile_long,regime_flip,no_data,3,0.3333333333333333,-4.181166666666667,-12.5435
xs_quality_top_quintile_long,regime_flip,yes,69,0.5217391304347826,2.3268260869565216,160.551
xs_quality_top_quintile_long,reverse_signal,no,33,0.24242424242424243,-1.6145333333333334,-53.2796
xs_quality_top_quintile_long,reverse_signal,no_data,3,0.0,-3.1330000000000005,-9.399000000000001
xs_quality_top_quintile_long,reverse_signal,yes,69,0.2753623188405797,-1.0268579710144927,-70.8532
xs_quality_top_quintile_long,smc_mitigation_zone,no,33,0.24242424242424243,-1.6145333333333334,-53.2796
xs_quality_top_quintile_long,smc_mitigation_zone,no_data,3,0.0,-3.1330000000000005,-9.399000000000001
xs_quality_top_quintile_long,smc_mitigation_zone,yes,69,0.2753623188405797,-1.0268579710144927,-70.8532
xs_quality_top_quintile_long,time_stop_10d,no,33,0.3939393939393939,-2.3296484848484846,-76.8784
xs_quality_top_quintile_long,time_stop_10d,no_data,3,0.6666666666666666,1.3350000000000002,4.005000000000001
xs_quality_top_quintile_long,time_stop_10d,yes,69,0.5507246376811594,1.820314492753623,125.6017
xs_quality_top_quintile_long,time_stop_20d,no,33,0.2727272727272727,-4.701593939393939,-155.1526
xs_quality_top_quintile_long,time_stop_20d,no_data,3,0.3333333333333333,-4.181166666666667,-12.5435
xs_quality_top_quintile_long,time_stop_20d,yes,69,0.5217391304347826,2.3268260869565216,160.551
xs_quality_top_quintile_long,trailing_10pct,no,33,0.2727272727272727,-4.79830303030303,-158.344
xs_quality_top_quintile_long,trailing_10pct,no_data,3,0.3333333333333333,4.477866666666667,13.433600000000002
xs_quality_top_quintile_long,trailing_10pct,yes,69,0.37681159420289856,0.2504521739130434,17.281199999999995
xs_quality_top_quintile_long,trailing_15pct,no,33,0.2727272727272727,-4.334245454545455,-143.0301
xs_quality_top_quintile_long,trailing_15pct,no_data,3,1.0,29.449833333333334,88.3495
xs_quality_top_quintile_long,trailing_15pct,yes,69,0.42028985507246375,4.462521739130435,307.914
xs_quality_top_quintile_long,trailing_5pct,no,33,0.15151515151515152,-2.6795242424242427,-88.4243
xs_quality_top_quintile_long,trailing_5pct,no_data,3,0.0,-4.476633333333333,-13.4299
xs_quality_top_quintile_long,trailing_5pct,yes,69,0.2463768115942029,-1.293127536231884,-89.22579999999999
