strategy,exit_method,vol_band,n,win_rate,avg_pnl_pct,total_pnl_pct
adx_initiation,atr_trail_1x,crisis_ge_40,3,0.0,-10.809233333333333,-32.4277
adx_initiation,atr_trail_1x,high_25_40,43,0.23255813953488372,-2.911674418604651,-125.202
adx_initiation,atr_trail_1x,low_lt_15,27,0.18518518518518517,-5.1966,-140.3082
adx_initiation,atr_trail_1x,mid_15_25,104,0.25961538461538464,-2.246355769230769,-233.621
adx_initiation,atr_trail_2x,crisis_ge_40,3,0.3333333333333333,8.515100000000002,25.545300000000005
adx_initiation,atr_trail_2x,high_25_40,43,0.37209302325581395,1.96863488372093,84.65129999999999
adx_initiation,atr_trail_2x,low_lt_15,27,0.18518518518518517,-7.458674074074075,-201.38420000000002
adx_initiation,atr_trail_2x,mid_15_25,104,0.2980769230769231,-4.000539423076924,-416.0561
adx_initiation,atr_trail_mae_conditional,crisis_ge_40,3,0.0,-10.809233333333333,-32.4277
adx_initiation,atr_trail_mae_conditional,high_25_40,43,0.23255813953488372,-2.911674418604651,-125.202
adx_initiation,atr_trail_mae_conditional,low_lt_15,27,0.18518518518518517,-5.1966,-140.3082
adx_initiation,atr_trail_mae_conditional,mid_15_25,104,0.25961538461538464,-2.246355769230769,-233.621
adx_initiation,atr_trail_vix_conditional,crisis_ge_40,3,0.3333333333333333,3.851733333333334,11.555200000000003
adx_initiation,atr_trail_vix_conditional,high_25_40,43,0.4186046511627907,-0.8309302325581395,-35.73
adx_initiation,atr_trail_vix_conditional,low_lt_15,27,0.14814814814814814,-6.908851851851852,-186.539
adx_initiation,atr_trail_vix_conditional,mid_15_25,104,0.25961538461538464,-2.776501923076923,-288.7562
adx_initiation,break_even_at_1r,crisis_ge_40,3,0.0,-11.3105,-33.9315
adx_initiation,break_even_at_1r,high_25_40,43,0.27906976744186046,-1.5978837209302323,-68.70899999999999
adx_initiation,break_even_at_1r,low_lt_15,27,0.1111111111111111,-1.9537370370370373,-52.75090000000001
adx_initiation,break_even_at_1r,mid_15_25,104,0.18269230769230768,-3.3510721153846155,-348.5115
adx_initiation,breakeven_plus_trail,crisis_ge_40,3,0.6666666666666666,9.0435,27.1305
adx_initiation,breakeven_plus_trail,high_25_40,43,0.46511627906976744,6.684330232558139,287.4262
adx_initiation,breakeven_plus_trail,low_lt_15,27,0.3333333333333333,8.605485185185186,232.34810000000002
adx_initiation,breakeven_plus_trail,mid_15_25,104,0.47115384615384615,5.149767307692307,535.5758
adx_initiation,chandelier_3x,crisis_ge_40,3,0.0,-0.43870000000000003,-1.3161
adx_initiation,chandelier_3x,high_25_40,43,0.16279069767441862,-0.1912348837209302,-8.223099999999999
adx_initiation,chandelier_3x,low_lt_15,27,0.037037037037037035,-2.5133851851851854,-67.8614
adx_initiation,chandelier_3x,mid_15_25,104,0.1346153846153846,0.3266336538461539,33.9699
adx_initiation,class_time_stop,crisis_ge_40,3,1.0,44.032466666666664,132.0974
adx_initiation,class_time_stop,high_25_40,43,0.5348837209302325,5.280379069767442,227.05630000000002
adx_initiation,class_time_stop,low_lt_15,27,0.4444444444444444,-2.240507407407407,-60.49369999999999
adx_initiation,class_time_stop,mid_15_25,104,0.4423076923076923,0.11470865384615378,11.929699999999993
adx_initiation,earnings_blackout,crisis_ge_40,3,0.6666666666666666,16.1328,48.3984
adx_initiation,earnings_blackout,high_25_40,43,0.627906976744186,23.85161162790698,1025.6193
adx_initiation,earnings_blackout,low_lt_15,27,0.5925925925925926,11.553766666666665,311.95169999999996
adx_initiation,earnings_blackout,mid_15_25,104,0.4230769230769231,-1.4097701923076922,-146.6161
adx_initiation,fixed_4r_2r,crisis_ge_40,3,0.3333333333333333,17.353833333333334,52.0615
adx_initiation,fixed_4r_2r,high_25_40,43,0.4418604651162791,4.460293023255814,191.7926
adx_initiation,fixed_4r_2r,low_lt_15,27,0.2962962962962963,2.13227037037037,57.571299999999994
adx_initiation,fixed_4r_2r,mid_15_25,104,0.2980769230769231,9.235477884615385,960.4897
adx_initiation,hybrid_50pct_target,crisis_ge_40,3,0.3333333333333333,0.28200000000000003,0.8460000000000001
adx_initiation,hybrid_50pct_target,high_25_40,43,0.4883720930232558,4.434774418604651,190.6953
adx_initiation,hybrid_50pct_target,low_lt_15,27,0.4444444444444444,0.7445592592592593,20.1031
adx_initiation,hybrid_50pct_target,mid_15_25,104,0.3557692307692308,-2.044378846153846,-212.6154
adx_initiation,ma_exit_ema9,crisis_ge_40,3,0.0,-9.0749,-27.2247
adx_initiation,ma_exit_ema9,high_25_40,43,0.3953488372093023,0.5583790697674417,24.010299999999994
adx_initiation,ma_exit_ema9,low_lt_15,27,0.25925925925925924,-3.7701259259259254,-101.79339999999999
adx_initiation,ma_exit_ema9,mid_15_25,104,0.34615384615384615,0.312525,32.5026
adx_initiation,mfe_lockin_trail,crisis_ge_40,3,0.0,-10.809233333333333,-32.4277
adx_initiation,mfe_lockin_trail,high_25_40,43,0.23255813953488372,-2.807067441860465,-120.70389999999999
adx_initiation,mfe_lockin_trail,low_lt_15,27,0.18518518518518517,-5.1966,-140.3082
adx_initiation,mfe_lockin_trail,mid_15_25,104,0.25961538461538464,-2.595168269230769,-269.8975
adx_initiation,multi_tier_partial,crisis_ge_40,3,0.0,-10.809233333333333,-32.4277
adx_initiation,multi_tier_partial,high_25_40,43,0.3488372093023256,-2.3363627906976743,-100.4636
adx_initiation,multi_tier_partial,low_lt_15,27,0.2962962962962963,-4.297274074074075,-116.02640000000001
adx_initiation,multi_tier_partial,mid_15_25,104,0.4230769230769231,-1.8366326923076923,-191.0098
adx_initiation,next_pivot_target,crisis_ge_40,3,0.3333333333333333,13.3207,39.9621
adx_initiation,next_pivot_target,high_25_40,43,0.7441860465116279,0.43350000000000005,18.640500000000003
adx_initiation,next_pivot_target,low_lt_15,27,0.5185185185185185,0.4179037037037036,11.283399999999997
adx_initiation,next_pivot_target,mid_15_25,104,0.5865384615384616,-2.026323076923077,-210.73760000000001
adx_initiation,r_multiple_2r,crisis_ge_40,3,0.0,-11.3105,-33.9315
adx_initiation,r_multiple_2r,high_25_40,43,0.37209302325581395,0.5706186046511628,24.5366
adx_initiation,r_multiple_2r,low_lt_15,27,0.2222222222222222,-1.590488888888889,-42.943200000000004
adx_initiation,r_multiple_2r,mid_15_25,104,0.3076923076923077,-1.4937442307692308,-155.3494
adx_initiation,r_multiple_3r,crisis_ge_40,3,0.0,-11.3105,-33.9315
adx_initiation,r_multiple_3r,high_25_40,43,0.3488372093023256,2.6304627906976745,113.1099
adx_initiation,r_multiple_3r,low_lt_15,27,0.2222222222222222,1.1771148148148147,31.782099999999996
adx_initiation,r_multiple_3r,mid_15_25,104,0.23076923076923078,-1.7718009615384616,-184.2673
adx_initiation,regime_flip,crisis_ge_40,3,0.0,-1.9520333333333333,-5.8561
adx_initiation,regime_flip,high_25_40,43,0.4883720930232558,2.897318604651163,124.58470000000001
adx_initiation,regime_flip,low_lt_15,27,0.5185185185185185,-3.575448148148149,-96.53710000000002
adx_initiation,regime_flip,mid_15_25,104,0.38461538461538464,-2.4767086538461536,-257.5777
adx_initiation,reverse_signal,crisis_ge_40,3,0.0,-10.809233333333333,-32.4277
adx_initiation,reverse_signal,high_25_40,43,0.23255813953488372,-2.911674418604651,-125.202
adx_initiation,reverse_signal,low_lt_15,27,0.18518518518518517,-5.1966,-140.3082
adx_initiation,reverse_signal,mid_15_25,104,0.25961538461538464,-2.246355769230769,-233.621
adx_initiation,smc_mitigation_zone,crisis_ge_40,3,0.0,-10.809233333333333,-32.4277
adx_initiation,smc_mitigation_zone,high_25_40,43,0.23255813953488372,-2.911674418604651,-125.202
adx_initiation,smc_mitigation_zone,low_lt_15,27,0.18518518518518517,-5.1966,-140.3082
adx_initiation,smc_mitigation_zone,mid_15_25,104,0.25961538461538464,-2.246355769230769,-233.621
adx_initiation,time_stop_10d,crisis_ge_40,3,0.3333333333333333,-7.764599999999999,-23.293799999999997
adx_initiation,time_stop_10d,high_25_40,43,0.5813953488372093,0.2641790697674419,11.3597
adx_initiation,time_stop_10d,low_lt_15,27,0.4074074074074074,-7.088003703703704,-191.3761
adx_initiation,time_stop_10d,mid_15_25,104,0.4519230769230769,-1.1364201923076922,-118.18769999999999
adx_initiation,time_stop_20d,crisis_ge_40,3,0.0,-1.9520333333333333,-5.8561
adx_initiation,time_stop_20d,high_25_40,43,0.4883720930232558,2.897318604651163,124.58470000000001
adx_initiation,time_stop_20d,low_lt_15,27,0.5185185185185185,-3.575448148148149,-96.53710000000002
adx_initiation,time_stop_20d,mid_15_25,104,0.38461538461538464,-2.4767086538461536,-257.5777
adx_initiation,trailing_10pct,crisis_ge_40,3,0.0,-9.487833333333333,-28.4635
adx_initiation,trailing_10pct,high_25_40,43,0.32558139534883723,-1.3765093023255812,-59.189899999999994
adx_initiation,trailing_10pct,low_lt_15,27,0.14814814814814814,-4.679062962962963,-126.3347
adx_initiation,trailing_10pct,mid_15_25,104,0.25,-2.7308855769230767,-284.0121
adx_initiation,trailing_15pct,crisis_ge_40,3,0.0,-14.516266666666667,-43.5488
adx_initiation,trailing_15pct,high_25_40,43,0.46511627906976744,6.2426674418604655,268.4347
adx_initiation,trailing_15pct,low_lt_15,27,0.2962962962962963,-5.24062962962963,-141.497
adx_initiation,trailing_15pct,mid_15_25,104,0.27884615384615385,-3.156648076923077,-328.2914
adx_initiation,trailing_5pct,crisis_ge_40,3,0.0,-4.459366666666667,-13.3781
adx_initiation,trailing_5pct,high_25_40,43,0.2558139534883721,-1.4037418604651164,-60.3609
adx_initiation,trailing_5pct,low_lt_15,27,0.14814814814814814,-2.815662962962963,-76.02289999999999
adx_initiation,trailing_5pct,mid_15_25,104,0.19230769230769232,-1.6482750000000002,-171.4206
avwap_252_breakout,atr_trail_1x,crisis_ge_40,2,0.0,-5.16655,-10.3331
avwap_252_breakout,atr_trail_1x,high_25_40,15,0.13333333333333333,-4.5079400000000005,-67.6191
avwap_252_breakout,atr_trail_1x,low_lt_15,4,0.0,-5.846525,-23.3861
avwap_252_breakout,atr_trail_1x,mid_15_25,19,0.3684210526315789,-0.5229526315789473,-9.9361
avwap_252_breakout,atr_trail_2x,crisis_ge_40,2,0.0,-10.3332,-20.6664
avwap_252_breakout,atr_trail_2x,high_25_40,15,0.3333333333333333,-4.4052999999999995,-66.0795
avwap_252_breakout,atr_trail_2x,low_lt_15,4,0.25,-3.4814249999999998,-13.925699999999999
avwap_252_breakout,atr_trail_2x,mid_15_25,19,0.47368421052631576,2.6181368421052635,49.744600000000005
avwap_252_breakout,atr_trail_mae_conditional,crisis_ge_40,2,0.0,-5.16655,-10.3331
avwap_252_breakout,atr_trail_mae_conditional,high_25_40,15,0.13333333333333333,-4.5079400000000005,-67.6191
avwap_252_breakout,atr_trail_mae_conditional,low_lt_15,4,0.0,-5.846525,-23.3861
avwap_252_breakout,atr_trail_mae_conditional,mid_15_25,19,0.3684210526315789,-0.5229526315789473,-9.9361
avwap_252_breakout,atr_trail_vix_conditional,crisis_ge_40,2,0.0,-7.74985,-15.4997
avwap_252_breakout,atr_trail_vix_conditional,high_25_40,15,0.2,-3.779013333333333,-56.685199999999995
avwap_252_breakout,atr_trail_vix_conditional,low_lt_15,4,0.0,-4.8253,-19.3012
avwap_252_breakout,atr_trail_vix_conditional,mid_15_25,19,0.3157894736842105,-0.8531684210526316,-16.2102
avwap_252_breakout,break_even_at_1r,crisis_ge_40,2,0.0,-5.16655,-10.3331
avwap_252_breakout,break_even_at_1r,high_25_40,15,0.06666666666666667,-4.1209066666666665,-61.8136
avwap_252_breakout,break_even_at_1r,low_lt_15,4,0.25,7.131875,28.5275
avwap_252_breakout,break_even_at_1r,mid_15_25,19,0.15789473684210525,-0.6322105263157894,-12.012
avwap_252_breakout,breakeven_plus_trail,crisis_ge_40,2,1.0,4.7677,9.5354
avwap_252_breakout,breakeven_plus_trail,high_25_40,15,0.3333333333333333,-1.35602,-20.3403
avwap_252_breakout,breakeven_plus_trail,low_lt_15,4,0.75,18.831,75.324
avwap_252_breakout,breakeven_plus_trail,mid_15_25,19,0.5263157894736842,4.066968421052632,77.2724
avwap_252_breakout,chandelier_3x,crisis_ge_40,2,0.0,-4.21935,-8.4387
avwap_252_breakout,chandelier_3x,high_25_40,15,0.2,-5.861013333333333,-87.9152
avwap_252_breakout,chandelier_3x,low_lt_15,4,0.25,-2.494875,-9.9795
avwap_252_breakout,chandelier_3x,mid_15_25,19,0.3684210526315789,3.163084210526316,60.098600000000005
avwap_252_breakout,class_time_stop,crisis_ge_40,2,1.0,9.9905,19.981
avwap_252_breakout,class_time_stop,high_25_40,15,0.5333333333333333,-3.0965600000000006,-46.44840000000001
avwap_252_breakout,class_time_stop,low_lt_15,4,0.5,9.9236,39.6944
avwap_252_breakout,class_time_stop,mid_15_25,19,0.5263157894736842,1.0359263157894734,19.682599999999994
avwap_252_breakout,earnings_blackout,crisis_ge_40,2,1.0,8.61375,17.2275
avwap_252_breakout,earnings_blackout,high_25_40,15,0.6666666666666666,3.2312000000000003,48.468
avwap_252_breakout,earnings_blackout,low_lt_15,4,0.5,1.7778249999999995,7.111299999999998
avwap_252_breakout,earnings_blackout,mid_15_25,19,0.5263157894736842,2.289221052631579,43.495200000000004
avwap_252_breakout,fixed_4r_2r,crisis_ge_40,2,0.0,-10.3332,-20.6664
avwap_252_breakout,fixed_4r_2r,high_25_40,15,0.26666666666666666,-6.4804466666666665,-97.2067
avwap_252_breakout,fixed_4r_2r,low_lt_15,4,0.5,-2.752375000000001,-11.009500000000005
avwap_252_breakout,fixed_4r_2r,mid_15_25,19,0.5263157894736842,8.268105263157896,157.09400000000002
avwap_252_breakout,hybrid_50pct_target,crisis_ge_40,2,1.0,9.95975,19.9195
avwap_252_breakout,hybrid_50pct_target,high_25_40,15,0.8666666666666667,3.2484400000000004,48.726600000000005
avwap_252_breakout,hybrid_50pct_target,low_lt_15,4,0.75,-1.142525,-4.5701
avwap_252_breakout,hybrid_50pct_target,mid_15_25,19,0.8421052631578947,10.880936842105262,206.7378
avwap_252_breakout,ma_exit_ema9,crisis_ge_40,2,0.0,-7.58615,-15.1723
avwap_252_breakout,ma_exit_ema9,high_25_40,15,0.13333333333333333,-3.41106,-51.1659
avwap_252_breakout,ma_exit_ema9,low_lt_15,4,0.25,-0.20304999999999973,-0.8121999999999989
avwap_252_breakout,ma_exit_ema9,mid_15_25,19,0.47368421052631576,0.39806315789473684,7.5632
avwap_252_breakout,mfe_lockin_trail,crisis_ge_40,2,0.0,-5.16655,-10.3331
avwap_252_breakout,mfe_lockin_trail,high_25_40,15,0.13333333333333333,-4.5079400000000005,-67.6191
avwap_252_breakout,mfe_lockin_trail,low_lt_15,4,0.0,-5.846525,-23.3861
avwap_252_breakout,mfe_lockin_trail,mid_15_25,19,0.3684210526315789,-0.630778947368421,-11.9848
avwap_252_breakout,multi_tier_partial,crisis_ge_40,2,0.0,-5.16655,-10.3331
avwap_252_breakout,multi_tier_partial,high_25_40,15,0.4,-3.7142733333333333,-55.7141
avwap_252_breakout,multi_tier_partial,low_lt_15,4,0.25,-5.384875,-21.5395
avwap_252_breakout,multi_tier_partial,mid_15_25,19,0.5789473684210527,0.06715789473684212,1.2760000000000005
avwap_252_breakout,next_pivot_target,crisis_ge_40,2,0.0,-10.0,-20.0
avwap_252_breakout,next_pivot_target,high_25_40,15,0.6666666666666666,-1.7260799999999998,-25.891199999999998
avwap_252_breakout,next_pivot_target,low_lt_15,4,0.75,0.21010000000000018,0.8404000000000007
avwap_252_breakout,next_pivot_target,mid_15_25,19,0.631578947368421,3.3916263157894746,64.44090000000001
avwap_252_breakout,r_multiple_2r,crisis_ge_40,2,0.0,-5.16655,-10.3331
avwap_252_breakout,r_multiple_2r,high_25_40,15,0.26666666666666666,-3.275253333333333,-49.1288
avwap_252_breakout,r_multiple_2r,low_lt_15,4,0.25,-4.880025,-19.5201
avwap_252_breakout,r_multiple_2r,mid_15_25,19,0.3684210526315789,3.816873684210526,72.5206
avwap_252_breakout,r_multiple_3r,crisis_ge_40,2,0.0,-5.16655,-10.3331
avwap_252_breakout,r_multiple_3r,high_25_40,15,0.13333333333333333,-4.756033333333333,-71.34049999999999
avwap_252_breakout,r_multiple_3r,low_lt_15,4,0.25,-4.051075,-16.2043
avwap_252_breakout,r_multiple_3r,mid_15_25,19,0.3157894736842105,3.5924315789473686,68.2562
avwap_252_breakout,regime_flip,crisis_ge_40,2,1.0,8.856349999999999,17.712699999999998
avwap_252_breakout,regime_flip,high_25_40,15,0.3333333333333333,-11.27362,-169.1043
avwap_252_breakout,regime_flip,low_lt_15,4,0.5,8.56865,34.2746
avwap_252_breakout,regime_flip,mid_15_25,19,0.5789473684210527,-1.1801157894736842,-22.4222
avwap_252_breakout,reverse_signal,crisis_ge_40,2,0.0,-5.16655,-10.3331
avwap_252_breakout,reverse_signal,high_25_40,15,0.13333333333333333,-4.5079400000000005,-67.6191
avwap_252_breakout,reverse_signal,low_lt_15,4,0.0,-5.846525,-23.3861
avwap_252_breakout,reverse_signal,mid_15_25,19,0.3684210526315789,-0.5229526315789473,-9.9361
avwap_252_breakout,smc_mitigation_zone,crisis_ge_40,2,0.0,-5.16655,-10.3331
avwap_252_breakout,smc_mitigation_zone,high_25_40,15,0.13333333333333333,-4.5079400000000005,-67.6191
avwap_252_breakout,smc_mitigation_zone,low_lt_15,4,0.0,-5.846525,-23.3861
avwap_252_breakout,smc_mitigation_zone,mid_15_25,19,0.3684210526315789,-0.5229526315789473,-9.9361
avwap_252_breakout,time_stop_10d,crisis_ge_40,2,1.0,5.0539000000000005,10.107800000000001
avwap_252_breakout,time_stop_10d,high_25_40,15,0.3333333333333333,-12.83532,-192.5298
avwap_252_breakout,time_stop_10d,low_lt_15,4,0.75,12.660125,50.6405
avwap_252_breakout,time_stop_10d,mid_15_25,19,0.5789473684210527,2.066268421052632,39.259100000000004
avwap_252_breakout,time_stop_20d,crisis_ge_40,2,1.0,8.856349999999999,17.712699999999998
avwap_252_breakout,time_stop_20d,high_25_40,15,0.3333333333333333,-11.27362,-169.1043
avwap_252_breakout,time_stop_20d,low_lt_15,4,0.5,8.56865,34.2746
avwap_252_breakout,time_stop_20d,mid_15_25,19,0.5789473684210527,-1.1801157894736842,-22.4222
avwap_252_breakout,trailing_10pct,crisis_ge_40,2,0.0,-10.0,-20.0
avwap_252_breakout,trailing_10pct,high_25_40,15,0.3333333333333333,-0.11410000000000006,-1.711500000000001
avwap_252_breakout,trailing_10pct,low_lt_15,4,0.75,14.56595,58.2638
avwap_252_breakout,trailing_10pct,mid_15_25,19,0.42105263157894735,0.8478526315789474,16.1092
avwap_252_breakout,trailing_15pct,crisis_ge_40,2,0.0,-12.75715,-25.5143
avwap_252_breakout,trailing_15pct,high_25_40,15,0.3333333333333333,0.18305333333333376,2.7458000000000062
avwap_252_breakout,trailing_15pct,low_lt_15,4,0.75,10.393049999999999,41.572199999999995
avwap_252_breakout,trailing_15pct,mid_15_25,19,0.42105263157894735,2.909531578947368,55.281099999999995
avwap_252_breakout,trailing_5pct,crisis_ge_40,2,0.0,-5.0,-10.0
avwap_252_breakout,trailing_5pct,high_25_40,15,0.2,-1.8066466666666665,-27.0997
avwap_252_breakout,trailing_5pct,low_lt_15,4,0.25,-0.003649999999999931,-0.014599999999999724
avwap_252_breakout,trailing_5pct,mid_15_25,19,0.2631578947368421,0.43866315789473675,8.334599999999998
avwap_50_reclaim,atr_trail_1x,crisis_ge_40,4,0.0,-7.7889,-31.1556
avwap_50_reclaim,atr_trail_1x,high_25_40,85,0.2,-3.0249399999999995,-257.1199
avwap_50_reclaim,atr_trail_1x,low_lt_15,23,0.21739130434782608,-2.7126608695652172,-62.3912
avwap_50_reclaim,atr_trail_1x,mid_15_25,137,0.3357664233576642,-1.711456204379562,-234.4695
avwap_50_reclaim,atr_trail_2x,crisis_ge_40,4,0.0,-15.577750000000002,-62.31100000000001
avwap_50_reclaim,atr_trail_2x,high_25_40,85,0.18823529411764706,-5.362407058823529,-455.8046
avwap_50_reclaim,atr_trail_2x,low_lt_15,23,0.30434782608695654,0.058321739130434654,1.341399999999997
avwap_50_reclaim,atr_trail_2x,mid_15_25,137,0.40145985401459855,-0.21691094890510937,-29.716799999999985
avwap_50_reclaim,atr_trail_mae_conditional,crisis_ge_40,4,0.0,-7.7889,-31.1556
avwap_50_reclaim,atr_trail_mae_conditional,high_25_40,85,0.2,-3.0249399999999995,-257.1199
avwap_50_reclaim,atr_trail_mae_conditional,low_lt_15,23,0.21739130434782608,-2.7126608695652172,-62.3912
avwap_50_reclaim,atr_trail_mae_conditional,mid_15_25,137,0.3357664233576642,-1.711456204379562,-234.4695
avwap_50_reclaim,atr_trail_vix_conditional,crisis_ge_40,4,0.0,-11.6833,-46.7332
avwap_50_reclaim,atr_trail_vix_conditional,high_25_40,85,0.2,-4.29292705882353,-364.8988
avwap_50_reclaim,atr_trail_vix_conditional,low_lt_15,23,0.08695652173913043,-2.510765217391304,-57.7476
avwap_50_reclaim,atr_trail_vix_conditional,mid_15_25,137,0.31386861313868614,-1.2109613138686133,-165.9017
avwap_50_reclaim,break_even_at_1r,crisis_ge_40,4,0.0,-7.7889,-31.1556
avwap_50_reclaim,break_even_at_1r,high_25_40,85,0.11764705882352941,-2.668735294117647,-226.8425
avwap_50_reclaim,break_even_at_1r,low_lt_15,23,0.08695652173913043,-1.8786260869565217,-43.2084
avwap_50_reclaim,break_even_at_1r,mid_15_25,137,0.15328467153284672,-1.6169211678832116,-221.51819999999998
avwap_50_reclaim,breakeven_plus_trail,crisis_ge_40,4,0.0,-15.577750000000002,-62.31100000000001
avwap_50_reclaim,breakeven_plus_trail,high_25_40,85,0.2823529411764706,-3.32642,-282.7457
avwap_50_reclaim,breakeven_plus_trail,low_lt_15,23,0.391304347826087,6.057717391304348,139.32750000000001
avwap_50_reclaim,breakeven_plus_trail,mid_15_25,137,0.40875912408759124,2.1445897810218977,293.80879999999996
avwap_50_reclaim,chandelier_3x,crisis_ge_40,4,0.0,-14.776275,-59.1051
avwap_50_reclaim,chandelier_3x,high_25_40,85,0.25882352941176473,-4.446365882352941,-377.9411
avwap_50_reclaim,chandelier_3x,low_lt_15,23,0.21739130434782608,-2.695313043478261,-61.992200000000004
avwap_50_reclaim,chandelier_3x,mid_15_25,137,0.35766423357664234,0.47440948905109503,64.99410000000002
avwap_50_reclaim,class_time_stop,crisis_ge_40,4,0.25,-12.922225000000001,-51.688900000000004
avwap_50_reclaim,class_time_stop,high_25_40,85,0.4235294117647059,-6.379190588235295,-542.2312000000001
avwap_50_reclaim,class_time_stop,low_lt_15,23,0.5652173913043478,5.932582608695652,136.4494
avwap_50_reclaim,class_time_stop,mid_15_25,137,0.4744525547445255,-1.7644635036496352,-241.73150000000004
avwap_50_reclaim,earnings_blackout,crisis_ge_40,4,0.0,-13.0142,-52.0568
avwap_50_reclaim,earnings_blackout,high_25_40,85,0.35294117647058826,-11.130495294117647,-946.0921
avwap_50_reclaim,earnings_blackout,low_lt_15,23,0.5217391304347826,-4.663786956521739,-107.2671
avwap_50_reclaim,earnings_blackout,mid_15_25,137,0.49635036496350365,0.05542116788321192,7.5927000000000335
avwap_50_reclaim,fixed_4r_2r,crisis_ge_40,4,0.0,-15.577750000000002,-62.31100000000001
avwap_50_reclaim,fixed_4r_2r,high_25_40,85,0.21176470588235294,-6.5060682352941175,-553.0158
avwap_50_reclaim,fixed_4r_2r,low_lt_15,23,0.34782608695652173,3.061626086956522,70.4174
avwap_50_reclaim,fixed_4r_2r,mid_15_25,137,0.34306569343065696,-1.126762773722628,-154.36650000000003
avwap_50_reclaim,hybrid_50pct_target,crisis_ge_40,4,0.5,-32.666775,-130.6671
avwap_50_reclaim,hybrid_50pct_target,high_25_40,85,0.6823529411764706,-28.722841176470588,-2441.4415
avwap_50_reclaim,hybrid_50pct_target,low_lt_15,23,0.9130434782608695,7.4792826086956525,172.0235
avwap_50_reclaim,hybrid_50pct_target,mid_15_25,137,0.7153284671532847,-20.509049635036494,-2809.7398
avwap_50_reclaim,ma_exit_ema9,crisis_ge_40,4,0.0,-7.716075,-30.8643
avwap_50_reclaim,ma_exit_ema9,high_25_40,85,0.17647058823529413,-3.0354647058823527,-258.0145
avwap_50_reclaim,ma_exit_ema9,low_lt_15,23,0.21739130434782608,-2.9399130434782608,-67.618
avwap_50_reclaim,ma_exit_ema9,mid_15_25,137,0.3795620437956204,-0.5215043795620438,-71.4461
avwap_50_reclaim,mfe_lockin_trail,crisis_ge_40,4,0.0,-7.7889,-31.1556
avwap_50_reclaim,mfe_lockin_trail,high_25_40,85,0.2,-2.9435517647058824,-250.2019
avwap_50_reclaim,mfe_lockin_trail,low_lt_15,23,0.21739130434782608,-2.705343478260869,-62.222899999999996
avwap_50_reclaim,mfe_lockin_trail,mid_15_25,137,0.3357664233576642,-1.8482277372262774,-253.2072
avwap_50_reclaim,multi_tier_partial,crisis_ge_40,4,0.0,-7.7889,-31.1556
avwap_50_reclaim,multi_tier_partial,high_25_40,85,0.29411764705882354,-2.6514835294117645,-225.37609999999998
avwap_50_reclaim,multi_tier_partial,low_lt_15,23,0.2608695652173913,-2.326904347826087,-53.5188
avwap_50_reclaim,multi_tier_partial,mid_15_25,137,0.4744525547445255,-1.1219153284671535,-153.7024
avwap_50_reclaim,next_pivot_target,crisis_ge_40,4,0.25,-7.213625,-28.8545
avwap_50_reclaim,next_pivot_target,high_25_40,85,0.6,-2.678588235294118,-227.68
avwap_50_reclaim,next_pivot_target,low_lt_15,23,0.8260869565217391,1.0326478260869565,23.7509
avwap_50_reclaim,next_pivot_target,mid_15_25,137,0.7226277372262774,-1.1698445255474452,-160.2687
avwap_50_reclaim,r_multiple_2r,crisis_ge_40,4,0.0,-7.7889,-31.1556
avwap_50_reclaim,r_multiple_2r,high_25_40,85,0.24705882352941178,-2.2284094117647055,-189.41479999999999
avwap_50_reclaim,r_multiple_2r,low_lt_15,23,0.08695652173913043,-2.798847826086956,-64.37349999999999
avwap_50_reclaim,r_multiple_2r,mid_15_25,137,0.35766423357664234,-0.6337452554744525,-86.8231
avwap_50_reclaim,r_multiple_3r,crisis_ge_40,4,0.0,-7.7889,-31.1556
avwap_50_reclaim,r_multiple_3r,high_25_40,85,0.16470588235294117,-2.9144482352941177,-247.7281
avwap_50_reclaim,r_multiple_3r,low_lt_15,23,0.043478260869565216,-4.168704347826087,-95.8802
avwap_50_reclaim,r_multiple_3r,mid_15_25,137,0.26277372262773724,-0.9301722627737227,-127.4336
avwap_50_reclaim,regime_flip,crisis_ge_40,4,0.0,-15.661200000000001,-62.644800000000004
avwap_50_reclaim,regime_flip,high_25_40,85,0.36470588235294116,-5.6560388235294115,-480.76329999999996
avwap_50_reclaim,regime_flip,low_lt_15,23,0.5652173913043478,3.8038695652173913,87.489
avwap_50_reclaim,regime_flip,mid_15_25,137,0.48905109489051096,-1.0126642335766425,-138.735
avwap_50_reclaim,reverse_signal,crisis_ge_40,4,0.0,-7.7889,-31.1556
avwap_50_reclaim,reverse_signal,high_25_40,85,0.2,-3.0249399999999995,-257.1199
avwap_50_reclaim,reverse_signal,low_lt_15,23,0.21739130434782608,-2.7126608695652172,-62.3912
avwap_50_reclaim,reverse_signal,mid_15_25,137,0.3357664233576642,-1.711456204379562,-234.4695
avwap_50_reclaim,smc_mitigation_zone,crisis_ge_40,4,0.0,-7.7889,-31.1556
avwap_50_reclaim,smc_mitigation_zone,high_25_40,85,0.2,-3.0249399999999995,-257.1199
avwap_50_reclaim,smc_mitigation_zone,low_lt_15,23,0.21739130434782608,-2.7126608695652172,-62.3912
avwap_50_reclaim,smc_mitigation_zone,mid_15_25,137,0.3357664233576642,-1.711456204379562,-234.4695
avwap_50_reclaim,time_stop_10d,crisis_ge_40,4,0.0,-10.607475,-42.4299
avwap_50_reclaim,time_stop_10d,high_25_40,85,0.4,-3.733411764705882,-317.34
avwap_50_reclaim,time_stop_10d,low_lt_15,23,0.43478260869565216,-1.1534347826086957,-26.529
avwap_50_reclaim,time_stop_10d,mid_15_25,137,0.46715328467153283,-0.21746423357664235,-29.792600000000004
avwap_50_reclaim,time_stop_20d,crisis_ge_40,4,0.0,-15.661200000000001,-62.644800000000004
avwap_50_reclaim,time_stop_20d,high_25_40,85,0.36470588235294116,-5.6560388235294115,-480.76329999999996
avwap_50_reclaim,time_stop_20d,low_lt_15,23,0.5652173913043478,3.8038695652173913,87.489
avwap_50_reclaim,time_stop_20d,mid_15_25,137,0.48905109489051096,-1.0126642335766425,-138.735
avwap_50_reclaim,trailing_10pct,crisis_ge_40,4,0.0,-9.975725,-39.9029
avwap_50_reclaim,trailing_10pct,high_25_40,85,0.27058823529411763,-2.9853823529411763,-253.7575
avwap_50_reclaim,trailing_10pct,low_lt_15,23,0.2608695652173913,-2.558413043478261,-58.8435
avwap_50_reclaim,trailing_10pct,mid_15_25,137,0.30656934306569344,-1.9665007299270072,-269.4106
avwap_50_reclaim,trailing_15pct,crisis_ge_40,4,0.25,-9.220425,-36.8817
avwap_50_reclaim,trailing_15pct,high_25_40,85,0.24705882352941178,-4.67188,-397.1098
avwap_50_reclaim,trailing_15pct,low_lt_15,23,0.391304347826087,1.318013043478261,30.314300000000006
avwap_50_reclaim,trailing_15pct,mid_15_25,137,0.36496350364963503,-0.7405189781021898,-101.4511
avwap_50_reclaim,trailing_5pct,crisis_ge_40,4,0.0,-5.0,-20.0
avwap_50_reclaim,trailing_5pct,high_25_40,85,0.21176470588235294,-2.426838823529412,-206.2813
avwap_50_reclaim,trailing_5pct,low_lt_15,23,0.21739130434782608,-1.9833304347826086,-45.6166
avwap_50_reclaim,trailing_5pct,mid_15_25,137,0.291970802919708,-1.7657204379562046,-241.90370000000001
awesome_oscillator,atr_trail_1x,high_25_40,9,0.1111111111111111,-3.9110555555555555,-35.1995
awesome_oscillator,atr_trail_1x,low_lt_15,4,0.25,-2.919,-11.676
awesome_oscillator,atr_trail_1x,mid_15_25,29,0.3448275862068966,-0.5134379310344828,-14.889700000000001
awesome_oscillator,atr_trail_2x,high_25_40,9,0.3333333333333333,-3.677433333333333,-33.0969
awesome_oscillator,atr_trail_2x,low_lt_15,4,0.0,-5.9609749999999995,-23.843899999999998
awesome_oscillator,atr_trail_2x,mid_15_25,29,0.3448275862068966,0.0706586206896553,2.0491000000000037
awesome_oscillator,atr_trail_mae_conditional,high_25_40,9,0.1111111111111111,-3.9110555555555555,-35.1995
awesome_oscillator,atr_trail_mae_conditional,low_lt_15,4,0.25,-2.919,-11.676
awesome_oscillator,atr_trail_mae_conditional,mid_15_25,29,0.3448275862068966,-0.5134379310344828,-14.889700000000001
awesome_oscillator,atr_trail_vix_conditional,high_25_40,9,0.2222222222222222,-2.4231111111111114,-21.808000000000003
awesome_oscillator,atr_trail_vix_conditional,low_lt_15,4,0.25,-2.690575,-10.7623
awesome_oscillator,atr_trail_vix_conditional,mid_15_25,29,0.27586206896551724,-0.3108103448275862,-9.013499999999999
awesome_oscillator,break_even_at_1r,high_25_40,9,0.1111111111111111,1.149488888888889,10.345400000000001
awesome_oscillator,break_even_at_1r,low_lt_15,4,0.0,-3.07795,-12.3118
awesome_oscillator,break_even_at_1r,mid_15_25,29,0.2413793103448276,1.3731689655172414,39.8219
awesome_oscillator,breakeven_plus_trail,high_25_40,9,0.5555555555555556,5.043733333333333,45.3936
awesome_oscillator,breakeven_plus_trail,low_lt_15,4,0.0,-4.457599999999999,-17.830399999999997
awesome_oscillator,breakeven_plus_trail,mid_15_25,29,0.3793103448275862,4.031627586206897,116.91720000000001
awesome_oscillator,chandelier_3x,high_25_40,9,0.4444444444444444,2.7784444444444447,25.006000000000004
awesome_oscillator,chandelier_3x,low_lt_15,4,0.0,-7.832725,-31.3309
awesome_oscillator,chandelier_3x,mid_15_25,29,0.3103448275862069,1.3970655172413793,40.5149
awesome_oscillator,class_time_stop,high_25_40,9,0.7777777777777778,7.2743666666666655,65.46929999999999
awesome_oscillator,class_time_stop,low_lt_15,4,0.75,14.02345,56.0938
awesome_oscillator,class_time_stop,mid_15_25,29,0.4482758620689655,-1.0312586206896552,-29.9065
awesome_oscillator,earnings_blackout,high_25_40,9,0.6666666666666666,10.448966666666667,94.0407
awesome_oscillator,earnings_blackout,low_lt_15,4,0.5,-8.63505,-34.5402
awesome_oscillator,earnings_blackout,mid_15_25,29,0.5862068965517241,-6.82290344827586,-197.86419999999995
awesome_oscillator,fixed_4r_2r,high_25_40,9,0.3333333333333333,-0.10063333333333307,-0.9056999999999977
awesome_oscillator,fixed_4r_2r,low_lt_15,4,0.0,-8.189824999999999,-32.759299999999996
awesome_oscillator,fixed_4r_2r,mid_15_25,29,0.3448275862068966,1.6751689655172417,48.57990000000001
awesome_oscillator,hybrid_50pct_target,high_25_40,9,0.5555555555555556,6.096055555555555,54.86449999999999
awesome_oscillator,hybrid_50pct_target,low_lt_15,4,0.25,-2.5196750000000003,-10.078700000000001
awesome_oscillator,hybrid_50pct_target,mid_15_25,29,0.4827586206896552,-30.33115517241379,-879.6034999999999
awesome_oscillator,ma_exit_ema9,high_25_40,9,0.4444444444444444,1.6755222222222224,15.0797
awesome_oscillator,ma_exit_ema9,low_lt_15,4,0.0,-6.408425,-25.6337
awesome_oscillator,ma_exit_ema9,mid_15_25,29,0.27586206896551724,1.483193103448276,43.0126
awesome_oscillator,mfe_lockin_trail,high_25_40,9,0.1111111111111111,-3.9110555555555555,-35.1995
awesome_oscillator,mfe_lockin_trail,low_lt_15,4,0.25,-2.919,-11.676
awesome_oscillator,mfe_lockin_trail,mid_15_25,29,0.3793103448275862,-0.5452620689655172,-15.8126
awesome_oscillator,multi_tier_partial,high_25_40,9,0.2222222222222222,-3.5302111111111114,-31.771900000000002
awesome_oscillator,multi_tier_partial,low_lt_15,4,0.25,-2.632975,-10.5319
awesome_oscillator,multi_tier_partial,mid_15_25,29,0.4482758620689655,-0.327003448275862,-9.483099999999997
awesome_oscillator,next_pivot_target,high_25_40,9,0.4444444444444444,-3.839566666666667,-34.5561
awesome_oscillator,next_pivot_target,low_lt_15,4,0.5,-3.74295,-14.9718
awesome_oscillator,next_pivot_target,mid_15_25,29,0.7586206896551724,0.21867241379310354,6.341500000000003
awesome_oscillator,r_multiple_2r,high_25_40,9,0.3333333333333333,0.14228888888888877,1.2805999999999989
awesome_oscillator,r_multiple_2r,low_lt_15,4,0.0,-4.09495,-16.3798
awesome_oscillator,r_multiple_2r,mid_15_25,29,0.4482758620689655,2.133834482758621,61.8812
awesome_oscillator,r_multiple_3r,high_25_40,9,0.3333333333333333,2.375511111111111,21.3796
awesome_oscillator,r_multiple_3r,low_lt_15,4,0.0,-4.09495,-16.3798
awesome_oscillator,r_multiple_3r,mid_15_25,29,0.27586206896551724,1.309993103448276,37.9898
awesome_oscillator,regime_flip,high_25_40,9,0.6666666666666666,4.7305,42.5745
awesome_oscillator,regime_flip,low_lt_15,4,0.75,9.6087,38.4348
awesome_oscillator,regime_flip,mid_15_25,29,0.5172413793103449,0.6550103448275861,18.995299999999997
awesome_oscillator,reverse_signal,high_25_40,9,0.1111111111111111,-3.9110555555555555,-35.1995
awesome_oscillator,reverse_signal,low_lt_15,4,0.25,-2.919,-11.676
awesome_oscillator,reverse_signal,mid_15_25,29,0.3448275862068966,-0.5134379310344828,-14.889700000000001
awesome_oscillator,smc_mitigation_zone,high_25_40,9,0.1111111111111111,-3.9110555555555555,-35.1995
awesome_oscillator,smc_mitigation_zone,low_lt_15,4,0.25,-2.919,-11.676
awesome_oscillator,smc_mitigation_zone,mid_15_25,29,0.3448275862068966,-0.5134379310344828,-14.889700000000001
awesome_oscillator,time_stop_10d,high_25_40,9,0.6666666666666666,7.674566666666667,69.0711
awesome_oscillator,time_stop_10d,low_lt_15,4,0.25,-3.71355,-14.8542
awesome_oscillator,time_stop_10d,mid_15_25,29,0.5172413793103449,-0.09464827586206889,-2.744799999999998
awesome_oscillator,time_stop_20d,high_25_40,9,0.6666666666666666,4.7305,42.5745
awesome_oscillator,time_stop_20d,low_lt_15,4,0.75,9.6087,38.4348
awesome_oscillator,time_stop_20d,mid_15_25,29,0.5172413793103449,0.6550103448275861,18.995299999999997
awesome_oscillator,trailing_10pct,high_25_40,9,0.2222222222222222,0.8731333333333331,7.858199999999998
awesome_oscillator,trailing_10pct,low_lt_15,4,0.0,-7.620575,-30.4823
awesome_oscillator,trailing_10pct,mid_15_25,29,0.3448275862068966,-0.7827137931034485,-22.698700000000006
awesome_oscillator,trailing_15pct,high_25_40,9,0.6666666666666666,3.7311777777777784,33.580600000000004
awesome_oscillator,trailing_15pct,low_lt_15,4,0.25,-0.009650000000000158,-0.038600000000000634
awesome_oscillator,trailing_15pct,mid_15_25,29,0.3448275862068966,-0.2733620689655173,-7.927500000000002
awesome_oscillator,trailing_5pct,high_25_40,9,0.0,-3.645122222222222,-32.8061
awesome_oscillator,trailing_5pct,low_lt_15,4,0.0,-2.951125,-11.8045
awesome_oscillator,trailing_5pct,mid_15_25,29,0.1724137931034483,-1.998906896551724,-57.9683
bollinger_lower,atr_trail_1x,high_25_40,15,0.26666666666666666,2.2362866666666665,33.5443
bollinger_lower,atr_trail_1x,mid_15_25,13,0.15384615384615385,-2.4910846153846156,-32.384100000000004
bollinger_lower,atr_trail_2x,high_25_40,15,0.4,6.226753333333333,93.40129999999999
bollinger_lower,atr_trail_2x,mid_15_25,13,0.15384615384615385,-2.4971076923076927,-32.4624
bollinger_lower,atr_trail_mae_conditional,high_25_40,15,0.26666666666666666,2.2362866666666665,33.5443
bollinger_lower,atr_trail_mae_conditional,mid_15_25,13,0.15384615384615385,-2.4910846153846156,-32.384100000000004
bollinger_lower,atr_trail_vix_conditional,high_25_40,15,0.4,9.16736,137.5104
bollinger_lower,atr_trail_vix_conditional,mid_15_25,13,0.15384615384615385,-2.600069230769231,-33.8009
bollinger_lower,break_even_at_1r,high_25_40,15,0.3333333333333333,1.2042266666666668,18.0634
bollinger_lower,break_even_at_1r,mid_15_25,13,0.07692307692307693,-0.7947153846153845,-10.331299999999999
bollinger_lower,breakeven_plus_trail,high_25_40,15,0.4666666666666667,7.683446666666667,115.2517
bollinger_lower,breakeven_plus_trail,mid_15_25,13,0.3076923076923077,-0.9672846153846153,-12.574699999999998
bollinger_lower,chandelier_3x,high_25_40,15,0.0,-0.23216666666666666,-3.4825
bollinger_lower,chandelier_3x,mid_15_25,13,0.0,-0.2600230769230769,-3.3803
bollinger_lower,class_time_stop,high_25_40,15,0.5333333333333333,4.977099999999999,74.6565
bollinger_lower,class_time_stop,mid_15_25,13,0.38461538461538464,2.358953846153846,30.666400000000003
bollinger_lower,earnings_blackout,high_25_40,15,0.4666666666666667,-4.894340000000001,-73.41510000000001
bollinger_lower,earnings_blackout,mid_15_25,13,0.3076923076923077,-3.8113,-49.5469
bollinger_lower,fixed_4r_2r,high_25_40,15,0.3333333333333333,2.9716866666666664,44.5753
bollinger_lower,fixed_4r_2r,mid_15_25,13,0.38461538461538464,1.5697846153846151,20.407199999999996
bollinger_lower,hybrid_50pct_target,high_25_40,15,0.4,-9.73854,-146.0781
bollinger_lower,hybrid_50pct_target,mid_15_25,13,0.5384615384615384,3.4136076923076923,44.3769
bollinger_lower,ma_exit_ema9,high_25_40,15,0.6666666666666666,2.1075133333333333,31.6127
bollinger_lower,ma_exit_ema9,mid_15_25,13,0.3076923076923077,-1.0074,-13.0962
bollinger_lower,mfe_lockin_trail,high_25_40,15,0.26666666666666666,1.2105866666666667,18.1588
bollinger_lower,mfe_lockin_trail,mid_15_25,13,0.15384615384615385,-2.672738461538461,-34.745599999999996
bollinger_lower,multi_tier_partial,high_25_40,15,0.4,2.3720733333333333,35.5811
bollinger_lower,multi_tier_partial,mid_15_25,13,0.3076923076923077,-2.1940153846153843,-28.522199999999998
bollinger_lower,next_pivot_target,high_25_40,15,0.5333333333333333,1.1055266666666668,16.582900000000002
bollinger_lower,next_pivot_target,mid_15_25,13,0.6153846153846154,0.8223076923076919,10.689999999999994
bollinger_lower,r_multiple_2r,high_25_40,15,0.4,6.086233333333333,91.2935
bollinger_lower,r_multiple_2r,mid_15_25,13,0.23076923076923078,-0.5887153846153846,-7.6533
bollinger_lower,r_multiple_3r,high_25_40,15,0.26666666666666666,3.9027733333333336,58.5416
bollinger_lower,r_multiple_3r,mid_15_25,13,0.23076923076923078,0.20154615384615376,2.620099999999999
bollinger_lower,regime_flip,high_25_40,15,0.4,2.6603933333333334,39.9059
bollinger_lower,regime_flip,mid_15_25,13,0.46153846153846156,2.2174769230769233,28.827200000000005
bollinger_lower,reverse_signal,high_25_40,15,0.3333333333333333,0.20035333333333322,3.0052999999999983
bollinger_lower,reverse_signal,mid_15_25,13,0.38461538461538464,-0.832484615384615,-10.822299999999995
bollinger_lower,smc_mitigation_zone,high_25_40,15,0.26666666666666666,2.2362866666666665,33.5443
bollinger_lower,smc_mitigation_zone,mid_15_25,13,0.15384615384615385,-2.4910846153846156,-32.384100000000004
bollinger_lower,time_stop_10d,high_25_40,15,0.5333333333333333,5.02768,75.4152
bollinger_lower,time_stop_10d,mid_15_25,13,0.38461538461538464,0.7322923076923078,9.519800000000002
bollinger_lower,time_stop_20d,high_25_40,15,0.4,2.6603933333333334,39.9059
bollinger_lower,time_stop_20d,mid_15_25,13,0.46153846153846156,2.2174769230769233,28.827200000000005
bollinger_lower,trailing_10pct,high_25_40,15,0.3333333333333333,0.08260666666666647,1.239099999999997
bollinger_lower,trailing_10pct,mid_15_25,13,0.3076923076923077,0.2805076923076925,3.646600000000003
bollinger_lower,trailing_15pct,high_25_40,15,0.4666666666666667,2.6473599999999995,39.71039999999999
bollinger_lower,trailing_15pct,mid_15_25,13,0.3076923076923077,-0.7058769230769227,-9.176399999999996
bollinger_lower,trailing_5pct,high_25_40,15,0.13333333333333333,-2.28756,-34.3134
bollinger_lower,trailing_5pct,mid_15_25,13,0.15384615384615385,-2.3317846153846156,-30.313200000000002
bollinger_tight,atr_trail_1x,high_25_40,24,0.20833333333333334,-3.7065749999999995,-88.95779999999999
bollinger_tight,atr_trail_1x,low_lt_15,11,0.2727272727272727,-0.9928363636363637,-10.9212
bollinger_tight,atr_trail_1x,mid_15_25,51,0.21568627450980393,-1.8538392156862744,-94.5458
bollinger_tight,atr_trail_2x,high_25_40,24,0.5,3.5148041666666674,84.35530000000001
bollinger_tight,atr_trail_2x,low_lt_15,11,0.36363636363636365,5.740363636363638,63.14400000000001
bollinger_tight,atr_trail_2x,mid_15_25,51,0.29411764705882354,-2.3030098039215683,-117.45349999999999
bollinger_tight,atr_trail_mae_conditional,high_25_40,24,0.20833333333333334,-3.7065749999999995,-88.95779999999999
bollinger_tight,atr_trail_mae_conditional,low_lt_15,11,0.2727272727272727,-0.9928363636363637,-10.9212
bollinger_tight,atr_trail_mae_conditional,mid_15_25,51,0.21568627450980393,-1.8538392156862744,-94.5458
bollinger_tight,atr_trail_vix_conditional,high_25_40,24,0.25,-2.0972125,-50.333099999999995
bollinger_tight,atr_trail_vix_conditional,low_lt_15,11,0.2727272727272727,-1.6846545454545454,-18.5312
bollinger_tight,atr_trail_vix_conditional,mid_15_25,51,0.23529411764705882,-1.6622980392156865,-84.77720000000001
bollinger_tight,break_even_at_1r,high_25_40,24,0.16666666666666666,-3.370083333333333,-80.88199999999999
bollinger_tight,break_even_at_1r,low_lt_15,11,0.09090909090909091,-1.8085,-19.8935
bollinger_tight,break_even_at_1r,mid_15_25,51,0.13725490196078433,-2.3354117647058827,-119.10600000000001
bollinger_tight,breakeven_plus_trail,high_25_40,24,0.5416666666666666,4.333933333333333,104.0144
bollinger_tight,breakeven_plus_trail,low_lt_15,11,0.36363636363636365,8.068654545454548,88.75520000000002
bollinger_tight,breakeven_plus_trail,mid_15_25,51,0.43137254901960786,2.5336254901960786,129.2149
bollinger_tight,chandelier_3x,high_25_40,24,0.041666666666666664,-0.38851250000000004,-9.324300000000001
bollinger_tight,chandelier_3x,low_lt_15,11,0.09090909090909091,-0.536409090909091,-5.9005
bollinger_tight,chandelier_3x,mid_15_25,51,0.0196078431372549,-0.7130196078431372,-36.364
bollinger_tight,class_time_stop,high_25_40,24,0.5833333333333334,2.0422875,49.0149
bollinger_tight,class_time_stop,low_lt_15,11,0.45454545454545453,5.6238363636363635,61.8622
bollinger_tight,class_time_stop,mid_15_25,51,0.37254901960784315,-1.5385019607843138,-78.4636
bollinger_tight,earnings_blackout,high_25_40,24,0.4583333333333333,1.2822041666666666,30.7729
bollinger_tight,earnings_blackout,low_lt_15,11,0.45454545454545453,5.608681818181818,61.6955
bollinger_tight,earnings_blackout,mid_15_25,51,0.5490196078431373,2.045639215686274,104.32759999999999
bollinger_tight,fixed_4r_2r,high_25_40,24,0.4166666666666667,3.7372333333333336,89.6936
bollinger_tight,fixed_4r_2r,low_lt_15,11,0.36363636363636365,3.2982909090909094,36.281200000000005
bollinger_tight,fixed_4r_2r,mid_15_25,51,0.35294117647058826,0.565750980392157,28.853300000000004
bollinger_tight,hybrid_50pct_target,high_25_40,24,0.5,3.0027000000000004,72.0648
bollinger_tight,hybrid_50pct_target,low_lt_15,11,0.45454545454545453,-8.184163636363637,-90.0258
bollinger_tight,hybrid_50pct_target,mid_15_25,51,0.5294117647058824,-7.062786274509804,-360.20210000000003
bollinger_tight,ma_exit_ema9,high_25_40,24,0.4583333333333333,0.241325,5.7918
bollinger_tight,ma_exit_ema9,low_lt_15,11,0.45454545454545453,-0.994090909090909,-10.934999999999999
bollinger_tight,ma_exit_ema9,mid_15_25,51,0.45098039215686275,0.16816078431372555,8.576200000000004
bollinger_tight,mfe_lockin_trail,high_25_40,24,0.20833333333333334,-4.0951875,-98.2845
bollinger_tight,mfe_lockin_trail,low_lt_15,11,0.36363636363636365,-0.5009636363636362,-5.510599999999998
bollinger_tight,mfe_lockin_trail,mid_15_25,51,0.21568627450980393,-1.8913137254901962,-96.45700000000001
bollinger_tight,multi_tier_partial,high_25_40,24,0.2916666666666667,-3.4213416666666667,-82.1122
bollinger_tight,multi_tier_partial,low_lt_15,11,0.5454545454545454,0.583009090909091,6.413100000000001
bollinger_tight,multi_tier_partial,mid_15_25,51,0.27450980392156865,-1.5882411764705882,-81.0003
bollinger_tight,next_pivot_target,high_25_40,24,0.5416666666666666,-1.784275,-42.8226
bollinger_tight,next_pivot_target,low_lt_15,11,0.6363636363636364,-2.214190909090909,-24.356099999999998
bollinger_tight,next_pivot_target,mid_15_25,51,0.7058823529411765,-0.4842725490196079,-24.697900000000004
bollinger_tight,r_multiple_2r,high_25_40,24,0.25,-2.388583333333333,-57.32599999999999
bollinger_tight,r_multiple_2r,low_lt_15,11,0.36363636363636365,-0.04729090909090917,-0.5202000000000009
bollinger_tight,r_multiple_2r,mid_15_25,51,0.23529411764705882,-2.402119607843137,-122.5081
bollinger_tight,r_multiple_3r,high_25_40,24,0.20833333333333334,-2.8266958333333334,-67.8407
bollinger_tight,r_multiple_3r,low_lt_15,11,0.2727272727272727,0.041818181818181574,0.4599999999999973
bollinger_tight,r_multiple_3r,mid_15_25,51,0.17647058823529413,-2.6500196078431375,-135.151
bollinger_tight,regime_flip,high_25_40,24,0.5833333333333334,4.9698416666666665,119.27619999999999
bollinger_tight,regime_flip,low_lt_15,11,0.2727272727272727,1.238436363636363,13.622799999999993
bollinger_tight,regime_flip,mid_15_25,51,0.5490196078431373,0.1124803921568628,5.736500000000003
bollinger_tight,reverse_signal,high_25_40,24,0.5833333333333334,3.3030833333333334,79.274
bollinger_tight,reverse_signal,low_lt_15,11,0.36363636363636365,-10.923245454545453,-120.1557
bollinger_tight,reverse_signal,mid_15_25,51,0.5294117647058824,-1.295407843137255,-66.06580000000001
bollinger_tight,smc_mitigation_zone,high_25_40,24,0.20833333333333334,-3.7065749999999995,-88.95779999999999
bollinger_tight,smc_mitigation_zone,low_lt_15,11,0.2727272727272727,-0.9928363636363637,-10.9212
bollinger_tight,smc_mitigation_zone,mid_15_25,51,0.21568627450980393,-1.8538392156862744,-94.5458
bollinger_tight,time_stop_10d,high_25_40,24,0.5416666666666666,2.3797375,57.1137
bollinger_tight,time_stop_10d,low_lt_15,11,0.45454545454545453,5.091636363636364,56.008
bollinger_tight,time_stop_10d,mid_15_25,51,0.45098039215686275,-1.4732235294117646,-75.1344
bollinger_tight,time_stop_20d,high_25_40,24,0.5833333333333334,4.9698416666666665,119.27619999999999
bollinger_tight,time_stop_20d,low_lt_15,11,0.2727272727272727,1.238436363636363,13.622799999999993
bollinger_tight,time_stop_20d,mid_15_25,51,0.5490196078431373,0.1124803921568628,5.736500000000003
bollinger_tight,trailing_10pct,high_25_40,24,0.3333333333333333,0.028020833333333345,0.6725000000000003
bollinger_tight,trailing_10pct,low_lt_15,11,0.09090909090909091,-5.156809090909091,-56.7249
bollinger_tight,trailing_10pct,mid_15_25,51,0.35294117647058826,-0.8791901960784313,-44.838699999999996
bollinger_tight,trailing_15pct,high_25_40,24,0.3333333333333333,-3.1938041666666668,-76.6513
bollinger_tight,trailing_15pct,low_lt_15,11,0.2727272727272727,-3.2181545454545457,-35.3997
bollinger_tight,trailing_15pct,mid_15_25,51,0.35294117647058826,-0.5381137254901961,-27.4438
bollinger_tight,trailing_5pct,high_25_40,24,0.20833333333333334,-2.003875,-48.092999999999996
bollinger_tight,trailing_5pct,low_lt_15,11,0.2727272727272727,-0.8652454545454545,-9.5177
bollinger_tight,trailing_5pct,mid_15_25,51,0.23529411764705882,-1.3595411764705883,-69.3366
break_retest_confluence,atr_trail_1x,high_25_40,5,0.0,-4.3916200000000005,-21.9581
break_retest_confluence,atr_trail_1x,low_lt_15,4,0.25,-2.0605,-8.242
break_retest_confluence,atr_trail_1x,mid_15_25,8,0.0,-2.32455,-18.5964
break_retest_confluence,atr_trail_2x,high_25_40,5,0.0,-8.89936,-44.4968
break_retest_confluence,atr_trail_2x,low_lt_15,4,0.5,-0.6836500000000001,-2.7346000000000004
break_retest_confluence,atr_trail_2x,mid_15_25,8,0.5,6.9111875,55.2895
break_retest_confluence,atr_trail_mae_conditional,high_25_40,5,0.0,-4.3916200000000005,-21.9581
break_retest_confluence,atr_trail_mae_conditional,low_lt_15,4,0.25,-2.0605,-8.242
break_retest_confluence,atr_trail_mae_conditional,mid_15_25,8,0.0,-2.32455,-18.5964
break_retest_confluence,atr_trail_vix_conditional,high_25_40,5,0.0,-6.91712,-34.5856
break_retest_confluence,atr_trail_vix_conditional,low_lt_15,4,0.25,-1.0477750000000001,-4.1911000000000005
break_retest_confluence,atr_trail_vix_conditional,mid_15_25,8,0.0,-2.1325625,-17.0605
break_retest_confluence,break_even_at_1r,high_25_40,5,0.0,-4.53012,-22.6506
break_retest_confluence,break_even_at_1r,low_lt_15,4,0.25,1.1041999999999996,4.4167999999999985
break_retest_confluence,break_even_at_1r,mid_15_25,8,0.125,-0.3851875,-3.0815
break_retest_confluence,breakeven_plus_trail,high_25_40,5,0.2,-4.9546,-24.773
break_retest_confluence,breakeven_plus_trail,low_lt_15,4,0.25,0.935225,3.7409
break_retest_confluence,breakeven_plus_trail,mid_15_25,8,0.5,12.719874999999998,101.75899999999999
break_retest_confluence,chandelier_3x,high_25_40,5,0.0,-5.06362,-25.3181
break_retest_confluence,chandelier_3x,low_lt_15,4,0.25,-0.16102499999999997,-0.6440999999999999
break_retest_confluence,chandelier_3x,mid_15_25,8,0.375,6.634762500000001,53.078100000000006
break_retest_confluence,class_time_stop,high_25_40,5,0.2,-6.5068600000000005,-32.5343
break_retest_confluence,class_time_stop,low_lt_15,4,0.5,-11.399474999999999,-45.597899999999996
break_retest_confluence,class_time_stop,mid_15_25,8,0.625,12.8180875,102.5447
break_retest_confluence,earnings_blackout,high_25_40,5,0.4,-13.40976,-67.0488
break_retest_confluence,earnings_blackout,low_lt_15,4,0.5,-3.7371500000000006,-14.948600000000003
break_retest_confluence,earnings_blackout,mid_15_25,8,0.625,13.23955,105.9164
break_retest_confluence,fixed_4r_2r,high_25_40,5,0.0,-10.2264,-51.132
break_retest_confluence,fixed_4r_2r,low_lt_15,4,0.25,0.9872499999999995,3.948999999999998
break_retest_confluence,fixed_4r_2r,mid_15_25,8,0.375,2.8391375000000005,22.713100000000004
break_retest_confluence,hybrid_50pct_target,high_25_40,5,0.6,-7.79134,-38.9567
break_retest_confluence,hybrid_50pct_target,low_lt_15,4,1.0,12.902975,51.6119
break_retest_confluence,hybrid_50pct_target,mid_15_25,8,0.625,1.2933625000000002,10.346900000000002
break_retest_confluence,ma_exit_ema9,high_25_40,5,0.0,-2.9240000000000004,-14.620000000000001
break_retest_confluence,ma_exit_ema9,low_lt_15,4,0.0,-2.142675,-8.5707
break_retest_confluence,ma_exit_ema9,mid_15_25,8,0.25,-1.120625,-8.965
break_retest_confluence,mfe_lockin_trail,high_25_40,5,0.0,-4.3916200000000005,-21.9581
break_retest_confluence,mfe_lockin_trail,low_lt_15,4,0.25,-2.0605,-8.242
break_retest_confluence,mfe_lockin_trail,mid_15_25,8,0.0,-2.32455,-18.5964
break_retest_confluence,multi_tier_partial,high_25_40,5,0.2,-3.87798,-19.3899
break_retest_confluence,multi_tier_partial,low_lt_15,4,0.25,-1.6479000000000001,-6.591600000000001
break_retest_confluence,multi_tier_partial,mid_15_25,8,0.25,-1.945075,-15.5606
break_retest_confluence,next_pivot_target,high_25_40,5,0.2,-7.266500000000001,-36.3325
break_retest_confluence,next_pivot_target,low_lt_15,4,1.0,4.244675,16.9787
break_retest_confluence,next_pivot_target,mid_15_25,8,1.0,2.23195,17.8556
break_retest_confluence,r_multiple_2r,high_25_40,5,0.0,-5.12432,-25.6216
break_retest_confluence,r_multiple_2r,low_lt_15,4,0.5,3.4968,13.9872
break_retest_confluence,r_multiple_2r,mid_15_25,8,0.25,-1.6012,-12.8096
break_retest_confluence,r_multiple_3r,high_25_40,5,0.0,-5.12432,-25.6216
break_retest_confluence,r_multiple_3r,low_lt_15,4,0.25,4.265425,17.0617
break_retest_confluence,r_multiple_3r,mid_15_25,8,0.125,-2.0488375000000003,-16.390700000000002
break_retest_confluence,regime_flip,high_25_40,5,0.2,-10.18952,-50.9476
break_retest_confluence,regime_flip,low_lt_15,4,0.5,-13.364375,-53.4575
break_retest_confluence,regime_flip,mid_15_25,8,0.5,8.1581875,65.2655
break_retest_confluence,reverse_signal,high_25_40,5,0.0,-4.3916200000000005,-21.9581
break_retest_confluence,reverse_signal,low_lt_15,4,0.25,-2.0605,-8.242
break_retest_confluence,reverse_signal,mid_15_25,8,0.0,-2.32455,-18.5964
break_retest_confluence,smc_mitigation_zone,high_25_40,5,0.0,-4.3916200000000005,-21.9581
break_retest_confluence,smc_mitigation_zone,low_lt_15,4,0.25,-2.0605,-8.242
break_retest_confluence,smc_mitigation_zone,mid_15_25,8,0.0,-2.32455,-18.5964
break_retest_confluence,time_stop_10d,high_25_40,5,0.0,-8.44506,-42.2253
break_retest_confluence,time_stop_10d,low_lt_15,4,0.5,-3.5762250000000004,-14.304900000000002
break_retest_confluence,time_stop_10d,mid_15_25,8,0.875,5.4884875,43.9079
break_retest_confluence,time_stop_20d,high_25_40,5,0.2,-10.18952,-50.9476
break_retest_confluence,time_stop_20d,low_lt_15,4,0.5,-13.364375,-53.4575
break_retest_confluence,time_stop_20d,mid_15_25,8,0.5,8.1581875,65.2655
break_retest_confluence,trailing_10pct,high_25_40,5,0.0,-8.87998,-44.3999
break_retest_confluence,trailing_10pct,low_lt_15,4,0.25,-0.9299500000000003,-3.719800000000001
break_retest_confluence,trailing_10pct,mid_15_25,8,0.25,-2.0826249999999997,-16.660999999999998
break_retest_confluence,trailing_15pct,high_25_40,5,0.4,-3.8914,-19.457
break_retest_confluence,trailing_15pct,low_lt_15,4,0.25,-3.28705,-13.1482
break_retest_confluence,trailing_15pct,mid_15_25,8,0.5,11.9606,95.6848
break_retest_confluence,trailing_5pct,high_25_40,5,0.0,-4.37102,-21.8551
break_retest_confluence,trailing_5pct,low_lt_15,4,0.5,0.0706,0.2824
break_retest_confluence,trailing_5pct,mid_15_25,8,0.375,-0.5036375,-4.0291
break_retest_volume,atr_trail_1x,high_25_40,10,0.4,-2.1973399999999996,-21.973399999999998
break_retest_volume,atr_trail_1x,low_lt_15,9,0.0,-2.4815444444444443,-22.3339
break_retest_volume,atr_trail_1x,mid_15_25,31,0.3225806451612903,-0.6149032258064516,-19.062
break_retest_volume,atr_trail_2x,high_25_40,10,0.2,-4.65221,-46.5221
break_retest_volume,atr_trail_2x,low_lt_15,9,0.2222222222222222,-4.181133333333333,-37.6302
break_retest_volume,atr_trail_2x,mid_15_25,31,0.4838709677419355,2.752848387096774,85.33829999999999
break_retest_volume,atr_trail_mae_conditional,high_25_40,10,0.4,-2.1973399999999996,-21.973399999999998
break_retest_volume,atr_trail_mae_conditional,low_lt_15,9,0.0,-2.4815444444444443,-22.3339
break_retest_volume,atr_trail_mae_conditional,mid_15_25,31,0.3225806451612903,-0.6149032258064516,-19.062
break_retest_volume,atr_trail_vix_conditional,high_25_40,10,0.4,-3.9798299999999998,-39.7983
break_retest_volume,atr_trail_vix_conditional,low_lt_15,9,0.1111111111111111,-1.847822222222222,-16.630399999999998
break_retest_volume,atr_trail_vix_conditional,mid_15_25,31,0.3548387096774194,-0.48055483870967747,-14.897200000000002
break_retest_volume,break_even_at_1r,high_25_40,10,0.1,-1.43676,-14.367600000000001
break_retest_volume,break_even_at_1r,low_lt_15,9,0.0,-2.917822222222222,-26.2604
break_retest_volume,break_even_at_1r,mid_15_25,31,0.1935483870967742,1.0904451612903225,33.803799999999995
break_retest_volume,breakeven_plus_trail,high_25_40,10,0.4,-2.1537300000000004,-21.537300000000002
break_retest_volume,breakeven_plus_trail,low_lt_15,9,0.1111111111111111,15.635544444444443,140.7199
break_retest_volume,breakeven_plus_trail,mid_15_25,31,0.4838709677419355,4.268106451612903,132.3113
break_retest_volume,chandelier_3x,high_25_40,10,0.2,-8.18248,-81.8248
break_retest_volume,chandelier_3x,low_lt_15,9,0.1111111111111111,0.3286555555555557,2.9579000000000013
break_retest_volume,chandelier_3x,mid_15_25,31,0.41935483870967744,0.8839709677419354,27.4031
break_retest_volume,class_time_stop,high_25_40,10,0.3,-10.76472,-107.6472
break_retest_volume,class_time_stop,low_lt_15,9,0.6666666666666666,10.751700000000001,96.76530000000001
break_retest_volume,class_time_stop,mid_15_25,31,0.5483870967741935,-0.06463225806451646,-2.0036000000000103
break_retest_volume,earnings_blackout,high_25_40,10,0.6,-58.21097999999999,-582.1098
break_retest_volume,earnings_blackout,low_lt_15,9,0.4444444444444444,12.64401111111111,113.7961
break_retest_volume,earnings_blackout,mid_15_25,31,0.6451612903225806,1.6895129032258065,52.374900000000004
break_retest_volume,fixed_4r_2r,high_25_40,10,0.2,-7.797280000000001,-77.9728
break_retest_volume,fixed_4r_2r,low_lt_15,9,0.2222222222222222,-3.676511111111111,-33.0886
break_retest_volume,fixed_4r_2r,mid_15_25,31,0.45161290322580644,4.351393548387097,134.8932
break_retest_volume,hybrid_50pct_target,high_25_40,10,0.5,-60.36799,-603.6799
break_retest_volume,hybrid_50pct_target,low_lt_15,9,0.5555555555555556,4.039644444444445,36.3568
break_retest_volume,hybrid_50pct_target,mid_15_25,31,0.5161290322580645,1.8884935483870968,58.5433
break_retest_volume,ma_exit_ema9,high_25_40,10,0.3,-2.57119,-25.7119
break_retest_volume,ma_exit_ema9,low_lt_15,9,0.1111111111111111,-3.1519222222222223,-28.3673
break_retest_volume,ma_exit_ema9,mid_15_25,31,0.3870967741935484,2.6622290322580646,82.5291
break_retest_volume,mfe_lockin_trail,high_25_40,10,0.4,-1.43979,-14.3979
break_retest_volume,mfe_lockin_trail,low_lt_15,9,0.0,-2.4815444444444443,-22.3339
break_retest_volume,mfe_lockin_trail,mid_15_25,31,0.3225806451612903,-0.40011612903225807,-12.4036
break_retest_volume,multi_tier_partial,high_25_40,10,0.4,-2.06676,-20.6676
break_retest_volume,multi_tier_partial,low_lt_15,9,0.4444444444444444,-1.3188222222222223,-11.8694
break_retest_volume,multi_tier_partial,mid_15_25,31,0.4838709677419355,0.4910516129032258,15.2226
break_retest_volume,next_pivot_target,high_25_40,10,0.7,0.24764,2.4764
break_retest_volume,next_pivot_target,low_lt_15,9,0.8888888888888888,0.46962222222222216,4.2265999999999995
break_retest_volume,next_pivot_target,mid_15_25,31,0.9032258064516129,2.0408935483870967,63.2677
break_retest_volume,r_multiple_2r,high_25_40,10,0.4,1.30984,13.0984
break_retest_volume,r_multiple_2r,low_lt_15,9,0.2222222222222222,-2.331822222222222,-20.986399999999996
break_retest_volume,r_multiple_2r,mid_15_25,31,0.41935483870967744,1.8417645161290321,57.094699999999996
break_retest_volume,r_multiple_3r,high_25_40,10,0.2,-1.4137600000000003,-14.137600000000004
break_retest_volume,r_multiple_3r,low_lt_15,9,0.1111111111111111,-4.005966666666667,-36.0537
break_retest_volume,r_multiple_3r,mid_15_25,31,0.22580645161290322,0.9746645161290324,30.214600000000004
break_retest_volume,regime_flip,high_25_40,10,0.4,-9.39571,-93.9571
break_retest_volume,regime_flip,low_lt_15,9,0.5555555555555556,10.604800000000001,95.4432
break_retest_volume,regime_flip,mid_15_25,31,0.5806451612903226,1.7550645161290317,54.40699999999998
break_retest_volume,reverse_signal,high_25_40,10,0.4,-2.1973399999999996,-21.973399999999998
break_retest_volume,reverse_signal,low_lt_15,9,0.0,-2.4815444444444443,-22.3339
break_retest_volume,reverse_signal,mid_15_25,31,0.3225806451612903,-0.6149032258064516,-19.062
break_retest_volume,smc_mitigation_zone,high_25_40,10,0.4,-2.1973399999999996,-21.973399999999998
break_retest_volume,smc_mitigation_zone,low_lt_15,9,0.0,-2.4815444444444443,-22.3339
break_retest_volume,smc_mitigation_zone,mid_15_25,31,0.3225806451612903,-0.6149032258064516,-19.062
break_retest_volume,time_stop_10d,high_25_40,10,0.4,-6.51108,-65.1108
break_retest_volume,time_stop_10d,low_lt_15,9,0.3333333333333333,-3.2212666666666667,-28.9914
break_retest_volume,time_stop_10d,mid_15_25,31,0.7741935483870968,5.577506451612902,172.90269999999998
break_retest_volume,time_stop_20d,high_25_40,10,0.4,-9.39571,-93.9571
break_retest_volume,time_stop_20d,low_lt_15,9,0.5555555555555556,10.604800000000001,95.4432
break_retest_volume,time_stop_20d,mid_15_25,31,0.5806451612903226,1.7550645161290317,54.40699999999998
break_retest_volume,trailing_10pct,high_25_40,10,0.3,-2.40884,-24.0884
break_retest_volume,trailing_10pct,low_lt_15,9,0.1111111111111111,-3.7738666666666663,-33.9648
break_retest_volume,trailing_10pct,mid_15_25,31,0.45161290322580644,3.0216193548387094,93.6702
break_retest_volume,trailing_15pct,high_25_40,10,0.4,-5.8497900000000005,-58.4979
break_retest_volume,trailing_15pct,low_lt_15,9,0.2222222222222222,6.2716,56.4444
break_retest_volume,trailing_15pct,mid_15_25,31,0.45161290322580644,1.1929451612903226,36.9813
break_retest_volume,trailing_5pct,high_25_40,10,0.3,-2.64462,-26.4462
break_retest_volume,trailing_5pct,low_lt_15,9,0.1111111111111111,-1.8925888888888889,-17.0333
break_retest_volume,trailing_5pct,mid_15_25,31,0.22580645161290322,-1.1433967741935485,-35.4453
buyback_8k_recent_long,atr_trail_1x,high_25_40,10,0.4,-0.8836600000000001,-8.8366
buyback_8k_recent_long,atr_trail_1x,low_lt_15,15,0.13333333333333333,-2.459233333333333,-36.8885
buyback_8k_recent_long,atr_trail_1x,mid_15_25,33,0.21212121212121213,-2.42989393939394,-80.18650000000001
buyback_8k_recent_long,atr_trail_2x,high_25_40,10,0.3,-5.18984,-51.8984
buyback_8k_recent_long,atr_trail_2x,low_lt_15,15,0.13333333333333333,-1.684726666666667,-25.270900000000005
buyback_8k_recent_long,atr_trail_2x,mid_15_25,33,0.30303030303030304,-3.3168575757575756,-109.4563
buyback_8k_recent_long,atr_trail_mae_conditional,high_25_40,10,0.4,-0.8836600000000001,-8.8366
buyback_8k_recent_long,atr_trail_mae_conditional,low_lt_15,15,0.13333333333333333,-2.459233333333333,-36.8885
buyback_8k_recent_long,atr_trail_mae_conditional,mid_15_25,33,0.21212121212121213,-2.42989393939394,-80.18650000000001
buyback_8k_recent_long,atr_trail_vix_conditional,high_25_40,10,0.3,-2.20815,-22.0815
buyback_8k_recent_long,atr_trail_vix_conditional,low_lt_15,15,0.13333333333333333,-1.7818933333333333,-26.7284
buyback_8k_recent_long,atr_trail_vix_conditional,mid_15_25,33,0.24242424242424243,-1.5221848484848486,-50.2321
buyback_8k_recent_long,break_even_at_1r,high_25_40,10,0.2,3.4868499999999996,34.8685
buyback_8k_recent_long,break_even_at_1r,low_lt_15,15,0.06666666666666667,-2.02168,-30.3252
buyback_8k_recent_long,break_even_at_1r,mid_15_25,33,0.12121212121212122,-0.08026363636363637,-2.6487000000000003
buyback_8k_recent_long,breakeven_plus_trail,high_25_40,10,0.5,3.4979,34.979
buyback_8k_recent_long,breakeven_plus_trail,low_lt_15,15,0.13333333333333333,-1.8510666666666664,-27.765999999999995
buyback_8k_recent_long,breakeven_plus_trail,mid_15_25,33,0.3333333333333333,1.1147363636363636,36.7863
buyback_8k_recent_long,chandelier_3x,high_25_40,10,0.2,-4.98457,-49.8457
buyback_8k_recent_long,chandelier_3x,low_lt_15,15,0.13333333333333333,-0.7390399999999997,-11.085599999999996
buyback_8k_recent_long,chandelier_3x,mid_15_25,33,0.09090909090909091,0.07711212121212112,2.544699999999997
buyback_8k_recent_long,class_time_stop,high_25_40,10,0.4,-4.46773,-44.6773
buyback_8k_recent_long,class_time_stop,low_lt_15,15,0.2,-2.12888,-31.9332
buyback_8k_recent_long,class_time_stop,mid_15_25,33,0.42424242424242425,-1.86560303030303,-61.56489999999999
buyback_8k_recent_long,earnings_blackout,high_25_40,10,0.5,2.6573200000000003,26.573200000000003
buyback_8k_recent_long,earnings_blackout,low_lt_15,15,0.26666666666666666,-6.909546666666667,-103.64320000000001
buyback_8k_recent_long,earnings_blackout,mid_15_25,33,0.48484848484848486,-2.388581818181818,-78.8232
buyback_8k_recent_long,fixed_4r_2r,high_25_40,10,0.3,-6.24013,-62.4013
buyback_8k_recent_long,fixed_4r_2r,low_lt_15,15,0.13333333333333333,-2.8522466666666664,-42.783699999999996
buyback_8k_recent_long,fixed_4r_2r,mid_15_25,33,0.3333333333333333,-0.16718181818181843,-5.517000000000008
buyback_8k_recent_long,hybrid_50pct_target,high_25_40,10,0.3,-1.59375,-15.9375
buyback_8k_recent_long,hybrid_50pct_target,low_lt_15,15,0.2,-5.059026666666667,-75.8854
buyback_8k_recent_long,hybrid_50pct_target,mid_15_25,33,0.42424242424242425,1.7196,56.7468
buyback_8k_recent_long,ma_exit_ema9,high_25_40,10,0.2,-4.15724,-41.5724
buyback_8k_recent_long,ma_exit_ema9,low_lt_15,15,0.3333333333333333,-0.3602266666666664,-5.403399999999996
buyback_8k_recent_long,ma_exit_ema9,mid_15_25,33,0.3333333333333333,0.31616666666666665,10.433499999999999
buyback_8k_recent_long,mfe_lockin_trail,high_25_40,10,0.4,-0.8836600000000001,-8.8366
buyback_8k_recent_long,mfe_lockin_trail,low_lt_15,15,0.13333333333333333,-2.323313333333333,-34.8497
buyback_8k_recent_long,mfe_lockin_trail,mid_15_25,33,0.21212121212121213,-2.2972,-75.80760000000001
buyback_8k_recent_long,multi_tier_partial,high_25_40,10,0.8,0.49522000000000005,4.9522
buyback_8k_recent_long,multi_tier_partial,low_lt_15,15,0.26666666666666666,-1.70884,-25.6326
buyback_8k_recent_long,multi_tier_partial,mid_15_25,33,0.5454545454545454,-0.9937393939393939,-32.7934
buyback_8k_recent_long,next_pivot_target,high_25_40,10,0.7,-0.6840999999999999,-6.840999999999999
buyback_8k_recent_long,next_pivot_target,low_lt_15,15,0.4666666666666667,-3.3549133333333336,-50.3237
buyback_8k_recent_long,next_pivot_target,mid_15_25,33,0.6060606060606061,0.3653757575757575,12.057399999999998
buyback_8k_recent_long,r_multiple_2r,high_25_40,10,0.4,0.5982199999999996,5.982199999999996
buyback_8k_recent_long,r_multiple_2r,low_lt_15,15,0.13333333333333333,-1.5558133333333333,-23.3372
buyback_8k_recent_long,r_multiple_2r,mid_15_25,33,0.3333333333333333,-0.15687575757575772,-5.176900000000005
buyback_8k_recent_long,r_multiple_3r,high_25_40,10,0.3,-1.81219,-18.1219
buyback_8k_recent_long,r_multiple_3r,low_lt_15,15,0.13333333333333333,-0.5685933333333332,-8.528899999999998
buyback_8k_recent_long,r_multiple_3r,mid_15_25,33,0.2727272727272727,0.5667666666666664,18.70329999999999
buyback_8k_recent_long,regime_flip,high_25_40,10,0.4,-7.88733,-78.8733
buyback_8k_recent_long,regime_flip,low_lt_15,15,0.13333333333333333,-3.2378400000000003,-48.567600000000006
buyback_8k_recent_long,regime_flip,mid_15_25,33,0.45454545454545453,-3.3693818181818185,-111.18960000000001
buyback_8k_recent_long,reverse_signal,high_25_40,10,0.4,-0.8836600000000001,-8.8366
buyback_8k_recent_long,reverse_signal,low_lt_15,15,0.13333333333333333,-2.459233333333333,-36.8885
buyback_8k_recent_long,reverse_signal,mid_15_25,33,0.21212121212121213,-2.42989393939394,-80.18650000000001
buyback_8k_recent_long,smc_mitigation_zone,high_25_40,10,0.4,-0.8836600000000001,-8.8366
buyback_8k_recent_long,smc_mitigation_zone,low_lt_15,15,0.13333333333333333,-2.459233333333333,-36.8885
buyback_8k_recent_long,smc_mitigation_zone,mid_15_25,33,0.21212121212121213,-2.42989393939394,-80.18650000000001
buyback_8k_recent_long,time_stop_10d,high_25_40,10,0.3,-6.47423,-64.7423
buyback_8k_recent_long,time_stop_10d,low_lt_15,15,0.2,-1.9630133333333337,-29.445200000000007
buyback_8k_recent_long,time_stop_10d,mid_15_25,33,0.42424242424242425,-1.7284727272727274,-57.0396
buyback_8k_recent_long,time_stop_20d,high_25_40,10,0.4,-7.88733,-78.8733
buyback_8k_recent_long,time_stop_20d,low_lt_15,15,0.13333333333333333,-3.2378400000000003,-48.567600000000006
buyback_8k_recent_long,time_stop_20d,mid_15_25,33,0.45454545454545453,-3.3693818181818185,-111.18960000000001
buyback_8k_recent_long,trailing_10pct,high_25_40,10,0.5,2.60816,26.081599999999998
buyback_8k_recent_long,trailing_10pct,low_lt_15,15,0.06666666666666667,-6.542066666666667,-98.131
buyback_8k_recent_long,trailing_10pct,mid_15_25,33,0.2727272727272727,-1.1181333333333332,-36.898399999999995
buyback_8k_recent_long,trailing_15pct,high_25_40,10,0.3,13.0123,130.123
buyback_8k_recent_long,trailing_15pct,low_lt_15,15,0.26666666666666666,-4.202913333333333,-63.043699999999994
buyback_8k_recent_long,trailing_15pct,mid_15_25,33,0.3333333333333333,-2.2768424242424246,-75.1358
buyback_8k_recent_long,trailing_5pct,high_25_40,10,0.2,-0.9412699999999999,-9.4127
buyback_8k_recent_long,trailing_5pct,low_lt_15,15,0.06666666666666667,-3.1169066666666665,-46.7536
buyback_8k_recent_long,trailing_5pct,mid_15_25,33,0.21212121212121213,-1.7622181818181817,-58.1532
camarilla_r3_breakout,atr_trail_1x,high_25_40,21,0.14285714285714285,-3.5471380952380955,-74.4899
camarilla_r3_breakout,atr_trail_1x,low_lt_15,8,0.5,2.0194625,16.1557
camarilla_r3_breakout,atr_trail_1x,mid_15_25,32,0.1875,-4.126196875,-132.0383
camarilla_r3_breakout,atr_trail_2x,high_25_40,21,0.2857142857142857,-5.801009523809524,-121.8212
camarilla_r3_breakout,atr_trail_2x,low_lt_15,8,0.75,7.6674375,61.3395
camarilla_r3_breakout,atr_trail_2x,mid_15_25,32,0.28125,-8.004721875,-256.1511
camarilla_r3_breakout,atr_trail_mae_conditional,high_25_40,21,0.14285714285714285,-3.5471380952380955,-74.4899
camarilla_r3_breakout,atr_trail_mae_conditional,low_lt_15,8,0.5,2.0194625,16.1557
camarilla_r3_breakout,atr_trail_mae_conditional,mid_15_25,32,0.1875,-4.126196875,-132.0383
camarilla_r3_breakout,atr_trail_vix_conditional,high_25_40,21,0.23809523809523808,-4.214642857142857,-88.5075
camarilla_r3_breakout,atr_trail_vix_conditional,low_lt_15,8,0.5,1.611025,12.8882
camarilla_r3_breakout,atr_trail_vix_conditional,mid_15_25,32,0.15625,-5.65370625,-180.9186
camarilla_r3_breakout,break_even_at_1r,high_25_40,21,0.09523809523809523,-3.356447619047619,-70.4854
camarilla_r3_breakout,break_even_at_1r,low_lt_15,8,0.375,3.43935,27.5148
camarilla_r3_breakout,break_even_at_1r,mid_15_25,32,0.09375,-4.359459375,-139.5027
camarilla_r3_breakout,breakeven_plus_trail,high_25_40,21,0.42857142857142855,0.6895047619047618,14.479599999999998
camarilla_r3_breakout,breakeven_plus_trail,low_lt_15,8,0.75,8.972075,71.7766
camarilla_r3_breakout,breakeven_plus_trail,mid_15_25,32,0.46875,-2.159646875,-69.1087
camarilla_r3_breakout,chandelier_3x,high_25_40,21,0.09523809523809523,-1.4657190476190476,-30.7801
camarilla_r3_breakout,chandelier_3x,low_lt_15,8,0.5,1.7552625,14.0421
camarilla_r3_breakout,chandelier_3x,mid_15_25,32,0.25,-2.99014375,-95.6846
camarilla_r3_breakout,class_time_stop,high_25_40,21,0.23809523809523808,-9.970157142857143,-209.3733
camarilla_r3_breakout,class_time_stop,low_lt_15,8,0.625,4.65195,37.2156
camarilla_r3_breakout,class_time_stop,mid_15_25,32,0.3125,-4.85291875,-155.2934
camarilla_r3_breakout,earnings_blackout,high_25_40,21,0.5238095238095238,1.5845190476190474,33.274899999999995
camarilla_r3_breakout,earnings_blackout,low_lt_15,8,0.875,11.6153625,92.9229
camarilla_r3_breakout,earnings_blackout,mid_15_25,32,0.28125,-10.471909375000001,-335.10110000000003
camarilla_r3_breakout,fixed_4r_2r,high_25_40,21,0.42857142857142855,3.008747619047619,63.183699999999995
camarilla_r3_breakout,fixed_4r_2r,low_lt_15,8,0.75,15.426112499999999,123.40889999999999
camarilla_r3_breakout,fixed_4r_2r,mid_15_25,32,0.21875,-8.7766375,-280.8524
camarilla_r3_breakout,hybrid_50pct_target,high_25_40,21,0.5238095238095238,4.387933333333334,92.1466
camarilla_r3_breakout,hybrid_50pct_target,low_lt_15,8,0.875,13.460149999999999,107.68119999999999
camarilla_r3_breakout,hybrid_50pct_target,mid_15_25,32,0.375,-9.90338125,-316.9082
camarilla_r3_breakout,ma_exit_ema9,high_25_40,21,0.19047619047619047,-3.1987714285714284,-67.1742
camarilla_r3_breakout,ma_exit_ema9,low_lt_15,8,0.5,3.5915624999999998,28.732499999999998
camarilla_r3_breakout,ma_exit_ema9,mid_15_25,32,0.25,-3.0411124999999997,-97.31559999999999
camarilla_r3_breakout,mfe_lockin_trail,high_25_40,21,0.14285714285714285,-3.2215142857142856,-67.6518
camarilla_r3_breakout,mfe_lockin_trail,low_lt_15,8,0.5,2.5506625,20.4053
camarilla_r3_breakout,mfe_lockin_trail,mid_15_25,32,0.1875,-4.33674375,-138.7758
camarilla_r3_breakout,multi_tier_partial,high_25_40,21,0.19047619047619047,-3.2216428571428573,-67.6545
camarilla_r3_breakout,multi_tier_partial,low_lt_15,8,0.75,3.0060875,24.0487
camarilla_r3_breakout,multi_tier_partial,mid_15_25,32,0.3125,-3.6881,-118.0192
camarilla_r3_breakout,next_pivot_target,high_25_40,21,0.6190476190476191,-1.8952095238095237,-39.7994
camarilla_r3_breakout,next_pivot_target,low_lt_15,8,0.75,5.7116375,45.6931
camarilla_r3_breakout,next_pivot_target,mid_15_25,32,0.5,-4.2145125,-134.8644
camarilla_r3_breakout,r_multiple_2r,high_25_40,21,0.2857142857142857,-0.24939047619047622,-5.2372000000000005
camarilla_r3_breakout,r_multiple_2r,low_lt_15,8,0.5,3.5050875,28.0407
camarilla_r3_breakout,r_multiple_2r,mid_15_25,32,0.21875,-3.8450468750000004,-123.04150000000001
camarilla_r3_breakout,r_multiple_3r,high_25_40,21,0.23809523809523808,-0.12133809523809527,-2.5481000000000007
camarilla_r3_breakout,r_multiple_3r,low_lt_15,8,0.5,6.4902625,51.9221
camarilla_r3_breakout,r_multiple_3r,mid_15_25,32,0.1875,-2.756865625,-88.2197
camarilla_r3_breakout,regime_flip,high_25_40,21,0.5714285714285714,3.652009523809524,76.6922
camarilla_r3_breakout,regime_flip,low_lt_15,8,0.875,7.5677125,60.5417
camarilla_r3_breakout,regime_flip,mid_15_25,32,0.4375,-2.4928749999999993,-79.77199999999998
camarilla_r3_breakout,reverse_signal,high_25_40,21,0.14285714285714285,-3.5471380952380955,-74.4899
camarilla_r3_breakout,reverse_signal,low_lt_15,8,0.5,2.0194625,16.1557
camarilla_r3_breakout,reverse_signal,mid_15_25,32,0.1875,-4.126196875,-132.0383
camarilla_r3_breakout,smc_mitigation_zone,high_25_40,21,0.14285714285714285,-3.5471380952380955,-74.4899
camarilla_r3_breakout,smc_mitigation_zone,low_lt_15,8,0.5,2.0194625,16.1557
camarilla_r3_breakout,smc_mitigation_zone,mid_15_25,32,0.1875,-4.126196875,-132.0383
camarilla_r3_breakout,time_stop_10d,high_25_40,21,0.5714285714285714,-10.772090476190478,-226.21390000000002
camarilla_r3_breakout,time_stop_10d,low_lt_15,8,0.875,12.0892,96.7136
camarilla_r3_breakout,time_stop_10d,mid_15_25,32,0.40625,-3.74044375,-119.6942
camarilla_r3_breakout,time_stop_20d,high_25_40,21,0.5714285714285714,3.652009523809524,76.6922
camarilla_r3_breakout,time_stop_20d,low_lt_15,8,0.875,7.5677125,60.5417
camarilla_r3_breakout,time_stop_20d,mid_15_25,32,0.4375,-2.4928749999999993,-79.77199999999998
camarilla_r3_breakout,trailing_10pct,high_25_40,21,0.23809523809523808,-2.267114285714286,-47.6094
camarilla_r3_breakout,trailing_10pct,low_lt_15,8,0.625,3.200775,25.6062
camarilla_r3_breakout,trailing_10pct,mid_15_25,32,0.1875,-4.24850625,-135.9522
camarilla_r3_breakout,trailing_15pct,high_25_40,21,0.38095238095238093,0.9213523809523807,19.348399999999994
camarilla_r3_breakout,trailing_15pct,low_lt_15,8,0.625,9.6311875,77.0495
camarilla_r3_breakout,trailing_15pct,mid_15_25,32,0.1875,-6.536934375,-209.1819
camarilla_r3_breakout,trailing_5pct,high_25_40,21,0.09523809523809523,-2.6411333333333333,-55.4638
camarilla_r3_breakout,trailing_5pct,low_lt_15,8,0.375,0.24003750000000007,1.9203000000000006
camarilla_r3_breakout,trailing_5pct,mid_15_25,32,0.125,-2.303484375,-73.7115
cmf_flip,atr_trail_1x,crisis_ge_40,1,0.0,-0.4357,-0.4357
cmf_flip,atr_trail_1x,high_25_40,32,0.25,-1.2920375,-41.3452
cmf_flip,atr_trail_1x,low_lt_15,26,0.23076923076923078,-1.8186192307692308,-47.2841
cmf_flip,atr_trail_1x,mid_15_25,77,0.22077922077922077,-2.2763935064935064,-175.2823
cmf_flip,atr_trail_2x,crisis_ge_40,1,1.0,7.7743,7.7743
cmf_flip,atr_trail_2x,high_25_40,32,0.40625,7.627565625,244.0821
cmf_flip,atr_trail_2x,low_lt_15,26,0.4230769230769231,0.8306500000000001,21.5969
cmf_flip,atr_trail_2x,mid_15_25,77,0.2857142857142857,-1.218925974025974,-93.8573
cmf_flip,atr_trail_mae_conditional,crisis_ge_40,1,0.0,-0.4357,-0.4357
cmf_flip,atr_trail_mae_conditional,high_25_40,32,0.25,-1.2920375,-41.3452
cmf_flip,atr_trail_mae_conditional,low_lt_15,26,0.23076923076923078,-1.8186192307692308,-47.2841
cmf_flip,atr_trail_mae_conditional,mid_15_25,77,0.22077922077922077,-2.2763935064935064,-175.2823
cmf_flip,atr_trail_vix_conditional,crisis_ge_40,1,1.0,0.1605,0.1605
cmf_flip,atr_trail_vix_conditional,high_25_40,32,0.40625,3.6113562500000005,115.56340000000002
cmf_flip,atr_trail_vix_conditional,low_lt_15,26,0.2692307692307692,-1.5376346153846152,-39.9785
cmf_flip,atr_trail_vix_conditional,mid_15_25,77,0.24675324675324675,-1.156161038961039,-89.0244
cmf_flip,break_even_at_1r,crisis_ge_40,1,0.0,-0.4357,-0.4357
cmf_flip,break_even_at_1r,high_25_40,32,0.21875,3.8503937500000003,123.21260000000001
cmf_flip,break_even_at_1r,low_lt_15,26,0.11538461538461539,-1.0365346153846153,-26.9499
cmf_flip,break_even_at_1r,mid_15_25,77,0.14285714285714285,-1.2333506493506494,-94.968
cmf_flip,breakeven_plus_trail,crisis_ge_40,1,1.0,4.9359,4.9359
cmf_flip,breakeven_plus_trail,high_25_40,32,0.46875,13.059803125,417.9137
cmf_flip,breakeven_plus_trail,low_lt_15,26,0.46153846153846156,4.552311538461539,118.3601
cmf_flip,breakeven_plus_trail,mid_15_25,77,0.37662337662337664,2.3279454545454548,179.2518
cmf_flip,chandelier_3x,crisis_ge_40,1,0.0,-0.6575,-0.6575
cmf_flip,chandelier_3x,high_25_40,32,0.125,4.49236875,143.7558
cmf_flip,chandelier_3x,low_lt_15,26,0.11538461538461539,-1.0682615384615384,-27.7748
cmf_flip,chandelier_3x,mid_15_25,77,0.06493506493506493,-1.0524467532467532,-81.0384
cmf_flip,class_time_stop,crisis_ge_40,1,1.0,3.1501,3.1501
cmf_flip,class_time_stop,high_25_40,32,0.5,1.027790625,32.8893
cmf_flip,class_time_stop,low_lt_15,26,0.5769230769230769,0.5233730769230772,13.607700000000007
cmf_flip,class_time_stop,mid_15_25,77,0.4675324675324675,-0.42981298701298687,-33.09559999999999
cmf_flip,earnings_blackout,crisis_ge_40,1,1.0,3.2247,3.2247
cmf_flip,earnings_blackout,high_25_40,32,0.40625,0.5020156250000001,16.064500000000002
cmf_flip,earnings_blackout,low_lt_15,26,0.6538461538461539,7.724311538461539,200.8321
cmf_flip,earnings_blackout,mid_15_25,77,0.5324675324675324,2.1228805194805194,163.46179999999998
cmf_flip,fixed_4r_2r,crisis_ge_40,1,1.0,15.6018,15.6018
cmf_flip,fixed_4r_2r,high_25_40,32,0.40625,2.99721875,95.911
cmf_flip,fixed_4r_2r,low_lt_15,26,0.4230769230769231,1.1372576923076925,29.568700000000003
cmf_flip,fixed_4r_2r,mid_15_25,77,0.35064935064935066,-0.17415324675324675,-13.4098
cmf_flip,hybrid_50pct_target,crisis_ge_40,1,1.0,8.3186,8.3186
cmf_flip,hybrid_50pct_target,high_25_40,32,0.5625,6.931071875000001,221.79430000000002
cmf_flip,hybrid_50pct_target,low_lt_15,26,0.8076923076923077,-2.4224807692307695,-62.984500000000004
cmf_flip,hybrid_50pct_target,mid_15_25,77,0.5974025974025974,2.101361038961039,161.8048
cmf_flip,ma_exit_ema9,crisis_ge_40,1,1.0,2.9388,2.9388
cmf_flip,ma_exit_ema9,high_25_40,32,0.4375,-0.18331250000000002,-5.8660000000000005
cmf_flip,ma_exit_ema9,low_lt_15,26,0.5,0.565246153846154,14.696400000000002
cmf_flip,ma_exit_ema9,mid_15_25,77,0.33766233766233766,-0.16546753246753246,-12.741
cmf_flip,mfe_lockin_trail,crisis_ge_40,1,0.0,-0.4357,-0.4357
cmf_flip,mfe_lockin_trail,high_25_40,32,0.25,-1.3478999999999999,-43.132799999999996
cmf_flip,mfe_lockin_trail,low_lt_15,26,0.23076923076923078,-1.7092884615384614,-44.4415
cmf_flip,mfe_lockin_trail,mid_15_25,77,0.22077922077922077,-2.201820779220779,-169.5402
cmf_flip,multi_tier_partial,crisis_ge_40,1,1.0,1.0097,1.0097
cmf_flip,multi_tier_partial,high_25_40,32,0.40625,-0.51473125,-16.4714
cmf_flip,multi_tier_partial,low_lt_15,26,0.4230769230769231,-1.3487807692307692,-35.0683
cmf_flip,multi_tier_partial,mid_15_25,77,0.33766233766233766,-1.7837311688311688,-137.3473
cmf_flip,next_pivot_target,crisis_ge_40,1,1.0,7.8235,7.8235
cmf_flip,next_pivot_target,high_25_40,32,0.8125,0.8686843750000001,27.797900000000002
cmf_flip,next_pivot_target,low_lt_15,26,0.8076923076923077,1.3176038461538462,34.2577
cmf_flip,next_pivot_target,mid_15_25,77,0.7272727272727273,0.30229740259740256,23.276899999999998
cmf_flip,r_multiple_2r,crisis_ge_40,1,1.0,7.8009,7.8009
cmf_flip,r_multiple_2r,high_25_40,32,0.46875,2.95371875,94.519
cmf_flip,r_multiple_2r,low_lt_15,26,0.34615384615384615,-0.5248576923076924,-13.646300000000002
cmf_flip,r_multiple_2r,mid_15_25,77,0.2727272727272727,-1.2663675324675325,-97.5103
cmf_flip,r_multiple_3r,crisis_ge_40,1,1.0,11.7013,11.7013
cmf_flip,r_multiple_3r,high_25_40,32,0.34375,2.76879375,88.6014
cmf_flip,r_multiple_3r,low_lt_15,26,0.3076923076923077,0.6004423076923077,15.6115
cmf_flip,r_multiple_3r,mid_15_25,77,0.18181818181818182,-1.5207363636363636,-117.0967
cmf_flip,regime_flip,crisis_ge_40,1,1.0,9.3336,9.3336
cmf_flip,regime_flip,high_25_40,32,0.59375,6.04355625,193.3938
cmf_flip,regime_flip,low_lt_15,26,0.5,3.3011961538461536,85.83109999999999
cmf_flip,regime_flip,mid_15_25,77,0.5194805194805194,-0.35415324675324666,-27.269799999999993
cmf_flip,reverse_signal,crisis_ge_40,1,0.0,-0.4357,-0.4357
cmf_flip,reverse_signal,high_25_40,32,0.25,-1.2920375,-41.3452
cmf_flip,reverse_signal,low_lt_15,26,0.23076923076923078,-1.8186192307692308,-47.2841
cmf_flip,reverse_signal,mid_15_25,77,0.22077922077922077,-2.2763935064935064,-175.2823
cmf_flip,smc_mitigation_zone,crisis_ge_40,1,0.0,-0.4357,-0.4357
cmf_flip,smc_mitigation_zone,high_25_40,32,0.25,-1.2920375,-41.3452
cmf_flip,smc_mitigation_zone,low_lt_15,26,0.23076923076923078,-1.8186192307692308,-47.2841
cmf_flip,smc_mitigation_zone,mid_15_25,77,0.22077922077922077,-2.2763935064935064,-175.2823
cmf_flip,time_stop_10d,crisis_ge_40,1,1.0,3.0444,3.0444
cmf_flip,time_stop_10d,high_25_40,32,0.625,2.0341218750000003,65.09190000000001
cmf_flip,time_stop_10d,low_lt_15,26,0.5,5.11263076923077,132.9284
cmf_flip,time_stop_10d,mid_15_25,77,0.5584415584415584,-0.6913766233766235,-53.23600000000001
cmf_flip,time_stop_20d,crisis_ge_40,1,1.0,9.3336,9.3336
cmf_flip,time_stop_20d,high_25_40,32,0.59375,6.04355625,193.3938
cmf_flip,time_stop_20d,low_lt_15,26,0.5,3.3011961538461536,85.83109999999999
cmf_flip,time_stop_20d,mid_15_25,77,0.5194805194805194,-0.35415324675324666,-27.269799999999993
cmf_flip,trailing_10pct,crisis_ge_40,1,1.0,4.9359,4.9359
cmf_flip,trailing_10pct,high_25_40,32,0.375,5.097759375,163.1283
cmf_flip,trailing_10pct,low_lt_15,26,0.5,1.4197384615384616,36.9132
cmf_flip,trailing_10pct,mid_15_25,77,0.4025974025974026,1.0637077922077922,81.9055
cmf_flip,trailing_15pct,crisis_ge_40,1,0.0,-0.8939,-0.8939
cmf_flip,trailing_15pct,high_25_40,32,0.34375,10.50725,336.232
cmf_flip,trailing_15pct,low_lt_15,26,0.38461538461538464,1.7293307692307693,44.9626
cmf_flip,trailing_15pct,mid_15_25,77,0.35064935064935066,-0.2755948051948053,-21.220800000000008
cmf_flip,trailing_5pct,crisis_ge_40,1,1.0,0.667,0.667
cmf_flip,trailing_5pct,high_25_40,32,0.3125,-0.9227687499999999,-29.528599999999997
cmf_flip,trailing_5pct,low_lt_15,26,0.23076923076923078,-0.3742423076923077,-9.7303
cmf_flip,trailing_5pct,mid_15_25,77,0.23376623376623376,-1.8730051948051947,-144.2214
cpr_narrow_bullish,atr_trail_1x,crisis_ge_40,2,0.0,-8.2353,-16.4706
cpr_narrow_bullish,atr_trail_1x,high_25_40,97,0.24742268041237114,-2.7507,-266.8179
cpr_narrow_bullish,atr_trail_1x,low_lt_15,88,0.23863636363636365,-2.4861522727272725,-218.7814
cpr_narrow_bullish,atr_trail_1x,mid_15_25,276,0.3079710144927536,-0.909686231884058,-251.0734
cpr_narrow_bullish,atr_trail_2x,crisis_ge_40,2,0.0,-17.55095,-35.1019
cpr_narrow_bullish,atr_trail_2x,high_25_40,97,0.35051546391752575,-3.4132113402061854,-331.0815
cpr_narrow_bullish,atr_trail_2x,low_lt_15,88,0.38636363636363635,-0.2674568181818181,-23.536199999999994
cpr_narrow_bullish,atr_trail_2x,mid_15_25,276,0.38768115942028986,0.21732681159420278,59.98219999999996
cpr_narrow_bullish,atr_trail_mae_conditional,crisis_ge_40,2,0.0,-8.2353,-16.4706
cpr_narrow_bullish,atr_trail_mae_conditional,high_25_40,97,0.24742268041237114,-2.7507,-266.8179
cpr_narrow_bullish,atr_trail_mae_conditional,low_lt_15,88,0.23863636363636365,-2.4861522727272725,-218.7814
cpr_narrow_bullish,atr_trail_mae_conditional,mid_15_25,276,0.3079710144927536,-0.909686231884058,-251.0734
cpr_narrow_bullish,atr_trail_vix_conditional,crisis_ge_40,2,0.0,-12.353,-24.706
cpr_narrow_bullish,atr_trail_vix_conditional,high_25_40,97,0.26804123711340205,-3.049414432989691,-295.7932
cpr_narrow_bullish,atr_trail_vix_conditional,low_lt_15,88,0.14772727272727273,-2.555869318181818,-224.9165
cpr_narrow_bullish,atr_trail_vix_conditional,mid_15_25,276,0.2717391304347826,-0.7401358695652174,-204.2775
cpr_narrow_bullish,break_even_at_1r,crisis_ge_40,2,0.0,-8.2353,-16.4706
cpr_narrow_bullish,break_even_at_1r,high_25_40,97,0.16494845360824742,-2.3852463917525775,-231.3689
cpr_narrow_bullish,break_even_at_1r,low_lt_15,88,0.20454545454545456,-0.4249988636363637,-37.3999
cpr_narrow_bullish,break_even_at_1r,mid_15_25,276,0.17391304347826086,-1.3808431159420291,-381.1127
cpr_narrow_bullish,breakeven_plus_trail,crisis_ge_40,2,0.0,-16.47065,-32.9413
cpr_narrow_bullish,breakeven_plus_trail,high_25_40,97,0.36082474226804123,-0.8300092783505155,-80.5109
cpr_narrow_bullish,breakeven_plus_trail,low_lt_15,88,0.42045454545454547,7.098376136363637,624.6571
cpr_narrow_bullish,breakeven_plus_trail,mid_15_25,276,0.4057971014492754,3.5574054347826087,981.8439
cpr_narrow_bullish,chandelier_3x,crisis_ge_40,2,0.0,-16.900100000000002,-33.800200000000004
cpr_narrow_bullish,chandelier_3x,high_25_40,97,0.28865979381443296,-3.1958247422680413,-309.995
cpr_narrow_bullish,chandelier_3x,low_lt_15,88,0.3522727272727273,-0.24368409090909085,-21.444199999999995
cpr_narrow_bullish,chandelier_3x,mid_15_25,276,0.3333333333333333,1.258151811594203,347.2499
cpr_narrow_bullish,class_time_stop,crisis_ge_40,2,0.0,-14.47915,-28.9583
cpr_narrow_bullish,class_time_stop,high_25_40,97,0.38144329896907214,-3.4868865979381445,-338.228
cpr_narrow_bullish,class_time_stop,low_lt_15,88,0.4431818181818182,-2.892561363636364,-254.5454
cpr_narrow_bullish,class_time_stop,mid_15_25,276,0.5615942028985508,0.9643184782608696,266.1519
cpr_narrow_bullish,earnings_blackout,crisis_ge_40,2,0.0,-26.142200000000003,-52.284400000000005
cpr_narrow_bullish,earnings_blackout,high_25_40,97,0.4536082474226804,-7.855009278350515,-761.9359
cpr_narrow_bullish,earnings_blackout,low_lt_15,88,0.5568181818181818,2.535060227272727,223.08529999999996
cpr_narrow_bullish,earnings_blackout,mid_15_25,276,0.5652173913043478,11.324513405797102,3125.5657
cpr_narrow_bullish,fixed_4r_2r,crisis_ge_40,2,0.0,-17.55095,-35.1019
cpr_narrow_bullish,fixed_4r_2r,high_25_40,97,0.25773195876288657,-4.489377319587629,-435.4696
cpr_narrow_bullish,fixed_4r_2r,low_lt_15,88,0.3409090909090909,-1.2497113636363635,-109.9746
cpr_narrow_bullish,fixed_4r_2r,mid_15_25,276,0.358695652173913,-0.0632246376811594,-17.449999999999996
cpr_narrow_bullish,hybrid_50pct_target,crisis_ge_40,2,0.0,-113.964,-227.928
cpr_narrow_bullish,hybrid_50pct_target,high_25_40,97,0.6288659793814433,-29.59047319587629,-2870.2759
cpr_narrow_bullish,hybrid_50pct_target,low_lt_15,88,0.625,-52.179649999999995,-4591.8092
cpr_narrow_bullish,hybrid_50pct_target,mid_15_25,276,0.6666666666666666,-13.157286231884058,-3631.411
cpr_narrow_bullish,ma_exit_ema9,crisis_ge_40,2,0.0,-10.0,-20.0
cpr_narrow_bullish,ma_exit_ema9,high_25_40,97,0.24742268041237114,-2.079636082474227,-201.7247
cpr_narrow_bullish,ma_exit_ema9,low_lt_15,88,0.3409090909090909,1.8455352272727275,162.4071
cpr_narrow_bullish,ma_exit_ema9,mid_15_25,276,0.38405797101449274,0.6811322463768116,187.9925
cpr_narrow_bullish,mfe_lockin_trail,crisis_ge_40,2,0.0,-8.2353,-16.4706
cpr_narrow_bullish,mfe_lockin_trail,high_25_40,97,0.25773195876288657,-2.546315463917526,-246.9926
cpr_narrow_bullish,mfe_lockin_trail,low_lt_15,88,0.23863636363636365,-2.461965909090909,-216.653
cpr_narrow_bullish,mfe_lockin_trail,mid_15_25,276,0.3079710144927536,-0.9877565217391305,-272.62080000000003
cpr_narrow_bullish,multi_tier_partial,crisis_ge_40,2,0.0,-8.2353,-16.4706
cpr_narrow_bullish,multi_tier_partial,high_25_40,97,0.3402061855670103,-2.4969855670103094,-242.2076
cpr_narrow_bullish,multi_tier_partial,low_lt_15,88,0.38636363636363635,-1.6947011363636364,-149.1337
cpr_narrow_bullish,multi_tier_partial,mid_15_25,276,0.43478260869565216,-0.5302615942028985,-146.3522
cpr_narrow_bullish,next_pivot_target,crisis_ge_40,2,0.0,-10.0,-20.0
cpr_narrow_bullish,next_pivot_target,high_25_40,97,0.5979381443298969,-2.8620731958762886,-277.6211
cpr_narrow_bullish,next_pivot_target,low_lt_15,88,0.6590909090909091,-0.8878397727272728,-78.1299
cpr_narrow_bullish,next_pivot_target,mid_15_25,276,0.7427536231884058,0.5985086956521739,165.1884
cpr_narrow_bullish,r_multiple_2r,crisis_ge_40,2,0.0,-8.2353,-16.4706
cpr_narrow_bullish,r_multiple_2r,high_25_40,97,0.26804123711340205,-1.5118876288659793,-146.6531
cpr_narrow_bullish,r_multiple_2r,low_lt_15,88,0.29545454545454547,-1.4986045454545456,-131.87720000000002
cpr_narrow_bullish,r_multiple_2r,mid_15_25,276,0.38768115942028986,0.6400025362318841,176.6407
cpr_narrow_bullish,r_multiple_3r,crisis_ge_40,2,0.0,-8.2353,-16.4706
cpr_narrow_bullish,r_multiple_3r,high_25_40,97,0.18556701030927836,-2.224545360824742,-215.7809
cpr_narrow_bullish,r_multiple_3r,low_lt_15,88,0.2727272727272727,-0.4813625,-42.3599
cpr_narrow_bullish,r_multiple_3r,mid_15_25,276,0.2898550724637681,0.6113181159420289,168.72379999999998
cpr_narrow_bullish,regime_flip,crisis_ge_40,2,0.0,-24.2837,-48.5674
cpr_narrow_bullish,regime_flip,high_25_40,97,0.3917525773195876,-4.920520618556701,-477.2905
cpr_narrow_bullish,regime_flip,low_lt_15,88,0.5340909090909091,3.1374954545454545,276.0996
cpr_narrow_bullish,regime_flip,mid_15_25,276,0.5688405797101449,2.06688115942029,570.4592
cpr_narrow_bullish,reverse_signal,crisis_ge_40,2,0.0,-8.2353,-16.4706
cpr_narrow_bullish,reverse_signal,high_25_40,97,0.24742268041237114,-2.7507,-266.8179
cpr_narrow_bullish,reverse_signal,low_lt_15,88,0.23863636363636365,-2.4861522727272725,-218.7814
cpr_narrow_bullish,reverse_signal,mid_15_25,276,0.3079710144927536,-0.909686231884058,-251.0734
cpr_narrow_bullish,smc_mitigation_zone,crisis_ge_40,2,0.0,-8.2353,-16.4706
cpr_narrow_bullish,smc_mitigation_zone,high_25_40,97,0.24742268041237114,-2.7507,-266.8179
cpr_narrow_bullish,smc_mitigation_zone,low_lt_15,88,0.23863636363636365,-2.4861522727272725,-218.7814
cpr_narrow_bullish,smc_mitigation_zone,mid_15_25,276,0.3079710144927536,-0.909686231884058,-251.0734
cpr_narrow_bullish,time_stop_10d,crisis_ge_40,2,0.0,-17.0545,-34.109
cpr_narrow_bullish,time_stop_10d,high_25_40,97,0.4020618556701031,-4.027755670103093,-390.6923
cpr_narrow_bullish,time_stop_10d,low_lt_15,88,0.5,-1.4427272727272726,-126.96
cpr_narrow_bullish,time_stop_10d,mid_15_25,276,0.5797101449275363,1.6225463768115942,447.8228
cpr_narrow_bullish,time_stop_20d,crisis_ge_40,2,0.0,-24.2837,-48.5674
cpr_narrow_bullish,time_stop_20d,high_25_40,97,0.3917525773195876,-4.920520618556701,-477.2905
cpr_narrow_bullish,time_stop_20d,low_lt_15,88,0.5340909090909091,3.1374954545454545,276.0996
cpr_narrow_bullish,time_stop_20d,mid_15_25,276,0.5688405797101449,2.06688115942029,570.4592
cpr_narrow_bullish,trailing_10pct,crisis_ge_40,2,0.0,-10.0,-20.0
cpr_narrow_bullish,trailing_10pct,high_25_40,97,0.25773195876288657,-3.2189195876288657,-312.23519999999996
cpr_narrow_bullish,trailing_10pct,low_lt_15,88,0.29545454545454547,-0.33058863636363645,-29.091800000000006
cpr_narrow_bullish,trailing_10pct,mid_15_25,276,0.36231884057971014,-0.09811485507246376,-27.0797
cpr_narrow_bullish,trailing_15pct,crisis_ge_40,2,0.0,-15.0,-30.0
cpr_narrow_bullish,trailing_15pct,high_25_40,97,0.28865979381443296,-2.573737113402062,-249.6525
cpr_narrow_bullish,trailing_15pct,low_lt_15,88,0.375,-0.05494204545454567,-4.834900000000019
cpr_narrow_bullish,trailing_15pct,mid_15_25,276,0.39492753623188404,1.7078876811594204,471.377
cpr_narrow_bullish,trailing_5pct,crisis_ge_40,2,0.0,-6.444599999999999,-12.889199999999999
cpr_narrow_bullish,trailing_5pct,high_25_40,97,0.2268041237113402,-2.4413041237113404,-236.8065
cpr_narrow_bullish,trailing_5pct,low_lt_15,88,0.2727272727272727,-1.4273863636363637,-125.61
cpr_narrow_bullish,trailing_5pct,mid_15_25,276,0.2898550724637681,-0.9078028985507246,-250.5536
cpr_narrow_momentum,atr_trail_1x,crisis_ge_40,3,0.0,-3.9559,-11.867700000000001
cpr_narrow_momentum,atr_trail_1x,high_25_40,19,0.47368421052631576,0.9263473684210525,17.600599999999996
cpr_narrow_momentum,atr_trail_1x,low_lt_15,10,0.3,0.06547000000000011,0.6547000000000012
cpr_narrow_momentum,atr_trail_1x,mid_15_25,36,0.3611111111111111,-0.9610527777777776,-34.597899999999996
cpr_narrow_momentum,atr_trail_2x,crisis_ge_40,3,0.0,-7.6096,-22.8288
cpr_narrow_momentum,atr_trail_2x,high_25_40,19,0.3684210526315789,-1.6979157894736845,-32.260400000000004
cpr_narrow_momentum,atr_trail_2x,low_lt_15,10,0.3,0.7945900000000001,7.945900000000002
cpr_narrow_momentum,atr_trail_2x,mid_15_25,36,0.5833333333333334,1.807308333333334,65.06310000000002
cpr_narrow_momentum,atr_trail_mae_conditional,crisis_ge_40,3,0.0,-3.9559,-11.867700000000001
cpr_narrow_momentum,atr_trail_mae_conditional,high_25_40,19,0.47368421052631576,0.9263473684210525,17.600599999999996
cpr_narrow_momentum,atr_trail_mae_conditional,low_lt_15,10,0.3,0.06547000000000011,0.6547000000000012
cpr_narrow_momentum,atr_trail_mae_conditional,mid_15_25,36,0.3611111111111111,-0.9610527777777776,-34.597899999999996
cpr_narrow_momentum,atr_trail_vix_conditional,crisis_ge_40,3,0.0,-4.541333333333333,-13.623999999999999
cpr_narrow_momentum,atr_trail_vix_conditional,high_25_40,19,0.42105263157894735,-0.3919631578947368,-7.447299999999999
cpr_narrow_momentum,atr_trail_vix_conditional,low_lt_15,10,0.2,-0.10982000000000014,-1.0982000000000014
cpr_narrow_momentum,atr_trail_vix_conditional,mid_15_25,36,0.3611111111111111,-1.4089027777777778,-50.7205
cpr_narrow_momentum,break_even_at_1r,crisis_ge_40,3,0.0,-7.143366666666666,-21.4301
cpr_narrow_momentum,break_even_at_1r,high_25_40,19,0.42105263157894735,0.5700368421052634,10.830700000000004
cpr_narrow_momentum,break_even_at_1r,low_lt_15,10,0.3,1.32502,13.250200000000001
cpr_narrow_momentum,break_even_at_1r,mid_15_25,36,0.16666666666666666,-1.2174666666666667,-43.8288
cpr_narrow_momentum,breakeven_plus_trail,crisis_ge_40,3,0.0,-10.6852,-32.0556
cpr_narrow_momentum,breakeven_plus_trail,high_25_40,19,0.5263157894736842,1.0976947368421057,20.85620000000001
cpr_narrow_momentum,breakeven_plus_trail,low_lt_15,10,0.5,4.1601300000000005,41.60130000000001
cpr_narrow_momentum,breakeven_plus_trail,mid_15_25,36,0.5,5.094533333333334,183.4032
cpr_narrow_momentum,chandelier_3x,crisis_ge_40,3,0.0,-7.077733333333334,-21.2332
cpr_narrow_momentum,chandelier_3x,high_25_40,19,0.15789473684210525,-2.6332999999999998,-50.0327
cpr_narrow_momentum,chandelier_3x,low_lt_15,10,0.4,6.04896,60.4896
cpr_narrow_momentum,chandelier_3x,mid_15_25,36,0.3888888888888889,1.8850250000000004,67.86090000000002
cpr_narrow_momentum,class_time_stop,crisis_ge_40,3,0.0,-15.407666666666666,-46.223
cpr_narrow_momentum,class_time_stop,high_25_40,19,0.42105263157894735,-6.952910526315789,-132.1053
cpr_narrow_momentum,class_time_stop,low_lt_15,10,0.7,6.3974400000000005,63.9744
cpr_narrow_momentum,class_time_stop,mid_15_25,36,0.5,1.3572055555555553,48.859399999999994
cpr_narrow_momentum,earnings_blackout,crisis_ge_40,3,0.0,-27.534033333333337,-82.60210000000001
cpr_narrow_momentum,earnings_blackout,high_25_40,19,0.3684210526315789,-11.004047368421052,-209.0769
cpr_narrow_momentum,earnings_blackout,low_lt_15,10,0.6,0.0349899999999991,0.349899999999991
cpr_narrow_momentum,earnings_blackout,mid_15_25,36,0.6944444444444444,-9.051902777777777,-325.8685
cpr_narrow_momentum,fixed_4r_2r,crisis_ge_40,3,0.0,-18.90876666666667,-56.7263
cpr_narrow_momentum,fixed_4r_2r,high_25_40,19,0.21052631578947367,-6.3832894736842105,-121.2825
cpr_narrow_momentum,fixed_4r_2r,low_lt_15,10,0.5,6.897710000000001,68.97710000000001
cpr_narrow_momentum,fixed_4r_2r,mid_15_25,36,0.5555555555555556,5.1682805555555555,186.0581
cpr_narrow_momentum,hybrid_50pct_target,crisis_ge_40,3,0.3333333333333333,-94.95043333333332,-284.8513
cpr_narrow_momentum,hybrid_50pct_target,high_25_40,19,0.5789473684210527,-35.387826315789475,-672.3687
cpr_narrow_momentum,hybrid_50pct_target,low_lt_15,10,0.9,3.6037299999999988,36.03729999999999
cpr_narrow_momentum,hybrid_50pct_target,mid_15_25,36,0.8333333333333334,0.18709444444444462,6.7354000000000065
cpr_narrow_momentum,ma_exit_ema9,crisis_ge_40,3,0.0,-1.9748333333333334,-5.9245
cpr_narrow_momentum,ma_exit_ema9,high_25_40,19,0.3157894736842105,-0.2298526315789474,-4.3672
cpr_narrow_momentum,ma_exit_ema9,low_lt_15,10,0.3,5.25906,52.590599999999995
cpr_narrow_momentum,ma_exit_ema9,mid_15_25,36,0.25,1.4056611111111108,50.60379999999999
cpr_narrow_momentum,mfe_lockin_trail,crisis_ge_40,3,0.0,-3.9559,-11.867700000000001
cpr_narrow_momentum,mfe_lockin_trail,high_25_40,19,0.47368421052631576,1.6548368421052633,31.4419
cpr_narrow_momentum,mfe_lockin_trail,low_lt_15,10,0.3,0.20469999999999997,2.0469999999999997
cpr_narrow_momentum,mfe_lockin_trail,mid_15_25,36,0.3611111111111111,-0.8943055555555556,-32.195
cpr_narrow_momentum,multi_tier_partial,crisis_ge_40,3,0.0,-3.9559,-11.867700000000001
cpr_narrow_momentum,multi_tier_partial,high_25_40,19,0.5263157894736842,1.2556473684210527,23.857300000000002
cpr_narrow_momentum,multi_tier_partial,low_lt_15,10,0.4,0.4520500000000001,4.520500000000001
cpr_narrow_momentum,multi_tier_partial,mid_15_25,36,0.4722222222222222,-1.0583472222222223,-38.100500000000004
cpr_narrow_momentum,next_pivot_target,crisis_ge_40,3,0.6666666666666666,-0.3047999999999999,-0.9143999999999997
cpr_narrow_momentum,next_pivot_target,high_25_40,19,0.6842105263157895,-3.4893684210526317,-66.298
cpr_narrow_momentum,next_pivot_target,low_lt_15,10,0.7,-2.0578200000000004,-20.578200000000002
cpr_narrow_momentum,next_pivot_target,mid_15_25,36,0.8055555555555556,1.1044888888888889,39.7616
cpr_narrow_momentum,r_multiple_2r,crisis_ge_40,3,0.0,-7.143366666666666,-21.4301
cpr_narrow_momentum,r_multiple_2r,high_25_40,19,0.3157894736842105,-0.37470526315789465,-7.119399999999999
cpr_narrow_momentum,r_multiple_2r,low_lt_15,10,0.3,0.9957600000000001,9.957600000000001
cpr_narrow_momentum,r_multiple_2r,mid_15_25,36,0.5,2.3848666666666665,85.8552
cpr_narrow_momentum,r_multiple_3r,crisis_ge_40,3,0.0,-7.143366666666666,-21.4301
cpr_narrow_momentum,r_multiple_3r,high_25_40,19,0.2631578947368421,-0.00886315789473694,-0.16840000000000188
cpr_narrow_momentum,r_multiple_3r,low_lt_15,10,0.3,4.327999999999999,43.279999999999994
cpr_narrow_momentum,r_multiple_3r,mid_15_25,36,0.4722222222222222,4.5074555555555555,162.2684
cpr_narrow_momentum,regime_flip,crisis_ge_40,3,0.0,-18.0506,-54.151799999999994
cpr_narrow_momentum,regime_flip,high_25_40,19,0.5263157894736842,3.1487,59.8253
cpr_narrow_momentum,regime_flip,low_lt_15,10,0.7,7.834299999999999,78.34299999999999
cpr_narrow_momentum,regime_flip,mid_15_25,36,0.6111111111111112,2.627363888888889,94.58510000000001
cpr_narrow_momentum,reverse_signal,crisis_ge_40,3,0.0,-3.9559,-11.867700000000001
cpr_narrow_momentum,reverse_signal,high_25_40,19,0.47368421052631576,0.9263473684210525,17.600599999999996
cpr_narrow_momentum,reverse_signal,low_lt_15,10,0.3,0.06547000000000011,0.6547000000000012
cpr_narrow_momentum,reverse_signal,mid_15_25,36,0.3611111111111111,-0.9610527777777776,-34.597899999999996
cpr_narrow_momentum,smc_mitigation_zone,crisis_ge_40,3,0.0,-3.9559,-11.867700000000001
cpr_narrow_momentum,smc_mitigation_zone,high_25_40,19,0.47368421052631576,0.9263473684210525,17.600599999999996
cpr_narrow_momentum,smc_mitigation_zone,low_lt_15,10,0.3,0.06547000000000011,0.6547000000000012
cpr_narrow_momentum,smc_mitigation_zone,mid_15_25,36,0.3611111111111111,-0.9610527777777776,-34.597899999999996
cpr_narrow_momentum,time_stop_10d,crisis_ge_40,3,0.0,-6.953333333333333,-20.86
cpr_narrow_momentum,time_stop_10d,high_25_40,19,0.5789473684210527,2.4166052631578947,45.9155
cpr_narrow_momentum,time_stop_10d,low_lt_15,10,0.5,5.17754,51.7754
cpr_narrow_momentum,time_stop_10d,mid_15_25,36,0.6666666666666666,2.7093583333333333,97.5369
cpr_narrow_momentum,time_stop_20d,crisis_ge_40,3,0.0,-18.0506,-54.151799999999994
cpr_narrow_momentum,time_stop_20d,high_25_40,19,0.5263157894736842,3.1487,59.8253
cpr_narrow_momentum,time_stop_20d,low_lt_15,10,0.7,7.834299999999999,78.34299999999999
cpr_narrow_momentum,time_stop_20d,mid_15_25,36,0.6111111111111112,2.627363888888889,94.58510000000001
cpr_narrow_momentum,trailing_10pct,crisis_ge_40,3,0.0,-4.8703666666666665,-14.6111
cpr_narrow_momentum,trailing_10pct,high_25_40,19,0.42105263157894735,-0.4618789473684209,-8.775699999999997
cpr_narrow_momentum,trailing_10pct,low_lt_15,10,0.4,0.05771000000000015,0.5771000000000015
cpr_narrow_momentum,trailing_10pct,mid_15_25,36,0.4444444444444444,1.4914472222222224,53.6921
cpr_narrow_momentum,trailing_15pct,crisis_ge_40,3,0.0,-9.7707,-29.3121
cpr_narrow_momentum,trailing_15pct,high_25_40,19,0.47368421052631576,-1.5422894736842105,-29.3035
cpr_narrow_momentum,trailing_15pct,low_lt_15,10,0.4,6.0933399999999995,60.9334
cpr_narrow_momentum,trailing_15pct,mid_15_25,36,0.5277777777777778,2.957997222222222,106.4879
cpr_narrow_momentum,trailing_5pct,crisis_ge_40,3,0.0,-5.2398,-15.7194
cpr_narrow_momentum,trailing_5pct,high_25_40,19,0.3684210526315789,-0.968321052631579,-18.3981
cpr_narrow_momentum,trailing_5pct,low_lt_15,10,0.3,-1.31827,-13.1827
cpr_narrow_momentum,trailing_5pct,mid_15_25,36,0.3055555555555556,-1.6375527777777779,-58.9519
cpr_narrow_momentum_short,atr_trail_1x,high_25_40,3,0.3333333333333333,-4.0856,-12.2568
cpr_narrow_momentum_short,atr_trail_1x,low_lt_15,4,0.25,-3.518325,-14.0733
cpr_narrow_momentum_short,atr_trail_1x,mid_15_25,10,0.4,-1.4127300000000003,-14.127300000000002
cpr_narrow_momentum_short,atr_trail_2x,high_25_40,3,0.3333333333333333,3.658433333333333,10.975299999999999
cpr_narrow_momentum_short,atr_trail_2x,low_lt_15,4,0.25,0.9666250000000001,3.8665000000000003
cpr_narrow_momentum_short,atr_trail_2x,mid_15_25,10,0.2,-4.98925,-49.8925
cpr_narrow_momentum_short,atr_trail_mae_conditional,high_25_40,3,0.3333333333333333,-4.0856,-12.2568
cpr_narrow_momentum_short,atr_trail_mae_conditional,low_lt_15,4,0.25,-3.518325,-14.0733
cpr_narrow_momentum_short,atr_trail_mae_conditional,mid_15_25,10,0.4,-1.4127300000000003,-14.127300000000002
cpr_narrow_momentum_short,atr_trail_vix_conditional,high_25_40,3,0.3333333333333333,5.510366666666666,16.5311
cpr_narrow_momentum_short,atr_trail_vix_conditional,low_lt_15,4,0.25,-2.3063000000000002,-9.225200000000001
cpr_narrow_momentum_short,atr_trail_vix_conditional,mid_15_25,10,0.4,-3.04547,-30.4547
cpr_narrow_momentum_short,break_even_at_1r,high_25_40,3,0.0,-4.2026,-12.607800000000001
cpr_narrow_momentum_short,break_even_at_1r,low_lt_15,4,0.0,-3.9678999999999998,-15.871599999999999
cpr_narrow_momentum_short,break_even_at_1r,mid_15_25,10,0.3,-2.94293,-29.4293
cpr_narrow_momentum_short,breakeven_plus_trail,high_25_40,3,0.6666666666666666,10.1353,30.405900000000003
cpr_narrow_momentum_short,breakeven_plus_trail,low_lt_15,4,0.25,1.1377750000000002,4.551100000000001
cpr_narrow_momentum_short,breakeven_plus_trail,mid_15_25,10,0.4,-2.45051,-24.5051
cpr_narrow_momentum_short,chandelier_3x,high_25_40,3,0.3333333333333333,2.203466666666667,6.6104
cpr_narrow_momentum_short,chandelier_3x,low_lt_15,4,0.25,-2.815825,-11.2633
cpr_narrow_momentum_short,chandelier_3x,mid_15_25,10,0.3,-1.80451,-18.0451
cpr_narrow_momentum_short,class_time_stop,high_25_40,3,0.6666666666666666,7.9699,23.9097
cpr_narrow_momentum_short,class_time_stop,low_lt_15,4,0.75,-6.377675,-25.5107
cpr_narrow_momentum_short,class_time_stop,mid_15_25,10,0.5,-7.13177,-71.3177
cpr_narrow_momentum_short,earnings_blackout,high_25_40,3,0.0,-6.4466,-19.3398
cpr_narrow_momentum_short,earnings_blackout,low_lt_15,4,0.5,-32.620450000000005,-130.48180000000002
cpr_narrow_momentum_short,earnings_blackout,mid_15_25,10,0.6,-0.8187999999999995,-8.187999999999995
cpr_narrow_momentum_short,fixed_4r_2r,high_25_40,3,0.6666666666666666,11.811733333333335,35.4352
cpr_narrow_momentum_short,fixed_4r_2r,low_lt_15,4,0.5,10.28325,41.133
cpr_narrow_momentum_short,fixed_4r_2r,mid_15_25,10,0.3,-1.13371,-11.3371
cpr_narrow_momentum_short,hybrid_50pct_target,high_25_40,3,0.6666666666666666,-10.112566666666666,-30.337699999999998
cpr_narrow_momentum_short,hybrid_50pct_target,low_lt_15,4,0.75,-17.456550000000004,-69.82620000000001
cpr_narrow_momentum_short,hybrid_50pct_target,mid_15_25,10,0.9,13.26397,132.6397
cpr_narrow_momentum_short,ma_exit_ema9,high_25_40,3,0.3333333333333333,-1.8135000000000001,-5.4405
cpr_narrow_momentum_short,ma_exit_ema9,low_lt_15,4,0.0,-3.117375,-12.4695
cpr_narrow_momentum_short,ma_exit_ema9,mid_15_25,10,0.3,-3.35469,-33.5469
cpr_narrow_momentum_short,mfe_lockin_trail,high_25_40,3,0.3333333333333333,-4.0856,-12.2568
cpr_narrow_momentum_short,mfe_lockin_trail,low_lt_15,4,0.25,-3.518325,-14.0733
cpr_narrow_momentum_short,mfe_lockin_trail,mid_15_25,10,0.4,-1.09744,-10.9744
cpr_narrow_momentum_short,multi_tier_partial,high_25_40,3,0.3333333333333333,-3.7410333333333337,-11.2231
cpr_narrow_momentum_short,multi_tier_partial,low_lt_15,4,0.25,-3.207275,-12.8291
cpr_narrow_momentum_short,multi_tier_partial,mid_15_25,10,0.6,0.18233000000000005,1.8233000000000006
cpr_narrow_momentum_short,next_pivot_target,high_25_40,3,0.6666666666666666,-1.8331666666666668,-5.4995
cpr_narrow_momentum_short,next_pivot_target,low_lt_15,4,1.0,2.018525,8.0741
cpr_narrow_momentum_short,next_pivot_target,mid_15_25,10,0.5,-5.76059,-57.6059
cpr_narrow_momentum_short,r_multiple_2r,high_25_40,3,0.0,-5.353333333333334,-16.060000000000002
cpr_narrow_momentum_short,r_multiple_2r,low_lt_15,4,0.0,-4.94225,-19.769
cpr_narrow_momentum_short,r_multiple_2r,mid_15_25,10,0.5,2.90275,29.0275
cpr_narrow_momentum_short,r_multiple_3r,high_25_40,3,0.0,-5.353333333333334,-16.060000000000002
cpr_narrow_momentum_short,r_multiple_3r,low_lt_15,4,0.0,-4.94225,-19.769
cpr_narrow_momentum_short,r_multiple_3r,mid_15_25,10,0.4,4.35562,43.556200000000004
cpr_narrow_momentum_short,regime_flip,high_25_40,3,0.6666666666666666,6.951499999999999,20.854499999999998
cpr_narrow_momentum_short,regime_flip,low_lt_15,4,0.5,-4.748975,-18.9959
cpr_narrow_momentum_short,regime_flip,mid_15_25,10,0.5,-2.9734900000000004,-29.734900000000003
cpr_narrow_momentum_short,reverse_signal,high_25_40,3,0.3333333333333333,-4.0856,-12.2568
cpr_narrow_momentum_short,reverse_signal,low_lt_15,4,0.25,-3.518325,-14.0733
cpr_narrow_momentum_short,reverse_signal,mid_15_25,10,0.4,-1.4127300000000003,-14.127300000000002
cpr_narrow_momentum_short,smc_mitigation_zone,high_25_40,3,0.3333333333333333,-4.0856,-12.2568
cpr_narrow_momentum_short,smc_mitigation_zone,low_lt_15,4,0.25,-3.518325,-14.0733
cpr_narrow_momentum_short,smc_mitigation_zone,mid_15_25,10,0.4,-1.4127300000000003,-14.127300000000002
cpr_narrow_momentum_short,time_stop_10d,high_25_40,3,0.6666666666666666,13.155000000000001,39.465
cpr_narrow_momentum_short,time_stop_10d,low_lt_15,4,0.25,0.22662499999999985,0.9064999999999994
cpr_narrow_momentum_short,time_stop_10d,mid_15_25,10,0.4,-4.845039999999999,-48.450399999999995
cpr_narrow_momentum_short,time_stop_20d,high_25_40,3,0.6666666666666666,6.951499999999999,20.854499999999998
cpr_narrow_momentum_short,time_stop_20d,low_lt_15,4,0.5,-4.748975,-18.9959
cpr_narrow_momentum_short,time_stop_20d,mid_15_25,10,0.5,-2.9734900000000004,-29.734900000000003
cpr_narrow_momentum_short,trailing_10pct,high_25_40,3,0.6666666666666666,4.875766666666667,14.627300000000002
cpr_narrow_momentum_short,trailing_10pct,low_lt_15,4,0.25,-4.201575,-16.8063
cpr_narrow_momentum_short,trailing_10pct,mid_15_25,10,0.3,-4.63613,-46.3613
cpr_narrow_momentum_short,trailing_15pct,high_25_40,3,0.3333333333333333,2.4502999999999995,7.350899999999998
cpr_narrow_momentum_short,trailing_15pct,low_lt_15,4,0.25,-4.03745,-16.1498
cpr_narrow_momentum_short,trailing_15pct,mid_15_25,10,0.2,-3.86633,-38.6633
cpr_narrow_momentum_short,trailing_5pct,high_25_40,3,0.0,-3.7266,-11.1798
cpr_narrow_momentum_short,trailing_5pct,low_lt_15,4,0.0,-3.6037749999999997,-14.415099999999999
cpr_narrow_momentum_short,trailing_5pct,mid_15_25,10,0.5,-0.37013999999999997,-3.7013999999999996
double_bottom_long,atr_trail_1x,high_25_40,1,0.0,-9.6297,-9.6297
double_bottom_long,atr_trail_1x,low_lt_15,3,0.0,-2.0843333333333334,-6.253
double_bottom_long,atr_trail_1x,mid_15_25,9,0.4444444444444444,-2.628222222222222,-23.654
double_bottom_long,atr_trail_2x,high_25_40,1,0.0,-19.2593,-19.2593
double_bottom_long,atr_trail_2x,low_lt_15,3,0.6666666666666666,13.743,41.229
double_bottom_long,atr_trail_2x,mid_15_25,9,0.4444444444444444,-1.9341111111111111,-17.407
double_bottom_long,atr_trail_mae_conditional,high_25_40,1,0.0,-9.6297,-9.6297
double_bottom_long,atr_trail_mae_conditional,low_lt_15,3,0.0,-2.0843333333333334,-6.253
double_bottom_long,atr_trail_mae_conditional,mid_15_25,9,0.4444444444444444,-2.628222222222222,-23.654
double_bottom_long,atr_trail_vix_conditional,high_25_40,1,0.0,-14.4445,-14.4445
double_bottom_long,atr_trail_vix_conditional,low_lt_15,3,0.0,-1.8133666666666668,-5.4401
double_bottom_long,atr_trail_vix_conditional,mid_15_25,9,0.4444444444444444,-0.006077777777777824,-0.054700000000000415
double_bottom_long,break_even_at_1r,high_25_40,1,0.0,-9.6297,-9.6297
double_bottom_long,break_even_at_1r,low_lt_15,3,0.3333333333333333,-0.47893333333333327,-1.4367999999999999
double_bottom_long,break_even_at_1r,mid_15_25,9,0.2222222222222222,0.4254222222222219,3.8287999999999975
double_bottom_long,breakeven_plus_trail,high_25_40,1,1.0,0.2736,0.2736
double_bottom_long,breakeven_plus_trail,low_lt_15,3,0.6666666666666666,11.342466666666667,34.0274
double_bottom_long,breakeven_plus_trail,mid_15_25,9,0.4444444444444444,-0.15669999999999995,-1.4102999999999994
double_bottom_long,chandelier_3x,high_25_40,1,0.0,-0.1495,-0.1495
double_bottom_long,chandelier_3x,low_lt_15,3,0.0,-0.14643333333333333,-0.4393
double_bottom_long,chandelier_3x,mid_15_25,9,0.2222222222222222,1.3029777777777776,11.726799999999999
double_bottom_long,class_time_stop,high_25_40,1,0.0,-16.2271,-16.2271
double_bottom_long,class_time_stop,low_lt_15,3,0.3333333333333333,7.211666666666669,21.635000000000005
double_bottom_long,class_time_stop,mid_15_25,9,0.3333333333333333,-6.7535444444444455,-60.78190000000001
double_bottom_long,earnings_blackout,high_25_40,1,1.0,11.4151,11.4151
double_bottom_long,earnings_blackout,low_lt_15,3,0.6666666666666666,14.5075,43.5225
double_bottom_long,earnings_blackout,mid_15_25,9,0.4444444444444444,-5.176411111111111,-46.5877
double_bottom_long,fixed_4r_2r,high_25_40,1,0.0,-19.2593,-19.2593
double_bottom_long,fixed_4r_2r,low_lt_15,3,0.6666666666666666,6.599466666666667,19.7984
double_bottom_long,fixed_4r_2r,mid_15_25,9,0.2222222222222222,-4.147222222222222,-37.325
double_bottom_long,hybrid_50pct_target,high_25_40,1,0.0,-10.0,-10.0
double_bottom_long,hybrid_50pct_target,low_lt_15,3,0.6666666666666666,5.418266666666668,16.254800000000003
double_bottom_long,hybrid_50pct_target,mid_15_25,9,0.3333333333333333,-1.838166666666667,-16.5435
double_bottom_long,ma_exit_ema9,high_25_40,1,0.0,-6.3549,-6.3549
double_bottom_long,ma_exit_ema9,low_lt_15,3,0.0,-1.4824,-4.4472
double_bottom_long,ma_exit_ema9,mid_15_25,9,0.6666666666666666,1.9809444444444442,17.8285
double_bottom_long,mfe_lockin_trail,high_25_40,1,0.0,-9.6297,-9.6297
double_bottom_long,mfe_lockin_trail,low_lt_15,3,0.0,-2.0843333333333334,-6.253
double_bottom_long,mfe_lockin_trail,mid_15_25,9,0.4444444444444444,-2.0861666666666667,-18.7755
double_bottom_long,multi_tier_partial,high_25_40,1,0.0,-9.6297,-9.6297
double_bottom_long,multi_tier_partial,low_lt_15,3,0.0,-2.0843333333333334,-6.253
double_bottom_long,multi_tier_partial,mid_15_25,9,0.5555555555555556,-1.5435777777777777,-13.892199999999999
double_bottom_long,next_pivot_target,high_25_40,1,0.0,-10.0,-10.0
double_bottom_long,next_pivot_target,low_lt_15,3,0.6666666666666666,-0.1608333333333333,-0.48249999999999993
double_bottom_long,next_pivot_target,mid_15_25,9,0.7777777777777778,-0.3038333333333334,-2.7345000000000006
double_bottom_long,r_multiple_2r,high_25_40,1,0.0,-9.6297,-9.6297
double_bottom_long,r_multiple_2r,low_lt_15,3,0.3333333333333333,0.41780000000000017,1.2534000000000005
double_bottom_long,r_multiple_2r,mid_15_25,9,0.6666666666666666,3.8128777777777776,34.3159
double_bottom_long,r_multiple_3r,high_25_40,1,0.0,-9.6297,-9.6297
double_bottom_long,r_multiple_3r,low_lt_15,3,0.3333333333333333,1.3465333333333334,4.0396
double_bottom_long,r_multiple_3r,mid_15_25,9,0.3333333333333333,1.0584666666666667,9.5262
double_bottom_long,regime_flip,high_25_40,1,1.0,0.4146,0.4146
double_bottom_long,regime_flip,low_lt_15,3,0.6666666666666666,14.691633333333334,44.0749
double_bottom_long,regime_flip,mid_15_25,9,0.4444444444444444,-0.8697666666666666,-7.8279
double_bottom_long,reverse_signal,high_25_40,1,0.0,-9.6297,-9.6297
double_bottom_long,reverse_signal,low_lt_15,3,0.0,-2.0843333333333334,-6.253
double_bottom_long,reverse_signal,mid_15_25,9,0.4444444444444444,-2.628222222222222,-23.654
double_bottom_long,smc_mitigation_zone,high_25_40,1,0.0,-9.6297,-9.6297
double_bottom_long,smc_mitigation_zone,low_lt_15,3,0.0,-2.0843333333333334,-6.253
double_bottom_long,smc_mitigation_zone,mid_15_25,9,0.4444444444444444,-2.628222222222222,-23.654
double_bottom_long,time_stop_10d,high_25_40,1,0.0,-6.637,-6.637
double_bottom_long,time_stop_10d,low_lt_15,3,0.6666666666666666,10.149733333333334,30.4492
double_bottom_long,time_stop_10d,mid_15_25,9,0.5555555555555556,-0.6184777777777776,-5.566299999999998
double_bottom_long,time_stop_20d,high_25_40,1,1.0,0.4146,0.4146
double_bottom_long,time_stop_20d,low_lt_15,3,0.6666666666666666,14.691633333333334,44.0749
double_bottom_long,time_stop_20d,mid_15_25,9,0.4444444444444444,-0.8697666666666666,-7.8279
double_bottom_long,trailing_10pct,high_25_40,1,0.0,-10.0,-10.0
double_bottom_long,trailing_10pct,low_lt_15,3,0.6666666666666666,7.836799999999999,23.510399999999997
double_bottom_long,trailing_10pct,mid_15_25,9,0.3333333333333333,-1.0795,-9.715499999999999
double_bottom_long,trailing_15pct,high_25_40,1,0.0,-15.0,-15.0
double_bottom_long,trailing_15pct,low_lt_15,3,0.6666666666666666,2.6013333333333333,7.804
double_bottom_long,trailing_15pct,mid_15_25,9,0.2222222222222222,-3.1749333333333336,-28.5744
double_bottom_long,trailing_5pct,high_25_40,1,0.0,-5.0,-5.0
double_bottom_long,trailing_5pct,low_lt_15,3,0.6666666666666666,6.910799999999999,20.7324
double_bottom_long,trailing_5pct,mid_15_25,9,0.2222222222222222,-2.4006,-21.6054
force_index_breakout,atr_trail_1x,high_25_40,22,0.13636363636363635,-2.7250363636363635,-59.9508
force_index_breakout,atr_trail_1x,low_lt_15,14,0.07142857142857142,-3.110942857142857,-43.5532
force_index_breakout,atr_trail_1x,mid_15_25,102,0.21568627450980393,-1.6054088235294117,-163.7517
force_index_breakout,atr_trail_2x,high_25_40,22,0.36363636363636365,-1.7567227272727273,-38.6479
force_index_breakout,atr_trail_2x,low_lt_15,14,0.21428571428571427,-3.2539000000000002,-45.5546
force_index_breakout,atr_trail_2x,mid_15_25,102,0.3235294117647059,-1.8963480392156864,-193.4275
force_index_breakout,atr_trail_mae_conditional,high_25_40,22,0.13636363636363635,-2.7250363636363635,-59.9508
force_index_breakout,atr_trail_mae_conditional,low_lt_15,14,0.07142857142857142,-3.110942857142857,-43.5532
force_index_breakout,atr_trail_mae_conditional,mid_15_25,102,0.21568627450980393,-1.6054088235294117,-163.7517
force_index_breakout,atr_trail_vix_conditional,high_25_40,22,0.36363636363636365,-1.310909090909091,-28.840000000000003
force_index_breakout,atr_trail_vix_conditional,low_lt_15,14,0.07142857142857142,-2.2462642857142856,-31.4477
force_index_breakout,atr_trail_vix_conditional,mid_15_25,102,0.22549019607843138,-1.3026,-132.8652
force_index_breakout,break_even_at_1r,high_25_40,22,0.22727272727272727,-1.638881818181818,-36.0554
force_index_breakout,break_even_at_1r,low_lt_15,14,0.07142857142857142,-2.877642857142857,-40.287
force_index_breakout,break_even_at_1r,mid_15_25,102,0.10784313725490197,-1.556170588235294,-158.7294
force_index_breakout,breakeven_plus_trail,high_25_40,22,0.5,2.98225,65.6095
force_index_breakout,breakeven_plus_trail,low_lt_15,14,0.35714285714285715,1.0466285714285712,14.652799999999997
force_index_breakout,breakeven_plus_trail,mid_15_25,102,0.3235294117647059,-0.7542921568627452,-76.93780000000001
force_index_breakout,chandelier_3x,high_25_40,22,0.2727272727272727,0.1964136363636366,4.321100000000005
force_index_breakout,chandelier_3x,low_lt_15,14,0.14285714285714285,-1.811192857142857,-25.3567
force_index_breakout,chandelier_3x,mid_15_25,102,0.23529411764705882,-1.263286274509804,-128.8552
force_index_breakout,class_time_stop,high_25_40,22,0.5454545454545454,-2.5070181818181823,-55.15440000000001
force_index_breakout,class_time_stop,low_lt_15,14,0.42857142857142855,-5.139200000000001,-71.9488
force_index_breakout,class_time_stop,mid_15_25,102,0.4803921568627451,-2.8823470588235294,-293.9994
force_index_breakout,earnings_blackout,high_25_40,22,0.5,-2.811127272727273,-61.844800000000006
force_index_breakout,earnings_blackout,low_lt_15,14,0.35714285714285715,-5.366357142857142,-75.12899999999999
force_index_breakout,earnings_blackout,mid_15_25,102,0.43137254901960786,0.6701352941176472,68.3538
force_index_breakout,fixed_4r_2r,high_25_40,22,0.3181818181818182,-2.1456,-47.203199999999995
force_index_breakout,fixed_4r_2r,low_lt_15,14,0.14285714285714285,-6.399171428571429,-89.58840000000001
force_index_breakout,fixed_4r_2r,mid_15_25,102,0.28431372549019607,-2.6504950980392157,-270.3505
force_index_breakout,hybrid_50pct_target,high_25_40,22,0.7727272727272727,2.027731818181818,44.610099999999996
force_index_breakout,hybrid_50pct_target,low_lt_15,14,0.5,-1.6963642857142855,-23.7491
force_index_breakout,hybrid_50pct_target,mid_15_25,102,0.5784313725490197,-12.746793137254903,-1300.1729
force_index_breakout,ma_exit_ema9,high_25_40,22,0.3181818181818182,2.000531818181818,44.0117
force_index_breakout,ma_exit_ema9,low_lt_15,14,0.2857142857142857,-1.9393357142857144,-27.1507
force_index_breakout,ma_exit_ema9,mid_15_25,102,0.3137254901960784,0.06353725490196076,6.480799999999998
force_index_breakout,mfe_lockin_trail,high_25_40,22,0.18181818181818182,-2.3713136363636362,-52.1689
force_index_breakout,mfe_lockin_trail,low_lt_15,14,0.07142857142857142,-3.110942857142857,-43.5532
force_index_breakout,mfe_lockin_trail,mid_15_25,102,0.21568627450980393,-1.4747647058823528,-150.426
force_index_breakout,multi_tier_partial,high_25_40,22,0.2727272727272727,-2.214759090909091,-48.7247
force_index_breakout,multi_tier_partial,low_lt_15,14,0.14285714285714285,-2.6478,-37.0692
force_index_breakout,multi_tier_partial,mid_15_25,102,0.4215686274509804,-0.8421843137254902,-85.9028
force_index_breakout,next_pivot_target,high_25_40,22,0.6818181818181818,0.4798954545454545,10.557699999999999
force_index_breakout,next_pivot_target,low_lt_15,14,0.7142857142857143,-0.26834285714285705,-3.7567999999999984
force_index_breakout,next_pivot_target,mid_15_25,102,0.6078431372549019,-0.2815088235294118,-28.713900000000002
force_index_breakout,r_multiple_2r,high_25_40,22,0.45454545454545453,1.5296363636363637,33.652
force_index_breakout,r_multiple_2r,low_lt_15,14,0.2857142857142857,-0.6094714285714288,-8.532600000000002
force_index_breakout,r_multiple_2r,mid_15_25,102,0.3235294117647059,-0.6832588235294118,-69.6924
force_index_breakout,r_multiple_3r,high_25_40,22,0.36363636363636365,2.0368545454545455,44.8108
force_index_breakout,r_multiple_3r,low_lt_15,14,0.07142857142857142,-3.763692857142857,-52.6917
force_index_breakout,r_multiple_3r,mid_15_25,102,0.28431372549019607,0.07725294117647048,7.87979999999999
force_index_breakout,regime_flip,high_25_40,22,0.5,-0.7051636363636367,-15.513600000000007
force_index_breakout,regime_flip,low_lt_15,14,0.42857142857142855,-5.292914285714285,-74.10079999999999
force_index_breakout,regime_flip,mid_15_25,102,0.43137254901960786,-1.9330421568627452,-197.1703
force_index_breakout,reverse_signal,high_25_40,22,0.13636363636363635,-2.7250363636363635,-59.9508
force_index_breakout,reverse_signal,low_lt_15,14,0.07142857142857142,-3.110942857142857,-43.5532
force_index_breakout,reverse_signal,mid_15_25,102,0.21568627450980393,-1.6054088235294117,-163.7517
force_index_breakout,smc_mitigation_zone,high_25_40,22,0.13636363636363635,-2.7250363636363635,-59.9508
force_index_breakout,smc_mitigation_zone,low_lt_15,14,0.07142857142857142,-3.110942857142857,-43.5532
force_index_breakout,smc_mitigation_zone,mid_15_25,102,0.21568627450980393,-1.6054088235294117,-163.7517
force_index_breakout,time_stop_10d,high_25_40,22,0.5909090909090909,1.6103954545454544,35.4287
force_index_breakout,time_stop_10d,low_lt_15,14,0.2857142857142857,-2.6616571428571425,-37.2632
force_index_breakout,time_stop_10d,mid_15_25,102,0.47058823529411764,-1.0970480392156863,-111.8989
force_index_breakout,time_stop_20d,high_25_40,22,0.5,-0.7051636363636367,-15.513600000000007
force_index_breakout,time_stop_20d,low_lt_15,14,0.42857142857142855,-5.292914285714285,-74.10079999999999
force_index_breakout,time_stop_20d,mid_15_25,102,0.43137254901960786,-1.9330421568627452,-197.1703
force_index_breakout,trailing_10pct,high_25_40,22,0.4090909090909091,0.9318272727272727,20.5002
force_index_breakout,trailing_10pct,low_lt_15,14,0.14285714285714285,-4.032942857142857,-56.4612
force_index_breakout,trailing_10pct,mid_15_25,102,0.3137254901960784,-2.522179411764706,-257.2623
force_index_breakout,trailing_15pct,high_25_40,22,0.36363636363636365,-2.035509090909091,-44.781200000000005
force_index_breakout,trailing_15pct,low_lt_15,14,0.21428571428571427,-4.59785,-64.3699
force_index_breakout,trailing_15pct,mid_15_25,102,0.2647058823529412,-3.4295490196078435,-349.814
force_index_breakout,trailing_5pct,high_25_40,22,0.2727272727272727,-0.47688636363636355,-10.491499999999998
force_index_breakout,trailing_5pct,low_lt_15,14,0.07142857142857142,-3.386764285714286,-47.4147
force_index_breakout,trailing_5pct,mid_15_25,102,0.23529411764705882,-1.5011039215686275,-153.11260000000001
golden_cross_9_21,atr_trail_1x,high_25_40,12,0.16666666666666666,-1.17225,-14.067
golden_cross_9_21,atr_trail_1x,low_lt_15,2,0.0,-4.9226,-9.8452
golden_cross_9_21,atr_trail_1x,mid_15_25,23,0.13043478260869565,-3.404804347826087,-78.3105
golden_cross_9_21,atr_trail_2x,high_25_40,12,0.16666666666666666,-5.984633333333334,-71.8156
golden_cross_9_21,atr_trail_2x,low_lt_15,2,0.5,10.035950000000001,20.071900000000003
golden_cross_9_21,atr_trail_2x,mid_15_25,23,0.43478260869565216,-0.0006434782608691468,-0.014799999999990376
golden_cross_9_21,atr_trail_mae_conditional,high_25_40,12,0.16666666666666666,-1.17225,-14.067
golden_cross_9_21,atr_trail_mae_conditional,low_lt_15,2,0.0,-4.9226,-9.8452
golden_cross_9_21,atr_trail_mae_conditional,mid_15_25,23,0.13043478260869565,-3.404804347826087,-78.3105
golden_cross_9_21,atr_trail_vix_conditional,high_25_40,12,0.16666666666666666,-2.727025,-32.7243
golden_cross_9_21,atr_trail_vix_conditional,low_lt_15,2,0.0,-3.05785,-6.1157
golden_cross_9_21,atr_trail_vix_conditional,mid_15_25,23,0.13043478260869565,-3.176613043478261,-73.0621
golden_cross_9_21,break_even_at_1r,high_25_40,12,0.16666666666666666,-1.3773,-16.5276
golden_cross_9_21,break_even_at_1r,low_lt_15,2,0.5,7.35495,14.7099
golden_cross_9_21,break_even_at_1r,mid_15_25,23,0.08695652173913043,-3.8611260869565216,-88.8059
golden_cross_9_21,breakeven_plus_trail,high_25_40,12,0.25,-0.8246166666666671,-9.895400000000006
golden_cross_9_21,breakeven_plus_trail,low_lt_15,2,1.0,16.2823,32.5646
golden_cross_9_21,breakeven_plus_trail,mid_15_25,23,0.43478260869565216,2.2737086956521737,52.2953
golden_cross_9_21,chandelier_3x,high_25_40,12,0.16666666666666666,-3.0459416666666663,-36.5513
golden_cross_9_21,chandelier_3x,low_lt_15,2,0.5,17.3272,34.6544
golden_cross_9_21,chandelier_3x,mid_15_25,23,0.34782608695652173,4.509530434782608,103.71919999999999
golden_cross_9_21,class_time_stop,high_25_40,12,0.5833333333333334,2.322408333333333,27.8689
golden_cross_9_21,class_time_stop,low_lt_15,2,0.5,7.9239999999999995,15.847999999999999
golden_cross_9_21,class_time_stop,mid_15_25,23,0.391304347826087,-4.99548695652174,-114.89620000000002
golden_cross_9_21,earnings_blackout,high_25_40,12,0.4166666666666667,-1.9335666666666667,-23.2028
golden_cross_9_21,earnings_blackout,low_lt_15,2,0.5,15.832150000000002,31.664300000000004
golden_cross_9_21,earnings_blackout,mid_15_25,23,0.4782608695652174,-11.778965217391304,-270.9162
golden_cross_9_21,fixed_4r_2r,high_25_40,12,0.16666666666666666,-7.789124999999999,-93.4695
golden_cross_9_21,fixed_4r_2r,low_lt_15,2,1.0,40.960350000000005,81.92070000000001
golden_cross_9_21,fixed_4r_2r,mid_15_25,23,0.43478260869565216,3.205726086956522,73.7317
golden_cross_9_21,hybrid_50pct_target,high_25_40,12,0.25,-4.387666666666667,-52.652
golden_cross_9_21,hybrid_50pct_target,low_lt_15,2,1.0,26.4833,52.9666
golden_cross_9_21,hybrid_50pct_target,mid_15_25,23,0.4782608695652174,-26.47451304347826,-608.9138
golden_cross_9_21,ma_exit_ema9,high_25_40,12,0.16666666666666666,-1.5585583333333337,-18.702700000000004
golden_cross_9_21,ma_exit_ema9,low_lt_15,2,0.0,-7.1872,-14.3744
golden_cross_9_21,ma_exit_ema9,mid_15_25,23,0.34782608695652173,0.951882608695652,21.893299999999996
golden_cross_9_21,mfe_lockin_trail,high_25_40,12,0.16666666666666666,-1.7151083333333332,-20.5813
golden_cross_9_21,mfe_lockin_trail,low_lt_15,2,0.0,-4.9226,-9.8452
golden_cross_9_21,mfe_lockin_trail,mid_15_25,23,0.13043478260869565,-3.404804347826087,-78.3105
golden_cross_9_21,multi_tier_partial,high_25_40,12,0.5,0.05785000000000003,0.6942000000000004
golden_cross_9_21,multi_tier_partial,low_lt_15,2,0.5,-1.6168999999999998,-3.2337999999999996
golden_cross_9_21,multi_tier_partial,mid_15_25,23,0.391304347826087,-2.4311217391304347,-55.9158
golden_cross_9_21,next_pivot_target,high_25_40,12,0.75,-0.0038916666666667745,-0.046700000000001296
golden_cross_9_21,next_pivot_target,low_lt_15,2,1.0,30.72025,61.4405
golden_cross_9_21,next_pivot_target,mid_15_25,23,0.43478260869565216,-2.6400608695652177,-60.7214
golden_cross_9_21,r_multiple_2r,high_25_40,12,0.25,-1.485858333333333,-17.830299999999998
golden_cross_9_21,r_multiple_2r,low_lt_15,2,1.0,20.480150000000002,40.960300000000004
golden_cross_9_21,r_multiple_2r,mid_15_25,23,0.30434782608695654,-1.4537304347826088,-33.4358
golden_cross_9_21,r_multiple_3r,high_25_40,12,0.16666666666666666,-2.9913333333333334,-35.896
golden_cross_9_21,r_multiple_3r,low_lt_15,2,1.0,30.72025,61.4405
golden_cross_9_21,r_multiple_3r,mid_15_25,23,0.30434782608695654,0.03178695652173915,0.7311000000000005
golden_cross_9_21,regime_flip,high_25_40,12,0.16666666666666666,-7.029875,-84.35849999999999
golden_cross_9_21,regime_flip,low_lt_15,2,0.5,11.827,23.654
golden_cross_9_21,regime_flip,mid_15_25,23,0.43478260869565216,-0.4660869565217393,-10.720000000000004
golden_cross_9_21,reverse_signal,high_25_40,12,0.16666666666666666,-1.17225,-14.067
golden_cross_9_21,reverse_signal,low_lt_15,2,0.0,-4.9226,-9.8452
golden_cross_9_21,reverse_signal,mid_15_25,23,0.13043478260869565,-3.404804347826087,-78.3105
golden_cross_9_21,smc_mitigation_zone,high_25_40,12,0.16666666666666666,-1.17225,-14.067
golden_cross_9_21,smc_mitigation_zone,low_lt_15,2,0.0,-4.9226,-9.8452
golden_cross_9_21,smc_mitigation_zone,mid_15_25,23,0.13043478260869565,-3.404804347826087,-78.3105
golden_cross_9_21,time_stop_10d,high_25_40,12,0.25,-6.854500000000001,-82.254
golden_cross_9_21,time_stop_10d,low_lt_15,2,1.0,9.80915,19.6183
golden_cross_9_21,time_stop_10d,mid_15_25,23,0.4782608695652174,-0.7823521739130436,-17.994100000000003
golden_cross_9_21,time_stop_20d,high_25_40,12,0.16666666666666666,-7.029875,-84.35849999999999
golden_cross_9_21,time_stop_20d,low_lt_15,2,0.5,11.827,23.654
golden_cross_9_21,time_stop_20d,mid_15_25,23,0.43478260869565216,-0.4660869565217393,-10.720000000000004
golden_cross_9_21,trailing_10pct,high_25_40,12,0.16666666666666666,-4.4886333333333335,-53.8636
golden_cross_9_21,trailing_10pct,low_lt_15,2,0.0,-2.20075,-4.4015
golden_cross_9_21,trailing_10pct,mid_15_25,23,0.391304347826087,-1.2755043478260872,-29.336600000000004
golden_cross_9_21,trailing_15pct,high_25_40,12,0.16666666666666666,-5.653958333333333,-67.8475
golden_cross_9_21,trailing_15pct,low_lt_15,2,0.0,-5.79125,-11.5825
golden_cross_9_21,trailing_15pct,mid_15_25,23,0.391304347826087,-0.6853695652173915,-15.763500000000004
golden_cross_9_21,trailing_5pct,high_25_40,12,0.16666666666666666,-1.1332333333333333,-13.598799999999999
golden_cross_9_21,trailing_5pct,low_lt_15,2,0.0,-2.5933,-5.1866
golden_cross_9_21,trailing_5pct,mid_15_25,23,0.2608695652173913,-2.348695652173913,-54.019999999999996
halloween_seasonal_long,atr_trail_1x,high_25_40,2,0.0,-2.7603999999999997,-5.5207999999999995
halloween_seasonal_long,atr_trail_1x,mid_15_25,3,0.3333333333333333,-3.9103333333333334,-11.731
halloween_seasonal_long,atr_trail_2x,high_25_40,2,1.0,9.3204,18.6408
halloween_seasonal_long,atr_trail_2x,mid_15_25,3,0.0,-8.054599999999999,-24.1638
halloween_seasonal_long,atr_trail_mae_conditional,high_25_40,2,0.0,-2.7603999999999997,-5.5207999999999995
halloween_seasonal_long,atr_trail_mae_conditional,mid_15_25,3,0.3333333333333333,-3.9103333333333334,-11.731
halloween_seasonal_long,atr_trail_vix_conditional,high_25_40,2,1.0,12.744,25.488
halloween_seasonal_long,atr_trail_vix_conditional,mid_15_25,3,0.3333333333333333,-5.412,-16.236
halloween_seasonal_long,break_even_at_1r,high_25_40,2,1.0,8.127600000000001,16.255200000000002
halloween_seasonal_long,break_even_at_1r,mid_15_25,3,0.0,-5.062399999999999,-15.187199999999999
halloween_seasonal_long,breakeven_plus_trail,high_25_40,2,1.0,14.937249999999999,29.874499999999998
halloween_seasonal_long,breakeven_plus_trail,mid_15_25,3,0.0,-10.124833333333333,-30.374499999999998
halloween_seasonal_long,chandelier_3x,high_25_40,2,0.5,1.1408,2.2816
halloween_seasonal_long,chandelier_3x,mid_15_25,3,0.0,-10.2142,-30.6426
halloween_seasonal_long,class_time_stop,high_25_40,2,1.0,3.8999499999999996,7.799899999999999
halloween_seasonal_long,class_time_stop,mid_15_25,3,0.0,-17.239933333333333,-51.7198
halloween_seasonal_long,earnings_blackout,high_25_40,2,1.0,3.799,7.598
halloween_seasonal_long,earnings_blackout,mid_15_25,3,0.3333333333333333,-23.838566666666665,-71.5157
halloween_seasonal_long,fixed_4r_2r,high_25_40,2,0.5,8.0081,16.0162
halloween_seasonal_long,fixed_4r_2r,mid_15_25,3,0.0,-11.973066666666666,-35.9192
halloween_seasonal_long,hybrid_50pct_target,high_25_40,2,1.0,19.629199999999997,39.258399999999995
halloween_seasonal_long,hybrid_50pct_target,mid_15_25,3,0.0,-10.0,-30.0
halloween_seasonal_long,ma_exit_ema9,high_25_40,2,0.5,-0.78305,-1.5661
halloween_seasonal_long,ma_exit_ema9,mid_15_25,3,0.0,-4.624233333333334,-13.8727
halloween_seasonal_long,mfe_lockin_trail,high_25_40,2,0.0,-2.7603999999999997,-5.5207999999999995
halloween_seasonal_long,mfe_lockin_trail,mid_15_25,3,0.3333333333333333,-3.9103333333333334,-11.731
halloween_seasonal_long,multi_tier_partial,high_25_40,2,0.0,-2.7603999999999997,-5.5207999999999995
halloween_seasonal_long,multi_tier_partial,mid_15_25,3,0.3333333333333333,-3.682066666666666,-11.046199999999999
halloween_seasonal_long,next_pivot_target,high_25_40,2,1.0,12.80875,25.6175
halloween_seasonal_long,next_pivot_target,mid_15_25,3,0.6666666666666666,-2.3649999999999998,-7.094999999999999
halloween_seasonal_long,r_multiple_2r,high_25_40,2,1.0,17.3985,34.797
halloween_seasonal_long,r_multiple_2r,mid_15_25,3,0.3333333333333333,-3.4187333333333334,-10.2562
halloween_seasonal_long,r_multiple_3r,high_25_40,2,1.0,26.09775,52.1955
halloween_seasonal_long,r_multiple_3r,mid_15_25,3,0.0,-5.884233333333333,-17.6527
halloween_seasonal_long,regime_flip,high_25_40,2,1.0,8.7413,17.4826
halloween_seasonal_long,regime_flip,mid_15_25,3,0.3333333333333333,-14.210799999999999,-42.6324
halloween_seasonal_long,reverse_signal,high_25_40,2,0.0,-2.7603999999999997,-5.5207999999999995
halloween_seasonal_long,reverse_signal,mid_15_25,3,0.3333333333333333,-3.9103333333333334,-11.731
halloween_seasonal_long,smc_mitigation_zone,high_25_40,2,0.0,-2.7603999999999997,-5.5207999999999995
halloween_seasonal_long,smc_mitigation_zone,mid_15_25,3,0.3333333333333333,-3.9103333333333334,-11.731
halloween_seasonal_long,time_stop_10d,high_25_40,2,1.0,13.751999999999999,27.503999999999998
halloween_seasonal_long,time_stop_10d,mid_15_25,3,0.3333333333333333,-4.662466666666667,-13.987400000000001
halloween_seasonal_long,time_stop_20d,high_25_40,2,1.0,8.7413,17.4826
halloween_seasonal_long,time_stop_20d,mid_15_25,3,0.3333333333333333,-14.210799999999999,-42.6324
halloween_seasonal_long,trailing_10pct,high_25_40,2,0.5,4.287750000000001,8.575500000000002
halloween_seasonal_long,trailing_10pct,mid_15_25,3,0.0,-7.9083,-23.724899999999998
halloween_seasonal_long,trailing_15pct,high_25_40,2,1.0,8.55185,17.1037
halloween_seasonal_long,trailing_15pct,mid_15_25,3,0.0,-12.591366666666667,-37.774100000000004
halloween_seasonal_long,trailing_5pct,high_25_40,2,0.0,-1.7432,-3.4864
halloween_seasonal_long,trailing_5pct,mid_15_25,3,0.0,-2.7532333333333336,-8.2597
htf_aligned_breakout_long,atr_trail_1x,high_25_40,4,0.0,-2.03915,-8.1566
htf_aligned_breakout_long,atr_trail_1x,low_lt_15,8,0.0,-3.8803,-31.0424
htf_aligned_breakout_long,atr_trail_1x,mid_15_25,28,0.21428571428571427,-2.173317857142857,-60.8529
htf_aligned_breakout_long,atr_trail_2x,high_25_40,4,0.5,14.0298,56.1192
htf_aligned_breakout_long,atr_trail_2x,low_lt_15,8,0.25,-4.4017875,-35.2143
htf_aligned_breakout_long,atr_trail_2x,mid_15_25,28,0.21428571428571427,-2.196871428571429,-61.51240000000001
htf_aligned_breakout_long,atr_trail_mae_conditional,high_25_40,4,0.0,-2.03915,-8.1566
htf_aligned_breakout_long,atr_trail_mae_conditional,low_lt_15,8,0.0,-3.8803,-31.0424
htf_aligned_breakout_long,atr_trail_mae_conditional,mid_15_25,28,0.21428571428571427,-2.173317857142857,-60.8529
htf_aligned_breakout_long,atr_trail_vix_conditional,high_25_40,4,0.25,6.828825,27.3153
htf_aligned_breakout_long,atr_trail_vix_conditional,low_lt_15,8,0.0,-3.0255375,-24.2043
htf_aligned_breakout_long,atr_trail_vix_conditional,mid_15_25,28,0.21428571428571427,-1.9056785714285716,-53.359
htf_aligned_breakout_long,break_even_at_1r,high_25_40,4,0.25,9.5593,38.2372
htf_aligned_breakout_long,break_even_at_1r,low_lt_15,8,0.0,-3.9986375,-31.9891
htf_aligned_breakout_long,break_even_at_1r,mid_15_25,28,0.10714285714285714,-1.8835714285714287,-52.74
htf_aligned_breakout_long,breakeven_plus_trail,high_25_40,4,0.5,29.409225,117.6369
htf_aligned_breakout_long,breakeven_plus_trail,low_lt_15,8,0.375,-0.5196999999999994,-4.157599999999995
htf_aligned_breakout_long,breakeven_plus_trail,mid_15_25,28,0.5714285714285714,16.251475000000003,455.04130000000004
htf_aligned_breakout_long,chandelier_3x,high_25_40,4,0.5,16.4451,65.7804
htf_aligned_breakout_long,chandelier_3x,low_lt_15,8,0.125,-5.649062499999999,-45.192499999999995
htf_aligned_breakout_long,chandelier_3x,mid_15_25,28,0.32142857142857145,1.987714285714286,55.656000000000006
htf_aligned_breakout_long,class_time_stop,high_25_40,4,0.5,1.4779999999999998,5.911999999999999
htf_aligned_breakout_long,class_time_stop,low_lt_15,8,0.375,-7.880537499999999,-63.04429999999999
htf_aligned_breakout_long,class_time_stop,mid_15_25,28,0.5357142857142857,3.275182142857143,91.7051
htf_aligned_breakout_long,earnings_blackout,high_25_40,4,0.5,16.91415,67.6566
htf_aligned_breakout_long,earnings_blackout,low_lt_15,8,0.5,5.2698125000000005,42.158500000000004
htf_aligned_breakout_long,earnings_blackout,mid_15_25,28,0.5357142857142857,0.5685321428571432,15.918900000000008
htf_aligned_breakout_long,fixed_4r_2r,high_25_40,4,0.5,6.867825,27.4713
htf_aligned_breakout_long,fixed_4r_2r,low_lt_15,8,0.375,3.1767499999999993,25.413999999999994
htf_aligned_breakout_long,fixed_4r_2r,mid_15_25,28,0.39285714285714285,-0.868139285714286,-24.307900000000007
htf_aligned_breakout_long,hybrid_50pct_target,high_25_40,4,0.5,14.170000000000002,56.68000000000001
htf_aligned_breakout_long,hybrid_50pct_target,low_lt_15,8,0.375,-1.488925,-11.9114
htf_aligned_breakout_long,hybrid_50pct_target,mid_15_25,28,0.5,1.8519142857142856,51.8536
htf_aligned_breakout_long,ma_exit_ema9,high_25_40,4,0.5,1.6197999999999997,6.479199999999999
htf_aligned_breakout_long,ma_exit_ema9,low_lt_15,8,0.25,-3.6523000000000003,-29.218400000000003
htf_aligned_breakout_long,ma_exit_ema9,mid_15_25,28,0.4642857142857143,10.210389285714287,285.89090000000004
htf_aligned_breakout_long,mfe_lockin_trail,high_25_40,4,0.0,-2.03915,-8.1566
htf_aligned_breakout_long,mfe_lockin_trail,low_lt_15,8,0.0,-3.8803,-31.0424
htf_aligned_breakout_long,mfe_lockin_trail,mid_15_25,28,0.21428571428571427,-2.0687357142857143,-57.9246
htf_aligned_breakout_long,multi_tier_partial,high_25_40,4,0.25,-1.6872749999999999,-6.749099999999999
htf_aligned_breakout_long,multi_tier_partial,low_lt_15,8,0.25,-3.02965,-24.2372
htf_aligned_breakout_long,multi_tier_partial,mid_15_25,28,0.5714285714285714,-0.3710892857142857,-10.3905
htf_aligned_breakout_long,next_pivot_target,high_25_40,4,0.5,-0.10187500000000085,-0.4075000000000034
htf_aligned_breakout_long,next_pivot_target,low_lt_15,8,0.5,2.6041375,20.8331
htf_aligned_breakout_long,next_pivot_target,mid_15_25,28,0.6785714285714286,3.367453571428572,94.2887
htf_aligned_breakout_long,r_multiple_2r,high_25_40,4,0.5,3.6896,14.7584
htf_aligned_breakout_long,r_multiple_2r,low_lt_15,8,0.125,-3.3219374999999998,-26.575499999999998
htf_aligned_breakout_long,r_multiple_2r,mid_15_25,28,0.42857142857142855,0.9549642857142858,26.739000000000004
htf_aligned_breakout_long,r_multiple_3r,high_25_40,4,0.5,5.934125,23.7365
htf_aligned_breakout_long,r_multiple_3r,low_lt_15,8,0.125,-2.3265000000000002,-18.612000000000002
htf_aligned_breakout_long,r_multiple_3r,mid_15_25,28,0.35714285714285715,0.7215,20.202
htf_aligned_breakout_long,regime_flip,high_25_40,4,0.5,0.21309999999999896,0.8523999999999958
htf_aligned_breakout_long,regime_flip,low_lt_15,8,0.375,-4.4346499999999995,-35.477199999999996
htf_aligned_breakout_long,regime_flip,mid_15_25,28,0.5,2.055392857142857,57.550999999999995
htf_aligned_breakout_long,reverse_signal,high_25_40,4,0.0,-2.03915,-8.1566
htf_aligned_breakout_long,reverse_signal,low_lt_15,8,0.0,-3.8803,-31.0424
htf_aligned_breakout_long,reverse_signal,mid_15_25,28,0.21428571428571427,-2.173317857142857,-60.8529
htf_aligned_breakout_long,smc_mitigation_zone,high_25_40,4,0.0,-2.03915,-8.1566
htf_aligned_breakout_long,smc_mitigation_zone,low_lt_15,8,0.0,-3.8803,-31.0424
htf_aligned_breakout_long,smc_mitigation_zone,mid_15_25,28,0.21428571428571427,-2.173317857142857,-60.8529
htf_aligned_breakout_long,time_stop_10d,high_25_40,4,0.75,2.64075,10.563
htf_aligned_breakout_long,time_stop_10d,low_lt_15,8,0.375,-1.6245124999999998,-12.996099999999998
htf_aligned_breakout_long,time_stop_10d,mid_15_25,28,0.6071428571428571,7.825049999999999,219.10139999999998
htf_aligned_breakout_long,time_stop_20d,high_25_40,4,0.5,0.21309999999999896,0.8523999999999958
htf_aligned_breakout_long,time_stop_20d,low_lt_15,8,0.375,-4.4346499999999995,-35.477199999999996
htf_aligned_breakout_long,time_stop_20d,mid_15_25,28,0.5,2.055392857142857,57.550999999999995
htf_aligned_breakout_long,trailing_10pct,high_25_40,4,0.5,24.694975,98.7799
htf_aligned_breakout_long,trailing_10pct,low_lt_15,8,0.125,-3.4330375,-27.4643
htf_aligned_breakout_long,trailing_10pct,mid_15_25,28,0.2857142857142857,-0.7104785714285715,-19.893400000000003
htf_aligned_breakout_long,trailing_15pct,high_25_40,4,0.5,19.836624999999998,79.34649999999999
htf_aligned_breakout_long,trailing_15pct,low_lt_15,8,0.25,-2.3922499999999998,-19.137999999999998
htf_aligned_breakout_long,trailing_15pct,mid_15_25,28,0.25,-0.25766071428571435,-7.214500000000002
htf_aligned_breakout_long,trailing_5pct,high_25_40,4,0.0,-1.9877250000000002,-7.950900000000001
htf_aligned_breakout_long,trailing_5pct,low_lt_15,8,0.125,-2.9820125,-23.8561
htf_aligned_breakout_long,trailing_5pct,mid_15_25,28,0.21428571428571427,-0.9768607142857142,-27.352099999999997
htf_aligned_breakout_short,atr_trail_1x,crisis_ge_40,6,0.0,-6.076816666666667,-36.4609
htf_aligned_breakout_short,atr_trail_1x,high_25_40,13,0.23076923076923078,-2.690953846153846,-34.9824
htf_aligned_breakout_short,atr_trail_1x,low_lt_15,5,0.6,-0.013200000000000323,-0.06600000000000161
htf_aligned_breakout_short,atr_trail_1x,mid_15_25,33,0.2727272727272727,-1.2966090909090908,-42.7881
htf_aligned_breakout_short,atr_trail_2x,crisis_ge_40,6,0.0,-12.167716666666665,-73.0063
htf_aligned_breakout_short,atr_trail_2x,high_25_40,13,0.15384615384615385,-6.420692307692307,-83.469
htf_aligned_breakout_short,atr_trail_2x,low_lt_15,5,1.0,8.50442,42.5221
htf_aligned_breakout_short,atr_trail_2x,mid_15_25,33,0.36363636363636365,-2.0125606060606063,-66.4145
htf_aligned_breakout_short,atr_trail_mae_conditional,crisis_ge_40,6,0.0,-6.076816666666667,-36.4609
htf_aligned_breakout_short,atr_trail_mae_conditional,high_25_40,13,0.23076923076923078,-2.690953846153846,-34.9824
htf_aligned_breakout_short,atr_trail_mae_conditional,low_lt_15,5,0.6,-0.013200000000000323,-0.06600000000000161
htf_aligned_breakout_short,atr_trail_mae_conditional,mid_15_25,33,0.2727272727272727,-1.2966090909090908,-42.7881
htf_aligned_breakout_short,atr_trail_vix_conditional,crisis_ge_40,6,0.0,-9.13095,-54.7857
htf_aligned_breakout_short,atr_trail_vix_conditional,high_25_40,13,0.23076923076923078,-3.6735076923076924,-47.7556
htf_aligned_breakout_short,atr_trail_vix_conditional,low_lt_15,5,0.2,-3.019,-15.095
htf_aligned_breakout_short,atr_trail_vix_conditional,mid_15_25,33,0.36363636363636365,-0.908451515151515,-29.978899999999996
htf_aligned_breakout_short,break_even_at_1r,crisis_ge_40,6,0.0,-6.076816666666667,-36.4609
htf_aligned_breakout_short,break_even_at_1r,high_25_40,13,0.07692307692307693,-3.122438461538462,-40.5917
htf_aligned_breakout_short,break_even_at_1r,low_lt_15,5,0.2,-0.2763000000000001,-1.3815000000000004
htf_aligned_breakout_short,break_even_at_1r,mid_15_25,33,0.21212121212121213,-0.16922121212121216,-5.584300000000002
htf_aligned_breakout_short,breakeven_plus_trail,crisis_ge_40,6,0.0,-12.137983333333333,-72.8279
htf_aligned_breakout_short,breakeven_plus_trail,high_25_40,13,0.15384615384615385,-2.672846153846154,-34.747
htf_aligned_breakout_short,breakeven_plus_trail,low_lt_15,5,0.8,12.37584,61.8792
htf_aligned_breakout_short,breakeven_plus_trail,mid_15_25,33,0.45454545454545453,3.604348484848485,118.9435
htf_aligned_breakout_short,chandelier_3x,crisis_ge_40,6,0.0,-17.0047,-102.0282
htf_aligned_breakout_short,chandelier_3x,high_25_40,13,0.15384615384615385,-8.257553846153847,-107.3482
htf_aligned_breakout_short,chandelier_3x,low_lt_15,5,1.0,7.29174,36.4587
htf_aligned_breakout_short,chandelier_3x,mid_15_25,33,0.30303030303030304,-0.7515060606060604,-24.799699999999994
htf_aligned_breakout_short,class_time_stop,crisis_ge_40,6,0.0,-41.82205,-250.9323
htf_aligned_breakout_short,class_time_stop,high_25_40,13,0.3076923076923077,-4.407730769230769,-57.3005
htf_aligned_breakout_short,class_time_stop,low_lt_15,5,1.0,11.01442,55.0721
htf_aligned_breakout_short,class_time_stop,mid_15_25,33,0.6363636363636364,0.7094666666666665,23.412399999999995
htf_aligned_breakout_short,earnings_blackout,crisis_ge_40,6,0.0,-25.710849999999997,-154.2651
htf_aligned_breakout_short,earnings_blackout,high_25_40,13,0.3076923076923077,-32.82957692307692,-426.7845
htf_aligned_breakout_short,earnings_blackout,low_lt_15,5,0.8,23.01428,115.0714
htf_aligned_breakout_short,earnings_blackout,mid_15_25,33,0.5151515151515151,-14.246330303030302,-470.12889999999993
htf_aligned_breakout_short,fixed_4r_2r,crisis_ge_40,6,0.16666666666666666,-11.669649999999999,-70.0179
htf_aligned_breakout_short,fixed_4r_2r,high_25_40,13,0.15384615384615385,-3.5785,-46.5205
htf_aligned_breakout_short,fixed_4r_2r,low_lt_15,5,0.8,28.589199999999998,142.946
htf_aligned_breakout_short,fixed_4r_2r,mid_15_25,33,0.45454545454545453,1.8322878787878787,60.4655
htf_aligned_breakout_short,hybrid_50pct_target,crisis_ge_40,6,0.16666666666666666,-116.85976666666666,-701.1586
htf_aligned_breakout_short,hybrid_50pct_target,high_25_40,13,0.6923076923076923,-71.42498461538462,-928.5248
htf_aligned_breakout_short,hybrid_50pct_target,low_lt_15,5,1.0,20.35138,101.7569
htf_aligned_breakout_short,hybrid_50pct_target,mid_15_25,33,0.8787878787878788,-3.8385121212121205,-126.67089999999997
htf_aligned_breakout_short,ma_exit_ema9,crisis_ge_40,6,0.0,-8.350516666666666,-50.1031
htf_aligned_breakout_short,ma_exit_ema9,high_25_40,13,0.3076923076923077,-3.0926846153846155,-40.2049
htf_aligned_breakout_short,ma_exit_ema9,low_lt_15,5,0.6,7.538259999999999,37.6913
htf_aligned_breakout_short,ma_exit_ema9,mid_15_25,33,0.3333333333333333,0.10299090909090912,3.3987000000000007
htf_aligned_breakout_short,mfe_lockin_trail,crisis_ge_40,6,0.0,-6.076816666666667,-36.4609
htf_aligned_breakout_short,mfe_lockin_trail,high_25_40,13,0.23076923076923078,-2.7532,-35.7916
htf_aligned_breakout_short,mfe_lockin_trail,low_lt_15,5,0.6,0.30565999999999977,1.5282999999999989
htf_aligned_breakout_short,mfe_lockin_trail,mid_15_25,33,0.2727272727272727,-1.1955848484848484,-39.454299999999996
htf_aligned_breakout_short,multi_tier_partial,crisis_ge_40,6,0.16666666666666666,-5.954516666666667,-35.7271
htf_aligned_breakout_short,multi_tier_partial,high_25_40,13,0.46153846153846156,-2.1336307692307694,-27.7372
htf_aligned_breakout_short,multi_tier_partial,low_lt_15,5,0.8,1.6649,8.3245
htf_aligned_breakout_short,multi_tier_partial,mid_15_25,33,0.5151515151515151,-0.24064848484848475,-7.941399999999997
htf_aligned_breakout_short,next_pivot_target,crisis_ge_40,6,0.16666666666666666,-11.693916666666667,-70.1635
htf_aligned_breakout_short,next_pivot_target,high_25_40,13,0.23076923076923078,-5.532315384615384,-71.92009999999999
htf_aligned_breakout_short,next_pivot_target,low_lt_15,5,1.0,16.85972,84.2986
htf_aligned_breakout_short,next_pivot_target,mid_15_25,33,0.696969696969697,1.5209454545454542,50.19119999999999
htf_aligned_breakout_short,r_multiple_2r,crisis_ge_40,6,0.16666666666666666,-5.834833333333333,-35.009
htf_aligned_breakout_short,r_multiple_2r,high_25_40,13,0.23076923076923078,-3.098146153846154,-40.2759
htf_aligned_breakout_short,r_multiple_2r,low_lt_15,5,0.6,8.708160000000001,43.540800000000004
htf_aligned_breakout_short,r_multiple_2r,mid_15_25,33,0.36363636363636365,-0.10593333333333331,-3.495799999999999
htf_aligned_breakout_short,r_multiple_3r,crisis_ge_40,6,0.16666666666666666,-5.647633333333334,-33.8858
htf_aligned_breakout_short,r_multiple_3r,high_25_40,13,0.15384615384615385,-3.5070846153846156,-45.5921
htf_aligned_breakout_short,r_multiple_3r,low_lt_15,5,0.6,14.04234,70.2117
htf_aligned_breakout_short,r_multiple_3r,mid_15_25,33,0.21212121212121213,-1.438169696969697,-47.4596
htf_aligned_breakout_short,regime_flip,crisis_ge_40,6,0.0,-26.018600000000003,-156.1116
htf_aligned_breakout_short,regime_flip,high_25_40,13,0.38461538461538464,-2.3248692307692305,-30.2233
htf_aligned_breakout_short,regime_flip,low_lt_15,5,0.8,12.123439999999999,60.6172
htf_aligned_breakout_short,regime_flip,mid_15_25,33,0.5151515151515151,-1.6191,-53.4303
htf_aligned_breakout_short,reverse_signal,crisis_ge_40,6,0.0,-6.076816666666667,-36.4609
htf_aligned_breakout_short,reverse_signal,high_25_40,13,0.23076923076923078,-2.690953846153846,-34.9824
htf_aligned_breakout_short,reverse_signal,low_lt_15,5,0.6,-0.013200000000000323,-0.06600000000000161
htf_aligned_breakout_short,reverse_signal,mid_15_25,33,0.2727272727272727,-1.2966090909090908,-42.7881
htf_aligned_breakout_short,smc_mitigation_zone,crisis_ge_40,6,0.0,-6.076816666666667,-36.4609
htf_aligned_breakout_short,smc_mitigation_zone,high_25_40,13,0.23076923076923078,-2.690953846153846,-34.9824
htf_aligned_breakout_short,smc_mitigation_zone,low_lt_15,5,0.6,-0.013200000000000323,-0.06600000000000161
htf_aligned_breakout_short,smc_mitigation_zone,mid_15_25,33,0.2727272727272727,-1.2966090909090908,-42.7881
htf_aligned_breakout_short,time_stop_10d,crisis_ge_40,6,0.16666666666666666,-10.183966666666667,-61.1038
htf_aligned_breakout_short,time_stop_10d,high_25_40,13,0.23076923076923078,-4.694569230769231,-61.029399999999995
htf_aligned_breakout_short,time_stop_10d,low_lt_15,5,0.6,5.4943,27.4715
htf_aligned_breakout_short,time_stop_10d,mid_15_25,33,0.48484848484848486,-0.7811181818181817,-25.776899999999998
htf_aligned_breakout_short,time_stop_20d,crisis_ge_40,6,0.0,-26.018600000000003,-156.1116
htf_aligned_breakout_short,time_stop_20d,high_25_40,13,0.38461538461538464,-2.3248692307692305,-30.2233
htf_aligned_breakout_short,time_stop_20d,low_lt_15,5,0.8,12.123439999999999,60.6172
htf_aligned_breakout_short,time_stop_20d,mid_15_25,33,0.5151515151515151,-1.6191,-53.4303
htf_aligned_breakout_short,trailing_10pct,crisis_ge_40,6,0.0,-8.65485,-51.9291
htf_aligned_breakout_short,trailing_10pct,high_25_40,13,0.07692307692307693,-5.41423076923077,-70.385
htf_aligned_breakout_short,trailing_10pct,low_lt_15,5,0.4,2.7559,13.7795
htf_aligned_breakout_short,trailing_10pct,mid_15_25,33,0.36363636363636365,-0.29340909090909095,-9.682500000000001
htf_aligned_breakout_short,trailing_15pct,crisis_ge_40,6,0.0,-12.821516666666668,-76.9291
htf_aligned_breakout_short,trailing_15pct,high_25_40,13,0.07692307692307693,-8.847453846153847,-115.0169
htf_aligned_breakout_short,trailing_15pct,low_lt_15,5,1.0,8.01542,40.0771
htf_aligned_breakout_short,trailing_15pct,mid_15_25,33,0.48484848484848486,-0.026687878787878653,-0.8806999999999956
htf_aligned_breakout_short,trailing_5pct,crisis_ge_40,6,0.0,-4.856516666666667,-29.1391
htf_aligned_breakout_short,trailing_5pct,high_25_40,13,0.3076923076923077,-1.5280076923076924,-19.8641
htf_aligned_breakout_short,trailing_5pct,low_lt_15,5,0.4,-0.93256,-4.6628
htf_aligned_breakout_short,trailing_5pct,mid_15_25,33,0.2727272727272727,-1.812009090909091,-59.7963
hull_rsi,atr_trail_1x,high_25_40,19,0.21052631578947367,-3.015242105263158,-57.2896
hull_rsi,atr_trail_1x,low_lt_15,10,0.2,-2.81739,-28.1739
hull_rsi,atr_trail_1x,mid_15_25,45,0.3333333333333333,-1.0287466666666667,-46.2936
hull_rsi,atr_trail_2x,high_25_40,19,0.2631578947368421,-3.2799736842105265,-62.319500000000005
hull_rsi,atr_trail_2x,low_lt_15,10,0.3,-1.2831,-12.831
hull_rsi,atr_trail_2x,mid_15_25,45,0.37777777777777777,-0.2872044444444443,-12.924199999999994
hull_rsi,atr_trail_mae_conditional,high_25_40,19,0.21052631578947367,-3.015242105263158,-57.2896
hull_rsi,atr_trail_mae_conditional,low_lt_15,10,0.2,-2.81739,-28.1739
hull_rsi,atr_trail_mae_conditional,mid_15_25,45,0.3333333333333333,-1.0287466666666667,-46.2936
hull_rsi,atr_trail_vix_conditional,high_25_40,19,0.3684210526315789,-1.0336315789473687,-19.639000000000006
hull_rsi,atr_trail_vix_conditional,low_lt_15,10,0.2,-2.0492600000000003,-20.492600000000003
hull_rsi,atr_trail_vix_conditional,mid_15_25,45,0.35555555555555557,-1.5440133333333332,-69.4806
hull_rsi,break_even_at_1r,high_25_40,19,0.10526315789473684,-3.0219473684210527,-57.417
hull_rsi,break_even_at_1r,low_lt_15,10,0.1,-1.3098400000000001,-13.098400000000002
hull_rsi,break_even_at_1r,mid_15_25,45,0.24444444444444444,-1.1026577777777777,-49.6196
hull_rsi,breakeven_plus_trail,high_25_40,19,0.3157894736842105,-3.2571631578947366,-61.8861
hull_rsi,breakeven_plus_trail,low_lt_15,10,0.4,1.46729,14.6729
hull_rsi,breakeven_plus_trail,mid_15_25,45,0.4666666666666667,3.23584,145.6128
hull_rsi,chandelier_3x,high_25_40,19,0.21052631578947367,-3.283263157894737,-62.382000000000005
hull_rsi,chandelier_3x,low_lt_15,10,0.2,-2.9869,-29.869
hull_rsi,chandelier_3x,mid_15_25,45,0.26666666666666666,0.39853555555555564,17.934100000000004
hull_rsi,class_time_stop,high_25_40,19,0.3684210526315789,-6.338431578947368,-120.4302
hull_rsi,class_time_stop,low_lt_15,10,0.5,-0.028420000000000202,-0.284200000000002
hull_rsi,class_time_stop,mid_15_25,45,0.4888888888888889,2.2346355555555557,100.5586
hull_rsi,earnings_blackout,high_25_40,19,0.2631578947368421,-6.812294736842104,-129.43359999999998
hull_rsi,earnings_blackout,low_lt_15,10,0.7,12.14874,121.4874
hull_rsi,earnings_blackout,mid_15_25,45,0.6,6.247586666666666,281.1414
hull_rsi,fixed_4r_2r,high_25_40,19,0.2631578947368421,-2.6589631578947373,-50.520300000000006
hull_rsi,fixed_4r_2r,low_lt_15,10,0.2,-3.87485,-38.7485
hull_rsi,fixed_4r_2r,mid_15_25,45,0.3111111111111111,-1.166602222222222,-52.497099999999996
hull_rsi,hybrid_50pct_target,high_25_40,19,0.631578947368421,-26.27310526315789,-499.18899999999996
hull_rsi,hybrid_50pct_target,low_lt_15,10,0.7,4.48262,44.8262
hull_rsi,hybrid_50pct_target,mid_15_25,45,0.6,-2.7269155555555553,-122.71119999999999
hull_rsi,ma_exit_ema9,high_25_40,19,0.3684210526315789,-1.9352684210526316,-36.7701
hull_rsi,ma_exit_ema9,low_lt_15,10,0.3,-1.52401,-15.2401
hull_rsi,ma_exit_ema9,mid_15_25,45,0.35555555555555557,1.51338,68.1021
hull_rsi,mfe_lockin_trail,high_25_40,19,0.21052631578947367,-3.015242105263158,-57.2896
hull_rsi,mfe_lockin_trail,low_lt_15,10,0.2,-2.81739,-28.1739
hull_rsi,mfe_lockin_trail,mid_15_25,45,0.3333333333333333,-0.9853777777777779,-44.342000000000006
hull_rsi,multi_tier_partial,high_25_40,19,0.3684210526315789,-2.3082052631578946,-43.8559
hull_rsi,multi_tier_partial,low_lt_15,10,0.3,-2.4052,-24.052
hull_rsi,multi_tier_partial,mid_15_25,45,0.5111111111111111,-0.3812288888888889,-17.1553
hull_rsi,next_pivot_target,high_25_40,19,0.5263157894736842,-3.3236526315789474,-63.1494
hull_rsi,next_pivot_target,low_lt_15,10,0.8,-0.07154999999999986,-0.7154999999999987
hull_rsi,next_pivot_target,mid_15_25,45,0.6666666666666666,-0.5094733333333333,-22.9263
hull_rsi,r_multiple_2r,high_25_40,19,0.2631578947368421,-1.2142368421052634,-23.070500000000003
hull_rsi,r_multiple_2r,low_lt_15,10,0.4,1.45239,14.523900000000001
hull_rsi,r_multiple_2r,mid_15_25,45,0.4,0.17724222222222222,7.9759
hull_rsi,r_multiple_3r,high_25_40,19,0.21052631578947367,-0.3584947368421052,-6.811399999999999
hull_rsi,r_multiple_3r,low_lt_15,10,0.3,-0.21915000000000004,-2.1915000000000004
hull_rsi,r_multiple_3r,mid_15_25,45,0.3333333333333333,1.0056377777777779,45.2537
hull_rsi,regime_flip,high_25_40,19,0.3684210526315789,-3.7471736842105265,-71.19630000000001
hull_rsi,regime_flip,low_lt_15,10,0.6,-0.006060000000000398,-0.060600000000003984
hull_rsi,regime_flip,mid_15_25,45,0.5333333333333333,1.6338155555555558,73.52170000000001
hull_rsi,reverse_signal,high_25_40,19,0.21052631578947367,-3.015242105263158,-57.2896
hull_rsi,reverse_signal,low_lt_15,10,0.2,-2.81739,-28.1739
hull_rsi,reverse_signal,mid_15_25,45,0.3333333333333333,-1.0287466666666667,-46.2936
hull_rsi,smc_mitigation_zone,high_25_40,19,0.21052631578947367,-3.015242105263158,-57.2896
hull_rsi,smc_mitigation_zone,low_lt_15,10,0.2,-2.81739,-28.1739
hull_rsi,smc_mitigation_zone,mid_15_25,45,0.3333333333333333,-1.0287466666666667,-46.2936
hull_rsi,time_stop_10d,high_25_40,19,0.47368421052631576,-1.4935315789473684,-28.3771
hull_rsi,time_stop_10d,low_lt_15,10,0.5,1.51994,15.1994
hull_rsi,time_stop_10d,mid_15_25,45,0.6222222222222222,1.855193333333333,83.48369999999998
hull_rsi,time_stop_20d,high_25_40,19,0.3684210526315789,-3.7471736842105265,-71.19630000000001
hull_rsi,time_stop_20d,low_lt_15,10,0.6,-0.006060000000000398,-0.060600000000003984
hull_rsi,time_stop_20d,mid_15_25,45,0.5333333333333333,1.6338155555555558,73.52170000000001
hull_rsi,trailing_10pct,high_25_40,19,0.15789473684210525,-5.866268421052632,-111.4591
hull_rsi,trailing_10pct,low_lt_15,10,0.1,-3.6751300000000002,-36.7513
hull_rsi,trailing_10pct,mid_15_25,45,0.3333333333333333,-3.522655555555555,-158.5195
hull_rsi,trailing_15pct,high_25_40,19,0.15789473684210525,-6.7875000000000005,-128.9625
hull_rsi,trailing_15pct,low_lt_15,10,0.3,-3.49358,-34.9358
hull_rsi,trailing_15pct,mid_15_25,45,0.3333333333333333,-1.6069133333333332,-72.3111
hull_rsi,trailing_5pct,high_25_40,19,0.2631578947368421,-2.2386052631578948,-42.5335
hull_rsi,trailing_5pct,low_lt_15,10,0.2,-2.43246,-24.3246
hull_rsi,trailing_5pct,mid_15_25,45,0.3333333333333333,-0.9693955555555556,-43.6228
hull_rsi_short,atr_trail_1x,high_25_40,7,0.14285714285714285,-2.790085714285714,-19.5306
hull_rsi_short,atr_trail_1x,low_lt_15,11,0.2727272727272727,-0.024227272727272743,-0.2665000000000002
hull_rsi_short,atr_trail_1x,mid_15_25,37,0.3783783783783784,-1.6512864864864865,-61.0976
hull_rsi_short,atr_trail_2x,high_25_40,7,0.42857142857142855,-2.817085714285714,-19.7196
hull_rsi_short,atr_trail_2x,low_lt_15,11,0.36363636363636365,-0.3100545454545457,-3.4106000000000027
hull_rsi_short,atr_trail_2x,mid_15_25,37,0.2972972972972973,-1.0875675675675678,-40.24000000000001
hull_rsi_short,atr_trail_mae_conditional,high_25_40,7,0.14285714285714285,-2.790085714285714,-19.5306
hull_rsi_short,atr_trail_mae_conditional,low_lt_15,11,0.2727272727272727,-0.024227272727272743,-0.2665000000000002
hull_rsi_short,atr_trail_mae_conditional,mid_15_25,37,0.3783783783783784,-1.6512864864864865,-61.0976
hull_rsi_short,atr_trail_vix_conditional,high_25_40,7,0.2857142857142857,-2.5623285714285715,-17.9363
hull_rsi_short,atr_trail_vix_conditional,low_lt_15,11,0.2727272727272727,0.09941818181818181,1.0936
hull_rsi_short,atr_trail_vix_conditional,mid_15_25,37,0.32432432432432434,-1.4738864864864865,-54.5338
hull_rsi_short,break_even_at_1r,high_25_40,7,0.0,-2.2623857142857142,-15.8367
hull_rsi_short,break_even_at_1r,low_lt_15,11,0.18181818181818182,-2.0095,-22.1045
hull_rsi_short,break_even_at_1r,mid_15_25,37,0.32432432432432434,-0.7363216216216218,-27.243900000000007
hull_rsi_short,breakeven_plus_trail,high_25_40,7,0.2857142857142857,-0.00258571428571435,-0.01810000000000045
hull_rsi_short,breakeven_plus_trail,low_lt_15,11,0.5454545454545454,2.8995818181818183,31.895400000000002
hull_rsi_short,breakeven_plus_trail,mid_15_25,37,0.43243243243243246,1.9611756756756757,72.5635
hull_rsi_short,chandelier_3x,high_25_40,7,0.5714285714285714,1.4021142857142856,9.8148
hull_rsi_short,chandelier_3x,low_lt_15,11,0.18181818181818182,-1.2754363636363641,-14.029800000000005
hull_rsi_short,chandelier_3x,mid_15_25,37,0.24324324324324326,1.2806,47.3822
hull_rsi_short,class_time_stop,high_25_40,7,0.5714285714285714,-0.6908714285714289,-4.836100000000003
hull_rsi_short,class_time_stop,low_lt_15,11,0.36363636363636365,-4.5673,-50.240300000000005
hull_rsi_short,class_time_stop,mid_15_25,37,0.40540540540540543,-3.003427027027027,-111.1268
hull_rsi_short,earnings_blackout,high_25_40,7,0.42857142857142855,-1.3723571428571426,-9.606499999999999
hull_rsi_short,earnings_blackout,low_lt_15,11,0.6363636363636364,-4.063890909090909,-44.702799999999996
hull_rsi_short,earnings_blackout,mid_15_25,37,0.43243243243243246,-17.045537837837838,-630.6849
hull_rsi_short,fixed_4r_2r,high_25_40,7,0.2857142857142857,-0.8407,-5.8849
hull_rsi_short,fixed_4r_2r,low_lt_15,11,0.2727272727272727,5.690590909090909,62.5965
hull_rsi_short,fixed_4r_2r,mid_15_25,37,0.2702702702702703,-3.089802702702703,-114.32270000000001
hull_rsi_short,hybrid_50pct_target,high_25_40,7,0.8571428571428571,-26.3229,-184.2603
hull_rsi_short,hybrid_50pct_target,low_lt_15,11,0.8181818181818182,5.848736363636363,64.3361
hull_rsi_short,hybrid_50pct_target,mid_15_25,37,0.6756756756756757,-60.1746918918919,-2226.4636
hull_rsi_short,ma_exit_ema9,high_25_40,7,0.14285714285714285,-3.7830714285714286,-26.4815
hull_rsi_short,ma_exit_ema9,low_lt_15,11,0.45454545454545453,1.7025636363636365,18.7282
hull_rsi_short,ma_exit_ema9,mid_15_25,37,0.35135135135135137,0.03127567567567578,1.157200000000004
hull_rsi_short,mfe_lockin_trail,high_25_40,7,0.14285714285714285,-2.790085714285714,-19.5306
hull_rsi_short,mfe_lockin_trail,low_lt_15,11,0.2727272727272727,0.37086363636363645,4.079500000000001
hull_rsi_short,mfe_lockin_trail,mid_15_25,37,0.3783783783783784,-1.3083216216216218,-48.407900000000005
hull_rsi_short,multi_tier_partial,high_25_40,7,0.2857142857142857,-2.325442857142857,-16.2781
hull_rsi_short,multi_tier_partial,low_lt_15,11,0.45454545454545453,0.49441818181818176,5.438599999999999
hull_rsi_short,multi_tier_partial,mid_15_25,37,0.5135135135135135,-0.7887405405405407,-29.183400000000002
hull_rsi_short,next_pivot_target,high_25_40,7,0.7142857142857143,1.550114285714286,10.850800000000001
hull_rsi_short,next_pivot_target,low_lt_15,11,0.7272727272727273,4.4535,48.9885
hull_rsi_short,next_pivot_target,mid_15_25,37,0.7027027027027027,-0.46156756756756767,-17.078000000000003
hull_rsi_short,r_multiple_2r,high_25_40,7,0.42857142857142855,-0.10188571428571423,-0.7131999999999996
hull_rsi_short,r_multiple_2r,low_lt_15,11,0.45454545454545453,3.700927272727273,40.7102
hull_rsi_short,r_multiple_2r,mid_15_25,37,0.32432432432432434,0.31777027027027044,11.757500000000006
hull_rsi_short,r_multiple_3r,high_25_40,7,0.42857142857142855,1.3965571428571428,9.7759
hull_rsi_short,r_multiple_3r,low_lt_15,11,0.18181818181818182,1.7446363636363635,19.191
hull_rsi_short,r_multiple_3r,mid_15_25,37,0.24324324324324326,-0.585445945945946,-21.661500000000004
hull_rsi_short,regime_flip,high_25_40,7,0.5714285714285714,2.381842857142857,16.6729
hull_rsi_short,regime_flip,low_lt_15,11,0.5454545454545454,1.5182363636363638,16.7006
hull_rsi_short,regime_flip,mid_15_25,37,0.35135135135135137,-5.373405405405405,-198.816
hull_rsi_short,reverse_signal,high_25_40,7,0.14285714285714285,-2.790085714285714,-19.5306
hull_rsi_short,reverse_signal,low_lt_15,11,0.2727272727272727,-0.024227272727272743,-0.2665000000000002
hull_rsi_short,reverse_signal,mid_15_25,37,0.3783783783783784,-1.6512864864864865,-61.0976
hull_rsi_short,smc_mitigation_zone,high_25_40,7,0.14285714285714285,-2.790085714285714,-19.5306
hull_rsi_short,smc_mitigation_zone,low_lt_15,11,0.2727272727272727,-0.024227272727272743,-0.2665000000000002
hull_rsi_short,smc_mitigation_zone,mid_15_25,37,0.3783783783783784,-1.6512864864864865,-61.0976
hull_rsi_short,time_stop_10d,high_25_40,7,0.42857142857142855,-1.2124714285714284,-8.4873
hull_rsi_short,time_stop_10d,low_lt_15,11,0.6363636363636364,4.1087,45.1957
hull_rsi_short,time_stop_10d,mid_15_25,37,0.4864864864864865,-1.028310810810811,-38.04750000000001
hull_rsi_short,time_stop_20d,high_25_40,7,0.5714285714285714,2.381842857142857,16.6729
hull_rsi_short,time_stop_20d,low_lt_15,11,0.5454545454545454,1.5182363636363638,16.7006
hull_rsi_short,time_stop_20d,mid_15_25,37,0.35135135135135137,-5.373405405405405,-198.816
hull_rsi_short,trailing_10pct,high_25_40,7,0.2857142857142857,-3.5937714285714284,-25.156399999999998
hull_rsi_short,trailing_10pct,low_lt_15,11,0.18181818181818182,-3.7510000000000003,-41.261
hull_rsi_short,trailing_10pct,mid_15_25,37,0.2972972972972973,-3.633462162162162,-134.4381
hull_rsi_short,trailing_15pct,high_25_40,7,0.42857142857142855,-0.0630142857142857,-0.44109999999999994
hull_rsi_short,trailing_15pct,low_lt_15,11,0.18181818181818182,-5.0354090909090905,-55.3895
hull_rsi_short,trailing_15pct,mid_15_25,37,0.2702702702702703,-2.6797540540540536,-99.1509
hull_rsi_short,trailing_5pct,high_25_40,7,0.2857142857142857,-1.9506571428571429,-13.6546
hull_rsi_short,trailing_5pct,low_lt_15,11,0.09090909090909091,-1.7615181818181818,-19.3767
hull_rsi_short,trailing_5pct,mid_15_25,37,0.2702702702702703,-1.84157027027027,-68.1381
ichimoku_cloud_breakout,atr_trail_1x,high_25_40,25,0.24,-3.3374200000000003,-83.4355
ichimoku_cloud_breakout,atr_trail_1x,low_lt_15,16,0.125,-3.1707125,-50.7314
ichimoku_cloud_breakout,atr_trail_1x,mid_15_25,49,0.16326530612244897,-1.3224122448979594,-64.79820000000001
ichimoku_cloud_breakout,atr_trail_2x,high_25_40,25,0.32,-4.289528000000001,-107.2382
ichimoku_cloud_breakout,atr_trail_2x,low_lt_15,16,0.3125,-0.5448624999999998,-8.717799999999997
ichimoku_cloud_breakout,atr_trail_2x,mid_15_25,49,0.3673469387755102,-0.419695918367347,-20.5651
ichimoku_cloud_breakout,atr_trail_mae_conditional,high_25_40,25,0.24,-3.3374200000000003,-83.4355
ichimoku_cloud_breakout,atr_trail_mae_conditional,low_lt_15,16,0.125,-3.1707125,-50.7314
ichimoku_cloud_breakout,atr_trail_mae_conditional,mid_15_25,49,0.16326530612244897,-1.3224122448979594,-64.79820000000001
ichimoku_cloud_breakout,atr_trail_vix_conditional,high_25_40,25,0.32,-3.762724,-94.0681
ichimoku_cloud_breakout,atr_trail_vix_conditional,low_lt_15,16,0.0625,-2.28699375,-36.5919
ichimoku_cloud_breakout,atr_trail_vix_conditional,mid_15_25,49,0.22448979591836735,-1.1823387755102042,-57.9346
ichimoku_cloud_breakout,break_even_at_1r,high_25_40,25,0.28,-2.11174,-52.7935
ichimoku_cloud_breakout,break_even_at_1r,low_lt_15,16,0.0625,-1.940375,-31.046
ichimoku_cloud_breakout,break_even_at_1r,mid_15_25,49,0.20408163265306123,-0.8227897959183674,-40.316700000000004
ichimoku_cloud_breakout,breakeven_plus_trail,high_25_40,25,0.4,-2.275316,-56.8829
ichimoku_cloud_breakout,breakeven_plus_trail,low_lt_15,16,0.25,7.1323375,114.1174
ichimoku_cloud_breakout,breakeven_plus_trail,mid_15_25,49,0.3469387755102041,5.365285714285714,262.899
ichimoku_cloud_breakout,chandelier_3x,high_25_40,25,0.28,-1.84762,-46.1905
ichimoku_cloud_breakout,chandelier_3x,low_lt_15,16,0.0,-4.1601875,-66.563
ichimoku_cloud_breakout,chandelier_3x,mid_15_25,49,0.24489795918367346,0.8737244897959185,42.81250000000001
ichimoku_cloud_breakout,class_time_stop,high_25_40,25,0.36,-5.836900000000001,-145.9225
ichimoku_cloud_breakout,class_time_stop,low_lt_15,16,0.5,6.150749999999999,98.41199999999998
ichimoku_cloud_breakout,class_time_stop,mid_15_25,49,0.5102040816326531,2.102648979591837,103.02980000000001
ichimoku_cloud_breakout,earnings_blackout,high_25_40,25,0.36,-20.2035,-505.0875
ichimoku_cloud_breakout,earnings_blackout,low_lt_15,16,0.5625,12.565968750000001,201.05550000000002
ichimoku_cloud_breakout,earnings_blackout,mid_15_25,49,0.42857142857142855,1.9488775510204082,95.495
ichimoku_cloud_breakout,fixed_4r_2r,high_25_40,25,0.2,-7.7274,-193.185
ichimoku_cloud_breakout,fixed_4r_2r,low_lt_15,16,0.4375,3.7041625,59.2666
ichimoku_cloud_breakout,fixed_4r_2r,mid_15_25,49,0.2857142857142857,-0.0008040816326529999,-0.03939999999999699
ichimoku_cloud_breakout,hybrid_50pct_target,high_25_40,25,0.44,-104.75433600000001,-2618.8584
ichimoku_cloud_breakout,hybrid_50pct_target,low_lt_15,16,0.625,-14.80473125,-236.8757
ichimoku_cloud_breakout,hybrid_50pct_target,mid_15_25,49,0.6326530612244898,1.4745897959183671,72.25489999999999
ichimoku_cloud_breakout,ma_exit_ema9,high_25_40,25,0.28,-1.9752280000000002,-49.380700000000004
ichimoku_cloud_breakout,ma_exit_ema9,low_lt_15,16,0.1875,-2.18716875,-34.9947
ichimoku_cloud_breakout,ma_exit_ema9,mid_15_25,49,0.2653061224489796,-0.08206530612244908,-4.021200000000005
ichimoku_cloud_breakout,mfe_lockin_trail,high_25_40,25,0.24,-3.3432280000000003,-83.58070000000001
ichimoku_cloud_breakout,mfe_lockin_trail,low_lt_15,16,0.125,-3.1707125,-50.7314
ichimoku_cloud_breakout,mfe_lockin_trail,mid_15_25,49,0.16326530612244897,-1.962373469387755,-96.1563
ichimoku_cloud_breakout,multi_tier_partial,high_25_40,25,0.36,-2.554064,-63.8516
ichimoku_cloud_breakout,multi_tier_partial,low_lt_15,16,0.25,-2.7837375,-44.5398
ichimoku_cloud_breakout,multi_tier_partial,mid_15_25,49,0.2653061224489796,-1.1487122448979592,-56.2869
ichimoku_cloud_breakout,next_pivot_target,high_25_40,25,0.64,-0.9944280000000001,-24.8607
ichimoku_cloud_breakout,next_pivot_target,low_lt_15,16,0.75,-0.29316875,-4.6907
ichimoku_cloud_breakout,next_pivot_target,mid_15_25,49,0.7142857142857143,-1.9811408163265307,-97.0759
ichimoku_cloud_breakout,r_multiple_2r,high_25_40,25,0.28,-1.063992,-26.599800000000002
ichimoku_cloud_breakout,r_multiple_2r,low_lt_15,16,0.25,-2.480625,-39.69
ichimoku_cloud_breakout,r_multiple_2r,mid_15_25,49,0.30612244897959184,0.8193346938775513,40.14740000000001
ichimoku_cloud_breakout,r_multiple_3r,high_25_40,25,0.24,-1.153,-28.825000000000003
ichimoku_cloud_breakout,r_multiple_3r,low_lt_15,16,0.1875,-2.37073125,-37.9317
ichimoku_cloud_breakout,r_multiple_3r,mid_15_25,49,0.22448979591836735,0.7829163265306125,38.36290000000001
ichimoku_cloud_breakout,regime_flip,high_25_40,25,0.4,-2.4642239999999997,-61.605599999999995
ichimoku_cloud_breakout,regime_flip,low_lt_15,16,0.5,-3.02130625,-48.3409
ichimoku_cloud_breakout,regime_flip,mid_15_25,49,0.5102040816326531,4.817618367346939,236.0633
ichimoku_cloud_breakout,reverse_signal,high_25_40,25,0.24,-3.3374200000000003,-83.4355
ichimoku_cloud_breakout,reverse_signal,low_lt_15,16,0.125,-3.1707125,-50.7314
ichimoku_cloud_breakout,reverse_signal,mid_15_25,49,0.16326530612244897,-1.3224122448979594,-64.79820000000001
ichimoku_cloud_breakout,smc_mitigation_zone,high_25_40,25,0.24,-3.3374200000000003,-83.4355
ichimoku_cloud_breakout,smc_mitigation_zone,low_lt_15,16,0.125,-3.1707125,-50.7314
ichimoku_cloud_breakout,smc_mitigation_zone,mid_15_25,49,0.16326530612244897,-1.3224122448979594,-64.79820000000001
ichimoku_cloud_breakout,time_stop_10d,high_25_40,25,0.36,-3.262932,-81.5733
ichimoku_cloud_breakout,time_stop_10d,low_lt_15,16,0.25,-5.17554375,-82.8087
ichimoku_cloud_breakout,time_stop_10d,mid_15_25,49,0.5102040816326531,4.462220408163266,218.64880000000002
ichimoku_cloud_breakout,time_stop_20d,high_25_40,25,0.4,-2.4642239999999997,-61.605599999999995
ichimoku_cloud_breakout,time_stop_20d,low_lt_15,16,0.5,-3.02130625,-48.3409
ichimoku_cloud_breakout,time_stop_20d,mid_15_25,49,0.5102040816326531,4.817618367346939,236.0633
ichimoku_cloud_breakout,trailing_10pct,high_25_40,25,0.28,-4.294948,-107.3737
ichimoku_cloud_breakout,trailing_10pct,low_lt_15,16,0.1875,-1.5336437499999998,-24.538299999999996
ichimoku_cloud_breakout,trailing_10pct,mid_15_25,49,0.2653061224489796,-2.104244897959184,-103.108
ichimoku_cloud_breakout,trailing_15pct,high_25_40,25,0.32,-4.007012,-100.1753
ichimoku_cloud_breakout,trailing_15pct,low_lt_15,16,0.3125,1.0190562500000007,16.30490000000001
ichimoku_cloud_breakout,trailing_15pct,mid_15_25,49,0.3469387755102041,-0.07721836734693902,-3.783700000000012
ichimoku_cloud_breakout,trailing_5pct,high_25_40,25,0.16,-3.106156,-77.6539
ichimoku_cloud_breakout,trailing_5pct,low_lt_15,16,0.1875,-2.23031875,-35.6851
ichimoku_cloud_breakout,trailing_5pct,mid_15_25,49,0.22448979591836735,-1.9602816326530612,-96.0538
ichimoku_tk_cross,atr_trail_1x,high_25_40,2,0.5,-0.9955000000000003,-1.9910000000000005
ichimoku_tk_cross,atr_trail_1x,mid_15_25,14,0.5,0.39742857142857135,5.563999999999999
ichimoku_tk_cross,atr_trail_2x,high_25_40,2,1.0,10.8315,21.663
ichimoku_tk_cross,atr_trail_2x,mid_15_25,14,0.5714285714285714,3.1361071428571425,43.905499999999996
ichimoku_tk_cross,atr_trail_mae_conditional,high_25_40,2,0.5,-0.9955000000000003,-1.9910000000000005
ichimoku_tk_cross,atr_trail_mae_conditional,mid_15_25,14,0.5,0.39742857142857135,5.563999999999999
ichimoku_tk_cross,atr_trail_vix_conditional,high_25_40,2,1.0,8.023050000000001,16.046100000000003
ichimoku_tk_cross,atr_trail_vix_conditional,mid_15_25,14,0.35714285714285715,-0.04885000000000006,-0.6839000000000008
ichimoku_tk_cross,break_even_at_1r,high_25_40,2,0.5,1.9538499999999996,3.9076999999999993
ichimoku_tk_cross,break_even_at_1r,mid_15_25,14,0.21428571428571427,-0.9106,-12.7484
ichimoku_tk_cross,breakeven_plus_trail,high_25_40,2,1.0,5.3755999999999995,10.751199999999999
ichimoku_tk_cross,breakeven_plus_trail,mid_15_25,14,0.42857142857142855,7.019957142857143,98.2794
ichimoku_tk_cross,chandelier_3x,high_25_40,2,1.0,9.434,18.868
ichimoku_tk_cross,chandelier_3x,mid_15_25,14,0.35714285714285715,1.3569285714285717,18.997000000000003
ichimoku_tk_cross,class_time_stop,high_25_40,2,0.5,1.419599999999999,2.839199999999998
ichimoku_tk_cross,class_time_stop,mid_15_25,14,0.7142857142857143,6.0923928571428565,85.2935
ichimoku_tk_cross,earnings_blackout,high_25_40,2,1.0,8.74235,17.4847
ichimoku_tk_cross,earnings_blackout,mid_15_25,14,0.6428571428571429,9.164078571428572,128.2971
ichimoku_tk_cross,fixed_4r_2r,high_25_40,2,1.0,13.9929,27.9858
ichimoku_tk_cross,fixed_4r_2r,mid_15_25,14,0.5,6.097035714285715,85.3585
ichimoku_tk_cross,hybrid_50pct_target,high_25_40,2,1.0,7.93515,15.8703
ichimoku_tk_cross,hybrid_50pct_target,mid_15_25,14,0.6428571428571429,4.621857142857143,64.706
ichimoku_tk_cross,ma_exit_ema9,high_25_40,2,1.0,11.07425,22.1485
ichimoku_tk_cross,ma_exit_ema9,mid_15_25,14,0.5,0.0139071428571428,0.1946999999999992
ichimoku_tk_cross,mfe_lockin_trail,high_25_40,2,0.5,-0.9955000000000003,-1.9910000000000005
ichimoku_tk_cross,mfe_lockin_trail,mid_15_25,14,0.5,0.07487857142857138,1.0482999999999993
ichimoku_tk_cross,multi_tier_partial,high_25_40,2,0.5,-0.8392500000000003,-1.6785000000000005
ichimoku_tk_cross,multi_tier_partial,mid_15_25,14,0.5714285714285714,0.4387428571428571,6.142399999999999
ichimoku_tk_cross,next_pivot_target,high_25_40,2,1.0,6.5497499999999995,13.099499999999999
ichimoku_tk_cross,next_pivot_target,mid_15_25,14,0.6428571428571429,1.5360500000000001,21.504700000000003
ichimoku_tk_cross,r_multiple_2r,high_25_40,2,0.5,0.9589499999999997,1.9178999999999995
ichimoku_tk_cross,r_multiple_2r,mid_15_25,14,0.5,1.2140357142857143,16.9965
ichimoku_tk_cross,r_multiple_3r,high_25_40,2,0.5,2.4447,4.8894
ichimoku_tk_cross,r_multiple_3r,mid_15_25,14,0.2857142857142857,1.0970857142857142,15.3592
ichimoku_tk_cross,regime_flip,high_25_40,2,1.0,10.45175,20.9035
ichimoku_tk_cross,regime_flip,mid_15_25,14,0.7142857142857143,3.8382571428571426,53.7356
ichimoku_tk_cross,reverse_signal,high_25_40,2,0.5,-0.9955000000000003,-1.9910000000000005
ichimoku_tk_cross,reverse_signal,mid_15_25,14,0.5,0.39742857142857135,5.563999999999999
ichimoku_tk_cross,smc_mitigation_zone,high_25_40,2,0.5,-0.9955000000000003,-1.9910000000000005
ichimoku_tk_cross,smc_mitigation_zone,mid_15_25,14,0.5,0.39742857142857135,5.563999999999999
ichimoku_tk_cross,time_stop_10d,high_25_40,2,1.0,6.93145,13.8629
ichimoku_tk_cross,time_stop_10d,mid_15_25,14,0.5,1.4399142857142857,20.1588
ichimoku_tk_cross,time_stop_20d,high_25_40,2,1.0,10.45175,20.9035
ichimoku_tk_cross,time_stop_20d,mid_15_25,14,0.7142857142857143,3.8382571428571426,53.7356
ichimoku_tk_cross,trailing_10pct,high_25_40,2,1.0,5.3755999999999995,10.751199999999999
ichimoku_tk_cross,trailing_10pct,mid_15_25,14,0.5,1.6132142857142857,22.585
ichimoku_tk_cross,trailing_15pct,high_25_40,2,0.5,-0.4785999999999999,-0.9571999999999998
ichimoku_tk_cross,trailing_15pct,mid_15_25,14,0.35714285714285715,2.865428571428571,40.116
ichimoku_tk_cross,trailing_5pct,high_25_40,2,0.5,4.4645,8.929
ichimoku_tk_cross,trailing_5pct,mid_15_25,14,0.42857142857142855,-0.52835,-7.3969000000000005
inside_bar_breakout,atr_trail_1x,high_25_40,2,0.5,5.9006,11.8012
inside_bar_breakout,atr_trail_1x,mid_15_25,3,0.3333333333333333,-3.0309000000000004,-9.0927
inside_bar_breakout,atr_trail_2x,high_25_40,2,0.5,4.800999999999999,9.601999999999999
inside_bar_breakout,atr_trail_2x,mid_15_25,3,0.3333333333333333,-6.499133333333333,-19.4974
inside_bar_breakout,atr_trail_mae_conditional,high_25_40,2,0.5,5.9006,11.8012
inside_bar_breakout,atr_trail_mae_conditional,mid_15_25,3,0.3333333333333333,-3.0309000000000004,-9.0927
inside_bar_breakout,atr_trail_vix_conditional,high_25_40,2,0.5,8.017199999999999,16.034399999999998
inside_bar_breakout,atr_trail_vix_conditional,mid_15_25,3,0.3333333333333333,-3.498366666666667,-10.4951
inside_bar_breakout,break_even_at_1r,high_25_40,2,0.5,8.32335,16.6467
inside_bar_breakout,break_even_at_1r,mid_15_25,3,0.3333333333333333,-3.554733333333333,-10.6642
inside_bar_breakout,breakeven_plus_trail,high_25_40,2,0.5,10.55715,21.1143
inside_bar_breakout,breakeven_plus_trail,mid_15_25,3,0.6666666666666666,2.7182999999999997,8.1549
inside_bar_breakout,chandelier_3x,high_25_40,2,0.0,-0.46,-0.92
inside_bar_breakout,chandelier_3x,mid_15_25,3,0.0,-0.19736666666666666,-0.5921
inside_bar_breakout,class_time_stop,high_25_40,2,0.5,7.697000000000001,15.394000000000002
inside_bar_breakout,class_time_stop,mid_15_25,3,0.6666666666666666,-1.1424,-3.4272
inside_bar_breakout,earnings_blackout,high_25_40,2,1.0,24.1405,48.281
inside_bar_breakout,earnings_blackout,mid_15_25,3,0.6666666666666666,1.214733333333333,3.644199999999999
inside_bar_breakout,fixed_4r_2r,high_25_40,2,0.5,18.4393,36.8786
inside_bar_breakout,fixed_4r_2r,mid_15_25,3,0.3333333333333333,-7.179333333333333,-21.538
inside_bar_breakout,hybrid_50pct_target,high_25_40,2,1.0,22.898000000000003,45.79600000000001
inside_bar_breakout,hybrid_50pct_target,mid_15_25,3,0.3333333333333333,-6.5968333333333335,-19.7905
inside_bar_breakout,ma_exit_ema9,high_25_40,2,1.0,0.74105,1.4821
inside_bar_breakout,ma_exit_ema9,mid_15_25,3,0.3333333333333333,-0.5136333333333333,-1.5409
inside_bar_breakout,mfe_lockin_trail,high_25_40,2,0.5,7.25575,14.5115
inside_bar_breakout,mfe_lockin_trail,mid_15_25,3,0.3333333333333333,-3.0309000000000004,-9.0927
inside_bar_breakout,multi_tier_partial,high_25_40,2,0.5,6.4632499999999995,12.926499999999999
inside_bar_breakout,multi_tier_partial,mid_15_25,3,0.3333333333333333,-3.0309000000000004,-9.0927
inside_bar_breakout,next_pivot_target,high_25_40,2,1.0,3.32855,6.6571
inside_bar_breakout,next_pivot_target,mid_15_25,3,1.0,1.2461333333333333,3.7384
inside_bar_breakout,r_multiple_2r,high_25_40,2,0.5,9.21965,18.4393
inside_bar_breakout,r_multiple_2r,mid_15_25,3,0.3333333333333333,-3.554733333333333,-10.6642
inside_bar_breakout,r_multiple_3r,high_25_40,2,0.5,14.946399999999999,29.892799999999998
inside_bar_breakout,r_multiple_3r,mid_15_25,3,0.3333333333333333,-3.554733333333333,-10.6642
inside_bar_breakout,regime_flip,high_25_40,2,0.5,15.5829,31.1658
inside_bar_breakout,regime_flip,mid_15_25,3,0.6666666666666666,-0.6720999999999999,-2.0162999999999998
inside_bar_breakout,reverse_signal,high_25_40,2,0.5,5.9006,11.8012
inside_bar_breakout,reverse_signal,mid_15_25,3,0.3333333333333333,-3.0309000000000004,-9.0927
inside_bar_breakout,smc_mitigation_zone,high_25_40,2,0.5,5.9006,11.8012
inside_bar_breakout,smc_mitigation_zone,mid_15_25,3,0.3333333333333333,-3.0309000000000004,-9.0927
inside_bar_breakout,time_stop_10d,high_25_40,2,1.0,13.741850000000001,27.483700000000002
inside_bar_breakout,time_stop_10d,mid_15_25,3,0.3333333333333333,-6.378800000000001,-19.136400000000002
inside_bar_breakout,time_stop_20d,high_25_40,2,0.5,15.5829,31.1658
inside_bar_breakout,time_stop_20d,mid_15_25,3,0.6666666666666666,-0.6720999999999999,-2.0162999999999998
inside_bar_breakout,trailing_10pct,high_25_40,2,0.5,5.8993,11.7986
inside_bar_breakout,trailing_10pct,mid_15_25,3,0.3333333333333333,-5.190033333333333,-15.5701
inside_bar_breakout,trailing_15pct,high_25_40,2,0.5,3.061,6.122
inside_bar_breakout,trailing_15pct,mid_15_25,3,0.3333333333333333,-8.601533333333334,-25.8046
inside_bar_breakout,trailing_5pct,high_25_40,2,0.0,-2.5426,-5.0852
inside_bar_breakout,trailing_5pct,mid_15_25,3,0.3333333333333333,-2.9143666666666665,-8.7431
insider_cluster_long,atr_trail_1x,high_25_40,1,0.0,-2.999,-2.999
insider_cluster_long,atr_trail_1x,low_lt_15,3,0.0,-5.031366666666667,-15.094100000000001
insider_cluster_long,atr_trail_1x,mid_15_25,6,0.16666666666666666,-1.4479999999999997,-8.687999999999999
insider_cluster_long,atr_trail_2x,high_25_40,1,0.0,-3.1808,-3.1808
insider_cluster_long,atr_trail_2x,low_lt_15,3,0.3333333333333333,-8.764066666666666,-26.2922
insider_cluster_long,atr_trail_2x,mid_15_25,6,0.3333333333333333,1.7604333333333335,10.562600000000002
insider_cluster_long,atr_trail_mae_conditional,high_25_40,1,0.0,-2.999,-2.999
insider_cluster_long,atr_trail_mae_conditional,low_lt_15,3,0.0,-5.031366666666667,-15.094100000000001
insider_cluster_long,atr_trail_mae_conditional,mid_15_25,6,0.16666666666666666,-1.4479999999999997,-8.687999999999999
insider_cluster_long,atr_trail_vix_conditional,high_25_40,1,0.0,-1.7027,-1.7027
insider_cluster_long,atr_trail_vix_conditional,low_lt_15,3,0.0,-3.6428,-10.9284
insider_cluster_long,atr_trail_vix_conditional,mid_15_25,6,0.16666666666666666,1.5636999999999999,9.3822
insider_cluster_long,break_even_at_1r,high_25_40,1,0.0,-3.6512,-3.6512
insider_cluster_long,break_even_at_1r,low_lt_15,3,0.0,-5.754466666666667,-17.2634
insider_cluster_long,break_even_at_1r,mid_15_25,6,0.16666666666666666,0.9105166666666666,5.4631
insider_cluster_long,breakeven_plus_trail,high_25_40,1,0.0,0.0,0.0
insider_cluster_long,breakeven_plus_trail,low_lt_15,3,1.0,9.522066666666667,28.566200000000002
insider_cluster_long,breakeven_plus_trail,mid_15_25,6,0.6666666666666666,9.8016,58.8096
insider_cluster_long,chandelier_3x,high_25_40,1,0.0,-1.7389,-1.7389
insider_cluster_long,chandelier_3x,low_lt_15,3,0.3333333333333333,-5.041466666666666,-15.124399999999998
insider_cluster_long,chandelier_3x,mid_15_25,6,0.3333333333333333,-0.1686833333333332,-1.0120999999999993
insider_cluster_long,class_time_stop,high_25_40,1,1.0,0.7179,0.7179
insider_cluster_long,class_time_stop,low_lt_15,3,1.0,7.3509,22.0527
insider_cluster_long,class_time_stop,mid_15_25,6,0.16666666666666666,-9.858216666666667,-59.149300000000004
insider_cluster_long,earnings_blackout,high_25_40,1,0.0,-0.7311,-0.7311
insider_cluster_long,earnings_blackout,low_lt_15,3,1.0,15.011933333333333,45.0358
insider_cluster_long,earnings_blackout,mid_15_25,6,0.3333333333333333,-6.025683333333333,-36.1541
insider_cluster_long,fixed_4r_2r,high_25_40,1,0.0,-7.3025,-7.3025
insider_cluster_long,fixed_4r_2r,low_lt_15,3,0.6666666666666666,1.3500666666666667,4.0502
insider_cluster_long,fixed_4r_2r,mid_15_25,6,0.3333333333333333,0.31901666666666745,1.9141000000000048
insider_cluster_long,hybrid_50pct_target,high_25_40,1,0.0,-10.0,-10.0
insider_cluster_long,hybrid_50pct_target,low_lt_15,3,0.3333333333333333,-2.566966666666667,-7.700900000000001
insider_cluster_long,hybrid_50pct_target,mid_15_25,6,0.5,5.187366666666667,31.124200000000002
insider_cluster_long,ma_exit_ema9,high_25_40,1,0.0,-0.1049,-0.1049
insider_cluster_long,ma_exit_ema9,low_lt_15,3,0.3333333333333333,-1.3831999999999998,-4.1495999999999995
insider_cluster_long,ma_exit_ema9,mid_15_25,6,0.6666666666666666,3.2597833333333335,19.5587
insider_cluster_long,mfe_lockin_trail,high_25_40,1,0.0,-2.999,-2.999
insider_cluster_long,mfe_lockin_trail,low_lt_15,3,0.0,-5.031366666666667,-15.094100000000001
insider_cluster_long,mfe_lockin_trail,mid_15_25,6,0.16666666666666666,-1.4479999999999997,-8.687999999999999
insider_cluster_long,multi_tier_partial,high_25_40,1,0.0,-2.999,-2.999
insider_cluster_long,multi_tier_partial,low_lt_15,3,0.3333333333333333,-4.495266666666667,-13.485800000000001
insider_cluster_long,multi_tier_partial,mid_15_25,6,0.6666666666666666,0.2374166666666667,1.4245
insider_cluster_long,next_pivot_target,high_25_40,1,1.0,2.0318,2.0318
insider_cluster_long,next_pivot_target,low_lt_15,3,0.6666666666666666,-5.864466666666668,-17.593400000000003
insider_cluster_long,next_pivot_target,mid_15_25,6,1.0,5.953383333333334,35.7203
insider_cluster_long,r_multiple_2r,high_25_40,1,0.0,-3.6512,-3.6512
insider_cluster_long,r_multiple_2r,low_lt_15,3,0.3333333333333333,-2.5985,-7.7955
insider_cluster_long,r_multiple_2r,mid_15_25,6,0.5,5.65675,33.9405
insider_cluster_long,r_multiple_3r,high_25_40,1,0.0,-3.6512,-3.6512
insider_cluster_long,r_multiple_3r,low_lt_15,3,0.3333333333333333,-1.0509000000000002,-3.1527000000000003
insider_cluster_long,r_multiple_3r,mid_15_25,6,0.3333333333333333,2.4929666666666663,14.957799999999999
insider_cluster_long,regime_flip,high_25_40,1,1.0,0.4723,0.4723
insider_cluster_long,regime_flip,low_lt_15,3,1.0,11.337333333333333,34.012
insider_cluster_long,regime_flip,mid_15_25,6,0.5,-2.6155500000000003,-15.6933
insider_cluster_long,reverse_signal,high_25_40,1,0.0,-2.999,-2.999
insider_cluster_long,reverse_signal,low_lt_15,3,0.0,-5.031366666666667,-15.094100000000001
insider_cluster_long,reverse_signal,mid_15_25,6,0.16666666666666666,-1.4479999999999997,-8.687999999999999
insider_cluster_long,smc_mitigation_zone,high_25_40,1,0.0,-2.999,-2.999
insider_cluster_long,smc_mitigation_zone,low_lt_15,3,0.0,-5.031366666666667,-15.094100000000001
insider_cluster_long,smc_mitigation_zone,mid_15_25,6,0.16666666666666666,-1.4479999999999997,-8.687999999999999
insider_cluster_long,time_stop_10d,high_25_40,1,1.0,1.2459,1.2459
insider_cluster_long,time_stop_10d,low_lt_15,3,0.3333333333333333,-3.589633333333333,-10.768899999999999
insider_cluster_long,time_stop_10d,mid_15_25,6,0.8333333333333334,10.054566666666666,60.3274
insider_cluster_long,time_stop_20d,high_25_40,1,1.0,0.4723,0.4723
insider_cluster_long,time_stop_20d,low_lt_15,3,1.0,11.337333333333333,34.012
insider_cluster_long,time_stop_20d,mid_15_25,6,0.5,-2.6155500000000003,-15.6933
insider_cluster_long,trailing_10pct,high_25_40,1,0.0,-3.4744,-3.4744
insider_cluster_long,trailing_10pct,low_lt_15,3,0.3333333333333333,-2.5848999999999998,-7.7547
insider_cluster_long,trailing_10pct,mid_15_25,6,0.16666666666666666,0.7432000000000003,4.459200000000002
insider_cluster_long,trailing_15pct,high_25_40,1,0.0,-8.8369,-8.8369
insider_cluster_long,trailing_15pct,low_lt_15,3,0.6666666666666666,-2.0063333333333335,-6.019
insider_cluster_long,trailing_15pct,mid_15_25,6,0.3333333333333333,-1.1794833333333337,-7.076900000000002
insider_cluster_long,trailing_5pct,high_25_40,1,0.0,-2.4049,-2.4049
insider_cluster_long,trailing_5pct,low_lt_15,3,0.3333333333333333,-0.1363,-0.40890000000000004
insider_cluster_long,trailing_5pct,mid_15_25,6,0.0,-1.9131666666666665,-11.479
institutional_buy_momentum_long,atr_trail_1x,high_25_40,4,0.25,-1.6972,-6.7888
institutional_buy_momentum_long,atr_trail_1x,low_lt_15,5,0.2,-2.1913799999999997,-10.9569
institutional_buy_momentum_long,atr_trail_1x,mid_15_25,23,0.30434782608695654,-1.8632782608695653,-42.8554
institutional_buy_momentum_long,atr_trail_2x,high_25_40,4,0.25,-6.95125,-27.805
institutional_buy_momentum_long,atr_trail_2x,low_lt_15,5,0.4,0.5423200000000001,2.7116000000000007
institutional_buy_momentum_long,atr_trail_2x,mid_15_25,23,0.13043478260869565,-2.8372,-65.2556
institutional_buy_momentum_long,atr_trail_mae_conditional,high_25_40,4,0.25,-1.6972,-6.7888
institutional_buy_momentum_long,atr_trail_mae_conditional,low_lt_15,5,0.2,-2.1913799999999997,-10.9569
institutional_buy_momentum_long,atr_trail_mae_conditional,mid_15_25,23,0.30434782608695654,-1.8632782608695653,-42.8554
institutional_buy_momentum_long,atr_trail_vix_conditional,high_25_40,4,0.25,-3.9156,-15.6624
institutional_buy_momentum_long,atr_trail_vix_conditional,low_lt_15,5,0.4,-1.57834,-7.8917
institutional_buy_momentum_long,atr_trail_vix_conditional,mid_15_25,23,0.17391304347826086,-3.042991304347826,-69.9888
institutional_buy_momentum_long,break_even_at_1r,high_25_40,4,0.25,-3.6712999999999996,-14.685199999999998
institutional_buy_momentum_long,break_even_at_1r,low_lt_15,5,0.2,-2.8595999999999995,-14.297999999999998
institutional_buy_momentum_long,break_even_at_1r,mid_15_25,23,0.13043478260869565,2.341513043478261,53.8548
institutional_buy_momentum_long,breakeven_plus_trail,high_25_40,4,0.25,-7.538275,-30.1531
institutional_buy_momentum_long,breakeven_plus_trail,low_lt_15,5,0.8,13.344639999999998,66.72319999999999
institutional_buy_momentum_long,breakeven_plus_trail,mid_15_25,23,0.2608695652173913,0.021760869565217108,0.5004999999999935
institutional_buy_momentum_long,chandelier_3x,high_25_40,4,0.0,-5.292175,-21.1687
institutional_buy_momentum_long,chandelier_3x,low_lt_15,5,0.6,10.500499999999999,52.5025
institutional_buy_momentum_long,chandelier_3x,mid_15_25,23,0.13043478260869565,-2.3826739130434786,-54.801500000000004
institutional_buy_momentum_long,class_time_stop,high_25_40,4,0.25,-7.0434,-28.1736
institutional_buy_momentum_long,class_time_stop,low_lt_15,5,0.6,3.784899999999999,18.924499999999995
institutional_buy_momentum_long,class_time_stop,mid_15_25,23,0.21739130434782608,-6.320213043478261,-145.3649
institutional_buy_momentum_long,earnings_blackout,high_25_40,4,0.0,-10.8281,-43.3124
institutional_buy_momentum_long,earnings_blackout,low_lt_15,5,0.4,-0.10145999999999944,-0.5072999999999972
institutional_buy_momentum_long,earnings_blackout,mid_15_25,23,0.2608695652173913,-5.676308695652173,-130.55509999999998
institutional_buy_momentum_long,fixed_4r_2r,high_25_40,4,0.0,-10.501725,-42.0069
institutional_buy_momentum_long,fixed_4r_2r,low_lt_15,5,0.8,14.386200000000002,71.93100000000001
institutional_buy_momentum_long,fixed_4r_2r,mid_15_25,23,0.21739130434782608,-4.489669565217391,-103.2624
institutional_buy_momentum_long,hybrid_50pct_target,high_25_40,4,0.25,-4.9485,-19.794
institutional_buy_momentum_long,hybrid_50pct_target,low_lt_15,5,0.8,12.31804,61.5902
institutional_buy_momentum_long,hybrid_50pct_target,mid_15_25,23,0.2608695652173913,-3.1630347826086953,-72.7498
institutional_buy_momentum_long,ma_exit_ema9,high_25_40,4,0.25,-4.4428,-17.7712
institutional_buy_momentum_long,ma_exit_ema9,low_lt_15,5,0.6,7.198359999999999,35.9918
institutional_buy_momentum_long,ma_exit_ema9,mid_15_25,23,0.30434782608695654,-0.811695652173913,-18.669
institutional_buy_momentum_long,mfe_lockin_trail,high_25_40,4,0.25,-1.4545,-5.818
institutional_buy_momentum_long,mfe_lockin_trail,low_lt_15,5,0.2,-2.10844,-10.5422
institutional_buy_momentum_long,mfe_lockin_trail,mid_15_25,23,0.30434782608695654,-1.7910391304347826,-41.1939
institutional_buy_momentum_long,multi_tier_partial,high_25_40,4,0.25,-1.3941750000000002,-5.576700000000001
institutional_buy_momentum_long,multi_tier_partial,low_lt_15,5,0.4,-0.6702999999999998,-3.351499999999999
institutional_buy_momentum_long,multi_tier_partial,mid_15_25,23,0.34782608695652173,-1.1245,-25.863500000000002
institutional_buy_momentum_long,next_pivot_target,high_25_40,4,0.25,-6.5607,-26.2428
institutional_buy_momentum_long,next_pivot_target,low_lt_15,5,0.8,-0.6864000000000001,-3.4320000000000004
institutional_buy_momentum_long,next_pivot_target,mid_15_25,23,0.6521739130434783,-2.359721739130435,-54.2736
institutional_buy_momentum_long,r_multiple_2r,high_25_40,4,0.25,-1.0992,-4.3968
institutional_buy_momentum_long,r_multiple_2r,low_lt_15,5,0.4,1.1617200000000003,5.808600000000002
institutional_buy_momentum_long,r_multiple_2r,mid_15_25,23,0.34782608695652173,0.33512608695652174,7.7078999999999995
institutional_buy_momentum_long,r_multiple_3r,high_25_40,4,0.0,-5.25085,-21.0034
institutional_buy_momentum_long,r_multiple_3r,low_lt_15,5,0.4,3.398780000000001,16.993900000000004
institutional_buy_momentum_long,r_multiple_3r,mid_15_25,23,0.17391304347826086,-1.9705391304347828,-45.3224
institutional_buy_momentum_long,regime_flip,high_25_40,4,0.25,-9.339875,-37.3595
institutional_buy_momentum_long,regime_flip,low_lt_15,5,0.8,14.5031,72.5155
institutional_buy_momentum_long,regime_flip,mid_15_25,23,0.2608695652173913,-6.696134782608696,-154.0111
institutional_buy_momentum_long,reverse_signal,high_25_40,4,0.25,-1.6972,-6.7888
institutional_buy_momentum_long,reverse_signal,low_lt_15,5,0.2,-2.1913799999999997,-10.9569
institutional_buy_momentum_long,reverse_signal,mid_15_25,23,0.30434782608695654,-1.8632782608695653,-42.8554
institutional_buy_momentum_long,smc_mitigation_zone,high_25_40,4,0.25,-1.6972,-6.7888
institutional_buy_momentum_long,smc_mitigation_zone,low_lt_15,5,0.2,-2.1913799999999997,-10.9569
institutional_buy_momentum_long,smc_mitigation_zone,mid_15_25,23,0.30434782608695654,-1.8632782608695653,-42.8554
institutional_buy_momentum_long,time_stop_10d,high_25_40,4,0.25,-7.053575,-28.2143
institutional_buy_momentum_long,time_stop_10d,low_lt_15,5,0.4,1.42652,7.1326
institutional_buy_momentum_long,time_stop_10d,mid_15_25,23,0.2608695652173913,-4.498391304347826,-103.463
institutional_buy_momentum_long,time_stop_20d,high_25_40,4,0.25,-9.339875,-37.3595
institutional_buy_momentum_long,time_stop_20d,low_lt_15,5,0.8,14.5031,72.5155
institutional_buy_momentum_long,time_stop_20d,mid_15_25,23,0.2608695652173913,-6.696134782608696,-154.0111
institutional_buy_momentum_long,trailing_10pct,high_25_40,4,0.25,-6.798825,-27.1953
institutional_buy_momentum_long,trailing_10pct,low_lt_15,5,0.6,2.90366,14.5183
institutional_buy_momentum_long,trailing_10pct,mid_15_25,23,0.17391304347826086,-1.3085260869565218,-30.096100000000003
institutional_buy_momentum_long,trailing_15pct,high_25_40,4,0.25,-8.372175,-33.4887
institutional_buy_momentum_long,trailing_15pct,low_lt_15,5,0.4,-9.767479999999999,-48.837399999999995
institutional_buy_momentum_long,trailing_15pct,mid_15_25,23,0.08695652173913043,-5.8640739130434785,-134.8737
institutional_buy_momentum_long,trailing_5pct,high_25_40,4,0.25,-1.621,-6.484
institutional_buy_momentum_long,trailing_5pct,low_lt_15,5,0.0,-3.42556,-17.1278
institutional_buy_momentum_long,trailing_5pct,mid_15_25,23,0.17391304347826086,-2.748039130434783,-63.2049
institutional_cluster_long,atr_trail_1x,high_25_40,10,0.2,-2.7458199999999997,-27.458199999999998
institutional_cluster_long,atr_trail_1x,low_lt_15,13,0.15384615384615385,-1.289176923076923,-16.7593
institutional_cluster_long,atr_trail_1x,mid_15_25,44,0.36363636363636365,-0.9410022727272725,-41.40409999999999
institutional_cluster_long,atr_trail_2x,high_25_40,10,0.4,1.9332999999999998,19.333
institutional_cluster_long,atr_trail_2x,low_lt_15,13,0.3076923076923077,-2.308907692307692,-30.0158
institutional_cluster_long,atr_trail_2x,mid_15_25,44,0.2727272727272727,-2.511161363636363,-110.49109999999999
institutional_cluster_long,atr_trail_mae_conditional,high_25_40,10,0.2,-2.7458199999999997,-27.458199999999998
institutional_cluster_long,atr_trail_mae_conditional,low_lt_15,13,0.15384615384615385,-1.289176923076923,-16.7593
institutional_cluster_long,atr_trail_mae_conditional,mid_15_25,44,0.36363636363636365,-0.9410022727272725,-41.40409999999999
institutional_cluster_long,atr_trail_vix_conditional,high_25_40,10,0.4,-1.5444399999999998,-15.444399999999998
institutional_cluster_long,atr_trail_vix_conditional,low_lt_15,13,0.07692307692307693,-1.3774000000000002,-17.906200000000002
institutional_cluster_long,atr_trail_vix_conditional,mid_15_25,44,0.29545454545454547,-1.0364409090909092,-45.60340000000001
institutional_cluster_long,break_even_at_1r,high_25_40,10,0.2,-2.4032299999999998,-24.0323
institutional_cluster_long,break_even_at_1r,low_lt_15,13,0.23076923076923078,1.642423076923077,21.3515
institutional_cluster_long,break_even_at_1r,mid_15_25,44,0.18181818181818182,-1.364475,-60.0369
institutional_cluster_long,breakeven_plus_trail,high_25_40,10,0.4,7.215650000000001,72.15650000000001
institutional_cluster_long,breakeven_plus_trail,low_lt_15,13,0.23076923076923078,0.35407692307692334,4.603000000000003
institutional_cluster_long,breakeven_plus_trail,mid_15_25,44,0.38636363636363635,4.962765909090909,218.3617
institutional_cluster_long,chandelier_3x,high_25_40,10,0.0,-2.39439,-23.9439
institutional_cluster_long,chandelier_3x,low_lt_15,13,0.15384615384615385,1.3302538461538462,17.293300000000002
institutional_cluster_long,chandelier_3x,mid_15_25,44,0.1590909090909091,-1.0704136363636363,-47.0982
institutional_cluster_long,class_time_stop,high_25_40,10,0.7,9.15279,91.5279
institutional_cluster_long,class_time_stop,low_lt_15,13,0.38461538461538464,-3.8456153846153844,-49.992999999999995
institutional_cluster_long,class_time_stop,mid_15_25,44,0.5681818181818182,7.672,337.568
institutional_cluster_long,earnings_blackout,high_25_40,10,0.7,20.59398,205.9398
institutional_cluster_long,earnings_blackout,low_lt_15,13,0.38461538461538464,-6.996623076923077,-90.9561
institutional_cluster_long,earnings_blackout,mid_15_25,44,0.5227272727272727,14.337754545454546,630.8612
institutional_cluster_long,fixed_4r_2r,high_25_40,10,0.4,4.43179,44.3179
institutional_cluster_long,fixed_4r_2r,low_lt_15,13,0.23076923076923078,-4.014623076923077,-52.1901
institutional_cluster_long,fixed_4r_2r,mid_15_25,44,0.36363636363636365,1.2433045454545457,54.70540000000001
institutional_cluster_long,hybrid_50pct_target,high_25_40,10,0.5,2.48321,24.8321
institutional_cluster_long,hybrid_50pct_target,low_lt_15,13,0.3076923076923077,-2.2253076923076924,-28.929000000000002
institutional_cluster_long,hybrid_50pct_target,mid_15_25,44,0.3409090909090909,-1.6257113636363636,-71.5313
institutional_cluster_long,ma_exit_ema9,high_25_40,10,0.0,-3.72388,-37.2388
institutional_cluster_long,ma_exit_ema9,low_lt_15,13,0.38461538461538464,-0.23720000000000002,-3.0836
institutional_cluster_long,ma_exit_ema9,mid_15_25,44,0.38636363636363635,1.2851386363636363,56.546099999999996
institutional_cluster_long,mfe_lockin_trail,high_25_40,10,0.2,-2.8952800000000005,-28.952800000000003
institutional_cluster_long,mfe_lockin_trail,low_lt_15,13,0.15384615384615385,-0.8156384615384614,-10.603299999999999
institutional_cluster_long,mfe_lockin_trail,mid_15_25,44,0.36363636363636365,-0.6216340909090909,-27.3519
institutional_cluster_long,multi_tier_partial,high_25_40,10,0.3,-1.90101,-19.0101
institutional_cluster_long,multi_tier_partial,low_lt_15,13,0.3076923076923077,-0.5411538461538462,-7.035000000000001
institutional_cluster_long,multi_tier_partial,mid_15_25,44,0.5,-0.18782954545454542,-8.264499999999998
institutional_cluster_long,next_pivot_target,high_25_40,10,0.8,4.63334,46.3334
institutional_cluster_long,next_pivot_target,low_lt_15,13,0.5384615384615384,-2.226953846153846,-28.9504
institutional_cluster_long,next_pivot_target,mid_15_25,44,0.75,1.1206818181818183,49.31
institutional_cluster_long,r_multiple_2r,high_25_40,10,0.3,0.43102999999999997,4.3103
institutional_cluster_long,r_multiple_2r,low_lt_15,13,0.38461538461538464,1.678307692307692,21.817999999999998
institutional_cluster_long,r_multiple_2r,mid_15_25,44,0.36363636363636365,0.9983909090909091,43.9292
institutional_cluster_long,r_multiple_3r,high_25_40,10,0.2,2.1249399999999996,21.249399999999994
institutional_cluster_long,r_multiple_3r,low_lt_15,13,0.23076923076923078,0.41165384615384626,5.3515000000000015
institutional_cluster_long,r_multiple_3r,mid_15_25,44,0.22727272727272727,-0.08140681818181823,-3.5819000000000023
institutional_cluster_long,regime_flip,high_25_40,10,0.6,2.2033599999999995,22.033599999999996
institutional_cluster_long,regime_flip,low_lt_15,13,0.46153846153846156,-3.6663384615384613,-47.6624
institutional_cluster_long,regime_flip,mid_15_25,44,0.4090909090909091,3.280343181818182,144.3351
institutional_cluster_long,reverse_signal,high_25_40,10,0.2,-2.7458199999999997,-27.458199999999998
institutional_cluster_long,reverse_signal,low_lt_15,13,0.15384615384615385,-1.289176923076923,-16.7593
institutional_cluster_long,reverse_signal,mid_15_25,44,0.36363636363636365,-0.9410022727272725,-41.40409999999999
institutional_cluster_long,smc_mitigation_zone,high_25_40,10,0.2,-2.7458199999999997,-27.458199999999998
institutional_cluster_long,smc_mitigation_zone,low_lt_15,13,0.15384615384615385,-1.289176923076923,-16.7593
institutional_cluster_long,smc_mitigation_zone,mid_15_25,44,0.36363636363636365,-0.9410022727272725,-41.40409999999999
institutional_cluster_long,time_stop_10d,high_25_40,10,0.7,2.7832700000000004,27.832700000000003
institutional_cluster_long,time_stop_10d,low_lt_15,13,0.6153846153846154,0.40084615384615385,5.211
institutional_cluster_long,time_stop_10d,mid_15_25,44,0.4318181818181818,-0.6672613636363636,-29.359499999999997
institutional_cluster_long,time_stop_20d,high_25_40,10,0.6,2.2033599999999995,22.033599999999996
institutional_cluster_long,time_stop_20d,low_lt_15,13,0.46153846153846156,-3.6663384615384613,-47.6624
institutional_cluster_long,time_stop_20d,mid_15_25,44,0.4090909090909091,3.280343181818182,144.3351
institutional_cluster_long,trailing_10pct,high_25_40,10,0.2,-3.11492,-31.1492
institutional_cluster_long,trailing_10pct,low_lt_15,13,0.3076923076923077,-0.6164538461538462,-8.013900000000001
institutional_cluster_long,trailing_10pct,mid_15_25,44,0.25,-2.889470454545455,-127.1367
institutional_cluster_long,trailing_15pct,high_25_40,10,0.5,3.9976399999999996,39.9764
institutional_cluster_long,trailing_15pct,low_lt_15,13,0.38461538461538464,4.73126923076923,61.50649999999999
institutional_cluster_long,trailing_15pct,mid_15_25,44,0.29545454545454547,-2.240572727272727,-98.5852
institutional_cluster_long,trailing_5pct,high_25_40,10,0.1,-4.30765,-43.076499999999996
institutional_cluster_long,trailing_5pct,low_lt_15,13,0.23076923076923078,-1.7730615384615385,-23.0498
institutional_cluster_long,trailing_5pct,mid_15_25,44,0.22727272727272727,-1.6813863636363635,-73.981
lead_lag_sector_rotation,atr_trail_1x,mid_atr_1_2.5pct,48,0.125,-0.8403020833333333,-40.3345
lead_lag_sector_rotation,atr_trail_2x,mid_atr_1_2.5pct,48,0.16666666666666666,-2.0433791666666665,-98.0822
lead_lag_sector_rotation,atr_trail_mae_conditional,mid_atr_1_2.5pct,48,0.125,-0.8403020833333333,-40.3345
lead_lag_sector_rotation,atr_trail_vix_conditional,mid_atr_1_2.5pct,48,0.125,-0.8403020833333333,-40.3345
lead_lag_sector_rotation,break_even_at_1r,mid_atr_1_2.5pct,48,0.020833333333333332,-0.8397333333333333,-40.3072
lead_lag_sector_rotation,breakeven_plus_trail,mid_atr_1_2.5pct,48,0.125,0.9062999999999999,43.502399999999994
lead_lag_sector_rotation,chandelier_3x,mid_atr_1_2.5pct,48,0.0625,-0.91440625,-43.8915
lead_lag_sector_rotation,class_time_stop,mid_atr_1_2.5pct,48,0.4166666666666667,-1.861558333333333,-89.35479999999998
lead_lag_sector_rotation,earnings_blackout,mid_atr_1_2.5pct,48,0.3541666666666667,-0.19098958333333324,-9.167499999999995
lead_lag_sector_rotation,fixed_4r_2r,mid_atr_1_2.5pct,48,0.22916666666666666,-1.2743312500000001,-61.1679
lead_lag_sector_rotation,hybrid_50pct_target,mid_atr_1_2.5pct,48,0.5416666666666666,-1.58176875,-75.9249
lead_lag_sector_rotation,ma_exit_ema9,mid_atr_1_2.5pct,48,0.3333333333333333,-0.2188375,-10.504199999999999
lead_lag_sector_rotation,mfe_lockin_trail,mid_atr_1_2.5pct,48,0.125,-0.9895583333333334,-47.4988
lead_lag_sector_rotation,multi_tier_partial,mid_atr_1_2.5pct,48,0.5416666666666666,-0.2173270833333333,-10.4317
lead_lag_sector_rotation,next_pivot_target,mid_atr_1_2.5pct,48,0.3125,-0.9476687500000001,-45.4881
lead_lag_sector_rotation,r_multiple_2r,mid_atr_1_2.5pct,48,0.3333333333333333,0.009743749999999995,0.4676999999999998
lead_lag_sector_rotation,r_multiple_3r,mid_atr_1_2.5pct,48,0.2708333333333333,0.15625624999999999,7.500299999999999
lead_lag_sector_rotation,regime_flip,mid_atr_1_2.5pct,48,0.3958333333333333,-2.4240395833333332,-116.3539
lead_lag_sector_rotation,reverse_signal,mid_atr_1_2.5pct,48,0.125,-0.8403020833333333,-40.3345
lead_lag_sector_rotation,smc_mitigation_zone,mid_atr_1_2.5pct,48,0.125,-0.8403020833333333,-40.3345
lead_lag_sector_rotation,time_stop_10d,mid_atr_1_2.5pct,48,0.3333333333333333,-3.4035229166666667,-163.3691
lead_lag_sector_rotation,time_stop_20d,mid_atr_1_2.5pct,48,0.3958333333333333,-2.4240395833333332,-116.3539
lead_lag_sector_rotation,trailing_10pct,mid_atr_1_2.5pct,48,0.25,-2.5634312500000003,-123.0447
lead_lag_sector_rotation,trailing_15pct,mid_atr_1_2.5pct,48,0.2708333333333333,-2.8765083333333332,-138.0724
lead_lag_sector_rotation,trailing_5pct,mid_atr_1_2.5pct,48,0.16666666666666666,-2.61483125,-125.5119
macd_crossover,atr_trail_1x,high_25_40,3,0.0,-4.893266666666666,-14.6798
macd_crossover,atr_trail_1x,low_lt_15,4,0.25,-0.77565,-3.1026
macd_crossover,atr_trail_1x,mid_15_25,27,0.14814814814814814,-1.6627703703703705,-44.894800000000004
macd_crossover,atr_trail_2x,high_25_40,3,0.0,-6.321366666666666,-18.9641
macd_crossover,atr_trail_2x,low_lt_15,4,0.5,-4.11025,-16.441
macd_crossover,atr_trail_2x,mid_15_25,27,0.3333333333333333,-1.5917444444444444,-42.9771
macd_crossover,atr_trail_mae_conditional,high_25_40,3,0.0,-4.893266666666666,-14.6798
macd_crossover,atr_trail_mae_conditional,low_lt_15,4,0.25,-0.77565,-3.1026
macd_crossover,atr_trail_mae_conditional,mid_15_25,27,0.14814814814814814,-1.6627703703703705,-44.894800000000004
macd_crossover,atr_trail_vix_conditional,high_25_40,3,0.3333333333333333,-3.8539,-11.5617
macd_crossover,atr_trail_vix_conditional,low_lt_15,4,0.25,-0.16294999999999998,-0.6517999999999999
macd_crossover,atr_trail_vix_conditional,mid_15_25,27,0.2962962962962963,-0.5620481481481482,-15.1753
macd_crossover,break_even_at_1r,high_25_40,3,0.0,-4.087733333333333,-12.263200000000001
macd_crossover,break_even_at_1r,low_lt_15,4,0.0,-0.06225,-0.249
macd_crossover,break_even_at_1r,mid_15_25,27,0.1111111111111111,-2.524314814814815,-68.15650000000001
macd_crossover,breakeven_plus_trail,high_25_40,3,0.3333333333333333,-3.9754666666666663,-11.9264
macd_crossover,breakeven_plus_trail,low_lt_15,4,0.25,-2.60915,-10.4366
macd_crossover,breakeven_plus_trail,mid_15_25,27,0.48148148148148145,6.974611111111112,188.3145
macd_crossover,chandelier_3x,high_25_40,3,0.3333333333333333,-4.734966666666667,-14.2049
macd_crossover,chandelier_3x,low_lt_15,4,0.5,-5.39535,-21.5814
macd_crossover,chandelier_3x,mid_15_25,27,0.3333333333333333,-0.8616703703703702,-23.265099999999997
macd_crossover,class_time_stop,high_25_40,3,0.6666666666666666,7.360833333333333,22.0825
macd_crossover,class_time_stop,low_lt_15,4,0.25,-18.318275,-73.2731
macd_crossover,class_time_stop,mid_15_25,27,0.37037037037037035,-3.2827444444444445,-88.6341
macd_crossover,earnings_blackout,high_25_40,3,0.6666666666666666,9.672766666666668,29.018300000000004
macd_crossover,earnings_blackout,low_lt_15,4,0.0,-14.365499999999999,-57.461999999999996
macd_crossover,earnings_blackout,mid_15_25,27,0.48148148148148145,3.393107407407407,91.61389999999999
macd_crossover,fixed_4r_2r,high_25_40,3,0.3333333333333333,0.4161333333333334,1.2484000000000002
macd_crossover,fixed_4r_2r,low_lt_15,4,0.0,-10.5037,-42.0148
macd_crossover,fixed_4r_2r,mid_15_25,27,0.4074074074074074,5.0714999999999995,136.9305
macd_crossover,hybrid_50pct_target,high_25_40,3,0.6666666666666666,7.230166666666666,21.6905
macd_crossover,hybrid_50pct_target,low_lt_15,4,0.5,-1.83955,-7.3582
macd_crossover,hybrid_50pct_target,mid_15_25,27,0.5555555555555556,-6.636970370370371,-179.1982
macd_crossover,ma_exit_ema9,high_25_40,3,0.3333333333333333,-4.6215,-13.8645
macd_crossover,ma_exit_ema9,low_lt_15,4,0.0,-1.8409750000000003,-7.363900000000001
macd_crossover,ma_exit_ema9,mid_15_25,27,0.4444444444444444,0.45111481481481486,12.180100000000001
macd_crossover,mfe_lockin_trail,high_25_40,3,0.0,-4.893266666666666,-14.6798
macd_crossover,mfe_lockin_trail,low_lt_15,4,0.25,-0.77565,-3.1026
macd_crossover,mfe_lockin_trail,mid_15_25,27,0.14814814814814814,-2.9622074074074076,-79.9796
macd_crossover,multi_tier_partial,high_25_40,3,0.0,-4.893266666666666,-14.6798
macd_crossover,multi_tier_partial,low_lt_15,4,1.0,1.577775,6.3111
macd_crossover,multi_tier_partial,mid_15_25,27,0.3333333333333333,-2.8024407407407406,-75.6659
macd_crossover,next_pivot_target,high_25_40,3,1.0,1.952,5.856
macd_crossover,next_pivot_target,low_lt_15,4,1.0,6.177025,24.7081
macd_crossover,next_pivot_target,mid_15_25,27,0.6666666666666666,0.8206555555555555,22.1577
macd_crossover,r_multiple_2r,high_25_40,3,0.0,-5.753733333333334,-17.261200000000002
macd_crossover,r_multiple_2r,low_lt_15,4,0.5,1.2875750000000001,5.1503000000000005
macd_crossover,r_multiple_2r,mid_15_25,27,0.25925925925925924,-1.2937074074074073,-34.930099999999996
macd_crossover,r_multiple_3r,high_25_40,3,0.0,-5.753733333333334,-17.261200000000002
macd_crossover,r_multiple_3r,low_lt_15,4,0.5,3.2106000000000003,12.842400000000001
macd_crossover,r_multiple_3r,mid_15_25,27,0.2222222222222222,-0.4343629629629631,-11.727800000000004
macd_crossover,regime_flip,high_25_40,3,0.6666666666666666,1.2618000000000003,3.785400000000001
macd_crossover,regime_flip,low_lt_15,4,0.5,-9.18865,-36.7546
macd_crossover,regime_flip,mid_15_25,27,0.37037037037037035,-3.9182074074074076,-105.7916
macd_crossover,reverse_signal,high_25_40,3,0.0,-4.893266666666666,-14.6798
macd_crossover,reverse_signal,low_lt_15,4,0.25,-0.77565,-3.1026
macd_crossover,reverse_signal,mid_15_25,27,0.14814814814814814,-1.6627703703703705,-44.894800000000004
macd_crossover,smc_mitigation_zone,high_25_40,3,0.0,-4.893266666666666,-14.6798
macd_crossover,smc_mitigation_zone,low_lt_15,4,0.25,-0.77565,-3.1026
macd_crossover,smc_mitigation_zone,mid_15_25,27,0.14814814814814814,-1.6627703703703705,-44.894800000000004
macd_crossover,time_stop_10d,high_25_40,3,0.3333333333333333,-7.9464,-23.839199999999998
macd_crossover,time_stop_10d,low_lt_15,4,0.5,-4.56705,-18.2682
macd_crossover,time_stop_10d,mid_15_25,27,0.5555555555555556,1.9877666666666667,53.6697
macd_crossover,time_stop_20d,high_25_40,3,0.6666666666666666,1.2618000000000003,3.785400000000001
macd_crossover,time_stop_20d,low_lt_15,4,0.5,-9.18865,-36.7546
macd_crossover,time_stop_20d,mid_15_25,27,0.37037037037037035,-3.9182074074074076,-105.7916
macd_crossover,trailing_10pct,high_25_40,3,0.3333333333333333,-3.2957,-9.8871
macd_crossover,trailing_10pct,low_lt_15,4,0.25,-3.7522,-15.0088
macd_crossover,trailing_10pct,mid_15_25,27,0.37037037037037035,-1.6152814814814815,-43.6126
macd_crossover,trailing_15pct,high_25_40,3,0.6666666666666666,7.1894,21.5682
macd_crossover,trailing_15pct,low_lt_15,4,0.25,-5.691775,-22.7671
macd_crossover,trailing_15pct,mid_15_25,27,0.3333333333333333,-0.10950370370370344,-2.956599999999993
macd_crossover,trailing_5pct,high_25_40,3,0.3333333333333333,-2.9174333333333333,-8.7523
macd_crossover,trailing_5pct,low_lt_15,4,0.25,-0.6407750000000001,-2.5631000000000004
macd_crossover,trailing_5pct,mid_15_25,27,0.14814814814814814,-2.5742777777777777,-69.5055
macd_fast_crossover,atr_trail_1x,high_25_40,9,0.2222222222222222,-1.8766555555555553,-16.889899999999997
macd_fast_crossover,atr_trail_1x,low_lt_15,4,0.0,-4.306325,-17.2253
macd_fast_crossover,atr_trail_1x,mid_15_25,36,0.16666666666666666,-2.0932166666666667,-75.3558
macd_fast_crossover,atr_trail_2x,high_25_40,9,0.4444444444444444,-0.5788222222222217,-5.209399999999995
macd_fast_crossover,atr_trail_2x,low_lt_15,4,0.25,-8.2509,-33.0036
macd_fast_crossover,atr_trail_2x,mid_15_25,36,0.3333333333333333,-0.2963805555555554,-10.669699999999995
macd_fast_crossover,atr_trail_mae_conditional,high_25_40,9,0.2222222222222222,-1.8766555555555553,-16.889899999999997
macd_fast_crossover,atr_trail_mae_conditional,low_lt_15,4,0.0,-4.306325,-17.2253
macd_fast_crossover,atr_trail_mae_conditional,mid_15_25,36,0.16666666666666666,-2.0932166666666667,-75.3558
macd_fast_crossover,atr_trail_vix_conditional,high_25_40,9,0.3333333333333333,-0.34244444444444455,-3.0820000000000007
macd_fast_crossover,atr_trail_vix_conditional,low_lt_15,4,0.0,-3.174125,-12.6965
macd_fast_crossover,atr_trail_vix_conditional,mid_15_25,36,0.2777777777777778,-0.7043861111111112,-25.3579
macd_fast_crossover,break_even_at_1r,high_25_40,9,0.2222222222222222,-0.4294999999999997,-3.8654999999999973
macd_fast_crossover,break_even_at_1r,low_lt_15,4,0.0,-4.654325,-18.6173
macd_fast_crossover,break_even_at_1r,mid_15_25,36,0.08333333333333333,-1.7536166666666668,-63.1302
macd_fast_crossover,breakeven_plus_trail,high_25_40,9,0.5555555555555556,3.6277555555555554,32.6498
macd_fast_crossover,breakeven_plus_trail,low_lt_15,4,0.0,-6.556125,-26.2245
macd_fast_crossover,breakeven_plus_trail,mid_15_25,36,0.3333333333333333,1.688652777777778,60.791500000000006
macd_fast_crossover,chandelier_3x,high_25_40,9,0.4444444444444444,1.5795333333333335,14.215800000000002
macd_fast_crossover,chandelier_3x,low_lt_15,4,0.25,-10.139275,-40.5571
macd_fast_crossover,chandelier_3x,mid_15_25,36,0.3888888888888889,-1.0445888888888888,-37.605199999999996
macd_fast_crossover,class_time_stop,high_25_40,9,0.6666666666666666,6.0790444444444445,54.7114
macd_fast_crossover,class_time_stop,low_lt_15,4,0.75,-0.39692499999999953,-1.5876999999999981
macd_fast_crossover,class_time_stop,mid_15_25,36,0.5277777777777778,-2.578888888888889,-92.83999999999999
macd_fast_crossover,earnings_blackout,high_25_40,9,0.4444444444444444,3.047533333333334,27.427800000000005
macd_fast_crossover,earnings_blackout,low_lt_15,4,0.5,-70.685225,-282.7409
macd_fast_crossover,earnings_blackout,mid_15_25,36,0.5,0.6042583333333336,21.753300000000007
macd_fast_crossover,fixed_4r_2r,high_25_40,9,0.2222222222222222,-3.876444444444444,-34.888
macd_fast_crossover,fixed_4r_2r,low_lt_15,4,0.0,-10.219000000000001,-40.876000000000005
macd_fast_crossover,fixed_4r_2r,mid_15_25,36,0.3333333333333333,-0.6315000000000001,-22.734
macd_fast_crossover,hybrid_50pct_target,high_25_40,9,0.6666666666666666,-8.203399999999998,-73.83059999999999
macd_fast_crossover,hybrid_50pct_target,low_lt_15,4,0.25,-82.48622499999999,-329.94489999999996
macd_fast_crossover,hybrid_50pct_target,mid_15_25,36,0.5277777777777778,1.3055277777777778,46.999
macd_fast_crossover,ma_exit_ema9,high_25_40,9,0.4444444444444444,-0.19789999999999985,-1.7810999999999986
macd_fast_crossover,ma_exit_ema9,low_lt_15,4,0.25,-3.735975,-14.9439
macd_fast_crossover,ma_exit_ema9,mid_15_25,36,0.4722222222222222,1.7811666666666666,64.122
macd_fast_crossover,mfe_lockin_trail,high_25_40,9,0.2222222222222222,-1.8766555555555553,-16.889899999999997
macd_fast_crossover,mfe_lockin_trail,low_lt_15,4,0.0,-4.306325,-17.2253
macd_fast_crossover,mfe_lockin_trail,mid_15_25,36,0.16666666666666666,-1.97785,-71.2026
macd_fast_crossover,multi_tier_partial,high_25_40,9,0.2222222222222222,-1.5567666666666666,-14.0109
macd_fast_crossover,multi_tier_partial,low_lt_15,4,0.25,-4.0887,-16.3548
macd_fast_crossover,multi_tier_partial,mid_15_25,36,0.5277777777777778,-1.1174583333333332,-40.2285
macd_fast_crossover,next_pivot_target,high_25_40,9,0.6666666666666666,1.9202777777777773,17.282499999999995
macd_fast_crossover,next_pivot_target,low_lt_15,4,0.5,-7.1642,-28.6568
macd_fast_crossover,next_pivot_target,mid_15_25,36,0.6944444444444444,0.9526055555555557,34.293800000000005
macd_fast_crossover,r_multiple_2r,high_25_40,9,0.3333333333333333,0.658222222222222,5.923999999999999
macd_fast_crossover,r_multiple_2r,low_lt_15,4,0.25,-3.5296250000000002,-14.118500000000001
macd_fast_crossover,r_multiple_2r,mid_15_25,36,0.3055555555555556,-1.1404694444444443,-41.0569
macd_fast_crossover,r_multiple_3r,high_25_40,9,0.2222222222222222,-0.5462777777777776,-4.916499999999999
macd_fast_crossover,r_multiple_3r,low_lt_15,4,0.0,-5.1918,-20.7672
macd_fast_crossover,r_multiple_3r,mid_15_25,36,0.2777777777777778,-0.209622222222222,-7.546399999999991
macd_fast_crossover,regime_flip,high_25_40,9,0.7777777777777778,6.286911111111111,56.5822
macd_fast_crossover,regime_flip,low_lt_15,4,0.75,-5.594000000000001,-22.376000000000005
macd_fast_crossover,regime_flip,mid_15_25,36,0.5,0.5517444444444448,19.862800000000014
macd_fast_crossover,reverse_signal,high_25_40,9,0.2222222222222222,-1.8766555555555553,-16.889899999999997
macd_fast_crossover,reverse_signal,low_lt_15,4,0.0,-4.306325,-17.2253
macd_fast_crossover,reverse_signal,mid_15_25,36,0.16666666666666666,-2.0932166666666667,-75.3558
macd_fast_crossover,smc_mitigation_zone,high_25_40,9,0.2222222222222222,-1.8766555555555553,-16.889899999999997
macd_fast_crossover,smc_mitigation_zone,low_lt_15,4,0.0,-4.306325,-17.2253
macd_fast_crossover,smc_mitigation_zone,mid_15_25,36,0.16666666666666666,-2.0932166666666667,-75.3558
macd_fast_crossover,time_stop_10d,high_25_40,9,0.7777777777777778,3.127011111111111,28.143099999999997
macd_fast_crossover,time_stop_10d,low_lt_15,4,0.25,-9.567275,-38.2691
macd_fast_crossover,time_stop_10d,mid_15_25,36,0.5833333333333334,1.658225,59.6961
macd_fast_crossover,time_stop_20d,high_25_40,9,0.7777777777777778,6.286911111111111,56.5822
macd_fast_crossover,time_stop_20d,low_lt_15,4,0.75,-5.594000000000001,-22.376000000000005
macd_fast_crossover,time_stop_20d,mid_15_25,36,0.5,0.5517444444444448,19.862800000000014
macd_fast_crossover,trailing_10pct,high_25_40,9,0.4444444444444444,-0.3887444444444444,-3.4986999999999995
macd_fast_crossover,trailing_10pct,low_lt_15,4,0.0,-10.81535,-43.2614
macd_fast_crossover,trailing_10pct,mid_15_25,36,0.3055555555555556,-1.3745638888888887,-49.48429999999999
macd_fast_crossover,trailing_15pct,high_25_40,9,0.4444444444444444,-0.5073666666666665,-4.566299999999998
macd_fast_crossover,trailing_15pct,low_lt_15,4,0.0,-11.334624999999999,-45.338499999999996
macd_fast_crossover,trailing_15pct,mid_15_25,36,0.2777777777777778,-3.6891472222222226,-132.8093
macd_fast_crossover,trailing_5pct,high_25_40,9,0.2222222222222222,-1.788388888888889,-16.0955
macd_fast_crossover,trailing_5pct,low_lt_15,4,0.25,-3.50455,-14.0182
macd_fast_crossover,trailing_5pct,mid_15_25,36,0.25,-1.2948472222222223,-46.6145
monthly_bias_momentum_long,atr_trail_1x,high_25_40,25,0.32,-1.5402799999999999,-38.507
monthly_bias_momentum_long,atr_trail_1x,low_lt_15,65,0.2153846153846154,-0.9368799999999999,-60.8972
monthly_bias_momentum_long,atr_trail_1x,mid_15_25,172,0.19767441860465115,-2.6488616279069768,-455.6042
monthly_bias_momentum_long,atr_trail_2x,high_25_40,25,0.52,8.659904000000001,216.4976
monthly_bias_momentum_long,atr_trail_2x,low_lt_15,65,0.3230769230769231,1.1935846153846157,77.58300000000001
monthly_bias_momentum_long,atr_trail_2x,mid_15_25,172,0.28488372093023256,-1.0886017441860465,-187.2395
monthly_bias_momentum_long,atr_trail_mae_conditional,high_25_40,25,0.32,-1.5402799999999999,-38.507
monthly_bias_momentum_long,atr_trail_mae_conditional,low_lt_15,65,0.2153846153846154,-0.9368799999999999,-60.8972
monthly_bias_momentum_long,atr_trail_mae_conditional,mid_15_25,172,0.19767441860465115,-2.6488616279069768,-455.6042
monthly_bias_momentum_long,atr_trail_vix_conditional,high_25_40,25,0.56,2.63022,65.7555
monthly_bias_momentum_long,atr_trail_vix_conditional,low_lt_15,65,0.2153846153846154,-0.9295784615384616,-60.4226
monthly_bias_momentum_long,atr_trail_vix_conditional,mid_15_25,172,0.19767441860465115,-2.416696511627907,-415.6718
monthly_bias_momentum_long,break_even_at_1r,high_25_40,25,0.2,-1.376096,-34.4024
monthly_bias_momentum_long,break_even_at_1r,low_lt_15,65,0.12307692307692308,-1.208656923076923,-78.5627
monthly_bias_momentum_long,break_even_at_1r,mid_15_25,172,0.13372093023255813,-1.5588197674418607,-268.117
monthly_bias_momentum_long,breakeven_plus_trail,high_25_40,25,0.6,15.24736,381.184
monthly_bias_momentum_long,breakeven_plus_trail,low_lt_15,65,0.35384615384615387,2.4100553846153843,156.65359999999998
monthly_bias_momentum_long,breakeven_plus_trail,mid_15_25,172,0.37209302325581395,3.0958924418604647,532.4934999999999
monthly_bias_momentum_long,chandelier_3x,high_25_40,25,0.36,3.3497519999999996,83.7438
monthly_bias_momentum_long,chandelier_3x,low_lt_15,65,0.24615384615384617,1.6878892307692308,109.7128
monthly_bias_momentum_long,chandelier_3x,mid_15_25,172,0.22093023255813954,-0.9693156976744187,-166.72230000000002
monthly_bias_momentum_long,class_time_stop,high_25_40,25,0.52,8.563376,214.08440000000002
monthly_bias_momentum_long,class_time_stop,low_lt_15,65,0.49230769230769234,3.6436292307692306,236.83589999999998
monthly_bias_momentum_long,class_time_stop,mid_15_25,172,0.46511627906976744,3.2221087209302324,554.2026999999999
monthly_bias_momentum_long,earnings_blackout,high_25_40,25,0.64,11.473208,286.8302
monthly_bias_momentum_long,earnings_blackout,low_lt_15,65,0.5692307692307692,10.792370769230772,701.5041000000001
monthly_bias_momentum_long,earnings_blackout,mid_15_25,172,0.4883720930232558,6.378238953488372,1097.0571
monthly_bias_momentum_long,fixed_4r_2r,high_25_40,25,0.4,4.170872,104.2718
monthly_bias_momentum_long,fixed_4r_2r,low_lt_15,65,0.36923076923076925,0.2154692307692309,14.005500000000008
monthly_bias_momentum_long,fixed_4r_2r,mid_15_25,172,0.36046511627906974,2.2794156976744184,392.05949999999996
monthly_bias_momentum_long,hybrid_50pct_target,high_25_40,25,0.48,4.181632,104.54079999999999
monthly_bias_momentum_long,hybrid_50pct_target,low_lt_15,65,0.49230769230769234,1.084909230769231,70.51910000000001
monthly_bias_momentum_long,hybrid_50pct_target,mid_15_25,172,0.47093023255813954,1.8635174418604654,320.52500000000003
monthly_bias_momentum_long,ma_exit_ema9,high_25_40,25,0.32,0.7764319999999999,19.4108
monthly_bias_momentum_long,ma_exit_ema9,low_lt_15,65,0.3076923076923077,4.204255384615384,273.2766
monthly_bias_momentum_long,ma_exit_ema9,mid_15_25,172,0.29069767441860467,-0.8705767441860466,-149.7392
monthly_bias_momentum_long,mfe_lockin_trail,high_25_40,25,0.32,-1.01184,-25.296
monthly_bias_momentum_long,mfe_lockin_trail,low_lt_15,65,0.2153846153846154,-0.7863492307692307,-51.1127
monthly_bias_momentum_long,mfe_lockin_trail,mid_15_25,172,0.19767441860465115,-2.639370930232558,-453.9718
monthly_bias_momentum_long,multi_tier_partial,high_25_40,25,0.4,-1.783524,-44.588100000000004
monthly_bias_momentum_long,multi_tier_partial,low_lt_15,65,0.3230769230769231,-1.0485923076923078,-68.1585
monthly_bias_momentum_long,multi_tier_partial,mid_15_25,172,0.3372093023255814,-2.1097098837209303,-362.8701
monthly_bias_momentum_long,next_pivot_target,high_25_40,25,0.44,-0.7295840000000001,-18.239600000000003
monthly_bias_momentum_long,next_pivot_target,low_lt_15,65,0.6307692307692307,-2.1390676923076923,-139.0394
monthly_bias_momentum_long,next_pivot_target,mid_15_25,172,0.622093023255814,-0.8432866279069767,-145.0453
monthly_bias_momentum_long,r_multiple_2r,high_25_40,25,0.4,1.071228,26.7807
monthly_bias_momentum_long,r_multiple_2r,low_lt_15,65,0.36923076923076925,1.1499323076923076,74.7456
monthly_bias_momentum_long,r_multiple_2r,mid_15_25,172,0.26744186046511625,-1.200921511627907,-206.5585
monthly_bias_momentum_long,r_multiple_3r,high_25_40,25,0.32,0.884172,22.1043
monthly_bias_momentum_long,r_multiple_3r,low_lt_15,65,0.2923076923076923,1.5362415384615384,99.8557
monthly_bias_momentum_long,r_multiple_3r,mid_15_25,172,0.23255813953488372,-0.398018023255814,-68.4591
monthly_bias_momentum_long,regime_flip,high_25_40,25,0.52,5.220591999999999,130.51479999999998
monthly_bias_momentum_long,regime_flip,low_lt_15,65,0.47692307692307695,1.4085769230769232,91.5575
monthly_bias_momentum_long,regime_flip,mid_15_25,172,0.4476744186046512,1.2024412790697674,206.8199
monthly_bias_momentum_long,reverse_signal,high_25_40,25,0.32,-1.5402799999999999,-38.507
monthly_bias_momentum_long,reverse_signal,low_lt_15,65,0.2153846153846154,-0.9368799999999999,-60.8972
monthly_bias_momentum_long,reverse_signal,mid_15_25,172,0.19767441860465115,-2.6488616279069768,-455.6042
monthly_bias_momentum_long,smc_mitigation_zone,high_25_40,25,0.32,-1.5402799999999999,-38.507
monthly_bias_momentum_long,smc_mitigation_zone,low_lt_15,65,0.2153846153846154,-0.9368799999999999,-60.8972
monthly_bias_momentum_long,smc_mitigation_zone,mid_15_25,172,0.19767441860465115,-2.6488616279069768,-455.6042
monthly_bias_momentum_long,time_stop_10d,high_25_40,25,0.68,4.764480000000001,119.11200000000001
monthly_bias_momentum_long,time_stop_10d,low_lt_15,65,0.5076923076923077,2.6240584615384615,170.5638
monthly_bias_momentum_long,time_stop_10d,mid_15_25,172,0.436046511627907,0.5312953488372094,91.38280000000002
monthly_bias_momentum_long,time_stop_20d,high_25_40,25,0.52,5.220591999999999,130.51479999999998
monthly_bias_momentum_long,time_stop_20d,low_lt_15,65,0.47692307692307695,1.4085769230769232,91.5575
monthly_bias_momentum_long,time_stop_20d,mid_15_25,172,0.4476744186046512,1.2024412790697674,206.8199
monthly_bias_momentum_long,trailing_10pct,high_25_40,25,0.36,1.2226000000000004,30.56500000000001
monthly_bias_momentum_long,trailing_10pct,low_lt_15,65,0.3076923076923077,-1.0945584615384618,-71.14630000000001
monthly_bias_momentum_long,trailing_10pct,mid_15_25,172,0.29651162790697677,-0.881145930232558,-151.5571
monthly_bias_momentum_long,trailing_15pct,high_25_40,25,0.44,10.264556,256.6139
monthly_bias_momentum_long,trailing_15pct,low_lt_15,65,0.38461538461538464,0.8616015384615388,56.004100000000015
monthly_bias_momentum_long,trailing_15pct,mid_15_25,172,0.3488372093023256,0.5801476744186045,99.78539999999997
monthly_bias_momentum_long,trailing_5pct,high_25_40,25,0.24,-1.163424,-29.085600000000003
monthly_bias_momentum_long,trailing_5pct,low_lt_15,65,0.24615384615384617,-0.9122123076923078,-59.293800000000005
monthly_bias_momentum_long,trailing_5pct,mid_15_25,172,0.16279069767441862,-2.505547674418605,-430.9542
morning_star,atr_trail_1x,crisis_ge_40,2,0.0,-6.8582,-13.7164
morning_star,atr_trail_1x,high_25_40,9,0.4444444444444444,-1.4501333333333335,-13.051200000000001
morning_star,atr_trail_1x,low_lt_15,4,0.25,-0.6524749999999996,-2.6098999999999983
morning_star,atr_trail_1x,mid_15_25,31,0.25806451612903225,-0.7413774193548387,-22.9827
morning_star,atr_trail_2x,crisis_ge_40,2,0.5,3.9857500000000003,7.971500000000001
morning_star,atr_trail_2x,high_25_40,9,0.2222222222222222,-4.050522222222223,-36.4547
morning_star,atr_trail_2x,low_lt_15,4,0.25,-3.61785,-14.4714
morning_star,atr_trail_2x,mid_15_25,31,0.3870967741935484,1.6348935483870968,50.6817
morning_star,atr_trail_mae_conditional,crisis_ge_40,2,0.0,-6.8582,-13.7164
morning_star,atr_trail_mae_conditional,high_25_40,9,0.4444444444444444,-1.4501333333333335,-13.051200000000001
morning_star,atr_trail_mae_conditional,low_lt_15,4,0.25,-0.6524749999999996,-2.6098999999999983
morning_star,atr_trail_mae_conditional,mid_15_25,31,0.25806451612903225,-0.7413774193548387,-22.9827
morning_star,atr_trail_vix_conditional,crisis_ge_40,2,0.5,7.108149999999999,14.216299999999999
morning_star,atr_trail_vix_conditional,high_25_40,9,0.4444444444444444,-1.301233333333333,-11.711099999999997
morning_star,atr_trail_vix_conditional,low_lt_15,4,0.25,0.13617500000000016,0.5447000000000006
morning_star,atr_trail_vix_conditional,mid_15_25,31,0.16129032258064516,-0.2518516129032257,-7.807399999999998
morning_star,break_even_at_1r,crisis_ge_40,2,0.0,-6.8582,-13.7164
morning_star,break_even_at_1r,high_25_40,9,0.2222222222222222,-1.6636666666666668,-14.973000000000003
morning_star,break_even_at_1r,low_lt_15,4,0.25,-2.093325,-8.3733
morning_star,break_even_at_1r,mid_15_25,31,0.16129032258064516,-0.8127935483870968,-25.1966
morning_star,breakeven_plus_trail,crisis_ge_40,2,1.0,15.844550000000002,31.689100000000003
morning_star,breakeven_plus_trail,high_25_40,9,0.2222222222222222,-2.4155111111111105,-21.739599999999996
morning_star,breakeven_plus_trail,low_lt_15,4,0.25,-4.952875,-19.8115
morning_star,breakeven_plus_trail,mid_15_25,31,0.3548387096774194,2.6266354838709676,81.42569999999999
morning_star,chandelier_3x,crisis_ge_40,2,0.0,-2.3499499999999998,-4.6998999999999995
morning_star,chandelier_3x,high_25_40,9,0.1111111111111111,-0.08256666666666665,-0.7430999999999999
morning_star,chandelier_3x,low_lt_15,4,0.0,-1.058575,-4.2343
morning_star,chandelier_3x,mid_15_25,31,0.0,-0.5334516129032257,-16.537
morning_star,class_time_stop,crisis_ge_40,2,0.5,-0.0343,-0.0686
morning_star,class_time_stop,high_25_40,9,0.5555555555555556,-1.2944555555555557,-11.650100000000002
morning_star,class_time_stop,low_lt_15,4,0.5,-0.3732499999999996,-1.4929999999999983
morning_star,class_time_stop,mid_15_25,31,0.6129032258064516,0.776216129032258,24.0627
morning_star,earnings_blackout,crisis_ge_40,2,1.0,22.55555,45.1111
morning_star,earnings_blackout,high_25_40,9,0.5555555555555556,4.487066666666667,40.38360000000001
morning_star,earnings_blackout,low_lt_15,4,0.5,2.2649999999999997,9.059999999999999
morning_star,earnings_blackout,mid_15_25,31,0.5161290322580645,4.569516129032258,141.655
morning_star,fixed_4r_2r,crisis_ge_40,2,0.5,19.32675,38.6535
morning_star,fixed_4r_2r,high_25_40,9,0.3333333333333333,-3.180511111111111,-28.6246
morning_star,fixed_4r_2r,low_lt_15,4,0.25,-1.922775,-7.6911
morning_star,fixed_4r_2r,mid_15_25,31,0.3548387096774194,-0.3411290322580646,-10.575000000000003
morning_star,hybrid_50pct_target,crisis_ge_40,2,1.0,20.41515,40.8303
morning_star,hybrid_50pct_target,high_25_40,9,0.3333333333333333,-16.718566666666668,-150.46710000000002
morning_star,hybrid_50pct_target,low_lt_15,4,0.5,-29.074699999999996,-116.29879999999999
morning_star,hybrid_50pct_target,mid_15_25,31,0.5806451612903226,-9.25634193548387,-286.9466
morning_star,ma_exit_ema9,crisis_ge_40,2,0.0,-8.9294,-17.8588
morning_star,ma_exit_ema9,high_25_40,9,0.5555555555555556,-1.1823555555555556,-10.6412
morning_star,ma_exit_ema9,low_lt_15,4,0.25,-2.486825,-9.9473
morning_star,ma_exit_ema9,mid_15_25,31,0.45161290322580644,1.0489451612903224,32.5173
morning_star,mfe_lockin_trail,crisis_ge_40,2,0.0,-6.8582,-13.7164
morning_star,mfe_lockin_trail,high_25_40,9,0.4444444444444444,-2.196788888888889,-19.7711
morning_star,mfe_lockin_trail,low_lt_15,4,0.25,-0.6524749999999996,-2.6098999999999983
morning_star,mfe_lockin_trail,mid_15_25,31,0.25806451612903225,-0.6416451612903227,-19.891000000000002
morning_star,multi_tier_partial,crisis_ge_40,2,0.0,-3.3861,-6.7722
morning_star,multi_tier_partial,high_25_40,9,0.5555555555555556,-1.6252000000000004,-14.626800000000003
morning_star,multi_tier_partial,low_lt_15,4,0.25,-1.141625,-4.5665
morning_star,multi_tier_partial,mid_15_25,31,0.5161290322580645,-0.2735451612903226,-8.4799
morning_star,next_pivot_target,crisis_ge_40,2,0.5,13.091149999999999,26.182299999999998
morning_star,next_pivot_target,high_25_40,9,0.6666666666666666,-5.977222222222222,-53.795
morning_star,next_pivot_target,low_lt_15,4,0.5,-2.33045,-9.3218
morning_star,next_pivot_target,mid_15_25,31,0.7419354838709677,-0.17155483870967747,-5.318200000000002
morning_star,r_multiple_2r,crisis_ge_40,2,0.5,9.58845,19.1769
morning_star,r_multiple_2r,high_25_40,9,0.2222222222222222,-5.981966666666667,-53.8377
morning_star,r_multiple_2r,low_lt_15,4,0.25,-0.96135,-3.8454
morning_star,r_multiple_2r,mid_15_25,31,0.41935483870967744,2.002125806451613,62.0659
morning_star,r_multiple_3r,crisis_ge_40,2,0.5,15.618849999999998,31.237699999999997
morning_star,r_multiple_3r,high_25_40,9,0.2222222222222222,-5.187888888888889,-46.691
morning_star,r_multiple_3r,low_lt_15,4,0.25,-0.012274999999999925,-0.0490999999999997
morning_star,r_multiple_3r,mid_15_25,31,0.2903225806451613,0.14326129032258064,4.4411
morning_star,regime_flip,crisis_ge_40,2,1.0,18.3449,36.6898
morning_star,regime_flip,high_25_40,9,0.4444444444444444,4.8421666666666665,43.579499999999996
morning_star,regime_flip,low_lt_15,4,0.25,-6.901,-27.604
morning_star,regime_flip,mid_15_25,31,0.5161290322580645,0.02300000000000006,0.7130000000000019
morning_star,reverse_signal,crisis_ge_40,2,0.0,-6.8582,-13.7164
morning_star,reverse_signal,high_25_40,9,0.4444444444444444,-1.4501333333333335,-13.051200000000001
morning_star,reverse_signal,low_lt_15,4,0.25,-0.6524749999999996,-2.6098999999999983
morning_star,reverse_signal,mid_15_25,31,0.25806451612903225,-0.7413774193548387,-22.9827
morning_star,smc_mitigation_zone,crisis_ge_40,2,0.0,-6.8582,-13.7164
morning_star,smc_mitigation_zone,high_25_40,9,0.4444444444444444,-1.4501333333333335,-13.051200000000001
morning_star,smc_mitigation_zone,low_lt_15,4,0.25,-0.6524749999999996,-2.6098999999999983
morning_star,smc_mitigation_zone,mid_15_25,31,0.25806451612903225,-0.7413774193548387,-22.9827
morning_star,time_stop_10d,crisis_ge_40,2,1.0,4.5539000000000005,9.107800000000001
morning_star,time_stop_10d,high_25_40,9,0.5555555555555556,1.3430888888888888,12.0878
morning_star,time_stop_10d,low_lt_15,4,0.5,-1.3569249999999995,-5.427699999999998
morning_star,time_stop_10d,mid_15_25,31,0.5483870967741935,3.604461290322581,111.73830000000001
morning_star,time_stop_20d,crisis_ge_40,2,1.0,18.3449,36.6898
morning_star,time_stop_20d,high_25_40,9,0.4444444444444444,4.8421666666666665,43.579499999999996
morning_star,time_stop_20d,low_lt_15,4,0.25,-6.901,-27.604
morning_star,time_stop_20d,mid_15_25,31,0.5161290322580645,0.02300000000000006,0.7130000000000019
morning_star,trailing_10pct,crisis_ge_40,2,0.0,-9.732949999999999,-19.465899999999998
morning_star,trailing_10pct,high_25_40,9,0.2222222222222222,-5.692644444444444,-51.2338
morning_star,trailing_10pct,low_lt_15,4,0.25,-5.575475000000001,-22.301900000000003
morning_star,trailing_10pct,mid_15_25,31,0.3548387096774194,-1.5736741935483871,-48.7839
morning_star,trailing_15pct,crisis_ge_40,2,0.5,-2.0207500000000005,-4.041500000000001
morning_star,trailing_15pct,high_25_40,9,0.2222222222222222,-8.661011111111112,-77.9491
morning_star,trailing_15pct,low_lt_15,4,0.25,-4.531750000000001,-18.127000000000002
morning_star,trailing_15pct,mid_15_25,31,0.3225806451612903,-0.5573548387096774,-17.278
morning_star,trailing_5pct,crisis_ge_40,2,0.0,-5.0,-10.0
morning_star,trailing_5pct,high_25_40,9,0.3333333333333333,0.9664000000000001,8.697600000000001
morning_star,trailing_5pct,low_lt_15,4,0.25,-1.5027249999999999,-6.0108999999999995
morning_star,trailing_5pct,mid_15_25,31,0.3225806451612903,-0.5604225806451614,-17.3731
orb_stocks_in_play_long,atr_trail_1x,high_25_40,1,0.0,-0.1586,-0.1586
orb_stocks_in_play_long,atr_trail_1x,low_lt_15,11,0.36363636363636365,-1.3409545454545453,-14.750499999999999
orb_stocks_in_play_long,atr_trail_1x,mid_15_25,41,0.14634146341463414,-3.029978048780488,-124.2291
orb_stocks_in_play_long,atr_trail_2x,high_25_40,1,0.0,-5.3162,-5.3162
orb_stocks_in_play_long,atr_trail_2x,low_lt_15,11,0.36363636363636365,-0.9399181818181817,-10.339099999999998
orb_stocks_in_play_long,atr_trail_2x,mid_15_25,41,0.2682926829268293,-4.085487804878048,-167.505
orb_stocks_in_play_long,atr_trail_mae_conditional,high_25_40,1,0.0,-0.1586,-0.1586
orb_stocks_in_play_long,atr_trail_mae_conditional,low_lt_15,11,0.36363636363636365,-1.3409545454545453,-14.750499999999999
orb_stocks_in_play_long,atr_trail_mae_conditional,mid_15_25,41,0.14634146341463414,-3.029978048780488,-124.2291
orb_stocks_in_play_long,atr_trail_vix_conditional,high_25_40,1,0.0,-2.3032,-2.3032
orb_stocks_in_play_long,atr_trail_vix_conditional,low_lt_15,11,0.18181818181818182,-0.7917363636363635,-8.709099999999998
orb_stocks_in_play_long,atr_trail_vix_conditional,mid_15_25,41,0.14634146341463414,-3.528,-144.648
orb_stocks_in_play_long,break_even_at_1r,high_25_40,1,0.0,-0.1586,-0.1586
orb_stocks_in_play_long,break_even_at_1r,low_lt_15,11,0.2727272727272727,0.504909090909091,5.554
orb_stocks_in_play_long,break_even_at_1r,mid_15_25,41,0.12195121951219512,-2.2256219512195123,-91.2505
orb_stocks_in_play_long,breakeven_plus_trail,high_25_40,1,0.0,0.0,0.0
orb_stocks_in_play_long,breakeven_plus_trail,low_lt_15,11,0.45454545454545453,3.8240909090909088,42.065
orb_stocks_in_play_long,breakeven_plus_trail,mid_15_25,41,0.3902439024390244,6.305704878048781,258.5339
orb_stocks_in_play_long,chandelier_3x,high_25_40,1,0.0,-7.8472,-7.8472
orb_stocks_in_play_long,chandelier_3x,low_lt_15,11,0.36363636363636365,1.7544272727272727,19.2987
orb_stocks_in_play_long,chandelier_3x,mid_15_25,41,0.2926829268292683,2.172224390243903,89.06120000000001
orb_stocks_in_play_long,class_time_stop,high_25_40,1,0.0,-18.1086,-18.1086
orb_stocks_in_play_long,class_time_stop,low_lt_15,11,0.2727272727272727,-3.9941636363636364,-43.9358
orb_stocks_in_play_long,class_time_stop,mid_15_25,41,0.4634146341463415,8.323353658536584,341.2575
orb_stocks_in_play_long,earnings_blackout,high_25_40,1,0.0,-20.9128,-20.9128
orb_stocks_in_play_long,earnings_blackout,low_lt_15,11,0.36363636363636365,-3.7801636363636364,-41.5818
orb_stocks_in_play_long,earnings_blackout,mid_15_25,41,0.3902439024390244,2.7809268292682927,114.018
orb_stocks_in_play_long,fixed_4r_2r,high_25_40,1,0.0,-11.3248,-11.3248
orb_stocks_in_play_long,fixed_4r_2r,low_lt_15,11,0.36363636363636365,-2.2231454545454543,-24.4546
orb_stocks_in_play_long,fixed_4r_2r,mid_15_25,41,0.3170731707317073,0.27186585365853666,11.146500000000003
orb_stocks_in_play_long,hybrid_50pct_target,high_25_40,1,0.0,-10.0,-10.0
orb_stocks_in_play_long,hybrid_50pct_target,low_lt_15,11,0.6363636363636364,5.797472727272727,63.7722
orb_stocks_in_play_long,hybrid_50pct_target,mid_15_25,41,0.36585365853658536,0.04273414634146341,1.7520999999999995
orb_stocks_in_play_long,ma_exit_ema9,high_25_40,1,0.0,-8.821,-8.821
orb_stocks_in_play_long,ma_exit_ema9,low_lt_15,11,0.36363636363636365,4.861890909090909,53.4808
orb_stocks_in_play_long,ma_exit_ema9,mid_15_25,41,0.36585365853658536,2.269909756097561,93.06630000000001
orb_stocks_in_play_long,mfe_lockin_trail,high_25_40,1,0.0,-0.1586,-0.1586
orb_stocks_in_play_long,mfe_lockin_trail,low_lt_15,11,0.36363636363636365,-1.3855818181818182,-15.2414
orb_stocks_in_play_long,mfe_lockin_trail,mid_15_25,41,0.14634146341463414,-3.1290048780487805,-128.2892
orb_stocks_in_play_long,multi_tier_partial,high_25_40,1,1.0,1.7817,1.7817
orb_stocks_in_play_long,multi_tier_partial,low_lt_15,11,0.5454545454545454,-0.6081363636363636,-6.689499999999999
orb_stocks_in_play_long,multi_tier_partial,mid_15_25,41,0.36585365853658536,-2.326,-95.366
orb_stocks_in_play_long,next_pivot_target,high_25_40,1,0.0,-11.3248,-11.3248
orb_stocks_in_play_long,next_pivot_target,low_lt_15,11,0.45454545454545453,-1.2111090909090907,-13.322199999999999
orb_stocks_in_play_long,next_pivot_target,mid_15_25,41,0.3902439024390244,-0.35903170731707307,-14.720299999999996
orb_stocks_in_play_long,r_multiple_2r,high_25_40,1,0.0,-5.6624,-5.6624
orb_stocks_in_play_long,r_multiple_2r,low_lt_15,11,0.36363636363636365,-1.2308727272727271,-13.539599999999998
orb_stocks_in_play_long,r_multiple_2r,mid_15_25,41,0.2926829268292683,-1.7437804878048777,-71.49499999999999
orb_stocks_in_play_long,r_multiple_3r,high_25_40,1,0.0,-5.6624,-5.6624
orb_stocks_in_play_long,r_multiple_3r,low_lt_15,11,0.2727272727272727,-1.7431636363636362,-19.174799999999998
orb_stocks_in_play_long,r_multiple_3r,mid_15_25,41,0.24390243902439024,-1.2129243902439024,-49.7299
orb_stocks_in_play_long,regime_flip,high_25_40,1,0.0,-22.8239,-22.8239
orb_stocks_in_play_long,regime_flip,low_lt_15,11,0.45454545454545453,3.9182363636363635,43.1006
orb_stocks_in_play_long,regime_flip,mid_15_25,41,0.3902439024390244,3.1036707317073167,127.25049999999999
orb_stocks_in_play_long,reverse_signal,high_25_40,1,0.0,-0.1586,-0.1586
orb_stocks_in_play_long,reverse_signal,low_lt_15,11,0.36363636363636365,-1.3409545454545453,-14.750499999999999
orb_stocks_in_play_long,reverse_signal,mid_15_25,41,0.14634146341463414,-3.029978048780488,-124.2291
orb_stocks_in_play_long,smc_mitigation_zone,high_25_40,1,0.0,-0.1586,-0.1586
orb_stocks_in_play_long,smc_mitigation_zone,low_lt_15,11,0.36363636363636365,-1.3409545454545453,-14.750499999999999
orb_stocks_in_play_long,smc_mitigation_zone,mid_15_25,41,0.14634146341463414,-3.029978048780488,-124.2291
orb_stocks_in_play_long,time_stop_10d,high_25_40,1,0.0,-6.1777,-6.1777
orb_stocks_in_play_long,time_stop_10d,low_lt_15,11,0.5454545454545454,4.314372727272727,47.4581
orb_stocks_in_play_long,time_stop_10d,mid_15_25,41,0.5121951219512195,1.3262073170731707,54.3745
orb_stocks_in_play_long,time_stop_20d,high_25_40,1,0.0,-22.8239,-22.8239
orb_stocks_in_play_long,time_stop_20d,low_lt_15,11,0.45454545454545453,3.9182363636363635,43.1006
orb_stocks_in_play_long,time_stop_20d,mid_15_25,41,0.3902439024390244,3.1036707317073167,127.25049999999999
orb_stocks_in_play_long,trailing_10pct,high_25_40,1,0.0,-3.9379,-3.9379
orb_stocks_in_play_long,trailing_10pct,low_lt_15,11,0.45454545454545453,-0.17591818181818164,-1.935099999999998
orb_stocks_in_play_long,trailing_10pct,mid_15_25,41,0.3170731707317073,-1.5719853658536584,-64.45139999999999
orb_stocks_in_play_long,trailing_15pct,high_25_40,1,0.0,-9.2747,-9.2747
orb_stocks_in_play_long,trailing_15pct,low_lt_15,11,0.5454545454545454,2.4897727272727272,27.3875
orb_stocks_in_play_long,trailing_15pct,mid_15_25,41,0.2682926829268293,-0.8872902439024393,-36.37890000000001
orb_stocks_in_play_long,trailing_5pct,high_25_40,1,0.0,-0.1586,-0.1586
orb_stocks_in_play_long,trailing_5pct,low_lt_15,11,0.2727272727272727,1.7012,18.7132
orb_stocks_in_play_long,trailing_5pct,mid_15_25,41,0.12195121951219512,-2.7705609756097562,-113.593
orb_stocks_in_play_short,atr_trail_1x,crisis_ge_40,1,0.0,-4.3272,-4.3272
orb_stocks_in_play_short,atr_trail_1x,high_25_40,8,0.125,-6.946575,-55.5726
orb_stocks_in_play_short,atr_trail_1x,low_lt_15,7,0.0,-7.880185714285714,-55.1613
orb_stocks_in_play_short,atr_trail_1x,mid_15_25,26,0.2692307692307692,0.1652653846153845,4.296899999999997
orb_stocks_in_play_short,atr_trail_2x,crisis_ge_40,1,0.0,-8.6544,-8.6544
orb_stocks_in_play_short,atr_trail_2x,high_25_40,8,0.375,0.8253874999999995,6.603099999999996
orb_stocks_in_play_short,atr_trail_2x,low_lt_15,7,0.0,-12.6892,-88.8244
orb_stocks_in_play_short,atr_trail_2x,mid_15_25,26,0.34615384615384615,0.949223076923077,24.6798
orb_stocks_in_play_short,atr_trail_mae_conditional,crisis_ge_40,1,0.0,-4.3272,-4.3272
orb_stocks_in_play_short,atr_trail_mae_conditional,high_25_40,8,0.125,-6.946575,-55.5726
orb_stocks_in_play_short,atr_trail_mae_conditional,low_lt_15,7,0.0,-7.880185714285714,-55.1613
orb_stocks_in_play_short,atr_trail_mae_conditional,mid_15_25,26,0.2692307692307692,0.1652653846153845,4.296899999999997
orb_stocks_in_play_short,atr_trail_vix_conditional,crisis_ge_40,1,0.0,-6.4908,-6.4908
orb_stocks_in_play_short,atr_trail_vix_conditional,high_25_40,8,0.125,-6.60595,-52.8476
orb_stocks_in_play_short,atr_trail_vix_conditional,low_lt_15,7,0.0,-6.735471428571429,-47.148300000000006
orb_stocks_in_play_short,atr_trail_vix_conditional,mid_15_25,26,0.3076923076923077,0.9815038461538462,25.5191
orb_stocks_in_play_short,break_even_at_1r,crisis_ge_40,1,0.0,-4.3272,-4.3272
orb_stocks_in_play_short,break_even_at_1r,high_25_40,8,0.125,-3.5801375,-28.6411
orb_stocks_in_play_short,break_even_at_1r,low_lt_15,7,0.0,-8.7764,-61.4348
orb_stocks_in_play_short,break_even_at_1r,mid_15_25,26,0.23076923076923078,2.0363653846153844,52.945499999999996
orb_stocks_in_play_short,breakeven_plus_trail,crisis_ge_40,1,0.0,-8.6544,-8.6544
orb_stocks_in_play_short,breakeven_plus_trail,high_25_40,8,0.375,-1.5115125000000003,-12.092100000000002
orb_stocks_in_play_short,breakeven_plus_trail,low_lt_15,7,0.14285714285714285,-12.055142857142856,-84.386
orb_stocks_in_play_short,breakeven_plus_trail,mid_15_25,26,0.5,2.8502576923076925,74.1067
orb_stocks_in_play_short,chandelier_3x,crisis_ge_40,1,0.0,-12.9817,-12.9817
orb_stocks_in_play_short,chandelier_3x,high_25_40,8,0.375,-0.8178000000000002,-6.5424000000000015
orb_stocks_in_play_short,chandelier_3x,low_lt_15,7,0.0,-10.220514285714286,-71.5436
orb_stocks_in_play_short,chandelier_3x,mid_15_25,26,0.34615384615384615,1.7662615384615383,45.922799999999995
orb_stocks_in_play_short,class_time_stop,crisis_ge_40,1,0.0,-20.8256,-20.8256
orb_stocks_in_play_short,class_time_stop,high_25_40,8,0.5,1.64235,13.1388
orb_stocks_in_play_short,class_time_stop,low_lt_15,7,0.14285714285714285,-19.858900000000002,-139.0123
orb_stocks_in_play_short,class_time_stop,mid_15_25,26,0.38461538461538464,-2.8846269230769233,-75.00030000000001
orb_stocks_in_play_short,earnings_blackout,crisis_ge_40,1,0.0,-22.5972,-22.5972
orb_stocks_in_play_short,earnings_blackout,high_25_40,8,0.125,-33.800399999999996,-270.40319999999997
orb_stocks_in_play_short,earnings_blackout,low_lt_15,7,0.14285714285714285,-26.816157142857143,-187.7131
orb_stocks_in_play_short,earnings_blackout,mid_15_25,26,0.4230769230769231,-19.179153846153845,-498.65799999999996
orb_stocks_in_play_short,fixed_4r_2r,crisis_ge_40,1,0.0,-8.6544,-8.6544
orb_stocks_in_play_short,fixed_4r_2r,high_25_40,8,0.25,1.4667999999999994,11.734399999999996
orb_stocks_in_play_short,fixed_4r_2r,low_lt_15,7,0.0,-15.89717142857143,-111.28020000000001
orb_stocks_in_play_short,fixed_4r_2r,mid_15_25,26,0.3076923076923077,-5.580523076923077,-145.0936
orb_stocks_in_play_short,hybrid_50pct_target,crisis_ge_40,1,1.0,7.4785,7.4785
orb_stocks_in_play_short,hybrid_50pct_target,high_25_40,8,0.75,-7.613175000000002,-60.905400000000014
orb_stocks_in_play_short,hybrid_50pct_target,low_lt_15,7,0.42857142857142855,-53.4757,-374.3299
orb_stocks_in_play_short,hybrid_50pct_target,mid_15_25,26,0.6538461538461539,-16.496076923076924,-428.898
orb_stocks_in_play_short,ma_exit_ema9,crisis_ge_40,1,0.0,-10.0,-10.0
orb_stocks_in_play_short,ma_exit_ema9,high_25_40,8,0.125,-1.7641749999999998,-14.113399999999999
orb_stocks_in_play_short,ma_exit_ema9,low_lt_15,7,0.14285714285714285,-4.4486,-31.1402
orb_stocks_in_play_short,ma_exit_ema9,mid_15_25,26,0.38461538461538464,2.2755115384615383,59.1633
orb_stocks_in_play_short,mfe_lockin_trail,crisis_ge_40,1,0.0,-4.3272,-4.3272
orb_stocks_in_play_short,mfe_lockin_trail,high_25_40,8,0.125,-6.946575,-55.5726
orb_stocks_in_play_short,mfe_lockin_trail,low_lt_15,7,0.0,-7.880185714285714,-55.1613
orb_stocks_in_play_short,mfe_lockin_trail,mid_15_25,26,0.3076923076923077,0.9020461538461539,23.453200000000002
orb_stocks_in_play_short,multi_tier_partial,crisis_ge_40,1,0.0,-4.3272,-4.3272
orb_stocks_in_play_short,multi_tier_partial,high_25_40,8,0.125,-6.811224999999999,-54.489799999999995
orb_stocks_in_play_short,multi_tier_partial,low_lt_15,7,0.0,-7.880185714285714,-55.1613
orb_stocks_in_play_short,multi_tier_partial,mid_15_25,26,0.6153846153846154,1.0865153846153845,28.249399999999998
orb_stocks_in_play_short,next_pivot_target,crisis_ge_40,1,0.0,-8.6544,-8.6544
orb_stocks_in_play_short,next_pivot_target,high_25_40,8,0.5,3.058374999999999,24.46699999999999
orb_stocks_in_play_short,next_pivot_target,low_lt_15,7,0.0,-15.89717142857143,-111.28020000000001
orb_stocks_in_play_short,next_pivot_target,mid_15_25,26,0.38461538461538464,-6.272311538461539,-163.08010000000002
orb_stocks_in_play_short,r_multiple_2r,crisis_ge_40,1,0.0,-4.3272,-4.3272
orb_stocks_in_play_short,r_multiple_2r,high_25_40,8,0.25,-4.466537499999999,-35.732299999999995
orb_stocks_in_play_short,r_multiple_2r,low_lt_15,7,0.0,-8.7764,-61.4348
orb_stocks_in_play_short,r_multiple_2r,mid_15_25,26,0.38461538461538464,0.5281461538461538,13.731799999999998
orb_stocks_in_play_short,r_multiple_3r,crisis_ge_40,1,0.0,-4.3272,-4.3272
orb_stocks_in_play_short,r_multiple_3r,high_25_40,8,0.25,-2.4933,-19.9464
orb_stocks_in_play_short,r_multiple_3r,low_lt_15,7,0.0,-8.7764,-61.4348
orb_stocks_in_play_short,r_multiple_3r,mid_15_25,26,0.2692307692307692,-1.9043576923076926,-49.51330000000001
orb_stocks_in_play_short,regime_flip,crisis_ge_40,1,0.0,-23.5716,-23.5716
orb_stocks_in_play_short,regime_flip,high_25_40,8,0.5,1.3277625000000006,10.622100000000005
orb_stocks_in_play_short,regime_flip,low_lt_15,7,0.42857142857142855,-11.065614285714286,-77.4593
orb_stocks_in_play_short,regime_flip,mid_15_25,26,0.4230769230769231,1.985846153846154,51.632000000000005
orb_stocks_in_play_short,reverse_signal,crisis_ge_40,1,0.0,-4.3272,-4.3272
orb_stocks_in_play_short,reverse_signal,high_25_40,8,0.125,-6.946575,-55.5726
orb_stocks_in_play_short,reverse_signal,low_lt_15,7,0.0,-7.880185714285714,-55.1613
orb_stocks_in_play_short,reverse_signal,mid_15_25,26,0.2692307692307692,0.1652653846153845,4.296899999999997
orb_stocks_in_play_short,smc_mitigation_zone,crisis_ge_40,1,0.0,-4.3272,-4.3272
orb_stocks_in_play_short,smc_mitigation_zone,high_25_40,8,0.125,-6.946575,-55.5726
orb_stocks_in_play_short,smc_mitigation_zone,low_lt_15,7,0.0,-7.880185714285714,-55.1613
orb_stocks_in_play_short,smc_mitigation_zone,mid_15_25,26,0.2692307692307692,0.1652653846153845,4.296899999999997
orb_stocks_in_play_short,time_stop_10d,crisis_ge_40,1,0.0,-20.5598,-20.5598
orb_stocks_in_play_short,time_stop_10d,high_25_40,8,0.25,-7.7736,-62.1888
orb_stocks_in_play_short,time_stop_10d,low_lt_15,7,0.2857142857142857,-5.4346000000000005,-38.0422
orb_stocks_in_play_short,time_stop_10d,mid_15_25,26,0.4230769230769231,4.007246153846154,104.1884
orb_stocks_in_play_short,time_stop_20d,crisis_ge_40,1,0.0,-23.5716,-23.5716
orb_stocks_in_play_short,time_stop_20d,high_25_40,8,0.5,1.3277625000000006,10.622100000000005
orb_stocks_in_play_short,time_stop_20d,low_lt_15,7,0.42857142857142855,-11.065614285714286,-77.4593
orb_stocks_in_play_short,time_stop_20d,mid_15_25,26,0.4230769230769231,1.985846153846154,51.632000000000005
orb_stocks_in_play_short,trailing_10pct,crisis_ge_40,1,0.0,-10.0,-10.0
orb_stocks_in_play_short,trailing_10pct,high_25_40,8,0.125,-4.1580125,-33.2641
orb_stocks_in_play_short,trailing_10pct,low_lt_15,7,0.0,-8.397271428571429,-58.7809
orb_stocks_in_play_short,trailing_10pct,mid_15_25,26,0.23076923076923078,-2.2313884615384616,-58.0161
orb_stocks_in_play_short,trailing_15pct,crisis_ge_40,1,0.0,-15.0,-15.0
orb_stocks_in_play_short,trailing_15pct,high_25_40,8,0.375,-4.7833749999999995,-38.266999999999996
orb_stocks_in_play_short,trailing_15pct,low_lt_15,7,0.14285714285714285,-10.469857142857142,-73.289
orb_stocks_in_play_short,trailing_15pct,mid_15_25,26,0.23076923076923078,-4.1105846153846155,-106.8752
orb_stocks_in_play_short,trailing_5pct,crisis_ge_40,1,0.0,-5.0,-5.0
orb_stocks_in_play_short,trailing_5pct,high_25_40,8,0.25,-1.6903625,-13.5229
orb_stocks_in_play_short,trailing_5pct,low_lt_15,7,0.0,-5.722314285714286,-40.056200000000004
orb_stocks_in_play_short,trailing_5pct,mid_15_25,26,0.11538461538461539,-1.8072615384615385,-46.9888
pairs_mean_reversion_long,atr_trail_1x,crisis_ge_40,2,0.5,-0.46235,-0.9247
pairs_mean_reversion_long,atr_trail_1x,high_25_40,53,0.2641509433962264,-1.0493226415094339,-55.6141
pairs_mean_reversion_long,atr_trail_1x,low_lt_15,35,0.2857142857142857,-0.75758,-26.5153
pairs_mean_reversion_long,atr_trail_1x,mid_15_25,152,0.34210526315789475,-0.8603157894736843,-130.768
pairs_mean_reversion_long,atr_trail_2x,crisis_ge_40,2,1.0,10.15775,20.3155
pairs_mean_reversion_long,atr_trail_2x,high_25_40,53,0.37735849056603776,1.2063094339622642,63.934400000000004
pairs_mean_reversion_long,atr_trail_2x,low_lt_15,35,0.5714285714285714,1.8569885714285712,64.99459999999999
pairs_mean_reversion_long,atr_trail_2x,mid_15_25,152,0.3223684210526316,0.41366381578947375,62.87690000000001
pairs_mean_reversion_long,atr_trail_mae_conditional,crisis_ge_40,2,0.5,-0.46235,-0.9247
pairs_mean_reversion_long,atr_trail_mae_conditional,high_25_40,53,0.2641509433962264,-1.0493226415094339,-55.6141
pairs_mean_reversion_long,atr_trail_mae_conditional,low_lt_15,35,0.2857142857142857,-0.75758,-26.5153
pairs_mean_reversion_long,atr_trail_mae_conditional,mid_15_25,152,0.34210526315789475,-0.8603157894736843,-130.768
pairs_mean_reversion_long,atr_trail_vix_conditional,crisis_ge_40,2,0.5,6.340400000000001,12.680800000000001
pairs_mean_reversion_long,atr_trail_vix_conditional,high_25_40,53,0.37735849056603776,-0.2872849056603774,-15.226100000000002
pairs_mean_reversion_long,atr_trail_vix_conditional,low_lt_15,35,0.2,-0.7524742857142858,-26.3366
pairs_mean_reversion_long,atr_trail_vix_conditional,mid_15_25,152,0.3092105263157895,-0.6522875,-99.1477
pairs_mean_reversion_long,break_even_at_1r,crisis_ge_40,2,0.0,0.0,0.0
pairs_mean_reversion_long,break_even_at_1r,high_25_40,53,0.20754716981132076,1.1734056603773584,62.1905
pairs_mean_reversion_long,break_even_at_1r,low_lt_15,35,0.2,2.401148571428571,84.0402
pairs_mean_reversion_long,break_even_at_1r,mid_15_25,152,0.125,-0.025292105263157914,-3.844400000000003
pairs_mean_reversion_long,breakeven_plus_trail,crisis_ge_40,2,1.0,56.58195,113.1639
pairs_mean_reversion_long,breakeven_plus_trail,high_25_40,53,0.3018867924528302,2.7457471698113207,145.5246
pairs_mean_reversion_long,breakeven_plus_trail,low_lt_15,35,0.37142857142857144,4.928225714285714,172.4879
pairs_mean_reversion_long,breakeven_plus_trail,mid_15_25,152,0.28289473684210525,3.3927848684210526,515.7033
pairs_mean_reversion_long,chandelier_3x,crisis_ge_40,2,0.0,-0.20525,-0.4105
pairs_mean_reversion_long,chandelier_3x,high_25_40,53,0.07547169811320754,0.22346415094339622,11.8436
pairs_mean_reversion_long,chandelier_3x,low_lt_15,35,0.2571428571428571,1.514637142857143,53.0123
pairs_mean_reversion_long,chandelier_3x,mid_15_25,152,0.06578947368421052,-0.6555381578947369,-99.6418
pairs_mean_reversion_long,class_time_stop,crisis_ge_40,2,1.0,10.82115,21.6423
pairs_mean_reversion_long,class_time_stop,high_25_40,53,0.5849056603773585,2.9896037735849053,158.44899999999998
pairs_mean_reversion_long,class_time_stop,low_lt_15,35,0.5714285714285714,3.227062857142857,112.9472
pairs_mean_reversion_long,class_time_stop,mid_15_25,152,0.47368421052631576,-0.04912499999999981,-7.466999999999971
pairs_mean_reversion_long,earnings_blackout,crisis_ge_40,2,1.0,2.24145,4.4829
pairs_mean_reversion_long,earnings_blackout,high_25_40,53,0.6037735849056604,1.6656754716981133,88.2808
pairs_mean_reversion_long,earnings_blackout,low_lt_15,35,0.6,4.1845,146.4575
pairs_mean_reversion_long,earnings_blackout,mid_15_25,152,0.47368421052631576,0.7257763157894737,110.318
pairs_mean_reversion_long,fixed_4r_2r,crisis_ge_40,2,1.0,19.1181,38.2362
pairs_mean_reversion_long,fixed_4r_2r,high_25_40,53,0.33962264150943394,-0.1751490566037736,-9.282900000000001
pairs_mean_reversion_long,fixed_4r_2r,low_lt_15,35,0.4857142857142857,2.314365714285714,81.0028
pairs_mean_reversion_long,fixed_4r_2r,mid_15_25,152,0.3026315789473684,-0.42164868421052626,-64.0906
pairs_mean_reversion_long,hybrid_50pct_target,crisis_ge_40,2,1.0,34.14365,68.2873
pairs_mean_reversion_long,hybrid_50pct_target,high_25_40,53,0.6415094339622641,3.7908792452830187,200.9166
pairs_mean_reversion_long,hybrid_50pct_target,low_lt_15,35,0.8285714285714286,5.509088571428572,192.81810000000002
pairs_mean_reversion_long,hybrid_50pct_target,mid_15_25,152,0.5526315789473685,1.8452822368421054,280.48290000000003
pairs_mean_reversion_long,ma_exit_ema9,crisis_ge_40,2,1.0,0.8768,1.7536
pairs_mean_reversion_long,ma_exit_ema9,high_25_40,53,0.41509433962264153,-0.2267132075471698,-12.0158
pairs_mean_reversion_long,ma_exit_ema9,low_lt_15,35,0.4,0.19554571428571435,6.844100000000002
pairs_mean_reversion_long,ma_exit_ema9,mid_15_25,152,0.4605263157894737,-0.09342763157894737,-14.201
pairs_mean_reversion_long,mfe_lockin_trail,crisis_ge_40,2,0.5,-0.46235,-0.9247
pairs_mean_reversion_long,mfe_lockin_trail,high_25_40,53,0.2641509433962264,-1.102875471698113,-58.4524
pairs_mean_reversion_long,mfe_lockin_trail,low_lt_15,35,0.2857142857142857,-0.7386057142857142,-25.8512
pairs_mean_reversion_long,mfe_lockin_trail,mid_15_25,152,0.34210526315789475,-0.7553625,-114.8151
pairs_mean_reversion_long,multi_tier_partial,crisis_ge_40,2,1.0,1.31195,2.6239
pairs_mean_reversion_long,multi_tier_partial,high_25_40,53,0.4339622641509434,-0.6862301886792452,-36.3702
pairs_mean_reversion_long,multi_tier_partial,low_lt_15,35,0.4857142857142857,-0.35445142857142853,-12.4058
pairs_mean_reversion_long,multi_tier_partial,mid_15_25,152,0.4342105263157895,-0.6264032894736843,-95.2133
pairs_mean_reversion_long,next_pivot_target,crisis_ge_40,2,1.0,6.84065,13.6813
pairs_mean_reversion_long,next_pivot_target,high_25_40,53,0.7924528301886793,0.47655849056603783,25.257600000000004
pairs_mean_reversion_long,next_pivot_target,low_lt_15,35,0.9142857142857143,2.0945742857142857,73.3101
pairs_mean_reversion_long,next_pivot_target,mid_15_25,152,0.743421052631579,-0.06874802631578945,-10.449699999999996
pairs_mean_reversion_long,r_multiple_2r,crisis_ge_40,2,1.0,7.8035499999999995,15.607099999999999
pairs_mean_reversion_long,r_multiple_2r,high_25_40,53,0.32075471698113206,-0.0012320754716981241,-0.06530000000000058
pairs_mean_reversion_long,r_multiple_2r,low_lt_15,35,0.45714285714285713,1.0473114285714287,36.6559
pairs_mean_reversion_long,r_multiple_2r,mid_15_25,152,0.32894736842105265,0.07298749999999998,11.094099999999997
pairs_mean_reversion_long,r_multiple_3r,crisis_ge_40,2,1.0,11.70535,23.4107
pairs_mean_reversion_long,r_multiple_3r,high_25_40,53,0.2830188679245283,1.0663830188679244,56.518299999999996
pairs_mean_reversion_long,r_multiple_3r,low_lt_15,35,0.42857142857142855,1.9552285714285715,68.433
pairs_mean_reversion_long,r_multiple_3r,mid_15_25,152,0.24342105263157895,-0.3374592105263158,-51.2938
pairs_mean_reversion_long,regime_flip,crisis_ge_40,2,0.5,4.7142,9.4284
pairs_mean_reversion_long,regime_flip,high_25_40,53,0.6415094339622641,2.208567924528302,117.0541
pairs_mean_reversion_long,regime_flip,low_lt_15,35,0.6857142857142857,3.0754114285714285,107.6394
pairs_mean_reversion_long,regime_flip,mid_15_25,152,0.47368421052631576,-0.16386973684210523,-24.908199999999994
pairs_mean_reversion_long,reverse_signal,crisis_ge_40,2,0.5,-0.46235,-0.9247
pairs_mean_reversion_long,reverse_signal,high_25_40,53,0.2641509433962264,-1.0493226415094339,-55.6141
pairs_mean_reversion_long,reverse_signal,low_lt_15,35,0.2857142857142857,-0.75758,-26.5153
pairs_mean_reversion_long,reverse_signal,mid_15_25,152,0.34210526315789475,-0.8603157894736843,-130.768
pairs_mean_reversion_long,smc_mitigation_zone,crisis_ge_40,2,0.5,-0.46235,-0.9247
pairs_mean_reversion_long,smc_mitigation_zone,high_25_40,53,0.2641509433962264,-1.0493226415094339,-55.6141
pairs_mean_reversion_long,smc_mitigation_zone,low_lt_15,35,0.2857142857142857,-0.75758,-26.5153
pairs_mean_reversion_long,smc_mitigation_zone,mid_15_25,152,0.34210526315789475,-0.8603157894736843,-130.768
pairs_mean_reversion_long,time_stop_10d,crisis_ge_40,2,0.5,1.55785,3.1157
pairs_mean_reversion_long,time_stop_10d,high_25_40,53,0.6037735849056604,0.46854150943396217,24.832699999999996
pairs_mean_reversion_long,time_stop_10d,low_lt_15,35,0.6571428571428571,2.5964714285714283,90.8765
pairs_mean_reversion_long,time_stop_10d,mid_15_25,152,0.40789473684210525,-0.858104605263158,-130.4319
pairs_mean_reversion_long,time_stop_20d,crisis_ge_40,2,0.5,4.7142,9.4284
pairs_mean_reversion_long,time_stop_20d,high_25_40,53,0.6415094339622641,2.208567924528302,117.0541
pairs_mean_reversion_long,time_stop_20d,low_lt_15,35,0.6857142857142857,3.0754114285714285,107.6394
pairs_mean_reversion_long,time_stop_20d,mid_15_25,152,0.47368421052631576,-0.16386973684210523,-24.908199999999994
pairs_mean_reversion_long,trailing_10pct,crisis_ge_40,2,1.0,56.58195,113.1639
pairs_mean_reversion_long,trailing_10pct,high_25_40,53,0.3584905660377358,-0.11865471698113217,-6.288700000000005
pairs_mean_reversion_long,trailing_10pct,low_lt_15,35,0.5428571428571428,5.133934285714286,179.6877
pairs_mean_reversion_long,trailing_10pct,mid_15_25,152,0.34210526315789475,1.776783552631579,270.0711
pairs_mean_reversion_long,trailing_15pct,crisis_ge_40,2,1.0,47.88295,95.7659
pairs_mean_reversion_long,trailing_15pct,high_25_40,53,0.4339622641509434,3.924258490566037,207.98569999999998
pairs_mean_reversion_long,trailing_15pct,low_lt_15,35,0.4857142857142857,3.502211428571429,122.57740000000001
pairs_mean_reversion_long,trailing_15pct,mid_15_25,152,0.34868421052631576,2.2895697368421053,348.01460000000003
pairs_mean_reversion_long,trailing_5pct,crisis_ge_40,2,0.5,7.4243500000000004,14.848700000000001
pairs_mean_reversion_long,trailing_5pct,high_25_40,53,0.32075471698113206,0.05787169811320749,3.067199999999997
pairs_mean_reversion_long,trailing_5pct,low_lt_15,35,0.5142857142857142,1.646494285714286,57.627300000000005
pairs_mean_reversion_long,trailing_5pct,mid_15_25,152,0.28289473684210525,-0.6154230263157895,-93.5443
pairs_mean_reversion_short,atr_trail_1x,high_25_40,12,0.08333333333333333,-2.8363833333333335,-34.0366
pairs_mean_reversion_short,atr_trail_1x,low_lt_15,3,0.0,-0.7219000000000001,-2.1657
pairs_mean_reversion_short,atr_trail_1x,mid_15_25,13,0.23076923076923078,-0.9220461538461537,-11.9866
pairs_mean_reversion_short,atr_trail_2x,high_25_40,12,0.16666666666666666,-4.855083333333334,-58.261
pairs_mean_reversion_short,atr_trail_2x,low_lt_15,3,0.6666666666666666,0.5132,1.5395999999999999
pairs_mean_reversion_short,atr_trail_2x,mid_15_25,13,0.3076923076923077,-1.4563846153846154,-18.933
pairs_mean_reversion_short,atr_trail_mae_conditional,high_25_40,12,0.08333333333333333,-2.8363833333333335,-34.0366
pairs_mean_reversion_short,atr_trail_mae_conditional,low_lt_15,3,0.0,-0.7219000000000001,-2.1657
pairs_mean_reversion_short,atr_trail_mae_conditional,mid_15_25,13,0.23076923076923078,-0.9220461538461537,-11.9866
pairs_mean_reversion_short,atr_trail_vix_conditional,high_25_40,12,0.16666666666666666,-2.887233333333333,-34.6468
pairs_mean_reversion_short,atr_trail_vix_conditional,low_lt_15,3,0.0,-0.2955666666666667,-0.8867
pairs_mean_reversion_short,atr_trail_vix_conditional,mid_15_25,13,0.23076923076923078,-1.1121307692307691,-14.457699999999999
pairs_mean_reversion_short,break_even_at_1r,high_25_40,12,0.0,-3.494666666666667,-41.936
pairs_mean_reversion_short,break_even_at_1r,low_lt_15,3,0.0,0.0,0.0
pairs_mean_reversion_short,break_even_at_1r,mid_15_25,13,0.07692307692307693,-1.6626999999999998,-21.615099999999998
pairs_mean_reversion_short,breakeven_plus_trail,high_25_40,12,0.25,-3.3031083333333338,-39.6373
pairs_mean_reversion_short,breakeven_plus_trail,low_lt_15,3,0.0,0.0,0.0
pairs_mean_reversion_short,breakeven_plus_trail,mid_15_25,13,0.3076923076923077,-0.6008615384615384,-7.8111999999999995
pairs_mean_reversion_short,chandelier_3x,high_25_40,12,0.08333333333333333,-2.766225,-33.1947
pairs_mean_reversion_short,chandelier_3x,low_lt_15,3,0.3333333333333333,-0.11946666666666668,-0.35840000000000005
pairs_mean_reversion_short,chandelier_3x,mid_15_25,13,0.3076923076923077,-0.26536923076923075,-3.4497999999999998
pairs_mean_reversion_short,class_time_stop,high_25_40,12,0.3333333333333333,-4.051608333333333,-48.619299999999996
pairs_mean_reversion_short,class_time_stop,low_lt_15,3,0.3333333333333333,-1.3232333333333333,-3.9697
pairs_mean_reversion_short,class_time_stop,mid_15_25,13,0.38461538461538464,-3.461176923076923,-44.9953
pairs_mean_reversion_short,earnings_blackout,high_25_40,12,0.25,-6.528458333333333,-78.3415
pairs_mean_reversion_short,earnings_blackout,low_lt_15,3,0.6666666666666666,-1.1810666666666667,-3.5432
pairs_mean_reversion_short,earnings_blackout,mid_15_25,13,0.6923076923076923,0.3037230769230771,3.948400000000002
pairs_mean_reversion_short,fixed_4r_2r,high_25_40,12,0.16666666666666666,-4.921625,-59.0595
pairs_mean_reversion_short,fixed_4r_2r,low_lt_15,3,0.3333333333333333,0.20423333333333313,0.6126999999999994
pairs_mean_reversion_short,fixed_4r_2r,mid_15_25,13,0.3076923076923077,-0.01764615384615378,-0.22939999999999916
pairs_mean_reversion_short,hybrid_50pct_target,high_25_40,12,0.75,-9.664691666666668,-115.97630000000001
pairs_mean_reversion_short,hybrid_50pct_target,low_lt_15,3,1.0,2.922933333333333,8.768799999999999
pairs_mean_reversion_short,hybrid_50pct_target,mid_15_25,13,0.9230769230769231,1.318192307692308,17.136500000000005
pairs_mean_reversion_short,ma_exit_ema9,high_25_40,12,0.0,-2.7097166666666666,-32.5166
pairs_mean_reversion_short,ma_exit_ema9,low_lt_15,3,0.3333333333333333,0.3429333333333333,1.0288
pairs_mean_reversion_short,ma_exit_ema9,mid_15_25,13,0.3076923076923077,-0.007430769230769194,-0.09659999999999952
pairs_mean_reversion_short,mfe_lockin_trail,high_25_40,12,0.08333333333333333,-2.8363833333333335,-34.0366
pairs_mean_reversion_short,mfe_lockin_trail,low_lt_15,3,0.0,-0.7219000000000001,-2.1657
pairs_mean_reversion_short,mfe_lockin_trail,mid_15_25,13,0.23076923076923078,-1.197669230769231,-15.569700000000001
pairs_mean_reversion_short,multi_tier_partial,high_25_40,12,0.16666666666666666,-2.6408333333333336,-31.69
pairs_mean_reversion_short,multi_tier_partial,low_lt_15,3,0.3333333333333333,-0.2685666666666667,-0.8057000000000001
pairs_mean_reversion_short,multi_tier_partial,mid_15_25,13,0.3076923076923077,-1.054153846153846,-13.703999999999999
pairs_mean_reversion_short,next_pivot_target,high_25_40,12,0.6666666666666666,-0.8408166666666665,-10.089799999999999
pairs_mean_reversion_short,next_pivot_target,low_lt_15,3,1.0,0.9737666666666667,2.9213
pairs_mean_reversion_short,next_pivot_target,mid_15_25,13,0.7692307692307693,-0.4753923076923077,-6.1801
pairs_mean_reversion_short,r_multiple_2r,high_25_40,12,0.08333333333333333,-3.1189416666666667,-37.4273
pairs_mean_reversion_short,r_multiple_2r,low_lt_15,3,0.6666666666666666,1.9728666666666665,5.9186
pairs_mean_reversion_short,r_multiple_2r,mid_15_25,13,0.3076923076923077,-0.21289230769230783,-2.7676000000000016
pairs_mean_reversion_short,r_multiple_3r,high_25_40,12,0.0,-4.1207416666666665,-49.4489
pairs_mean_reversion_short,r_multiple_3r,low_lt_15,3,0.3333333333333333,0.7857000000000002,2.3571000000000004
pairs_mean_reversion_short,r_multiple_3r,mid_15_25,13,0.23076923076923078,0.028730769230769313,0.37350000000000105
pairs_mean_reversion_short,regime_flip,high_25_40,12,0.3333333333333333,-4.828991666666667,-57.947900000000004
pairs_mean_reversion_short,regime_flip,low_lt_15,3,1.0,3.308566666666666,9.925699999999999
pairs_mean_reversion_short,regime_flip,mid_15_25,13,0.46153846153846156,-1.4005461538461537,-18.207099999999997
pairs_mean_reversion_short,reverse_signal,high_25_40,12,0.08333333333333333,-2.8363833333333335,-34.0366
pairs_mean_reversion_short,reverse_signal,low_lt_15,3,0.0,-0.7219000000000001,-2.1657
pairs_mean_reversion_short,reverse_signal,mid_15_25,13,0.23076923076923078,-0.9220461538461537,-11.9866
pairs_mean_reversion_short,smc_mitigation_zone,high_25_40,12,0.08333333333333333,-2.8363833333333335,-34.0366
pairs_mean_reversion_short,smc_mitigation_zone,low_lt_15,3,0.0,-0.7219000000000001,-2.1657
pairs_mean_reversion_short,smc_mitigation_zone,mid_15_25,13,0.23076923076923078,-0.9220461538461537,-11.9866
pairs_mean_reversion_short,time_stop_10d,high_25_40,12,0.3333333333333333,-3.1694833333333334,-38.0338
pairs_mean_reversion_short,time_stop_10d,low_lt_15,3,0.6666666666666666,2.3488,7.0464
pairs_mean_reversion_short,time_stop_10d,mid_15_25,13,0.46153846153846156,0.3575,4.6475
pairs_mean_reversion_short,time_stop_20d,high_25_40,12,0.3333333333333333,-4.828991666666667,-57.947900000000004
pairs_mean_reversion_short,time_stop_20d,low_lt_15,3,1.0,3.308566666666666,9.925699999999999
pairs_mean_reversion_short,time_stop_20d,mid_15_25,13,0.46153846153846156,-1.4005461538461537,-18.207099999999997
pairs_mean_reversion_short,trailing_10pct,high_25_40,12,0.25,-2.9374750000000005,-35.249700000000004
pairs_mean_reversion_short,trailing_10pct,low_lt_15,3,0.0,-3.3117666666666667,-9.9353
pairs_mean_reversion_short,trailing_10pct,mid_15_25,13,0.38461538461538464,-1.3159615384615386,-17.1075
pairs_mean_reversion_short,trailing_15pct,high_25_40,12,0.3333333333333333,-4.371825,-52.4619
pairs_mean_reversion_short,trailing_15pct,low_lt_15,3,0.0,-8.016166666666665,-24.048499999999997
pairs_mean_reversion_short,trailing_15pct,mid_15_25,13,0.38461538461538464,-3.2727769230769233,-42.5461
pairs_mean_reversion_short,trailing_5pct,high_25_40,12,0.08333333333333333,-3.9382750000000004,-47.2593
pairs_mean_reversion_short,trailing_5pct,low_lt_15,3,0.6666666666666666,-0.8145333333333333,-2.4436
pairs_mean_reversion_short,trailing_5pct,mid_15_25,13,0.3076923076923077,-1.5102076923076924,-19.6327
parabolic_sar_flip,atr_trail_1x,high_25_40,15,0.13333333333333333,-0.8581199999999998,-12.871799999999997
parabolic_sar_flip,atr_trail_1x,low_lt_15,7,0.14285714285714285,-2.2104428571428576,-15.473100000000002
parabolic_sar_flip,atr_trail_1x,mid_15_25,49,0.24489795918367346,-2.0821591836734696,-102.0258
parabolic_sar_flip,atr_trail_2x,high_25_40,15,0.2,-3.0548399999999996,-45.822599999999994
parabolic_sar_flip,atr_trail_2x,low_lt_15,7,0.5714285714285714,0.12352857142857106,0.8646999999999974
parabolic_sar_flip,atr_trail_2x,mid_15_25,49,0.40816326530612246,-1.9130367346938775,-93.7388
parabolic_sar_flip,atr_trail_mae_conditional,high_25_40,15,0.13333333333333333,-0.8581199999999998,-12.871799999999997
parabolic_sar_flip,atr_trail_mae_conditional,low_lt_15,7,0.14285714285714285,-2.2104428571428576,-15.473100000000002
parabolic_sar_flip,atr_trail_mae_conditional,mid_15_25,49,0.24489795918367346,-2.0821591836734696,-102.0258
parabolic_sar_flip,atr_trail_vix_conditional,high_25_40,15,0.2,-2.9726199999999996,-44.589299999999994
parabolic_sar_flip,atr_trail_vix_conditional,low_lt_15,7,0.14285714285714285,-1.3700857142857146,-9.590600000000002
parabolic_sar_flip,atr_trail_vix_conditional,mid_15_25,49,0.20408163265306123,-2.2632632653061227,-110.8999
parabolic_sar_flip,break_even_at_1r,high_25_40,15,0.06666666666666667,-1.7605333333333333,-26.407999999999998
parabolic_sar_flip,break_even_at_1r,low_lt_15,7,0.42857142857142855,2.078071428571428,14.546499999999998
parabolic_sar_flip,break_even_at_1r,mid_15_25,49,0.20408163265306123,-1.3378612244897958,-65.5552
parabolic_sar_flip,breakeven_plus_trail,high_25_40,15,0.4666666666666667,0.33149333333333364,4.972400000000005
parabolic_sar_flip,breakeven_plus_trail,low_lt_15,7,0.5714285714285714,1.1039142857142854,7.727399999999998
parabolic_sar_flip,breakeven_plus_trail,mid_15_25,49,0.42857142857142855,2.600583673469388,127.42860000000002
parabolic_sar_flip,chandelier_3x,high_25_40,15,0.06666666666666667,-2.314953333333333,-34.72429999999999
parabolic_sar_flip,chandelier_3x,low_lt_15,7,0.2857142857142857,1.2671999999999997,8.870399999999998
parabolic_sar_flip,chandelier_3x,mid_15_25,49,0.08163265306122448,-0.9126142857142856,-44.71809999999999
parabolic_sar_flip,class_time_stop,high_25_40,15,0.5333333333333333,-7.151940000000001,-107.27910000000001
parabolic_sar_flip,class_time_stop,low_lt_15,7,0.5714285714285714,-28.095571428571425,-196.66899999999998
parabolic_sar_flip,class_time_stop,mid_15_25,49,0.5918367346938775,-0.273422448979592,-13.397700000000007
parabolic_sar_flip,earnings_blackout,high_25_40,15,0.6666666666666666,-7.594433333333333,-113.9165
parabolic_sar_flip,earnings_blackout,low_lt_15,7,0.42857142857142855,-20.52351428571428,-143.66459999999998
parabolic_sar_flip,earnings_blackout,mid_15_25,49,0.673469387755102,3.8782551020408165,190.0345
parabolic_sar_flip,fixed_4r_2r,high_25_40,15,0.3333333333333333,2.3370999999999995,35.05649999999999
parabolic_sar_flip,fixed_4r_2r,low_lt_15,7,0.42857142857142855,3.3730714285714285,23.6115
parabolic_sar_flip,fixed_4r_2r,mid_15_25,49,0.3673469387755102,0.1450306122448983,7.1065000000000165
parabolic_sar_flip,hybrid_50pct_target,high_25_40,15,0.5333333333333333,-4.886346666666667,-73.29520000000001
parabolic_sar_flip,hybrid_50pct_target,low_lt_15,7,0.7142857142857143,-19.79467142857143,-138.5627
parabolic_sar_flip,hybrid_50pct_target,mid_15_25,49,0.6326530612244898,3.6606122448979592,179.37
parabolic_sar_flip,ma_exit_ema9,high_25_40,15,0.3333333333333333,-2.3133266666666668,-34.6999
parabolic_sar_flip,ma_exit_ema9,low_lt_15,7,0.42857142857142855,1.448057142857143,10.1364
parabolic_sar_flip,ma_exit_ema9,mid_15_25,49,0.3673469387755102,-0.9445285714285714,-46.2819
parabolic_sar_flip,mfe_lockin_trail,high_25_40,15,0.13333333333333333,0.2686466666666669,4.029700000000004
parabolic_sar_flip,mfe_lockin_trail,low_lt_15,7,0.14285714285714285,-2.0951142857142857,-14.6658
parabolic_sar_flip,mfe_lockin_trail,mid_15_25,49,0.2653061224489796,-2.1135122448979593,-103.5621
parabolic_sar_flip,multi_tier_partial,high_25_40,15,0.5333333333333333,-0.8209933333333334,-12.3149
parabolic_sar_flip,multi_tier_partial,low_lt_15,7,0.2857142857142857,-2.045914285714286,-14.3214
parabolic_sar_flip,multi_tier_partial,mid_15_25,49,0.3469387755102041,-2.048722448979592,-100.3874
parabolic_sar_flip,next_pivot_target,high_25_40,15,0.6,-3.95608,-59.3412
parabolic_sar_flip,next_pivot_target,low_lt_15,7,0.7142857142857143,1.1311857142857147,7.918300000000002
parabolic_sar_flip,next_pivot_target,mid_15_25,49,0.5918367346938775,-1.4045183673469388,-68.8214
parabolic_sar_flip,r_multiple_2r,high_25_40,15,0.26666666666666666,0.7406999999999999,11.110499999999998
parabolic_sar_flip,r_multiple_2r,low_lt_15,7,0.5714285714285714,5.140057142857143,35.980399999999996
parabolic_sar_flip,r_multiple_2r,mid_15_25,49,0.3469387755102041,-0.9330204081632653,-45.717999999999996
parabolic_sar_flip,r_multiple_3r,high_25_40,15,0.26666666666666666,1.8354400000000004,27.531600000000005
parabolic_sar_flip,r_multiple_3r,low_lt_15,7,0.5714285714285714,7.357900000000001,51.505300000000005
parabolic_sar_flip,r_multiple_3r,mid_15_25,49,0.2857142857142857,-1.0063877551020408,-49.313
parabolic_sar_flip,regime_flip,high_25_40,15,0.5333333333333333,-0.02108666666666655,-0.31629999999999825
parabolic_sar_flip,regime_flip,low_lt_15,7,0.5714285714285714,-1.651214285714286,-11.558500000000002
parabolic_sar_flip,regime_flip,mid_15_25,49,0.4897959183673469,-2.6419163265306116,-129.45389999999998
parabolic_sar_flip,reverse_signal,high_25_40,15,0.13333333333333333,-0.8581199999999998,-12.871799999999997
parabolic_sar_flip,reverse_signal,low_lt_15,7,0.14285714285714285,-2.2104428571428576,-15.473100000000002
parabolic_sar_flip,reverse_signal,mid_15_25,49,0.24489795918367346,-2.0821591836734696,-102.0258
parabolic_sar_flip,smc_mitigation_zone,high_25_40,15,0.13333333333333333,-0.8581199999999998,-12.871799999999997
parabolic_sar_flip,smc_mitigation_zone,low_lt_15,7,0.14285714285714285,-2.2104428571428576,-15.473100000000002
parabolic_sar_flip,smc_mitigation_zone,mid_15_25,49,0.24489795918367346,-2.0821591836734696,-102.0258
parabolic_sar_flip,time_stop_10d,high_25_40,15,0.4,-3.804513333333334,-57.06770000000001
parabolic_sar_flip,time_stop_10d,low_lt_15,7,0.5714285714285714,-4.2969,-30.0783
parabolic_sar_flip,time_stop_10d,mid_15_25,49,0.46938775510204084,-1.9287897959183673,-94.5107
parabolic_sar_flip,time_stop_20d,high_25_40,15,0.5333333333333333,-0.02108666666666655,-0.31629999999999825
parabolic_sar_flip,time_stop_20d,low_lt_15,7,0.5714285714285714,-1.651214285714286,-11.558500000000002
parabolic_sar_flip,time_stop_20d,mid_15_25,49,0.4897959183673469,-2.6419163265306116,-129.45389999999998
parabolic_sar_flip,trailing_10pct,high_25_40,15,0.2,-1.9661000000000002,-29.491500000000002
parabolic_sar_flip,trailing_10pct,low_lt_15,7,0.5714285714285714,0.3532428571428571,2.4726999999999997
parabolic_sar_flip,trailing_10pct,mid_15_25,49,0.32653061224489793,-2.4893183673469386,-121.97659999999999
parabolic_sar_flip,trailing_15pct,high_25_40,15,0.2,-7.862306666666666,-117.93459999999999
parabolic_sar_flip,trailing_15pct,low_lt_15,7,0.2857142857142857,-5.4200857142857135,-37.940599999999996
parabolic_sar_flip,trailing_15pct,mid_15_25,49,0.30612244897959184,-5.452781632653061,-267.1863
parabolic_sar_flip,trailing_5pct,high_25_40,15,0.2,-1.5189266666666665,-22.7839
parabolic_sar_flip,trailing_5pct,low_lt_15,7,0.14285714285714285,-3.2591,-22.8137
parabolic_sar_flip,trailing_5pct,mid_15_25,49,0.2653061224489796,-1.2876673469387756,-63.0957
pead_long,atr_trail_1x,high_25_40,26,0.2692307692307692,-2.0086846153846154,-52.2258
pead_long,atr_trail_1x,low_lt_15,26,0.23076923076923078,-2.256615384615385,-58.672000000000004
pead_long,atr_trail_1x,mid_15_25,55,0.21818181818181817,-2.100767272727273,-115.54220000000001
pead_long,atr_trail_2x,high_25_40,26,0.2692307692307692,-4.8835,-126.971
pead_long,atr_trail_2x,low_lt_15,26,0.46153846153846156,1.1488384615384617,29.869800000000005
pead_long,atr_trail_2x,mid_15_25,55,0.23636363636363636,-3.2518018181818182,-178.8491
pead_long,atr_trail_mae_conditional,high_25_40,26,0.2692307692307692,-2.0086846153846154,-52.2258
pead_long,atr_trail_mae_conditional,low_lt_15,26,0.23076923076923078,-2.256615384615385,-58.672000000000004
pead_long,atr_trail_mae_conditional,mid_15_25,55,0.21818181818181817,-2.100767272727273,-115.54220000000001
pead_long,atr_trail_vix_conditional,high_25_40,26,0.3076923076923077,-2.4650346153846154,-64.0909
pead_long,atr_trail_vix_conditional,low_lt_15,26,0.15384615384615385,-2.2275769230769233,-57.917
pead_long,atr_trail_vix_conditional,mid_15_25,55,0.2,-0.8747509090909091,-48.1113
pead_long,break_even_at_1r,high_25_40,26,0.23076923076923078,-2.2888115384615384,-59.509100000000004
pead_long,break_even_at_1r,low_lt_15,26,0.19230769230769232,-0.41783461538461536,-10.8637
pead_long,break_even_at_1r,mid_15_25,55,0.12727272727272726,1.1521672727272725,63.369199999999985
pead_long,breakeven_plus_trail,high_25_40,26,0.34615384615384615,-2.583930769230769,-67.1822
pead_long,breakeven_plus_trail,low_lt_15,26,0.5,7.544496153846154,196.1569
pead_long,breakeven_plus_trail,mid_15_25,55,0.2545454545454545,1.2178527272727278,66.98190000000002
pead_long,chandelier_3x,high_25_40,26,0.07692307692307693,-1.8864769230769232,-49.0484
pead_long,chandelier_3x,low_lt_15,26,0.3076923076923077,0.9321269230769229,24.235299999999995
pead_long,chandelier_3x,mid_15_25,55,0.12727272727272726,-0.12243272727272714,-6.7337999999999925
pead_long,class_time_stop,high_25_40,26,0.5769230769230769,1.7760730769230766,46.177899999999994
pead_long,class_time_stop,low_lt_15,26,0.6153846153846154,7.350807692307693,191.121
pead_long,class_time_stop,mid_15_25,55,0.4727272727272727,1.4729854545454546,81.0142
pead_long,earnings_blackout,high_25_40,26,0.5384615384615384,4.329557692307692,112.5685
pead_long,earnings_blackout,low_lt_15,26,0.46153846153846156,6.043719230769231,157.1367
pead_long,earnings_blackout,mid_15_25,55,0.509090909090909,0.2830963636363636,15.570299999999996
pead_long,fixed_4r_2r,high_25_40,26,0.19230769230769232,-5.855334615384615,-152.2387
pead_long,fixed_4r_2r,low_lt_15,26,0.5384615384615384,10.85951153846154,282.3473
pead_long,fixed_4r_2r,mid_15_25,55,0.2727272727272727,-1.2349254545454544,-67.92089999999999
pead_long,hybrid_50pct_target,high_25_40,26,0.34615384615384615,-1.4820115384615387,-38.532300000000006
pead_long,hybrid_50pct_target,low_lt_15,26,0.5769230769230769,2.4410115384615385,63.466300000000004
pead_long,hybrid_50pct_target,mid_15_25,55,0.4,-0.24571090909090895,-13.514099999999992
pead_long,ma_exit_ema9,high_25_40,26,0.3076923076923077,-2.3502384615384617,-61.1062
pead_long,ma_exit_ema9,low_lt_15,26,0.19230769230769232,0.5428192307692308,14.1133
pead_long,ma_exit_ema9,mid_15_25,55,0.32727272727272727,-0.2650636363636363,-14.578499999999995
pead_long,mfe_lockin_trail,high_25_40,26,0.2692307692307692,-1.7805384615384616,-46.294000000000004
pead_long,mfe_lockin_trail,low_lt_15,26,0.23076923076923078,-2.256615384615385,-58.672000000000004
pead_long,mfe_lockin_trail,mid_15_25,55,0.21818181818181817,-1.9369472727272727,-106.5321
pead_long,multi_tier_partial,high_25_40,26,0.34615384615384615,-1.6232499999999999,-42.204499999999996
pead_long,multi_tier_partial,low_lt_15,26,0.34615384615384615,-1.9628423076923078,-51.0339
pead_long,multi_tier_partial,mid_15_25,55,0.2727272727272727,-1.8476727272727274,-101.622
pead_long,next_pivot_target,high_25_40,26,0.5769230769230769,-1.844873076923077,-47.9667
pead_long,next_pivot_target,low_lt_15,26,0.8076923076923077,2.1753923076923076,56.5602
pead_long,next_pivot_target,mid_15_25,55,0.6,-2.035158181818182,-111.9337
pead_long,r_multiple_2r,high_25_40,26,0.2692307692307692,-1.2333153846153846,-32.0662
pead_long,r_multiple_2r,low_lt_15,26,0.4230769230769231,0.7057000000000001,18.348200000000002
pead_long,r_multiple_2r,mid_15_25,55,0.23636363636363636,-1.9429927272727272,-106.8646
pead_long,r_multiple_3r,high_25_40,26,0.23076923076923078,-1.1417538461538461,-29.6856
pead_long,r_multiple_3r,low_lt_15,26,0.38461538461538464,1.735026923076923,45.1107
pead_long,r_multiple_3r,mid_15_25,55,0.2,-1.2869163636363636,-70.7804
pead_long,regime_flip,high_25_40,26,0.5,-1.0581115384615387,-27.510900000000007
pead_long,regime_flip,low_lt_15,26,0.5769230769230769,8.302119230769232,215.85510000000002
pead_long,regime_flip,mid_15_25,55,0.38181818181818183,-1.6246618181818187,-89.35640000000002
pead_long,reverse_signal,high_25_40,26,0.2692307692307692,-2.0086846153846154,-52.2258
pead_long,reverse_signal,low_lt_15,26,0.23076923076923078,-2.256615384615385,-58.672000000000004
pead_long,reverse_signal,mid_15_25,55,0.21818181818181817,-2.100767272727273,-115.54220000000001
pead_long,smc_mitigation_zone,high_25_40,26,0.2692307692307692,-2.0086846153846154,-52.2258
pead_long,smc_mitigation_zone,low_lt_15,26,0.23076923076923078,-2.256615384615385,-58.672000000000004
pead_long,smc_mitigation_zone,mid_15_25,55,0.21818181818181817,-2.100767272727273,-115.54220000000001
pead_long,time_stop_10d,high_25_40,26,0.38461538461538464,-4.8785384615384615,-126.842
pead_long,time_stop_10d,low_lt_15,26,0.6153846153846154,2.8428423076923077,73.9139
pead_long,time_stop_10d,mid_15_25,55,0.34545454545454546,-2.774178181818182,-152.5798
pead_long,time_stop_20d,high_25_40,26,0.5,-1.0581115384615387,-27.510900000000007
pead_long,time_stop_20d,low_lt_15,26,0.5769230769230769,8.302119230769232,215.85510000000002
pead_long,time_stop_20d,mid_15_25,55,0.38181818181818183,-1.6246618181818187,-89.35640000000002
pead_long,trailing_10pct,high_25_40,26,0.2692307692307692,-3.732826923076923,-97.0535
pead_long,trailing_10pct,low_lt_15,26,0.5,2.372142307692308,61.675700000000006
pead_long,trailing_10pct,mid_15_25,55,0.18181818181818182,-1.051607272727273,-57.83840000000001
pead_long,trailing_15pct,high_25_40,26,0.3076923076923077,-0.39035384615384644,-10.149200000000008
pead_long,trailing_15pct,low_lt_15,26,0.38461538461538464,2.9896307692307693,77.7304
pead_long,trailing_15pct,mid_15_25,55,0.2909090909090909,-0.34476545454545465,-18.962100000000007
pead_long,trailing_5pct,high_25_40,26,0.23076923076923078,-2.4644769230769232,-64.0764
pead_long,trailing_5pct,low_lt_15,26,0.3076923076923077,-1.9539115384615384,-50.8017
pead_long,trailing_5pct,mid_15_25,55,0.23636363636363636,-0.5234418181818181,-28.789299999999997
pead_short,atr_trail_1x,high_25_40,26,0.19230769230769232,-2.5636884615384616,-66.6559
pead_short,atr_trail_1x,low_lt_15,22,0.13636363636363635,-1.7964454545454545,-39.5218
pead_short,atr_trail_1x,mid_15_25,44,0.38636363636363635,0.6434500000000001,28.3118
pead_short,atr_trail_2x,high_25_40,26,0.3076923076923077,-2.4103576923076924,-62.6693
pead_short,atr_trail_2x,low_lt_15,22,0.22727272727272727,-1.4040363636363637,-30.888800000000003
pead_short,atr_trail_2x,mid_15_25,44,0.4090909090909091,-0.0925886363636362,-4.073899999999993
pead_short,atr_trail_mae_conditional,high_25_40,26,0.19230769230769232,-2.5636884615384616,-66.6559
pead_short,atr_trail_mae_conditional,low_lt_15,22,0.13636363636363635,-1.7964454545454545,-39.5218
pead_short,atr_trail_mae_conditional,mid_15_25,44,0.38636363636363635,0.6434500000000001,28.3118
pead_short,atr_trail_vix_conditional,high_25_40,26,0.38461538461538464,-2.469753846153846,-64.2136
pead_short,atr_trail_vix_conditional,low_lt_15,22,0.18181818181818182,-1.0817636363636363,-23.7988
pead_short,atr_trail_vix_conditional,mid_15_25,44,0.3409090909090909,-0.5624681818181819,-24.748600000000003
pead_short,break_even_at_1r,high_25_40,26,0.2692307692307692,-1.9771500000000002,-51.4059
pead_short,break_even_at_1r,low_lt_15,22,0.13636363636363635,-2.711859090909091,-59.6609
pead_short,break_even_at_1r,mid_15_25,44,0.22727272727272727,0.19066136363636363,8.3891
pead_short,breakeven_plus_trail,high_25_40,26,0.38461538461538464,-0.7512807692307693,-19.5333
pead_short,breakeven_plus_trail,low_lt_15,22,0.45454545454545453,0.9490590909090908,20.879299999999997
pead_short,breakeven_plus_trail,mid_15_25,44,0.45454545454545453,3.4708249999999996,152.7163
pead_short,chandelier_3x,high_25_40,26,0.19230769230769232,-2.3298884615384616,-60.5771
pead_short,chandelier_3x,low_lt_15,22,0.045454545454545456,-1.9703272727272727,-43.3472
pead_short,chandelier_3x,mid_15_25,44,0.22727272727272727,-1.5712045454545456,-69.13300000000001
pead_short,class_time_stop,high_25_40,26,0.5,-0.11127692307692336,-2.8932000000000073
pead_short,class_time_stop,low_lt_15,22,0.5454545454545454,-0.07946818181818233,-1.748300000000011
pead_short,class_time_stop,mid_15_25,44,0.5681818181818182,2.322325,102.18230000000001
pead_short,earnings_blackout,high_25_40,26,0.4230769230769231,-6.123076923076923,-159.2
pead_short,earnings_blackout,low_lt_15,22,0.45454545454545453,1.553740909090909,34.1823
pead_short,earnings_blackout,mid_15_25,44,0.5227272727272727,3.256731818181818,143.2962
pead_short,fixed_4r_2r,high_25_40,26,0.2692307692307692,-0.8568884615384615,-22.2791
pead_short,fixed_4r_2r,low_lt_15,22,0.18181818181818182,-4.9353,-108.5766
pead_short,fixed_4r_2r,mid_15_25,44,0.3181818181818182,0.5981727272727272,26.319599999999994
pead_short,hybrid_50pct_target,high_25_40,26,0.7692307692307693,-40.68819615384616,-1057.8931
pead_short,hybrid_50pct_target,low_lt_15,22,0.7272727272727273,-90.52805454545455,-1991.6172000000001
pead_short,hybrid_50pct_target,mid_15_25,44,0.7954545454545454,1.3701522727272724,60.28669999999998
pead_short,ma_exit_ema9,high_25_40,26,0.2692307692307692,-1.1598346153846153,-30.1557
pead_short,ma_exit_ema9,low_lt_15,22,0.3181818181818182,1.0990545454545453,24.179199999999994
pead_short,ma_exit_ema9,mid_15_25,44,0.36363636363636365,-0.7460840909090909,-32.8277
pead_short,mfe_lockin_trail,high_25_40,26,0.19230769230769232,-2.5044,-65.1144
pead_short,mfe_lockin_trail,low_lt_15,22,0.13636363636363635,-1.7401545454545455,-38.2834
pead_short,mfe_lockin_trail,mid_15_25,44,0.38636363636363635,0.4422522727272728,19.459100000000003
pead_short,multi_tier_partial,high_25_40,26,0.3076923076923077,-2.1172307692307695,-55.048
pead_short,multi_tier_partial,low_lt_15,22,0.3181818181818182,-1.2803136363636363,-28.1669
pead_short,multi_tier_partial,mid_15_25,44,0.5,1.1782840909090908,51.8445
pead_short,next_pivot_target,high_25_40,26,0.6538461538461539,-0.8671961538461539,-22.5471
pead_short,next_pivot_target,low_lt_15,22,0.6363636363636364,-0.8168545454545456,-17.970800000000004
pead_short,next_pivot_target,mid_15_25,44,0.75,0.9022363636363636,39.6984
pead_short,r_multiple_2r,high_25_40,26,0.3076923076923077,-0.682096153846154,-17.734500000000004
pead_short,r_multiple_2r,low_lt_15,22,0.22727272727272727,-1.4489227272727272,-31.8763
pead_short,r_multiple_2r,mid_15_25,44,0.38636363636363635,1.5306522727272727,67.3487
pead_short,r_multiple_3r,high_25_40,26,0.19230769230769232,-1.3020538461538465,-33.85340000000001
pead_short,r_multiple_3r,low_lt_15,22,0.18181818181818182,-0.7310454545454544,-16.083
pead_short,r_multiple_3r,mid_15_25,44,0.25,1.0037954545454548,44.16700000000001
pead_short,regime_flip,high_25_40,26,0.5,1.796157692307692,46.70009999999999
pead_short,regime_flip,low_lt_15,22,0.45454545454545453,-1.8078272727272726,-39.7722
pead_short,regime_flip,mid_15_25,44,0.6136363636363636,1.5380863636363635,67.6758
pead_short,reverse_signal,high_25_40,26,0.19230769230769232,-2.5636884615384616,-66.6559
pead_short,reverse_signal,low_lt_15,22,0.13636363636363635,-1.7964454545454545,-39.5218
pead_short,reverse_signal,mid_15_25,44,0.38636363636363635,0.6434500000000001,28.3118
pead_short,smc_mitigation_zone,high_25_40,26,0.19230769230769232,-2.5636884615384616,-66.6559
pead_short,smc_mitigation_zone,low_lt_15,22,0.13636363636363635,-1.7964454545454545,-39.5218
pead_short,smc_mitigation_zone,mid_15_25,44,0.38636363636363635,0.6434500000000001,28.3118
pead_short,time_stop_10d,high_25_40,26,0.5384615384615384,1.3835923076923078,35.973400000000005
pead_short,time_stop_10d,low_lt_15,22,0.45454545454545453,-0.8742090909090909,-19.2326
pead_short,time_stop_10d,mid_15_25,44,0.5454545454545454,1.8894613636363635,83.13629999999999
pead_short,time_stop_20d,high_25_40,26,0.5,1.796157692307692,46.70009999999999
pead_short,time_stop_20d,low_lt_15,22,0.45454545454545453,-1.8078272727272726,-39.7722
pead_short,time_stop_20d,mid_15_25,44,0.6136363636363636,1.5380863636363635,67.6758
pead_short,trailing_10pct,high_25_40,26,0.38461538461538464,-1.377273076923077,-35.8091
pead_short,trailing_10pct,low_lt_15,22,0.4090909090909091,-2.9038363636363638,-63.8844
pead_short,trailing_10pct,mid_15_25,44,0.29545454545454547,-2.670959090909091,-117.5222
pead_short,trailing_15pct,high_25_40,26,0.34615384615384615,-4.170742307692308,-108.4393
pead_short,trailing_15pct,low_lt_15,22,0.22727272727272727,-4.099645454545454,-90.1922
pead_short,trailing_15pct,mid_15_25,44,0.29545454545454547,-3.934304545454545,-173.1094
pead_short,trailing_5pct,high_25_40,26,0.15384615384615385,-2.598373076923077,-67.5577
pead_short,trailing_5pct,low_lt_15,22,0.045454545454545456,-3.0423090909090913,-66.9308
pead_short,trailing_5pct,mid_15_25,44,0.20454545454545456,-1.6704477272727274,-73.4997
pivot_r1_breakout,atr_trail_1x,high_25_40,6,0.0,-2.37235,-14.2341
pivot_r1_breakout,atr_trail_1x,low_lt_15,2,0.5,0.031299999999999883,0.06259999999999977
pivot_r1_breakout,atr_trail_1x,mid_15_25,16,0.0625,-2.4523375,-39.2374
pivot_r1_breakout,atr_trail_2x,high_25_40,6,0.16666666666666666,-5.509166666666666,-33.055
pivot_r1_breakout,atr_trail_2x,low_lt_15,2,0.5,-4.468249999999999,-8.936499999999999
pivot_r1_breakout,atr_trail_2x,mid_15_25,16,0.1875,-3.71791875,-59.4867
pivot_r1_breakout,atr_trail_mae_conditional,high_25_40,6,0.0,-2.37235,-14.2341
pivot_r1_breakout,atr_trail_mae_conditional,low_lt_15,2,0.5,0.031299999999999883,0.06259999999999977
pivot_r1_breakout,atr_trail_mae_conditional,mid_15_25,16,0.0625,-2.4523375,-39.2374
pivot_r1_breakout,atr_trail_vix_conditional,high_25_40,6,0.0,-3.9440666666666666,-23.6644
pivot_r1_breakout,atr_trail_vix_conditional,low_lt_15,2,0.5,1.30765,2.6153
pivot_r1_breakout,atr_trail_vix_conditional,mid_15_25,16,0.0625,-2.88901875,-46.2243
pivot_r1_breakout,break_even_at_1r,high_25_40,6,0.0,-4.0715,-24.429000000000002
pivot_r1_breakout,break_even_at_1r,low_lt_15,2,0.5,-2.9265499999999998,-5.8530999999999995
pivot_r1_breakout,break_even_at_1r,mid_15_25,16,0.0,-1.8766,-30.0256
pivot_r1_breakout,breakeven_plus_trail,high_25_40,6,0.8333333333333334,7.469316666666668,44.815900000000006
pivot_r1_breakout,breakeven_plus_trail,low_lt_15,2,0.5,-4.928,-9.856
pivot_r1_breakout,breakeven_plus_trail,mid_15_25,16,0.125,-2.416925,-38.6708
pivot_r1_breakout,chandelier_3x,high_25_40,6,0.5,-1.5096166666666668,-9.0577
pivot_r1_breakout,chandelier_3x,low_lt_15,2,0.5,-2.078,-4.156
pivot_r1_breakout,chandelier_3x,mid_15_25,16,0.125,-3.988775,-63.8204
pivot_r1_breakout,class_time_stop,high_25_40,6,0.5,1.2744333333333335,7.646600000000001
pivot_r1_breakout,class_time_stop,low_lt_15,2,0.5,-0.8021500000000001,-1.6043000000000003
pivot_r1_breakout,class_time_stop,mid_15_25,16,0.375,-1.0382437500000001,-16.611900000000002
pivot_r1_breakout,earnings_blackout,high_25_40,6,0.5,32.50998333333333,195.0599
pivot_r1_breakout,earnings_blackout,low_lt_15,2,0.5,-37.278400000000005,-74.55680000000001
pivot_r1_breakout,earnings_blackout,mid_15_25,16,0.3125,12.326775000000001,197.22840000000002
pivot_r1_breakout,fixed_4r_2r,high_25_40,6,0.6666666666666666,1.959216666666667,11.755300000000002
pivot_r1_breakout,fixed_4r_2r,low_lt_15,2,0.0,-20.128149999999998,-40.256299999999996
pivot_r1_breakout,fixed_4r_2r,mid_15_25,16,0.1875,-3.9060624999999995,-62.49699999999999
pivot_r1_breakout,hybrid_50pct_target,high_25_40,6,0.8333333333333334,6.0952166666666665,36.5713
pivot_r1_breakout,hybrid_50pct_target,low_lt_15,2,0.5,9.544,19.088
pivot_r1_breakout,hybrid_50pct_target,mid_15_25,16,0.1875,-6.52426875,-104.3883
pivot_r1_breakout,ma_exit_ema9,high_25_40,6,0.3333333333333333,-0.7410333333333332,-4.446199999999999
pivot_r1_breakout,ma_exit_ema9,low_lt_15,2,0.5,-0.58555,-1.1711
pivot_r1_breakout,ma_exit_ema9,mid_15_25,16,0.25,-2.62075625,-41.9321
pivot_r1_breakout,mfe_lockin_trail,high_25_40,6,0.0,-2.37235,-14.2341
pivot_r1_breakout,mfe_lockin_trail,low_lt_15,2,0.5,0.38050000000000006,0.7610000000000001
pivot_r1_breakout,mfe_lockin_trail,mid_15_25,16,0.0625,-2.4523375,-39.2374
pivot_r1_breakout,multi_tier_partial,high_25_40,6,0.3333333333333333,-1.6068833333333332,-9.6413
pivot_r1_breakout,multi_tier_partial,low_lt_15,2,0.5,0.7205499999999998,1.4410999999999996
pivot_r1_breakout,multi_tier_partial,mid_15_25,16,0.5,-1.0692625,-17.1082
pivot_r1_breakout,next_pivot_target,high_25_40,6,0.8333333333333334,3.844633333333333,23.0678
pivot_r1_breakout,next_pivot_target,low_lt_15,2,1.0,0.6526000000000001,1.3052000000000001
pivot_r1_breakout,next_pivot_target,mid_15_25,16,0.625,-0.8634625000000001,-13.815400000000002
pivot_r1_breakout,r_multiple_2r,high_25_40,6,0.16666666666666666,-3.23495,-19.4097
pivot_r1_breakout,r_multiple_2r,low_lt_15,2,0.5,4.83985,9.6797
pivot_r1_breakout,r_multiple_2r,mid_15_25,16,0.25,-0.18620625000000016,-2.9793000000000025
pivot_r1_breakout,r_multiple_3r,high_25_40,6,0.16666666666666666,-2.3659666666666666,-14.1958
pivot_r1_breakout,r_multiple_3r,low_lt_15,2,0.0,-10.0641,-20.1282
pivot_r1_breakout,r_multiple_3r,mid_15_25,16,0.0625,-3.03795,-48.6072
pivot_r1_breakout,regime_flip,high_25_40,6,0.6666666666666666,7.522133333333334,45.1328
pivot_r1_breakout,regime_flip,low_lt_15,2,0.5,1.8396,3.6792
pivot_r1_breakout,regime_flip,mid_15_25,16,0.3125,-5.829175,-93.2668
pivot_r1_breakout,reverse_signal,high_25_40,6,0.6666666666666666,2.0397333333333334,12.2384
pivot_r1_breakout,reverse_signal,low_lt_15,2,1.0,4.4515,8.903
pivot_r1_breakout,reverse_signal,mid_15_25,16,0.25,-1.0766375,-17.2262
pivot_r1_breakout,smc_mitigation_zone,high_25_40,6,0.0,-2.37235,-14.2341
pivot_r1_breakout,smc_mitigation_zone,low_lt_15,2,0.5,0.031299999999999883,0.06259999999999977
pivot_r1_breakout,smc_mitigation_zone,mid_15_25,16,0.0625,-2.4523375,-39.2374
pivot_r1_breakout,time_stop_10d,high_25_40,6,0.5,2.55735,15.344100000000001
pivot_r1_breakout,time_stop_10d,low_lt_15,2,0.5,-0.4279499999999996,-0.8558999999999992
pivot_r1_breakout,time_stop_10d,mid_15_25,16,0.25,-2.5985,-41.576
pivot_r1_breakout,time_stop_20d,high_25_40,6,0.6666666666666666,7.522133333333334,45.1328
pivot_r1_breakout,time_stop_20d,low_lt_15,2,0.5,1.8396,3.6792
pivot_r1_breakout,time_stop_20d,mid_15_25,16,0.3125,-5.829175,-93.2668
pivot_r1_breakout,trailing_10pct,high_25_40,6,0.5,-0.7024500000000001,-4.214700000000001
pivot_r1_breakout,trailing_10pct,low_lt_15,2,0.5,-0.81765,-1.6353
pivot_r1_breakout,trailing_10pct,mid_15_25,16,0.0625,-5.624975,-89.9996
pivot_r1_breakout,trailing_15pct,high_25_40,6,0.5,2.4971666666666668,14.983
pivot_r1_breakout,trailing_15pct,low_lt_15,2,0.5,-2.7633500000000004,-5.526700000000001
pivot_r1_breakout,trailing_15pct,mid_15_25,16,0.125,-7.8047,-124.8752
pivot_r1_breakout,trailing_5pct,high_25_40,6,0.0,-2.272683333333333,-13.636099999999999
pivot_r1_breakout,trailing_5pct,low_lt_15,2,0.0,-0.6012500000000001,-1.2025000000000001
pivot_r1_breakout,trailing_5pct,mid_15_25,16,0.1875,-2.63714375,-42.1943
pivot_s1_bounce,atr_trail_1x,high_25_40,3,0.0,-3.7311,-11.1933
pivot_s1_bounce,atr_trail_1x,low_lt_15,7,0.2857142857142857,-1.1933,-8.3531
pivot_s1_bounce,atr_trail_1x,mid_15_25,16,0.5625,1.06921875,17.1075
pivot_s1_bounce,atr_trail_2x,high_25_40,3,0.3333333333333333,-0.4184666666666672,-1.2554000000000016
pivot_s1_bounce,atr_trail_2x,low_lt_15,7,0.42857142857142855,0.12391428571428571,0.8674
pivot_s1_bounce,atr_trail_2x,mid_15_25,16,0.625,5.327287500000001,85.23660000000001
pivot_s1_bounce,atr_trail_mae_conditional,high_25_40,3,0.0,-3.7311,-11.1933
pivot_s1_bounce,atr_trail_mae_conditional,low_lt_15,7,0.2857142857142857,-1.1933,-8.3531
pivot_s1_bounce,atr_trail_mae_conditional,mid_15_25,16,0.5625,1.06921875,17.1075
pivot_s1_bounce,atr_trail_vix_conditional,high_25_40,3,0.3333333333333333,-0.8495666666666674,-2.548700000000002
pivot_s1_bounce,atr_trail_vix_conditional,low_lt_15,7,0.14285714285714285,-1.8899428571428571,-13.2296
pivot_s1_bounce,atr_trail_vix_conditional,mid_15_25,16,0.5625,3.37415625,53.9865
pivot_s1_bounce,break_even_at_1r,high_25_40,3,0.0,-3.7311,-11.1933
pivot_s1_bounce,break_even_at_1r,low_lt_15,7,0.14285714285714285,-0.7499285714285716,-5.249500000000001
pivot_s1_bounce,break_even_at_1r,mid_15_25,16,0.4375,12.3450375,197.5206
pivot_s1_bounce,breakeven_plus_trail,high_25_40,3,0.6666666666666666,8.895233333333332,26.685699999999997
pivot_s1_bounce,breakeven_plus_trail,low_lt_15,7,0.42857142857142855,15.935128571428573,111.5459
pivot_s1_bounce,breakeven_plus_trail,mid_15_25,16,0.5,13.041625,208.666
pivot_s1_bounce,chandelier_3x,high_25_40,3,0.0,-3.294333333333333,-9.883
pivot_s1_bounce,chandelier_3x,low_lt_15,7,0.42857142857142855,0.6135,4.2945
pivot_s1_bounce,chandelier_3x,mid_15_25,16,0.375,4.1168125,65.869
pivot_s1_bounce,class_time_stop,high_25_40,3,0.0,-2.392466666666667,-7.1774000000000004
pivot_s1_bounce,class_time_stop,low_lt_15,7,0.7142857142857143,2.9111857142857143,20.3783
pivot_s1_bounce,class_time_stop,mid_15_25,16,0.625,2.3963062500000003,38.340900000000005
pivot_s1_bounce,earnings_blackout,high_25_40,3,1.0,7.004166666666666,21.0125
pivot_s1_bounce,earnings_blackout,low_lt_15,7,0.7142857142857143,31.979771428571432,223.85840000000002
pivot_s1_bounce,earnings_blackout,mid_15_25,16,0.75,3.822825,61.1652
pivot_s1_bounce,fixed_4r_2r,high_25_40,3,0.6666666666666666,8.8837,26.6511
pivot_s1_bounce,fixed_4r_2r,low_lt_15,7,0.42857142857142855,1.474957142857143,10.324700000000002
pivot_s1_bounce,fixed_4r_2r,mid_15_25,16,0.5625,2.5044999999999997,40.071999999999996
pivot_s1_bounce,hybrid_50pct_target,high_25_40,3,1.0,8.047866666666666,24.1436
pivot_s1_bounce,hybrid_50pct_target,low_lt_15,7,0.7142857142857143,2.047614285714286,14.333300000000001
pivot_s1_bounce,hybrid_50pct_target,mid_15_25,16,0.75,9.1849,146.9584
pivot_s1_bounce,ma_exit_ema9,high_25_40,3,0.0,-1.4512666666666665,-4.3538
pivot_s1_bounce,ma_exit_ema9,low_lt_15,7,0.2857142857142857,-1.2473428571428573,-8.7314
pivot_s1_bounce,ma_exit_ema9,mid_15_25,16,0.625,2.59849375,41.5759
pivot_s1_bounce,mfe_lockin_trail,high_25_40,3,0.0,-3.7311,-11.1933
pivot_s1_bounce,mfe_lockin_trail,low_lt_15,7,0.2857142857142857,-1.7812,-12.468399999999999
pivot_s1_bounce,mfe_lockin_trail,mid_15_25,16,0.5625,1.0689437500000003,17.103100000000005
pivot_s1_bounce,multi_tier_partial,high_25_40,3,0.0,-3.7311,-11.1933
pivot_s1_bounce,multi_tier_partial,low_lt_15,7,0.2857142857142857,-1.4095571428571427,-9.8669
pivot_s1_bounce,multi_tier_partial,mid_15_25,16,0.625,1.080575,17.2892
pivot_s1_bounce,next_pivot_target,high_25_40,3,0.6666666666666666,-1.4199,-4.2597
pivot_s1_bounce,next_pivot_target,low_lt_15,7,0.8571428571428571,1.4201857142857144,9.9413
pivot_s1_bounce,next_pivot_target,mid_15_25,16,1.0,2.0856875,33.371
pivot_s1_bounce,r_multiple_2r,high_25_40,3,0.0,-3.7311,-11.1933
pivot_s1_bounce,r_multiple_2r,low_lt_15,7,0.2857142857142857,-1.2835571428571428,-8.9849
pivot_s1_bounce,r_multiple_2r,mid_15_25,16,0.6875,3.7924125,60.6786
pivot_s1_bounce,r_multiple_3r,high_25_40,3,0.0,-3.7311,-11.1933
pivot_s1_bounce,r_multiple_3r,low_lt_15,7,0.2857142857142857,-0.504942857142857,-3.5345999999999993
pivot_s1_bounce,r_multiple_3r,mid_15_25,16,0.5,3.3790625,54.065
pivot_s1_bounce,regime_flip,high_25_40,3,1.0,4.731066666666667,14.193200000000001
pivot_s1_bounce,regime_flip,low_lt_15,7,0.5714285714285714,4.947071428571428,34.6295
pivot_s1_bounce,regime_flip,mid_15_25,16,0.75,7.0083625,112.1338
pivot_s1_bounce,reverse_signal,high_25_40,3,0.0,-3.7311,-11.1933
pivot_s1_bounce,reverse_signal,low_lt_15,7,0.2857142857142857,-1.1933,-8.3531
pivot_s1_bounce,reverse_signal,mid_15_25,16,0.5625,1.06921875,17.1075
pivot_s1_bounce,smc_mitigation_zone,high_25_40,3,0.0,-3.7311,-11.1933
pivot_s1_bounce,smc_mitigation_zone,low_lt_15,7,0.2857142857142857,-1.1933,-8.3531
pivot_s1_bounce,smc_mitigation_zone,mid_15_25,16,0.5625,1.06921875,17.1075
pivot_s1_bounce,time_stop_10d,high_25_40,3,0.3333333333333333,-1.3921666666666666,-4.1765
pivot_s1_bounce,time_stop_10d,low_lt_15,7,0.5714285714285714,3.301428571428571,23.11
pivot_s1_bounce,time_stop_10d,mid_15_25,16,0.75,3.84444375,61.5111
pivot_s1_bounce,time_stop_20d,high_25_40,3,1.0,4.731066666666667,14.193200000000001
pivot_s1_bounce,time_stop_20d,low_lt_15,7,0.5714285714285714,4.947071428571428,34.6295
pivot_s1_bounce,time_stop_20d,mid_15_25,16,0.75,7.0083625,112.1338
pivot_s1_bounce,trailing_10pct,high_25_40,3,0.3333333333333333,-0.2885666666666668,-0.8657000000000004
pivot_s1_bounce,trailing_10pct,low_lt_15,7,0.42857142857142855,-0.9704571428571429,-6.793200000000001
pivot_s1_bounce,trailing_10pct,mid_15_25,16,0.5,8.8226,141.1616
pivot_s1_bounce,trailing_15pct,high_25_40,3,0.6666666666666666,5.2433,15.729899999999999
pivot_s1_bounce,trailing_15pct,low_lt_15,7,0.42857142857142855,5.969514285714284,41.78659999999999
pivot_s1_bounce,trailing_15pct,mid_15_25,16,0.5625,12.823425000000002,205.17480000000003
pivot_s1_bounce,trailing_5pct,high_25_40,3,0.3333333333333333,0.26793333333333297,0.803799999999999
pivot_s1_bounce,trailing_5pct,low_lt_15,7,0.42857142857142855,-0.7610571428571429,-5.3274
pivot_s1_bounce,trailing_5pct,mid_15_25,16,0.5625,1.47741875,23.6387
po3_bearish,atr_trail_1x,crisis_ge_40,4,0.0,-5.1640999999999995,-20.656399999999998
po3_bearish,atr_trail_1x,high_25_40,101,0.18811881188118812,-2.5640485148514855,-258.9689
po3_bearish,atr_trail_1x,low_lt_15,49,0.2857142857142857,-1.3788306122448981,-67.5627
po3_bearish,atr_trail_1x,mid_15_25,173,0.2543352601156069,-1.3880416184971098,-240.1312
po3_bearish,atr_trail_2x,crisis_ge_40,4,0.0,-10.768575,-43.0743
po3_bearish,atr_trail_2x,high_25_40,101,0.2079207920792079,-5.778424752475248,-583.6209
po3_bearish,atr_trail_2x,low_lt_15,49,0.2653061224489796,-1.8489346938775508,-90.59779999999999
po3_bearish,atr_trail_2x,mid_15_25,173,0.37572254335260113,-0.1500630057803467,-25.96089999999998
po3_bearish,atr_trail_mae_conditional,crisis_ge_40,4,0.0,-5.1640999999999995,-20.656399999999998
po3_bearish,atr_trail_mae_conditional,high_25_40,101,0.18811881188118812,-2.5640485148514855,-258.9689
po3_bearish,atr_trail_mae_conditional,low_lt_15,49,0.2857142857142857,-1.3788306122448981,-67.5627
po3_bearish,atr_trail_mae_conditional,mid_15_25,173,0.2543352601156069,-1.3880416184971098,-240.1312
po3_bearish,atr_trail_vix_conditional,crisis_ge_40,4,0.0,-8.19,-32.76
po3_bearish,atr_trail_vix_conditional,high_25_40,101,0.21782178217821782,-3.4682257425742575,-350.2908
po3_bearish,atr_trail_vix_conditional,low_lt_15,49,0.2653061224489796,-1.2293448979591837,-60.2379
po3_bearish,atr_trail_vix_conditional,mid_15_25,173,0.27167630057803466,-1.004428901734104,-173.7662
po3_bearish,break_even_at_1r,crisis_ge_40,4,0.0,-5.1640999999999995,-20.656399999999998
po3_bearish,break_even_at_1r,high_25_40,101,0.07920792079207921,-3.5309019801980197,-356.6211
po3_bearish,break_even_at_1r,low_lt_15,49,0.20408163265306123,-0.818638775510204,-40.113299999999995
po3_bearish,break_even_at_1r,mid_15_25,173,0.15028901734104047,-0.8342930635838152,-144.33270000000002
po3_bearish,breakeven_plus_trail,crisis_ge_40,4,0.0,-10.1602,-40.6408
po3_bearish,breakeven_plus_trail,high_25_40,101,0.2376237623762376,-3.3960821782178217,-343.0043
po3_bearish,breakeven_plus_trail,low_lt_15,49,0.3469387755102041,-0.2860285714285713,-14.015399999999994
po3_bearish,breakeven_plus_trail,mid_15_25,173,0.41040462427745666,1.9692057803468208,340.6726
po3_bearish,chandelier_3x,crisis_ge_40,4,0.0,-11.047275,-44.1891
po3_bearish,chandelier_3x,high_25_40,101,0.13861386138613863,-3.5226782178217824,-355.7905
po3_bearish,chandelier_3x,low_lt_15,49,0.20408163265306123,-1.6951489795918366,-83.0623
po3_bearish,chandelier_3x,mid_15_25,173,0.27167630057803466,-1.1189913294797689,-193.5855
po3_bearish,class_time_stop,crisis_ge_40,4,0.0,-25.1663,-100.6652
po3_bearish,class_time_stop,high_25_40,101,0.3069306930693069,-7.621354455445545,-769.7568
po3_bearish,class_time_stop,low_lt_15,49,0.30612244897959184,-7.683226530612244,-376.4781
po3_bearish,class_time_stop,mid_15_25,173,0.5606936416184971,1.9508514450867052,337.4973
po3_bearish,earnings_blackout,crisis_ge_40,4,0.0,-19.46685,-77.8674
po3_bearish,earnings_blackout,high_25_40,101,0.3564356435643564,-9.677469306930693,-977.4244
po3_bearish,earnings_blackout,low_lt_15,49,0.42857142857142855,-3.1955020408163266,-156.5796
po3_bearish,earnings_blackout,mid_15_25,173,0.5433526011560693,-3.0904057803468206,-534.6401999999999
po3_bearish,fixed_4r_2r,crisis_ge_40,4,0.0,-12.2134,-48.8536
po3_bearish,fixed_4r_2r,high_25_40,101,0.18811881188118812,-6.998846534653466,-706.8835
po3_bearish,fixed_4r_2r,low_lt_15,49,0.22448979591836735,-2.0685591836734694,-101.35940000000001
po3_bearish,fixed_4r_2r,mid_15_25,173,0.37572254335260113,0.2169485549132948,37.5321
po3_bearish,hybrid_50pct_target,crisis_ge_40,4,0.0,-256.985325,-1027.9413
po3_bearish,hybrid_50pct_target,high_25_40,101,0.5643564356435643,-58.52255049504951,-5910.7776
po3_bearish,hybrid_50pct_target,low_lt_15,49,0.7551020408163265,-22.91009591836735,-1122.5947
po3_bearish,hybrid_50pct_target,mid_15_25,173,0.7572254335260116,-8.570730057803468,-1482.7363
po3_bearish,ma_exit_ema9,crisis_ge_40,4,0.25,-7.1194,-28.4776
po3_bearish,ma_exit_ema9,high_25_40,101,0.2079207920792079,-1.9532881188118811,-197.28209999999999
po3_bearish,ma_exit_ema9,low_lt_15,49,0.4897959183673469,-0.5320122448979591,-26.068599999999996
po3_bearish,ma_exit_ema9,mid_15_25,173,0.28901734104046245,-0.9626757225433527,-166.5429
po3_bearish,mfe_lockin_trail,crisis_ge_40,4,0.0,-5.1640999999999995,-20.656399999999998
po3_bearish,mfe_lockin_trail,high_25_40,101,0.19801980198019803,-2.4138316831683166,-243.797
po3_bearish,mfe_lockin_trail,low_lt_15,49,0.2857142857142857,-1.3430714285714287,-65.8105
po3_bearish,mfe_lockin_trail,mid_15_25,173,0.26011560693641617,-1.3582601156069365,-234.979
po3_bearish,multi_tier_partial,crisis_ge_40,4,0.25,-4.7939,-19.1756
po3_bearish,multi_tier_partial,high_25_40,101,0.2871287128712871,-2.3169435643564356,-234.0113
po3_bearish,multi_tier_partial,low_lt_15,49,0.42857142857142855,-0.9272142857142858,-45.4335
po3_bearish,multi_tier_partial,mid_15_25,173,0.3815028901734104,-0.9608179190751446,-166.22150000000002
po3_bearish,next_pivot_target,crisis_ge_40,4,0.5,-3.7515500000000004,-15.006200000000002
po3_bearish,next_pivot_target,high_25_40,101,0.6534653465346535,-1.7712168316831682,-178.8929
po3_bearish,next_pivot_target,low_lt_15,49,0.6938775510204082,-1.5814163265306123,-77.4894
po3_bearish,next_pivot_target,mid_15_25,173,0.791907514450867,0.3707468208092485,64.13919999999999
po3_bearish,r_multiple_2r,crisis_ge_40,4,0.25,-3.0269,-12.1076
po3_bearish,r_multiple_2r,high_25_40,101,0.18811881188118812,-2.9667891089108913,-299.64570000000003
po3_bearish,r_multiple_2r,low_lt_15,49,0.24489795918367346,-1.2342,-60.4758
po3_bearish,r_multiple_2r,mid_15_25,173,0.31213872832369943,-0.007831791907514435,-1.354899999999997
po3_bearish,r_multiple_3r,crisis_ge_40,4,0.0,-6.1067,-24.4268
po3_bearish,r_multiple_3r,high_25_40,101,0.13861386138613863,-3.5812019801980197,-361.7014
po3_bearish,r_multiple_3r,low_lt_15,49,0.22448979591836735,-0.1810673469387755,-8.8723
po3_bearish,r_multiple_3r,mid_15_25,173,0.23699421965317918,0.3187820809248555,55.1493
po3_bearish,regime_flip,crisis_ge_40,4,0.0,-20.461725,-81.8469
po3_bearish,regime_flip,high_25_40,101,0.33663366336633666,-6.444821782178218,-650.927
po3_bearish,regime_flip,low_lt_15,49,0.3877551020408163,-5.2886,-259.1414
po3_bearish,regime_flip,mid_15_25,173,0.5433526011560693,1.5066450867052024,260.6496
po3_bearish,reverse_signal,crisis_ge_40,4,0.0,-5.1640999999999995,-20.656399999999998
po3_bearish,reverse_signal,high_25_40,101,0.18811881188118812,-2.5640485148514855,-258.9689
po3_bearish,reverse_signal,low_lt_15,49,0.2857142857142857,-1.3788306122448981,-67.5627
po3_bearish,reverse_signal,mid_15_25,173,0.2543352601156069,-1.3880416184971098,-240.1312
po3_bearish,smc_mitigation_zone,crisis_ge_40,4,0.0,-5.1640999999999995,-20.656399999999998
po3_bearish,smc_mitigation_zone,high_25_40,101,0.18811881188118812,-2.5640485148514855,-258.9689
po3_bearish,smc_mitigation_zone,low_lt_15,49,0.2857142857142857,-1.3788306122448981,-67.5627
po3_bearish,smc_mitigation_zone,mid_15_25,173,0.2543352601156069,-1.3880416184971098,-240.1312
po3_bearish,time_stop_10d,crisis_ge_40,4,0.0,-10.5581,-42.2324
po3_bearish,time_stop_10d,high_25_40,101,0.3564356435643564,-3.5097811881188115,-354.48789999999997
po3_bearish,time_stop_10d,low_lt_15,49,0.42857142857142855,-1.0419102040816328,-51.05360000000001
po3_bearish,time_stop_10d,mid_15_25,173,0.4797687861271676,0.7345462427745665,127.07650000000001
po3_bearish,time_stop_20d,crisis_ge_40,4,0.0,-20.461725,-81.8469
po3_bearish,time_stop_20d,high_25_40,101,0.33663366336633666,-6.444821782178218,-650.927
po3_bearish,time_stop_20d,low_lt_15,49,0.3877551020408163,-5.2886,-259.1414
po3_bearish,time_stop_20d,mid_15_25,173,0.5433526011560693,1.5066450867052024,260.6496
po3_bearish,trailing_10pct,crisis_ge_40,4,0.0,-8.3697,-33.4788
po3_bearish,trailing_10pct,high_25_40,101,0.2079207920792079,-4.321327722772277,-436.4541
po3_bearish,trailing_10pct,low_lt_15,49,0.2653061224489796,-3.838318367346939,-188.07760000000002
po3_bearish,trailing_10pct,mid_15_25,173,0.2832369942196532,-1.6365086705202312,-283.116
po3_bearish,trailing_15pct,crisis_ge_40,4,0.0,-13.146575,-52.5863
po3_bearish,trailing_15pct,high_25_40,101,0.19801980198019803,-6.15159207920792,-621.3108
po3_bearish,trailing_15pct,low_lt_15,49,0.20408163265306123,-5.799685714285714,-284.1846
po3_bearish,trailing_15pct,mid_15_25,173,0.37572254335260113,-0.6209965317919076,-107.43240000000002
po3_bearish,trailing_5pct,crisis_ge_40,4,0.0,-3.834,-15.336
po3_bearish,trailing_5pct,high_25_40,101,0.15841584158415842,-2.536369306930693,-256.1733
po3_bearish,trailing_5pct,low_lt_15,49,0.16326530612244897,-2.395495918367347,-117.3793
po3_bearish,trailing_5pct,mid_15_25,173,0.27167630057803466,-1.2736907514450868,-220.3485
po3_bullish,atr_trail_1x,crisis_ge_40,1,0.0,-0.7797,-0.7797
po3_bullish,atr_trail_1x,high_25_40,71,0.29577464788732394,-1.56263661971831,-110.94720000000001
po3_bullish,atr_trail_1x,low_lt_15,54,0.25925925925925924,-1.5501666666666667,-83.709
po3_bullish,atr_trail_1x,mid_15_25,192,0.17708333333333334,-2.5682151041666668,-493.0973
po3_bullish,atr_trail_2x,crisis_ge_40,1,0.0,-0.7797,-0.7797
po3_bullish,atr_trail_2x,high_25_40,71,0.39436619718309857,-2.939139436619718,-208.6789
po3_bullish,atr_trail_2x,low_lt_15,54,0.3888888888888889,1.0716796296296298,57.870700000000014
po3_bullish,atr_trail_2x,mid_15_25,192,0.23958333333333334,-2.7859161458333332,-534.8959
po3_bullish,atr_trail_mae_conditional,crisis_ge_40,1,0.0,-0.7797,-0.7797
po3_bullish,atr_trail_mae_conditional,high_25_40,71,0.29577464788732394,-1.56263661971831,-110.94720000000001
po3_bullish,atr_trail_mae_conditional,low_lt_15,54,0.25925925925925924,-1.5501666666666667,-83.709
po3_bullish,atr_trail_mae_conditional,mid_15_25,192,0.17708333333333334,-2.5682151041666668,-493.0973
po3_bullish,atr_trail_vix_conditional,crisis_ge_40,1,0.0,-0.7797,-0.7797
po3_bullish,atr_trail_vix_conditional,high_25_40,71,0.323943661971831,-1.8373352112676054,-130.4508
po3_bullish,atr_trail_vix_conditional,low_lt_15,54,0.16666666666666666,-1.6162981481481482,-87.2801
po3_bullish,atr_trail_vix_conditional,mid_15_25,192,0.19270833333333334,-2.1275927083333332,-408.4978
po3_bullish,break_even_at_1r,crisis_ge_40,1,0.0,-0.7797,-0.7797
po3_bullish,break_even_at_1r,high_25_40,71,0.2112676056338028,-2.0324577464788733,-144.30450000000002
po3_bullish,break_even_at_1r,low_lt_15,54,0.12962962962962962,-0.9000518518518519,-48.6028
po3_bullish,break_even_at_1r,mid_15_25,192,0.09895833333333333,-2.1075536458333333,-404.6503
po3_bullish,breakeven_plus_trail,crisis_ge_40,1,1.0,18.8215,18.8215
po3_bullish,breakeven_plus_trail,high_25_40,71,0.49295774647887325,3.0062633802816903,213.4447
po3_bullish,breakeven_plus_trail,low_lt_15,54,0.3888888888888889,1.5038944444444444,81.2103
po3_bullish,breakeven_plus_trail,mid_15_25,192,0.28125,2.1388869791666667,410.66630000000004
po3_bullish,chandelier_3x,crisis_ge_40,1,1.0,14.6752,14.6752
po3_bullish,chandelier_3x,high_25_40,71,0.14084507042253522,-2.3775338028169015,-168.8049
po3_bullish,chandelier_3x,low_lt_15,54,0.2777777777777778,4.3067981481481485,232.5671
po3_bullish,chandelier_3x,mid_15_25,192,0.11979166666666667,-1.7524786458333332,-336.47589999999997
po3_bullish,class_time_stop,crisis_ge_40,1,1.0,10.1415,10.1415
po3_bullish,class_time_stop,high_25_40,71,0.647887323943662,6.969385915492958,494.8264
po3_bullish,class_time_stop,low_lt_15,54,0.5370370370370371,3.5666722222222216,192.60029999999998
po3_bullish,class_time_stop,mid_15_25,192,0.4010416666666667,-2.8602229166666664,-549.1628
po3_bullish,earnings_blackout,crisis_ge_40,1,1.0,32.0238,32.0238
po3_bullish,earnings_blackout,high_25_40,71,0.6197183098591549,18.228978873239434,1294.2575
po3_bullish,earnings_blackout,low_lt_15,54,0.5370370370370371,6.098688888888888,329.32919999999996
po3_bullish,earnings_blackout,mid_15_25,192,0.4270833333333333,1.3473031249999998,258.68219999999997
po3_bullish,fixed_4r_2r,crisis_ge_40,1,1.0,22.0665,22.0665
po3_bullish,fixed_4r_2r,high_25_40,71,0.4225352112676056,2.313669014084507,164.2705
po3_bullish,fixed_4r_2r,low_lt_15,54,0.42592592592592593,3.649927777777777,197.09609999999998
po3_bullish,fixed_4r_2r,mid_15_25,192,0.2604166666666667,-2.9900859375,-574.0965
po3_bullish,hybrid_50pct_target,crisis_ge_40,1,1.0,11.1469,11.1469
po3_bullish,hybrid_50pct_target,high_25_40,71,0.5070422535211268,2.332874647887324,165.63410000000002
po3_bullish,hybrid_50pct_target,low_lt_15,54,0.5925925925925926,2.9562537037037036,159.6377
po3_bullish,hybrid_50pct_target,mid_15_25,192,0.390625,-1.5426635416666665,-296.1914
po3_bullish,ma_exit_ema9,crisis_ge_40,1,1.0,8.4031,8.4031
po3_bullish,ma_exit_ema9,high_25_40,71,0.323943661971831,-0.9604605633802817,-68.1927
po3_bullish,ma_exit_ema9,low_lt_15,54,0.3888888888888889,0.07620370370370375,4.115000000000002
po3_bullish,ma_exit_ema9,mid_15_25,192,0.2864583333333333,-0.6342567708333334,-121.77730000000001
po3_bullish,mfe_lockin_trail,crisis_ge_40,1,0.0,-0.7797,-0.7797
po3_bullish,mfe_lockin_trail,high_25_40,71,0.29577464788732394,-1.588749295774648,-112.80120000000001
po3_bullish,mfe_lockin_trail,low_lt_15,54,0.25925925925925924,-1.4089407407407408,-76.0828
po3_bullish,mfe_lockin_trail,mid_15_25,192,0.1875,-2.5436916666666667,-488.3888
po3_bullish,multi_tier_partial,crisis_ge_40,1,1.0,5.2567,5.2567
po3_bullish,multi_tier_partial,high_25_40,71,0.39436619718309857,-1.0916845070422534,-77.50959999999999
po3_bullish,multi_tier_partial,low_lt_15,54,0.5,-0.7000037037037037,-37.8002
po3_bullish,multi_tier_partial,mid_15_25,192,0.3645833333333333,-1.9716010416666665,-378.5474
po3_bullish,next_pivot_target,crisis_ge_40,1,1.0,0.4853,0.4853
po3_bullish,next_pivot_target,high_25_40,71,0.7605633802816901,0.4066225352112676,28.8702
po3_bullish,next_pivot_target,low_lt_15,54,0.8333333333333334,0.8459296296296296,45.6802
po3_bullish,next_pivot_target,mid_15_25,192,0.6875,-1.4363010416666666,-275.7698
po3_bullish,r_multiple_2r,crisis_ge_40,1,1.0,11.0333,11.0333
po3_bullish,r_multiple_2r,high_25_40,71,0.3380281690140845,-0.33841549295774653,-24.027500000000003
po3_bullish,r_multiple_2r,low_lt_15,54,0.4074074074074074,1.3140129629629629,70.9567
po3_bullish,r_multiple_2r,mid_15_25,192,0.24479166666666666,-1.8582,-356.7744
po3_bullish,r_multiple_3r,crisis_ge_40,1,1.0,16.5499,16.5499
po3_bullish,r_multiple_3r,high_25_40,71,0.29577464788732394,0.3650126760563379,25.915899999999993
po3_bullish,r_multiple_3r,low_lt_15,54,0.3333333333333333,1.9976703703703704,107.8742
po3_bullish,r_multiple_3r,mid_15_25,192,0.18229166666666666,-1.8959588541666665,-364.0241
po3_bullish,regime_flip,crisis_ge_40,1,1.0,29.0248,29.0248
po3_bullish,regime_flip,high_25_40,71,0.647887323943662,3.049388732394366,216.5066
po3_bullish,regime_flip,low_lt_15,54,0.6481481481481481,3.8843796296296293,209.7565
po3_bullish,regime_flip,mid_15_25,192,0.3802083333333333,-3.5926890625,-689.7963
po3_bullish,reverse_signal,crisis_ge_40,1,0.0,-0.7797,-0.7797
po3_bullish,reverse_signal,high_25_40,71,0.29577464788732394,-1.56263661971831,-110.94720000000001
po3_bullish,reverse_signal,low_lt_15,54,0.25925925925925924,-1.5501666666666667,-83.709
po3_bullish,reverse_signal,mid_15_25,192,0.17708333333333334,-2.5682151041666668,-493.0973
po3_bullish,smc_mitigation_zone,crisis_ge_40,1,0.0,-0.7797,-0.7797
po3_bullish,smc_mitigation_zone,high_25_40,71,0.29577464788732394,-1.56263661971831,-110.94720000000001
po3_bullish,smc_mitigation_zone,low_lt_15,54,0.25925925925925924,-1.5501666666666667,-83.709
po3_bullish,smc_mitigation_zone,mid_15_25,192,0.17708333333333334,-2.5682151041666668,-493.0973
po3_bullish,time_stop_10d,crisis_ge_40,1,1.0,9.969,9.969
po3_bullish,time_stop_10d,high_25_40,71,0.49295774647887325,-1.6099971830985915,-114.3098
po3_bullish,time_stop_10d,low_lt_15,54,0.5370370370370371,2.2013629629629627,118.8736
po3_bullish,time_stop_10d,mid_15_25,192,0.3645833333333333,-3.3667776041666664,-646.4213
po3_bullish,time_stop_20d,crisis_ge_40,1,1.0,29.0248,29.0248
po3_bullish,time_stop_20d,high_25_40,71,0.647887323943662,3.049388732394366,216.5066
po3_bullish,time_stop_20d,low_lt_15,54,0.6481481481481481,3.8843796296296293,209.7565
po3_bullish,time_stop_20d,mid_15_25,192,0.3802083333333333,-3.5926890625,-689.7963
po3_bullish,trailing_10pct,crisis_ge_40,1,0.0,-0.7797,-0.7797
po3_bullish,trailing_10pct,high_25_40,71,0.4084507042253521,-0.5813422535211268,-41.2753
po3_bullish,trailing_10pct,low_lt_15,54,0.35185185185185186,-1.2158407407407408,-65.6554
po3_bullish,trailing_10pct,mid_15_25,192,0.2552083333333333,-2.2540765625,-432.7827
po3_bullish,trailing_15pct,crisis_ge_40,1,1.0,12.2203,12.2203
po3_bullish,trailing_15pct,high_25_40,71,0.36619718309859156,-0.8643323943661972,-61.3676
po3_bullish,trailing_15pct,low_lt_15,54,0.4444444444444444,4.293535185185185,231.8509
po3_bullish,trailing_15pct,mid_15_25,192,0.2760416666666667,-0.5664697916666666,-108.76219999999998
po3_bullish,trailing_5pct,crisis_ge_40,1,0.0,-0.7797,-0.7797
po3_bullish,trailing_5pct,high_25_40,71,0.29577464788732394,-1.6552591549295774,-117.5234
po3_bullish,trailing_5pct,low_lt_15,54,0.24074074074074073,-1.1353574074074073,-61.3093
po3_bullish,trailing_5pct,mid_15_25,192,0.14583333333333334,-2.6562880208333333,-510.0073
po3_htf_aligned_long,atr_trail_1x,high_25_40,10,0.1,-3.63389,-36.3389
po3_htf_aligned_long,atr_trail_1x,low_lt_15,7,0.42857142857142855,1.1945857142857144,8.3621
po3_htf_aligned_long,atr_trail_1x,mid_15_25,23,0.17391304347826086,-2.502017391304348,-57.5464
po3_htf_aligned_long,atr_trail_2x,high_25_40,10,0.2,-4.17481,-41.7481
po3_htf_aligned_long,atr_trail_2x,low_lt_15,7,0.42857142857142855,2.7699857142857147,19.389900000000004
po3_htf_aligned_long,atr_trail_2x,mid_15_25,23,0.21739130434782608,0.997365217391304,22.939399999999992
po3_htf_aligned_long,atr_trail_mae_conditional,high_25_40,10,0.1,-3.63389,-36.3389
po3_htf_aligned_long,atr_trail_mae_conditional,low_lt_15,7,0.42857142857142855,1.1945857142857144,8.3621
po3_htf_aligned_long,atr_trail_mae_conditional,mid_15_25,23,0.17391304347826086,-2.502017391304348,-57.5464
po3_htf_aligned_long,atr_trail_vix_conditional,high_25_40,10,0.3,-2.33264,-23.3264
po3_htf_aligned_long,atr_trail_vix_conditional,low_lt_15,7,0.2857142857142857,-1.4198857142857142,-9.9392
po3_htf_aligned_long,atr_trail_vix_conditional,mid_15_25,23,0.13043478260869565,-2.330608695652174,-53.604
po3_htf_aligned_long,break_even_at_1r,high_25_40,10,0.0,-4.50769,-45.0769
po3_htf_aligned_long,break_even_at_1r,low_lt_15,7,0.0,-1.594685714285714,-11.162799999999999
po3_htf_aligned_long,break_even_at_1r,mid_15_25,23,0.043478260869565216,-1.3869434782608696,-31.899700000000003
po3_htf_aligned_long,breakeven_plus_trail,high_25_40,10,0.2,-2.9492,-29.491999999999997
po3_htf_aligned_long,breakeven_plus_trail,low_lt_15,7,0.42857142857142855,3.6016428571428567,25.211499999999997
po3_htf_aligned_long,breakeven_plus_trail,mid_15_25,23,0.34782608695652173,7.810430434782609,179.6399
po3_htf_aligned_long,chandelier_3x,high_25_40,10,0.2,-2.3500799999999997,-23.500799999999998
po3_htf_aligned_long,chandelier_3x,low_lt_15,7,0.2857142857142857,2.1952999999999996,15.367099999999997
po3_htf_aligned_long,chandelier_3x,mid_15_25,23,0.21739130434782608,1.6609782608695653,38.2025
po3_htf_aligned_long,class_time_stop,high_25_40,10,0.5,2.78836,27.8836
po3_htf_aligned_long,class_time_stop,low_lt_15,7,0.7142857142857143,3.813385714285715,26.693700000000003
po3_htf_aligned_long,class_time_stop,mid_15_25,23,0.391304347826087,-1.482747826086956,-34.10319999999999
po3_htf_aligned_long,earnings_blackout,high_25_40,10,0.4,18.17432,181.7432
po3_htf_aligned_long,earnings_blackout,low_lt_15,7,0.42857142857142855,-5.784742857142858,-40.4932
po3_htf_aligned_long,earnings_blackout,mid_15_25,23,0.5217391304347826,11.085126086956521,254.9579
po3_htf_aligned_long,fixed_4r_2r,high_25_40,10,0.3,-0.37132999999999994,-3.7132999999999994
po3_htf_aligned_long,fixed_4r_2r,low_lt_15,7,0.2857142857142857,-0.12961428571428554,-0.9072999999999989
po3_htf_aligned_long,fixed_4r_2r,mid_15_25,23,0.391304347826087,6.940226086956522,159.6252
po3_htf_aligned_long,hybrid_50pct_target,high_25_40,10,0.4,0.7874099999999999,7.874099999999999
po3_htf_aligned_long,hybrid_50pct_target,low_lt_15,7,0.2857142857142857,-2.6275,-18.3925
po3_htf_aligned_long,hybrid_50pct_target,mid_15_25,23,0.5217391304347826,0.4791652173913044,11.020800000000001
po3_htf_aligned_long,ma_exit_ema9,high_25_40,10,0.3,-3.3595200000000007,-33.595200000000006
po3_htf_aligned_long,ma_exit_ema9,low_lt_15,7,0.2857142857142857,-0.7147,-5.0029
po3_htf_aligned_long,ma_exit_ema9,mid_15_25,23,0.21739130434782608,3.0306260869565214,69.70439999999999
po3_htf_aligned_long,mfe_lockin_trail,high_25_40,10,0.1,-3.63389,-36.3389
po3_htf_aligned_long,mfe_lockin_trail,low_lt_15,7,0.42857142857142855,0.3858714285714286,2.7011000000000003
po3_htf_aligned_long,mfe_lockin_trail,mid_15_25,23,0.17391304347826086,-2.502017391304348,-57.5464
po3_htf_aligned_long,multi_tier_partial,high_25_40,10,0.3,-3.00181,-30.0181
po3_htf_aligned_long,multi_tier_partial,low_lt_15,7,0.5714285714285714,-0.575842857142857,-4.030899999999999
po3_htf_aligned_long,multi_tier_partial,mid_15_25,23,0.2608695652173913,-2.030734782608696,-46.706900000000005
po3_htf_aligned_long,next_pivot_target,high_25_40,10,0.7,-0.70034,-7.0034
po3_htf_aligned_long,next_pivot_target,low_lt_15,7,0.7142857142857143,-1.337257142857143,-9.360800000000001
po3_htf_aligned_long,next_pivot_target,mid_15_25,23,0.7391304347826086,5.94861304347826,136.8181
po3_htf_aligned_long,r_multiple_2r,high_25_40,10,0.3,-1.18085,-11.808499999999999
po3_htf_aligned_long,r_multiple_2r,low_lt_15,7,0.42857142857142855,0.9942571428571428,6.9597999999999995
po3_htf_aligned_long,r_multiple_2r,mid_15_25,23,0.34782608695652173,0.49317391304347824,11.343
po3_htf_aligned_long,r_multiple_3r,high_25_40,10,0.3,0.2122599999999996,2.122599999999996
po3_htf_aligned_long,r_multiple_3r,low_lt_15,7,0.2857142857142857,1.2849571428571431,8.994700000000002
po3_htf_aligned_long,r_multiple_3r,mid_15_25,23,0.17391304347826086,-1.4921217391304347,-34.318799999999996
po3_htf_aligned_long,regime_flip,high_25_40,10,0.4,-0.02287999999999988,-0.22879999999999878
po3_htf_aligned_long,regime_flip,low_lt_15,7,0.42857142857142855,1.7322571428571432,12.125800000000002
po3_htf_aligned_long,regime_flip,mid_15_25,23,0.43478260869565216,1.230956521739131,28.312000000000012
po3_htf_aligned_long,reverse_signal,high_25_40,10,0.1,-3.63389,-36.3389
po3_htf_aligned_long,reverse_signal,low_lt_15,7,0.42857142857142855,1.1945857142857144,8.3621
po3_htf_aligned_long,reverse_signal,mid_15_25,23,0.17391304347826086,-2.502017391304348,-57.5464
po3_htf_aligned_long,smc_mitigation_zone,high_25_40,10,0.1,-3.63389,-36.3389
po3_htf_aligned_long,smc_mitigation_zone,low_lt_15,7,0.42857142857142855,1.1945857142857144,8.3621
po3_htf_aligned_long,smc_mitigation_zone,mid_15_25,23,0.17391304347826086,-2.502017391304348,-57.5464
po3_htf_aligned_long,time_stop_10d,high_25_40,10,0.5,-2.60795,-26.079500000000003
po3_htf_aligned_long,time_stop_10d,low_lt_15,7,0.42857142857142855,-4.164728571428571,-29.153100000000002
po3_htf_aligned_long,time_stop_10d,mid_15_25,23,0.5217391304347826,-0.3176869565217392,-7.306800000000003
po3_htf_aligned_long,time_stop_20d,high_25_40,10,0.4,-0.02287999999999988,-0.22879999999999878
po3_htf_aligned_long,time_stop_20d,low_lt_15,7,0.42857142857142855,1.7322571428571432,12.125800000000002
po3_htf_aligned_long,time_stop_20d,mid_15_25,23,0.43478260869565216,1.230956521739131,28.312000000000012
po3_htf_aligned_long,trailing_10pct,high_25_40,10,0.2,-4.00802,-40.0802
po3_htf_aligned_long,trailing_10pct,low_lt_15,7,0.2857142857142857,-1.3945714285714292,-9.762000000000004
po3_htf_aligned_long,trailing_10pct,mid_15_25,23,0.30434782608695654,0.21164347826086938,4.8677999999999955
po3_htf_aligned_long,trailing_15pct,high_25_40,10,0.2,-4.52142,-45.2142
po3_htf_aligned_long,trailing_15pct,low_lt_15,7,0.42857142857142855,-2.911057142857143,-20.3774
po3_htf_aligned_long,trailing_15pct,mid_15_25,23,0.30434782608695654,3.407778260869566,78.37890000000002
po3_htf_aligned_long,trailing_5pct,high_25_40,10,0.0,-4.03331,-40.3331
po3_htf_aligned_long,trailing_5pct,low_lt_15,7,0.42857142857142855,1.5343142857142857,10.7402
po3_htf_aligned_long,trailing_5pct,mid_15_25,23,0.2608695652173913,-1.4165434782608697,-32.5805
po3_htf_aligned_short,atr_trail_1x,high_25_40,11,0.2727272727272727,-0.9906545454545456,-10.897200000000002
po3_htf_aligned_short,atr_trail_1x,low_lt_15,7,0.14285714285714285,-1.1090714285714287,-7.7635000000000005
po3_htf_aligned_short,atr_trail_1x,mid_15_25,28,0.25,-4.192182142857143,-117.3811
po3_htf_aligned_short,atr_trail_2x,high_25_40,11,0.5454545454545454,-0.9294909090909094,-10.224400000000003
po3_htf_aligned_short,atr_trail_2x,low_lt_15,7,0.2857142857142857,0.5484428571428571,3.8391
po3_htf_aligned_short,atr_trail_2x,mid_15_25,28,0.32142857142857145,0.6993785714285714,19.5826
po3_htf_aligned_short,atr_trail_mae_conditional,high_25_40,11,0.2727272727272727,-0.9906545454545456,-10.897200000000002
po3_htf_aligned_short,atr_trail_mae_conditional,low_lt_15,7,0.14285714285714285,-1.1090714285714287,-7.7635000000000005
po3_htf_aligned_short,atr_trail_mae_conditional,mid_15_25,28,0.25,-4.192182142857143,-117.3811
po3_htf_aligned_short,atr_trail_vix_conditional,high_25_40,11,0.36363636363636365,-1.403518181818182,-15.438700000000004
po3_htf_aligned_short,atr_trail_vix_conditional,low_lt_15,7,0.14285714285714285,-0.7128714285714286,-4.9901
po3_htf_aligned_short,atr_trail_vix_conditional,mid_15_25,28,0.35714285714285715,-3.5832928571428573,-100.3322
po3_htf_aligned_short,break_even_at_1r,high_25_40,11,0.2727272727272727,-2.7076272727272723,-29.783899999999996
po3_htf_aligned_short,break_even_at_1r,low_lt_15,7,0.2857142857142857,2.624285714285714,18.369999999999997
po3_htf_aligned_short,break_even_at_1r,mid_15_25,28,0.17857142857142858,-4.082417857142857,-114.3077
po3_htf_aligned_short,breakeven_plus_trail,high_25_40,11,0.6363636363636364,5.089736363636363,55.9871
po3_htf_aligned_short,breakeven_plus_trail,low_lt_15,7,0.2857142857142857,0.9554142857142855,6.687899999999999
po3_htf_aligned_short,breakeven_plus_trail,mid_15_25,28,0.5714285714285714,5.7041321428571425,159.7157
po3_htf_aligned_short,chandelier_3x,high_25_40,11,0.36363636363636365,-0.2380000000000001,-2.618000000000001
po3_htf_aligned_short,chandelier_3x,low_lt_15,7,0.14285714285714285,-1.0519571428571426,-7.363699999999998
po3_htf_aligned_short,chandelier_3x,mid_15_25,28,0.17857142857142858,-3.1446785714285714,-88.051
po3_htf_aligned_short,class_time_stop,high_25_40,11,0.7272727272727273,3.7991727272727274,41.7909
po3_htf_aligned_short,class_time_stop,low_lt_15,7,0.5714285714285714,2.233128571428572,15.631900000000002
po3_htf_aligned_short,class_time_stop,mid_15_25,28,0.42857142857142855,0.16421785714285736,4.598100000000006
po3_htf_aligned_short,earnings_blackout,high_25_40,11,0.45454545454545453,-2.0092000000000003,-22.101200000000002
po3_htf_aligned_short,earnings_blackout,low_lt_15,7,0.2857142857142857,-31.89817142857143,-223.2872
po3_htf_aligned_short,earnings_blackout,mid_15_25,28,0.6428571428571429,3.399942857142857,95.19839999999999
po3_htf_aligned_short,fixed_4r_2r,high_25_40,11,0.2727272727272727,-3.38150909090909,-37.19659999999999
po3_htf_aligned_short,fixed_4r_2r,low_lt_15,7,0.2857142857142857,1.9248999999999996,13.474299999999998
po3_htf_aligned_short,fixed_4r_2r,mid_15_25,28,0.5714285714285714,10.446335714285713,292.49739999999997
po3_htf_aligned_short,hybrid_50pct_target,high_25_40,11,0.9090909090909091,18.956854545454544,208.5254
po3_htf_aligned_short,hybrid_50pct_target,low_lt_15,7,0.8571428571428571,7.771728571428571,54.4021
po3_htf_aligned_short,hybrid_50pct_target,mid_15_25,28,0.8214285714285714,8.009210714285715,224.2579
po3_htf_aligned_short,ma_exit_ema9,high_25_40,11,0.2727272727272727,-3.6096727272727276,-39.7064
po3_htf_aligned_short,ma_exit_ema9,low_lt_15,7,0.7142857142857143,1.170157142857143,8.1911
po3_htf_aligned_short,ma_exit_ema9,mid_15_25,28,0.32142857142857145,-1.2821285714285715,-35.8996
po3_htf_aligned_short,mfe_lockin_trail,high_25_40,11,0.2727272727272727,-0.9664181818181817,-10.6306
po3_htf_aligned_short,mfe_lockin_trail,low_lt_15,7,0.14285714285714285,-1.1090714285714287,-7.7635000000000005
po3_htf_aligned_short,mfe_lockin_trail,mid_15_25,28,0.25,-4.239007142857143,-118.6922
po3_htf_aligned_short,multi_tier_partial,high_25_40,11,0.36363636363636365,-0.9318909090909092,-10.250800000000002
po3_htf_aligned_short,multi_tier_partial,low_lt_15,7,0.2857142857142857,-0.5411857142857144,-3.7883000000000004
po3_htf_aligned_short,multi_tier_partial,mid_15_25,28,0.25,-4.100839285714286,-114.8235
po3_htf_aligned_short,next_pivot_target,high_25_40,11,0.7272727272727273,-0.9996818181818182,-10.996500000000001
po3_htf_aligned_short,next_pivot_target,low_lt_15,7,0.7142857142857143,-0.7727428571428572,-5.4092
po3_htf_aligned_short,next_pivot_target,mid_15_25,28,0.5357142857142857,-2.667567857142857,-74.6919
po3_htf_aligned_short,r_multiple_2r,high_25_40,11,0.36363636363636365,0.5127727272727273,5.640499999999999
po3_htf_aligned_short,r_multiple_2r,low_lt_15,7,0.42857142857142855,2.209885714285714,15.469199999999997
po3_htf_aligned_short,r_multiple_2r,mid_15_25,28,0.25,-3.0515714285714286,-85.444
po3_htf_aligned_short,r_multiple_3r,high_25_40,11,0.18181818181818182,-3.126254545454546,-34.3888
po3_htf_aligned_short,r_multiple_3r,low_lt_15,7,0.2857142857142857,2.794371428571428,19.560599999999997
po3_htf_aligned_short,r_multiple_3r,mid_15_25,28,0.21428571428571427,-2.8191892857142853,-78.9373
po3_htf_aligned_short,regime_flip,high_25_40,11,0.6363636363636364,3.0416818181818184,33.4585
po3_htf_aligned_short,regime_flip,low_lt_15,7,0.42857142857142855,-4.978028571428571,-34.846199999999996
po3_htf_aligned_short,regime_flip,mid_15_25,28,0.5714285714285714,2.054521428571429,57.52660000000001
po3_htf_aligned_short,reverse_signal,high_25_40,11,0.2727272727272727,-0.9906545454545456,-10.897200000000002
po3_htf_aligned_short,reverse_signal,low_lt_15,7,0.14285714285714285,-1.1090714285714287,-7.7635000000000005
po3_htf_aligned_short,reverse_signal,mid_15_25,28,0.25,-4.192182142857143,-117.3811
po3_htf_aligned_short,smc_mitigation_zone,high_25_40,11,0.2727272727272727,-0.9906545454545456,-10.897200000000002
po3_htf_aligned_short,smc_mitigation_zone,low_lt_15,7,0.14285714285714285,-1.1090714285714287,-7.7635000000000005
po3_htf_aligned_short,smc_mitigation_zone,mid_15_25,28,0.25,-4.192182142857143,-117.3811
po3_htf_aligned_short,time_stop_10d,high_25_40,11,0.5454545454545454,3.3977636363636363,37.3754
po3_htf_aligned_short,time_stop_10d,low_lt_15,7,0.42857142857142855,-3.576514285714286,-25.035600000000002
po3_htf_aligned_short,time_stop_10d,mid_15_25,28,0.6071428571428571,1.5872107142857144,44.441900000000004
po3_htf_aligned_short,time_stop_20d,high_25_40,11,0.6363636363636364,3.0416818181818184,33.4585
po3_htf_aligned_short,time_stop_20d,low_lt_15,7,0.42857142857142855,-4.978028571428571,-34.846199999999996
po3_htf_aligned_short,time_stop_20d,mid_15_25,28,0.5714285714285714,2.054521428571429,57.52660000000001
po3_htf_aligned_short,trailing_10pct,high_25_40,11,0.2727272727272727,-2.646890909090909,-29.1158
po3_htf_aligned_short,trailing_10pct,low_lt_15,7,0.2857142857142857,-0.8266428571428571,-5.7865
po3_htf_aligned_short,trailing_10pct,mid_15_25,28,0.2857142857142857,-3.7717392857142857,-105.6087
po3_htf_aligned_short,trailing_15pct,high_25_40,11,0.36363636363636365,-3.5557,-39.1127
po3_htf_aligned_short,trailing_15pct,low_lt_15,7,0.2857142857142857,-4.986114285714286,-34.9028
po3_htf_aligned_short,trailing_15pct,mid_15_25,28,0.35714285714285715,-2.5088535714285713,-70.2479
po3_htf_aligned_short,trailing_5pct,high_25_40,11,0.0,-3.344127272727273,-36.7854
po3_htf_aligned_short,trailing_5pct,low_lt_15,7,0.42857142857142855,0.23015714285714273,1.611099999999999
po3_htf_aligned_short,trailing_5pct,mid_15_25,28,0.25,-2.048582142857143,-57.3603
ppo_crossover,atr_trail_1x,high_25_40,15,0.26666666666666666,-2.6222733333333332,-39.3341
ppo_crossover,atr_trail_1x,low_lt_15,6,0.5,-2.0911666666666666,-12.547
ppo_crossover,atr_trail_1x,mid_15_25,45,0.2222222222222222,-2.1671022222222223,-97.5196
ppo_crossover,atr_trail_2x,high_25_40,15,0.3333333333333333,-2.738613333333333,-41.07919999999999
ppo_crossover,atr_trail_2x,low_lt_15,6,0.5,3.5635833333333324,21.381499999999996
ppo_crossover,atr_trail_2x,mid_15_25,45,0.3111111111111111,-2.2458866666666664,-101.0649
ppo_crossover,atr_trail_mae_conditional,high_25_40,15,0.26666666666666666,-2.6222733333333332,-39.3341
ppo_crossover,atr_trail_mae_conditional,low_lt_15,6,0.5,-2.0911666666666666,-12.547
ppo_crossover,atr_trail_mae_conditional,mid_15_25,45,0.2222222222222222,-2.1671022222222223,-97.5196
ppo_crossover,atr_trail_vix_conditional,high_25_40,15,0.26666666666666666,-1.2647666666666666,-18.9715
ppo_crossover,atr_trail_vix_conditional,low_lt_15,6,0.16666666666666666,-3.560033333333333,-21.3602
ppo_crossover,atr_trail_vix_conditional,mid_15_25,45,0.24444444444444444,-2.0220177777777777,-90.9908
ppo_crossover,break_even_at_1r,high_25_40,15,0.13333333333333333,-0.20902666666666664,-3.1353999999999997
ppo_crossover,break_even_at_1r,low_lt_15,6,0.16666666666666666,-4.729016666666666,-28.3741
ppo_crossover,break_even_at_1r,mid_15_25,45,0.15555555555555556,-1.8374755555555558,-82.6864
ppo_crossover,breakeven_plus_trail,high_25_40,15,0.4666666666666667,8.706293333333333,130.5944
ppo_crossover,breakeven_plus_trail,low_lt_15,6,0.5,12.2301,73.3806
ppo_crossover,breakeven_plus_trail,mid_15_25,45,0.37777777777777777,-0.5646888888888889,-25.411
ppo_crossover,chandelier_3x,high_25_40,15,0.0,-2.4727266666666665,-37.0909
ppo_crossover,chandelier_3x,low_lt_15,6,0.16666666666666666,2.80555,16.8333
ppo_crossover,chandelier_3x,mid_15_25,45,0.1111111111111111,0.35547777777777767,15.996499999999994
ppo_crossover,class_time_stop,high_25_40,15,0.5333333333333333,1.8495533333333334,27.7433
ppo_crossover,class_time_stop,low_lt_15,6,0.5,4.285483333333333,25.712899999999998
ppo_crossover,class_time_stop,mid_15_25,45,0.5333333333333333,-2.741775555555556,-123.37990000000002
ppo_crossover,earnings_blackout,high_25_40,15,0.4,-5.714733333333333,-85.721
ppo_crossover,earnings_blackout,low_lt_15,6,0.3333333333333333,-37.629016666666665,-225.77409999999998
ppo_crossover,earnings_blackout,mid_15_25,45,0.5111111111111111,-0.800488888888889,-36.022000000000006
ppo_crossover,fixed_4r_2r,high_25_40,15,0.4,3.8312000000000004,57.468
ppo_crossover,fixed_4r_2r,low_lt_15,6,0.3333333333333333,-6.2495,-37.497
ppo_crossover,fixed_4r_2r,mid_15_25,45,0.3333333333333333,-3.349708888888889,-150.7369
ppo_crossover,hybrid_50pct_target,high_25_40,15,0.4,3.2850933333333336,49.2764
ppo_crossover,hybrid_50pct_target,low_lt_15,6,0.5,-121.33728333333335,-728.0237000000001
ppo_crossover,hybrid_50pct_target,mid_15_25,45,0.5777777777777777,-5.354142222222222,-240.9364
ppo_crossover,ma_exit_ema9,high_25_40,15,0.26666666666666666,0.5606000000000002,8.409000000000002
ppo_crossover,ma_exit_ema9,low_lt_15,6,0.5,1.1011833333333334,6.607100000000001
ppo_crossover,ma_exit_ema9,mid_15_25,45,0.15555555555555556,-0.8940444444444444,-40.232
ppo_crossover,mfe_lockin_trail,high_25_40,15,0.26666666666666666,-3.010693333333333,-45.160399999999996
ppo_crossover,mfe_lockin_trail,low_lt_15,6,0.5,-1.6846166666666669,-10.107700000000001
ppo_crossover,mfe_lockin_trail,mid_15_25,45,0.2222222222222222,-2.098131111111111,-94.4159
ppo_crossover,multi_tier_partial,high_25_40,15,0.4666666666666667,-1.5290066666666666,-22.9351
ppo_crossover,multi_tier_partial,low_lt_15,6,0.5,-2.4607500000000004,-14.764500000000002
ppo_crossover,multi_tier_partial,mid_15_25,45,0.35555555555555557,-1.1266933333333333,-50.7012
ppo_crossover,next_pivot_target,high_25_40,15,0.6666666666666666,-2.760753333333333,-41.4113
ppo_crossover,next_pivot_target,low_lt_15,6,0.5,-1.7151166666666666,-10.2907
ppo_crossover,next_pivot_target,mid_15_25,45,0.6888888888888889,-1.1770311111111111,-52.9664
ppo_crossover,r_multiple_2r,high_25_40,15,0.13333333333333333,-5.042813333333333,-75.6422
ppo_crossover,r_multiple_2r,low_lt_15,6,0.3333333333333333,-2.970333333333333,-17.822
ppo_crossover,r_multiple_2r,mid_15_25,45,0.35555555555555557,-1.1464266666666667,-51.5892
ppo_crossover,r_multiple_3r,high_25_40,15,0.13333333333333333,-4.1940800000000005,-62.9112
ppo_crossover,r_multiple_3r,low_lt_15,6,0.3333333333333333,-1.2913666666666666,-7.748199999999999
ppo_crossover,r_multiple_3r,mid_15_25,45,0.28888888888888886,-0.8739133333333332,-39.3261
ppo_crossover,regime_flip,high_25_40,15,0.4666666666666667,-0.21756000000000056,-3.2634000000000083
ppo_crossover,regime_flip,low_lt_15,6,0.5,1.503783333333333,9.022699999999999
ppo_crossover,regime_flip,mid_15_25,45,0.4888888888888889,-3.2270288888888885,-145.2163
ppo_crossover,reverse_signal,high_25_40,15,0.26666666666666666,-2.6222733333333332,-39.3341
ppo_crossover,reverse_signal,low_lt_15,6,0.5,-2.0911666666666666,-12.547
ppo_crossover,reverse_signal,mid_15_25,45,0.2222222222222222,-2.1671022222222223,-97.5196
ppo_crossover,smc_mitigation_zone,high_25_40,15,0.26666666666666666,-2.6222733333333332,-39.3341
ppo_crossover,smc_mitigation_zone,low_lt_15,6,0.5,-2.0911666666666666,-12.547
ppo_crossover,smc_mitigation_zone,mid_15_25,45,0.2222222222222222,-2.1671022222222223,-97.5196
ppo_crossover,time_stop_10d,high_25_40,15,0.4666666666666667,-0.12722000000000008,-1.9083000000000014
ppo_crossover,time_stop_10d,low_lt_15,6,0.6666666666666666,2.7285000000000004,16.371000000000002
ppo_crossover,time_stop_10d,mid_15_25,45,0.4666666666666667,-1.4752511111111113,-66.3863
ppo_crossover,time_stop_20d,high_25_40,15,0.4666666666666667,-0.21756000000000056,-3.2634000000000083
ppo_crossover,time_stop_20d,low_lt_15,6,0.5,1.503783333333333,9.022699999999999
ppo_crossover,time_stop_20d,mid_15_25,45,0.4888888888888889,-3.2270288888888885,-145.2163
ppo_crossover,trailing_10pct,high_25_40,15,0.2,-1.41438,-21.2157
ppo_crossover,trailing_10pct,low_lt_15,6,0.3333333333333333,-2.0064,-12.038400000000001
ppo_crossover,trailing_10pct,mid_15_25,45,0.35555555555555557,-0.26700000000000007,-12.015000000000004
ppo_crossover,trailing_15pct,high_25_40,15,0.26666666666666666,1.2219599999999995,18.329399999999993
ppo_crossover,trailing_15pct,low_lt_15,6,0.3333333333333333,-4.36655,-26.1993
ppo_crossover,trailing_15pct,mid_15_25,45,0.26666666666666666,-3.0042577777777777,-135.1916
ppo_crossover,trailing_5pct,high_25_40,15,0.26666666666666666,-0.7467066666666667,-11.200600000000001
ppo_crossover,trailing_5pct,low_lt_15,6,0.5,0.6036333333333331,3.6217999999999986
ppo_crossover,trailing_5pct,mid_15_25,45,0.28888888888888886,-0.6105466666666667,-27.474600000000002
pre_fomc_long_sleeve,atr_trail_1x,high_25_40,2,0.0,-8.7169,-17.4338
pre_fomc_long_sleeve,atr_trail_1x,low_lt_15,4,0.25,-5.97015,-23.8806
pre_fomc_long_sleeve,atr_trail_1x,mid_15_25,43,0.13953488372093023,-3.6120325581395347,-155.3174
pre_fomc_long_sleeve,atr_trail_2x,high_25_40,2,0.0,-17.681,-35.362
pre_fomc_long_sleeve,atr_trail_2x,low_lt_15,4,0.5,-5.3797250000000005,-21.518900000000002
pre_fomc_long_sleeve,atr_trail_2x,mid_15_25,43,0.27906976744186046,-1.486260465116279,-63.9092
pre_fomc_long_sleeve,atr_trail_mae_conditional,high_25_40,2,0.0,-8.7169,-17.4338
pre_fomc_long_sleeve,atr_trail_mae_conditional,low_lt_15,4,0.25,-5.97015,-23.8806
pre_fomc_long_sleeve,atr_trail_mae_conditional,mid_15_25,43,0.13953488372093023,-3.6120325581395347,-155.3174
pre_fomc_long_sleeve,atr_trail_vix_conditional,high_25_40,2,0.0,-13.19895,-26.3979
pre_fomc_long_sleeve,atr_trail_vix_conditional,low_lt_15,4,0.25,-5.97015,-23.8806
pre_fomc_long_sleeve,atr_trail_vix_conditional,mid_15_25,43,0.06976744186046512,-3.8561790697674416,-165.8157
pre_fomc_long_sleeve,break_even_at_1r,high_25_40,2,0.0,-9.0623,-18.1246
pre_fomc_long_sleeve,break_even_at_1r,low_lt_15,4,0.0,-6.30705,-25.2282
pre_fomc_long_sleeve,break_even_at_1r,mid_15_25,43,0.06976744186046512,-3.391686046511628,-145.8425
pre_fomc_long_sleeve,breakeven_plus_trail,high_25_40,2,0.0,-18.1246,-36.2492
pre_fomc_long_sleeve,breakeven_plus_trail,low_lt_15,4,0.25,-6.1160499999999995,-24.464199999999998
pre_fomc_long_sleeve,breakeven_plus_trail,mid_15_25,43,0.3953488372093023,5.9827651162790705,257.25890000000004
pre_fomc_long_sleeve,chandelier_3x,high_25_40,2,0.0,-9.7147,-19.4294
pre_fomc_long_sleeve,chandelier_3x,low_lt_15,4,0.0,-3.56085,-14.2434
pre_fomc_long_sleeve,chandelier_3x,mid_15_25,43,0.20930232558139536,2.747711627906977,118.1516
pre_fomc_long_sleeve,class_time_stop,high_25_40,2,0.5,33.716300000000004,67.43260000000001
pre_fomc_long_sleeve,class_time_stop,low_lt_15,4,0.0,-16.0367,-64.1468
pre_fomc_long_sleeve,class_time_stop,mid_15_25,43,0.6046511627906976,8.39509069767442,360.9889
pre_fomc_long_sleeve,earnings_blackout,high_25_40,2,0.5,30.46315,60.9263
pre_fomc_long_sleeve,earnings_blackout,low_lt_15,4,0.5,-1.8387499999999999,-7.3549999999999995
pre_fomc_long_sleeve,earnings_blackout,mid_15_25,43,0.4883720930232558,8.505744186046512,365.747
pre_fomc_long_sleeve,fixed_4r_2r,high_25_40,2,0.0,-18.1246,-36.2492
pre_fomc_long_sleeve,fixed_4r_2r,low_lt_15,4,0.0,-12.879175,-51.5167
pre_fomc_long_sleeve,fixed_4r_2r,mid_15_25,43,0.46511627906976744,2.879832558139535,123.8328
pre_fomc_long_sleeve,hybrid_50pct_target,high_25_40,2,0.0,-10.0,-20.0
pre_fomc_long_sleeve,hybrid_50pct_target,low_lt_15,4,0.0,-10.0,-40.0
pre_fomc_long_sleeve,hybrid_50pct_target,mid_15_25,43,0.5813953488372093,3.708955813953488,159.4851
pre_fomc_long_sleeve,ma_exit_ema9,high_25_40,2,0.0,-7.6979500000000005,-15.395900000000001
pre_fomc_long_sleeve,ma_exit_ema9,low_lt_15,4,0.25,-6.05905,-24.2362
pre_fomc_long_sleeve,ma_exit_ema9,mid_15_25,43,0.23255813953488372,-1.8342534883720931,-78.8729
pre_fomc_long_sleeve,mfe_lockin_trail,high_25_40,2,0.0,-8.7169,-17.4338
pre_fomc_long_sleeve,mfe_lockin_trail,low_lt_15,4,0.25,-5.97015,-23.8806
pre_fomc_long_sleeve,mfe_lockin_trail,mid_15_25,43,0.13953488372093023,-3.5413418604651166,-152.2777
pre_fomc_long_sleeve,multi_tier_partial,high_25_40,2,0.0,-8.7169,-17.4338
pre_fomc_long_sleeve,multi_tier_partial,low_lt_15,4,0.5,-2.6955999999999998,-10.782399999999999
pre_fomc_long_sleeve,multi_tier_partial,mid_15_25,43,0.32558139534883723,-2.7459162790697675,-118.0744
pre_fomc_long_sleeve,next_pivot_target,high_25_40,2,0.0,-10.0,-20.0
pre_fomc_long_sleeve,next_pivot_target,low_lt_15,4,0.75,-1.9096750000000002,-7.638700000000001
pre_fomc_long_sleeve,next_pivot_target,mid_15_25,43,0.6744186046511628,-0.9734767441860465,-41.8595
pre_fomc_long_sleeve,r_multiple_2r,high_25_40,2,0.0,-9.0623,-18.1246
pre_fomc_long_sleeve,r_multiple_2r,low_lt_15,4,0.5,-0.2107000000000001,-0.8428000000000004
pre_fomc_long_sleeve,r_multiple_2r,mid_15_25,43,0.18604651162790697,-2.5226581395348835,-108.4743
pre_fomc_long_sleeve,r_multiple_3r,high_25_40,2,0.0,-9.0623,-18.1246
pre_fomc_long_sleeve,r_multiple_3r,low_lt_15,4,0.0,-9.23975,-36.959
pre_fomc_long_sleeve,r_multiple_3r,mid_15_25,43,0.13953488372093023,-2.207609302325581,-94.9272
pre_fomc_long_sleeve,regime_flip,high_25_40,2,0.5,27.14555,54.2911
pre_fomc_long_sleeve,regime_flip,low_lt_15,4,0.25,-15.095975,-60.3839
pre_fomc_long_sleeve,regime_flip,mid_15_25,43,0.5813953488372093,6.567160465116279,282.3879
pre_fomc_long_sleeve,reverse_signal,high_25_40,2,0.0,-8.7169,-17.4338
pre_fomc_long_sleeve,reverse_signal,low_lt_15,4,0.25,-5.97015,-23.8806
pre_fomc_long_sleeve,reverse_signal,mid_15_25,43,0.13953488372093023,-3.6120325581395347,-155.3174
pre_fomc_long_sleeve,smc_mitigation_zone,high_25_40,2,0.0,-8.7169,-17.4338
pre_fomc_long_sleeve,smc_mitigation_zone,low_lt_15,4,0.25,-5.97015,-23.8806
pre_fomc_long_sleeve,smc_mitigation_zone,mid_15_25,43,0.13953488372093023,-3.6120325581395347,-155.3174
pre_fomc_long_sleeve,time_stop_10d,high_25_40,2,0.0,-6.58985,-13.1797
pre_fomc_long_sleeve,time_stop_10d,low_lt_15,4,0.5,-5.855224999999999,-23.420899999999996
pre_fomc_long_sleeve,time_stop_10d,mid_15_25,43,0.5348837209302325,-1.139313953488372,-48.9905
pre_fomc_long_sleeve,time_stop_20d,high_25_40,2,0.5,27.14555,54.2911
pre_fomc_long_sleeve,time_stop_20d,low_lt_15,4,0.25,-15.095975,-60.3839
pre_fomc_long_sleeve,time_stop_20d,mid_15_25,43,0.5813953488372093,6.567160465116279,282.3879
pre_fomc_long_sleeve,trailing_10pct,high_25_40,2,0.0,-9.7775,-19.555
pre_fomc_long_sleeve,trailing_10pct,low_lt_15,4,0.25,-6.170075,-24.6803
pre_fomc_long_sleeve,trailing_10pct,mid_15_25,43,0.2558139534883721,-1.5063139534883723,-64.7715
pre_fomc_long_sleeve,trailing_15pct,high_25_40,2,0.5,17.8067,35.6134
pre_fomc_long_sleeve,trailing_15pct,low_lt_15,4,0.25,-9.862775000000001,-39.451100000000004
pre_fomc_long_sleeve,trailing_15pct,mid_15_25,43,0.5116279069767442,8.24726511627907,354.6324
pre_fomc_long_sleeve,trailing_5pct,high_25_40,2,0.0,-4.76515,-9.5303
pre_fomc_long_sleeve,trailing_5pct,low_lt_15,4,0.0,-2.008025,-8.0321
pre_fomc_long_sleeve,trailing_5pct,mid_15_25,43,0.13953488372093023,-2.9973860465116275,-128.8876
prev_day_high_break,atr_trail_1x,high_25_40,8,0.125,-1.4964624999999998,-11.971699999999998
prev_day_high_break,atr_trail_1x,low_lt_15,4,0.25,-4.15295,-16.6118
prev_day_high_break,atr_trail_1x,mid_15_25,8,0.25,0.5130250000000001,4.1042000000000005
prev_day_high_break,atr_trail_2x,high_25_40,8,0.75,3.3263125,26.6105
prev_day_high_break,atr_trail_2x,low_lt_15,4,0.25,-7.035625,-28.1425
prev_day_high_break,atr_trail_2x,mid_15_25,8,0.25,-2.92445,-23.3956
prev_day_high_break,atr_trail_mae_conditional,high_25_40,8,0.125,-1.4964624999999998,-11.971699999999998
prev_day_high_break,atr_trail_mae_conditional,low_lt_15,4,0.25,-4.15295,-16.6118
prev_day_high_break,atr_trail_mae_conditional,mid_15_25,8,0.25,0.5130250000000001,4.1042000000000005
prev_day_high_break,atr_trail_vix_conditional,high_25_40,8,0.5,0.684125,5.473
prev_day_high_break,atr_trail_vix_conditional,low_lt_15,4,0.0,-4.101425,-16.4057
prev_day_high_break,atr_trail_vix_conditional,mid_15_25,8,0.125,-0.87405,-6.9924
prev_day_high_break,break_even_at_1r,high_25_40,8,0.125,-2.355425,-18.8434
prev_day_high_break,break_even_at_1r,low_lt_15,4,0.0,-3.0420249999999998,-12.168099999999999
prev_day_high_break,break_even_at_1r,mid_15_25,8,0.125,-2.0768375,-16.6147
prev_day_high_break,breakeven_plus_trail,high_25_40,8,0.75,4.1322375,33.0579
prev_day_high_break,breakeven_plus_trail,low_lt_15,4,0.25,-9.1754,-36.7016
prev_day_high_break,breakeven_plus_trail,mid_15_25,8,0.25,-3.6781,-29.4248
prev_day_high_break,chandelier_3x,high_25_40,8,0.25,0.30461250000000006,2.4369000000000005
prev_day_high_break,chandelier_3x,low_lt_15,4,0.0,-4.500349999999999,-18.001399999999997
prev_day_high_break,chandelier_3x,mid_15_25,8,0.25,-1.863975,-14.9118
prev_day_high_break,class_time_stop,high_25_40,8,0.25,-2.4832625000000004,-19.866100000000003
prev_day_high_break,class_time_stop,low_lt_15,4,0.25,-15.940275,-63.7611
prev_day_high_break,class_time_stop,mid_15_25,8,0.25,-2.4128125,-19.3025
prev_day_high_break,earnings_blackout,high_25_40,8,0.5,1.1637250000000001,9.309800000000001
prev_day_high_break,earnings_blackout,low_lt_15,4,0.0,-43.166575,-172.6663
prev_day_high_break,earnings_blackout,mid_15_25,8,0.25,-8.0056875,-64.0455
prev_day_high_break,fixed_4r_2r,high_25_40,8,0.375,1.81835,14.5468
prev_day_high_break,fixed_4r_2r,low_lt_15,4,0.25,-6.621525,-26.4861
prev_day_high_break,fixed_4r_2r,mid_15_25,8,0.25,-1.9610500000000002,-15.688400000000001
prev_day_high_break,hybrid_50pct_target,high_25_40,8,0.5,-25.0614125,-200.4913
prev_day_high_break,hybrid_50pct_target,low_lt_15,4,0.5,-46.17705,-184.7082
prev_day_high_break,hybrid_50pct_target,mid_15_25,8,0.25,-70.00496249999999,-560.0396999999999
prev_day_high_break,ma_exit_ema9,high_25_40,8,0.375,-0.19098749999999992,-1.5278999999999994
prev_day_high_break,ma_exit_ema9,low_lt_15,4,0.0,-3.354825,-13.4193
prev_day_high_break,ma_exit_ema9,mid_15_25,8,0.25,-0.18651249999999986,-1.4920999999999989
prev_day_high_break,mfe_lockin_trail,high_25_40,8,0.125,-1.537775,-12.3022
prev_day_high_break,mfe_lockin_trail,low_lt_15,4,0.25,-4.15295,-16.6118
prev_day_high_break,mfe_lockin_trail,mid_15_25,8,0.25,-0.14779999999999993,-1.1823999999999995
prev_day_high_break,multi_tier_partial,high_25_40,8,0.25,-1.4925,-11.94
prev_day_high_break,multi_tier_partial,low_lt_15,4,0.75,-1.83155,-7.3262
prev_day_high_break,multi_tier_partial,mid_15_25,8,0.375,-0.6759999999999999,-5.4079999999999995
prev_day_high_break,next_pivot_target,high_25_40,8,0.75,2.2388,17.9104
prev_day_high_break,next_pivot_target,low_lt_15,4,0.25,-7.44565,-29.7826
prev_day_high_break,next_pivot_target,mid_15_25,8,0.375,-1.5252625000000002,-12.202100000000002
prev_day_high_break,r_multiple_2r,high_25_40,8,0.375,-0.03542499999999982,-0.28339999999999854
prev_day_high_break,r_multiple_2r,low_lt_15,4,0.25,-4.581575,-18.3263
prev_day_high_break,r_multiple_2r,mid_15_25,8,0.25,-0.783075,-6.2646
prev_day_high_break,r_multiple_3r,high_25_40,8,0.125,-2.791275,-22.3302
prev_day_high_break,r_multiple_3r,low_lt_15,4,0.25,-3.757475,-15.0299
prev_day_high_break,r_multiple_3r,mid_15_25,8,0.25,0.08333749999999984,0.6666999999999987
prev_day_high_break,regime_flip,high_25_40,8,0.75,2.5258875,20.2071
prev_day_high_break,regime_flip,low_lt_15,4,0.25,-29.688775,-118.7551
prev_day_high_break,regime_flip,mid_15_25,8,0.25,-10.65475,-85.238
prev_day_high_break,reverse_signal,high_25_40,8,0.125,-1.4964624999999998,-11.971699999999998
prev_day_high_break,reverse_signal,low_lt_15,4,0.25,-4.15295,-16.6118
prev_day_high_break,reverse_signal,mid_15_25,8,0.25,0.5130250000000001,4.1042000000000005
prev_day_high_break,smc_mitigation_zone,high_25_40,8,0.125,-1.4964624999999998,-11.971699999999998
prev_day_high_break,smc_mitigation_zone,low_lt_15,4,0.25,-4.15295,-16.6118
prev_day_high_break,smc_mitigation_zone,mid_15_25,8,0.25,0.5130250000000001,4.1042000000000005
prev_day_high_break,time_stop_10d,high_25_40,8,0.75,1.5533874999999997,12.427099999999998
prev_day_high_break,time_stop_10d,low_lt_15,4,0.25,-22.9268,-91.7072
prev_day_high_break,time_stop_10d,mid_15_25,8,0.25,-2.3111250000000005,-18.489000000000004
prev_day_high_break,time_stop_20d,high_25_40,8,0.75,2.5258875,20.2071
prev_day_high_break,time_stop_20d,low_lt_15,4,0.25,-29.688775,-118.7551
prev_day_high_break,time_stop_20d,mid_15_25,8,0.25,-10.65475,-85.238
prev_day_high_break,trailing_10pct,high_25_40,8,0.625,3.1783249999999996,25.426599999999997
prev_day_high_break,trailing_10pct,low_lt_15,4,0.25,-5.96605,-23.8642
prev_day_high_break,trailing_10pct,mid_15_25,8,0.25,-7.5442625,-60.3541
prev_day_high_break,trailing_15pct,high_25_40,8,0.25,-1.1670750000000003,-9.336600000000002
prev_day_high_break,trailing_15pct,low_lt_15,4,0.0,-15.9015,-63.606
prev_day_high_break,trailing_15pct,mid_15_25,8,0.125,-10.143325,-81.1466
prev_day_high_break,trailing_5pct,high_25_40,8,0.25,-1.93445,-15.4756
prev_day_high_break,trailing_5pct,low_lt_15,4,0.25,-2.54175,-10.167
prev_day_high_break,trailing_5pct,mid_15_25,8,0.25,-1.2243000000000002,-9.794400000000001
prev_day_low_bounce,atr_trail_1x,high_25_40,2,0.0,-3.6604,-7.3208
prev_day_low_bounce,atr_trail_1x,low_lt_15,1,0.0,-2.0111,-2.0111
prev_day_low_bounce,atr_trail_1x,mid_15_25,9,0.2222222222222222,-0.8392222222222222,-7.553
prev_day_low_bounce,atr_trail_2x,high_25_40,2,0.5,1.5162500000000003,3.0325000000000006
prev_day_low_bounce,atr_trail_2x,low_lt_15,1,0.0,-4.0223,-4.0223
prev_day_low_bounce,atr_trail_2x,mid_15_25,9,0.5555555555555556,1.5842333333333332,14.258099999999999
prev_day_low_bounce,atr_trail_mae_conditional,high_25_40,2,0.0,-3.6604,-7.3208
prev_day_low_bounce,atr_trail_mae_conditional,low_lt_15,1,0.0,-2.0111,-2.0111
prev_day_low_bounce,atr_trail_mae_conditional,mid_15_25,9,0.2222222222222222,-0.8392222222222222,-7.553
prev_day_low_bounce,atr_trail_vix_conditional,high_25_40,2,0.5,1.8788,3.7576
prev_day_low_bounce,atr_trail_vix_conditional,low_lt_15,1,0.0,-1.5083,-1.5083
prev_day_low_bounce,atr_trail_vix_conditional,mid_15_25,9,0.3333333333333333,-0.06138888888888889,-0.5525
prev_day_low_bounce,break_even_at_1r,high_25_40,2,0.0,-3.6604,-7.3208
prev_day_low_bounce,break_even_at_1r,low_lt_15,1,0.0,-2.0111,-2.0111
prev_day_low_bounce,break_even_at_1r,mid_15_25,9,0.1111111111111111,0.4617444444444444,4.1556999999999995
prev_day_low_bounce,breakeven_plus_trail,high_25_40,2,0.5,0.04039999999999999,0.08079999999999998
prev_day_low_bounce,breakeven_plus_trail,low_lt_15,1,0.0,-4.0223,-4.0223
prev_day_low_bounce,breakeven_plus_trail,mid_15_25,9,0.3333333333333333,-0.10682222222222221,-0.9613999999999998
prev_day_low_bounce,chandelier_3x,high_25_40,2,0.0,-5.1886,-10.3772
prev_day_low_bounce,chandelier_3x,low_lt_15,1,0.0,-2.2346,-2.2346
prev_day_low_bounce,chandelier_3x,mid_15_25,9,0.4444444444444444,0.9800111111111109,8.820099999999998
prev_day_low_bounce,class_time_stop,high_25_40,2,0.0,-4.0424500000000005,-8.084900000000001
prev_day_low_bounce,class_time_stop,low_lt_15,1,0.0,-1.7309,-1.7309
prev_day_low_bounce,class_time_stop,mid_15_25,9,0.3333333333333333,-0.1129000000000002,-1.0161000000000018
prev_day_low_bounce,earnings_blackout,high_25_40,2,0.5,0.2397999999999998,0.4795999999999996
prev_day_low_bounce,earnings_blackout,low_lt_15,1,0.0,-3.0306,-3.0306
prev_day_low_bounce,earnings_blackout,mid_15_25,9,0.5555555555555556,3.581655555555556,32.2349
prev_day_low_bounce,fixed_4r_2r,high_25_40,2,0.5,3.8891,7.7782
prev_day_low_bounce,fixed_4r_2r,low_lt_15,1,0.0,-4.0223,-4.0223
prev_day_low_bounce,fixed_4r_2r,mid_15_25,9,0.5555555555555556,5.305088888888889,47.7458
prev_day_low_bounce,hybrid_50pct_target,high_25_40,2,0.5,-0.40195000000000025,-0.8039000000000005
prev_day_low_bounce,hybrid_50pct_target,low_lt_15,1,0.0,-10.0,-10.0
prev_day_low_bounce,hybrid_50pct_target,mid_15_25,9,0.5555555555555556,2.946377777777778,26.517400000000002
prev_day_low_bounce,ma_exit_ema9,high_25_40,2,0.0,-1.19115,-2.3823
prev_day_low_bounce,ma_exit_ema9,low_lt_15,1,0.0,-3.0306,-3.0306
prev_day_low_bounce,ma_exit_ema9,mid_15_25,9,0.2222222222222222,0.8712111111111109,7.840899999999999
prev_day_low_bounce,mfe_lockin_trail,high_25_40,2,0.0,-3.6604,-7.3208
prev_day_low_bounce,mfe_lockin_trail,low_lt_15,1,0.0,-2.0111,-2.0111
prev_day_low_bounce,mfe_lockin_trail,mid_15_25,9,0.2222222222222222,-0.6935888888888888,-6.242299999999999
prev_day_low_bounce,multi_tier_partial,high_25_40,2,0.0,-3.6604,-7.3208
prev_day_low_bounce,multi_tier_partial,low_lt_15,1,0.0,-2.0111,-2.0111
prev_day_low_bounce,multi_tier_partial,mid_15_25,9,0.2222222222222222,-0.6956777777777777,-6.2611
prev_day_low_bounce,next_pivot_target,high_25_40,2,0.5,-2.28995,-4.5799
prev_day_low_bounce,next_pivot_target,low_lt_15,1,1.0,0.3333,0.3333
prev_day_low_bounce,next_pivot_target,mid_15_25,9,0.7777777777777778,-0.8295333333333333,-7.4658
prev_day_low_bounce,r_multiple_2r,high_25_40,2,0.0,-3.6604,-7.3208
prev_day_low_bounce,r_multiple_2r,low_lt_15,1,0.0,-2.0111,-2.0111
prev_day_low_bounce,r_multiple_2r,mid_15_25,9,0.4444444444444444,1.0811444444444445,9.7303
prev_day_low_bounce,r_multiple_3r,high_25_40,2,0.0,-3.6604,-7.3208
prev_day_low_bounce,r_multiple_3r,low_lt_15,1,0.0,-2.0111,-2.0111
prev_day_low_bounce,r_multiple_3r,mid_15_25,9,0.3333333333333333,0.4370666666666665,3.9335999999999984
prev_day_low_bounce,regime_flip,high_25_40,2,0.5,-0.6519500000000003,-1.3039000000000005
prev_day_low_bounce,regime_flip,low_lt_15,1,1.0,0.3206,0.3206
prev_day_low_bounce,regime_flip,mid_15_25,9,0.6666666666666666,2.2840333333333334,20.5563
prev_day_low_bounce,reverse_signal,high_25_40,2,0.0,-3.6604,-7.3208
prev_day_low_bounce,reverse_signal,low_lt_15,1,0.0,-2.0111,-2.0111
prev_day_low_bounce,reverse_signal,mid_15_25,9,0.2222222222222222,-0.8392222222222222,-7.553
prev_day_low_bounce,smc_mitigation_zone,high_25_40,2,0.0,-3.6604,-7.3208
prev_day_low_bounce,smc_mitigation_zone,low_lt_15,1,0.0,-2.0111,-2.0111
prev_day_low_bounce,smc_mitigation_zone,mid_15_25,9,0.2222222222222222,-0.8392222222222222,-7.553
prev_day_low_bounce,time_stop_10d,high_25_40,2,0.5,-1.6578499999999998,-3.3156999999999996
prev_day_low_bounce,time_stop_10d,low_lt_15,1,0.0,-1.8838,-1.8838
prev_day_low_bounce,time_stop_10d,mid_15_25,9,0.5555555555555556,-1.2838888888888893,-11.555000000000003
prev_day_low_bounce,time_stop_20d,high_25_40,2,0.5,-0.6519500000000003,-1.3039000000000005
prev_day_low_bounce,time_stop_20d,low_lt_15,1,1.0,0.3206,0.3206
prev_day_low_bounce,time_stop_20d,mid_15_25,9,0.6666666666666666,2.2840333333333334,20.5563
prev_day_low_bounce,trailing_10pct,high_25_40,2,0.5,-0.7854999999999999,-1.5709999999999997
prev_day_low_bounce,trailing_10pct,low_lt_15,1,0.0,-6.7412,-6.7412
prev_day_low_bounce,trailing_10pct,mid_15_25,9,0.5555555555555556,2.819911111111111,25.379199999999997
prev_day_low_bounce,trailing_15pct,high_25_40,2,0.5,-5.4282,-10.8564
prev_day_low_bounce,trailing_15pct,low_lt_15,1,0.0,-11.9223,-11.9223
prev_day_low_bounce,trailing_15pct,mid_15_25,9,0.3333333333333333,0.39574444444444384,3.5616999999999948
prev_day_low_bounce,trailing_5pct,high_25_40,2,0.5,1.9852999999999998,3.9705999999999997
prev_day_low_bounce,trailing_5pct,low_lt_15,1,0.0,-1.5602,-1.5602
prev_day_low_bounce,trailing_5pct,mid_15_25,9,0.2222222222222222,-1.6951666666666667,-15.2565
r1_break_retest,atr_trail_1x,high_25_40,3,0.6666666666666666,1.8683333333333334,5.605
r1_break_retest,atr_trail_1x,low_lt_15,3,0.0,-3.0702666666666665,-9.210799999999999
r1_break_retest,atr_trail_1x,mid_15_25,18,0.3333333333333333,-0.20362222222222226,-3.6652000000000005
r1_break_retest,atr_trail_2x,high_25_40,3,0.6666666666666666,-1.1141999999999992,-3.3425999999999974
r1_break_retest,atr_trail_2x,low_lt_15,3,0.0,-4.930133333333333,-14.7904
r1_break_retest,atr_trail_2x,mid_15_25,18,0.3333333333333333,-2.68075,-48.2535
r1_break_retest,atr_trail_mae_conditional,high_25_40,3,0.6666666666666666,1.8683333333333334,5.605
r1_break_retest,atr_trail_mae_conditional,low_lt_15,3,0.0,-3.0702666666666665,-9.210799999999999
r1_break_retest,atr_trail_mae_conditional,mid_15_25,18,0.3333333333333333,-0.20362222222222226,-3.6652000000000005
r1_break_retest,atr_trail_vix_conditional,high_25_40,3,0.3333333333333333,-6.1962,-18.5886
r1_break_retest,atr_trail_vix_conditional,low_lt_15,3,0.0,-2.6549666666666667,-7.9649
r1_break_retest,atr_trail_vix_conditional,mid_15_25,18,0.2777777777777778,-0.5224666666666666,-9.404399999999999
r1_break_retest,break_even_at_1r,high_25_40,3,0.3333333333333333,-6.647766666666666,-19.943299999999997
r1_break_retest,break_even_at_1r,low_lt_15,3,0.0,-3.0702666666666665,-9.210799999999999
r1_break_retest,break_even_at_1r,mid_15_25,18,0.1111111111111111,-1.133188888888889,-20.3974
r1_break_retest,breakeven_plus_trail,high_25_40,3,0.6666666666666666,7.5500333333333325,22.6501
r1_break_retest,breakeven_plus_trail,low_lt_15,3,0.0,-6.140566666666667,-18.4217
r1_break_retest,breakeven_plus_trail,mid_15_25,18,0.1111111111111111,-2.8363444444444443,-51.0542
r1_break_retest,chandelier_3x,high_25_40,3,0.3333333333333333,-3.909333333333333,-11.728
r1_break_retest,chandelier_3x,low_lt_15,3,0.0,-5.804366666666667,-17.4131
r1_break_retest,chandelier_3x,mid_15_25,18,0.2222222222222222,-3.615966666666667,-65.0874
r1_break_retest,class_time_stop,high_25_40,3,1.0,12.367533333333332,37.102599999999995
r1_break_retest,class_time_stop,low_lt_15,3,0.0,-4.869466666666667,-14.608400000000001
r1_break_retest,class_time_stop,mid_15_25,18,0.4444444444444444,-0.7757777777777777,-13.963999999999999
r1_break_retest,earnings_blackout,high_25_40,3,0.6666666666666666,-1.9414333333333331,-5.824299999999999
r1_break_retest,earnings_blackout,low_lt_15,3,0.3333333333333333,-6.354566666666666,-19.063699999999997
r1_break_retest,earnings_blackout,mid_15_25,18,0.3888888888888889,-9.122505555555556,-164.2051
r1_break_retest,fixed_4r_2r,high_25_40,3,0.3333333333333333,-3.6068666666666656,-10.820599999999997
r1_break_retest,fixed_4r_2r,low_lt_15,3,0.0,-6.140566666666667,-18.4217
r1_break_retest,fixed_4r_2r,mid_15_25,18,0.1111111111111111,-5.362311111111111,-96.52159999999999
r1_break_retest,hybrid_50pct_target,high_25_40,3,0.3333333333333333,-0.2062333333333335,-0.6187000000000005
r1_break_retest,hybrid_50pct_target,low_lt_15,3,0.0,-10.0,-30.0
r1_break_retest,hybrid_50pct_target,mid_15_25,18,0.2777777777777778,-5.65335,-101.7603
r1_break_retest,ma_exit_ema9,high_25_40,3,0.6666666666666666,5.756833333333334,17.270500000000002
r1_break_retest,ma_exit_ema9,low_lt_15,3,0.0,-3.2517666666666667,-9.7553
r1_break_retest,ma_exit_ema9,mid_15_25,18,0.3888888888888889,-0.7297277777777778,-13.1351
r1_break_retest,mfe_lockin_trail,high_25_40,3,0.6666666666666666,1.8683333333333334,5.605
r1_break_retest,mfe_lockin_trail,low_lt_15,3,0.0,-3.0702666666666665,-9.210799999999999
r1_break_retest,mfe_lockin_trail,mid_15_25,18,0.3333333333333333,-0.08646666666666668,-1.5564000000000002
r1_break_retest,multi_tier_partial,high_25_40,3,1.0,3.1504333333333334,9.4513
r1_break_retest,multi_tier_partial,low_lt_15,3,0.0,-3.0702666666666665,-9.210799999999999
r1_break_retest,multi_tier_partial,mid_15_25,18,0.6666666666666666,0.12396666666666661,2.231399999999999
r1_break_retest,next_pivot_target,high_25_40,3,1.0,1.1979333333333333,3.5938
r1_break_retest,next_pivot_target,low_lt_15,3,0.3333333333333333,-3.3078,-9.923399999999999
r1_break_retest,next_pivot_target,mid_15_25,18,0.5,-2.6415944444444444,-47.5487
r1_break_retest,r_multiple_2r,high_25_40,3,0.6666666666666666,1.2649000000000008,3.7947000000000024
r1_break_retest,r_multiple_2r,low_lt_15,3,0.0,-3.0702666666666665,-9.210799999999999
r1_break_retest,r_multiple_2r,mid_15_25,18,0.4444444444444444,-0.05688888888888902,-1.0240000000000025
r1_break_retest,r_multiple_3r,high_25_40,3,0.3333333333333333,-3.4536333333333324,-10.360899999999997
r1_break_retest,r_multiple_3r,low_lt_15,3,0.0,-3.0702666666666665,-9.210799999999999
r1_break_retest,r_multiple_3r,mid_15_25,18,0.2222222222222222,-1.2989555555555556,-23.3812
r1_break_retest,regime_flip,high_25_40,3,0.6666666666666666,-1.7671666666666657,-5.301499999999997
r1_break_retest,regime_flip,low_lt_15,3,0.3333333333333333,-3.1572999999999993,-9.471899999999998
r1_break_retest,regime_flip,mid_15_25,18,0.2777777777777778,-5.969805555555556,-107.4565
r1_break_retest,reverse_signal,high_25_40,3,0.6666666666666666,1.8683333333333334,5.605
r1_break_retest,reverse_signal,low_lt_15,3,0.0,-3.0702666666666665,-9.210799999999999
r1_break_retest,reverse_signal,mid_15_25,18,0.3333333333333333,-0.20362222222222226,-3.6652000000000005
r1_break_retest,smc_mitigation_zone,high_25_40,3,0.6666666666666666,1.8683333333333334,5.605
r1_break_retest,smc_mitigation_zone,low_lt_15,3,0.0,-3.0702666666666665,-9.210799999999999
r1_break_retest,smc_mitigation_zone,mid_15_25,18,0.3333333333333333,-0.20362222222222226,-3.6652000000000005
r1_break_retest,time_stop_10d,high_25_40,3,0.6666666666666666,0.15216666666666612,0.45649999999999835
r1_break_retest,time_stop_10d,low_lt_15,3,0.0,-5.761366666666667,-17.284100000000002
r1_break_retest,time_stop_10d,mid_15_25,18,0.5,-1.7028055555555557,-30.6505
r1_break_retest,time_stop_20d,high_25_40,3,0.6666666666666666,-1.7671666666666657,-5.301499999999997
r1_break_retest,time_stop_20d,low_lt_15,3,0.3333333333333333,-3.1572999999999993,-9.471899999999998
r1_break_retest,time_stop_20d,mid_15_25,18,0.2777777777777778,-5.969805555555556,-107.4565
r1_break_retest,trailing_10pct,high_25_40,3,0.6666666666666666,-0.009100000000000108,-0.027300000000000324
r1_break_retest,trailing_10pct,low_lt_15,3,0.0,-9.044633333333334,-27.1339
r1_break_retest,trailing_10pct,mid_15_25,18,0.1111111111111111,-5.501555555555556,-99.028
r1_break_retest,trailing_15pct,high_25_40,3,0.3333333333333333,-4.132266666666665,-12.396799999999997
r1_break_retest,trailing_15pct,low_lt_15,3,0.3333333333333333,2.820133333333334,8.460400000000002
r1_break_retest,trailing_15pct,mid_15_25,18,0.16666666666666666,-7.44583888888889,-134.0251
r1_break_retest,trailing_5pct,high_25_40,3,0.0,-8.4393,-25.317899999999998
r1_break_retest,trailing_5pct,low_lt_15,3,0.0,-4.355166666666666,-13.0655
r1_break_retest,trailing_5pct,mid_15_25,18,0.3333333333333333,-1.0020111111111112,-18.0362
risk_off_bond_equity_short,atr_trail_1x,high_25_40,10,0.1,-3.9058900000000003,-39.0589
risk_off_bond_equity_short,atr_trail_1x,low_lt_15,5,0.2,0.9641199999999998,4.820599999999999
risk_off_bond_equity_short,atr_trail_1x,mid_15_25,18,0.2222222222222222,-1.029866666666667,-18.537600000000005
risk_off_bond_equity_short,atr_trail_2x,high_25_40,10,0.3,-3.3748599999999995,-33.748599999999996
risk_off_bond_equity_short,atr_trail_2x,low_lt_15,5,0.4,-2.94394,-14.7197
risk_off_bond_equity_short,atr_trail_2x,mid_15_25,18,0.16666666666666666,-2.7486111111111113,-49.475
risk_off_bond_equity_short,atr_trail_mae_conditional,high_25_40,10,0.1,-3.9058900000000003,-39.0589
risk_off_bond_equity_short,atr_trail_mae_conditional,low_lt_15,5,0.2,0.9641199999999998,4.820599999999999
risk_off_bond_equity_short,atr_trail_mae_conditional,mid_15_25,18,0.2222222222222222,-1.029866666666667,-18.537600000000005
risk_off_bond_equity_short,atr_trail_vix_conditional,high_25_40,10,0.3,-3.36967,-33.6967
risk_off_bond_equity_short,atr_trail_vix_conditional,low_lt_15,5,0.2,1.8104200000000001,9.052100000000001
risk_off_bond_equity_short,atr_trail_vix_conditional,mid_15_25,18,0.2222222222222222,-1.3427444444444447,-24.169400000000007
risk_off_bond_equity_short,break_even_at_1r,high_25_40,10,0.1,-3.2408799999999998,-32.4088
risk_off_bond_equity_short,break_even_at_1r,low_lt_15,5,0.2,0.5550200000000001,2.7751
risk_off_bond_equity_short,break_even_at_1r,mid_15_25,18,0.05555555555555555,-1.5580333333333334,-28.044600000000003
risk_off_bond_equity_short,breakeven_plus_trail,high_25_40,10,0.3,0.61862,6.1861999999999995
risk_off_bond_equity_short,breakeven_plus_trail,low_lt_15,5,0.4,0.3850200000000001,1.9251000000000005
risk_off_bond_equity_short,breakeven_plus_trail,mid_15_25,18,0.2777777777777778,3.366988888888889,60.605799999999995
risk_off_bond_equity_short,chandelier_3x,high_25_40,10,0.1,-3.9774599999999998,-39.7746
risk_off_bond_equity_short,chandelier_3x,low_lt_15,5,0.0,-0.27376,-1.3688
risk_off_bond_equity_short,chandelier_3x,mid_15_25,18,0.1111111111111111,-0.11491666666666678,-2.068500000000002
risk_off_bond_equity_short,class_time_stop,high_25_40,10,0.4,-2.3566800000000008,-23.566800000000008
risk_off_bond_equity_short,class_time_stop,low_lt_15,5,0.6,2.32544,11.6272
risk_off_bond_equity_short,class_time_stop,mid_15_25,18,0.5555555555555556,-12.379344444444445,-222.8282
risk_off_bond_equity_short,earnings_blackout,high_25_40,10,0.7,-5.808510000000001,-58.08510000000001
risk_off_bond_equity_short,earnings_blackout,low_lt_15,5,0.4,-5.31944,-26.5972
risk_off_bond_equity_short,earnings_blackout,mid_15_25,18,0.2222222222222222,-21.415872222222223,-385.4857
risk_off_bond_equity_short,fixed_4r_2r,high_25_40,10,0.2,-6.86895,-68.6895
risk_off_bond_equity_short,fixed_4r_2r,low_lt_15,5,0.4,1.8293200000000003,9.146600000000001
risk_off_bond_equity_short,fixed_4r_2r,mid_15_25,18,0.3333333333333333,5.080727777777778,91.4531
risk_off_bond_equity_short,hybrid_50pct_target,high_25_40,10,1.0,18.313380000000002,183.1338
risk_off_bond_equity_short,hybrid_50pct_target,low_lt_15,5,1.0,15.35626,76.7813
risk_off_bond_equity_short,hybrid_50pct_target,mid_15_25,18,0.6666666666666666,-83.91544444444445,-1510.478
risk_off_bond_equity_short,ma_exit_ema9,high_25_40,10,0.2,-2.6641500000000002,-26.6415
risk_off_bond_equity_short,ma_exit_ema9,low_lt_15,5,0.6,0.99196,4.9597999999999995
risk_off_bond_equity_short,ma_exit_ema9,mid_15_25,18,0.2222222222222222,0.30468888888888884,5.484399999999999
risk_off_bond_equity_short,mfe_lockin_trail,high_25_40,10,0.1,-3.9058900000000003,-39.0589
risk_off_bond_equity_short,mfe_lockin_trail,low_lt_15,5,0.2,0.9967399999999997,4.983699999999999
risk_off_bond_equity_short,mfe_lockin_trail,mid_15_25,18,0.2222222222222222,-1.1928444444444446,-21.471200000000003
risk_off_bond_equity_short,multi_tier_partial,high_25_40,10,0.3,-3.23934,-32.3934
risk_off_bond_equity_short,multi_tier_partial,low_lt_15,5,0.6,1.6489400000000003,8.244700000000002
risk_off_bond_equity_short,multi_tier_partial,mid_15_25,18,0.2777777777777778,-1.0164111111111112,-18.2954
risk_off_bond_equity_short,next_pivot_target,high_25_40,10,0.8,-1.1141100000000002,-11.141100000000002
risk_off_bond_equity_short,next_pivot_target,low_lt_15,5,0.6,-2.7073799999999997,-13.5369
risk_off_bond_equity_short,next_pivot_target,mid_15_25,18,0.7222222222222222,1.7163555555555556,30.8944
risk_off_bond_equity_short,r_multiple_2r,high_25_40,10,0.5,2.7108399999999997,27.108399999999996
risk_off_bond_equity_short,r_multiple_2r,low_lt_15,5,0.4,0.6735999999999999,3.3679999999999994
risk_off_bond_equity_short,r_multiple_2r,mid_15_25,18,0.2777777777777778,0.127316666666667,2.291700000000006
risk_off_bond_equity_short,r_multiple_3r,high_25_40,10,0.2,-2.39799,-23.9799
risk_off_bond_equity_short,r_multiple_3r,low_lt_15,5,0.4,2.40876,12.043800000000001
risk_off_bond_equity_short,r_multiple_3r,mid_15_25,18,0.16666666666666666,0.22029999999999983,3.965399999999997
risk_off_bond_equity_short,regime_flip,high_25_40,10,0.3,-6.02587,-60.258700000000005
risk_off_bond_equity_short,regime_flip,low_lt_15,5,0.6,2.9312400000000003,14.656200000000002
risk_off_bond_equity_short,regime_flip,mid_15_25,18,0.4444444444444444,2.05075,36.9135
risk_off_bond_equity_short,reverse_signal,high_25_40,10,0.1,-3.9058900000000003,-39.0589
risk_off_bond_equity_short,reverse_signal,low_lt_15,5,0.2,0.9641199999999998,4.820599999999999
risk_off_bond_equity_short,reverse_signal,mid_15_25,18,0.2222222222222222,-1.029866666666667,-18.537600000000005
risk_off_bond_equity_short,smc_mitigation_zone,high_25_40,10,0.1,-3.9058900000000003,-39.0589
risk_off_bond_equity_short,smc_mitigation_zone,low_lt_15,5,0.2,0.9641199999999998,4.820599999999999
risk_off_bond_equity_short,smc_mitigation_zone,mid_15_25,18,0.2222222222222222,-1.029866666666667,-18.537600000000005
risk_off_bond_equity_short,time_stop_10d,high_25_40,10,0.6,1.58978,15.8978
risk_off_bond_equity_short,time_stop_10d,low_lt_15,5,0.6,0.9695200000000004,4.847600000000002
risk_off_bond_equity_short,time_stop_10d,mid_15_25,18,0.2777777777777778,-1.1127222222222224,-20.029000000000003
risk_off_bond_equity_short,time_stop_20d,high_25_40,10,0.3,-6.02587,-60.258700000000005
risk_off_bond_equity_short,time_stop_20d,low_lt_15,5,0.6,2.9312400000000003,14.656200000000002
risk_off_bond_equity_short,time_stop_20d,mid_15_25,18,0.4444444444444444,2.05075,36.9135
risk_off_bond_equity_short,trailing_10pct,high_25_40,10,0.4,0.76081,7.6081
risk_off_bond_equity_short,trailing_10pct,low_lt_15,5,0.2,-2.1571799999999994,-10.785899999999998
risk_off_bond_equity_short,trailing_10pct,mid_15_25,18,0.16666666666666666,-5.156733333333333,-92.8212
risk_off_bond_equity_short,trailing_15pct,high_25_40,10,0.4,-1.2496299999999998,-12.496299999999998
risk_off_bond_equity_short,trailing_15pct,low_lt_15,5,0.4,-1.2518,-6.259
risk_off_bond_equity_short,trailing_15pct,mid_15_25,18,0.2222222222222222,-1.5003888888888888,-27.006999999999998
risk_off_bond_equity_short,trailing_5pct,high_25_40,10,0.1,-2.15059,-21.505899999999997
risk_off_bond_equity_short,trailing_5pct,low_lt_15,5,0.2,1.15692,5.784599999999999
risk_off_bond_equity_short,trailing_5pct,mid_15_25,18,0.05555555555555555,-3.0177055555555556,-54.3187
roc_burst,atr_trail_1x,high_25_40,3,0.0,-5.554533333333333,-16.6636
roc_burst,atr_trail_1x,low_lt_15,4,0.0,-4.90665,-19.6266
roc_burst,atr_trail_1x,mid_15_25,8,0.25,-4.0686625,-32.5493
roc_burst,atr_trail_2x,high_25_40,3,0.0,-10.4704,-31.4112
roc_burst,atr_trail_2x,low_lt_15,4,0.0,-7.570675,-30.2827
roc_burst,atr_trail_2x,mid_15_25,8,0.375,-5.6713,-45.3704
roc_burst,atr_trail_mae_conditional,high_25_40,3,0.0,-5.554533333333333,-16.6636
roc_burst,atr_trail_mae_conditional,low_lt_15,4,0.0,-4.90665,-19.6266
roc_burst,atr_trail_mae_conditional,mid_15_25,8,0.25,-4.0686625,-32.5493
roc_burst,atr_trail_vix_conditional,high_25_40,3,0.0,-8.647966666666667,-25.9439
roc_burst,atr_trail_vix_conditional,low_lt_15,4,0.0,-3.96935,-15.8774
roc_burst,atr_trail_vix_conditional,mid_15_25,8,0.125,-4.9331625,-39.4653
roc_burst,break_even_at_1r,high_25_40,3,0.0,-5.832666666666667,-17.498
roc_burst,break_even_at_1r,low_lt_15,4,0.0,-4.9956499999999995,-19.982599999999998
roc_burst,break_even_at_1r,mid_15_25,8,0.0,-4.987525,-39.9002
roc_burst,breakeven_plus_trail,high_25_40,3,0.0,-11.497966666666665,-34.4939
roc_burst,breakeven_plus_trail,low_lt_15,4,0.25,-5.059175,-20.2367
roc_burst,breakeven_plus_trail,mid_15_25,8,0.5,154.3671125,1234.9369
roc_burst,chandelier_3x,high_25_40,3,0.0,-5.3952333333333335,-16.1857
roc_burst,chandelier_3x,low_lt_15,4,0.0,-5.816275,-23.2651
roc_burst,chandelier_3x,mid_15_25,8,0.25,-3.9342125000000006,-31.473700000000004
roc_burst,class_time_stop,high_25_40,3,0.3333333333333333,-7.083033333333333,-21.2491
roc_burst,class_time_stop,low_lt_15,4,0.75,-2.1965249999999994,-8.786099999999998
roc_burst,class_time_stop,mid_15_25,8,0.75,4.0301375,32.2411
roc_burst,earnings_blackout,high_25_40,3,0.0,-10.538733333333333,-31.6162
roc_burst,earnings_blackout,low_lt_15,4,0.25,-4.827475,-19.3099
roc_burst,earnings_blackout,mid_15_25,8,0.5,82.78854999999999,662.3083999999999
roc_burst,fixed_4r_2r,high_25_40,3,0.0,-11.497966666666665,-34.4939
roc_burst,fixed_4r_2r,low_lt_15,4,0.25,-2.1845749999999997,-8.738299999999999
roc_burst,fixed_4r_2r,mid_15_25,8,0.5,-1.7286625,-13.8293
roc_burst,hybrid_50pct_target,high_25_40,3,0.0,-10.0,-30.0
roc_burst,hybrid_50pct_target,low_lt_15,4,0.5,6.10665,24.4266
roc_burst,hybrid_50pct_target,mid_15_25,8,0.5,-0.6599999999999999,-5.279999999999999
roc_burst,ma_exit_ema9,high_25_40,3,0.0,-6.386866666666667,-19.160600000000002
roc_burst,ma_exit_ema9,low_lt_15,4,0.0,-4.623975,-18.4959
roc_burst,ma_exit_ema9,mid_15_25,8,0.0,-3.4342,-27.4736
roc_burst,mfe_lockin_trail,high_25_40,3,0.0,-5.554533333333333,-16.6636
roc_burst,mfe_lockin_trail,low_lt_15,4,0.0,-4.90665,-19.6266
roc_burst,mfe_lockin_trail,mid_15_25,8,0.25,-4.0686625,-32.5493
roc_burst,multi_tier_partial,high_25_40,3,0.0,-5.554533333333333,-16.6636
roc_burst,multi_tier_partial,low_lt_15,4,0.0,-4.90665,-19.6266
roc_burst,multi_tier_partial,mid_15_25,8,0.5,-3.1285,-25.028
roc_burst,next_pivot_target,high_25_40,3,0.3333333333333333,-6.901933333333333,-20.7058
roc_burst,next_pivot_target,low_lt_15,4,0.25,-6.55375,-26.215
roc_burst,next_pivot_target,mid_15_25,8,0.75,-1.0099750000000003,-8.079800000000002
roc_burst,r_multiple_2r,high_25_40,3,0.0,-5.832666666666667,-17.498
roc_burst,r_multiple_2r,low_lt_15,4,0.0,-4.9956499999999995,-19.982599999999998
roc_burst,r_multiple_2r,mid_15_25,8,0.375,-2.7046249999999996,-21.636999999999997
roc_burst,r_multiple_3r,high_25_40,3,0.0,-5.832666666666667,-17.498
roc_burst,r_multiple_3r,low_lt_15,4,0.0,-4.9956499999999995,-19.982599999999998
roc_burst,r_multiple_3r,mid_15_25,8,0.375,-1.7898625,-14.3189
roc_burst,regime_flip,high_25_40,3,0.0,-11.612233333333334,-34.8367
roc_burst,regime_flip,low_lt_15,4,0.25,-1.9804499999999998,-7.921799999999999
roc_burst,regime_flip,mid_15_25,8,0.625,0.5804500000000006,4.643600000000005
roc_burst,reverse_signal,high_25_40,3,0.0,-5.554533333333333,-16.6636
roc_burst,reverse_signal,low_lt_15,4,0.0,-4.90665,-19.6266
roc_burst,reverse_signal,mid_15_25,8,0.25,-4.0686625,-32.5493
roc_burst,smc_mitigation_zone,high_25_40,3,0.0,-5.554533333333333,-16.6636
roc_burst,smc_mitigation_zone,low_lt_15,4,0.0,-4.90665,-19.6266
roc_burst,smc_mitigation_zone,mid_15_25,8,0.25,-4.0686625,-32.5493
roc_burst,time_stop_10d,high_25_40,3,0.0,-8.805533333333333,-26.4166
roc_burst,time_stop_10d,low_lt_15,4,0.25,-2.4545000000000003,-9.818000000000001
roc_burst,time_stop_10d,mid_15_25,8,0.375,-7.1900625,-57.5205
roc_burst,time_stop_20d,high_25_40,3,0.0,-11.612233333333334,-34.8367
roc_burst,time_stop_20d,low_lt_15,4,0.25,-1.9804499999999998,-7.921799999999999
roc_burst,time_stop_20d,mid_15_25,8,0.625,0.5804500000000006,4.643600000000005
roc_burst,trailing_10pct,high_25_40,3,0.0,-8.9573,-26.8719
roc_burst,trailing_10pct,low_lt_15,4,0.0,-8.132475,-32.5299
roc_burst,trailing_10pct,mid_15_25,8,0.375,-1.8908875,-15.1271
roc_burst,trailing_15pct,high_25_40,3,0.0,-13.720799999999999,-41.1624
roc_burst,trailing_15pct,low_lt_15,4,0.0,-11.0314,-44.1256
roc_burst,trailing_15pct,mid_15_25,8,0.375,6.860212500000001,54.88170000000001
roc_burst,trailing_5pct,high_25_40,3,0.0,-4.730533333333334,-14.191600000000001
roc_burst,trailing_5pct,low_lt_15,4,0.0,-4.38335,-17.5334
roc_burst,trailing_5pct,mid_15_25,8,0.125,-2.8105125,-22.4841
squeeze_breakout,atr_trail_1x,high_25_40,17,0.11764705882352941,-4.516241176470588,-76.7761
squeeze_breakout,atr_trail_1x,low_lt_15,4,0.25,-1.8509,-7.4036
squeeze_breakout,atr_trail_1x,mid_15_25,15,0.2,-1.95964,-29.3946
squeeze_breakout,atr_trail_2x,high_25_40,17,0.5294117647058824,1.8450647058823524,31.36609999999999
squeeze_breakout,atr_trail_2x,low_lt_15,4,0.25,-6.49915,-25.9966
squeeze_breakout,atr_trail_2x,mid_15_25,15,0.26666666666666666,-3.04108,-45.6162
squeeze_breakout,atr_trail_mae_conditional,high_25_40,17,0.11764705882352941,-4.516241176470588,-76.7761
squeeze_breakout,atr_trail_mae_conditional,low_lt_15,4,0.25,-1.8509,-7.4036
squeeze_breakout,atr_trail_mae_conditional,mid_15_25,15,0.2,-1.95964,-29.3946
squeeze_breakout,atr_trail_vix_conditional,high_25_40,17,0.29411764705882354,-1.3094705882352942,-22.261
squeeze_breakout,atr_trail_vix_conditional,low_lt_15,4,0.25,-1.1517249999999999,-4.6068999999999996
squeeze_breakout,atr_trail_vix_conditional,mid_15_25,15,0.26666666666666666,-2.5085133333333336,-37.627700000000004
squeeze_breakout,break_even_at_1r,high_25_40,17,0.058823529411764705,-4.567858823529412,-77.6536
squeeze_breakout,break_even_at_1r,low_lt_15,4,0.0,-3.0654,-12.2616
squeeze_breakout,break_even_at_1r,mid_15_25,15,0.0,-1.6824933333333334,-25.2374
squeeze_breakout,breakeven_plus_trail,high_25_40,17,0.5294117647058824,9.940399999999999,168.9868
squeeze_breakout,breakeven_plus_trail,low_lt_15,4,0.0,-8.864425,-35.4577
squeeze_breakout,breakeven_plus_trail,mid_15_25,15,0.5333333333333333,3.1632000000000002,47.448
squeeze_breakout,chandelier_3x,high_25_40,17,0.058823529411764705,-3.2876823529411765,-55.8906
squeeze_breakout,chandelier_3x,low_lt_15,4,0.0,-1.206175,-4.8247
squeeze_breakout,chandelier_3x,mid_15_25,15,0.13333333333333333,-3.0638733333333334,-45.9581
squeeze_breakout,class_time_stop,high_25_40,17,0.7647058823529411,6.874935294117647,116.8739
squeeze_breakout,class_time_stop,low_lt_15,4,0.0,-13.455375,-53.8215
squeeze_breakout,class_time_stop,mid_15_25,15,0.6,0.35022,5.253299999999999
squeeze_breakout,earnings_blackout,high_25_40,17,0.7647058823529411,9.788176470588235,166.399
squeeze_breakout,earnings_blackout,low_lt_15,4,0.5,-11.123650000000001,-44.494600000000005
squeeze_breakout,earnings_blackout,mid_15_25,15,0.4666666666666667,11.43985333333333,171.59779999999995
squeeze_breakout,fixed_4r_2r,high_25_40,17,0.47058823529411764,1.8297470588235292,31.105699999999995
squeeze_breakout,fixed_4r_2r,low_lt_15,4,0.0,-11.386125,-45.5445
squeeze_breakout,fixed_4r_2r,mid_15_25,15,0.5333333333333333,5.5319666666666665,82.9795
squeeze_breakout,hybrid_50pct_target,high_25_40,17,0.6470588235294118,5.654611764705883,96.1284
squeeze_breakout,hybrid_50pct_target,low_lt_15,4,0.0,-10.0,-40.0
squeeze_breakout,hybrid_50pct_target,mid_15_25,15,0.4666666666666667,0.5659199999999998,8.488799999999996
squeeze_breakout,ma_exit_ema9,high_25_40,17,0.11764705882352941,-3.3823,-57.4991
squeeze_breakout,ma_exit_ema9,low_lt_15,4,0.25,-3.219125,-12.8765
squeeze_breakout,ma_exit_ema9,mid_15_25,15,0.4666666666666667,0.45879999999999993,6.881999999999999
squeeze_breakout,mfe_lockin_trail,high_25_40,17,0.11764705882352941,-4.451376470588236,-75.6734
squeeze_breakout,mfe_lockin_trail,low_lt_15,4,0.25,-1.8023749999999998,-7.209499999999999
squeeze_breakout,mfe_lockin_trail,mid_15_25,15,0.2,-1.92022,-28.8033
squeeze_breakout,multi_tier_partial,high_25_40,17,0.29411764705882354,-3.910317647058823,-66.4754
squeeze_breakout,multi_tier_partial,low_lt_15,4,0.5,-1.0641249999999998,-4.256499999999999
squeeze_breakout,multi_tier_partial,mid_15_25,15,0.6,-0.35315333333333326,-5.297299999999999
squeeze_breakout,next_pivot_target,high_25_40,17,0.7647058823529411,1.1645999999999999,19.798199999999998
squeeze_breakout,next_pivot_target,low_lt_15,4,0.75,-1.9235,-7.694
squeeze_breakout,next_pivot_target,mid_15_25,15,0.6,1.4906600000000003,22.359900000000003
squeeze_breakout,r_multiple_2r,high_25_40,17,0.23529411764705882,-2.564341176470588,-43.5938
squeeze_breakout,r_multiple_2r,low_lt_15,4,0.25,-1.9105249999999998,-7.642099999999999
squeeze_breakout,r_multiple_2r,mid_15_25,15,0.2,-2.147413333333333,-32.2112
squeeze_breakout,r_multiple_3r,high_25_40,17,0.17647058823529413,-2.144405882352941,-36.454899999999995
squeeze_breakout,r_multiple_3r,low_lt_15,4,0.0,-5.693075,-22.7723
squeeze_breakout,r_multiple_3r,mid_15_25,15,0.13333333333333333,-2.9333533333333333,-44.000299999999996
squeeze_breakout,regime_flip,high_25_40,17,0.7058823529411765,4.781558823529412,81.2865
squeeze_breakout,regime_flip,low_lt_15,4,0.0,-14.42175,-57.687
squeeze_breakout,regime_flip,mid_15_25,15,0.4666666666666667,-2.83926,-42.588899999999995
squeeze_breakout,reverse_signal,high_25_40,17,0.11764705882352941,-4.516241176470588,-76.7761
squeeze_breakout,reverse_signal,low_lt_15,4,0.25,-1.8509,-7.4036
squeeze_breakout,reverse_signal,mid_15_25,15,0.2,-1.95964,-29.3946
squeeze_breakout,smc_mitigation_zone,high_25_40,17,0.11764705882352941,-4.516241176470588,-76.7761
squeeze_breakout,smc_mitigation_zone,low_lt_15,4,0.25,-1.8509,-7.4036
squeeze_breakout,smc_mitigation_zone,mid_15_25,15,0.2,-1.95964,-29.3946
squeeze_breakout,time_stop_10d,high_25_40,17,0.5294117647058824,0.3939999999999999,6.697999999999999
squeeze_breakout,time_stop_10d,low_lt_15,4,0.25,-8.81775,-35.271
squeeze_breakout,time_stop_10d,mid_15_25,15,0.4,-2.48776,-37.3164
squeeze_breakout,time_stop_20d,high_25_40,17,0.7058823529411765,4.781558823529412,81.2865
squeeze_breakout,time_stop_20d,low_lt_15,4,0.0,-14.42175,-57.687
squeeze_breakout,time_stop_20d,mid_15_25,15,0.4666666666666667,-2.83926,-42.588899999999995
squeeze_breakout,trailing_10pct,high_25_40,17,0.35294117647058826,0.46772941176470617,7.951400000000005
squeeze_breakout,trailing_10pct,low_lt_15,4,0.0,-6.013675,-24.0547
squeeze_breakout,trailing_10pct,mid_15_25,15,0.26666666666666666,-2.151946666666667,-32.2792
squeeze_breakout,trailing_15pct,high_25_40,17,0.6470588235294118,6.534641176470588,111.0889
squeeze_breakout,trailing_15pct,low_lt_15,4,0.0,-11.23515,-44.9406
squeeze_breakout,trailing_15pct,mid_15_25,15,0.4666666666666667,-1.7307733333333333,-25.9616
squeeze_breakout,trailing_5pct,high_25_40,17,0.17647058823529413,-2.879164705882353,-48.9458
squeeze_breakout,trailing_5pct,low_lt_15,4,0.25,-1.589475,-6.3579
squeeze_breakout,trailing_5pct,mid_15_25,15,0.26666666666666666,-1.4935733333333334,-22.4036
stoch_oversold,atr_trail_1x,high_25_40,1,1.0,7.0812,7.0812
stoch_oversold,atr_trail_1x,low_lt_15,1,1.0,1.6565,1.6565
stoch_oversold,atr_trail_1x,mid_15_25,3,0.3333333333333333,-0.3912333333333333,-1.1737
stoch_oversold,atr_trail_2x,high_25_40,1,1.0,4.4811,4.4811
stoch_oversold,atr_trail_2x,low_lt_15,1,1.0,8.2573,8.2573
stoch_oversold,atr_trail_2x,mid_15_25,3,0.3333333333333333,-1.2740333333333334,-3.8221000000000003
stoch_oversold,atr_trail_mae_conditional,high_25_40,1,1.0,7.0812,7.0812
stoch_oversold,atr_trail_mae_conditional,low_lt_15,1,1.0,1.6565,1.6565
stoch_oversold,atr_trail_mae_conditional,mid_15_25,3,0.3333333333333333,-0.3912333333333333,-1.1737
stoch_oversold,atr_trail_vix_conditional,high_25_40,1,1.0,8.6854,8.6854
stoch_oversold,atr_trail_vix_conditional,low_lt_15,1,1.0,1.6565,1.6565
stoch_oversold,atr_trail_vix_conditional,mid_15_25,3,0.3333333333333333,-0.3912333333333333,-1.1737
stoch_oversold,break_even_at_1r,high_25_40,1,1.0,3.5422,3.5422
stoch_oversold,break_even_at_1r,low_lt_15,1,1.0,2.7405,2.7405
stoch_oversold,break_even_at_1r,mid_15_25,3,0.0,-1.1598,-3.4794
stoch_oversold,breakeven_plus_trail,high_25_40,1,1.0,9.1685,9.1685
stoch_oversold,breakeven_plus_trail,low_lt_15,1,1.0,2.7405,2.7405
stoch_oversold,breakeven_plus_trail,mid_15_25,3,0.3333333333333333,8.530633333333332,25.5919
stoch_oversold,chandelier_3x,high_25_40,1,0.0,-0.4248,-0.4248
stoch_oversold,chandelier_3x,low_lt_15,1,0.0,-0.2636,-0.2636
stoch_oversold,chandelier_3x,mid_15_25,3,0.0,-0.6815666666666668,-2.0447
stoch_oversold,class_time_stop,high_25_40,1,1.0,7.0962,7.0962
stoch_oversold,class_time_stop,low_lt_15,1,1.0,3.527,3.527
stoch_oversold,class_time_stop,mid_15_25,3,0.3333333333333333,7.8108,23.4324
stoch_oversold,earnings_blackout,high_25_40,1,1.0,6.2802,6.2802
stoch_oversold,earnings_blackout,low_lt_15,1,1.0,4.759,4.759
stoch_oversold,earnings_blackout,mid_15_25,3,0.6666666666666666,7.020066666666666,21.0602
stoch_oversold,fixed_4r_2r,high_25_40,1,1.0,32.5983,32.5983
stoch_oversold,fixed_4r_2r,low_lt_15,1,1.0,9.5465,9.5465
stoch_oversold,fixed_4r_2r,mid_15_25,3,0.3333333333333333,12.34966666666667,37.04900000000001
stoch_oversold,hybrid_50pct_target,high_25_40,1,1.0,14.1381,14.1381
stoch_oversold,hybrid_50pct_target,low_lt_15,1,1.0,4.9502,4.9502
stoch_oversold,hybrid_50pct_target,mid_15_25,3,1.0,9.119666666666665,27.358999999999998
stoch_oversold,ma_exit_ema9,high_25_40,1,1.0,6.3071,6.3071
stoch_oversold,ma_exit_ema9,low_lt_15,1,1.0,0.4945,0.4945
stoch_oversold,ma_exit_ema9,mid_15_25,3,0.3333333333333333,6.777033333333333,20.3311
stoch_oversold,mfe_lockin_trail,high_25_40,1,1.0,8.6478,8.6478
stoch_oversold,mfe_lockin_trail,low_lt_15,1,1.0,2.8885,2.8885
stoch_oversold,mfe_lockin_trail,mid_15_25,3,0.3333333333333333,-0.3912333333333333,-1.1737
stoch_oversold,multi_tier_partial,high_25_40,1,1.0,10.51,10.51
stoch_oversold,multi_tier_partial,low_lt_15,1,1.0,2.9388,2.9388
stoch_oversold,multi_tier_partial,mid_15_25,3,0.3333333333333333,0.1741333333333334,0.5224000000000002
stoch_oversold,next_pivot_target,high_25_40,1,1.0,24.4488,24.4488
stoch_oversold,next_pivot_target,low_lt_15,1,1.0,1.3791,1.3791
stoch_oversold,next_pivot_target,mid_15_25,3,0.3333333333333333,8.723533333333334,26.1706
stoch_oversold,r_multiple_2r,high_25_40,1,1.0,16.2992,16.2992
stoch_oversold,r_multiple_2r,low_lt_15,1,1.0,4.7732,4.7732
stoch_oversold,r_multiple_2r,mid_15_25,3,0.3333333333333333,6.226566666666667,18.6797
stoch_oversold,r_multiple_3r,high_25_40,1,1.0,24.4488,24.4488
stoch_oversold,r_multiple_3r,low_lt_15,1,1.0,7.6968,7.6968
stoch_oversold,r_multiple_3r,mid_15_25,3,0.3333333333333333,9.852666666666668,29.558000000000003
stoch_oversold,regime_flip,high_25_40,1,1.0,33.4167,33.4167
stoch_oversold,regime_flip,low_lt_15,1,1.0,10.3503,10.3503
stoch_oversold,regime_flip,mid_15_25,3,0.6666666666666666,0.8711666666666668,2.6135
stoch_oversold,reverse_signal,high_25_40,1,1.0,7.0812,7.0812
stoch_oversold,reverse_signal,low_lt_15,1,1.0,1.6565,1.6565
stoch_oversold,reverse_signal,mid_15_25,3,0.3333333333333333,-0.3912333333333333,-1.1737
stoch_oversold,smc_mitigation_zone,high_25_40,1,1.0,7.0812,7.0812
stoch_oversold,smc_mitigation_zone,low_lt_15,1,1.0,1.6565,1.6565
stoch_oversold,smc_mitigation_zone,mid_15_25,3,0.3333333333333333,-0.3912333333333333,-1.1737
stoch_oversold,time_stop_10d,high_25_40,1,1.0,20.5228,20.5228
stoch_oversold,time_stop_10d,low_lt_15,1,1.0,5.0433,5.0433
stoch_oversold,time_stop_10d,mid_15_25,3,0.3333333333333333,5.974266666666668,17.922800000000002
stoch_oversold,time_stop_20d,high_25_40,1,1.0,33.4167,33.4167
stoch_oversold,time_stop_20d,low_lt_15,1,1.0,10.3503,10.3503
stoch_oversold,time_stop_20d,mid_15_25,3,0.6666666666666666,0.8711666666666668,2.6135
stoch_oversold,trailing_10pct,high_25_40,1,1.0,3.5422,3.5422
stoch_oversold,trailing_10pct,low_lt_15,1,1.0,2.7405,2.7405
stoch_oversold,trailing_10pct,mid_15_25,3,0.6666666666666666,1.2631666666666668,3.7895000000000003
stoch_oversold,trailing_15pct,high_25_40,1,1.0,3.1036,3.1036
stoch_oversold,trailing_15pct,low_lt_15,1,1.0,6.6022,6.6022
stoch_oversold,trailing_15pct,mid_15_25,3,0.6666666666666666,-2.930766666666667,-8.792300000000001
stoch_oversold,trailing_5pct,high_25_40,1,0.0,-1.5131,-1.5131
stoch_oversold,trailing_5pct,low_lt_15,1,1.0,7.1614,7.1614
stoch_oversold,trailing_5pct,mid_15_25,3,0.3333333333333333,-2.6127333333333334,-7.8382
stochrsi_overbought_short,atr_trail_1x,high_25_40,12,0.4166666666666667,0.4551000000000001,5.461200000000002
stochrsi_overbought_short,atr_trail_1x,low_lt_15,20,0.2,-1.552425,-31.0485
stochrsi_overbought_short,atr_trail_1x,mid_15_25,48,0.3541666666666667,-0.052308333333333346,-2.5108000000000006
stochrsi_overbought_short,atr_trail_2x,high_25_40,12,0.3333333333333333,1.466575,17.5989
stochrsi_overbought_short,atr_trail_2x,low_lt_15,20,0.3,0.5279300000000002,10.558600000000006
stochrsi_overbought_short,atr_trail_2x,mid_15_25,48,0.4791666666666667,1.4644666666666668,70.29440000000001
stochrsi_overbought_short,atr_trail_mae_conditional,high_25_40,12,0.4166666666666667,0.4551000000000001,5.461200000000002
stochrsi_overbought_short,atr_trail_mae_conditional,low_lt_15,20,0.2,-1.552425,-31.0485
stochrsi_overbought_short,atr_trail_mae_conditional,mid_15_25,48,0.3541666666666667,-0.052308333333333346,-2.5108000000000006
stochrsi_overbought_short,atr_trail_vix_conditional,high_25_40,12,0.16666666666666666,1.6674333333333333,20.0092
stochrsi_overbought_short,atr_trail_vix_conditional,low_lt_15,20,0.2,-1.6220500000000002,-32.441
stochrsi_overbought_short,atr_trail_vix_conditional,mid_15_25,48,0.3125,0.35919999999999996,17.2416
stochrsi_overbought_short,break_even_at_1r,high_25_40,12,0.08333333333333333,2.695791666666667,32.349500000000006
stochrsi_overbought_short,break_even_at_1r,low_lt_15,20,0.15,-0.3555400000000001,-7.110800000000002
stochrsi_overbought_short,break_even_at_1r,mid_15_25,48,0.20833333333333334,0.8929583333333332,42.861999999999995
stochrsi_overbought_short,breakeven_plus_trail,high_25_40,12,0.3333333333333333,5.022291666666667,60.2675
stochrsi_overbought_short,breakeven_plus_trail,low_lt_15,20,0.5,8.24691,164.9382
stochrsi_overbought_short,breakeven_plus_trail,mid_15_25,48,0.4375,5.0193812499999995,240.9303
stochrsi_overbought_short,chandelier_3x,high_25_40,12,0.0,-0.21553333333333333,-2.5864
stochrsi_overbought_short,chandelier_3x,low_lt_15,20,0.15,1.63861,32.7722
stochrsi_overbought_short,chandelier_3x,mid_15_25,48,0.0625,0.37850416666666664,18.1682
stochrsi_overbought_short,class_time_stop,high_25_40,12,0.5833333333333334,3.180216666666666,38.16259999999999
stochrsi_overbought_short,class_time_stop,low_lt_15,20,0.6,5.322010000000001,106.4402
stochrsi_overbought_short,class_time_stop,mid_15_25,48,0.6666666666666666,3.2694145833333335,156.9319
stochrsi_overbought_short,earnings_blackout,high_25_40,12,0.5,-29.153408333333335,-349.84090000000003
stochrsi_overbought_short,earnings_blackout,low_lt_15,20,0.5,-0.7898400000000001,-15.796800000000001
stochrsi_overbought_short,earnings_blackout,mid_15_25,48,0.625,-0.1312312500000002,-6.299100000000009
stochrsi_overbought_short,fixed_4r_2r,high_25_40,12,0.5,6.225416666666667,74.705
stochrsi_overbought_short,fixed_4r_2r,low_lt_15,20,0.4,3.02569,60.5138
stochrsi_overbought_short,fixed_4r_2r,mid_15_25,48,0.5208333333333334,2.6960729166666666,129.4115
stochrsi_overbought_short,hybrid_50pct_target,high_25_40,12,0.8333333333333334,-31.151475,-373.8177
stochrsi_overbought_short,hybrid_50pct_target,low_lt_15,20,0.9,-1.6962400000000006,-33.92480000000001
stochrsi_overbought_short,hybrid_50pct_target,mid_15_25,48,0.8958333333333334,-5.5127625,-264.6126
stochrsi_overbought_short,ma_exit_ema9,high_25_40,12,0.5,-0.4473749999999999,-5.368499999999999
stochrsi_overbought_short,ma_exit_ema9,low_lt_15,20,0.5,-0.08583499999999997,-1.7166999999999994
stochrsi_overbought_short,ma_exit_ema9,mid_15_25,48,0.375,0.27508541666666664,13.204099999999999
stochrsi_overbought_short,mfe_lockin_trail,high_25_40,12,0.4166666666666667,0.47012500000000007,5.641500000000001
stochrsi_overbought_short,mfe_lockin_trail,low_lt_15,20,0.2,-1.552425,-31.0485
stochrsi_overbought_short,mfe_lockin_trail,mid_15_25,48,0.3541666666666667,-0.3100083333333333,-14.880399999999998
stochrsi_overbought_short,multi_tier_partial,high_25_40,12,0.5833333333333334,0.28195,3.3834
stochrsi_overbought_short,multi_tier_partial,low_lt_15,20,0.35,-1.3162850000000001,-26.3257
stochrsi_overbought_short,multi_tier_partial,mid_15_25,48,0.4791666666666667,-0.025764583333333313,-1.236699999999999
stochrsi_overbought_short,next_pivot_target,high_25_40,12,0.9166666666666666,1.7653083333333335,21.1837
stochrsi_overbought_short,next_pivot_target,low_lt_15,20,0.75,0.10137,2.0274
stochrsi_overbought_short,next_pivot_target,mid_15_25,48,0.7916666666666666,0.1725604166666667,8.282900000000001
stochrsi_overbought_short,r_multiple_2r,high_25_40,12,0.5,3.4642,41.5704
stochrsi_overbought_short,r_multiple_2r,low_lt_15,20,0.25,-0.6671349999999999,-13.342699999999999
stochrsi_overbought_short,r_multiple_2r,mid_15_25,48,0.4375,1.2177229166666665,58.4507
stochrsi_overbought_short,r_multiple_3r,high_25_40,12,0.4166666666666667,4.613566666666666,55.3628
stochrsi_overbought_short,r_multiple_3r,low_lt_15,20,0.25,0.5400699999999998,10.801399999999996
stochrsi_overbought_short,r_multiple_3r,mid_15_25,48,0.3333333333333333,0.27602499999999996,13.249199999999998
stochrsi_overbought_short,regime_flip,high_25_40,12,0.6666666666666666,6.358875000000001,76.30650000000001
stochrsi_overbought_short,regime_flip,low_lt_15,20,0.55,5.180205,103.6041
stochrsi_overbought_short,regime_flip,mid_15_25,48,0.625,1.5579604166666667,74.7821
stochrsi_overbought_short,reverse_signal,high_25_40,12,0.4166666666666667,0.4551000000000001,5.461200000000002
stochrsi_overbought_short,reverse_signal,low_lt_15,20,0.2,-1.552425,-31.0485
stochrsi_overbought_short,reverse_signal,mid_15_25,48,0.3541666666666667,-0.052308333333333346,-2.5108000000000006
stochrsi_overbought_short,smc_mitigation_zone,high_25_40,12,0.4166666666666667,0.4551000000000001,5.461200000000002
stochrsi_overbought_short,smc_mitigation_zone,low_lt_15,20,0.2,-1.552425,-31.0485
stochrsi_overbought_short,smc_mitigation_zone,mid_15_25,48,0.3541666666666667,-0.052308333333333346,-2.5108000000000006
stochrsi_overbought_short,time_stop_10d,high_25_40,12,0.6666666666666666,3.2397833333333335,38.8774
stochrsi_overbought_short,time_stop_10d,low_lt_15,20,0.55,2.1974050000000003,43.948100000000004
stochrsi_overbought_short,time_stop_10d,mid_15_25,48,0.625,1.0971062500000002,52.661100000000005
stochrsi_overbought_short,time_stop_20d,high_25_40,12,0.6666666666666666,6.358875000000001,76.30650000000001
stochrsi_overbought_short,time_stop_20d,low_lt_15,20,0.55,5.180205,103.6041
stochrsi_overbought_short,time_stop_20d,mid_15_25,48,0.625,1.5579604166666667,74.7821
stochrsi_overbought_short,trailing_10pct,high_25_40,12,0.3333333333333333,1.8969083333333334,22.762900000000002
stochrsi_overbought_short,trailing_10pct,low_lt_15,20,0.35,-2.53453,-50.6906
stochrsi_overbought_short,trailing_10pct,mid_15_25,48,0.4375,1.391095833333333,66.77259999999998
stochrsi_overbought_short,trailing_15pct,high_25_40,12,0.5,1.6194833333333338,19.433800000000005
stochrsi_overbought_short,trailing_15pct,low_lt_15,20,0.55,3.8913,77.82600000000001
stochrsi_overbought_short,trailing_15pct,mid_15_25,48,0.5416666666666666,3.4797041666666666,167.0258
stochrsi_overbought_short,trailing_5pct,high_25_40,12,0.25,-0.25305833333333333,-3.0367
stochrsi_overbought_short,trailing_5pct,low_lt_15,20,0.25,-2.4161099999999998,-48.322199999999995
stochrsi_overbought_short,trailing_5pct,mid_15_25,48,0.375,0.27199999999999985,13.055999999999994
stochrsi_oversold,atr_trail_1x,high_25_40,44,0.2727272727272727,-1.2844250000000001,-56.514700000000005
stochrsi_oversold,atr_trail_1x,low_lt_15,29,0.10344827586206896,-3.392793103448276,-98.391
stochrsi_oversold,atr_trail_1x,mid_15_25,147,0.23809523809523808,-1.1213224489795917,-164.8344
stochrsi_oversold,atr_trail_2x,high_25_40,44,0.3409090909090909,-1.7108159090909092,-75.27590000000001
stochrsi_oversold,atr_trail_2x,low_lt_15,29,0.13793103448275862,-4.642224137931035,-134.6245
stochrsi_oversold,atr_trail_2x,mid_15_25,147,0.43537414965986393,2.9907870748299317,439.6457
stochrsi_oversold,atr_trail_mae_conditional,high_25_40,44,0.2727272727272727,-1.2844250000000001,-56.514700000000005
stochrsi_oversold,atr_trail_mae_conditional,low_lt_15,29,0.10344827586206896,-3.392793103448276,-98.391
stochrsi_oversold,atr_trail_mae_conditional,mid_15_25,147,0.23809523809523808,-1.1213224489795917,-164.8344
stochrsi_oversold,atr_trail_vix_conditional,high_25_40,44,0.29545454545454547,-1.5230045454545456,-67.0122
stochrsi_oversold,atr_trail_vix_conditional,low_lt_15,29,0.06896551724137931,-2.6174620689655175,-75.9064
stochrsi_oversold,atr_trail_vix_conditional,mid_15_25,147,0.2925170068027211,-0.6019272108843539,-88.48330000000001
stochrsi_oversold,break_even_at_1r,high_25_40,44,0.18181818181818182,-2.3246545454545458,-102.2848
stochrsi_oversold,break_even_at_1r,low_lt_15,29,0.0,-3.558989655172414,-103.2107
stochrsi_oversold,break_even_at_1r,mid_15_25,147,0.14965986394557823,-2.0746673469387753,-304.9761
stochrsi_oversold,breakeven_plus_trail,high_25_40,44,0.4772727272727273,5.598720454545454,246.34369999999998
stochrsi_oversold,breakeven_plus_trail,low_lt_15,29,0.13793103448275862,1.209024137931034,35.06169999999999
stochrsi_oversold,breakeven_plus_trail,mid_15_25,147,0.46938775510204084,6.759904081632653,993.7059
stochrsi_oversold,chandelier_3x,high_25_40,44,0.045454545454545456,-0.8794340909090909,-38.6951
stochrsi_oversold,chandelier_3x,low_lt_15,29,0.034482758620689655,-1.218896551724138,-35.348
stochrsi_oversold,chandelier_3x,mid_15_25,147,0.047619047619047616,-0.16662857142857143,-24.494400000000002
stochrsi_oversold,class_time_stop,high_25_40,44,0.5909090909090909,2.2837750000000003,100.48610000000001
stochrsi_oversold,class_time_stop,low_lt_15,29,0.27586206896551724,-10.010172413793104,-290.295
stochrsi_oversold,class_time_stop,mid_15_25,147,0.47619047619047616,-0.5736700680272108,-84.32949999999998
stochrsi_oversold,earnings_blackout,high_25_40,44,0.4772727272727273,6.404093181818182,281.7801
stochrsi_oversold,earnings_blackout,low_lt_15,29,0.3793103448275862,4.015927586206897,116.4619
stochrsi_oversold,earnings_blackout,mid_15_25,147,0.564625850340136,3.7838027210884357,556.219
stochrsi_oversold,fixed_4r_2r,high_25_40,44,0.38636363636363635,1.6017659090909093,70.47770000000001
stochrsi_oversold,fixed_4r_2r,low_lt_15,29,0.13793103448275862,-5.896648275862069,-171.0028
stochrsi_oversold,fixed_4r_2r,mid_15_25,147,0.3877551020408163,3.0928102040816325,454.6431
stochrsi_oversold,hybrid_50pct_target,high_25_40,44,0.5681818181818182,-12.035018181818181,-529.5408
stochrsi_oversold,hybrid_50pct_target,low_lt_15,29,0.5172413793103449,-16.84001379310345,-488.3604
stochrsi_oversold,hybrid_50pct_target,mid_15_25,147,0.6122448979591837,-0.6572285714285712,-96.61259999999996
stochrsi_oversold,ma_exit_ema9,high_25_40,44,0.4318181818181818,-0.3977272727272727,-17.5
stochrsi_oversold,ma_exit_ema9,low_lt_15,29,0.3793103448275862,-0.8125206896551723,-23.5631
stochrsi_oversold,ma_exit_ema9,mid_15_25,147,0.46258503401360546,-0.03875034013605439,-5.6962999999999955
stochrsi_oversold,mfe_lockin_trail,high_25_40,44,0.2727272727272727,-1.2749681818181817,-56.0986
stochrsi_oversold,mfe_lockin_trail,low_lt_15,29,0.10344827586206896,-3.384265517241379,-98.1437
stochrsi_oversold,mfe_lockin_trail,mid_15_25,147,0.23809523809523808,-1.1241700680272109,-165.253
stochrsi_oversold,multi_tier_partial,high_25_40,44,0.36363636363636365,-1.08705,-47.830200000000005
stochrsi_oversold,multi_tier_partial,low_lt_15,29,0.27586206896551724,-2.7600206896551724,-80.0406
stochrsi_oversold,multi_tier_partial,mid_15_25,147,0.42857142857142855,-0.9969360544217687,-146.5496
stochrsi_oversold,next_pivot_target,high_25_40,44,0.7045454545454546,-0.6445409090909091,-28.3598
stochrsi_oversold,next_pivot_target,low_lt_15,29,0.8275862068965517,0.03593793103448286,1.042200000000003
stochrsi_oversold,next_pivot_target,mid_15_25,147,0.7687074829931972,0.7112619047619049,104.55550000000001
stochrsi_oversold,r_multiple_2r,high_25_40,44,0.3181818181818182,-0.07606363636363639,-3.3468000000000013
stochrsi_oversold,r_multiple_2r,low_lt_15,29,0.13793103448275862,-3.9334482758620686,-114.07
stochrsi_oversold,r_multiple_2r,mid_15_25,147,0.35374149659863946,1.8498047619047622,271.92130000000003
stochrsi_oversold,r_multiple_3r,high_25_40,44,0.2727272727272727,0.0077272727272727345,0.3400000000000003
stochrsi_oversold,r_multiple_3r,low_lt_15,29,0.034482758620689655,-4.489179310344828,-130.1862
stochrsi_oversold,r_multiple_3r,mid_15_25,147,0.2925170068027211,2.547812244897959,374.52840000000003
stochrsi_oversold,regime_flip,high_25_40,44,0.5,2.3089545454545455,101.594
stochrsi_oversold,regime_flip,low_lt_15,29,0.20689655172413793,-10.727627586206896,-311.1012
stochrsi_oversold,regime_flip,mid_15_25,147,0.5306122448979592,-0.06631768707482998,-9.748700000000007
stochrsi_oversold,reverse_signal,high_25_40,44,0.2727272727272727,-1.2844250000000001,-56.514700000000005
stochrsi_oversold,reverse_signal,low_lt_15,29,0.10344827586206896,-3.392793103448276,-98.391
stochrsi_oversold,reverse_signal,mid_15_25,147,0.23809523809523808,-1.1213224489795917,-164.8344
stochrsi_oversold,smc_mitigation_zone,high_25_40,44,0.2727272727272727,-1.2844250000000001,-56.514700000000005
stochrsi_oversold,smc_mitigation_zone,low_lt_15,29,0.10344827586206896,-3.392793103448276,-98.391
stochrsi_oversold,smc_mitigation_zone,mid_15_25,147,0.23809523809523808,-1.1213224489795917,-164.8344
stochrsi_oversold,time_stop_10d,high_25_40,44,0.5454545454545454,-0.7551545454545455,-33.226800000000004
stochrsi_oversold,time_stop_10d,low_lt_15,29,0.27586206896551724,-5.546137931034482,-160.838
stochrsi_oversold,time_stop_10d,mid_15_25,147,0.5510204081632653,1.1681972789115647,171.725
stochrsi_oversold,time_stop_20d,high_25_40,44,0.5,2.3089545454545455,101.594
stochrsi_oversold,time_stop_20d,low_lt_15,29,0.20689655172413793,-10.727627586206896,-311.1012
stochrsi_oversold,time_stop_20d,mid_15_25,147,0.5306122448979592,-0.06631768707482998,-9.748700000000007
stochrsi_oversold,trailing_10pct,high_25_40,44,0.3181818181818182,-2.6445863636363636,-116.3618
stochrsi_oversold,trailing_10pct,low_lt_15,29,0.10344827586206896,-5.677510344827586,-164.6478
stochrsi_oversold,trailing_10pct,mid_15_25,147,0.38095238095238093,-0.7721761904761903,-113.50989999999997
stochrsi_oversold,trailing_15pct,high_25_40,44,0.3409090909090909,-3.2909931818181817,-144.8037
stochrsi_oversold,trailing_15pct,low_lt_15,29,0.20689655172413793,-3.61976551724138,-104.97320000000002
stochrsi_oversold,trailing_15pct,mid_15_25,147,0.4217687074829932,3.000943537414966,441.1387
stochrsi_oversold,trailing_5pct,high_25_40,44,0.22727272727272727,-1.6521522727272726,-72.6947
stochrsi_oversold,trailing_5pct,low_lt_15,29,0.034482758620689655,-3.66288275862069,-106.2236
stochrsi_oversold,trailing_5pct,mid_15_25,147,0.19727891156462585,-2.2006156462585036,-323.4905
supertrend_macd,atr_trail_1x,crisis_ge_40,1,0.0,-7.1368,-7.1368
supertrend_macd,atr_trail_1x,high_25_40,15,0.13333333333333333,-3.9905266666666668,-59.8579
supertrend_macd,atr_trail_1x,low_lt_15,15,0.2,-0.93812,-14.0718
supertrend_macd,atr_trail_1x,mid_15_25,65,0.24615384615384617,-1.3660030769230769,-88.7902
supertrend_macd,atr_trail_2x,crisis_ge_40,1,1.0,3.0121,3.0121
supertrend_macd,atr_trail_2x,high_25_40,15,0.26666666666666666,-5.211953333333333,-78.1793
supertrend_macd,atr_trail_2x,low_lt_15,15,0.4666666666666667,7.999813333333334,119.9972
supertrend_macd,atr_trail_2x,mid_15_25,65,0.35384615384615387,-0.6370415384615387,-41.40770000000001
supertrend_macd,atr_trail_mae_conditional,crisis_ge_40,1,0.0,-7.1368,-7.1368
supertrend_macd,atr_trail_mae_conditional,high_25_40,15,0.13333333333333333,-3.9905266666666668,-59.8579
supertrend_macd,atr_trail_mae_conditional,low_lt_15,15,0.2,-0.93812,-14.0718
supertrend_macd,atr_trail_mae_conditional,mid_15_25,65,0.24615384615384617,-1.3660030769230769,-88.7902
supertrend_macd,atr_trail_vix_conditional,crisis_ge_40,1,1.0,3.0121,3.0121
supertrend_macd,atr_trail_vix_conditional,high_25_40,15,0.2,-5.460613333333333,-81.9092
supertrend_macd,atr_trail_vix_conditional,low_lt_15,15,0.13333333333333333,-2.3816133333333336,-35.7242
supertrend_macd,atr_trail_vix_conditional,mid_15_25,65,0.24615384615384617,-1.2197353846153844,-79.2828
supertrend_macd,break_even_at_1r,crisis_ge_40,1,0.0,-7.1368,-7.1368
supertrend_macd,break_even_at_1r,high_25_40,15,0.13333333333333333,-4.1589599999999995,-62.3844
supertrend_macd,break_even_at_1r,low_lt_15,15,0.26666666666666666,3.4500533333333334,51.7508
supertrend_macd,break_even_at_1r,mid_15_25,65,0.15384615384615385,-1.361413846153846,-88.4919
supertrend_macd,breakeven_plus_trail,crisis_ge_40,1,1.0,5.8869,5.8869
supertrend_macd,breakeven_plus_trail,high_25_40,15,0.4,-1.8215533333333336,-27.323300000000003
supertrend_macd,breakeven_plus_trail,low_lt_15,15,0.4666666666666667,19.691193333333334,295.3679
supertrend_macd,breakeven_plus_trail,mid_15_25,65,0.3076923076923077,-0.16805076923076903,-10.923299999999987
supertrend_macd,chandelier_3x,crisis_ge_40,1,0.0,-3.0162,-3.0162
supertrend_macd,chandelier_3x,high_25_40,15,0.06666666666666667,-1.9721733333333333,-29.5826
supertrend_macd,chandelier_3x,low_lt_15,15,0.4,7.911,118.66499999999999
supertrend_macd,chandelier_3x,mid_15_25,65,0.18461538461538463,-1.1247184615384613,-73.10669999999999
supertrend_macd,class_time_stop,crisis_ge_40,1,1.0,5.7272,5.7272
supertrend_macd,class_time_stop,high_25_40,15,0.4,-6.7358666666666664,-101.038
supertrend_macd,class_time_stop,low_lt_15,15,0.5333333333333333,25.726873333333334,385.9031
supertrend_macd,class_time_stop,mid_15_25,65,0.46153846153846156,-1.7987692307692307,-116.91999999999999
supertrend_macd,earnings_blackout,crisis_ge_40,1,0.0,-53.578,-53.578
supertrend_macd,earnings_blackout,high_25_40,15,0.3333333333333333,-1.2230799999999997,-18.346199999999996
supertrend_macd,earnings_blackout,low_lt_15,15,0.4666666666666667,33.849779999999996,507.7467
supertrend_macd,earnings_blackout,mid_15_25,65,0.38461538461538464,-1.4867507692307693,-96.6388
supertrend_macd,fixed_4r_2r,crisis_ge_40,1,1.0,28.5474,28.5474
supertrend_macd,fixed_4r_2r,high_25_40,15,0.3333333333333333,2.416866666666666,36.25299999999999
supertrend_macd,fixed_4r_2r,low_lt_15,15,0.4666666666666667,6.40186,96.0279
supertrend_macd,fixed_4r_2r,mid_15_25,65,0.35384615384615387,-0.4127061538461538,-26.825899999999997
supertrend_macd,hybrid_50pct_target,crisis_ge_40,1,1.0,15.1819,15.1819
supertrend_macd,hybrid_50pct_target,high_25_40,15,0.4,-0.33377333333333326,-5.006599999999999
supertrend_macd,hybrid_50pct_target,low_lt_15,15,0.6,7.102153333333333,106.53229999999999
supertrend_macd,hybrid_50pct_target,mid_15_25,65,0.5076923076923077,1.1248384615384617,73.1145
supertrend_macd,ma_exit_ema9,crisis_ge_40,1,0.0,-7.6884,-7.6884
supertrend_macd,ma_exit_ema9,high_25_40,15,0.13333333333333333,-3.3191866666666665,-49.7878
supertrend_macd,ma_exit_ema9,low_lt_15,15,0.26666666666666666,2.822893333333333,42.343399999999995
supertrend_macd,ma_exit_ema9,mid_15_25,65,0.36923076923076925,-0.19302615384615388,-12.546700000000001
supertrend_macd,mfe_lockin_trail,crisis_ge_40,1,0.0,-7.1368,-7.1368
supertrend_macd,mfe_lockin_trail,high_25_40,15,0.13333333333333333,-3.9905266666666668,-59.8579
supertrend_macd,mfe_lockin_trail,low_lt_15,15,0.2,-0.8095533333333331,-12.143299999999996
supertrend_macd,mfe_lockin_trail,mid_15_25,65,0.24615384615384617,-1.3524753846153845,-87.9109
supertrend_macd,multi_tier_partial,crisis_ge_40,1,0.0,-7.1368,-7.1368
supertrend_macd,multi_tier_partial,high_25_40,15,0.13333333333333333,-3.8072733333333333,-57.1091
supertrend_macd,multi_tier_partial,low_lt_15,15,0.3333333333333333,-0.9638466666666665,-14.457699999999997
supertrend_macd,multi_tier_partial,mid_15_25,65,0.4153846153846154,-0.6784292307692308,-44.0979
supertrend_macd,next_pivot_target,crisis_ge_40,1,1.0,0.2257,0.2257
supertrend_macd,next_pivot_target,high_25_40,15,0.5333333333333333,-1.4525133333333333,-21.7877
supertrend_macd,next_pivot_target,low_lt_15,15,0.8,3.09842,46.4763
supertrend_macd,next_pivot_target,mid_15_25,65,0.7384615384615385,-0.032803076923076914,-2.132199999999999
supertrend_macd,r_multiple_2r,crisis_ge_40,1,0.0,-7.1368,-7.1368
supertrend_macd,r_multiple_2r,high_25_40,15,0.2,-2.883666666666667,-43.255
supertrend_macd,r_multiple_2r,low_lt_15,15,0.3333333333333333,0.056780000000000067,0.851700000000001
supertrend_macd,r_multiple_2r,mid_15_25,65,0.35384615384615387,0.25137538461538467,16.339400000000005
supertrend_macd,r_multiple_3r,crisis_ge_40,1,0.0,-7.1368,-7.1368
supertrend_macd,r_multiple_3r,high_25_40,15,0.2,-1.8813533333333332,-28.220299999999998
supertrend_macd,r_multiple_3r,low_lt_15,15,0.3333333333333333,1.9669466666666666,29.5042
supertrend_macd,r_multiple_3r,mid_15_25,65,0.27692307692307694,0.5736769230769231,37.289
supertrend_macd,regime_flip,crisis_ge_40,1,1.0,12.009,12.009
supertrend_macd,regime_flip,high_25_40,15,0.4,-2.714053333333333,-40.7108
supertrend_macd,regime_flip,low_lt_15,15,0.7333333333333333,14.930926666666666,223.9639
supertrend_macd,regime_flip,mid_15_25,65,0.4307692307692308,-2.203052307692308,-143.19840000000002
supertrend_macd,reverse_signal,crisis_ge_40,1,0.0,-7.1368,-7.1368
supertrend_macd,reverse_signal,high_25_40,15,0.13333333333333333,-3.9905266666666668,-59.8579
supertrend_macd,reverse_signal,low_lt_15,15,0.2,-0.93812,-14.0718
supertrend_macd,reverse_signal,mid_15_25,65,0.24615384615384617,-1.3660030769230769,-88.7902
supertrend_macd,smc_mitigation_zone,crisis_ge_40,1,0.0,-7.1368,-7.1368
supertrend_macd,smc_mitigation_zone,high_25_40,15,0.13333333333333333,-3.9905266666666668,-59.8579
supertrend_macd,smc_mitigation_zone,low_lt_15,15,0.2,-0.93812,-14.0718
supertrend_macd,smc_mitigation_zone,mid_15_25,65,0.24615384615384617,-1.3660030769230769,-88.7902
supertrend_macd,time_stop_10d,crisis_ge_40,1,1.0,9.8796,9.8796
supertrend_macd,time_stop_10d,high_25_40,15,0.4,-1.8556333333333332,-27.8345
supertrend_macd,time_stop_10d,low_lt_15,15,0.4666666666666667,-1.1202400000000001,-16.803600000000003
supertrend_macd,time_stop_10d,mid_15_25,65,0.38461538461538464,-1.0983215384615386,-71.3909
supertrend_macd,time_stop_20d,crisis_ge_40,1,1.0,12.009,12.009
supertrend_macd,time_stop_20d,high_25_40,15,0.4,-2.714053333333333,-40.7108
supertrend_macd,time_stop_20d,low_lt_15,15,0.7333333333333333,14.930926666666666,223.9639
supertrend_macd,time_stop_20d,mid_15_25,65,0.4307692307692308,-2.203052307692308,-143.19840000000002
supertrend_macd,trailing_10pct,crisis_ge_40,1,0.0,-8.4337,-8.4337
supertrend_macd,trailing_10pct,high_25_40,15,0.2,-5.81774,-87.2661
supertrend_macd,trailing_10pct,low_lt_15,15,0.4,2.2746333333333335,34.1195
supertrend_macd,trailing_10pct,mid_15_25,65,0.3076923076923077,-2.2514369230769233,-146.3434
supertrend_macd,trailing_15pct,crisis_ge_40,1,1.0,0.0043,0.0043
supertrend_macd,trailing_15pct,high_25_40,15,0.26666666666666666,2.4637266666666666,36.9559
supertrend_macd,trailing_15pct,low_lt_15,15,0.4666666666666667,6.4326066666666675,96.48910000000001
supertrend_macd,trailing_15pct,mid_15_25,65,0.26153846153846155,-2.320203076923077,-150.8132
supertrend_macd,trailing_5pct,crisis_ge_40,1,0.0,-5.0,-5.0
supertrend_macd,trailing_5pct,high_25_40,15,0.2,-2.4440666666666666,-36.661
supertrend_macd,trailing_5pct,low_lt_15,15,0.26666666666666666,-1.1143399999999999,-16.7151
supertrend_macd,trailing_5pct,mid_15_25,65,0.3076923076923077,-0.5580630769230769,-36.2741
tema_dema,atr_trail_1x,high_25_40,16,0.5625,2.2389,35.8224
tema_dema,atr_trail_1x,low_lt_15,15,0.26666666666666666,-0.8173733333333332,-12.260599999999998
tema_dema,atr_trail_1x,mid_15_25,51,0.21568627450980393,-2.6576568627450983,-135.5405
tema_dema,atr_trail_2x,high_25_40,16,0.5,1.1827812499999997,18.924499999999995
tema_dema,atr_trail_2x,low_lt_15,15,0.4,3.248453333333333,48.7268
tema_dema,atr_trail_2x,mid_15_25,51,0.35294117647058826,-1.469521568627451,-74.9456
tema_dema,atr_trail_mae_conditional,high_25_40,16,0.5625,2.2389,35.8224
tema_dema,atr_trail_mae_conditional,low_lt_15,15,0.26666666666666666,-0.8173733333333332,-12.260599999999998
tema_dema,atr_trail_mae_conditional,mid_15_25,51,0.21568627450980393,-2.6576568627450983,-135.5405
tema_dema,atr_trail_vix_conditional,high_25_40,16,0.6875,3.432925,54.9268
tema_dema,atr_trail_vix_conditional,low_lt_15,15,0.13333333333333333,-1.0608666666666666,-15.913
tema_dema,atr_trail_vix_conditional,mid_15_25,51,0.23529411764705882,-1.1110450980392157,-56.6633
tema_dema,break_even_at_1r,high_25_40,16,0.5,3.61170625,57.7873
tema_dema,break_even_at_1r,low_lt_15,15,0.13333333333333333,-0.2121333333333333,-3.1819999999999995
tema_dema,break_even_at_1r,mid_15_25,51,0.11764705882352941,-1.9606392156862744,-99.9926
tema_dema,breakeven_plus_trail,high_25_40,16,0.5,2.05215,32.8344
tema_dema,breakeven_plus_trail,low_lt_15,15,0.5333333333333333,5.396206666666666,80.94309999999999
tema_dema,breakeven_plus_trail,mid_15_25,51,0.35294117647058826,2.10368431372549,107.2879
tema_dema,chandelier_3x,high_25_40,16,0.25,-1.2366249999999999,-19.785999999999998
tema_dema,chandelier_3x,low_lt_15,15,0.2,2.2878666666666665,34.318
tema_dema,chandelier_3x,mid_15_25,51,0.13725490196078433,0.15647647058823536,7.980300000000003
tema_dema,class_time_stop,high_25_40,16,0.4375,-3.0068125,-48.109
tema_dema,class_time_stop,low_lt_15,15,0.6,4.323966666666666,64.8595
tema_dema,class_time_stop,mid_15_25,51,0.5490196078431373,-1.2485764705882356,-63.67740000000001
tema_dema,earnings_blackout,high_25_40,16,0.5625,-2.7963875,-44.7422
tema_dema,earnings_blackout,low_lt_15,15,0.5333333333333333,-2.7042933333333337,-40.564400000000006
tema_dema,earnings_blackout,mid_15_25,51,0.49019607843137253,1.3323058823529408,67.94759999999998
tema_dema,fixed_4r_2r,high_25_40,16,0.375,0.2726374999999999,4.362199999999999
tema_dema,fixed_4r_2r,low_lt_15,15,0.4666666666666667,4.8489,72.7335
tema_dema,fixed_4r_2r,mid_15_25,51,0.27450980392156865,-2.1172019607843136,-107.97729999999999
tema_dema,hybrid_50pct_target,high_25_40,16,0.5,2.65179375,42.4287
tema_dema,hybrid_50pct_target,low_lt_15,15,0.6666666666666666,-10.258626666666666,-153.8794
tema_dema,hybrid_50pct_target,mid_15_25,51,0.47058823529411764,-6.661525490196077,-339.73779999999994
tema_dema,ma_exit_ema9,high_25_40,16,0.5,1.4823749999999998,23.717999999999996
tema_dema,ma_exit_ema9,low_lt_15,15,0.26666666666666666,0.9651866666666667,14.477800000000002
tema_dema,ma_exit_ema9,mid_15_25,51,0.3333333333333333,0.38862745098039203,19.819999999999993
tema_dema,mfe_lockin_trail,high_25_40,16,0.5625,3.5127625,56.2042
tema_dema,mfe_lockin_trail,low_lt_15,15,0.26666666666666666,-0.8173733333333332,-12.260599999999998
tema_dema,mfe_lockin_trail,mid_15_25,51,0.23529411764705882,-1.981964705882353,-101.0802
tema_dema,multi_tier_partial,high_25_40,16,0.625,2.4485875,39.1774
tema_dema,multi_tier_partial,low_lt_15,15,0.6666666666666666,0.2947800000000001,4.421700000000001
tema_dema,multi_tier_partial,mid_15_25,51,0.43137254901960786,-1.4452960784313724,-73.7101
tema_dema,next_pivot_target,high_25_40,16,0.6875,1.2128937499999997,19.406299999999995
tema_dema,next_pivot_target,low_lt_15,15,0.7333333333333333,0.8050400000000001,12.075600000000001
tema_dema,next_pivot_target,mid_15_25,51,0.7450980392156863,0.00012352941176466397,0.006299999999997863
tema_dema,r_multiple_2r,high_25_40,16,0.5,3.38561875,54.1699
tema_dema,r_multiple_2r,low_lt_15,15,0.3333333333333333,-1.2732866666666667,-19.0993
tema_dema,r_multiple_2r,mid_15_25,51,0.3137254901960784,-0.6937862745098038,-35.38309999999999
tema_dema,r_multiple_3r,high_25_40,16,0.4375,5.54443125,88.7109
tema_dema,r_multiple_3r,low_lt_15,15,0.26666666666666666,-0.6436733333333333,-9.6551
tema_dema,r_multiple_3r,mid_15_25,51,0.19607843137254902,-1.9269607843137255,-98.275
tema_dema,regime_flip,high_25_40,16,0.5625,1.7124875000000002,27.399800000000003
tema_dema,regime_flip,low_lt_15,15,0.6,3.0785333333333336,46.178000000000004
tema_dema,regime_flip,mid_15_25,51,0.45098039215686275,-1.3602411764705882,-69.3723
tema_dema,reverse_signal,high_25_40,16,0.5625,2.2389,35.8224
tema_dema,reverse_signal,low_lt_15,15,0.26666666666666666,-0.8173733333333332,-12.260599999999998
tema_dema,reverse_signal,mid_15_25,51,0.21568627450980393,-2.6576568627450983,-135.5405
tema_dema,smc_mitigation_zone,high_25_40,16,0.5625,2.2389,35.8224
tema_dema,smc_mitigation_zone,low_lt_15,15,0.26666666666666666,-0.8173733333333332,-12.260599999999998
tema_dema,smc_mitigation_zone,mid_15_25,51,0.21568627450980393,-2.6576568627450983,-135.5405
tema_dema,time_stop_10d,high_25_40,16,0.6875,6.08774375,97.4039
tema_dema,time_stop_10d,low_lt_15,15,0.6,-1.1663266666666667,-17.4949
tema_dema,time_stop_10d,mid_15_25,51,0.3333333333333333,-2.0130901960784313,-102.6676
tema_dema,time_stop_20d,high_25_40,16,0.5625,1.7124875000000002,27.399800000000003
tema_dema,time_stop_20d,low_lt_15,15,0.6,3.0785333333333336,46.178000000000004
tema_dema,time_stop_20d,mid_15_25,51,0.45098039215686275,-1.3602411764705882,-69.3723
tema_dema,trailing_10pct,high_25_40,16,0.5,2.23528125,35.7645
tema_dema,trailing_10pct,low_lt_15,15,0.4,3.3128066666666665,49.692099999999996
tema_dema,trailing_10pct,mid_15_25,51,0.2549019607843137,-3.225535294117647,-164.5023
tema_dema,trailing_15pct,high_25_40,16,0.5,9.42439375,150.7903
tema_dema,trailing_15pct,low_lt_15,15,0.4,-0.9204266666666664,-13.806399999999996
tema_dema,trailing_15pct,mid_15_25,51,0.39215686274509803,-0.015017647058823708,-0.7659000000000091
tema_dema,trailing_5pct,high_25_40,16,0.4375,1.2518124999999998,20.028999999999996
tema_dema,trailing_5pct,low_lt_15,15,0.2,1.3079133333333337,19.618700000000004
tema_dema,trailing_5pct,mid_15_25,51,0.19607843137254902,-2.413627450980392,-123.095
three_white_soldiers,atr_trail_1x,high_25_40,27,0.18518518518518517,-2.465725925925926,-66.5746
three_white_soldiers,atr_trail_1x,low_lt_15,11,0.09090909090909091,-3.306145454545454,-36.367599999999996
three_white_soldiers,atr_trail_1x,mid_15_25,37,0.21621621621621623,-1.6550675675675675,-61.2375
three_white_soldiers,atr_trail_2x,high_25_40,27,0.48148148148148145,-0.45803333333333335,-12.366900000000001
three_white_soldiers,atr_trail_2x,low_lt_15,11,0.36363636363636365,-0.7255363636363638,-7.980900000000001
three_white_soldiers,atr_trail_2x,mid_15_25,37,0.2972972972972973,1.2759270270270264,47.20929999999998
three_white_soldiers,atr_trail_mae_conditional,high_25_40,27,0.18518518518518517,-2.465725925925926,-66.5746
three_white_soldiers,atr_trail_mae_conditional,low_lt_15,11,0.09090909090909091,-3.306145454545454,-36.367599999999996
three_white_soldiers,atr_trail_mae_conditional,mid_15_25,37,0.21621621621621623,-1.6550675675675675,-61.2375
three_white_soldiers,atr_trail_vix_conditional,high_25_40,27,0.4444444444444444,-0.6646222222222222,-17.9448
three_white_soldiers,atr_trail_vix_conditional,low_lt_15,11,0.09090909090909091,-2.9832272727272726,-32.8155
three_white_soldiers,atr_trail_vix_conditional,mid_15_25,37,0.21621621621621623,-3.091037837837838,-114.3684
three_white_soldiers,break_even_at_1r,high_25_40,27,0.07407407407407407,-1.7087740740740742,-46.136900000000004
three_white_soldiers,break_even_at_1r,low_lt_15,11,0.0,-3.0597545454545454,-33.6573
three_white_soldiers,break_even_at_1r,mid_15_25,37,0.08108108108108109,-2.4830513513513512,-91.8729
three_white_soldiers,breakeven_plus_trail,high_25_40,27,0.5185185185185185,6.510425925925926,175.7815
three_white_soldiers,breakeven_plus_trail,low_lt_15,11,0.45454545454545453,6.486709090909091,71.3538
three_white_soldiers,breakeven_plus_trail,mid_15_25,37,0.2702702702702703,4.624148648648648,171.09349999999998
three_white_soldiers,chandelier_3x,high_25_40,27,0.2222222222222222,0.9173851851851852,24.7694
three_white_soldiers,chandelier_3x,low_lt_15,11,0.09090909090909091,0.6906090909090908,7.596699999999999
three_white_soldiers,chandelier_3x,mid_15_25,37,0.08108108108108109,-1.1658135135135135,-43.1351
three_white_soldiers,class_time_stop,high_25_40,27,0.5185185185185185,0.001811111111111076,0.048899999999999055
three_white_soldiers,class_time_stop,low_lt_15,11,0.36363636363636365,0.6941636363636363,7.6358
three_white_soldiers,class_time_stop,mid_15_25,37,0.4594594594594595,-1.6688891891891893,-61.7489
three_white_soldiers,earnings_blackout,high_25_40,27,0.5925925925925926,0.20080000000000006,5.4216000000000015
three_white_soldiers,earnings_blackout,low_lt_15,11,0.45454545454545453,-2.267,-24.936999999999998
three_white_soldiers,earnings_blackout,mid_15_25,37,0.2702702702702703,-8.36131891891892,-309.3688
three_white_soldiers,fixed_4r_2r,high_25_40,27,0.3333333333333333,-2.6542740740740745,-71.6654
three_white_soldiers,fixed_4r_2r,low_lt_15,11,0.36363636363636365,0.7843090909090908,8.6274
three_white_soldiers,fixed_4r_2r,mid_15_25,37,0.2702702702702703,0.7296162162162163,26.995800000000003
three_white_soldiers,hybrid_50pct_target,high_25_40,27,0.4444444444444444,0.9266666666666665,25.019999999999996
three_white_soldiers,hybrid_50pct_target,low_lt_15,11,0.5454545454545454,0.8937181818181815,9.830899999999996
three_white_soldiers,hybrid_50pct_target,mid_15_25,37,0.2972972972972973,-1.9985594594594596,-73.9467
three_white_soldiers,ma_exit_ema9,high_25_40,27,0.3333333333333333,0.6828074074074074,18.4358
three_white_soldiers,ma_exit_ema9,low_lt_15,11,0.36363636363636365,1.4700636363636364,16.1707
three_white_soldiers,ma_exit_ema9,mid_15_25,37,0.21621621621621623,-2.0802567567567567,-76.9695
three_white_soldiers,mfe_lockin_trail,high_25_40,27,0.18518518518518517,-2.3487518518518518,-63.4163
three_white_soldiers,mfe_lockin_trail,low_lt_15,11,0.09090909090909091,-3.306145454545454,-36.367599999999996
three_white_soldiers,mfe_lockin_trail,mid_15_25,37,0.21621621621621623,-1.5830054054054055,-58.571200000000005
three_white_soldiers,multi_tier_partial,high_25_40,27,0.4074074074074074,-1.512811111111111,-40.8459
three_white_soldiers,multi_tier_partial,low_lt_15,11,0.09090909090909091,-2.9052818181818183,-31.9581
three_white_soldiers,multi_tier_partial,mid_15_25,37,0.4594594594594595,-0.8534918918918918,-31.579199999999997
three_white_soldiers,next_pivot_target,high_25_40,27,0.6666666666666666,-0.40239629629629614,-10.864699999999996
three_white_soldiers,next_pivot_target,low_lt_15,11,0.9090909090909091,-0.31423636363636365,-3.4566
three_white_soldiers,next_pivot_target,mid_15_25,37,0.6486486486486487,-0.6359216216216215,-23.529099999999996
three_white_soldiers,r_multiple_2r,high_25_40,27,0.2222222222222222,-1.8582370370370371,-50.1724
three_white_soldiers,r_multiple_2r,low_lt_15,11,0.18181818181818182,-1.6023727272727273,-17.6261
three_white_soldiers,r_multiple_2r,mid_15_25,37,0.24324324324324326,-1.6128108108108106,-59.67399999999999
three_white_soldiers,r_multiple_3r,high_25_40,27,0.2222222222222222,-0.3743481481481482,-10.107400000000002
three_white_soldiers,r_multiple_3r,low_lt_15,11,0.09090909090909091,-2.6012909090909093,-28.6142
three_white_soldiers,r_multiple_3r,mid_15_25,37,0.1891891891891892,-0.9285459459459457,-34.356199999999994
three_white_soldiers,regime_flip,high_25_40,27,0.5555555555555556,3.009540740740741,81.25760000000001
three_white_soldiers,regime_flip,low_lt_15,11,0.6363636363636364,4.574272727272727,50.317
three_white_soldiers,regime_flip,mid_15_25,37,0.35135135135135137,-3.026037837837838,-111.96340000000001
three_white_soldiers,reverse_signal,high_25_40,27,0.18518518518518517,-2.465725925925926,-66.5746
three_white_soldiers,reverse_signal,low_lt_15,11,0.09090909090909091,-3.306145454545454,-36.367599999999996
three_white_soldiers,reverse_signal,mid_15_25,37,0.21621621621621623,-1.6550675675675675,-61.2375
three_white_soldiers,smc_mitigation_zone,high_25_40,27,0.18518518518518517,-2.465725925925926,-66.5746
three_white_soldiers,smc_mitigation_zone,low_lt_15,11,0.09090909090909091,-3.306145454545454,-36.367599999999996
three_white_soldiers,smc_mitigation_zone,mid_15_25,37,0.21621621621621623,-1.6550675675675675,-61.2375
three_white_soldiers,time_stop_10d,high_25_40,27,0.5185185185185185,0.10652962962962971,2.8763000000000023
three_white_soldiers,time_stop_10d,low_lt_15,11,0.2727272727272727,-1.8985363636363637,-20.8839
three_white_soldiers,time_stop_10d,mid_15_25,37,0.3783783783783784,-0.04260540540540515,-1.5763999999999907
three_white_soldiers,time_stop_20d,high_25_40,27,0.5555555555555556,3.009540740740741,81.25760000000001
three_white_soldiers,time_stop_20d,low_lt_15,11,0.6363636363636364,4.574272727272727,50.317
three_white_soldiers,time_stop_20d,mid_15_25,37,0.35135135135135137,-3.026037837837838,-111.96340000000001
three_white_soldiers,trailing_10pct,high_25_40,27,0.4074074074074074,1.2124481481481482,32.7361
three_white_soldiers,trailing_10pct,low_lt_15,11,0.2727272727272727,-1.3246181818181817,-14.570799999999998
three_white_soldiers,trailing_10pct,mid_15_25,37,0.16216216216216217,-3.0266864864864864,-111.9874
three_white_soldiers,trailing_15pct,high_25_40,27,0.3333333333333333,1.2012851851851851,32.4347
three_white_soldiers,trailing_15pct,low_lt_15,11,0.2727272727272727,-0.5995636363636361,-6.595199999999997
three_white_soldiers,trailing_15pct,mid_15_25,37,0.2702702702702703,-3.2394432432432434,-119.85940000000001
three_white_soldiers,trailing_5pct,high_25_40,27,0.18518518518518517,-1.7292925925925926,-46.6909
three_white_soldiers,trailing_5pct,low_lt_15,11,0.2727272727272727,-2.5491545454545457,-28.0407
three_white_soldiers,trailing_5pct,mid_15_25,37,0.1891891891891892,-2.104451351351351,-77.8647
totm_long,atr_trail_1x,mid_15_25,5,0.0,-5.18594,-25.9297
totm_long,atr_trail_2x,mid_15_25,5,0.0,-9.6579,-48.2895
totm_long,atr_trail_mae_conditional,mid_15_25,5,0.0,-5.18594,-25.9297
totm_long,atr_trail_vix_conditional,mid_15_25,5,0.2,-4.30668,-21.5334
totm_long,break_even_at_1r,mid_15_25,5,0.0,-5.17844,-25.892200000000003
totm_long,breakeven_plus_trail,mid_15_25,5,0.0,-10.32084,-51.6042
totm_long,chandelier_3x,mid_15_25,5,0.0,-3.9368600000000002,-19.6843
totm_long,class_time_stop,mid_15_25,5,0.0,-25.776780000000002,-128.8839
totm_long,earnings_blackout,mid_15_25,5,0.2,-19.650219999999997,-98.2511
totm_long,fixed_4r_2r,mid_15_25,5,0.0,-10.99428,-54.971399999999996
totm_long,hybrid_50pct_target,mid_15_25,5,0.2,-7.38088,-36.9044
totm_long,ma_exit_ema9,mid_15_25,5,0.2,-3.6446799999999997,-18.223399999999998
totm_long,mfe_lockin_trail,mid_15_25,5,0.0,-5.18594,-25.9297
totm_long,multi_tier_partial,mid_15_25,5,0.2,-5.0602,-25.301000000000002
totm_long,next_pivot_target,mid_15_25,5,0.2,-10.96524,-54.8262
totm_long,r_multiple_2r,mid_15_25,5,0.0,-5.497120000000001,-27.4856
totm_long,r_multiple_3r,mid_15_25,5,0.0,-5.497120000000001,-27.4856
totm_long,regime_flip,mid_15_25,5,0.2,-21.190279999999998,-105.95139999999999
totm_long,reverse_signal,mid_15_25,5,0.0,-5.18594,-25.9297
totm_long,smc_mitigation_zone,mid_15_25,5,0.0,-5.18594,-25.9297
totm_long,time_stop_10d,mid_15_25,5,0.4,-16.58802,-82.9401
totm_long,time_stop_20d,mid_15_25,5,0.2,-21.190279999999998,-105.95139999999999
totm_long,trailing_10pct,mid_15_25,5,0.2,-7.52496,-37.6248
totm_long,trailing_15pct,mid_15_25,5,0.0,-12.66246,-63.3123
totm_long,trailing_5pct,mid_15_25,5,0.0,-4.46056,-22.3028
ultimate_oscillator,atr_trail_1x,high_25_40,15,0.26666666666666666,-1.3521666666666665,-20.2825
ultimate_oscillator,atr_trail_1x,low_lt_15,15,0.2,-2.2370533333333333,-33.5558
ultimate_oscillator,atr_trail_1x,mid_15_25,52,0.21153846153846154,-2.845567307692308,-147.9695
ultimate_oscillator,atr_trail_2x,high_25_40,15,0.4,-1.9276200000000001,-28.9143
ultimate_oscillator,atr_trail_2x,low_lt_15,15,0.3333333333333333,-3.747393333333333,-56.210899999999995
ultimate_oscillator,atr_trail_2x,mid_15_25,52,0.4423076923076923,0.2835230769230768,14.743199999999995
ultimate_oscillator,atr_trail_mae_conditional,high_25_40,15,0.26666666666666666,-1.3521666666666665,-20.2825
ultimate_oscillator,atr_trail_mae_conditional,low_lt_15,15,0.2,-2.2370533333333333,-33.5558
ultimate_oscillator,atr_trail_mae_conditional,mid_15_25,52,0.21153846153846154,-2.845567307692308,-147.9695
ultimate_oscillator,atr_trail_vix_conditional,high_25_40,15,0.4,-0.25302666666666673,-3.7954000000000008
ultimate_oscillator,atr_trail_vix_conditional,low_lt_15,15,0.06666666666666667,-2.2354333333333334,-33.5315
ultimate_oscillator,atr_trail_vix_conditional,mid_15_25,52,0.28846153846153844,-1.5999711538461538,-83.1985
ultimate_oscillator,break_even_at_1r,high_25_40,15,0.3333333333333333,-0.40852666666666676,-6.127900000000001
ultimate_oscillator,break_even_at_1r,low_lt_15,15,0.13333333333333333,-2.595213333333333,-38.9282
ultimate_oscillator,break_even_at_1r,mid_15_25,52,0.23076923076923078,-0.6705826923076923,-34.8703
ultimate_oscillator,breakeven_plus_trail,high_25_40,15,0.4,0.7972133333333332,11.958199999999998
ultimate_oscillator,breakeven_plus_trail,low_lt_15,15,0.4666666666666667,3.4873199999999995,52.309799999999996
ultimate_oscillator,breakeven_plus_trail,mid_15_25,52,0.5769230769230769,4.312288461538461,224.23899999999998
ultimate_oscillator,chandelier_3x,high_25_40,15,0.0,-0.43241999999999997,-6.4863
ultimate_oscillator,chandelier_3x,low_lt_15,15,0.06666666666666667,-0.32332666666666665,-4.8499
ultimate_oscillator,chandelier_3x,mid_15_25,52,0.038461538461538464,-0.19053076923076923,-9.9076
ultimate_oscillator,class_time_stop,high_25_40,15,0.6,1.6143199999999998,24.214799999999997
ultimate_oscillator,class_time_stop,low_lt_15,15,0.4666666666666667,-1.8404533333333333,-27.6068
ultimate_oscillator,class_time_stop,mid_15_25,52,0.5769230769230769,2.5062653846153844,130.3258
ultimate_oscillator,earnings_blackout,high_25_40,15,0.6,4.16084,62.412600000000005
ultimate_oscillator,earnings_blackout,low_lt_15,15,0.3333333333333333,-4.698813333333333,-70.48219999999999
ultimate_oscillator,earnings_blackout,mid_15_25,52,0.5384615384615384,1.2838038461538461,66.7578
ultimate_oscillator,fixed_4r_2r,high_25_40,15,0.4,1.5368066666666664,23.052099999999996
ultimate_oscillator,fixed_4r_2r,low_lt_15,15,0.26666666666666666,-4.678906666666666,-70.1836
ultimate_oscillator,fixed_4r_2r,mid_15_25,52,0.46153846153846156,0.8665711538461536,45.06169999999999
ultimate_oscillator,hybrid_50pct_target,high_25_40,15,0.5333333333333333,-9.936919999999999,-149.0538
ultimate_oscillator,hybrid_50pct_target,low_lt_15,15,0.5333333333333333,1.785833333333333,26.787499999999994
ultimate_oscillator,hybrid_50pct_target,mid_15_25,52,0.5384615384615384,-2.4461980769230776,-127.20230000000002
ultimate_oscillator,ma_exit_ema9,high_25_40,15,0.4666666666666667,-0.5828200000000001,-8.742300000000002
ultimate_oscillator,ma_exit_ema9,low_lt_15,15,0.4,-1.0270733333333333,-15.4061
ultimate_oscillator,ma_exit_ema9,mid_15_25,52,0.4423076923076923,-0.7991500000000001,-41.555800000000005
ultimate_oscillator,mfe_lockin_trail,high_25_40,15,0.26666666666666666,-1.4936599999999998,-22.404899999999998
ultimate_oscillator,mfe_lockin_trail,low_lt_15,15,0.2,-2.20992,-33.1488
ultimate_oscillator,mfe_lockin_trail,mid_15_25,52,0.21153846153846154,-2.882398076923077,-149.8847
ultimate_oscillator,multi_tier_partial,high_25_40,15,0.3333333333333333,-0.9937333333333334,-14.906
ultimate_oscillator,multi_tier_partial,low_lt_15,15,0.4,-1.6752066666666665,-25.128099999999996
ultimate_oscillator,multi_tier_partial,mid_15_25,52,0.38461538461538464,-1.9592076923076922,-101.8788
ultimate_oscillator,next_pivot_target,high_25_40,15,0.8,0.4663266666666667,6.994900000000001
ultimate_oscillator,next_pivot_target,low_lt_15,15,0.7333333333333333,0.8600533333333334,12.900800000000002
ultimate_oscillator,next_pivot_target,mid_15_25,52,0.6538461538461539,-0.09813846153846159,-5.103200000000003
ultimate_oscillator,r_multiple_2r,high_25_40,15,0.4,1.1557333333333333,17.336
ultimate_oscillator,r_multiple_2r,low_lt_15,15,0.3333333333333333,-1.1542733333333335,-17.314100000000003
ultimate_oscillator,r_multiple_2r,mid_15_25,52,0.34615384615384615,-1.2415999999999998,-64.5632
ultimate_oscillator,r_multiple_3r,high_25_40,15,0.3333333333333333,1.2368133333333333,18.5522
ultimate_oscillator,r_multiple_3r,low_lt_15,15,0.3333333333333333,0.10313333333333302,1.5469999999999953
ultimate_oscillator,r_multiple_3r,mid_15_25,52,0.3269230769230769,0.04065576923076916,2.1140999999999965
ultimate_oscillator,regime_flip,high_25_40,15,0.4666666666666667,0.49691333333333326,7.453699999999999
ultimate_oscillator,regime_flip,low_lt_15,15,0.4,-6.000613333333334,-90.0092
ultimate_oscillator,regime_flip,mid_15_25,52,0.5384615384615384,3.100963461538462,161.2501
ultimate_oscillator,reverse_signal,high_25_40,15,0.26666666666666666,-1.3521666666666665,-20.2825
ultimate_oscillator,reverse_signal,low_lt_15,15,0.2,-2.2370533333333333,-33.5558
ultimate_oscillator,reverse_signal,mid_15_25,52,0.21153846153846154,-2.845567307692308,-147.9695
ultimate_oscillator,smc_mitigation_zone,high_25_40,15,0.26666666666666666,-1.3521666666666665,-20.2825
ultimate_oscillator,smc_mitigation_zone,low_lt_15,15,0.2,-2.2370533333333333,-33.5558
ultimate_oscillator,smc_mitigation_zone,mid_15_25,52,0.21153846153846154,-2.845567307692308,-147.9695
ultimate_oscillator,time_stop_10d,high_25_40,15,0.6,2.411286666666667,36.1693
ultimate_oscillator,time_stop_10d,low_lt_15,15,0.4,-4.69306,-70.3959
ultimate_oscillator,time_stop_10d,mid_15_25,52,0.5769230769230769,0.3085153846153845,16.042799999999996
ultimate_oscillator,time_stop_20d,high_25_40,15,0.4666666666666667,0.49691333333333326,7.453699999999999
ultimate_oscillator,time_stop_20d,low_lt_15,15,0.4,-6.000613333333334,-90.0092
ultimate_oscillator,time_stop_20d,mid_15_25,52,0.5384615384615384,3.100963461538462,161.2501
ultimate_oscillator,trailing_10pct,high_25_40,15,0.3333333333333333,-5.3564,-80.346
ultimate_oscillator,trailing_10pct,low_lt_15,15,0.3333333333333333,-2.1860666666666666,-32.791
ultimate_oscillator,trailing_10pct,mid_15_25,52,0.46153846153846156,2.1714634615384614,112.9161
ultimate_oscillator,trailing_15pct,high_25_40,15,0.26666666666666666,-6.223146666666667,-93.3472
ultimate_oscillator,trailing_15pct,low_lt_15,15,0.26666666666666666,-1.2848333333333328,-19.272499999999994
ultimate_oscillator,trailing_15pct,mid_15_25,52,0.4807692307692308,4.896861538461538,254.6368
ultimate_oscillator,trailing_5pct,high_25_40,15,0.3333333333333333,-0.23660666666666674,-3.549100000000001
ultimate_oscillator,trailing_5pct,low_lt_15,15,0.13333333333333333,-1.9495133333333332,-29.2427
ultimate_oscillator,trailing_5pct,mid_15_25,52,0.25,-2.141121153846154,-111.3383
vix_backwardation_long,atr_trail_1x,crisis_ge_40,1,0.0,-4.1741,-4.1741
vix_backwardation_long,atr_trail_1x,high_25_40,4,0.75,1.3718499999999998,5.487399999999999
vix_backwardation_long,atr_trail_1x,mid_15_25,2,1.0,6.80945,13.6189
vix_backwardation_long,atr_trail_2x,crisis_ge_40,1,0.0,-4.1741,-4.1741
vix_backwardation_long,atr_trail_2x,high_25_40,4,0.75,24.3245,97.298
vix_backwardation_long,atr_trail_2x,mid_15_25,2,0.5,2.1974,4.3948
vix_backwardation_long,atr_trail_mae_conditional,crisis_ge_40,1,0.0,-4.1741,-4.1741
vix_backwardation_long,atr_trail_mae_conditional,high_25_40,4,0.75,1.3718499999999998,5.487399999999999
vix_backwardation_long,atr_trail_mae_conditional,mid_15_25,2,1.0,6.80945,13.6189
vix_backwardation_long,atr_trail_vix_conditional,crisis_ge_40,1,0.0,-4.1741,-4.1741
vix_backwardation_long,atr_trail_vix_conditional,high_25_40,4,0.5,6.58685,26.3474
vix_backwardation_long,atr_trail_vix_conditional,mid_15_25,2,0.5,5.1110500000000005,10.222100000000001
vix_backwardation_long,break_even_at_1r,crisis_ge_40,1,0.0,-4.1741,-4.1741
vix_backwardation_long,break_even_at_1r,high_25_40,4,0.5,18.404925,73.6197
vix_backwardation_long,break_even_at_1r,mid_15_25,2,0.5,5.05465,10.1093
vix_backwardation_long,breakeven_plus_trail,crisis_ge_40,1,1.0,1.014,1.014
vix_backwardation_long,breakeven_plus_trail,high_25_40,4,1.0,26.8761,107.5044
vix_backwardation_long,breakeven_plus_trail,mid_15_25,2,0.5,5.05465,10.1093
vix_backwardation_long,chandelier_3x,crisis_ge_40,1,0.0,-0.448,-0.448
vix_backwardation_long,chandelier_3x,high_25_40,4,0.25,11.0044,44.0176
vix_backwardation_long,chandelier_3x,mid_15_25,2,0.5,-1.68405,-3.3681
vix_backwardation_long,class_time_stop,crisis_ge_40,1,1.0,10.0476,10.0476
vix_backwardation_long,class_time_stop,high_25_40,4,1.0,29.806075,119.2243
vix_backwardation_long,class_time_stop,mid_15_25,2,0.0,-9.5131,-19.0262
vix_backwardation_long,earnings_blackout,crisis_ge_40,1,1.0,27.1137,27.1137
vix_backwardation_long,earnings_blackout,high_25_40,4,0.75,16.5478,66.1912
vix_backwardation_long,earnings_blackout,mid_15_25,2,0.5,-4.3578,-8.7156
vix_backwardation_long,fixed_4r_2r,crisis_ge_40,1,1.0,27.7517,27.7517
vix_backwardation_long,fixed_4r_2r,high_25_40,4,0.75,14.663025,58.6521
vix_backwardation_long,fixed_4r_2r,mid_15_25,2,0.0,-12.845099999999999,-25.690199999999997
vix_backwardation_long,hybrid_50pct_target,crisis_ge_40,1,1.0,21.2047,21.2047
vix_backwardation_long,hybrid_50pct_target,high_25_40,4,0.75,17.171,68.684
vix_backwardation_long,hybrid_50pct_target,mid_15_25,2,0.5,1.8513000000000002,3.7026000000000003
vix_backwardation_long,ma_exit_ema9,crisis_ge_40,1,0.0,-2.8372,-2.8372
vix_backwardation_long,ma_exit_ema9,high_25_40,4,0.5,9.54725,38.189
vix_backwardation_long,ma_exit_ema9,mid_15_25,2,0.5,5.02555,10.0511
vix_backwardation_long,mfe_lockin_trail,crisis_ge_40,1,0.0,-4.1741,-4.1741
vix_backwardation_long,mfe_lockin_trail,high_25_40,4,0.75,1.3718499999999998,5.487399999999999
vix_backwardation_long,mfe_lockin_trail,mid_15_25,2,1.0,6.80945,13.6189
vix_backwardation_long,multi_tier_partial,crisis_ge_40,1,0.0,-0.4701,-0.4701
vix_backwardation_long,multi_tier_partial,high_25_40,4,0.75,3.106775,12.4271
vix_backwardation_long,multi_tier_partial,mid_15_25,2,1.0,6.7063500000000005,13.412700000000001
vix_backwardation_long,next_pivot_target,crisis_ge_40,1,1.0,0.1778,0.1778
vix_backwardation_long,next_pivot_target,high_25_40,4,1.0,6.612699999999999,26.450799999999997
vix_backwardation_long,next_pivot_target,mid_15_25,2,1.0,1.61835,3.2367
vix_backwardation_long,r_multiple_2r,crisis_ge_40,1,1.0,13.8758,13.8758
vix_backwardation_long,r_multiple_2r,high_25_40,4,0.75,7.8519,31.4076
vix_backwardation_long,r_multiple_2r,mid_15_25,2,0.5,2.2254,4.4508
vix_backwardation_long,r_multiple_3r,crisis_ge_40,1,1.0,21.169,21.169
vix_backwardation_long,r_multiple_3r,high_25_40,4,0.5,6.3229,25.2916
vix_backwardation_long,r_multiple_3r,mid_15_25,2,0.5,5.10805,10.2161
vix_backwardation_long,regime_flip,crisis_ge_40,1,1.0,17.7558,17.7558
vix_backwardation_long,regime_flip,high_25_40,4,1.0,29.008425,116.0337
vix_backwardation_long,regime_flip,mid_15_25,2,0.5,-0.3028000000000004,-0.6056000000000008
vix_backwardation_long,reverse_signal,crisis_ge_40,1,0.0,-4.1741,-4.1741
vix_backwardation_long,reverse_signal,high_25_40,4,0.75,1.3718499999999998,5.487399999999999
vix_backwardation_long,reverse_signal,mid_15_25,2,1.0,6.80945,13.6189
vix_backwardation_long,smc_mitigation_zone,crisis_ge_40,1,0.0,-4.1741,-4.1741
vix_backwardation_long,smc_mitigation_zone,high_25_40,4,0.75,1.3718499999999998,5.487399999999999
vix_backwardation_long,smc_mitigation_zone,mid_15_25,2,1.0,6.80945,13.6189
vix_backwardation_long,time_stop_10d,crisis_ge_40,1,1.0,0.8889,0.8889
vix_backwardation_long,time_stop_10d,high_25_40,4,1.0,22.188475,88.7539
vix_backwardation_long,time_stop_10d,mid_15_25,2,0.5,7.13505,14.2701
vix_backwardation_long,time_stop_20d,crisis_ge_40,1,1.0,17.7558,17.7558
vix_backwardation_long,time_stop_20d,high_25_40,4,1.0,29.008425,116.0337
vix_backwardation_long,time_stop_20d,mid_15_25,2,0.5,-0.3028000000000004,-0.6056000000000008
vix_backwardation_long,trailing_10pct,crisis_ge_40,1,0.0,-4.1741,-4.1741
vix_backwardation_long,trailing_10pct,high_25_40,4,0.75,22.749674999999996,90.99869999999999
vix_backwardation_long,trailing_10pct,mid_15_25,2,0.5,4.12125,8.2425
vix_backwardation_long,trailing_15pct,crisis_ge_40,1,1.0,15.4206,15.4206
vix_backwardation_long,trailing_15pct,high_25_40,4,0.75,19.1519,76.6076
vix_backwardation_long,trailing_15pct,mid_15_25,2,0.5,-1.66325,-3.3265
vix_backwardation_long,trailing_5pct,crisis_ge_40,1,0.0,-4.1741,-4.1741
vix_backwardation_long,trailing_5pct,high_25_40,4,0.5,-1.0747250000000002,-4.298900000000001
vix_backwardation_long,trailing_5pct,mid_15_25,2,1.0,7.4803500000000005,14.960700000000001
williams_r_oversold,atr_trail_1x,crisis_ge_40,1,0.0,-0.4485,-0.4485
williams_r_oversold,atr_trail_1x,high_25_40,30,0.26666666666666666,-1.8733666666666666,-56.201
williams_r_oversold,atr_trail_1x,low_lt_15,31,0.22580645161290322,-1.216009677419355,-37.6963
williams_r_oversold,atr_trail_1x,mid_15_25,118,0.2457627118644068,-2.359316101694915,-278.3993
williams_r_oversold,atr_trail_2x,crisis_ge_40,1,0.0,-7.5814,-7.5814
williams_r_oversold,atr_trail_2x,high_25_40,30,0.3,-1.3589866666666666,-40.7696
williams_r_oversold,atr_trail_2x,low_lt_15,31,0.3870967741935484,-0.4501612903225808,-13.955000000000004
williams_r_oversold,atr_trail_2x,mid_15_25,118,0.2966101694915254,-3.6496381355932206,-430.6573
williams_r_oversold,atr_trail_mae_conditional,crisis_ge_40,1,0.0,-0.4485,-0.4485
williams_r_oversold,atr_trail_mae_conditional,high_25_40,30,0.26666666666666666,-1.8733666666666666,-56.201
williams_r_oversold,atr_trail_mae_conditional,low_lt_15,31,0.22580645161290322,-1.216009677419355,-37.6963
williams_r_oversold,atr_trail_mae_conditional,mid_15_25,118,0.2457627118644068,-2.359316101694915,-278.3993
williams_r_oversold,atr_trail_vix_conditional,crisis_ge_40,1,0.0,-3.5357,-3.5357
williams_r_oversold,atr_trail_vix_conditional,high_25_40,30,0.3333333333333333,-0.17101666666666668,-5.1305000000000005
williams_r_oversold,atr_trail_vix_conditional,low_lt_15,31,0.3225806451612903,-0.9188290322580644,-28.4837
williams_r_oversold,atr_trail_vix_conditional,mid_15_25,118,0.2457627118644068,-2.6073559322033897,-307.668
williams_r_oversold,break_even_at_1r,crisis_ge_40,1,0.0,-0.4485,-0.4485
williams_r_oversold,break_even_at_1r,high_25_40,30,0.16666666666666666,0.09900666666666678,2.9702000000000037
williams_r_oversold,break_even_at_1r,low_lt_15,31,0.12903225806451613,-1.1903387096774194,-36.9005
williams_r_oversold,break_even_at_1r,mid_15_25,118,0.13559322033898305,-2.3976949152542373,-282.928
williams_r_oversold,breakeven_plus_trail,crisis_ge_40,1,0.0,0.0,0.0
williams_r_oversold,breakeven_plus_trail,high_25_40,30,0.43333333333333335,3.7258033333333334,111.7741
williams_r_oversold,breakeven_plus_trail,low_lt_15,31,0.45161290322580644,2.222935483870968,68.911
williams_r_oversold,breakeven_plus_trail,mid_15_25,118,0.4152542372881356,0.2850711864406779,33.6384
williams_r_oversold,chandelier_3x,crisis_ge_40,1,0.0,-0.4485,-0.4485
williams_r_oversold,chandelier_3x,high_25_40,30,0.03333333333333333,-0.5721966666666667,-17.1659
williams_r_oversold,chandelier_3x,low_lt_15,31,0.06451612903225806,-0.13305806451612892,-4.124799999999997
williams_r_oversold,chandelier_3x,mid_15_25,118,0.03389830508474576,-0.5519440677966102,-65.1294
williams_r_oversold,class_time_stop,crisis_ge_40,1,0.0,-14.3614,-14.3614
williams_r_oversold,class_time_stop,high_25_40,30,0.4666666666666667,2.1374866666666668,64.1246
williams_r_oversold,class_time_stop,low_lt_15,31,0.6129032258064516,-1.5042129032258067,-46.63060000000001
williams_r_oversold,class_time_stop,mid_15_25,118,0.4152542372881356,-1.8159703389830508,-214.2845
williams_r_oversold,earnings_blackout,crisis_ge_40,1,1.0,4.4143,4.4143
williams_r_oversold,earnings_blackout,high_25_40,30,0.5333333333333333,10.482793333333335,314.48380000000003
williams_r_oversold,earnings_blackout,low_lt_15,31,0.7096774193548387,7.498206451612903,232.4444
williams_r_oversold,earnings_blackout,mid_15_25,118,0.5169491525423728,4.0315601694915255,475.7241
williams_r_oversold,fixed_4r_2r,crisis_ge_40,1,0.0,-15.215,-15.215
williams_r_oversold,fixed_4r_2r,high_25_40,30,0.26666666666666666,-5.292703333333334,-158.7811
williams_r_oversold,fixed_4r_2r,low_lt_15,31,0.2903225806451613,-2.911890322580645,-90.26859999999999
williams_r_oversold,fixed_4r_2r,mid_15_25,118,0.3135593220338983,-2.337592372881356,-275.8359
williams_r_oversold,hybrid_50pct_target,crisis_ge_40,1,0.0,-10.0,-10.0
williams_r_oversold,hybrid_50pct_target,high_25_40,30,0.4666666666666667,-4.708873333333333,-141.2662
williams_r_oversold,hybrid_50pct_target,low_lt_15,31,0.6774193548387096,0.3805935483870973,11.798400000000017
williams_r_oversold,hybrid_50pct_target,mid_15_25,118,0.4576271186440678,-23.145628813559323,-2731.1842
williams_r_oversold,ma_exit_ema9,crisis_ge_40,1,1.0,8.6017,8.6017
williams_r_oversold,ma_exit_ema9,high_25_40,30,0.4,-0.6831699999999999,-20.495099999999997
williams_r_oversold,ma_exit_ema9,low_lt_15,31,0.41935483870967744,-0.5367387096774193,-16.6389
williams_r_oversold,ma_exit_ema9,mid_15_25,118,0.423728813559322,-0.6232525423728813,-73.54379999999999
williams_r_oversold,mfe_lockin_trail,crisis_ge_40,1,0.0,-0.4485,-0.4485
williams_r_oversold,mfe_lockin_trail,high_25_40,30,0.26666666666666666,-1.9817233333333335,-59.4517
williams_r_oversold,mfe_lockin_trail,low_lt_15,31,0.22580645161290322,-1.6874322580645162,-52.3104
williams_r_oversold,mfe_lockin_trail,mid_15_25,118,0.2542372881355932,-2.566491525423729,-302.846
williams_r_oversold,multi_tier_partial,crisis_ge_40,1,1.0,2.2369,2.2369
williams_r_oversold,multi_tier_partial,high_25_40,30,0.5333333333333333,-0.7355900000000001,-22.067700000000002
williams_r_oversold,multi_tier_partial,low_lt_15,31,0.2903225806451613,-0.8643129032258065,-26.7937
williams_r_oversold,multi_tier_partial,mid_15_25,118,0.3474576271186441,-1.9217262711864407,-226.7637
williams_r_oversold,next_pivot_target,crisis_ge_40,1,0.0,-10.0,-10.0
williams_r_oversold,next_pivot_target,high_25_40,30,0.6333333333333333,-1.9427066666666666,-58.2812
williams_r_oversold,next_pivot_target,low_lt_15,31,0.7741935483870968,1.4269290322580646,44.2348
williams_r_oversold,next_pivot_target,mid_15_25,118,0.6101694915254238,-1.3685618644067798,-161.49030000000002
williams_r_oversold,r_multiple_2r,crisis_ge_40,1,0.0,-7.6075,-7.6075
williams_r_oversold,r_multiple_2r,high_25_40,30,0.23333333333333334,-3.321846666666666,-99.65539999999999
williams_r_oversold,r_multiple_2r,low_lt_15,31,0.3225806451612903,-0.21396129032258068,-6.632800000000001
williams_r_oversold,r_multiple_2r,mid_15_25,118,0.288135593220339,-1.1475076271186442,-135.4059
williams_r_oversold,r_multiple_3r,crisis_ge_40,1,0.0,-7.6075,-7.6075
williams_r_oversold,r_multiple_3r,high_25_40,30,0.23333333333333334,-1.8665266666666667,-55.9958
williams_r_oversold,r_multiple_3r,low_lt_15,31,0.22580645161290322,-1.4592129032258063,-45.2356
williams_r_oversold,r_multiple_3r,mid_15_25,118,0.22033898305084745,-1.314007627118644,-155.0529
williams_r_oversold,regime_flip,crisis_ge_40,1,1.0,3.3337,3.3337
williams_r_oversold,regime_flip,high_25_40,30,0.5,1.0814,32.442
williams_r_oversold,regime_flip,low_lt_15,31,0.5161290322580645,-0.9726774193548389,-30.153000000000006
williams_r_oversold,regime_flip,mid_15_25,118,0.4491525423728814,-1.5447474576271187,-182.2802
williams_r_oversold,reverse_signal,crisis_ge_40,1,1.0,4.2792,4.2792
williams_r_oversold,reverse_signal,high_25_40,30,0.5666666666666667,1.1095533333333332,33.28659999999999
williams_r_oversold,reverse_signal,low_lt_15,31,0.5483870967741935,-0.22225483870967738,-6.889899999999999
williams_r_oversold,reverse_signal,mid_15_25,118,0.4491525423728814,0.23192966101694912,27.367699999999996
williams_r_oversold,smc_mitigation_zone,crisis_ge_40,1,0.0,-0.4485,-0.4485
williams_r_oversold,smc_mitigation_zone,high_25_40,30,0.26666666666666666,-1.8733666666666666,-56.201
williams_r_oversold,smc_mitigation_zone,low_lt_15,31,0.22580645161290322,-1.216009677419355,-37.6963
williams_r_oversold,smc_mitigation_zone,mid_15_25,118,0.2457627118644068,-2.359316101694915,-278.3993
williams_r_oversold,time_stop_10d,crisis_ge_40,1,0.0,-2.3395,-2.3395
williams_r_oversold,time_stop_10d,high_25_40,30,0.5666666666666667,1.3004466666666668,39.013400000000004
williams_r_oversold,time_stop_10d,low_lt_15,31,0.4838709677419355,0.11987096774193552,3.716000000000001
williams_r_oversold,time_stop_10d,mid_15_25,118,0.4576271186440678,-1.5231957627118644,-179.7371
williams_r_oversold,time_stop_20d,crisis_ge_40,1,1.0,3.3337,3.3337
williams_r_oversold,time_stop_20d,high_25_40,30,0.5,1.0814,32.442
williams_r_oversold,time_stop_20d,low_lt_15,31,0.5161290322580645,-0.9726774193548389,-30.153000000000006
williams_r_oversold,time_stop_20d,mid_15_25,118,0.4491525423728814,-1.5447474576271187,-182.2802
williams_r_oversold,trailing_10pct,crisis_ge_40,1,0.0,-2.2585,-2.2585
williams_r_oversold,trailing_10pct,high_25_40,30,0.3,0.045066666666666734,1.352000000000002
williams_r_oversold,trailing_10pct,low_lt_15,31,0.3548387096774194,0.3779064516129032,11.7151
williams_r_oversold,trailing_10pct,mid_15_25,118,0.2966101694915254,-2.396970338983051,-282.84250000000003
williams_r_oversold,trailing_15pct,crisis_ge_40,1,0.0,-7.6886,-7.6886
williams_r_oversold,trailing_15pct,high_25_40,30,0.36666666666666664,0.41877333333333355,12.563200000000007
williams_r_oversold,trailing_15pct,low_lt_15,31,0.3870967741935484,2.1721354838709677,67.33619999999999
williams_r_oversold,trailing_15pct,mid_15_25,118,0.3050847457627119,-2.1095347457627116,-248.9251
williams_r_oversold,trailing_5pct,crisis_ge_40,1,0.0,-0.4485,-0.4485
williams_r_oversold,trailing_5pct,high_25_40,30,0.1,-2.3764266666666667,-71.2928
williams_r_oversold,trailing_5pct,low_lt_15,31,0.3225806451612903,-0.291858064516129,-9.0476
williams_r_oversold,trailing_5pct,mid_15_25,118,0.2288135593220339,-2.328695762711864,-274.7861
williams_stoch_dual,atr_trail_1x,crisis_ge_40,1,0.0,-6.3478,-6.3478
williams_stoch_dual,atr_trail_1x,high_25_40,9,0.3333333333333333,-0.7788777777777779,-7.009900000000001
williams_stoch_dual,atr_trail_1x,low_lt_15,6,0.3333333333333333,-0.6177833333333334,-3.7067
williams_stoch_dual,atr_trail_1x,mid_15_25,15,0.2,-1.8187666666666664,-27.281499999999998
williams_stoch_dual,atr_trail_2x,crisis_ge_40,1,0.0,-0.1787,-0.1787
williams_stoch_dual,atr_trail_2x,high_25_40,9,0.6666666666666666,5.140133333333334,46.2612
williams_stoch_dual,atr_trail_2x,low_lt_15,6,0.5,-1.2232333333333336,-7.339400000000001
williams_stoch_dual,atr_trail_2x,mid_15_25,15,0.4,-0.7092799999999999,-10.639199999999999
williams_stoch_dual,atr_trail_mae_conditional,crisis_ge_40,1,0.0,-6.3478,-6.3478
williams_stoch_dual,atr_trail_mae_conditional,high_25_40,9,0.3333333333333333,-0.7788777777777779,-7.009900000000001
williams_stoch_dual,atr_trail_mae_conditional,low_lt_15,6,0.3333333333333333,-0.6177833333333334,-3.7067
williams_stoch_dual,atr_trail_mae_conditional,mid_15_25,15,0.2,-1.8187666666666664,-27.281499999999998
williams_stoch_dual,atr_trail_vix_conditional,crisis_ge_40,1,0.0,-6.3478,-6.3478
williams_stoch_dual,atr_trail_vix_conditional,high_25_40,9,0.5555555555555556,1.6141333333333332,14.527199999999999
williams_stoch_dual,atr_trail_vix_conditional,low_lt_15,6,0.5,-0.295,-1.7699999999999998
williams_stoch_dual,atr_trail_vix_conditional,mid_15_25,15,0.3333333333333333,-1.5222466666666667,-22.8337
williams_stoch_dual,break_even_at_1r,crisis_ge_40,1,0.0,-6.3478,-6.3478
williams_stoch_dual,break_even_at_1r,high_25_40,9,0.1111111111111111,-1.0582555555555555,-9.5243
williams_stoch_dual,break_even_at_1r,low_lt_15,6,0.0,-1.4928666666666668,-8.9572
williams_stoch_dual,break_even_at_1r,mid_15_25,15,0.13333333333333333,-1.7250733333333335,-25.8761
williams_stoch_dual,breakeven_plus_trail,crisis_ge_40,1,1.0,8.7005,8.7005
williams_stoch_dual,breakeven_plus_trail,high_25_40,9,0.2222222222222222,0.7699,6.9291
williams_stoch_dual,breakeven_plus_trail,low_lt_15,6,0.0,-2.2900666666666667,-13.7404
williams_stoch_dual,breakeven_plus_trail,mid_15_25,15,0.3333333333333333,0.9714600000000003,14.571900000000005
williams_stoch_dual,chandelier_3x,crisis_ge_40,1,0.0,-0.448,-0.448
williams_stoch_dual,chandelier_3x,high_25_40,9,0.0,-0.7159222222222222,-6.4433
williams_stoch_dual,chandelier_3x,low_lt_15,6,0.0,-0.17006666666666667,-1.0204
williams_stoch_dual,chandelier_3x,mid_15_25,15,0.0,-0.19425333333333333,-2.9138
williams_stoch_dual,class_time_stop,crisis_ge_40,1,1.0,20.7783,20.7783
williams_stoch_dual,class_time_stop,high_25_40,9,0.6666666666666666,3.4097888888888885,30.6881
williams_stoch_dual,class_time_stop,low_lt_15,6,0.5,-0.08806666666666689,-0.5284000000000013
williams_stoch_dual,class_time_stop,mid_15_25,15,0.5333333333333333,0.5805466666666665,8.708199999999998
williams_stoch_dual,earnings_blackout,crisis_ge_40,1,1.0,9.9279,9.9279
williams_stoch_dual,earnings_blackout,high_25_40,9,0.6666666666666666,2.423033333333333,21.807299999999998
williams_stoch_dual,earnings_blackout,low_lt_15,6,0.3333333333333333,-8.4459,-50.675399999999996
williams_stoch_dual,earnings_blackout,mid_15_25,15,0.4666666666666667,-13.580540000000001,-203.7081
williams_stoch_dual,fixed_4r_2r,crisis_ge_40,1,0.0,-14.8948,-14.8948
williams_stoch_dual,fixed_4r_2r,high_25_40,9,0.5555555555555556,3.4428888888888896,30.986000000000004
williams_stoch_dual,fixed_4r_2r,low_lt_15,6,0.3333333333333333,0.3242833333333334,1.9457000000000004
williams_stoch_dual,fixed_4r_2r,mid_15_25,15,0.4,-0.5361733333333334,-8.0426
williams_stoch_dual,hybrid_50pct_target,crisis_ge_40,1,1.0,14.5344,14.5344
williams_stoch_dual,hybrid_50pct_target,high_25_40,9,0.8888888888888888,7.279022222222222,65.5112
williams_stoch_dual,hybrid_50pct_target,low_lt_15,6,0.8333333333333334,4.452216666666667,26.7133
williams_stoch_dual,hybrid_50pct_target,mid_15_25,15,0.5333333333333333,-0.9443133333333334,-14.164700000000002
williams_stoch_dual,ma_exit_ema9,crisis_ge_40,1,0.0,-5.9117,-5.9117
williams_stoch_dual,ma_exit_ema9,high_25_40,9,0.5555555555555556,0.49349999999999994,4.4415
williams_stoch_dual,ma_exit_ema9,low_lt_15,6,0.5,0.021233333333333316,0.1273999999999999
williams_stoch_dual,ma_exit_ema9,mid_15_25,15,0.4666666666666667,-0.49034,-7.3551
williams_stoch_dual,mfe_lockin_trail,crisis_ge_40,1,0.0,-6.3478,-6.3478
williams_stoch_dual,mfe_lockin_trail,high_25_40,9,0.3333333333333333,-0.9237555555555557,-8.3138
williams_stoch_dual,mfe_lockin_trail,low_lt_15,6,0.3333333333333333,-0.6177833333333334,-3.7067
williams_stoch_dual,mfe_lockin_trail,mid_15_25,15,0.2,-1.6123800000000001,-24.1857
williams_stoch_dual,multi_tier_partial,crisis_ge_40,1,0.0,-1.7494,-1.7494
williams_stoch_dual,multi_tier_partial,high_25_40,9,0.6666666666666666,0.1366111111111111,1.2294999999999998
williams_stoch_dual,multi_tier_partial,low_lt_15,6,0.3333333333333333,-0.34191666666666665,-2.0515
williams_stoch_dual,multi_tier_partial,mid_15_25,15,0.3333333333333333,-1.4118199999999999,-21.1773
williams_stoch_dual,next_pivot_target,crisis_ge_40,1,1.0,1.3305,1.3305
williams_stoch_dual,next_pivot_target,high_25_40,9,1.0,2.2835666666666667,20.5521
williams_stoch_dual,next_pivot_target,low_lt_15,6,0.8333333333333334,-0.5395500000000001,-3.2373000000000003
williams_stoch_dual,next_pivot_target,mid_15_25,15,0.8666666666666667,0.6962,10.443000000000001
williams_stoch_dual,r_multiple_2r,crisis_ge_40,1,0.0,-7.4474,-7.4474
williams_stoch_dual,r_multiple_2r,high_25_40,9,0.5555555555555556,2.1573777777777776,19.4164
williams_stoch_dual,r_multiple_2r,low_lt_15,6,0.16666666666666666,-2.13095,-12.7857
williams_stoch_dual,r_multiple_2r,mid_15_25,15,0.26666666666666666,-1.2147266666666667,-18.2209
williams_stoch_dual,r_multiple_3r,crisis_ge_40,1,0.0,-7.4474,-7.4474
williams_stoch_dual,r_multiple_3r,high_25_40,9,0.5555555555555556,3.5100777777777776,31.5907
williams_stoch_dual,r_multiple_3r,low_lt_15,6,0.16666666666666666,-1.7749666666666668,-10.6498
williams_stoch_dual,r_multiple_3r,mid_15_25,15,0.2,-2.2104399999999997,-33.1566
williams_stoch_dual,regime_flip,crisis_ge_40,1,1.0,6.2598,6.2598
williams_stoch_dual,regime_flip,high_25_40,9,0.7777777777777778,4.241811111111111,38.1763
williams_stoch_dual,regime_flip,low_lt_15,6,0.5,-1.3187166666666668,-7.9123
williams_stoch_dual,regime_flip,mid_15_25,15,0.4,-2.4683666666666673,-37.02550000000001
williams_stoch_dual,reverse_signal,crisis_ge_40,1,0.0,-6.3478,-6.3478
williams_stoch_dual,reverse_signal,high_25_40,9,0.3333333333333333,-0.7788777777777779,-7.009900000000001
williams_stoch_dual,reverse_signal,low_lt_15,6,0.3333333333333333,-0.6177833333333334,-3.7067
williams_stoch_dual,reverse_signal,mid_15_25,15,0.2,-1.8187666666666664,-27.281499999999998
williams_stoch_dual,smc_mitigation_zone,crisis_ge_40,1,0.0,-6.3478,-6.3478
williams_stoch_dual,smc_mitigation_zone,high_25_40,9,0.3333333333333333,-0.7788777777777779,-7.009900000000001
williams_stoch_dual,smc_mitigation_zone,low_lt_15,6,0.3333333333333333,-0.6177833333333334,-3.7067
williams_stoch_dual,smc_mitigation_zone,mid_15_25,15,0.2,-1.8187666666666664,-27.281499999999998
williams_stoch_dual,time_stop_10d,crisis_ge_40,1,0.0,-2.0255,-2.0255
williams_stoch_dual,time_stop_10d,high_25_40,9,0.6666666666666666,1.8403777777777774,16.563399999999998
williams_stoch_dual,time_stop_10d,low_lt_15,6,0.8333333333333334,2.166583333333333,12.9995
williams_stoch_dual,time_stop_10d,mid_15_25,15,0.4666666666666667,-2.325493333333333,-34.8824
williams_stoch_dual,time_stop_20d,crisis_ge_40,1,1.0,6.2598,6.2598
williams_stoch_dual,time_stop_20d,high_25_40,9,0.7777777777777778,4.241811111111111,38.1763
williams_stoch_dual,time_stop_20d,low_lt_15,6,0.5,-1.3187166666666668,-7.9123
williams_stoch_dual,time_stop_20d,mid_15_25,15,0.4,-2.4683666666666673,-37.02550000000001
williams_stoch_dual,trailing_10pct,crisis_ge_40,1,0.0,-6.3478,-6.3478
williams_stoch_dual,trailing_10pct,high_25_40,9,0.4444444444444444,1.8111000000000002,16.2999
williams_stoch_dual,trailing_10pct,low_lt_15,6,0.0,-4.409416666666666,-26.4565
williams_stoch_dual,trailing_10pct,mid_15_25,15,0.4,0.8804800000000002,13.207200000000002
williams_stoch_dual,trailing_15pct,crisis_ge_40,1,0.0,-0.1787,-0.1787
williams_stoch_dual,trailing_15pct,high_25_40,9,0.5555555555555556,-0.4966111111111111,-4.4695
williams_stoch_dual,trailing_15pct,low_lt_15,6,0.16666666666666666,-6.089516666666666,-36.537099999999995
williams_stoch_dual,trailing_15pct,mid_15_25,15,0.4,0.8606599999999996,12.909899999999995
williams_stoch_dual,trailing_5pct,crisis_ge_40,1,0.0,-5.0,-5.0
williams_stoch_dual,trailing_5pct,high_25_40,9,0.5555555555555556,1.5783444444444443,14.205099999999998
williams_stoch_dual,trailing_5pct,low_lt_15,6,0.5,0.6733166666666666,4.039899999999999
williams_stoch_dual,trailing_5pct,mid_15_25,15,0.3333333333333333,-0.61976,-9.2964
xs_low_beta_long,atr_trail_1x,crisis_ge_40,2,0.5,7.5672500000000005,15.134500000000001
xs_low_beta_long,atr_trail_1x,high_25_40,72,0.3194444444444444,0.1795055555555555,12.924399999999997
xs_low_beta_long,atr_trail_1x,low_lt_15,30,0.3333333333333333,-0.6814666666666668,-20.444000000000003
xs_low_beta_long,atr_trail_1x,mid_15_25,127,0.16535433070866143,-1.0409417322834646,-132.1996
xs_low_beta_long,atr_trail_2x,crisis_ge_40,2,0.5,5.2734,10.5468
xs_low_beta_long,atr_trail_2x,high_25_40,72,0.3888888888888889,-0.40505277777777776,-29.1638
xs_low_beta_long,atr_trail_2x,low_lt_15,30,0.4666666666666667,-0.05680333333333329,-1.7040999999999986
xs_low_beta_long,atr_trail_2x,mid_15_25,127,0.2755905511811024,-1.846981102362205,-234.56660000000002
xs_low_beta_long,atr_trail_mae_conditional,crisis_ge_40,2,0.5,7.5672500000000005,15.134500000000001
xs_low_beta_long,atr_trail_mae_conditional,high_25_40,72,0.3194444444444444,0.1795055555555555,12.924399999999997
xs_low_beta_long,atr_trail_mae_conditional,low_lt_15,30,0.3333333333333333,-0.6814666666666668,-20.444000000000003
xs_low_beta_long,atr_trail_mae_conditional,mid_15_25,127,0.16535433070866143,-1.0409417322834646,-132.1996
xs_low_beta_long,atr_trail_vix_conditional,crisis_ge_40,2,0.5,7.366499999999999,14.732999999999999
xs_low_beta_long,atr_trail_vix_conditional,high_25_40,72,0.3611111111111111,-0.18243472222222223,-13.1353
xs_low_beta_long,atr_trail_vix_conditional,low_lt_15,30,0.23333333333333334,-0.8614066666666667,-25.8422
xs_low_beta_long,atr_trail_vix_conditional,mid_15_25,127,0.1968503937007874,-0.960463779527559,-121.9789
xs_low_beta_long,break_even_at_1r,crisis_ge_40,2,0.5,7.1354999999999995,14.270999999999999
xs_low_beta_long,break_even_at_1r,high_25_40,72,0.09722222222222222,-0.9635208333333334,-69.3735
xs_low_beta_long,break_even_at_1r,low_lt_15,30,0.16666666666666666,0.18007999999999993,5.402399999999998
xs_low_beta_long,break_even_at_1r,mid_15_25,127,0.08661417322834646,-1.5744787401574802,-199.9588
xs_low_beta_long,breakeven_plus_trail,crisis_ge_40,2,1.0,39.24005,78.4801
xs_low_beta_long,breakeven_plus_trail,high_25_40,72,0.2361111111111111,-0.19363888888888883,-13.941999999999997
xs_low_beta_long,breakeven_plus_trail,low_lt_15,30,0.3333333333333333,1.11044,33.3132
xs_low_beta_long,breakeven_plus_trail,mid_15_25,127,0.2283464566929134,0.8473614173228345,107.61489999999999
xs_low_beta_long,chandelier_3x,crisis_ge_40,2,0.0,-0.1242,-0.2484
xs_low_beta_long,chandelier_3x,high_25_40,72,0.1388888888888889,-1.0794263888888889,-77.7187
xs_low_beta_long,chandelier_3x,low_lt_15,30,0.23333333333333334,-0.3723033333333332,-11.169099999999997
xs_low_beta_long,chandelier_3x,mid_15_25,127,0.18110236220472442,-1.2011370078740158,-152.5444
xs_low_beta_long,class_time_stop,crisis_ge_40,2,1.0,10.0853,20.1706
xs_low_beta_long,class_time_stop,high_25_40,72,0.5555555555555556,0.19621805555555563,14.127700000000006
xs_low_beta_long,class_time_stop,low_lt_15,30,0.5666666666666667,2.44892,73.4676
xs_low_beta_long,class_time_stop,mid_15_25,127,0.4645669291338583,-2.0333338582677167,-258.2334
xs_low_beta_long,earnings_blackout,crisis_ge_40,2,1.0,12.1889,24.3778
xs_low_beta_long,earnings_blackout,high_25_40,72,0.6527777777777778,5.065451388888889,364.7125
xs_low_beta_long,earnings_blackout,low_lt_15,30,0.6333333333333333,11.311219999999999,339.3366
xs_low_beta_long,earnings_blackout,mid_15_25,127,0.5039370078740157,3.959186614173228,502.81669999999997
xs_low_beta_long,fixed_4r_2r,crisis_ge_40,2,1.0,24.1669,48.3338
xs_low_beta_long,fixed_4r_2r,high_25_40,72,0.4027777777777778,0.9390875,67.6143
xs_low_beta_long,fixed_4r_2r,low_lt_15,30,0.4,0.47825999999999996,14.3478
xs_low_beta_long,fixed_4r_2r,mid_15_25,127,0.3228346456692913,-1.0994078740157482,-139.62480000000002
xs_low_beta_long,hybrid_50pct_target,crisis_ge_40,2,1.0,15.825500000000002,31.651000000000003
xs_low_beta_long,hybrid_50pct_target,high_25_40,72,0.5972222222222222,0.6886847222222222,49.5853
xs_low_beta_long,hybrid_50pct_target,low_lt_15,30,0.6333333333333333,-0.023236666666666572,-0.6970999999999972
xs_low_beta_long,hybrid_50pct_target,mid_15_25,127,0.5511811023622047,-0.5335834645669291,-67.76509999999999
xs_low_beta_long,ma_exit_ema9,crisis_ge_40,2,0.5,2.6915000000000004,5.383000000000001
xs_low_beta_long,ma_exit_ema9,high_25_40,72,0.4166666666666667,-0.2418458333333333,-17.412899999999997
xs_low_beta_long,ma_exit_ema9,low_lt_15,30,0.3,-0.35856666666666664,-10.757
xs_low_beta_long,ma_exit_ema9,mid_15_25,127,0.28346456692913385,-1.1605905511811025,-147.395
xs_low_beta_long,mfe_lockin_trail,crisis_ge_40,2,0.5,9.55555,19.1111
xs_low_beta_long,mfe_lockin_trail,high_25_40,72,0.3194444444444444,-0.7902055555555555,-56.8948
xs_low_beta_long,mfe_lockin_trail,low_lt_15,30,0.3333333333333333,-0.53745,-16.1235
xs_low_beta_long,mfe_lockin_trail,mid_15_25,127,0.16535433070866143,-0.9959267716535433,-126.4827
xs_low_beta_long,multi_tier_partial,crisis_ge_40,2,0.5,7.1795,14.359
xs_low_beta_long,multi_tier_partial,high_25_40,72,0.4444444444444444,-0.20778472222222222,-14.9605
xs_low_beta_long,multi_tier_partial,low_lt_15,30,0.5333333333333333,-0.23112666666666673,-6.9338000000000015
xs_low_beta_long,multi_tier_partial,mid_15_25,127,0.28346456692913385,-0.8472157480314961,-107.5964
xs_low_beta_long,next_pivot_target,crisis_ge_40,2,1.0,5.7702,11.5404
xs_low_beta_long,next_pivot_target,high_25_40,72,0.8194444444444444,0.03487777777777778,2.5112
xs_low_beta_long,next_pivot_target,low_lt_15,30,0.7333333333333333,-0.5486866666666668,-16.460600000000003
xs_low_beta_long,next_pivot_target,mid_15_25,127,0.6929133858267716,-1.3963905511811023,-177.3416
xs_low_beta_long,r_multiple_2r,crisis_ge_40,2,0.5,7.9295,15.859
xs_low_beta_long,r_multiple_2r,high_25_40,72,0.4166666666666667,0.5278833333333333,38.0076
xs_low_beta_long,r_multiple_2r,low_lt_15,30,0.43333333333333335,0.40865,12.259500000000001
xs_low_beta_long,r_multiple_2r,mid_15_25,127,0.2440944881889764,-1.2550409448818898,-159.3902
xs_low_beta_long,r_multiple_3r,crisis_ge_40,2,0.5,12.6226,25.2452
xs_low_beta_long,r_multiple_3r,high_25_40,72,0.3055555555555556,0.5386402777777778,38.7821
xs_low_beta_long,r_multiple_3r,low_lt_15,30,0.3333333333333333,0.5063133333333333,15.189399999999997
xs_low_beta_long,r_multiple_3r,mid_15_25,127,0.18110236220472442,-1.3093188976377954,-166.2835
xs_low_beta_long,regime_flip,crisis_ge_40,2,1.0,9.77615,19.5523
xs_low_beta_long,regime_flip,high_25_40,72,0.5555555555555556,0.592151388888889,42.6349
xs_low_beta_long,regime_flip,low_lt_15,30,0.6666666666666666,1.2083599999999999,36.2508
xs_low_beta_long,regime_flip,mid_15_25,127,0.47244094488188976,-1.4768267716535433,-187.557
xs_low_beta_long,reverse_signal,crisis_ge_40,2,0.5,7.5672500000000005,15.134500000000001
xs_low_beta_long,reverse_signal,high_25_40,72,0.3194444444444444,0.1795055555555555,12.924399999999997
xs_low_beta_long,reverse_signal,low_lt_15,30,0.3333333333333333,-0.6814666666666668,-20.444000000000003
xs_low_beta_long,reverse_signal,mid_15_25,127,0.16535433070866143,-1.0409417322834646,-132.1996
xs_low_beta_long,smc_mitigation_zone,crisis_ge_40,2,0.5,7.5672500000000005,15.134500000000001
xs_low_beta_long,smc_mitigation_zone,high_25_40,72,0.3194444444444444,0.1795055555555555,12.924399999999997
xs_low_beta_long,smc_mitigation_zone,low_lt_15,30,0.3333333333333333,-0.6814666666666668,-20.444000000000003
xs_low_beta_long,smc_mitigation_zone,mid_15_25,127,0.16535433070866143,-1.0409417322834646,-132.1996
xs_low_beta_long,time_stop_10d,crisis_ge_40,2,1.0,13.9573,27.9146
xs_low_beta_long,time_stop_10d,high_25_40,72,0.6666666666666666,1.4808402777777776,106.62049999999999
xs_low_beta_long,time_stop_10d,low_lt_15,30,0.5666666666666667,0.9011033333333335,27.033100000000005
xs_low_beta_long,time_stop_10d,mid_15_25,127,0.4409448818897638,-0.2942322834645669,-37.3675
xs_low_beta_long,time_stop_20d,crisis_ge_40,2,1.0,9.77615,19.5523
xs_low_beta_long,time_stop_20d,high_25_40,72,0.5555555555555556,0.592151388888889,42.6349
xs_low_beta_long,time_stop_20d,low_lt_15,30,0.6666666666666666,1.2083599999999999,36.2508
xs_low_beta_long,time_stop_20d,mid_15_25,127,0.47244094488188976,-1.4768267716535433,-187.557
xs_low_beta_long,trailing_10pct,crisis_ge_40,2,1.0,13.52585,27.0517
xs_low_beta_long,trailing_10pct,high_25_40,72,0.4027777777777778,-0.24091527777777774,-17.345899999999997
xs_low_beta_long,trailing_10pct,low_lt_15,30,0.43333333333333335,0.46048000000000017,13.814400000000004
xs_low_beta_long,trailing_10pct,mid_15_25,127,0.3464566929133858,-1.7005393700787401,-215.9685
xs_low_beta_long,trailing_15pct,crisis_ge_40,2,1.0,35.984899999999996,71.96979999999999
xs_low_beta_long,trailing_15pct,high_25_40,72,0.3611111111111111,1.5609250000000001,112.3866
xs_low_beta_long,trailing_15pct,low_lt_15,30,0.4666666666666667,4.907083333333333,147.21249999999998
xs_low_beta_long,trailing_15pct,mid_15_25,127,0.3700787401574803,0.30438740157480326,38.65720000000002
xs_low_beta_long,trailing_5pct,crisis_ge_40,2,0.0,-1.54105,-3.0821
xs_low_beta_long,trailing_5pct,high_25_40,72,0.3611111111111111,-0.4587083333333333,-33.026999999999994
xs_low_beta_long,trailing_5pct,low_lt_15,30,0.5,1.0794000000000001,32.382000000000005
xs_low_beta_long,trailing_5pct,mid_15_25,127,0.29133858267716534,-1.2970393700787404,-164.72400000000002
xs_momentum_bottom_decile_short,atr_trail_1x,crisis_ge_40,1,0.0,-8.4566,-8.4566
xs_momentum_bottom_decile_short,atr_trail_1x,high_25_40,99,0.1717171717171717,-5.110260606060606,-505.9158
xs_momentum_bottom_decile_short,atr_trail_1x,low_lt_15,67,0.2835820895522388,-1.1276985074626866,-75.5558
xs_momentum_bottom_decile_short,atr_trail_1x,mid_15_25,249,0.2891566265060241,-1.7616642570281125,-438.6544
xs_momentum_bottom_decile_short,atr_trail_2x,crisis_ge_40,1,0.0,-16.9131,-16.9131
xs_momentum_bottom_decile_short,atr_trail_2x,high_25_40,99,0.24242424242424243,-9.335570707070707,-924.2215
xs_momentum_bottom_decile_short,atr_trail_2x,low_lt_15,67,0.3880597014925373,0.4670880597014926,31.294900000000002
xs_momentum_bottom_decile_short,atr_trail_2x,mid_15_25,249,0.3373493975903614,-4.170919678714859,-1038.559
xs_momentum_bottom_decile_short,atr_trail_mae_conditional,crisis_ge_40,1,0.0,-8.4566,-8.4566
xs_momentum_bottom_decile_short,atr_trail_mae_conditional,high_25_40,99,0.1717171717171717,-5.110260606060606,-505.9158
xs_momentum_bottom_decile_short,atr_trail_mae_conditional,low_lt_15,67,0.2835820895522388,-1.1276985074626866,-75.5558
xs_momentum_bottom_decile_short,atr_trail_mae_conditional,mid_15_25,249,0.2891566265060241,-1.7616642570281125,-438.6544
xs_momentum_bottom_decile_short,atr_trail_vix_conditional,crisis_ge_40,1,0.0,-12.6849,-12.6849
xs_momentum_bottom_decile_short,atr_trail_vix_conditional,high_25_40,99,0.16161616161616163,-8.662412121212121,-857.5788
xs_momentum_bottom_decile_short,atr_trail_vix_conditional,low_lt_15,67,0.19402985074626866,-1.1848850746268655,-79.3873
xs_momentum_bottom_decile_short,atr_trail_vix_conditional,mid_15_25,249,0.30120481927710846,-2.2706767068273095,-565.3985
xs_momentum_bottom_decile_short,break_even_at_1r,crisis_ge_40,1,0.0,-8.4566,-8.4566
xs_momentum_bottom_decile_short,break_even_at_1r,high_25_40,99,0.1717171717171717,-5.108740404040404,-505.7653
xs_momentum_bottom_decile_short,break_even_at_1r,low_lt_15,67,0.208955223880597,-1.238783582089552,-82.99849999999999
xs_momentum_bottom_decile_short,break_even_at_1r,mid_15_25,249,0.24096385542168675,-3.7289590361445786,-928.5108
xs_momentum_bottom_decile_short,breakeven_plus_trail,crisis_ge_40,1,0.0,-16.9131,-16.9131
xs_momentum_bottom_decile_short,breakeven_plus_trail,high_25_40,99,0.4444444444444444,-4.713518181818182,-466.6383
xs_momentum_bottom_decile_short,breakeven_plus_trail,low_lt_15,67,0.4626865671641791,3.3455328358208956,224.1507
xs_momentum_bottom_decile_short,breakeven_plus_trail,mid_15_25,249,0.4859437751004016,1.588841767068273,395.6216
xs_momentum_bottom_decile_short,chandelier_3x,crisis_ge_40,1,0.0,-18.5426,-18.5426
xs_momentum_bottom_decile_short,chandelier_3x,high_25_40,99,0.1717171717171717,-6.263150505050506,-620.0519
xs_momentum_bottom_decile_short,chandelier_3x,low_lt_15,67,0.208955223880597,-0.05774626865671631,-3.8689999999999927
xs_momentum_bottom_decile_short,chandelier_3x,mid_15_25,249,0.18473895582329317,-3.8663502008032125,-962.7212
xs_momentum_bottom_decile_short,class_time_stop,crisis_ge_40,1,0.0,-11.981,-11.981
xs_momentum_bottom_decile_short,class_time_stop,high_25_40,99,0.5454545454545454,-12.73312424242424,-1260.5792999999999
xs_momentum_bottom_decile_short,class_time_stop,low_lt_15,67,0.5223880597014925,-1.8810656716417906,-126.03139999999998
xs_momentum_bottom_decile_short,class_time_stop,mid_15_25,249,0.5180722891566265,-15.295208835341366,-3808.507
xs_momentum_bottom_decile_short,earnings_blackout,crisis_ge_40,1,1.0,1.2745,1.2745
xs_momentum_bottom_decile_short,earnings_blackout,high_25_40,99,0.46464646464646464,-15.88819494949495,-1572.9313000000002
xs_momentum_bottom_decile_short,earnings_blackout,low_lt_15,67,0.5522388059701493,0.617728358208955,41.387799999999984
xs_momentum_bottom_decile_short,earnings_blackout,mid_15_25,249,0.5020080321285141,-14.272848192771086,-3553.9392000000003
xs_momentum_bottom_decile_short,fixed_4r_2r,crisis_ge_40,1,0.0,-16.9131,-16.9131
xs_momentum_bottom_decile_short,fixed_4r_2r,high_25_40,99,0.24242424242424243,-8.461666666666668,-837.705
xs_momentum_bottom_decile_short,fixed_4r_2r,low_lt_15,67,0.34328358208955223,1.4714835820895524,98.58940000000001
xs_momentum_bottom_decile_short,fixed_4r_2r,mid_15_25,249,0.2971887550200803,-6.285747791164659,-1565.1512
xs_momentum_bottom_decile_short,hybrid_50pct_target,crisis_ge_40,1,1.0,23.1946,23.1946
xs_momentum_bottom_decile_short,hybrid_50pct_target,high_25_40,99,0.6262626262626263,-90.16853333333334,-8926.6848
xs_momentum_bottom_decile_short,hybrid_50pct_target,low_lt_15,67,0.8059701492537313,-55.51797611940299,-3719.7044
xs_momentum_bottom_decile_short,hybrid_50pct_target,mid_15_25,249,0.7349397590361446,-72.14237590361446,-17963.4516
xs_momentum_bottom_decile_short,ma_exit_ema9,crisis_ge_40,1,0.0,-10.0,-10.0
xs_momentum_bottom_decile_short,ma_exit_ema9,high_25_40,99,0.1919191919191919,-3.7766727272727274,-373.8906
xs_momentum_bottom_decile_short,ma_exit_ema9,low_lt_15,67,0.3880597014925373,-0.3308985074626867,-22.17020000000001
xs_momentum_bottom_decile_short,ma_exit_ema9,mid_15_25,249,0.37751004016064255,-0.6746244979919678,-167.98149999999998
xs_momentum_bottom_decile_short,mfe_lockin_trail,crisis_ge_40,1,0.0,-8.4566,-8.4566
xs_momentum_bottom_decile_short,mfe_lockin_trail,high_25_40,99,0.1717171717171717,-5.039380808080808,-498.8987
xs_momentum_bottom_decile_short,mfe_lockin_trail,low_lt_15,67,0.2835820895522388,-1.0341268656716418,-69.2865
xs_momentum_bottom_decile_short,mfe_lockin_trail,mid_15_25,249,0.2891566265060241,-1.7762277108433735,-442.2807
xs_momentum_bottom_decile_short,multi_tier_partial,crisis_ge_40,1,0.0,-8.4566,-8.4566
xs_momentum_bottom_decile_short,multi_tier_partial,high_25_40,99,0.29292929292929293,-4.434344444444444,-439.0001
xs_momentum_bottom_decile_short,multi_tier_partial,low_lt_15,67,0.40298507462686567,-0.576379104477612,-38.6174
xs_momentum_bottom_decile_short,multi_tier_partial,mid_15_25,249,0.39759036144578314,-1.2816843373493976,-319.1394
xs_momentum_bottom_decile_short,next_pivot_target,crisis_ge_40,1,0.0,-10.0,-10.0
xs_momentum_bottom_decile_short,next_pivot_target,high_25_40,99,0.5151515151515151,-4.401363636363636,-435.735
xs_momentum_bottom_decile_short,next_pivot_target,low_lt_15,67,0.7313432835820896,-0.9353268656716419,-62.666900000000005
xs_momentum_bottom_decile_short,next_pivot_target,mid_15_25,249,0.6586345381526104,-2.078679518072289,-517.5912
xs_momentum_bottom_decile_short,r_multiple_2r,crisis_ge_40,1,0.0,-8.4566,-8.4566
xs_momentum_bottom_decile_short,r_multiple_2r,high_25_40,99,0.13131313131313133,-5.605369696969697,-554.9316
xs_momentum_bottom_decile_short,r_multiple_2r,low_lt_15,67,0.2835820895522388,-0.0035298507462687553,-0.2365000000000066
xs_momentum_bottom_decile_short,r_multiple_2r,mid_15_25,249,0.321285140562249,-2.605299196787149,-648.7195
xs_momentum_bottom_decile_short,r_multiple_3r,crisis_ge_40,1,0.0,-8.4566,-8.4566
xs_momentum_bottom_decile_short,r_multiple_3r,high_25_40,99,0.0707070707070707,-6.778177777777778,-671.0396
xs_momentum_bottom_decile_short,r_multiple_3r,low_lt_15,67,0.19402985074626866,-0.26341940298507477,-17.64910000000001
xs_momentum_bottom_decile_short,r_multiple_3r,mid_15_25,249,0.26907630522088355,-3.110563855421687,-774.5304
xs_momentum_bottom_decile_short,regime_flip,crisis_ge_40,1,0.0,-3.006,-3.006
xs_momentum_bottom_decile_short,regime_flip,high_25_40,99,0.4444444444444444,-19.496369696969698,-1930.1406
xs_momentum_bottom_decile_short,regime_flip,low_lt_15,67,0.4925373134328358,-4.747513432835821,-318.08340000000004
xs_momentum_bottom_decile_short,regime_flip,mid_15_25,249,0.5020080321285141,-10.233550200803213,-2548.154
xs_momentum_bottom_decile_short,reverse_signal,crisis_ge_40,1,0.0,-8.4566,-8.4566
xs_momentum_bottom_decile_short,reverse_signal,high_25_40,99,0.1717171717171717,-5.110260606060606,-505.9158
xs_momentum_bottom_decile_short,reverse_signal,low_lt_15,67,0.2835820895522388,-1.1276985074626866,-75.5558
xs_momentum_bottom_decile_short,reverse_signal,mid_15_25,249,0.2891566265060241,-1.7616642570281125,-438.6544
xs_momentum_bottom_decile_short,smc_mitigation_zone,crisis_ge_40,1,0.0,-8.4566,-8.4566
xs_momentum_bottom_decile_short,smc_mitigation_zone,high_25_40,99,0.1717171717171717,-5.110260606060606,-505.9158
xs_momentum_bottom_decile_short,smc_mitigation_zone,low_lt_15,67,0.2835820895522388,-1.1276985074626866,-75.5558
xs_momentum_bottom_decile_short,smc_mitigation_zone,mid_15_25,249,0.2891566265060241,-1.7616642570281125,-438.6544
xs_momentum_bottom_decile_short,time_stop_10d,crisis_ge_40,1,0.0,-3.8344,-3.8344
xs_momentum_bottom_decile_short,time_stop_10d,high_25_40,99,0.43434343434343436,-15.298113131313132,-1514.5132
xs_momentum_bottom_decile_short,time_stop_10d,low_lt_15,67,0.4626865671641791,-1.7388179104477612,-116.5008
xs_momentum_bottom_decile_short,time_stop_10d,mid_15_25,249,0.5020080321285141,-1.9774465863453816,-492.3842
xs_momentum_bottom_decile_short,time_stop_20d,crisis_ge_40,1,0.0,-3.006,-3.006
xs_momentum_bottom_decile_short,time_stop_20d,high_25_40,99,0.4444444444444444,-19.496369696969698,-1930.1406
xs_momentum_bottom_decile_short,time_stop_20d,low_lt_15,67,0.4925373134328358,-4.747513432835821,-318.08340000000004
xs_momentum_bottom_decile_short,time_stop_20d,mid_15_25,249,0.5020080321285141,-10.233550200803213,-2548.154
xs_momentum_bottom_decile_short,trailing_10pct,crisis_ge_40,1,0.0,-10.0,-10.0
xs_momentum_bottom_decile_short,trailing_10pct,high_25_40,99,0.23232323232323232,-4.630584848484848,-458.4279
xs_momentum_bottom_decile_short,trailing_10pct,low_lt_15,67,0.373134328358209,-1.343634328358209,-90.02350000000001
xs_momentum_bottom_decile_short,trailing_10pct,mid_15_25,249,0.2891566265060241,-2.432687951807229,-605.7393000000001
xs_momentum_bottom_decile_short,trailing_15pct,crisis_ge_40,1,0.0,-15.0,-15.0
xs_momentum_bottom_decile_short,trailing_15pct,high_25_40,99,0.2727272727272727,-7.564093939393939,-748.8453
xs_momentum_bottom_decile_short,trailing_15pct,low_lt_15,67,0.40298507462686567,-0.33968805970149263,-22.759100000000007
xs_momentum_bottom_decile_short,trailing_15pct,mid_15_25,249,0.3654618473895582,-2.432068674698795,-605.5851
xs_momentum_bottom_decile_short,trailing_5pct,crisis_ge_40,1,0.0,-5.0,-5.0
xs_momentum_bottom_decile_short,trailing_5pct,high_25_40,99,0.050505050505050504,-3.419981818181818,-338.5782
xs_momentum_bottom_decile_short,trailing_5pct,low_lt_15,67,0.14925373134328357,-1.893137313432836,-126.84020000000001
xs_momentum_bottom_decile_short,trailing_5pct,mid_15_25,249,0.19678714859437751,-2.190122088353414,-545.3404
xs_momentum_top_decile,atr_trail_1x,crisis_ge_40,4,0.5,1.2665500000000003,5.066200000000001
xs_momentum_top_decile,atr_trail_1x,high_25_40,13,0.3076923076923077,-2.0244,-26.3172
xs_momentum_top_decile,atr_trail_1x,low_lt_15,10,0.3,-1.7933599999999998,-17.9336
xs_momentum_top_decile,atr_trail_1x,mid_15_25,58,0.25862068965517243,-1.3734224137931035,-79.6585
xs_momentum_top_decile,atr_trail_2x,crisis_ge_40,4,0.5,6.6525,26.61
xs_momentum_top_decile,atr_trail_2x,high_25_40,13,0.15384615384615385,-3.5421692307692307,-46.0482
xs_momentum_top_decile,atr_trail_2x,low_lt_15,10,0.3,1.6293900000000001,16.2939
xs_momentum_top_decile,atr_trail_2x,mid_15_25,58,0.3103448275862069,-0.8658586206896552,-50.219800000000006
xs_momentum_top_decile,atr_trail_mae_conditional,crisis_ge_40,4,0.5,1.2665500000000003,5.066200000000001
xs_momentum_top_decile,atr_trail_mae_conditional,high_25_40,13,0.3076923076923077,-2.0244,-26.3172
xs_momentum_top_decile,atr_trail_mae_conditional,low_lt_15,10,0.3,-1.7933599999999998,-17.9336
xs_momentum_top_decile,atr_trail_mae_conditional,mid_15_25,58,0.25862068965517243,-1.3734224137931035,-79.6585
xs_momentum_top_decile,atr_trail_vix_conditional,crisis_ge_40,4,0.5,-1.9108749999999999,-7.6434999999999995
xs_momentum_top_decile,atr_trail_vix_conditional,high_25_40,13,0.23076923076923078,-1.8706692307692308,-24.3187
xs_momentum_top_decile,atr_trail_vix_conditional,low_lt_15,10,0.2,-2.30234,-23.023400000000002
xs_momentum_top_decile,atr_trail_vix_conditional,mid_15_25,58,0.2413793103448276,-1.2770362068965517,-74.0681
xs_momentum_top_decile,break_even_at_1r,crisis_ge_40,4,0.25,-2.2093,-8.8372
xs_momentum_top_decile,break_even_at_1r,high_25_40,13,0.07692307692307693,-1.395223076923077,-18.1379
xs_momentum_top_decile,break_even_at_1r,low_lt_15,10,0.2,3.86096,38.6096
xs_momentum_top_decile,break_even_at_1r,mid_15_25,58,0.13793103448275862,-0.9981086206896551,-57.890299999999996
xs_momentum_top_decile,breakeven_plus_trail,crisis_ge_40,4,0.5,2.646325,10.5853
xs_momentum_top_decile,breakeven_plus_trail,high_25_40,13,0.15384615384615385,-2.746576923076923,-35.7055
xs_momentum_top_decile,breakeven_plus_trail,low_lt_15,10,0.3,4.21208,42.1208
xs_momentum_top_decile,breakeven_plus_trail,mid_15_25,58,0.29310344827586204,1.748691379310345,101.42410000000001
xs_momentum_top_decile,chandelier_3x,crisis_ge_40,4,0.5,3.3808,13.5232
xs_momentum_top_decile,chandelier_3x,high_25_40,13,0.0,-2.011923076923077,-26.155
xs_momentum_top_decile,chandelier_3x,low_lt_15,10,0.4,5.64528,56.452799999999996
xs_momentum_top_decile,chandelier_3x,mid_15_25,58,0.15517241379310345,-1.2604637931034481,-73.1069
xs_momentum_top_decile,class_time_stop,crisis_ge_40,4,1.0,15.436525,61.7461
xs_momentum_top_decile,class_time_stop,high_25_40,13,0.23076923076923078,-4.885538461538461,-63.512
xs_momentum_top_decile,class_time_stop,low_lt_15,10,0.6,5.600420000000001,56.004200000000004
xs_momentum_top_decile,class_time_stop,mid_15_25,58,0.4482758620689655,0.007291379310345016,0.42290000000001093
xs_momentum_top_decile,earnings_blackout,crisis_ge_40,4,0.75,-2.281024999999999,-9.124099999999997
xs_momentum_top_decile,earnings_blackout,high_25_40,13,0.6923076923076923,1.8128307692307692,23.5668
xs_momentum_top_decile,earnings_blackout,low_lt_15,10,0.5,2.82035,28.2035
xs_momentum_top_decile,earnings_blackout,mid_15_25,58,0.3793103448275862,-1.6136344827586206,-93.5908
xs_momentum_top_decile,fixed_4r_2r,crisis_ge_40,4,0.75,15.500175,62.0007
xs_momentum_top_decile,fixed_4r_2r,high_25_40,13,0.15384615384615385,-5.522284615384616,-71.78970000000001
xs_momentum_top_decile,fixed_4r_2r,low_lt_15,10,0.3,2.1586499999999993,21.586499999999994
xs_momentum_top_decile,fixed_4r_2r,mid_15_25,58,0.3103448275862069,-0.5356655172413795,-31.06860000000001
xs_momentum_top_decile,hybrid_50pct_target,crisis_ge_40,4,0.75,10.6144,42.4576
xs_momentum_top_decile,hybrid_50pct_target,high_25_40,13,0.23076923076923078,-3.680361538461539,-47.8447
xs_momentum_top_decile,hybrid_50pct_target,low_lt_15,10,0.5,2.2353099999999997,22.353099999999998
xs_momentum_top_decile,hybrid_50pct_target,mid_15_25,58,0.46551724137931033,1.0965293103448277,63.59870000000001
xs_momentum_top_decile,ma_exit_ema9,crisis_ge_40,4,0.25,-3.216075,-12.8643
xs_momentum_top_decile,ma_exit_ema9,high_25_40,13,0.23076923076923078,-1.1190538461538462,-14.547699999999999
xs_momentum_top_decile,ma_exit_ema9,low_lt_15,10,0.3,-0.05992999999999995,-0.5992999999999995
xs_momentum_top_decile,ma_exit_ema9,mid_15_25,58,0.2413793103448276,-1.3530534482758623,-78.47710000000001
xs_momentum_top_decile,mfe_lockin_trail,crisis_ge_40,4,0.5,2.629125,10.5165
xs_momentum_top_decile,mfe_lockin_trail,high_25_40,13,0.38461538461538464,-1.1166384615384617,-14.516300000000001
xs_momentum_top_decile,mfe_lockin_trail,low_lt_15,10,0.3,-1.8769199999999997,-18.769199999999998
xs_momentum_top_decile,mfe_lockin_trail,mid_15_25,58,0.25862068965517243,-1.3856517241379311,-80.3678
xs_momentum_top_decile,multi_tier_partial,crisis_ge_40,4,0.75,0.9526999999999998,3.810799999999999
xs_momentum_top_decile,multi_tier_partial,high_25_40,13,0.5384615384615384,-0.4849076923076923,-6.3038
xs_momentum_top_decile,multi_tier_partial,low_lt_15,10,0.4,-1.28377,-12.8377
xs_momentum_top_decile,multi_tier_partial,mid_15_25,58,0.3275862068965517,-1.432355172413793,-83.0766
xs_momentum_top_decile,next_pivot_target,crisis_ge_40,4,1.0,7.464575,29.8583
xs_momentum_top_decile,next_pivot_target,high_25_40,13,0.6923076923076923,-0.09578461538461543,-1.2452000000000005
xs_momentum_top_decile,next_pivot_target,low_lt_15,10,0.7,1.3451,13.450999999999999
xs_momentum_top_decile,next_pivot_target,mid_15_25,58,0.6896551724137931,-1.1010413793103448,-63.860400000000006
xs_momentum_top_decile,r_multiple_2r,crisis_ge_40,4,0.75,7.5837,30.3348
xs_momentum_top_decile,r_multiple_2r,high_25_40,13,0.23076923076923078,-1.4013846153846155,-18.218
xs_momentum_top_decile,r_multiple_2r,low_lt_15,10,0.3,0.48378000000000015,4.837800000000001
xs_momentum_top_decile,r_multiple_2r,mid_15_25,58,0.3275862068965517,0.16528620689655174,9.5866
xs_momentum_top_decile,r_multiple_3r,crisis_ge_40,4,0.75,12.934275,51.7371
xs_momentum_top_decile,r_multiple_3r,high_25_40,13,0.07692307692307693,-4.039215384615384,-52.5098
xs_momentum_top_decile,r_multiple_3r,low_lt_15,10,0.3,1.9548999999999999,19.549
xs_momentum_top_decile,r_multiple_3r,mid_15_25,58,0.2413793103448276,0.06064655172413799,3.5175000000000036
xs_momentum_top_decile,regime_flip,crisis_ge_40,4,0.75,5.2979,21.1916
xs_momentum_top_decile,regime_flip,high_25_40,13,0.23076923076923078,-4.624130769230769,-60.1137
xs_momentum_top_decile,regime_flip,low_lt_15,10,0.6,3.1052000000000004,31.052000000000003
xs_momentum_top_decile,regime_flip,mid_15_25,58,0.5,0.5354706896551725,31.057300000000005
xs_momentum_top_decile,reverse_signal,crisis_ge_40,4,0.5,1.2665500000000003,5.066200000000001
xs_momentum_top_decile,reverse_signal,high_25_40,13,0.3076923076923077,-2.0244,-26.3172
xs_momentum_top_decile,reverse_signal,low_lt_15,10,0.3,-1.7933599999999998,-17.9336
xs_momentum_top_decile,reverse_signal,mid_15_25,58,0.25862068965517243,-1.3734224137931035,-79.6585
xs_momentum_top_decile,smc_mitigation_zone,crisis_ge_40,4,0.5,1.2665500000000003,5.066200000000001
xs_momentum_top_decile,smc_mitigation_zone,high_25_40,13,0.3076923076923077,-2.0244,-26.3172
xs_momentum_top_decile,smc_mitigation_zone,low_lt_15,10,0.3,-1.7933599999999998,-17.9336
xs_momentum_top_decile,smc_mitigation_zone,mid_15_25,58,0.25862068965517243,-1.3734224137931035,-79.6585
xs_momentum_top_decile,time_stop_10d,crisis_ge_40,4,1.0,4.85335,19.4134
xs_momentum_top_decile,time_stop_10d,high_25_40,13,0.5384615384615384,-1.1151923076923076,-14.497499999999999
xs_momentum_top_decile,time_stop_10d,low_lt_15,10,0.4,0.17574999999999957,1.7574999999999958
xs_momentum_top_decile,time_stop_10d,mid_15_25,58,0.41379310344827586,-0.704605172413793,-40.86709999999999
xs_momentum_top_decile,time_stop_20d,crisis_ge_40,4,0.75,5.2979,21.1916
xs_momentum_top_decile,time_stop_20d,high_25_40,13,0.23076923076923078,-4.624130769230769,-60.1137
xs_momentum_top_decile,time_stop_20d,low_lt_15,10,0.6,3.1052000000000004,31.052000000000003
xs_momentum_top_decile,time_stop_20d,mid_15_25,58,0.5,0.5354706896551725,31.057300000000005
xs_momentum_top_decile,trailing_10pct,crisis_ge_40,4,0.75,2.7576,11.0304
xs_momentum_top_decile,trailing_10pct,high_25_40,13,0.15384615384615385,-4.347784615384615,-56.5212
xs_momentum_top_decile,trailing_10pct,low_lt_15,10,0.4,3.5080299999999993,35.080299999999994
xs_momentum_top_decile,trailing_10pct,mid_15_25,58,0.29310344827586204,-0.9412913793103448,-54.594899999999996
xs_momentum_top_decile,trailing_15pct,crisis_ge_40,4,0.75,40.145775,160.5831
xs_momentum_top_decile,trailing_15pct,high_25_40,13,0.07692307692307693,-9.333607692307693,-121.3369
xs_momentum_top_decile,trailing_15pct,low_lt_15,10,0.3,0.49756,4.9756
xs_momentum_top_decile,trailing_15pct,mid_15_25,58,0.3620689655172414,3.0857879310344827,178.9757
xs_momentum_top_decile,trailing_5pct,crisis_ge_40,4,0.5,-1.286475,-5.1459
xs_momentum_top_decile,trailing_5pct,high_25_40,13,0.07692307692307693,-2.3553076923076923,-30.619
xs_momentum_top_decile,trailing_5pct,low_lt_15,10,0.1,-1.5032200000000002,-15.032200000000001
xs_momentum_top_decile,trailing_5pct,mid_15_25,58,0.27586206896551724,-1.2141741379310345,-70.4221
xs_quality_top_quintile_long,atr_trail_1x,high_25_40,20,0.2,-2.537135,-50.7427
xs_quality_top_quintile_long,atr_trail_1x,low_lt_15,22,0.3181818181818182,-1.2601318181818184,-27.722900000000003
xs_quality_top_quintile_long,atr_trail_1x,mid_15_25,63,0.25396825396825395,-0.8740666666666667,-55.0662
xs_quality_top_quintile_long,atr_trail_2x,high_25_40,20,0.4,2.6520599999999996,53.041199999999996
xs_quality_top_quintile_long,atr_trail_2x,low_lt_15,22,0.36363636363636365,-2.315940909090909,-50.9507
xs_quality_top_quintile_long,atr_trail_2x,mid_15_25,63,0.2698412698412698,-3.0600126984126983,-192.7808
xs_quality_top_quintile_long,atr_trail_mae_conditional,high_25_40,20,0.2,-2.537135,-50.7427
xs_quality_top_quintile_long,atr_trail_mae_conditional,low_lt_15,22,0.3181818181818182,-1.2601318181818184,-27.722900000000003
xs_quality_top_quintile_long,atr_trail_mae_conditional,mid_15_25,63,0.25396825396825395,-0.8740666666666667,-55.0662
xs_quality_top_quintile_long,atr_trail_vix_conditional,high_25_40,20,0.4,-0.28786500000000004,-5.757300000000001
xs_quality_top_quintile_long,atr_trail_vix_conditional,low_lt_15,22,0.09090909090909091,-2.0096136363636363,-44.2115
xs_quality_top_quintile_long,atr_trail_vix_conditional,mid_15_25,63,0.30158730158730157,-0.8075111111111111,-50.8732
xs_quality_top_quintile_long,break_even_at_1r,high_25_40,20,0.1,-2.154675,-43.0935
xs_quality_top_quintile_long,break_even_at_1r,low_lt_15,22,0.09090909090909091,-1.5683,-34.5026
xs_quality_top_quintile_long,break_even_at_1r,mid_15_25,63,0.15873015873015872,-1.0673492063492063,-67.243
xs_quality_top_quintile_long,breakeven_plus_trail,high_25_40,20,0.5,10.714904999999998,214.29809999999998
xs_quality_top_quintile_long,breakeven_plus_trail,low_lt_15,22,0.22727272727272727,1.3604818181818186,29.93060000000001
xs_quality_top_quintile_long,breakeven_plus_trail,mid_15_25,63,0.2857142857142857,-0.18981904761904755,-11.958599999999995
xs_quality_top_quintile_long,chandelier_3x,high_25_40,20,0.2,3.4380049999999995,68.7601
xs_quality_top_quintile_long,chandelier_3x,low_lt_15,22,0.2727272727272727,0.6946727272727273,15.282800000000002
xs_quality_top_quintile_long,chandelier_3x,mid_15_25,63,0.1111111111111111,-3.0439333333333334,-191.7678
xs_quality_top_quintile_long,class_time_stop,high_25_40,20,0.65,8.08668,161.7336
xs_quality_top_quintile_long,class_time_stop,low_lt_15,22,0.5454545454545454,2.240309090909091,49.2868
xs_quality_top_quintile_long,class_time_stop,mid_15_25,63,0.38095238095238093,-4.0387031746031745,-254.4383
xs_quality_top_quintile_long,earnings_blackout,high_25_40,20,0.65,7.171760000000001,143.4352
xs_quality_top_quintile_long,earnings_blackout,low_lt_15,22,0.45454545454545453,-2.0752227272727275,-45.654900000000005
xs_quality_top_quintile_long,earnings_blackout,mid_15_25,63,0.38095238095238093,-3.0322222222222224,-191.03
xs_quality_top_quintile_long,fixed_4r_2r,high_25_40,20,0.45,2.5582599999999998,51.1652
xs_quality_top_quintile_long,fixed_4r_2r,low_lt_15,22,0.4090909090909091,1.672236363636364,36.78920000000001
xs_quality_top_quintile_long,fixed_4r_2r,mid_15_25,63,0.2222222222222222,-3.871949206349206,-243.9328
xs_quality_top_quintile_long,hybrid_50pct_target,high_25_40,20,0.6,4.79395,95.87899999999999
xs_quality_top_quintile_long,hybrid_50pct_target,low_lt_15,22,0.6818181818181818,5.401872727272727,118.8412
xs_quality_top_quintile_long,hybrid_50pct_target,mid_15_25,63,0.42857142857142855,-1.0738873015873016,-67.6549
xs_quality_top_quintile_long,ma_exit_ema9,high_25_40,20,0.4,4.556855,91.13709999999999
xs_quality_top_quintile_long,ma_exit_ema9,low_lt_15,22,0.2727272727272727,-1.3272272727272727,-29.198999999999998
xs_quality_top_quintile_long,ma_exit_ema9,mid_15_25,63,0.20634920634920634,-1.4987285714285714,-94.4199
xs_quality_top_quintile_long,mfe_lockin_trail,high_25_40,20,0.2,-2.406005,-48.1201
xs_quality_top_quintile_long,mfe_lockin_trail,low_lt_15,22,0.3181818181818182,-1.1575272727272727,-25.465600000000002
xs_quality_top_quintile_long,mfe_lockin_trail,mid_15_25,63,0.2698412698412698,-0.5558238095238095,-35.0169
xs_quality_top_quintile_long,multi_tier_partial,high_25_40,20,0.2,-2.725045,-54.5009
xs_quality_top_quintile_long,multi_tier_partial,low_lt_15,22,0.5454545454545454,-0.5650227272727273,-12.4305
xs_quality_top_quintile_long,multi_tier_partial,mid_15_25,63,0.36507936507936506,-0.3384444444444444,-21.321999999999996
xs_quality_top_quintile_long,next_pivot_target,high_25_40,20,0.8,1.155405,23.1081
xs_quality_top_quintile_long,next_pivot_target,low_lt_15,22,0.7272727272727273,2.6265727272727273,57.7846
xs_quality_top_quintile_long,next_pivot_target,mid_15_25,63,0.6825396825396826,-0.5677238095238096,-35.766600000000004
xs_quality_top_quintile_long,r_multiple_2r,high_25_40,20,0.25,-1.53115,-30.623
xs_quality_top_quintile_long,r_multiple_2r,low_lt_15,22,0.45454545454545453,0.8313545454545455,18.2898
xs_quality_top_quintile_long,r_multiple_2r,mid_15_25,63,0.3492063492063492,1.0964888888888888,69.0788
xs_quality_top_quintile_long,r_multiple_3r,high_25_40,20,0.2,-1.0635499999999998,-21.270999999999997
xs_quality_top_quintile_long,r_multiple_3r,low_lt_15,22,0.2727272727272727,0.1427863636363636,3.1412999999999993
xs_quality_top_quintile_long,r_multiple_3r,mid_15_25,63,0.23809523809523808,0.4165650793650794,26.243600000000004
xs_quality_top_quintile_long,regime_flip,high_25_40,20,0.55,5.1862200000000005,103.7244
xs_quality_top_quintile_long,regime_flip,low_lt_15,22,0.5454545454545454,0.9576863636363637,21.069100000000002
xs_quality_top_quintile_long,regime_flip,mid_15_25,63,0.36507936507936506,-2.0942634920634924,-131.9386
xs_quality_top_quintile_long,reverse_signal,high_25_40,20,0.2,-2.537135,-50.7427
xs_quality_top_quintile_long,reverse_signal,low_lt_15,22,0.3181818181818182,-1.2601318181818184,-27.722900000000003
xs_quality_top_quintile_long,reverse_signal,mid_15_25,63,0.25396825396825395,-0.8740666666666667,-55.0662
xs_quality_top_quintile_long,smc_mitigation_zone,high_25_40,20,0.2,-2.537135,-50.7427
xs_quality_top_quintile_long,smc_mitigation_zone,low_lt_15,22,0.3181818181818182,-1.2601318181818184,-27.722900000000003
xs_quality_top_quintile_long,smc_mitigation_zone,mid_15_25,63,0.25396825396825395,-0.8740666666666667,-55.0662
xs_quality_top_quintile_long,time_stop_10d,high_25_40,20,0.55,1.4823050000000002,29.646100000000004
xs_quality_top_quintile_long,time_stop_10d,low_lt_15,22,0.5,1.0332954545454542,22.732499999999995
xs_quality_top_quintile_long,time_stop_10d,mid_15_25,63,0.49206349206349204,0.0055507936507936985,0.349700000000003
xs_quality_top_quintile_long,time_stop_20d,high_25_40,20,0.55,5.1862200000000005,103.7244
xs_quality_top_quintile_long,time_stop_20d,low_lt_15,22,0.5454545454545454,0.9576863636363637,21.069100000000002
xs_quality_top_quintile_long,time_stop_20d,mid_15_25,63,0.36507936507936506,-2.0942634920634924,-131.9386
xs_quality_top_quintile_long,trailing_10pct,high_25_40,20,0.45,-0.2130349999999998,-4.260699999999996
xs_quality_top_quintile_long,trailing_10pct,low_lt_15,22,0.4090909090909091,1.9378590909090905,42.63289999999999
xs_quality_top_quintile_long,trailing_10pct,mid_15_25,63,0.2857142857142857,-2.634942857142857,-166.0014
xs_quality_top_quintile_long,trailing_15pct,high_25_40,20,0.5,9.680064999999999,193.60129999999998
xs_quality_top_quintile_long,trailing_15pct,low_lt_15,22,0.5454545454545454,6.379986363636363,140.3597
xs_quality_top_quintile_long,trailing_15pct,mid_15_25,63,0.30158730158730157,-1.2813904761904762,-80.7276
xs_quality_top_quintile_long,trailing_5pct,high_25_40,20,0.15,-2.2455849999999997,-44.911699999999996
xs_quality_top_quintile_long,trailing_5pct,low_lt_15,22,0.22727272727272727,-1.4299818181818182,-31.459600000000002
xs_quality_top_quintile_long,trailing_5pct,mid_15_25,63,0.2222222222222222,-1.8207730158730158,-114.7087
