strategy,exit_method,trades,win_rate,profit_factor,avg_pnl_pct,total_roi_pct,max_drawdown_pct,avg_hold_days,actual_fire_rate,composite_score,recommended
bollinger_lower,class_time_stop,28,0.4643,1.9966,3.7615,105.3229,-22.082,9.6,1.0,48.47,True
bollinger_lower,ma_exit_ema9,28,0.5,1.3782,0.6613,18.5165,-12.0633,2.0,1.0,43.25,False
bollinger_lower,r_multiple_2r,28,0.3214,1.9533,2.9871,83.6402,-26.6023,5.5,1.0,41.46,False
bollinger_lower,atr_trail_vix_conditional,28,0.2857,2.1948,3.7039,103.7095,-37.3132,9.8,1.0,41.43,False
bollinger_lower,breakeven_plus_trail,28,0.3929,1.745,3.667,102.677,-27.8336,24.5,0.9643,38.07,False
bollinger_lower,time_stop_10d,28,0.4643,1.6058,3.0334,84.935,-45.6204,14.3,1.0,36.75,False
bollinger_lower,next_pivot_target,28,0.5714,1.2232,0.974,27.2729,-30.0,9.3,1.0,29.55,False
bollinger_lower,time_stop_20d,28,0.4286,1.3325,2.4548,68.7331,-54.9723,28.7,1.0,27.12,False
bollinger_lower,regime_flip,28,0.4286,1.3325,2.4548,68.7331,-54.9723,28.7,1.0,27.12,False
bollinger_lower,r_multiple_3r,28,0.25,1.5484,2.1843,61.1617,-37.709,9.8,1.0,26.45,False
bollinger_lower,atr_trail_2x,28,0.2857,1.4791,2.1764,60.9389,-40.1968,17.1,1.0,25.8,False
bollinger_lower,fixed_4r_2r,28,0.3571,1.3228,2.3208,64.9825,-75.418,21.2,0.9643,23.97,False
bollinger_lower,chandelier_3x,28,0.0,0.0,-0.2451,-6.8628,-6.6899,1.1,1.0,19.97,False
bollinger_lower,trailing_15pct,28,0.3929,1.1416,1.0905,30.534,-49.8632,39.2,0.9643,19.96,False
bollinger_lower,hybrid_50pct_target,28,0.4643,0.7211,-3.6322,-101.7012,-226.4996,100.6,0.9286,18.57,False
bollinger_lower,multi_tier_partial,28,0.3571,1.1001,0.2521,7.0589,-27.0503,4.9,1.0,17.29,False
bollinger_lower,earnings_blackout,28,0.3929,0.6309,-4.3915,-122.962,-156.9695,183.2,0.75,15.72,False
bollinger_lower,reverse_signal,28,0.3571,0.9642,-0.2792,-7.817,-47.8172,55.3,0.9643,14.28,False
bollinger_lower,trailing_10pct,28,0.3214,1.0322,0.1745,4.8857,-79.3408,17.6,0.9643,13.82,False
bollinger_lower,break_even_at_1r,28,0.2143,1.0928,0.2761,7.7321,-36.4699,7.1,1.0,11.36,False
bollinger_lower,smc_mitigation_zone,28,0.2143,1.0161,0.0414,1.1602,-36.2618,4.9,1.0,9.06,False
bollinger_lower,atr_trail_mae_conditional,28,0.2143,1.0161,0.0414,1.1602,-36.2618,4.9,1.0,9.06,False
bollinger_lower,atr_trail_1x,28,0.2143,1.0161,0.0414,1.1602,-36.2618,4.9,1.0,9.06,False
bollinger_lower,mfe_lockin_trail,28,0.2143,0.7697,-0.5924,-16.5868,-38.6233,3.9,1.0,8.57,False
bollinger_lower,trailing_5pct,28,0.1429,0.1924,-2.3081,-64.6266,-59.6266,4.9,1.0,5.72,False
po3_bullish,earnings_blackout,318,0.4906,1.8313,6.0198,1914.2927,-319.9049,140.0,0.7862,44.56,True
po3_bullish,breakeven_plus_trail,318,0.3491,1.524,2.2772,724.1428,-323.7339,29.1,0.9403,29.68,False
po3_bullish,next_pivot_target,318,0.7296,0.7684,-0.6312,-200.7341,-322.9959,7.2,0.9874,29.18,False
po3_bullish,class_time_stop,318,0.4811,1.0611,0.4667,148.4054,-712.7945,41.8,1.0,21.08,False
po3_bullish,regime_flip,318,0.4874,0.8847,-0.7374,-234.5084,-623.93,28.3,1.0,19.5,False
po3_bullish,time_stop_20d,318,0.4874,0.8847,-0.7374,-234.5084,-623.93,28.3,1.0,19.5,False
po3_bullish,hybrid_50pct_target,318,0.4528,1.0233,0.1265,40.2273,-349.1268,41.2,0.934,18.81,False
po3_bullish,time_stop_10d,318,0.4245,0.6401,-1.9871,-631.8885,-782.8657,14.3,1.0,16.98,False
po3_bullish,multi_tier_partial,318,0.3962,0.4546,-1.5365,-488.6005,-483.3666,4.8,1.0,15.85,False
po3_bullish,trailing_15pct,318,0.327,1.0304,0.2325,73.9414,-730.7438,65.3,0.9182,13.99,False
po3_bullish,fixed_4r_2r,318,0.327,0.9165,-0.5996,-190.6634,-558.0119,26.5,0.9528,13.08,False
po3_bullish,ma_exit_ema9,318,0.3145,0.7592,-0.558,-177.4519,-202.2448,5.5,1.0,12.58,False
po3_bullish,trailing_10pct,318,0.305,0.6686,-1.6997,-540.4931,-639.5737,31.7,0.956,12.2,False
po3_bullish,atr_trail_2x,318,0.2987,0.5983,-2.1588,-686.4838,-727.0073,16.3,0.9717,11.95,False
po3_bullish,r_multiple_2r,318,0.2956,0.759,-0.9397,-298.8119,-332.5325,7.8,0.9906,11.82,False
po3_bullish,r_multiple_3r,318,0.2358,0.8388,-0.672,-213.6841,-264.7227,10.6,0.9843,9.43,False
po3_bullish,mfe_lockin_trail,318,0.2233,0.2865,-2.1322,-678.0525,-672.8186,4.8,0.9937,8.93,False
po3_bullish,smc_mitigation_zone,318,0.217,0.2761,-2.1652,-688.5332,-683.2993,5.1,0.9937,8.68,False
po3_bullish,reverse_signal,318,0.217,0.2761,-2.1652,-688.5332,-683.2993,5.1,0.9937,8.68,False
po3_bullish,atr_trail_vix_conditional,318,0.217,0.4042,-1.9717,-627.0084,-628.0254,7.5,0.9906,8.68,False
po3_bullish,atr_trail_mae_conditional,318,0.217,0.2761,-2.1652,-688.5332,-683.2993,5.1,0.9937,8.68,False
po3_bullish,atr_trail_1x,318,0.217,0.2761,-2.1652,-688.5332,-683.2993,5.1,0.9937,8.68,False
po3_bullish,trailing_5pct,318,0.195,0.2782,-2.1686,-689.6197,-685.2682,9.4,0.9906,7.8,False
po3_bullish,chandelier_3x,318,0.1541,0.7395,-0.8114,-258.0385,-363.2486,11.8,0.9811,6.16,False
po3_bullish,break_even_at_1r,318,0.1289,0.4,-1.8816,-598.3373,-593.1034,9.1,0.9937,5.16,False
adx_initiation,breakeven_plus_trail,177,0.452,1.8726,6.1157,1082.4806,-244.9782,36.6,0.9718,44.26,True
adx_initiation,earnings_blackout,177,0.5028,1.6308,7.002,1239.3533,-300.4161,107.3,0.8475,39.04,False
adx_initiation,fixed_4r_2r,177,0.3333,1.6645,7.1295,1261.9151,-493.769,36.4,0.9492,33.27,False
adx_initiation,next_pivot_target,177,0.6102,0.824,-0.7958,-140.8516,-264.979,8.0,0.9831,24.41,False
adx_initiation,class_time_stop,177,0.4746,1.139,1.7547,310.5897,-581.5245,68.9,1.0,23.15,False
adx_initiation,time_stop_10d,177,0.4746,0.7324,-1.8164,-321.4979,-499.8954,14.4,1.0,18.98,False
adx_initiation,regime_flip,177,0.4237,0.8482,-1.3299,-235.3862,-464.0567,28.5,1.0,16.95,False
adx_initiation,time_stop_20d,177,0.4237,0.8482,-1.3299,-235.3862,-464.0567,28.5,1.0,16.95,False
adx_initiation,hybrid_50pct_target,177,0.4011,0.9992,-0.0055,-0.971,-258.0484,55.9,0.9322,16.04,False
adx_initiation,multi_tier_partial,177,0.3785,0.4278,-2.4855,-439.9275,-443.2394,7.9,1.0,15.14,False
adx_initiation,ma_exit_ema9,177,0.339,0.8606,-0.4096,-72.5052,-211.9626,4.7,1.0,13.56,False
adx_initiation,trailing_15pct,177,0.322,0.8183,-1.3836,-244.9025,-463.6852,34.6,0.9605,12.88,False
adx_initiation,r_multiple_2r,177,0.3051,0.8111,-1.1734,-207.6875,-345.8735,12.5,0.9831,12.2,False
adx_initiation,atr_trail_2x,177,0.2994,0.6557,-2.8658,-507.2437,-600.1589,22.1,0.9887,11.98,False
adx_initiation,atr_trail_vix_conditional,177,0.2825,0.4641,-2.8219,-499.47,-527.9452,10.5,0.9944,11.3,False
adx_initiation,r_multiple_3r,177,0.2542,0.9369,-0.4142,-73.3068,-345.4927,14.6,0.9774,10.17,False
adx_initiation,trailing_10pct,177,0.2486,0.4942,-2.8136,-498.0002,-508.1995,17.2,0.9887,9.94,False
adx_initiation,reverse_signal,177,0.2373,0.3415,-3.0032,-531.5589,-531.2564,8.4,0.9944,9.49,False
adx_initiation,smc_mitigation_zone,177,0.2373,0.3415,-3.0032,-531.5589,-531.2564,8.4,0.9944,9.49,False
adx_initiation,mfe_lockin_trail,177,0.2373,0.3021,-3.1827,-563.3373,-573.1948,7.9,0.9944,9.49,False
adx_initiation,atr_trail_mae_conditional,177,0.2373,0.3415,-3.0032,-531.5589,-531.2564,8.4,0.9944,9.49,False
adx_initiation,atr_trail_1x,177,0.2373,0.3415,-3.0032,-531.5589,-531.2564,8.4,0.9944,9.49,False
adx_initiation,trailing_5pct,177,0.1977,0.3726,-1.8146,-321.1825,-323.364,5.3,1.0,7.91,False
adx_initiation,break_even_at_1r,177,0.1921,0.4395,-2.8469,-503.9029,-497.2674,13.6,0.9944,7.68,False
adx_initiation,chandelier_3x,177,0.1243,0.8767,-0.2454,-43.4307,-113.397,7.2,0.9831,4.97,False
three_white_soldiers,breakeven_plus_trail,75,0.3867,2.4805,5.5764,418.2288,-72.9372,34.8,0.9733,45.47,True
three_white_soldiers,next_pivot_target,75,0.6933,0.8303,-0.5047,-37.8504,-58.9504,7.9,1.0,27.73,False
three_white_soldiers,regime_flip,75,0.4667,1.0439,0.2615,19.6112,-141.2175,29.3,1.0,19.99,False
three_white_soldiers,time_stop_20d,75,0.4667,1.0439,0.2615,19.6112,-141.2175,29.3,1.0,19.99,False
three_white_soldiers,class_time_stop,75,0.4667,0.788,-0.7209,-54.0642,-85.9215,10.1,1.0,18.67,False
three_white_soldiers,atr_trail_2x,75,0.3733,1.0734,0.3582,26.8615,-139.6109,20.1,0.9867,17.13,False
three_white_soldiers,earnings_blackout,75,0.4133,0.5414,-4.3851,-328.8842,-337.8529,92.3,0.92,16.53,False
three_white_soldiers,time_stop_10d,75,0.4133,0.947,-0.2611,-19.584,-102.9627,14.8,1.0,16.53,False
three_white_soldiers,multi_tier_partial,75,0.3867,0.5039,-1.3918,-104.3832,-102.8822,5.1,1.0,15.47,False
three_white_soldiers,hybrid_50pct_target,75,0.3867,0.915,-0.5213,-39.0958,-124.8048,39.3,0.9867,15.47,False
three_white_soldiers,fixed_4r_2r,75,0.3067,0.9393,-0.4806,-36.0422,-229.9253,29.1,0.9867,12.27,False
three_white_soldiers,trailing_15pct,75,0.2933,0.85,-1.2536,-94.0199,-240.028,60.7,0.9733,11.73,False
three_white_soldiers,ma_exit_ema9,75,0.28,0.7857,-0.5648,-42.363,-66.8648,6.4,1.0,11.2,False
three_white_soldiers,atr_trail_vix_conditional,75,0.28,0.4082,-2.2017,-165.1287,-210.7205,9.7,1.0,11.2,False
three_white_soldiers,trailing_10pct,75,0.2667,0.7658,-1.251,-93.8221,-139.8573,31.3,0.9733,10.67,False
three_white_soldiers,r_multiple_2r,75,0.2267,0.611,-1.6996,-127.4725,-129.2404,8.3,1.0,9.07,False
three_white_soldiers,trailing_5pct,75,0.2,0.2683,-2.0346,-152.5963,-162.3365,7.6,0.9867,8.0,False
three_white_soldiers,reverse_signal,75,0.1867,0.2767,-2.1891,-164.1797,-157.7764,5.3,1.0,7.47,False
three_white_soldiers,mfe_lockin_trail,75,0.1867,0.3024,-2.1114,-158.3551,-154.5656,5.1,1.0,7.47,False
three_white_soldiers,smc_mitigation_zone,75,0.1867,0.2767,-2.1891,-164.1797,-157.7764,5.3,1.0,7.47,False
three_white_soldiers,atr_trail_mae_conditional,75,0.1867,0.2767,-2.1891,-164.1797,-157.7764,5.3,1.0,7.47,False
three_white_soldiers,r_multiple_3r,75,0.1867,0.7845,-0.9744,-73.0778,-101.8965,10.0,1.0,7.47,False
three_white_soldiers,atr_trail_1x,75,0.1867,0.2767,-2.1891,-164.1797,-157.7764,5.3,1.0,7.47,False
three_white_soldiers,chandelier_3x,75,0.1333,0.9413,-0.1436,-10.769,-85.8155,10.5,0.9867,5.33,False
three_white_soldiers,break_even_at_1r,75,0.0667,0.2734,-2.2889,-171.6671,-165.2638,7.7,1.0,2.67,False
bollinger_tight,breakeven_plus_trail,86,0.4535,1.8092,3.744,321.9845,-54.1546,33.6,0.9767,42.42,True
bollinger_tight,earnings_blackout,86,0.5116,1.3607,2.2883,196.796,-126.4944,65.5,0.9186,31.29,False
bollinger_tight,time_stop_20d,86,0.5233,1.2739,1.612,138.6355,-75.9908,28.8,1.0,29.15,False
bollinger_tight,regime_flip,86,0.5233,1.2739,1.612,138.6355,-75.9908,28.8,1.0,29.15,False
bollinger_tight,next_pivot_target,86,0.6512,0.7076,-1.0683,-91.8766,-140.7081,9.2,1.0,26.05,False
bollinger_tight,fixed_4r_2r,86,0.3721,1.2413,1.8003,154.8281,-170.7938,25.8,0.9767,22.12,False
bollinger_tight,time_stop_10d,86,0.4767,1.0957,0.4417,37.9873,-136.8418,14.3,1.0,21.94,False
bollinger_tight,reverse_signal,86,0.5233,0.8443,-1.2436,-106.9475,-180.0292,55.7,0.9651,20.93,False
bollinger_tight,class_time_stop,86,0.4419,1.1056,0.3769,32.4135,-113.2783,9.7,1.0,20.84,False
bollinger_tight,hybrid_50pct_target,86,0.5116,0.6029,-4.3972,-378.1631,-552.4556,118.5,0.8953,20.46,False
bollinger_tight,ma_exit_ema9,86,0.4535,1.0299,0.0399,3.433,-35.2735,2.3,1.0,19.04,False
bollinger_tight,atr_trail_2x,86,0.3605,1.0645,0.3494,30.0458,-89.502,20.1,0.9884,16.36,False
bollinger_tight,trailing_15pct,86,0.3372,0.7668,-1.622,-139.4948,-208.9094,57.7,0.9651,13.49,False
bollinger_tight,trailing_10pct,86,0.314,0.7662,-1.1732,-100.8911,-126.667,27.9,0.9767,12.56,False
bollinger_tight,multi_tier_partial,86,0.314,0.4577,-1.8221,-156.6994,-181.6618,5.7,1.0,12.56,False
bollinger_tight,r_multiple_2r,86,0.2558,0.5575,-2.0971,-180.3543,-202.0401,8.2,1.0,10.23,False
bollinger_tight,atr_trail_vix_conditional,86,0.2442,0.5496,-1.7865,-153.6415,-149.9103,8.1,1.0,9.77,False
bollinger_tight,mfe_lockin_trail,86,0.2326,0.3257,-2.3285,-200.2521,-195.9462,5.2,1.0,9.3,False
bollinger_tight,trailing_5pct,86,0.2326,0.4973,-1.4761,-126.9473,-146.1713,9.3,1.0,9.3,False
bollinger_tight,smc_mitigation_zone,86,0.2209,0.3478,-2.2608,-194.4248,-197.9459,5.7,1.0,8.84,False
bollinger_tight,atr_trail_mae_conditional,86,0.2209,0.3478,-2.2608,-194.4248,-197.9459,5.7,1.0,8.84,False
bollinger_tight,atr_trail_1x,86,0.2209,0.3478,-2.2608,-194.4248,-197.9459,5.7,1.0,8.84,False
bollinger_tight,r_multiple_3r,86,0.1977,0.5416,-2.355,-202.5317,-245.0656,10.1,1.0,7.91,False
bollinger_tight,break_even_at_1r,86,0.1395,0.3714,-2.5568,-219.8815,-207.8868,9.8,1.0,5.58,False
bollinger_tight,chandelier_3x,86,0.0349,0.135,-0.5999,-51.5888,-51.4339,2.2,1.0,1.4,False
cmf_flip,breakeven_plus_trail,136,0.4191,2.6052,5.2975,720.4615,-43.151,35.6,0.9779,46.76,True
cmf_flip,next_pivot_target,136,0.7647,1.31,0.685,93.156,-94.5192,8.7,0.9779,39.89,False
cmf_flip,hybrid_50pct_target,136,0.6324,1.3581,2.4186,328.9332,-298.2215,81.4,0.9265,36.04,False
cmf_flip,trailing_10pct,136,0.4191,1.5762,2.1094,286.8829,-73.3977,38.2,0.9706,34.05,False
cmf_flip,earnings_blackout,136,0.5294,1.379,2.8205,383.5831,-192.1036,114.8,0.8897,32.55,False
cmf_flip,time_stop_20d,136,0.5368,1.3261,1.9212,261.2887,-162.9158,28.5,1.0,31.26,False
cmf_flip,regime_flip,136,0.5368,1.3261,1.9212,261.2887,-162.9158,28.5,1.0,31.26,False
cmf_flip,time_stop_10d,136,0.5662,1.2246,1.087,147.8287,-129.3433,14.4,1.0,29.39,False
cmf_flip,trailing_15pct,136,0.3529,1.4532,2.6403,359.0799,-199.0052,66.4,0.9632,27.71,False
cmf_flip,atr_trail_2x,136,0.3456,1.321,1.3206,179.596,-154.5682,19.3,0.9853,23.45,False
cmf_flip,class_time_stop,136,0.5,1.0354,0.1217,16.5515,-90.6581,9.8,1.0,21.06,False
cmf_flip,fixed_4r_2r,136,0.3824,1.1477,0.9388,127.6717,-203.1616,32.3,0.9779,19.73,False
cmf_flip,ma_exit_ema9,136,0.3971,0.9957,-0.0071,-0.9718,-76.3531,3.6,1.0,15.88,False
cmf_flip,multi_tier_partial,136,0.375,0.4365,-1.3815,-187.8773,-184.0437,5.6,1.0,15.0,False
cmf_flip,r_multiple_2r,136,0.3382,0.9811,-0.065,-8.8367,-96.5302,8.8,0.9926,13.53,False
cmf_flip,atr_trail_vix_conditional,136,0.2941,0.9617,-0.0976,-13.279,-133.5715,8.6,0.9926,11.76,False
cmf_flip,trailing_5pct,136,0.2574,0.4594,-1.3442,-182.8133,-201.5039,10.8,0.9926,10.3,False
cmf_flip,r_multiple_3r,136,0.25,0.9977,-0.0087,-1.1825,-100.025,12.3,0.9926,10.0,False
cmf_flip,reverse_signal,136,0.2279,0.2582,-1.9437,-264.3473,-260.5137,5.8,0.9926,9.12,False
cmf_flip,smc_mitigation_zone,136,0.2279,0.2582,-1.9437,-264.3473,-260.5137,5.8,0.9926,9.12,False
cmf_flip,atr_trail_mae_conditional,136,0.2279,0.2582,-1.9437,-264.3473,-260.5137,5.8,0.9926,9.12,False
cmf_flip,atr_trail_1x,136,0.2279,0.2582,-1.9437,-264.3473,-260.5137,5.8,0.9926,9.12,False
cmf_flip,mfe_lockin_trail,136,0.2279,0.2773,-1.8938,-257.5502,-253.7166,5.5,0.9926,9.12,False
cmf_flip,chandelier_3x,136,0.0882,1.1368,0.2521,34.2851,-194.8356,8.2,0.9926,7.63,False
cmf_flip,break_even_at_1r,136,0.1544,1.0025,0.0063,0.859,-203.8378,11.8,0.9926,6.25,False
stochrsi_oversold,breakeven_plus_trail,220,0.4273,2.5109,5.796,1275.1113,-155.0343,27.1,0.9545,47.09,True
stochrsi_oversold,earnings_blackout,220,0.5227,1.5978,4.3385,954.461,-235.5841,115.6,0.8409,38.84,False
stochrsi_oversold,next_pivot_target,220,0.7636,1.1427,0.3511,77.2379,-67.2865,8.1,0.9909,34.83,False
stochrsi_oversold,hybrid_50pct_target,220,0.5909,0.6286,-5.066,-1114.5138,-1609.6584,111.2,0.8682,23.64,False
stochrsi_oversold,atr_trail_2x,220,0.3773,1.2205,1.0443,229.7453,-261.5656,19.1,0.9773,21.71,False
stochrsi_oversold,fixed_4r_2r,220,0.3545,1.2217,1.6096,354.118,-307.9688,26.8,0.9545,20.83,False
stochrsi_oversold,time_stop_10d,220,0.5136,0.9798,-0.1015,-22.3398,-247.2006,14.3,1.0,20.54,False
stochrsi_oversold,time_stop_20d,220,0.4818,0.871,-0.9966,-219.2559,-477.0206,28.4,1.0,19.27,False
stochrsi_oversold,regime_flip,220,0.4818,0.871,-0.9966,-219.2559,-477.0206,28.4,1.0,19.27,False
stochrsi_oversold,trailing_15pct,220,0.3773,1.1272,0.8698,191.3618,-456.626,51.9,0.9455,18.91,False
stochrsi_oversold,class_time_stop,220,0.4727,0.8573,-1.2461,-274.1384,-530.1184,35.4,1.0,18.91,False
stochrsi_oversold,r_multiple_2r,220,0.3182,1.1717,0.7023,154.5045,-161.5907,8.0,0.9909,17.88,False
stochrsi_oversold,ma_exit_ema9,220,0.4455,0.8598,-0.2125,-46.7594,-97.0412,2.8,1.0,17.82,False
stochrsi_oversold,r_multiple_3r,220,0.2545,1.2523,1.1122,244.6822,-183.7876,10.7,0.9864,17.75,False
stochrsi_oversold,multi_tier_partial,220,0.3955,0.5592,-1.2474,-274.4204,-282.8902,5.1,1.0,15.82,False
stochrsi_oversold,trailing_10pct,220,0.3318,0.6385,-1.7933,-394.5195,-444.8255,22.8,0.9682,13.27,False
stochrsi_oversold,atr_trail_vix_conditional,220,0.2636,0.6932,-1.0518,-231.4019,-329.625,7.9,0.9864,10.54,False
stochrsi_oversold,reverse_signal,220,0.2273,0.5155,-1.4534,-319.7401,-315.5931,5.5,0.9955,9.09,False
stochrsi_oversold,smc_mitigation_zone,220,0.2273,0.5155,-1.4534,-319.7401,-315.5931,5.5,0.9955,9.09,False
stochrsi_oversold,mfe_lockin_trail,220,0.2273,0.5158,-1.4523,-319.4953,-315.3483,5.0,0.9955,9.09,False
stochrsi_oversold,atr_trail_mae_conditional,220,0.2273,0.5155,-1.4534,-319.7401,-315.5931,5.5,0.9955,9.09,False
stochrsi_oversold,atr_trail_1x,220,0.2273,0.5155,-1.4534,-319.7401,-315.5931,5.5,0.9955,9.09,False
stochrsi_oversold,trailing_5pct,220,0.1818,0.2611,-2.2837,-502.4088,-501.7917,7.1,0.9909,7.27,False
stochrsi_oversold,break_even_at_1r,220,0.1364,0.297,-2.3203,-510.4716,-506.3246,7.8,0.9955,5.46,False
stochrsi_oversold,chandelier_3x,220,0.0455,0.5818,-0.4479,-98.5375,-134.7583,3.9,1.0,1.82,False
pead_long,class_time_stop,107,0.5327,1.6013,2.9749,318.3131,-120.2855,43.7,1.0,39.35,True
pead_long,earnings_blackout,107,0.5047,1.4026,2.6661,285.2755,-215.174,70.6,0.9813,32.27,False
pead_long,next_pivot_target,107,0.6449,0.7185,-0.9658,-103.3402,-105.3804,8.6,1.0,25.8,False
pead_long,breakeven_plus_trail,107,0.3364,1.3849,1.8314,195.9566,-154.2561,34.5,1.0,25.0,False
pead_long,regime_flip,107,0.4579,1.1762,0.9251,98.9878,-184.0693,29.3,1.0,23.6,False
pead_long,time_stop_20d,107,0.4579,1.1762,0.9251,98.9878,-184.0693,29.3,1.0,23.6,False
pead_long,hybrid_50pct_target,107,0.4299,1.0189,0.1067,11.4199,-200.1449,43.0,0.9907,17.76,False
pead_long,time_stop_10d,107,0.4206,0.6312,-1.9206,-205.5079,-353.1823,14.7,1.0,16.82,False
pead_long,fixed_4r_2r,107,0.3178,1.0833,0.5812,62.1877,-267.8268,26.6,1.0,15.21,False
pead_long,trailing_15pct,107,0.3178,1.0593,0.4544,48.6191,-238.8557,73.7,0.972,14.49,False
pead_long,multi_tier_partial,107,0.3084,0.3997,-1.8211,-194.8604,-193.0352,6.0,1.0,12.34,False
pead_long,atr_trail_2x,107,0.2991,0.5375,-2.579,-275.9503,-354.5807,17.6,1.0,11.96,False
pead_long,ma_exit_ema9,107,0.2897,0.7834,-0.5754,-61.5714,-145.598,6.8,1.0,11.59,False
pead_long,r_multiple_2r,107,0.2897,0.707,-1.1269,-120.5826,-164.3675,8.6,1.0,11.59,False
pead_long,trailing_10pct,107,0.2804,0.8473,-0.8712,-93.2162,-285.9262,36.8,1.0,11.22,False
pead_long,trailing_5pct,107,0.2523,0.5481,-1.3427,-143.6674,-198.2592,11.1,1.0,10.09,False
pead_long,r_multiple_3r,107,0.2523,0.8711,-0.5173,-55.3553,-143.5916,11.9,1.0,10.09,False
pead_long,smc_mitigation_zone,107,0.2336,0.3216,-2.1163,-226.44,-221.3498,6.1,1.0,9.34,False
pead_long,reverse_signal,107,0.2336,0.3216,-2.1163,-226.44,-221.3498,6.1,1.0,9.34,False
pead_long,mfe_lockin_trail,107,0.2336,0.3664,-1.9766,-211.4981,-206.4079,6.0,1.0,9.34,False
pead_long,atr_trail_mae_conditional,107,0.2336,0.3216,-2.1163,-226.44,-221.3498,6.1,1.0,9.34,False
pead_long,atr_trail_1x,107,0.2336,0.3216,-2.1163,-226.44,-221.3498,6.1,1.0,9.34,False
pead_long,atr_trail_vix_conditional,107,0.215,0.4627,-1.5899,-170.1192,-196.1061,7.9,1.0,8.6,False
pead_long,break_even_at_1r,107,0.1682,0.9806,-0.0655,-7.0036,-175.6806,18.8,1.0,6.73,False
pead_long,chandelier_3x,107,0.1589,0.9047,-0.2948,-31.5469,-200.5532,11.7,1.0,6.36,False
force_index_breakout,next_pivot_target,138,0.6304,0.9565,-0.1588,-21.913,-175.645,11.8,0.9855,25.22,True
force_index_breakout,hybrid_50pct_target,138,0.6014,0.4287,-9.2704,-1279.3119,-1323.2105,135.8,0.8696,24.06,False
force_index_breakout,class_time_stop,138,0.4855,0.6332,-3.0515,-421.1026,-415.6377,35.4,1.0,19.42,False
force_index_breakout,time_stop_10d,138,0.471,0.8273,-0.8242,-113.7334,-148.2982,14.4,1.0,18.84,False
force_index_breakout,time_stop_20d,138,0.442,0.716,-2.0781,-286.7847,-292.4708,28.4,1.0,17.68,False
force_index_breakout,regime_flip,138,0.442,0.716,-2.0781,-286.7847,-292.4708,28.4,1.0,17.68,False
force_index_breakout,earnings_blackout,138,0.4348,0.9433,-0.4972,-68.62,-538.119,115.1,0.8913,17.39,False
force_index_breakout,multi_tier_partial,138,0.3696,0.4799,-1.2442,-171.6967,-165.145,4.7,1.0,14.78,False
force_index_breakout,ma_exit_ema9,138,0.3116,1.0706,0.1691,23.3418,-85.3561,8.5,0.9855,14.58,False
force_index_breakout,breakeven_plus_trail,138,0.3551,1.0058,0.0241,3.3245,-105.6039,26.9,0.9783,14.38,False
force_index_breakout,r_multiple_2r,138,0.3406,0.9068,-0.323,-44.573,-68.4802,8.0,0.9928,13.62,False
force_index_breakout,atr_trail_2x,138,0.3188,0.5675,-2.0118,-277.63,-264.5267,16.6,0.9855,12.75,False
force_index_breakout,trailing_10pct,138,0.3116,0.552,-2.1248,-293.2233,-309.014,24.9,0.9855,12.46,False
force_index_breakout,r_multiple_3r,138,0.2754,1.0,-0.0,-0.0011,-93.7586,11.1,0.9928,11.02,False
force_index_breakout,fixed_4r_2r,138,0.2754,0.6015,-2.9503,-407.1421,-396.0407,25.9,0.971,11.02,False
force_index_breakout,trailing_15pct,138,0.2754,0.5485,-3.3258,-458.9651,-506.7971,56.0,0.9638,11.02,False
force_index_breakout,atr_trail_vix_conditional,138,0.2319,0.5109,-1.3997,-193.1529,-188.2392,7.5,0.9855,9.28,False
force_index_breakout,chandelier_3x,138,0.2319,0.7042,-1.0862,-149.8908,-160.7985,15.7,0.9855,9.28,False
force_index_breakout,trailing_5pct,138,0.2246,0.428,-1.5291,-211.0188,-206.0188,7.6,0.9855,8.98,False
force_index_breakout,mfe_lockin_trail,138,0.1957,0.3317,-1.7837,-246.1481,-239.5964,4.9,0.9928,7.83,False
force_index_breakout,smc_mitigation_zone,138,0.1884,0.2835,-1.9366,-267.2557,-260.704,5.1,0.9928,7.54,False
force_index_breakout,atr_trail_mae_conditional,138,0.1884,0.2835,-1.9366,-267.2557,-260.704,5.1,0.9928,7.54,False
force_index_breakout,reverse_signal,138,0.1884,0.2835,-1.9366,-267.2557,-260.704,5.1,0.9928,7.54,False
force_index_breakout,atr_trail_1x,138,0.1884,0.2835,-1.9366,-267.2557,-260.704,5.1,0.9928,7.54,False
force_index_breakout,break_even_at_1r,138,0.1232,0.3624,-1.7034,-235.0718,-228.5201,9.0,0.9855,4.93,False
totm_long,time_stop_10d,5,0.4,0.0213,-16.588,-82.9401,-42.2887,15.0,1.0,16.0,True
totm_long,ma_exit_ema9,5,0.2,0.0513,-3.6447,-18.2234,-14.9498,2.4,1.0,15.58,False
totm_long,atr_trail_vix_conditional,5,0.2,0.0153,-4.3067,-21.5334,-16.1196,2.0,1.0,13.82,False
totm_long,multi_tier_partial,5,0.2,0.0194,-5.0602,-25.301,-18.1378,1.8,1.0,10.79,False
totm_long,trailing_10pct,5,0.2,0.0294,-7.525,-37.6248,-28.7652,37.0,1.0,8.0,False
totm_long,next_pivot_target,5,0.2,0.0102,-10.9652,-54.8262,-40.0602,6.4,1.0,8.0,False
totm_long,time_stop_20d,5,0.2,0.0077,-21.1903,-105.9514,-57.4419,29.0,1.0,8.0,False
totm_long,earnings_blackout,5,0.2,0.136,-19.6502,-98.2511,-64.3845,63.0,1.0,8.0,False
totm_long,regime_flip,5,0.2,0.0077,-21.1903,-105.9514,-57.4419,29.0,1.0,8.0,False
totm_long,hybrid_50pct_target,5,0.2,0.0774,-7.3809,-36.9044,-30.0,37.8,1.0,8.0,False
totm_long,trailing_5pct,5,0.0,0.0,-4.4606,-22.3028,-17.3028,5.4,1.0,4.05,False
totm_long,break_even_at_1r,5,0.0,0.0,-5.1784,-25.8922,-18.228,1.8,1.0,2.66,False
totm_long,atr_trail_1x,5,0.0,0.0,-5.1859,-25.9297,-18.2655,2.4,1.0,2.6,False
totm_long,reverse_signal,5,0.0,0.0,-5.1859,-25.9297,-18.2655,2.4,1.0,2.6,False
totm_long,mfe_lockin_trail,5,0.0,0.0,-5.1859,-25.9297,-18.2655,2.4,1.0,2.6,False
totm_long,smc_mitigation_zone,5,0.0,0.0,-5.1859,-25.9297,-18.2655,2.4,1.0,2.6,False
totm_long,atr_trail_mae_conditional,5,0.0,0.0,-5.1859,-25.9297,-18.2655,2.4,1.0,2.6,False
totm_long,chandelier_3x,5,0.0,0.0,-3.9369,-19.6843,-19.4222,5.6,1.0,0.87,False
totm_long,r_multiple_3r,5,0.0,0.0,-5.4971,-27.4856,-19.8214,5.8,1.0,0.27,False
totm_long,r_multiple_2r,5,0.0,0.0,-5.4971,-27.4856,-19.8214,5.8,1.0,0.27,False
totm_long,fixed_4r_2r,5,0.0,0.0,-10.9943,-54.9714,-39.6431,10.2,1.0,0.0,False
totm_long,atr_trail_2x,5,0.0,0.0,-9.6579,-48.2895,-32.9612,9.8,1.0,0.0,False
totm_long,trailing_15pct,5,0.0,0.0,-12.6625,-63.3123,-48.3123,39.0,1.0,0.0,False
totm_long,breakeven_plus_trail,5,0.0,0.0,-10.3208,-51.6042,-36.2759,11.4,1.0,0.0,False
totm_long,class_time_stop,5,0.0,0.0,-25.7768,-128.8839,-79.0725,43.0,1.0,0.0,False
ppo_crossover,breakeven_plus_trail,66,0.4091,1.4569,2.7055,178.564,-128.6061,47.5,0.9394,30.07,True
ppo_crossover,next_pivot_target,66,0.6667,0.6027,-1.5859,-104.6684,-117.6946,7.0,1.0,26.67,False
ppo_crossover,hybrid_50pct_target,66,0.5303,0.3643,-13.9346,-919.6837,-985.2896,110.7,0.8485,21.21,False
ppo_crossover,class_time_stop,66,0.5303,0.8796,-1.0594,-69.9237,-188.8238,35.1,1.0,21.21,False
ppo_crossover,regime_flip,66,0.4848,0.7635,-2.113,-139.457,-179.8816,28.0,1.0,19.39,False
ppo_crossover,time_stop_10d,66,0.4848,0.8519,-0.7867,-51.9236,-131.7416,14.3,1.0,19.39,False
ppo_crossover,time_stop_20d,66,0.4848,0.7635,-2.113,-139.457,-179.8816,28.0,1.0,19.39,False
ppo_crossover,earnings_blackout,66,0.4697,0.5398,-5.2654,-347.5171,-390.4179,85.0,0.8636,18.79,False
ppo_crossover,multi_tier_partial,66,0.3939,0.5572,-1.3394,-88.4008,-94.8231,5.5,1.0,15.76,False
ppo_crossover,fixed_4r_2r,66,0.3485,0.7939,-1.9813,-130.7659,-321.914,28.4,0.9545,13.94,False
ppo_crossover,atr_trail_2x,66,0.3333,0.6974,-1.8297,-120.7626,-141.42,20.4,0.9545,13.33,False
ppo_crossover,trailing_10pct,66,0.3182,0.8428,-0.6859,-45.2691,-72.8943,25.0,0.9545,12.73,False
ppo_crossover,r_multiple_2r,66,0.303,0.5947,-2.1978,-145.0534,-169.0186,9.4,0.9848,12.12,False
ppo_crossover,trailing_5pct,66,0.303,0.7661,-0.5311,-35.0534,-51.8393,8.2,0.9848,12.12,False
ppo_crossover,trailing_15pct,66,0.2727,0.7018,-2.1676,-143.0615,-233.4688,52.7,0.9394,10.91,False
ppo_crossover,smc_mitigation_zone,66,0.2576,0.2912,-2.2636,-149.4007,-145.456,5.6,0.9848,10.3,False
ppo_crossover,reverse_signal,66,0.2576,0.2912,-2.2636,-149.4007,-145.456,5.6,0.9848,10.3,False
ppo_crossover,r_multiple_3r,66,0.2576,0.704,-1.6664,-109.9855,-176.5587,12.7,0.9697,10.3,False
ppo_crossover,atr_trail_1x,66,0.2576,0.2912,-2.2636,-149.4007,-145.456,5.6,0.9848,10.3,False
ppo_crossover,mfe_lockin_trail,66,0.2576,0.2899,-2.2679,-149.684,-146.0743,5.5,0.9848,10.3,False
ppo_crossover,atr_trail_mae_conditional,66,0.2576,0.2912,-2.2636,-149.4007,-145.456,5.6,0.9848,10.3,False
ppo_crossover,atr_trail_vix_conditional,66,0.2424,0.4826,-1.9897,-131.3225,-142.9884,9.5,0.9697,9.7,False
ppo_crossover,ma_exit_ema9,66,0.2121,0.8547,-0.3821,-25.2159,-79.0677,6.6,0.9848,8.48,False
ppo_crossover,break_even_at_1r,66,0.1515,0.5257,-1.7302,-114.1959,-115.7426,10.9,0.9697,6.06,False
ppo_crossover,chandelier_3x,66,0.0909,0.9496,-0.0646,-4.2611,-39.5969,6.1,0.9848,3.64,False
r1_break_retest,multi_tier_partial,24,0.625,1.0695,0.103,2.4719,-23.6948,5.4,1.0,27.08,True
r1_break_retest,next_pivot_target,24,0.5417,0.357,-2.2449,-53.8783,-70.1491,11.1,1.0,21.67,False
r1_break_retest,class_time_stop,24,0.4583,1.1098,0.3554,8.5302,-47.8908,9.6,1.0,21.63,False
r1_break_retest,time_stop_10d,24,0.4583,0.6347,-1.9783,-47.4781,-101.5774,14.4,1.0,18.33,False
r1_break_retest,r_multiple_2r,24,0.4167,0.9151,-0.2683,-6.4401,-50.4826,6.2,0.9583,16.67,False
r1_break_retest,earnings_blackout,24,0.4167,0.3109,-7.8789,-189.0931,-230.4201,88.5,0.9167,16.67,False
r1_break_retest,ma_exit_ema9,24,0.375,0.8906,-0.2342,-5.6199,-31.2988,8.8,0.9583,15.0,False
r1_break_retest,reverse_signal,24,0.3333,0.8185,-0.303,-7.271,-23.8661,5.8,0.9583,13.33,False
r1_break_retest,smc_mitigation_zone,24,0.3333,0.8185,-0.303,-7.271,-23.8661,5.8,0.9583,13.33,False
r1_break_retest,time_stop_20d,24,0.3333,0.3776,-5.0929,-122.2299,-143.0139,28.2,1.0,13.33,False
r1_break_retest,regime_flip,24,0.3333,0.3776,-5.0929,-122.2299,-143.0139,28.2,1.0,13.33,False
r1_break_retest,atr_trail_2x,24,0.3333,0.3789,-2.7661,-66.3865,-70.2136,14.0,0.9583,13.33,False
r1_break_retest,atr_trail_1x,24,0.3333,0.8185,-0.303,-7.271,-23.8661,5.8,0.9583,13.33,False
r1_break_retest,mfe_lockin_trail,24,0.3333,0.8712,-0.2151,-5.1622,-23.8661,5.4,0.9583,13.33,False
r1_break_retest,atr_trail_mae_conditional,24,0.3333,0.8185,-0.303,-7.271,-23.8661,5.8,0.9583,13.33,False
r1_break_retest,atr_trail_vix_conditional,24,0.25,0.4511,-1.4982,-35.9579,-51.9673,5.6,0.9583,10.0,False
r1_break_retest,trailing_5pct,24,0.25,0.3124,-2.3508,-56.4196,-73.6747,11.0,0.9583,10.0,False
r1_break_retest,hybrid_50pct_target,24,0.25,0.2646,-5.5158,-132.379,-142.809,29.8,0.9583,10.0,False
r1_break_retest,chandelier_3x,24,0.2083,0.1994,-3.9262,-94.2285,-89.6336,17.5,0.9583,8.33,False
r1_break_retest,r_multiple_3r,24,0.2083,0.5448,-1.7897,-42.9529,-58.8481,9.1,0.9583,8.33,False
r1_break_retest,trailing_15pct,24,0.2083,0.3637,-5.7484,-137.9615,-126.3448,85.5,0.9583,8.33,False
r1_break_retest,trailing_10pct,24,0.1667,0.2023,-5.2579,-126.1892,-125.5448,22.4,0.9583,6.67,False
r1_break_retest,breakeven_plus_trail,24,0.1667,0.4921,-1.9511,-46.8258,-59.3136,20.6,0.9583,6.67,False
r1_break_retest,fixed_4r_2r,24,0.125,0.2725,-5.2402,-125.7639,-137.0838,19.5,0.9583,5.0,False
r1_break_retest,break_even_at_1r,24,0.125,0.2003,-2.0646,-49.5515,-56.6934,6.7,0.9583,5.0,False
institutional_cluster_long,class_time_stop,67,0.5522,2.1736,5.6583,379.1029,-75.6338,42.3,1.0,52.09,True
institutional_cluster_long,earnings_blackout,67,0.5224,2.4654,11.132,745.8449,-175.907,140.3,0.8657,50.9,False
institutional_cluster_long,breakeven_plus_trail,67,0.3582,1.9941,4.4048,295.1212,-108.5161,28.1,0.9701,44.15,False
institutional_cluster_long,next_pivot_target,67,0.7164,1.3508,0.9954,66.693,-44.0051,8.1,0.9851,39.18,False
institutional_cluster_long,regime_flip,67,0.4478,1.2702,1.7717,118.7063,-130.2939,28.9,1.0,26.02,False
institutional_cluster_long,time_stop_20d,67,0.4478,1.2702,1.7717,118.7063,-130.2939,28.9,1.0,26.02,False
institutional_cluster_long,r_multiple_2r,67,0.3582,1.2776,1.0456,70.0575,-37.158,8.3,1.0,22.66,False
institutional_cluster_long,time_stop_10d,67,0.5075,1.012,0.055,3.6842,-138.2898,14.6,1.0,20.66,False
institutional_cluster_long,multi_tier_partial,67,0.4328,0.8055,-0.5121,-34.3096,-53.0622,5.6,1.0,17.31,False
institutional_cluster_long,ma_exit_ema9,67,0.3284,1.1152,0.2421,16.2237,-65.3706,4.4,1.0,16.59,False
institutional_cluster_long,fixed_4r_2r,67,0.3433,1.093,0.699,46.8332,-161.4066,23.1,0.9552,16.52,False
institutional_cluster_long,hybrid_50pct_target,67,0.3582,0.8241,-1.1288,-75.6282,-153.9719,34.3,0.9701,14.33,False
institutional_cluster_long,trailing_15pct,67,0.3433,1.0066,0.0432,2.8977,-245.2396,55.7,0.9254,13.93,False
institutional_cluster_long,mfe_lockin_trail,67,0.2985,0.6573,-0.9986,-66.908,-78.961,5.7,1.0,11.94,False
institutional_cluster_long,atr_trail_mae_conditional,67,0.2985,0.5614,-1.2779,-85.6216,-94.1608,6.0,1.0,11.94,False
institutional_cluster_long,smc_mitigation_zone,67,0.2985,0.5614,-1.2779,-85.6216,-94.1608,6.0,1.0,11.94,False
institutional_cluster_long,reverse_signal,67,0.2985,0.5614,-1.2779,-85.6216,-94.1608,6.0,1.0,11.94,False
institutional_cluster_long,atr_trail_1x,67,0.2985,0.5614,-1.2779,-85.6216,-94.1608,6.0,1.0,11.94,False
institutional_cluster_long,atr_trail_2x,67,0.2985,0.6261,-1.8086,-121.1739,-160.9648,16.6,0.9851,11.94,False
institutional_cluster_long,r_multiple_3r,67,0.2239,1.0763,0.3436,23.019,-76.8232,10.8,1.0,11.25,False
institutional_cluster_long,atr_trail_vix_conditional,67,0.2687,0.6528,-1.1784,-78.954,-134.3608,7.9,1.0,10.75,False
institutional_cluster_long,trailing_10pct,67,0.2537,0.5,-2.4821,-166.2998,-182.738,22.7,0.9851,10.15,False
institutional_cluster_long,trailing_5pct,67,0.209,0.2571,-2.0912,-140.1073,-149.1832,7.0,1.0,8.36,False
institutional_cluster_long,break_even_at_1r,67,0.194,0.6943,-0.9361,-62.7177,-75.9369,11.7,1.0,7.76,False
institutional_cluster_long,chandelier_3x,67,0.1343,0.575,-0.8022,-53.7488,-50.5752,6.3,1.0,5.37,False
prev_day_low_bounce,fixed_4r_2r,12,0.5,2.4365,4.2918,51.5017,-18.5561,27.3,1.0,52.17,True
prev_day_low_bounce,time_stop_20d,12,0.6667,1.4547,1.6311,19.573,-15.546,29.2,1.0,46.99,False
prev_day_low_bounce,regime_flip,12,0.6667,1.4547,1.6311,19.573,-15.546,29.2,1.0,46.99,False
prev_day_low_bounce,atr_trail_2x,12,0.5,1.442,1.1057,13.2683,-14.332,19.8,1.0,41.76,False
prev_day_low_bounce,atr_trail_vix_conditional,12,0.3333,1.1333,0.1414,1.6968,-4.1506,7.4,1.0,41.11,False
prev_day_low_bounce,next_pivot_target,12,0.75,0.6096,-0.976,-11.7124,-14.5799,8.6,1.0,38.13,False
prev_day_low_bounce,earnings_blackout,12,0.5,1.4327,2.4737,29.6839,-19.4501,46.3,1.0,33.81,False
prev_day_low_bounce,trailing_10pct,12,0.5,1.3318,1.4222,17.067,-34.234,51.2,0.9167,29.95,False
prev_day_low_bounce,hybrid_50pct_target,12,0.5,1.2619,1.3095,15.7135,-40.8039,55.9,1.0,27.86,False
prev_day_low_bounce,trailing_5pct,12,0.25,0.5058,-1.0705,-12.8461,-8.6742,12.1,1.0,26.99,False
prev_day_low_bounce,ma_exit_ema9,12,0.1667,1.1228,0.2023,2.428,-11.0763,6.5,1.0,23.74,False
prev_day_low_bounce,time_stop_10d,12,0.5,0.6127,-1.3962,-16.7545,-18.0006,14.5,1.0,23.0,False
prev_day_low_bounce,class_time_stop,12,0.25,0.6825,-0.9027,-10.8319,-15.0514,9.3,1.0,17.42,False
prev_day_low_bounce,mfe_lockin_trail,12,0.1667,0.2385,-1.2979,-15.5742,-13.6641,3.9,1.0,16.17,False
prev_day_low_bounce,multi_tier_partial,12,0.1667,0.2375,-1.2994,-15.593,-13.6641,4.2,1.0,16.17,False
prev_day_low_bounce,smc_mitigation_zone,12,0.1667,0.1744,-1.4071,-16.8849,-13.7238,4.2,1.0,16.08,False
prev_day_low_bounce,reverse_signal,12,0.1667,0.1744,-1.4071,-16.8849,-13.7238,4.2,1.0,16.08,False
prev_day_low_bounce,atr_trail_1x,12,0.1667,0.1744,-1.4071,-16.8849,-13.7238,4.2,1.0,16.08,False
prev_day_low_bounce,atr_trail_mae_conditional,12,0.1667,0.1744,-1.4071,-16.8849,-13.7238,4.2,1.0,16.08,False
prev_day_low_bounce,r_multiple_2r,12,0.3333,1.016,0.0332,0.3984,-18.6372,6.7,1.0,15.86,False
prev_day_low_bounce,chandelier_3x,12,0.3333,0.871,-0.316,-3.7917,-23.2164,19.0,1.0,13.33,False
prev_day_low_bounce,trailing_15pct,12,0.3333,0.7635,-1.6014,-19.217,-59.77,91.5,0.9167,13.33,False
prev_day_low_bounce,breakeven_plus_trail,12,0.3333,0.8609,-0.4086,-4.9029,-21.7076,28.4,1.0,13.33,False
prev_day_low_bounce,r_multiple_3r,12,0.25,0.8196,-0.4499,-5.3983,-23.5982,13.8,1.0,10.0,False
prev_day_low_bounce,break_even_at_1r,12,0.0833,0.7942,-0.4313,-5.1762,-18.6372,10.1,1.0,5.38,False
prev_day_high_break,next_pivot_target,20,0.5,0.7159,-1.2037,-24.0743,-39.7551,18.5,0.95,20.0,True
prev_day_high_break,time_stop_20d,20,0.45,0.2889,-9.1893,-183.786,-184.7208,28.2,1.0,18.0,False
prev_day_high_break,time_stop_10d,20,0.45,0.3511,-4.8885,-97.7691,-116.4794,14.8,1.0,18.0,False
prev_day_high_break,breakeven_plus_trail,20,0.45,0.6163,-1.6534,-33.0685,-57.3338,42.4,0.95,18.0,False
prev_day_high_break,regime_flip,20,0.45,0.2889,-9.1893,-183.786,-184.7208,28.2,1.0,18.0,False
prev_day_high_break,atr_trail_2x,20,0.45,0.6929,-1.2464,-24.9276,-48.8712,18.5,1.0,18.0,False
prev_day_high_break,hybrid_50pct_target,20,0.4,0.067,-47.262,-945.2392,-947.1997,210.8,0.8,16.0,False
prev_day_high_break,trailing_10pct,20,0.4,0.4332,-2.9396,-58.7917,-57.8077,36.2,1.0,16.0,False
prev_day_high_break,multi_tier_partial,20,0.4,0.4657,-1.2337,-24.6742,-33.4074,4.9,1.0,16.0,False
prev_day_high_break,earnings_blackout,20,0.3,0.1445,-11.3701,-227.402,-216.5224,46.5,0.9,12.0,False
prev_day_high_break,r_multiple_2r,20,0.3,0.6339,-1.2437,-24.8743,-52.6019,5.8,1.0,12.0,False
prev_day_high_break,fixed_4r_2r,20,0.3,0.7624,-1.3814,-27.6277,-53.0295,54.0,0.9,12.0,False
prev_day_high_break,ma_exit_ema9,20,0.25,0.5436,-0.822,-16.4393,-27.0252,6.2,1.0,10.0,False
prev_day_high_break,atr_trail_vix_conditional,20,0.25,0.6017,-0.8963,-17.9251,-31.3336,10.2,1.0,10.0,False
prev_day_high_break,trailing_5pct,20,0.25,0.4646,-1.7718,-35.437,-44.8492,8.4,1.0,10.0,False
prev_day_high_break,class_time_stop,20,0.25,0.2805,-5.1465,-102.9297,-122.1523,10.2,1.0,10.0,False
prev_day_high_break,reverse_signal,20,0.2,0.5464,-1.224,-24.4793,-44.2639,6.0,1.0,8.0,False
prev_day_high_break,mfe_lockin_trail,20,0.2,0.4423,-1.5048,-30.0964,-44.2639,5.2,1.0,8.0,False
prev_day_high_break,atr_trail_mae_conditional,20,0.2,0.5464,-1.224,-24.4793,-44.2639,6.0,1.0,8.0,False
prev_day_high_break,smc_mitigation_zone,20,0.2,0.5464,-1.224,-24.4793,-44.2639,6.0,1.0,8.0,False
prev_day_high_break,chandelier_3x,20,0.2,0.4568,-1.5238,-30.4763,-39.0295,9.3,1.0,8.0,False
prev_day_high_break,r_multiple_3r,20,0.2,0.5101,-1.8347,-36.6934,-58.3516,11.3,0.95,8.0,False
prev_day_high_break,atr_trail_1x,20,0.2,0.5464,-1.224,-24.4793,-44.2639,6.0,1.0,8.0,False
prev_day_high_break,trailing_15pct,20,0.15,0.1689,-7.7045,-154.0892,-147.1217,51.8,0.9,6.0,False
prev_day_high_break,break_even_at_1r,20,0.1,0.0632,-2.3813,-47.6262,-44.8759,7.5,1.0,4.0,False
lead_lag_sector_rotation,multi_tier_partial,48,0.5417,0.7485,-0.2173,-10.4317,-18.9954,1.9,1.0,23.17,True
lead_lag_sector_rotation,hybrid_50pct_target,48,0.5417,0.6549,-1.5818,-75.9249,-123.0367,24.9,1.0,21.67,False
lead_lag_sector_rotation,breakeven_plus_trail,48,0.125,1.4729,0.9063,43.5024,-60.2855,12.8,1.0,19.19,False
lead_lag_sector_rotation,class_time_stop,48,0.4167,0.7958,-1.8616,-89.3548,-231.8756,43.1,1.0,16.67,False
lead_lag_sector_rotation,time_stop_20d,48,0.3958,0.6747,-2.424,-116.3539,-201.4971,28.7,1.0,15.83,False
lead_lag_sector_rotation,regime_flip,48,0.3958,0.6747,-2.424,-116.3539,-201.4971,28.7,1.0,15.83,False
lead_lag_sector_rotation,earnings_blackout,48,0.3542,0.9806,-0.191,-9.1675,-342.7591,150.8,0.9375,14.17,False
lead_lag_sector_rotation,r_multiple_3r,48,0.2708,1.1054,0.1563,7.5003,-29.1721,4.2,1.0,13.99,False
lead_lag_sector_rotation,r_multiple_2r,48,0.3333,1.0073,0.0097,0.4677,-28.0,3.0,1.0,13.55,False
lead_lag_sector_rotation,ma_exit_ema9,48,0.3333,0.8741,-0.2188,-10.5042,-45.554,3.2,1.0,13.33,False
lead_lag_sector_rotation,time_stop_10d,48,0.3333,0.4401,-3.4035,-163.3691,-148.0555,14.4,1.0,13.33,False
lead_lag_sector_rotation,next_pivot_target,48,0.3125,0.6659,-0.9477,-45.4881,-76.1605,6.0,1.0,12.5,False
lead_lag_sector_rotation,trailing_15pct,48,0.2708,0.6421,-2.8765,-138.0724,-277.1115,48.6,1.0,10.83,False
lead_lag_sector_rotation,trailing_10pct,48,0.25,0.5375,-2.5634,-123.0447,-173.083,23.6,1.0,10.0,False
lead_lag_sector_rotation,fixed_4r_2r,48,0.2292,0.598,-1.2743,-61.1679,-69.1679,7.7,1.0,9.17,False
lead_lag_sector_rotation,trailing_5pct,48,0.1667,0.1495,-2.6148,-125.5119,-127.6498,7.2,1.0,6.67,False
lead_lag_sector_rotation,atr_trail_2x,48,0.1667,0.3541,-2.0434,-98.0822,-109.711,8.1,1.0,6.67,False
lead_lag_sector_rotation,smc_mitigation_zone,48,0.125,0.4644,-0.8403,-40.3345,-44.6923,3.2,1.0,5.0,False
lead_lag_sector_rotation,mfe_lockin_trail,48,0.125,0.3693,-0.9896,-47.4988,-47.3876,3.1,1.0,5.0,False
lead_lag_sector_rotation,atr_trail_vix_conditional,48,0.125,0.4644,-0.8403,-40.3345,-44.6923,3.2,1.0,5.0,False
lead_lag_sector_rotation,atr_trail_mae_conditional,48,0.125,0.4644,-0.8403,-40.3345,-44.6923,3.2,1.0,5.0,False
lead_lag_sector_rotation,atr_trail_1x,48,0.125,0.4644,-0.8403,-40.3345,-44.6923,3.2,1.0,5.0,False
lead_lag_sector_rotation,reverse_signal,48,0.125,0.4644,-0.8403,-40.3345,-44.6923,3.2,1.0,5.0,False
lead_lag_sector_rotation,chandelier_3x,48,0.0625,0.4691,-0.9144,-43.8915,-63.0959,6.1,1.0,2.5,False
lead_lag_sector_rotation,break_even_at_1r,48,0.0208,0.1539,-0.8397,-40.3072,-45.4378,5.4,1.0,0.83,False
supertrend_macd,breakeven_plus_trail,96,0.3542,1.6503,2.7397,263.0082,-162.1707,27.1,0.9792,33.68,True
supertrend_macd,hybrid_50pct_target,96,0.5104,1.4039,1.9773,189.8221,-134.2815,38.9,0.9792,32.53,False
supertrend_macd,next_pivot_target,96,0.7188,1.0876,0.2373,22.7821,-70.5996,7.7,1.0,31.38,False
supertrend_macd,earnings_blackout,96,0.3854,1.4028,3.5332,339.1837,-218.7472,70.5,0.8958,27.5,False
supertrend_macd,class_time_stop,96,0.4688,1.1932,1.8091,173.6723,-335.1243,70.7,1.0,24.55,False
supertrend_macd,time_stop_20d,96,0.4792,1.0836,0.5423,52.0637,-186.9641,28.6,1.0,21.68,False
supertrend_macd,regime_flip,96,0.4792,1.0836,0.5423,52.0637,-186.9641,28.6,1.0,21.68,False
supertrend_macd,fixed_4r_2r,96,0.375,1.2174,1.3959,134.0024,-189.9883,27.7,0.9688,21.52,False
supertrend_macd,time_stop_10d,96,0.4062,0.7944,-1.1057,-106.1494,-178.9979,14.5,1.0,16.25,False
supertrend_macd,atr_trail_2x,96,0.3646,1.0073,0.0356,3.4223,-166.0712,18.6,0.9896,14.8,False
supertrend_macd,multi_tier_partial,96,0.3542,0.5299,-1.2792,-122.8015,-143.9873,4.8,1.0,14.17,False
supertrend_macd,r_multiple_3r,96,0.2708,1.08,0.3275,31.4361,-179.8381,11.4,0.9896,13.23,False
supertrend_macd,r_multiple_2r,96,0.3229,0.9096,-0.3458,-33.2007,-159.2754,9.0,0.9896,12.92,False
supertrend_macd,ma_exit_ema9,96,0.3125,0.8929,-0.2883,-27.6795,-69.4562,7.1,1.0,12.5,False
supertrend_macd,trailing_15pct,96,0.3021,0.9756,-0.1809,-17.3639,-298.1719,59.9,0.9792,12.08,False
supertrend_macd,trailing_10pct,96,0.3021,0.6028,-2.1659,-207.9237,-228.197,24.0,0.9896,12.08,False
supertrend_macd,trailing_5pct,96,0.2812,0.6438,-0.9859,-94.6502,-128.0283,9.1,0.9896,11.25,False
supertrend_macd,chandelier_3x,96,0.1979,1.0447,0.135,12.9595,-97.1548,13.1,0.9792,9.26,False
supertrend_macd,atr_trail_vix_conditional,96,0.2292,0.3966,-2.0198,-193.9041,-228.243,6.3,0.9896,9.17,False
supertrend_macd,smc_mitigation_zone,96,0.2188,0.4056,-1.7693,-169.8567,-179.5912,5.1,1.0,8.75,False
supertrend_macd,reverse_signal,96,0.2188,0.4056,-1.7693,-169.8567,-179.5912,5.1,1.0,8.75,False
supertrend_macd,mfe_lockin_trail,96,0.2188,0.4154,-1.7401,-167.0489,-176.1868,4.8,1.0,8.75,False
supertrend_macd,atr_trail_mae_conditional,96,0.2188,0.4056,-1.7693,-169.8567,-179.5912,5.1,1.0,8.75,False
supertrend_macd,atr_trail_1x,96,0.2188,0.4056,-1.7693,-169.8567,-179.5912,5.1,1.0,8.75,False
supertrend_macd,break_even_at_1r,96,0.1667,0.6308,-1.1069,-106.2623,-149.9924,10.4,0.9896,6.67,False
tema_dema,breakeven_plus_trail,82,0.4146,1.7723,2.6959,221.0654,-123.2407,25.9,0.9878,39.75,True
tema_dema,next_pivot_target,82,0.7317,1.1387,0.384,31.4882,-64.854,8.7,1.0,33.43,False
tema_dema,trailing_15pct,82,0.4146,1.273,1.6612,136.218,-222.4468,68.0,0.9756,24.77,False
tema_dema,ma_exit_ema9,82,0.3537,1.2753,0.7075,58.0158,-68.436,9.3,0.9878,22.41,False
tema_dema,class_time_stop,82,0.5366,0.9435,-0.5723,-46.9269,-278.8273,69.6,1.0,21.46,False
tema_dema,earnings_blackout,82,0.5122,0.9845,-0.2117,-17.359,-683.4587,148.2,0.7805,20.49,False
tema_dema,hybrid_50pct_target,82,0.5122,0.5554,-5.5023,-451.1885,-576.6552,78.3,0.9024,20.49,False
tema_dema,multi_tier_partial,82,0.5122,0.8475,-0.3672,-30.111,-83.6392,5.1,1.0,20.49,False
tema_dema,time_stop_20d,82,0.5,1.0082,0.0513,4.2055,-174.5839,28.8,1.0,20.25,False
tema_dema,regime_flip,82,0.5,1.0082,0.0513,4.2055,-174.5839,28.8,1.0,20.25,False
tema_dema,time_stop_10d,82,0.4512,0.945,-0.2775,-22.7586,-109.3557,14.5,1.0,18.05,False
tema_dema,atr_trail_2x,82,0.3902,0.9799,-0.089,-7.2943,-169.5228,17.8,0.9878,15.61,False
tema_dema,r_multiple_2r,82,0.3537,0.999,-0.0038,-0.3125,-109.1663,6.9,1.0,14.15,False
tema_dema,fixed_4r_2r,82,0.3293,0.9497,-0.3766,-30.8816,-219.8081,28.7,0.9878,13.17,False
tema_dema,trailing_10pct,82,0.3293,0.8036,-0.964,-79.0457,-158.3438,26.6,0.9756,13.17,False
tema_dema,atr_trail_vix_conditional,82,0.3049,0.9228,-0.2152,-17.6495,-108.1394,8.3,0.9878,12.2,False
tema_dema,mfe_lockin_trail,82,0.3049,0.7464,-0.6968,-57.1366,-119.3613,5.4,1.0,12.2,False
tema_dema,reverse_signal,82,0.2927,0.5034,-1.3656,-111.9787,-128.1636,5.5,1.0,11.71,False
tema_dema,atr_trail_1x,82,0.2927,0.5034,-1.3656,-111.9787,-128.1636,5.5,1.0,11.71,False
tema_dema,smc_mitigation_zone,82,0.2927,0.5034,-1.3656,-111.9787,-128.1636,5.5,1.0,11.71,False
tema_dema,atr_trail_mae_conditional,82,0.2927,0.5034,-1.3656,-111.9787,-128.1636,5.5,1.0,11.71,False
tema_dema,chandelier_3x,82,0.1707,1.1175,0.2745,22.5123,-96.4932,10.3,0.9756,10.35,False
tema_dema,r_multiple_3r,82,0.2561,0.9452,-0.2344,-19.2192,-128.088,10.5,1.0,10.24,False
tema_dema,trailing_5pct,82,0.2439,0.6285,-1.0176,-83.4473,-78.4756,7.9,1.0,9.76,False
tema_dema,break_even_at_1r,82,0.1951,0.7862,-0.5535,-45.3873,-97.6048,10.1,0.9878,7.8,False
avwap_50_reclaim,hybrid_50pct_target,249,0.7189,0.3211,-20.923,-5209.8249,-5374.5519,274.2,0.7149,28.76,False
avwap_50_reclaim,next_pivot_target,249,0.6827,0.5732,-1.5785,-393.0523,-410.9565,10.1,0.992,27.31,True
avwap_50_reclaim,class_time_stop,249,0.4618,0.6837,-2.808,-699.2022,-840.7515,42.7,1.0,18.47,False
avwap_50_reclaim,time_stop_20d,249,0.4458,0.6797,-2.3882,-594.6541,-668.548,28.6,1.0,17.83,False
avwap_50_reclaim,regime_flip,249,0.4458,0.6797,-2.3882,-594.6541,-668.548,28.6,1.0,17.83,False
avwap_50_reclaim,earnings_blackout,249,0.4418,0.6161,-4.4089,-1097.8233,-1347.3506,124.2,0.8594,17.67,False
avwap_50_reclaim,time_stop_10d,249,0.4337,0.6573,-1.6711,-416.0915,-442.2214,14.3,1.0,17.35,False
avwap_50_reclaim,breakeven_plus_trail,249,0.3574,1.0736,0.3537,88.0796,-222.1106,29.4,0.992,16.5,False
avwap_50_reclaim,multi_tier_partial,249,0.3855,0.3949,-1.8625,-463.7529,-476.3355,5.1,1.0,15.42,False
avwap_50_reclaim,trailing_15pct,249,0.3253,0.7135,-2.0286,-505.1283,-694.4887,50.9,0.9799,13.01,False
avwap_50_reclaim,atr_trail_2x,249,0.3133,0.616,-2.1947,-546.491,-559.4785,19.5,0.988,12.53,False
avwap_50_reclaim,chandelier_3x,249,0.3052,0.714,-1.7431,-434.0443,-510.0435,25.3,0.988,12.21,False
avwap_50_reclaim,fixed_4r_2r,249,0.2932,0.6567,-2.8083,-699.2759,-750.2454,26.6,0.9719,11.73,False
avwap_50_reclaim,r_multiple_2r,249,0.2892,0.6611,-1.493,-371.767,-390.8926,8.6,0.996,11.57,False
avwap_50_reclaim,ma_exit_ema9,249,0.2892,0.5167,-1.7186,-427.9429,-440.3369,8.6,0.992,11.57,False
avwap_50_reclaim,trailing_10pct,249,0.2851,0.5293,-2.4976,-621.9145,-629.8674,25.2,0.992,11.4,False
avwap_50_reclaim,smc_mitigation_zone,249,0.2731,0.2647,-2.3499,-585.1362,-590.9765,5.3,0.996,10.92,False
avwap_50_reclaim,reverse_signal,249,0.2731,0.2647,-2.3499,-585.1362,-590.9765,5.3,0.996,10.92,False
avwap_50_reclaim,atr_trail_1x,249,0.2731,0.2647,-2.3499,-585.1362,-590.9765,5.3,0.996,10.92,False
avwap_50_reclaim,mfe_lockin_trail,249,0.2731,0.25,-2.3967,-596.7876,-602.6279,5.2,0.996,10.92,False
avwap_50_reclaim,atr_trail_mae_conditional,249,0.2731,0.2647,-2.3499,-585.1362,-590.9765,5.3,0.996,10.92,False
avwap_50_reclaim,trailing_5pct,249,0.253,0.3143,-2.0635,-513.8016,-518.1999,8.3,0.992,10.12,False
avwap_50_reclaim,atr_trail_vix_conditional,249,0.249,0.4019,-2.5513,-635.2813,-648.3986,8.5,0.992,9.96,False
avwap_50_reclaim,r_multiple_3r,249,0.2048,0.5888,-2.0169,-502.1975,-515.9341,11.9,0.992,8.19,False
avwap_50_reclaim,break_even_at_1r,249,0.1325,0.4024,-2.0993,-522.7247,-531.896,10.2,0.992,5.3,False
cpr_narrow_bullish,breakeven_plus_trail,463,0.3974,1.7852,3.2247,1493.0488,-245.5968,34.8,0.9741,39.45,True
cpr_narrow_bullish,earnings_blackout,463,0.5378,1.5343,5.4739,2534.4307,-718.392,155.9,0.8143,37.54,False
cpr_narrow_bullish,next_pivot_target,463,0.6933,0.8672,-0.4548,-210.5626,-465.1252,9.2,0.9892,27.73,False
cpr_narrow_bullish,hybrid_50pct_target,463,0.6479,0.2796,-24.4523,-11321.4241,-11916.0857,164.7,0.8143,25.92,False
cpr_narrow_bullish,regime_flip,463,0.5227,1.1072,0.6927,320.7009,-348.0458,28.5,1.0,24.12,False
cpr_narrow_bullish,time_stop_20d,463,0.5227,1.1072,0.6927,320.7009,-348.0458,28.5,1.0,24.12,False
cpr_narrow_bullish,time_stop_10d,463,0.5248,0.9526,-0.2245,-103.9385,-581.5768,14.4,1.0,20.99,False
cpr_narrow_bullish,class_time_stop,463,0.4989,0.8194,-0.768,-355.5798,-614.5423,9.7,1.0,19.96,False
cpr_narrow_bullish,ma_exit_ema9,463,0.3456,1.0915,0.2779,128.6749,-313.6846,10.2,0.9914,16.57,False
cpr_narrow_bullish,trailing_15pct,463,0.3672,1.0615,0.4036,186.8896,-726.4305,57.0,0.9611,16.53,False
cpr_narrow_bullish,multi_tier_partial,463,0.4039,0.5898,-1.1969,-554.1641,-614.0292,5.5,1.0,16.16,False
cpr_narrow_bullish,atr_trail_2x,463,0.378,0.8628,-0.7122,-329.7374,-524.2154,19.7,0.9827,15.12,False
cpr_narrow_bullish,r_multiple_2r,463,0.3434,0.9377,-0.2556,-118.3602,-422.3945,9.6,0.987,13.74,False
cpr_narrow_bullish,fixed_4r_2r,463,0.3326,0.8409,-1.2916,-597.9961,-969.951,29.1,0.9568,13.3,False
cpr_narrow_bullish,chandelier_3x,463,0.3261,0.993,-0.0389,-17.9895,-614.6331,22.6,0.9784,13.04,False
cpr_narrow_bullish,trailing_10pct,463,0.3261,0.8227,-0.8389,-388.4067,-745.0722,32.6,0.9827,13.04,False
cpr_narrow_bullish,mfe_lockin_trail,463,0.2829,0.4691,-1.6258,-752.737,-770.7404,5.6,0.9935,11.32,False
cpr_narrow_bullish,reverse_signal,463,0.2808,0.4691,-1.6267,-753.1433,-772.6214,5.8,0.9935,11.23,False
cpr_narrow_bullish,atr_trail_1x,463,0.2808,0.4691,-1.6267,-753.1433,-772.6214,5.8,0.9935,11.23,False
cpr_narrow_bullish,smc_mitigation_zone,463,0.2808,0.4691,-1.6267,-753.1433,-772.6214,5.8,0.9935,11.23,False
cpr_narrow_bullish,atr_trail_mae_conditional,463,0.2808,0.4691,-1.6267,-753.1433,-772.6214,5.8,0.9935,11.23,False
cpr_narrow_bullish,trailing_5pct,463,0.2721,0.4979,-1.3517,-625.8593,-631.1579,8.8,0.9978,10.88,False
cpr_narrow_bullish,r_multiple_3r,463,0.2635,0.9499,-0.2287,-105.8876,-486.476,13.2,0.9806,10.54,False
cpr_narrow_bullish,atr_trail_vix_conditional,463,0.2462,0.5517,-1.6192,-749.6932,-811.1785,7.9,0.9935,9.85,False
cpr_narrow_bullish,break_even_at_1r,463,0.1771,0.5669,-1.4392,-666.3521,-736.9245,12.1,0.9935,7.08,False
morning_star,time_stop_10d,46,0.5652,2.1198,2.7719,127.5062,-45.9032,14.5,1.0,52.61,True
morning_star,earnings_blackout,46,0.5435,1.6701,5.135,236.2097,-188.9828,128.5,0.913,41.84,False
morning_star,next_pivot_target,46,0.6957,0.726,-0.9185,-42.2527,-85.2528,10.8,1.0,27.83,False
morning_star,breakeven_plus_trail,46,0.3478,1.4235,1.5557,71.5637,-78.0975,35.6,0.9783,26.62,False
morning_star,time_stop_20d,46,0.5,1.2132,1.1604,53.3783,-117.1325,29.0,1.0,26.4,False
morning_star,regime_flip,46,0.5,1.2132,1.1604,53.3783,-117.1325,29.0,1.0,26.4,False
morning_star,class_time_stop,46,0.587,1.0886,0.2359,10.851,-45.5437,9.3,1.0,26.14,False
morning_star,hybrid_50pct_target,46,0.5435,0.3738,-11.1496,-512.8822,-584.7527,177.8,0.7826,21.74,False
morning_star,r_multiple_2r,46,0.3696,1.1462,0.5122,23.5597,-61.5153,9.1,1.0,19.17,False
morning_star,multi_tier_partial,46,0.4783,0.6495,-0.7488,-34.4454,-52.3514,4.6,1.0,19.13,False
morning_star,ma_exit_ema9,46,0.4348,0.9133,-0.1289,-5.93,-55.5715,3.4,1.0,17.39,False
morning_star,atr_trail_2x,46,0.3478,1.0408,0.168,7.7271,-98.6987,21.4,0.9783,15.14,False
morning_star,fixed_4r_2r,46,0.3478,0.9731,-0.1791,-8.2372,-97.6306,28.0,0.9565,13.91,False
morning_star,trailing_15pct,46,0.3043,0.6511,-2.5521,-117.3956,-174.5736,74.3,0.9783,12.17,False
morning_star,trailing_10pct,46,0.3043,0.4057,-3.0823,-141.7855,-180.3062,27.9,1.0,12.17,False
morning_star,trailing_5pct,46,0.3043,0.7532,-0.5367,-24.6864,-35.3876,11.9,1.0,12.17,False
morning_star,reverse_signal,46,0.2826,0.5285,-1.1383,-52.3602,-63.695,5.5,1.0,11.3,False
morning_star,smc_mitigation_zone,46,0.2826,0.5285,-1.1383,-52.3602,-63.695,5.5,1.0,11.3,False
morning_star,atr_trail_1x,46,0.2826,0.5285,-1.1383,-52.3602,-63.695,5.5,1.0,11.3,False
morning_star,mfe_lockin_trail,46,0.2826,0.4958,-1.2171,-55.9884,-68.5078,5.1,1.0,11.3,False
morning_star,atr_trail_mae_conditional,46,0.2826,0.5285,-1.1383,-52.3602,-63.695,5.5,1.0,11.3,False
morning_star,r_multiple_3r,46,0.2826,0.9419,-0.2405,-11.0613,-63.9761,12.7,1.0,11.3,False
morning_star,atr_trail_vix_conditional,46,0.2391,0.9554,-0.1034,-4.7575,-25.0704,9.1,1.0,9.56,False
morning_star,break_even_at_1r,46,0.1739,0.4522,-1.3535,-62.2593,-69.7269,10.5,1.0,6.96,False
morning_star,chandelier_3x,46,0.0217,0.0604,-0.5699,-26.2143,-25.9818,1.9,1.0,0.87,False
williams_r_oversold,earnings_blackout,180,0.5556,1.7511,5.7059,1027.0666,-214.5399,113.0,0.8056,44.76,True
williams_r_oversold,next_pivot_target,180,0.6389,0.73,-1.0308,-185.5367,-239.3749,9.4,0.9833,25.56,False
williams_r_oversold,breakeven_plus_trail,180,0.4222,1.2501,1.1907,214.3235,-156.8266,32.0,0.9667,24.39,False
williams_r_oversold,reverse_signal,180,0.4889,1.0819,0.3225,58.0436,-207.8689,21.9,0.9722,22.01,False
williams_r_oversold,hybrid_50pct_target,180,0.4944,0.2907,-15.9481,-2870.652,-3182.9055,69.7,0.9,19.78,False
williams_r_oversold,time_stop_10d,180,0.4778,0.8473,-0.7742,-139.3472,-324.2271,14.2,1.0,19.11,False
williams_r_oversold,regime_flip,180,0.4722,0.8538,-0.9814,-176.6575,-397.5453,28.2,1.0,18.89,False
williams_r_oversold,time_stop_20d,180,0.4722,0.8538,-0.9814,-176.6575,-397.5453,28.2,1.0,18.89,False
williams_r_oversold,class_time_stop,180,0.4556,0.835,-1.1731,-211.1519,-545.8673,35.1,1.0,18.22,False
williams_r_oversold,ma_exit_ema9,180,0.4222,0.6249,-0.5671,-102.0761,-115.5327,1.5,1.0,16.89,False
williams_r_oversold,multi_tier_partial,180,0.3722,0.5096,-1.5188,-273.3882,-291.2197,5.4,1.0,14.89,False
williams_r_oversold,trailing_15pct,180,0.3278,0.862,-0.9817,-176.7143,-388.0566,51.3,0.9278,13.11,False
williams_r_oversold,atr_trail_2x,180,0.3111,0.5478,-2.7387,-492.9633,-598.9153,17.8,0.9722,12.44,False
williams_r_oversold,trailing_10pct,180,0.3056,0.7124,-1.5113,-272.0339,-411.3685,26.5,0.9778,12.22,False
williams_r_oversold,fixed_4r_2r,180,0.3,0.6618,-3.0006,-540.1006,-674.6456,26.6,0.9611,12.0,False
williams_r_oversold,r_multiple_2r,180,0.2833,0.688,-1.385,-249.3016,-261.9503,8.4,0.9833,11.33,False
williams_r_oversold,atr_trail_vix_conditional,180,0.2722,0.4993,-1.9157,-344.8179,-434.569,8.1,0.9722,10.89,False
williams_r_oversold,mfe_lockin_trail,180,0.25,0.305,-2.3059,-415.0566,-420.5207,5.3,0.9833,10.0,False
williams_r_oversold,atr_trail_1x,180,0.2444,0.3768,-2.0708,-372.7451,-376.4891,5.7,0.9833,9.78,False
williams_r_oversold,smc_mitigation_zone,180,0.2444,0.3768,-2.0708,-372.7451,-376.4891,5.7,0.9833,9.78,False
williams_r_oversold,atr_trail_mae_conditional,180,0.2444,0.3768,-2.0708,-372.7451,-376.4891,5.7,0.9833,9.78,False
williams_r_oversold,r_multiple_3r,180,0.2222,0.6992,-1.4661,-263.8918,-303.5214,11.2,0.9833,8.89,False
williams_r_oversold,trailing_5pct,180,0.2222,0.3281,-1.9754,-355.575,-360.2189,7.8,0.9889,8.89,False
williams_r_oversold,break_even_at_1r,180,0.1389,0.5124,-1.7628,-317.3068,-400.8766,9.7,0.9778,5.56,False
williams_r_oversold,chandelier_3x,180,0.0389,0.5643,-0.4826,-86.8686,-97.4817,3.1,1.0,1.56,False
macd_crossover,next_pivot_target,34,0.7353,1.6777,1.5506,52.7218,-26.1064,7.9,1.0,49.74,True
macd_crossover,breakeven_plus_trail,34,0.4412,2.8044,4.8809,165.9515,-44.9275,43.2,0.9412,47.65,False
macd_crossover,fixed_4r_2r,34,0.3529,1.4856,2.8284,96.1641,-68.6175,22.9,0.9706,28.68,False
macd_crossover,time_stop_10d,34,0.5294,1.0789,0.3401,11.5623,-70.8912,14.0,1.0,23.54,False
macd_crossover,hybrid_50pct_target,34,0.5588,0.5504,-4.849,-164.8659,-249.5697,77.4,0.9118,22.35,False
macd_crossover,earnings_blackout,34,0.4412,1.1247,1.8579,63.1702,-315.2865,129.8,0.8235,21.39,False
macd_crossover,regime_flip,34,0.4118,0.4463,-4.0812,-138.7608,-171.5167,28.1,1.0,16.47,False
macd_crossover,time_stop_20d,34,0.4118,0.4463,-4.0812,-138.7608,-171.5167,28.1,1.0,16.47,False
macd_crossover,multi_tier_partial,34,0.3824,0.1957,-2.4716,-84.0346,-83.1682,4.6,1.0,15.3,False
macd_crossover,class_time_stop,34,0.3824,0.4645,-4.1125,-139.8247,-167.738,35.1,1.0,15.3,False
macd_crossover,ma_exit_ema9,34,0.3824,0.9034,-0.2661,-9.0483,-49.5942,10.6,0.9706,15.3,False
macd_crossover,trailing_15pct,34,0.3529,0.982,-0.1222,-4.1555,-108.7584,87.3,0.9412,14.12,False
macd_crossover,chandelier_3x,34,0.3529,0.6101,-1.7368,-59.0514,-76.8792,22.0,0.9706,14.12,False
macd_crossover,trailing_10pct,34,0.3529,0.5867,-2.015,-68.5085,-84.822,32.2,0.9706,14.12,False
macd_crossover,atr_trail_2x,34,0.3235,0.5188,-2.3054,-78.3822,-105.6311,15.9,0.9706,12.94,False
macd_crossover,atr_trail_vix_conditional,34,0.2941,0.7288,-0.8056,-27.3888,-68.637,7.2,0.9706,11.76,False
macd_crossover,r_multiple_2r,34,0.2647,0.6372,-1.3836,-47.041,-72.3668,10.4,0.9706,10.59,False
macd_crossover,r_multiple_3r,34,0.2353,0.8775,-0.4749,-16.1466,-65.1161,11.1,0.9706,9.41,False
macd_crossover,trailing_5pct,34,0.1765,0.2021,-2.3771,-80.8209,-91.6829,9.8,0.9706,7.06,False
macd_crossover,smc_mitigation_zone,34,0.1471,0.4475,-1.8434,-62.6772,-82.7712,5.0,1.0,5.88,False
macd_crossover,reverse_signal,34,0.1471,0.4475,-1.8434,-62.6772,-82.7712,5.0,1.0,5.88,False
macd_crossover,mfe_lockin_trail,34,0.1471,0.1382,-2.8754,-97.762,-95.4685,4.8,1.0,5.88,False
macd_crossover,atr_trail_mae_conditional,34,0.1471,0.4475,-1.8434,-62.6772,-82.7712,5.0,1.0,5.88,False
macd_crossover,atr_trail_1x,34,0.1471,0.4475,-1.8434,-62.6772,-82.7712,5.0,1.0,5.88,False
macd_crossover,break_even_at_1r,34,0.0882,0.1759,-2.3726,-80.6687,-85.5205,11.1,1.0,3.53,False
macd_fast_crossover,time_stop_10d,49,0.5918,1.2717,1.0116,49.5701,-74.8266,14.6,1.0,31.82,True
macd_fast_crossover,next_pivot_target,49,0.6735,1.1419,0.4677,22.9195,-70.3971,8.5,0.9796,31.2,False
macd_fast_crossover,time_stop_20d,49,0.5714,1.2291,1.1034,54.069,-48.2557,28.5,1.0,29.73,False
macd_fast_crossover,regime_flip,49,0.5714,1.2291,1.1034,54.069,-48.2557,28.5,1.0,29.73,False
macd_fast_crossover,ma_exit_ema9,49,0.449,1.3392,0.9673,47.397,-78.0418,11.2,0.9592,28.14,False
macd_fast_crossover,breakeven_plus_trail,49,0.3469,1.4557,1.3718,67.2168,-38.2782,26.4,0.9388,27.55,False
macd_fast_crossover,class_time_stop,49,0.5714,0.8823,-0.8105,-39.7163,-136.2457,35.2,1.0,22.86,False
macd_fast_crossover,hybrid_50pct_target,49,0.5306,0.4575,-7.2812,-356.7765,-421.8447,89.0,0.8776,21.22,False
macd_fast_crossover,earnings_blackout,49,0.4898,0.5747,-4.7665,-233.5598,-318.3567,126.0,0.8163,19.59,False
macd_fast_crossover,multi_tier_partial,49,0.449,0.3873,-1.4407,-70.5942,-80.0048,4.1,1.0,17.96,False
macd_fast_crossover,chandelier_3x,49,0.3878,0.7423,-1.305,-63.9465,-127.8952,21.0,0.9388,15.51,False
macd_fast_crossover,atr_trail_2x,49,0.3469,0.7887,-0.9976,-48.8827,-126.0951,14.5,0.9388,13.88,False
macd_fast_crossover,r_multiple_2r,49,0.3061,0.7251,-1.0051,-49.2514,-99.215,6.9,1.0,12.24,False
macd_fast_crossover,trailing_10pct,49,0.3061,0.6355,-1.9642,-96.2444,-146.8999,20.0,0.9388,12.24,False
macd_fast_crossover,trailing_15pct,49,0.2857,0.4756,-3.7289,-182.7141,-245.9411,41.2,0.9184,11.43,False
macd_fast_crossover,fixed_4r_2r,49,0.2857,0.7131,-2.0102,-98.498,-197.4697,20.7,0.9592,11.43,False
macd_fast_crossover,atr_trail_vix_conditional,49,0.2653,0.6817,-0.8395,-41.1364,-90.724,7.3,0.9796,10.61,False
macd_fast_crossover,trailing_5pct,49,0.2449,0.3482,-1.5659,-76.7282,-77.3345,7.8,1.0,9.8,False
macd_fast_crossover,r_multiple_3r,49,0.2449,0.8269,-0.6782,-33.2301,-105.1451,8.8,1.0,9.8,False
macd_fast_crossover,smc_mitigation_zone,49,0.1633,0.1531,-2.2341,-109.471,-109.614,4.2,1.0,6.53,False
macd_fast_crossover,reverse_signal,49,0.1633,0.1531,-2.2341,-109.471,-109.614,4.2,1.0,6.53,False
macd_fast_crossover,mfe_lockin_trail,49,0.1633,0.1853,-2.1493,-105.3178,-107.7835,4.1,1.0,6.53,False
macd_fast_crossover,atr_trail_mae_conditional,49,0.1633,0.1531,-2.2341,-109.471,-109.614,4.2,1.0,6.53,False
macd_fast_crossover,atr_trail_1x,49,0.1633,0.1531,-2.2341,-109.471,-109.614,4.2,1.0,6.53,False
macd_fast_crossover,break_even_at_1r,49,0.102,0.3366,-1.7472,-85.613,-104.6503,7.3,0.9796,4.08,False
pairs_mean_reversion_long,hybrid_50pct_target,242,0.6157,1.82,3.0682,742.5049,-138.5553,84.5,0.9587,49.23,True
pairs_mean_reversion_long,breakeven_plus_trail,242,0.3058,2.8468,3.9127,946.8797,-102.9498,49.5,0.9669,42.23,False
pairs_mean_reversion_long,next_pivot_target,242,0.781,1.1926,0.4207,101.7993,-98.9623,14.7,0.9876,37.02,False
pairs_mean_reversion_long,earnings_blackout,242,0.5248,1.3651,1.4444,349.5392,-220.5052,53.9,0.9669,31.95,False
pairs_mean_reversion_long,trailing_15pct,242,0.3926,1.5303,3.1998,774.3436,-399.9727,139.4,0.905,31.61,False
pairs_mean_reversion_long,trailing_10pct,242,0.3802,1.533,2.3001,556.634,-297.2025,67.6,0.9711,31.2,False
pairs_mean_reversion_long,regime_flip,242,0.5413,1.277,0.8645,209.2137,-166.7707,28.6,1.0,29.96,False
pairs_mean_reversion_long,time_stop_20d,242,0.5413,1.277,0.8645,209.2137,-166.7707,28.6,1.0,29.96,False
pairs_mean_reversion_long,class_time_stop,242,0.5165,1.2865,1.18,285.5715,-193.6281,42.8,1.0,29.26,False
pairs_mean_reversion_long,atr_trail_2x,242,0.376,1.3201,0.8765,212.1214,-86.6586,20.7,0.9793,24.64,False
pairs_mean_reversion_long,time_stop_10d,242,0.4876,0.9816,-0.048,-11.607,-161.8809,14.3,1.0,19.5,False
pairs_mean_reversion_long,ma_exit_ema9,242,0.4463,0.9314,-0.0728,-17.6191,-57.3428,3.6,1.0,17.85,False
pairs_mean_reversion_long,multi_tier_partial,242,0.4463,0.6611,-0.5842,-141.3654,-150.1744,5.6,1.0,17.85,False
pairs_mean_reversion_long,r_multiple_2r,242,0.3512,1.111,0.2615,63.2918,-87.3102,9.7,0.9959,17.38,False
pairs_mean_reversion_long,r_multiple_3r,242,0.2851,1.1511,0.4011,97.0682,-97.0209,12.8,0.9959,15.94,False
pairs_mean_reversion_long,break_even_at_1r,242,0.1529,1.3198,0.5884,142.3863,-141.3388,21.9,0.9876,15.71,False
pairs_mean_reversion_long,fixed_4r_2r,242,0.343,1.0421,0.1895,45.8655,-274.2901,30.3,0.9711,14.98,False
pairs_mean_reversion_long,trailing_5pct,242,0.3264,0.9709,-0.0744,-18.0011,-205.6711,18.4,0.9835,13.06,False
pairs_mean_reversion_long,reverse_signal,242,0.3182,0.5167,-0.8836,-213.8221,-214.2204,6.0,0.9959,12.73,False
pairs_mean_reversion_long,smc_mitigation_zone,242,0.3182,0.5167,-0.8836,-213.8221,-214.2204,6.0,0.9959,12.73,False
pairs_mean_reversion_long,atr_trail_mae_conditional,242,0.3182,0.5167,-0.8836,-213.8221,-214.2204,6.0,0.9959,12.73,False
pairs_mean_reversion_long,mfe_lockin_trail,242,0.3182,0.5479,-0.8266,-200.0434,-201.2913,5.5,0.9959,12.73,False
pairs_mean_reversion_long,atr_trail_1x,242,0.3182,0.5167,-0.8836,-213.8221,-214.2204,6.0,0.9959,12.73,False
pairs_mean_reversion_long,atr_trail_vix_conditional,242,0.3099,0.7269,-0.529,-128.0296,-217.8808,8.2,0.9917,12.4,False
pairs_mean_reversion_long,chandelier_3x,242,0.095,0.8194,-0.1454,-35.1964,-79.0739,7.0,0.9959,3.8,False
awesome_oscillator,breakeven_plus_trail,42,0.381,1.7611,3.44,144.4804,-65.496,25.1,1.0,38.07,True
awesome_oscillator,time_stop_20d,42,0.5714,1.4037,2.3811,100.0046,-89.3812,28.9,1.0,34.97,False
awesome_oscillator,regime_flip,42,0.5714,1.4037,2.3811,100.0046,-89.3812,28.9,1.0,34.97,False
awesome_oscillator,class_time_stop,42,0.5476,1.3189,2.1823,91.6566,-123.2723,36.2,1.0,31.47,False
awesome_oscillator,time_stop_10d,42,0.5238,1.2697,1.2255,51.4721,-92.3622,14.4,1.0,29.04,False
awesome_oscillator,next_pivot_target,42,0.6667,0.6943,-1.0282,-43.1864,-71.0617,5.3,1.0,26.67,False
awesome_oscillator,r_multiple_2r,42,0.381,1.317,1.1139,46.782,-63.8721,6.4,1.0,24.75,False
awesome_oscillator,earnings_blackout,42,0.5952,0.7855,-3.2944,-138.3637,-439.8444,187.9,0.881,23.81,False
awesome_oscillator,hybrid_50pct_target,42,0.4762,0.2898,-19.8766,-834.8177,-1020.4491,106.1,0.9524,19.05,False
awesome_oscillator,trailing_15pct,42,0.4048,1.0872,0.6099,25.6145,-97.8085,40.8,0.9762,18.81,False
awesome_oscillator,r_multiple_3r,42,0.2619,1.2498,1.0236,42.9896,-62.9859,8.9,1.0,17.97,False
awesome_oscillator,ma_exit_ema9,42,0.2857,1.2148,0.7728,32.4586,-54.3635,10.5,1.0,17.87,False
awesome_oscillator,chandelier_3x,42,0.3095,1.159,0.814,34.19,-79.3324,22.9,1.0,17.15,False
awesome_oscillator,break_even_at_1r,42,0.1905,1.2978,0.9013,37.8555,-55.7447,8.7,1.0,16.55,False
awesome_oscillator,multi_tier_partial,42,0.381,0.58,-1.233,-51.7869,-71.2444,4.7,1.0,15.24,False
awesome_oscillator,fixed_4r_2r,42,0.3095,1.0472,0.3551,14.9149,-126.7398,23.9,0.9762,13.8,False
awesome_oscillator,mfe_lockin_trail,42,0.3095,0.4958,-1.4926,-62.6881,-81.6041,4.7,1.0,12.38,False
awesome_oscillator,atr_trail_2x,42,0.3095,0.7591,-1.3069,-54.8917,-109.1075,16.4,1.0,12.38,False
awesome_oscillator,smc_mitigation_zone,42,0.2857,0.5064,-1.4706,-61.7652,-77.7538,4.9,1.0,11.43,False
awesome_oscillator,reverse_signal,42,0.2857,0.5064,-1.4706,-61.7652,-77.7538,4.9,1.0,11.43,False
awesome_oscillator,trailing_10pct,42,0.2857,0.8033,-1.0791,-45.3228,-102.8428,16.3,1.0,11.43,False
awesome_oscillator,atr_trail_mae_conditional,42,0.2857,0.5064,-1.4706,-61.7652,-77.7538,4.9,1.0,11.43,False
awesome_oscillator,atr_trail_1x,42,0.2857,0.5064,-1.4706,-61.7652,-77.7538,4.9,1.0,11.43,False
awesome_oscillator,atr_trail_vix_conditional,42,0.2619,0.7034,-0.9901,-41.5838,-86.1436,7.7,1.0,10.48,False
awesome_oscillator,trailing_5pct,42,0.119,0.1919,-2.4424,-102.5789,-106.3378,5.4,1.0,4.76,False
stochrsi_overbought_short,class_time_stop,80,0.6375,2.1402,3.7692,301.5347,-94.3494,36.1,1.0,55.5,True
stochrsi_overbought_short,time_stop_20d,80,0.6125,2.0386,3.1837,254.6927,-88.7892,28.9,1.0,54.5,False
stochrsi_overbought_short,regime_flip,80,0.6125,2.0386,3.1837,254.6927,-88.7892,28.9,1.0,54.5,False
stochrsi_overbought_short,breakeven_plus_trail,80,0.4375,4.4223,5.8267,466.136,-44.5492,38.1,1.0,47.5,False
stochrsi_overbought_short,time_stop_10d,80,0.6125,1.7154,1.6936,135.4866,-60.0278,14.4,1.0,45.96,False
stochrsi_overbought_short,trailing_15pct,80,0.5375,1.7615,3.3036,264.2856,-107.0623,82.3,1.0,44.34,False
stochrsi_overbought_short,fixed_4r_2r,80,0.4875,1.7594,3.3079,264.6303,-63.1352,27.8,1.0,42.28,False
stochrsi_overbought_short,next_pivot_target,80,0.8,1.2261,0.3937,31.494,-33.4289,8.5,1.0,38.78,False
stochrsi_overbought_short,hybrid_50pct_target,80,0.8875,0.5212,-8.4044,-672.3551,-751.1617,154.8,0.875,35.5,False
stochrsi_overbought_short,chandelier_3x,80,0.075,2.4941,0.6044,48.354,-19.1479,4.3,1.0,34.28,False
stochrsi_overbought_short,r_multiple_2r,80,0.4,1.4578,1.0835,86.6784,-43.6786,7.3,1.0,29.73,False
stochrsi_overbought_short,atr_trail_2x,80,0.4125,1.4222,1.2306,98.4519,-55.3486,20.2,1.0,29.17,False
stochrsi_overbought_short,r_multiple_3r,80,0.325,1.3598,0.9927,79.4134,-37.1182,11.6,1.0,23.79,False
stochrsi_overbought_short,earnings_blackout,80,0.575,0.6299,-4.6492,-371.9368,-434.6367,120.3,0.8875,23.0,False
stochrsi_overbought_short,break_even_at_1r,80,0.175,1.458,0.8513,68.1007,-39.1292,12.2,1.0,20.74,False
stochrsi_overbought_short,trailing_10pct,80,0.4,1.1156,0.4856,38.8449,-66.8468,36.0,1.0,19.47,False
stochrsi_overbought_short,ma_exit_ema9,80,0.425,1.0755,0.0765,6.1189,-30.8196,2.5,1.0,19.26,False
stochrsi_overbought_short,multi_tier_partial,80,0.4625,0.8315,-0.3022,-24.179,-41.0167,4.9,1.0,18.5,False
stochrsi_overbought_short,trailing_5pct,80,0.325,0.8152,-0.4788,-38.3029,-62.6868,11.1,1.0,13.0,False
stochrsi_overbought_short,reverse_signal,80,0.325,0.8139,-0.3512,-28.0981,-54.4165,5.5,1.0,13.0,False
stochrsi_overbought_short,atr_trail_mae_conditional,80,0.325,0.8139,-0.3512,-28.0981,-54.4165,5.5,1.0,13.0,False
stochrsi_overbought_short,mfe_lockin_trail,80,0.325,0.7332,-0.5036,-40.2874,-54.3312,5.2,1.0,13.0,False
stochrsi_overbought_short,smc_mitigation_zone,80,0.325,0.8139,-0.3512,-28.0981,-54.4165,5.5,1.0,13.0,False
stochrsi_overbought_short,atr_trail_1x,80,0.325,0.8139,-0.3512,-28.0981,-54.4165,5.5,1.0,13.0,False
stochrsi_overbought_short,atr_trail_vix_conditional,80,0.2625,1.0306,0.0601,4.8098,-58.2459,6.0,1.0,11.42,False
cpr_narrow_momentum,time_stop_10d,68,0.5882,1.6783,2.5642,174.3678,-90.961,14.4,1.0,43.88,True
cpr_narrow_momentum,breakeven_plus_trail,68,0.4853,1.6752,3.1442,213.8051,-148.4523,27.3,0.9853,39.67,False
cpr_narrow_momentum,regime_flip,68,0.5735,1.5112,2.6265,178.6016,-170.1893,28.5,1.0,38.28,False
cpr_narrow_momentum,time_stop_20d,68,0.5735,1.5112,2.6265,178.6016,-170.1893,28.5,1.0,38.28,False
cpr_narrow_momentum,r_multiple_3r,68,0.3676,1.6833,2.7051,183.9499,-127.7247,13.1,0.9853,35.2,False
cpr_narrow_momentum,ma_exit_ema9,68,0.2647,1.657,1.3662,92.9027,-66.4184,7.2,1.0,30.3,False
cpr_narrow_momentum,hybrid_50pct_target,68,0.75,0.4559,-13.4478,-914.4473,-1229.932,212.7,0.7206,30.0,False
cpr_narrow_momentum,next_pivot_target,68,0.75,0.7631,-0.7063,-48.029,-161.0474,7.4,0.9853,30.0,False
cpr_narrow_momentum,trailing_15pct,68,0.4706,1.3038,1.6001,108.8057,-166.4777,41.6,0.9853,27.94,False
cpr_narrow_momentum,r_multiple_2r,68,0.3971,1.2629,0.9892,67.2633,-127.077,9.0,0.9853,23.77,False
cpr_narrow_momentum,earnings_blackout,68,0.5588,0.4911,-9.0764,-617.1976,-786.1284,151.2,0.7647,22.35,False
cpr_narrow_momentum,fixed_4r_2r,68,0.4265,1.1396,1.1327,77.0264,-238.5397,32.5,0.9706,21.25,False
cpr_narrow_momentum,chandelier_3x,68,0.3088,1.2535,0.8395,57.0846,-107.1703,17.2,0.9853,19.96,False
cpr_narrow_momentum,atr_trail_2x,68,0.4559,1.0526,0.2635,17.9198,-178.4865,21.0,0.9853,19.81,False
cpr_narrow_momentum,trailing_10pct,68,0.4118,1.1084,0.4542,30.8824,-162.0854,23.2,0.9853,19.72,False
cpr_narrow_momentum,class_time_stop,68,0.4853,0.8865,-0.9632,-65.4945,-317.6044,42.3,1.0,19.41,False
cpr_narrow_momentum,multi_tier_partial,68,0.4559,0.8874,-0.3175,-21.5904,-115.6626,7.6,1.0,18.24,False
cpr_narrow_momentum,reverse_signal,68,0.3676,0.8568,-0.4149,-28.2103,-119.9417,7.8,0.9853,14.7,False
cpr_narrow_momentum,smc_mitigation_zone,68,0.3676,0.8568,-0.4149,-28.2103,-119.9417,7.8,0.9853,14.7,False
cpr_narrow_momentum,mfe_lockin_trail,68,0.3676,0.9463,-0.1555,-10.5738,-115.544,7.5,0.9853,14.7,False
cpr_narrow_momentum,atr_trail_mae_conditional,68,0.3676,0.8568,-0.4149,-28.2103,-119.9417,7.8,0.9853,14.7,False
cpr_narrow_momentum,atr_trail_1x,68,0.3676,0.8568,-0.4149,-28.2103,-119.9417,7.8,0.9853,14.7,False
cpr_narrow_momentum,atr_trail_vix_conditional,68,0.3382,0.7018,-1.0719,-72.89,-130.6831,11.5,0.9853,13.53,False
cpr_narrow_momentum,trailing_5pct,68,0.3088,0.4178,-1.5625,-106.2521,-126.3009,7.6,1.0,12.35,False
cpr_narrow_momentum,break_even_at_1r,68,0.25,0.8181,-0.6056,-41.178,-142.7233,10.7,0.9853,10.0,False
break_retest_volume,next_pivot_target,50,0.86,2.1996,1.3994,69.9707,-11.8508,6.1,0.98,76.62,True
break_retest_volume,breakeven_plus_trail,50,0.4,2.3171,5.0299,251.4939,-85.3423,32.0,0.96,46.0,False
break_retest_volume,time_stop_10d,50,0.62,1.3947,1.576,78.8005,-66.3783,14.1,1.0,36.64,False
break_retest_volume,time_stop_20d,50,0.54,1.1694,1.1179,55.8931,-120.4831,28.0,1.0,26.68,False
break_retest_volume,regime_flip,50,0.54,1.1694,1.1179,55.8931,-120.4831,28.0,1.0,26.68,False
break_retest_volume,r_multiple_2r,50,0.38,1.3017,0.9841,49.2067,-48.3712,6.7,1.0,24.25,False
break_retest_volume,earnings_blackout,50,0.6,0.5682,-8.3188,-415.9388,-766.5891,143.6,0.82,24.0,False
break_retest_volume,hybrid_50pct_target,50,0.52,0.4037,-10.1756,-508.7798,-692.5539,101.5,0.9,20.8,False
break_retest_volume,class_time_stop,50,0.52,0.9648,-0.2577,-12.8855,-182.1852,34.8,1.0,20.8,False
break_retest_volume,trailing_10pct,50,0.36,1.1965,0.7123,35.617,-43.5686,30.3,0.98,20.29,False
break_retest_volume,ma_exit_ema9,50,0.32,1.2298,0.569,28.4499,-49.733,8.7,1.0,19.69,False
break_retest_volume,trailing_15pct,50,0.4,1.1108,0.6986,34.9278,-102.7664,53.2,0.9,19.32,False
break_retest_volume,multi_tier_partial,50,0.46,0.8447,-0.3463,-17.3144,-35.6712,4.6,1.0,18.4,False
break_retest_volume,fixed_4r_2r,50,0.36,1.0682,0.4766,23.8318,-115.4066,27.3,0.98,16.45,False
break_retest_volume,atr_trail_2x,50,0.38,1.0058,0.0237,1.186,-62.4733,19.7,0.98,15.37,False
break_retest_volume,atr_trail_vix_conditional,50,0.32,0.4667,-1.4265,-71.3259,-72.9897,7.3,1.0,12.8,False
break_retest_volume,chandelier_3x,50,0.32,0.8133,-1.0293,-51.4638,-130.7958,21.8,0.98,12.8,False
break_retest_volume,smc_mitigation_zone,50,0.28,0.4733,-1.2674,-63.3693,-69.8517,4.9,1.0,11.2,False
break_retest_volume,atr_trail_mae_conditional,50,0.28,0.4733,-1.2674,-63.3693,-69.8517,4.9,1.0,11.2,False
break_retest_volume,mfe_lockin_trail,50,0.28,0.5916,-0.9827,-49.1354,-58.4736,4.6,1.0,11.2,False
break_retest_volume,reverse_signal,50,0.28,0.4733,-1.2674,-63.3693,-69.8517,4.9,1.0,11.2,False
break_retest_volume,atr_trail_1x,50,0.28,0.4733,-1.2674,-63.3693,-69.8517,4.9,1.0,11.2,False
break_retest_volume,trailing_5pct,50,0.22,0.3573,-1.5785,-78.9248,-77.766,8.0,1.0,8.8,False
break_retest_volume,r_multiple_3r,50,0.2,0.9028,-0.3995,-19.9767,-62.2619,10.9,1.0,8.0,False
break_retest_volume,break_even_at_1r,50,0.14,0.9499,-0.1365,-6.8242,-52.7141,13.3,1.0,5.6,False
avwap_252_breakout,hybrid_50pct_target,40,0.85,2.062,6.7703,270.8138,-133.3681,238.6,0.925,64.0,True
avwap_252_breakout,breakeven_plus_trail,40,0.5,2.0386,3.5448,141.7915,-51.002,41.3,1.0,50.0,False
avwap_252_breakout,earnings_blackout,40,0.6,1.448,2.9075,116.302,-103.3285,206.3,0.9,37.44,False
avwap_252_breakout,next_pivot_target,40,0.625,1.1317,0.4848,19.3901,-38.0819,36.6,1.0,28.95,False
avwap_252_breakout,trailing_10pct,40,0.4,1.3295,1.3165,52.6615,-27.7874,41.9,1.0,25.88,False
avwap_252_breakout,class_time_stop,40,0.55,1.1264,0.8227,32.9096,-121.2091,43.4,1.0,25.79,False
avwap_252_breakout,trailing_15pct,40,0.4,1.2999,1.8521,74.0848,-66.7356,94.8,0.975,25.0,False
avwap_252_breakout,time_stop_10d,40,0.525,0.6399,-2.3131,-92.5224,-199.7478,14.5,1.0,21.0,False
avwap_252_breakout,time_stop_20d,40,0.5,0.5933,-3.4885,-139.5392,-212.5095,28.8,1.0,20.0,False
avwap_252_breakout,regime_flip,40,0.5,0.5933,-3.4885,-139.5392,-212.5095,28.8,1.0,20.0,False
avwap_252_breakout,fixed_4r_2r,40,0.4,1.0942,0.7053,28.2114,-63.8671,55.5,1.0,18.83,False
avwap_252_breakout,multi_tier_partial,40,0.45,0.3553,-2.1578,-86.3107,-95.2432,4.5,1.0,18.0,False
avwap_252_breakout,atr_trail_2x,40,0.375,0.7715,-1.2732,-50.927,-58.0099,22.1,1.0,15.0,False
avwap_252_breakout,r_multiple_2r,40,0.3,0.964,-0.1615,-6.4614,-61.9222,32.8,1.0,12.0,False
avwap_252_breakout,ma_exit_ema9,40,0.3,0.4694,-1.4897,-59.5872,-58.5016,7.0,1.0,12.0,False
avwap_252_breakout,chandelier_3x,40,0.275,0.7278,-1.1559,-46.2348,-68.6836,15.3,1.0,11.0,False
avwap_252_breakout,smc_mitigation_zone,40,0.225,0.2075,-2.7819,-111.2744,-116.3436,5.0,1.0,9.0,False
avwap_252_breakout,trailing_5pct,40,0.225,0.7152,-0.7195,-28.7797,-32.9421,11.8,1.0,9.0,False
avwap_252_breakout,atr_trail_mae_conditional,40,0.225,0.2075,-2.7819,-111.2744,-116.3436,5.0,1.0,9.0,False
avwap_252_breakout,mfe_lockin_trail,40,0.225,0.1929,-2.8331,-113.3231,-119.1016,4.9,1.0,9.0,False
avwap_252_breakout,atr_trail_vix_conditional,40,0.225,0.3526,-2.6924,-107.6963,-117.0063,9.8,1.0,9.0,False
avwap_252_breakout,reverse_signal,40,0.225,0.2075,-2.7819,-111.2744,-116.3436,5.0,1.0,9.0,False
avwap_252_breakout,atr_trail_1x,40,0.225,0.2075,-2.7819,-111.2744,-116.3436,5.0,1.0,9.0,False
avwap_252_breakout,r_multiple_3r,40,0.225,0.8498,-0.7405,-29.6217,-72.8829,35.5,1.0,9.0,False
avwap_252_breakout,break_even_at_1r,40,0.125,0.6183,-1.3908,-55.6312,-81.8985,12.0,1.0,5.0,False
golden_cross_9_21,breakeven_plus_trail,37,0.4054,1.3409,2.0261,74.9645,-80.7352,24.9,0.973,26.44,True
golden_cross_9_21,chandelier_3x,37,0.2973,1.4104,2.752,101.8223,-105.659,19.8,0.973,24.2,False
golden_cross_9_21,next_pivot_target,37,0.5676,1.0038,0.0182,0.6724,-100.866,8.5,0.973,22.82,False
golden_cross_9_21,fixed_4r_2r,37,0.3784,1.2306,1.6806,62.1829,-136.7694,21.3,0.973,22.05,False
golden_cross_9_21,class_time_stop,37,0.4595,0.8664,-1.9238,-71.1793,-340.7066,67.7,1.0,18.38,False
golden_cross_9_21,earnings_blackout,37,0.4595,0.4864,-7.0934,-262.4547,-379.9803,45.7,0.8919,18.38,False
golden_cross_9_21,multi_tier_partial,37,0.4324,0.4758,-1.5799,-58.4554,-70.3963,4.2,1.0,17.3,False
golden_cross_9_21,hybrid_50pct_target,37,0.4324,0.2823,-16.4486,-608.5992,-712.9436,33.0,0.9459,17.3,False
golden_cross_9_21,time_stop_10d,37,0.4324,0.7187,-2.1792,-80.6298,-137.3291,14.4,1.0,17.3,False
golden_cross_9_21,r_multiple_3r,37,0.2973,1.1611,0.7102,26.2756,-66.0213,8.2,1.0,16.73,False
golden_cross_9_21,atr_trail_2x,37,0.3514,0.7537,-1.3989,-51.7585,-117.0,14.9,0.973,14.06,False
golden_cross_9_21,time_stop_20d,37,0.3514,0.8201,-1.9304,-71.4245,-163.5415,27.9,1.0,14.06,False
golden_cross_9_21,regime_flip,37,0.3514,0.8201,-1.9304,-71.4245,-163.5415,27.9,1.0,14.06,False
golden_cross_9_21,r_multiple_2r,37,0.3243,0.9332,-0.2785,-10.3058,-63.6351,5.9,1.0,12.97,False
golden_cross_9_21,trailing_15pct,37,0.2973,0.6787,-2.5728,-95.1935,-128.9961,29.4,0.973,11.89,False
golden_cross_9_21,trailing_10pct,37,0.2973,0.5614,-2.3676,-87.6017,-109.4934,14.1,0.973,11.89,False
golden_cross_9_21,ma_exit_ema9,37,0.2703,0.9351,-0.3023,-11.1838,-85.5572,11.1,1.0,10.81,False
golden_cross_9_21,trailing_5pct,37,0.2162,0.2948,-1.9677,-72.8054,-83.6844,4.6,1.0,8.65,False
golden_cross_9_21,mfe_lockin_trail,37,0.1351,0.1231,-2.9388,-108.737,-107.8374,4.0,1.0,5.4,False
golden_cross_9_21,smc_mitigation_zone,37,0.1351,0.1756,-2.7628,-102.2227,-101.3231,4.4,1.0,5.4,False
golden_cross_9_21,atr_trail_vix_conditional,37,0.1351,0.2235,-3.0244,-111.9021,-111.5814,5.3,1.0,5.4,False
golden_cross_9_21,reverse_signal,37,0.1351,0.1756,-2.7628,-102.2227,-101.3231,4.4,1.0,5.4,False
golden_cross_9_21,atr_trail_mae_conditional,37,0.1351,0.1756,-2.7628,-102.2227,-101.3231,4.4,1.0,5.4,False
golden_cross_9_21,atr_trail_1x,37,0.1351,0.1756,-2.7628,-102.2227,-101.3231,4.4,1.0,5.4,False
golden_cross_9_21,break_even_at_1r,37,0.1351,0.3494,-2.4493,-90.6236,-90.3029,7.2,1.0,5.4,False
ichimoku_tk_cross,hybrid_50pct_target,16,0.6875,2.9438,5.036,80.5763,-10.0,50.8,0.9375,72.5,True
ichimoku_tk_cross,atr_trail_2x,16,0.625,2.6522,4.098,65.5685,-14.958,29.6,1.0,62.56,False
ichimoku_tk_cross,regime_flip,16,0.75,2.7542,4.6649,74.6391,-26.3766,28.4,1.0,60.0,False
ichimoku_tk_cross,time_stop_20d,16,0.75,2.7542,4.6649,74.6391,-26.3766,28.4,1.0,60.0,False
ichimoku_tk_cross,trailing_10pct,16,0.5625,1.7515,2.0835,33.3362,-11.0739,42.0,1.0,58.43,False
ichimoku_tk_cross,breakeven_plus_trail,16,0.5,4.6622,6.8144,109.0306,-14.958,49.3,1.0,57.56,False
ichimoku_tk_cross,time_stop_10d,16,0.5625,1.9069,2.1264,34.0217,-15.1671,14.6,1.0,56.96,False
ichimoku_tk_cross,earnings_blackout,16,0.6875,1.93,9.1114,145.7818,-83.1727,162.8,0.75,55.4,False
ichimoku_tk_cross,next_pivot_target,16,0.6875,1.9173,2.1628,34.6042,-20.2625,14.7,1.0,55.02,False
ichimoku_tk_cross,class_time_stop,16,0.6875,1.9109,5.5083,88.1327,-56.3205,67.6,1.0,54.83,False
ichimoku_tk_cross,fixed_4r_2r,16,0.5625,3.1061,7.084,113.3443,-19.6837,40.8,0.9375,52.97,False
ichimoku_tk_cross,chandelier_3x,16,0.4375,1.7516,2.3666,37.865,-17.9839,33.4,1.0,43.07,False
ichimoku_tk_cross,ma_exit_ema9,16,0.5625,1.6573,1.3964,22.3432,-21.6759,13.9,1.0,42.22,False
ichimoku_tk_cross,r_multiple_2r,16,0.5,1.4582,1.1822,18.9144,-20.0744,7.6,1.0,33.75,False
ichimoku_tk_cross,atr_trail_vix_conditional,16,0.4375,1.5043,0.9601,15.3622,-21.6135,11.4,1.0,32.63,False
ichimoku_tk_cross,trailing_15pct,16,0.375,1.5426,2.4474,39.1588,-24.4403,66.0,0.9375,31.28,False
ichimoku_tk_cross,multi_tier_partial,16,0.5625,1.1448,0.279,4.4639,-17.1586,6.6,1.0,31.11,False
ichimoku_tk_cross,smc_mitigation_zone,16,0.5,1.1152,0.2233,3.573,-17.1586,7.2,1.0,27.72,False
ichimoku_tk_cross,atr_trail_1x,16,0.5,1.1152,0.2233,3.573,-17.1586,7.2,1.0,27.72,False
ichimoku_tk_cross,atr_trail_mae_conditional,16,0.5,1.1152,0.2233,3.573,-17.1586,7.2,1.0,27.72,False
ichimoku_tk_cross,reverse_signal,16,0.5,1.1152,0.2233,3.573,-17.1586,7.2,1.0,27.72,False
ichimoku_tk_cross,r_multiple_3r,16,0.3125,1.4096,1.2655,20.2486,-20.0744,14.9,1.0,24.79,False
ichimoku_tk_cross,mfe_lockin_trail,16,0.5,0.9696,-0.0589,-0.9427,-17.1586,5.9,1.0,24.26,False
ichimoku_tk_cross,trailing_5pct,16,0.4375,1.0453,0.0958,1.5321,-18.9675,15.2,1.0,20.41,False
ichimoku_tk_cross,break_even_at_1r,16,0.25,0.7093,-0.5525,-8.8407,-16.0951,18.4,1.0,15.86,False
pivot_r1_breakout,earnings_blackout,24,0.375,2.3197,13.2388,317.7315,-194.8071,173.1,0.7917,45.0,True
pivot_r1_breakout,reverse_signal,24,0.4167,1.1402,0.1631,3.9152,-10.3537,1.5,1.0,35.34,False
pivot_r1_breakout,next_pivot_target,24,0.7083,1.1579,0.4399,10.5576,-28.1799,10.4,1.0,33.07,False
pivot_r1_breakout,multi_tier_partial,24,0.4583,0.4493,-1.0545,-25.3084,-25.3911,5.4,1.0,18.33,False
pivot_r1_breakout,regime_flip,24,0.4167,0.6706,-1.8523,-44.4548,-74.8068,29.0,1.0,16.67,False
pivot_r1_breakout,time_stop_20d,24,0.4167,0.6706,-1.8523,-44.4548,-74.8068,29.0,1.0,16.67,False
pivot_r1_breakout,class_time_stop,24,0.4167,0.8539,-0.4404,-10.5696,-35.4359,10.0,1.0,16.67,False
pivot_r1_breakout,hybrid_50pct_target,24,0.375,0.6751,-2.0304,-48.729,-56.7255,39.4,0.9167,15.0,False
pivot_r1_breakout,time_stop_10d,24,0.3333,0.6515,-1.1287,-27.0878,-37.8111,14.7,1.0,13.33,False
pivot_r1_breakout,breakeven_plus_trail,24,0.3333,0.9613,-0.1546,-3.7109,-53.8973,31.7,0.9167,13.33,False
pivot_r1_breakout,fixed_4r_2r,24,0.2917,0.5035,-3.7916,-90.998,-124.397,27.0,0.9167,11.67,False
pivot_r1_breakout,ma_exit_ema9,24,0.2917,0.3878,-1.9812,-47.5494,-44.8224,8.9,1.0,11.67,False
pivot_r1_breakout,trailing_15pct,24,0.25,0.3333,-4.8091,-115.4189,-114.4549,42.1,0.9583,10.0,False
pivot_r1_breakout,chandelier_3x,24,0.25,0.3136,-3.2098,-77.0341,-73.7748,17.1,1.0,10.0,False
pivot_r1_breakout,r_multiple_2r,24,0.25,0.8581,-0.5296,-12.7093,-45.8422,8.7,1.0,10.0,False
pivot_r1_breakout,atr_trail_2x,24,0.2083,0.1538,-4.2283,-101.4782,-96.501,17.2,1.0,8.33,False
pivot_r1_breakout,trailing_10pct,24,0.2083,0.1788,-3.9937,-95.8496,-90.299,17.6,0.9583,8.33,False
pivot_r1_breakout,trailing_5pct,24,0.125,0.1324,-2.3764,-57.0329,-52.0445,7.4,1.0,5.0,False
pivot_r1_breakout,atr_trail_mae_conditional,24,0.0833,0.1166,-2.2254,-53.4089,-50.9203,5.8,1.0,3.33,False
pivot_r1_breakout,smc_mitigation_zone,24,0.0833,0.1166,-2.2254,-53.4089,-50.9203,5.8,1.0,3.33,False
pivot_r1_breakout,atr_trail_vix_conditional,24,0.0833,0.0948,-2.8031,-67.2734,-65.407,6.3,1.0,3.33,False
pivot_r1_breakout,mfe_lockin_trail,24,0.0833,0.1281,-2.1963,-52.7105,-50.2219,5.8,1.0,3.33,False
pivot_r1_breakout,atr_trail_1x,24,0.0833,0.1166,-2.2254,-53.4089,-50.9203,5.8,1.0,3.33,False
pivot_r1_breakout,r_multiple_3r,24,0.0833,0.2793,-3.4555,-82.9312,-80.4426,12.3,1.0,3.33,False
pivot_r1_breakout,break_even_at_1r,24,0.0417,0.0671,-2.5128,-60.3077,-57.8191,6.7,1.0,1.67,False
break_retest_confluence,breakeven_plus_trail,17,0.3529,2.3715,4.7486,80.7269,-35.3156,34.8,1.0,44.12,True
break_retest_confluence,hybrid_50pct_target,17,0.7059,1.2194,1.3531,23.0021,-76.2018,136.6,0.8824,34.82,False
break_retest_confluence,trailing_15pct,17,0.4118,1.5553,3.7106,63.0796,-57.922,77.4,1.0,33.13,False
break_retest_confluence,next_pivot_target,17,0.7647,0.9627,-0.0881,-1.4982,-20.1408,9.2,1.0,30.59,False
break_retest_confluence,class_time_stop,17,0.4706,1.2503,1.436,24.4125,-61.761,43.9,1.0,26.33,False
break_retest_confluence,earnings_blackout,17,0.5294,1.1664,1.407,23.919,-83.5878,94.6,0.9412,26.17,False
break_retest_confluence,chandelier_3x,17,0.2353,1.5061,1.5951,27.1159,-30.6868,21.1,1.0,24.6,False
break_retest_confluence,time_stop_10d,17,0.5294,0.8412,-0.7425,-12.6223,-33.8894,14.9,1.0,21.18,False
break_retest_confluence,atr_trail_2x,17,0.3529,1.1143,0.474,8.0581,-34.1981,18.9,1.0,17.55,False
break_retest_confluence,regime_flip,17,0.4118,0.7314,-2.3023,-39.1396,-97.8791,29.2,1.0,16.47,False
break_retest_confluence,time_stop_20d,17,0.4118,0.7314,-2.3023,-39.1396,-97.8791,29.2,1.0,16.47,False
break_retest_confluence,trailing_5pct,17,0.2941,0.3674,-1.506,-25.6018,-24.3659,14.1,1.0,11.76,False
break_retest_confluence,fixed_4r_2r,17,0.2353,0.7728,-1.4394,-24.4699,-43.5837,22.1,1.0,9.41,False
break_retest_confluence,multi_tier_partial,17,0.2353,0.1237,-2.4437,-41.5421,-42.1925,4.6,1.0,9.41,False
break_retest_confluence,r_multiple_2r,17,0.2353,0.5777,-1.4379,-24.444,-34.7757,8.7,1.0,9.41,False
break_retest_confluence,trailing_10pct,17,0.1765,0.3355,-3.8106,-64.7807,-72.0164,25.1,1.0,7.06,False
break_retest_confluence,break_even_at_1r,17,0.1176,0.5679,-1.2538,-21.3153,-35.7842,11.2,1.0,4.7,False
break_retest_confluence,r_multiple_3r,17,0.1176,0.6112,-1.4677,-24.9506,-41.061,11.5,1.0,4.7,False
break_retest_confluence,ma_exit_ema9,17,0.1176,0.0494,-1.8915,-32.1557,-31.6174,2.5,1.0,4.7,False
break_retest_confluence,mfe_lockin_trail,17,0.0588,0.0481,-2.8704,-48.7965,-48.1426,4.7,1.0,2.35,False
break_retest_confluence,atr_trail_vix_conditional,17,0.0588,0.0555,-3.2845,-55.8372,-55.7302,5.9,1.0,2.35,False
break_retest_confluence,reverse_signal,17,0.0588,0.0481,-2.8704,-48.7965,-48.1426,4.7,1.0,2.35,False
break_retest_confluence,atr_trail_mae_conditional,17,0.0588,0.0481,-2.8704,-48.7965,-48.1426,4.7,1.0,2.35,False
break_retest_confluence,smc_mitigation_zone,17,0.0588,0.0481,-2.8704,-48.7965,-48.1426,4.7,1.0,2.35,False
break_retest_confluence,atr_trail_1x,17,0.0588,0.0481,-2.8704,-48.7965,-48.1426,4.7,1.0,2.35,False
ichimoku_cloud_breakout,breakeven_plus_trail,90,0.3444,1.6961,3.557,320.1335,-134.6558,27.8,0.9889,34.66,True
ichimoku_cloud_breakout,next_pivot_target,90,0.7,0.5784,-1.407,-126.6273,-128.1784,7.1,1.0,28.0,False
ichimoku_cloud_breakout,regime_flip,90,0.4778,1.2152,1.4013,126.1168,-232.9897,28.8,1.0,25.57,False
ichimoku_cloud_breakout,time_stop_20d,90,0.4778,1.2152,1.4013,126.1168,-232.9897,28.8,1.0,25.57,False
ichimoku_cloud_breakout,hybrid_50pct_target,90,0.5778,0.2488,-30.9275,-2783.4792,-3039.9409,220.9,0.7556,23.11,False
ichimoku_cloud_breakout,time_stop_10d,90,0.4222,1.1185,0.603,54.2668,-181.1155,14.4,1.0,20.44,False
ichimoku_cloud_breakout,class_time_stop,90,0.4667,1.0519,0.6169,55.5193,-484.2323,70.6,1.0,20.23,False
ichimoku_cloud_breakout,earnings_blackout,90,0.4333,0.8215,-2.3171,-208.537,-726.9426,154.8,0.8333,17.33,False
ichimoku_cloud_breakout,atr_trail_2x,90,0.3444,0.7507,-1.5169,-136.5211,-267.2984,21.3,0.9889,13.78,False
ichimoku_cloud_breakout,trailing_15pct,90,0.3333,0.8728,-0.9739,-87.6541,-346.4378,59.2,0.9667,13.33,False
ichimoku_cloud_breakout,multi_tier_partial,90,0.2889,0.4755,-1.8298,-164.6783,-217.1063,5.7,1.0,11.56,False
ichimoku_cloud_breakout,fixed_4r_2r,90,0.2889,0.8364,-1.4884,-133.9578,-395.4634,34.4,1.0,11.56,False
ichimoku_cloud_breakout,r_multiple_2r,90,0.2889,0.9342,-0.2905,-26.1424,-151.1982,10.2,1.0,11.56,False
ichimoku_cloud_breakout,ma_exit_ema9,90,0.2556,0.6159,-0.9822,-88.3966,-173.2176,4.7,1.0,10.22,False
ichimoku_cloud_breakout,trailing_10pct,90,0.2556,0.5428,-2.6113,-235.02,-310.6988,33.2,0.9889,10.22,False
ichimoku_cloud_breakout,atr_trail_vix_conditional,90,0.2222,0.5476,-2.0955,-188.5946,-238.1777,9.9,1.0,8.89,False
ichimoku_cloud_breakout,r_multiple_3r,90,0.2222,0.9381,-0.3155,-28.3938,-187.1688,13.7,1.0,8.89,False
ichimoku_cloud_breakout,chandelier_3x,90,0.2111,0.8512,-0.7771,-69.941,-301.5351,14.6,0.9889,8.44,False
ichimoku_cloud_breakout,trailing_5pct,90,0.2,0.1973,-2.3266,-209.3928,-213.3284,9.2,1.0,8.0,False
ichimoku_cloud_breakout,break_even_at_1r,90,0.2,0.5972,-1.3795,-124.1562,-159.2505,9.8,1.0,8.0,False
ichimoku_cloud_breakout,reverse_signal,90,0.1778,0.3886,-2.2107,-198.9651,-266.2007,5.8,1.0,7.11,False
ichimoku_cloud_breakout,mfe_lockin_trail,90,0.1778,0.2918,-2.5608,-230.4684,-266.2102,5.2,1.0,7.11,False
ichimoku_cloud_breakout,atr_trail_mae_conditional,90,0.1778,0.3886,-2.2107,-198.9651,-266.2007,5.8,1.0,7.11,False
ichimoku_cloud_breakout,smc_mitigation_zone,90,0.1778,0.3886,-2.2107,-198.9651,-266.2007,5.8,1.0,7.11,False
ichimoku_cloud_breakout,atr_trail_1x,90,0.1778,0.3886,-2.2107,-198.9651,-266.2007,5.8,1.0,7.11,False
double_bottom_long,r_multiple_2r,13,0.5385,1.6763,1.9954,25.9396,-13.1673,8.6,1.0,52.08,True
double_bottom_long,breakeven_plus_trail,13,0.5385,1.7383,2.5301,32.8907,-20.9401,25.9,0.9231,43.69,False
double_bottom_long,chandelier_3x,13,0.1538,1.8237,0.8568,11.138,-13.1231,8.5,0.9231,41.18,False
double_bottom_long,regime_flip,13,0.5385,1.6296,2.8201,36.6616,-50.6586,28.5,1.0,40.43,False
double_bottom_long,time_stop_20d,13,0.5385,1.6296,2.8201,36.6616,-50.6586,28.5,1.0,40.43,False
double_bottom_long,time_stop_10d,13,0.5385,1.381,1.4035,18.2459,-39.47,14.5,1.0,32.97,False
double_bottom_long,next_pivot_target,13,0.6923,0.6101,-1.0167,-13.217,-23.1282,4.2,1.0,27.69,False
double_bottom_long,ma_exit_ema9,13,0.4615,1.2576,0.5405,7.0264,-20.3495,6.9,1.0,26.19,False
double_bottom_long,earnings_blackout,13,0.5385,1.1023,0.6423,8.3499,-43.2477,50.9,0.8462,24.61,False
double_bottom_long,atr_trail_2x,13,0.4615,1.0652,0.351,4.5627,-27.8112,17.6,0.9231,20.42,False
double_bottom_long,trailing_5pct,13,0.3077,0.8211,-0.4518,-5.873,-15.1661,11.6,1.0,19.56,False
double_bottom_long,trailing_10pct,13,0.3846,1.0581,0.2919,3.7949,-28.1957,26.2,0.9231,17.13,False
double_bottom_long,hybrid_50pct_target,13,0.3846,0.8714,-0.7914,-10.2887,-40.0,35.1,0.9231,15.38,False
double_bottom_long,multi_tier_partial,13,0.3846,0.2953,-2.2904,-29.7749,-26.5544,6.1,1.0,15.38,False
double_bottom_long,r_multiple_3r,13,0.3077,1.0709,0.3028,3.9361,-33.2242,13.5,1.0,14.43,False
double_bottom_long,reverse_signal,13,0.3077,0.068,-3.0413,-39.5367,-32.1683,6.1,1.0,12.31,False
double_bottom_long,atr_trail_vix_conditional,13,0.3077,0.6037,-1.5338,-19.9393,-35.1229,8.5,1.0,12.31,False
double_bottom_long,mfe_lockin_trail,13,0.3077,0.183,-2.666,-34.6582,-30.0747,5.4,1.0,12.31,False
double_bottom_long,atr_trail_mae_conditional,13,0.3077,0.068,-3.0413,-39.5367,-32.1683,6.1,1.0,12.31,False
double_bottom_long,smc_mitigation_zone,13,0.3077,0.068,-3.0413,-39.5367,-32.1683,6.1,1.0,12.31,False
double_bottom_long,fixed_4r_2r,13,0.3077,0.6374,-2.8297,-36.7859,-51.8783,19.5,1.0,12.31,False
double_bottom_long,atr_trail_1x,13,0.3077,0.068,-3.0413,-39.5367,-32.1683,6.1,1.0,12.31,False
double_bottom_long,trailing_15pct,13,0.3077,0.5679,-2.7516,-35.7704,-49.5275,47.9,0.8462,12.31,False
double_bottom_long,class_time_stop,13,0.3077,0.5496,-4.2595,-55.374,-88.7364,61.6,1.0,12.31,False
double_bottom_long,break_even_at_1r,13,0.2308,0.8222,-0.5567,-7.2377,-23.7338,13.5,0.9231,9.23,False
pre_fomc_long_sleeve,time_stop_20d,49,0.551,2.0149,5.6387,276.2951,-111.4088,28.9,1.0,52.04,True
pre_fomc_long_sleeve,regime_flip,49,0.551,2.0149,5.6387,276.2951,-111.4088,28.9,1.0,52.04,False
pre_fomc_long_sleeve,class_time_stop,49,0.551,2.2919,7.4342,364.2747,-99.1417,43.1,1.0,52.04,False
pre_fomc_long_sleeve,trailing_15pct,49,0.4898,2.2353,7.1591,350.7947,-107.3963,53.6,0.8163,49.59,False
pre_fomc_long_sleeve,earnings_blackout,49,0.4898,2.561,8.5575,419.3183,-63.5415,78.0,0.7143,49.59,False
pre_fomc_long_sleeve,breakeven_plus_trail,49,0.3673,1.7796,4.0111,196.5455,-112.0428,28.0,0.9184,38.08,False
pre_fomc_long_sleeve,hybrid_50pct_target,49,0.5102,1.4145,2.0303,99.4851,-68.5531,35.6,0.898,32.84,False
pre_fomc_long_sleeve,next_pivot_target,49,0.6531,0.6256,-1.4183,-69.4982,-102.7463,9.9,1.0,26.12,False
pre_fomc_long_sleeve,time_stop_10d,49,0.5102,0.6616,-1.7468,-85.5911,-144.052,14.1,1.0,20.41,False
pre_fomc_long_sleeve,chandelier_3x,49,0.1837,1.4322,1.7241,84.4788,-79.6347,14.7,1.0,20.31,False
pre_fomc_long_sleeve,fixed_4r_2r,49,0.4082,1.1059,0.7361,36.0669,-114.6531,22.2,0.9388,19.51,False
pre_fomc_long_sleeve,multi_tier_partial,49,0.3265,0.1937,-2.9855,-146.2906,-134.7604,4.0,1.0,13.06,False
pre_fomc_long_sleeve,atr_trail_2x,49,0.2857,0.6152,-2.4651,-120.7901,-161.5631,16.3,0.9592,11.43,False
pre_fomc_long_sleeve,trailing_10pct,49,0.2449,0.6164,-2.2246,-109.0068,-151.4024,24.5,0.9184,9.8,False
pre_fomc_long_sleeve,ma_exit_ema9,49,0.2245,0.3496,-2.4185,-118.505,-118.5854,5.5,1.0,8.98,False
pre_fomc_long_sleeve,r_multiple_2r,49,0.2041,0.4639,-2.6009,-127.4417,-133.743,6.1,1.0,8.16,False
pre_fomc_long_sleeve,smc_mitigation_zone,49,0.1429,0.0807,-4.0129,-196.6318,-185.1016,4.4,1.0,5.72,False
pre_fomc_long_sleeve,reverse_signal,49,0.1429,0.0807,-4.0129,-196.6318,-185.1016,4.4,1.0,5.72,False
pre_fomc_long_sleeve,atr_trail_1x,49,0.1429,0.0807,-4.0129,-196.6318,-185.1016,4.4,1.0,5.72,False
pre_fomc_long_sleeve,mfe_lockin_trail,49,0.1429,0.0949,-3.9509,-193.5921,-182.0619,4.3,1.0,5.72,False
pre_fomc_long_sleeve,atr_trail_mae_conditional,49,0.1429,0.0807,-4.0129,-196.6318,-185.1016,4.4,1.0,5.72,False
pre_fomc_long_sleeve,r_multiple_3r,49,0.1224,0.4156,-3.0614,-150.0108,-148.1412,8.0,1.0,4.9,False
pre_fomc_long_sleeve,trailing_5pct,49,0.1224,0.0727,-2.9888,-146.45,-141.9197,6.5,0.9796,4.9,False
pre_fomc_long_sleeve,atr_trail_vix_conditional,49,0.0816,0.0538,-4.4101,-216.0942,-198.5517,6.2,1.0,3.26,False
pre_fomc_long_sleeve,break_even_at_1r,49,0.0612,0.1078,-3.8611,-189.1953,-186.698,6.0,1.0,2.45,False
hull_rsi,earnings_blackout,74,0.527,1.6173,3.6918,273.1952,-182.8892,121.1,0.8378,39.6,True
hull_rsi,time_stop_10d,74,0.5676,1.2681,0.9501,70.306,-78.1973,14.4,1.0,30.75,False
hull_rsi,breakeven_plus_trail,74,0.4189,1.3761,1.3297,98.3996,-75.3881,23.2,0.973,28.04,False
hull_rsi,next_pivot_target,74,0.6486,0.7084,-1.1729,-86.7912,-157.6067,9.3,1.0,25.94,False
hull_rsi,hybrid_50pct_target,74,0.6216,0.5056,-7.7983,-577.074,-696.8595,164.4,0.8243,24.86,False
hull_rsi,regime_flip,74,0.5,1.0058,0.0306,2.2648,-105.6471,28.7,1.0,20.17,False
hull_rsi,time_stop_20d,74,0.5,1.0058,0.0306,2.2648,-105.6471,28.7,1.0,20.17,False
hull_rsi,class_time_stop,74,0.4595,0.9552,-0.2724,-20.1558,-129.8844,35.8,1.0,18.38,False
hull_rsi,multi_tier_partial,74,0.4459,0.574,-1.1495,-85.0632,-107.5802,4.8,1.0,17.84,False
hull_rsi,ma_exit_ema9,74,0.3514,1.0691,0.2175,16.0919,-65.1957,9.8,1.0,16.13,False
hull_rsi,r_multiple_3r,74,0.2973,1.1194,0.4899,36.2508,-77.9331,12.3,1.0,15.47,False
hull_rsi,r_multiple_2r,74,0.3649,0.9979,-0.0077,-0.5707,-74.0305,9.3,1.0,14.6,False
hull_rsi,atr_trail_2x,74,0.3378,0.7646,-1.1902,-88.0747,-142.587,18.9,1.0,13.51,False
hull_rsi,atr_trail_vix_conditional,74,0.3378,0.5923,-1.4812,-109.6122,-124.5829,9.6,1.0,13.51,False
hull_rsi,trailing_5pct,74,0.2973,0.4962,-1.493,-110.4809,-121.6208,10.9,1.0,11.89,False
hull_rsi,reverse_signal,74,0.2838,0.3735,-1.7805,-131.7571,-136.6289,5.4,1.0,11.35,False
hull_rsi,smc_mitigation_zone,74,0.2838,0.3735,-1.7805,-131.7571,-136.6289,5.4,1.0,11.35,False
hull_rsi,atr_trail_1x,74,0.2838,0.3735,-1.7805,-131.7571,-136.6289,5.4,1.0,11.35,False
hull_rsi,trailing_15pct,74,0.2838,0.5352,-3.192,-236.2094,-296.3451,49.7,0.9595,11.35,False
hull_rsi,mfe_lockin_trail,74,0.2838,0.3828,-1.7541,-129.8055,-137.8592,5.3,1.0,11.35,False
hull_rsi,atr_trail_mae_conditional,74,0.2838,0.3735,-1.7805,-131.7571,-136.6289,5.4,1.0,11.35,False
hull_rsi,fixed_4r_2r,74,0.2838,0.7468,-1.9158,-141.7659,-196.5687,31.8,0.973,11.35,False
hull_rsi,trailing_10pct,74,0.2568,0.2619,-4.145,-306.7299,-326.9635,22.6,0.9865,10.27,False
hull_rsi,chandelier_3x,74,0.2432,0.7701,-1.0043,-74.3169,-125.8913,18.5,1.0,9.73,False
hull_rsi,break_even_at_1r,74,0.1892,0.3979,-1.6234,-120.135,-124.3414,9.0,1.0,7.57,False
po3_htf_aligned_short,hybrid_50pct_target,46,0.8478,3.0076,10.591,487.1854,-132.8823,167.3,0.8478,63.91,True
po3_htf_aligned_short,breakeven_plus_trail,46,0.5435,2.2771,4.8346,222.3907,-32.7756,29.0,1.0,51.74,False
po3_htf_aligned_short,fixed_4r_2r,46,0.4565,1.8263,5.8429,268.7751,-79.1962,46.4,1.0,43.05,False
po3_htf_aligned_short,time_stop_10d,46,0.5652,1.2954,1.2344,56.7817,-67.5604,14.7,1.0,31.47,False
po3_htf_aligned_short,time_stop_20d,46,0.5652,1.2089,1.2204,56.1389,-144.0391,29.1,1.0,28.88,False
po3_htf_aligned_short,regime_flip,46,0.5652,1.2089,1.2204,56.1389,-144.0391,29.1,1.0,28.88,False
po3_htf_aligned_short,class_time_stop,46,0.5217,1.2637,1.3483,62.0209,-77.6417,43.0,1.0,28.78,False
po3_htf_aligned_short,next_pivot_target,46,0.6087,0.4922,-1.9804,-91.0976,-83.2794,6.0,1.0,24.35,False
po3_htf_aligned_short,earnings_blackout,46,0.5435,0.7416,-3.265,-150.19,-407.212,166.1,0.8696,21.74,False
po3_htf_aligned_short,atr_trail_2x,46,0.3696,1.056,0.2869,13.1973,-67.113,22.7,1.0,16.46,False
po3_htf_aligned_short,ma_exit_ema9,46,0.3696,0.5121,-1.4655,-67.4149,-79.9536,4.6,1.0,14.78,False
po3_htf_aligned_short,trailing_15pct,46,0.3478,0.5852,-3.1362,-144.2634,-148.361,37.4,1.0,13.91,False
po3_htf_aligned_short,atr_trail_vix_conditional,46,0.3261,0.4474,-2.6252,-120.761,-111.3958,8.9,1.0,13.04,False
po3_htf_aligned_short,r_multiple_2r,46,0.3043,0.7309,-1.3986,-64.3343,-114.9364,7.3,1.0,12.17,False
po3_htf_aligned_short,multi_tier_partial,46,0.2826,0.3745,-2.8014,-128.8626,-130.7202,4.7,1.0,11.3,False
po3_htf_aligned_short,trailing_10pct,46,0.2826,0.4918,-3.0546,-140.511,-131.6193,20.3,1.0,11.3,False
po3_htf_aligned_short,smc_mitigation_zone,46,0.2391,0.3425,-2.9574,-136.0418,-133.7908,4.7,1.0,9.56,False
po3_htf_aligned_short,reverse_signal,46,0.2391,0.3425,-2.9574,-136.0418,-133.7908,4.7,1.0,9.56,False
po3_htf_aligned_short,atr_trail_1x,46,0.2391,0.3425,-2.9574,-136.0418,-133.7908,4.7,1.0,9.56,False
po3_htf_aligned_short,mfe_lockin_trail,46,0.2391,0.3374,-2.9801,-137.0863,-134.8353,4.2,1.0,9.56,False
po3_htf_aligned_short,atr_trail_mae_conditional,46,0.2391,0.3425,-2.9574,-136.0418,-133.7908,4.7,1.0,9.56,False
po3_htf_aligned_short,trailing_5pct,46,0.2174,0.3637,-2.0116,-92.5346,-87.5346,5.8,1.0,8.7,False
po3_htf_aligned_short,chandelier_3x,46,0.2174,0.4745,-2.1311,-98.0327,-93.5992,15.0,1.0,8.7,False
po3_htf_aligned_short,break_even_at_1r,46,0.2174,0.441,-2.7331,-125.7216,-123.4706,9.6,1.0,8.7,False
po3_htf_aligned_short,r_multiple_3r,46,0.2174,0.6485,-2.0384,-93.7655,-127.1165,10.7,1.0,8.7,False
parabolic_sar_flip,breakeven_plus_trail,71,0.4507,1.5009,1.9736,140.1284,-61.2056,27.7,0.9437,33.06,True
parabolic_sar_flip,earnings_blackout,71,0.6479,0.92,-0.9514,-67.5466,-301.1836,142.4,0.7606,25.92,False
parabolic_sar_flip,hybrid_50pct_target,71,0.6197,0.9528,-0.4576,-32.4879,-356.3339,93.8,0.7887,24.79,False
parabolic_sar_flip,next_pivot_target,71,0.6056,0.6366,-1.6936,-120.2443,-182.2426,13.2,0.9437,24.22,False
parabolic_sar_flip,class_time_stop,71,0.5775,0.6403,-4.4697,-317.3458,-417.885,68.6,1.0,23.1,False
parabolic_sar_flip,time_stop_20d,71,0.507,0.7673,-1.9905,-141.3287,-248.5902,28.4,1.0,20.28,False
parabolic_sar_flip,regime_flip,71,0.507,0.7673,-1.9905,-141.3287,-248.5902,28.4,1.0,20.28,False
parabolic_sar_flip,time_stop_10d,71,0.4648,0.6171,-2.5585,-181.6567,-221.5422,14.4,1.0,18.59,False
parabolic_sar_flip,fixed_4r_2r,71,0.3662,1.1255,0.9264,65.7745,-97.2637,36.2,0.9155,18.41,False
parabolic_sar_flip,multi_tier_partial,71,0.3803,0.4332,-1.7891,-127.0237,-143.3108,6.2,1.0,15.21,False
parabolic_sar_flip,atr_trail_2x,71,0.3803,0.6358,-1.9535,-138.6967,-188.2114,19.9,0.9577,15.21,False
parabolic_sar_flip,r_multiple_3r,71,0.3099,1.0931,0.4186,29.7239,-87.1851,16.5,0.9577,15.19,False
parabolic_sar_flip,ma_exit_ema9,71,0.3662,0.6471,-0.9978,-70.8454,-104.2042,7.3,1.0,14.65,False
parabolic_sar_flip,r_multiple_2r,71,0.3521,1.0046,0.0193,1.3729,-79.7349,12.7,0.9718,14.22,False
parabolic_sar_flip,trailing_10pct,71,0.3239,0.579,-2.0985,-148.9954,-201.5538,25.7,0.9437,12.96,False
parabolic_sar_flip,trailing_15pct,71,0.2817,0.307,-5.9586,-423.0615,-467.9653,54.3,0.9155,11.27,False
parabolic_sar_flip,trailing_5pct,71,0.2394,0.4059,-1.5309,-108.6933,-126.1041,9.1,1.0,9.58,False
parabolic_sar_flip,mfe_lockin_trail,71,0.2254,0.499,-1.6084,-114.1982,-124.956,5.8,1.0,9.02,False
parabolic_sar_flip,reverse_signal,71,0.2113,0.4286,-1.8362,-130.3707,-138.6675,6.2,1.0,8.45,False
parabolic_sar_flip,atr_trail_mae_conditional,71,0.2113,0.4286,-1.8362,-130.3707,-138.6675,6.2,1.0,8.45,False
parabolic_sar_flip,smc_mitigation_zone,71,0.2113,0.4286,-1.8362,-130.3707,-138.6675,6.2,1.0,8.45,False
parabolic_sar_flip,atr_trail_1x,71,0.2113,0.4286,-1.8362,-130.3707,-138.6675,6.2,1.0,8.45,False
parabolic_sar_flip,atr_trail_vix_conditional,71,0.1972,0.4276,-2.3251,-165.0798,-173.4543,9.4,1.0,7.89,False
parabolic_sar_flip,break_even_at_1r,71,0.1972,0.6705,-1.0904,-77.4167,-110.1346,12.8,0.9859,7.89,False
parabolic_sar_flip,chandelier_3x,71,0.0986,0.5556,-0.994,-70.572,-111.8607,8.5,0.9859,3.94,False
pivot_s1_bounce,earnings_blackout,26,0.7692,6.9863,11.7706,306.0361,-7.7885,76.4,0.8846,79.09,True
pivot_s1_bounce,next_pivot_target,26,0.9231,2.9526,1.502,39.0526,-17.0884,10.3,0.9231,71.29,False
pivot_s1_bounce,breakeven_plus_trail,26,0.5,16.1676,13.3422,346.8976,-7.4583,65.2,0.8462,68.81,False
pivot_s1_bounce,hybrid_50pct_target,26,0.7692,4.0906,7.1321,185.4353,-20.0,78.8,0.8846,60.77,False
pivot_s1_bounce,regime_flip,26,0.7308,5.4514,6.1906,160.9565,-23.4744,27.8,1.0,59.23,False
pivot_s1_bounce,time_stop_20d,26,0.7308,5.4514,6.1906,160.9565,-23.4744,27.8,1.0,59.23,False
pivot_s1_bounce,time_stop_10d,26,0.6538,3.5791,3.094,80.4446,-19.5285,13.8,1.0,56.86,False
pivot_s1_bounce,class_time_stop,26,0.5769,2.4561,1.9824,51.5418,-18.7251,9.2,1.0,54.99,False
pivot_s1_bounce,ma_exit_ema9,26,0.4615,1.7661,1.0958,28.4907,-11.0142,10.0,1.0,54.92,False
pivot_s1_bounce,trailing_15pct,26,0.5385,3.3717,10.1035,262.6913,-59.1224,122.6,0.8846,51.54,False
pivot_s1_bounce,atr_trail_2x,26,0.5385,2.5191,3.2634,84.8486,-41.242,23.4,0.8846,51.54,False
pivot_s1_bounce,trailing_10pct,26,0.4615,2.2094,5.1347,133.5027,-58.1192,60.3,0.8846,48.46,False
pivot_s1_bounce,r_multiple_2r,26,0.5,1.8253,1.5577,40.5004,-18.2467,10.6,0.9615,47.39,False
pivot_s1_bounce,fixed_4r_2r,26,0.5385,1.7393,2.9634,77.0478,-28.3713,27.6,0.8846,43.72,False
pivot_s1_bounce,chandelier_3x,26,0.3462,1.9617,2.3185,60.2805,-32.1834,20.8,0.9615,42.7,False
pivot_s1_bounce,atr_trail_vix_conditional,26,0.4231,1.8518,1.4695,38.2082,-27.3185,13.9,0.9231,42.48,False
pivot_s1_bounce,break_even_at_1r,26,0.3077,5.3396,6.9645,181.0778,-22.4982,39.2,0.9615,42.31,False
pivot_s1_bounce,r_multiple_3r,26,0.3846,1.6283,1.513,39.3371,-22.8142,17.0,0.9615,34.23,False
pivot_s1_bounce,trailing_5pct,26,0.5,1.2615,0.7352,19.1151,-30.9408,21.4,0.9231,27.85,False
pivot_s1_bounce,multi_tier_partial,26,0.4615,0.9179,-0.145,-3.771,-18.1339,8.7,1.0,21.26,False
pivot_s1_bounce,reverse_signal,26,0.4231,0.9484,-0.0938,-2.4389,-19.6498,8.8,0.9615,17.45,False
pivot_s1_bounce,smc_mitigation_zone,26,0.4231,0.9484,-0.0938,-2.4389,-19.6498,8.8,0.9615,17.45,False
pivot_s1_bounce,atr_trail_mae_conditional,26,0.4231,0.9484,-0.0938,-2.4389,-19.6498,8.8,0.9615,17.45,False
pivot_s1_bounce,atr_trail_1x,26,0.4231,0.9484,-0.0938,-2.4389,-19.6498,8.8,0.9615,17.45,False
pivot_s1_bounce,mfe_lockin_trail,26,0.4231,0.8611,-0.2523,-6.5586,-20.5055,7.6,1.0,16.92,False
squeeze_breakout,earnings_blackout,36,0.6111,2.2057,8.1528,293.5022,-75.9761,61.3,0.8889,54.44,True
squeeze_breakout,breakeven_plus_trail,36,0.4722,2.4111,5.0271,180.9771,-43.2048,58.9,0.9722,48.89,False
squeeze_breakout,class_time_stop,36,0.6111,1.3964,1.8974,68.3057,-47.1192,36.3,1.0,36.34,False
squeeze_breakout,next_pivot_target,36,0.6944,1.2798,0.9573,34.4641,-42.3592,11.6,1.0,36.17,False
squeeze_breakout,hybrid_50pct_target,36,0.5,1.359,1.7949,64.6172,-59.4896,60.3,1.0,30.77,False
squeeze_breakout,fixed_4r_2r,36,0.4444,1.2725,1.9039,68.5407,-124.3539,49.3,0.9722,25.95,False
squeeze_breakout,trailing_15pct,36,0.5,1.1911,1.1163,40.1867,-120.479,98.6,0.8889,25.73,False
squeeze_breakout,time_stop_20d,36,0.5278,0.894,-0.5275,-18.9894,-51.1853,29.1,1.0,21.11,False
squeeze_breakout,regime_flip,36,0.5278,0.894,-0.5275,-18.9894,-51.1853,29.1,1.0,21.11,False
squeeze_breakout,multi_tier_partial,36,0.4444,0.3111,-2.1119,-76.0292,-89.1368,6.2,1.0,17.78,False
squeeze_breakout,time_stop_10d,36,0.4444,0.6659,-1.8303,-65.8894,-86.2227,14.6,1.0,17.78,False
squeeze_breakout,atr_trail_2x,36,0.3889,0.7826,-1.118,-40.2467,-83.4778,23.2,1.0,15.56,False
squeeze_breakout,ma_exit_ema9,36,0.2778,0.3796,-1.7637,-63.4936,-81.1608,5.8,1.0,11.11,False
squeeze_breakout,trailing_10pct,36,0.2778,0.7178,-1.344,-48.3825,-97.7626,40.8,1.0,11.11,False
squeeze_breakout,atr_trail_vix_conditional,36,0.2778,0.5499,-1.7915,-64.4956,-94.8136,12.0,1.0,11.11,False
squeeze_breakout,r_multiple_2r,36,0.2222,0.5065,-2.318,-83.4471,-118.9212,8.9,1.0,8.89,False
squeeze_breakout,trailing_5pct,36,0.2222,0.2521,-2.1585,-77.7073,-88.898,9.5,1.0,8.89,False
squeeze_breakout,reverse_signal,36,0.1667,0.1256,-3.1548,-113.5743,-109.0618,6.7,1.0,6.67,False
squeeze_breakout,mfe_lockin_trail,36,0.1667,0.1401,-3.1024,-111.6862,-107.1812,6.5,1.0,6.67,False
squeeze_breakout,smc_mitigation_zone,36,0.1667,0.1256,-3.1548,-113.5743,-109.0618,6.7,1.0,6.67,False
squeeze_breakout,atr_trail_mae_conditional,36,0.1667,0.1256,-3.1548,-113.5743,-109.0618,6.7,1.0,6.67,False
squeeze_breakout,atr_trail_1x,36,0.1667,0.1256,-3.1548,-113.5743,-109.0618,6.7,1.0,6.67,False
squeeze_breakout,r_multiple_3r,36,0.1389,0.4412,-2.8674,-103.2275,-140.6312,13.6,1.0,5.56,False
squeeze_breakout,chandelier_3x,36,0.0833,0.1859,-2.9632,-106.6734,-86.5352,8.3,1.0,3.33,False
squeeze_breakout,break_even_at_1r,36,0.0278,0.0286,-3.1987,-115.1526,-118.3127,11.9,1.0,1.11,False
halloween_seasonal_long,next_pivot_target,5,0.8,2.961,3.7045,18.5225,0.0,4.2,1.0,92.0,True
halloween_seasonal_long,time_stop_10d,5,0.6,1.8718,2.7033,13.5166,-0.1273,14.2,1.0,79.96,False
halloween_seasonal_long,r_multiple_2r,5,0.6,2.6159,4.9082,24.5408,-10.4645,6.8,1.0,68.3,False
halloween_seasonal_long,r_multiple_3r,5,0.4,2.9568,6.9086,34.5428,-10.4645,15.8,1.0,60.3,False
halloween_seasonal_long,atr_trail_vix_conditional,5,0.6,1.5558,1.8504,9.252,-12.1171,12.4,1.0,52.5,False
halloween_seasonal_long,hybrid_50pct_target,5,0.4,1.3086,1.8517,9.2584,-10.0,45.6,1.0,40.26,False
halloween_seasonal_long,break_even_at_1r,5,0.4,1.0703,0.2136,1.068,-10.4645,7.6,1.0,32.41,False
halloween_seasonal_long,trailing_15pct,5,0.4,0.4528,-4.1341,-20.6704,-13.711,51.8,1.0,25.43,False
halloween_seasonal_long,time_stop_20d,5,0.6,0.4268,-5.03,-25.1498,-24.0736,28.4,1.0,24.0,False
halloween_seasonal_long,earnings_blackout,5,0.6,0.1326,-12.7835,-63.9177,-55.6393,325.8,0.8,24.0,False
halloween_seasonal_long,regime_flip,5,0.6,0.4268,-5.03,-25.1498,-24.0736,28.4,1.0,24.0,False
halloween_seasonal_long,atr_trail_2x,5,0.4,0.7714,-1.1046,-5.523,-16.6616,18.2,1.0,21.01,False
halloween_seasonal_long,ma_exit_ema9,5,0.2,0.0158,-3.0878,-15.4388,-11.8847,2.2,1.0,20.17,False
halloween_seasonal_long,trailing_10pct,5,0.2,0.4552,-3.0299,-15.1494,-13.9828,16.8,1.0,17.03,False
halloween_seasonal_long,trailing_5pct,5,0.0,0.0,-2.3492,-11.7461,-9.201,5.0,1.0,16.2,False
halloween_seasonal_long,breakeven_plus_trail,5,0.4,0.9835,-0.1,-0.5,-20.929,18.6,1.0,16.0,False
halloween_seasonal_long,class_time_stop,5,0.4,0.1508,-8.784,-43.9199,-31.5959,43.0,1.0,16.0,False
halloween_seasonal_long,reverse_signal,5,0.2,0.0233,-3.4504,-17.2518,-15.5043,3.8,1.0,14.74,False
halloween_seasonal_long,mfe_lockin_trail,5,0.2,0.0233,-3.4504,-17.2518,-15.5043,3.8,1.0,14.74,False
halloween_seasonal_long,smc_mitigation_zone,5,0.2,0.0233,-3.4504,-17.2518,-15.5043,3.8,1.0,14.74,False
halloween_seasonal_long,atr_trail_mae_conditional,5,0.2,0.0233,-3.4504,-17.2518,-15.5043,3.8,1.0,14.74,False
halloween_seasonal_long,atr_trail_1x,5,0.2,0.0233,-3.4504,-17.2518,-15.5043,3.8,1.0,14.74,False
halloween_seasonal_long,multi_tier_partial,5,0.2,0.062,-3.3134,-16.567,-15.5043,3.8,1.0,14.74,False
halloween_seasonal_long,chandelier_3x,5,0.2,0.2154,-5.6722,-28.361,-27.0489,13.0,1.0,8.0,False
halloween_seasonal_long,fixed_4r_2r,5,0.2,0.6299,-3.9806,-19.903,-39.402,32.6,1.0,8.0,False
roc_burst,earnings_blackout,15,0.3333,4.191,40.7588,611.3823,-83.283,63.3,0.9333,43.33,True
roc_burst,breakeven_plus_trail,15,0.3333,14.7105,78.6804,1180.2063,-60.3308,20.5,0.9333,43.33,False
roc_burst,class_time_stop,15,0.6667,1.0311,0.1471,2.2059,-54.417,34.5,1.0,27.6,False
roc_burst,next_pivot_target,15,0.5333,0.2988,-3.6667,-55.0006,-64.0428,9.3,0.9333,21.33,False
roc_burst,hybrid_50pct_target,15,0.4,0.8794,-0.7236,-10.8534,-48.0925,55.0,0.9333,16.0,False
roc_burst,time_stop_20d,15,0.4,0.5548,-2.541,-38.1149,-51.2815,27.7,1.0,16.0,False
roc_burst,regime_flip,15,0.4,0.5548,-2.541,-38.1149,-51.2815,27.7,1.0,16.0,False
roc_burst,fixed_4r_2r,15,0.3333,0.5865,-3.8041,-57.0615,-84.4544,23.7,0.9333,13.33,False
roc_burst,multi_tier_partial,15,0.2667,0.1286,-4.0879,-61.3182,-63.7184,4.4,1.0,10.67,False
roc_burst,time_stop_10d,15,0.2667,0.1054,-6.2503,-93.7551,-94.5531,14.1,1.0,10.67,False
roc_burst,r_multiple_2r,15,0.2,0.306,-3.9412,-59.1176,-68.0409,6.9,0.9333,8.0,False
roc_burst,atr_trail_2x,15,0.2,0.076,-7.1376,-107.0643,-97.3186,13.0,0.9333,8.0,False
roc_burst,trailing_15pct,15,0.2,0.7858,-2.0271,-30.4063,-84.2717,47.1,0.9333,8.0,False
roc_burst,r_multiple_3r,15,0.2,0.3919,-3.4533,-51.7995,-68.0409,7.2,0.9333,8.0,False
roc_burst,trailing_10pct,15,0.2,0.1223,-4.9686,-74.5289,-66.0562,14.7,0.9333,8.0,False
roc_burst,reverse_signal,15,0.1333,0.0305,-4.5893,-68.8395,-64.8937,4.6,0.9333,5.33,False
roc_burst,chandelier_3x,15,0.1333,0.2046,-4.7283,-70.9245,-78.2107,10.5,1.0,5.33,False
roc_burst,smc_mitigation_zone,15,0.1333,0.0305,-4.5893,-68.8395,-64.8937,4.6,0.9333,5.33,False
roc_burst,atr_trail_1x,15,0.1333,0.0305,-4.5893,-68.8395,-64.8937,4.6,0.9333,5.33,False
roc_burst,mfe_lockin_trail,15,0.1333,0.0305,-4.5893,-68.8395,-64.8937,4.6,0.9333,5.33,False
roc_burst,atr_trail_mae_conditional,15,0.1333,0.0305,-4.5893,-68.8395,-64.8937,4.6,0.9333,5.33,False
roc_burst,trailing_5pct,15,0.0667,0.0387,-3.6139,-54.2091,-50.0175,3.9,1.0,2.67,False
roc_burst,atr_trail_vix_conditional,15,0.0667,0.0093,-5.4191,-81.2866,-73.1627,4.4,0.9333,2.67,False
roc_burst,ma_exit_ema9,15,0.0,0.0,-4.342,-65.1301,-58.8551,3.3,1.0,0.0,False
roc_burst,break_even_at_1r,15,0.0,0.0,-5.1587,-77.3808,-70.9064,4.8,1.0,0.0,False
orb_stocks_in_play_long,breakeven_plus_trail,53,0.3962,2.0311,5.6717,300.5989,-43.0826,43.4,0.9434,45.85,True
orb_stocks_in_play_long,class_time_stop,53,0.4151,1.6631,5.2682,279.2131,-73.7851,42.5,1.0,36.5,False
orb_stocks_in_play_long,ma_exit_ema9,53,0.3585,1.6032,2.5986,137.7261,-54.2268,13.2,1.0,32.44,False
orb_stocks_in_play_long,time_stop_10d,53,0.5094,1.3486,1.8048,95.6549,-50.7886,14.4,1.0,30.83,False
orb_stocks_in_play_long,time_stop_20d,53,0.3962,1.3857,2.7835,147.5272,-77.8118,28.6,1.0,27.42,False
orb_stocks_in_play_long,regime_flip,53,0.3962,1.3857,2.7835,147.5272,-77.8118,28.6,1.0,27.42,False
orb_stocks_in_play_long,chandelier_3x,53,0.3019,1.3475,1.8965,100.5127,-129.3808,20.9,0.9623,22.5,False
orb_stocks_in_play_long,hybrid_50pct_target,53,0.4151,1.1815,1.0476,55.5243,-50.1862,34.7,0.9434,22.05,False
orb_stocks_in_play_long,earnings_blackout,53,0.3774,1.1,0.9721,51.5234,-140.9561,153.9,0.8113,18.1,False
orb_stocks_in_play_long,multi_tier_partial,53,0.4151,0.4155,-1.892,-100.2738,-107.7133,6.7,1.0,16.6,False
orb_stocks_in_play_long,next_pivot_target,53,0.3962,0.8844,-0.7428,-39.3673,-113.1639,15.8,0.9623,15.85,False
orb_stocks_in_play_long,trailing_10pct,53,0.3396,0.7628,-1.3269,-70.3244,-114.0303,21.1,0.9623,13.58,False
orb_stocks_in_play_long,fixed_4r_2r,53,0.3208,0.9407,-0.4648,-24.6329,-124.3136,19.7,0.9623,12.83,False
orb_stocks_in_play_long,trailing_15pct,53,0.3208,0.9559,-0.3446,-18.2661,-119.6444,55.8,0.9434,12.83,False
orb_stocks_in_play_long,r_multiple_2r,53,0.3019,0.6198,-1.7113,-90.697,-100.3712,10.1,0.9623,12.08,False
orb_stocks_in_play_long,atr_trail_2x,53,0.283,0.4508,-3.4559,-183.1603,-181.985,17.6,0.9623,11.32,False
orb_stocks_in_play_long,r_multiple_3r,53,0.2453,0.7023,-1.4069,-74.5671,-81.5491,12.0,0.9623,9.81,False
orb_stocks_in_play_long,reverse_signal,53,0.1887,0.2966,-2.6252,-139.1382,-145.2651,6.8,0.9623,7.55,False
orb_stocks_in_play_long,smc_mitigation_zone,53,0.1887,0.2966,-2.6252,-139.1382,-145.2651,6.8,0.9623,7.55,False
orb_stocks_in_play_long,mfe_lockin_trail,53,0.1887,0.2736,-2.7111,-143.6892,-154.6235,5.9,1.0,7.55,False
orb_stocks_in_play_long,atr_trail_mae_conditional,53,0.1887,0.2966,-2.6252,-139.1382,-145.2651,6.8,0.9623,7.55,False
orb_stocks_in_play_long,atr_trail_1x,53,0.1887,0.2966,-2.6252,-139.1382,-145.2651,6.8,0.9623,7.55,False
orb_stocks_in_play_long,atr_trail_vix_conditional,53,0.1509,0.2462,-2.937,-155.6603,-160.866,5.8,0.9811,6.04,False
orb_stocks_in_play_long,trailing_5pct,53,0.1509,0.4624,-1.7932,-95.0384,-107.0688,10.2,0.9623,6.04,False
orb_stocks_in_play_long,break_even_at_1r,53,0.1509,0.5246,-1.6199,-85.8551,-126.6195,11.0,0.9623,6.04,False
buyback_8k_recent_long,next_pivot_target,58,0.5862,0.8176,-0.7777,-45.1073,-124.5771,12.3,1.0,23.45,True
buyback_8k_recent_long,multi_tier_partial,58,0.5172,0.6064,-0.922,-53.4738,-76.4764,5.2,1.0,20.69,False
buyback_8k_recent_long,earnings_blackout,58,0.431,0.7166,-2.6878,-155.8932,-232.349,62.2,0.9138,17.24,False
buyback_8k_recent_long,breakeven_plus_trail,58,0.3103,1.1352,0.7586,43.9993,-127.7552,29.4,0.9828,16.47,False
buyback_8k_recent_long,time_stop_20d,58,0.3621,0.5114,-4.1143,-238.6305,-242.2127,28.9,1.0,14.48,False
buyback_8k_recent_long,class_time_stop,58,0.3621,0.7189,-2.3823,-138.1754,-175.7505,43.4,1.0,14.48,False
buyback_8k_recent_long,regime_flip,58,0.3621,0.5114,-4.1143,-238.6305,-242.2127,28.9,1.0,14.48,False
buyback_8k_recent_long,hybrid_50pct_target,58,0.3448,0.9077,-0.6048,-35.0761,-176.3614,42.7,0.9655,13.79,False
buyback_8k_recent_long,time_stop_10d,58,0.3448,0.5339,-2.6074,-151.2271,-163.1748,14.4,1.0,13.79,False
buyback_8k_recent_long,trailing_15pct,58,0.3103,0.9824,-0.1389,-8.0565,-179.7375,59.5,0.9655,12.41,False
buyback_8k_recent_long,ma_exit_ema9,58,0.3103,0.7995,-0.63,-36.5423,-62.1227,8.2,0.9828,12.41,False
buyback_8k_recent_long,r_multiple_2r,58,0.2931,0.8984,-0.3885,-22.5319,-51.0428,9.0,0.9828,11.72,False
buyback_8k_recent_long,fixed_4r_2r,58,0.2759,0.762,-1.9087,-110.702,-171.789,23.9,0.9828,11.04,False
buyback_8k_recent_long,atr_trail_2x,58,0.2586,0.4517,-3.2177,-186.6256,-207.2577,16.8,0.9828,10.34,False
buyback_8k_recent_long,trailing_10pct,58,0.2586,0.6484,-1.8784,-108.9478,-167.7677,26.1,0.9828,10.34,False
buyback_8k_recent_long,r_multiple_3r,58,0.2414,0.9675,-0.137,-7.9475,-90.5368,11.5,0.9828,9.66,False
buyback_8k_recent_long,reverse_signal,58,0.2241,0.2081,-2.1709,-125.9116,-132.4055,5.6,0.9828,8.96,False
buyback_8k_recent_long,smc_mitigation_zone,58,0.2241,0.2081,-2.1709,-125.9116,-132.4055,5.6,0.9828,8.96,False
buyback_8k_recent_long,atr_trail_vix_conditional,58,0.2241,0.4126,-1.7076,-99.042,-118.0645,8.6,0.9828,8.96,False
buyback_8k_recent_long,mfe_lockin_trail,58,0.2241,0.2485,-2.0602,-119.4939,-125.9878,5.5,0.9828,8.96,False
buyback_8k_recent_long,atr_trail_mae_conditional,58,0.2241,0.2081,-2.1709,-125.9116,-132.4055,5.6,0.9828,8.96,False
buyback_8k_recent_long,atr_trail_1x,58,0.2241,0.2081,-2.1709,-125.9116,-132.4055,5.6,0.9828,8.96,False
buyback_8k_recent_long,trailing_5pct,58,0.1724,0.1853,-1.971,-114.3195,-115.01,8.6,0.9828,6.9,False
buyback_8k_recent_long,break_even_at_1r,58,0.1207,1.0138,0.0327,1.8946,-60.2171,10.4,0.9828,5.24,False
buyback_8k_recent_long,chandelier_3x,58,0.1207,0.7109,-1.0067,-58.3866,-94.7381,12.6,0.9828,4.83,False
institutional_buy_momentum_long,next_pivot_target,32,0.625,0.3055,-2.6234,-83.9484,-89.7734,6.6,1.0,25.0,True
institutional_buy_momentum_long,breakeven_plus_trail,32,0.3438,1.2418,1.1585,37.0706,-73.2112,32.2,1.0,21.01,False
institutional_buy_momentum_long,r_multiple_2r,32,0.3438,1.0878,0.285,9.1197,-31.1756,6.2,1.0,16.39,False
institutional_buy_momentum_long,break_even_at_1r,32,0.1562,1.2758,0.7772,24.8716,-39.9597,19.2,1.0,14.52,False
institutional_buy_momentum_long,hybrid_50pct_target,32,0.3438,0.8526,-0.9673,-30.9536,-60.0,42.1,1.0,13.75,False
institutional_buy_momentum_long,regime_flip,32,0.3438,0.525,-3.7142,-118.8551,-110.0456,28.9,1.0,13.75,False
institutional_buy_momentum_long,time_stop_20d,32,0.3438,0.525,-3.7142,-118.8551,-110.0456,28.9,1.0,13.75,False
institutional_buy_momentum_long,ma_exit_ema9,32,0.3438,0.993,-0.014,-0.4484,-36.5144,6.7,1.0,13.75,False
institutional_buy_momentum_long,multi_tier_partial,32,0.3438,0.5905,-1.0872,-34.7917,-36.0589,5.1,1.0,13.75,False
institutional_buy_momentum_long,atr_trail_1x,32,0.2812,0.3303,-1.8938,-60.6011,-59.9698,5.2,1.0,11.25,False
institutional_buy_momentum_long,class_time_stop,32,0.2812,0.5527,-4.8317,-154.614,-194.8019,43.1,1.0,11.25,False
institutional_buy_momentum_long,time_stop_10d,32,0.2812,0.3189,-3.892,-124.5447,-120.2115,14.6,1.0,11.25,False
institutional_buy_momentum_long,fixed_4r_2r,32,0.2812,0.7023,-2.2918,-73.3383,-101.0837,23.7,1.0,11.25,False
institutional_buy_momentum_long,mfe_lockin_trail,32,0.2812,0.3639,-1.7986,-57.5541,-56.9228,5.1,1.0,11.25,False
institutional_buy_momentum_long,atr_trail_mae_conditional,32,0.2812,0.3303,-1.8938,-60.6011,-59.9698,5.2,1.0,11.25,False
institutional_buy_momentum_long,smc_mitigation_zone,32,0.2812,0.3303,-1.8938,-60.6011,-59.9698,5.2,1.0,11.25,False
institutional_buy_momentum_long,reverse_signal,32,0.2812,0.3303,-1.8938,-60.6011,-59.9698,5.2,1.0,11.25,False
institutional_buy_momentum_long,earnings_blackout,32,0.25,0.4294,-5.4492,-174.3748,-168.079,45.6,0.9688,10.0,False
institutional_buy_momentum_long,trailing_10pct,32,0.25,0.7708,-1.3367,-42.7731,-74.5344,30.3,1.0,10.0,False
institutional_buy_momentum_long,atr_trail_vix_conditional,32,0.2188,0.1169,-2.9232,-93.5429,-91.8728,4.5,1.0,8.75,False
institutional_buy_momentum_long,chandelier_3x,32,0.1875,0.8217,-0.7334,-23.4677,-70.1666,17.6,1.0,7.5,False
institutional_buy_momentum_long,r_multiple_3r,32,0.1875,0.6278,-1.5416,-49.3319,-52.4219,9.9,1.0,7.5,False
institutional_buy_momentum_long,atr_trail_2x,32,0.1875,0.5008,-2.8234,-90.349,-89.8262,17.2,1.0,7.5,False
institutional_buy_momentum_long,trailing_5pct,32,0.1562,0.161,-2.713,-86.8167,-83.1907,6.7,1.0,6.25,False
institutional_buy_momentum_long,trailing_15pct,32,0.1562,0.3964,-6.7875,-217.1998,-206.6145,51.0,1.0,6.25,False
po3_bearish,next_pivot_target,327,0.7309,0.7738,-0.6338,-207.2493,-270.5631,8.1,1.0,29.24,True
po3_bearish,hybrid_50pct_target,327,0.6881,0.246,-29.1867,-9544.0499,-10110.7166,237.6,0.6453,27.52,False
po3_bearish,earnings_blackout,327,0.4618,0.5214,-5.341,-1746.5116,-1897.5995,107.7,0.8287,18.47,False
po3_bearish,time_stop_20d,327,0.4495,0.6667,-2.2363,-731.2657,-1153.1101,28.6,1.0,17.98,False
po3_bearish,regime_flip,327,0.4495,0.6667,-2.2363,-731.2657,-1153.1101,28.6,1.0,17.98,False
po3_bearish,class_time_stop,327,0.4373,0.669,-2.781,-909.4028,-1404.1363,42.4,1.0,17.49,False
po3_bearish,time_stop_10d,327,0.4281,0.7704,-0.9807,-320.6974,-578.7276,14.4,1.0,17.12,False
po3_bearish,multi_tier_partial,327,0.3578,0.4776,-1.4215,-464.8419,-482.8233,6.3,1.0,14.31,False
po3_bearish,breakeven_plus_trail,327,0.3425,0.9618,-0.1743,-56.9879,-541.2321,26.7,0.9602,13.7,False
po3_bearish,atr_trail_2x,327,0.3028,0.5586,-2.2729,-743.2539,-918.9194,19.7,0.9786,12.11,False
po3_bearish,ma_exit_ema9,327,0.2936,0.5125,-1.2794,-418.3712,-432.1382,6.3,1.0,11.74,False
po3_bearish,trailing_15pct,327,0.2905,0.5406,-3.2585,-1065.5141,-1404.0958,50.5,0.9572,11.62,False
po3_bearish,fixed_4r_2r,327,0.2905,0.6822,-2.5063,-819.5644,-1206.9914,33.4,0.9602,11.62,False
po3_bearish,r_multiple_2r,327,0.263,0.7196,-1.1425,-373.584,-501.4077,9.4,1.0,10.52,False
po3_bearish,trailing_10pct,327,0.2538,0.4416,-2.8781,-941.1265,-1034.109,24.6,0.9755,10.15,False
po3_bearish,atr_trail_vix_conditional,327,0.2508,0.4641,-1.887,-617.0549,-653.9682,8.8,0.9908,10.03,False
po3_bearish,mfe_lockin_trail,327,0.2416,0.3972,-1.7286,-565.2429,-580.7839,6.2,1.0,9.66,False
po3_bearish,reverse_signal,327,0.2355,0.375,-1.7961,-587.3192,-601.6746,6.5,1.0,9.42,False
po3_bearish,atr_trail_1x,327,0.2355,0.375,-1.7961,-587.3192,-601.6746,6.5,1.0,9.42,False
po3_bearish,smc_mitigation_zone,327,0.2355,0.375,-1.7961,-587.3192,-601.6746,6.5,1.0,9.42,False
po3_bearish,atr_trail_mae_conditional,327,0.2355,0.375,-1.7961,-587.3192,-601.6746,6.5,1.0,9.42,False
po3_bearish,trailing_5pct,327,0.2171,0.3275,-1.8631,-609.2371,-633.0951,8.8,0.9939,8.68,False
po3_bearish,chandelier_3x,327,0.2171,0.5002,-2.0692,-676.6274,-808.3477,16.9,0.9755,8.68,False
po3_bearish,r_multiple_3r,327,0.2018,0.7685,-1.0393,-339.8512,-528.1475,12.6,1.0,8.07,False
po3_bearish,break_even_at_1r,327,0.1346,0.4871,-1.7178,-561.7235,-606.1099,9.8,0.9939,5.38,False
pead_short,breakeven_plus_trail,92,0.4348,1.4769,1.6746,154.0623,-64.6608,31.8,1.0,31.7,True
pead_short,time_stop_10d,92,0.5217,1.3562,1.0856,99.8771,-60.9749,14.5,1.0,31.55,False
pead_short,hybrid_50pct_target,92,0.7717,0.2687,-32.4916,-2989.2236,-3234.6683,226.9,0.7717,30.87,False
pead_short,next_pivot_target,92,0.6957,0.9973,-0.0089,-0.8195,-127.2246,12.8,1.0,27.83,False
pead_short,class_time_stop,92,0.5435,1.1822,1.0602,97.5408,-150.5261,43.7,1.0,27.21,False
pead_short,regime_flip,92,0.5435,1.1694,0.8109,74.6037,-144.4158,29.2,1.0,26.82,False
pead_short,time_stop_20d,92,0.5435,1.1694,0.8109,74.6037,-144.4158,29.2,1.0,26.82,False
pead_short,earnings_blackout,92,0.4783,1.0222,0.1987,18.2785,-208.1547,78.1,0.9891,19.8,False
pead_short,multi_tier_partial,92,0.4022,0.8478,-0.341,-31.3704,-79.0164,7.7,1.0,16.09,False
pead_short,r_multiple_2r,92,0.3261,1.0528,0.1928,17.7379,-77.421,12.1,1.0,14.63,False
pead_short,trailing_10pct,92,0.3478,0.4824,-2.361,-217.2157,-227.961,28.5,1.0,13.91,False
pead_short,atr_trail_2x,92,0.337,0.7608,-1.0612,-97.632,-128.5912,23.6,1.0,13.48,False
pead_short,ma_exit_ema9,92,0.3261,0.8354,-0.4218,-38.8042,-68.3922,7.9,1.0,13.04,False
pead_short,atr_trail_vix_conditional,92,0.3152,0.5623,-1.2257,-112.761,-105.773,10.4,1.0,12.61,False
pead_short,trailing_15pct,92,0.2935,0.3976,-4.0407,-371.7409,-379.8137,51.9,0.9891,11.74,False
pead_short,reverse_signal,92,0.2717,0.6458,-0.8464,-77.8659,-98.9051,7.8,1.0,10.87,False
pead_short,smc_mitigation_zone,92,0.2717,0.6458,-0.8464,-77.8659,-98.9051,7.8,1.0,10.87,False
pead_short,atr_trail_1x,92,0.2717,0.6458,-0.8464,-77.8659,-98.9051,7.8,1.0,10.87,False
pead_short,fixed_4r_2r,92,0.2717,0.8592,-1.1363,-104.5361,-237.2436,41.4,1.0,10.87,False
pead_short,mfe_lockin_trail,92,0.2717,0.6182,-0.9124,-83.9387,-103.5703,7.2,1.0,10.87,False
pead_short,atr_trail_mae_conditional,92,0.2717,0.6458,-0.8464,-77.8659,-98.9051,7.8,1.0,10.87,False
pead_short,break_even_at_1r,92,0.2174,0.5991,-1.1161,-102.6777,-99.4482,10.9,1.0,8.7,False
pead_short,r_multiple_3r,92,0.2174,0.9852,-0.0627,-5.7694,-88.6873,18.7,1.0,8.7,False
pead_short,chandelier_3x,92,0.1739,0.4708,-1.8811,-173.0573,-169.3015,17.5,1.0,6.96,False
pead_short,trailing_5pct,92,0.1522,0.2197,-2.2607,-207.9882,-212.8294,9.6,1.0,6.09,False
po3_htf_aligned_long,next_pivot_target,40,0.725,2.2699,3.0113,120.4539,-31.9741,9.4,0.975,59.0,True
po3_htf_aligned_long,earnings_blackout,40,0.475,2.6677,9.9052,396.2079,-78.5084,121.0,0.875,49.0,False
po3_htf_aligned_long,breakeven_plus_trail,40,0.325,2.1848,4.384,175.3594,-49.8117,27.0,1.0,43.0,False
po3_htf_aligned_long,fixed_4r_2r,40,0.35,1.6829,3.8751,155.0046,-50.8831,25.6,0.975,34.49,False
po3_htf_aligned_long,time_stop_20d,40,0.425,1.2018,1.0052,40.209,-50.2027,28.8,1.0,23.05,False
po3_htf_aligned_long,regime_flip,40,0.425,1.2018,1.0052,40.209,-50.2027,28.8,1.0,23.05,False
po3_htf_aligned_long,class_time_stop,40,0.475,1.0708,0.5119,20.4741,-92.9192,43.2,1.0,21.12,False
po3_htf_aligned_long,time_stop_10d,40,0.5,0.704,-1.5635,-62.5394,-93.4682,14.4,1.0,20.0,False
po3_htf_aligned_long,hybrid_50pct_target,40,0.45,1.0024,0.0126,0.5024,-70.0,43.6,0.975,18.07,False
po3_htf_aligned_long,ma_exit_ema9,40,0.25,1.2446,0.7777,31.1063,-93.0511,8.8,1.0,17.34,False
po3_htf_aligned_long,r_multiple_2r,40,0.35,1.0482,0.1624,6.4943,-32.9308,8.2,1.0,15.45,False
po3_htf_aligned_long,chandelier_3x,40,0.225,1.1993,0.7517,30.0688,-56.0721,19.1,1.0,14.98,False
po3_htf_aligned_long,trailing_15pct,40,0.3,1.0444,0.3197,12.7873,-159.7514,52.1,0.975,13.33,False
po3_htf_aligned_long,multi_tier_partial,40,0.325,0.2701,-2.0189,-80.7559,-81.9534,4.4,1.0,13.0,False
po3_htf_aligned_long,trailing_10pct,40,0.275,0.753,-1.1244,-44.9744,-82.928,27.4,1.0,11.0,False
po3_htf_aligned_long,atr_trail_2x,40,0.25,1.0035,0.0145,0.5812,-78.2438,17.2,1.0,10.11,False
po3_htf_aligned_long,trailing_5pct,40,0.225,0.4426,-1.5543,-62.1734,-63.7392,9.4,1.0,9.0,False
po3_htf_aligned_long,r_multiple_3r,40,0.225,0.8524,-0.58,-23.2015,-65.1461,12.2,1.0,9.0,False
po3_htf_aligned_long,mfe_lockin_trail,40,0.2,0.2118,-2.2796,-91.1842,-88.2923,5.0,1.0,8.0,False
po3_htf_aligned_long,smc_mitigation_zone,40,0.2,0.2607,-2.1381,-85.5232,-82.6313,5.4,1.0,8.0,False
po3_htf_aligned_long,atr_trail_vix_conditional,40,0.2,0.2277,-2.1717,-86.8696,-82.467,5.2,1.0,8.0,False
po3_htf_aligned_long,reverse_signal,40,0.2,0.2607,-2.1381,-85.5232,-82.6313,5.4,1.0,8.0,False
po3_htf_aligned_long,atr_trail_mae_conditional,40,0.2,0.2607,-2.1381,-85.5232,-82.6313,5.4,1.0,8.0,False
po3_htf_aligned_long,atr_trail_1x,40,0.2,0.2607,-2.1381,-85.5232,-82.6313,5.4,1.0,8.0,False
po3_htf_aligned_long,break_even_at_1r,40,0.025,0.3075,-2.2035,-88.1394,-117.2713,7.0,1.0,1.0,False
hull_rsi_short,next_pivot_target,55,0.7091,1.2504,0.7775,42.7613,-38.9418,14.1,0.9818,35.88,True
hull_rsi_short,breakeven_plus_trail,55,0.4364,1.4552,1.8989,104.4408,-50.1398,24.1,0.9818,31.11,False
hull_rsi_short,hybrid_50pct_target,55,0.7273,0.2273,-42.6616,-2346.3878,-2419.8009,272.1,0.7273,29.09,False
hull_rsi_short,r_multiple_2r,55,0.3636,1.2279,0.941,51.7545,-46.0452,12.1,1.0,21.38,False
hull_rsi_short,time_stop_10d,55,0.5091,0.9941,-0.0243,-1.3391,-76.8433,14.1,1.0,20.36,False
hull_rsi_short,earnings_blackout,55,0.4727,0.3857,-12.4544,-684.9942,-731.4455,153.4,0.8727,18.91,False
hull_rsi_short,multi_tier_partial,55,0.4727,0.743,-0.7277,-40.0229,-53.498,6.3,1.0,18.91,False
hull_rsi_short,chandelier_3x,55,0.2727,1.197,0.7849,43.1672,-49.9062,23.4,1.0,16.82,False
hull_rsi_short,time_stop_20d,55,0.4182,0.6334,-3.008,-165.4425,-196.8856,28.4,1.0,16.73,False
hull_rsi_short,class_time_stop,55,0.4182,0.6907,-3.0219,-166.2032,-256.6679,35.5,1.0,16.73,False
hull_rsi_short,regime_flip,55,0.4182,0.6334,-3.008,-165.4425,-196.8856,28.4,1.0,16.73,False
hull_rsi_short,ma_exit_ema9,55,0.3455,0.963,-0.1199,-6.5961,-67.9256,9.1,1.0,13.82,False
hull_rsi_short,atr_trail_1x,55,0.3273,0.5013,-1.4708,-80.8947,-81.4216,6.8,1.0,13.09,False
hull_rsi_short,mfe_lockin_trail,55,0.3273,0.6063,-1.1611,-63.859,-62.0185,6.2,1.0,13.09,False
hull_rsi_short,smc_mitigation_zone,55,0.3273,0.5013,-1.4708,-80.8947,-81.4216,6.8,1.0,13.09,False
hull_rsi_short,reverse_signal,55,0.3273,0.5013,-1.4708,-80.8947,-81.4216,6.8,1.0,13.09,False
hull_rsi_short,atr_trail_mae_conditional,55,0.3273,0.5013,-1.4708,-80.8947,-81.4216,6.8,1.0,13.09,False
hull_rsi_short,atr_trail_2x,55,0.3273,0.7552,-1.1522,-63.3702,-78.4411,21.7,0.9818,13.09,False
hull_rsi_short,atr_trail_vix_conditional,55,0.3091,0.5658,-1.2978,-71.3765,-76.2601,7.3,1.0,12.36,False
hull_rsi_short,r_multiple_3r,55,0.2545,1.0274,0.1328,7.3054,-68.115,19.9,1.0,11.0,False
hull_rsi_short,trailing_10pct,55,0.2727,0.2701,-3.6519,-200.8555,-194.3438,28.9,0.9818,10.91,False
hull_rsi_short,trailing_15pct,55,0.2727,0.5919,-2.8178,-154.9815,-183.7525,45.0,0.9818,10.91,False
hull_rsi_short,fixed_4r_2r,55,0.2727,0.8772,-1.0475,-57.6111,-119.9534,40.8,0.9636,10.91,False
hull_rsi_short,break_even_at_1r,55,0.2545,0.5676,-1.1852,-65.1851,-68.0032,8.9,1.0,10.18,False
hull_rsi_short,trailing_5pct,55,0.2364,0.326,-1.8394,-101.1694,-99.948,8.0,1.0,9.46,False
stoch_oversold,hybrid_50pct_target,5,1.0,999.0,9.2895,46.4473,0.0,110.6,1.0,100.0,True
stoch_oversold,earnings_blackout,5,0.8,30.4787,6.4199,32.0994,0.0,52.2,1.0,92.0,False
stoch_oversold,trailing_10pct,5,0.8,2.1412,2.0144,10.0722,0.0,54.0,1.0,92.0,False
stoch_oversold,regime_flip,5,0.8,11.2121,9.2761,46.3805,-4.5417,29.0,1.0,85.19,False
stoch_oversold,time_stop_20d,5,0.8,11.2121,9.2761,46.3805,-4.5417,29.0,1.0,85.19,False
stoch_oversold,multi_tier_partial,5,0.6,5.9274,2.7942,13.9712,-1.7525,5.4,1.0,81.37,False
stoch_oversold,reverse_signal,5,0.6,3.6677,1.5128,7.564,-1.7525,5.6,1.0,81.37,False
stoch_oversold,atr_trail_vix_conditional,5,0.6,4.2335,1.8336,9.1682,-1.7525,7.8,1.0,81.37,False
stoch_oversold,smc_mitigation_zone,5,0.6,3.6677,1.5128,7.564,-1.7525,5.6,1.0,81.37,False
stoch_oversold,atr_trail_1x,5,0.6,3.6677,1.5128,7.564,-1.7525,5.6,1.0,81.37,False
stoch_oversold,atr_trail_mae_conditional,5,0.6,3.6677,1.5128,7.564,-1.7525,5.6,1.0,81.37,False
stoch_oversold,mfe_lockin_trail,5,0.6,4.6547,2.0725,10.3626,-1.7525,5.4,1.0,81.37,False
stoch_oversold,r_multiple_2r,5,0.6,13.9195,7.9504,39.7521,-1.994,5.2,1.0,81.01,False
stoch_oversold,r_multiple_3r,5,0.6,21.0538,12.3407,61.7036,-1.994,8.6,1.0,81.01,False
stoch_oversold,ma_exit_ema9,5,0.6,10.0304,5.4265,27.1327,-2.5437,8.0,1.0,80.18,False
stoch_oversold,breakeven_plus_trail,5,0.6,10.4034,7.5002,37.5009,-3.988,26.0,1.0,78.02,False
stoch_oversold,atr_trail_2x,5,0.6,2.6259,1.7833,8.9163,-4.6585,15.4,1.0,77.01,False
stoch_oversold,fixed_4r_2r,5,0.6,13.2509,15.8388,79.1938,-4.6585,15.0,1.0,77.01,False
stoch_oversold,next_pivot_target,5,0.6,9.0439,10.3997,51.9985,-4.6585,9.6,1.0,77.01,False
stoch_oversold,time_stop_10d,5,0.6,9.0343,8.6978,43.4889,-5.0587,14.4,1.0,76.41,False
stoch_oversold,class_time_stop,5,0.6,5.4551,6.8111,34.0556,-6.4901,9.6,1.0,74.26,False
stoch_oversold,break_even_at_1r,5,0.4,1.8057,0.5607,2.8033,-1.994,17.0,1.0,67.18,False
stoch_oversold,trailing_15pct,5,0.8,1.0663,0.1827,0.9135,0.0,94.2,1.0,63.99,False
stoch_oversold,trailing_5pct,5,0.4,0.8012,-0.438,-2.1899,-4.8149,22.2,1.0,38.78,False
stoch_oversold,chandelier_3x,5,0.0,0.0,-0.5466,-2.7331,-2.6692,1.4,1.0,26.0,False
camarilla_r3_breakout,time_stop_20d,61,0.541,1.1259,0.942,57.4619,-193.9558,28.1,1.0,25.42,True
camarilla_r3_breakout,regime_flip,61,0.541,1.1259,0.942,57.4619,-193.9558,28.1,1.0,25.42,False
camarilla_r3_breakout,next_pivot_target,61,0.5738,0.7005,-2.1143,-128.9707,-138.4782,11.4,0.9836,22.95,False
camarilla_r3_breakout,time_stop_10d,61,0.5246,0.5342,-4.0852,-249.1945,-254.2792,14.1,1.0,20.98,False
camarilla_r3_breakout,breakeven_plus_trail,61,0.4918,1.0408,0.2811,17.1475,-117.3773,42.9,0.9672,20.9,False
camarilla_r3_breakout,hybrid_50pct_target,61,0.4918,0.8232,-1.9194,-117.0804,-265.5721,71.8,0.9016,19.67,False
camarilla_r3_breakout,earnings_blackout,61,0.4426,0.673,-3.4246,-208.9033,-220.5727,162.3,0.8361,17.7,False
camarilla_r3_breakout,fixed_4r_2r,61,0.3607,0.8508,-1.5452,-94.2598,-158.0242,34.2,0.9672,14.43,False
camarilla_r3_breakout,atr_trail_2x,61,0.3443,0.382,-5.1907,-316.6328,-307.1194,19.8,0.9672,13.77,False
camarilla_r3_breakout,multi_tier_partial,61,0.3279,0.3559,-2.6496,-161.625,-156.7958,4.6,1.0,13.12,False
camarilla_r3_breakout,class_time_stop,61,0.3279,0.3569,-5.3681,-327.4511,-313.7451,10.0,1.0,13.12,False
camarilla_r3_breakout,trailing_15pct,61,0.3115,0.7414,-1.8489,-112.784,-144.1323,51.3,0.9508,12.46,False
camarilla_r3_breakout,r_multiple_2r,61,0.2787,0.712,-1.6432,-100.238,-98.4472,7.9,0.9836,11.15,False
camarilla_r3_breakout,ma_exit_ema9,61,0.2623,0.4487,-2.2255,-135.7573,-156.5983,6.9,1.0,10.49,False
camarilla_r3_breakout,trailing_10pct,61,0.2623,0.5036,-2.5894,-157.9554,-155.2883,25.0,0.9672,10.49,False
camarilla_r3_breakout,r_multiple_3r,61,0.2459,0.8934,-0.6368,-38.8457,-83.9022,10.2,0.9836,9.84,False
camarilla_r3_breakout,atr_trail_vix_conditional,61,0.2295,0.1971,-4.2055,-256.5379,-247.6011,8.6,0.9672,9.18,False
camarilla_r3_breakout,chandelier_3x,61,0.2295,0.5683,-1.843,-112.4226,-151.5484,14.0,0.9836,9.18,False
camarilla_r3_breakout,smc_mitigation_zone,61,0.2131,0.2918,-3.1209,-190.3725,-185.5433,5.2,0.9836,8.52,False
camarilla_r3_breakout,mfe_lockin_trail,61,0.2131,0.308,-3.0495,-186.0223,-181.1931,5.1,0.9836,8.52,False
camarilla_r3_breakout,reverse_signal,61,0.2131,0.2918,-3.1209,-190.3725,-185.5433,5.2,0.9836,8.52,False
camarilla_r3_breakout,atr_trail_1x,61,0.2131,0.2918,-3.1209,-190.3725,-185.5433,5.2,0.9836,8.52,False
camarilla_r3_breakout,atr_trail_mae_conditional,61,0.2131,0.2918,-3.1209,-190.3725,-185.5433,5.2,0.9836,8.52,False
camarilla_r3_breakout,trailing_5pct,61,0.1475,0.333,-2.0861,-127.255,-125.4718,7.1,0.9672,5.9,False
camarilla_r3_breakout,break_even_at_1r,61,0.1311,0.3216,-2.9914,-182.4733,-180.1046,8.0,0.9836,5.24,False
risk_off_bond_equity_short,hybrid_50pct_target,33,0.8182,0.2501,-37.8958,-1250.5629,-1549.4176,272.3,0.7879,32.73,False
risk_off_bond_equity_short,next_pivot_target,33,0.7273,1.0681,0.1884,6.2164,-50.1467,7.4,1.0,31.14,True
risk_off_bond_equity_short,breakeven_plus_trail,33,0.303,1.5768,2.0823,68.7171,-74.5306,26.1,1.0,29.42,False
risk_off_bond_equity_short,r_multiple_2r,33,0.3636,1.2939,0.993,32.7681,-38.1021,8.8,1.0,23.36,False
risk_off_bond_equity_short,class_time_stop,33,0.5152,0.5656,-7.1142,-234.7678,-373.8287,72.9,1.0,20.61,False
risk_off_bond_equity_short,time_stop_10d,33,0.4242,1.0058,0.0217,0.7164,-69.1461,14.5,1.0,17.14,False
risk_off_bond_equity_short,time_stop_20d,33,0.4242,0.9532,-0.2633,-8.689,-117.2671,29.4,1.0,16.97,False
risk_off_bond_equity_short,regime_flip,33,0.4242,0.9532,-0.2633,-8.689,-117.2671,29.4,1.0,16.97,False
risk_off_bond_equity_short,fixed_4r_2r,33,0.303,1.1362,0.967,31.9102,-143.9169,39.8,1.0,16.21,False
risk_off_bond_equity_short,earnings_blackout,33,0.3939,0.3552,-14.2475,-470.168,-635.6543,173.1,0.9091,15.76,False
risk_off_bond_equity_short,multi_tier_partial,33,0.3333,0.5821,-1.2862,-42.4441,-50.5782,6.4,1.0,13.33,False
risk_off_bond_equity_short,trailing_15pct,33,0.303,0.7956,-1.3867,-45.7623,-100.4151,73.4,1.0,12.12,False
risk_off_bond_equity_short,ma_exit_ema9,33,0.2727,0.7643,-0.4908,-16.1973,-45.7326,4.7,1.0,10.91,False
risk_off_bond_equity_short,atr_trail_2x,33,0.2424,0.4245,-2.968,-97.9433,-133.5918,18.1,1.0,9.7,False
risk_off_bond_equity_short,atr_trail_vix_conditional,33,0.2424,0.6002,-1.4792,-48.814,-83.4952,8.1,1.0,9.7,False
risk_off_bond_equity_short,trailing_10pct,33,0.2424,0.4317,-2.9091,-95.999,-113.3869,28.7,1.0,9.7,False
risk_off_bond_equity_short,r_multiple_3r,33,0.2121,0.9431,-0.2415,-7.9707,-81.1326,13.8,1.0,8.48,False
risk_off_bond_equity_short,reverse_signal,33,0.1818,0.5023,-1.5993,-52.7759,-64.1034,6.4,1.0,7.27,False
risk_off_bond_equity_short,smc_mitigation_zone,33,0.1818,0.5023,-1.5993,-52.7759,-64.1034,6.4,1.0,7.27,False
risk_off_bond_equity_short,mfe_lockin_trail,33,0.1818,0.4762,-1.6832,-55.5464,-64.1034,5.7,1.0,7.27,False
risk_off_bond_equity_short,atr_trail_mae_conditional,33,0.1818,0.5023,-1.5993,-52.7759,-64.1034,6.4,1.0,7.27,False
risk_off_bond_equity_short,atr_trail_1x,33,0.1818,0.5023,-1.5993,-52.7759,-64.1034,6.4,1.0,7.27,False
risk_off_bond_equity_short,chandelier_3x,33,0.0909,0.452,-1.3095,-43.2119,-62.9281,7.8,1.0,3.64,False
risk_off_bond_equity_short,trailing_5pct,33,0.0909,0.2935,-2.1224,-70.04,-65.7121,9.8,1.0,3.64,False
risk_off_bond_equity_short,break_even_at_1r,33,0.0909,0.4547,-1.7478,-57.6783,-77.8509,7.8,1.0,3.64,False
orb_stocks_in_play_short,hybrid_50pct_target,42,0.6429,0.3777,-20.3965,-856.6548,-1022.3785,299.6,0.5476,25.72,False
orb_stocks_in_play_short,time_stop_20d,42,0.4286,0.8958,-0.9233,-38.7768,-124.3216,27.9,1.0,17.14,True
orb_stocks_in_play_short,regime_flip,42,0.4286,0.8958,-0.9233,-38.7768,-124.3216,27.9,1.0,17.14,False
orb_stocks_in_play_short,breakeven_plus_trail,42,0.4048,0.8983,-0.7387,-31.0258,-137.1413,29.7,0.9286,16.19,False
orb_stocks_in_play_short,multi_tier_partial,42,0.4048,0.5674,-2.0412,-85.7289,-108.0333,6.1,1.0,16.19,False
orb_stocks_in_play_short,time_stop_10d,42,0.3571,0.9382,-0.3953,-16.6024,-65.6927,13.9,1.0,14.28,False
orb_stocks_in_play_short,class_time_stop,42,0.3571,0.5609,-5.2786,-221.6994,-304.002,41.7,1.0,14.28,False
orb_stocks_in_play_short,next_pivot_target,42,0.3333,0.5001,-6.1559,-258.5477,-350.6268,38.8,0.9048,13.33,False
orb_stocks_in_play_short,earnings_blackout,42,0.3095,0.1942,-23.3184,-979.3715,-1079.3553,149.3,0.7619,12.38,False
orb_stocks_in_play_short,ma_exit_ema9,42,0.2857,1.0195,0.0931,3.9097,-68.2903,12.1,0.9524,12.01,False
orb_stocks_in_play_short,r_multiple_2r,42,0.2857,0.7077,-2.0896,-87.7625,-165.7506,10.7,0.9762,11.43,False
orb_stocks_in_play_short,atr_trail_2x,42,0.2857,0.7562,-1.5761,-66.1959,-139.6634,24.8,0.9286,11.43,False
orb_stocks_in_play_short,chandelier_3x,42,0.2857,0.851,-1.0749,-45.1449,-120.8726,29.5,0.9524,11.43,False
orb_stocks_in_play_short,fixed_4r_2r,42,0.2381,0.5453,-6.0308,-253.2938,-322.2622,51.8,0.9048,9.52,False
orb_stocks_in_play_short,trailing_15pct,42,0.2381,0.305,-5.5579,-233.4312,-245.9547,28.4,0.9524,9.52,False
orb_stocks_in_play_short,atr_trail_vix_conditional,42,0.2143,0.5877,-1.9278,-80.9676,-107.6453,10.7,0.9524,8.57,False
orb_stocks_in_play_short,mfe_lockin_trail,42,0.2143,0.5596,-2.1811,-91.6079,-110.6304,6.8,0.9762,8.57,False
orb_stocks_in_play_short,r_multiple_3r,42,0.2143,0.5943,-3.2196,-135.2217,-164.7114,18.2,0.9762,8.57,False
orb_stocks_in_play_short,smc_mitigation_zone,42,0.1905,0.4784,-2.6372,-110.7642,-123.2877,6.8,0.9762,7.62,False
orb_stocks_in_play_short,atr_trail_mae_conditional,42,0.1905,0.4784,-2.6372,-110.7642,-123.2877,6.8,0.9762,7.62,False
orb_stocks_in_play_short,reverse_signal,42,0.1905,0.4784,-2.6372,-110.7642,-123.2877,6.8,0.9762,7.62,False
orb_stocks_in_play_short,atr_trail_1x,42,0.1905,0.4784,-2.6372,-110.7642,-123.2877,6.8,0.9762,7.62,False
orb_stocks_in_play_short,trailing_10pct,42,0.1667,0.3047,-3.811,-160.0611,-193.1996,12.4,0.9524,6.67,False
orb_stocks_in_play_short,break_even_at_1r,42,0.1667,0.7934,-0.9871,-41.4576,-90.1617,7.6,0.9762,6.67,False
orb_stocks_in_play_short,trailing_5pct,42,0.119,0.15,-2.5135,-105.5679,-103.0481,5.3,0.9762,4.76,False
pairs_mean_reversion_short,hybrid_50pct_target,28,0.8571,0.6571,-3.2168,-90.071,-179.017,287.5,0.8571,34.28,False
pairs_mean_reversion_short,next_pivot_target,28,0.75,0.7932,-0.4767,-13.3486,-34.5358,11.0,1.0,30.0,True
pairs_mean_reversion_short,earnings_blackout,28,0.5,0.5134,-2.7834,-77.9363,-81.1452,48.3,1.0,20.0,False
pairs_mean_reversion_short,time_stop_20d,28,0.4643,0.4997,-2.3653,-66.2293,-84.219,28.9,1.0,18.57,False
pairs_mean_reversion_short,regime_flip,28,0.4643,0.4997,-2.3653,-66.2293,-84.219,28.9,1.0,18.57,False
pairs_mean_reversion_short,time_stop_10d,28,0.4286,0.6787,-0.9407,-26.3399,-45.0736,14.4,1.0,17.14,False
pairs_mean_reversion_short,class_time_stop,28,0.3571,0.3793,-3.4852,-97.5843,-107.3702,43.1,1.0,14.28,False
pairs_mean_reversion_short,trailing_15pct,28,0.3214,0.4289,-4.252,-119.0565,-122.929,77.0,1.0,12.86,False
pairs_mean_reversion_short,trailing_10pct,28,0.2857,0.4883,-2.2247,-62.2925,-85.1952,43.4,1.0,11.43,False
pairs_mean_reversion_short,atr_trail_2x,28,0.2857,0.2284,-2.7019,-75.6544,-78.1685,16.4,1.0,11.43,False
pairs_mean_reversion_short,r_multiple_2r,28,0.25,0.5295,-1.2242,-34.2763,-47.4064,7.5,1.0,10.0,False
pairs_mean_reversion_short,fixed_4r_2r,28,0.25,0.5932,-2.0956,-58.6762,-62.1609,32.4,1.0,10.0,False
pairs_mean_reversion_short,breakeven_plus_trail,28,0.25,0.4558,-1.6946,-47.4485,-60.811,27.0,1.0,10.0,False
pairs_mean_reversion_short,trailing_5pct,28,0.25,0.2046,-2.4763,-69.3356,-72.2341,13.1,1.0,10.0,False
pairs_mean_reversion_short,multi_tier_partial,28,0.25,0.18,-1.65,-46.1997,-46.3651,4.9,1.0,10.0,False
pairs_mean_reversion_short,chandelier_3x,28,0.2143,0.4048,-1.3215,-37.0029,-43.1535,14.5,1.0,8.57,False
pairs_mean_reversion_short,atr_trail_vix_conditional,28,0.1786,0.22,-1.7854,-49.9912,-57.5787,6.5,1.0,7.14,False
pairs_mean_reversion_short,ma_exit_ema9,28,0.1786,0.2805,-1.128,-31.5844,-31.8959,4.9,1.0,7.14,False
pairs_mean_reversion_short,atr_trail_mae_conditional,28,0.1429,0.1901,-1.721,-48.1889,-47.6181,5.1,1.0,5.72,False
pairs_mean_reversion_short,smc_mitigation_zone,28,0.1429,0.1901,-1.721,-48.1889,-47.6181,5.1,1.0,5.72,False
pairs_mean_reversion_short,reverse_signal,28,0.1429,0.1901,-1.721,-48.1889,-47.6181,5.1,1.0,5.72,False
pairs_mean_reversion_short,mfe_lockin_trail,28,0.1429,0.1298,-1.849,-51.772,-51.2012,4.9,1.0,5.72,False
pairs_mean_reversion_short,atr_trail_1x,28,0.1429,0.1901,-1.721,-48.1889,-47.6181,5.1,1.0,5.72,False
pairs_mean_reversion_short,r_multiple_3r,28,0.1429,0.4258,-1.6685,-46.7183,-47.0148,11.6,1.0,5.72,False
pairs_mean_reversion_short,break_even_at_1r,28,0.0357,0.0456,-2.2697,-63.5511,-63.5511,7.9,1.0,1.43,False
ultimate_oscillator,breakeven_plus_trail,82,0.5244,1.8656,3.5184,288.507,-145.5401,42.2,0.9268,46.94,True
ultimate_oscillator,class_time_stop,82,0.561,1.2474,1.548,126.9338,-199.4124,35.1,1.0,29.86,False
ultimate_oscillator,next_pivot_target,82,0.6951,1.0599,0.1804,14.7925,-110.1883,9.8,0.9878,29.6,False
ultimate_oscillator,time_stop_20d,82,0.5,1.1756,0.9597,78.6946,-198.8892,28.1,1.0,25.27,False
ultimate_oscillator,regime_flip,82,0.5,1.1756,0.9597,78.6946,-198.8892,28.1,1.0,25.27,False
ultimate_oscillator,trailing_15pct,82,0.4024,1.2772,1.7319,142.0171,-255.8954,80.5,0.9268,24.41,False
ultimate_oscillator,earnings_blackout,82,0.5122,1.088,0.7157,58.6882,-279.115,78.9,0.8659,23.13,False
ultimate_oscillator,time_stop_10d,82,0.5488,0.9461,-0.2218,-18.1838,-120.909,14.1,1.0,21.95,False
ultimate_oscillator,hybrid_50pct_target,82,0.5366,0.6973,-3.0423,-249.4686,-417.0872,97.3,0.878,21.46,False
ultimate_oscillator,ma_exit_ema9,82,0.439,0.6027,-0.8013,-65.7042,-75.4296,2.1,1.0,17.56,False
ultimate_oscillator,trailing_10pct,82,0.4146,0.9994,-0.0027,-0.2209,-195.2981,43.2,0.9756,16.58,False
ultimate_oscillator,atr_trail_2x,82,0.4146,0.839,-0.8583,-70.382,-182.9915,21.1,0.9634,16.58,False
ultimate_oscillator,fixed_4r_2r,82,0.4146,0.9968,-0.0252,-2.0698,-236.1378,31.6,0.9512,16.58,False
ultimate_oscillator,multi_tier_partial,82,0.378,0.4737,-1.7306,-141.9129,-183.9735,5.7,1.0,15.12,False
ultimate_oscillator,r_multiple_3r,82,0.3293,1.06,0.2709,22.2133,-130.9316,10.9,0.9756,14.97,False
ultimate_oscillator,r_multiple_2r,82,0.3537,0.8171,-0.7871,-64.5413,-140.1474,8.6,0.9756,14.15,False
ultimate_oscillator,atr_trail_vix_conditional,82,0.2683,0.5942,-1.4698,-120.5254,-138.113,8.5,0.9756,10.73,False
ultimate_oscillator,trailing_5pct,82,0.2439,0.4226,-1.7577,-144.1301,-167.1792,8.7,0.9756,9.76,False
ultimate_oscillator,break_even_at_1r,82,0.2317,0.7211,-0.9747,-79.9264,-169.0888,14.8,0.9756,9.27,False
ultimate_oscillator,reverse_signal,82,0.2195,0.3037,-2.4611,-201.8078,-222.0675,5.9,0.9756,8.78,False
ultimate_oscillator,atr_trail_mae_conditional,82,0.2195,0.3037,-2.4611,-201.8078,-222.0675,5.9,0.9756,8.78,False
ultimate_oscillator,smc_mitigation_zone,82,0.2195,0.3037,-2.4611,-201.8078,-222.0675,5.9,0.9756,8.78,False
ultimate_oscillator,mfe_lockin_trail,82,0.2195,0.2912,-2.5053,-205.4384,-221.6038,5.2,0.9756,8.78,False
ultimate_oscillator,atr_trail_1x,82,0.2195,0.3037,-2.4611,-201.8078,-222.0675,5.9,0.9756,8.78,False
ultimate_oscillator,chandelier_3x,82,0.0366,0.4134,-0.2591,-21.2438,-32.6651,2.4,1.0,1.46,False
williams_stoch_dual,next_pivot_target,31,0.9032,1.9425,0.9383,29.0883,-13.5433,10.9,0.9677,74.09,True
williams_stoch_dual,hybrid_50pct_target,31,0.7097,1.7034,2.9869,92.5942,-81.6335,109.9,0.871,49.49,False
williams_stoch_dual,class_time_stop,31,0.5806,1.5384,1.9241,59.6462,-24.6691,42.0,1.0,39.38,False
williams_stoch_dual,ma_exit_ema9,31,0.4839,0.723,-0.2806,-8.6979,-11.6839,1.6,1.0,31.83,False
williams_stoch_dual,atr_trail_2x,31,0.4839,1.3555,0.9066,28.1039,-31.4676,23.3,0.9355,30.02,False
williams_stoch_dual,breakeven_plus_trail,31,0.2581,1.2119,0.531,16.4611,-13.7609,29.9,0.9677,26.04,False
williams_stoch_dual,time_stop_10d,31,0.5806,0.9193,-0.2369,-7.345,-36.2849,14.4,1.0,23.22,False
williams_stoch_dual,time_stop_20d,31,0.5484,0.9956,-0.0162,-0.5017,-33.8531,28.4,1.0,21.94,False
williams_stoch_dual,regime_flip,31,0.5484,0.9956,-0.0162,-0.5017,-33.8531,28.4,1.0,21.94,False
williams_stoch_dual,earnings_blackout,31,0.5161,0.3387,-7.1822,-222.6483,-240.7537,109.4,0.8387,20.64,False
williams_stoch_dual,fixed_4r_2r,31,0.4194,1.0673,0.3224,9.9943,-65.8023,35.4,0.9032,18.79,False
williams_stoch_dual,trailing_5pct,31,0.4194,1.0631,0.1274,3.9486,-29.5026,15.8,0.9677,18.67,False
williams_stoch_dual,multi_tier_partial,31,0.4194,0.5766,-0.7661,-23.7487,-24.9174,5.2,1.0,16.78,False
williams_stoch_dual,atr_trail_vix_conditional,31,0.4194,0.7565,-0.5298,-16.4243,-33.0615,10.3,0.9677,16.78,False
williams_stoch_dual,trailing_15pct,31,0.3871,0.8551,-0.9121,-28.2754,-85.8696,81.3,0.9355,15.48,False
williams_stoch_dual,chandelier_3x,31,0.0,0.0,-0.3492,-10.8255,-10.5599,1.4,1.0,14.16,False
williams_stoch_dual,trailing_10pct,31,0.3226,0.9727,-0.1064,-3.2972,-55.8881,44.6,0.9677,12.9,False
williams_stoch_dual,r_multiple_2r,31,0.3226,0.7843,-0.6141,-19.0376,-50.2034,7.7,0.9677,12.9,False
williams_stoch_dual,r_multiple_3r,31,0.2903,0.7919,-0.6343,-19.6631,-56.2325,9.8,0.9677,11.61,False
williams_stoch_dual,smc_mitigation_zone,31,0.2581,0.3081,-1.4305,-44.3459,-39.9302,5.3,0.9677,10.32,False
williams_stoch_dual,reverse_signal,31,0.2581,0.3081,-1.4305,-44.3459,-39.9302,5.3,0.9677,10.32,False
williams_stoch_dual,mfe_lockin_trail,31,0.2581,0.3361,-1.3727,-42.554,-40.553,5.0,0.9677,10.32,False
williams_stoch_dual,atr_trail_mae_conditional,31,0.2581,0.3081,-1.4305,-44.3459,-39.9302,5.3,0.9677,10.32,False
williams_stoch_dual,atr_trail_1x,31,0.2581,0.3081,-1.4305,-44.3459,-39.9302,5.3,0.9677,10.32,False
williams_stoch_dual,break_even_at_1r,31,0.0968,0.2677,-1.6357,-50.7054,-42.4839,10.5,0.9677,3.87,False
xs_momentum_bottom_decile_short,hybrid_50pct_target,416,0.7212,0.1646,-73.5256,-30586.6462,-30809.5449,280.5,0.6635,28.85,False
xs_momentum_bottom_decile_short,next_pivot_target,416,0.6346,0.5151,-2.4663,-1025.9931,-1074.5356,9.4,0.9928,25.38,True
xs_momentum_bottom_decile_short,class_time_stop,416,0.524,0.4108,-12.5171,-5207.0987,-5630.5451,42.6,1.0,20.96,False
xs_momentum_bottom_decile_short,breakeven_plus_trail,416,0.4712,1.0451,0.3275,136.2209,-402.1796,22.7,0.9784,20.2,False
xs_momentum_bottom_decile_short,earnings_blackout,416,0.5024,0.425,-12.2217,-5084.2082,-5430.6772,104.6,0.8534,20.1,False
xs_momentum_bottom_decile_short,time_stop_20d,416,0.4856,0.3747,-11.537,-4799.384,-5049.7992,28.6,1.0,19.42,False
xs_momentum_bottom_decile_short,regime_flip,416,0.4856,0.3747,-11.537,-4799.384,-5049.7992,28.6,1.0,19.42,False
xs_momentum_bottom_decile_short,time_stop_10d,416,0.4784,0.5138,-5.1135,-2127.2326,-2212.0427,14.3,1.0,19.14,False
xs_momentum_bottom_decile_short,multi_tier_partial,416,0.3726,0.5185,-1.9356,-805.2135,-808.4521,5.9,1.0,14.9,False
xs_momentum_bottom_decile_short,trailing_15pct,416,0.3486,0.5516,-3.3466,-1392.1895,-1532.5776,22.3,0.9784,13.94,False
xs_momentum_bottom_decile_short,ma_exit_ema9,416,0.3341,0.6344,-1.3799,-574.0423,-564.0423,6.6,0.9976,13.36,False
xs_momentum_bottom_decile_short,atr_trail_2x,416,0.3221,0.4661,-4.6837,-1948.3987,-2012.8772,19.3,0.9784,12.88,False
xs_momentum_bottom_decile_short,fixed_4r_2r,416,0.2909,0.5886,-5.5798,-2321.1799,-2476.1995,34.7,0.9495,11.64,False
xs_momentum_bottom_decile_short,trailing_10pct,416,0.2885,0.4625,-2.7985,-1164.1907,-1200.0576,11.5,0.9904,11.54,False
xs_momentum_bottom_decile_short,r_multiple_2r,416,0.2692,0.6046,-2.9143,-1212.3442,-1228.579,10.6,0.9856,10.77,False
xs_momentum_bottom_decile_short,reverse_signal,416,0.2596,0.4079,-2.4726,-1028.5826,-1022.0447,6.2,0.9976,10.38,False
xs_momentum_bottom_decile_short,mfe_lockin_trail,416,0.2596,0.4135,-2.4493,-1018.9225,-1012.3846,5.8,0.9976,10.38,False
xs_momentum_bottom_decile_short,smc_mitigation_zone,416,0.2596,0.4079,-2.4726,-1028.5826,-1022.0447,6.2,0.9976,10.38,False
xs_momentum_bottom_decile_short,atr_trail_1x,416,0.2596,0.4079,-2.4726,-1028.5826,-1022.0447,6.2,0.9976,10.38,False
xs_momentum_bottom_decile_short,atr_trail_mae_conditional,416,0.2596,0.4079,-2.4726,-1028.5826,-1022.0447,6.2,0.9976,10.38,False
xs_momentum_bottom_decile_short,atr_trail_vix_conditional,416,0.25,0.3451,-3.6419,-1515.0495,-1515.83,7.7,0.988,10.0,False
xs_momentum_bottom_decile_short,break_even_at_1r,416,0.2188,0.3469,-3.6676,-1525.7312,-1535.6922,8.0,0.9928,8.75,False
xs_momentum_bottom_decile_short,r_multiple_3r,416,0.2091,0.5562,-3.5377,-1471.6757,-1476.5475,14.0,0.9688,8.36,False
xs_momentum_bottom_decile_short,chandelier_3x,416,0.1851,0.4208,-3.8586,-1605.1847,-1636.7341,16.2,0.9952,7.4,False
xs_momentum_bottom_decile_short,trailing_5pct,416,0.1538,0.1822,-2.4417,-1015.7588,-1010.7588,3.9,0.9976,6.15,False
xs_momentum_top_decile,next_pivot_target,85,0.7059,0.9025,-0.2564,-21.7963,-91.1933,9.3,1.0,28.24,True
xs_momentum_top_decile,trailing_15pct,85,0.3294,1.3515,2.6259,223.1975,-215.0023,64.7,0.9647,23.72,False
xs_momentum_top_decile,breakeven_plus_trail,85,0.2824,1.3967,1.3932,118.4247,-136.8316,31.8,0.9765,23.2,False
xs_momentum_top_decile,hybrid_50pct_target,85,0.4471,1.1714,0.9478,80.5647,-177.6876,47.3,0.9765,23.03,False
xs_momentum_top_decile,class_time_stop,85,0.4588,1.0995,0.6431,54.6612,-273.2928,43.2,1.0,21.34,False
xs_momentum_top_decile,regime_flip,85,0.4824,1.0602,0.2728,23.1872,-200.2938,29.0,1.0,21.1,False
xs_momentum_top_decile,time_stop_20d,85,0.4824,1.0602,0.2728,23.1872,-200.2938,29.0,1.0,21.1,False
xs_momentum_top_decile,time_stop_10d,85,0.4588,0.9017,-0.4023,-34.1937,-198.7205,14.5,1.0,18.35,False
xs_momentum_top_decile,earnings_blackout,85,0.4588,0.9354,-0.5993,-50.9446,-324.7957,149.1,0.7882,18.35,False
xs_momentum_top_decile,r_multiple_2r,85,0.3294,1.0996,0.3122,26.5412,-105.8783,8.0,1.0,16.16,False
xs_momentum_top_decile,multi_tier_partial,85,0.3882,0.5289,-1.1577,-98.4073,-125.2811,5.7,1.0,15.53,False
xs_momentum_top_decile,fixed_4r_2r,85,0.3059,0.9634,-0.2267,-19.2711,-252.6449,27.4,0.9882,12.24,False
xs_momentum_top_decile,trailing_10pct,85,0.3059,0.8464,-0.7648,-65.0054,-182.9834,29.6,0.9882,12.24,False
xs_momentum_top_decile,r_multiple_3r,85,0.2471,1.0747,0.2623,22.2938,-139.6064,12.7,1.0,12.12,False
xs_momentum_top_decile,atr_trail_2x,85,0.2941,0.8541,-0.6278,-53.3641,-194.5527,18.2,0.9882,11.76,False
xs_momentum_top_decile,mfe_lockin_trail,85,0.2941,0.5305,-1.2134,-103.1368,-137.5941,5.1,1.0,11.76,False
xs_momentum_top_decile,reverse_signal,85,0.2824,0.4659,-1.3982,-118.8431,-157.2945,6.0,1.0,11.3,False
xs_momentum_top_decile,smc_mitigation_zone,85,0.2824,0.4659,-1.3982,-118.8431,-157.2945,6.0,1.0,11.3,False
xs_momentum_top_decile,atr_trail_1x,85,0.2824,0.4659,-1.3982,-118.8431,-157.2945,6.0,1.0,11.3,False
xs_momentum_top_decile,atr_trail_mae_conditional,85,0.2824,0.4659,-1.3982,-118.8431,-157.2945,6.0,1.0,11.3,False
xs_momentum_top_decile,atr_trail_vix_conditional,85,0.2471,0.4802,-1.5183,-129.0537,-181.1802,8.0,1.0,9.88,False
xs_momentum_top_decile,ma_exit_ema9,85,0.2471,0.4935,-1.2528,-106.4884,-166.6283,5.1,1.0,9.88,False
xs_momentum_top_decile,trailing_5pct,85,0.2353,0.5342,-1.4261,-121.2192,-157.2795,9.2,1.0,9.41,False
xs_momentum_top_decile,chandelier_3x,85,0.1765,0.8564,-0.3445,-29.2859,-131.4835,12.0,0.9882,7.06,False
xs_momentum_top_decile,break_even_at_1r,85,0.1412,0.7861,-0.5442,-46.2558,-103.807,11.4,1.0,5.65,False
xs_low_beta_long,earnings_blackout,231,0.5714,3.0466,5.3301,1231.2436,-75.9261,97.1,0.8745,52.86,True
xs_low_beta_long,time_stop_10d,231,0.5325,1.3061,0.5377,124.2007,-46.0106,14.3,1.0,30.48,False
xs_low_beta_long,next_pivot_target,231,0.7403,0.6393,-0.7781,-179.7506,-216.042,17.4,0.987,29.61,False
xs_low_beta_long,breakeven_plus_trail,231,0.2511,1.4633,0.8895,205.4662,-99.6459,56.4,0.961,23.94,False
xs_low_beta_long,hybrid_50pct_target,231,0.5801,1.0135,0.0553,12.7741,-180.1702,107.8,0.9437,23.61,False
xs_low_beta_long,trailing_15pct,231,0.3853,1.2501,1.6027,370.2261,-480.163,197.9,0.8182,22.92,False
xs_low_beta_long,regime_flip,231,0.5281,0.8877,-0.3858,-89.119,-118.8339,33.2,1.0,21.12,False
xs_low_beta_long,time_stop_20d,231,0.5281,0.8877,-0.3858,-89.119,-118.8339,33.2,1.0,21.12,False
xs_low_beta_long,class_time_stop,231,0.5108,0.836,-0.6514,-150.4675,-189.8891,47.0,1.0,20.43,False
xs_low_beta_long,trailing_10pct,231,0.381,0.823,-0.8331,-192.4483,-312.6348,98.5,0.9437,15.24,False
xs_low_beta_long,multi_tier_partial,231,0.368,0.6452,-0.4984,-115.1317,-120.8682,8.2,1.0,14.72,False
xs_low_beta_long,fixed_4r_2r,231,0.3636,0.9897,-0.0404,-9.3289,-161.894,41.9,0.9654,14.54,False
xs_low_beta_long,atr_trail_2x,231,0.3377,0.6037,-1.1034,-254.8877,-257.4103,28.0,0.9827,13.51,False
xs_low_beta_long,trailing_5pct,231,0.3377,0.7342,-0.7292,-168.4511,-217.8215,37.8,0.961,13.51,False
xs_low_beta_long,ma_exit_ema9,231,0.329,0.5791,-0.7367,-170.1819,-170.0155,12.1,0.9913,13.16,False
xs_low_beta_long,r_multiple_2r,231,0.3247,0.8219,-0.4037,-93.2641,-100.2297,14.2,0.9827,12.99,False
xs_low_beta_long,atr_trail_vix_conditional,231,0.2554,0.6217,-0.633,-146.2234,-150.0907,11.5,0.9827,10.22,False
xs_low_beta_long,r_multiple_3r,231,0.2424,0.8478,-0.3769,-87.0668,-118.4634,19.2,0.9827,9.7,False
xs_low_beta_long,reverse_signal,231,0.2381,0.6353,-0.5393,-124.5847,-129.7966,8.4,0.9827,9.52,False
xs_low_beta_long,smc_mitigation_zone,231,0.2381,0.6353,-0.5393,-124.5847,-129.7966,8.4,0.9827,9.52,False
xs_low_beta_long,atr_trail_mae_conditional,231,0.2381,0.6353,-0.5393,-124.5847,-129.7966,8.4,0.9827,9.52,False
xs_low_beta_long,atr_trail_1x,231,0.2381,0.6353,-0.5393,-124.5847,-129.7966,8.4,0.9827,9.52,False
xs_low_beta_long,mfe_lockin_trail,231,0.2381,0.4719,-0.7809,-180.3899,-185.6018,5.3,0.9827,9.52,False
xs_low_beta_long,chandelier_3x,231,0.1732,0.4387,-1.0462,-241.6806,-238.3495,17.9,0.9913,6.93,False
xs_low_beta_long,break_even_at_1r,231,0.1039,0.4675,-1.0808,-249.6589,-267.9766,23.3,0.9827,4.16,False
xs_quality_top_quintile_long,next_pivot_target,105,0.7143,1.1628,0.4298,45.1261,-61.6683,10.4,0.9905,33.46,True
xs_quality_top_quintile_long,breakeven_plus_trail,105,0.3143,1.6538,2.2121,232.2701,-82.6416,33.5,0.9905,32.19,False
xs_quality_top_quintile_long,hybrid_50pct_target,105,0.5143,1.2936,1.4006,147.0653,-149.2567,60.3,0.9619,29.38,False
xs_quality_top_quintile_long,trailing_15pct,105,0.3905,1.4063,2.4117,253.2334,-118.3758,99.1,0.9524,27.81,False
xs_quality_top_quintile_long,time_stop_10d,105,0.5048,1.1549,0.5022,52.7283,-45.1234,14.4,1.0,24.84,False
xs_quality_top_quintile_long,r_multiple_2r,105,0.3524,1.1753,0.5404,56.7456,-48.3102,8.4,1.0,19.36,False
xs_quality_top_quintile_long,class_time_stop,105,0.4667,0.9393,-0.4135,-43.4179,-177.8718,42.9,1.0,18.67,False
xs_quality_top_quintile_long,earnings_blackout,105,0.4476,0.8675,-0.8881,-93.2497,-351.44,53.4,0.981,17.9,False
xs_quality_top_quintile_long,time_stop_20d,105,0.4381,0.9866,-0.068,-7.1451,-135.2294,28.8,1.0,17.52,False
xs_quality_top_quintile_long,regime_flip,105,0.4381,0.9866,-0.068,-7.1451,-135.2294,28.8,1.0,17.52,False
xs_quality_top_quintile_long,multi_tier_partial,105,0.3714,0.6487,-0.8405,-88.2534,-89.7644,5.3,1.0,14.86,False
xs_quality_top_quintile_long,trailing_10pct,105,0.3429,0.7379,-1.2155,-127.6292,-227.5702,41.7,0.981,13.72,False
xs_quality_top_quintile_long,atr_trail_2x,105,0.3143,0.5851,-1.8161,-190.6903,-238.1596,17.7,1.0,12.57,False
xs_quality_top_quintile_long,fixed_4r_2r,105,0.3048,0.7751,-1.4855,-155.9784,-234.3454,29.3,0.9714,12.19,False
xs_quality_top_quintile_long,atr_trail_vix_conditional,105,0.2762,0.6146,-0.9604,-100.842,-132.8835,7.4,1.0,11.05,False
xs_quality_top_quintile_long,mfe_lockin_trail,105,0.2667,0.5929,-1.0343,-108.6026,-110.346,5.2,1.0,10.67,False
xs_quality_top_quintile_long,reverse_signal,105,0.2571,0.507,-1.2717,-133.5318,-136.2633,5.5,1.0,10.28,False
xs_quality_top_quintile_long,ma_exit_ema9,105,0.2571,0.8741,-0.3094,-32.4818,-133.9547,6.9,1.0,10.28,False
xs_quality_top_quintile_long,atr_trail_1x,105,0.2571,0.507,-1.2717,-133.5318,-136.2633,5.5,1.0,10.28,False
xs_quality_top_quintile_long,smc_mitigation_zone,105,0.2571,0.507,-1.2717,-133.5318,-136.2633,5.5,1.0,10.28,False
xs_quality_top_quintile_long,atr_trail_mae_conditional,105,0.2571,0.507,-1.2717,-133.5318,-136.2633,5.5,1.0,10.28,False
xs_quality_top_quintile_long,r_multiple_3r,105,0.2381,1.0218,0.0773,8.1139,-98.1434,11.9,0.9905,10.18,False
xs_quality_top_quintile_long,trailing_5pct,105,0.2095,0.4092,-1.8198,-191.08,-186.08,9.3,1.0,8.38,False
xs_quality_top_quintile_long,chandelier_3x,105,0.1619,0.6957,-1.026,-107.7249,-243.2505,14.6,0.981,6.48,False
xs_quality_top_quintile_long,break_even_at_1r,105,0.1333,0.4579,-1.3794,-144.8391,-155.8386,9.8,1.0,5.33,False
monthly_bias_momentum_long,earnings_blackout,262,0.5229,2.0258,7.9595,2085.3914,-304.4796,104.2,0.7901,50.92,True
monthly_bias_momentum_long,breakeven_plus_trail,262,0.3893,1.9015,4.0852,1070.3311,-274.884,29.3,0.958,42.62,False
monthly_bias_momentum_long,class_time_stop,262,0.4771,1.5195,3.8363,1005.123,-511.5501,42.1,1.0,34.67,False
monthly_bias_momentum_long,hybrid_50pct_target,262,0.4771,1.3707,1.8915,495.5849,-179.038,39.8,0.9389,30.2,False
monthly_bias_momentum_long,time_stop_10d,262,0.4771,1.3112,1.4544,381.0586,-454.8464,14.6,1.0,28.42,False
monthly_bias_momentum_long,time_stop_20d,262,0.4618,1.2372,1.637,428.8922,-614.3572,28.6,1.0,25.59,False
monthly_bias_momentum_long,regime_flip,262,0.4618,1.2372,1.637,428.8922,-614.3572,28.6,1.0,25.59,False
monthly_bias_momentum_long,next_pivot_target,262,0.6069,0.7148,-1.1539,-302.3243,-440.7071,10.6,0.9771,24.28,False
monthly_bias_momentum_long,fixed_4r_2r,262,0.3664,1.2761,1.9479,510.3368,-439.1899,22.0,0.9618,22.94,False
monthly_bias_momentum_long,trailing_15pct,262,0.3664,1.2206,1.5741,412.4034,-490.2632,56.8,0.9237,21.27,False
monthly_bias_momentum_long,ma_exit_ema9,262,0.2977,1.1798,0.5456,142.9482,-198.9695,8.3,0.9809,17.3,False
monthly_bias_momentum_long,atr_trail_2x,262,0.3168,1.0785,0.4078,106.8411,-500.3777,18.0,0.9733,15.03,False
monthly_bias_momentum_long,multi_tier_partial,262,0.3397,0.4168,-1.8153,-475.6167,-493.8503,4.8,1.0,13.59,False
monthly_bias_momentum_long,r_multiple_2r,262,0.3053,0.8982,-0.4009,-105.0322,-228.3865,7.5,0.9924,12.21,False
monthly_bias_momentum_long,trailing_10pct,262,0.3053,0.8567,-0.7334,-192.1384,-597.4021,30.1,0.9542,12.21,False
monthly_bias_momentum_long,r_multiple_3r,262,0.2557,1.0489,0.2042,53.5009,-206.7356,9.8,0.9847,11.69,False
monthly_bias_momentum_long,chandelier_3x,262,0.2405,1.0268,0.102,26.7343,-425.1607,14.6,0.9656,10.42,False
monthly_bias_momentum_long,atr_trail_vix_conditional,262,0.2366,0.5169,-1.5662,-410.3389,-585.3938,6.2,0.9847,9.46,False
monthly_bias_momentum_long,smc_mitigation_zone,262,0.2137,0.3474,-2.1184,-555.0084,-574.3927,5.0,0.9962,8.55,False
monthly_bias_momentum_long,mfe_lockin_trail,262,0.2137,0.3763,-2.0244,-530.3805,-547.7408,4.7,0.9962,8.55,False
monthly_bias_momentum_long,reverse_signal,262,0.2137,0.3474,-2.1184,-555.0084,-574.3927,5.0,0.9962,8.55,False
monthly_bias_momentum_long,atr_trail_1x,262,0.2137,0.3474,-2.1184,-555.0084,-574.3927,5.0,0.9962,8.55,False
monthly_bias_momentum_long,atr_trail_mae_conditional,262,0.2137,0.3474,-2.1184,-555.0084,-574.3927,5.0,0.9962,8.55,False
monthly_bias_momentum_long,trailing_5pct,262,0.1908,0.3335,-1.9822,-519.3336,-521.1797,8.7,0.9962,7.63,False
monthly_bias_momentum_long,break_even_at_1r,262,0.1374,0.5513,-1.4545,-381.0821,-504.0816,9.3,0.9771,5.5,False
htf_aligned_breakout_long,breakeven_plus_trail,40,0.525,5.3522,14.213,568.5206,-63.5515,37.0,0.95,51.0,True
htf_aligned_breakout_long,time_stop_10d,40,0.575,1.9237,5.4167,216.6683,-97.8716,14.6,1.0,50.71,False
htf_aligned_breakout_long,ma_exit_ema9,40,0.425,2.7457,6.5788,263.1517,-56.7641,13.2,1.0,47.0,False
htf_aligned_breakout_long,next_pivot_target,40,0.625,1.6905,2.8679,114.7143,-74.4009,12.9,1.0,45.71,False
htf_aligned_breakout_long,hybrid_50pct_target,40,0.475,1.4601,2.4156,96.6222,-101.5151,37.6,0.95,32.8,False
htf_aligned_breakout_long,earnings_blackout,40,0.525,1.3051,3.1433,125.734,-219.7988,97.5,0.9,30.15,False
htf_aligned_breakout_long,class_time_stop,40,0.5,1.0956,0.8643,34.5728,-151.6517,41.8,1.0,22.87,False
htf_aligned_breakout_long,chandelier_3x,40,0.3,1.3595,1.9061,76.2439,-146.2902,23.0,0.95,22.78,False
htf_aligned_breakout_long,time_stop_20d,40,0.475,1.06,0.5732,22.9262,-130.7,28.3,1.0,20.8,False
htf_aligned_breakout_long,regime_flip,40,0.475,1.06,0.5732,22.9262,-130.7,28.3,1.0,20.8,False
htf_aligned_breakout_long,trailing_10pct,40,0.275,1.3154,1.2856,51.4222,-72.6834,27.1,1.0,20.46,False
htf_aligned_breakout_long,multi_tier_partial,40,0.475,0.6027,-1.0344,-41.3768,-80.1196,3.8,1.0,19.0,False
htf_aligned_breakout_long,fixed_4r_2r,40,0.4,1.0943,0.7144,28.5774,-183.374,21.9,0.975,18.83,False
htf_aligned_breakout_long,trailing_15pct,40,0.275,1.2318,1.3248,52.994,-150.3122,42.9,0.975,17.95,False
htf_aligned_breakout_long,r_multiple_2r,40,0.375,1.0934,0.373,14.9219,-62.9733,7.3,1.0,17.8,False
htf_aligned_breakout_long,r_multiple_3r,40,0.325,1.1461,0.6332,25.3265,-75.7086,9.1,0.975,17.38,False
htf_aligned_breakout_long,atr_trail_2x,40,0.25,0.7981,-1.0152,-40.6075,-140.47,15.9,1.0,10.0,False
htf_aligned_breakout_long,atr_trail_vix_conditional,40,0.175,0.5428,-1.2562,-50.248,-81.4798,5.8,1.0,7.0,False
htf_aligned_breakout_long,trailing_5pct,40,0.175,0.3783,-1.479,-59.1591,-57.5107,8.8,1.0,7.0,False
htf_aligned_breakout_long,smc_mitigation_zone,40,0.15,0.1098,-2.5013,-100.0519,-101.5118,4.0,1.0,6.0,False
htf_aligned_breakout_long,reverse_signal,40,0.15,0.1098,-2.5013,-100.0519,-101.5118,4.0,1.0,6.0,False
htf_aligned_breakout_long,mfe_lockin_trail,40,0.15,0.1359,-2.4281,-97.1236,-98.5835,3.8,1.0,6.0,False
htf_aligned_breakout_long,atr_trail_mae_conditional,40,0.15,0.1098,-2.5013,-100.0519,-101.5118,4.0,1.0,6.0,False
htf_aligned_breakout_long,atr_trail_1x,40,0.15,0.1098,-2.5013,-100.0519,-101.5118,4.0,1.0,6.0,False
htf_aligned_breakout_long,break_even_at_1r,40,0.1,0.585,-1.1623,-46.4919,-72.6221,7.7,1.0,4.0,False
htf_aligned_breakout_short,hybrid_50pct_target,57,0.7719,0.2662,-29.028,-1654.5974,-1683.0835,253.5,0.7193,30.88,False
htf_aligned_breakout_short,breakeven_plus_trail,57,0.3684,1.3079,1.285,73.2478,-87.4467,24.6,0.9825,23.97,True
htf_aligned_breakout_short,next_pivot_target,57,0.5614,0.9746,-0.1332,-7.5938,-123.4717,20.0,0.9649,22.46,False
htf_aligned_breakout_short,fixed_4r_2r,57,0.386,1.2188,1.5241,86.8731,-136.7744,29.4,0.9649,22.0,False
htf_aligned_breakout_short,class_time_stop,57,0.5263,0.5953,-4.0307,-229.7483,-297.1216,42.9,1.0,21.05,False
htf_aligned_breakout_short,multi_tier_partial,57,0.4912,0.5965,-1.1067,-63.0812,-66.3655,5.0,1.0,19.65,False
htf_aligned_breakout_short,regime_flip,57,0.4561,0.6018,-3.1429,-179.148,-247.5603,28.8,1.0,18.24,False
htf_aligned_breakout_short,time_stop_20d,57,0.4561,0.6018,-3.1429,-179.148,-247.5603,28.8,1.0,18.24,False
htf_aligned_breakout_short,earnings_blackout,57,0.4386,0.2821,-16.4229,-936.1071,-1007.3288,143.8,0.8246,17.54,False
htf_aligned_breakout_short,time_stop_10d,57,0.4035,0.6266,-2.113,-120.4386,-171.7177,14.4,1.0,16.14,False
htf_aligned_breakout_short,trailing_15pct,57,0.386,0.5809,-2.6798,-152.7496,-221.7833,43.8,0.9474,15.44,False
htf_aligned_breakout_short,atr_trail_2x,57,0.3333,0.4198,-3.1643,-180.3677,-188.0771,16.9,0.9825,13.33,False
htf_aligned_breakout_short,r_multiple_2r,57,0.3333,0.8411,-0.6182,-35.2399,-71.9771,10.2,0.9825,13.33,False
htf_aligned_breakout_short,ma_exit_ema9,57,0.3158,0.7542,-0.8635,-49.218,-85.4873,11.3,0.9825,12.63,False
htf_aligned_breakout_short,chandelier_3x,57,0.2982,0.4627,-3.4687,-197.7174,-233.1051,22.3,1.0,11.93,False
htf_aligned_breakout_short,atr_trail_vix_conditional,57,0.2807,0.3256,-2.5897,-147.6152,-155.136,6.8,0.9825,11.23,False
htf_aligned_breakout_short,smc_mitigation_zone,57,0.2632,0.3451,-2.0052,-114.2974,-119.5152,5.8,1.0,10.53,False
htf_aligned_breakout_short,trailing_5pct,57,0.2632,0.2735,-1.9906,-113.4623,-105.829,7.7,1.0,10.53,False
htf_aligned_breakout_short,trailing_10pct,57,0.2632,0.5344,-2.074,-118.2171,-149.8361,24.5,0.9649,10.53,False
htf_aligned_breakout_short,atr_trail_mae_conditional,57,0.2632,0.3451,-2.0052,-114.2974,-119.5152,5.8,1.0,10.53,False
htf_aligned_breakout_short,mfe_lockin_trail,57,0.2632,0.3687,-1.933,-110.1785,-118.8298,5.6,1.0,10.53,False
htf_aligned_breakout_short,reverse_signal,57,0.2632,0.3451,-2.0052,-114.2974,-119.5152,5.8,1.0,10.53,False
htf_aligned_breakout_short,atr_trail_1x,57,0.2632,0.3451,-2.0052,-114.2974,-119.5152,5.8,1.0,10.53,False
htf_aligned_breakout_short,r_multiple_3r,57,0.2281,0.7739,-0.9952,-56.7258,-71.7445,13.8,0.9825,9.12,False
htf_aligned_breakout_short,break_even_at_1r,57,0.1579,0.4872,-1.474,-84.0184,-75.7252,6.8,1.0,6.32,False
cpr_narrow_momentum_short,hybrid_50pct_target,17,0.8235,1.1878,1.9103,32.4758,-122.481,167.2,0.8235,38.57,True
cpr_narrow_momentum_short,fixed_4r_2r,17,0.4118,1.546,3.8371,65.2311,-103.1423,45.9,0.9412,32.85,False
cpr_narrow_momentum_short,next_pivot_target,17,0.6471,0.205,-3.2371,-55.0313,-57.751,8.6,1.0,25.88,False
cpr_narrow_momentum_short,multi_tier_partial,17,0.4706,0.5864,-1.3076,-22.2289,-16.8365,8.0,1.0,23.57,False
cpr_narrow_momentum_short,class_time_stop,17,0.5882,0.6235,-4.2893,-72.9187,-142.8731,44.1,1.0,23.53,False
cpr_narrow_momentum_short,regime_flip,17,0.5294,0.7783,-1.6398,-27.8763,-87.468,29.5,1.0,21.18,False
cpr_narrow_momentum_short,time_stop_20d,17,0.5294,0.7783,-1.6398,-27.8763,-87.468,29.5,1.0,21.18,False
cpr_narrow_momentum_short,breakeven_plus_trail,17,0.4118,1.1312,0.6148,10.4519,-59.0165,27.9,1.0,20.41,False
cpr_narrow_momentum_short,earnings_blackout,17,0.4706,0.33,-9.2947,-158.0096,-228.3286,157.4,0.8235,18.82,False
cpr_narrow_momentum_short,time_stop_10d,17,0.4118,0.8947,-0.4752,-8.0789,-57.2014,14.8,1.0,16.47,False
cpr_narrow_momentum_short,atr_trail_1x,17,0.3529,0.3028,-2.3798,-40.4574,-35.1252,8.0,1.0,14.12,False
cpr_narrow_momentum_short,atr_trail_mae_conditional,17,0.3529,0.3028,-2.3798,-40.4574,-35.1252,8.0,1.0,14.12,False
cpr_narrow_momentum_short,trailing_10pct,17,0.3529,0.4094,-2.8553,-48.5403,-70.6239,20.6,1.0,14.12,False
cpr_narrow_momentum_short,mfe_lockin_trail,17,0.3529,0.3571,-2.1944,-37.3045,-31.3959,7.5,1.0,14.12,False
cpr_narrow_momentum_short,atr_trail_vix_conditional,17,0.3529,0.574,-1.3617,-23.1488,-47.8972,10.2,1.0,14.12,False
cpr_narrow_momentum_short,smc_mitigation_zone,17,0.3529,0.3028,-2.3798,-40.4574,-35.1252,8.0,1.0,14.12,False
cpr_narrow_momentum_short,reverse_signal,17,0.3529,0.3028,-2.3798,-40.4574,-35.1252,8.0,1.0,14.12,False
cpr_narrow_momentum_short,r_multiple_3r,17,0.2353,1.1061,0.4545,7.7272,-23.1594,18.6,1.0,12.6,False
cpr_narrow_momentum_short,chandelier_3x,17,0.2941,0.5857,-1.3352,-22.698,-33.8284,21.8,1.0,11.76,False
cpr_narrow_momentum_short,trailing_5pct,17,0.2941,0.3995,-1.7233,-29.2963,-25.2338,7.8,1.0,11.76,False
cpr_narrow_momentum_short,r_multiple_2r,17,0.2941,0.902,-0.4001,-6.8015,-24.3965,9.8,1.0,11.76,False
cpr_narrow_momentum_short,ma_exit_ema9,17,0.2353,0.203,-3.0269,-51.4569,-52.4162,7.6,1.0,9.41,False
cpr_narrow_momentum_short,atr_trail_2x,17,0.2353,0.5831,-2.0618,-35.0507,-59.9026,23.1,1.0,9.41,False
cpr_narrow_momentum_short,trailing_15pct,17,0.2353,0.5903,-2.7919,-47.4622,-94.1873,40.6,1.0,9.41,False
cpr_narrow_momentum_short,break_even_at_1r,17,0.1765,0.0415,-3.4064,-57.9087,-51.2666,11.4,1.0,7.06,False
insider_cluster_long,breakeven_plus_trail,10,0.7,999.0,8.7376,87.3758,0.0,33.2,1.0,88.0,True
insider_cluster_long,next_pivot_target,10,0.9,2.0581,2.0159,20.1587,-19.0515,3.9,1.0,67.42,False
insider_cluster_long,time_stop_10d,10,0.7,2.9957,5.0804,50.8044,-17.8103,15.1,1.0,61.28,False
insider_cluster_long,time_stop_20d,10,0.7,1.6111,1.8791,18.791,-30.6324,29.4,1.0,46.33,False
insider_cluster_long,regime_flip,10,0.7,1.6111,1.8791,18.791,-30.6324,29.4,1.0,46.33,False
insider_cluster_long,ma_exit_ema9,10,0.5,1.5899,1.5304,15.3042,-15.7999,8.8,1.0,44.0,False
insider_cluster_long,r_multiple_2r,10,0.4,1.583,2.2494,22.4938,-20.7324,7.7,1.0,33.49,False
insider_cluster_long,earnings_blackout,10,0.5,1.1491,0.8151,8.1506,-35.2851,52.0,1.0,24.47,False
insider_cluster_long,hybrid_50pct_target,10,0.4,1.2237,1.3423,13.4233,-50.0,50.3,1.0,22.71,False
insider_cluster_long,multi_tier_partial,10,0.5,0.4293,-1.506,-15.0603,-22.3853,4.0,1.0,20.0,False
insider_cluster_long,class_time_stop,10,0.5,0.4401,-3.6379,-36.3787,-47.8528,43.6,1.0,20.0,False
insider_cluster_long,r_multiple_3r,10,0.3,1.16,0.8154,8.1539,-39.0749,10.7,1.0,16.8,False
insider_cluster_long,fixed_4r_2r,10,0.4,0.9842,-0.1338,-1.3382,-59.9249,46.8,0.9,16.0,False
insider_cluster_long,trailing_15pct,10,0.4,0.6163,-2.1933,-21.9328,-35.8275,54.1,1.0,16.0,False
insider_cluster_long,atr_trail_2x,10,0.3,0.6758,-1.891,-18.9104,-43.8376,15.6,1.0,12.0,False
insider_cluster_long,chandelier_3x,10,0.3,0.4963,-1.7875,-17.8754,-32.5766,14.1,1.0,12.0,False
insider_cluster_long,trailing_10pct,10,0.2,0.8286,-0.677,-6.7699,-33.4274,23.7,1.0,8.0,False
insider_cluster_long,trailing_5pct,10,0.1,0.3568,-1.4293,-14.2928,-22.2208,6.3,1.0,4.0,False
insider_cluster_long,atr_trail_mae_conditional,10,0.1,0.0933,-2.6781,-26.7811,-29.033,4.0,1.0,4.0,False
insider_cluster_long,mfe_lockin_trail,10,0.1,0.0933,-2.6781,-26.7811,-29.033,4.0,1.0,4.0,False
insider_cluster_long,atr_trail_vix_conditional,10,0.1,0.8722,-0.3249,-3.2489,-22.8568,7.1,1.0,4.0,False
insider_cluster_long,reverse_signal,10,0.1,0.0933,-2.6781,-26.7811,-29.033,4.0,1.0,4.0,False
insider_cluster_long,smc_mitigation_zone,10,0.1,0.0933,-2.6781,-26.7811,-29.033,4.0,1.0,4.0,False
insider_cluster_long,atr_trail_1x,10,0.1,0.0933,-2.6781,-26.7811,-29.033,4.0,1.0,4.0,False
insider_cluster_long,break_even_at_1r,10,0.1,0.5879,-1.5452,-15.4515,-36.994,5.9,1.0,4.0,False
inside_bar_breakout,next_pivot_target,5,1.0,999.0,2.0791,10.3955,0.0,6.2,0.8,100.0,True
inside_bar_breakout,earnings_blackout,5,0.8,4.2272,10.385,51.9252,0.0,61.0,0.8,92.0,False
inside_bar_breakout,breakeven_plus_trail,5,0.6,6.0404,5.8538,29.2692,0.0,30.6,0.8,84.0,False
inside_bar_breakout,class_time_stop,5,0.6,3.1511,2.3934,11.9668,-3.7962,29.8,1.0,78.31,False
inside_bar_breakout,regime_flip,5,0.6,3.2867,5.8299,29.1495,-9.0851,24.2,1.0,70.37,False
inside_bar_breakout,time_stop_20d,5,0.6,3.2867,5.8299,29.1495,-9.0851,24.2,1.0,70.37,False
inside_bar_breakout,hybrid_50pct_target,5,0.6,2.3003,5.2011,26.0055,-10.0,31.4,0.6,69.0,False
inside_bar_breakout,r_multiple_3r,5,0.4,2.2534,3.8457,19.2286,-7.9703,9.2,0.8,64.04,False
inside_bar_breakout,ma_exit_ema9,5,0.6,0.9766,-0.0118,-0.0588,-2.5156,1.0,1.0,50.23,False
inside_bar_breakout,r_multiple_2r,5,0.4,1.5068,1.555,7.7751,-7.9703,6.6,0.8,49.25,False
inside_bar_breakout,mfe_lockin_trail,5,0.4,1.417,1.0838,5.4188,-7.4721,7.0,0.8,47.3,False
inside_bar_breakout,break_even_at_1r,5,0.4,1.39,1.1965,5.9825,-7.9703,9.4,0.8,45.74,False
inside_bar_breakout,atr_trail_vix_conditional,5,0.4,1.3333,1.1079,5.5393,-7.4721,9.4,0.8,44.79,False
inside_bar_breakout,time_stop_10d,5,0.6,1.4315,1.6695,8.3473,-15.4566,12.4,1.0,43.76,False
inside_bar_breakout,multi_tier_partial,5,0.4,1.2951,0.7668,3.8338,-7.4721,7.0,1.0,43.64,False
inside_bar_breakout,reverse_signal,5,0.4,1.2085,0.5417,2.7085,-7.4721,7.0,0.8,41.05,False
inside_bar_breakout,smc_mitigation_zone,5,0.4,1.2085,0.5417,2.7085,-7.4721,7.0,0.8,41.05,False
inside_bar_breakout,atr_trail_1x,5,0.4,1.2085,0.5417,2.7085,-7.4721,7.0,0.8,41.05,False
inside_bar_breakout,atr_trail_mae_conditional,5,0.4,1.2085,0.5417,2.7085,-7.4721,7.0,0.8,41.05,False
inside_bar_breakout,fixed_4r_2r,5,0.4,1.5,3.0681,15.3406,-15.9406,18.2,0.8,37.09,False
inside_bar_breakout,trailing_10pct,5,0.4,0.8497,-0.7543,-3.7715,-9.885,19.4,0.8,31.17,False
inside_bar_breakout,chandelier_3x,5,0.0,0.0,-0.3024,-1.5121,-1.3727,1.0,1.0,27.94,False
inside_bar_breakout,trailing_15pct,5,0.4,0.4258,-3.9365,-19.6826,-14.8914,24.4,0.8,23.66,False
inside_bar_breakout,atr_trail_2x,5,0.4,0.6447,-1.9791,-9.8954,-15.072,12.4,0.8,23.39,False
inside_bar_breakout,trailing_5pct,5,0.2,0.0149,-2.7657,-13.8283,-9.9638,6.8,0.8,23.05,False
vix_backwardation_long,next_pivot_target,7,1.0,999.0,4.2665,29.8653,0.0,3.0,1.0,100.0,True
vix_backwardation_long,breakeven_plus_trail,7,0.8571,999.0,16.9468,118.6277,0.0,50.6,1.0,94.28,False
vix_backwardation_long,time_stop_10d,7,0.8571,44.9452,14.8447,103.9129,-2.3646,14.4,1.0,90.74,False
vix_backwardation_long,reverse_signal,7,0.7143,2.4819,2.1332,14.9322,-5.902,6.1,1.0,79.72,False
vix_backwardation_long,mfe_lockin_trail,7,0.7143,2.4819,2.1332,14.9322,-5.902,6.1,1.0,79.72,False
vix_backwardation_long,atr_trail_1x,7,0.7143,2.4819,2.1332,14.9322,-5.902,6.1,1.0,79.72,False
vix_backwardation_long,smc_mitigation_zone,7,0.7143,2.4819,2.1332,14.9322,-5.902,6.1,1.0,79.72,False
vix_backwardation_long,atr_trail_mae_conditional,7,0.7143,2.4819,2.1332,14.9322,-5.902,6.1,1.0,79.72,False
vix_backwardation_long,multi_tier_partial,7,0.7143,4.9814,3.6242,25.3697,-5.902,6.1,1.0,79.72,False
vix_backwardation_long,regime_flip,7,0.8571,13.992,19.0263,133.1839,-10.2512,27.7,1.0,78.91,False
vix_backwardation_long,time_stop_20d,7,0.8571,13.992,19.0263,133.1839,-10.2512,27.7,1.0,78.91,False
vix_backwardation_long,r_multiple_2r,7,0.7143,4.8311,7.1049,49.7342,-7.0798,11.1,1.0,77.95,False
vix_backwardation_long,trailing_15pct,7,0.7143,8.1815,12.6717,88.7017,-7.3186,66.9,1.0,77.59,False
vix_backwardation_long,atr_trail_2x,7,0.5714,8.0886,13.9312,97.5187,-5.0328,32.7,1.0,75.31,False
vix_backwardation_long,trailing_10pct,7,0.5714,9.5849,13.581,95.0671,-5.0328,44.9,1.0,75.31,False
vix_backwardation_long,hybrid_50pct_target,7,0.7143,5.6796,13.3702,93.5913,-10.0,65.6,1.0,73.57,False
vix_backwardation_long,break_even_at_1r,7,0.4286,8.8954,11.365,79.5549,-5.902,29.9,1.0,68.29,False
vix_backwardation_long,ma_exit_ema9,7,0.4286,5.8434,6.4861,45.4029,-6.5369,8.7,1.0,67.34,False
vix_backwardation_long,r_multiple_3r,7,0.5714,3.9558,8.0967,56.6767,-12.0947,26.0,1.0,64.71,False
vix_backwardation_long,earnings_blackout,7,0.7143,4.6086,12.0842,84.5893,-18.465,32.6,0.7143,60.87,False
vix_backwardation_long,class_time_stop,7,0.7143,6.7944,15.7494,110.2457,-19.0262,61.7,1.0,60.03,False
vix_backwardation_long,atr_trail_vix_conditional,7,0.4286,2.7696,4.6279,32.3954,-12.9787,14.1,1.0,57.68,False
vix_backwardation_long,trailing_5pct,7,0.5714,1.4303,0.9268,6.4877,-5.902,5.3,1.0,56.91,False
vix_backwardation_long,fixed_4r_2r,7,0.5714,2.5946,8.6734,60.7136,-25.6902,50.9,1.0,52.86,False
vix_backwardation_long,chandelier_3x,7,0.2857,3.4039,5.7431,40.2015,-16.2754,11.0,0.8571,47.01,False
