ticker,date,strategy,reason,close,next_open,atr
JCI,2022-05-05,bollinger_tight,dedup_one_position_per_ticker_per_day,,,
JCI,2022-05-05,hull_rsi,dedup_one_position_per_ticker_per_day,,,
JCI,2022-05-05,ichimoku_cloud_breakout,dedup_one_position_per_ticker_per_day,,,
JCI,2022-05-05,supertrend_macd,dedup_one_position_per_ticker_per_day,,,
JCI,2022-05-05,supertrend_macd_short,dedup_one_position_per_ticker_per_day,,,
JCI,2022-05-05,hull_rsi_short,dedup_one_position_per_ticker_per_day,,,
JCI,2022-05-05,dc20_break_retest,dedup_one_position_per_ticker_per_day,,,
JCI,2022-05-05,break_retest_confluence,dedup_one_position_per_ticker_per_day,,,
JCI,2022-05-05,lead_lag_sector_rotation,dedup_one_position_per_ticker_per_day,,,
AWK,2022-05-05,bollinger_tight,dedup_one_position_per_ticker_per_day,,,
AWK,2022-05-05,cpr_narrow_bullish,dedup_one_position_per_ticker_per_day,,,
AWK,2022-05-05,hull_rsi,dedup_one_position_per_ticker_per_day,,,
AWK,2022-05-05,ichimoku_cloud_breakout,dedup_one_position_per_ticker_per_day,,,
AWK,2022-05-05,cpr_narrow_momentum,dedup_one_position_per_ticker_per_day,,,
AWK,2022-05-05,hull_rsi_short,dedup_one_position_per_ticker_per_day,,,
AWK,2022-05-05,cpr_narrow_momentum_short,dedup_one_position_per_ticker_per_day,,,
AWK,2022-05-05,r1_break_retest,dedup_one_position_per_ticker_per_day,,,
AWK,2022-05-05,break_retest_confluence,dedup_one_position_per_ticker_per_day,,,
HST,2022-05-05,hull_rsi,dedup_one_position_per_ticker_per_day,,,
HST,2022-05-05,roc_burst,dedup_one_position_per_ticker_per_day,,,
HST,2022-05-05,tema_dema,dedup_one_position_per_ticker_per_day,,,
HST,2022-05-05,force_index_breakout,dedup_one_position_per_ticker_per_day,,,
HST,2022-05-05,bullish_engulfing_support,dedup_one_position_per_ticker_per_day,,,
HST,2022-05-05,cpr_narrow_momentum,dedup_one_position_per_ticker_per_day,,,
HST,2022-05-05,hull_rsi_short,dedup_one_position_per_ticker_per_day,,,
HST,2022-05-05,cpr_narrow_momentum_short,dedup_one_position_per_ticker_per_day,,,
CERN,2022-05-05,52wh_break_retest,dedup_one_position_per_ticker_per_day,,,
CERN,2022-05-05,break_retest_confluence,dedup_one_position_per_ticker_per_day,,,
CERN,2022-05-05,stochrsi_oversold,dedup_one_position_per_ticker_per_day,,,
CERN,2022-05-05,bollinger_lower,dedup_one_position_per_ticker_per_day,,,
CERN,2022-05-05,bollinger_tight,dedup_one_position_per_ticker_per_day,,,
CERN,2022-05-05,stochrsi_overbought_short,dedup_one_position_per_ticker_per_day,,,
CERN,2022-05-05,lead_lag_sector_rotation,dedup_one_position_per_ticker_per_day,,,
PSX,2022-05-05,hull_rsi,dedup_one_position_per_ticker_per_day,,,
PSX,2022-05-05,cpr_narrow_momentum,dedup_one_position_per_ticker_per_day,,,
PSX,2022-05-05,break_retest_confluence,dedup_one_position_per_ticker_per_day,,,
PSX,2022-05-05,stochrsi_oversold,dedup_one_position_per_ticker_per_day,,,
PSX,2022-05-05,bollinger_lower,dedup_one_position_per_ticker_per_day,,,
PSX,2022-05-05,bollinger_tight,dedup_one_position_per_ticker_per_day,,,
PSX,2022-05-05,stochrsi_overbought_short,dedup_one_position_per_ticker_per_day,,,
RKLB,2022-05-05,cpr_narrow_bullish,dedup_one_position_per_ticker_per_day,,,
RKLB,2022-05-05,hull_rsi,dedup_one_position_per_ticker_per_day,,,
RKLB,2022-05-05,cpr_narrow_momentum,dedup_one_position_per_ticker_per_day,,,
RKLB,2022-05-05,hull_rsi_short,dedup_one_position_per_ticker_per_day,,,
RKLB,2022-05-05,cpr_narrow_momentum_short,dedup_one_position_per_ticker_per_day,,,
RKLB,2022-05-05,break_retest_confluence,dedup_one_position_per_ticker_per_day,,,
RKLB,2022-05-05,lead_lag_sector_rotation,dedup_one_position_per_ticker_per_day,,,
BAM,2022-05-05,macd_fast_crossover,dedup_one_position_per_ticker_per_day,,,
BAM,2022-05-05,hull_rsi,dedup_one_position_per_ticker_per_day,,,
BAM,2022-05-05,force_index_breakout,dedup_one_position_per_ticker_per_day,,,
BAM,2022-05-05,hull_rsi_short,dedup_one_position_per_ticker_per_day,,,
BAM,2022-05-05,r1_break_retest,dedup_one_position_per_ticker_per_day,,,
BAM,2022-05-05,break_retest_confluence,dedup_one_position_per_ticker_per_day,,,
BAM,2022-05-05,lead_lag_sector_rotation,dedup_one_position_per_ticker_per_day,,,
BDX,2022-05-05,camarilla_r3_breakout,dedup_one_position_per_ticker_per_day,,,
BDX,2022-05-05,prev_day_high_break,dedup_one_position_per_ticker_per_day,,,
BDX,2022-05-05,macd_fast_crossover,dedup_one_position_per_ticker_per_day,,,
BDX,2022-05-05,hull_rsi,dedup_one_position_per_ticker_per_day,,,
BDX,2022-05-05,force_index_breakout,dedup_one_position_per_ticker_per_day,,,
BDX,2022-05-05,three_white_soldiers,dedup_one_position_per_ticker_per_day,,,
CG,2022-05-05,ichimoku_cloud_breakout,dedup_one_position_per_ticker_per_day,,,
CG,2022-05-05,cpr_narrow_momentum,dedup_one_position_per_ticker_per_day,,,
CG,2022-05-05,cpr_narrow_momentum_short,dedup_one_position_per_ticker_per_day,,,
CG,2022-05-05,r1_break_retest,dedup_one_position_per_ticker_per_day,,,
CG,2022-05-05,break_retest_confluence,dedup_one_position_per_ticker_per_day,,,
CG,2022-05-05,lead_lag_sector_rotation,dedup_one_position_per_ticker_per_day,,,
FOX,2022-05-05,cpr_narrow_bullish,dedup_one_position_per_ticker_per_day,,,
FOX,2022-05-05,ichimoku_cloud_breakout,dedup_one_position_per_ticker_per_day,,,
FOX,2022-05-05,cpr_narrow_momentum,dedup_one_position_per_ticker_per_day,,,
FOX,2022-05-05,cpr_narrow_momentum_short,dedup_one_position_per_ticker_per_day,,,
FOX,2022-05-05,r1_break_retest,dedup_one_position_per_ticker_per_day,,,
FOX,2022-05-05,break_retest_confluence,dedup_one_position_per_ticker_per_day,,,
RKLB,2022-05-06,(any),ticker_already_open_concurrent_block_bug61,,,
JCI,2022-05-06,(any),ticker_already_open_concurrent_block_bug61,,,
BHVN,2022-05-06,bollinger_tight,EVENT_SUPPRESSION_NFP_d0_dec348,,,
BHVN,2022-05-06,pivot_r2_continuation,EVENT_SUPPRESSION_NFP_d0_dec348,,,
BHVN,2022-05-06,cpr_narrow_bullish,EVENT_SUPPRESSION_NFP_d0_dec348,,,
BHVN,2022-05-06,macd_fast_crossover,EVENT_SUPPRESSION_NFP_d0_dec348,,,
BHVN,2022-05-06,hull_rsi,EVENT_SUPPRESSION_NFP_d0_dec348,,,
BHVN,2022-05-06,ichimoku_cloud_breakout,EVENT_SUPPRESSION_NFP_d0_dec348,,,
BHVN,2022-05-06,cpr_narrow_momentum,EVENT_SUPPRESSION_NFP_d0_dec348,,,
BHVN,2022-05-06,hull_rsi_short,EVENT_SUPPRESSION_NFP_d0_dec348,,,
BHVN,2022-05-06,cpr_narrow_momentum_short,EVENT_SUPPRESSION_NFP_d0_dec348,,,
BHVN,2022-05-06,r1_break_retest,EVENT_SUPPRESSION_NFP_d0_dec348,,,
BHVN,2022-05-06,break_retest_confluence,EVENT_SUPPRESSION_NFP_d0_dec348,,,
BHVN,2022-05-06,lead_lag_sector_rotation,EVENT_SUPPRESSION_NFP_d0_dec348,,,
WMB,2022-05-06,cpr_narrow_bullish,EVENT_SUPPRESSION_NFP_d0_dec348,,,
WMB,2022-05-06,hull_rsi,EVENT_SUPPRESSION_NFP_d0_dec348,,,
WMB,2022-05-06,tema_dema,EVENT_SUPPRESSION_NFP_d0_dec348,,,
WMB,2022-05-06,ichimoku_cloud_breakout,EVENT_SUPPRESSION_NFP_d0_dec348,,,
WMB,2022-05-06,supertrend_macd,EVENT_SUPPRESSION_NFP_d0_dec348,,,
WMB,2022-05-06,cpr_narrow_momentum,EVENT_SUPPRESSION_NFP_d0_dec348,,,
WMB,2022-05-06,52wh_break_retest,EVENT_SUPPRESSION_NFP_d0_dec348,,,
WMB,2022-05-06,break_retest_confluence,EVENT_SUPPRESSION_NFP_d0_dec348,,,
WMB,2022-05-06,bollinger_lower,EVENT_SUPPRESSION_NFP_d0_dec348,,,
WMB,2022-05-06,bollinger_tight,EVENT_SUPPRESSION_NFP_d0_dec348,,,
WMB,2022-05-06,williams_stoch_dual,EVENT_SUPPRESSION_NFP_d0_dec348,,,
FOX,2022-05-06,(any),ticker_already_open_concurrent_block_bug61,,,
BAM,2022-05-06,(any),ticker_already_open_concurrent_block_bug61,,,
XLE,2022-05-06,cpr_narrow_bullish,EVENT_SUPPRESSION_NFP_d0_dec348,,,
XLE,2022-05-06,hull_rsi,EVENT_SUPPRESSION_NFP_d0_dec348,,,
XLE,2022-05-06,tema_dema,EVENT_SUPPRESSION_NFP_d0_dec348,,,
XLE,2022-05-06,ichimoku_tk_cross,EVENT_SUPPRESSION_NFP_d0_dec348,,,
XLE,2022-05-06,supertrend_macd,EVENT_SUPPRESSION_NFP_d0_dec348,,,
XLE,2022-05-06,cpr_narrow_momentum,EVENT_SUPPRESSION_NFP_d0_dec348,,,
XLE,2022-05-06,r1_break_retest,EVENT_SUPPRESSION_NFP_d0_dec348,,,
XLE,2022-05-06,52wh_break_retest,EVENT_SUPPRESSION_NFP_d0_dec348,,,
XLE,2022-05-06,break_retest_confluence,EVENT_SUPPRESSION_NFP_d0_dec348,,,
XLE,2022-05-06,bollinger_tight,EVENT_SUPPRESSION_NFP_d0_dec348,,,
PSX,2022-05-06,(any),ticker_already_open_concurrent_block_bug61,,,
AWK,2022-05-06,(any),ticker_already_open_concurrent_block_bug61,,,
NVDA,2022-05-06,supertrend_macd,EVENT_SUPPRESSION_NFP_d0_dec348,,,
NVDA,2022-05-06,cpr_narrow_bullish,EVENT_SUPPRESSION_NFP_d0_dec348,,,
NVDA,2022-05-06,parabolic_sar_flip,EVENT_SUPPRESSION_NFP_d0_dec348,,,
NVDA,2022-05-06,ichimoku_cloud_breakout,EVENT_SUPPRESSION_NFP_d0_dec348,,,
NVDA,2022-05-06,adx_initiation,EVENT_SUPPRESSION_NFP_d0_dec348,,,
NVDA,2022-05-06,parabolic_sar_flip_short,EVENT_SUPPRESSION_NFP_d0_dec348,,,
RKLB,2022-05-09,bollinger_lower,dispersion_cb_dec128_z_3.63,,,
LCID,2022-05-09,bollinger_tight,dispersion_cb_dec128_z_3.63,,,
FOX,2022-05-09,bollinger_tight,dispersion_cb_dec128_z_3.63,,,
NVDA,2022-05-09,bollinger_lower,dispersion_cb_dec128_z_3.63,,,
BAM,2022-05-09,bollinger_lower,dispersion_cb_dec128_z_3.63,,,
CG,2022-05-09,bollinger_tight,dispersion_cb_dec128_z_3.63,,,
VET,2022-05-09,williams_r_oversold,dispersion_cb_dec128_z_3.63,,,
JCI,2022-05-09,bollinger_tight,dispersion_cb_dec128_z_3.63,,,
UUUU,2022-05-09,bollinger_tight,dispersion_cb_dec128_z_3.63,,,
CSX,2022-05-09,bollinger_tight,dispersion_cb_dec128_z_3.63,,,
BHVN,2022-05-10,pivot_r1_breakout,dispersion_cb_dec128_z_10.00,,,
FOX,2022-05-10,bollinger_tight,dispersion_cb_dec128_z_10.00,,,
CSX,2022-05-10,bollinger_lower,dispersion_cb_dec128_z_10.00,,,
HBAN,2022-05-10,bollinger_tight,dispersion_cb_dec128_z_10.00,,,
RKLB,2022-05-10,bollinger_lower,dispersion_cb_dec128_z_10.00,,,
RF,2022-05-10,bollinger_lower,dispersion_cb_dec128_z_10.00,,,
IFF,2022-05-10,pivot_r1_breakout,dispersion_cb_dec128_z_10.00,,,
JCI,2022-05-10,bollinger_tight,dispersion_cb_dec128_z_10.00,,,
AWK,2022-05-10,bollinger_tight,dispersion_cb_dec128_z_10.00,,,
SWIM,2022-05-10,bollinger_tight,dispersion_cb_dec128_z_10.00,,,
LCID,2022-05-11,bollinger_tight,EVENT_SUPPRESSION_CPI_d0_dec348,,,
LCID,2022-05-11,pivot_r1_breakout,EVENT_SUPPRESSION_CPI_d0_dec348,,,
LCID,2022-05-11,pivot_r2_continuation,EVENT_SUPPRESSION_CPI_d0_dec348,,,
LCID,2022-05-11,cpr_narrow_bullish,EVENT_SUPPRESSION_CPI_d0_dec348,,,
LCID,2022-05-11,prev_day_high_break,EVENT_SUPPRESSION_CPI_d0_dec348,,,
LCID,2022-05-11,hull_rsi,EVENT_SUPPRESSION_CPI_d0_dec348,,,
LCID,2022-05-11,ichimoku_cloud_breakout,EVENT_SUPPRESSION_CPI_d0_dec348,,,
LCID,2022-05-11,cpr_narrow_momentum,EVENT_SUPPRESSION_CPI_d0_dec348,,,
LCID,2022-05-11,hull_rsi_short,EVENT_SUPPRESSION_CPI_d0_dec348,,,
LCID,2022-05-11,prev_day_low_breakdown,EVENT_SUPPRESSION_CPI_d0_dec348,,,
LCID,2022-05-11,cpr_narrow_momentum_short,EVENT_SUPPRESSION_CPI_d0_dec348,,,
LCID,2022-05-11,dc20_break_retest,EVENT_SUPPRESSION_CPI_d0_dec348,,,
LCID,2022-05-11,r1_break_retest,EVENT_SUPPRESSION_CPI_d0_dec348,,,
LCID,2022-05-11,break_retest_confluence,EVENT_SUPPRESSION_CPI_d0_dec348,,,
GNRC,2022-05-11,bollinger_lower,EVENT_SUPPRESSION_CPI_d0_dec348,,,
GNRC,2022-05-11,bollinger_tight,EVENT_SUPPRESSION_CPI_d0_dec348,,,
GNRC,2022-05-11,cpr_narrow_bullish,EVENT_SUPPRESSION_CPI_d0_dec348,,,
GNRC,2022-05-11,macd_crossover,EVENT_SUPPRESSION_CPI_d0_dec348,,,
GNRC,2022-05-11,macd_fast_crossover,EVENT_SUPPRESSION_CPI_d0_dec348,,,
GNRC,2022-05-11,hull_rsi,EVENT_SUPPRESSION_CPI_d0_dec348,,,
GNRC,2022-05-11,macd_ichimoku,EVENT_SUPPRESSION_CPI_d0_dec348,,,
GNRC,2022-05-11,cpr_narrow_momentum,EVENT_SUPPRESSION_CPI_d0_dec348,,,
GNRC,2022-05-11,macd_crossover_short,EVENT_SUPPRESSION_CPI_d0_dec348,,,
GNRC,2022-05-11,hull_rsi_short,EVENT_SUPPRESSION_CPI_d0_dec348,,,
GNRC,2022-05-11,cpr_narrow_momentum_short,EVENT_SUPPRESSION_CPI_d0_dec348,,,
GNRC,2022-05-11,r1_break_retest,EVENT_SUPPRESSION_CPI_d0_dec348,,,
GNRC,2022-05-11,break_retest_confluence,EVENT_SUPPRESSION_CPI_d0_dec348,,,
GNRC,2022-05-11,lead_lag_sector_rotation,EVENT_SUPPRESSION_CPI_d0_dec348,,,
RKLB,2022-05-11,(any),stopout_cooldown_active_5d_dec018,,,
UUUU,2022-05-11,stochrsi_oversold,EVENT_SUPPRESSION_CPI_d0_dec348,,,
UUUU,2022-05-11,bollinger_tight,EVENT_SUPPRESSION_CPI_d0_dec348,,,
UUUU,2022-05-11,morning_star,EVENT_SUPPRESSION_CPI_d0_dec348,,,
UUUU,2022-05-11,cpr_narrow_bullish,EVENT_SUPPRESSION_CPI_d0_dec348,,,
UUUU,2022-05-11,hull_rsi,EVENT_SUPPRESSION_CPI_d0_dec348,,,
UUUU,2022-05-11,ichimoku_cloud_breakout,EVENT_SUPPRESSION_CPI_d0_dec348,,,
UUUU,2022-05-11,adx_initiation,EVENT_SUPPRESSION_CPI_d0_dec348,,,
UUUU,2022-05-11,cpr_narrow_momentum,EVENT_SUPPRESSION_CPI_d0_dec348,,,
UUUU,2022-05-11,hull_rsi_short,EVENT_SUPPRESSION_CPI_d0_dec348,,,
UUUU,2022-05-11,cpr_narrow_momentum_short,EVENT_SUPPRESSION_CPI_d0_dec348,,,
UUUU,2022-05-11,r1_break_retest,EVENT_SUPPRESSION_CPI_d0_dec348,,,
UUUU,2022-05-11,break_retest_confluence,EVENT_SUPPRESSION_CPI_d0_dec348,,,
SGH,2022-05-11,bollinger_lower,EVENT_SUPPRESSION_CPI_d0_dec348,,,
SGH,2022-05-11,bollinger_tight,EVENT_SUPPRESSION_CPI_d0_dec348,,,
SGH,2022-05-11,cpr_narrow_bullish,EVENT_SUPPRESSION_CPI_d0_dec348,,,
SGH,2022-05-11,macd_crossover,EVENT_SUPPRESSION_CPI_d0_dec348,,,
SGH,2022-05-11,hull_rsi,EVENT_SUPPRESSION_CPI_d0_dec348,,,
SGH,2022-05-11,macd_ichimoku,EVENT_SUPPRESSION_CPI_d0_dec348,,,
SGH,2022-05-11,cpr_narrow_momentum,EVENT_SUPPRESSION_CPI_d0_dec348,,,
SGH,2022-05-11,macd_crossover_short,EVENT_SUPPRESSION_CPI_d0_dec348,,,
SGH,2022-05-11,hull_rsi_short,EVENT_SUPPRESSION_CPI_d0_dec348,,,
SGH,2022-05-11,cpr_narrow_momentum_short,EVENT_SUPPRESSION_CPI_d0_dec348,,,
SGH,2022-05-11,r1_break_retest,EVENT_SUPPRESSION_CPI_d0_dec348,,,
SGH,2022-05-11,break_retest_confluence,EVENT_SUPPRESSION_CPI_d0_dec348,,,
JCI,2022-05-11,(any),ticker_already_open_concurrent_block_bug61,,,
AOS,2022-05-11,bollinger_tight,EVENT_SUPPRESSION_CPI_d0_dec348,,,
AOS,2022-05-11,cpr_narrow_bullish,EVENT_SUPPRESSION_CPI_d0_dec348,,,
AOS,2022-05-11,macd_fast_crossover,EVENT_SUPPRESSION_CPI_d0_dec348,,,
AOS,2022-05-11,hull_rsi,EVENT_SUPPRESSION_CPI_d0_dec348,,,
AOS,2022-05-11,ichimoku_cloud_breakout,EVENT_SUPPRESSION_CPI_d0_dec348,,,
AOS,2022-05-11,cpr_narrow_momentum,EVENT_SUPPRESSION_CPI_d0_dec348,,,
AOS,2022-05-11,hull_rsi_short,EVENT_SUPPRESSION_CPI_d0_dec348,,,
AOS,2022-05-11,cpr_narrow_momentum_short,EVENT_SUPPRESSION_CPI_d0_dec348,,,
AOS,2022-05-11,r1_break_retest,EVENT_SUPPRESSION_CPI_d0_dec348,,,
AOS,2022-05-11,break_retest_confluence,EVENT_SUPPRESSION_CPI_d0_dec348,,,
SWIM,2022-05-11,bollinger_lower,EVENT_SUPPRESSION_CPI_d0_dec348,,,
SWIM,2022-05-11,bollinger_tight,EVENT_SUPPRESSION_CPI_d0_dec348,,,
SWIM,2022-05-11,cpr_narrow_bullish,EVENT_SUPPRESSION_CPI_d0_dec348,,,
SWIM,2022-05-11,hull_rsi,EVENT_SUPPRESSION_CPI_d0_dec348,,,
SWIM,2022-05-11,tema_dema,EVENT_SUPPRESSION_CPI_d0_dec348,,,
SWIM,2022-05-11,cpr_narrow_momentum,EVENT_SUPPRESSION_CPI_d0_dec348,,,
SWIM,2022-05-11,hull_rsi_short,EVENT_SUPPRESSION_CPI_d0_dec348,,,
SWIM,2022-05-11,cpr_narrow_momentum_short,EVENT_SUPPRESSION_CPI_d0_dec348,,,
SWIM,2022-05-11,r1_break_retest,EVENT_SUPPRESSION_CPI_d0_dec348,,,
SWIM,2022-05-11,break_retest_confluence,EVENT_SUPPRESSION_CPI_d0_dec348,,,
NVDA,2022-05-11,bollinger_tight,EVENT_SUPPRESSION_CPI_d0_dec348,,,
NVDA,2022-05-11,cpr_narrow_bullish,EVENT_SUPPRESSION_CPI_d0_dec348,,,
NVDA,2022-05-11,hull_rsi,EVENT_SUPPRESSION_CPI_d0_dec348,,,
NVDA,2022-05-11,ichimoku_cloud_breakout,EVENT_SUPPRESSION_CPI_d0_dec348,,,
NVDA,2022-05-11,adx_initiation,EVENT_SUPPRESSION_CPI_d0_dec348,,,
NVDA,2022-05-11,cpr_narrow_momentum,EVENT_SUPPRESSION_CPI_d0_dec348,,,
NVDA,2022-05-11,hull_rsi_short,EVENT_SUPPRESSION_CPI_d0_dec348,,,
NVDA,2022-05-11,cpr_narrow_momentum_short,EVENT_SUPPRESSION_CPI_d0_dec348,,,
NVDA,2022-05-11,r1_break_retest,EVENT_SUPPRESSION_CPI_d0_dec348,,,
NVDA,2022-05-11,break_retest_confluence,EVENT_SUPPRESSION_CPI_d0_dec348,,,
REZI,2022-05-11,bollinger_tight,EVENT_SUPPRESSION_CPI_d0_dec348,,,
REZI,2022-05-11,cpr_narrow_bullish,EVENT_SUPPRESSION_CPI_d0_dec348,,,
REZI,2022-05-11,macd_crossover,EVENT_SUPPRESSION_CPI_d0_dec348,,,
REZI,2022-05-11,hull_rsi,EVENT_SUPPRESSION_CPI_d0_dec348,,,
REZI,2022-05-11,golden_cross_9_21,EVENT_SUPPRESSION_CPI_d0_dec348,,,
REZI,2022-05-11,macd_ichimoku,EVENT_SUPPRESSION_CPI_d0_dec348,,,
REZI,2022-05-11,cpr_narrow_momentum,EVENT_SUPPRESSION_CPI_d0_dec348,,,
REZI,2022-05-11,macd_crossover_short,EVENT_SUPPRESSION_CPI_d0_dec348,,,
REZI,2022-05-11,hull_rsi_short,EVENT_SUPPRESSION_CPI_d0_dec348,,,
REZI,2022-05-11,cpr_narrow_momentum_short,EVENT_SUPPRESSION_CPI_d0_dec348,,,
BAM,2022-05-12,(any),ticker_already_open_concurrent_block_bug61,,,
RKLB,2022-05-12,(any),stopout_cooldown_active_5d_dec018,,,
UUUU,2022-05-12,bollinger_tight,dedup_one_position_per_ticker_per_day,,,
UUUU,2022-05-12,pivot_r1_breakout,dedup_one_position_per_ticker_per_day,,,
UUUU,2022-05-12,prev_day_high_break,dedup_one_position_per_ticker_per_day,,,
UUUU,2022-05-12,hull_rsi,dedup_one_position_per_ticker_per_day,,,
UUUU,2022-05-12,ichimoku_cloud_breakout,dedup_one_position_per_ticker_per_day,,,
UUUU,2022-05-12,adx_initiation,dedup_one_position_per_ticker_per_day,,,
UUUU,2022-05-12,hull_rsi_short,dedup_one_position_per_ticker_per_day,,,
UUUU,2022-05-12,prev_day_low_breakdown,dedup_one_position_per_ticker_per_day,,,
UUUU,2022-05-12,dc20_break_retest,dedup_one_position_per_ticker_per_day,,,
UUUU,2022-05-12,r1_break_retest,dedup_one_position_per_ticker_per_day,,,
UUUU,2022-05-12,break_retest_confluence,dedup_one_position_per_ticker_per_day,,,
NVDA,2022-05-12,williams_stoch_dual,dedup_one_position_per_ticker_per_day,,,
NVDA,2022-05-12,cpr_narrow_bullish,dedup_one_position_per_ticker_per_day,,,
NVDA,2022-05-12,hull_rsi,dedup_one_position_per_ticker_per_day,,,
NVDA,2022-05-12,ichimoku_cloud_breakout,dedup_one_position_per_ticker_per_day,,,
NVDA,2022-05-12,adx_initiation,dedup_one_position_per_ticker_per_day,,,
NVDA,2022-05-12,cpr_narrow_momentum,dedup_one_position_per_ticker_per_day,,,
NVDA,2022-05-12,hull_rsi_short,dedup_one_position_per_ticker_per_day,,,
NVDA,2022-05-12,cpr_narrow_momentum_short,dedup_one_position_per_ticker_per_day,,,
NVDA,2022-05-12,r1_break_retest,dedup_one_position_per_ticker_per_day,,,
NVDA,2022-05-12,break_retest_confluence,dedup_one_position_per_ticker_per_day,,,
JCI,2022-05-12,(any),ticker_already_open_concurrent_block_bug61,,,
VET,2022-05-12,bollinger_tight,dedup_one_position_per_ticker_per_day,,,
VET,2022-05-12,cpr_narrow_bullish,dedup_one_position_per_ticker_per_day,,,
VET,2022-05-12,hull_rsi,dedup_one_position_per_ticker_per_day,,,
VET,2022-05-12,cpr_narrow_momentum,dedup_one_position_per_ticker_per_day,,,
VET,2022-05-12,hull_rsi_short,dedup_one_position_per_ticker_per_day,,,
VET,2022-05-12,cpr_narrow_momentum_short,dedup_one_position_per_ticker_per_day,,,
VET,2022-05-12,r1_break_retest,dedup_one_position_per_ticker_per_day,,,
VET,2022-05-12,break_retest_confluence,dedup_one_position_per_ticker_per_day,,,
BAC,2022-05-12,williams_stoch_dual,dedup_one_position_per_ticker_per_day,,,
BAC,2022-05-12,macd_crossover,dedup_one_position_per_ticker_per_day,,,
BAC,2022-05-12,hull_rsi,dedup_one_position_per_ticker_per_day,,,
BAC,2022-05-12,ppo_crossover,dedup_one_position_per_ticker_per_day,,,
BAC,2022-05-12,ichimoku_cloud_breakout,dedup_one_position_per_ticker_per_day,,,
BAC,2022-05-12,macd_ichimoku,dedup_one_position_per_ticker_per_day,,,
BAC,2022-05-12,macd_crossover_short,dedup_one_position_per_ticker_per_day,,,
BAC,2022-05-12,hull_rsi_short,dedup_one_position_per_ticker_per_day,,,
CERN,2022-05-12,(any),ticker_already_open_concurrent_block_bug61,,,
BHVN,2022-05-12,ichimoku_tk_cross,dedup_one_position_per_ticker_per_day,,,
BHVN,2022-05-12,ichimoku_cloud_breakout,dedup_one_position_per_ticker_per_day,,,
BHVN,2022-05-12,supertrend_macd,dedup_one_position_per_ticker_per_day,,,
BHVN,2022-05-12,stochrsi_oversold,dedup_one_position_per_ticker_per_day,,,
BHVN,2022-05-12,bollinger_lower,dedup_one_position_per_ticker_per_day,,,
BHVN,2022-05-12,bollinger_tight,dedup_one_position_per_ticker_per_day,,,
BHVN,2022-05-12,stochrsi_overbought_short,dedup_one_position_per_ticker_per_day,,,
RF,2022-05-12,bollinger_lower,dedup_one_position_per_ticker_per_day,,,
RF,2022-05-12,bollinger_tight,dedup_one_position_per_ticker_per_day,,,
RF,2022-05-12,williams_stoch_dual,dedup_one_position_per_ticker_per_day,,,
RF,2022-05-12,hull_rsi,dedup_one_position_per_ticker_per_day,,,
RF,2022-05-12,hull_rsi_short,dedup_one_position_per_ticker_per_day,,,
RF,2022-05-12,break_retest_confluence,dedup_one_position_per_ticker_per_day,,,
RF,2022-05-12,lead_lag_sector_rotation,dedup_one_position_per_ticker_per_day,,,
CCEP,2022-05-13,cpr_narrow_bullish,dedup_one_position_per_ticker_per_day,,,
CCEP,2022-05-13,macd_crossover,dedup_one_position_per_ticker_per_day,,,
CCEP,2022-05-13,macd_fast_crossover,dedup_one_position_per_ticker_per_day,,,
CCEP,2022-05-13,hull_rsi,dedup_one_position_per_ticker_per_day,,,
CCEP,2022-05-13,roc_burst,dedup_one_position_per_ticker_per_day,,,
CCEP,2022-05-13,golden_cross_9_21,dedup_one_position_per_ticker_per_day,,,
CCEP,2022-05-13,tema_dema,dedup_one_position_per_ticker_per_day,,,
CCEP,2022-05-13,force_index_breakout,dedup_one_position_per_ticker_per_day,,,
CCEP,2022-05-13,donchian_10_breakout,dedup_one_position_per_ticker_per_day,,,
CCEP,2022-05-13,macd_ichimoku,dedup_one_position_per_ticker_per_day,,,
CCEP,2022-05-13,cpr_narrow_momentum,dedup_one_position_per_ticker_per_day,,,
CCEP,2022-05-13,bollinger_tight,dedup_one_position_per_ticker_per_day,,,
BHVN,2022-05-13,(any),ticker_already_open_concurrent_block_bug61,,,
IFF,2022-05-13,hull_rsi,dedup_one_position_per_ticker_per_day,,,
IFF,2022-05-13,awesome_oscillator,dedup_one_position_per_ticker_per_day,,,
IFF,2022-05-13,cpr_narrow_momentum,dedup_one_position_per_ticker_per_day,,,
IFF,2022-05-13,r1_break_retest,dedup_one_position_per_ticker_per_day,,,
IFF,2022-05-13,break_retest_confluence,dedup_one_position_per_ticker_per_day,,,
IFF,2022-05-13,williams_r_oversold,dedup_one_position_per_ticker_per_day,,,
IFF,2022-05-13,bollinger_lower,dedup_one_position_per_ticker_per_day,,,
IFF,2022-05-13,bollinger_tight,dedup_one_position_per_ticker_per_day,,,
BDX,2022-05-13,(any),ticker_already_open_concurrent_block_bug61,,,
PSX,2022-05-13,(any),ticker_already_open_concurrent_block_bug61,,,
CERN,2022-05-13,(any),ticker_already_open_concurrent_block_bug61,,,
HOLX,2022-05-13,hull_rsi,dedup_one_position_per_ticker_per_day,,,
HOLX,2022-05-13,golden_cross_20_50,dedup_one_position_per_ticker_per_day,,,
HOLX,2022-05-13,ichimoku_tk_cross,dedup_one_position_per_ticker_per_day,,,
HOLX,2022-05-13,three_white_soldiers,dedup_one_position_per_ticker_per_day,,,
HOLX,2022-05-13,cpr_narrow_momentum,dedup_one_position_per_ticker_per_day,,,
FLR,2022-05-13,macd_crossover,dedup_one_position_per_ticker_per_day,,,
FLR,2022-05-13,hull_rsi,dedup_one_position_per_ticker_per_day,,,
FLR,2022-05-13,supertrend_macd,dedup_one_position_per_ticker_per_day,,,
FLR,2022-05-13,force_index_breakout,dedup_one_position_per_ticker_per_day,,,
FLR,2022-05-13,cpr_narrow_momentum,dedup_one_position_per_ticker_per_day,,,
XLE,2022-05-13,macd_fast_crossover,dedup_one_position_per_ticker_per_day,,,
XLE,2022-05-13,hull_rsi,dedup_one_position_per_ticker_per_day,,,
XLE,2022-05-13,force_index_breakout,dedup_one_position_per_ticker_per_day,,,
XLE,2022-05-13,macd_ichimoku,dedup_one_position_per_ticker_per_day,,,
WMB,2022-05-13,prev_day_low_bounce,dedup_one_position_per_ticker_per_day,,,
WMB,2022-05-13,hull_rsi,dedup_one_position_per_ticker_per_day,,,
WMB,2022-05-13,cmf_flip,dedup_one_position_per_ticker_per_day,,,
WMB,2022-05-13,hull_rsi_short,dedup_one_position_per_ticker_per_day,,,
RF,2022-05-16,(any),ticker_already_open_concurrent_block_bug61,,,
SWIM,2022-05-16,bollinger_tight,dedup_one_position_per_ticker_per_day,,,
SWIM,2022-05-16,cpr_narrow_bullish,dedup_one_position_per_ticker_per_day,,,
SWIM,2022-05-16,hull_rsi,dedup_one_position_per_ticker_per_day,,,
SWIM,2022-05-16,force_index_breakout,dedup_one_position_per_ticker_per_day,,,
SWIM,2022-05-16,cpr_narrow_momentum,dedup_one_position_per_ticker_per_day,,,
SWIM,2022-05-16,hull_rsi_short,dedup_one_position_per_ticker_per_day,,,
SWIM,2022-05-16,cpr_narrow_momentum_short,dedup_one_position_per_ticker_per_day,,,
SWIM,2022-05-16,r1_break_retest,dedup_one_position_per_ticker_per_day,,,
SWIM,2022-05-16,break_retest_confluence,dedup_one_position_per_ticker_per_day,,,
GNRC,2022-05-16,macd_fast_crossover,dedup_one_position_per_ticker_per_day,,,
GNRC,2022-05-16,supertrend_macd,dedup_one_position_per_ticker_per_day,,,
GNRC,2022-05-16,cpr_narrow_bullish,dedup_one_position_per_ticker_per_day,,,
GNRC,2022-05-16,hull_rsi,dedup_one_position_per_ticker_per_day,,,
GNRC,2022-05-16,ichimoku_cloud_breakout,dedup_one_position_per_ticker_per_day,,,
GNRC,2022-05-16,force_index_breakout,dedup_one_position_per_ticker_per_day,,,
GNRC,2022-05-16,hull_rsi_short,dedup_one_position_per_ticker_per_day,,,
GNRC,2022-05-16,lead_lag_sector_rotation,dedup_one_position_per_ticker_per_day,,,
BAC,2022-05-16,(any),ticker_already_open_concurrent_block_bug61,,,
XLE,2022-05-16,(any),ticker_already_open_concurrent_block_bug61,,,
RKLB,2022-05-16,(any),max_loss_cap_breach_dec135_-10.07pct,,,
HBAN,2022-05-16,hull_rsi,dedup_one_position_per_ticker_per_day,,,
HBAN,2022-05-16,cpr_narrow_momentum,dedup_one_position_per_ticker_per_day,,,
HBAN,2022-05-16,hull_rsi_short,dedup_one_position_per_ticker_per_day,,,
HBAN,2022-05-16,cpr_narrow_momentum_short,dedup_one_position_per_ticker_per_day,,,
HBAN,2022-05-16,r1_break_retest,dedup_one_position_per_ticker_per_day,,,
HBAN,2022-05-16,break_retest_confluence,dedup_one_position_per_ticker_per_day,,,
HBAN,2022-05-16,lead_lag_sector_rotation,dedup_one_position_per_ticker_per_day,,,
HOLX,2022-05-16,(any),ticker_already_open_concurrent_block_bug61,,,
PSX,2022-05-16,(any),ticker_already_open_concurrent_block_bug61,,,
BHVN,2022-05-16,(any),ticker_already_open_concurrent_block_bug61,,,
XLE,2022-05-17,(any),ticker_already_open_concurrent_block_bug61,,,
PSX,2022-05-17,(any),ticker_already_open_concurrent_block_bug61,,,
BHVN,2022-05-17,(any),ticker_already_open_concurrent_block_bug61,,,
IFF,2022-05-17,(any),ticker_already_open_concurrent_block_bug61,,,
CERN,2022-05-17,(any),ticker_already_open_concurrent_block_bug61,,,
HOLX,2022-05-17,(any),ticker_already_open_concurrent_block_bug61,,,
CCEP,2022-05-17,(any),ticker_already_open_concurrent_block_bug61,,,
UUUU,2022-05-17,(any),ticker_already_open_concurrent_block_bug61,,,
VET,2022-05-17,(any),ticker_already_open_concurrent_block_bug61,,,
HBAN,2022-05-17,(any),ticker_already_open_concurrent_block_bug61,,,
RKLB,2022-05-18,(any),max_loss_cap_breach_dec135_-10.07pct,,,
BAM,2022-05-18,(any),ticker_already_open_concurrent_block_bug61,,,
CSX,2022-05-18,bollinger_tight,dedup_one_position_per_ticker_per_day,,,
CSX,2022-05-18,cpr_narrow_bullish,dedup_one_position_per_ticker_per_day,,,
CSX,2022-05-18,macd_fast_crossover,dedup_one_position_per_ticker_per_day,,,
CSX,2022-05-18,hull_rsi,dedup_one_position_per_ticker_per_day,,,
CSX,2022-05-18,golden_cross_50_200,dedup_one_position_per_ticker_per_day,,,
CSX,2022-05-18,cpr_narrow_momentum,dedup_one_position_per_ticker_per_day,,,
CSX,2022-05-18,hull_rsi_short,dedup_one_position_per_ticker_per_day,,,
CSX,2022-05-18,cpr_narrow_momentum_short,dedup_one_position_per_ticker_per_day,,,
CSX,2022-05-18,r1_break_retest,dedup_one_position_per_ticker_per_day,,,
CSX,2022-05-18,break_retest_confluence,dedup_one_position_per_ticker_per_day,,,
CSX,2022-05-18,lead_lag_sector_rotation,dedup_one_position_per_ticker_per_day,,,
UUUU,2022-05-18,(any),stopout_cooldown_active_5d_dec018,,,
SWIM,2022-05-18,(any),stopout_cooldown_active_5d_dec018,,,
GNRC,2022-05-18,(any),ticker_already_open_concurrent_block_bug61,,,
FOX,2022-05-18,(any),max_loss_cap_breach_dec135_-10.07pct,,,
CERN,2022-05-18,(any),ticker_already_open_concurrent_block_bug61,,,
AWK,2022-05-18,(any),ticker_already_open_concurrent_block_bug61,,,
BHVN,2022-05-18,(any),ticker_already_open_concurrent_block_bug61,,,
CSX,2022-05-19,(any),ticker_already_open_concurrent_block_bug61,,,
BAC,2022-05-19,(any),ticker_already_open_concurrent_block_bug61,,,
RKLB,2022-05-19,(any),max_loss_cap_breach_dec135_-10.07pct,,,
SWIM,2022-05-19,(any),stopout_cooldown_active_5d_dec018,,,
AWK,2022-05-19,(any),ticker_already_open_concurrent_block_bug61,,,
AOS,2022-05-19,hull_rsi,dedup_one_position_per_ticker_per_day,,,
AOS,2022-05-19,parabolic_sar_flip,dedup_one_position_per_ticker_per_day,,,
AOS,2022-05-19,ichimoku_cloud_breakout,dedup_one_position_per_ticker_per_day,,,
AOS,2022-05-19,parabolic_sar_flip_short,dedup_one_position_per_ticker_per_day,,,
AOS,2022-05-19,hull_rsi_short,dedup_one_position_per_ticker_per_day,,,
AOS,2022-05-19,lead_lag_sector_rotation,dedup_one_position_per_ticker_per_day,,,
CG,2022-05-19,(any),stopout_cooldown_active_5d_dec018,,,
LCID,2022-05-19,hull_rsi,dedup_one_position_per_ticker_per_day,,,
LCID,2022-05-19,supertrend_macd,dedup_one_position_per_ticker_per_day,,,
LCID,2022-05-19,cpr_narrow_momentum,dedup_one_position_per_ticker_per_day,,,
LCID,2022-05-19,williams_r_oversold,dedup_one_position_per_ticker_per_day,,,
LCID,2022-05-19,ichimoku_cloud_breakout,dedup_one_position_per_ticker_per_day,,,
UUUU,2022-05-19,(any),stopout_cooldown_active_5d_dec018,,,
RF,2022-05-19,(any),ticker_already_open_concurrent_block_bug61,,,
SWIM,2022-05-20,(any),stopout_cooldown_active_5d_dec018,,,
BAC,2022-05-20,(any),ticker_already_open_concurrent_block_bug61,,,
CSX,2022-05-20,(any),ticker_already_open_concurrent_block_bug61,,,
BHVN,2022-05-20,(any),ticker_already_open_concurrent_block_bug61,,,
HST,2022-05-20,(any),ticker_already_open_concurrent_block_bug61,,,
REZI,2022-05-20,cpr_narrow_bullish,dedup_one_position_per_ticker_per_day,,,
REZI,2022-05-20,macd_crossover,dedup_one_position_per_ticker_per_day,,,
REZI,2022-05-20,macd_ichimoku,dedup_one_position_per_ticker_per_day,,,
REZI,2022-05-20,cpr_narrow_momentum,dedup_one_position_per_ticker_per_day,,,
REZI,2022-05-20,macd_crossover_short,dedup_one_position_per_ticker_per_day,,,
REZI,2022-05-20,cpr_narrow_momentum_short,dedup_one_position_per_ticker_per_day,,,
JCI,2022-05-20,(any),ticker_already_open_concurrent_block_bug61,,,
AOS,2022-05-20,(any),ticker_already_open_concurrent_block_bug61,,,
CCEP,2022-05-20,(any),ticker_already_open_concurrent_block_bug61,,,
CERN,2022-05-20,(any),ticker_already_open_concurrent_block_bug61,,,
SWIM,2022-05-23,cpr_narrow_bullish,dedup_one_position_per_ticker_per_day,,,
SWIM,2022-05-23,hull_rsi,dedup_one_position_per_ticker_per_day,,,
SWIM,2022-05-23,ichimoku_cloud_breakout,dedup_one_position_per_ticker_per_day,,,
SWIM,2022-05-23,adx_initiation,dedup_one_position_per_ticker_per_day,,,
SWIM,2022-05-23,cpr_narrow_momentum,dedup_one_position_per_ticker_per_day,,,
SWIM,2022-05-23,hull_rsi_short,dedup_one_position_per_ticker_per_day,,,
SWIM,2022-05-23,cpr_narrow_momentum_short,dedup_one_position_per_ticker_per_day,,,
SWIM,2022-05-23,dc20_break_retest,dedup_one_position_per_ticker_per_day,,,
SWIM,2022-05-23,break_retest_confluence,dedup_one_position_per_ticker_per_day,,,
HST,2022-05-23,(any),ticker_already_open_concurrent_block_bug61,,,
XLE,2022-05-23,(any),ticker_already_open_concurrent_block_bug61,,,
CCEP,2022-05-23,(any),ticker_already_open_concurrent_block_bug61,,,
BAC,2022-05-23,(any),ticker_already_open_concurrent_block_bug61,,,
RKLB,2022-05-23,(any),max_loss_cap_breach_dec135_-10.07pct,,,
HOLX,2022-05-23,(any),ticker_already_open_concurrent_block_bug61,,,
CSX,2022-05-23,(any),ticker_already_open_concurrent_block_bug61,,,
WMB,2022-05-23,(any),ticker_already_open_concurrent_block_bug61,,,
BHVN,2022-05-23,(any),ticker_already_open_concurrent_block_bug61,,,
SWIM,2022-05-24,(any),stopout_cooldown_active_5d_dec018,,,
RKLB,2022-05-24,(any),max_loss_cap_breach_dec135_-10.07pct,,,
CSX,2022-05-24,(any),ticker_already_open_concurrent_block_bug61,,,
HST,2022-05-24,(any),ticker_already_open_concurrent_block_bug61,,,
REZI,2022-05-24,(any),ticker_already_open_concurrent_block_bug61,,,
XLE,2022-05-24,(any),ticker_already_open_concurrent_block_bug61,,,
CG,2022-05-24,cmf_flip,dedup_one_position_per_ticker_per_day,,,
CG,2022-05-24,cpr_narrow_bullish,dedup_one_position_per_ticker_per_day,,,
CG,2022-05-24,hull_rsi,dedup_one_position_per_ticker_per_day,,,
CG,2022-05-24,ichimoku_cloud_breakout,dedup_one_position_per_ticker_per_day,,,
CG,2022-05-24,hull_rsi_short,dedup_one_position_per_ticker_per_day,,,
CG,2022-05-24,lead_lag_sector_rotation,dedup_one_position_per_ticker_per_day,,,
WMB,2022-05-24,(any),ticker_already_open_concurrent_block_bug61,,,
CERN,2022-05-24,(any),ticker_already_open_concurrent_block_bug61,,,
PSX,2022-05-24,(any),ticker_already_open_concurrent_block_bug61,,,
BHVN,2022-05-25,(any),ticker_already_open_concurrent_block_bug61,,,
CERN,2022-05-25,(any),ticker_already_open_concurrent_block_bug61,,,
PSX,2022-05-25,(any),ticker_already_open_concurrent_block_bug61,,,
XLE,2022-05-25,(any),ticker_already_open_concurrent_block_bug61,,,
VET,2022-05-25,(any),ticker_already_open_concurrent_block_bug61,,,
SWIM,2022-05-25,(any),stopout_cooldown_active_5d_dec018,,,
RF,2022-05-25,(any),ticker_already_open_concurrent_block_bug61,,,
NVDA,2022-05-25,supertrend_macd,dedup_one_position_per_ticker_per_day,,,
NVDA,2022-05-25,cmf_flip,dedup_one_position_per_ticker_per_day,,,
NVDA,2022-05-25,ichimoku_cloud_breakout,dedup_one_position_per_ticker_per_day,,,
NVDA,2022-05-25,adx_initiation,dedup_one_position_per_ticker_per_day,,,
RKLB,2022-05-25,(any),max_loss_cap_breach_dec135_-10.07pct,,,
WMB,2022-05-25,(any),ticker_already_open_concurrent_block_bug61,,,
CERN,2022-05-26,(any),ticker_already_open_concurrent_block_bug61,,,
XLE,2022-05-26,(any),ticker_already_open_concurrent_block_bug61,,,
CG,2022-05-26,(any),ticker_already_open_concurrent_block_bug61,,,
WMB,2022-05-26,(any),ticker_already_open_concurrent_block_bug61,,,
SGH,2022-05-26,hull_rsi,dedup_one_position_per_ticker_per_day,,,
SGH,2022-05-26,awesome_oscillator,dedup_one_position_per_ticker_per_day,,,
SGH,2022-05-26,golden_cross_9_21,dedup_one_position_per_ticker_per_day,,,
SGH,2022-05-26,cpr_narrow_momentum,dedup_one_position_per_ticker_per_day,,,
SGH,2022-05-26,bollinger_tight,dedup_one_position_per_ticker_per_day,,,
NVDA,2022-05-26,(any),ticker_already_open_concurrent_block_bug61,,,
REZI,2022-05-26,(any),ticker_already_open_concurrent_block_bug61,,,
HBAN,2022-05-26,(any),ticker_already_open_concurrent_block_bug61,,,
GNRC,2022-05-26,(any),ticker_already_open_concurrent_block_bug61,,,
BAC,2022-05-26,(any),ticker_already_open_concurrent_block_bug61,,,
CERN,2022-05-27,(any),ticker_already_open_concurrent_block_bug61,,,
HBAN,2022-05-27,(any),ticker_already_open_concurrent_block_bug61,,,
HST,2022-05-27,(any),stopout_cooldown_active_5d_dec018,,,
RF,2022-05-27,(any),ticker_already_open_concurrent_block_bug61,,,
XLE,2022-05-27,(any),ticker_already_open_concurrent_block_bug61,,,
PSX,2022-05-27,(any),ticker_already_open_concurrent_block_bug61,,,
FOX,2022-05-27,(any),max_loss_cap_breach_dec135_-10.07pct,,,
FLR,2022-05-27,(any),max_loss_cap_breach_dec135_-10.07pct,,,
AOS,2022-05-27,(any),ticker_already_open_concurrent_block_bug61,,,
BAM,2022-05-27,(any),ticker_already_open_concurrent_block_bug61,,,
CERN,2022-05-30,(any),ticker_already_open_concurrent_block_bug61,,,
HBAN,2022-05-30,(any),ticker_already_open_concurrent_block_bug61,,,
HST,2022-05-30,(any),stopout_cooldown_active_5d_dec018,,,
RF,2022-05-30,(any),ticker_already_open_concurrent_block_bug61,,,
XLE,2022-05-30,(any),ticker_already_open_concurrent_block_bug61,,,
PSX,2022-05-30,(any),ticker_already_open_concurrent_block_bug61,,,
FOX,2022-05-30,(any),max_loss_cap_breach_dec135_-10.07pct,,,
FLR,2022-05-30,(any),max_loss_cap_breach_dec135_-10.07pct,,,
AOS,2022-05-30,(any),ticker_already_open_concurrent_block_bug61,,,
BAM,2022-05-30,(any),ticker_already_open_concurrent_block_bug61,,,
CERN,2022-05-31,(any),ticker_already_open_concurrent_block_bug61,,,
HOLX,2022-05-31,(any),ticker_already_open_concurrent_block_bug61,,,
NVDA,2022-05-31,(any),ticker_already_open_concurrent_block_bug61,,,
BHVN,2022-05-31,(any),ticker_already_open_concurrent_block_bug61,,,
GNRC,2022-05-31,(any),ticker_already_open_concurrent_block_bug61,,,
WMB,2022-05-31,(any),ticker_already_open_concurrent_block_bug61,,,
FOX,2022-05-31,(any),max_loss_cap_breach_dec135_-10.07pct,,,
CCEP,2022-05-31,(any),ticker_already_open_concurrent_block_bug61,,,
AWK,2022-05-31,(any),ticker_already_open_concurrent_block_bug61,,,
SWIM,2022-05-31,(any),max_loss_cap_breach_dec135_-17.18pct,,,
PSX,2022-06-01,(any),ticker_already_open_concurrent_block_bug61,,,
CERN,2022-06-01,(any),ticker_already_open_concurrent_block_bug61,,,
WMB,2022-06-01,(any),ticker_already_open_concurrent_block_bug61,,,
XLE,2022-06-01,(any),ticker_already_open_concurrent_block_bug61,,,
BHVN,2022-06-01,(any),ticker_already_open_concurrent_block_bug61,,,
FOX,2022-06-01,(any),max_loss_cap_breach_dec135_-10.07pct,,,
JCI,2022-06-01,(any),ticker_already_open_concurrent_block_bug61,,,
VET,2022-06-01,(any),ticker_already_open_concurrent_block_bug61,,,
SGH,2022-06-01,(any),ticker_already_open_concurrent_block_bug61,,,
AOS,2022-06-01,(any),ticker_already_open_concurrent_block_bug61,,,
CERN,2022-06-02,(any),ticker_already_open_concurrent_block_bug61,,,
AWK,2022-06-02,(any),ticker_already_open_concurrent_block_bug61,,,
FLR,2022-06-02,(any),max_loss_cap_breach_dec135_-10.07pct,,,
WMB,2022-06-02,(any),ticker_already_open_concurrent_block_bug61,,,
SGH,2022-06-02,(any),ticker_already_open_concurrent_block_bug61,,,
IFF,2022-06-02,(any),ticker_already_open_concurrent_block_bug61,,,
PSX,2022-06-02,(any),ticker_already_open_concurrent_block_bug61,,,
CG,2022-06-02,(any),ticker_already_open_concurrent_block_bug61,,,
LCID,2022-06-02,(any),max_loss_cap_breach_dec135_-10.07pct,,,
AOS,2022-06-02,(any),ticker_already_open_concurrent_block_bug61,,,
PSX,2022-06-03,(any),ticker_already_open_concurrent_block_bug61,,,
XLE,2022-06-03,(any),ticker_already_open_concurrent_block_bug61,,,
CERN,2022-06-03,(any),ticker_already_open_concurrent_block_bug61,,,
BHVN,2022-06-03,(any),ticker_already_open_concurrent_block_bug61,,,
SWIM,2022-06-03,(any),max_loss_cap_breach_dec135_-17.18pct,,,
GNRC,2022-06-03,(any),ticker_already_open_concurrent_block_bug61,,,
AWK,2022-06-03,(any),ticker_already_open_concurrent_block_bug61,,,
HOLX,2022-06-03,(any),ticker_already_open_concurrent_block_bug61,,,
WMB,2022-06-03,(any),ticker_already_open_concurrent_block_bug61,,,
VET,2022-06-03,(any),ticker_already_open_concurrent_block_bug61,,,
VET,2022-06-06,(any),ticker_already_open_concurrent_block_bug61,,,
PSX,2022-06-06,(any),ticker_already_open_concurrent_block_bug61,,,
GNRC,2022-06-06,(any),ticker_already_open_concurrent_block_bug61,,,
CCEP,2022-06-06,(any),ticker_already_open_concurrent_block_bug61,,,
CERN,2022-06-06,(any),ticker_already_open_concurrent_block_bug61,,,
SWIM,2022-06-06,(any),max_loss_cap_breach_dec135_-17.18pct,,,
CG,2022-06-06,(any),ticker_already_open_concurrent_block_bug61,,,
JCI,2022-06-06,(any),ticker_already_open_concurrent_block_bug61,,,
AWK,2022-06-06,(any),ticker_already_open_concurrent_block_bug61,,,
HOLX,2022-06-06,(any),ticker_already_open_concurrent_block_bug61,,,
CERN,2022-06-07,(any),ticker_already_open_concurrent_block_bug61,,,
XLE,2022-06-07,(any),ticker_already_open_concurrent_block_bug61,,,
VET,2022-06-07,(any),ticker_already_open_concurrent_block_bug61,,,
FLR,2022-06-07,(any),max_loss_cap_breach_dec135_-10.07pct,,,
PSX,2022-06-07,(any),ticker_already_open_concurrent_block_bug61,,,
IFF,2022-06-07,(any),ticker_already_open_concurrent_block_bug61,,,
AWK,2022-06-07,(any),ticker_already_open_concurrent_block_bug61,,,
GNRC,2022-06-07,(any),ticker_already_open_concurrent_block_bug61,,,
WMB,2022-06-07,(any),ticker_already_open_concurrent_block_bug61,,,
RF,2022-06-07,(any),ticker_already_open_concurrent_block_bug61,,,
CERN,2022-06-08,(any),ticker_already_open_concurrent_block_bug61,,,
VET,2022-06-08,(any),ticker_already_open_concurrent_block_bug61,,,
PSX,2022-06-08,(any),ticker_already_open_concurrent_block_bug61,,,
XLE,2022-06-08,(any),ticker_already_open_concurrent_block_bug61,,,
HBAN,2022-06-08,(any),ticker_already_open_concurrent_block_bug61,,,
BAC,2022-06-08,(any),ticker_already_open_concurrent_block_bug61,,,
WMB,2022-06-08,(any),ticker_already_open_concurrent_block_bug61,,,
GNRC,2022-06-08,(any),ticker_already_open_concurrent_block_bug61,,,
JCI,2022-06-08,(any),ticker_already_open_concurrent_block_bug61,,,
SWIM,2022-06-08,(any),max_loss_cap_breach_dec135_-17.18pct,,,
CERN,2022-06-09,(any),ticker_already_open_concurrent_block_bug61,,,
HBAN,2022-06-09,(any),ticker_already_open_concurrent_block_bug61,,,
WMB,2022-06-09,(any),ticker_already_open_concurrent_block_bug61,,,
HOLX,2022-06-09,(any),ticker_already_open_concurrent_block_bug61,,,
RKLB,2022-06-09,pivot_r2_continuation,dedup_one_position_per_ticker_per_day,,,
RKLB,2022-06-09,cpr_narrow_bullish,dedup_one_position_per_ticker_per_day,,,
RKLB,2022-06-09,hull_rsi,dedup_one_position_per_ticker_per_day,,,
RKLB,2022-06-09,ichimoku_cloud_breakout,dedup_one_position_per_ticker_per_day,,,
RKLB,2022-06-09,adx_initiation,dedup_one_position_per_ticker_per_day,,,
RKLB,2022-06-09,hull_rsi_short,dedup_one_position_per_ticker_per_day,,,
RKLB,2022-06-09,lead_lag_sector_rotation,dedup_one_position_per_ticker_per_day,,,
BDX,2022-06-09,(any),ticker_already_open_concurrent_block_bug61,,,
FOX,2022-06-09,(any),max_loss_cap_breach_dec135_-10.07pct,,,
PSX,2022-06-09,(any),ticker_already_open_concurrent_block_bug61,,,
JCI,2022-06-09,(any),ticker_already_open_concurrent_block_bug61,,,
FLR,2022-06-09,(any),max_loss_cap_breach_dec135_-10.07pct,,,
CERN,2022-06-10,(any),ticker_already_open_concurrent_block_bug61,,,
REZI,2022-06-10,(any),stopout_cooldown_active_5d_dec018,,,
BDX,2022-06-10,(any),ticker_already_open_concurrent_block_bug61,,,
SGH,2022-06-10,(any),stopout_cooldown_active_5d_dec018,,,
HBAN,2022-06-10,(any),ticker_already_open_concurrent_block_bug61,,,
FOX,2022-06-10,supertrend_macd,EVENT_SUPPRESSION_CPI_d0_dec348,,,
FOX,2022-06-10,bollinger_lower,EVENT_SUPPRESSION_CPI_d0_dec348,,,
FOX,2022-06-10,bollinger_tight,EVENT_SUPPRESSION_CPI_d0_dec348,,,
FOX,2022-06-10,pivot_r2_continuation,EVENT_SUPPRESSION_CPI_d0_dec348,,,
FOX,2022-06-10,hull_rsi,EVENT_SUPPRESSION_CPI_d0_dec348,,,
FOX,2022-06-10,ichimoku_tk_cross,EVENT_SUPPRESSION_CPI_d0_dec348,,,
FOX,2022-06-10,ichimoku_cloud_breakout,EVENT_SUPPRESSION_CPI_d0_dec348,,,
FOX,2022-06-10,ichimoku_cloud_breakdown,EVENT_SUPPRESSION_CPI_d0_dec348,,,
FOX,2022-06-10,hull_rsi_short,EVENT_SUPPRESSION_CPI_d0_dec348,,,
RKLB,2022-06-10,(any),ticker_already_open_concurrent_block_bug61,,,
CSX,2022-06-10,(any),ticker_already_open_concurrent_block_bug61,,,
JCI,2022-06-10,(any),ticker_already_open_concurrent_block_bug61,,,
BAC,2022-06-10,(any),stopout_cooldown_active_5d_dec018,,,
CERN,2022-06-13,(any),ticker_already_open_concurrent_block_bug61,,,
BAM,2022-06-13,(any),stopout_cooldown_active_5d_dec018,,,
HBAN,2022-06-13,(any),ticker_already_open_concurrent_block_bug61,,,
XLE,2022-06-13,(any),stopout_cooldown_active_5d_dec018,,,
SGH,2022-06-13,(any),stopout_cooldown_active_5d_dec018,,,
REZI,2022-06-13,(any),stopout_cooldown_active_5d_dec018,,,
BDX,2022-06-13,(any),ticker_already_open_concurrent_block_bug61,,,
CG,2022-06-13,(any),stopout_cooldown_active_5d_dec018,,,
AOS,2022-06-13,(any),ticker_already_open_concurrent_block_bug61,,,
AWK,2022-06-13,(any),stopout_cooldown_active_5d_dec018,,,
CERN,2022-06-14,(any),ticker_already_open_concurrent_block_bug61,,,
IFF,2022-06-14,(any),stopout_cooldown_active_5d_dec018,,,
BDX,2022-06-14,(any),ticker_already_open_concurrent_block_bug61,,,
UUUU,2022-06-14,bollinger_lower,EVENT_SUPPRESSION_FOMC_d1_dec348,,,
UUUU,2022-06-14,bollinger_tight,EVENT_SUPPRESSION_FOMC_d1_dec348,,,
UUUU,2022-06-14,williams_stoch_dual,EVENT_SUPPRESSION_FOMC_d1_dec348,,,
UUUU,2022-06-14,cpr_narrow_bullish,EVENT_SUPPRESSION_FOMC_d1_dec348,,,
UUUU,2022-06-14,macd_crossover,EVENT_SUPPRESSION_FOMC_d1_dec348,,,
UUUU,2022-06-14,hull_rsi,EVENT_SUPPRESSION_FOMC_d1_dec348,,,
UUUU,2022-06-14,awesome_oscillator,EVENT_SUPPRESSION_FOMC_d1_dec348,,,
UUUU,2022-06-14,macd_ichimoku,EVENT_SUPPRESSION_FOMC_d1_dec348,,,
UUUU,2022-06-14,cpr_narrow_momentum,EVENT_SUPPRESSION_FOMC_d1_dec348,,,
UUUU,2022-06-14,macd_crossover_short,EVENT_SUPPRESSION_FOMC_d1_dec348,,,
UUUU,2022-06-14,hull_rsi_short,EVENT_SUPPRESSION_FOMC_d1_dec348,,,
UUUU,2022-06-14,cpr_narrow_momentum_short,EVENT_SUPPRESSION_FOMC_d1_dec348,,,
JCI,2022-06-14,(any),stopout_cooldown_active_5d_dec018,,,
SGH,2022-06-14,(any),stopout_cooldown_active_5d_dec018,,,
RF,2022-06-14,(any),stopout_cooldown_active_5d_dec018,,,
WMB,2022-06-14,(any),stopout_cooldown_active_5d_dec018,,,
HOLX,2022-06-14,(any),stopout_cooldown_active_5d_dec018,,,
AWK,2022-06-14,(any),stopout_cooldown_active_5d_dec018,,,
CERN,2022-06-15,(any),ticker_already_open_concurrent_block_bug61,,,
SWIM,2022-06-15,(any),max_loss_cap_breach_dec135_-17.18pct,,,
WMB,2022-06-15,(any),stopout_cooldown_active_5d_dec018,,,
BDX,2022-06-15,(any),ticker_already_open_concurrent_block_bug61,,,
AWK,2022-06-15,(any),stopout_cooldown_active_5d_dec018,,,
IFF,2022-06-15,(any),stopout_cooldown_active_5d_dec018,,,
RKLB,2022-06-15,(any),ticker_already_open_concurrent_block_bug61,,,
RF,2022-06-15,(any),stopout_cooldown_active_5d_dec018,,,
JCI,2022-06-15,(any),stopout_cooldown_active_5d_dec018,,,
CSX,2022-06-15,(any),stopout_cooldown_active_5d_dec018,,,
SWIM,2022-06-16,(any),max_loss_cap_breach_dec135_-17.18pct,,,
CERN,2022-06-16,(any),ticker_already_open_concurrent_block_bug61,,,
IFF,2022-06-16,(any),stopout_cooldown_active_5d_dec018,,,
WMB,2022-06-16,(any),stopout_cooldown_active_5d_dec018,,,
BAM,2022-06-16,(any),stopout_cooldown_active_5d_dec018,,,
JCI,2022-06-16,(any),stopout_cooldown_active_5d_dec018,,,
SGH,2022-06-16,bollinger_tight,dedup_one_position_per_ticker_per_day,,,
SGH,2022-06-16,pivot_r1_breakout,dedup_one_position_per_ticker_per_day,,,
SGH,2022-06-16,cpr_narrow_bullish,dedup_one_position_per_ticker_per_day,,,
SGH,2022-06-16,prev_day_high_break,dedup_one_position_per_ticker_per_day,,,
SGH,2022-06-16,hull_rsi,dedup_one_position_per_ticker_per_day,,,
SGH,2022-06-16,cpr_narrow_momentum,dedup_one_position_per_ticker_per_day,,,
SGH,2022-06-16,hull_rsi_short,dedup_one_position_per_ticker_per_day,,,
SGH,2022-06-16,prev_day_low_breakdown,dedup_one_position_per_ticker_per_day,,,
SGH,2022-06-16,cpr_narrow_momentum_short,dedup_one_position_per_ticker_per_day,,,
SGH,2022-06-16,r1_break_retest,dedup_one_position_per_ticker_per_day,,,
SGH,2022-06-16,break_retest_confluence,dedup_one_position_per_ticker_per_day,,,
REZI,2022-06-16,bollinger_tight,dedup_one_position_per_ticker_per_day,,,
REZI,2022-06-16,pivot_r1_breakout,dedup_one_position_per_ticker_per_day,,,
REZI,2022-06-16,cpr_narrow_bullish,dedup_one_position_per_ticker_per_day,,,
REZI,2022-06-16,prev_day_high_break,dedup_one_position_per_ticker_per_day,,,
REZI,2022-06-16,hull_rsi,dedup_one_position_per_ticker_per_day,,,
REZI,2022-06-16,cpr_narrow_momentum,dedup_one_position_per_ticker_per_day,,,
REZI,2022-06-16,hull_rsi_short,dedup_one_position_per_ticker_per_day,,,
REZI,2022-06-16,prev_day_low_breakdown,dedup_one_position_per_ticker_per_day,,,
REZI,2022-06-16,cpr_narrow_momentum_short,dedup_one_position_per_ticker_per_day,,,
REZI,2022-06-16,r1_break_retest,dedup_one_position_per_ticker_per_day,,,
REZI,2022-06-16,break_retest_confluence,dedup_one_position_per_ticker_per_day,,,
BDX,2022-06-16,(any),stopout_cooldown_active_5d_dec018,,,
CCEP,2022-06-16,(any),ticker_already_open_concurrent_block_bug61,,,
CERN,2022-06-17,(any),ticker_already_open_concurrent_block_bug61,,,
HST,2022-06-17,williams_stoch_dual,dedup_one_position_per_ticker_per_day,,,
HST,2022-06-17,pivot_r1_breakout,dedup_one_position_per_ticker_per_day,,,
HST,2022-06-17,cpr_narrow_bullish,dedup_one_position_per_ticker_per_day,,,
HST,2022-06-17,camarilla_r3_breakout,dedup_one_position_per_ticker_per_day,,,
HST,2022-06-17,prev_day_high_break,dedup_one_position_per_ticker_per_day,,,
HST,2022-06-17,hull_rsi,dedup_one_position_per_ticker_per_day,,,
HST,2022-06-17,ichimoku_tk_cross,dedup_one_position_per_ticker_per_day,,,
HST,2022-06-17,cpr_narrow_momentum,dedup_one_position_per_ticker_per_day,,,
HST,2022-06-17,hull_rsi_short,dedup_one_position_per_ticker_per_day,,,
HST,2022-06-17,prev_day_low_breakdown,dedup_one_position_per_ticker_per_day,,,
HST,2022-06-17,cpr_narrow_momentum_short,dedup_one_position_per_ticker_per_day,,,
HST,2022-06-17,r1_break_retest,dedup_one_position_per_ticker_per_day,,,
HST,2022-06-17,break_retest_volume,dedup_one_position_per_ticker_per_day,,,
HST,2022-06-17,break_retest_confluence,dedup_one_position_per_ticker_per_day,,,
WMB,2022-06-17,(any),stopout_cooldown_active_5d_dec018,,,
XLE,2022-06-17,(any),stopout_cooldown_active_5d_dec018,,,
IFF,2022-06-17,(any),stopout_cooldown_active_5d_dec018,,,
AOS,2022-06-17,(any),stopout_cooldown_active_5d_dec018,,,
JCI,2022-06-17,(any),stopout_cooldown_active_5d_dec018,,,
SWIM,2022-06-17,(any),max_loss_cap_breach_dec135_-17.18pct,,,
CSX,2022-06-17,(any),stopout_cooldown_active_5d_dec018,,,
VET,2022-06-17,(any),stopout_cooldown_active_5d_dec018,,,
CERN,2022-06-20,(any),ticker_already_open_concurrent_block_bug61,,,
HST,2022-06-20,(any),ticker_already_open_concurrent_block_bug61,,,
WMB,2022-06-20,pivot_r1_breakout,dedup_one_position_per_ticker_per_day,,,
WMB,2022-06-20,cpr_narrow_bullish,dedup_one_position_per_ticker_per_day,,,
WMB,2022-06-20,camarilla_r3_breakout,dedup_one_position_per_ticker_per_day,,,
WMB,2022-06-20,hull_rsi,dedup_one_position_per_ticker_per_day,,,
WMB,2022-06-20,golden_cross_20_50,dedup_one_position_per_ticker_per_day,,,
WMB,2022-06-20,ichimoku_cloud_breakout,dedup_one_position_per_ticker_per_day,,,
WMB,2022-06-20,cpr_narrow_momentum,dedup_one_position_per_ticker_per_day,,,
WMB,2022-06-20,hull_rsi_short,dedup_one_position_per_ticker_per_day,,,
WMB,2022-06-20,cpr_narrow_momentum_short,dedup_one_position_per_ticker_per_day,,,
WMB,2022-06-20,dc20_break_retest,dedup_one_position_per_ticker_per_day,,,
WMB,2022-06-20,r1_break_retest,dedup_one_position_per_ticker_per_day,,,
WMB,2022-06-20,break_retest_volume,dedup_one_position_per_ticker_per_day,,,
WMB,2022-06-20,break_retest_confluence,dedup_one_position_per_ticker_per_day,,,
XLE,2022-06-20,bollinger_lower,dedup_one_position_per_ticker_per_day,,,
XLE,2022-06-20,bollinger_tight,dedup_one_position_per_ticker_per_day,,,
XLE,2022-06-20,rsi_volume_200ema,dedup_one_position_per_ticker_per_day,,,
XLE,2022-06-20,pivot_r1_breakout,dedup_one_position_per_ticker_per_day,,,
XLE,2022-06-20,cpr_narrow_bullish,dedup_one_position_per_ticker_per_day,,,
XLE,2022-06-20,camarilla_r3_breakout,dedup_one_position_per_ticker_per_day,,,
XLE,2022-06-20,hull_rsi,dedup_one_position_per_ticker_per_day,,,
XLE,2022-06-20,awesome_oscillator,dedup_one_position_per_ticker_per_day,,,
XLE,2022-06-20,cpr_narrow_momentum,dedup_one_position_per_ticker_per_day,,,
XLE,2022-06-20,hull_rsi_short,dedup_one_position_per_ticker_per_day,,,
XLE,2022-06-20,cpr_narrow_momentum_short,dedup_one_position_per_ticker_per_day,,,
IFF,2022-06-20,williams_stoch_dual,dedup_one_position_per_ticker_per_day,,,
IFF,2022-06-20,cpr_narrow_bullish,dedup_one_position_per_ticker_per_day,,,
IFF,2022-06-20,prev_day_high_break,dedup_one_position_per_ticker_per_day,,,
IFF,2022-06-20,hull_rsi,dedup_one_position_per_ticker_per_day,,,
IFF,2022-06-20,cpr_narrow_momentum,dedup_one_position_per_ticker_per_day,,,
IFF,2022-06-20,hull_rsi_short,dedup_one_position_per_ticker_per_day,,,
IFF,2022-06-20,prev_day_low_breakdown,dedup_one_position_per_ticker_per_day,,,
IFF,2022-06-20,cpr_narrow_momentum_short,dedup_one_position_per_ticker_per_day,,,
IFF,2022-06-20,dc20_break_retest,dedup_one_position_per_ticker_per_day,,,
IFF,2022-06-20,break_retest_volume,dedup_one_position_per_ticker_per_day,,,
IFF,2022-06-20,break_retest_confluence,dedup_one_position_per_ticker_per_day,,,
AOS,2022-06-20,bollinger_tight,dedup_one_position_per_ticker_per_day,,,
AOS,2022-06-20,williams_stoch_dual,dedup_one_position_per_ticker_per_day,,,
AOS,2022-06-20,cpr_narrow_bullish,dedup_one_position_per_ticker_per_day,,,
AOS,2022-06-20,prev_day_high_break,dedup_one_position_per_ticker_per_day,,,
AOS,2022-06-20,hull_rsi,dedup_one_position_per_ticker_per_day,,,
AOS,2022-06-20,cpr_narrow_momentum,dedup_one_position_per_ticker_per_day,,,
AOS,2022-06-20,hull_rsi_short,dedup_one_position_per_ticker_per_day,,,
AOS,2022-06-20,prev_day_low_breakdown,dedup_one_position_per_ticker_per_day,,,
AOS,2022-06-20,cpr_narrow_momentum_short,dedup_one_position_per_ticker_per_day,,,
AOS,2022-06-20,break_retest_confluence,dedup_one_position_per_ticker_per_day,,,
AOS,2022-06-20,lead_lag_sector_rotation,dedup_one_position_per_ticker_per_day,,,
JCI,2022-06-20,cpr_narrow_bullish,dedup_one_position_per_ticker_per_day,,,
JCI,2022-06-20,hull_rsi,dedup_one_position_per_ticker_per_day,,,
JCI,2022-06-20,ichimoku_cloud_breakout,dedup_one_position_per_ticker_per_day,,,
JCI,2022-06-20,cpr_narrow_momentum,dedup_one_position_per_ticker_per_day,,,
JCI,2022-06-20,hull_rsi_short,dedup_one_position_per_ticker_per_day,,,
JCI,2022-06-20,cpr_narrow_momentum_short,dedup_one_position_per_ticker_per_day,,,
JCI,2022-06-20,dc20_break_retest,dedup_one_position_per_ticker_per_day,,,
JCI,2022-06-20,break_retest_volume,dedup_one_position_per_ticker_per_day,,,
JCI,2022-06-20,break_retest_confluence,dedup_one_position_per_ticker_per_day,,,
JCI,2022-06-20,lead_lag_sector_rotation,dedup_one_position_per_ticker_per_day,,,
SWIM,2022-06-20,(any),max_loss_cap_breach_dec135_-10.07pct,,,
CSX,2022-06-20,bollinger_tight,dedup_one_position_per_ticker_per_day,,,
CSX,2022-06-20,williams_stoch_dual,dedup_one_position_per_ticker_per_day,,,
CSX,2022-06-20,cpr_narrow_bullish,dedup_one_position_per_ticker_per_day,,,
CSX,2022-06-20,hull_rsi,dedup_one_position_per_ticker_per_day,,,
CSX,2022-06-20,ichimoku_cloud_breakout,dedup_one_position_per_ticker_per_day,,,
CSX,2022-06-20,cpr_narrow_momentum,dedup_one_position_per_ticker_per_day,,,
CSX,2022-06-20,hull_rsi_short,dedup_one_position_per_ticker_per_day,,,
CSX,2022-06-20,cpr_narrow_momentum_short,dedup_one_position_per_ticker_per_day,,,
CSX,2022-06-20,dc20_break_retest,dedup_one_position_per_ticker_per_day,,,
CSX,2022-06-20,break_retest_confluence,dedup_one_position_per_ticker_per_day,,,
VET,2022-06-20,pivot_r1_breakout,dedup_one_position_per_ticker_per_day,,,
VET,2022-06-20,cpr_narrow_bullish,dedup_one_position_per_ticker_per_day,,,
VET,2022-06-20,camarilla_r3_breakout,dedup_one_position_per_ticker_per_day,,,
VET,2022-06-20,hull_rsi,dedup_one_position_per_ticker_per_day,,,
VET,2022-06-20,golden_cross_9_21,dedup_one_position_per_ticker_per_day,,,
VET,2022-06-20,tema_dema,dedup_one_position_per_ticker_per_day,,,
VET,2022-06-20,cpr_narrow_momentum,dedup_one_position_per_ticker_per_day,,,
VET,2022-06-20,hull_rsi_short,dedup_one_position_per_ticker_per_day,,,
VET,2022-06-20,cpr_narrow_momentum_short,dedup_one_position_per_ticker_per_day,,,
CERN,2022-06-21,(any),ticker_already_open_concurrent_block_bug61,,,
AOS,2022-06-21,(any),ticker_already_open_concurrent_block_bug61,,,
SWIM,2022-06-21,(any),max_loss_cap_breach_dec135_-10.07pct,,,
BDX,2022-06-21,bollinger_tight,dedup_one_position_per_ticker_per_day,,,
BDX,2022-06-21,cpr_narrow_bullish,dedup_one_position_per_ticker_per_day,,,
BDX,2022-06-21,ichimoku_tk_cross,dedup_one_position_per_ticker_per_day,,,
BDX,2022-06-21,ichimoku_cloud_breakout,dedup_one_position_per_ticker_per_day,,,
BDX,2022-06-21,cpr_narrow_momentum,dedup_one_position_per_ticker_per_day,,,
BDX,2022-06-21,ichimoku_cloud_breakdown,dedup_one_position_per_ticker_per_day,,,
BDX,2022-06-21,cpr_narrow_momentum_short,dedup_one_position_per_ticker_per_day,,,
BDX,2022-06-21,break_retest_confluence,dedup_one_position_per_ticker_per_day,,,
BDX,2022-06-21,lead_lag_sector_rotation,dedup_one_position_per_ticker_per_day,,,
GNRC,2022-06-21,cpr_narrow_bullish,dedup_one_position_per_ticker_per_day,,,
GNRC,2022-06-21,hull_rsi,dedup_one_position_per_ticker_per_day,,,
GNRC,2022-06-21,tema_dema,dedup_one_position_per_ticker_per_day,,,
GNRC,2022-06-21,cpr_narrow_momentum,dedup_one_position_per_ticker_per_day,,,
GNRC,2022-06-21,hull_rsi_short,dedup_one_position_per_ticker_per_day,,,
GNRC,2022-06-21,cpr_narrow_momentum_short,dedup_one_position_per_ticker_per_day,,,
GNRC,2022-06-21,lead_lag_sector_rotation,dedup_one_position_per_ticker_per_day,,,
JCI,2022-06-21,(any),ticker_already_open_concurrent_block_bug61,,,
XLE,2022-06-21,(any),ticker_already_open_concurrent_block_bug61,,,
WMB,2022-06-21,(any),ticker_already_open_concurrent_block_bug61,,,
CG,2022-06-21,bollinger_tight,dedup_one_position_per_ticker_per_day,,,
CG,2022-06-21,hull_rsi,dedup_one_position_per_ticker_per_day,,,
CG,2022-06-21,hull_rsi_short,dedup_one_position_per_ticker_per_day,,,
CG,2022-06-21,break_retest_confluence,dedup_one_position_per_ticker_per_day,,,
CG,2022-06-21,lead_lag_sector_rotation,dedup_one_position_per_ticker_per_day,,,
BAM,2022-06-21,bollinger_tight,dedup_one_position_per_ticker_per_day,,,
BAM,2022-06-21,hull_rsi,dedup_one_position_per_ticker_per_day,,,
BAM,2022-06-21,hull_rsi_short,dedup_one_position_per_ticker_per_day,,,
BAM,2022-06-21,break_retest_confluence,dedup_one_position_per_ticker_per_day,,,
BAM,2022-06-21,lead_lag_sector_rotation,dedup_one_position_per_ticker_per_day,,,
CERN,2022-06-22,(any),ticker_already_open_concurrent_block_bug61,,,
XLE,2022-06-22,(any),ticker_already_open_concurrent_block_bug61,,,
PSX,2022-06-22,bollinger_tight,dedup_one_position_per_ticker_per_day,,,
PSX,2022-06-22,cpr_narrow_bullish,dedup_one_position_per_ticker_per_day,,,
PSX,2022-06-22,hull_rsi,dedup_one_position_per_ticker_per_day,,,
PSX,2022-06-22,awesome_oscillator,dedup_one_position_per_ticker_per_day,,,
PSX,2022-06-22,cpr_narrow_momentum,dedup_one_position_per_ticker_per_day,,,
PSX,2022-06-22,hull_rsi_short,dedup_one_position_per_ticker_per_day,,,
PSX,2022-06-22,cpr_narrow_momentum_short,dedup_one_position_per_ticker_per_day,,,
PSX,2022-06-22,r1_break_retest,dedup_one_position_per_ticker_per_day,,,
PSX,2022-06-22,break_retest_confluence,dedup_one_position_per_ticker_per_day,,,
GNRC,2022-06-22,(any),ticker_already_open_concurrent_block_bug61,,,
HST,2022-06-22,(any),ticker_already_open_concurrent_block_bug61,,,
FLR,2022-06-22,bollinger_tight,dedup_one_position_per_ticker_per_day,,,
FLR,2022-06-22,morning_star,dedup_one_position_per_ticker_per_day,,,
FLR,2022-06-22,cpr_narrow_bullish,dedup_one_position_per_ticker_per_day,,,
FLR,2022-06-22,hull_rsi,dedup_one_position_per_ticker_per_day,,,
FLR,2022-06-22,cpr_narrow_momentum,dedup_one_position_per_ticker_per_day,,,
FLR,2022-06-22,hull_rsi_short,dedup_one_position_per_ticker_per_day,,,
FLR,2022-06-22,cpr_narrow_momentum_short,dedup_one_position_per_ticker_per_day,,,
FLR,2022-06-22,break_retest_confluence,dedup_one_position_per_ticker_per_day,,,
VET,2022-06-22,(any),ticker_already_open_concurrent_block_bug61,,,
UUUU,2022-06-22,cpr_narrow_bullish,dedup_one_position_per_ticker_per_day,,,
UUUU,2022-06-22,hull_rsi,dedup_one_position_per_ticker_per_day,,,
UUUU,2022-06-22,ichimoku_tk_cross,dedup_one_position_per_ticker_per_day,,,
UUUU,2022-06-22,cpr_narrow_momentum,dedup_one_position_per_ticker_per_day,,,
UUUU,2022-06-22,hull_rsi_short,dedup_one_position_per_ticker_per_day,,,
UUUU,2022-06-22,cpr_narrow_momentum_short,dedup_one_position_per_ticker_per_day,,,
UUUU,2022-06-22,r1_break_retest,dedup_one_position_per_ticker_per_day,,,
UUUU,2022-06-22,break_retest_confluence,dedup_one_position_per_ticker_per_day,,,
JCI,2022-06-22,(any),ticker_already_open_concurrent_block_bug61,,,
CSX,2022-06-22,(any),ticker_already_open_concurrent_block_bug61,,,
CERN,2022-06-23,(any),ticker_already_open_concurrent_block_bug61,,,
XLE,2022-06-23,(any),ticker_already_open_concurrent_block_bug61,,,
VET,2022-06-23,(any),stopout_cooldown_active_5d_dec018,,,
FLR,2022-06-23,(any),ticker_already_open_concurrent_block_bug61,,,
RF,2022-06-23,pivot_r2_continuation,dedup_one_position_per_ticker_per_day,,,
RF,2022-06-23,cpr_narrow_bullish,dedup_one_position_per_ticker_per_day,,,
RF,2022-06-23,ichimoku_cloud_breakout,dedup_one_position_per_ticker_per_day,,,
RF,2022-06-23,adx_initiation,dedup_one_position_per_ticker_per_day,,,
RF,2022-06-23,cpr_narrow_momentum,dedup_one_position_per_ticker_per_day,,,
RF,2022-06-23,cpr_narrow_momentum_short,dedup_one_position_per_ticker_per_day,,,
RF,2022-06-23,r1_break_retest,dedup_one_position_per_ticker_per_day,,,
RF,2022-06-23,break_retest_confluence,dedup_one_position_per_ticker_per_day,,,
RF,2022-06-23,lead_lag_sector_rotation,dedup_one_position_per_ticker_per_day,,,
PSX,2022-06-23,(any),ticker_already_open_concurrent_block_bug61,,,
BAC,2022-06-23,cpr_narrow_bullish,dedup_one_position_per_ticker_per_day,,,
BAC,2022-06-23,ichimoku_cloud_breakout,dedup_one_position_per_ticker_per_day,,,
BAC,2022-06-23,cpr_narrow_momentum,dedup_one_position_per_ticker_per_day,,,
BAC,2022-06-23,cpr_narrow_momentum_short,dedup_one_position_per_ticker_per_day,,,
BAC,2022-06-23,r1_break_retest,dedup_one_position_per_ticker_per_day,,,
BAC,2022-06-23,break_retest_confluence,dedup_one_position_per_ticker_per_day,,,
WMB,2022-06-23,(any),ticker_already_open_concurrent_block_bug61,,,
CSX,2022-06-23,(any),ticker_already_open_concurrent_block_bug61,,,
FOX,2022-06-23,cpr_narrow_bullish,dedup_one_position_per_ticker_per_day,,,
FOX,2022-06-23,ichimoku_cloud_breakout,dedup_one_position_per_ticker_per_day,,,
FOX,2022-06-23,cpr_narrow_momentum,dedup_one_position_per_ticker_per_day,,,
FOX,2022-06-23,cpr_narrow_momentum_short,dedup_one_position_per_ticker_per_day,,,
FOX,2022-06-23,break_retest_confluence,dedup_one_position_per_ticker_per_day,,,
CERN,2022-06-24,(any),ticker_already_open_concurrent_block_bug61,,,
PSX,2022-06-24,(any),ticker_already_open_concurrent_block_bug61,,,
AWK,2022-06-24,hull_rsi,dedup_one_position_per_ticker_per_day,,,
AWK,2022-06-24,ppo_crossover,dedup_one_position_per_ticker_per_day,,,
AWK,2022-06-24,supertrend_macd,dedup_one_position_per_ticker_per_day,,,
AWK,2022-06-24,three_white_soldiers,dedup_one_position_per_ticker_per_day,,,
AWK,2022-06-24,ichimoku_cloud_breakout,dedup_one_position_per_ticker_per_day,,,
IFF,2022-06-24,(any),ticker_already_open_concurrent_block_bug61,,,
CG,2022-06-24,(any),ticker_already_open_concurrent_block_bug61,,,
FLR,2022-06-24,(any),ticker_already_open_concurrent_block_bug61,,,
SWIM,2022-06-24,macd_fast_crossover,portfolio_gate_max_open_positions_25_reached,,,
SWIM,2022-06-24,stochrsi_oversold,portfolio_gate_max_open_positions_25_reached,,,
SWIM,2022-06-24,three_white_soldiers,portfolio_gate_max_open_positions_25_reached,,,
SWIM,2022-06-24,ichimoku_cloud_breakout,portfolio_gate_max_open_positions_25_reached,,,
SWIM,2022-06-24,adx_initiation,portfolio_gate_max_open_positions_25_reached,,,
SWIM,2022-06-24,break_retest_confluence,portfolio_gate_max_open_positions_25_reached,,,
XLE,2022-06-24,(any),ticker_already_open_concurrent_block_bug61,,,
WMB,2022-06-24,(any),ticker_already_open_concurrent_block_bug61,,,
BDX,2022-06-24,(any),ticker_already_open_concurrent_block_bug61,,,
CERN,2022-06-27,(any),ticker_already_open_concurrent_block_bug61,,,
AWK,2022-06-27,(any),ticker_already_open_concurrent_block_bug61,,,
CSX,2022-06-27,(any),ticker_already_open_concurrent_block_bug61,,,
JCI,2022-06-27,(any),ticker_already_open_concurrent_block_bug61,,,
RKLB,2022-06-27,(any),ticker_already_open_concurrent_block_bug61,,,
RF,2022-06-27,(any),ticker_already_open_concurrent_block_bug61,,,
UUUU,2022-06-27,(any),ticker_already_open_concurrent_block_bug61,,,
XLE,2022-06-27,(any),ticker_already_open_concurrent_block_bug61,,,
WMB,2022-06-27,(any),ticker_already_open_concurrent_block_bug61,,,
CG,2022-06-27,(any),ticker_already_open_concurrent_block_bug61,,,
CERN,2022-06-28,(any),ticker_already_open_concurrent_block_bug61,,,
HST,2022-06-28,(any),ticker_already_open_concurrent_block_bug61,,,
CSX,2022-06-28,(any),ticker_already_open_concurrent_block_bug61,,,
SGH,2022-06-28,(any),ticker_already_open_concurrent_block_bug61,,,
REZI,2022-06-28,(any),ticker_already_open_concurrent_block_bug61,,,
CG,2022-06-28,(any),ticker_already_open_concurrent_block_bug61,,,
AOS,2022-06-28,(any),ticker_already_open_concurrent_block_bug61,,,
WMB,2022-06-28,(any),ticker_already_open_concurrent_block_bug61,,,
AWK,2022-06-28,(any),ticker_already_open_concurrent_block_bug61,,,
SWIM,2022-06-28,macd_crossover,portfolio_gate_max_open_positions_25_reached,,,
SWIM,2022-06-28,supertrend_macd,portfolio_gate_max_open_positions_25_reached,,,
SWIM,2022-06-28,cpr_narrow_bullish,portfolio_gate_max_open_positions_25_reached,,,
SWIM,2022-06-28,ichimoku_cloud_breakout,portfolio_gate_max_open_positions_25_reached,,,
SWIM,2022-06-28,adx_initiation,portfolio_gate_max_open_positions_25_reached,,,
CERN,2022-06-29,(any),ticker_already_open_concurrent_block_bug61,,,
HST,2022-06-29,(any),ticker_already_open_concurrent_block_bug61,,,
BHVN,2022-06-29,(any),ticker_already_open_concurrent_block_bug61,,,
RKLB,2022-06-29,(any),stopout_cooldown_active_5d_dec018,,,
PSX,2022-06-29,(any),ticker_already_open_concurrent_block_bug61,,,
JCI,2022-06-29,(any),ticker_already_open_concurrent_block_bug61,,,
RF,2022-06-29,(any),ticker_already_open_concurrent_block_bug61,,,
XLE,2022-06-29,(any),ticker_already_open_concurrent_block_bug61,,,
NVDA,2022-06-29,macd_fast_crossover,dedup_one_position_per_ticker_per_day,,,
NVDA,2022-06-29,macd_ichimoku,dedup_one_position_per_ticker_per_day,,,
NVDA,2022-06-29,macd_crossover_short,dedup_one_position_per_ticker_per_day,,,
NVDA,2022-06-29,r1_break_retest,dedup_one_position_per_ticker_per_day,,,
NVDA,2022-06-29,break_retest_confluence,dedup_one_position_per_ticker_per_day,,,
WMB,2022-06-29,(any),ticker_already_open_concurrent_block_bug61,,,
CERN,2022-06-30,(any),ticker_already_open_concurrent_block_bug61,,,
SGH,2022-06-30,(any),max_loss_cap_breach_dec135_-17.99pct,,,
UUUU,2022-06-30,(any),stopout_cooldown_active_5d_dec018,,,
PSX,2022-06-30,(any),stopout_cooldown_active_5d_dec018,,,
BAC,2022-06-30,(any),ticker_already_open_concurrent_block_bug61,,,
RKLB,2022-06-30,(any),stopout_cooldown_active_5d_dec018,,,
HST,2022-06-30,(any),ticker_already_open_concurrent_block_bug61,,,
JCI,2022-06-30,(any),ticker_already_open_concurrent_block_bug61,,,
RF,2022-06-30,(any),ticker_already_open_concurrent_block_bug61,,,
GNRC,2022-06-30,(any),ticker_already_open_concurrent_block_bug61,,,
CERN,2022-07-01,(any),ticker_already_open_concurrent_block_bug61,,,
SGH,2022-07-01,(any),max_loss_cap_breach_dec135_-17.99pct,,,
NVDA,2022-07-01,(any),ticker_already_open_concurrent_block_bug61,,,
CCEP,2022-07-01,(any),ticker_already_open_concurrent_block_bug61,,,
LCID,2022-07-01,macd_crossover,dedup_one_position_per_ticker_per_day,,,
LCID,2022-07-01,hull_rsi,dedup_one_position_per_ticker_per_day,,,
LCID,2022-07-01,awesome_oscillator,dedup_one_position_per_ticker_per_day,,,
LCID,2022-07-01,macd_ichimoku,dedup_one_position_per_ticker_per_day,,,
LCID,2022-07-01,cpr_narrow_momentum,dedup_one_position_per_ticker_per_day,,,
LCID,2022-07-01,macd_crossover_short,dedup_one_position_per_ticker_per_day,,,
LCID,2022-07-01,hull_rsi_short,dedup_one_position_per_ticker_per_day,,,
LCID,2022-07-01,cpr_narrow_momentum_short,dedup_one_position_per_ticker_per_day,,,
AWK,2022-07-01,(any),ticker_already_open_concurrent_block_bug61,,,
RKLB,2022-07-01,(any),stopout_cooldown_active_5d_dec018,,,
SWIM,2022-07-01,supertrend_macd,dedup_one_position_per_ticker_per_day,,,
SWIM,2022-07-01,williams_stoch_dual,dedup_one_position_per_ticker_per_day,,,
SWIM,2022-07-01,cpr_narrow_bullish,dedup_one_position_per_ticker_per_day,,,
SWIM,2022-07-01,ichimoku_cloud_breakout,dedup_one_position_per_ticker_per_day,,,
SWIM,2022-07-01,adx_initiation,dedup_one_position_per_ticker_per_day,,,
BDX,2022-07-01,(any),ticker_already_open_concurrent_block_bug61,,,
FLR,2022-07-01,(any),ticker_already_open_concurrent_block_bug61,,,
CERN,2022-07-04,(any),ticker_already_open_concurrent_block_bug61,,,
SGH,2022-07-04,(any),max_loss_cap_breach_dec135_-17.99pct,,,
NVDA,2022-07-04,(any),ticker_already_open_concurrent_block_bug61,,,
CCEP,2022-07-04,(any),ticker_already_open_concurrent_block_bug61,,,
LCID,2022-07-04,(any),ticker_already_open_concurrent_block_bug61,,,
AWK,2022-07-04,(any),ticker_already_open_concurrent_block_bug61,,,
RKLB,2022-07-04,(any),max_loss_cap_breach_dec135_-10.07pct,,,
SWIM,2022-07-04,(any),ticker_already_open_concurrent_block_bug61,,,
BDX,2022-07-04,(any),ticker_already_open_concurrent_block_bug61,,,
FLR,2022-07-04,(any),ticker_already_open_concurrent_block_bug61,,,
CERN,2022-07-05,(any),ticker_already_open_concurrent_block_bug61,,,
SWIM,2022-07-05,(any),ticker_already_open_concurrent_block_bug61,,,
FLR,2022-07-05,(any),ticker_already_open_concurrent_block_bug61,,,
RF,2022-07-05,(any),ticker_already_open_concurrent_block_bug61,,,
SGH,2022-07-05,(any),max_loss_cap_breach_dec135_-17.99pct,,,
PSX,2022-07-05,cpr_narrow_bullish,dedup_one_position_per_ticker_per_day,,,
PSX,2022-07-05,ichimoku_cloud_breakout,dedup_one_position_per_ticker_per_day,,,
PSX,2022-07-05,cpr_narrow_momentum,dedup_one_position_per_ticker_per_day,,,
PSX,2022-07-05,cpr_narrow_momentum_short,dedup_one_position_per_ticker_per_day,,,
PSX,2022-07-05,r1_break_retest,dedup_one_position_per_ticker_per_day,,,
PSX,2022-07-05,break_retest_confluence,dedup_one_position_per_ticker_per_day,,,
CSX,2022-07-05,(any),ticker_already_open_concurrent_block_bug61,,,
BAC,2022-07-05,(any),ticker_already_open_concurrent_block_bug61,,,
AOS,2022-07-05,(any),ticker_already_open_concurrent_block_bug61,,,
XLE,2022-07-05,(any),stopout_cooldown_active_5d_dec018,,,
CERN,2022-07-06,(any),ticker_already_open_concurrent_block_bug61,,,
CCEP,2022-07-06,(any),ticker_already_open_concurrent_block_bug61,,,
SGH,2022-07-06,(any),max_loss_cap_breach_dec135_-17.99pct,,,
SWIM,2022-07-06,(any),stopout_cooldown_active_5d_dec018,,,
FLR,2022-07-06,(any),stopout_cooldown_active_5d_dec018,,,
XLE,2022-07-06,(any),stopout_cooldown_active_5d_dec018,,,
HST,2022-07-06,(any),ticker_already_open_concurrent_block_bug61,,,
VET,2022-07-06,macd_fast_crossover,dedup_one_position_per_ticker_per_day,,,
VET,2022-07-06,hull_rsi,dedup_one_position_per_ticker_per_day,,,
VET,2022-07-06,cpr_narrow_momentum,dedup_one_position_per_ticker_per_day,,,
VET,2022-07-06,hull_rsi_short,dedup_one_position_per_ticker_per_day,,,
VET,2022-07-06,cpr_narrow_momentum_short,dedup_one_position_per_ticker_per_day,,,
VET,2022-07-06,break_retest_confluence,dedup_one_position_per_ticker_per_day,,,
CG,2022-07-06,hull_rsi,dedup_one_position_per_ticker_per_day,,,
CG,2022-07-06,ichimoku_cloud_breakout,dedup_one_position_per_ticker_per_day,,,
CG,2022-07-06,cpr_narrow_momentum,dedup_one_position_per_ticker_per_day,,,
CG,2022-07-06,hull_rsi_short,dedup_one_position_per_ticker_per_day,,,
CG,2022-07-06,cpr_narrow_momentum_short,dedup_one_position_per_ticker_per_day,,,
CG,2022-07-06,lead_lag_sector_rotation,dedup_one_position_per_ticker_per_day,,,
BHVN,2022-07-06,(any),ticker_already_open_concurrent_block_bug61,,,
CERN,2022-07-07,(any),ticker_already_open_concurrent_block_bug61,,,
AOS,2022-07-07,(any),ticker_already_open_concurrent_block_bug61,,,
AWK,2022-07-07,(any),ticker_already_open_concurrent_block_bug61,,,
HOLX,2022-07-07,hull_rsi,dedup_one_position_per_ticker_per_day,,,
HOLX,2022-07-07,tema_dema,dedup_one_position_per_ticker_per_day,,,
HOLX,2022-07-07,supertrend_macd,dedup_one_position_per_ticker_per_day,,,
HOLX,2022-07-07,three_white_soldiers,dedup_one_position_per_ticker_per_day,,,
HOLX,2022-07-07,cpr_narrow_momentum,dedup_one_position_per_ticker_per_day,,,
HOLX,2022-07-07,williams_r_oversold,dedup_one_position_per_ticker_per_day,,,
LCID,2022-07-07,(any),stopout_cooldown_active_5d_dec018,,,
HBAN,2022-07-07,(any),ticker_already_open_concurrent_block_bug61,,,
HST,2022-07-07,(any),ticker_already_open_concurrent_block_bug61,,,
FLR,2022-07-07,(any),stopout_cooldown_active_5d_dec018,,,
WMB,2022-07-07,(any),ticker_already_open_concurrent_block_bug61,,,
RF,2022-07-07,(any),ticker_already_open_concurrent_block_bug61,,,
CERN,2022-07-08,(any),ticker_already_open_concurrent_block_bug61,,,
RKLB,2022-07-08,(any),max_loss_cap_breach_dec135_-10.07pct,,,
PSX,2022-07-08,(any),ticker_already_open_concurrent_block_bug61,,,
CG,2022-07-08,(any),ticker_already_open_concurrent_block_bug61,,,
BHVN,2022-07-08,(any),ticker_already_open_concurrent_block_bug61,,,
HBAN,2022-07-08,(any),ticker_already_open_concurrent_block_bug61,,,
BDX,2022-07-08,(any),ticker_already_open_concurrent_block_bug61,,,
RF,2022-07-08,(any),ticker_already_open_concurrent_block_bug61,,,
JCI,2022-07-08,(any),ticker_already_open_concurrent_block_bug61,,,
HOLX,2022-07-08,(any),ticker_already_open_concurrent_block_bug61,,,
CERN,2022-07-11,(any),ticker_already_open_concurrent_block_bug61,,,
BDX,2022-07-11,(any),ticker_already_open_concurrent_block_bug61,,,
FLR,2022-07-11,ppo_crossover,dedup_one_position_per_ticker_per_day,,,
FLR,2022-07-11,supertrend_macd,dedup_one_position_per_ticker_per_day,,,
FLR,2022-07-11,inside_bar_breakout,dedup_one_position_per_ticker_per_day,,,
FLR,2022-07-11,cpr_narrow_bullish,dedup_one_position_per_ticker_per_day,,,
FLR,2022-07-11,ichimoku_cloud_breakout,dedup_one_position_per_ticker_per_day,,,
FLR,2022-07-11,adx_initiation,dedup_one_position_per_ticker_per_day,,,
HOLX,2022-07-11,(any),ticker_already_open_concurrent_block_bug61,,,
SGH,2022-07-11,(any),max_loss_cap_breach_dec135_-11.01pct,,,
JCI,2022-07-11,(any),ticker_already_open_concurrent_block_bug61,,,
CG,2022-07-11,(any),ticker_already_open_concurrent_block_bug61,,,
HBAN,2022-07-11,(any),ticker_already_open_concurrent_block_bug61,,,
RKLB,2022-07-11,(any),max_loss_cap_breach_dec135_-10.07pct,,,
XLE,2022-07-11,ichimoku_cloud_breakout,dedup_one_position_per_ticker_per_day,,,
XLE,2022-07-11,cpr_narrow_momentum,dedup_one_position_per_ticker_per_day,,,
XLE,2022-07-11,cpr_narrow_momentum_short,dedup_one_position_per_ticker_per_day,,,
XLE,2022-07-11,break_retest_confluence,dedup_one_position_per_ticker_per_day,,,
CERN,2022-07-12,(any),ticker_already_open_concurrent_block_bug61,,,
BDX,2022-07-12,(any),ticker_already_open_concurrent_block_bug61,,,
XLE,2022-07-12,(any),ticker_already_open_concurrent_block_bug61,,,
CSX,2022-07-12,(any),ticker_already_open_concurrent_block_bug61,,,
CCEP,2022-07-12,(any),ticker_already_open_concurrent_block_bug61,,,
JCI,2022-07-12,(any),ticker_already_open_concurrent_block_bug61,,,
AOS,2022-07-12,(any),ticker_already_open_concurrent_block_bug61,,,
BAM,2022-07-12,(any),ticker_already_open_concurrent_block_bug61,,,
SWIM,2022-07-12,(any),max_loss_cap_breach_dec135_-10.07pct,,,
AWK,2022-07-12,(any),ticker_already_open_concurrent_block_bug61,,,
CERN,2022-07-13,(any),ticker_already_open_concurrent_block_bug61,,,
SWIM,2022-07-13,(any),max_loss_cap_breach_dec135_-10.07pct,,,
CSX,2022-07-13,(any),ticker_already_open_concurrent_block_bug61,,,
JCI,2022-07-13,(any),ticker_already_open_concurrent_block_bug61,,,
CG,2022-07-13,(any),ticker_already_open_concurrent_block_bug61,,,
BAC,2022-07-13,(any),ticker_already_open_concurrent_block_bug61,,,
RF,2022-07-13,(any),ticker_already_open_concurrent_block_bug61,,,
BDX,2022-07-13,(any),ticker_already_open_concurrent_block_bug61,,,
HOLX,2022-07-13,(any),ticker_already_open_concurrent_block_bug61,,,
CCEP,2022-07-13,(any),ticker_already_open_concurrent_block_bug61,,,
CERN,2022-07-14,ichimoku_cloud_breakout,level_6_halt_dd_-0.202,,,
CG,2022-07-14,supertrend_macd,level_6_halt_dd_-0.202,,,
XLE,2022-07-14,cpr_narrow_bullish,level_6_halt_dd_-0.202,,,
RF,2022-07-14,supertrend_macd,level_6_halt_dd_-0.202,,,
BAC,2022-07-14,supertrend_macd,level_6_halt_dd_-0.202,,,
BDX,2022-07-14,cmf_flip,level_6_halt_dd_-0.202,,,
FLR,2022-07-14,supertrend_macd,level_6_halt_dd_-0.202,,,
IFF,2022-07-14,cpr_narrow_bullish,level_6_halt_dd_-0.202,,,
SWIM,2022-07-14,supertrend_macd,level_6_halt_dd_-0.202,,,
BAM,2022-07-14,supertrend_macd,level_6_halt_dd_-0.202,,,
CERN,2022-07-15,ichimoku_cloud_breakout,level_6_halt_dd_-0.200,,,
CG,2022-07-15,macd_fast_crossover,level_6_halt_dd_-0.200,,,
SGH,2022-07-15,macd_crossover,level_6_halt_dd_-0.200,,,
BAC,2022-07-15,pivot_r1_breakout,level_6_halt_dd_-0.200,,,
RF,2022-07-15,macd_fast_crossover,level_6_halt_dd_-0.200,,,
SWIM,2022-07-15,tema_dema,level_6_halt_dd_-0.200,,,
BHVN,2022-07-15,pivot_r2_continuation,level_6_halt_dd_-0.200,,,
FOX,2022-07-15,cpr_narrow_bullish,level_6_halt_dd_-0.200,,,
HBAN,2022-07-15,cpr_narrow_bullish,level_6_halt_dd_-0.200,,,
FLR,2022-07-15,pivot_r2_continuation,level_6_halt_dd_-0.200,,,
CERN,2022-07-18,ichimoku_cloud_breakout,level_6_halt_dd_-0.200,,,
BDX,2022-07-18,bollinger_tight,level_6_halt_dd_-0.200,,,
AWK,2022-07-18,cpr_narrow_bullish,level_6_halt_dd_-0.200,,,
BHVN,2022-07-18,cpr_narrow_bullish,level_6_halt_dd_-0.200,,,
RF,2022-07-18,cpr_narrow_bullish,level_6_halt_dd_-0.200,,,
HOLX,2022-07-18,bollinger_tight,level_6_halt_dd_-0.200,,,
CCEP,2022-07-18,bollinger_tight,level_6_halt_dd_-0.200,,,
VET,2022-07-18,hull_rsi,level_6_halt_dd_-0.200,,,
FLR,2022-07-18,supertrend_macd,level_6_halt_dd_-0.200,,,
XLE,2022-07-18,pivot_r2_continuation,level_6_halt_dd_-0.200,,,
CERN,2022-07-19,ichimoku_cloud_breakout,level_6_halt_dd_-0.204,,,
FLR,2022-07-19,pivot_r2_continuation,level_6_halt_dd_-0.204,,,
FOX,2022-07-19,cpr_narrow_bullish,level_6_halt_dd_-0.204,,,
VET,2022-07-19,cpr_narrow_bullish,level_6_halt_dd_-0.204,,,
XLE,2022-07-19,pivot_r2_continuation,level_6_halt_dd_-0.204,,,
CSX,2022-07-19,cpr_narrow_bullish,level_6_halt_dd_-0.204,,,
RF,2022-07-19,cpr_narrow_bullish,level_6_halt_dd_-0.204,,,
HBAN,2022-07-19,cpr_narrow_bullish,level_6_halt_dd_-0.204,,,
WMB,2022-07-19,cpr_narrow_bullish,level_6_halt_dd_-0.204,,,
BAM,2022-07-19,cpr_narrow_bullish,level_6_halt_dd_-0.204,,,
CERN,2022-07-20,ichimoku_cloud_breakout,level_6_halt_dd_-0.204,,,
FOX,2022-07-20,cpr_narrow_bullish,level_6_halt_dd_-0.204,,,
AWK,2022-07-20,williams_stoch_dual,level_6_halt_dd_-0.204,,,
VET,2022-07-20,hull_rsi,level_6_halt_dd_-0.204,,,
HST,2022-07-20,cpr_narrow_bullish,level_6_halt_dd_-0.204,,,
RF,2022-07-20,cpr_narrow_bullish,level_6_halt_dd_-0.204,,,
LCID,2022-07-20,cpr_narrow_bullish,level_6_halt_dd_-0.204,,,
WMB,2022-07-20,cpr_narrow_bullish,level_6_halt_dd_-0.204,,,
BAM,2022-07-20,cpr_narrow_bullish,level_6_halt_dd_-0.204,,,
HBAN,2022-07-20,cpr_narrow_bullish,level_6_halt_dd_-0.204,,,
CERN,2022-07-21,ichimoku_cloud_breakout,level_6_halt_dd_-0.204,,,
CSX,2022-07-21,pivot_r1_breakout,level_6_halt_dd_-0.204,,,
HBAN,2022-07-21,pivot_r1_breakout,level_6_halt_dd_-0.204,,,
CG,2022-07-21,pivot_r1_breakout,level_6_halt_dd_-0.204,,,
BAC,2022-07-21,cpr_narrow_bullish,level_6_halt_dd_-0.204,,,
BAM,2022-07-21,cpr_narrow_bullish,level_6_halt_dd_-0.204,,,
FOX,2022-07-21,cpr_narrow_bullish,level_6_halt_dd_-0.204,,,
RF,2022-07-21,hull_rsi,level_6_halt_dd_-0.204,,,
BHVN,2022-07-21,cpr_narrow_bullish,level_6_halt_dd_-0.204,,,
AOS,2022-07-21,cpr_narrow_bullish,level_6_halt_dd_-0.204,,,
CERN,2022-07-22,ichimoku_cloud_breakout,level_6_halt_dd_-0.204,,,
RF,2022-07-22,pivot_r1_breakout,level_6_halt_dd_-0.204,,,
CSX,2022-07-22,cpr_narrow_bullish,level_6_halt_dd_-0.204,,,
FOX,2022-07-22,hull_rsi,level_6_halt_dd_-0.204,,,
BAM,2022-07-22,hull_rsi,level_6_halt_dd_-0.204,,,
JCI,2022-07-22,hull_rsi,level_6_halt_dd_-0.204,,,
CG,2022-07-22,hull_rsi,level_6_halt_dd_-0.204,,,
SGH,2022-07-22,hull_rsi,level_6_halt_dd_-0.204,,,
NVDA,2022-07-22,hull_rsi,level_6_halt_dd_-0.204,,,
REZI,2022-07-22,hull_rsi,level_6_halt_dd_-0.204,,,
CERN,2022-07-25,ichimoku_cloud_breakout,level_6_halt_dd_-0.204,,,
FOX,2022-07-25,cpr_narrow_bullish,level_6_halt_dd_-0.204,,,
BAM,2022-07-25,cpr_narrow_bullish,level_6_halt_dd_-0.204,,,
WMB,2022-07-25,cpr_narrow_bullish,level_6_halt_dd_-0.204,,,
RF,2022-07-25,cpr_narrow_bullish,level_6_halt_dd_-0.204,,,
CSX,2022-07-25,cpr_narrow_bullish,level_6_halt_dd_-0.204,,,
AWK,2022-07-25,cpr_narrow_bullish,level_6_halt_dd_-0.204,,,
HST,2022-07-25,cpr_narrow_bullish,level_6_halt_dd_-0.204,,,
HBAN,2022-07-25,cpr_narrow_bullish,level_6_halt_dd_-0.204,,,
CG,2022-07-25,hull_rsi,level_6_halt_dd_-0.204,,,
CERN,2022-07-26,ichimoku_cloud_breakout,level_6_halt_dd_-0.214,,,
CSX,2022-07-26,cpr_narrow_bullish,level_6_halt_dd_-0.214,,,
LCID,2022-07-26,cpr_narrow_bullish,level_6_halt_dd_-0.214,,,
SWIM,2022-07-26,supertrend_macd,level_6_halt_dd_-0.214,,,
RF,2022-07-26,hull_rsi,level_6_halt_dd_-0.214,,,
BHVN,2022-07-26,cpr_narrow_bullish,level_6_halt_dd_-0.214,,,
CCEP,2022-07-26,cpr_narrow_bullish,level_6_halt_dd_-0.214,,,
WMB,2022-07-26,hull_rsi,level_6_halt_dd_-0.214,,,
AOS,2022-07-26,cpr_narrow_bullish,level_6_halt_dd_-0.214,,,
CG,2022-07-26,cpr_narrow_bullish,level_6_halt_dd_-0.214,,,
CERN,2022-07-27,ichimoku_cloud_breakout,level_6_halt_dd_-0.214,,,
RF,2022-07-27,cpr_narrow_bullish,level_6_halt_dd_-0.214,,,
CSX,2022-07-27,cpr_narrow_bullish,level_6_halt_dd_-0.214,,,
WMB,2022-07-27,cpr_narrow_bullish,level_6_halt_dd_-0.214,,,
JCI,2022-07-27,cpr_narrow_bullish,level_6_halt_dd_-0.214,,,
BAM,2022-07-27,cpr_narrow_bullish,level_6_halt_dd_-0.214,,,
VET,2022-07-27,cpr_narrow_bullish,level_6_halt_dd_-0.214,,,
CG,2022-07-27,cpr_narrow_bullish,level_6_halt_dd_-0.214,,,
BHVN,2022-07-27,pivot_r2_continuation,level_6_halt_dd_-0.214,,,
UUUU,2022-07-27,cpr_narrow_bullish,level_6_halt_dd_-0.214,,,
CERN,2022-07-28,ichimoku_cloud_breakout,level_6_halt_dd_-0.214,,,
GNRC,2022-07-28,pivot_r1_breakout,level_6_halt_dd_-0.214,,,
HST,2022-07-28,cpr_narrow_bullish,level_6_halt_dd_-0.214,,,
CG,2022-07-28,cpr_narrow_bullish,level_6_halt_dd_-0.214,,,
JCI,2022-07-28,cpr_narrow_bullish,level_6_halt_dd_-0.214,,,
BAM,2022-07-28,cpr_narrow_bullish,level_6_halt_dd_-0.214,,,
WMB,2022-07-28,cpr_narrow_bullish,level_6_halt_dd_-0.214,,,
LCID,2022-07-28,williams_stoch_dual,level_6_halt_dd_-0.214,,,
RKLB,2022-07-28,cpr_narrow_bullish,level_6_halt_dd_-0.214,,,
AWK,2022-07-28,cpr_narrow_bullish,level_6_halt_dd_-0.214,,,
CERN,2022-07-29,ichimoku_cloud_breakout,level_6_halt_dd_-0.214,,,
AOS,2022-07-29,pivot_r1_breakout,level_6_halt_dd_-0.214,,,
JCI,2022-07-29,cpr_narrow_bullish,level_6_halt_dd_-0.214,,,
CSX,2022-07-29,cpr_narrow_bullish,level_6_halt_dd_-0.214,,,
RF,2022-07-29,cpr_narrow_bullish,level_6_halt_dd_-0.214,,,
CG,2022-07-29,cpr_narrow_bullish,level_6_halt_dd_-0.214,,,
WMB,2022-07-29,cpr_narrow_bullish,level_6_halt_dd_-0.214,,,
HBAN,2022-07-29,cpr_narrow_bullish,level_6_halt_dd_-0.214,,,
SWIM,2022-07-29,supertrend_macd,level_6_halt_dd_-0.214,,,
VET,2022-07-29,cpr_narrow_bullish,level_6_halt_dd_-0.214,,,
CERN,2022-08-01,ichimoku_cloud_breakout,level_6_halt_dd_-0.214,,,
JCI,2022-08-01,cpr_narrow_bullish,level_6_halt_dd_-0.214,,,
AWK,2022-08-01,cpr_narrow_bullish,level_6_halt_dd_-0.214,,,
CSX,2022-08-01,cpr_narrow_bullish,level_6_halt_dd_-0.214,,,
REZI,2022-08-01,cpr_narrow_bullish,level_6_halt_dd_-0.214,,,
CG,2022-08-01,hull_rsi,level_6_halt_dd_-0.214,,,
BAM,2022-08-01,cpr_narrow_bullish,level_6_halt_dd_-0.214,,,
SWIM,2022-08-01,supertrend_macd,level_6_halt_dd_-0.214,,,
HBAN,2022-08-01,cpr_narrow_bullish,level_6_halt_dd_-0.214,,,
XLE,2022-08-01,pivot_s1_bounce,level_6_halt_dd_-0.214,,,
CERN,2022-08-02,ichimoku_cloud_breakout,level_6_halt_dd_-0.214,,,
RKLB,2022-08-02,cpr_narrow_bullish,level_6_halt_dd_-0.214,,,
UUUU,2022-08-02,cpr_narrow_bullish,level_6_halt_dd_-0.214,,,
XLE,2022-08-02,cpr_narrow_bullish,level_6_halt_dd_-0.214,,,
SWIM,2022-08-02,supertrend_macd,level_6_halt_dd_-0.214,,,
FLR,2022-08-02,cpr_narrow_bullish,level_6_halt_dd_-0.214,,,
GNRC,2022-08-02,cpr_narrow_bullish,level_6_halt_dd_-0.214,,,
REZI,2022-08-02,cpr_narrow_bullish,level_6_halt_dd_-0.214,,,
RF,2022-08-02,ichimoku_cloud_breakout,level_6_halt_dd_-0.214,,,
JCI,2022-08-02,supertrend_macd,level_6_halt_dd_-0.214,,,
CERN,2022-08-03,ichimoku_cloud_breakout,level_6_halt_dd_-0.214,,,
CG,2022-08-03,cpr_narrow_bullish,level_6_halt_dd_-0.214,,,
RKLB,2022-08-03,cpr_narrow_bullish,level_6_halt_dd_-0.214,,,
RF,2022-08-03,cpr_narrow_bullish,level_6_halt_dd_-0.214,,,
LCID,2022-08-03,cpr_narrow_bullish,level_6_halt_dd_-0.214,,,
CSX,2022-08-03,supertrend_macd,level_6_halt_dd_-0.214,,,
JCI,2022-08-03,cpr_narrow_bullish,level_6_halt_dd_-0.214,,,
AWK,2022-08-03,hull_rsi,level_6_halt_dd_-0.214,,,
REZI,2022-08-03,cpr_narrow_bullish,level_6_halt_dd_-0.214,,,
IFF,2022-08-03,cpr_narrow_bullish,level_6_halt_dd_-0.214,,,
CERN,2022-08-04,ichimoku_cloud_breakout,level_6_halt_dd_-0.214,,,
RKLB,2022-08-04,pivot_r1_breakout,level_6_halt_dd_-0.214,,,
NVDA,2022-08-04,cpr_narrow_bullish,level_6_halt_dd_-0.214,,,
BAM,2022-08-04,cpr_narrow_bullish,level_6_halt_dd_-0.214,,,
LCID,2022-08-04,pivot_r1_breakout,level_6_halt_dd_-0.214,,,
CSX,2022-08-04,cpr_narrow_bullish,level_6_halt_dd_-0.214,,,
BDX,2022-08-04,pivot_r1_breakout,level_6_halt_dd_-0.214,,,
SGH,2022-08-04,cpr_narrow_bullish,level_6_halt_dd_-0.214,,,
BHVN,2022-08-04,pivot_r2_continuation,level_6_halt_dd_-0.214,,,
AWK,2022-08-04,cpr_narrow_bullish,level_6_halt_dd_-0.214,,,
CERN,2022-08-05,ichimoku_cloud_breakout,level_6_halt_dd_-0.215,,,
FLR,2022-08-05,bollinger_tight,level_6_halt_dd_-0.215,,,
UUUU,2022-08-05,cpr_narrow_bullish,level_6_halt_dd_-0.215,,,
CSX,2022-08-05,cpr_narrow_bullish,level_6_halt_dd_-0.215,,,
HBAN,2022-08-05,cpr_narrow_bullish,level_6_halt_dd_-0.215,,,
RKLB,2022-08-05,hull_rsi,level_6_halt_dd_-0.215,,,
JCI,2022-08-05,cpr_narrow_bullish,level_6_halt_dd_-0.215,,,
AOS,2022-08-05,supertrend_macd,level_6_halt_dd_-0.215,,,
LCID,2022-08-05,cpr_narrow_bullish,level_6_halt_dd_-0.215,,,
RF,2022-08-05,cpr_narrow_bullish,level_6_halt_dd_-0.215,,,
CERN,2022-08-08,ichimoku_cloud_breakout,level_6_halt_dd_-0.215,,,
CG,2022-08-08,supertrend_macd,level_6_halt_dd_-0.215,,,
RKLB,2022-08-08,cpr_narrow_bullish,level_6_halt_dd_-0.215,,,
BDX,2022-08-08,cpr_narrow_bullish,level_6_halt_dd_-0.215,,,
SWIM,2022-08-08,cpr_narrow_bullish,level_6_halt_dd_-0.215,,,
IFF,2022-08-08,cpr_narrow_bullish,level_6_halt_dd_-0.215,,,
HBAN,2022-08-08,cpr_narrow_bullish,level_6_halt_dd_-0.215,,,
BAM,2022-08-08,cpr_narrow_bullish,level_6_halt_dd_-0.215,,,
CCEP,2022-08-08,cpr_narrow_bullish,level_6_halt_dd_-0.215,,,
HST,2022-08-08,cpr_narrow_bullish,level_6_halt_dd_-0.215,,,
CERN,2022-08-09,ichimoku_cloud_breakout,level_6_halt_dd_-0.215,,,
CG,2022-08-09,pivot_r1_breakout,level_6_halt_dd_-0.215,,,
LCID,2022-08-09,bollinger_tight,level_6_halt_dd_-0.215,,,
HBAN,2022-08-09,cpr_narrow_bullish,level_6_halt_dd_-0.215,,,
RF,2022-08-09,cpr_narrow_bullish,level_6_halt_dd_-0.215,,,
IFF,2022-08-09,cpr_narrow_bullish,level_6_halt_dd_-0.215,,,
HST,2022-08-09,cpr_narrow_bullish,level_6_halt_dd_-0.215,,,
RKLB,2022-08-09,hull_rsi,level_6_halt_dd_-0.215,,,
SGH,2022-08-09,supertrend_macd,level_6_halt_dd_-0.215,,,
BHVN,2022-08-09,cpr_narrow_bullish,level_6_halt_dd_-0.215,,,
CERN,2022-08-10,ichimoku_cloud_breakout,level_6_halt_dd_-0.215,,,
BAM,2022-08-10,pivot_r1_breakout,level_6_halt_dd_-0.215,,,
RKLB,2022-08-10,pivot_r1_breakout,level_6_halt_dd_-0.215,,,
HBAN,2022-08-10,hull_rsi,level_6_halt_dd_-0.215,,,
CSX,2022-08-10,cpr_narrow_bullish,level_6_halt_dd_-0.215,,,
RF,2022-08-10,macd_fast_crossover,level_6_halt_dd_-0.215,,,
FLR,2022-08-10,cpr_narrow_bullish,level_6_halt_dd_-0.215,,,
BAC,2022-08-10,pivot_r1_breakout,level_6_halt_dd_-0.215,,,
GNRC,2022-08-10,cpr_narrow_bullish,level_6_halt_dd_-0.215,,,
BDX,2022-08-10,cpr_narrow_bullish,level_6_halt_dd_-0.215,,,
CERN,2022-08-11,ichimoku_cloud_breakout,level_6_halt_dd_-0.215,,,
BAM,2022-08-11,cpr_narrow_bullish,level_6_halt_dd_-0.215,,,
RF,2022-08-11,cpr_narrow_bullish,level_6_halt_dd_-0.215,,,
HST,2022-08-11,cpr_narrow_bullish,level_6_halt_dd_-0.215,,,
HBAN,2022-08-11,cpr_narrow_bullish,level_6_halt_dd_-0.215,,,
BDX,2022-08-11,cpr_narrow_bullish,level_6_halt_dd_-0.215,,,
FOX,2022-08-11,pivot_r1_breakout,level_6_halt_dd_-0.215,,,
RKLB,2022-08-11,cpr_narrow_bullish,level_6_halt_dd_-0.215,,,
CSX,2022-08-11,cpr_narrow_bullish,level_6_halt_dd_-0.215,,,
WMB,2022-08-11,cpr_narrow_bullish,level_6_halt_dd_-0.215,,,
CERN,2022-08-12,ichimoku_cloud_breakout,level_6_halt_dd_-0.215,,,
RKLB,2022-08-12,pivot_r1_breakout,level_6_halt_dd_-0.215,,,
HBAN,2022-08-12,cpr_narrow_bullish,level_6_halt_dd_-0.215,,,
BDX,2022-08-12,cpr_narrow_bullish,level_6_halt_dd_-0.215,,,
HST,2022-08-12,cpr_narrow_bullish,level_6_halt_dd_-0.215,,,
BAM,2022-08-12,cpr_narrow_bullish,level_6_halt_dd_-0.215,,,
CCEP,2022-08-12,cpr_narrow_bullish,level_6_halt_dd_-0.215,,,
RF,2022-08-12,cpr_narrow_bullish,level_6_halt_dd_-0.215,,,
JCI,2022-08-12,cpr_narrow_bullish,level_6_halt_dd_-0.215,,,
CSX,2022-08-12,hull_rsi,level_6_halt_dd_-0.215,,,
CERN,2022-08-15,ichimoku_cloud_breakout,level_6_halt_dd_-0.215,,,
BDX,2022-08-15,cpr_narrow_bullish,level_6_halt_dd_-0.215,,,
HBAN,2022-08-15,cpr_narrow_bullish,level_6_halt_dd_-0.215,,,
JCI,2022-08-15,hull_rsi,level_6_halt_dd_-0.215,,,
RKLB,2022-08-15,hull_rsi,level_6_halt_dd_-0.215,,,
BHVN,2022-08-15,cpr_narrow_bullish,level_6_halt_dd_-0.215,,,
FOX,2022-08-15,hull_rsi,level_6_halt_dd_-0.215,,,
CSX,2022-08-15,hull_rsi,level_6_halt_dd_-0.215,,,
NVDA,2022-08-15,macd_crossover,level_6_halt_dd_-0.215,,,
SWIM,2022-08-15,cpr_narrow_bullish,level_6_halt_dd_-0.215,,,
CERN,2022-08-16,ichimoku_cloud_breakout,level_6_halt_dd_-0.215,,,
BHVN,2022-08-16,cpr_narrow_bullish,level_6_halt_dd_-0.215,,,
HST,2022-08-16,pivot_r1_breakout,level_6_halt_dd_-0.215,,,
CSX,2022-08-16,cpr_narrow_bullish,level_6_halt_dd_-0.215,,,
RF,2022-08-16,cpr_narrow_bullish,level_6_halt_dd_-0.215,,,
HBAN,2022-08-16,cpr_narrow_bullish,level_6_halt_dd_-0.215,,,
BAC,2022-08-16,cpr_narrow_bullish,level_6_halt_dd_-0.215,,,
JCI,2022-08-16,cpr_narrow_bullish,level_6_halt_dd_-0.215,,,
FLR,2022-08-16,cpr_narrow_bullish,level_6_halt_dd_-0.215,,,
BDX,2022-08-16,cpr_narrow_bullish,level_6_halt_dd_-0.215,,,
CERN,2022-08-17,ichimoku_cloud_breakout,level_6_halt_dd_-0.215,,,
BHVN,2022-08-17,pivot_s1_bounce,level_6_halt_dd_-0.215,,,
RKLB,2022-08-17,ichimoku_cloud_breakout,level_6_halt_dd_-0.215,,,
CSX,2022-08-17,cpr_narrow_bullish,level_6_halt_dd_-0.215,,,
HBAN,2022-08-17,ichimoku_cloud_breakout,level_6_halt_dd_-0.215,,,
UUUU,2022-08-17,cpr_narrow_bullish,level_6_halt_dd_-0.215,,,
CG,2022-08-17,cpr_narrow_bullish,level_6_halt_dd_-0.215,,,
BAM,2022-08-17,ichimoku_cloud_breakout,level_6_halt_dd_-0.215,,,
PSX,2022-08-17,cpr_narrow_bullish,level_6_halt_dd_-0.215,,,
HST,2022-08-17,ichimoku_cloud_breakout,level_6_halt_dd_-0.215,,,
CERN,2022-08-18,ichimoku_cloud_breakout,level_6_halt_dd_-0.215,,,
HST,2022-08-18,cpr_narrow_bullish,level_6_halt_dd_-0.215,,,
JCI,2022-08-18,cpr_narrow_bullish,level_6_halt_dd_-0.215,,,
RF,2022-08-18,cpr_narrow_bullish,level_6_halt_dd_-0.215,,,
XLE,2022-08-18,cpr_narrow_bullish,level_6_halt_dd_-0.215,,,
CSX,2022-08-18,cpr_narrow_bullish,level_6_halt_dd_-0.215,,,
WMB,2022-08-18,cpr_narrow_bullish,level_6_halt_dd_-0.215,,,
AOS,2022-08-18,cpr_narrow_bullish,level_6_halt_dd_-0.215,,,
HBAN,2022-08-18,cpr_narrow_bullish,level_6_halt_dd_-0.215,,,
BAC,2022-08-18,ichimoku_cloud_breakout,level_6_halt_dd_-0.215,,,
CERN,2022-08-19,ichimoku_cloud_breakout,level_6_halt_dd_-0.215,,,
HOLX,2022-08-19,cpr_narrow_bullish,level_6_halt_dd_-0.215,,,
LCID,2022-08-19,bollinger_lower,level_6_halt_dd_-0.215,,,
JCI,2022-08-19,ichimoku_cloud_breakout,level_6_halt_dd_-0.215,,,
HBAN,2022-08-19,ichimoku_cloud_breakout,level_6_halt_dd_-0.215,,,
BHVN,2022-08-19,cpr_narrow_bullish,level_6_halt_dd_-0.215,,,
HST,2022-08-19,ichimoku_cloud_breakout,level_6_halt_dd_-0.215,,,
RF,2022-08-19,ichimoku_cloud_breakout,level_6_halt_dd_-0.215,,,
BAC,2022-08-19,ichimoku_cloud_breakout,level_6_halt_dd_-0.215,,,
NVDA,2022-08-19,cpr_narrow_bullish,level_6_halt_dd_-0.215,,,
CERN,2022-08-22,ichimoku_cloud_breakout,level_6_halt_dd_-0.212,,,
UUUU,2022-08-22,pivot_s2_bounce,level_6_halt_dd_-0.212,,,
VET,2022-08-22,cpr_narrow_bullish,level_6_halt_dd_-0.212,,,
HBAN,2022-08-22,ichimoku_cloud_breakout,level_6_halt_dd_-0.212,,,
CG,2022-08-22,stochrsi_oversold,level_6_halt_dd_-0.212,,,
JCI,2022-08-22,ichimoku_cloud_breakout,level_6_halt_dd_-0.212,,,
CCEP,2022-08-22,bollinger_tight,level_6_halt_dd_-0.212,,,
IFF,2022-08-22,bollinger_lower,level_6_halt_dd_-0.212,,,
HST,2022-08-22,ichimoku_cloud_breakout,level_6_halt_dd_-0.212,,,
BHVN,2022-08-22,pivot_s1_bounce,level_6_halt_dd_-0.212,,,
CERN,2022-08-23,ichimoku_cloud_breakout,level_6_halt_dd_-0.212,,,
HOLX,2022-08-23,bollinger_tight,level_6_halt_dd_-0.212,,,
PSX,2022-08-23,cpr_narrow_bullish,level_6_halt_dd_-0.212,,,
IFF,2022-08-23,bollinger_lower,level_6_halt_dd_-0.212,,,
BAC,2022-08-23,ichimoku_cloud_breakout,level_6_halt_dd_-0.212,,,
HST,2022-08-23,stochrsi_oversold,level_6_halt_dd_-0.212,,,
RKLB,2022-08-23,adx_initiation,level_6_halt_dd_-0.212,,,
LCID,2022-08-23,bollinger_lower,level_6_halt_dd_-0.212,,,
XLE,2022-08-23,cpr_narrow_bullish,level_6_halt_dd_-0.212,,,
WMB,2022-08-23,cpr_narrow_bullish,level_6_halt_dd_-0.212,,,
CERN,2022-08-24,ichimoku_cloud_breakout,level_6_halt_dd_-0.212,,,
XLE,2022-08-24,cpr_narrow_bullish,level_6_halt_dd_-0.212,,,
UUUU,2022-08-24,cpr_narrow_bullish,level_6_halt_dd_-0.212,,,
VET,2022-08-24,cpr_narrow_bullish,level_6_halt_dd_-0.212,,,
RKLB,2022-08-24,ichimoku_cloud_breakout,level_6_halt_dd_-0.212,,,
CCEP,2022-08-24,stochrsi_oversold,level_6_halt_dd_-0.212,,,
WMB,2022-08-24,cpr_narrow_bullish,level_6_halt_dd_-0.212,,,
PSX,2022-08-24,cpr_narrow_bullish,level_6_halt_dd_-0.212,,,
BDX,2022-08-24,cpr_narrow_bullish,level_6_halt_dd_-0.212,,,
REZI,2022-08-24,stochrsi_oversold,level_6_halt_dd_-0.212,,,
CERN,2022-08-25,ichimoku_cloud_breakout,level_6_halt_dd_-0.212,,,
BHVN,2022-08-25,pivot_r2_continuation,level_6_halt_dd_-0.212,,,
VET,2022-08-25,cpr_narrow_bullish,level_6_halt_dd_-0.212,,,
XLE,2022-08-25,cpr_narrow_bullish,level_6_halt_dd_-0.212,,,
CCEP,2022-08-25,stochrsi_oversold,level_6_halt_dd_-0.212,,,
PSX,2022-08-25,cpr_narrow_bullish,level_6_halt_dd_-0.212,,,
RKLB,2022-08-25,cpr_narrow_bullish,level_6_halt_dd_-0.212,,,
UUUU,2022-08-25,macd_crossover,level_6_halt_dd_-0.212,,,
FLR,2022-08-25,cpr_narrow_bullish,level_6_halt_dd_-0.212,,,
WMB,2022-08-25,hull_rsi,level_6_halt_dd_-0.212,,,
CERN,2022-08-26,ichimoku_cloud_breakout,level_6_halt_dd_-0.212,,,
BDX,2022-08-26,williams_r_oversold,level_6_halt_dd_-0.212,,,
RKLB,2022-08-26,ichimoku_cloud_breakout,level_6_halt_dd_-0.212,,,
CSX,2022-08-26,ichimoku_cloud_breakout,level_6_halt_dd_-0.212,,,
SWIM,2022-08-26,cpr_narrow_bullish,level_6_halt_dd_-0.212,,,
AOS,2022-08-26,bollinger_lower,level_6_halt_dd_-0.212,,,
BAM,2022-08-26,bollinger_tight,level_6_halt_dd_-0.212,,,
HST,2022-08-26,ichimoku_cloud_breakout,level_6_halt_dd_-0.212,,,
CCEP,2022-08-26,bollinger_lower,level_6_halt_dd_-0.212,,,
HOLX,2022-08-26,bollinger_lower,level_6_halt_dd_-0.212,,,
CERN,2022-08-29,ichimoku_cloud_breakout,level_6_halt_dd_-0.212,,,
CCEP,2022-08-29,bollinger_lower,level_6_halt_dd_-0.212,,,
UUUU,2022-08-29,pivot_r1_breakout,level_6_halt_dd_-0.212,,,
BHVN,2022-08-29,ichimoku_cloud_breakout,level_6_halt_dd_-0.212,,,
XLE,2022-08-29,cpr_narrow_bullish,level_6_halt_dd_-0.212,,,
RKLB,2022-08-29,ichimoku_cloud_breakout,level_6_halt_dd_-0.212,,,
NVDA,2022-08-29,stochrsi_oversold,level_6_halt_dd_-0.212,,,
VET,2022-08-29,hull_rsi,level_6_halt_dd_-0.212,,,
BDX,2022-08-29,williams_r_oversold,level_6_halt_dd_-0.212,,,
RF,2022-08-29,williams_r_oversold,level_6_halt_dd_-0.212,,,
CERN,2022-08-30,ichimoku_cloud_breakout,level_6_halt_dd_-0.212,,,
BHVN,2022-08-30,macd_crossover,level_6_halt_dd_-0.212,,,
BDX,2022-08-30,williams_r_oversold,level_6_halt_dd_-0.212,,,
AOS,2022-08-30,cmf_flip,level_6_halt_dd_-0.212,,,
LCID,2022-08-30,bollinger_tight,level_6_halt_dd_-0.212,,,
HOLX,2022-08-30,bollinger_lower,level_6_halt_dd_-0.212,,,
GNRC,2022-08-30,bollinger_lower,level_6_halt_dd_-0.212,,,
CSX,2022-08-30,ichimoku_cloud_breakout,level_6_halt_dd_-0.212,,,
RF,2022-08-30,williams_r_oversold,level_6_halt_dd_-0.212,,,
HBAN,2022-08-30,ichimoku_cloud_breakout,level_6_halt_dd_-0.212,,,
CERN,2022-08-31,ichimoku_cloud_breakout,level_6_halt_dd_-0.200,,,
AOS,2022-08-31,bollinger_lower,level_6_halt_dd_-0.200,,,
AWK,2022-08-31,bollinger_lower,level_6_halt_dd_-0.200,,,
IFF,2022-08-31,bollinger_tight,level_6_halt_dd_-0.200,,,
BHVN,2022-08-31,cpr_narrow_bullish,level_6_halt_dd_-0.200,,,
REZI,2022-08-31,bollinger_tight,level_6_halt_dd_-0.200,,,
NVDA,2022-08-31,bollinger_lower,level_6_halt_dd_-0.200,,,
BAM,2022-08-31,bollinger_tight,level_6_halt_dd_-0.200,,,
GNRC,2022-08-31,bollinger_tight,level_6_halt_dd_-0.200,,,
UUUU,2022-08-31,cpr_narrow_bullish,level_6_halt_dd_-0.200,,,
CERN,2022-09-01,ichimoku_cloud_breakout,level_6_halt_dd_-0.184,,,
NVDA,2022-09-01,bollinger_lower,level_6_halt_dd_-0.184,,,
HST,2022-09-01,cmf_flip,level_6_halt_dd_-0.184,,,
BHVN,2022-09-01,pivot_r2_continuation,level_6_halt_dd_-0.184,,,
CCEP,2022-09-01,bollinger_tight,level_6_halt_dd_-0.184,,,
SGH,2022-09-01,bollinger_lower,level_6_halt_dd_-0.184,,,
BAM,2022-09-01,pivot_s2_bounce,level_6_halt_dd_-0.184,,,
CSX,2022-09-01,bollinger_tight,level_6_halt_dd_-0.184,,,
IFF,2022-09-01,bollinger_tight,level_6_halt_dd_-0.184,,,
AOS,2022-09-01,bollinger_tight,level_6_halt_dd_-0.184,,,
CERN,2022-09-02,ichimoku_cloud_breakout,level_6_halt_dd_-0.184,,,
BHVN,2022-09-02,cpr_narrow_bullish,level_6_halt_dd_-0.184,,,
CSX,2022-09-02,bollinger_tight,level_6_halt_dd_-0.184,,,
HST,2022-09-02,stochrsi_oversold,level_6_halt_dd_-0.184,,,
SGH,2022-09-02,bollinger_lower,level_6_halt_dd_-0.184,,,
NVDA,2022-09-02,bollinger_lower,level_6_halt_dd_-0.184,,,
FLR,2022-09-02,williams_r_oversold,level_6_halt_dd_-0.184,,,
IFF,2022-09-02,bollinger_tight,level_6_halt_dd_-0.184,,,
CCEP,2022-09-02,bollinger_tight,level_6_halt_dd_-0.184,,,
RF,2022-09-02,adx_initiation,level_6_halt_dd_-0.184,,,
CERN,2022-09-05,ichimoku_cloud_breakout,level_6_halt_dd_-0.184,,,
BHVN,2022-09-05,cpr_narrow_bullish,level_6_halt_dd_-0.184,,,
CSX,2022-09-05,bollinger_tight,level_6_halt_dd_-0.184,,,
HST,2022-09-05,stochrsi_oversold,level_6_halt_dd_-0.184,,,
SGH,2022-09-05,bollinger_lower,level_6_halt_dd_-0.184,,,
NVDA,2022-09-05,bollinger_lower,level_6_halt_dd_-0.184,,,
FLR,2022-09-05,williams_r_oversold,level_6_halt_dd_-0.184,,,
IFF,2022-09-05,bollinger_tight,level_6_halt_dd_-0.184,,,
CCEP,2022-09-05,bollinger_tight,level_6_halt_dd_-0.184,,,
RF,2022-09-05,adx_initiation,level_6_halt_dd_-0.184,,,
CERN,2022-09-06,(any),ticker_already_open_concurrent_block_bug61,,,
CG,2022-09-06,bollinger_tight,dedup_one_position_per_ticker_per_day,,,
CG,2022-09-06,pivot_r1_breakout,dedup_one_position_per_ticker_per_day,,,
CG,2022-09-06,cpr_narrow_bullish,dedup_one_position_per_ticker_per_day,,,
CG,2022-09-06,prev_day_high_break,dedup_one_position_per_ticker_per_day,,,
CG,2022-09-06,hull_rsi,dedup_one_position_per_ticker_per_day,,,
CG,2022-09-06,cpr_narrow_momentum,dedup_one_position_per_ticker_per_day,,,
CG,2022-09-06,hull_rsi_short,dedup_one_position_per_ticker_per_day,,,
CG,2022-09-06,prev_day_low_breakdown,dedup_one_position_per_ticker_per_day,,,
CG,2022-09-06,cpr_narrow_momentum_short,dedup_one_position_per_ticker_per_day,,,
CG,2022-09-06,r1_break_retest,dedup_one_position_per_ticker_per_day,,,
CG,2022-09-06,break_retest_confluence,dedup_one_position_per_ticker_per_day,,,
CG,2022-09-06,lead_lag_sector_rotation,dedup_one_position_per_ticker_per_day,,,
FOX,2022-09-06,(any),stopout_cooldown_active_5d_dec018,,,
HST,2022-09-06,bollinger_tight,dedup_one_position_per_ticker_per_day,,,
HST,2022-09-06,cpr_narrow_bullish,dedup_one_position_per_ticker_per_day,,,
HST,2022-09-06,hull_rsi,dedup_one_position_per_ticker_per_day,,,
HST,2022-09-06,adx_initiation,dedup_one_position_per_ticker_per_day,,,
HST,2022-09-06,cpr_narrow_momentum,dedup_one_position_per_ticker_per_day,,,
HST,2022-09-06,hull_rsi_short,dedup_one_position_per_ticker_per_day,,,
HST,2022-09-06,cpr_narrow_momentum_short,dedup_one_position_per_ticker_per_day,,,
HST,2022-09-06,r1_break_retest,dedup_one_position_per_ticker_per_day,,,
HST,2022-09-06,break_retest_confluence,dedup_one_position_per_ticker_per_day,,,
BAM,2022-09-06,bollinger_tight,dedup_one_position_per_ticker_per_day,,,
BAM,2022-09-06,williams_stoch_dual,dedup_one_position_per_ticker_per_day,,,
BAM,2022-09-06,cpr_narrow_bullish,dedup_one_position_per_ticker_per_day,,,
BAM,2022-09-06,hull_rsi,dedup_one_position_per_ticker_per_day,,,
BAM,2022-09-06,cpr_narrow_momentum,dedup_one_position_per_ticker_per_day,,,
BAM,2022-09-06,hull_rsi_short,dedup_one_position_per_ticker_per_day,,,
BAM,2022-09-06,cpr_narrow_momentum_short,dedup_one_position_per_ticker_per_day,,,
BAM,2022-09-06,break_retest_confluence,dedup_one_position_per_ticker_per_day,,,
BAM,2022-09-06,lead_lag_sector_rotation,dedup_one_position_per_ticker_per_day,,,
HBAN,2022-09-06,bollinger_tight,dedup_one_position_per_ticker_per_day,,,
HBAN,2022-09-06,williams_stoch_dual,dedup_one_position_per_ticker_per_day,,,
HBAN,2022-09-06,cpr_narrow_bullish,dedup_one_position_per_ticker_per_day,,,
HBAN,2022-09-06,prev_day_high_break,dedup_one_position_per_ticker_per_day,,,
HBAN,2022-09-06,hull_rsi,dedup_one_position_per_ticker_per_day,,,
HBAN,2022-09-06,cpr_narrow_momentum,dedup_one_position_per_ticker_per_day,,,
HBAN,2022-09-06,hull_rsi_short,dedup_one_position_per_ticker_per_day,,,
HBAN,2022-09-06,prev_day_low_breakdown,dedup_one_position_per_ticker_per_day,,,
HBAN,2022-09-06,cpr_narrow_momentum_short,dedup_one_position_per_ticker_per_day,,,
BHVN,2022-09-06,(any),ticker_already_open_concurrent_block_bug61,,,
CCEP,2022-09-06,cpr_narrow_bullish,dedup_one_position_per_ticker_per_day,,,
CCEP,2022-09-06,hull_rsi,dedup_one_position_per_ticker_per_day,,,
CCEP,2022-09-06,ichimoku_cloud_breakout,dedup_one_position_per_ticker_per_day,,,
CCEP,2022-09-06,cpr_narrow_momentum,dedup_one_position_per_ticker_per_day,,,
CCEP,2022-09-06,hull_rsi_short,dedup_one_position_per_ticker_per_day,,,
CCEP,2022-09-06,cpr_narrow_momentum_short,dedup_one_position_per_ticker_per_day,,,
CCEP,2022-09-06,r1_break_retest,dedup_one_position_per_ticker_per_day,,,
CCEP,2022-09-06,break_retest_confluence,dedup_one_position_per_ticker_per_day,,,
LCID,2022-09-06,williams_stoch_dual,dedup_one_position_per_ticker_per_day,,,
LCID,2022-09-06,cpr_narrow_bullish,dedup_one_position_per_ticker_per_day,,,
LCID,2022-09-06,hull_rsi,dedup_one_position_per_ticker_per_day,,,
LCID,2022-09-06,cpr_narrow_momentum,dedup_one_position_per_ticker_per_day,,,
LCID,2022-09-06,hull_rsi_short,dedup_one_position_per_ticker_per_day,,,
LCID,2022-09-06,cpr_narrow_momentum_short,dedup_one_position_per_ticker_per_day,,,
LCID,2022-09-06,r1_break_retest,dedup_one_position_per_ticker_per_day,,,
LCID,2022-09-06,break_retest_confluence,dedup_one_position_per_ticker_per_day,,,
WMB,2022-09-06,(any),ticker_already_open_concurrent_block_bug61,,,
BHVN,2022-09-07,(any),ticker_already_open_concurrent_block_bug61,,,
CERN,2022-09-07,(any),ticker_already_open_concurrent_block_bug61,,,
SWIM,2022-09-07,pivot_r1_breakout,dedup_one_position_per_ticker_per_day,,,
SWIM,2022-09-07,cpr_narrow_bullish,dedup_one_position_per_ticker_per_day,,,
SWIM,2022-09-07,camarilla_r3_breakout,dedup_one_position_per_ticker_per_day,,,
SWIM,2022-09-07,prev_day_high_break,dedup_one_position_per_ticker_per_day,,,
SWIM,2022-09-07,hull_rsi,dedup_one_position_per_ticker_per_day,,,
SWIM,2022-09-07,tema_dema,dedup_one_position_per_ticker_per_day,,,
SWIM,2022-09-07,cpr_narrow_momentum,dedup_one_position_per_ticker_per_day,,,
SWIM,2022-09-07,hull_rsi_short,dedup_one_position_per_ticker_per_day,,,
SWIM,2022-09-07,prev_day_low_breakdown,dedup_one_position_per_ticker_per_day,,,
SWIM,2022-09-07,cpr_narrow_momentum_short,dedup_one_position_per_ticker_per_day,,,
SWIM,2022-09-07,r1_break_retest,dedup_one_position_per_ticker_per_day,,,
SWIM,2022-09-07,break_retest_volume,dedup_one_position_per_ticker_per_day,,,
SWIM,2022-09-07,break_retest_confluence,dedup_one_position_per_ticker_per_day,,,
PSX,2022-09-07,cpr_narrow_bullish,dedup_one_position_per_ticker_per_day,,,
PSX,2022-09-07,hull_rsi,dedup_one_position_per_ticker_per_day,,,
PSX,2022-09-07,awesome_oscillator,dedup_one_position_per_ticker_per_day,,,
PSX,2022-09-07,tema_dema,dedup_one_position_per_ticker_per_day,,,
PSX,2022-09-07,cpr_narrow_momentum,dedup_one_position_per_ticker_per_day,,,
PSX,2022-09-07,hull_rsi_short,dedup_one_position_per_ticker_per_day,,,
PSX,2022-09-07,cpr_narrow_momentum_short,dedup_one_position_per_ticker_per_day,,,
WMB,2022-09-07,(any),ticker_already_open_concurrent_block_bug61,,,
LCID,2022-09-07,(any),ticker_already_open_concurrent_block_bug61,,,
XLE,2022-09-07,cpr_narrow_bullish,dedup_one_position_per_ticker_per_day,,,
XLE,2022-09-07,hull_rsi,dedup_one_position_per_ticker_per_day,,,
XLE,2022-09-07,cpr_narrow_momentum,dedup_one_position_per_ticker_per_day,,,
XLE,2022-09-07,hull_rsi_short,dedup_one_position_per_ticker_per_day,,,
XLE,2022-09-07,cpr_narrow_momentum_short,dedup_one_position_per_ticker_per_day,,,
BDX,2022-09-07,(any),ticker_already_open_concurrent_block_bug61,,,
VET,2022-09-07,bollinger_tight,dedup_one_position_per_ticker_per_day,,,
VET,2022-09-07,pivot_r1_breakout,dedup_one_position_per_ticker_per_day,,,
VET,2022-09-07,hull_rsi,dedup_one_position_per_ticker_per_day,,,
VET,2022-09-07,hull_rsi_short,dedup_one_position_per_ticker_per_day,,,
SGH,2022-09-07,bollinger_tight,dedup_one_position_per_ticker_per_day,,,
SGH,2022-09-07,hull_rsi,dedup_one_position_per_ticker_per_day,,,
SGH,2022-09-07,hull_rsi_short,dedup_one_position_per_ticker_per_day,,,
SGH,2022-09-07,break_retest_confluence,dedup_one_position_per_ticker_per_day,,,
BHVN,2022-09-08,(any),ticker_already_open_concurrent_block_bug61,,,
CERN,2022-09-08,(any),ticker_already_open_concurrent_block_bug61,,,
WMB,2022-09-08,(any),stopout_cooldown_active_5d_dec018,,,
UUUU,2022-09-08,ichimoku_cloud_breakout,dedup_one_position_per_ticker_per_day,,,
UUUU,2022-09-08,adx_initiation,dedup_one_position_per_ticker_per_day,,,
UUUU,2022-09-08,supertrend_macd,dedup_one_position_per_ticker_per_day,,,
UUUU,2022-09-08,cpr_narrow_momentum,dedup_one_position_per_ticker_per_day,,,
UUUU,2022-09-08,r1_break_retest,dedup_one_position_per_ticker_per_day,,,
UUUU,2022-09-08,break_retest_confluence,dedup_one_position_per_ticker_per_day,,,
HBAN,2022-09-08,(any),ticker_already_open_concurrent_block_bug61,,,
PSX,2022-09-08,(any),ticker_already_open_concurrent_block_bug61,,,
SWIM,2022-09-08,(any),ticker_already_open_concurrent_block_bug61,,,
REZI,2022-09-08,cpr_narrow_bullish,dedup_one_position_per_ticker_per_day,,,
REZI,2022-09-08,cpr_narrow_momentum,dedup_one_position_per_ticker_per_day,,,
REZI,2022-09-08,cpr_narrow_momentum_short,dedup_one_position_per_ticker_per_day,,,
REZI,2022-09-08,break_retest_confluence,dedup_one_position_per_ticker_per_day,,,
BDX,2022-09-08,(any),ticker_already_open_concurrent_block_bug61,,,
AWK,2022-09-08,(any),ticker_already_open_concurrent_block_bug61,,,
CERN,2022-09-09,(any),ticker_already_open_concurrent_block_bug61,,,
BHVN,2022-09-09,(any),ticker_already_open_concurrent_block_bug61,,,
AOS,2022-09-09,cpr_narrow_bullish,dedup_one_position_per_ticker_per_day,,,
AOS,2022-09-09,camarilla_r3_breakout,dedup_one_position_per_ticker_per_day,,,
AOS,2022-09-09,cpr_narrow_momentum,dedup_one_position_per_ticker_per_day,,,
AOS,2022-09-09,cpr_narrow_momentum_short,dedup_one_position_per_ticker_per_day,,,
AOS,2022-09-09,break_retest_volume,dedup_one_position_per_ticker_per_day,,,
AOS,2022-09-09,break_retest_confluence,dedup_one_position_per_ticker_per_day,,,
AOS,2022-09-09,lead_lag_sector_rotation,dedup_one_position_per_ticker_per_day,,,
HST,2022-09-09,(any),ticker_already_open_concurrent_block_bug61,,,
CSX,2022-09-09,(any),ticker_already_open_concurrent_block_bug61,,,
JCI,2022-09-09,(any),ticker_already_open_concurrent_block_bug61,,,
RF,2022-09-09,(any),stopout_cooldown_active_5d_dec018,,,
UUUU,2022-09-09,(any),ticker_already_open_concurrent_block_bug61,,,
REZI,2022-09-09,(any),ticker_already_open_concurrent_block_bug61,,,
WMB,2022-09-09,(any),stopout_cooldown_active_5d_dec018,,,
CERN,2022-09-12,(any),ticker_already_open_concurrent_block_bug61,,,
BHVN,2022-09-12,(any),ticker_already_open_concurrent_block_bug61,,,
HBAN,2022-09-12,(any),ticker_already_open_concurrent_block_bug61,,,
JCI,2022-09-12,(any),ticker_already_open_concurrent_block_bug61,,,
AWK,2022-09-12,(any),ticker_already_open_concurrent_block_bug61,,,
LCID,2022-09-12,(any),ticker_already_open_concurrent_block_bug61,,,
IFF,2022-09-12,cpr_narrow_bullish,dedup_one_position_per_ticker_per_day,,,
IFF,2022-09-12,macd_crossover,dedup_one_position_per_ticker_per_day,,,
IFF,2022-09-12,hull_rsi,dedup_one_position_per_ticker_per_day,,,
IFF,2022-09-12,roc_burst,dedup_one_position_per_ticker_per_day,,,
IFF,2022-09-12,supertrend_macd,dedup_one_position_per_ticker_per_day,,,
IFF,2022-09-12,cpr_narrow_momentum,dedup_one_position_per_ticker_per_day,,,
IFF,2022-09-12,williams_r_oversold,dedup_one_position_per_ticker_per_day,,,
BAC,2022-09-12,macd_crossover,dedup_one_position_per_ticker_per_day,,,
BAC,2022-09-12,hull_rsi,dedup_one_position_per_ticker_per_day,,,
BAC,2022-09-12,golden_cross_9_21,dedup_one_position_per_ticker_per_day,,,
BAC,2022-09-12,macd_ichimoku,dedup_one_position_per_ticker_per_day,,,
BAC,2022-09-12,cpr_narrow_momentum,dedup_one_position_per_ticker_per_day,,,
BAC,2022-09-12,morning_star,dedup_one_position_per_ticker_per_day,,,
BDX,2022-09-12,(any),ticker_already_open_concurrent_block_bug61,,,
AOS,2022-09-12,(any),ticker_already_open_concurrent_block_bug61,,,
CERN,2022-09-13,(any),ticker_already_open_concurrent_block_bug61,,,
GNRC,2022-09-13,bollinger_tight,EVENT_SUPPRESSION_CPI_d0_dec348,,,
GNRC,2022-09-13,pivot_r1_breakout,EVENT_SUPPRESSION_CPI_d0_dec348,,,
GNRC,2022-09-13,cpr_narrow_bullish,EVENT_SUPPRESSION_CPI_d0_dec348,,,
GNRC,2022-09-13,camarilla_r3_breakout,EVENT_SUPPRESSION_CPI_d0_dec348,,,
GNRC,2022-09-13,prev_day_high_break,EVENT_SUPPRESSION_CPI_d0_dec348,,,
GNRC,2022-09-13,macd_fast_crossover,EVENT_SUPPRESSION_CPI_d0_dec348,,,
GNRC,2022-09-13,volume_spike_breakout,EVENT_SUPPRESSION_CPI_d0_dec348,,,
GNRC,2022-09-13,donchian_10_breakout,EVENT_SUPPRESSION_CPI_d0_dec348,,,
GNRC,2022-09-13,cpr_narrow_momentum,EVENT_SUPPRESSION_CPI_d0_dec348,,,
GNRC,2022-09-13,donchian_breakdown_short,EVENT_SUPPRESSION_CPI_d0_dec348,,,
GNRC,2022-09-13,prev_day_low_breakdown,EVENT_SUPPRESSION_CPI_d0_dec348,,,
GNRC,2022-09-13,cpr_narrow_momentum_short,EVENT_SUPPRESSION_CPI_d0_dec348,,,
GNRC,2022-09-13,r1_break_retest,EVENT_SUPPRESSION_CPI_d0_dec348,,,
GNRC,2022-09-13,break_retest_volume,EVENT_SUPPRESSION_CPI_d0_dec348,,,
GNRC,2022-09-13,break_retest_confluence,EVENT_SUPPRESSION_CPI_d0_dec348,,,
GNRC,2022-09-13,lead_lag_sector_rotation,EVENT_SUPPRESSION_CPI_d0_dec348,,,
AOS,2022-09-13,(any),ticker_already_open_concurrent_block_bug61,,,
SWIM,2022-09-13,(any),ticker_already_open_concurrent_block_bug61,,,
BHVN,2022-09-13,(any),ticker_already_open_concurrent_block_bug61,,,
CG,2022-09-13,(any),ticker_already_open_concurrent_block_bug61,,,
RF,2022-09-13,pivot_r1_breakout,EVENT_SUPPRESSION_CPI_d0_dec348,,,
RF,2022-09-13,cpr_narrow_bullish,EVENT_SUPPRESSION_CPI_d0_dec348,,,
RF,2022-09-13,prev_day_high_break,EVENT_SUPPRESSION_CPI_d0_dec348,,,
RF,2022-09-13,roc_burst,EVENT_SUPPRESSION_CPI_d0_dec348,,,
RF,2022-09-13,force_index_breakout,EVENT_SUPPRESSION_CPI_d0_dec348,,,
RF,2022-09-13,cpr_narrow_momentum,EVENT_SUPPRESSION_CPI_d0_dec348,,,
RF,2022-09-13,prev_day_low_breakdown,EVENT_SUPPRESSION_CPI_d0_dec348,,,
RF,2022-09-13,cpr_narrow_momentum_short,EVENT_SUPPRESSION_CPI_d0_dec348,,,
RF,2022-09-13,lead_lag_sector_rotation,EVENT_SUPPRESSION_CPI_d0_dec348,,,
NVDA,2022-09-13,pivot_r2_continuation,EVENT_SUPPRESSION_CPI_d0_dec348,,,
NVDA,2022-09-13,cpr_narrow_bullish,EVENT_SUPPRESSION_CPI_d0_dec348,,,
NVDA,2022-09-13,macd_fast_crossover,EVENT_SUPPRESSION_CPI_d0_dec348,,,
NVDA,2022-09-13,ichimoku_cloud_breakout,EVENT_SUPPRESSION_CPI_d0_dec348,,,
NVDA,2022-09-13,adx_initiation,EVENT_SUPPRESSION_CPI_d0_dec348,,,
NVDA,2022-09-13,cpr_narrow_momentum,EVENT_SUPPRESSION_CPI_d0_dec348,,,
NVDA,2022-09-13,cpr_narrow_momentum_short,EVENT_SUPPRESSION_CPI_d0_dec348,,,
NVDA,2022-09-13,r1_break_retest,EVENT_SUPPRESSION_CPI_d0_dec348,,,
NVDA,2022-09-13,break_retest_confluence,EVENT_SUPPRESSION_CPI_d0_dec348,,,
UUUU,2022-09-13,(any),stopout_cooldown_active_5d_dec018,,,
CSX,2022-09-13,(any),ticker_already_open_concurrent_block_bug61,,,
CERN,2022-09-14,(any),ticker_already_open_concurrent_block_bug61,,,
AOS,2022-09-14,(any),ticker_already_open_concurrent_block_bug61,,,
BHVN,2022-09-14,(any),ticker_already_open_concurrent_block_bug61,,,
CSX,2022-09-14,(any),stopout_cooldown_active_5d_dec018,,,
CG,2022-09-14,(any),ticker_already_open_concurrent_block_bug61,,,
REZI,2022-09-14,(any),ticker_already_open_concurrent_block_bug61,,,
IFF,2022-09-14,(any),ticker_already_open_concurrent_block_bug61,,,
UUUU,2022-09-14,(any),stopout_cooldown_active_5d_dec018,,,
LCID,2022-09-14,(any),ticker_already_open_concurrent_block_bug61,,,
GNRC,2022-09-14,prev_day_high_break,dedup_one_position_per_ticker_per_day,,,
GNRC,2022-09-14,hull_rsi,dedup_one_position_per_ticker_per_day,,,
GNRC,2022-09-14,hull_rsi_short,dedup_one_position_per_ticker_per_day,,,
GNRC,2022-09-14,prev_day_low_breakdown,dedup_one_position_per_ticker_per_day,,,
GNRC,2022-09-14,lead_lag_sector_rotation,dedup_one_position_per_ticker_per_day,,,
CSX,2022-09-15,(any),stopout_cooldown_active_5d_dec018,,,
CERN,2022-09-15,(any),ticker_already_open_concurrent_block_bug61,,,
PSX,2022-09-15,(any),ticker_already_open_concurrent_block_bug61,,,
BHVN,2022-09-15,(any),ticker_already_open_concurrent_block_bug61,,,
RKLB,2022-09-15,pivot_r1_breakout,dedup_one_position_per_ticker_per_day,,,
RKLB,2022-09-15,camarilla_r3_breakout,dedup_one_position_per_ticker_per_day,,,
RKLB,2022-09-15,prev_day_high_break,dedup_one_position_per_ticker_per_day,,,
RKLB,2022-09-15,macd_fast_crossover,dedup_one_position_per_ticker_per_day,,,
RKLB,2022-09-15,roc_burst,dedup_one_position_per_ticker_per_day,,,
RKLB,2022-09-15,force_index_breakout,dedup_one_position_per_ticker_per_day,,,
RKLB,2022-09-15,prev_day_low_breakdown,dedup_one_position_per_ticker_per_day,,,
RKLB,2022-09-15,lead_lag_sector_rotation,dedup_one_position_per_ticker_per_day,,,
CG,2022-09-15,(any),ticker_already_open_concurrent_block_bug61,,,
AWK,2022-09-15,(any),ticker_already_open_concurrent_block_bug61,,,
NVDA,2022-09-15,cpr_narrow_bullish,dedup_one_position_per_ticker_per_day,,,
NVDA,2022-09-15,ichimoku_cloud_breakout,dedup_one_position_per_ticker_per_day,,,
NVDA,2022-09-15,adx_initiation,dedup_one_position_per_ticker_per_day,,,
NVDA,2022-09-15,cpr_narrow_momentum,dedup_one_position_per_ticker_per_day,,,
NVDA,2022-09-15,cpr_narrow_momentum_short,dedup_one_position_per_ticker_per_day,,,
NVDA,2022-09-15,r1_break_retest,dedup_one_position_per_ticker_per_day,,,
NVDA,2022-09-15,break_retest_confluence,dedup_one_position_per_ticker_per_day,,,
IFF,2022-09-15,(any),ticker_already_open_concurrent_block_bug61,,,
GNRC,2022-09-15,(any),ticker_already_open_concurrent_block_bug61,,,
CSX,2022-09-16,cmf_flip,level_6_halt_dd_-0.212,,,
CERN,2022-09-16,ichimoku_cloud_breakout,level_6_halt_dd_-0.212,,,
HOLX,2022-09-16,bollinger_tight,level_6_halt_dd_-0.212,,,
GNRC,2022-09-16,stochrsi_oversold,level_6_halt_dd_-0.212,,,
CG,2022-09-16,bollinger_lower,level_6_halt_dd_-0.212,,,
AOS,2022-09-16,bollinger_tight,level_6_halt_dd_-0.212,,,
WMB,2022-09-16,bollinger_lower,level_6_halt_dd_-0.212,,,
PSX,2022-09-16,stochrsi_oversold,level_6_halt_dd_-0.212,,,
JCI,2022-09-16,bollinger_tight,level_6_halt_dd_-0.212,,,
BHVN,2022-09-16,ichimoku_cloud_breakout,level_6_halt_dd_-0.212,,,
CERN,2022-09-19,ichimoku_cloud_breakout,level_6_halt_dd_-0.210,,,
BDX,2022-09-19,bollinger_tight,level_6_halt_dd_-0.210,,,
BHVN,2022-09-19,cpr_narrow_bullish,level_6_halt_dd_-0.210,,,
GNRC,2022-09-19,stochrsi_oversold,level_6_halt_dd_-0.210,,,
SWIM,2022-09-19,bollinger_tight,level_6_halt_dd_-0.210,,,
HOLX,2022-09-19,cmf_flip,level_6_halt_dd_-0.210,,,
BAC,2022-09-19,cpr_narrow_bullish,level_6_halt_dd_-0.210,,,
VET,2022-09-19,bollinger_tight,level_6_halt_dd_-0.210,,,
CSX,2022-09-19,bollinger_tight,level_6_halt_dd_-0.210,,,
FOX,2022-09-19,cpr_narrow_bullish,level_6_halt_dd_-0.210,,,
CERN,2022-09-20,ichimoku_cloud_breakout,level_6_halt_dd_-0.226,,,
GNRC,2022-09-20,bollinger_lower,level_6_halt_dd_-0.226,,,
CSX,2022-09-20,bollinger_tight,level_6_halt_dd_-0.226,,,
IFF,2022-09-20,bollinger_tight,level_6_halt_dd_-0.226,,,
HOLX,2022-09-20,bollinger_lower,level_6_halt_dd_-0.226,,,
CG,2022-09-20,bollinger_lower,level_6_halt_dd_-0.226,,,
BHVN,2022-09-20,ichimoku_cloud_breakout,level_6_halt_dd_-0.226,,,
VET,2022-09-20,stochrsi_oversold,level_6_halt_dd_-0.226,,,
AOS,2022-09-20,bollinger_tight,level_6_halt_dd_-0.226,,,
SWIM,2022-09-20,bollinger_lower,level_6_halt_dd_-0.226,,,
CERN,2022-09-21,ichimoku_cloud_breakout,level_6_halt_dd_-0.224,,,
GNRC,2022-09-21,bollinger_lower,level_6_halt_dd_-0.224,,,
HOLX,2022-09-21,bollinger_lower,level_6_halt_dd_-0.224,,,
IFF,2022-09-21,bollinger_lower,level_6_halt_dd_-0.224,,,
CSX,2022-09-21,bollinger_tight,level_6_halt_dd_-0.224,,,
XLE,2022-09-21,stochrsi_oversold,level_6_halt_dd_-0.224,,,
BDX,2022-09-21,bollinger_lower,level_6_halt_dd_-0.224,,,
RKLB,2022-09-21,bollinger_tight,level_6_halt_dd_-0.224,,,
CG,2022-09-21,bollinger_lower,level_6_halt_dd_-0.224,,,
FOX,2022-09-21,bollinger_tight,level_6_halt_dd_-0.224,,,
CERN,2022-09-22,ichimoku_cloud_breakout,level_6_halt_dd_-0.243,,,
RKLB,2022-09-22,bollinger_lower,level_6_halt_dd_-0.243,,,
NVDA,2022-09-22,williams_stoch_dual,level_6_halt_dd_-0.243,,,
JCI,2022-09-22,bollinger_lower,level_6_halt_dd_-0.243,,,
GNRC,2022-09-22,bollinger_lower,level_6_halt_dd_-0.243,,,
SWIM,2022-09-22,bollinger_lower,level_6_halt_dd_-0.243,,,
HOLX,2022-09-22,bollinger_lower,level_6_halt_dd_-0.243,,,
SGH,2022-09-22,bollinger_tight,level_6_halt_dd_-0.243,,,
UUUU,2022-09-22,stochrsi_oversold,level_6_halt_dd_-0.243,,,
BDX,2022-09-22,bollinger_lower,level_6_halt_dd_-0.243,,,
CERN,2022-09-23,ichimoku_cloud_breakout,level_6_halt_dd_-0.265,,,
BAM,2022-09-23,bollinger_lower,level_6_halt_dd_-0.265,,,
BHVN,2022-09-23,pivot_r2_continuation,level_6_halt_dd_-0.265,,,
PSX,2022-09-23,bollinger_lower,level_6_halt_dd_-0.265,,,
CG,2022-09-23,bollinger_lower,level_6_halt_dd_-0.265,,,
CSX,2022-09-23,bollinger_tight,level_6_halt_dd_-0.265,,,
BDX,2022-09-23,bollinger_lower,level_6_halt_dd_-0.265,,,
LCID,2022-09-23,bollinger_lower,level_6_halt_dd_-0.265,,,
FLR,2022-09-23,bollinger_lower,level_6_halt_dd_-0.265,,,
AOS,2022-09-23,bollinger_tight,level_6_halt_dd_-0.265,,,
CERN,2022-09-26,ichimoku_cloud_breakout,level_6_halt_dd_-0.265,,,
CG,2022-09-26,stochrsi_oversold,level_6_halt_dd_-0.265,,,
AWK,2022-09-26,bollinger_lower,level_6_halt_dd_-0.265,,,
BDX,2022-09-26,bollinger_lower,level_6_halt_dd_-0.265,,,
CCEP,2022-09-26,bollinger_lower,level_6_halt_dd_-0.265,,,
JCI,2022-09-26,bollinger_lower,level_6_halt_dd_-0.265,,,
BAM,2022-09-26,bollinger_lower,level_6_halt_dd_-0.265,,,
BHVN,2022-09-26,cpr_narrow_bullish,level_6_halt_dd_-0.265,,,
XLE,2022-09-26,bollinger_lower,level_6_halt_dd_-0.265,,,
CSX,2022-09-26,bollinger_tight,level_6_halt_dd_-0.265,,,
CERN,2022-09-27,ichimoku_cloud_breakout,level_6_halt_dd_-0.265,,,
BAM,2022-09-27,bollinger_lower,level_6_halt_dd_-0.265,,,
BDX,2022-09-27,bollinger_lower,level_6_halt_dd_-0.265,,,
IFF,2022-09-27,bollinger_tight,level_6_halt_dd_-0.265,,,
BHVN,2022-09-27,cpr_narrow_bullish,level_6_halt_dd_-0.265,,,
FLR,2022-09-27,bollinger_lower,level_6_halt_dd_-0.265,,,
CCEP,2022-09-27,bollinger_lower,level_6_halt_dd_-0.265,,,
CSX,2022-09-27,bollinger_tight,level_6_halt_dd_-0.265,,,
RF,2022-09-27,bollinger_lower,level_6_halt_dd_-0.265,,,
AWK,2022-09-27,bollinger_lower,level_6_halt_dd_-0.265,,,
CERN,2022-09-28,ichimoku_cloud_breakout,level_6_halt_dd_-0.265,,,
RF,2022-09-28,bollinger_tight,level_6_halt_dd_-0.265,,,
BHVN,2022-09-28,hull_rsi,level_6_halt_dd_-0.265,,,
BAM,2022-09-28,bollinger_tight,level_6_halt_dd_-0.265,,,
BDX,2022-09-28,stochrsi_oversold,level_6_halt_dd_-0.265,,,
CSX,2022-09-28,stochrsi_oversold,level_6_halt_dd_-0.265,,,
AWK,2022-09-28,stochrsi_oversold,level_6_halt_dd_-0.265,,,
CCEP,2022-09-28,bollinger_tight,level_6_halt_dd_-0.265,,,
CG,2022-09-28,stochrsi_oversold,level_6_halt_dd_-0.265,,,
NVDA,2022-09-28,macd_crossover,level_6_halt_dd_-0.265,,,
CERN,2022-09-29,ichimoku_cloud_breakout,level_6_halt_dd_-0.271,,,
BAM,2022-09-29,bollinger_tight,level_6_halt_dd_-0.271,,,
CCEP,2022-09-29,cmf_flip,level_6_halt_dd_-0.271,,,
BDX,2022-09-29,bollinger_tight,level_6_halt_dd_-0.271,,,
FOX,2022-09-29,cmf_flip,level_6_halt_dd_-0.271,,,
CG,2022-09-29,bollinger_tight,level_6_halt_dd_-0.271,,,
IFF,2022-09-29,bollinger_tight,level_6_halt_dd_-0.271,,,
AWK,2022-09-29,bollinger_tight,level_6_halt_dd_-0.271,,,
RF,2022-09-29,bollinger_lower,level_6_halt_dd_-0.271,,,
AOS,2022-09-29,bollinger_tight,level_6_halt_dd_-0.271,,,
CERN,2022-09-30,ichimoku_cloud_breakout,level_6_halt_dd_-0.271,,,
AWK,2022-09-30,bollinger_tight,level_6_halt_dd_-0.271,,,
CG,2022-09-30,bollinger_tight,level_6_halt_dd_-0.271,,,
IFF,2022-09-30,bollinger_tight,level_6_halt_dd_-0.271,,,
SWIM,2022-09-30,bollinger_tight,level_6_halt_dd_-0.271,,,
CSX,2022-09-30,bollinger_tight,level_6_halt_dd_-0.271,,,
BDX,2022-09-30,bollinger_tight,level_6_halt_dd_-0.271,,,
SGH,2022-09-30,bollinger_tight,level_6_halt_dd_-0.271,,,
BAM,2022-09-30,bollinger_tight,level_6_halt_dd_-0.271,,,
CCEP,2022-09-30,bollinger_tight,level_6_halt_dd_-0.271,,,
CERN,2022-10-03,ichimoku_cloud_breakout,level_6_halt_dd_-0.271,,,
FLR,2022-10-03,pivot_r1_breakout,level_6_halt_dd_-0.271,,,
BHVN,2022-10-03,cpr_narrow_bullish,level_6_halt_dd_-0.271,,,
PSX,2022-10-03,cpr_narrow_bullish,level_6_halt_dd_-0.271,,,
SWIM,2022-10-03,macd_fast_crossover,level_6_halt_dd_-0.271,,,
WMB,2022-10-03,pivot_r2_continuation,level_6_halt_dd_-0.271,,,
LCID,2022-10-03,stochrsi_oversold,level_6_halt_dd_-0.271,,,
GNRC,2022-10-03,cpr_narrow_bullish,level_6_halt_dd_-0.271,,,
XLE,2022-10-03,cpr_narrow_bullish,level_6_halt_dd_-0.271,,,
CSX,2022-10-03,cmf_flip,level_6_halt_dd_-0.271,,,
BHVN,2022-10-04,bollinger_tight,level_6_halt_dd_-0.366,,,
CERN,2022-10-04,ichimoku_cloud_breakout,level_6_halt_dd_-0.366,,,
AOS,2022-10-04,macd_crossover,level_6_halt_dd_-0.366,,,
PSX,2022-10-04,cpr_narrow_bullish,level_6_halt_dd_-0.366,,,
NVDA,2022-10-04,hull_rsi,level_6_halt_dd_-0.366,,,
CCEP,2022-10-04,macd_crossover,level_6_halt_dd_-0.366,,,
HBAN,2022-10-04,cpr_narrow_bullish,level_6_halt_dd_-0.366,,,
VET,2022-10-04,cpr_narrow_bullish,level_6_halt_dd_-0.366,,,
XLE,2022-10-04,cpr_narrow_bullish,level_6_halt_dd_-0.366,,,
LCID,2022-10-04,macd_crossover,level_6_halt_dd_-0.366,,,
CERN,2022-10-05,ichimoku_cloud_breakout,level_6_halt_dd_-0.366,,,
SGH,2022-10-05,bollinger_tight,level_6_halt_dd_-0.366,,,
BHVN,2022-10-05,pivot_r2_continuation,level_6_halt_dd_-0.366,,,
AWK,2022-10-05,macd_fast_crossover,level_6_halt_dd_-0.366,,,
FLR,2022-10-05,cpr_narrow_bullish,level_6_halt_dd_-0.366,,,
NVDA,2022-10-05,hull_rsi,level_6_halt_dd_-0.366,,,
IFF,2022-10-05,pivot_r2_continuation,level_6_halt_dd_-0.366,,,
CSX,2022-10-05,cpr_narrow_bullish,level_6_halt_dd_-0.366,,,
FOX,2022-10-05,cpr_narrow_bullish,level_6_halt_dd_-0.366,,,
PSX,2022-10-05,hull_rsi,level_6_halt_dd_-0.366,,,
CERN,2022-10-06,ichimoku_cloud_breakout,level_6_halt_dd_-0.366,,,
SGH,2022-10-06,bollinger_lower,level_6_halt_dd_-0.366,,,
BHVN,2022-10-06,stochrsi_oversold,level_6_halt_dd_-0.366,,,
BAM,2022-10-06,pivot_r2_continuation,level_6_halt_dd_-0.366,,,
PSX,2022-10-06,cpr_narrow_bullish,level_6_halt_dd_-0.366,,,
BDX,2022-10-06,pivot_r2_continuation,level_6_halt_dd_-0.366,,,
CSX,2022-10-06,cpr_narrow_bullish,level_6_halt_dd_-0.366,,,
AWK,2022-10-06,cpr_narrow_bullish,level_6_halt_dd_-0.366,,,
FLR,2022-10-06,cpr_narrow_bullish,level_6_halt_dd_-0.366,,,
XLE,2022-10-06,cpr_narrow_bullish,level_6_halt_dd_-0.366,,,
CERN,2022-10-07,ichimoku_cloud_breakout,level_6_halt_dd_-0.366,,,
LCID,2022-10-07,bollinger_tight,level_6_halt_dd_-0.366,,,
SGH,2022-10-07,bollinger_lower,level_6_halt_dd_-0.366,,,
GNRC,2022-10-07,bollinger_tight,level_6_halt_dd_-0.366,,,
BHVN,2022-10-07,stochrsi_oversold,level_6_halt_dd_-0.366,,,
AWK,2022-10-07,bollinger_tight,level_6_halt_dd_-0.366,,,
BAM,2022-10-07,pivot_r2_continuation,level_6_halt_dd_-0.366,,,
IFF,2022-10-07,williams_stoch_dual,level_6_halt_dd_-0.366,,,
PSX,2022-10-07,hull_rsi,level_6_halt_dd_-0.366,,,
NVDA,2022-10-07,supertrend_macd,level_6_halt_dd_-0.366,,,
CERN,2022-10-10,ichimoku_cloud_breakout,level_6_halt_dd_-0.366,,,
BHVN,2022-10-10,bollinger_tight,level_6_halt_dd_-0.366,,,
SGH,2022-10-10,bollinger_lower,level_6_halt_dd_-0.366,,,
BDX,2022-10-10,bollinger_tight,level_6_halt_dd_-0.366,,,
BAM,2022-10-10,williams_stoch_dual,level_6_halt_dd_-0.366,,,
NVDA,2022-10-10,supertrend_macd,level_6_halt_dd_-0.366,,,
GNRC,2022-10-10,bollinger_tight,level_6_halt_dd_-0.366,,,
CSX,2022-10-10,williams_stoch_dual,level_6_halt_dd_-0.366,,,
AWK,2022-10-10,bollinger_tight,level_6_halt_dd_-0.366,,,
HOLX,2022-10-10,bollinger_tight,level_6_halt_dd_-0.366,,,
CERN,2022-10-11,ichimoku_cloud_breakout,level_6_halt_dd_-0.366,,,
BAM,2022-10-11,bollinger_tight,level_6_halt_dd_-0.366,,,
SGH,2022-10-11,bollinger_lower,level_6_halt_dd_-0.366,,,
IFF,2022-10-11,bollinger_tight,level_6_halt_dd_-0.366,,,
CG,2022-10-11,supertrend_macd,level_6_halt_dd_-0.366,,,
GNRC,2022-10-11,bollinger_tight,level_6_halt_dd_-0.366,,,
BAC,2022-10-11,bollinger_tight,level_6_halt_dd_-0.366,,,
NVDA,2022-10-11,supertrend_macd,level_6_halt_dd_-0.366,,,
RF,2022-10-11,stochrsi_oversold,level_6_halt_dd_-0.366,,,
LCID,2022-10-11,bollinger_tight,level_6_halt_dd_-0.366,,,
CERN,2022-10-12,ichimoku_cloud_breakout,level_6_halt_dd_-0.366,,,
BAM,2022-10-12,bollinger_tight,level_6_halt_dd_-0.366,,,
AWK,2022-10-12,bollinger_tight,level_6_halt_dd_-0.366,,,
RKLB,2022-10-12,cpr_narrow_bullish,level_6_halt_dd_-0.366,,,
SGH,2022-10-12,bollinger_tight,level_6_halt_dd_-0.366,,,
BHVN,2022-10-12,stochrsi_oversold,level_6_halt_dd_-0.366,,,
GNRC,2022-10-12,bollinger_tight,level_6_halt_dd_-0.366,,,
HOLX,2022-10-12,bollinger_lower,level_6_halt_dd_-0.366,,,
IFF,2022-10-12,bollinger_tight,level_6_halt_dd_-0.366,,,
NVDA,2022-10-12,supertrend_macd,level_6_halt_dd_-0.366,,,
CERN,2022-10-13,ichimoku_cloud_breakout,level_6_halt_dd_-0.366,,,
GNRC,2022-10-13,bollinger_tight,level_6_halt_dd_-0.366,,,
BHVN,2022-10-13,cpr_narrow_bullish,level_6_halt_dd_-0.366,,,
AOS,2022-10-13,supertrend_macd,level_6_halt_dd_-0.366,,,
HBAN,2022-10-13,cpr_narrow_bullish,level_6_halt_dd_-0.366,,,
PSX,2022-10-13,cpr_narrow_bullish,level_6_halt_dd_-0.366,,,
XLE,2022-10-13,cpr_narrow_bullish,level_6_halt_dd_-0.366,,,
SGH,2022-10-13,bollinger_tight,level_6_halt_dd_-0.366,,,
NVDA,2022-10-13,ppo_crossover,level_6_halt_dd_-0.366,,,
BAM,2022-10-13,hull_rsi,level_6_halt_dd_-0.366,,,
CERN,2022-10-14,ichimoku_cloud_breakout,level_6_halt_dd_-0.366,,,
GNRC,2022-10-14,bollinger_tight,level_6_halt_dd_-0.366,,,
SGH,2022-10-14,bollinger_tight,level_6_halt_dd_-0.366,,,
BHVN,2022-10-14,cpr_narrow_bullish,level_6_halt_dd_-0.366,,,
LCID,2022-10-14,bollinger_lower,level_6_halt_dd_-0.366,,,
BAM,2022-10-14,bollinger_tight,level_6_halt_dd_-0.366,,,
VET,2022-10-14,cpr_narrow_bullish,level_6_halt_dd_-0.366,,,
NVDA,2022-10-14,supertrend_macd,level_6_halt_dd_-0.366,,,
SWIM,2022-10-14,tema_dema,level_6_halt_dd_-0.366,,,
UUUU,2022-10-14,macd_crossover,level_6_halt_dd_-0.366,,,
FOX,2022-10-17,bollinger_lower,level_6_halt_dd_-0.366,,,
CERN,2022-10-17,ichimoku_cloud_breakout,level_6_halt_dd_-0.366,,,
BHVN,2022-10-17,macd_fast_crossover,level_6_halt_dd_-0.366,,,
AOS,2022-10-17,pivot_r1_breakout,level_6_halt_dd_-0.366,,,
BAC,2022-10-17,pivot_r1_breakout,level_6_halt_dd_-0.366,,,
CSX,2022-10-17,hull_rsi,level_6_halt_dd_-0.366,,,
CCEP,2022-10-17,hull_rsi,level_6_halt_dd_-0.366,,,
JCI,2022-10-17,cpr_narrow_bullish,level_6_halt_dd_-0.366,,,
NVDA,2022-10-17,macd_fast_crossover,level_6_halt_dd_-0.366,,,
PSX,2022-10-17,supertrend_macd,level_6_halt_dd_-0.366,,,
CERN,2022-10-18,ichimoku_cloud_breakout,level_6_halt_dd_-0.366,,,
HST,2022-10-18,cpr_narrow_bullish,level_6_halt_dd_-0.366,,,
BHVN,2022-10-18,stochrsi_oversold,level_6_halt_dd_-0.366,,,
CSX,2022-10-18,cpr_narrow_bullish,level_6_halt_dd_-0.366,,,
VET,2022-10-18,morning_star,level_6_halt_dd_-0.366,,,
JCI,2022-10-18,cpr_narrow_bullish,level_6_halt_dd_-0.366,,,
BAC,2022-10-18,pivot_r1_breakout,level_6_halt_dd_-0.366,,,
AOS,2022-10-18,cpr_narrow_bullish,level_6_halt_dd_-0.366,,,
HBAN,2022-10-18,cpr_narrow_bullish,level_6_halt_dd_-0.366,,,
UUUU,2022-10-18,cpr_narrow_bullish,level_6_halt_dd_-0.366,,,
GNRC,2022-10-19,bollinger_tight,level_6_halt_dd_-0.366,,,
CERN,2022-10-19,ichimoku_cloud_breakout,level_6_halt_dd_-0.366,,,
CG,2022-10-19,supertrend_macd,level_6_halt_dd_-0.366,,,
PSX,2022-10-19,cpr_narrow_bullish,level_6_halt_dd_-0.366,,,
BHVN,2022-10-19,stochrsi_oversold,level_6_halt_dd_-0.366,,,
BAC,2022-10-19,hull_rsi,level_6_halt_dd_-0.366,,,
CSX,2022-10-19,hull_rsi,level_6_halt_dd_-0.366,,,
SGH,2022-10-19,cpr_narrow_bullish,level_6_halt_dd_-0.366,,,
BAM,2022-10-19,macd_crossover,level_6_halt_dd_-0.366,,,
XLE,2022-10-19,cpr_narrow_bullish,level_6_halt_dd_-0.366,,,
CERN,2022-10-20,ichimoku_cloud_breakout,level_6_halt_dd_-0.366,,,
GNRC,2022-10-20,bollinger_tight,level_6_halt_dd_-0.366,,,
BAM,2022-10-20,bollinger_tight,level_6_halt_dd_-0.366,,,
HOLX,2022-10-20,bollinger_tight,level_6_halt_dd_-0.366,,,
SGH,2022-10-20,stochrsi_oversold,level_6_halt_dd_-0.366,,,
RF,2022-10-20,bollinger_tight,level_6_halt_dd_-0.366,,,
FOX,2022-10-20,bollinger_tight,level_6_halt_dd_-0.366,,,
UUUU,2022-10-20,cpr_narrow_bullish,level_6_halt_dd_-0.366,,,
BHVN,2022-10-20,stochrsi_oversold,level_6_halt_dd_-0.366,,,
CSX,2022-10-20,supertrend_macd,level_6_halt_dd_-0.366,,,
CERN,2022-10-21,ichimoku_cloud_breakout,level_6_halt_dd_-0.366,,,
RF,2022-10-21,bollinger_tight,level_6_halt_dd_-0.366,,,
GNRC,2022-10-21,stochrsi_oversold,level_6_halt_dd_-0.366,,,
HBAN,2022-10-21,pivot_r1_breakout,level_6_halt_dd_-0.366,,,
BAC,2022-10-21,cpr_narrow_bullish,level_6_halt_dd_-0.366,,,
XLE,2022-10-21,cpr_narrow_bullish,level_6_halt_dd_-0.366,,,
PSX,2022-10-21,cpr_narrow_bullish,level_6_halt_dd_-0.366,,,
WMB,2022-10-21,cpr_narrow_bullish,level_6_halt_dd_-0.366,,,
UUUU,2022-10-21,cpr_narrow_bullish,level_6_halt_dd_-0.366,,,
HST,2022-10-21,cpr_narrow_bullish,level_6_halt_dd_-0.366,,,
CERN,2022-10-24,ichimoku_cloud_breakout,level_6_halt_dd_-0.366,,,
GNRC,2022-10-24,bollinger_tight,level_6_halt_dd_-0.366,,,
BAC,2022-10-24,cpr_narrow_bullish,level_6_halt_dd_-0.366,,,
XLE,2022-10-24,cpr_narrow_bullish,level_6_halt_dd_-0.366,,,
HBAN,2022-10-24,cpr_narrow_bullish,level_6_halt_dd_-0.366,,,
JCI,2022-10-24,cpr_narrow_bullish,level_6_halt_dd_-0.366,,,
PSX,2022-10-24,cpr_narrow_bullish,level_6_halt_dd_-0.366,,,
AWK,2022-10-24,cpr_narrow_bullish,level_6_halt_dd_-0.366,,,
SWIM,2022-10-24,hull_rsi,level_6_halt_dd_-0.366,,,
IFF,2022-10-24,hull_rsi,level_6_halt_dd_-0.366,,,
CERN,2022-10-25,ichimoku_cloud_breakout,level_6_halt_dd_-0.366,,,
REZI,2022-10-25,pivot_r1_breakout,level_6_halt_dd_-0.366,,,
NVDA,2022-10-25,cpr_narrow_bullish,level_6_halt_dd_-0.366,,,
UUUU,2022-10-25,cpr_narrow_bullish,level_6_halt_dd_-0.366,,,
BAC,2022-10-25,cpr_narrow_bullish,level_6_halt_dd_-0.366,,,
HST,2022-10-25,cpr_narrow_bullish,level_6_halt_dd_-0.366,,,
RF,2022-10-25,cpr_narrow_bullish,level_6_halt_dd_-0.366,,,
WMB,2022-10-25,cpr_narrow_bullish,level_6_halt_dd_-0.366,,,
JCI,2022-10-25,pivot_r1_breakout,level_6_halt_dd_-0.366,,,
AWK,2022-10-25,cpr_narrow_bullish,level_6_halt_dd_-0.366,,,
CERN,2022-10-26,ichimoku_cloud_breakout,level_6_halt_dd_-0.366,,,
PSX,2022-10-26,pivot_r2_continuation,level_6_halt_dd_-0.366,,,
XLE,2022-10-26,pivot_r2_continuation,level_6_halt_dd_-0.366,,,
CCEP,2022-10-26,cpr_narrow_bullish,level_6_halt_dd_-0.366,,,
UUUU,2022-10-26,cpr_narrow_bullish,level_6_halt_dd_-0.366,,,
BAC,2022-10-26,cpr_narrow_bullish,level_6_halt_dd_-0.366,,,
SWIM,2022-10-26,cpr_narrow_bullish,level_6_halt_dd_-0.366,,,
BDX,2022-10-26,cpr_narrow_bullish,level_6_halt_dd_-0.366,,,
AWK,2022-10-26,cpr_narrow_bullish,level_6_halt_dd_-0.366,,,
HBAN,2022-10-26,cpr_narrow_bullish,level_6_halt_dd_-0.366,,,
CERN,2022-10-27,ichimoku_cloud_breakout,level_6_halt_dd_-0.366,,,
WMB,2022-10-27,cpr_narrow_bullish,level_6_halt_dd_-0.366,,,
PSX,2022-10-27,cpr_narrow_bullish,level_6_halt_dd_-0.366,,,
HST,2022-10-27,cpr_narrow_bullish,level_6_halt_dd_-0.366,,,
FOX,2022-10-27,bollinger_tight,level_6_halt_dd_-0.366,,,
XLE,2022-10-27,cpr_narrow_bullish,level_6_halt_dd_-0.366,,,
RKLB,2022-10-27,cpr_narrow_bullish,level_6_halt_dd_-0.366,,,
AWK,2022-10-27,cpr_narrow_bullish,level_6_halt_dd_-0.366,,,
JCI,2022-10-27,cpr_narrow_bullish,level_6_halt_dd_-0.366,,,
REZI,2022-10-27,cpr_narrow_bullish,level_6_halt_dd_-0.366,,,
CERN,2022-10-28,ichimoku_cloud_breakout,level_6_halt_dd_-0.366,,,
CSX,2022-10-28,cpr_narrow_bullish,level_6_halt_dd_-0.366,,,
REZI,2022-10-28,cpr_narrow_bullish,level_6_halt_dd_-0.366,,,
HBAN,2022-10-28,cpr_narrow_bullish,level_6_halt_dd_-0.366,,,
WMB,2022-10-28,cpr_narrow_bullish,level_6_halt_dd_-0.366,,,
AWK,2022-10-28,cpr_narrow_bullish,level_6_halt_dd_-0.366,,,
NVDA,2022-10-28,cpr_narrow_bullish,level_6_halt_dd_-0.366,,,
RKLB,2022-10-28,cpr_narrow_bullish,level_6_halt_dd_-0.366,,,
AOS,2022-10-28,cpr_narrow_bullish,level_6_halt_dd_-0.366,,,
FLR,2022-10-28,cpr_narrow_bullish,level_6_halt_dd_-0.366,,,
CERN,2022-10-31,ichimoku_cloud_breakout,level_6_halt_dd_-0.366,,,
BDX,2022-10-31,cpr_narrow_bullish,level_6_halt_dd_-0.366,,,
XLE,2022-10-31,cpr_narrow_bullish,level_6_halt_dd_-0.366,,,
HST,2022-10-31,cpr_narrow_bullish,level_6_halt_dd_-0.366,,,
HBAN,2022-10-31,cpr_narrow_bullish,level_6_halt_dd_-0.366,,,
WMB,2022-10-31,cpr_narrow_bullish,level_6_halt_dd_-0.366,,,
SWIM,2022-10-31,cpr_narrow_bullish,level_6_halt_dd_-0.366,,,
IFF,2022-10-31,cpr_narrow_bullish,level_6_halt_dd_-0.366,,,
AWK,2022-10-31,hull_rsi,level_6_halt_dd_-0.366,,,
RKLB,2022-10-31,cpr_narrow_bullish,level_6_halt_dd_-0.366,,,
CERN,2022-11-01,ichimoku_cloud_breakout,level_6_halt_dd_-0.366,,,
PSX,2022-11-01,pivot_r1_breakout,level_6_halt_dd_-0.366,,,
HOLX,2022-11-01,pivot_r1_breakout,level_6_halt_dd_-0.366,,,
WMB,2022-11-01,cpr_narrow_bullish,level_6_halt_dd_-0.366,,,
FOX,2022-11-01,cpr_narrow_bullish,level_6_halt_dd_-0.366,,,
FLR,2022-11-01,cpr_narrow_bullish,level_6_halt_dd_-0.366,,,
BDX,2022-11-01,hull_rsi,level_6_halt_dd_-0.366,,,
AWK,2022-11-01,supertrend_macd,level_6_halt_dd_-0.366,,,
XLE,2022-11-01,cpr_narrow_bullish,level_6_halt_dd_-0.366,,,
RF,2022-11-01,cpr_narrow_bullish,level_6_halt_dd_-0.366,,,
REZI,2022-11-02,bollinger_lower,level_6_halt_dd_-0.366,,,
CERN,2022-11-02,ichimoku_cloud_breakout,level_6_halt_dd_-0.366,,,
HOLX,2022-11-02,cpr_narrow_bullish,level_6_halt_dd_-0.366,,,
GNRC,2022-11-02,supertrend_macd,level_6_halt_dd_-0.366,,,
BHVN,2022-11-02,ppo_crossover,level_6_halt_dd_-0.366,,,
BDX,2022-11-02,supertrend_macd,level_6_halt_dd_-0.366,,,
JCI,2022-11-02,supertrend_macd,level_6_halt_dd_-0.366,,,
BAC,2022-11-02,ichimoku_cloud_breakout,level_6_halt_dd_-0.366,,,
BAM,2022-11-02,supertrend_macd,level_6_halt_dd_-0.366,,,
WMB,2022-11-02,ichimoku_cloud_breakout,level_6_halt_dd_-0.366,,,
CERN,2022-11-03,ichimoku_cloud_breakout,level_6_halt_dd_-0.366,,,
BDX,2022-11-03,supertrend_macd,level_6_halt_dd_-0.366,,,
REZI,2022-11-03,bollinger_lower,level_6_halt_dd_-0.366,,,
HOLX,2022-11-03,hull_rsi,level_6_halt_dd_-0.366,,,
XLE,2022-11-03,cpr_narrow_bullish,level_6_halt_dd_-0.366,,,
JCI,2022-11-03,pivot_r1_breakout,level_6_halt_dd_-0.366,,,
GNRC,2022-11-03,supertrend_macd,level_6_halt_dd_-0.366,,,
WMB,2022-11-03,golden_cross_50_200,level_6_halt_dd_-0.366,,,
AOS,2022-11-03,supertrend_macd,level_6_halt_dd_-0.366,,,
RKLB,2022-11-03,supertrend_macd,level_6_halt_dd_-0.366,,,
CERN,2022-11-04,ichimoku_cloud_breakout,level_6_halt_dd_-0.366,,,
FLR,2022-11-04,pivot_r1_breakout,level_6_halt_dd_-0.366,,,
HOLX,2022-11-04,cpr_narrow_bullish,level_6_halt_dd_-0.366,,,
AOS,2022-11-04,cpr_narrow_bullish,level_6_halt_dd_-0.366,,,
JCI,2022-11-04,cpr_narrow_bullish,level_6_halt_dd_-0.366,,,
CSX,2022-11-04,cpr_narrow_bullish,level_6_halt_dd_-0.366,,,
WMB,2022-11-04,cpr_narrow_bullish,level_6_halt_dd_-0.366,,,
BAC,2022-11-04,cpr_narrow_bullish,level_6_halt_dd_-0.366,,,
HBAN,2022-11-04,cpr_narrow_bullish,level_6_halt_dd_-0.366,,,
XLE,2022-11-04,cpr_narrow_bullish,level_6_halt_dd_-0.366,,,
CERN,2022-11-07,ichimoku_cloud_breakout,level_6_halt_dd_-0.366,,,
FLR,2022-11-07,pivot_r1_breakout,level_6_halt_dd_-0.366,,,
XLE,2022-11-07,cpr_narrow_bullish,level_6_halt_dd_-0.366,,,
SGH,2022-11-07,cpr_narrow_bullish,level_6_halt_dd_-0.366,,,
JCI,2022-11-07,cpr_narrow_bullish,level_6_halt_dd_-0.366,,,
WMB,2022-11-07,cpr_narrow_bullish,level_6_halt_dd_-0.366,,,
BDX,2022-11-07,cpr_narrow_bullish,level_6_halt_dd_-0.366,,,
AOS,2022-11-07,cpr_narrow_bullish,level_6_halt_dd_-0.366,,,
RF,2022-11-07,cpr_narrow_bullish,level_6_halt_dd_-0.366,,,
CSX,2022-11-07,cpr_narrow_bullish,level_6_halt_dd_-0.366,,,
CERN,2022-11-08,ichimoku_cloud_breakout,level_6_halt_dd_-0.366,,,
REZI,2022-11-08,bollinger_tight,level_6_halt_dd_-0.366,,,
XLE,2022-11-08,cpr_narrow_bullish,level_6_halt_dd_-0.366,,,
JCI,2022-11-08,cpr_narrow_bullish,level_6_halt_dd_-0.366,,,
FLR,2022-11-08,hull_rsi,level_6_halt_dd_-0.366,,,
CG,2022-11-08,cpr_narrow_bullish,level_6_halt_dd_-0.366,,,
WMB,2022-11-08,cpr_narrow_bullish,level_6_halt_dd_-0.366,,,
BDX,2022-11-08,stochrsi_oversold,level_6_halt_dd_-0.366,,,
BAC,2022-11-08,cpr_narrow_bullish,level_6_halt_dd_-0.366,,,
SGH,2022-11-08,hull_rsi,level_6_halt_dd_-0.366,,,
CERN,2022-11-09,ichimoku_cloud_breakout,level_6_halt_dd_-0.366,,,
LCID,2022-11-09,bollinger_lower,level_6_halt_dd_-0.366,,,
REZI,2022-11-09,bollinger_tight,level_6_halt_dd_-0.366,,,
CG,2022-11-09,cpr_narrow_bullish,level_6_halt_dd_-0.366,,,
CCEP,2022-11-09,hull_rsi,level_6_halt_dd_-0.366,,,
RKLB,2022-11-09,cpr_narrow_bullish,level_6_halt_dd_-0.366,,,
BDX,2022-11-09,bollinger_tight,level_6_halt_dd_-0.366,,,
HOLX,2022-11-09,ichimoku_cloud_breakout,level_6_halt_dd_-0.366,,,
HST,2022-11-09,cpr_narrow_bullish,level_6_halt_dd_-0.366,,,
WMB,2022-11-09,ichimoku_cloud_breakout,level_6_halt_dd_-0.366,,,
CERN,2022-11-10,ichimoku_cloud_breakout,level_6_halt_dd_-0.366,,,
VET,2022-11-10,bollinger_tight,level_6_halt_dd_-0.366,,,
BDX,2022-11-10,pivot_r1_breakout,level_6_halt_dd_-0.366,,,
BAC,2022-11-10,cpr_narrow_bullish,level_6_halt_dd_-0.366,,,
BAM,2022-11-10,hull_rsi,level_6_halt_dd_-0.366,,,
HOLX,2022-11-10,cpr_narrow_bullish,level_6_halt_dd_-0.366,,,
SGH,2022-11-10,cpr_narrow_bullish,level_6_halt_dd_-0.366,,,
CSX,2022-11-10,cpr_narrow_bullish,level_6_halt_dd_-0.366,,,
CG,2022-11-10,cpr_narrow_bullish,level_6_halt_dd_-0.366,,,
RF,2022-11-10,cpr_narrow_bullish,level_6_halt_dd_-0.366,,,
PSX,2022-11-11,pivot_r1_breakout,level_6_halt_dd_-0.366,,,
CERN,2022-11-11,ichimoku_cloud_breakout,level_6_halt_dd_-0.366,,,
BAM,2022-11-11,pivot_r1_breakout,level_6_halt_dd_-0.366,,,
CSX,2022-11-11,cpr_narrow_bullish,level_6_halt_dd_-0.366,,,
CCEP,2022-11-11,cpr_narrow_bullish,level_6_halt_dd_-0.366,,,
AOS,2022-11-11,cpr_narrow_bullish,level_6_halt_dd_-0.366,,,
JCI,2022-11-11,cpr_narrow_bullish,level_6_halt_dd_-0.366,,,
UUUU,2022-11-11,pivot_r1_breakout,level_6_halt_dd_-0.366,,,
RF,2022-11-11,cpr_narrow_bullish,level_6_halt_dd_-0.366,,,
RKLB,2022-11-11,cpr_narrow_bullish,level_6_halt_dd_-0.366,,,
CERN,2022-11-14,ichimoku_cloud_breakout,level_6_halt_dd_-0.366,,,
SWIM,2022-11-14,bollinger_lower,level_6_halt_dd_-0.366,,,
VET,2022-11-14,bollinger_tight,level_6_halt_dd_-0.366,,,
CSX,2022-11-14,cpr_narrow_bullish,level_6_halt_dd_-0.366,,,
SGH,2022-11-14,cpr_narrow_bullish,level_6_halt_dd_-0.366,,,
NVDA,2022-11-14,cpr_narrow_bullish,level_6_halt_dd_-0.366,,,
AOS,2022-11-14,hull_rsi,level_6_halt_dd_-0.366,,,
CCEP,2022-11-14,cpr_narrow_bullish,level_6_halt_dd_-0.366,,,
BAM,2022-11-14,hull_rsi,level_6_halt_dd_-0.366,,,
HOLX,2022-11-14,cpr_narrow_bullish,level_6_halt_dd_-0.366,,,
CERN,2022-11-15,(any),ticker_already_open_concurrent_block_bug61,,,
AOS,2022-11-15,hull_rsi,dedup_one_position_per_ticker_per_day,,,
AOS,2022-11-15,ichimoku_cloud_breakout,dedup_one_position_per_ticker_per_day,,,
AOS,2022-11-15,supertrend_macd,dedup_one_position_per_ticker_per_day,,,
AOS,2022-11-15,cpr_narrow_momentum,dedup_one_position_per_ticker_per_day,,,
AOS,2022-11-15,r1_break_retest,dedup_one_position_per_ticker_per_day,,,
AOS,2022-11-15,break_retest_confluence,dedup_one_position_per_ticker_per_day,,,
AOS,2022-11-15,stochrsi_oversold,dedup_one_position_per_ticker_per_day,,,
AOS,2022-11-15,bollinger_tight,dedup_one_position_per_ticker_per_day,,,
AOS,2022-11-15,morning_star,dedup_one_position_per_ticker_per_day,,,
AOS,2022-11-15,williams_stoch_dual,dedup_one_position_per_ticker_per_day,,,
AOS,2022-11-15,stochrsi_overbought_short,dedup_one_position_per_ticker_per_day,,,
XLE,2022-11-15,macd_crossover,dedup_one_position_per_ticker_per_day,,,
XLE,2022-11-15,hull_rsi,dedup_one_position_per_ticker_per_day,,,
XLE,2022-11-15,ichimoku_cloud_breakout,dedup_one_position_per_ticker_per_day,,,
XLE,2022-11-15,supertrend_macd,dedup_one_position_per_ticker_per_day,,,
XLE,2022-11-15,macd_ichimoku,dedup_one_position_per_ticker_per_day,,,
XLE,2022-11-15,cpr_narrow_momentum,dedup_one_position_per_ticker_per_day,,,
XLE,2022-11-15,52wh_break_retest,dedup_one_position_per_ticker_per_day,,,
XLE,2022-11-15,break_retest_confluence,dedup_one_position_per_ticker_per_day,,,
XLE,2022-11-15,bollinger_tight,dedup_one_position_per_ticker_per_day,,,
XLE,2022-11-15,williams_stoch_dual,dedup_one_position_per_ticker_per_day,,,
SGH,2022-11-15,hull_rsi,dedup_one_position_per_ticker_per_day,,,
SGH,2022-11-15,ichimoku_cloud_breakout,dedup_one_position_per_ticker_per_day,,,
SGH,2022-11-15,adx_initiation,dedup_one_position_per_ticker_per_day,,,
SGH,2022-11-15,supertrend_macd,dedup_one_position_per_ticker_per_day,,,
SGH,2022-11-15,cpr_narrow_momentum,dedup_one_position_per_ticker_per_day,,,
SGH,2022-11-15,r1_break_retest,dedup_one_position_per_ticker_per_day,,,
SGH,2022-11-15,break_retest_confluence,dedup_one_position_per_ticker_per_day,,,
SGH,2022-11-15,bollinger_lower,dedup_one_position_per_ticker_per_day,,,
SGH,2022-11-15,bollinger_tight,dedup_one_position_per_ticker_per_day,,,
SGH,2022-11-15,morning_star,dedup_one_position_per_ticker_per_day,,,
NVDA,2022-11-15,hull_rsi,dedup_one_position_per_ticker_per_day,,,
NVDA,2022-11-15,ichimoku_cloud_breakout,dedup_one_position_per_ticker_per_day,,,
NVDA,2022-11-15,adx_initiation,dedup_one_position_per_ticker_per_day,,,
NVDA,2022-11-15,supertrend_macd,dedup_one_position_per_ticker_per_day,,,
NVDA,2022-11-15,cpr_narrow_momentum,dedup_one_position_per_ticker_per_day,,,
NVDA,2022-11-15,r1_break_retest,dedup_one_position_per_ticker_per_day,,,
NVDA,2022-11-15,break_retest_confluence,dedup_one_position_per_ticker_per_day,,,
NVDA,2022-11-15,bollinger_lower,dedup_one_position_per_ticker_per_day,,,
NVDA,2022-11-15,bollinger_tight,dedup_one_position_per_ticker_per_day,,,
NVDA,2022-11-15,morning_star,dedup_one_position_per_ticker_per_day,,,
BAM,2022-11-15,hull_rsi,dedup_one_position_per_ticker_per_day,,,
BAM,2022-11-15,supertrend_macd,dedup_one_position_per_ticker_per_day,,,
BAM,2022-11-15,cpr_narrow_momentum,dedup_one_position_per_ticker_per_day,,,
BAM,2022-11-15,r1_break_retest,dedup_one_position_per_ticker_per_day,,,
BAM,2022-11-15,break_retest_confluence,dedup_one_position_per_ticker_per_day,,,
BAM,2022-11-15,williams_r_oversold,dedup_one_position_per_ticker_per_day,,,
BAM,2022-11-15,bollinger_lower,dedup_one_position_per_ticker_per_day,,,
BAM,2022-11-15,bollinger_tight,dedup_one_position_per_ticker_per_day,,,
BAM,2022-11-15,williams_stoch_dual,dedup_one_position_per_ticker_per_day,,,
SWIM,2022-11-15,bollinger_tight,dedup_one_position_per_ticker_per_day,,,
SWIM,2022-11-15,pivot_r1_breakout,dedup_one_position_per_ticker_per_day,,,
SWIM,2022-11-15,prev_day_high_break,dedup_one_position_per_ticker_per_day,,,
SWIM,2022-11-15,hull_rsi,dedup_one_position_per_ticker_per_day,,,
SWIM,2022-11-15,awesome_oscillator,dedup_one_position_per_ticker_per_day,,,
SWIM,2022-11-15,ichimoku_tk_cross,dedup_one_position_per_ticker_per_day,,,
SWIM,2022-11-15,hull_rsi_short,dedup_one_position_per_ticker_per_day,,,
SWIM,2022-11-15,prev_day_low_breakdown,dedup_one_position_per_ticker_per_day,,,
JCI,2022-11-15,ichimoku_cloud_breakout,dedup_one_position_per_ticker_per_day,,,
JCI,2022-11-15,supertrend_macd,dedup_one_position_per_ticker_per_day,,,
JCI,2022-11-15,cpr_narrow_momentum,dedup_one_position_per_ticker_per_day,,,
JCI,2022-11-15,supertrend_ichimoku_adx,dedup_one_position_per_ticker_per_day,,,
JCI,2022-11-15,r1_break_retest,dedup_one_position_per_ticker_per_day,,,
JCI,2022-11-15,break_retest_confluence,dedup_one_position_per_ticker_per_day,,,
JCI,2022-11-15,lead_lag_sector_rotation,dedup_one_position_per_ticker_per_day,,,
CG,2022-11-15,hull_rsi,dedup_one_position_per_ticker_per_day,,,
CG,2022-11-15,cpr_narrow_momentum,dedup_one_position_per_ticker_per_day,,,
CG,2022-11-15,r1_break_retest,dedup_one_position_per_ticker_per_day,,,
CG,2022-11-15,break_retest_confluence,dedup_one_position_per_ticker_per_day,,,
CG,2022-11-15,williams_r_oversold,dedup_one_position_per_ticker_per_day,,,
CG,2022-11-15,cmf_flip,dedup_one_position_per_ticker_per_day,,,
CG,2022-11-15,bollinger_tight,dedup_one_position_per_ticker_per_day,,,
CCEP,2022-11-15,supertrend_macd,dedup_one_position_per_ticker_per_day,,,
CCEP,2022-11-15,break_retest_confluence,dedup_one_position_per_ticker_per_day,,,
CCEP,2022-11-15,stochrsi_oversold,dedup_one_position_per_ticker_per_day,,,
CCEP,2022-11-15,bollinger_tight,dedup_one_position_per_ticker_per_day,,,
CCEP,2022-11-15,morning_star,dedup_one_position_per_ticker_per_day,,,
CCEP,2022-11-15,stochrsi_overbought_short,dedup_one_position_per_ticker_per_day,,,
CERN,2022-11-16,ichimoku_cloud_breakout,level_6_halt_dd_-0.366,,,
RKLB,2022-11-16,pivot_r1_breakout,level_6_halt_dd_-0.366,,,
SWIM,2022-11-16,stochrsi_oversold,level_6_halt_dd_-0.366,,,
LCID,2022-11-16,bollinger_lower,level_6_halt_dd_-0.366,,,
VET,2022-11-16,bollinger_lower,level_6_halt_dd_-0.366,,,
FLR,2022-11-16,cpr_narrow_bullish,level_6_halt_dd_-0.366,,,
SGH,2022-11-16,adx_initiation,level_6_halt_dd_-0.366,,,
BAM,2022-11-16,pivot_s1_bounce,level_6_halt_dd_-0.366,,,
BHVN,2022-11-16,supertrend_macd,level_6_halt_dd_-0.366,,,
NVDA,2022-11-16,ichimoku_cloud_breakout,level_6_halt_dd_-0.366,,,
CERN,2022-11-17,ichimoku_cloud_breakout,level_6_halt_dd_-0.366,,,
BDX,2022-11-17,williams_stoch_dual,level_6_halt_dd_-0.366,,,
SWIM,2022-11-17,bollinger_lower,level_6_halt_dd_-0.366,,,
SGH,2022-11-17,cpr_narrow_bullish,level_6_halt_dd_-0.366,,,
AOS,2022-11-17,cpr_narrow_bullish,level_6_halt_dd_-0.366,,,
UUUU,2022-11-17,cmf_flip,level_6_halt_dd_-0.366,,,
FLR,2022-11-17,cpr_narrow_bullish,level_6_halt_dd_-0.366,,,
JCI,2022-11-17,ichimoku_cloud_breakout,level_6_halt_dd_-0.366,,,
LCID,2022-11-17,bollinger_tight,level_6_halt_dd_-0.366,,,
NVDA,2022-11-17,ichimoku_cloud_breakout,level_6_halt_dd_-0.366,,,
CERN,2022-11-18,ichimoku_cloud_breakout,level_6_halt_dd_-0.374,,,
FOX,2022-11-18,cpr_narrow_bullish,level_6_halt_dd_-0.374,,,
AOS,2022-11-18,hull_rsi,level_6_halt_dd_-0.374,,,
AWK,2022-11-18,cpr_narrow_bullish,level_6_halt_dd_-0.374,,,
BHVN,2022-11-18,supertrend_macd,level_6_halt_dd_-0.374,,,
LCID,2022-11-18,bollinger_tight,level_6_halt_dd_-0.374,,,
HOLX,2022-11-18,cpr_narrow_bullish,level_6_halt_dd_-0.374,,,
NVDA,2022-11-18,ichimoku_cloud_breakout,level_6_halt_dd_-0.374,,,
REZI,2022-11-18,williams_stoch_dual,level_6_halt_dd_-0.374,,,
JCI,2022-11-18,ichimoku_cloud_breakout,level_6_halt_dd_-0.374,,,
CERN,2022-11-21,ichimoku_cloud_breakout,level_6_halt_dd_-0.374,,,
RKLB,2022-11-21,bollinger_tight,level_6_halt_dd_-0.374,,,
LCID,2022-11-21,bollinger_lower,level_6_halt_dd_-0.374,,,
AOS,2022-11-21,cpr_narrow_bullish,level_6_halt_dd_-0.374,,,
VET,2022-11-21,cmf_flip,level_6_halt_dd_-0.374,,,
AWK,2022-11-21,cpr_narrow_bullish,level_6_halt_dd_-0.374,,,
JCI,2022-11-21,golden_cross_50_200,level_6_halt_dd_-0.374,,,
BDX,2022-11-21,cpr_narrow_bullish,level_6_halt_dd_-0.374,,,
BHVN,2022-11-21,stochrsi_oversold,level_6_halt_dd_-0.374,,,
BAM,2022-11-21,supertrend_macd,level_6_halt_dd_-0.374,,,
CERN,2022-11-22,ichimoku_cloud_breakout,level_6_halt_dd_-0.374,,,
JCI,2022-11-22,pivot_r2_continuation,level_6_halt_dd_-0.374,,,
BDX,2022-11-22,cpr_narrow_bullish,level_6_halt_dd_-0.374,,,
RKLB,2022-11-22,stochrsi_oversold,level_6_halt_dd_-0.374,,,
SWIM,2022-11-22,stochrsi_oversold,level_6_halt_dd_-0.374,,,
SGH,2022-11-22,cpr_narrow_bullish,level_6_halt_dd_-0.374,,,
AOS,2022-11-22,cpr_narrow_bullish,level_6_halt_dd_-0.374,,,
CSX,2022-11-22,cpr_narrow_bullish,level_6_halt_dd_-0.374,,,
IFF,2022-11-22,cpr_narrow_bullish,level_6_halt_dd_-0.374,,,
NVDA,2022-11-22,cpr_narrow_bullish,level_6_halt_dd_-0.374,,,
CERN,2022-11-23,ichimoku_cloud_breakout,level_6_halt_dd_-0.374,,,
AWK,2022-11-23,cpr_narrow_bullish,level_6_halt_dd_-0.374,,,
CCEP,2022-11-23,macd_fast_crossover,level_6_halt_dd_-0.374,,,
CSX,2022-11-23,cpr_narrow_bullish,level_6_halt_dd_-0.374,,,
SGH,2022-11-23,cpr_narrow_bullish,level_6_halt_dd_-0.374,,,
IFF,2022-11-23,cpr_narrow_bullish,level_6_halt_dd_-0.374,,,
BAM,2022-11-23,cpr_narrow_bullish,level_6_halt_dd_-0.374,,,
BDX,2022-11-23,cpr_narrow_bullish,level_6_halt_dd_-0.374,,,
VET,2022-11-23,cpr_narrow_bullish,level_6_halt_dd_-0.374,,,
NVDA,2022-11-23,hull_rsi,level_6_halt_dd_-0.374,,,
CERN,2022-11-24,ichimoku_cloud_breakout,level_6_halt_dd_-0.374,,,
AWK,2022-11-24,cpr_narrow_bullish,level_6_halt_dd_-0.374,,,
CCEP,2022-11-24,macd_fast_crossover,level_6_halt_dd_-0.374,,,
CSX,2022-11-24,cpr_narrow_bullish,level_6_halt_dd_-0.374,,,
SGH,2022-11-24,cpr_narrow_bullish,level_6_halt_dd_-0.374,,,
IFF,2022-11-24,cpr_narrow_bullish,level_6_halt_dd_-0.374,,,
BAM,2022-11-24,cpr_narrow_bullish,level_6_halt_dd_-0.374,,,
BDX,2022-11-24,cpr_narrow_bullish,level_6_halt_dd_-0.374,,,
VET,2022-11-24,cpr_narrow_bullish,level_6_halt_dd_-0.374,,,
NVDA,2022-11-24,hull_rsi,level_6_halt_dd_-0.374,,,
CERN,2022-11-25,ichimoku_cloud_breakout,level_6_halt_dd_-0.374,,,
CCEP,2022-11-25,cpr_narrow_bullish,level_6_halt_dd_-0.374,,,
FOX,2022-11-25,cpr_narrow_bullish,level_6_halt_dd_-0.374,,,
AWK,2022-11-25,cpr_narrow_bullish,level_6_halt_dd_-0.374,,,
LCID,2022-11-25,bollinger_tight,level_6_halt_dd_-0.374,,,
RKLB,2022-11-25,bollinger_tight,level_6_halt_dd_-0.374,,,
IFF,2022-11-25,cpr_narrow_bullish,level_6_halt_dd_-0.374,,,
SGH,2022-11-25,cpr_narrow_bullish,level_6_halt_dd_-0.374,,,
BDX,2022-11-25,cpr_narrow_bullish,level_6_halt_dd_-0.374,,,
AOS,2022-11-25,ichimoku_cloud_breakout,level_6_halt_dd_-0.374,,,
CERN,2022-11-28,ichimoku_cloud_breakout,level_6_halt_dd_-0.374,,,
LCID,2022-11-28,bollinger_tight,level_6_halt_dd_-0.374,,,
BDX,2022-11-28,hull_rsi,level_6_halt_dd_-0.374,,,
VET,2022-11-28,williams_stoch_dual,level_6_halt_dd_-0.374,,,
UUUU,2022-11-28,bollinger_lower,level_6_halt_dd_-0.374,,,
RKLB,2022-11-28,bollinger_tight,level_6_halt_dd_-0.374,,,
REZI,2022-11-28,supertrend_macd,level_6_halt_dd_-0.374,,,
CCEP,2022-11-28,pivot_s1_bounce,level_6_halt_dd_-0.374,,,
XLE,2022-11-28,cpr_narrow_bullish,level_6_halt_dd_-0.374,,,
GNRC,2022-11-28,supertrend_macd,level_6_halt_dd_-0.374,,,
CERN,2022-11-29,ichimoku_cloud_breakout,level_6_halt_dd_-0.374,,,
BDX,2022-11-29,cpr_narrow_bullish,level_6_halt_dd_-0.374,,,
FOX,2022-11-29,cpr_narrow_bullish,level_6_halt_dd_-0.374,,,
IFF,2022-11-29,cpr_narrow_bullish,level_6_halt_dd_-0.374,,,
GNRC,2022-11-29,supertrend_macd,level_6_halt_dd_-0.374,,,
CSX,2022-11-29,cpr_narrow_bullish,level_6_halt_dd_-0.374,,,
LCID,2022-11-29,stochrsi_oversold,level_6_halt_dd_-0.374,,,
AOS,2022-11-29,ichimoku_cloud_breakout,level_6_halt_dd_-0.374,,,
FLR,2022-11-29,williams_r_oversold,level_6_halt_dd_-0.374,,,
UUUU,2022-11-29,bollinger_tight,level_6_halt_dd_-0.374,,,
CERN,2022-11-30,ichimoku_cloud_breakout,level_6_halt_dd_-0.374,,,
WMB,2022-11-30,pivot_r1_breakout,level_6_halt_dd_-0.374,,,
CSX,2022-11-30,pivot_r1_breakout,level_6_halt_dd_-0.374,,,
CCEP,2022-11-30,pivot_r1_breakout,level_6_halt_dd_-0.374,,,
HOLX,2022-11-30,pivot_r2_continuation,level_6_halt_dd_-0.374,,,
JCI,2022-11-30,pivot_r2_continuation,level_6_halt_dd_-0.374,,,
AWK,2022-11-30,pivot_r1_breakout,level_6_halt_dd_-0.374,,,
NVDA,2022-11-30,cpr_narrow_bullish,level_6_halt_dd_-0.374,,,
IFF,2022-11-30,cpr_narrow_bullish,level_6_halt_dd_-0.374,,,
HST,2022-11-30,pivot_r1_breakout,level_6_halt_dd_-0.374,,,
CERN,2022-12-01,ichimoku_cloud_breakout,level_6_halt_dd_-0.374,,,
CCEP,2022-12-01,cpr_narrow_bullish,level_6_halt_dd_-0.374,,,
BDX,2022-12-01,hull_rsi,level_6_halt_dd_-0.374,,,
HBAN,2022-12-01,cpr_narrow_bullish,level_6_halt_dd_-0.374,,,
WMB,2022-12-01,cpr_narrow_bullish,level_6_halt_dd_-0.374,,,
IFF,2022-12-01,cpr_narrow_bullish,level_6_halt_dd_-0.374,,,
VET,2022-12-01,morning_star,level_6_halt_dd_-0.374,,,
NVDA,2022-12-01,macd_fast_crossover,level_6_halt_dd_-0.374,,,
LCID,2022-12-01,macd_fast_crossover,level_6_halt_dd_-0.374,,,
AWK,2022-12-01,macd_fast_crossover,level_6_halt_dd_-0.374,,,
CERN,2022-12-02,ichimoku_cloud_breakout,level_6_halt_dd_-0.374,,,
IFF,2022-12-02,cpr_narrow_bullish,level_6_halt_dd_-0.374,,,
BDX,2022-12-02,cpr_narrow_bullish,level_6_halt_dd_-0.374,,,
FLR,2022-12-02,pivot_r2_continuation,level_6_halt_dd_-0.374,,,
CCEP,2022-12-02,cpr_narrow_bullish,level_6_halt_dd_-0.374,,,
JCI,2022-12-02,cpr_narrow_bullish,level_6_halt_dd_-0.374,,,
GNRC,2022-12-02,supertrend_macd,level_6_halt_dd_-0.374,,,
FOX,2022-12-02,cpr_narrow_bullish,level_6_halt_dd_-0.374,,,
NVDA,2022-12-02,hull_rsi,level_6_halt_dd_-0.374,,,
CG,2022-12-02,cpr_narrow_bullish,level_6_halt_dd_-0.374,,,
CERN,2022-12-05,ichimoku_cloud_breakout,level_6_halt_dd_-0.374,,,
BAC,2022-12-05,bollinger_lower,level_6_halt_dd_-0.374,,,
RF,2022-12-05,williams_r_oversold,level_6_halt_dd_-0.374,,,
BAM,2022-12-05,stochrsi_oversold,level_6_halt_dd_-0.374,,,
UUUU,2022-12-05,bollinger_lower,level_6_halt_dd_-0.374,,,
HST,2022-12-05,cpr_narrow_bullish,level_6_halt_dd_-0.374,,,
XLE,2022-12-05,williams_r_oversold,level_6_halt_dd_-0.374,,,
GNRC,2022-12-05,stochrsi_oversold,level_6_halt_dd_-0.374,,,
VET,2022-12-05,morning_star,level_6_halt_dd_-0.374,,,
HBAN,2022-12-05,cpr_narrow_bullish,level_6_halt_dd_-0.374,,,
CERN,2022-12-06,ichimoku_cloud_breakout,level_6_halt_dd_-0.374,,,
BAC,2022-12-06,bollinger_lower,level_6_halt_dd_-0.374,,,
XLE,2022-12-06,williams_r_oversold,level_6_halt_dd_-0.374,,,
VET,2022-12-06,williams_stoch_dual,level_6_halt_dd_-0.374,,,
RF,2022-12-06,bollinger_tight,level_6_halt_dd_-0.374,,,
AWK,2022-12-06,cpr_narrow_bullish,level_6_halt_dd_-0.374,,,
WMB,2022-12-06,cpr_narrow_bullish,level_6_halt_dd_-0.374,,,
LCID,2022-12-06,bollinger_tight,level_6_halt_dd_-0.374,,,
HBAN,2022-12-06,bollinger_tight,level_6_halt_dd_-0.374,,,
HST,2022-12-06,bollinger_tight,level_6_halt_dd_-0.374,,,
CERN,2022-12-07,ichimoku_cloud_breakout,level_6_halt_dd_-0.374,,,
VET,2022-12-07,bollinger_lower,level_6_halt_dd_-0.374,,,
XLE,2022-12-07,williams_r_oversold,level_6_halt_dd_-0.374,,,
RF,2022-12-07,stochrsi_oversold,level_6_halt_dd_-0.374,,,
BAC,2022-12-07,stochrsi_oversold,level_6_halt_dd_-0.374,,,
PSX,2022-12-07,stochrsi_oversold,level_6_halt_dd_-0.374,,,
LCID,2022-12-07,stochrsi_oversold,level_6_halt_dd_-0.374,,,
IFF,2022-12-07,pivot_r1_breakout,level_6_halt_dd_-0.374,,,
REZI,2022-12-07,tema_dema,level_6_halt_dd_-0.374,,,
CG,2022-12-07,cpr_narrow_bullish,level_6_halt_dd_-0.374,,,
CERN,2022-12-08,ichimoku_cloud_breakout,level_6_halt_dd_-0.374,,,
XLE,2022-12-08,williams_r_oversold,level_6_halt_dd_-0.374,,,
PSX,2022-12-08,bollinger_lower,level_6_halt_dd_-0.374,,,
BAC,2022-12-08,bollinger_lower,level_6_halt_dd_-0.374,,,
AWK,2022-12-08,cpr_narrow_bullish,level_6_halt_dd_-0.374,,,
HBAN,2022-12-08,bollinger_tight,level_6_halt_dd_-0.374,,,
WMB,2022-12-08,williams_r_oversold,level_6_halt_dd_-0.374,,,
VET,2022-12-08,bollinger_lower,level_6_halt_dd_-0.374,,,
BHVN,2022-12-08,supertrend_macd,level_6_halt_dd_-0.374,,,
BDX,2022-12-08,cpr_narrow_bullish,level_6_halt_dd_-0.374,,,
CERN,2022-12-09,ichimoku_cloud_breakout,level_6_halt_dd_-0.384,,,
PSX,2022-12-09,ultimate_oscillator,level_6_halt_dd_-0.384,,,
XLE,2022-12-09,ultimate_oscillator,level_6_halt_dd_-0.384,,,
VET,2022-12-09,bollinger_tight,level_6_halt_dd_-0.384,,,
HBAN,2022-12-09,bollinger_tight,level_6_halt_dd_-0.384,,,
UUUU,2022-12-09,bollinger_tight,level_6_halt_dd_-0.384,,,
BAC,2022-12-09,bollinger_tight,level_6_halt_dd_-0.384,,,
BDX,2022-12-09,cpr_narrow_bullish,level_6_halt_dd_-0.384,,,
WMB,2022-12-09,williams_r_oversold,level_6_halt_dd_-0.384,,,
BAM,2022-12-09,stochrsi_oversold,level_6_halt_dd_-0.384,,,
CERN,2022-12-12,ichimoku_cloud_breakout,level_6_halt_dd_-0.414,,,
BAM,2022-12-12,bollinger_lower,level_6_halt_dd_-0.414,,,
NVDA,2022-12-12,macd_crossover,level_6_halt_dd_-0.414,,,
BDX,2022-12-12,cpr_narrow_bullish,level_6_halt_dd_-0.414,,,
AWK,2022-12-12,cpr_narrow_bullish,level_6_halt_dd_-0.414,,,
JCI,2022-12-12,ichimoku_cloud_breakout,level_6_halt_dd_-0.414,,,
VET,2022-12-12,bollinger_tight,level_6_halt_dd_-0.414,,,
LCID,2022-12-12,bollinger_tight,level_6_halt_dd_-0.414,,,
CCEP,2022-12-12,cpr_narrow_bullish,level_6_halt_dd_-0.414,,,
REZI,2022-12-12,pivot_r1_breakout,level_6_halt_dd_-0.414,,,
CERN,2022-12-13,ichimoku_cloud_breakout,level_6_halt_dd_-0.414,,,
HBAN,2022-12-13,bollinger_lower,level_6_halt_dd_-0.414,,,
RF,2022-12-13,bollinger_tight,level_6_halt_dd_-0.414,,,
AWK,2022-12-13,cpr_narrow_bullish,level_6_halt_dd_-0.414,,,
BAM,2022-12-13,bollinger_lower,level_6_halt_dd_-0.414,,,
NVDA,2022-12-13,hull_rsi,level_6_halt_dd_-0.414,,,
LCID,2022-12-13,bollinger_tight,level_6_halt_dd_-0.414,,,
BHVN,2022-12-13,parabolic_sar_flip,level_6_halt_dd_-0.414,,,
CCEP,2022-12-13,cpr_narrow_bullish,level_6_halt_dd_-0.414,,,
BDX,2022-12-13,cpr_narrow_bullish,level_6_halt_dd_-0.414,,,
CERN,2022-12-14,ichimoku_cloud_breakout,level_6_halt_dd_-0.414,,,
HBAN,2022-12-14,bollinger_lower,level_6_halt_dd_-0.414,,,
BAM,2022-12-14,bollinger_lower,level_6_halt_dd_-0.414,,,
CCEP,2022-12-14,macd_crossover,level_6_halt_dd_-0.414,,,
RF,2022-12-14,bollinger_lower,level_6_halt_dd_-0.414,,,
HST,2022-12-14,pivot_r1_breakout,level_6_halt_dd_-0.414,,,
BAC,2022-12-14,williams_stoch_dual,level_6_halt_dd_-0.414,,,
AWK,2022-12-14,hull_rsi,level_6_halt_dd_-0.414,,,
NVDA,2022-12-14,hull_rsi,level_6_halt_dd_-0.414,,,
BHVN,2022-12-14,supertrend_macd,level_6_halt_dd_-0.414,,,
CERN,2022-12-15,ichimoku_cloud_breakout,level_6_halt_dd_-0.414,,,
UUUU,2022-12-15,bollinger_tight,level_6_halt_dd_-0.414,,,
AOS,2022-12-15,bollinger_tight,level_6_halt_dd_-0.414,,,
HBAN,2022-12-15,bollinger_lower,level_6_halt_dd_-0.414,,,
BAM,2022-12-15,bollinger_tight,level_6_halt_dd_-0.414,,,
RF,2022-12-15,bollinger_lower,level_6_halt_dd_-0.414,,,
BHVN,2022-12-15,supertrend_macd,level_6_halt_dd_-0.414,,,
VET,2022-12-15,macd_crossover,level_6_halt_dd_-0.414,,,
LCID,2022-12-15,bollinger_tight,level_6_halt_dd_-0.414,,,
JCI,2022-12-15,williams_r_oversold,level_6_halt_dd_-0.414,,,
RF,2022-12-16,bollinger_lower,level_6_halt_dd_-0.422,,,
CERN,2022-12-16,ichimoku_cloud_breakout,level_6_halt_dd_-0.422,,,
AOS,2022-12-16,stochrsi_oversold,level_6_halt_dd_-0.422,,,
WMB,2022-12-16,williams_r_oversold,level_6_halt_dd_-0.422,,,
HBAN,2022-12-16,stochrsi_oversold,level_6_halt_dd_-0.422,,,
JCI,2022-12-16,williams_r_oversold,level_6_halt_dd_-0.422,,,
HOLX,2022-12-16,williams_r_oversold,level_6_halt_dd_-0.422,,,
BAM,2022-12-16,bollinger_tight,level_6_halt_dd_-0.422,,,
AWK,2022-12-16,ichimoku_cloud_breakout,level_6_halt_dd_-0.422,,,
HST,2022-12-16,cmf_flip,level_6_halt_dd_-0.422,,,
CERN,2022-12-19,ichimoku_cloud_breakout,level_6_halt_dd_-0.425,,,
FOX,2022-12-19,bollinger_lower,level_6_halt_dd_-0.425,,,
BHVN,2022-12-19,supertrend_macd,level_6_halt_dd_-0.425,,,
HST,2022-12-19,bollinger_lower,level_6_halt_dd_-0.425,,,
RF,2022-12-19,bollinger_tight,level_6_halt_dd_-0.425,,,
VET,2022-12-19,supertrend_macd,level_6_halt_dd_-0.425,,,
LCID,2022-12-19,bollinger_tight,level_6_halt_dd_-0.425,,,
BAM,2022-12-19,stochrsi_oversold,level_6_halt_dd_-0.425,,,
JCI,2022-12-19,stochrsi_oversold,level_6_halt_dd_-0.425,,,
WMB,2022-12-19,bollinger_tight,level_6_halt_dd_-0.425,,,
CERN,2022-12-20,ichimoku_cloud_breakout,level_6_halt_dd_-0.425,,,
RKLB,2022-12-20,bollinger_lower,level_6_halt_dd_-0.425,,,
SWIM,2022-12-20,bollinger_tight,level_6_halt_dd_-0.425,,,
BHVN,2022-12-20,supertrend_macd,level_6_halt_dd_-0.425,,,
CSX,2022-12-20,bollinger_tight,level_6_halt_dd_-0.425,,,
AWK,2022-12-20,williams_r_oversold,level_6_halt_dd_-0.425,,,
JCI,2022-12-20,bollinger_tight,level_6_halt_dd_-0.425,,,
CG,2022-12-20,bollinger_tight,level_6_halt_dd_-0.425,,,
GNRC,2022-12-20,supertrend_macd,level_6_halt_dd_-0.425,,,
REZI,2022-12-20,cpr_narrow_bullish,level_6_halt_dd_-0.425,,,
CERN,2022-12-21,ichimoku_cloud_breakout,level_6_halt_dd_-0.425,,,
HST,2022-12-21,bollinger_lower,level_6_halt_dd_-0.425,,,
RKLB,2022-12-21,bollinger_lower,level_6_halt_dd_-0.425,,,
BHVN,2022-12-21,supertrend_macd,level_6_halt_dd_-0.425,,,
GNRC,2022-12-21,macd_fast_crossover,level_6_halt_dd_-0.425,,,
CCEP,2022-12-21,pivot_r2_continuation,level_6_halt_dd_-0.425,,,
FLR,2022-12-21,cpr_narrow_bullish,level_6_halt_dd_-0.425,,,
VET,2022-12-21,parabolic_sar_flip,level_6_halt_dd_-0.425,,,
AWK,2022-12-21,cpr_narrow_bullish,level_6_halt_dd_-0.425,,,
SWIM,2022-12-21,pivot_r1_breakout,level_6_halt_dd_-0.425,,,
CERN,2022-12-22,ichimoku_cloud_breakout,level_6_halt_dd_-0.434,,,
HBAN,2022-12-22,prev_day_low_bounce,level_6_halt_dd_-0.434,,,
BHVN,2022-12-22,supertrend_macd,level_6_halt_dd_-0.434,,,
CSX,2022-12-22,williams_stoch_dual,level_6_halt_dd_-0.434,,,
RKLB,2022-12-22,bollinger_tight,level_6_halt_dd_-0.434,,,
LCID,2022-12-22,pivot_r2_continuation,level_6_halt_dd_-0.434,,,
AOS,2022-12-22,cmf_flip,level_6_halt_dd_-0.434,,,
NVDA,2022-12-22,bollinger_tight,level_6_halt_dd_-0.434,,,
SGH,2022-12-22,cpr_narrow_bullish,level_6_halt_dd_-0.434,,,
WMB,2022-12-22,stochrsi_oversold,level_6_halt_dd_-0.434,,,
CERN,2022-12-23,ichimoku_cloud_breakout,level_6_halt_dd_-0.434,,,
LCID,2022-12-23,cpr_narrow_bullish,level_6_halt_dd_-0.434,,,
NVDA,2022-12-23,bollinger_tight,level_6_halt_dd_-0.434,,,
SGH,2022-12-23,bollinger_tight,level_6_halt_dd_-0.434,,,
BDX,2022-12-23,cpr_narrow_bullish,level_6_halt_dd_-0.434,,,
XLE,2022-12-23,cpr_narrow_bullish,level_6_halt_dd_-0.434,,,
BHVN,2022-12-23,supertrend_macd,level_6_halt_dd_-0.434,,,
VET,2022-12-23,hull_rsi,level_6_halt_dd_-0.434,,,
RKLB,2022-12-23,bollinger_tight,level_6_halt_dd_-0.434,,,
CCEP,2022-12-23,cpr_narrow_bullish,level_6_halt_dd_-0.434,,,
CERN,2022-12-26,ichimoku_cloud_breakout,level_6_halt_dd_-0.434,,,
LCID,2022-12-26,cpr_narrow_bullish,level_6_halt_dd_-0.434,,,
NVDA,2022-12-26,bollinger_tight,level_6_halt_dd_-0.434,,,
SGH,2022-12-26,bollinger_tight,level_6_halt_dd_-0.434,,,
BDX,2022-12-26,cpr_narrow_bullish,level_6_halt_dd_-0.434,,,
XLE,2022-12-26,cpr_narrow_bullish,level_6_halt_dd_-0.434,,,
BHVN,2022-12-26,supertrend_macd,level_6_halt_dd_-0.434,,,
VET,2022-12-26,hull_rsi,level_6_halt_dd_-0.434,,,
RKLB,2022-12-26,bollinger_tight,level_6_halt_dd_-0.434,,,
CCEP,2022-12-26,cpr_narrow_bullish,level_6_halt_dd_-0.434,,,
CERN,2022-12-27,ichimoku_cloud_breakout,level_6_halt_dd_-0.434,,,
LCID,2022-12-27,stochrsi_oversold,level_6_halt_dd_-0.434,,,
SGH,2022-12-27,bollinger_lower,level_6_halt_dd_-0.434,,,
RKLB,2022-12-27,bollinger_lower,level_6_halt_dd_-0.434,,,
BHVN,2022-12-27,stochrsi_oversold,level_6_halt_dd_-0.434,,,
NVDA,2022-12-27,bollinger_lower,level_6_halt_dd_-0.434,,,
VET,2022-12-27,hull_rsi,level_6_halt_dd_-0.434,,,
CCEP,2022-12-27,cpr_narrow_bullish,level_6_halt_dd_-0.434,,,
BDX,2022-12-27,cpr_narrow_bullish,level_6_halt_dd_-0.434,,,
BAM,2022-12-27,macd_fast_crossover,level_6_halt_dd_-0.434,,,
CERN,2022-12-28,ichimoku_cloud_breakout,level_6_halt_dd_-0.434,,,
JCI,2022-12-28,williams_r_oversold,level_6_halt_dd_-0.434,,,
SGH,2022-12-28,bollinger_lower,level_6_halt_dd_-0.434,,,
HST,2022-12-28,bollinger_tight,level_6_halt_dd_-0.434,,,
NVDA,2022-12-28,bollinger_lower,level_6_halt_dd_-0.434,,,
CSX,2022-12-28,cpr_narrow_bullish,level_6_halt_dd_-0.434,,,
REZI,2022-12-28,bollinger_tight,level_6_halt_dd_-0.434,,,
BAM,2022-12-28,stochrsi_oversold,level_6_halt_dd_-0.434,,,
GNRC,2022-12-28,pivot_r1_breakout,level_6_halt_dd_-0.434,,,
CG,2022-12-28,cpr_narrow_bullish,level_6_halt_dd_-0.434,,,
CERN,2022-12-29,ichimoku_cloud_breakout,level_6_halt_dd_-0.434,,,
CCEP,2022-12-29,cpr_narrow_bullish,level_6_halt_dd_-0.434,,,
HOLX,2022-12-29,hull_rsi,level_6_halt_dd_-0.434,,,
CG,2022-12-29,cpr_narrow_bullish,level_6_halt_dd_-0.434,,,
RF,2022-12-29,cpr_narrow_bullish,level_6_halt_dd_-0.434,,,
PSX,2022-12-29,cpr_narrow_bullish,level_6_halt_dd_-0.434,,,
UUUU,2022-12-29,hull_rsi,level_6_halt_dd_-0.434,,,
HBAN,2022-12-29,macd_crossover,level_6_halt_dd_-0.434,,,
VET,2022-12-29,supertrend_macd,level_6_halt_dd_-0.434,,,
HST,2022-12-29,bollinger_tight,level_6_halt_dd_-0.434,,,
CERN,2022-12-30,ichimoku_cloud_breakout,level_6_halt_dd_-0.434,,,
SGH,2022-12-30,bollinger_tight,level_6_halt_dd_-0.434,,,
GNRC,2022-12-30,cpr_narrow_bullish,level_6_halt_dd_-0.434,,,
FOX,2022-12-30,macd_fast_crossover,level_6_halt_dd_-0.434,,,
CSX,2022-12-30,williams_stoch_dual,level_6_halt_dd_-0.434,,,
XLE,2022-12-30,cpr_narrow_bullish,level_6_halt_dd_-0.434,,,
BHVN,2022-12-30,supertrend_macd,level_6_halt_dd_-0.434,,,
JCI,2022-12-30,cpr_narrow_bullish,level_6_halt_dd_-0.434,,,
RKLB,2022-12-30,macd_fast_crossover,level_6_halt_dd_-0.434,,,
VET,2022-12-30,supertrend_macd,level_6_halt_dd_-0.434,,,
SGH,2023-01-02,bollinger_tight,level_6_halt_dd_-0.434,,,
GNRC,2023-01-02,cpr_narrow_bullish,level_6_halt_dd_-0.434,,,
FOX,2023-01-02,macd_fast_crossover,level_6_halt_dd_-0.434,,,
CSX,2023-01-02,williams_stoch_dual,level_6_halt_dd_-0.434,,,
XLE,2023-01-02,cpr_narrow_bullish,level_6_halt_dd_-0.434,,,
BHVN,2023-01-02,supertrend_macd,level_6_halt_dd_-0.434,,,
JCI,2023-01-02,cpr_narrow_bullish,level_6_halt_dd_-0.434,,,
VET,2023-01-02,supertrend_macd,level_6_halt_dd_-0.434,,,
BAM,2023-01-02,cpr_narrow_bullish,level_6_halt_dd_-0.434,,,
COGT,2023-01-02,macd_crossover,level_6_halt_dd_-0.434,,,
VET,2023-01-03,bollinger_tight,level_6_halt_dd_-0.434,,,
AOS,2023-01-03,cpr_narrow_bullish,level_6_halt_dd_-0.434,,,
WMB,2023-01-03,bollinger_tight,level_6_halt_dd_-0.434,,,
VIVO,2023-01-03,pivot_r2_continuation,level_6_halt_dd_-0.434,,,
BHVN,2023-01-03,supertrend_macd,level_6_halt_dd_-0.434,,,
LCID,2023-01-03,parabolic_sar_flip,level_6_halt_dd_-0.434,,,
CSX,2023-01-03,williams_stoch_dual,level_6_halt_dd_-0.434,,,
JCI,2023-01-03,cpr_narrow_bullish,level_6_halt_dd_-0.434,,,
FLR,2023-01-03,cpr_narrow_bullish,level_6_halt_dd_-0.434,,,
BDX,2023-01-03,cpr_narrow_bullish,level_6_halt_dd_-0.434,,,
VET,2023-01-04,bollinger_tight,level_6_halt_dd_-0.434,,,
HOLX,2023-01-04,cpr_narrow_bullish,level_6_halt_dd_-0.434,,,
IFF,2023-01-04,cpr_narrow_bullish,level_6_halt_dd_-0.434,,,
BAC,2023-01-04,cpr_narrow_bullish,level_6_halt_dd_-0.434,,,
CG,2023-01-04,cpr_narrow_bullish,level_6_halt_dd_-0.434,,,
FOX,2023-01-04,cpr_narrow_bullish,level_6_halt_dd_-0.434,,,
PSX,2023-01-04,cpr_narrow_bullish,level_6_halt_dd_-0.434,,,
CCEP,2023-01-04,cpr_narrow_bullish,level_6_halt_dd_-0.434,,,
AOS,2023-01-04,cpr_narrow_bullish,level_6_halt_dd_-0.434,,,
HBAN,2023-01-04,cpr_narrow_bullish,level_6_halt_dd_-0.434,,,
FLR,2023-01-05,bollinger_lower,level_6_halt_dd_-0.434,,,
SGH,2023-01-05,bollinger_tight,level_6_halt_dd_-0.434,,,
VET,2023-01-05,bollinger_tight,level_6_halt_dd_-0.434,,,
VIVO,2023-01-05,cpr_narrow_bullish,level_6_halt_dd_-0.434,,,
WMB,2023-01-05,bollinger_tight,level_6_halt_dd_-0.434,,,
PSX,2023-01-05,cpr_narrow_bullish,level_6_halt_dd_-0.434,,,
NVDA,2023-01-05,cmf_flip,level_6_halt_dd_-0.434,,,
HST,2023-01-05,williams_stoch_dual,level_6_halt_dd_-0.434,,,
XLE,2023-01-05,macd_fast_crossover,level_6_halt_dd_-0.434,,,
CCEP,2023-01-05,cpr_narrow_bullish,level_6_halt_dd_-0.434,,,
CCEP,2023-01-06,cpr_narrow_bullish,level_6_halt_dd_-0.434,,,
IFF,2023-01-06,cpr_narrow_bullish,level_6_halt_dd_-0.434,,,
AOS,2023-01-06,cpr_narrow_bullish,level_6_halt_dd_-0.434,,,
VET,2023-01-06,bollinger_tight,level_6_halt_dd_-0.434,,,
JCI,2023-01-06,cpr_narrow_bullish,level_6_halt_dd_-0.434,,,
VIVO,2023-01-06,pivot_r2_continuation,level_6_halt_dd_-0.434,,,
HBAN,2023-01-06,cpr_narrow_bullish,level_6_halt_dd_-0.434,,,
CG,2023-01-06,cpr_narrow_bullish,level_6_halt_dd_-0.434,,,
BAC,2023-01-06,cpr_narrow_bullish,level_6_halt_dd_-0.434,,,
COGT,2023-01-06,cpr_narrow_bullish,level_6_halt_dd_-0.434,,,
HOLX,2023-01-09,pivot_r1_breakout,level_6_halt_dd_-0.434,,,
IFF,2023-01-09,cpr_narrow_bullish,level_6_halt_dd_-0.434,,,
AWK,2023-01-09,cpr_narrow_bullish,level_6_halt_dd_-0.434,,,
VET,2023-01-09,bollinger_tight,level_6_halt_dd_-0.434,,,
VIVO,2023-01-09,cpr_narrow_bullish,level_6_halt_dd_-0.434,,,
GNRC,2023-01-09,cpr_narrow_bullish,level_6_halt_dd_-0.434,,,
REZI,2023-01-09,cpr_narrow_bullish,level_6_halt_dd_-0.434,,,
RF,2023-01-09,cpr_narrow_bullish,level_6_halt_dd_-0.434,,,
CG,2023-01-09,pivot_r1_breakout,level_6_halt_dd_-0.434,,,
AOS,2023-01-09,cpr_narrow_bullish,level_6_halt_dd_-0.434,,,
HOLX,2023-01-10,cpr_narrow_bullish,level_6_halt_dd_-0.434,,,
VIVO,2023-01-10,pivot_s1_bounce,level_6_halt_dd_-0.434,,,
UUUU,2023-01-10,cpr_narrow_bullish,level_6_halt_dd_-0.434,,,
REZI,2023-01-10,cpr_narrow_bullish,level_6_halt_dd_-0.434,,,
IFF,2023-01-10,cpr_narrow_bullish,level_6_halt_dd_-0.434,,,
GNRC,2023-01-10,cpr_narrow_bullish,level_6_halt_dd_-0.434,,,
FOX,2023-01-10,pivot_r1_breakout,level_6_halt_dd_-0.434,,,
AWK,2023-01-10,cpr_narrow_bullish,level_6_halt_dd_-0.434,,,
JCI,2023-01-10,hull_rsi,level_6_halt_dd_-0.434,,,
CSX,2023-01-10,cpr_narrow_bullish,level_6_halt_dd_-0.434,,,
HOLX,2023-01-11,cpr_narrow_bullish,level_6_halt_dd_-0.434,,,
VIVO,2023-01-11,pivot_s1_bounce,level_6_halt_dd_-0.434,,,
BAC,2023-01-11,cpr_narrow_bullish,level_6_halt_dd_-0.434,,,
AWK,2023-01-11,cpr_narrow_bullish,level_6_halt_dd_-0.434,,,
AOS,2023-01-11,cpr_narrow_bullish,level_6_halt_dd_-0.434,,,
BHVN,2023-01-11,hull_rsi,level_6_halt_dd_-0.434,,,
RF,2023-01-11,cpr_narrow_bullish,level_6_halt_dd_-0.434,,,
JCI,2023-01-11,hull_rsi,level_6_halt_dd_-0.434,,,
CG,2023-01-11,cpr_narrow_bullish,level_6_halt_dd_-0.434,,,
IFF,2023-01-11,hull_rsi,level_6_halt_dd_-0.434,,,
JCI,2023-01-12,cpr_narrow_bullish,level_6_halt_dd_-0.434,,,
RF,2023-01-12,cpr_narrow_bullish,level_6_halt_dd_-0.434,,,
CG,2023-01-12,cpr_narrow_bullish,level_6_halt_dd_-0.434,,,
GNRC,2023-01-12,cpr_narrow_bullish,level_6_halt_dd_-0.434,,,
HBAN,2023-01-12,hull_rsi,level_6_halt_dd_-0.434,,,
IFF,2023-01-12,hull_rsi,level_6_halt_dd_-0.434,,,
CSX,2023-01-12,cpr_narrow_bullish,level_6_halt_dd_-0.434,,,
SGH,2023-01-12,cpr_narrow_bullish,level_6_halt_dd_-0.434,,,
XLE,2023-01-12,cpr_narrow_bullish,level_6_halt_dd_-0.434,,,
REZI,2023-01-12,cpr_narrow_bullish,level_6_halt_dd_-0.434,,,
BAC,2023-01-13,pivot_r1_breakout,level_6_halt_dd_-0.434,,,
RF,2023-01-13,cpr_narrow_bullish,level_6_halt_dd_-0.434,,,
FLR,2023-01-13,pivot_r1_breakout,level_6_halt_dd_-0.434,,,
JCI,2023-01-13,cpr_narrow_bullish,level_6_halt_dd_-0.434,,,
IFF,2023-01-13,cpr_narrow_bullish,level_6_halt_dd_-0.434,,,
UUUU,2023-01-13,cpr_narrow_bullish,level_6_halt_dd_-0.434,,,
BHVN,2023-01-13,cpr_narrow_bullish,level_6_halt_dd_-0.434,,,
HBAN,2023-01-13,pivot_s1_bounce,level_6_halt_dd_-0.434,,,
FOX,2023-01-13,cpr_narrow_bullish,level_6_halt_dd_-0.434,,,
COGT,2023-01-13,hull_rsi,level_6_halt_dd_-0.434,,,
BAC,2023-01-16,cpr_narrow_bullish,dedup_one_position_per_ticker_per_day,,,
BAC,2023-01-16,camarilla_r3_breakout,dedup_one_position_per_ticker_per_day,,,
BAC,2023-01-16,hull_rsi,dedup_one_position_per_ticker_per_day,,,
BAC,2023-01-16,supertrend_macd,dedup_one_position_per_ticker_per_day,,,
BAC,2023-01-16,cpr_narrow_momentum,dedup_one_position_per_ticker_per_day,,,
BAC,2023-01-16,r1_break_retest,dedup_one_position_per_ticker_per_day,,,
BAC,2023-01-16,break_retest_volume,dedup_one_position_per_ticker_per_day,,,
BAC,2023-01-16,break_retest_confluence,dedup_one_position_per_ticker_per_day,,,
BAC,2023-01-16,bollinger_lower,dedup_one_position_per_ticker_per_day,,,
BAC,2023-01-16,bollinger_tight,dedup_one_position_per_ticker_per_day,,,
BAC,2023-01-16,morning_star,dedup_one_position_per_ticker_per_day,,,
RF,2023-01-16,hull_rsi,dedup_one_position_per_ticker_per_day,,,
RF,2023-01-16,cpr_narrow_momentum,dedup_one_position_per_ticker_per_day,,,
RF,2023-01-16,stochrsi_oversold,dedup_one_position_per_ticker_per_day,,,
RF,2023-01-16,bollinger_tight,dedup_one_position_per_ticker_per_day,,,
RF,2023-01-16,williams_stoch_dual,dedup_one_position_per_ticker_per_day,,,
RF,2023-01-16,stochrsi_overbought_short,dedup_one_position_per_ticker_per_day,,,
RF,2023-01-16,lead_lag_sector_rotation,dedup_one_position_per_ticker_per_day,,,
FLR,2023-01-16,prev_day_high_break,dedup_one_position_per_ticker_per_day,,,
FLR,2023-01-16,macd_crossover,dedup_one_position_per_ticker_per_day,,,
FLR,2023-01-16,hull_rsi,dedup_one_position_per_ticker_per_day,,,
FLR,2023-01-16,macd_ichimoku,dedup_one_position_per_ticker_per_day,,,
FLR,2023-01-16,bollinger_lower,dedup_one_position_per_ticker_per_day,,,
FLR,2023-01-16,bollinger_tight,dedup_one_position_per_ticker_per_day,,,
FLR,2023-01-16,williams_stoch_dual,dedup_one_position_per_ticker_per_day,,,
JCI,2023-01-16,(any),ticker_already_open_concurrent_block_bug61,,,
IFF,2023-01-16,hull_rsi,dedup_one_position_per_ticker_per_day,,,
IFF,2023-01-16,ichimoku_cloud_breakout,dedup_one_position_per_ticker_per_day,,,
IFF,2023-01-16,supertrend_macd,dedup_one_position_per_ticker_per_day,,,
IFF,2023-01-16,cpr_narrow_momentum,dedup_one_position_per_ticker_per_day,,,
IFF,2023-01-16,break_retest_confluence,dedup_one_position_per_ticker_per_day,,,
IFF,2023-01-16,bollinger_tight,dedup_one_position_per_ticker_per_day,,,
IFF,2023-01-16,williams_stoch_dual,dedup_one_position_per_ticker_per_day,,,
UUUU,2023-01-16,hull_rsi,dedup_one_position_per_ticker_per_day,,,
UUUU,2023-01-16,cpr_narrow_momentum,dedup_one_position_per_ticker_per_day,,,
UUUU,2023-01-16,r1_break_retest,dedup_one_position_per_ticker_per_day,,,
UUUU,2023-01-16,break_retest_confluence,dedup_one_position_per_ticker_per_day,,,
UUUU,2023-01-16,bollinger_lower,dedup_one_position_per_ticker_per_day,,,
UUUU,2023-01-16,bollinger_tight,dedup_one_position_per_ticker_per_day,,,
UUUU,2023-01-16,williams_stoch_dual,dedup_one_position_per_ticker_per_day,,,
BHVN,2023-01-16,hull_rsi,dedup_one_position_per_ticker_per_day,,,
BHVN,2023-01-16,adx_initiation,dedup_one_position_per_ticker_per_day,,,
BHVN,2023-01-16,supertrend_macd,dedup_one_position_per_ticker_per_day,,,
BHVN,2023-01-16,cpr_narrow_momentum,dedup_one_position_per_ticker_per_day,,,
BHVN,2023-01-16,r1_break_retest,dedup_one_position_per_ticker_per_day,,,
BHVN,2023-01-16,bollinger_lower,dedup_one_position_per_ticker_per_day,,,
BHVN,2023-01-16,bollinger_tight,dedup_one_position_per_ticker_per_day,,,
HBAN,2023-01-16,prev_day_low_bounce,dedup_one_position_per_ticker_per_day,,,
HBAN,2023-01-16,pivot_fib_confluence,dedup_one_position_per_ticker_per_day,,,
HBAN,2023-01-16,stochrsi_oversold,dedup_one_position_per_ticker_per_day,,,
HBAN,2023-01-16,bollinger_tight,dedup_one_position_per_ticker_per_day,,,
HBAN,2023-01-16,evening_star_short,dedup_one_position_per_ticker_per_day,,,
HBAN,2023-01-16,stochrsi_overbought_short,dedup_one_position_per_ticker_per_day,,,
HBAN,2023-01-16,lead_lag_sector_rotation,dedup_one_position_per_ticker_per_day,,,
FOX,2023-01-16,hull_rsi,dedup_one_position_per_ticker_per_day,,,
FOX,2023-01-16,cpr_narrow_momentum,dedup_one_position_per_ticker_per_day,,,
FOX,2023-01-16,break_retest_confluence,dedup_one_position_per_ticker_per_day,,,
FOX,2023-01-16,stochrsi_oversold,dedup_one_position_per_ticker_per_day,,,
FOX,2023-01-16,bollinger_tight,dedup_one_position_per_ticker_per_day,,,
FOX,2023-01-16,stochrsi_overbought_short,dedup_one_position_per_ticker_per_day,,,
COGT,2023-01-16,supertrend_macd,dedup_one_position_per_ticker_per_day,,,
COGT,2023-01-16,r1_break_retest,dedup_one_position_per_ticker_per_day,,,
COGT,2023-01-16,break_retest_confluence,dedup_one_position_per_ticker_per_day,,,
COGT,2023-01-16,bollinger_lower,dedup_one_position_per_ticker_per_day,,,
COGT,2023-01-16,bollinger_tight,dedup_one_position_per_ticker_per_day,,,
GNRC,2023-01-17,cpr_narrow_bullish,level_6_halt_dd_-0.434,,,
IFF,2023-01-17,cpr_narrow_bullish,level_6_halt_dd_-0.434,,,
CG,2023-01-17,cpr_narrow_bullish,level_6_halt_dd_-0.434,,,
COGT,2023-01-17,cpr_narrow_bullish,level_6_halt_dd_-0.434,,,
HST,2023-01-17,cpr_narrow_bullish,level_6_halt_dd_-0.434,,,
CCEP,2023-01-17,pivot_r2_continuation,level_6_halt_dd_-0.434,,,
NVDA,2023-01-17,hull_rsi,level_6_halt_dd_-0.434,,,
CSX,2023-01-17,cpr_narrow_bullish,level_6_halt_dd_-0.434,,,
XLE,2023-01-17,cpr_narrow_bullish,level_6_halt_dd_-0.434,,,
RF,2023-01-17,cpr_narrow_bullish,level_6_halt_dd_-0.434,,,
WMB,2023-01-18,bollinger_tight,level_6_halt_dd_-0.444,,,
LCID,2023-01-18,cpr_narrow_bullish,level_6_halt_dd_-0.444,,,
IFF,2023-01-18,ichimoku_cloud_breakout,level_6_halt_dd_-0.444,,,
AWK,2023-01-18,cpr_narrow_bullish,level_6_halt_dd_-0.444,,,
CG,2023-01-18,cpr_narrow_bullish,level_6_halt_dd_-0.444,,,
BDX,2023-01-18,ichimoku_cloud_breakout,level_6_halt_dd_-0.444,,,
VIVO,2023-01-18,ichimoku_cloud_breakout,level_6_halt_dd_-0.444,,,
GNRC,2023-01-18,cpr_narrow_bullish,level_6_halt_dd_-0.444,,,
HOLX,2023-01-18,ichimoku_cloud_breakout,level_6_halt_dd_-0.444,,,
SGH,2023-01-18,cpr_narrow_bullish,level_6_halt_dd_-0.444,,,
AOS,2023-01-19,cpr_narrow_bullish,level_6_halt_dd_-0.444,,,
WMB,2023-01-19,cmf_flip,level_6_halt_dd_-0.444,,,
HBAN,2023-01-19,prev_day_high_break,level_6_halt_dd_-0.444,,,
PSX,2023-01-19,cpr_narrow_bullish,level_6_halt_dd_-0.444,,,
BDX,2023-01-19,williams_r_oversold,level_6_halt_dd_-0.444,,,
GNRC,2023-01-19,supertrend_macd,level_6_halt_dd_-0.444,,,
AWK,2023-01-19,bollinger_tight,level_6_halt_dd_-0.444,,,
BHVN,2023-01-19,cpr_narrow_bullish,level_6_halt_dd_-0.444,,,
CG,2023-01-19,supertrend_macd,level_6_halt_dd_-0.444,,,
CSX,2023-01-19,ichimoku_tk_cross,level_6_halt_dd_-0.444,,,
RF,2023-01-20,pivot_r1_breakout,level_6_halt_dd_-0.444,,,
NVDA,2023-01-20,cpr_narrow_bullish,level_6_halt_dd_-0.444,,,
WMB,2023-01-20,bollinger_lower,level_6_halt_dd_-0.444,,,
CG,2023-01-20,cpr_narrow_bullish,level_6_halt_dd_-0.444,,,
COGT,2023-01-20,cpr_narrow_bullish,level_6_halt_dd_-0.444,,,
FLR,2023-01-20,cpr_narrow_bullish,level_6_halt_dd_-0.444,,,
UUUU,2023-01-20,pivot_r1_breakout,level_6_halt_dd_-0.444,,,
HOLX,2023-01-20,cpr_narrow_bullish,level_6_halt_dd_-0.444,,,
BHVN,2023-01-20,cpr_narrow_bullish,level_6_halt_dd_-0.444,,,
HBAN,2023-01-20,roc_burst,level_6_halt_dd_-0.444,,,
HOLX,2023-01-23,pivot_r2_continuation,level_6_halt_dd_-0.444,,,
HBAN,2023-01-23,pivot_r1_breakout,level_6_halt_dd_-0.444,,,
COGT,2023-01-23,cpr_narrow_bullish,level_6_halt_dd_-0.444,,,
CG,2023-01-23,cpr_narrow_bullish,level_6_halt_dd_-0.444,,,
NVDA,2023-01-23,hull_rsi,level_6_halt_dd_-0.444,,,
GNRC,2023-01-23,cpr_narrow_bullish,level_6_halt_dd_-0.444,,,
VIVO,2023-01-23,pivot_r2_continuation,level_6_halt_dd_-0.444,,,
BHVN,2023-01-23,cpr_narrow_bullish,level_6_halt_dd_-0.444,,,
SGH,2023-01-23,cpr_narrow_bullish,level_6_halt_dd_-0.444,,,
BDX,2023-01-23,williams_r_oversold,level_6_halt_dd_-0.444,,,
COGT,2023-01-24,pivot_r2_continuation,level_6_halt_dd_-0.444,,,
BDX,2023-01-24,bollinger_lower,level_6_halt_dd_-0.444,,,
WMB,2023-01-24,bollinger_tight,level_6_halt_dd_-0.444,,,
JCI,2023-01-24,cpr_narrow_bullish,level_6_halt_dd_-0.444,,,
FLR,2023-01-24,cpr_narrow_bullish,level_6_halt_dd_-0.444,,,
NVDA,2023-01-24,hull_rsi,level_6_halt_dd_-0.444,,,
HOLX,2023-01-24,hull_rsi,level_6_halt_dd_-0.444,,,
CG,2023-01-24,cpr_narrow_bullish,level_6_halt_dd_-0.444,,,
HST,2023-01-24,hull_rsi,level_6_halt_dd_-0.444,,,
BAC,2023-01-24,cpr_narrow_bullish,level_6_halt_dd_-0.444,,,
VIVO,2023-01-25,pivot_r2_continuation,level_6_halt_dd_-0.444,,,
UUUU,2023-01-25,pivot_r1_breakout,level_6_halt_dd_-0.444,,,
NVDA,2023-01-25,cpr_narrow_bullish,level_6_halt_dd_-0.444,,,
FOX,2023-01-25,cpr_narrow_bullish,level_6_halt_dd_-0.444,,,
CSX,2023-01-25,pivot_r1_breakout,level_6_halt_dd_-0.444,,,
HOLX,2023-01-25,cpr_narrow_bullish,level_6_halt_dd_-0.444,,,
COGT,2023-01-25,cpr_narrow_bullish,level_6_halt_dd_-0.444,,,
HST,2023-01-25,cpr_narrow_bullish,level_6_halt_dd_-0.444,,,
JCI,2023-01-25,cpr_narrow_bullish,level_6_halt_dd_-0.444,,,
HBAN,2023-01-25,cpr_narrow_bullish,level_6_halt_dd_-0.444,,,
CSX,2023-01-26,bollinger_lower,level_6_halt_dd_-0.444,,,
VIVO,2023-01-26,cpr_narrow_bullish,level_6_halt_dd_-0.444,,,
COGT,2023-01-26,cpr_narrow_bullish,level_6_halt_dd_-0.444,,,
NVDA,2023-01-26,cpr_narrow_bullish,level_6_halt_dd_-0.444,,,
CG,2023-01-26,cpr_narrow_bullish,level_6_halt_dd_-0.444,,,
HOLX,2023-01-26,pivot_r2_continuation,level_6_halt_dd_-0.444,,,
RF,2023-01-26,cpr_narrow_bullish,level_6_halt_dd_-0.444,,,
BAC,2023-01-26,cpr_narrow_bullish,level_6_halt_dd_-0.444,,,
JCI,2023-01-26,cpr_narrow_bullish,level_6_halt_dd_-0.444,,,
HBAN,2023-01-26,hull_rsi,level_6_halt_dd_-0.444,,,
LCID,2023-01-27,pivot_r1_breakout,level_6_halt_dd_-0.444,,,
VIVO,2023-01-27,pivot_s1_bounce,level_6_halt_dd_-0.444,,,
HST,2023-01-27,cpr_narrow_bullish,level_6_halt_dd_-0.444,,,
NVDA,2023-01-27,cpr_narrow_bullish,level_6_halt_dd_-0.444,,,
GNRC,2023-01-27,cpr_narrow_bullish,level_6_halt_dd_-0.444,,,
UUUU,2023-01-27,cpr_narrow_bullish,level_6_halt_dd_-0.444,,,
FLR,2023-01-27,cpr_narrow_bullish,level_6_halt_dd_-0.444,,,
RF,2023-01-27,cpr_narrow_bullish,level_6_halt_dd_-0.444,,,
HBAN,2023-01-27,cpr_narrow_bullish,level_6_halt_dd_-0.444,,,
BHVN,2023-01-27,cpr_narrow_bullish,level_6_halt_dd_-0.444,,,
CSX,2023-01-30,bollinger_lower,level_6_halt_dd_-0.444,,,
WMB,2023-01-30,bollinger_lower,level_6_halt_dd_-0.444,,,
VIVO,2023-01-30,hull_rsi,level_6_halt_dd_-0.444,,,
UUUU,2023-01-30,cpr_narrow_bullish,level_6_halt_dd_-0.444,,,
HST,2023-01-30,cpr_narrow_bullish,level_6_halt_dd_-0.444,,,
LCID,2023-01-30,hull_rsi,level_6_halt_dd_-0.444,,,
FOX,2023-01-30,hull_rsi,level_6_halt_dd_-0.444,,,
VET,2023-01-30,supertrend_macd,level_6_halt_dd_-0.444,,,
HOLX,2023-01-30,ichimoku_cloud_breakout,level_6_halt_dd_-0.444,,,
BAC,2023-01-30,pivot_s1_bounce,level_6_halt_dd_-0.444,,,
AOS,2023-01-31,pivot_r1_breakout,level_6_halt_dd_-0.444,,,
PSX,2023-01-31,pivot_r1_breakout,level_6_halt_dd_-0.444,,,
COGT,2023-01-31,pivot_r2_continuation,level_6_halt_dd_-0.444,,,
HBAN,2023-01-31,pivot_r1_breakout,level_6_halt_dd_-0.444,,,
CG,2023-01-31,cpr_narrow_bullish,level_6_halt_dd_-0.444,,,
HST,2023-01-31,cpr_narrow_bullish,level_6_halt_dd_-0.444,,,
JCI,2023-01-31,pivot_r1_breakout,level_6_halt_dd_-0.444,,,
VIVO,2023-01-31,hull_rsi,level_6_halt_dd_-0.444,,,
GNRC,2023-01-31,cpr_narrow_bullish,level_6_halt_dd_-0.444,,,
FOX,2023-01-31,cpr_narrow_bullish,level_6_halt_dd_-0.444,,,
HOLX,2023-02-01,pivot_r2_continuation,level_6_halt_dd_-0.444,,,
NVDA,2023-02-01,cpr_narrow_bullish,level_6_halt_dd_-0.444,,,
VIVO,2023-02-01,hull_rsi,level_6_halt_dd_-0.444,,,
JCI,2023-02-01,doji_at_support,level_6_halt_dd_-0.444,,,
XLE,2023-02-01,williams_r_oversold,level_6_halt_dd_-0.444,,,
COGT,2023-02-01,cpr_narrow_bullish,level_6_halt_dd_-0.444,,,
LCID,2023-02-01,cpr_narrow_bullish,level_6_halt_dd_-0.444,,,
PSX,2023-02-01,bollinger_tight,level_6_halt_dd_-0.444,,,
UUUU,2023-02-01,cpr_narrow_bullish,level_6_halt_dd_-0.444,,,
HBAN,2023-02-01,cpr_narrow_bullish,level_6_halt_dd_-0.444,,,
HOLX,2023-02-02,pivot_r1_breakout,level_6_halt_dd_-0.444,,,
BDX,2023-02-02,pivot_r1_breakout,level_6_halt_dd_-0.444,,,
UUUU,2023-02-02,cpr_narrow_bullish,level_6_halt_dd_-0.444,,,
COGT,2023-02-02,cpr_narrow_bullish,level_6_halt_dd_-0.444,,,
HST,2023-02-02,cpr_narrow_bullish,level_6_halt_dd_-0.444,,,
GNRC,2023-02-02,pivot_r1_breakout,level_6_halt_dd_-0.444,,,
FOX,2023-02-02,cpr_narrow_bullish,level_6_halt_dd_-0.444,,,
REZI,2023-02-02,cpr_narrow_bullish,level_6_halt_dd_-0.444,,,
JCI,2023-02-02,williams_r_oversold,level_6_halt_dd_-0.444,,,
NVDA,2023-02-02,cpr_narrow_bullish,level_6_halt_dd_-0.444,,,
RF,2023-02-03,cpr_narrow_bullish,level_6_halt_dd_-0.444,,,
VIVO,2023-02-03,hull_rsi,level_6_halt_dd_-0.444,,,
VET,2023-02-03,supertrend_macd,level_6_halt_dd_-0.444,,,
HOLX,2023-02-03,cpr_narrow_bullish,level_6_halt_dd_-0.444,,,
BAC,2023-02-03,cpr_narrow_bullish,level_6_halt_dd_-0.444,,,
SGH,2023-02-03,cpr_narrow_bullish,level_6_halt_dd_-0.444,,,
BDX,2023-02-03,bollinger_tight,level_6_halt_dd_-0.444,,,
REZI,2023-02-03,cpr_narrow_bullish,level_6_halt_dd_-0.444,,,
LCID,2023-02-03,pivot_s1_bounce,level_6_halt_dd_-0.444,,,
XLE,2023-02-03,bollinger_tight,level_6_halt_dd_-0.444,,,
VET,2023-02-06,bollinger_tight,level_6_halt_dd_-0.444,,,
CG,2023-02-06,ichimoku_cloud_breakout,level_6_halt_dd_-0.444,,,
VIVO,2023-02-06,hull_rsi,level_6_halt_dd_-0.444,,,
HST,2023-02-06,golden_cross_50_200,level_6_halt_dd_-0.444,,,
UUUU,2023-02-06,ichimoku_cloud_breakout,level_6_halt_dd_-0.444,,,
BHVN,2023-02-06,ichimoku_cloud_breakout,level_6_halt_dd_-0.444,,,
PSX,2023-02-06,bollinger_tight,level_6_halt_dd_-0.444,,,
HOLX,2023-02-06,hull_rsi,level_6_halt_dd_-0.444,,,
FOX,2023-02-06,ichimoku_cloud_breakout,level_6_halt_dd_-0.444,,,
COGT,2023-02-06,ichimoku_cloud_breakout,level_6_halt_dd_-0.444,,,
NVDA,2023-02-07,pivot_r2_continuation,level_6_halt_dd_-0.444,,,
JCI,2023-02-07,williams_r_oversold,level_6_halt_dd_-0.444,,,
HOLX,2023-02-07,pivot_r2_continuation,level_6_halt_dd_-0.444,,,
CG,2023-02-07,cpr_narrow_bullish,level_6_halt_dd_-0.444,,,
VIVO,2023-02-07,hull_rsi,level_6_halt_dd_-0.444,,,
BAC,2023-02-07,cpr_narrow_bullish,level_6_halt_dd_-0.444,,,
CCEP,2023-02-07,williams_r_oversold,level_6_halt_dd_-0.444,,,
COGT,2023-02-07,cpr_narrow_bullish,level_6_halt_dd_-0.444,,,
REZI,2023-02-07,cpr_narrow_bullish,level_6_halt_dd_-0.444,,,
RF,2023-02-07,cpr_narrow_bullish,level_6_halt_dd_-0.444,,,
FOX,2023-02-08,pivot_r1_breakout,level_6_halt_dd_-0.444,,,
AWK,2023-02-08,bollinger_tight,level_6_halt_dd_-0.444,,,
NVDA,2023-02-08,cpr_narrow_bullish,level_6_halt_dd_-0.444,,,
VIVO,2023-02-08,hull_rsi,level_6_halt_dd_-0.444,,,
BAM,2023-02-08,cpr_narrow_bullish,level_6_halt_dd_-0.444,,,
HOLX,2023-02-08,hull_rsi,level_6_halt_dd_-0.444,,,
COGT,2023-02-08,ichimoku_cloud_breakout,level_6_halt_dd_-0.444,,,
HST,2023-02-08,cpr_narrow_bullish,level_6_halt_dd_-0.444,,,
RF,2023-02-08,cpr_narrow_bullish,level_6_halt_dd_-0.444,,,
LCID,2023-02-08,cpr_narrow_bullish,level_6_halt_dd_-0.444,,,
IFF,2023-02-09,bollinger_lower,level_6_halt_dd_-0.455,,,
CG,2023-02-09,williams_r_oversold,level_6_halt_dd_-0.455,,,
BHVN,2023-02-09,ichimoku_cloud_breakout,level_6_halt_dd_-0.455,,,
VIVO,2023-02-09,hull_rsi,level_6_halt_dd_-0.455,,,
BAM,2023-02-09,cpr_narrow_bullish,level_6_halt_dd_-0.455,,,
AWK,2023-02-09,bollinger_lower,level_6_halt_dd_-0.455,,,
NVDA,2023-02-09,hull_rsi,level_6_halt_dd_-0.455,,,
FOX,2023-02-09,hull_rsi,level_6_halt_dd_-0.455,,,
HOLX,2023-02-09,ichimoku_cloud_breakout,level_6_halt_dd_-0.455,,,
BDX,2023-02-09,bollinger_tight,level_6_halt_dd_-0.455,,,
IFF,2023-02-10,cmf_flip,level_6_halt_dd_-0.449,,,
VIVO,2023-02-10,hull_rsi,level_6_halt_dd_-0.449,,,
BHVN,2023-02-10,ichimoku_cloud_breakout,level_6_halt_dd_-0.449,,,
NVDA,2023-02-10,ichimoku_cloud_breakout,level_6_halt_dd_-0.449,,,
PSX,2023-02-10,cpr_narrow_bullish,level_6_halt_dd_-0.449,,,
JCI,2023-02-10,williams_r_oversold,level_6_halt_dd_-0.449,,,
CCEP,2023-02-10,bollinger_tight,level_6_halt_dd_-0.449,,,
BAM,2023-02-10,hull_rsi,level_6_halt_dd_-0.449,,,
COGT,2023-02-10,ichimoku_cloud_breakout,level_6_halt_dd_-0.449,,,
GNRC,2023-02-10,ichimoku_cloud_breakout,level_6_halt_dd_-0.449,,,
COGT,2023-02-13,williams_r_oversold,level_6_halt_dd_-0.449,,,
VIVO,2023-02-13,hull_rsi,level_6_halt_dd_-0.449,,,
NVDA,2023-02-13,cpr_narrow_bullish,level_6_halt_dd_-0.449,,,
BAM,2023-02-13,cpr_narrow_bullish,level_6_halt_dd_-0.449,,,
BHVN,2023-02-13,cpr_narrow_bullish,level_6_halt_dd_-0.449,,,
IFF,2023-02-13,bollinger_lower,level_6_halt_dd_-0.449,,,
AOS,2023-02-13,cpr_narrow_bullish,level_6_halt_dd_-0.449,,,
RF,2023-02-13,pivot_r2_continuation,level_6_halt_dd_-0.449,,,
HOLX,2023-02-13,pivot_r2_continuation,level_6_halt_dd_-0.449,,,
HBAN,2023-02-13,cpr_narrow_bullish,level_6_halt_dd_-0.449,,,
NVDA,2023-02-14,pivot_r2_continuation,level_6_halt_dd_-0.449,,,
VIVO,2023-02-14,hull_rsi,level_6_halt_dd_-0.449,,,
CSX,2023-02-14,cpr_narrow_bullish,level_6_halt_dd_-0.449,,,
AWK,2023-02-14,bollinger_tight,level_6_halt_dd_-0.449,,,
BDX,2023-02-14,bollinger_tight,level_6_halt_dd_-0.449,,,
BAM,2023-02-14,cpr_narrow_bullish,level_6_halt_dd_-0.449,,,
COGT,2023-02-14,cpr_narrow_bullish,level_6_halt_dd_-0.449,,,
XLE,2023-02-14,cpr_narrow_bullish,level_6_halt_dd_-0.449,,,
IFF,2023-02-14,bollinger_tight,level_6_halt_dd_-0.449,,,
CCEP,2023-02-14,cpr_narrow_bullish,level_6_halt_dd_-0.449,,,
GNRC,2023-02-15,pivot_r1_breakout,level_6_halt_dd_-0.449,,,
VIVO,2023-02-15,hull_rsi,level_6_halt_dd_-0.449,,,
COGT,2023-02-15,williams_r_oversold,level_6_halt_dd_-0.449,,,
FOX,2023-02-15,cpr_narrow_bullish,level_6_halt_dd_-0.449,,,
BDX,2023-02-15,ichimoku_tk_cross,level_6_halt_dd_-0.449,,,
NVDA,2023-02-15,hull_rsi,level_6_halt_dd_-0.449,,,
AWK,2023-02-15,bollinger_tight,level_6_halt_dd_-0.449,,,
BHVN,2023-02-15,cpr_narrow_bullish,level_6_halt_dd_-0.449,,,
BAM,2023-02-15,cpr_narrow_bullish,level_6_halt_dd_-0.449,,,
AOS,2023-02-15,cpr_narrow_bullish,level_6_halt_dd_-0.449,,,
AWK,2023-02-16,pivot_s2_bounce,level_6_halt_dd_-0.449,,,
HST,2023-02-16,bollinger_tight,level_6_halt_dd_-0.449,,,
COGT,2023-02-16,williams_r_oversold,level_6_halt_dd_-0.449,,,
CSX,2023-02-16,cpr_narrow_bullish,level_6_halt_dd_-0.449,,,
VIVO,2023-02-16,hull_rsi,level_6_halt_dd_-0.449,,,
BHVN,2023-02-16,bollinger_tight,level_6_halt_dd_-0.449,,,
BDX,2023-02-16,bollinger_lower,level_6_halt_dd_-0.449,,,
CCEP,2023-02-16,cpr_narrow_bullish,level_6_halt_dd_-0.449,,,
XLE,2023-02-16,cpr_narrow_bullish,level_6_halt_dd_-0.449,,,
JCI,2023-02-16,williams_r_oversold,level_6_halt_dd_-0.449,,,
VET,2023-02-17,bollinger_lower,level_6_halt_dd_-0.449,,,
FOX,2023-02-17,cpr_narrow_bullish,level_6_halt_dd_-0.449,,,
VIVO,2023-02-17,hull_rsi,level_6_halt_dd_-0.449,,,
XLE,2023-02-17,bollinger_lower,level_6_halt_dd_-0.449,,,
HST,2023-02-17,bollinger_lower,level_6_halt_dd_-0.449,,,
CSX,2023-02-17,cpr_narrow_bullish,level_6_halt_dd_-0.449,,,
GNRC,2023-02-17,pivot_s1_bounce,level_6_halt_dd_-0.449,,,
COGT,2023-02-17,stochrsi_oversold,level_6_halt_dd_-0.449,,,
UUUU,2023-02-17,williams_r_oversold,level_6_halt_dd_-0.449,,,
WMB,2023-02-17,bollinger_tight,level_6_halt_dd_-0.449,,,
VET,2023-02-20,bollinger_lower,level_6_halt_dd_-0.449,,,
FOX,2023-02-20,cpr_narrow_bullish,level_6_halt_dd_-0.449,,,
VIVO,2023-02-20,hull_rsi,level_6_halt_dd_-0.449,,,
XLE,2023-02-20,bollinger_lower,level_6_halt_dd_-0.449,,,
HST,2023-02-20,bollinger_lower,level_6_halt_dd_-0.449,,,
CSX,2023-02-20,cpr_narrow_bullish,level_6_halt_dd_-0.449,,,
GNRC,2023-02-20,pivot_s1_bounce,level_6_halt_dd_-0.449,,,
COGT,2023-02-20,stochrsi_oversold,level_6_halt_dd_-0.449,,,
UUUU,2023-02-20,williams_r_oversold,level_6_halt_dd_-0.449,,,
WMB,2023-02-20,bollinger_tight,level_6_halt_dd_-0.449,,,
GNRC,2023-02-21,ichimoku_cloud_breakout,level_6_halt_dd_-0.456,,,
REZI,2023-02-21,pivot_r1_breakout,level_6_halt_dd_-0.456,,,
BDX,2023-02-21,bollinger_lower,level_6_halt_dd_-0.456,,,
RF,2023-02-21,williams_r_oversold,level_6_halt_dd_-0.456,,,
COGT,2023-02-21,ichimoku_cloud_breakout,level_6_halt_dd_-0.456,,,
WMB,2023-02-21,bollinger_lower,level_6_halt_dd_-0.456,,,
JCI,2023-02-21,williams_r_oversold,level_6_halt_dd_-0.456,,,
BHVN,2023-02-21,bollinger_lower,level_6_halt_dd_-0.456,,,
VIVO,2023-02-21,hull_rsi,level_6_halt_dd_-0.456,,,
UUUU,2023-02-21,bollinger_lower,level_6_halt_dd_-0.456,,,
VET,2023-02-22,stochrsi_oversold,level_6_halt_dd_-0.456,,,
XLE,2023-02-22,stochrsi_oversold,level_6_halt_dd_-0.456,,,
VIVO,2023-02-22,hull_rsi,level_6_halt_dd_-0.456,,,
RF,2023-02-22,williams_r_oversold,level_6_halt_dd_-0.456,,,
CSX,2023-02-22,bollinger_tight,level_6_halt_dd_-0.456,,,
BAC,2023-02-22,bollinger_lower,level_6_halt_dd_-0.456,,,
JCI,2023-02-22,williams_r_oversold,level_6_halt_dd_-0.456,,,
AWK,2023-02-22,bollinger_tight,level_6_halt_dd_-0.456,,,
HBAN,2023-02-22,williams_r_oversold,level_6_halt_dd_-0.456,,,
CCEP,2023-02-22,cpr_narrow_bullish,level_6_halt_dd_-0.456,,,
NVDA,2023-02-23,pivot_r2_continuation,level_6_halt_dd_-0.456,,,
VIVO,2023-02-23,hull_rsi,level_6_halt_dd_-0.456,,,
LCID,2023-02-23,bollinger_tight,level_6_halt_dd_-0.456,,,
BAC,2023-02-23,bollinger_lower,level_6_halt_dd_-0.456,,,
AWK,2023-02-23,bollinger_lower,level_6_halt_dd_-0.456,,,
BDX,2023-02-23,bollinger_tight,level_6_halt_dd_-0.456,,,
UUUU,2023-02-23,bollinger_tight,level_6_halt_dd_-0.456,,,
RF,2023-02-23,cpr_narrow_bullish,level_6_halt_dd_-0.456,,,
BAM,2023-02-23,macd_crossover,level_6_halt_dd_-0.456,,,
BHVN,2023-02-23,stochrsi_oversold,level_6_halt_dd_-0.456,,,
BDX,2023-02-24,prev_day_low_bounce,level_6_halt_dd_-0.456,,,
JCI,2023-02-24,williams_r_oversold,level_6_halt_dd_-0.456,,,
HOLX,2023-02-24,williams_r_oversold,level_6_halt_dd_-0.456,,,
AWK,2023-02-24,stochrsi_oversold,level_6_halt_dd_-0.456,,,
COGT,2023-02-24,bollinger_tight,level_6_halt_dd_-0.456,,,
UUUU,2023-02-24,stochrsi_oversold,level_6_halt_dd_-0.456,,,
BHVN,2023-02-24,stochrsi_oversold,level_6_halt_dd_-0.456,,,
VIVO,2023-02-24,hull_rsi,level_6_halt_dd_-0.456,,,
AOS,2023-02-24,williams_r_oversold,level_6_halt_dd_-0.456,,,
GNRC,2023-02-24,stochrsi_oversold,level_6_halt_dd_-0.456,,,
AWK,2023-02-27,bollinger_lower,level_6_halt_dd_-0.456,,,
VIVO,2023-02-27,hull_rsi,level_6_halt_dd_-0.456,,,
BDX,2023-02-27,bollinger_tight,level_6_halt_dd_-0.456,,,
HOLX,2023-02-27,williams_r_oversold,level_6_halt_dd_-0.456,,,
SGH,2023-02-27,stochrsi_oversold,level_6_halt_dd_-0.456,,,
BHVN,2023-02-27,stochrsi_oversold,level_6_halt_dd_-0.456,,,
WMB,2023-02-27,stochrsi_oversold,level_6_halt_dd_-0.456,,,
NVDA,2023-02-27,cpr_narrow_bullish,level_6_halt_dd_-0.456,,,
BAM,2023-02-27,cpr_narrow_bullish,level_6_halt_dd_-0.456,,,
GNRC,2023-02-27,cpr_narrow_bullish,level_6_halt_dd_-0.456,,,
BDX,2023-02-28,bollinger_tight,level_6_halt_dd_-0.456,,,
HST,2023-02-28,bollinger_tight,level_6_halt_dd_-0.456,,,
HOLX,2023-02-28,williams_r_oversold,level_6_halt_dd_-0.456,,,
VIVO,2023-02-28,hull_rsi,level_6_halt_dd_-0.456,,,
WMB,2023-02-28,bollinger_lower,level_6_halt_dd_-0.456,,,
AWK,2023-02-28,stochrsi_oversold,level_6_halt_dd_-0.456,,,
FOX,2023-02-28,ichimoku_cloud_breakout,level_6_halt_dd_-0.456,,,
CCEP,2023-02-28,cpr_narrow_bullish,level_6_halt_dd_-0.456,,,
XLE,2023-02-28,bollinger_tight,level_6_halt_dd_-0.456,,,
BAM,2023-02-28,cpr_narrow_bullish,level_6_halt_dd_-0.456,,,
AWK,2023-03-01,stochrsi_oversold,level_6_halt_dd_-0.456,,,
BDX,2023-03-01,stochrsi_oversold,level_6_halt_dd_-0.456,,,
FLR,2023-03-01,pivot_r1_breakout,level_6_halt_dd_-0.456,,,
PSX,2023-03-01,cpr_narrow_bullish,level_6_halt_dd_-0.456,,,
LCID,2023-03-01,stochrsi_oversold,level_6_halt_dd_-0.456,,,
VIVO,2023-03-01,hull_rsi,level_6_halt_dd_-0.456,,,
GNRC,2023-03-01,ichimoku_cloud_breakout,level_6_halt_dd_-0.456,,,
HOLX,2023-03-01,williams_r_oversold,level_6_halt_dd_-0.456,,,
BAC,2023-03-01,stochrsi_oversold,level_6_halt_dd_-0.456,,,
IFF,2023-03-01,stochrsi_oversold,level_6_halt_dd_-0.456,,,
UUUU,2023-03-02,bollinger_tight,level_6_halt_dd_-0.461,,,
BAC,2023-03-02,stochrsi_oversold,level_6_halt_dd_-0.461,,,
BHVN,2023-03-02,stochrsi_oversold,level_6_halt_dd_-0.461,,,
VIVO,2023-03-02,hull_rsi,level_6_halt_dd_-0.461,,,
RF,2023-03-02,williams_r_oversold,level_6_halt_dd_-0.461,,,
HBAN,2023-03-02,cpr_narrow_bullish,level_6_halt_dd_-0.461,,,
BDX,2023-03-02,bollinger_tight,level_6_halt_dd_-0.461,,,
LCID,2023-03-02,cpr_narrow_bullish,level_6_halt_dd_-0.461,,,
NVDA,2023-03-02,cpr_narrow_bullish,level_6_halt_dd_-0.461,,,
FLR,2023-03-02,cpr_narrow_bullish,level_6_halt_dd_-0.461,,,
VIVO,2023-03-03,hull_rsi,level_6_halt_dd_-0.461,,,
BHVN,2023-03-03,stochrsi_oversold,level_6_halt_dd_-0.461,,,
FLR,2023-03-03,hull_rsi,level_6_halt_dd_-0.461,,,
NVDA,2023-03-03,cpr_narrow_bullish,level_6_halt_dd_-0.461,,,
VET,2023-03-03,hull_rsi,level_6_halt_dd_-0.461,,,
CG,2023-03-03,cpr_narrow_bullish,level_6_halt_dd_-0.461,,,
FOX,2023-03-03,stochrsi_oversold,level_6_halt_dd_-0.461,,,
JCI,2023-03-03,macd_crossover,level_6_halt_dd_-0.461,,,
XLE,2023-03-03,cpr_narrow_bullish,level_6_halt_dd_-0.461,,,
PSX,2023-03-03,cpr_narrow_bullish,level_6_halt_dd_-0.461,,,
VIVO,2023-03-06,hull_rsi,level_6_halt_dd_-0.461,,,
REZI,2023-03-06,bollinger_lower,level_6_halt_dd_-0.461,,,
SGH,2023-03-06,bollinger_tight,level_6_halt_dd_-0.461,,,
UUUU,2023-03-06,cpr_narrow_bullish,level_6_halt_dd_-0.461,,,
BHVN,2023-03-06,cpr_narrow_bullish,level_6_halt_dd_-0.461,,,
CSX,2023-03-06,cpr_narrow_bullish,level_6_halt_dd_-0.461,,,
JCI,2023-03-06,cpr_narrow_bullish,level_6_halt_dd_-0.461,,,
FOX,2023-03-06,williams_stoch_dual,level_6_halt_dd_-0.461,,,
NVDA,2023-03-06,hull_rsi,level_6_halt_dd_-0.461,,,
VET,2023-03-06,supertrend_macd,level_6_halt_dd_-0.461,,,
HBAN,2023-03-07,bollinger_lower,level_6_halt_dd_-0.461,,,
BAC,2023-03-07,bollinger_lower,level_6_halt_dd_-0.461,,,
RF,2023-03-07,williams_r_oversold,level_6_halt_dd_-0.461,,,
BHVN,2023-03-07,bollinger_tight,level_6_halt_dd_-0.461,,,
VIVO,2023-03-07,hull_rsi,level_6_halt_dd_-0.461,,,
CSX,2023-03-07,bollinger_lower,level_6_halt_dd_-0.461,,,
HOLX,2023-03-07,morning_star,level_6_halt_dd_-0.461,,,
UUUU,2023-03-07,bollinger_lower,level_6_halt_dd_-0.461,,,
REZI,2023-03-07,bollinger_lower,level_6_halt_dd_-0.461,,,
CCEP,2023-03-07,cpr_narrow_bullish,level_6_halt_dd_-0.461,,,
PSX,2023-03-08,williams_r_oversold,level_6_halt_dd_-0.461,,,
RF,2023-03-08,bollinger_lower,level_6_halt_dd_-0.461,,,
BAC,2023-03-08,bollinger_lower,level_6_halt_dd_-0.461,,,
VIVO,2023-03-08,hull_rsi,level_6_halt_dd_-0.461,,,
HBAN,2023-03-08,bollinger_lower,level_6_halt_dd_-0.461,,,
FLR,2023-03-08,cpr_narrow_bullish,level_6_halt_dd_-0.461,,,
BAM,2023-03-08,cpr_narrow_bullish,level_6_halt_dd_-0.461,,,
HOLX,2023-03-08,bollinger_tight,level_6_halt_dd_-0.461,,,
IFF,2023-03-08,williams_stoch_dual,level_6_halt_dd_-0.461,,,
UUUU,2023-03-08,bollinger_tight,level_6_halt_dd_-0.461,,,
UUUU,2023-03-09,bollinger_lower,level_6_halt_dd_-0.468,,,
HBAN,2023-03-09,bollinger_lower,level_6_halt_dd_-0.468,,,
BAC,2023-03-09,bollinger_lower,level_6_halt_dd_-0.468,,,
RF,2023-03-09,bollinger_lower,level_6_halt_dd_-0.468,,,
IFF,2023-03-09,bollinger_tight,level_6_halt_dd_-0.468,,,
AWK,2023-03-09,bollinger_tight,level_6_halt_dd_-0.468,,,
XLE,2023-03-09,morning_star,level_6_halt_dd_-0.468,,,
CSX,2023-03-09,bollinger_lower,level_6_halt_dd_-0.468,,,
BDX,2023-03-09,bollinger_tight,level_6_halt_dd_-0.468,,,
WMB,2023-03-09,bollinger_tight,level_6_halt_dd_-0.468,,,
RF,2023-03-10,bollinger_lower,level_6_halt_dd_-0.474,,,
UUUU,2023-03-10,bollinger_lower,level_6_halt_dd_-0.474,,,
BAM,2023-03-10,bollinger_lower,level_6_halt_dd_-0.474,,,
BHVN,2023-03-10,bollinger_tight,level_6_halt_dd_-0.474,,,
HBAN,2023-03-10,cmf_flip,level_6_halt_dd_-0.474,,,
BAC,2023-03-10,bollinger_lower,level_6_halt_dd_-0.474,,,
SGH,2023-03-10,stochrsi_oversold,level_6_halt_dd_-0.474,,,
HOLX,2023-03-10,bollinger_tight,level_6_halt_dd_-0.474,,,
BDX,2023-03-10,bollinger_tight,level_6_halt_dd_-0.474,,,
JCI,2023-03-10,bollinger_lower,level_6_halt_dd_-0.474,,,
HBAN,2023-03-13,bollinger_lower,level_6_halt_dd_-0.474,,,
RF,2023-03-13,cmf_flip,level_6_halt_dd_-0.474,,,
BAC,2023-03-13,bollinger_lower,level_6_halt_dd_-0.474,,,
CG,2023-03-13,cmf_flip,level_6_halt_dd_-0.474,,,
PSX,2023-03-13,bollinger_lower,level_6_halt_dd_-0.474,,,
HST,2023-03-13,cmf_flip,level_6_halt_dd_-0.474,,,
UUUU,2023-03-13,bollinger_tight,level_6_halt_dd_-0.474,,,
IFF,2023-03-13,stochrsi_oversold,level_6_halt_dd_-0.474,,,
REZI,2023-03-13,bollinger_lower,level_6_halt_dd_-0.474,,,
CSX,2023-03-13,bollinger_lower,level_6_halt_dd_-0.474,,,
HBAN,2023-03-14,stochrsi_oversold,level_6_halt_dd_-0.474,,,
FLR,2023-03-14,stochrsi_oversold,level_6_halt_dd_-0.474,,,
RF,2023-03-14,stochrsi_oversold,level_6_halt_dd_-0.474,,,
BAC,2023-03-14,bollinger_lower,level_6_halt_dd_-0.474,,,
VIVO,2023-03-14,hull_rsi,level_6_halt_dd_-0.474,,,
UUUU,2023-03-14,bollinger_tight,level_6_halt_dd_-0.474,,,
CSX,2023-03-14,bollinger_tight,level_6_halt_dd_-0.474,,,
CCEP,2023-03-14,cpr_narrow_bullish,level_6_halt_dd_-0.474,,,
IFF,2023-03-14,bollinger_tight,level_6_halt_dd_-0.474,,,
HST,2023-03-14,bollinger_tight,level_6_halt_dd_-0.474,,,
RF,2023-03-15,bollinger_tight,level_6_halt_dd_-0.474,,,
VET,2023-03-15,bollinger_lower,level_6_halt_dd_-0.474,,,
HBAN,2023-03-15,cmf_flip,level_6_halt_dd_-0.474,,,
XLE,2023-03-15,bollinger_lower,level_6_halt_dd_-0.474,,,
UUUU,2023-03-15,bollinger_tight,level_6_halt_dd_-0.474,,,
FLR,2023-03-15,bollinger_lower,level_6_halt_dd_-0.474,,,
FOX,2023-03-15,stochrsi_oversold,level_6_halt_dd_-0.474,,,
PSX,2023-03-15,bollinger_lower,level_6_halt_dd_-0.474,,,
JCI,2023-03-15,bollinger_lower,level_6_halt_dd_-0.474,,,
BAC,2023-03-15,bollinger_tight,level_6_halt_dd_-0.474,,,
NVDA,2023-03-16,pivot_r2_continuation,level_6_halt_dd_-0.474,,,
HBAN,2023-03-16,stochrsi_oversold,level_6_halt_dd_-0.474,,,
RF,2023-03-16,camarilla_r3_breakout,level_6_halt_dd_-0.474,,,
COGT,2023-03-16,bollinger_tight,level_6_halt_dd_-0.474,,,
VIVO,2023-03-16,hull_rsi,level_6_halt_dd_-0.474,,,
JCI,2023-03-16,bollinger_lower,level_6_halt_dd_-0.474,,,
FLR,2023-03-16,bollinger_lower,level_6_halt_dd_-0.474,,,
VET,2023-03-16,bollinger_lower,level_6_halt_dd_-0.474,,,
XLE,2023-03-16,bollinger_lower,level_6_halt_dd_-0.474,,,
BDX,2023-03-16,hull_rsi,level_6_halt_dd_-0.474,,,
HOLX,2023-03-17,bollinger_tight,level_6_halt_dd_-0.474,,,
HBAN,2023-03-17,bollinger_tight,level_6_halt_dd_-0.474,,,
RF,2023-03-17,stochrsi_oversold,level_6_halt_dd_-0.474,,,
BAC,2023-03-17,bollinger_tight,level_6_halt_dd_-0.474,,,
JCI,2023-03-17,bollinger_lower,level_6_halt_dd_-0.474,,,
SGH,2023-03-17,bollinger_tight,level_6_halt_dd_-0.474,,,
FLR,2023-03-17,bollinger_lower,level_6_halt_dd_-0.474,,,
VET,2023-03-17,bollinger_lower,level_6_halt_dd_-0.474,,,
HST,2023-03-17,bollinger_lower,level_6_halt_dd_-0.474,,,
WMB,2023-03-17,bollinger_lower,level_6_halt_dd_-0.474,,,
VIVO,2023-03-20,ichimoku_cloud_breakout,dedup_one_position_per_ticker_per_day,,,
VIVO,2023-03-20,volume_spike_breakout,dedup_one_position_per_ticker_per_day,,,
VIVO,2023-03-20,dc20_break_retest,dedup_one_position_per_ticker_per_day,,,
VIVO,2023-03-20,52wh_break_retest,dedup_one_position_per_ticker_per_day,,,
VIVO,2023-03-20,break_retest_volume,dedup_one_position_per_ticker_per_day,,,
VIVO,2023-03-20,tema_dema,dedup_one_position_per_ticker_per_day,,,
VIVO,2023-03-20,bollinger_tight,dedup_one_position_per_ticker_per_day,,,
VIVO,2023-03-20,williams_stoch_dual,dedup_one_position_per_ticker_per_day,,,
BDX,2023-03-20,hull_rsi,dedup_one_position_per_ticker_per_day,,,
BDX,2023-03-20,tema_dema,dedup_one_position_per_ticker_per_day,,,
BDX,2023-03-20,supertrend_macd,dedup_one_position_per_ticker_per_day,,,
BDX,2023-03-20,force_index_breakout,dedup_one_position_per_ticker_per_day,,,
BDX,2023-03-20,cpr_narrow_momentum,dedup_one_position_per_ticker_per_day,,,
BDX,2023-03-20,williams_r_oversold,dedup_one_position_per_ticker_per_day,,,
BDX,2023-03-20,ichimoku_cloud_breakout,dedup_one_position_per_ticker_per_day,,,
BDX,2023-03-20,williams_stoch_dual,dedup_one_position_per_ticker_per_day,,,
COGT,2023-03-20,bollinger_tight,dedup_one_position_per_ticker_per_day,,,
COGT,2023-03-20,cpr_narrow_bullish,dedup_one_position_per_ticker_per_day,,,
COGT,2023-03-20,hull_rsi,dedup_one_position_per_ticker_per_day,,,
COGT,2023-03-20,cpr_narrow_momentum,dedup_one_position_per_ticker_per_day,,,
COGT,2023-03-20,hull_rsi_short,dedup_one_position_per_ticker_per_day,,,
COGT,2023-03-20,cpr_narrow_momentum_short,dedup_one_position_per_ticker_per_day,,,
COGT,2023-03-20,break_retest_confluence,dedup_one_position_per_ticker_per_day,,,
COGT,2023-03-20,lead_lag_sector_rotation,dedup_one_position_per_ticker_per_day,,,
GNRC,2023-03-20,cpr_narrow_bullish,dedup_one_position_per_ticker_per_day,,,
GNRC,2023-03-20,hull_rsi,dedup_one_position_per_ticker_per_day,,,
GNRC,2023-03-20,cpr_narrow_momentum,dedup_one_position_per_ticker_per_day,,,
GNRC,2023-03-20,hull_rsi_short,dedup_one_position_per_ticker_per_day,,,
GNRC,2023-03-20,cpr_narrow_momentum_short,dedup_one_position_per_ticker_per_day,,,
GNRC,2023-03-20,break_retest_confluence,dedup_one_position_per_ticker_per_day,,,
GNRC,2023-03-20,lead_lag_sector_rotation,dedup_one_position_per_ticker_per_day,,,
NVDA,2023-03-20,ichimoku_cloud_breakout,dedup_one_position_per_ticker_per_day,,,
NVDA,2023-03-20,supertrend_macd,dedup_one_position_per_ticker_per_day,,,
NVDA,2023-03-20,break_retest_confluence,dedup_one_position_per_ticker_per_day,,,
NVDA,2023-03-20,bollinger_tight,dedup_one_position_per_ticker_per_day,,,
NVDA,2023-03-20,williams_stoch_dual,dedup_one_position_per_ticker_per_day,,,
XLE,2023-03-20,bollinger_tight,dedup_one_position_per_ticker_per_day,,,
XLE,2023-03-20,hull_rsi,dedup_one_position_per_ticker_per_day,,,
XLE,2023-03-20,ichimoku_cloud_breakout,dedup_one_position_per_ticker_per_day,,,
XLE,2023-03-20,hull_rsi_short,dedup_one_position_per_ticker_per_day,,,
XLE,2023-03-20,break_retest_confluence,dedup_one_position_per_ticker_per_day,,,
HBAN,2023-03-20,bollinger_tight,dedup_one_position_per_ticker_per_day,,,
HBAN,2023-03-20,ichimoku_cloud_breakout,dedup_one_position_per_ticker_per_day,,,
HBAN,2023-03-20,adx_initiation,dedup_one_position_per_ticker_per_day,,,
HBAN,2023-03-20,break_retest_confluence,dedup_one_position_per_ticker_per_day,,,
HBAN,2023-03-20,lead_lag_sector_rotation,dedup_one_position_per_ticker_per_day,,,
RF,2023-03-20,golden_cross_50_200,dedup_one_position_per_ticker_per_day,,,
RF,2023-03-20,ichimoku_cloud_breakout,dedup_one_position_per_ticker_per_day,,,
RF,2023-03-20,adx_initiation,dedup_one_position_per_ticker_per_day,,,
RF,2023-03-20,break_retest_confluence,dedup_one_position_per_ticker_per_day,,,
RF,2023-03-20,lead_lag_sector_rotation,dedup_one_position_per_ticker_per_day,,,
VET,2023-03-20,hull_rsi,dedup_one_position_per_ticker_per_day,,,
VET,2023-03-20,ichimoku_cloud_breakout,dedup_one_position_per_ticker_per_day,,,
VET,2023-03-20,adx_initiation,dedup_one_position_per_ticker_per_day,,,
VET,2023-03-20,hull_rsi_short,dedup_one_position_per_ticker_per_day,,,
VET,2023-03-20,break_retest_confluence,dedup_one_position_per_ticker_per_day,,,
BAC,2023-03-20,cpr_narrow_bullish,dedup_one_position_per_ticker_per_day,,,
BAC,2023-03-20,ichimoku_cloud_breakout,dedup_one_position_per_ticker_per_day,,,
BAC,2023-03-20,cpr_narrow_momentum,dedup_one_position_per_ticker_per_day,,,
BAC,2023-03-20,cpr_narrow_momentum_short,dedup_one_position_per_ticker_per_day,,,
BAC,2023-03-20,break_retest_confluence,dedup_one_position_per_ticker_per_day,,,
COGT,2023-03-21,cmf_flip,level_6_halt_dd_-0.474,,,
VIVO,2023-03-21,hull_rsi,level_6_halt_dd_-0.474,,,
NVDA,2023-03-21,cpr_narrow_bullish,level_6_halt_dd_-0.474,,,
BDX,2023-03-21,cpr_narrow_bullish,level_6_halt_dd_-0.474,,,
HST,2023-03-21,macd_fast_crossover,level_6_halt_dd_-0.474,,,
RF,2023-03-21,parabolic_sar_flip,level_6_halt_dd_-0.474,,,
BHVN,2023-03-21,supertrend_macd,level_6_halt_dd_-0.474,,,
PSX,2023-03-21,morning_star,level_6_halt_dd_-0.474,,,
CCEP,2023-03-21,cpr_narrow_bullish,level_6_halt_dd_-0.474,,,
HOLX,2023-03-21,pivot_r2_continuation,level_6_halt_dd_-0.474,,,
CSX,2023-03-22,bollinger_lower,level_6_halt_dd_-0.485,,,
HST,2023-03-22,bollinger_tight,level_6_halt_dd_-0.485,,,
BHVN,2023-03-22,supertrend_macd,level_6_halt_dd_-0.485,,,
GNRC,2023-03-22,bollinger_tight,level_6_halt_dd_-0.485,,,
NVDA,2023-03-22,cpr_narrow_bullish,level_6_halt_dd_-0.485,,,
VIVO,2023-03-22,hull_rsi,level_6_halt_dd_-0.485,,,
UUUU,2023-03-22,stochrsi_oversold,level_6_halt_dd_-0.485,,,
COGT,2023-03-22,bollinger_lower,level_6_halt_dd_-0.485,,,
HBAN,2023-03-22,pivot_r2_continuation,level_6_halt_dd_-0.485,,,
RF,2023-03-22,pivot_r2_continuation,level_6_halt_dd_-0.485,,,
NVDA,2023-03-23,cpr_narrow_bullish,level_6_halt_dd_-0.485,,,
COGT,2023-03-23,bollinger_lower,level_6_halt_dd_-0.485,,,
VIVO,2023-03-23,hull_rsi,level_6_halt_dd_-0.485,,,
GNRC,2023-03-23,bollinger_lower,level_6_halt_dd_-0.485,,,
CCEP,2023-03-23,hull_rsi,level_6_halt_dd_-0.485,,,
HBAN,2023-03-23,cpr_narrow_bullish,level_6_halt_dd_-0.485,,,
HST,2023-03-23,bollinger_tight,level_6_halt_dd_-0.485,,,
BHVN,2023-03-23,macd_fast_crossover,level_6_halt_dd_-0.485,,,
CSX,2023-03-23,bollinger_tight,level_6_halt_dd_-0.485,,,
WMB,2023-03-23,bollinger_tight,level_6_halt_dd_-0.485,,,
UUUU,2023-03-24,stochrsi_oversold,level_6_halt_dd_-0.485,,,
VIVO,2023-03-24,hull_rsi,level_6_halt_dd_-0.485,,,
COGT,2023-03-24,stochrsi_oversold,level_6_halt_dd_-0.485,,,
JCI,2023-03-24,prev_day_low_bounce,level_6_halt_dd_-0.485,,,
NVDA,2023-03-24,hull_rsi,level_6_halt_dd_-0.485,,,
HBAN,2023-03-24,macd_fast_crossover,level_6_halt_dd_-0.485,,,
FLR,2023-03-24,stochrsi_oversold,level_6_halt_dd_-0.485,,,
CCEP,2023-03-24,cpr_narrow_bullish,level_6_halt_dd_-0.485,,,
BDX,2023-03-24,cpr_narrow_bullish,level_6_halt_dd_-0.485,,,
AWK,2023-03-24,cpr_narrow_bullish,level_6_halt_dd_-0.485,,,
CCEP,2023-03-27,cpr_narrow_bullish,level_6_halt_dd_-0.485,,,
VIVO,2023-03-27,hull_rsi,level_6_halt_dd_-0.485,,,
IFF,2023-03-27,cpr_narrow_bullish,level_6_halt_dd_-0.485,,,
BDX,2023-03-27,cpr_narrow_bullish,level_6_halt_dd_-0.485,,,
COGT,2023-03-27,prev_day_high_break,level_6_halt_dd_-0.485,,,
NVDA,2023-03-27,ichimoku_cloud_breakout,level_6_halt_dd_-0.485,,,
HOLX,2023-03-27,cpr_narrow_bullish,level_6_halt_dd_-0.485,,,
BHVN,2023-03-27,supertrend_macd,level_6_halt_dd_-0.485,,,
WMB,2023-03-27,macd_crossover,level_6_halt_dd_-0.485,,,
BAC,2023-03-27,macd_fast_crossover,level_6_halt_dd_-0.485,,,
COGT,2023-03-28,stochrsi_oversold,level_6_halt_dd_-0.485,,,
VIVO,2023-03-28,hull_rsi,level_6_halt_dd_-0.485,,,
AOS,2023-03-28,cpr_narrow_bullish,level_6_halt_dd_-0.485,,,
PSX,2023-03-28,cpr_narrow_bullish,level_6_halt_dd_-0.485,,,
XLE,2023-03-28,macd_crossover,level_6_halt_dd_-0.485,,,
FOX,2023-03-28,cpr_narrow_bullish,level_6_halt_dd_-0.485,,,
FLR,2023-03-28,macd_fast_crossover,level_6_halt_dd_-0.485,,,
HBAN,2023-03-28,cpr_narrow_bullish,level_6_halt_dd_-0.485,,,
BHVN,2023-03-28,tema_dema,level_6_halt_dd_-0.485,,,
CG,2023-03-28,cmf_flip,level_6_halt_dd_-0.485,,,
BDX,2023-03-29,cpr_narrow_bullish,level_6_halt_dd_-0.485,,,
CCEP,2023-03-29,cpr_narrow_bullish,level_6_halt_dd_-0.485,,,
VIVO,2023-03-29,hull_rsi,level_6_halt_dd_-0.485,,,
NVDA,2023-03-29,pivot_r2_continuation,level_6_halt_dd_-0.485,,,
HST,2023-03-29,macd_crossover,level_6_halt_dd_-0.485,,,
XLE,2023-03-29,cpr_narrow_bullish,level_6_halt_dd_-0.485,,,
CSX,2023-03-29,macd_crossover,level_6_halt_dd_-0.485,,,
UUUU,2023-03-29,macd_crossover,level_6_halt_dd_-0.485,,,
AOS,2023-03-29,cpr_narrow_bullish,level_6_halt_dd_-0.485,,,
HOLX,2023-03-29,hull_rsi,level_6_halt_dd_-0.485,,,
NVDA,2023-03-30,pivot_r2_continuation,level_6_halt_dd_-0.485,,,
CCEP,2023-03-30,cpr_narrow_bullish,level_6_halt_dd_-0.485,,,
VIVO,2023-03-30,hull_rsi,level_6_halt_dd_-0.485,,,
HOLX,2023-03-30,cpr_narrow_bullish,level_6_halt_dd_-0.485,,,
BDX,2023-03-30,cpr_narrow_bullish,level_6_halt_dd_-0.485,,,
BAM,2023-03-30,macd_crossover,level_6_halt_dd_-0.485,,,
XLE,2023-03-30,cpr_narrow_bullish,level_6_halt_dd_-0.485,,,
AWK,2023-03-30,cpr_narrow_bullish,level_6_halt_dd_-0.485,,,
UUUU,2023-03-30,hull_rsi,level_6_halt_dd_-0.485,,,
BHVN,2023-03-30,supertrend_macd,level_6_halt_dd_-0.485,,,
NVDA,2023-03-31,pivot_r2_continuation,level_6_halt_dd_-0.494,,,
GNRC,2023-03-31,pivot_r1_breakout,level_6_halt_dd_-0.494,,,
CCEP,2023-03-31,cpr_narrow_bullish,level_6_halt_dd_-0.494,,,
SGH,2023-03-31,pivot_r1_breakout,level_6_halt_dd_-0.494,,,
HST,2023-03-31,cpr_narrow_bullish,level_6_halt_dd_-0.494,,,
HOLX,2023-03-31,hull_rsi,level_6_halt_dd_-0.494,,,
VIVO,2023-03-31,hull_rsi,level_6_halt_dd_-0.494,,,
AWK,2023-03-31,cpr_narrow_bullish,level_6_halt_dd_-0.494,,,
AOS,2023-03-31,hull_rsi,level_6_halt_dd_-0.494,,,
CSX,2023-03-31,cpr_narrow_bullish,level_6_halt_dd_-0.494,,,
NVDA,2023-04-03,cpr_narrow_bullish,level_6_halt_dd_-0.494,,,
CCEP,2023-04-03,hull_rsi,level_6_halt_dd_-0.494,,,
VIVO,2023-04-03,hull_rsi,level_6_halt_dd_-0.494,,,
XLE,2023-04-03,pivot_r2_continuation,level_6_halt_dd_-0.494,,,
HOLX,2023-04-03,cpr_narrow_bullish,level_6_halt_dd_-0.494,,,
IFF,2023-04-03,hull_rsi,level_6_halt_dd_-0.494,,,
HST,2023-04-03,cpr_narrow_bullish,level_6_halt_dd_-0.494,,,
REZI,2023-04-03,cpr_narrow_bullish,level_6_halt_dd_-0.494,,,
PSX,2023-04-03,hull_rsi,level_6_halt_dd_-0.494,,,
FOX,2023-04-03,cpr_narrow_bullish,level_6_halt_dd_-0.494,,,
GNRC,2023-04-04,bollinger_lower,level_6_halt_dd_-0.494,,,
BDX,2023-04-04,cpr_narrow_bullish,level_6_halt_dd_-0.494,,,
VIVO,2023-04-04,hull_rsi,level_6_halt_dd_-0.494,,,
HOLX,2023-04-04,cpr_narrow_bullish,level_6_halt_dd_-0.494,,,
AOS,2023-04-04,cpr_narrow_bullish,level_6_halt_dd_-0.494,,,
AWK,2023-04-04,cpr_narrow_bullish,level_6_halt_dd_-0.494,,,
CCEP,2023-04-04,hull_rsi,level_6_halt_dd_-0.494,,,
NVDA,2023-04-04,ichimoku_cloud_breakout,level_6_halt_dd_-0.494,,,
XLE,2023-04-04,hull_rsi,level_6_halt_dd_-0.494,,,
BAM,2023-04-04,tema_dema,level_6_halt_dd_-0.494,,,
JCI,2023-04-05,bollinger_lower,level_6_halt_dd_-0.494,,,
BDX,2023-04-05,cpr_narrow_bullish,level_6_halt_dd_-0.494,,,
VIVO,2023-04-05,hull_rsi,level_6_halt_dd_-0.494,,,
SGH,2023-04-05,pivot_r1_breakout,level_6_halt_dd_-0.494,,,
AOS,2023-04-05,bollinger_tight,level_6_halt_dd_-0.494,,,
GNRC,2023-04-05,bollinger_lower,level_6_halt_dd_-0.494,,,
HOLX,2023-04-05,cpr_narrow_bullish,level_6_halt_dd_-0.494,,,
CG,2023-04-05,bollinger_tight,level_6_halt_dd_-0.494,,,
AWK,2023-04-05,cpr_narrow_bullish,level_6_halt_dd_-0.494,,,
BHVN,2023-04-05,supertrend_macd,level_6_halt_dd_-0.494,,,
HOLX,2023-04-06,cpr_narrow_bullish,level_6_halt_dd_-0.494,,,
JCI,2023-04-06,cmf_flip,level_6_halt_dd_-0.494,,,
GNRC,2023-04-06,cmf_flip,level_6_halt_dd_-0.494,,,
BDX,2023-04-06,cpr_narrow_bullish,level_6_halt_dd_-0.494,,,
VIVO,2023-04-06,hull_rsi,level_6_halt_dd_-0.494,,,
AOS,2023-04-06,williams_r_oversold,level_6_halt_dd_-0.494,,,
UUUU,2023-04-06,supertrend_macd,level_6_halt_dd_-0.494,,,
AWK,2023-04-06,cpr_narrow_bullish,level_6_halt_dd_-0.494,,,
CG,2023-04-06,bollinger_lower,level_6_halt_dd_-0.494,,,
FLR,2023-04-06,supertrend_macd,level_6_halt_dd_-0.494,,,
HOLX,2023-04-07,cpr_narrow_bullish,level_6_halt_dd_-0.494,,,
JCI,2023-04-07,cmf_flip,level_6_halt_dd_-0.494,,,
GNRC,2023-04-07,cmf_flip,level_6_halt_dd_-0.494,,,
BDX,2023-04-07,cpr_narrow_bullish,level_6_halt_dd_-0.494,,,
VIVO,2023-04-07,hull_rsi,level_6_halt_dd_-0.494,,,
AOS,2023-04-07,williams_r_oversold,level_6_halt_dd_-0.494,,,
UUUU,2023-04-07,supertrend_macd,level_6_halt_dd_-0.494,,,
AWK,2023-04-07,cpr_narrow_bullish,level_6_halt_dd_-0.494,,,
CG,2023-04-07,bollinger_lower,level_6_halt_dd_-0.494,,,
FLR,2023-04-07,supertrend_macd,level_6_halt_dd_-0.494,,,
BHVN,2023-04-10,bollinger_lower,level_6_halt_dd_-0.494,,,
HOLX,2023-04-10,cpr_narrow_bullish,level_6_halt_dd_-0.494,,,
VIVO,2023-04-10,hull_rsi,level_6_halt_dd_-0.494,,,
PSX,2023-04-10,cpr_narrow_bullish,level_6_halt_dd_-0.494,,,
XLE,2023-04-10,cpr_narrow_bullish,level_6_halt_dd_-0.494,,,
IFF,2023-04-10,cpr_narrow_bullish,level_6_halt_dd_-0.494,,,
CCEP,2023-04-10,cpr_narrow_bullish,level_6_halt_dd_-0.494,,,
AWK,2023-04-10,cpr_narrow_bullish,level_6_halt_dd_-0.494,,,
BDX,2023-04-10,hull_rsi,level_6_halt_dd_-0.494,,,
WMB,2023-04-10,cpr_narrow_bullish,level_6_halt_dd_-0.494,,,
HOLX,2023-04-11,hull_rsi,level_6_halt_dd_-0.494,,,
VIVO,2023-04-11,hull_rsi,level_6_halt_dd_-0.494,,,
CCEP,2023-04-11,macd_fast_crossover,level_6_halt_dd_-0.494,,,
IFF,2023-04-11,cpr_narrow_bullish,level_6_halt_dd_-0.494,,,
XLE,2023-04-11,cpr_narrow_bullish,level_6_halt_dd_-0.494,,,
CSX,2023-04-11,cpr_narrow_bullish,level_6_halt_dd_-0.494,,,
PSX,2023-04-11,cpr_narrow_bullish,level_6_halt_dd_-0.494,,,
WMB,2023-04-11,cpr_narrow_bullish,level_6_halt_dd_-0.494,,,
AWK,2023-04-11,hull_rsi,level_6_halt_dd_-0.494,,,
HST,2023-04-11,cpr_narrow_bullish,level_6_halt_dd_-0.494,,,
VIVO,2023-04-12,hull_rsi,level_6_halt_dd_-0.494,,,
GNRC,2023-04-12,bollinger_tight,level_6_halt_dd_-0.494,,,
HOLX,2023-04-12,cpr_narrow_bullish,level_6_halt_dd_-0.494,,,
WMB,2023-04-12,cpr_narrow_bullish,level_6_halt_dd_-0.494,,,
RF,2023-04-12,supertrend_macd,level_6_halt_dd_-0.494,,,
CCEP,2023-04-12,cpr_narrow_bullish,level_6_halt_dd_-0.494,,,
UUUU,2023-04-12,supertrend_macd,level_6_halt_dd_-0.494,,,
COGT,2023-04-12,supertrend_macd,level_6_halt_dd_-0.494,,,
BDX,2023-04-12,ichimoku_cloud_breakout,level_6_halt_dd_-0.494,,,
PSX,2023-04-12,hull_rsi,level_6_halt_dd_-0.494,,,
HOLX,2023-04-13,cpr_narrow_bullish,level_6_halt_dd_-0.494,,,
BDX,2023-04-13,cpr_narrow_bullish,level_6_halt_dd_-0.494,,,
CCEP,2023-04-13,cpr_narrow_bullish,level_6_halt_dd_-0.494,,,
VIVO,2023-04-13,hull_rsi,level_6_halt_dd_-0.494,,,
BAM,2023-04-13,cpr_narrow_bullish,level_6_halt_dd_-0.494,,,
WMB,2023-04-13,cpr_narrow_bullish,level_6_halt_dd_-0.494,,,
COGT,2023-04-13,pivot_r1_breakout,level_6_halt_dd_-0.494,,,
CSX,2023-04-13,cpr_narrow_bullish,level_6_halt_dd_-0.494,,,
REZI,2023-04-13,cpr_narrow_bullish,level_6_halt_dd_-0.494,,,
IFF,2023-04-13,cpr_narrow_bullish,level_6_halt_dd_-0.494,,,
VIVO,2023-04-14,hull_rsi,level_6_halt_dd_-0.494,,,
CCEP,2023-04-14,cpr_narrow_bullish,level_6_halt_dd_-0.494,,,
CSX,2023-04-14,cpr_narrow_bullish,level_6_halt_dd_-0.494,,,
BDX,2023-04-14,ichimoku_cloud_breakout,level_6_halt_dd_-0.494,,,
IFF,2023-04-14,cpr_narrow_bullish,level_6_halt_dd_-0.494,,,
WMB,2023-04-14,cpr_narrow_bullish,level_6_halt_dd_-0.494,,,
BAC,2023-04-14,cpr_narrow_bullish,level_6_halt_dd_-0.494,,,
HST,2023-04-14,cpr_narrow_bullish,level_6_halt_dd_-0.494,,,
FOX,2023-04-14,cpr_narrow_bullish,level_6_halt_dd_-0.494,,,
XLE,2023-04-14,cpr_narrow_bullish,level_6_halt_dd_-0.494,,,
CCEP,2023-04-17,cpr_narrow_bullish,level_6_halt_dd_-0.494,,,
BDX,2023-04-17,cpr_narrow_bullish,level_6_halt_dd_-0.494,,,
SGH,2023-04-17,cpr_narrow_bullish,level_6_halt_dd_-0.494,,,
IFF,2023-04-17,cpr_narrow_bullish,level_6_halt_dd_-0.494,,,
VIVO,2023-04-17,hull_rsi,level_6_halt_dd_-0.494,,,
RF,2023-04-17,hull_rsi,level_6_halt_dd_-0.494,,,
BAC,2023-04-17,cpr_narrow_bullish,level_6_halt_dd_-0.494,,,
HBAN,2023-04-17,hull_rsi,level_6_halt_dd_-0.494,,,
HST,2023-04-17,cpr_narrow_bullish,level_6_halt_dd_-0.494,,,
BAM,2023-04-17,hull_rsi,level_6_halt_dd_-0.494,,,
CCEP,2023-04-18,pivot_r2_continuation,level_6_halt_dd_-0.494,,,
VIVO,2023-04-18,hull_rsi,level_6_halt_dd_-0.494,,,
AOS,2023-04-18,cpr_narrow_bullish,level_6_halt_dd_-0.494,,,
BDX,2023-04-18,ichimoku_cloud_breakout,level_6_halt_dd_-0.494,,,
BAC,2023-04-18,hull_rsi,level_6_halt_dd_-0.494,,,
VET,2023-04-18,cpr_narrow_bullish,level_6_halt_dd_-0.494,,,
IFF,2023-04-18,cpr_narrow_bullish,level_6_halt_dd_-0.494,,,
BAM,2023-04-18,prev_day_low_bounce,level_6_halt_dd_-0.494,,,
UUUU,2023-04-18,supertrend_macd,level_6_halt_dd_-0.494,,,
COGT,2023-04-18,cpr_narrow_bullish,level_6_halt_dd_-0.494,,,
HBAN,2023-04-19,cpr_narrow_bullish,level_6_halt_dd_-0.494,,,
BDX,2023-04-19,pivot_r2_continuation,level_6_halt_dd_-0.494,,,
CCEP,2023-04-19,cpr_narrow_bullish,level_6_halt_dd_-0.494,,,
VIVO,2023-04-19,hull_rsi,level_6_halt_dd_-0.494,,,
HOLX,2023-04-19,pivot_r1_breakout,level_6_halt_dd_-0.494,,,
COGT,2023-04-19,cpr_narrow_bullish,level_6_halt_dd_-0.494,,,
UUUU,2023-04-19,supertrend_macd,level_6_halt_dd_-0.494,,,
RF,2023-04-19,cpr_narrow_bullish,level_6_halt_dd_-0.494,,,
CSX,2023-04-19,cpr_narrow_bullish,level_6_halt_dd_-0.494,,,
IFF,2023-04-19,hull_rsi,level_6_halt_dd_-0.494,,,
CCEP,2023-04-20,pivot_r2_continuation,level_6_halt_dd_-0.494,,,
BDX,2023-04-20,pivot_r1_breakout,level_6_halt_dd_-0.494,,,
LCID,2023-04-20,bollinger_lower,level_6_halt_dd_-0.494,,,
VIVO,2023-04-20,hull_rsi,level_6_halt_dd_-0.494,,,
CSX,2023-04-20,pivot_r1_breakout,level_6_halt_dd_-0.494,,,
PSX,2023-04-20,cpr_narrow_bullish,level_6_halt_dd_-0.494,,,
AOS,2023-04-20,cpr_narrow_bullish,level_6_halt_dd_-0.494,,,
HOLX,2023-04-20,cpr_narrow_bullish,level_6_halt_dd_-0.494,,,
HST,2023-04-20,cpr_narrow_bullish,level_6_halt_dd_-0.494,,,
UUUU,2023-04-20,supertrend_macd,level_6_halt_dd_-0.494,,,
CCEP,2023-04-21,cpr_narrow_bullish,level_6_halt_dd_-0.502,,,
VIVO,2023-04-21,hull_rsi,level_6_halt_dd_-0.502,,,
CSX,2023-04-21,pivot_r1_breakout,level_6_halt_dd_-0.502,,,
BDX,2023-04-21,cpr_narrow_bullish,level_6_halt_dd_-0.502,,,
LCID,2023-04-21,bollinger_lower,level_6_halt_dd_-0.502,,,
UUUU,2023-04-21,supertrend_macd,level_6_halt_dd_-0.502,,,
IFF,2023-04-21,cpr_narrow_bullish,level_6_halt_dd_-0.502,,,
RF,2023-04-21,supertrend_macd,level_6_halt_dd_-0.502,,,
SGH,2023-04-21,cpr_narrow_bullish,level_6_halt_dd_-0.502,,,
COGT,2023-04-21,cpr_narrow_bullish,level_6_halt_dd_-0.502,,,
FOX,2023-04-24,bollinger_lower,level_6_halt_dd_-0.502,,,
CCEP,2023-04-24,cpr_narrow_bullish,level_6_halt_dd_-0.502,,,
HOLX,2023-04-24,cpr_narrow_bullish,level_6_halt_dd_-0.502,,,
VIVO,2023-04-24,hull_rsi,level_6_halt_dd_-0.502,,,
SGH,2023-04-24,stochrsi_oversold,level_6_halt_dd_-0.502,,,
LCID,2023-04-24,stochrsi_oversold,level_6_halt_dd_-0.502,,,
IFF,2023-04-24,cpr_narrow_bullish,level_6_halt_dd_-0.502,,,
WMB,2023-04-24,cpr_narrow_bullish,level_6_halt_dd_-0.502,,,
BDX,2023-04-24,hull_rsi,level_6_halt_dd_-0.502,,,
UUUU,2023-04-24,stochrsi_oversold,level_6_halt_dd_-0.502,,,
VET,2023-04-25,cpr_narrow_bullish,level_6_halt_dd_-0.502,,,
CCEP,2023-04-25,pivot_r2_continuation,level_6_halt_dd_-0.502,,,
NVDA,2023-04-25,williams_r_oversold,level_6_halt_dd_-0.502,,,
REZI,2023-04-25,bollinger_tight,level_6_halt_dd_-0.502,,,
LCID,2023-04-25,bollinger_lower,level_6_halt_dd_-0.502,,,
VIVO,2023-04-25,hull_rsi,level_6_halt_dd_-0.502,,,
XLE,2023-04-25,williams_r_oversold,level_6_halt_dd_-0.502,,,
FOX,2023-04-25,stochrsi_oversold,level_6_halt_dd_-0.502,,,
RF,2023-04-25,supertrend_macd,level_6_halt_dd_-0.502,,,
FLR,2023-04-25,bollinger_tight,level_6_halt_dd_-0.502,,,
GNRC,2023-04-26,bollinger_lower,level_6_halt_dd_-0.505,,,
CCEP,2023-04-26,cpr_narrow_bullish,level_6_halt_dd_-0.505,,,
HST,2023-04-26,bollinger_tight,level_6_halt_dd_-0.505,,,
CG,2023-04-26,bollinger_tight,level_6_halt_dd_-0.505,,,
VIVO,2023-04-26,hull_rsi,level_6_halt_dd_-0.505,,,
FOX,2023-04-26,stochrsi_oversold,level_6_halt_dd_-0.505,,,
WMB,2023-04-26,bollinger_tight,level_6_halt_dd_-0.505,,,
SGH,2023-04-26,bollinger_lower,level_6_halt_dd_-0.505,,,
PSX,2023-04-26,williams_stoch_dual,level_6_halt_dd_-0.505,,,
HBAN,2023-04-26,bollinger_lower,level_6_halt_dd_-0.505,,,
CCEP,2023-04-27,cpr_narrow_bullish,level_6_halt_dd_-0.505,,,
BDX,2023-04-27,pivot_r2_continuation,level_6_halt_dd_-0.505,,,
VIVO,2023-04-27,hull_rsi,level_6_halt_dd_-0.505,,,
VET,2023-04-27,stochrsi_oversold,level_6_halt_dd_-0.505,,,
PSX,2023-04-27,bollinger_tight,level_6_halt_dd_-0.505,,,
LCID,2023-04-27,pivot_r1_breakout,level_6_halt_dd_-0.505,,,
RF,2023-04-27,stochrsi_oversold,level_6_halt_dd_-0.505,,,
IFF,2023-04-27,cpr_narrow_bullish,level_6_halt_dd_-0.505,,,
COGT,2023-04-27,cpr_narrow_bullish,level_6_halt_dd_-0.505,,,
GNRC,2023-04-27,hull_rsi,level_6_halt_dd_-0.505,,,
CCEP,2023-04-28,cpr_narrow_bullish,level_6_halt_dd_-0.505,,,
HOLX,2023-04-28,cpr_narrow_bullish,level_6_halt_dd_-0.505,,,
VIVO,2023-04-28,hull_rsi,level_6_halt_dd_-0.505,,,
BDX,2023-04-28,cpr_narrow_bullish,level_6_halt_dd_-0.505,,,
AOS,2023-04-28,cpr_narrow_bullish,level_6_halt_dd_-0.505,,,
BHVN,2023-04-28,macd_crossover,level_6_halt_dd_-0.505,,,
CSX,2023-04-28,cpr_narrow_bullish,level_6_halt_dd_-0.505,,,
IFF,2023-04-28,cpr_narrow_bullish,level_6_halt_dd_-0.505,,,
BAM,2023-04-28,cpr_narrow_bullish,level_6_halt_dd_-0.505,,,
HBAN,2023-04-28,stochrsi_oversold,level_6_halt_dd_-0.505,,,
HOLX,2023-05-01,pivot_r1_breakout,level_6_halt_dd_-0.505,,,
CCEP,2023-05-01,cpr_narrow_bullish,level_6_halt_dd_-0.505,,,
BDX,2023-05-01,cpr_narrow_bullish,level_6_halt_dd_-0.505,,,
VIVO,2023-05-01,hull_rsi,level_6_halt_dd_-0.505,,,
CSX,2023-05-01,cpr_narrow_bullish,level_6_halt_dd_-0.505,,,
RF,2023-05-01,supertrend_macd,level_6_halt_dd_-0.505,,,
WMB,2023-05-01,cpr_narrow_bullish,level_6_halt_dd_-0.505,,,
COGT,2023-05-01,cpr_narrow_bullish,level_6_halt_dd_-0.505,,,
JCI,2023-05-01,cpr_narrow_bullish,level_6_halt_dd_-0.505,,,
XLE,2023-05-01,cpr_narrow_bullish,level_6_halt_dd_-0.505,,,
RF,2023-05-02,bollinger_tight,level_6_halt_dd_-0.510,,,
HBAN,2023-05-02,bollinger_lower,level_6_halt_dd_-0.510,,,
CCEP,2023-05-02,cpr_narrow_bullish,level_6_halt_dd_-0.510,,,
XLE,2023-05-02,bollinger_lower,level_6_halt_dd_-0.510,,,
VET,2023-05-02,bollinger_lower,level_6_halt_dd_-0.510,,,
WMB,2023-05-02,bollinger_tight,level_6_halt_dd_-0.510,,,
FLR,2023-05-02,bollinger_lower,level_6_halt_dd_-0.510,,,
PSX,2023-05-02,bollinger_lower,level_6_halt_dd_-0.510,,,
BAC,2023-05-02,cpr_narrow_bullish,level_6_halt_dd_-0.510,,,
VIVO,2023-05-02,hull_rsi,level_6_halt_dd_-0.510,,,
XLE,2023-05-03,bollinger_lower,level_6_halt_dd_-0.510,,,
CCEP,2023-05-03,cpr_narrow_bullish,level_6_halt_dd_-0.510,,,
GNRC,2023-05-03,pivot_r1_breakout,level_6_halt_dd_-0.510,,,
RF,2023-05-03,bollinger_tight,level_6_halt_dd_-0.510,,,
HBAN,2023-05-03,bollinger_lower,level_6_halt_dd_-0.510,,,
VIVO,2023-05-03,hull_rsi,level_6_halt_dd_-0.510,,,
WMB,2023-05-03,bollinger_lower,level_6_halt_dd_-0.510,,,
FLR,2023-05-03,bollinger_lower,level_6_halt_dd_-0.510,,,
FOX,2023-05-03,bollinger_tight,level_6_halt_dd_-0.510,,,
VET,2023-05-03,bollinger_lower,level_6_halt_dd_-0.510,,,
CG,2023-05-04,bollinger_lower,level_6_halt_dd_-0.515,,,
BDX,2023-05-04,williams_r_oversold,level_6_halt_dd_-0.515,,,
RF,2023-05-04,bollinger_tight,level_6_halt_dd_-0.515,,,
HBAN,2023-05-04,pivot_s3_capitulation,level_6_halt_dd_-0.515,,,
BAM,2023-05-04,bollinger_lower,level_6_halt_dd_-0.515,,,
REZI,2023-05-04,bollinger_lower,level_6_halt_dd_-0.515,,,
CCEP,2023-05-04,cpr_narrow_bullish,level_6_halt_dd_-0.515,,,
FLR,2023-05-04,bollinger_lower,level_6_halt_dd_-0.515,,,
HST,2023-05-04,pivot_r1_breakout,level_6_halt_dd_-0.515,,,
VIVO,2023-05-04,hull_rsi,level_6_halt_dd_-0.515,,,
FLR,2023-05-05,bollinger_lower,level_6_halt_dd_-0.515,,,
NVDA,2023-05-05,cpr_narrow_bullish,level_6_halt_dd_-0.515,,,
BDX,2023-05-05,stochrsi_oversold,level_6_halt_dd_-0.515,,,
VIVO,2023-05-05,hull_rsi,level_6_halt_dd_-0.515,,,
CG,2023-05-05,stochrsi_oversold,level_6_halt_dd_-0.515,,,
JCI,2023-05-05,pivot_r1_breakout,level_6_halt_dd_-0.515,,,
AOS,2023-05-05,cpr_narrow_bullish,level_6_halt_dd_-0.515,,,
RF,2023-05-05,stochrsi_oversold,level_6_halt_dd_-0.515,,,
REZI,2023-05-05,bollinger_lower,level_6_halt_dd_-0.515,,,
UUUU,2023-05-05,hull_rsi,level_6_halt_dd_-0.515,,,
BDX,2023-05-08,stochrsi_oversold,level_6_halt_dd_-0.515,,,
COGT,2023-05-08,pivot_r1_breakout,level_6_halt_dd_-0.515,,,
NVDA,2023-05-08,cpr_narrow_bullish,level_6_halt_dd_-0.515,,,
HBAN,2023-05-08,stochrsi_oversold,level_6_halt_dd_-0.515,,,
VIVO,2023-05-08,hull_rsi,level_6_halt_dd_-0.515,,,
CSX,2023-05-08,cpr_narrow_bullish,level_6_halt_dd_-0.515,,,
CG,2023-05-08,bollinger_lower,level_6_halt_dd_-0.515,,,
JCI,2023-05-08,pivot_r1_breakout,level_6_halt_dd_-0.515,,,
HST,2023-05-08,hull_rsi,level_6_halt_dd_-0.515,,,
UUUU,2023-05-08,hull_rsi,level_6_halt_dd_-0.515,,,
UUUU,2023-05-09,pivot_r1_breakout,level_6_halt_dd_-0.515,,,
IFF,2023-05-09,bollinger_lower,level_6_halt_dd_-0.515,,,
BDX,2023-05-09,ichimoku_cloud_breakout,level_6_halt_dd_-0.515,,,
CCEP,2023-05-09,cpr_narrow_bullish,level_6_halt_dd_-0.515,,,
CSX,2023-05-09,cpr_narrow_bullish,level_6_halt_dd_-0.515,,,
FOX,2023-05-09,parabolic_sar_flip,level_6_halt_dd_-0.515,,,
VIVO,2023-05-09,hull_rsi,level_6_halt_dd_-0.515,,,
FLR,2023-05-09,stochrsi_oversold,level_6_halt_dd_-0.515,,,
GNRC,2023-05-09,cpr_narrow_bullish,level_6_halt_dd_-0.515,,,
JCI,2023-05-09,cpr_narrow_bullish,level_6_halt_dd_-0.515,,,
IFF,2023-05-10,bollinger_lower,level_6_halt_dd_-0.515,,,
BDX,2023-05-10,williams_r_oversold,level_6_halt_dd_-0.515,,,
FOX,2023-05-10,bollinger_lower,level_6_halt_dd_-0.515,,,
NVDA,2023-05-10,cpr_narrow_bullish,level_6_halt_dd_-0.515,,,
BAM,2023-05-10,pivot_r1_breakout,level_6_halt_dd_-0.515,,,
WMB,2023-05-10,bollinger_tight,level_6_halt_dd_-0.515,,,
VIVO,2023-05-10,hull_rsi,level_6_halt_dd_-0.515,,,
UUUU,2023-05-10,hull_rsi,level_6_halt_dd_-0.515,,,
CCEP,2023-05-10,cpr_narrow_bullish,level_6_halt_dd_-0.515,,,
BAC,2023-05-10,stochrsi_oversold,level_6_halt_dd_-0.515,,,
RF,2023-05-11,stochrsi_oversold,level_6_halt_dd_-0.515,,,
IFF,2023-05-11,bollinger_lower,level_6_halt_dd_-0.515,,,
FLR,2023-05-11,stochrsi_oversold,level_6_halt_dd_-0.515,,,
VIVO,2023-05-11,hull_rsi,level_6_halt_dd_-0.515,,,
BDX,2023-05-11,williams_r_oversold,level_6_halt_dd_-0.515,,,
AOS,2023-05-11,cpr_narrow_bullish,level_6_halt_dd_-0.515,,,
FOX,2023-05-11,bollinger_lower,level_6_halt_dd_-0.515,,,
HBAN,2023-05-11,bollinger_tight,level_6_halt_dd_-0.515,,,
HOLX,2023-05-11,williams_r_oversold,level_6_halt_dd_-0.515,,,
XLE,2023-05-11,bollinger_tight,level_6_halt_dd_-0.515,,,
IFF,2023-05-12,bollinger_lower,level_6_halt_dd_-0.515,,,
BAM,2023-05-12,bollinger_tight,level_6_halt_dd_-0.515,,,
FLR,2023-05-12,bollinger_tight,level_6_halt_dd_-0.515,,,
VIVO,2023-05-12,hull_rsi,level_6_halt_dd_-0.515,,,
AOS,2023-05-12,bollinger_tight,level_6_halt_dd_-0.515,,,
HBAN,2023-05-12,stochrsi_oversold,level_6_halt_dd_-0.515,,,
FOX,2023-05-12,cmf_flip,level_6_halt_dd_-0.515,,,
VET,2023-05-12,cpr_narrow_bullish,level_6_halt_dd_-0.515,,,
NVDA,2023-05-12,ichimoku_cloud_breakout,level_6_halt_dd_-0.515,,,
RF,2023-05-12,stochrsi_oversold,level_6_halt_dd_-0.515,,,
NVDA,2023-05-15,cpr_narrow_bullish,level_6_halt_dd_-0.515,,,
VIVO,2023-05-15,hull_rsi,level_6_halt_dd_-0.515,,,
BDX,2023-05-15,williams_r_oversold,level_6_halt_dd_-0.515,,,
BHVN,2023-05-15,cpr_narrow_bullish,level_6_halt_dd_-0.515,,,
IFF,2023-05-15,stochrsi_oversold,level_6_halt_dd_-0.515,,,
HOLX,2023-05-15,williams_r_oversold,level_6_halt_dd_-0.515,,,
BAM,2023-05-15,bollinger_tight,level_6_halt_dd_-0.515,,,
WMB,2023-05-15,cpr_narrow_bullish,level_6_halt_dd_-0.515,,,
CSX,2023-05-15,cpr_narrow_bullish,level_6_halt_dd_-0.515,,,
COGT,2023-05-15,cpr_narrow_bullish,level_6_halt_dd_-0.515,,,
IFF,2023-05-16,stochrsi_oversold,level_6_halt_dd_-0.515,,,
HOLX,2023-05-16,williams_r_oversold,level_6_halt_dd_-0.515,,,
WMB,2023-05-16,bollinger_lower,level_6_halt_dd_-0.515,,,
PSX,2023-05-16,cpr_narrow_bullish,level_6_halt_dd_-0.515,,,
BAM,2023-05-16,bollinger_tight,level_6_halt_dd_-0.515,,,
NVDA,2023-05-16,macd_fast_crossover,level_6_halt_dd_-0.515,,,
VIVO,2023-05-16,hull_rsi,level_6_halt_dd_-0.515,,,
XLE,2023-05-16,bollinger_tight,level_6_halt_dd_-0.515,,,
CCEP,2023-05-16,pivot_r2_continuation,level_6_halt_dd_-0.515,,,
AOS,2023-05-16,bollinger_tight,level_6_halt_dd_-0.515,,,
NVDA,2023-05-17,cpr_narrow_bullish,level_6_halt_dd_-0.515,,,
VIVO,2023-05-17,hull_rsi,level_6_halt_dd_-0.515,,,
SGH,2023-05-17,cpr_narrow_bullish,level_6_halt_dd_-0.515,,,
GNRC,2023-05-17,cpr_narrow_bullish,level_6_halt_dd_-0.515,,,
FLR,2023-05-17,macd_crossover,level_6_halt_dd_-0.515,,,
HOLX,2023-05-17,bollinger_tight,level_6_halt_dd_-0.515,,,
AWK,2023-05-17,bollinger_lower,level_6_halt_dd_-0.515,,,
CSX,2023-05-17,cpr_narrow_bullish,level_6_halt_dd_-0.515,,,
BAC,2023-05-17,cpr_narrow_bullish,level_6_halt_dd_-0.515,,,
RF,2023-05-17,macd_crossover,level_6_halt_dd_-0.515,,,
NVDA,2023-05-18,pivot_r1_breakout,level_6_halt_dd_-0.515,,,
AWK,2023-05-18,bollinger_lower,level_6_halt_dd_-0.515,,,
CSX,2023-05-18,cpr_narrow_bullish,level_6_halt_dd_-0.515,,,
COGT,2023-05-18,cpr_narrow_bullish,level_6_halt_dd_-0.515,,,
SGH,2023-05-18,pivot_r1_breakout,level_6_halt_dd_-0.515,,,
VIVO,2023-05-18,hull_rsi,level_6_halt_dd_-0.515,,,
JCI,2023-05-18,cpr_narrow_bullish,level_6_halt_dd_-0.515,,,
HOLX,2023-05-18,bollinger_tight,level_6_halt_dd_-0.515,,,
GNRC,2023-05-18,cpr_narrow_bullish,level_6_halt_dd_-0.515,,,
PSX,2023-05-18,macd_crossover,level_6_halt_dd_-0.515,,,
SGH,2023-05-19,pivot_r1_breakout,level_6_halt_dd_-0.515,,,
AWK,2023-05-19,stochrsi_oversold,level_6_halt_dd_-0.515,,,
VIVO,2023-05-19,hull_rsi,level_6_halt_dd_-0.515,,,
NVDA,2023-05-19,cpr_narrow_bullish,level_6_halt_dd_-0.515,,,
IFF,2023-05-19,stochrsi_oversold,level_6_halt_dd_-0.515,,,
PSX,2023-05-19,supertrend_macd,level_6_halt_dd_-0.515,,,
BAM,2023-05-19,bollinger_tight,level_6_halt_dd_-0.515,,,
CSX,2023-05-19,hull_rsi,level_6_halt_dd_-0.515,,,
FLR,2023-05-19,hull_rsi,level_6_halt_dd_-0.515,,,
COGT,2023-05-19,camarilla_r3_breakout,level_6_halt_dd_-0.515,,,
BHVN,2023-05-22,cpr_narrow_bullish,dedup_one_position_per_ticker_per_day,,,
BHVN,2023-05-22,camarilla_r3_breakout,dedup_one_position_per_ticker_per_day,,,
BHVN,2023-05-22,macd_fast_crossover,dedup_one_position_per_ticker_per_day,,,
BHVN,2023-05-22,hull_rsi,dedup_one_position_per_ticker_per_day,,,
BHVN,2023-05-22,supertrend_macd,dedup_one_position_per_ticker_per_day,,,
BHVN,2023-05-22,donchian_10_breakout,dedup_one_position_per_ticker_per_day,,,
BHVN,2023-05-22,cpr_narrow_momentum,dedup_one_position_per_ticker_per_day,,,
BHVN,2023-05-22,r1_break_retest,dedup_one_position_per_ticker_per_day,,,
BHVN,2023-05-22,break_retest_volume,dedup_one_position_per_ticker_per_day,,,
BHVN,2023-05-22,break_retest_confluence,dedup_one_position_per_ticker_per_day,,,
BHVN,2023-05-22,bollinger_lower,dedup_one_position_per_ticker_per_day,,,
BHVN,2023-05-22,bollinger_tight,dedup_one_position_per_ticker_per_day,,,
BHVN,2023-05-22,rsi_volume_200ema,dedup_one_position_per_ticker_per_day,,,
SGH,2023-05-22,cpr_narrow_bullish,dedup_one_position_per_ticker_per_day,,,
SGH,2023-05-22,hull_rsi,dedup_one_position_per_ticker_per_day,,,
SGH,2023-05-22,ichimoku_cloud_breakout,dedup_one_position_per_ticker_per_day,,,
SGH,2023-05-22,adx_initiation,dedup_one_position_per_ticker_per_day,,,
SGH,2023-05-22,supertrend_macd,dedup_one_position_per_ticker_per_day,,,
SGH,2023-05-22,cpr_narrow_momentum,dedup_one_position_per_ticker_per_day,,,
SGH,2023-05-22,dc20_break_retest,dedup_one_position_per_ticker_per_day,,,
SGH,2023-05-22,r1_break_retest,dedup_one_position_per_ticker_per_day,,,
SGH,2023-05-22,break_retest_confluence,dedup_one_position_per_ticker_per_day,,,
SGH,2023-05-22,bollinger_lower,dedup_one_position_per_ticker_per_day,,,
SGH,2023-05-22,bollinger_tight,dedup_one_position_per_ticker_per_day,,,
VIVO,2023-05-22,(any),ticker_already_open_concurrent_block_bug61,,,
CCEP,2023-05-22,(any),ticker_already_open_concurrent_block_bug61,,,
RF,2023-05-22,hull_rsi,dedup_one_position_per_ticker_per_day,,,
RF,2023-05-22,parabolic_sar_flip,dedup_one_position_per_ticker_per_day,,,
RF,2023-05-22,supertrend_macd,dedup_one_position_per_ticker_per_day,,,
RF,2023-05-22,cpr_narrow_momentum,dedup_one_position_per_ticker_per_day,,,
RF,2023-05-22,ichimoku_cloud_breakout,dedup_one_position_per_ticker_per_day,,,
RF,2023-05-22,adx_initiation,dedup_one_position_per_ticker_per_day,,,
BDX,2023-05-22,(any),ticker_already_open_concurrent_block_bug61,,,
IFF,2023-05-22,williams_stoch_dual,dedup_one_position_per_ticker_per_day,,,
IFF,2023-05-22,cpr_narrow_bullish,dedup_one_position_per_ticker_per_day,,,
IFF,2023-05-22,ichimoku_cloud_breakout,dedup_one_position_per_ticker_per_day,,,
IFF,2023-05-22,cpr_narrow_momentum,dedup_one_position_per_ticker_per_day,,,
IFF,2023-05-22,cpr_narrow_momentum_short,dedup_one_position_per_ticker_per_day,,,
IFF,2023-05-22,break_retest_confluence,dedup_one_position_per_ticker_per_day,,,
COGT,2023-05-22,hull_rsi,dedup_one_position_per_ticker_per_day,,,
COGT,2023-05-22,cpr_narrow_momentum,dedup_one_position_per_ticker_per_day,,,
COGT,2023-05-22,hull_rsi_short,dedup_one_position_per_ticker_per_day,,,
COGT,2023-05-22,cpr_narrow_momentum_short,dedup_one_position_per_ticker_per_day,,,
COGT,2023-05-22,lead_lag_sector_rotation,dedup_one_position_per_ticker_per_day,,,
NVDA,2023-05-22,(any),ticker_already_open_concurrent_block_bug61,,,
HBAN,2023-05-22,hull_rsi,dedup_one_position_per_ticker_per_day,,,
HBAN,2023-05-22,force_index_breakout,dedup_one_position_per_ticker_per_day,,,
HBAN,2023-05-22,cpr_narrow_momentum,dedup_one_position_per_ticker_per_day,,,
HBAN,2023-05-22,williams_r_oversold,dedup_one_position_per_ticker_per_day,,,
HOLX,2023-05-23,bollinger_tight,level_6_halt_dd_-0.515,,,
BHVN,2023-05-23,pivot_r1_breakout,level_6_halt_dd_-0.515,,,
SGH,2023-05-23,cpr_narrow_bullish,level_6_halt_dd_-0.515,,,
AOS,2023-05-23,bollinger_tight,level_6_halt_dd_-0.515,,,
VIVO,2023-05-23,hull_rsi,level_6_halt_dd_-0.515,,,
BDX,2023-05-23,bollinger_tight,level_6_halt_dd_-0.515,,,
CSX,2023-05-23,ichimoku_cloud_breakout,level_6_halt_dd_-0.515,,,
IFF,2023-05-23,stochrsi_oversold,level_6_halt_dd_-0.515,,,
PSX,2023-05-23,hull_rsi,level_6_halt_dd_-0.515,,,
UUUU,2023-05-23,cpr_narrow_bullish,level_6_halt_dd_-0.515,,,
CSX,2023-05-24,ichimoku_cloud_breakout,level_6_halt_dd_-0.515,,,
HOLX,2023-05-24,bollinger_tight,level_6_halt_dd_-0.515,,,
VIVO,2023-05-24,hull_rsi,level_6_halt_dd_-0.515,,,
CCEP,2023-05-24,prev_day_low_bounce,level_6_halt_dd_-0.515,,,
BDX,2023-05-24,bollinger_tight,level_6_halt_dd_-0.515,,,
JCI,2023-05-24,cpr_narrow_bullish,level_6_halt_dd_-0.515,,,
SGH,2023-05-24,hull_rsi,level_6_halt_dd_-0.515,,,
AOS,2023-05-24,bollinger_tight,level_6_halt_dd_-0.515,,,
IFF,2023-05-24,pivot_r2_continuation,level_6_halt_dd_-0.515,,,
BAM,2023-05-24,bollinger_tight,level_6_halt_dd_-0.515,,,
NVDA,2023-05-25,pivot_r1_breakout,level_6_halt_dd_-0.521,,,
SGH,2023-05-25,pivot_r1_breakout,level_6_halt_dd_-0.521,,,
HOLX,2023-05-25,bollinger_lower,level_6_halt_dd_-0.521,,,
CCEP,2023-05-25,williams_r_oversold,level_6_halt_dd_-0.521,,,
VIVO,2023-05-25,hull_rsi,level_6_halt_dd_-0.521,,,
BDX,2023-05-25,bollinger_tight,level_6_halt_dd_-0.521,,,
UUUU,2023-05-25,adx_initiation,level_6_halt_dd_-0.521,,,
IFF,2023-05-25,bollinger_tight,level_6_halt_dd_-0.521,,,
COGT,2023-05-25,cpr_narrow_bullish,level_6_halt_dd_-0.521,,,
CSX,2023-05-25,bollinger_tight,level_6_halt_dd_-0.521,,,
SGH,2023-05-26,pivot_r1_breakout,level_6_halt_dd_-0.521,,,
WMB,2023-05-26,bollinger_tight,level_6_halt_dd_-0.521,,,
BDX,2023-05-26,bollinger_tight,level_6_halt_dd_-0.521,,,
NVDA,2023-05-26,cpr_narrow_bullish,level_6_halt_dd_-0.521,,,
VIVO,2023-05-26,hull_rsi,level_6_halt_dd_-0.521,,,
RF,2023-05-26,cpr_narrow_bullish,level_6_halt_dd_-0.521,,,
CCEP,2023-05-26,williams_r_oversold,level_6_halt_dd_-0.521,,,
AOS,2023-05-26,stochrsi_oversold,level_6_halt_dd_-0.521,,,
CSX,2023-05-26,bollinger_tight,level_6_halt_dd_-0.521,,,
FOX,2023-05-26,pivot_r1_breakout,level_6_halt_dd_-0.521,,,
SGH,2023-05-29,pivot_r1_breakout,level_6_halt_dd_-0.521,,,
WMB,2023-05-29,bollinger_tight,level_6_halt_dd_-0.521,,,
BDX,2023-05-29,bollinger_tight,level_6_halt_dd_-0.521,,,
NVDA,2023-05-29,cpr_narrow_bullish,level_6_halt_dd_-0.521,,,
VIVO,2023-05-29,hull_rsi,level_6_halt_dd_-0.521,,,
RF,2023-05-29,cpr_narrow_bullish,level_6_halt_dd_-0.521,,,
CCEP,2023-05-29,williams_r_oversold,level_6_halt_dd_-0.521,,,
AOS,2023-05-29,stochrsi_oversold,level_6_halt_dd_-0.521,,,
CSX,2023-05-29,bollinger_tight,level_6_halt_dd_-0.521,,,
FOX,2023-05-29,pivot_r1_breakout,level_6_halt_dd_-0.521,,,
NVDA,2023-05-30,pivot_r1_breakout,level_6_halt_dd_-0.522,,,
BDX,2023-05-30,stochrsi_oversold,level_6_halt_dd_-0.522,,,
VET,2023-05-30,bollinger_lower,level_6_halt_dd_-0.522,,,
CCEP,2023-05-30,williams_r_oversold,level_6_halt_dd_-0.522,,,
BHVN,2023-05-30,cpr_narrow_bullish,level_6_halt_dd_-0.522,,,
VIVO,2023-05-30,hull_rsi,level_6_halt_dd_-0.522,,,
SGH,2023-05-30,cpr_narrow_bullish,level_6_halt_dd_-0.522,,,
WMB,2023-05-30,stochrsi_oversold,level_6_halt_dd_-0.522,,,
HOLX,2023-05-30,bollinger_tight,level_6_halt_dd_-0.522,,,
BAM,2023-05-30,mfi_oversold,level_6_halt_dd_-0.522,,,
AOS,2023-05-31,bollinger_lower,level_6_halt_dd_-0.522,,,
SGH,2023-05-31,golden_cross_50_200,level_6_halt_dd_-0.522,,,
BHVN,2023-05-31,pivot_r1_breakout,level_6_halt_dd_-0.522,,,
JCI,2023-05-31,bollinger_tight,level_6_halt_dd_-0.522,,,
BAM,2023-05-31,pivot_s1_bounce,level_6_halt_dd_-0.522,,,
REZI,2023-05-31,pivot_r1_breakout,level_6_halt_dd_-0.522,,,
XLE,2023-05-31,bollinger_lower,level_6_halt_dd_-0.522,,,
PSX,2023-05-31,supertrend_macd,level_6_halt_dd_-0.522,,,
VIVO,2023-05-31,hull_rsi,level_6_halt_dd_-0.522,,,
CCEP,2023-05-31,camarilla_r3_breakout,level_6_halt_dd_-0.522,,,
LCID,2023-06-01,bollinger_lower,level_6_halt_dd_-0.532,,,
BHVN,2023-06-01,pivot_r1_breakout,level_6_halt_dd_-0.532,,,
VIVO,2023-06-01,hull_rsi,level_6_halt_dd_-0.532,,,
IFF,2023-06-01,williams_stoch_dual,level_6_halt_dd_-0.532,,,
NVDA,2023-06-01,hull_rsi,level_6_halt_dd_-0.532,,,
JCI,2023-06-01,stochrsi_oversold,level_6_halt_dd_-0.532,,,
COGT,2023-06-01,cpr_narrow_bullish,level_6_halt_dd_-0.532,,,
BDX,2023-06-01,pivot_r2_continuation,level_6_halt_dd_-0.532,,,
AOS,2023-06-01,bollinger_lower,level_6_halt_dd_-0.532,,,
SGH,2023-06-01,ichimoku_cloud_breakout,level_6_halt_dd_-0.532,,,
FLR,2023-06-02,pivot_r1_breakout,level_6_halt_dd_-0.532,,,
SGH,2023-06-02,pivot_r1_breakout,level_6_halt_dd_-0.532,,,
BHVN,2023-06-02,cpr_narrow_bullish,level_6_halt_dd_-0.532,,,
WMB,2023-06-02,pivot_r1_breakout,level_6_halt_dd_-0.532,,,
VIVO,2023-06-02,hull_rsi,level_6_halt_dd_-0.532,,,
RF,2023-06-02,cpr_narrow_bullish,level_6_halt_dd_-0.532,,,
PSX,2023-06-02,cpr_narrow_bullish,level_6_halt_dd_-0.532,,,
HBAN,2023-06-02,cpr_narrow_bullish,level_6_halt_dd_-0.532,,,
NVDA,2023-06-02,cpr_narrow_bullish,level_6_halt_dd_-0.532,,,
FOX,2023-06-02,cpr_narrow_bullish,level_6_halt_dd_-0.532,,,
COGT,2023-06-05,cpr_narrow_bullish,level_6_halt_dd_-0.532,,,
BHVN,2023-06-05,cpr_narrow_bullish,level_6_halt_dd_-0.532,,,
VIVO,2023-06-05,hull_rsi,level_6_halt_dd_-0.532,,,
UUUU,2023-06-05,cpr_narrow_bullish,level_6_halt_dd_-0.532,,,
BDX,2023-06-05,cpr_narrow_bullish,level_6_halt_dd_-0.532,,,
FOX,2023-06-05,cpr_narrow_bullish,level_6_halt_dd_-0.532,,,
FLR,2023-06-05,hull_rsi,level_6_halt_dd_-0.532,,,
SGH,2023-06-05,ichimoku_cloud_breakout,level_6_halt_dd_-0.532,,,
HST,2023-06-05,macd_crossover,level_6_halt_dd_-0.532,,,
WMB,2023-06-05,cpr_narrow_bullish,level_6_halt_dd_-0.532,,,
BHVN,2023-06-06,cpr_narrow_bullish,level_6_halt_dd_-0.532,,,
CG,2023-06-06,cpr_narrow_bullish,level_6_halt_dd_-0.532,,,
FLR,2023-06-06,cpr_narrow_bullish,level_6_halt_dd_-0.532,,,
SGH,2023-06-06,pivot_r2_continuation,level_6_halt_dd_-0.532,,,
VIVO,2023-06-06,hull_rsi,level_6_halt_dd_-0.532,,,
FOX,2023-06-06,cpr_narrow_bullish,level_6_halt_dd_-0.532,,,
RF,2023-06-06,cpr_narrow_bullish,level_6_halt_dd_-0.532,,,
BAM,2023-06-06,cpr_narrow_bullish,level_6_halt_dd_-0.532,,,
HST,2023-06-06,cpr_narrow_bullish,level_6_halt_dd_-0.532,,,
AOS,2023-06-06,cpr_narrow_bullish,level_6_halt_dd_-0.532,,,
RF,2023-06-07,pivot_r1_breakout,level_6_halt_dd_-0.532,,,
SGH,2023-06-07,cpr_narrow_bullish,level_6_halt_dd_-0.532,,,
JCI,2023-06-07,cpr_narrow_bullish,level_6_halt_dd_-0.532,,,
PSX,2023-06-07,cpr_narrow_bullish,level_6_halt_dd_-0.532,,,
WMB,2023-06-07,pivot_r1_breakout,level_6_halt_dd_-0.532,,,
BHVN,2023-06-07,cpr_narrow_bullish,level_6_halt_dd_-0.532,,,
VIVO,2023-06-07,hull_rsi,level_6_halt_dd_-0.532,,,
BAC,2023-06-07,cpr_narrow_bullish,level_6_halt_dd_-0.532,,,
LCID,2023-06-07,bollinger_tight,level_6_halt_dd_-0.532,,,
HST,2023-06-07,cpr_narrow_bullish,level_6_halt_dd_-0.532,,,
BHVN,2023-06-08,cpr_narrow_bullish,level_6_halt_dd_-0.532,,,
HST,2023-06-08,cpr_narrow_bullish,level_6_halt_dd_-0.532,,,
CG,2023-06-08,cpr_narrow_bullish,level_6_halt_dd_-0.532,,,
VIVO,2023-06-08,hull_rsi,level_6_halt_dd_-0.532,,,
HOLX,2023-06-08,bollinger_tight,level_6_halt_dd_-0.532,,,
FOX,2023-06-08,cpr_narrow_bullish,level_6_halt_dd_-0.532,,,
RF,2023-06-08,cpr_narrow_bullish,level_6_halt_dd_-0.532,,,
SGH,2023-06-08,ichimoku_cloud_breakout,level_6_halt_dd_-0.532,,,
NVDA,2023-06-08,cpr_narrow_bullish,level_6_halt_dd_-0.532,,,
CCEP,2023-06-08,pivot_r2_continuation,level_6_halt_dd_-0.532,,,
BHVN,2023-06-09,cpr_narrow_bullish,level_6_halt_dd_-0.532,,,
SGH,2023-06-09,cpr_narrow_bullish,level_6_halt_dd_-0.532,,,
VIVO,2023-06-09,hull_rsi,level_6_halt_dd_-0.532,,,
VET,2023-06-09,pivot_r1_breakout,level_6_halt_dd_-0.532,,,
HOLX,2023-06-09,bollinger_tight,level_6_halt_dd_-0.532,,,
NVDA,2023-06-09,cpr_narrow_bullish,level_6_halt_dd_-0.532,,,
BAC,2023-06-09,cpr_narrow_bullish,level_6_halt_dd_-0.532,,,
FOX,2023-06-09,hull_rsi,level_6_halt_dd_-0.532,,,
CG,2023-06-09,hull_rsi,level_6_halt_dd_-0.532,,,
HST,2023-06-09,cpr_narrow_bullish,level_6_halt_dd_-0.532,,,
BHVN,2023-06-12,cpr_narrow_bullish,level_6_halt_dd_-0.532,,,
VIVO,2023-06-12,hull_rsi,level_6_halt_dd_-0.532,,,
CG,2023-06-12,hull_rsi,level_6_halt_dd_-0.532,,,
BAM,2023-06-12,cpr_narrow_bullish,level_6_halt_dd_-0.532,,,
FOX,2023-06-12,hull_rsi,level_6_halt_dd_-0.532,,,
NVDA,2023-06-12,cpr_narrow_bullish,level_6_halt_dd_-0.532,,,
GNRC,2023-06-12,cpr_narrow_bullish,level_6_halt_dd_-0.532,,,
SGH,2023-06-12,ichimoku_cloud_breakout,level_6_halt_dd_-0.532,,,
REZI,2023-06-12,cpr_narrow_bullish,level_6_halt_dd_-0.532,,,
HST,2023-06-12,supertrend_macd,level_6_halt_dd_-0.532,,,
SGH,2023-06-13,pivot_r1_breakout,level_6_halt_dd_-0.532,,,
BHVN,2023-06-13,cpr_narrow_bullish,level_6_halt_dd_-0.532,,,
CSX,2023-06-13,cpr_narrow_bullish,level_6_halt_dd_-0.532,,,
COGT,2023-06-13,cpr_narrow_bullish,level_6_halt_dd_-0.532,,,
VIVO,2023-06-13,hull_rsi,level_6_halt_dd_-0.532,,,
CCEP,2023-06-13,cpr_narrow_bullish,level_6_halt_dd_-0.532,,,
CG,2023-06-13,cpr_narrow_bullish,level_6_halt_dd_-0.532,,,
JCI,2023-06-13,cpr_narrow_bullish,level_6_halt_dd_-0.532,,,
REZI,2023-06-13,cpr_narrow_bullish,level_6_halt_dd_-0.532,,,
AOS,2023-06-13,cpr_narrow_bullish,level_6_halt_dd_-0.532,,,
SGH,2023-06-14,pivot_r1_breakout,level_6_halt_dd_-0.532,,,
NVDA,2023-06-14,pivot_r2_continuation,level_6_halt_dd_-0.532,,,
VIVO,2023-06-14,hull_rsi,level_6_halt_dd_-0.532,,,
BAM,2023-06-14,cpr_narrow_bullish,level_6_halt_dd_-0.532,,,
BHVN,2023-06-14,cpr_narrow_bullish,level_6_halt_dd_-0.532,,,
CSX,2023-06-14,cpr_narrow_bullish,level_6_halt_dd_-0.532,,,
CCEP,2023-06-14,cpr_narrow_bullish,level_6_halt_dd_-0.532,,,
JCI,2023-06-14,cpr_narrow_bullish,level_6_halt_dd_-0.532,,,
CG,2023-06-14,cpr_narrow_bullish,level_6_halt_dd_-0.532,,,
COGT,2023-06-14,cpr_narrow_bullish,level_6_halt_dd_-0.532,,,
CSX,2023-06-15,cpr_narrow_bullish,level_6_halt_dd_-0.532,,,
SGH,2023-06-15,cpr_narrow_bullish,level_6_halt_dd_-0.532,,,
AOS,2023-06-15,cpr_narrow_bullish,level_6_halt_dd_-0.532,,,
VIVO,2023-06-15,hull_rsi,level_6_halt_dd_-0.532,,,
BAM,2023-06-15,cpr_narrow_bullish,level_6_halt_dd_-0.532,,,
CCEP,2023-06-15,cpr_narrow_bullish,level_6_halt_dd_-0.532,,,
BDX,2023-06-15,cpr_narrow_bullish,level_6_halt_dd_-0.532,,,
HST,2023-06-15,cpr_narrow_bullish,level_6_halt_dd_-0.532,,,
JCI,2023-06-15,cpr_narrow_bullish,level_6_halt_dd_-0.532,,,
CG,2023-06-15,cpr_narrow_bullish,level_6_halt_dd_-0.532,,,
BHVN,2023-06-16,ichimoku_cloud_breakout,level_6_halt_dd_-0.532,,,
CSX,2023-06-16,hull_rsi,level_6_halt_dd_-0.532,,,
VIVO,2023-06-16,hull_rsi,level_6_halt_dd_-0.532,,,
SGH,2023-06-16,cpr_narrow_bullish,level_6_halt_dd_-0.532,,,
AOS,2023-06-16,cpr_narrow_bullish,level_6_halt_dd_-0.532,,,
AWK,2023-06-16,cpr_narrow_bullish,level_6_halt_dd_-0.532,,,
JCI,2023-06-16,cpr_narrow_bullish,level_6_halt_dd_-0.532,,,
FOX,2023-06-16,cpr_narrow_bullish,level_6_halt_dd_-0.532,,,
BAM,2023-06-16,supertrend_macd,level_6_halt_dd_-0.532,,,
NVDA,2023-06-16,hull_rsi,level_6_halt_dd_-0.532,,,
BHVN,2023-06-19,ichimoku_cloud_breakout,level_6_halt_dd_-0.532,,,
CSX,2023-06-19,hull_rsi,level_6_halt_dd_-0.532,,,
VIVO,2023-06-19,hull_rsi,level_6_halt_dd_-0.532,,,
SGH,2023-06-19,cpr_narrow_bullish,level_6_halt_dd_-0.532,,,
AOS,2023-06-19,cpr_narrow_bullish,level_6_halt_dd_-0.532,,,
AWK,2023-06-19,cpr_narrow_bullish,level_6_halt_dd_-0.532,,,
JCI,2023-06-19,cpr_narrow_bullish,level_6_halt_dd_-0.532,,,
FOX,2023-06-19,cpr_narrow_bullish,level_6_halt_dd_-0.532,,,
BAM,2023-06-19,supertrend_macd,level_6_halt_dd_-0.532,,,
NVDA,2023-06-19,hull_rsi,level_6_halt_dd_-0.532,,,
GNRC,2023-06-20,pivot_r1_breakout,level_6_halt_dd_-0.532,,,
PSX,2023-06-20,cpr_narrow_bullish,level_6_halt_dd_-0.532,,,
VIVO,2023-06-20,hull_rsi,level_6_halt_dd_-0.532,,,
SGH,2023-06-20,hull_rsi,level_6_halt_dd_-0.532,,,
NVDA,2023-06-20,hull_rsi,level_6_halt_dd_-0.532,,,
HOLX,2023-06-20,cpr_narrow_bullish,level_6_halt_dd_-0.532,,,
BHVN,2023-06-20,ichimoku_cloud_breakout,level_6_halt_dd_-0.532,,,
AWK,2023-06-20,pivot_s1_bounce,level_6_halt_dd_-0.532,,,
JCI,2023-06-20,cpr_narrow_bullish,level_6_halt_dd_-0.532,,,
XLE,2023-06-20,cpr_narrow_bullish,level_6_halt_dd_-0.532,,,
GNRC,2023-06-21,cpr_narrow_bullish,level_6_halt_dd_-0.532,,,
AWK,2023-06-21,cpr_narrow_bullish,level_6_halt_dd_-0.532,,,
VIVO,2023-06-21,hull_rsi,level_6_halt_dd_-0.532,,,
HBAN,2023-06-21,stochrsi_oversold,level_6_halt_dd_-0.532,,,
LCID,2023-06-21,williams_stoch_dual,level_6_halt_dd_-0.532,,,
JCI,2023-06-21,cpr_narrow_bullish,level_6_halt_dd_-0.532,,,
BDX,2023-06-21,cpr_narrow_bullish,level_6_halt_dd_-0.532,,,
VET,2023-06-21,cpr_narrow_bullish,level_6_halt_dd_-0.532,,,
RF,2023-06-21,cpr_narrow_bullish,level_6_halt_dd_-0.532,,,
HST,2023-06-21,cpr_narrow_bullish,level_6_halt_dd_-0.532,,,
PSX,2023-06-22,bollinger_lower,level_6_halt_dd_-0.535,,,
VIVO,2023-06-22,hull_rsi,level_6_halt_dd_-0.535,,,
NVDA,2023-06-22,cpr_narrow_bullish,level_6_halt_dd_-0.535,,,
HOLX,2023-06-22,cpr_narrow_bullish,level_6_halt_dd_-0.535,,,
FLR,2023-06-22,cpr_narrow_bullish,level_6_halt_dd_-0.535,,,
LCID,2023-06-22,bollinger_tight,level_6_halt_dd_-0.535,,,
SGH,2023-06-22,ichimoku_cloud_breakout,level_6_halt_dd_-0.535,,,
COGT,2023-06-22,cpr_narrow_bullish,level_6_halt_dd_-0.535,,,
HBAN,2023-06-22,bollinger_tight,level_6_halt_dd_-0.535,,,
RF,2023-06-22,bollinger_tight,level_6_halt_dd_-0.535,,,
GNRC,2023-06-23,pivot_r1_breakout,level_6_halt_dd_-0.539,,,
VIVO,2023-06-23,hull_rsi,level_6_halt_dd_-0.539,,,
IFF,2023-06-23,supertrend_macd,level_6_halt_dd_-0.539,,,
BAM,2023-06-23,cpr_narrow_bullish,level_6_halt_dd_-0.539,,,
BAC,2023-06-23,bollinger_tight,level_6_halt_dd_-0.539,,,
HST,2023-06-23,bollinger_tight,level_6_halt_dd_-0.539,,,
HBAN,2023-06-23,bollinger_tight,level_6_halt_dd_-0.539,,,
RF,2023-06-23,bollinger_tight,level_6_halt_dd_-0.539,,,
XLE,2023-06-23,cmf_flip,level_6_halt_dd_-0.539,,,
SGH,2023-06-23,ichimoku_cloud_breakout,level_6_halt_dd_-0.539,,,
AWK,2023-06-26,bollinger_lower,level_6_halt_dd_-0.539,,,
VIVO,2023-06-26,hull_rsi,level_6_halt_dd_-0.539,,,
AOS,2023-06-26,cpr_narrow_bullish,level_6_halt_dd_-0.539,,,
BAM,2023-06-26,williams_stoch_dual,level_6_halt_dd_-0.539,,,
CSX,2023-06-26,cpr_narrow_bullish,level_6_halt_dd_-0.539,,,
COGT,2023-06-26,cpr_narrow_bullish,level_6_halt_dd_-0.539,,,
LCID,2023-06-26,camarilla_r3_breakout,level_6_halt_dd_-0.539,,,
JCI,2023-06-26,cpr_narrow_bullish,level_6_halt_dd_-0.539,,,
GNRC,2023-06-26,hull_rsi,level_6_halt_dd_-0.539,,,
BHVN,2023-06-26,ichimoku_cloud_breakout,level_6_halt_dd_-0.539,,,
GNRC,2023-06-27,pivot_r1_breakout,level_6_halt_dd_-0.539,,,
JCI,2023-06-27,cpr_narrow_bullish,level_6_halt_dd_-0.539,,,
VIVO,2023-06-27,hull_rsi,level_6_halt_dd_-0.539,,,
FOX,2023-06-27,cpr_narrow_bullish,level_6_halt_dd_-0.539,,,
AOS,2023-06-27,cpr_narrow_bullish,level_6_halt_dd_-0.539,,,
CSX,2023-06-27,cpr_narrow_bullish,level_6_halt_dd_-0.539,,,
COGT,2023-06-27,stochrsi_oversold,level_6_halt_dd_-0.539,,,
UUUU,2023-06-27,stochrsi_oversold,level_6_halt_dd_-0.539,,,
AWK,2023-06-27,camarilla_r3_breakout,level_6_halt_dd_-0.539,,,
CG,2023-06-27,cpr_narrow_bullish,level_6_halt_dd_-0.539,,,
GNRC,2023-06-28,pivot_r1_breakout,level_6_halt_dd_-0.539,,,
VIVO,2023-06-28,hull_rsi,level_6_halt_dd_-0.539,,,
WMB,2023-06-28,pivot_r1_breakout,level_6_halt_dd_-0.539,,,
CSX,2023-06-28,cpr_narrow_bullish,level_6_halt_dd_-0.539,,,
AWK,2023-06-28,bollinger_lower,level_6_halt_dd_-0.539,,,
BHVN,2023-06-28,cpr_narrow_bullish,level_6_halt_dd_-0.539,,,
AOS,2023-06-28,cpr_narrow_bullish,level_6_halt_dd_-0.539,,,
JCI,2023-06-28,cpr_narrow_bullish,level_6_halt_dd_-0.539,,,
CCEP,2023-06-28,cpr_narrow_bullish,level_6_halt_dd_-0.539,,,
IFF,2023-06-28,macd_fast_crossover,level_6_halt_dd_-0.539,,,
CSX,2023-06-29,pivot_r2_continuation,level_6_halt_dd_-0.539,,,
JCI,2023-06-29,cpr_narrow_bullish,level_6_halt_dd_-0.539,,,
REZI,2023-06-29,pivot_r1_breakout,level_6_halt_dd_-0.539,,,
VIVO,2023-06-29,hull_rsi,level_6_halt_dd_-0.539,,,
FOX,2023-06-29,cpr_narrow_bullish,level_6_halt_dd_-0.539,,,
BDX,2023-06-29,cpr_narrow_bullish,level_6_halt_dd_-0.539,,,
AWK,2023-06-29,bollinger_lower,level_6_halt_dd_-0.539,,,
AOS,2023-06-29,cpr_narrow_bullish,level_6_halt_dd_-0.539,,,
GNRC,2023-06-29,cpr_narrow_bullish,level_6_halt_dd_-0.539,,,
COGT,2023-06-29,williams_stoch_dual,level_6_halt_dd_-0.539,,,
SGH,2023-06-30,pivot_r2_continuation,level_6_halt_dd_-0.539,,,
JCI,2023-06-30,cpr_narrow_bullish,level_6_halt_dd_-0.539,,,
CSX,2023-06-30,hull_rsi,level_6_halt_dd_-0.539,,,
AOS,2023-06-30,cpr_narrow_bullish,level_6_halt_dd_-0.539,,,
VIVO,2023-06-30,hull_rsi,level_6_halt_dd_-0.539,,,
GNRC,2023-06-30,cpr_narrow_bullish,level_6_halt_dd_-0.539,,,
BDX,2023-06-30,hull_rsi,level_6_halt_dd_-0.539,,,
WMB,2023-06-30,hull_rsi,level_6_halt_dd_-0.539,,,
PSX,2023-06-30,cpr_narrow_bullish,level_6_halt_dd_-0.539,,,
BHVN,2023-06-30,hull_rsi,level_6_halt_dd_-0.539,,,
CSX,2023-07-03,cpr_narrow_bullish,level_6_halt_dd_-0.539,,,
RF,2023-07-03,cpr_narrow_bullish,level_6_halt_dd_-0.539,,,
WMB,2023-07-03,cpr_narrow_bullish,level_6_halt_dd_-0.539,,,
VIVO,2023-07-03,hull_rsi,level_6_halt_dd_-0.539,,,
CG,2023-07-03,cpr_narrow_bullish,level_6_halt_dd_-0.539,,,
GNRC,2023-07-03,cpr_narrow_bullish,level_6_halt_dd_-0.539,,,
JCI,2023-07-03,pivot_s1_bounce,level_6_halt_dd_-0.539,,,
LCID,2023-07-03,cpr_narrow_bullish,level_6_halt_dd_-0.539,,,
FOX,2023-07-03,cpr_narrow_bullish,level_6_halt_dd_-0.539,,,
VET,2023-07-03,cpr_narrow_bullish,level_6_halt_dd_-0.539,,,
CSX,2023-07-04,cpr_narrow_bullish,level_6_halt_dd_-0.539,,,
RF,2023-07-04,cpr_narrow_bullish,level_6_halt_dd_-0.539,,,
WMB,2023-07-04,cpr_narrow_bullish,level_6_halt_dd_-0.539,,,
VIVO,2023-07-04,hull_rsi,level_6_halt_dd_-0.539,,,
CG,2023-07-04,cpr_narrow_bullish,level_6_halt_dd_-0.539,,,
GNRC,2023-07-04,cpr_narrow_bullish,level_6_halt_dd_-0.539,,,
JCI,2023-07-04,pivot_s1_bounce,level_6_halt_dd_-0.539,,,
LCID,2023-07-04,cpr_narrow_bullish,level_6_halt_dd_-0.539,,,
FOX,2023-07-04,cpr_narrow_bullish,level_6_halt_dd_-0.539,,,
VET,2023-07-04,cpr_narrow_bullish,level_6_halt_dd_-0.539,,,
HOLX,2023-07-05,cpr_narrow_bullish,level_6_halt_dd_-0.539,,,
GNRC,2023-07-05,ichimoku_cloud_breakout,level_6_halt_dd_-0.539,,,
VIVO,2023-07-05,hull_rsi,level_6_halt_dd_-0.539,,,
LCID,2023-07-05,cpr_narrow_bullish,level_6_halt_dd_-0.539,,,
WMB,2023-07-05,hull_rsi,level_6_halt_dd_-0.539,,,
FLR,2023-07-05,cpr_narrow_bullish,level_6_halt_dd_-0.539,,,
UUUU,2023-07-05,bollinger_tight,level_6_halt_dd_-0.539,,,
REZI,2023-07-05,cpr_narrow_bullish,level_6_halt_dd_-0.539,,,
CCEP,2023-07-05,cpr_narrow_bullish,level_6_halt_dd_-0.539,,,
JCI,2023-07-05,ichimoku_cloud_breakout,level_6_halt_dd_-0.539,,,
BAM,2023-07-06,bollinger_tight,level_6_halt_dd_-0.539,,,
VIVO,2023-07-06,hull_rsi,level_6_halt_dd_-0.539,,,
REZI,2023-07-06,bollinger_lower,level_6_halt_dd_-0.539,,,
HOLX,2023-07-06,bollinger_tight,level_6_halt_dd_-0.539,,,
GNRC,2023-07-06,ichimoku_cloud_breakout,level_6_halt_dd_-0.539,,,
UUUU,2023-07-06,bollinger_lower,level_6_halt_dd_-0.539,,,
FOX,2023-07-06,ichimoku_cloud_breakout,level_6_halt_dd_-0.539,,,
BHVN,2023-07-06,ichimoku_cloud_breakout,level_6_halt_dd_-0.539,,,
AWK,2023-07-06,cpr_narrow_bullish,level_6_halt_dd_-0.539,,,
CCEP,2023-07-06,cpr_narrow_bullish,level_6_halt_dd_-0.539,,,
PSX,2023-07-07,pivot_r1_breakout,level_6_halt_dd_-0.539,,,
HOLX,2023-07-07,bollinger_tight,level_6_halt_dd_-0.539,,,
VIVO,2023-07-07,hull_rsi,level_6_halt_dd_-0.539,,,
VET,2023-07-07,cpr_narrow_bullish,level_6_halt_dd_-0.539,,,
AWK,2023-07-07,bollinger_tight,level_6_halt_dd_-0.539,,,
XLE,2023-07-07,cpr_narrow_bullish,level_6_halt_dd_-0.539,,,
WMB,2023-07-07,cpr_narrow_bullish,level_6_halt_dd_-0.539,,,
CG,2023-07-07,cpr_narrow_bullish,level_6_halt_dd_-0.539,,,
LCID,2023-07-07,cpr_narrow_bullish,level_6_halt_dd_-0.539,,,
BHVN,2023-07-07,ichimoku_cloud_breakout,level_6_halt_dd_-0.539,,,
VIVO,2023-07-10,hull_rsi,level_6_halt_dd_-0.539,,,
FLR,2023-07-10,cpr_narrow_bullish,level_6_halt_dd_-0.539,,,
WMB,2023-07-10,cpr_narrow_bullish,level_6_halt_dd_-0.539,,,
LCID,2023-07-10,cpr_narrow_bullish,level_6_halt_dd_-0.539,,,
BHVN,2023-07-10,cpr_narrow_bullish,level_6_halt_dd_-0.539,,,
BAM,2023-07-10,stochrsi_oversold,level_6_halt_dd_-0.539,,,
VET,2023-07-10,cpr_narrow_bullish,level_6_halt_dd_-0.539,,,
PSX,2023-07-10,cpr_narrow_bullish,level_6_halt_dd_-0.539,,,
CG,2023-07-10,cpr_narrow_bullish,level_6_halt_dd_-0.539,,,
AWK,2023-07-10,bollinger_tight,level_6_halt_dd_-0.539,,,
JCI,2023-07-11,cpr_narrow_bullish,level_6_halt_dd_-0.539,,,
AOS,2023-07-11,cpr_narrow_bullish,level_6_halt_dd_-0.539,,,
FLR,2023-07-11,pivot_r1_breakout,level_6_halt_dd_-0.539,,,
VIVO,2023-07-11,hull_rsi,level_6_halt_dd_-0.539,,,
LCID,2023-07-11,cpr_narrow_bullish,level_6_halt_dd_-0.539,,,
WMB,2023-07-11,cpr_narrow_bullish,level_6_halt_dd_-0.539,,,
CG,2023-07-11,cpr_narrow_bullish,level_6_halt_dd_-0.539,,,
VET,2023-07-11,cpr_narrow_bullish,level_6_halt_dd_-0.539,,,
BAC,2023-07-11,cpr_narrow_bullish,level_6_halt_dd_-0.539,,,
GNRC,2023-07-11,macd_crossover,level_6_halt_dd_-0.539,,,
JCI,2023-07-12,pivot_r1_breakout,level_6_halt_dd_-0.539,,,
WMB,2023-07-12,pivot_r1_breakout,level_6_halt_dd_-0.539,,,
BHVN,2023-07-12,macd_fast_crossover,level_6_halt_dd_-0.539,,,
CG,2023-07-12,cpr_narrow_bullish,level_6_halt_dd_-0.539,,,
VIVO,2023-07-12,hull_rsi,level_6_halt_dd_-0.539,,,
GNRC,2023-07-12,cpr_narrow_bullish,level_6_halt_dd_-0.539,,,
AOS,2023-07-12,cpr_narrow_bullish,level_6_halt_dd_-0.539,,,
PSX,2023-07-12,cpr_narrow_bullish,level_6_halt_dd_-0.539,,,
XLE,2023-07-12,cpr_narrow_bullish,level_6_halt_dd_-0.539,,,
IFF,2023-07-12,cpr_narrow_bullish,level_6_halt_dd_-0.539,,,
CG,2023-07-13,cpr_narrow_bullish,level_6_halt_dd_-0.539,,,
VIVO,2023-07-13,hull_rsi,level_6_halt_dd_-0.539,,,
WMB,2023-07-13,cpr_narrow_bullish,level_6_halt_dd_-0.539,,,
RF,2023-07-13,cpr_narrow_bullish,level_6_halt_dd_-0.539,,,
BAC,2023-07-13,cpr_narrow_bullish,level_6_halt_dd_-0.539,,,
PSX,2023-07-13,cpr_narrow_bullish,level_6_halt_dd_-0.539,,,
JCI,2023-07-13,hull_rsi,level_6_halt_dd_-0.539,,,
HBAN,2023-07-13,cpr_narrow_bullish,level_6_halt_dd_-0.539,,,
REZI,2023-07-13,macd_crossover,level_6_halt_dd_-0.539,,,
XLE,2023-07-13,hull_rsi,level_6_halt_dd_-0.539,,,
NVDA,2023-07-14,cpr_narrow_bullish,level_6_halt_dd_-0.539,,,
JCI,2023-07-14,cpr_narrow_bullish,level_6_halt_dd_-0.539,,,
VIVO,2023-07-14,hull_rsi,level_6_halt_dd_-0.539,,,
BAM,2023-07-14,cpr_narrow_bullish,level_6_halt_dd_-0.539,,,
AOS,2023-07-14,cpr_narrow_bullish,level_6_halt_dd_-0.539,,,
CCEP,2023-07-14,cpr_narrow_bullish,level_6_halt_dd_-0.539,,,
CG,2023-07-14,hull_rsi,level_6_halt_dd_-0.539,,,
RF,2023-07-14,hull_rsi,level_6_halt_dd_-0.539,,,
HOLX,2023-07-14,cpr_narrow_bullish,level_6_halt_dd_-0.539,,,
COGT,2023-07-14,hull_rsi,level_6_halt_dd_-0.539,,,
JCI,2023-07-17,pivot_r2_continuation,level_6_halt_dd_-0.539,,,
AOS,2023-07-17,cpr_narrow_bullish,level_6_halt_dd_-0.539,,,
BHVN,2023-07-17,cpr_narrow_bullish,level_6_halt_dd_-0.539,,,
VIVO,2023-07-17,hull_rsi,level_6_halt_dd_-0.539,,,
RF,2023-07-17,cpr_narrow_bullish,level_6_halt_dd_-0.539,,,
BDX,2023-07-17,cpr_narrow_bullish,level_6_halt_dd_-0.539,,,
NVDA,2023-07-17,hull_rsi,level_6_halt_dd_-0.539,,,
REZI,2023-07-17,cpr_narrow_bullish,level_6_halt_dd_-0.539,,,
CG,2023-07-17,hull_rsi,level_6_halt_dd_-0.539,,,
BAC,2023-07-17,hull_rsi,level_6_halt_dd_-0.539,,,
BAC,2023-07-18,pivot_r1_breakout,level_6_halt_dd_-0.539,,,
AOS,2023-07-18,cpr_narrow_bullish,level_6_halt_dd_-0.539,,,
NVDA,2023-07-18,pivot_r2_continuation,level_6_halt_dd_-0.539,,,
CG,2023-07-18,cpr_narrow_bullish,level_6_halt_dd_-0.539,,,
RF,2023-07-18,cpr_narrow_bullish,level_6_halt_dd_-0.539,,,
BHVN,2023-07-18,cpr_narrow_bullish,level_6_halt_dd_-0.539,,,
HOLX,2023-07-18,bollinger_tight,level_6_halt_dd_-0.539,,,
JCI,2023-07-18,cpr_narrow_bullish,level_6_halt_dd_-0.539,,,
VIVO,2023-07-18,hull_rsi,level_6_halt_dd_-0.539,,,
HBAN,2023-07-18,cpr_narrow_bullish,level_6_halt_dd_-0.539,,,
NVDA,2023-07-19,cpr_narrow_bullish,level_6_halt_dd_-0.513,,,
JCI,2023-07-19,cpr_narrow_bullish,level_6_halt_dd_-0.513,,,
RF,2023-07-19,cpr_narrow_bullish,level_6_halt_dd_-0.513,,,
VIVO,2023-07-19,hull_rsi,level_6_halt_dd_-0.513,,,
SGH,2023-07-19,ichimoku_cloud_breakout,level_6_halt_dd_-0.513,,,
CG,2023-07-19,cpr_narrow_bullish,level_6_halt_dd_-0.513,,,
HBAN,2023-07-19,cpr_narrow_bullish,level_6_halt_dd_-0.513,,,
BDX,2023-07-19,williams_r_oversold,level_6_halt_dd_-0.513,,,
BAC,2023-07-19,cpr_narrow_bullish,level_6_halt_dd_-0.513,,,
BAM,2023-07-19,cpr_narrow_bullish,level_6_halt_dd_-0.513,,,
RF,2023-07-20,cpr_narrow_bullish,level_6_halt_dd_-0.513,,,
COGT,2023-07-20,cpr_narrow_bullish,level_6_halt_dd_-0.513,,,
VIVO,2023-07-20,hull_rsi,level_6_halt_dd_-0.513,,,
AOS,2023-07-20,cpr_narrow_bullish,level_6_halt_dd_-0.513,,,
BAM,2023-07-20,pivot_s1_bounce,level_6_halt_dd_-0.513,,,
XLE,2023-07-20,cpr_narrow_bullish,level_6_halt_dd_-0.513,,,
BDX,2023-07-20,cpr_narrow_bullish,level_6_halt_dd_-0.513,,,
BAC,2023-07-20,cpr_narrow_bullish,level_6_halt_dd_-0.513,,,
HBAN,2023-07-20,cpr_narrow_bullish,level_6_halt_dd_-0.513,,,
LCID,2023-07-20,cpr_narrow_bullish,level_6_halt_dd_-0.513,,,
HOLX,2023-07-21,pivot_r1_breakout,level_6_halt_dd_-0.513,,,
HBAN,2023-07-21,cpr_narrow_bullish,level_6_halt_dd_-0.513,,,
NVDA,2023-07-21,ichimoku_cloud_breakout,level_6_halt_dd_-0.513,,,
UUUU,2023-07-21,cpr_narrow_bullish,level_6_halt_dd_-0.513,,,
BAM,2023-07-21,cpr_narrow_bullish,level_6_halt_dd_-0.513,,,
VIVO,2023-07-21,hull_rsi,level_6_halt_dd_-0.513,,,
BAC,2023-07-21,cpr_narrow_bullish,level_6_halt_dd_-0.513,,,
CSX,2023-07-21,bollinger_tight,level_6_halt_dd_-0.513,,,
XLE,2023-07-21,cpr_narrow_bullish,level_6_halt_dd_-0.513,,,
PSX,2023-07-21,cpr_narrow_bullish,level_6_halt_dd_-0.513,,,
BHVN,2023-07-24,supertrend_ichimoku_adx,dedup_one_position_per_ticker_per_day,,,
BHVN,2023-07-24,pivot_r1_breakout,dedup_one_position_per_ticker_per_day,,,
BHVN,2023-07-24,pivot_r2_continuation,dedup_one_position_per_ticker_per_day,,,
BHVN,2023-07-24,camarilla_r3_breakout,dedup_one_position_per_ticker_per_day,,,
BHVN,2023-07-24,prev_day_high_break,dedup_one_position_per_ticker_per_day,,,
BHVN,2023-07-24,hull_rsi,dedup_one_position_per_ticker_per_day,,,
BHVN,2023-07-24,parabolic_sar_flip,dedup_one_position_per_ticker_per_day,,,
BHVN,2023-07-24,force_index_breakout,dedup_one_position_per_ticker_per_day,,,
BHVN,2023-07-24,parabolic_sar_flip_short,dedup_one_position_per_ticker_per_day,,,
BHVN,2023-07-24,hull_rsi_short,dedup_one_position_per_ticker_per_day,,,
BHVN,2023-07-24,prev_day_low_breakdown,dedup_one_position_per_ticker_per_day,,,
BHVN,2023-07-24,lead_lag_sector_rotation,dedup_one_position_per_ticker_per_day,,,
BDX,2023-07-24,cpr_narrow_bullish,dedup_one_position_per_ticker_per_day,,,
BDX,2023-07-24,camarilla_r3_breakout,dedup_one_position_per_ticker_per_day,,,
BDX,2023-07-24,prev_day_high_break,dedup_one_position_per_ticker_per_day,,,
BDX,2023-07-24,hull_rsi,dedup_one_position_per_ticker_per_day,,,
BDX,2023-07-24,cpr_narrow_momentum,dedup_one_position_per_ticker_per_day,,,
BDX,2023-07-24,bollinger_lower,dedup_one_position_per_ticker_per_day,,,
BDX,2023-07-24,bollinger_tight,dedup_one_position_per_ticker_per_day,,,
BDX,2023-07-24,bollinger_upper_short,dedup_one_position_per_ticker_per_day,,,
BDX,2023-07-24,shooting_star_short,dedup_one_position_per_ticker_per_day,,,
HBAN,2023-07-24,hull_rsi,dedup_one_position_per_ticker_per_day,,,
HBAN,2023-07-24,ichimoku_cloud_breakout,dedup_one_position_per_ticker_per_day,,,
HBAN,2023-07-24,adx_initiation,dedup_one_position_per_ticker_per_day,,,
HBAN,2023-07-24,supertrend_macd,dedup_one_position_per_ticker_per_day,,,
HBAN,2023-07-24,cpr_narrow_momentum,dedup_one_position_per_ticker_per_day,,,
HBAN,2023-07-24,r1_break_retest,dedup_one_position_per_ticker_per_day,,,
HBAN,2023-07-24,break_retest_confluence,dedup_one_position_per_ticker_per_day,,,
HBAN,2023-07-24,bollinger_lower,dedup_one_position_per_ticker_per_day,,,
HBAN,2023-07-24,bollinger_tight,dedup_one_position_per_ticker_per_day,,,
VIVO,2023-07-24,(any),ticker_already_open_concurrent_block_bug61,,,
BAC,2023-07-24,hull_rsi,dedup_one_position_per_ticker_per_day,,,
BAC,2023-07-24,supertrend_macd,dedup_one_position_per_ticker_per_day,,,
BAC,2023-07-24,cpr_narrow_momentum,dedup_one_position_per_ticker_per_day,,,
BAC,2023-07-24,r1_break_retest,dedup_one_position_per_ticker_per_day,,,
BAC,2023-07-24,break_retest_confluence,dedup_one_position_per_ticker_per_day,,,
BAC,2023-07-24,bollinger_lower,dedup_one_position_per_ticker_per_day,,,
BAC,2023-07-24,bollinger_tight,dedup_one_position_per_ticker_per_day,,,
BAC,2023-07-24,morning_star,dedup_one_position_per_ticker_per_day,,,
FOX,2023-07-24,pivot_r1_breakout,dedup_one_position_per_ticker_per_day,,,
FOX,2023-07-24,cpr_narrow_bullish,dedup_one_position_per_ticker_per_day,,,
FOX,2023-07-24,prev_day_high_break,dedup_one_position_per_ticker_per_day,,,
FOX,2023-07-24,hull_rsi,dedup_one_position_per_ticker_per_day,,,
FOX,2023-07-24,cpr_narrow_momentum,dedup_one_position_per_ticker_per_day,,,
FOX,2023-07-24,hull_rsi_short,dedup_one_position_per_ticker_per_day,,,
FOX,2023-07-24,prev_day_low_breakdown,dedup_one_position_per_ticker_per_day,,,
FOX,2023-07-24,cpr_narrow_momentum_short,dedup_one_position_per_ticker_per_day,,,
PSX,2023-07-24,hull_rsi,dedup_one_position_per_ticker_per_day,,,
PSX,2023-07-24,supertrend_macd,dedup_one_position_per_ticker_per_day,,,
PSX,2023-07-24,cpr_narrow_momentum,dedup_one_position_per_ticker_per_day,,,
PSX,2023-07-24,r1_break_retest,dedup_one_position_per_ticker_per_day,,,
PSX,2023-07-24,break_retest_confluence,dedup_one_position_per_ticker_per_day,,,
PSX,2023-07-24,bollinger_tight,dedup_one_position_per_ticker_per_day,,,
PSX,2023-07-24,williams_stoch_dual,dedup_one_position_per_ticker_per_day,,,
BAM,2023-07-24,hull_rsi,dedup_one_position_per_ticker_per_day,,,
BAM,2023-07-24,cpr_narrow_momentum,dedup_one_position_per_ticker_per_day,,,
BAM,2023-07-24,break_retest_confluence,dedup_one_position_per_ticker_per_day,,,
BAM,2023-07-24,stochrsi_oversold,dedup_one_position_per_ticker_per_day,,,
BAM,2023-07-24,bollinger_tight,dedup_one_position_per_ticker_per_day,,,
BAM,2023-07-24,stochrsi_overbought_short,dedup_one_position_per_ticker_per_day,,,
BAM,2023-07-24,lead_lag_sector_rotation,dedup_one_position_per_ticker_per_day,,,
SGH,2023-07-24,williams_stoch_dual,dedup_one_position_per_ticker_per_day,,,
SGH,2023-07-24,cpr_narrow_bullish,dedup_one_position_per_ticker_per_day,,,
SGH,2023-07-24,hull_rsi,dedup_one_position_per_ticker_per_day,,,
SGH,2023-07-24,awesome_oscillator,dedup_one_position_per_ticker_per_day,,,
SGH,2023-07-24,cpr_narrow_momentum,dedup_one_position_per_ticker_per_day,,,
SGH,2023-07-24,hull_rsi_short,dedup_one_position_per_ticker_per_day,,,
SGH,2023-07-24,cpr_narrow_momentum_short,dedup_one_position_per_ticker_per_day,,,
VET,2023-07-24,macd_fast_crossover,dedup_one_position_per_ticker_per_day,,,
VET,2023-07-24,hull_rsi,dedup_one_position_per_ticker_per_day,,,
VET,2023-07-24,cpr_narrow_momentum,dedup_one_position_per_ticker_per_day,,,
VET,2023-07-24,r1_break_retest,dedup_one_position_per_ticker_per_day,,,
VET,2023-07-24,break_retest_confluence,dedup_one_position_per_ticker_per_day,,,
VET,2023-07-24,bollinger_tight,dedup_one_position_per_ticker_per_day,,,
FOX,2023-07-25,williams_r_oversold,level_6_halt_dd_-0.513,,,
VIVO,2023-07-25,hull_rsi,level_6_halt_dd_-0.513,,,
PSX,2023-07-25,cpr_narrow_bullish,level_6_halt_dd_-0.513,,,
IFF,2023-07-25,cpr_narrow_bullish,level_6_halt_dd_-0.513,,,
BAM,2023-07-25,cpr_narrow_bullish,level_6_halt_dd_-0.513,,,
AWK,2023-07-25,cpr_narrow_bullish,level_6_halt_dd_-0.513,,,
AOS,2023-07-25,ichimoku_cloud_breakout,level_6_halt_dd_-0.513,,,
XLE,2023-07-25,cpr_narrow_bullish,level_6_halt_dd_-0.513,,,
BAC,2023-07-25,hull_rsi,level_6_halt_dd_-0.513,,,
CG,2023-07-25,cpr_narrow_bullish,level_6_halt_dd_-0.513,,,
PSX,2023-07-26,cpr_narrow_bullish,level_6_halt_dd_-0.513,,,
VIVO,2023-07-26,hull_rsi,level_6_halt_dd_-0.513,,,
HBAN,2023-07-26,cpr_narrow_bullish,level_6_halt_dd_-0.513,,,
RF,2023-07-26,cpr_narrow_bullish,level_6_halt_dd_-0.513,,,
HOLX,2023-07-26,cpr_narrow_bullish,level_6_halt_dd_-0.513,,,
XLE,2023-07-26,cpr_narrow_bullish,level_6_halt_dd_-0.513,,,
REZI,2023-07-26,cpr_narrow_bullish,level_6_halt_dd_-0.513,,,
CG,2023-07-26,cpr_narrow_bullish,level_6_halt_dd_-0.513,,,
BDX,2023-07-26,cpr_narrow_bullish,level_6_halt_dd_-0.513,,,
IFF,2023-07-26,cpr_narrow_bullish,level_6_halt_dd_-0.513,,,
BHVN,2023-07-27,bollinger_tight,level_6_halt_dd_-0.531,,,
BDX,2023-07-27,cpr_narrow_bullish,level_6_halt_dd_-0.531,,,
VIVO,2023-07-27,hull_rsi,level_6_halt_dd_-0.531,,,
CG,2023-07-27,ichimoku_cloud_breakout,level_6_halt_dd_-0.531,,,
AOS,2023-07-27,pivot_r1_breakout,level_6_halt_dd_-0.531,,,
CCEP,2023-07-27,bollinger_tight,level_6_halt_dd_-0.531,,,
PSX,2023-07-27,cpr_narrow_bullish,level_6_halt_dd_-0.531,,,
FOX,2023-07-27,williams_stoch_dual,level_6_halt_dd_-0.531,,,
RF,2023-07-27,ichimoku_cloud_breakout,level_6_halt_dd_-0.531,,,
BAC,2023-07-27,ichimoku_cloud_breakout,level_6_halt_dd_-0.531,,,
HST,2023-07-28,pivot_r1_breakout,level_6_halt_dd_-0.531,,,
BHVN,2023-07-28,cmf_flip,level_6_halt_dd_-0.531,,,
HBAN,2023-07-28,cpr_narrow_bullish,level_6_halt_dd_-0.531,,,
VIVO,2023-07-28,hull_rsi,level_6_halt_dd_-0.531,,,
PSX,2023-07-28,hull_rsi,level_6_halt_dd_-0.531,,,
AOS,2023-07-28,morning_star,level_6_halt_dd_-0.531,,,
CCEP,2023-07-28,cmf_flip,level_6_halt_dd_-0.531,,,
RF,2023-07-28,cpr_narrow_bullish,level_6_halt_dd_-0.531,,,
BDX,2023-07-28,hull_rsi,level_6_halt_dd_-0.531,,,
LCID,2023-07-28,macd_crossover,level_6_halt_dd_-0.531,,,
PSX,2023-07-31,cpr_narrow_bullish,level_6_halt_dd_-0.531,,,
UUUU,2023-07-31,pivot_r1_breakout,level_6_halt_dd_-0.531,,,
HBAN,2023-07-31,cpr_narrow_bullish,level_6_halt_dd_-0.531,,,
VIVO,2023-07-31,hull_rsi,level_6_halt_dd_-0.531,,,
COGT,2023-07-31,cpr_narrow_bullish,level_6_halt_dd_-0.531,,,
AOS,2023-07-31,williams_r_oversold,level_6_halt_dd_-0.531,,,
BHVN,2023-07-31,bollinger_tight,level_6_halt_dd_-0.531,,,
VET,2023-07-31,cpr_narrow_bullish,level_6_halt_dd_-0.531,,,
REZI,2023-07-31,cpr_narrow_bullish,level_6_halt_dd_-0.531,,,
RF,2023-07-31,cpr_narrow_bullish,level_6_halt_dd_-0.531,,,
HOLX,2023-08-01,cmf_flip,level_6_halt_dd_-0.531,,,
VIVO,2023-08-01,hull_rsi,level_6_halt_dd_-0.531,,,
BHVN,2023-08-01,bollinger_tight,level_6_halt_dd_-0.531,,,
COGT,2023-08-01,cpr_narrow_bullish,level_6_halt_dd_-0.531,,,
PSX,2023-08-01,hull_rsi,level_6_halt_dd_-0.531,,,
CCEP,2023-08-01,bollinger_lower,level_6_halt_dd_-0.531,,,
HBAN,2023-08-01,cpr_narrow_bullish,level_6_halt_dd_-0.531,,,
RF,2023-08-01,cpr_narrow_bullish,level_6_halt_dd_-0.531,,,
XLE,2023-08-01,cpr_narrow_bullish,level_6_halt_dd_-0.531,,,
UUUU,2023-08-01,cpr_narrow_bullish,level_6_halt_dd_-0.531,,,
GNRC,2023-08-02,bollinger_lower,level_6_halt_dd_-0.531,,,
JCI,2023-08-02,bollinger_tight,level_6_halt_dd_-0.531,,,
CG,2023-08-02,ichimoku_cloud_breakout,level_6_halt_dd_-0.531,,,
BHVN,2023-08-02,stochrsi_oversold,level_6_halt_dd_-0.531,,,
VIVO,2023-08-02,hull_rsi,level_6_halt_dd_-0.531,,,
HBAN,2023-08-02,prev_day_low_bounce,level_6_halt_dd_-0.531,,,
BAM,2023-08-02,cpr_narrow_bullish,level_6_halt_dd_-0.531,,,
PSX,2023-08-02,ichimoku_cloud_breakout,level_6_halt_dd_-0.531,,,
LCID,2023-08-02,cpr_narrow_bullish,level_6_halt_dd_-0.531,,,
RF,2023-08-02,ichimoku_cloud_breakout,level_6_halt_dd_-0.531,,,
HST,2023-08-03,bollinger_lower,level_6_halt_dd_-0.531,,,
JCI,2023-08-03,bollinger_tight,level_6_halt_dd_-0.531,,,
GNRC,2023-08-03,bollinger_lower,level_6_halt_dd_-0.531,,,
FOX,2023-08-03,bollinger_tight,level_6_halt_dd_-0.531,,,
VET,2023-08-03,pivot_r1_breakout,level_6_halt_dd_-0.531,,,
VIVO,2023-08-03,hull_rsi,level_6_halt_dd_-0.531,,,
HBAN,2023-08-03,cpr_narrow_bullish,level_6_halt_dd_-0.531,,,
RF,2023-08-03,cpr_narrow_bullish,level_6_halt_dd_-0.531,,,
BAM,2023-08-03,cmf_flip,level_6_halt_dd_-0.531,,,
COGT,2023-08-03,pivot_r1_breakout,level_6_halt_dd_-0.531,,,
FLR,2023-08-04,pivot_r1_breakout,level_6_halt_dd_-0.531,,,
REZI,2023-08-04,bollinger_lower,level_6_halt_dd_-0.531,,,
CSX,2023-08-04,bollinger_lower,level_6_halt_dd_-0.531,,,
COGT,2023-08-04,bollinger_tight,level_6_halt_dd_-0.531,,,
VIVO,2023-08-04,hull_rsi,level_6_halt_dd_-0.531,,,
GNRC,2023-08-04,stochrsi_oversold,level_6_halt_dd_-0.531,,,
RF,2023-08-04,hull_rsi,level_6_halt_dd_-0.531,,,
HBAN,2023-08-04,cpr_narrow_bullish,level_6_halt_dd_-0.531,,,
CG,2023-08-04,williams_r_oversold,level_6_halt_dd_-0.531,,,
JCI,2023-08-04,stochrsi_oversold,level_6_halt_dd_-0.531,,,
GNRC,2023-08-07,bollinger_lower,level_6_halt_dd_-0.531,,,
JCI,2023-08-07,bollinger_tight,level_6_halt_dd_-0.531,,,
RF,2023-08-07,cpr_narrow_bullish,level_6_halt_dd_-0.531,,,
VIVO,2023-08-07,hull_rsi,level_6_halt_dd_-0.531,,,
HBAN,2023-08-07,cpr_narrow_bullish,level_6_halt_dd_-0.531,,,
REZI,2023-08-07,stochrsi_oversold,level_6_halt_dd_-0.531,,,
COGT,2023-08-07,bollinger_lower,level_6_halt_dd_-0.531,,,
UUUU,2023-08-07,cpr_narrow_bullish,level_6_halt_dd_-0.531,,,
CG,2023-08-07,pivot_r2_continuation,level_6_halt_dd_-0.531,,,
CSX,2023-08-07,bollinger_lower,level_6_halt_dd_-0.531,,,
FOX,2023-08-08,pivot_r1_breakout,level_6_halt_dd_-0.555,,,
IFF,2023-08-08,bollinger_lower,level_6_halt_dd_-0.555,,,
JCI,2023-08-08,bollinger_tight,level_6_halt_dd_-0.555,,,
GNRC,2023-08-08,bollinger_tight,level_6_halt_dd_-0.555,,,
CSX,2023-08-08,bollinger_lower,level_6_halt_dd_-0.555,,,
FLR,2023-08-08,pivot_r1_breakout,level_6_halt_dd_-0.555,,,
PSX,2023-08-08,cpr_narrow_bullish,level_6_halt_dd_-0.555,,,
VIVO,2023-08-08,hull_rsi,level_6_halt_dd_-0.555,,,
COGT,2023-08-08,camarilla_r3_breakout,level_6_halt_dd_-0.555,,,
CG,2023-08-08,williams_r_oversold,level_6_halt_dd_-0.555,,,
CSX,2023-08-09,bollinger_tight,dedup_one_position_per_ticker_per_day,,,
CSX,2023-08-09,williams_stoch_dual,dedup_one_position_per_ticker_per_day,,,
CSX,2023-08-09,cpr_narrow_bullish,dedup_one_position_per_ticker_per_day,,,
CSX,2023-08-09,hull_rsi,dedup_one_position_per_ticker_per_day,,,
CSX,2023-08-09,golden_cross_20_50,dedup_one_position_per_ticker_per_day,,,
CSX,2023-08-09,cpr_narrow_momentum,dedup_one_position_per_ticker_per_day,,,
CSX,2023-08-09,hull_rsi_short,dedup_one_position_per_ticker_per_day,,,
CSX,2023-08-09,cpr_narrow_momentum_short,dedup_one_position_per_ticker_per_day,,,
CSX,2023-08-09,r1_break_retest,dedup_one_position_per_ticker_per_day,,,
CSX,2023-08-09,break_retest_confluence,dedup_one_position_per_ticker_per_day,,,
CSX,2023-08-09,lead_lag_sector_rotation,dedup_one_position_per_ticker_per_day,,,
GNRC,2023-08-09,williams_stoch_dual,dedup_one_position_per_ticker_per_day,,,
GNRC,2023-08-09,cpr_narrow_bullish,dedup_one_position_per_ticker_per_day,,,
GNRC,2023-08-09,hull_rsi,dedup_one_position_per_ticker_per_day,,,
GNRC,2023-08-09,golden_cross_20_50,dedup_one_position_per_ticker_per_day,,,
GNRC,2023-08-09,supertrend_macd,dedup_one_position_per_ticker_per_day,,,
GNRC,2023-08-09,cpr_narrow_momentum,dedup_one_position_per_ticker_per_day,,,
GNRC,2023-08-09,supertrend_macd_short,dedup_one_position_per_ticker_per_day,,,
GNRC,2023-08-09,hull_rsi_short,dedup_one_position_per_ticker_per_day,,,
GNRC,2023-08-09,cpr_narrow_momentum_short,dedup_one_position_per_ticker_per_day,,,
GNRC,2023-08-09,break_retest_confluence,dedup_one_position_per_ticker_per_day,,,
GNRC,2023-08-09,lead_lag_sector_rotation,dedup_one_position_per_ticker_per_day,,,
PSX,2023-08-09,(any),ticker_already_open_concurrent_block_bug61,,,
JCI,2023-08-09,cpr_narrow_bullish,dedup_one_position_per_ticker_per_day,,,
JCI,2023-08-09,hull_rsi,dedup_one_position_per_ticker_per_day,,,
JCI,2023-08-09,supertrend_macd,dedup_one_position_per_ticker_per_day,,,
JCI,2023-08-09,cpr_narrow_momentum,dedup_one_position_per_ticker_per_day,,,
JCI,2023-08-09,supertrend_macd_short,dedup_one_position_per_ticker_per_day,,,
JCI,2023-08-09,hull_rsi_short,dedup_one_position_per_ticker_per_day,,,
JCI,2023-08-09,cpr_narrow_momentum_short,dedup_one_position_per_ticker_per_day,,,
JCI,2023-08-09,r1_break_retest,dedup_one_position_per_ticker_per_day,,,
JCI,2023-08-09,break_retest_confluence,dedup_one_position_per_ticker_per_day,,,
WMB,2023-08-09,hull_rsi,dedup_one_position_per_ticker_per_day,,,
WMB,2023-08-09,ichimoku_cloud_breakout,dedup_one_position_per_ticker_per_day,,,
WMB,2023-08-09,supertrend_macd,dedup_one_position_per_ticker_per_day,,,
WMB,2023-08-09,macd_ichimoku,dedup_one_position_per_ticker_per_day,,,
WMB,2023-08-09,r1_break_retest,dedup_one_position_per_ticker_per_day,,,
WMB,2023-08-09,52wh_break_retest,dedup_one_position_per_ticker_per_day,,,
WMB,2023-08-09,break_retest_confluence,dedup_one_position_per_ticker_per_day,,,
WMB,2023-08-09,bollinger_tight,dedup_one_position_per_ticker_per_day,,,
VIVO,2023-08-09,(any),ticker_already_open_concurrent_block_bug61,,,
REZI,2023-08-09,cmf_flip,dedup_one_position_per_ticker_per_day,,,
REZI,2023-08-09,bollinger_tight,dedup_one_position_per_ticker_per_day,,,
REZI,2023-08-09,hull_rsi,dedup_one_position_per_ticker_per_day,,,
REZI,2023-08-09,ichimoku_cloud_breakout,dedup_one_position_per_ticker_per_day,,,
REZI,2023-08-09,adx_initiation,dedup_one_position_per_ticker_per_day,,,
REZI,2023-08-09,supertrend_macd,dedup_one_position_per_ticker_per_day,,,
REZI,2023-08-09,supertrend_macd_short,dedup_one_position_per_ticker_per_day,,,
REZI,2023-08-09,hull_rsi_short,dedup_one_position_per_ticker_per_day,,,
IFF,2023-08-09,(any),max_loss_cap_breach_dec135_-24.8pct,,,
AWK,2023-08-09,bollinger_tight,dedup_one_position_per_ticker_per_day,,,
AWK,2023-08-09,williams_stoch_dual,dedup_one_position_per_ticker_per_day,,,
AWK,2023-08-09,cpr_narrow_bullish,dedup_one_position_per_ticker_per_day,,,
AWK,2023-08-09,hull_rsi,dedup_one_position_per_ticker_per_day,,,
AWK,2023-08-09,ichimoku_tk_cross,dedup_one_position_per_ticker_per_day,,,
AWK,2023-08-09,cpr_narrow_momentum,dedup_one_position_per_ticker_per_day,,,
AWK,2023-08-09,hull_rsi_short,dedup_one_position_per_ticker_per_day,,,
AWK,2023-08-09,cpr_narrow_momentum_short,dedup_one_position_per_ticker_per_day,,,
VET,2023-08-09,(any),ticker_already_open_concurrent_block_bug61,,,
JCI,2023-08-10,bollinger_tight,level_6_halt_dd_-0.493,,,
CSX,2023-08-10,bollinger_lower,level_6_halt_dd_-0.493,,,
BAM,2023-08-10,pivot_r1_breakout,level_6_halt_dd_-0.493,,,
IFF,2023-08-10,bollinger_lower,level_6_halt_dd_-0.493,,,
HOLX,2023-08-10,bollinger_tight,level_6_halt_dd_-0.493,,,
VIVO,2023-08-10,hull_rsi,level_6_halt_dd_-0.493,,,
WMB,2023-08-10,hull_rsi,level_6_halt_dd_-0.493,,,
NVDA,2023-08-10,stochrsi_oversold,level_6_halt_dd_-0.493,,,
PSX,2023-08-10,cpr_narrow_bullish,level_6_halt_dd_-0.493,,,
HST,2023-08-10,bollinger_tight,level_6_halt_dd_-0.493,,,
WMB,2023-08-11,cpr_narrow_bullish,level_6_halt_dd_-0.497,,,
NVDA,2023-08-11,bollinger_lower,level_6_halt_dd_-0.497,,,
PSX,2023-08-11,cpr_narrow_bullish,level_6_halt_dd_-0.497,,,
JCI,2023-08-11,bollinger_tight,level_6_halt_dd_-0.497,,,
HST,2023-08-11,bollinger_tight,level_6_halt_dd_-0.497,,,
XLE,2023-08-11,cpr_narrow_bullish,level_6_halt_dd_-0.497,,,
VIVO,2023-08-11,hull_rsi,level_6_halt_dd_-0.497,,,
SGH,2023-08-11,bollinger_lower,level_6_halt_dd_-0.497,,,
IFF,2023-08-11,stochrsi_oversold,level_6_halt_dd_-0.497,,,
UUUU,2023-08-11,cpr_narrow_bullish,level_6_halt_dd_-0.497,,,
JCI,2023-08-14,stochrsi_oversold,level_6_halt_dd_-0.497,,,
VIVO,2023-08-14,hull_rsi,level_6_halt_dd_-0.497,,,
HBAN,2023-08-14,ichimoku_cloud_breakout,level_6_halt_dd_-0.497,,,
HST,2023-08-14,bollinger_tight,level_6_halt_dd_-0.497,,,
AOS,2023-08-14,stochrsi_oversold,level_6_halt_dd_-0.497,,,
CSX,2023-08-14,bollinger_tight,level_6_halt_dd_-0.497,,,
CG,2023-08-14,bollinger_tight,level_6_halt_dd_-0.497,,,
BAM,2023-08-14,cpr_narrow_bullish,level_6_halt_dd_-0.497,,,
IFF,2023-08-14,cmf_flip,level_6_halt_dd_-0.497,,,
GNRC,2023-08-14,stochrsi_oversold,level_6_halt_dd_-0.497,,,
CCEP,2023-08-15,bollinger_tight,level_6_halt_dd_-0.497,,,
HBAN,2023-08-15,ichimoku_cloud_breakout,level_6_halt_dd_-0.497,,,
HST,2023-08-15,bollinger_tight,level_6_halt_dd_-0.497,,,
AOS,2023-08-15,bollinger_tight,level_6_halt_dd_-0.497,,,
VIVO,2023-08-15,hull_rsi,level_6_halt_dd_-0.497,,,
CSX,2023-08-15,bollinger_tight,level_6_halt_dd_-0.497,,,
JCI,2023-08-15,williams_stoch_dual,level_6_halt_dd_-0.497,,,
RF,2023-08-15,cpr_narrow_bullish,level_6_halt_dd_-0.497,,,
HOLX,2023-08-15,cpr_narrow_bullish,level_6_halt_dd_-0.497,,,
PSX,2023-08-15,ichimoku_cloud_breakout,level_6_halt_dd_-0.497,,,
HOLX,2023-08-16,stochrsi_oversold,level_6_halt_dd_-0.508,,,
AOS,2023-08-16,stochrsi_oversold,level_6_halt_dd_-0.508,,,
IFF,2023-08-16,stochrsi_oversold,level_6_halt_dd_-0.508,,,
HBAN,2023-08-16,stochrsi_oversold,level_6_halt_dd_-0.508,,,
CG,2023-08-16,bollinger_tight,level_6_halt_dd_-0.508,,,
CSX,2023-08-16,bollinger_tight,level_6_halt_dd_-0.508,,,
VIVO,2023-08-16,hull_rsi,level_6_halt_dd_-0.508,,,
SGH,2023-08-16,bollinger_lower,level_6_halt_dd_-0.508,,,
BAC,2023-08-16,bollinger_lower,level_6_halt_dd_-0.508,,,
LCID,2023-08-16,bollinger_tight,level_6_halt_dd_-0.508,,,
HBAN,2023-08-17,ichimoku_cloud_breakout,level_6_halt_dd_-0.508,,,
HST,2023-08-17,bollinger_tight,level_6_halt_dd_-0.508,,,
CG,2023-08-17,bollinger_tight,level_6_halt_dd_-0.508,,,
BAC,2023-08-17,stochrsi_oversold,level_6_halt_dd_-0.508,,,
COGT,2023-08-17,cpr_narrow_bullish,level_6_halt_dd_-0.508,,,
VIVO,2023-08-17,hull_rsi,level_6_halt_dd_-0.508,,,
LCID,2023-08-17,bollinger_tight,level_6_halt_dd_-0.508,,,
CSX,2023-08-17,bollinger_tight,level_6_halt_dd_-0.508,,,
FLR,2023-08-17,ichimoku_cloud_breakout,level_6_halt_dd_-0.508,,,
CCEP,2023-08-17,bollinger_lower,level_6_halt_dd_-0.508,,,
HOLX,2023-08-18,stochrsi_oversold,level_6_halt_dd_-0.518,,,
HBAN,2023-08-18,bollinger_lower,level_6_halt_dd_-0.518,,,
AOS,2023-08-18,bollinger_lower,level_6_halt_dd_-0.518,,,
VIVO,2023-08-18,hull_rsi,level_6_halt_dd_-0.518,,,
BAC,2023-08-18,bollinger_lower,level_6_halt_dd_-0.518,,,
CG,2023-08-18,bollinger_tight,level_6_halt_dd_-0.518,,,
RF,2023-08-18,williams_stoch_dual,level_6_halt_dd_-0.518,,,
BHVN,2023-08-18,cpr_narrow_bullish,level_6_halt_dd_-0.518,,,
UUUU,2023-08-18,cpr_narrow_bullish,level_6_halt_dd_-0.518,,,
CSX,2023-08-18,pivot_r2_continuation,level_6_halt_dd_-0.518,,,
RF,2023-08-21,bollinger_tight,level_6_halt_dd_-0.518,,,
UUUU,2023-08-21,pivot_r1_breakout,level_6_halt_dd_-0.518,,,
VIVO,2023-08-21,hull_rsi,level_6_halt_dd_-0.518,,,
AOS,2023-08-21,bollinger_lower,level_6_halt_dd_-0.518,,,
CG,2023-08-21,bollinger_tight,level_6_halt_dd_-0.518,,,
CCEP,2023-08-21,bollinger_lower,level_6_halt_dd_-0.518,,,
NVDA,2023-08-21,cpr_narrow_bullish,level_6_halt_dd_-0.518,,,
HBAN,2023-08-21,bollinger_tight,level_6_halt_dd_-0.518,,,
HST,2023-08-21,stochrsi_oversold,level_6_halt_dd_-0.518,,,
AWK,2023-08-21,bollinger_tight,level_6_halt_dd_-0.518,,,
RF,2023-08-22,bollinger_lower,level_6_halt_dd_-0.518,,,
HBAN,2023-08-22,bollinger_lower,level_6_halt_dd_-0.518,,,
LCID,2023-08-22,cmf_flip,level_6_halt_dd_-0.518,,,
VIVO,2023-08-22,hull_rsi,level_6_halt_dd_-0.518,,,
BAC,2023-08-22,bollinger_lower,level_6_halt_dd_-0.518,,,
HST,2023-08-22,prev_day_low_bounce,level_6_halt_dd_-0.518,,,
FOX,2023-08-22,bollinger_tight,level_6_halt_dd_-0.518,,,
HOLX,2023-08-22,cpr_narrow_bullish,level_6_halt_dd_-0.518,,,
CG,2023-08-22,williams_stoch_dual,level_6_halt_dd_-0.518,,,
JCI,2023-08-22,williams_stoch_dual,level_6_halt_dd_-0.518,,,
VIVO,2023-08-23,hull_rsi,level_6_halt_dd_-0.518,,,
UUUU,2023-08-23,cpr_narrow_bullish,level_6_halt_dd_-0.518,,,
HBAN,2023-08-23,stochrsi_oversold,level_6_halt_dd_-0.518,,,
RF,2023-08-23,stochrsi_oversold,level_6_halt_dd_-0.518,,,
NVDA,2023-08-23,cpr_narrow_bullish,level_6_halt_dd_-0.518,,,
FOX,2023-08-23,cpr_narrow_bullish,level_6_halt_dd_-0.518,,,
BHVN,2023-08-23,macd_crossover,level_6_halt_dd_-0.518,,,
VET,2023-08-23,cpr_narrow_bullish,level_6_halt_dd_-0.518,,,
LCID,2023-08-23,cpr_narrow_bullish,level_6_halt_dd_-0.518,,,
SGH,2023-08-23,macd_fast_crossover,level_6_halt_dd_-0.518,,,
BHVN,2023-08-24,bollinger_tight,level_6_halt_dd_-0.518,,,
FOX,2023-08-24,bollinger_tight,level_6_halt_dd_-0.518,,,
VIVO,2023-08-24,hull_rsi,level_6_halt_dd_-0.518,,,
LCID,2023-08-24,cmf_flip,level_6_halt_dd_-0.518,,,
HST,2023-08-24,pivot_r2_continuation,level_6_halt_dd_-0.518,,,
JCI,2023-08-24,cpr_narrow_bullish,level_6_halt_dd_-0.518,,,
AOS,2023-08-24,bollinger_tight,level_6_halt_dd_-0.518,,,
CSX,2023-08-24,parabolic_sar_flip,level_6_halt_dd_-0.518,,,
NVDA,2023-08-24,hull_rsi,level_6_halt_dd_-0.518,,,
REZI,2023-08-24,macd_crossover,level_6_halt_dd_-0.518,,,
RF,2023-08-25,bollinger_tight,level_6_halt_dd_-0.518,,,
VIVO,2023-08-25,hull_rsi,level_6_halt_dd_-0.518,,,
FOX,2023-08-25,bollinger_tight,level_6_halt_dd_-0.518,,,
HBAN,2023-08-25,williams_stoch_dual,level_6_halt_dd_-0.518,,,
HST,2023-08-25,hull_rsi,level_6_halt_dd_-0.518,,,
BAC,2023-08-25,williams_stoch_dual,level_6_halt_dd_-0.518,,,
CSX,2023-08-25,macd_crossover,level_6_halt_dd_-0.518,,,
CG,2023-08-25,cpr_narrow_bullish,level_6_halt_dd_-0.518,,,
COGT,2023-08-25,cpr_narrow_bullish,level_6_halt_dd_-0.518,,,
XLE,2023-08-25,cpr_narrow_bullish,level_6_halt_dd_-0.518,,,
VIVO,2023-08-28,hull_rsi,level_6_halt_dd_-0.518,,,
CCEP,2023-08-28,cpr_narrow_bullish,level_6_halt_dd_-0.518,,,
UUUU,2023-08-28,cpr_narrow_bullish,level_6_halt_dd_-0.518,,,
NVDA,2023-08-28,cpr_narrow_bullish,level_6_halt_dd_-0.518,,,
BDX,2023-08-28,cpr_narrow_bullish,level_6_halt_dd_-0.518,,,
RF,2023-08-28,stochrsi_oversold,level_6_halt_dd_-0.518,,,
JCI,2023-08-28,morning_star,level_6_halt_dd_-0.518,,,
HST,2023-08-28,macd_fast_crossover,level_6_halt_dd_-0.518,,,
CSX,2023-08-28,supertrend_macd,level_6_halt_dd_-0.518,,,
BHVN,2023-08-28,cpr_narrow_bullish,level_6_halt_dd_-0.518,,,
NVDA,2023-08-29,cpr_narrow_bullish,level_6_halt_dd_-0.518,,,
VIVO,2023-08-29,hull_rsi,level_6_halt_dd_-0.518,,,
CG,2023-08-29,cpr_narrow_bullish,level_6_halt_dd_-0.518,,,
JCI,2023-08-29,macd_crossover,level_6_halt_dd_-0.518,,,
AOS,2023-08-29,cpr_narrow_bullish,level_6_halt_dd_-0.518,,,
BHVN,2023-08-29,cpr_narrow_bullish,level_6_halt_dd_-0.518,,,
UUUU,2023-08-29,cpr_narrow_bullish,level_6_halt_dd_-0.518,,,
CCEP,2023-08-29,cpr_narrow_bullish,level_6_halt_dd_-0.518,,,
SGH,2023-08-29,cpr_narrow_bullish,level_6_halt_dd_-0.518,,,
IFF,2023-08-29,hull_rsi,level_6_halt_dd_-0.518,,,
BHVN,2023-08-30,bollinger_tight,level_6_halt_dd_-0.518,,,
VIVO,2023-08-30,hull_rsi,level_6_halt_dd_-0.518,,,
NVDA,2023-08-30,cpr_narrow_bullish,level_6_halt_dd_-0.518,,,
UUUU,2023-08-30,cpr_narrow_bullish,level_6_halt_dd_-0.518,,,
RF,2023-08-30,cpr_narrow_bullish,level_6_halt_dd_-0.518,,,
GNRC,2023-08-30,hull_rsi,level_6_halt_dd_-0.518,,,
HST,2023-08-30,macd_crossover,level_6_halt_dd_-0.518,,,
HBAN,2023-08-30,cpr_narrow_bullish,level_6_halt_dd_-0.518,,,
BAM,2023-08-30,macd_crossover,level_6_halt_dd_-0.518,,,
CCEP,2023-08-30,cpr_narrow_bullish,level_6_halt_dd_-0.518,,,
RF,2023-08-31,williams_stoch_dual,level_6_halt_dd_-0.518,,,
VIVO,2023-08-31,hull_rsi,level_6_halt_dd_-0.518,,,
BHVN,2023-08-31,stochrsi_oversold,level_6_halt_dd_-0.518,,,
IFF,2023-08-31,hull_rsi,level_6_halt_dd_-0.518,,,
CSX,2023-08-31,supertrend_macd,level_6_halt_dd_-0.518,,,
NVDA,2023-08-31,cpr_narrow_bullish,level_6_halt_dd_-0.518,,,
SGH,2023-08-31,cpr_narrow_bullish,level_6_halt_dd_-0.518,,,
CG,2023-08-31,pivot_r1_breakout,level_6_halt_dd_-0.518,,,
FOX,2023-08-31,pivot_r1_breakout,level_6_halt_dd_-0.518,,,
BAC,2023-08-31,pivot_r2_continuation,level_6_halt_dd_-0.518,,,
FLR,2023-09-01,cpr_narrow_bullish,level_6_halt_dd_-0.523,,,
SGH,2023-09-01,cpr_narrow_bullish,level_6_halt_dd_-0.523,,,
FOX,2023-09-01,bollinger_lower,level_6_halt_dd_-0.523,,,
VIVO,2023-09-01,hull_rsi,level_6_halt_dd_-0.523,,,
UUUU,2023-09-01,cpr_narrow_bullish,level_6_halt_dd_-0.523,,,
CG,2023-09-01,cpr_narrow_bullish,level_6_halt_dd_-0.523,,,
XLE,2023-09-01,cpr_narrow_bullish,level_6_halt_dd_-0.523,,,
VET,2023-09-01,cpr_narrow_bullish,level_6_halt_dd_-0.523,,,
REZI,2023-09-01,cpr_narrow_bullish,level_6_halt_dd_-0.523,,,
IFF,2023-09-01,hull_rsi,level_6_halt_dd_-0.523,,,
FLR,2023-09-04,cpr_narrow_bullish,level_6_halt_dd_-0.523,,,
SGH,2023-09-04,cpr_narrow_bullish,level_6_halt_dd_-0.523,,,
FOX,2023-09-04,bollinger_lower,level_6_halt_dd_-0.523,,,
VIVO,2023-09-04,hull_rsi,level_6_halt_dd_-0.523,,,
UUUU,2023-09-04,cpr_narrow_bullish,level_6_halt_dd_-0.523,,,
CG,2023-09-04,cpr_narrow_bullish,level_6_halt_dd_-0.523,,,
XLE,2023-09-04,cpr_narrow_bullish,level_6_halt_dd_-0.523,,,
VET,2023-09-04,cpr_narrow_bullish,level_6_halt_dd_-0.523,,,
REZI,2023-09-04,cpr_narrow_bullish,level_6_halt_dd_-0.523,,,
IFF,2023-09-04,hull_rsi,level_6_halt_dd_-0.523,,,
BHVN,2023-09-05,bollinger_tight,level_6_halt_dd_-0.523,,,
UUUU,2023-09-05,pivot_r2_continuation,level_6_halt_dd_-0.523,,,
CCEP,2023-09-05,bollinger_tight,level_6_halt_dd_-0.523,,,
AWK,2023-09-05,bollinger_lower,level_6_halt_dd_-0.523,,,
VIVO,2023-09-05,hull_rsi,level_6_halt_dd_-0.523,,,
CSX,2023-09-05,supertrend_macd,level_6_halt_dd_-0.523,,,
FLR,2023-09-05,pivot_r1_breakout,level_6_halt_dd_-0.523,,,
BDX,2023-09-05,bollinger_tight,level_6_halt_dd_-0.523,,,
RF,2023-09-05,williams_stoch_dual,level_6_halt_dd_-0.523,,,
XLE,2023-09-05,cpr_narrow_bullish,level_6_halt_dd_-0.523,,,
CSX,2023-09-06,bollinger_lower,level_6_halt_dd_-0.523,,,
BDX,2023-09-06,bollinger_lower,level_6_halt_dd_-0.523,,,
JCI,2023-09-06,supertrend_macd,level_6_halt_dd_-0.523,,,
RF,2023-09-06,williams_stoch_dual,level_6_halt_dd_-0.523,,,
FOX,2023-09-06,stochrsi_oversold,level_6_halt_dd_-0.523,,,
VIVO,2023-09-06,hull_rsi,level_6_halt_dd_-0.523,,,
UUUU,2023-09-06,hull_rsi,level_6_halt_dd_-0.523,,,
AWK,2023-09-06,bollinger_lower,level_6_halt_dd_-0.523,,,
XLE,2023-09-06,hull_rsi,level_6_halt_dd_-0.523,,,
FLR,2023-09-06,cpr_narrow_bullish,level_6_halt_dd_-0.523,,,
HBAN,2023-09-07,pivot_r1_breakout,level_6_halt_dd_-0.523,,,
RF,2023-09-07,bollinger_tight,level_6_halt_dd_-0.523,,,
FOX,2023-09-07,stochrsi_oversold,level_6_halt_dd_-0.523,,,
HOLX,2023-09-07,bollinger_lower,level_6_halt_dd_-0.523,,,
PSX,2023-09-07,cpr_narrow_bullish,level_6_halt_dd_-0.523,,,
CSX,2023-09-07,bollinger_tight,level_6_halt_dd_-0.523,,,
CCEP,2023-09-07,bollinger_lower,level_6_halt_dd_-0.523,,,
VIVO,2023-09-07,hull_rsi,level_6_halt_dd_-0.523,,,
JCI,2023-09-07,supertrend_macd,level_6_halt_dd_-0.523,,,
BAC,2023-09-07,williams_stoch_dual,level_6_halt_dd_-0.523,,,
PSX,2023-09-08,pivot_r1_breakout,level_6_halt_dd_-0.523,,,
BDX,2023-09-08,stochrsi_oversold,level_6_halt_dd_-0.523,,,
XLE,2023-09-08,cpr_narrow_bullish,level_6_halt_dd_-0.523,,,
LCID,2023-09-08,bollinger_tight,level_6_halt_dd_-0.523,,,
VIVO,2023-09-08,hull_rsi,level_6_halt_dd_-0.523,,,
RF,2023-09-08,cpr_narrow_bullish,level_6_halt_dd_-0.523,,,
CSX,2023-09-08,camarilla_r3_breakout,level_6_halt_dd_-0.523,,,
HOLX,2023-09-08,bollinger_lower,level_6_halt_dd_-0.523,,,
FOX,2023-09-08,bollinger_tight,level_6_halt_dd_-0.523,,,
CCEP,2023-09-08,bollinger_tight,level_6_halt_dd_-0.523,,,
SGH,2023-09-11,williams_r_oversold,level_6_halt_dd_-0.523,,,
VIVO,2023-09-11,hull_rsi,level_6_halt_dd_-0.523,,,
PSX,2023-09-11,cpr_narrow_bullish,level_6_halt_dd_-0.523,,,
JCI,2023-09-11,macd_fast_crossover,level_6_halt_dd_-0.523,,,
HBAN,2023-09-11,cpr_narrow_bullish,level_6_halt_dd_-0.523,,,
UUUU,2023-09-11,cpr_narrow_bullish,level_6_halt_dd_-0.523,,,
FLR,2023-09-11,cpr_narrow_bullish,level_6_halt_dd_-0.523,,,
NVDA,2023-09-11,williams_r_oversold,level_6_halt_dd_-0.523,,,
WMB,2023-09-11,bollinger_tight,level_6_halt_dd_-0.523,,,
HST,2023-09-11,hull_rsi,level_6_halt_dd_-0.523,,,
AOS,2023-09-12,bollinger_tight,level_6_halt_dd_-0.523,,,
PSX,2023-09-12,cpr_narrow_bullish,level_6_halt_dd_-0.523,,,
BDX,2023-09-12,bollinger_lower,level_6_halt_dd_-0.523,,,
HOLX,2023-09-12,bollinger_lower,level_6_halt_dd_-0.523,,,
VIVO,2023-09-12,hull_rsi,level_6_halt_dd_-0.523,,,
COGT,2023-09-12,cpr_narrow_bullish,level_6_halt_dd_-0.523,,,
REZI,2023-09-12,williams_stoch_dual,level_6_halt_dd_-0.523,,,
XLE,2023-09-12,cpr_narrow_bullish,level_6_halt_dd_-0.523,,,
VET,2023-09-12,pivot_r1_breakout,level_6_halt_dd_-0.523,,,
HST,2023-09-12,cpr_narrow_bullish,level_6_halt_dd_-0.523,,,
UUUU,2023-09-13,pivot_r1_breakout,level_6_halt_dd_-0.523,,,
COGT,2023-09-13,bollinger_tight,level_6_halt_dd_-0.523,,,
HBAN,2023-09-13,bollinger_tight,level_6_halt_dd_-0.523,,,
VIVO,2023-09-13,hull_rsi,level_6_halt_dd_-0.523,,,
AOS,2023-09-13,bollinger_lower,level_6_halt_dd_-0.523,,,
PSX,2023-09-13,hull_rsi,level_6_halt_dd_-0.523,,,
HST,2023-09-13,parabolic_sar_flip,level_6_halt_dd_-0.523,,,
RF,2023-09-13,cpr_narrow_bullish,level_6_halt_dd_-0.523,,,
REZI,2023-09-13,bollinger_tight,level_6_halt_dd_-0.523,,,
VET,2023-09-13,cpr_narrow_bullish,level_6_halt_dd_-0.523,,,
UUUU,2023-09-14,pivot_r1_breakout,level_6_halt_dd_-0.523,,,
VIVO,2023-09-14,hull_rsi,level_6_halt_dd_-0.523,,,
XLE,2023-09-14,cpr_narrow_bullish,level_6_halt_dd_-0.523,,,
PSX,2023-09-14,ichimoku_cloud_breakout,level_6_halt_dd_-0.523,,,
HST,2023-09-14,cpr_narrow_bullish,level_6_halt_dd_-0.523,,,
BAM,2023-09-14,pivot_r1_breakout,level_6_halt_dd_-0.523,,,
RF,2023-09-14,cpr_narrow_bullish,level_6_halt_dd_-0.523,,,
CG,2023-09-14,cpr_narrow_bullish,level_6_halt_dd_-0.523,,,
VET,2023-09-14,cpr_narrow_bullish,level_6_halt_dd_-0.523,,,
CSX,2023-09-14,cpr_narrow_bullish,level_6_halt_dd_-0.523,,,
UUUU,2023-09-15,pivot_r1_breakout,level_6_halt_dd_-0.523,,,
HOLX,2023-09-15,bollinger_tight,level_6_halt_dd_-0.523,,,
AOS,2023-09-15,bollinger_tight,level_6_halt_dd_-0.523,,,
HBAN,2023-09-15,bollinger_tight,level_6_halt_dd_-0.523,,,
HST,2023-09-15,pivot_r1_breakout,level_6_halt_dd_-0.523,,,
GNRC,2023-09-15,bollinger_tight,level_6_halt_dd_-0.523,,,
VIVO,2023-09-15,hull_rsi,level_6_halt_dd_-0.523,,,
BDX,2023-09-15,bollinger_tight,level_6_halt_dd_-0.523,,,
RF,2023-09-15,cpr_narrow_bullish,level_6_halt_dd_-0.523,,,
BAC,2023-09-15,supertrend_macd,level_6_halt_dd_-0.523,,,
UUUU,2023-09-18,pivot_r1_breakout,level_6_halt_dd_-0.520,,,
LCID,2023-09-18,bollinger_lower,level_6_halt_dd_-0.520,,,
COGT,2023-09-18,bollinger_lower,level_6_halt_dd_-0.520,,,
PSX,2023-09-18,cpr_narrow_bullish,level_6_halt_dd_-0.520,,,
HBAN,2023-09-18,bollinger_tight,level_6_halt_dd_-0.520,,,
FLR,2023-09-18,pivot_r2_continuation,level_6_halt_dd_-0.520,,,
VIVO,2023-09-18,hull_rsi,level_6_halt_dd_-0.520,,,
GNRC,2023-09-18,bollinger_lower,level_6_halt_dd_-0.520,,,
RF,2023-09-18,cpr_narrow_bullish,level_6_halt_dd_-0.520,,,
CSX,2023-09-18,cpr_narrow_bullish,level_6_halt_dd_-0.520,,,
FLR,2023-09-19,pivot_r1_breakout,level_6_halt_dd_-0.520,,,
HBAN,2023-09-19,bollinger_tight,level_6_halt_dd_-0.520,,,
VIVO,2023-09-19,hull_rsi,level_6_halt_dd_-0.520,,,
COGT,2023-09-19,bollinger_lower,level_6_halt_dd_-0.520,,,
AOS,2023-09-19,cmf_flip,level_6_halt_dd_-0.520,,,
LCID,2023-09-19,bollinger_lower,level_6_halt_dd_-0.520,,,
GNRC,2023-09-19,bollinger_tight,level_6_halt_dd_-0.520,,,
SGH,2023-09-19,bollinger_tight,level_6_halt_dd_-0.520,,,
UUUU,2023-09-19,ichimoku_cloud_breakout,level_6_halt_dd_-0.520,,,
PSX,2023-09-19,ichimoku_cloud_breakout,level_6_halt_dd_-0.520,,,
CSX,2023-09-20,cpr_narrow_bullish,level_6_halt_dd_-0.520,,,
COGT,2023-09-20,bollinger_lower,level_6_halt_dd_-0.520,,,
HBAN,2023-09-20,bollinger_tight,level_6_halt_dd_-0.520,,,
BHVN,2023-09-20,bollinger_lower,level_6_halt_dd_-0.520,,,
CCEP,2023-09-20,pivot_r1_breakout,level_6_halt_dd_-0.520,,,
AOS,2023-09-20,bollinger_tight,level_6_halt_dd_-0.520,,,
HOLX,2023-09-20,mfi_oversold,level_6_halt_dd_-0.520,,,
VIVO,2023-09-20,hull_rsi,level_6_halt_dd_-0.520,,,
CG,2023-09-20,williams_r_oversold,level_6_halt_dd_-0.520,,,
LCID,2023-09-20,bollinger_lower,level_6_halt_dd_-0.520,,,
BAM,2023-09-21,pivot_r1_breakout,level_6_halt_dd_-0.520,,,
RF,2023-09-21,bollinger_tight,level_6_halt_dd_-0.520,,,
AWK,2023-09-21,bollinger_lower,level_6_halt_dd_-0.520,,,
AOS,2023-09-21,bollinger_tight,level_6_halt_dd_-0.520,,,
WMB,2023-09-21,bollinger_lower,level_6_halt_dd_-0.520,,,
HBAN,2023-09-21,bollinger_tight,level_6_halt_dd_-0.520,,,
GNRC,2023-09-21,stochrsi_oversold,level_6_halt_dd_-0.520,,,
VIVO,2023-09-21,hull_rsi,level_6_halt_dd_-0.520,,,
HOLX,2023-09-21,stochrsi_oversold,level_6_halt_dd_-0.520,,,
SGH,2023-09-21,bollinger_tight,level_6_halt_dd_-0.520,,,
AOS,2023-09-22,bollinger_tight,level_6_halt_dd_-0.520,,,
BAC,2023-09-22,bollinger_lower,level_6_halt_dd_-0.520,,,
JCI,2023-09-22,bollinger_tight,level_6_halt_dd_-0.520,,,
HBAN,2023-09-22,bollinger_tight,level_6_halt_dd_-0.520,,,
GNRC,2023-09-22,bollinger_tight,level_6_halt_dd_-0.520,,,
BHVN,2023-09-22,bollinger_lower,level_6_halt_dd_-0.520,,,
VIVO,2023-09-22,hull_rsi,level_6_halt_dd_-0.520,,,
CG,2023-09-22,bollinger_tight,level_6_halt_dd_-0.520,,,
UUUU,2023-09-22,cpr_narrow_bullish,level_6_halt_dd_-0.520,,,
VET,2023-09-22,ultimate_oscillator,level_6_halt_dd_-0.520,,,
UUUU,2023-09-25,pivot_r1_breakout,level_6_halt_dd_-0.530,,,
COGT,2023-09-25,cmf_flip,level_6_halt_dd_-0.530,,,
AOS,2023-09-25,stochrsi_oversold,level_6_halt_dd_-0.530,,,
HOLX,2023-09-25,stochrsi_oversold,level_6_halt_dd_-0.530,,,
JCI,2023-09-25,stochrsi_oversold,level_6_halt_dd_-0.530,,,
VIVO,2023-09-25,hull_rsi,level_6_halt_dd_-0.530,,,
LCID,2023-09-25,stochrsi_oversold,level_6_halt_dd_-0.530,,,
BAM,2023-09-25,stochrsi_oversold,level_6_halt_dd_-0.530,,,
BAC,2023-09-25,bollinger_lower,level_6_halt_dd_-0.530,,,
GNRC,2023-09-25,stochrsi_oversold,level_6_halt_dd_-0.530,,,
HBAN,2023-09-26,stochrsi_oversold,level_6_halt_dd_-0.530,,,
GNRC,2023-09-26,bollinger_lower,level_6_halt_dd_-0.530,,,
RF,2023-09-26,bollinger_tight,level_6_halt_dd_-0.530,,,
JCI,2023-09-26,stochrsi_oversold,level_6_halt_dd_-0.530,,,
COGT,2023-09-26,bollinger_tight,level_6_halt_dd_-0.530,,,
HOLX,2023-09-26,stochrsi_oversold,level_6_halt_dd_-0.530,,,
BAM,2023-09-26,bollinger_tight,level_6_halt_dd_-0.530,,,
UUUU,2023-09-26,hull_rsi,level_6_halt_dd_-0.530,,,
VIVO,2023-09-26,hull_rsi,level_6_halt_dd_-0.530,,,
CG,2023-09-26,bollinger_lower,level_6_halt_dd_-0.530,,,
BHVN,2023-09-27,pivot_r1_breakout,level_6_halt_dd_-0.539,,,
HOLX,2023-09-27,stochrsi_oversold,level_6_halt_dd_-0.539,,,
HBAN,2023-09-27,bollinger_tight,level_6_halt_dd_-0.539,,,
BAM,2023-09-27,bollinger_tight,level_6_halt_dd_-0.539,,,
VIVO,2023-09-27,hull_rsi,level_6_halt_dd_-0.539,,,
CG,2023-09-27,stochrsi_oversold,level_6_halt_dd_-0.539,,,
BAC,2023-09-27,bollinger_lower,level_6_halt_dd_-0.539,,,
AWK,2023-09-27,bollinger_lower,level_6_halt_dd_-0.539,,,
CCEP,2023-09-27,cpr_narrow_bullish,level_6_halt_dd_-0.539,,,
RF,2023-09-27,bollinger_tight,level_6_halt_dd_-0.539,,,
AWK,2023-09-28,bollinger_lower,level_6_halt_dd_-0.539,,,
JCI,2023-09-28,bollinger_tight,level_6_halt_dd_-0.539,,,
BHVN,2023-09-28,pivot_r1_breakout,level_6_halt_dd_-0.539,,,
UUUU,2023-09-28,cpr_narrow_bullish,level_6_halt_dd_-0.539,,,
VIVO,2023-09-28,hull_rsi,level_6_halt_dd_-0.539,,,
HBAN,2023-09-28,bollinger_tight,level_6_halt_dd_-0.539,,,
SGH,2023-09-28,cpr_narrow_bullish,level_6_halt_dd_-0.539,,,
REZI,2023-09-28,pivot_r1_breakout,level_6_halt_dd_-0.539,,,
COGT,2023-09-28,cmf_flip,level_6_halt_dd_-0.539,,,
RF,2023-09-28,bollinger_tight,level_6_halt_dd_-0.539,,,
BAM,2023-09-29,bollinger_tight,level_6_halt_dd_-0.539,,,
BDX,2023-09-29,bollinger_tight,level_6_halt_dd_-0.539,,,
VIVO,2023-09-29,hull_rsi,level_6_halt_dd_-0.539,,,
AWK,2023-09-29,bollinger_tight,level_6_halt_dd_-0.539,,,
WMB,2023-09-29,bollinger_tight,level_6_halt_dd_-0.539,,,
HOLX,2023-09-29,bollinger_tight,level_6_halt_dd_-0.539,,,
BHVN,2023-09-29,hull_rsi,level_6_halt_dd_-0.539,,,
GNRC,2023-09-29,macd_crossover,level_6_halt_dd_-0.539,,,
BAC,2023-09-29,bollinger_tight,level_6_halt_dd_-0.539,,,
UUUU,2023-09-29,ichimoku_cloud_breakout,level_6_halt_dd_-0.539,,,
RF,2023-10-02,bollinger_tight,level_6_halt_dd_-0.552,,,
BAM,2023-10-02,bollinger_lower,level_6_halt_dd_-0.552,,,
HBAN,2023-10-02,bollinger_tight,level_6_halt_dd_-0.552,,,
CCEP,2023-10-02,williams_r_oversold,level_6_halt_dd_-0.552,,,
BAC,2023-10-02,bollinger_lower,level_6_halt_dd_-0.552,,,
AWK,2023-10-02,bollinger_tight,level_6_halt_dd_-0.552,,,
WMB,2023-10-02,bollinger_lower,level_6_halt_dd_-0.552,,,
JCI,2023-10-02,bollinger_tight,level_6_halt_dd_-0.552,,,
HOLX,2023-10-02,bollinger_tight,level_6_halt_dd_-0.552,,,
VIVO,2023-10-02,hull_rsi,level_6_halt_dd_-0.552,,,
GNRC,2023-10-03,bollinger_tight,level_6_halt_dd_-0.539,,,
AWK,2023-10-03,bollinger_tight,level_6_halt_dd_-0.539,,,
BAC,2023-10-03,bollinger_lower,level_6_halt_dd_-0.539,,,
FOX,2023-10-03,bollinger_lower,level_6_halt_dd_-0.539,,,
BAM,2023-10-03,bollinger_lower,level_6_halt_dd_-0.539,,,
HBAN,2023-10-03,bollinger_tight,level_6_halt_dd_-0.539,,,
HST,2023-10-03,bollinger_lower,level_6_halt_dd_-0.539,,,
REZI,2023-10-03,bollinger_lower,level_6_halt_dd_-0.539,,,
IFF,2023-10-03,bollinger_lower,level_6_halt_dd_-0.539,,,
RF,2023-10-03,bollinger_tight,level_6_halt_dd_-0.539,,,
VET,2023-10-04,bollinger_lower,level_6_halt_dd_-0.534,,,
XLE,2023-10-04,bollinger_lower,level_6_halt_dd_-0.534,,,
BAM,2023-10-04,bollinger_lower,level_6_halt_dd_-0.534,,,
GNRC,2023-10-04,bollinger_tight,level_6_halt_dd_-0.534,,,
VIVO,2023-10-04,hull_rsi,level_6_halt_dd_-0.534,,,
UUUU,2023-10-04,ichimoku_cloud_breakout,level_6_halt_dd_-0.534,,,
PSX,2023-10-04,bollinger_lower,level_6_halt_dd_-0.534,,,
BAC,2023-10-04,bollinger_tight,level_6_halt_dd_-0.534,,,
FOX,2023-10-04,bollinger_lower,level_6_halt_dd_-0.534,,,
IFF,2023-10-04,bollinger_lower,level_6_halt_dd_-0.534,,,
PSX,2023-10-05,stochrsi_oversold,level_6_halt_dd_-0.534,,,
JCI,2023-10-05,bollinger_tight,level_6_halt_dd_-0.534,,,
XLE,2023-10-05,stochrsi_oversold,level_6_halt_dd_-0.534,,,
BHVN,2023-10-05,cpr_narrow_bullish,level_6_halt_dd_-0.534,,,
VIVO,2023-10-05,hull_rsi,level_6_halt_dd_-0.534,,,
LCID,2023-10-05,supertrend_macd,level_6_halt_dd_-0.534,,,
GNRC,2023-10-05,bollinger_tight,level_6_halt_dd_-0.534,,,
IFF,2023-10-05,bollinger_lower,level_6_halt_dd_-0.534,,,
FOX,2023-10-05,bollinger_lower,level_6_halt_dd_-0.534,,,
BAC,2023-10-05,stochrsi_oversold,level_6_halt_dd_-0.534,,,
IFF,2023-10-06,stochrsi_oversold,level_6_halt_dd_-0.534,,,
VIVO,2023-10-06,hull_rsi,level_6_halt_dd_-0.534,,,
PSX,2023-10-06,bollinger_lower,level_6_halt_dd_-0.534,,,
NVDA,2023-10-06,cpr_narrow_bullish,level_6_halt_dd_-0.534,,,
BHVN,2023-10-06,cpr_narrow_bullish,level_6_halt_dd_-0.534,,,
HST,2023-10-06,cpr_narrow_bullish,level_6_halt_dd_-0.534,,,
LCID,2023-10-06,supertrend_macd,level_6_halt_dd_-0.534,,,
BDX,2023-10-06,macd_crossover,level_6_halt_dd_-0.534,,,
AOS,2023-10-06,hull_rsi,level_6_halt_dd_-0.534,,,
COGT,2023-10-06,macd_crossover,level_6_halt_dd_-0.534,,,
LCID,2023-10-09,cpr_narrow_bullish,dedup_one_position_per_ticker_per_day,,,
LCID,2023-10-09,macd_crossover,dedup_one_position_per_ticker_per_day,,,
LCID,2023-10-09,hull_rsi,dedup_one_position_per_ticker_per_day,,,
LCID,2023-10-09,ppo_crossover,dedup_one_position_per_ticker_per_day,,,
LCID,2023-10-09,ichimoku_cloud_breakout,dedup_one_position_per_ticker_per_day,,,
LCID,2023-10-09,macd_ichimoku,dedup_one_position_per_ticker_per_day,,,
LCID,2023-10-09,cpr_narrow_momentum,dedup_one_position_per_ticker_per_day,,,
LCID,2023-10-09,macd_crossover_short,dedup_one_position_per_ticker_per_day,,,
LCID,2023-10-09,hull_rsi_short,dedup_one_position_per_ticker_per_day,,,
LCID,2023-10-09,cpr_narrow_momentum_short,dedup_one_position_per_ticker_per_day,,,
VIVO,2023-10-09,(any),ticker_already_open_concurrent_block_bug61,,,
BDX,2023-10-09,hull_rsi,dedup_one_position_per_ticker_per_day,,,
BDX,2023-10-09,supertrend_macd,dedup_one_position_per_ticker_per_day,,,
BDX,2023-10-09,force_index_breakout,dedup_one_position_per_ticker_per_day,,,
BDX,2023-10-09,three_white_soldiers,dedup_one_position_per_ticker_per_day,,,
BDX,2023-10-09,cpr_narrow_momentum,dedup_one_position_per_ticker_per_day,,,
BDX,2023-10-09,ichimoku_cloud_breakout,dedup_one_position_per_ticker_per_day,,,
BDX,2023-10-09,lead_lag_sector_rotation,dedup_one_position_per_ticker_per_day,,,
UUUU,2023-10-09,ichimoku_cloud_breakout,dedup_one_position_per_ticker_per_day,,,
UUUU,2023-10-09,cpr_narrow_bullish,dedup_one_position_per_ticker_per_day,,,
UUUU,2023-10-09,hull_rsi,dedup_one_position_per_ticker_per_day,,,
UUUU,2023-10-09,adx_initiation,dedup_one_position_per_ticker_per_day,,,
UUUU,2023-10-09,cpr_narrow_momentum,dedup_one_position_per_ticker_per_day,,,
UUUU,2023-10-09,hull_rsi_short,dedup_one_position_per_ticker_per_day,,,
UUUU,2023-10-09,cpr_narrow_momentum_short,dedup_one_position_per_ticker_per_day,,,
CCEP,2023-10-09,bollinger_tight,dedup_one_position_per_ticker_per_day,,,
CCEP,2023-10-09,cpr_narrow_bullish,dedup_one_position_per_ticker_per_day,,,
CCEP,2023-10-09,hull_rsi,dedup_one_position_per_ticker_per_day,,,
CCEP,2023-10-09,cpr_narrow_momentum,dedup_one_position_per_ticker_per_day,,,
CCEP,2023-10-09,hull_rsi_short,dedup_one_position_per_ticker_per_day,,,
CCEP,2023-10-09,cpr_narrow_momentum_short,dedup_one_position_per_ticker_per_day,,,
CCEP,2023-10-09,break_retest_confluence,dedup_one_position_per_ticker_per_day,,,
WMB,2023-10-09,(any),ticker_already_open_concurrent_block_bug61,,,
BHVN,2023-10-09,ichimoku_cloud_breakout,dedup_one_position_per_ticker_per_day,,,
BHVN,2023-10-09,adx_initiation,dedup_one_position_per_ticker_per_day,,,
BHVN,2023-10-09,supertrend_macd,dedup_one_position_per_ticker_per_day,,,
BHVN,2023-10-09,cpr_narrow_momentum,dedup_one_position_per_ticker_per_day,,,
BHVN,2023-10-09,r1_break_retest,dedup_one_position_per_ticker_per_day,,,
BHVN,2023-10-09,break_retest_confluence,dedup_one_position_per_ticker_per_day,,,
RF,2023-10-09,ichimoku_cloud_breakout,dedup_one_position_per_ticker_per_day,,,
RF,2023-10-09,adx_initiation,dedup_one_position_per_ticker_per_day,,,
RF,2023-10-09,cpr_narrow_momentum,dedup_one_position_per_ticker_per_day,,,
RF,2023-10-09,cpr_narrow_momentum_short,dedup_one_position_per_ticker_per_day,,,
RF,2023-10-09,break_retest_confluence,dedup_one_position_per_ticker_per_day,,,
RF,2023-10-09,lead_lag_sector_rotation,dedup_one_position_per_ticker_per_day,,,
AOS,2023-10-09,hull_rsi,dedup_one_position_per_ticker_per_day,,,
AOS,2023-10-09,supertrend_macd,dedup_one_position_per_ticker_per_day,,,
AOS,2023-10-09,cpr_narrow_momentum,dedup_one_position_per_ticker_per_day,,,
AOS,2023-10-09,ichimoku_cloud_breakout,dedup_one_position_per_ticker_per_day,,,
AOS,2023-10-09,bollinger_tight,dedup_one_position_per_ticker_per_day,,,
FOX,2023-10-09,macd_fast_crossover,dedup_one_position_per_ticker_per_day,,,
FOX,2023-10-09,ppo_crossover,dedup_one_position_per_ticker_per_day,,,
FOX,2023-10-09,parabolic_sar_flip,dedup_one_position_per_ticker_per_day,,,
FOX,2023-10-09,supertrend_macd,dedup_one_position_per_ticker_per_day,,,
FOX,2023-10-09,ichimoku_cloud_breakout,dedup_one_position_per_ticker_per_day,,,
GNRC,2023-10-10,macd_crossover,level_6_halt_dd_-0.534,,,
VIVO,2023-10-10,hull_rsi,level_6_halt_dd_-0.534,,,
BHVN,2023-10-10,cpr_narrow_bullish,level_6_halt_dd_-0.534,,,
NVDA,2023-10-10,cpr_narrow_bullish,level_6_halt_dd_-0.534,,,
AOS,2023-10-10,cpr_narrow_bullish,level_6_halt_dd_-0.534,,,
CSX,2023-10-10,cpr_narrow_bullish,level_6_halt_dd_-0.534,,,
FOX,2023-10-10,hull_rsi,level_6_halt_dd_-0.534,,,
HOLX,2023-10-10,hull_rsi,level_6_halt_dd_-0.534,,,
LCID,2023-10-10,macd_crossover,level_6_halt_dd_-0.534,,,
RF,2023-10-10,macd_crossover,level_6_halt_dd_-0.534,,,
NVDA,2023-10-11,cpr_narrow_bullish,level_6_halt_dd_-0.534,,,
AOS,2023-10-11,pivot_r2_continuation,level_6_halt_dd_-0.534,,,
VIVO,2023-10-11,hull_rsi,level_6_halt_dd_-0.534,,,
XLE,2023-10-11,macd_fast_crossover,level_6_halt_dd_-0.534,,,
BHVN,2023-10-11,cpr_narrow_bullish,level_6_halt_dd_-0.534,,,
FLR,2023-10-11,cpr_narrow_bullish,level_6_halt_dd_-0.534,,,
WMB,2023-10-11,cpr_narrow_bullish,level_6_halt_dd_-0.534,,,
CCEP,2023-10-11,stochrsi_oversold,level_6_halt_dd_-0.534,,,
CSX,2023-10-11,cpr_narrow_bullish,level_6_halt_dd_-0.534,,,
BDX,2023-10-11,supertrend_macd,level_6_halt_dd_-0.534,,,
REZI,2023-10-12,bollinger_tight,level_6_halt_dd_-0.534,,,
IFF,2023-10-12,bollinger_tight,level_6_halt_dd_-0.534,,,
HOLX,2023-10-12,supertrend_macd,level_6_halt_dd_-0.534,,,
COGT,2023-10-12,supertrend_macd,level_6_halt_dd_-0.534,,,
VIVO,2023-10-12,hull_rsi,level_6_halt_dd_-0.534,,,
AOS,2023-10-12,hull_rsi,level_6_halt_dd_-0.534,,,
NVDA,2023-10-12,cpr_narrow_bullish,level_6_halt_dd_-0.534,,,
BDX,2023-10-12,supertrend_macd,level_6_halt_dd_-0.534,,,
SGH,2023-10-12,cpr_narrow_bullish,level_6_halt_dd_-0.534,,,
CCEP,2023-10-12,bollinger_tight,level_6_halt_dd_-0.534,,,
SGH,2023-10-13,bollinger_lower,level_6_halt_dd_-0.534,,,
RF,2023-10-13,supertrend_macd,level_6_halt_dd_-0.534,,,
AOS,2023-10-13,cpr_narrow_bullish,level_6_halt_dd_-0.534,,,
REZI,2023-10-13,bollinger_lower,level_6_halt_dd_-0.534,,,
VIVO,2023-10-13,hull_rsi,level_6_halt_dd_-0.534,,,
BHVN,2023-10-13,cpr_narrow_bullish,level_6_halt_dd_-0.534,,,
CG,2023-10-13,cpr_narrow_bullish,level_6_halt_dd_-0.534,,,
BDX,2023-10-13,supertrend_macd,level_6_halt_dd_-0.534,,,
GNRC,2023-10-13,supertrend_macd,level_6_halt_dd_-0.534,,,
WMB,2023-10-13,cpr_narrow_bullish,level_6_halt_dd_-0.534,,,
WMB,2023-10-16,cpr_narrow_bullish,level_6_halt_dd_-0.534,,,
GNRC,2023-10-16,supertrend_macd,level_6_halt_dd_-0.534,,,
AOS,2023-10-16,pivot_r2_continuation,level_6_halt_dd_-0.534,,,
VIVO,2023-10-16,hull_rsi,level_6_halt_dd_-0.534,,,
COGT,2023-10-16,supertrend_macd,level_6_halt_dd_-0.534,,,
SGH,2023-10-16,camarilla_r3_breakout,level_6_halt_dd_-0.534,,,
UUUU,2023-10-16,morning_star,level_6_halt_dd_-0.534,,,
BHVN,2023-10-16,cpr_narrow_bullish,level_6_halt_dd_-0.534,,,
VET,2023-10-16,cpr_narrow_bullish,level_6_halt_dd_-0.534,,,
CSX,2023-10-16,cpr_narrow_bullish,level_6_halt_dd_-0.534,,,
GNRC,2023-10-17,bollinger_tight,level_6_halt_dd_-0.534,,,
WMB,2023-10-17,cpr_narrow_bullish,level_6_halt_dd_-0.534,,,
VIVO,2023-10-17,hull_rsi,level_6_halt_dd_-0.534,,,
BHVN,2023-10-17,cpr_narrow_bullish,level_6_halt_dd_-0.534,,,
HBAN,2023-10-17,cpr_narrow_bullish,level_6_halt_dd_-0.534,,,
COGT,2023-10-17,supertrend_macd,level_6_halt_dd_-0.534,,,
LCID,2023-10-17,supertrend_macd,level_6_halt_dd_-0.534,,,
AOS,2023-10-17,cpr_narrow_bullish,level_6_halt_dd_-0.534,,,
BAC,2023-10-17,pivot_r1_breakout,level_6_halt_dd_-0.534,,,
SGH,2023-10-17,stochrsi_oversold,level_6_halt_dd_-0.534,,,
LCID,2023-10-18,bollinger_lower,level_6_halt_dd_-0.537,,,
COGT,2023-10-18,supertrend_macd,level_6_halt_dd_-0.537,,,
CG,2023-10-18,bollinger_lower,level_6_halt_dd_-0.537,,,
GNRC,2023-10-18,bollinger_tight,level_6_halt_dd_-0.537,,,
NVDA,2023-10-18,williams_r_oversold,level_6_halt_dd_-0.537,,,
JCI,2023-10-18,supertrend_macd,level_6_halt_dd_-0.537,,,
VIVO,2023-10-18,hull_rsi,level_6_halt_dd_-0.537,,,
REZI,2023-10-18,bollinger_lower,level_6_halt_dd_-0.537,,,
HOLX,2023-10-18,supertrend_macd,level_6_halt_dd_-0.537,,,
SGH,2023-10-18,bollinger_tight,level_6_halt_dd_-0.537,,,
JCI,2023-10-19,bollinger_tight,level_6_halt_dd_-0.537,,,
CG,2023-10-19,bollinger_lower,level_6_halt_dd_-0.537,,,
GNRC,2023-10-19,bollinger_tight,level_6_halt_dd_-0.537,,,
HST,2023-10-19,bollinger_tight,level_6_halt_dd_-0.537,,,
CSX,2023-10-19,cpr_narrow_bullish,level_6_halt_dd_-0.537,,,
VIVO,2023-10-19,hull_rsi,level_6_halt_dd_-0.537,,,
NVDA,2023-10-19,williams_r_oversold,level_6_halt_dd_-0.537,,,
COGT,2023-10-19,supertrend_macd,level_6_halt_dd_-0.537,,,
VET,2023-10-19,cpr_narrow_bullish,level_6_halt_dd_-0.537,,,
SGH,2023-10-19,bollinger_tight,level_6_halt_dd_-0.537,,,
RF,2023-10-20,bollinger_tight,level_6_halt_dd_-0.537,,,
GNRC,2023-10-20,bollinger_tight,level_6_halt_dd_-0.537,,,
JCI,2023-10-20,bollinger_tight,level_6_halt_dd_-0.537,,,
COGT,2023-10-20,bollinger_tight,level_6_halt_dd_-0.537,,,
LCID,2023-10-20,bollinger_lower,level_6_halt_dd_-0.537,,,
REZI,2023-10-20,bollinger_tight,level_6_halt_dd_-0.537,,,
HBAN,2023-10-20,supertrend_macd,level_6_halt_dd_-0.537,,,
VIVO,2023-10-20,hull_rsi,level_6_halt_dd_-0.537,,,
FLR,2023-10-20,bollinger_tight,level_6_halt_dd_-0.537,,,
BAM,2023-10-20,bollinger_lower,level_6_halt_dd_-0.537,,,
BDX,2023-10-23,bollinger_tight,level_6_halt_dd_-0.537,,,
HOLX,2023-10-23,bollinger_tight,level_6_halt_dd_-0.537,,,
REZI,2023-10-23,bollinger_tight,level_6_halt_dd_-0.537,,,
RF,2023-10-23,bollinger_tight,level_6_halt_dd_-0.537,,,
JCI,2023-10-23,bollinger_tight,level_6_halt_dd_-0.537,,,
COGT,2023-10-23,bollinger_tight,level_6_halt_dd_-0.537,,,
AOS,2023-10-23,morning_star,level_6_halt_dd_-0.537,,,
HBAN,2023-10-23,bollinger_lower,level_6_halt_dd_-0.537,,,
VIVO,2023-10-23,hull_rsi,level_6_halt_dd_-0.537,,,
FLR,2023-10-23,bollinger_lower,level_6_halt_dd_-0.537,,,
RF,2023-10-24,bollinger_tight,level_6_halt_dd_-0.537,,,
GNRC,2023-10-24,stochrsi_oversold,level_6_halt_dd_-0.537,,,
BAC,2023-10-24,bollinger_tight,level_6_halt_dd_-0.537,,,
VIVO,2023-10-24,hull_rsi,level_6_halt_dd_-0.537,,,
XLE,2023-10-24,cpr_narrow_bullish,level_6_halt_dd_-0.537,,,
LCID,2023-10-24,bollinger_tight,level_6_halt_dd_-0.537,,,
COGT,2023-10-24,macd_crossover,level_6_halt_dd_-0.537,,,
CSX,2023-10-24,bollinger_lower,level_6_halt_dd_-0.537,,,
FOX,2023-10-24,cpr_narrow_bullish,level_6_halt_dd_-0.537,,,
BHVN,2023-10-24,cpr_narrow_bullish,level_6_halt_dd_-0.537,,,
HOLX,2023-10-25,bollinger_tight,level_6_halt_dd_-0.537,,,
RF,2023-10-25,bollinger_tight,level_6_halt_dd_-0.537,,,
HBAN,2023-10-25,bollinger_lower,level_6_halt_dd_-0.537,,,
BDX,2023-10-25,bollinger_tight,level_6_halt_dd_-0.537,,,
GNRC,2023-10-25,bollinger_tight,level_6_halt_dd_-0.537,,,
AOS,2023-10-25,morning_star,level_6_halt_dd_-0.537,,,
LCID,2023-10-25,stochrsi_oversold,level_6_halt_dd_-0.537,,,
JCI,2023-10-25,bollinger_tight,level_6_halt_dd_-0.537,,,
COGT,2023-10-25,supertrend_macd,level_6_halt_dd_-0.537,,,
BAM,2023-10-25,bollinger_tight,level_6_halt_dd_-0.537,,,
HOLX,2023-10-26,bollinger_tight,level_6_halt_dd_-0.537,,,
REZI,2023-10-26,parabolic_sar_flip,level_6_halt_dd_-0.537,,,
NVDA,2023-10-26,williams_r_oversold,level_6_halt_dd_-0.537,,,
RF,2023-10-26,bollinger_tight,level_6_halt_dd_-0.537,,,
GNRC,2023-10-26,bollinger_tight,level_6_halt_dd_-0.537,,,
VIVO,2023-10-26,hull_rsi,level_6_halt_dd_-0.537,,,
BDX,2023-10-26,bollinger_lower,level_6_halt_dd_-0.537,,,
LCID,2023-10-26,stochrsi_oversold,level_6_halt_dd_-0.537,,,
XLE,2023-10-26,williams_r_oversold,level_6_halt_dd_-0.537,,,
HST,2023-10-26,bollinger_tight,level_6_halt_dd_-0.537,,,
COGT,2023-10-27,bollinger_tight,level_6_halt_dd_-0.537,,,
REZI,2023-10-27,bollinger_tight,level_6_halt_dd_-0.537,,,
HOLX,2023-10-27,bollinger_tight,level_6_halt_dd_-0.537,,,
RF,2023-10-27,stochrsi_oversold,level_6_halt_dd_-0.537,,,
BAM,2023-10-27,bollinger_lower,level_6_halt_dd_-0.537,,,
BDX,2023-10-27,bollinger_lower,level_6_halt_dd_-0.537,,,
CSX,2023-10-27,bollinger_lower,level_6_halt_dd_-0.537,,,
GNRC,2023-10-27,bollinger_tight,level_6_halt_dd_-0.537,,,
FOX,2023-10-27,bollinger_lower,level_6_halt_dd_-0.537,,,
HBAN,2023-10-27,bollinger_tight,level_6_halt_dd_-0.537,,,
BAM,2023-10-30,bollinger_tight,level_6_halt_dd_-0.537,,,
VIVO,2023-10-30,hull_rsi,level_6_halt_dd_-0.537,,,
HOLX,2023-10-30,bollinger_tight,level_6_halt_dd_-0.537,,,
BDX,2023-10-30,bollinger_lower,level_6_halt_dd_-0.537,,,
AOS,2023-10-30,cpr_narrow_bullish,level_6_halt_dd_-0.537,,,
COGT,2023-10-30,stochrsi_oversold,level_6_halt_dd_-0.537,,,
XLE,2023-10-30,cmf_flip,level_6_halt_dd_-0.537,,,
FOX,2023-10-30,bollinger_tight,level_6_halt_dd_-0.537,,,
FLR,2023-10-30,bollinger_tight,level_6_halt_dd_-0.537,,,
IFF,2023-10-30,cpr_narrow_bullish,level_6_halt_dd_-0.537,,,
COGT,2023-10-31,stochrsi_oversold,level_6_halt_dd_-0.537,,,
BAM,2023-10-31,bollinger_tight,level_6_halt_dd_-0.537,,,
UUUU,2023-10-31,pivot_r1_breakout,level_6_halt_dd_-0.537,,,
VIVO,2023-10-31,hull_rsi,level_6_halt_dd_-0.537,,,
IFF,2023-10-31,cpr_narrow_bullish,level_6_halt_dd_-0.537,,,
NVDA,2023-10-31,williams_r_oversold,level_6_halt_dd_-0.537,,,
HBAN,2023-10-31,macd_fast_crossover,level_6_halt_dd_-0.537,,,
BDX,2023-10-31,camarilla_r3_breakout,level_6_halt_dd_-0.537,,,
CG,2023-10-31,williams_stoch_dual,level_6_halt_dd_-0.537,,,
BAC,2023-10-31,macd_crossover,level_6_halt_dd_-0.537,,,
GNRC,2023-11-01,pivot_r1_breakout,level_6_halt_dd_-0.537,,,
COGT,2023-11-01,bollinger_tight,level_6_halt_dd_-0.537,,,
VIVO,2023-11-01,hull_rsi,level_6_halt_dd_-0.537,,,
BHVN,2023-11-01,cpr_narrow_bullish,level_6_halt_dd_-0.537,,,
CCEP,2023-11-01,pivot_r2_continuation,level_6_halt_dd_-0.537,,,
LCID,2023-11-01,stochrsi_oversold,level_6_halt_dd_-0.537,,,
XLE,2023-11-01,stochrsi_oversold,level_6_halt_dd_-0.537,,,
CSX,2023-11-01,stochrsi_oversold,level_6_halt_dd_-0.537,,,
AOS,2023-11-01,cpr_narrow_bullish,level_6_halt_dd_-0.537,,,
UUUU,2023-11-01,cpr_narrow_bullish,level_6_halt_dd_-0.537,,,
REZI,2023-11-02,pivot_r1_breakout,level_6_halt_dd_-0.538,,,
HST,2023-11-02,pivot_r1_breakout,level_6_halt_dd_-0.538,,,
WMB,2023-11-02,cpr_narrow_bullish,level_6_halt_dd_-0.538,,,
VIVO,2023-11-02,hull_rsi,level_6_halt_dd_-0.538,,,
HBAN,2023-11-02,pivot_r1_breakout,level_6_halt_dd_-0.538,,,
GNRC,2023-11-02,pivot_r1_breakout,level_6_halt_dd_-0.538,,,
PSX,2023-11-02,cpr_narrow_bullish,level_6_halt_dd_-0.538,,,
IFF,2023-11-02,cpr_narrow_bullish,level_6_halt_dd_-0.538,,,
AWK,2023-11-02,cpr_narrow_bullish,level_6_halt_dd_-0.538,,,
CCEP,2023-11-02,cpr_narrow_bullish,level_6_halt_dd_-0.538,,,
BHVN,2023-11-03,cpr_narrow_bullish,level_6_halt_dd_-0.538,,,
REZI,2023-11-03,cpr_narrow_bullish,level_6_halt_dd_-0.538,,,
FLR,2023-11-03,pivot_r1_breakout,level_6_halt_dd_-0.538,,,
COGT,2023-11-03,macd_crossover,level_6_halt_dd_-0.538,,,
VIVO,2023-11-03,hull_rsi,level_6_halt_dd_-0.538,,,
BAM,2023-11-03,cpr_narrow_bullish,level_6_halt_dd_-0.538,,,
BDX,2023-11-03,cpr_narrow_bullish,level_6_halt_dd_-0.538,,,
HOLX,2023-11-03,cpr_narrow_bullish,level_6_halt_dd_-0.538,,,
GNRC,2023-11-03,cpr_narrow_bullish,level_6_halt_dd_-0.538,,,
CG,2023-11-03,pivot_r1_breakout,level_6_halt_dd_-0.538,,,
REZI,2023-11-06,cpr_narrow_bullish,level_6_halt_dd_-0.538,,,
VIVO,2023-11-06,hull_rsi,level_6_halt_dd_-0.538,,,
HBAN,2023-11-06,hull_rsi,level_6_halt_dd_-0.538,,,
IFF,2023-11-06,cpr_narrow_bullish,level_6_halt_dd_-0.538,,,
CCEP,2023-11-06,hull_rsi,level_6_halt_dd_-0.538,,,
NVDA,2023-11-06,cpr_narrow_bullish,level_6_halt_dd_-0.538,,,
AWK,2023-11-06,hull_rsi,level_6_halt_dd_-0.538,,,
BAM,2023-11-06,hull_rsi,level_6_halt_dd_-0.538,,,
PSX,2023-11-06,cpr_narrow_bullish,level_6_halt_dd_-0.538,,,
BDX,2023-11-06,cpr_narrow_bullish,level_6_halt_dd_-0.538,,,
VET,2023-11-07,bollinger_lower,level_6_halt_dd_-0.538,,,
CCEP,2023-11-07,cpr_narrow_bullish,level_6_halt_dd_-0.538,,,
VIVO,2023-11-07,hull_rsi,level_6_halt_dd_-0.538,,,
BHVN,2023-11-07,cpr_narrow_bullish,level_6_halt_dd_-0.538,,,
XLE,2023-11-07,bollinger_tight,level_6_halt_dd_-0.538,,,
GNRC,2023-11-07,cpr_narrow_bullish,level_6_halt_dd_-0.538,,,
REZI,2023-11-07,hull_rsi,level_6_halt_dd_-0.538,,,
BAC,2023-11-07,hull_rsi,level_6_halt_dd_-0.538,,,
SGH,2023-11-07,hull_rsi,level_6_halt_dd_-0.538,,,
NVDA,2023-11-07,cpr_narrow_bullish,level_6_halt_dd_-0.538,,,
COGT,2023-11-08,bollinger_tight,level_6_halt_dd_-0.538,,,
LCID,2023-11-08,supertrend_macd,level_6_halt_dd_-0.538,,,
VET,2023-11-08,bollinger_lower,level_6_halt_dd_-0.538,,,
VIVO,2023-11-08,hull_rsi,level_6_halt_dd_-0.538,,,
XLE,2023-11-08,bollinger_tight,level_6_halt_dd_-0.538,,,
UUUU,2023-11-08,cpr_narrow_bullish,level_6_halt_dd_-0.538,,,
CG,2023-11-08,cpr_narrow_bullish,level_6_halt_dd_-0.538,,,
HOLX,2023-11-08,hull_rsi,level_6_halt_dd_-0.538,,,
CCEP,2023-11-08,hull_rsi,level_6_halt_dd_-0.538,,,
BHVN,2023-11-08,cpr_narrow_bullish,level_6_halt_dd_-0.538,,,
BDX,2023-11-09,bollinger_lower,level_6_halt_dd_-0.540,,,
COGT,2023-11-09,bollinger_tight,level_6_halt_dd_-0.540,,,
VIVO,2023-11-09,hull_rsi,level_6_halt_dd_-0.540,,,
VET,2023-11-09,stochrsi_oversold,level_6_halt_dd_-0.540,,,
PSX,2023-11-09,cpr_narrow_bullish,level_6_halt_dd_-0.540,,,
LCID,2023-11-09,supertrend_macd,level_6_halt_dd_-0.540,,,
HOLX,2023-11-09,supertrend_macd,level_6_halt_dd_-0.540,,,
BHVN,2023-11-09,ichimoku_cloud_breakout,level_6_halt_dd_-0.540,,,
CG,2023-11-09,cpr_narrow_bullish,level_6_halt_dd_-0.540,,,
GNRC,2023-11-09,hull_rsi,level_6_halt_dd_-0.540,,,
HOLX,2023-11-10,pivot_r1_breakout,level_6_halt_dd_-0.540,,,
COGT,2023-11-10,bollinger_tight,level_6_halt_dd_-0.540,,,
LCID,2023-11-10,cpr_narrow_bullish,level_6_halt_dd_-0.540,,,
VIVO,2023-11-10,hull_rsi,level_6_halt_dd_-0.540,,,
NVDA,2023-11-10,cpr_narrow_bullish,level_6_halt_dd_-0.540,,,
CG,2023-11-10,cpr_narrow_bullish,level_6_halt_dd_-0.540,,,
BDX,2023-11-10,bollinger_lower,level_6_halt_dd_-0.540,,,
FLR,2023-11-10,cpr_narrow_bullish,level_6_halt_dd_-0.540,,,
REZI,2023-11-10,cpr_narrow_bullish,level_6_halt_dd_-0.540,,,
JCI,2023-11-10,cpr_narrow_bullish,level_6_halt_dd_-0.540,,,
COGT,2023-11-13,bollinger_tight,level_6_halt_dd_-0.540,,,
UUUU,2023-11-13,cpr_narrow_bullish,level_6_halt_dd_-0.540,,,
NVDA,2023-11-13,cpr_narrow_bullish,level_6_halt_dd_-0.540,,,
VIVO,2023-11-13,hull_rsi,level_6_halt_dd_-0.540,,,
BDX,2023-11-13,bollinger_lower,level_6_halt_dd_-0.540,,,
CCEP,2023-11-13,cpr_narrow_bullish,level_6_halt_dd_-0.540,,,
AOS,2023-11-13,cpr_narrow_bullish,level_6_halt_dd_-0.540,,,
FLR,2023-11-13,hull_rsi,level_6_halt_dd_-0.540,,,
REZI,2023-11-13,cpr_narrow_bullish,level_6_halt_dd_-0.540,,,
BAM,2023-11-13,cpr_narrow_bullish,level_6_halt_dd_-0.540,,,
AOS,2023-11-14,pivot_r2_continuation,level_6_halt_dd_-0.540,,,
REZI,2023-11-14,cpr_narrow_bullish,level_6_halt_dd_-0.540,,,
NVDA,2023-11-14,cpr_narrow_bullish,level_6_halt_dd_-0.540,,,
JCI,2023-11-14,cpr_narrow_bullish,level_6_halt_dd_-0.540,,,
HBAN,2023-11-14,cpr_narrow_bullish,level_6_halt_dd_-0.540,,,
BDX,2023-11-14,bollinger_lower,level_6_halt_dd_-0.540,,,
VIVO,2023-11-14,hull_rsi,level_6_halt_dd_-0.540,,,
AWK,2023-11-14,cpr_narrow_bullish,level_6_halt_dd_-0.540,,,
HST,2023-11-14,cpr_narrow_bullish,level_6_halt_dd_-0.540,,,
CSX,2023-11-14,cpr_narrow_bullish,level_6_halt_dd_-0.540,,,
HBAN,2023-11-15,cpr_narrow_bullish,level_6_halt_dd_-0.540,,,
BAC,2023-11-15,cpr_narrow_bullish,level_6_halt_dd_-0.540,,,
REZI,2023-11-15,cpr_narrow_bullish,level_6_halt_dd_-0.540,,,
SGH,2023-11-15,cpr_narrow_bullish,level_6_halt_dd_-0.540,,,
VIVO,2023-11-15,hull_rsi,level_6_halt_dd_-0.540,,,
BAM,2023-11-15,cpr_narrow_bullish,level_6_halt_dd_-0.540,,,
BDX,2023-11-15,stochrsi_oversold,level_6_halt_dd_-0.540,,,
RF,2023-11-15,cpr_narrow_bullish,level_6_halt_dd_-0.540,,,
CG,2023-11-15,cpr_narrow_bullish,level_6_halt_dd_-0.540,,,
VET,2023-11-15,pivot_r2_continuation,level_6_halt_dd_-0.540,,,
IFF,2023-11-16,cpr_narrow_bullish,level_6_halt_dd_-0.540,,,
VET,2023-11-16,pivot_s2_bounce,level_6_halt_dd_-0.540,,,
VIVO,2023-11-16,hull_rsi,level_6_halt_dd_-0.540,,,
REZI,2023-11-16,hull_rsi,level_6_halt_dd_-0.540,,,
WMB,2023-11-16,cpr_narrow_bullish,level_6_halt_dd_-0.540,,,
AOS,2023-11-16,hull_rsi,level_6_halt_dd_-0.540,,,
CSX,2023-11-16,cpr_narrow_bullish,level_6_halt_dd_-0.540,,,
HOLX,2023-11-16,cpr_narrow_bullish,level_6_halt_dd_-0.540,,,
CG,2023-11-16,hull_rsi,level_6_halt_dd_-0.540,,,
NVDA,2023-11-16,cpr_narrow_bullish,level_6_halt_dd_-0.540,,,
CG,2023-11-17,cpr_narrow_bullish,level_6_halt_dd_-0.540,,,
BAM,2023-11-17,cpr_narrow_bullish,level_6_halt_dd_-0.540,,,
REZI,2023-11-17,cpr_narrow_bullish,level_6_halt_dd_-0.540,,,
HST,2023-11-17,cpr_narrow_bullish,level_6_halt_dd_-0.540,,,
AOS,2023-11-17,cpr_narrow_bullish,level_6_halt_dd_-0.540,,,
BAC,2023-11-17,cpr_narrow_bullish,level_6_halt_dd_-0.540,,,
FLR,2023-11-17,cpr_narrow_bullish,level_6_halt_dd_-0.540,,,
VIVO,2023-11-17,hull_rsi,level_6_halt_dd_-0.540,,,
RF,2023-11-17,cpr_narrow_bullish,level_6_halt_dd_-0.540,,,
HBAN,2023-11-17,cpr_narrow_bullish,level_6_halt_dd_-0.540,,,
JCI,2023-11-20,cpr_narrow_bullish,level_6_halt_dd_-0.540,,,
HBAN,2023-11-20,cpr_narrow_bullish,level_6_halt_dd_-0.540,,,
CSX,2023-11-20,cpr_narrow_bullish,level_6_halt_dd_-0.540,,,
AOS,2023-11-20,pivot_s1_bounce,level_6_halt_dd_-0.540,,,
BAM,2023-11-20,cpr_narrow_bullish,level_6_halt_dd_-0.540,,,
UUUU,2023-11-20,cpr_narrow_bullish,level_6_halt_dd_-0.540,,,
VIVO,2023-11-20,hull_rsi,level_6_halt_dd_-0.540,,,
FLR,2023-11-20,cpr_narrow_bullish,level_6_halt_dd_-0.540,,,
CG,2023-11-20,cpr_narrow_bullish,level_6_halt_dd_-0.540,,,
GNRC,2023-11-20,cpr_narrow_bullish,level_6_halt_dd_-0.540,,,
VIVO,2023-11-21,hull_rsi,level_6_halt_dd_-0.540,,,
NVDA,2023-11-21,cpr_narrow_bullish,level_6_halt_dd_-0.540,,,
HOLX,2023-11-21,cpr_narrow_bullish,level_6_halt_dd_-0.540,,,
CSX,2023-11-21,cpr_narrow_bullish,level_6_halt_dd_-0.540,,,
AOS,2023-11-21,cpr_narrow_bullish,level_6_halt_dd_-0.540,,,
JCI,2023-11-21,hull_rsi,level_6_halt_dd_-0.540,,,
CG,2023-11-21,cpr_narrow_bullish,level_6_halt_dd_-0.540,,,
AWK,2023-11-21,cpr_narrow_bullish,level_6_halt_dd_-0.540,,,
IFF,2023-11-21,cpr_narrow_bullish,level_6_halt_dd_-0.540,,,
COGT,2023-11-21,supertrend_macd,level_6_halt_dd_-0.540,,,
COGT,2023-11-22,bollinger_tight,level_6_halt_dd_-0.540,,,
CSX,2023-11-22,cpr_narrow_bullish,level_6_halt_dd_-0.540,,,
BAM,2023-11-22,cpr_narrow_bullish,level_6_halt_dd_-0.540,,,
HOLX,2023-11-22,cpr_narrow_bullish,level_6_halt_dd_-0.540,,,
VIVO,2023-11-22,hull_rsi,level_6_halt_dd_-0.540,,,
AOS,2023-11-22,cpr_narrow_bullish,level_6_halt_dd_-0.540,,,
CG,2023-11-22,cpr_narrow_bullish,level_6_halt_dd_-0.540,,,
IFF,2023-11-22,cpr_narrow_bullish,level_6_halt_dd_-0.540,,,
NVDA,2023-11-22,ichimoku_cloud_breakout,level_6_halt_dd_-0.540,,,
GNRC,2023-11-22,cpr_narrow_bullish,level_6_halt_dd_-0.540,,,
COGT,2023-11-23,bollinger_tight,level_6_halt_dd_-0.540,,,
CSX,2023-11-23,cpr_narrow_bullish,level_6_halt_dd_-0.540,,,
BAM,2023-11-23,cpr_narrow_bullish,level_6_halt_dd_-0.540,,,
HOLX,2023-11-23,cpr_narrow_bullish,level_6_halt_dd_-0.540,,,
VIVO,2023-11-23,hull_rsi,level_6_halt_dd_-0.540,,,
AOS,2023-11-23,cpr_narrow_bullish,level_6_halt_dd_-0.540,,,
CG,2023-11-23,cpr_narrow_bullish,level_6_halt_dd_-0.540,,,
IFF,2023-11-23,cpr_narrow_bullish,level_6_halt_dd_-0.540,,,
NVDA,2023-11-23,ichimoku_cloud_breakout,level_6_halt_dd_-0.540,,,
GNRC,2023-11-23,cpr_narrow_bullish,level_6_halt_dd_-0.540,,,
CSX,2023-11-24,cpr_narrow_bullish,level_6_halt_dd_-0.540,,,
VIVO,2023-11-24,hull_rsi,level_6_halt_dd_-0.540,,,
AOS,2023-11-24,ichimoku_cloud_breakout,level_6_halt_dd_-0.540,,,
CG,2023-11-24,cpr_narrow_bullish,level_6_halt_dd_-0.540,,,
GNRC,2023-11-24,cpr_narrow_bullish,level_6_halt_dd_-0.540,,,
REZI,2023-11-24,cpr_narrow_bullish,level_6_halt_dd_-0.540,,,
BAC,2023-11-24,cpr_narrow_bullish,level_6_halt_dd_-0.540,,,
COGT,2023-11-24,hull_rsi,level_6_halt_dd_-0.540,,,
PSX,2023-11-24,cpr_narrow_bullish,level_6_halt_dd_-0.540,,,
HST,2023-11-24,cpr_narrow_bullish,level_6_halt_dd_-0.540,,,
VET,2023-11-27,pivot_r2_continuation,level_6_halt_dd_-0.540,,,
VIVO,2023-11-27,hull_rsi,level_6_halt_dd_-0.540,,,
FLR,2023-11-27,pivot_r2_continuation,level_6_halt_dd_-0.540,,,
WMB,2023-11-27,cpr_narrow_bullish,level_6_halt_dd_-0.540,,,
REZI,2023-11-27,cpr_narrow_bullish,level_6_halt_dd_-0.540,,,
GNRC,2023-11-27,cpr_narrow_bullish,level_6_halt_dd_-0.540,,,
CG,2023-11-27,cpr_narrow_bullish,level_6_halt_dd_-0.540,,,
AOS,2023-11-27,ichimoku_cloud_breakout,level_6_halt_dd_-0.540,,,
BHVN,2023-11-27,cpr_narrow_bullish,level_6_halt_dd_-0.540,,,
HST,2023-11-27,cpr_narrow_bullish,level_6_halt_dd_-0.540,,,
CG,2023-11-28,pivot_r1_breakout,level_6_halt_dd_-0.540,,,
COGT,2023-11-28,pivot_r1_breakout,level_6_halt_dd_-0.540,,,
VET,2023-11-28,williams_stoch_dual,level_6_halt_dd_-0.540,,,
VIVO,2023-11-28,hull_rsi,level_6_halt_dd_-0.540,,,
IFF,2023-11-28,cpr_narrow_bullish,level_6_halt_dd_-0.540,,,
CCEP,2023-11-28,pivot_r1_breakout,level_6_halt_dd_-0.540,,,
HST,2023-11-28,cpr_narrow_bullish,level_6_halt_dd_-0.540,,,
GNRC,2023-11-28,cpr_narrow_bullish,level_6_halt_dd_-0.540,,,
HBAN,2023-11-28,cpr_narrow_bullish,level_6_halt_dd_-0.540,,,
AOS,2023-11-28,ichimoku_cloud_breakout,level_6_halt_dd_-0.540,,,
BAM,2023-11-29,pivot_r1_breakout,level_6_halt_dd_-0.539,,,
PSX,2023-11-29,pivot_r1_breakout,level_6_halt_dd_-0.539,,,
UUUU,2023-11-29,williams_r_oversold,level_6_halt_dd_-0.539,,,
FOX,2023-11-29,stochrsi_oversold,level_6_halt_dd_-0.539,,,
RF,2023-11-29,cpr_narrow_bullish,level_6_halt_dd_-0.539,,,
HBAN,2023-11-29,pivot_r1_breakout,level_6_halt_dd_-0.539,,,
BHVN,2023-11-29,cpr_narrow_bullish,level_6_halt_dd_-0.539,,,
CG,2023-11-29,hull_rsi,level_6_halt_dd_-0.539,,,
VIVO,2023-11-29,hull_rsi,level_6_halt_dd_-0.539,,,
COGT,2023-11-29,pivot_r1_breakout,level_6_halt_dd_-0.539,,,
GNRC,2023-11-30,pivot_r1_breakout,level_6_halt_dd_-0.539,,,
WMB,2023-11-30,pivot_r1_breakout,level_6_halt_dd_-0.539,,,
PSX,2023-11-30,pivot_r1_breakout,level_6_halt_dd_-0.539,,,
HBAN,2023-11-30,cpr_narrow_bullish,level_6_halt_dd_-0.539,,,
BHVN,2023-11-30,pivot_r1_breakout,level_6_halt_dd_-0.539,,,
VIVO,2023-11-30,hull_rsi,level_6_halt_dd_-0.539,,,
BAC,2023-11-30,cpr_narrow_bullish,level_6_halt_dd_-0.539,,,
AWK,2023-11-30,cpr_narrow_bullish,level_6_halt_dd_-0.539,,,
BAM,2023-11-30,cpr_narrow_bullish,level_6_halt_dd_-0.539,,,
CG,2023-11-30,hull_rsi,level_6_halt_dd_-0.539,,,
HBAN,2023-12-01,pivot_r1_breakout,level_6_halt_dd_-0.539,,,
FLR,2023-12-01,pivot_r2_continuation,level_6_halt_dd_-0.539,,,
BAM,2023-12-01,cpr_narrow_bullish,level_6_halt_dd_-0.539,,,
WMB,2023-12-01,cpr_narrow_bullish,level_6_halt_dd_-0.539,,,
VET,2023-12-01,williams_stoch_dual,level_6_halt_dd_-0.539,,,
GNRC,2023-12-01,cpr_narrow_bullish,level_6_halt_dd_-0.539,,,
IFF,2023-12-01,cpr_narrow_bullish,level_6_halt_dd_-0.539,,,
PSX,2023-12-01,cpr_narrow_bullish,level_6_halt_dd_-0.539,,,
HST,2023-12-01,cpr_narrow_bullish,level_6_halt_dd_-0.539,,,
CG,2023-12-01,cpr_narrow_bullish,level_6_halt_dd_-0.539,,,
VET,2023-12-04,bollinger_tight,level_6_halt_dd_-0.539,,,
HST,2023-12-04,cpr_narrow_bullish,level_6_halt_dd_-0.539,,,
CG,2023-12-04,cpr_narrow_bullish,level_6_halt_dd_-0.539,,,
BHVN,2023-12-04,cpr_narrow_bullish,level_6_halt_dd_-0.539,,,
VIVO,2023-12-04,hull_rsi,level_6_halt_dd_-0.539,,,
JCI,2023-12-04,cpr_narrow_bullish,level_6_halt_dd_-0.539,,,
BAC,2023-12-04,cpr_narrow_bullish,level_6_halt_dd_-0.539,,,
NVDA,2023-12-04,williams_r_oversold,level_6_halt_dd_-0.539,,,
CCEP,2023-12-04,cpr_narrow_bullish,level_6_halt_dd_-0.539,,,
RF,2023-12-04,cpr_narrow_bullish,level_6_halt_dd_-0.539,,,
REZI,2023-12-05,cpr_narrow_bullish,level_6_halt_dd_-0.539,,,
COGT,2023-12-05,cpr_narrow_bullish,level_6_halt_dd_-0.539,,,
VIVO,2023-12-05,hull_rsi,level_6_halt_dd_-0.539,,,
JCI,2023-12-05,cpr_narrow_bullish,level_6_halt_dd_-0.539,,,
GNRC,2023-12-05,cpr_narrow_bullish,level_6_halt_dd_-0.539,,,
IFF,2023-12-05,ichimoku_cloud_breakout,level_6_halt_dd_-0.539,,,
VET,2023-12-05,bollinger_tight,level_6_halt_dd_-0.539,,,
HOLX,2023-12-05,cpr_narrow_bullish,level_6_halt_dd_-0.539,,,
FOX,2023-12-05,bollinger_tight,level_6_halt_dd_-0.539,,,
CSX,2023-12-05,hull_rsi,level_6_halt_dd_-0.539,,,
JCI,2023-12-06,cpr_narrow_bullish,level_6_halt_dd_-0.539,,,
VET,2023-12-06,bollinger_tight,level_6_halt_dd_-0.539,,,
COGT,2023-12-06,cpr_narrow_bullish,level_6_halt_dd_-0.539,,,
UUUU,2023-12-06,stochrsi_oversold,level_6_halt_dd_-0.539,,,
GNRC,2023-12-06,cpr_narrow_bullish,level_6_halt_dd_-0.539,,,
CSX,2023-12-06,cpr_narrow_bullish,level_6_halt_dd_-0.539,,,
HBAN,2023-12-06,cpr_narrow_bullish,level_6_halt_dd_-0.539,,,
VIVO,2023-12-06,hull_rsi,level_6_halt_dd_-0.539,,,
BAM,2023-12-06,cpr_narrow_bullish,level_6_halt_dd_-0.539,,,
XLE,2023-12-06,bollinger_lower,level_6_halt_dd_-0.539,,,
VET,2023-12-07,stochrsi_oversold,level_6_halt_dd_-0.539,,,
HBAN,2023-12-07,pivot_r1_breakout,level_6_halt_dd_-0.539,,,
JCI,2023-12-07,cpr_narrow_bullish,level_6_halt_dd_-0.539,,,
XLE,2023-12-07,stochrsi_oversold,level_6_halt_dd_-0.539,,,
BAM,2023-12-07,cpr_narrow_bullish,level_6_halt_dd_-0.539,,,
CG,2023-12-07,pivot_r2_continuation,level_6_halt_dd_-0.539,,,
VIVO,2023-12-07,hull_rsi,level_6_halt_dd_-0.539,,,
HOLX,2023-12-07,bollinger_tight,level_6_halt_dd_-0.539,,,
AOS,2023-12-07,cpr_narrow_bullish,level_6_halt_dd_-0.539,,,
REZI,2023-12-07,cpr_narrow_bullish,level_6_halt_dd_-0.539,,,
JCI,2023-12-08,pivot_r1_breakout,level_6_halt_dd_-0.539,,,
HST,2023-12-08,pivot_r2_continuation,level_6_halt_dd_-0.539,,,
HBAN,2023-12-08,cpr_narrow_bullish,level_6_halt_dd_-0.539,,,
VIVO,2023-12-08,hull_rsi,level_6_halt_dd_-0.539,,,
HOLX,2023-12-08,bollinger_lower,level_6_halt_dd_-0.539,,,
CG,2023-12-08,cpr_narrow_bullish,level_6_halt_dd_-0.539,,,
RF,2023-12-08,cpr_narrow_bullish,level_6_halt_dd_-0.539,,,
AOS,2023-12-08,macd_crossover,level_6_halt_dd_-0.539,,,
BAC,2023-12-08,cpr_narrow_bullish,level_6_halt_dd_-0.539,,,
GNRC,2023-12-08,cpr_narrow_bullish,level_6_halt_dd_-0.539,,,
COGT,2023-12-11,bollinger_lower,dispersion_cb_dec128_z_10.00,,,
HST,2023-12-11,pivot_r2_continuation,dispersion_cb_dec128_z_10.00,,,
REZI,2023-12-11,cpr_narrow_bullish,dispersion_cb_dec128_z_10.00,,,
VET,2023-12-11,bollinger_tight,dispersion_cb_dec128_z_10.00,,,
VIVO,2023-12-11,hull_rsi,dispersion_cb_dec128_z_10.00,,,
JCI,2023-12-11,cpr_narrow_bullish,dispersion_cb_dec128_z_10.00,,,
CG,2023-12-11,cpr_narrow_bullish,dispersion_cb_dec128_z_10.00,,,
HBAN,2023-12-11,cpr_narrow_bullish,dispersion_cb_dec128_z_10.00,,,
WMB,2023-12-11,bollinger_tight,dispersion_cb_dec128_z_10.00,,,
AOS,2023-12-11,hull_rsi,dispersion_cb_dec128_z_10.00,,,
HST,2023-12-12,pivot_r1_breakout,level_6_halt_dd_-0.539,,,
VET,2023-12-12,bollinger_tight,level_6_halt_dd_-0.539,,,
JCI,2023-12-12,dc20_break_retest,level_6_halt_dd_-0.539,,,
BHVN,2023-12-12,pivot_r2_continuation,level_6_halt_dd_-0.539,,,
AOS,2023-12-12,pivot_r2_continuation,level_6_halt_dd_-0.539,,,
CCEP,2023-12-12,pivot_r1_breakout,level_6_halt_dd_-0.539,,,
CG,2023-12-12,cpr_narrow_bullish,level_6_halt_dd_-0.539,,,
COGT,2023-12-12,camarilla_r3_breakout,level_6_halt_dd_-0.539,,,
XLE,2023-12-12,bollinger_lower,level_6_halt_dd_-0.539,,,
VIVO,2023-12-12,hull_rsi,level_6_halt_dd_-0.539,,,
BAC,2023-12-13,cpr_narrow_bullish,level_6_halt_dd_-0.539,,,
HBAN,2023-12-13,cpr_narrow_bullish,level_6_halt_dd_-0.539,,,
REZI,2023-12-13,pivot_r1_breakout,level_6_halt_dd_-0.539,,,
CG,2023-12-13,pivot_r2_continuation,level_6_halt_dd_-0.539,,,
RF,2023-12-13,cpr_narrow_bullish,level_6_halt_dd_-0.539,,,
BAM,2023-12-13,cpr_narrow_bullish,level_6_halt_dd_-0.539,,,
GNRC,2023-12-13,cpr_narrow_bullish,level_6_halt_dd_-0.539,,,
CCEP,2023-12-13,cpr_narrow_bullish,level_6_halt_dd_-0.539,,,
HST,2023-12-13,cpr_narrow_bullish,level_6_halt_dd_-0.539,,,
AOS,2023-12-13,cpr_narrow_bullish,level_6_halt_dd_-0.539,,,
HST,2023-12-14,pivot_r1_breakout,level_6_halt_dd_-0.539,,,
BAM,2023-12-14,pivot_r1_breakout,level_6_halt_dd_-0.539,,,
FLR,2023-12-14,pivot_r1_breakout,level_6_halt_dd_-0.539,,,
HBAN,2023-12-14,pivot_r1_breakout,level_6_halt_dd_-0.539,,,
RF,2023-12-14,pivot_r1_breakout,level_6_halt_dd_-0.539,,,
AOS,2023-12-14,pivot_r1_breakout,level_6_halt_dd_-0.539,,,
IFF,2023-12-14,pivot_r1_breakout,level_6_halt_dd_-0.539,,,
SGH,2023-12-14,pivot_r1_breakout,level_6_halt_dd_-0.539,,,
GNRC,2023-12-14,pivot_r1_breakout,level_6_halt_dd_-0.539,,,
CSX,2023-12-14,pivot_r2_continuation,level_6_halt_dd_-0.539,,,
BHVN,2023-12-15,pivot_r1_breakout,level_6_halt_dd_-0.539,,,
CG,2023-12-15,cpr_narrow_bullish,level_6_halt_dd_-0.539,,,
HBAN,2023-12-15,hull_rsi,level_6_halt_dd_-0.539,,,
SGH,2023-12-15,hull_rsi,level_6_halt_dd_-0.539,,,
JCI,2023-12-15,pivot_r1_breakout,level_6_halt_dd_-0.539,,,
UUUU,2023-12-15,stochrsi_oversold,level_6_halt_dd_-0.539,,,
HST,2023-12-15,hull_rsi,level_6_halt_dd_-0.539,,,
REZI,2023-12-15,cpr_narrow_bullish,level_6_halt_dd_-0.539,,,
BAM,2023-12-15,hull_rsi,level_6_halt_dd_-0.539,,,
VIVO,2023-12-15,hull_rsi,level_6_halt_dd_-0.539,,,
CSX,2023-12-18,cpr_narrow_bullish,level_6_halt_dd_-0.539,,,
HST,2023-12-18,cpr_narrow_bullish,level_6_halt_dd_-0.539,,,
CG,2023-12-18,cpr_narrow_bullish,level_6_halt_dd_-0.539,,,
PSX,2023-12-18,cpr_narrow_bullish,level_6_halt_dd_-0.539,,,
VIVO,2023-12-18,hull_rsi,level_6_halt_dd_-0.539,,,
BHVN,2023-12-18,cpr_narrow_bullish,level_6_halt_dd_-0.539,,,
BAM,2023-12-18,hull_rsi,level_6_halt_dd_-0.539,,,
AOS,2023-12-18,ichimoku_cloud_breakout,level_6_halt_dd_-0.539,,,
CCEP,2023-12-18,cpr_narrow_bullish,level_6_halt_dd_-0.539,,,
GNRC,2023-12-18,cpr_narrow_bullish,level_6_halt_dd_-0.539,,,
AOS,2023-12-19,pivot_r2_continuation,level_6_halt_dd_-0.539,,,
BAM,2023-12-19,pivot_r2_continuation,level_6_halt_dd_-0.539,,,
UUUU,2023-12-19,bollinger_tight,level_6_halt_dd_-0.539,,,
CSX,2023-12-19,cpr_narrow_bullish,level_6_halt_dd_-0.539,,,
PSX,2023-12-19,cpr_narrow_bullish,level_6_halt_dd_-0.539,,,
FLR,2023-12-19,cpr_narrow_bullish,level_6_halt_dd_-0.539,,,
VIVO,2023-12-19,hull_rsi,level_6_halt_dd_-0.539,,,
GNRC,2023-12-19,cpr_narrow_bullish,level_6_halt_dd_-0.539,,,
HST,2023-12-19,cpr_narrow_bullish,level_6_halt_dd_-0.539,,,
IFF,2023-12-19,cpr_narrow_bullish,level_6_halt_dd_-0.539,,,
VIVO,2023-12-20,hull_rsi,level_6_halt_dd_-0.539,,,
AOS,2023-12-20,ichimoku_cloud_breakout,level_6_halt_dd_-0.539,,,
HBAN,2023-12-20,ichimoku_cloud_breakout,level_6_halt_dd_-0.539,,,
PSX,2023-12-20,hull_rsi,level_6_halt_dd_-0.539,,,
CSX,2023-12-20,pivot_s1_bounce,level_6_halt_dd_-0.539,,,
HST,2023-12-20,ichimoku_cloud_breakout,level_6_halt_dd_-0.539,,,
GNRC,2023-12-20,ichimoku_cloud_breakout,level_6_halt_dd_-0.539,,,
SGH,2023-12-20,adx_initiation,level_6_halt_dd_-0.539,,,
VET,2023-12-20,hull_rsi,level_6_halt_dd_-0.539,,,
BDX,2023-12-20,cpr_narrow_bullish,level_6_halt_dd_-0.539,,,
AOS,2023-12-21,macd_fast_crossover,level_6_halt_dd_-0.539,,,
HST,2023-12-21,pivot_r2_continuation,level_6_halt_dd_-0.539,,,
IFF,2023-12-21,cpr_narrow_bullish,level_6_halt_dd_-0.539,,,
BDX,2023-12-21,cpr_narrow_bullish,level_6_halt_dd_-0.539,,,
JCI,2023-12-21,cpr_narrow_bullish,level_6_halt_dd_-0.539,,,
CG,2023-12-21,cpr_narrow_bullish,level_6_halt_dd_-0.539,,,
VIVO,2023-12-21,hull_rsi,level_6_halt_dd_-0.539,,,
REZI,2023-12-21,hull_rsi,level_6_halt_dd_-0.539,,,
BAM,2023-12-21,hull_rsi,level_6_halt_dd_-0.539,,,
CSX,2023-12-21,hull_rsi,level_6_halt_dd_-0.539,,,
CSX,2023-12-22,cpr_narrow_bullish,level_6_halt_dd_-0.539,,,
BAM,2023-12-22,pivot_r2_continuation,level_6_halt_dd_-0.539,,,
BHVN,2023-12-22,pivot_r2_continuation,level_6_halt_dd_-0.539,,,
HST,2023-12-22,cpr_narrow_bullish,level_6_halt_dd_-0.539,,,
CCEP,2023-12-22,pivot_r2_continuation,level_6_halt_dd_-0.539,,,
REZI,2023-12-22,cpr_narrow_bullish,level_6_halt_dd_-0.539,,,
IFF,2023-12-22,cpr_narrow_bullish,level_6_halt_dd_-0.539,,,
VIVO,2023-12-22,hull_rsi,level_6_halt_dd_-0.539,,,
SGH,2023-12-22,cpr_narrow_bullish,level_6_halt_dd_-0.539,,,
AOS,2023-12-22,hull_rsi,level_6_halt_dd_-0.539,,,
CSX,2023-12-25,cpr_narrow_bullish,level_6_halt_dd_-0.539,,,
BAM,2023-12-25,pivot_r2_continuation,level_6_halt_dd_-0.539,,,
BHVN,2023-12-25,pivot_r2_continuation,level_6_halt_dd_-0.539,,,
HST,2023-12-25,cpr_narrow_bullish,level_6_halt_dd_-0.539,,,
CCEP,2023-12-25,pivot_r2_continuation,level_6_halt_dd_-0.539,,,
REZI,2023-12-25,cpr_narrow_bullish,level_6_halt_dd_-0.539,,,
IFF,2023-12-25,cpr_narrow_bullish,level_6_halt_dd_-0.539,,,
VIVO,2023-12-25,hull_rsi,level_6_halt_dd_-0.539,,,
SGH,2023-12-25,cpr_narrow_bullish,level_6_halt_dd_-0.539,,,
AOS,2023-12-25,hull_rsi,level_6_halt_dd_-0.539,,,
HST,2023-12-26,pivot_r2_continuation,level_6_halt_dd_-0.539,,,
CSX,2023-12-26,pivot_r2_continuation,level_6_halt_dd_-0.539,,,
SGH,2023-12-26,cpr_narrow_bullish,level_6_halt_dd_-0.539,,,
BAM,2023-12-26,cpr_narrow_bullish,level_6_halt_dd_-0.539,,,
IFF,2023-12-26,cpr_narrow_bullish,level_6_halt_dd_-0.539,,,
CCEP,2023-12-26,cpr_narrow_bullish,level_6_halt_dd_-0.539,,,
BHVN,2023-12-26,pivot_r2_continuation,level_6_halt_dd_-0.539,,,
AOS,2023-12-26,cpr_narrow_bullish,level_6_halt_dd_-0.539,,,
HBAN,2023-12-26,cpr_narrow_bullish,level_6_halt_dd_-0.539,,,
PSX,2023-12-26,cpr_narrow_bullish,level_6_halt_dd_-0.539,,,
BAM,2023-12-27,cpr_narrow_bullish,level_6_halt_dd_-0.539,,,
CCEP,2023-12-27,pivot_r2_continuation,level_6_halt_dd_-0.539,,,
AOS,2023-12-27,cpr_narrow_bullish,level_6_halt_dd_-0.539,,,
HST,2023-12-27,cpr_narrow_bullish,level_6_halt_dd_-0.539,,,
CG,2023-12-27,pivot_r2_continuation,level_6_halt_dd_-0.539,,,
SGH,2023-12-27,cpr_narrow_bullish,level_6_halt_dd_-0.539,,,
VIVO,2023-12-27,hull_rsi,level_6_halt_dd_-0.539,,,
HBAN,2023-12-27,cpr_narrow_bullish,level_6_halt_dd_-0.539,,,
JCI,2023-12-27,cpr_narrow_bullish,level_6_halt_dd_-0.539,,,
BHVN,2023-12-27,hull_rsi,level_6_halt_dd_-0.539,,,
SGH,2023-12-28,cpr_narrow_bullish,level_6_halt_dd_-0.539,,,
AOS,2023-12-28,cpr_narrow_bullish,level_6_halt_dd_-0.539,,,
BDX,2023-12-28,cpr_narrow_bullish,level_6_halt_dd_-0.539,,,
CSX,2023-12-28,cpr_narrow_bullish,level_6_halt_dd_-0.539,,,
IFF,2023-12-28,cpr_narrow_bullish,level_6_halt_dd_-0.539,,,
VIVO,2023-12-28,hull_rsi,level_6_halt_dd_-0.539,,,
RF,2023-12-28,cpr_narrow_bullish,level_6_halt_dd_-0.539,,,
CCEP,2023-12-28,hull_rsi,level_6_halt_dd_-0.539,,,
BAM,2023-12-28,ichimoku_cloud_breakout,level_6_halt_dd_-0.539,,,
BHVN,2023-12-28,hull_rsi,level_6_halt_dd_-0.539,,,
AOS,2023-12-29,cpr_narrow_bullish,level_6_halt_dd_-0.539,,,
VIVO,2023-12-29,hull_rsi,level_6_halt_dd_-0.539,,,
CCEP,2023-12-29,hull_rsi,level_6_halt_dd_-0.539,,,
BAM,2023-12-29,ichimoku_cloud_breakout,level_6_halt_dd_-0.539,,,
LCID,2023-12-29,williams_stoch_dual,level_6_halt_dd_-0.539,,,
REZI,2023-12-29,ichimoku_cloud_breakout,level_6_halt_dd_-0.539,,,
IFF,2023-12-29,ichimoku_cloud_breakout,level_6_halt_dd_-0.539,,,
VET,2023-12-29,supertrend_macd,level_6_halt_dd_-0.539,,,
HST,2023-12-29,ichimoku_cloud_breakout,level_6_halt_dd_-0.539,,,
JCI,2023-12-29,cpr_narrow_bullish,level_6_halt_dd_-0.539,,,
AOS,2024-01-01,cpr_narrow_bullish,level_6_halt_dd_-0.539,,,
VIVO,2024-01-01,hull_rsi,level_6_halt_dd_-0.539,,,
LCID,2024-01-01,williams_stoch_dual,level_6_halt_dd_-0.539,,,
CCEP,2024-01-01,hull_rsi,level_6_halt_dd_-0.539,,,
BAM,2024-01-01,ichimoku_cloud_breakout,level_6_halt_dd_-0.539,,,
REZI,2024-01-01,ichimoku_cloud_breakout,level_6_halt_dd_-0.539,,,
IFF,2024-01-01,ichimoku_cloud_breakout,level_6_halt_dd_-0.539,,,
VET,2024-01-01,supertrend_macd,level_6_halt_dd_-0.539,,,
HST,2024-01-01,ichimoku_cloud_breakout,level_6_halt_dd_-0.539,,,
IDYA,2024-01-01,cpr_narrow_bullish,level_6_halt_dd_-0.539,,,
UUUU,2024-01-02,bollinger_tight,level_6_halt_dd_-0.539,,,
BDX,2024-01-02,cpr_narrow_bullish,level_6_halt_dd_-0.539,,,
VFS,2024-01-02,adx_initiation,level_6_halt_dd_-0.539,,,
RF,2024-01-02,cpr_narrow_bullish,level_6_halt_dd_-0.539,,,
NVDA,2024-01-02,cpr_narrow_bullish,level_6_halt_dd_-0.539,,,
VIVO,2024-01-02,hull_rsi,level_6_halt_dd_-0.539,,,
AOS,2024-01-02,ichimoku_cloud_breakout,level_6_halt_dd_-0.539,,,
BAM,2024-01-02,ichimoku_cloud_breakout,level_6_halt_dd_-0.539,,,
HOLX,2024-01-02,cpr_narrow_bullish,level_6_halt_dd_-0.539,,,
IFF,2024-01-02,cpr_narrow_bullish,level_6_halt_dd_-0.539,,,
GNRC,2024-01-03,ichimoku_cloud_breakout,level_6_halt_dd_-0.539,,,
SGH,2024-01-03,pivot_r2_continuation,level_6_halt_dd_-0.539,,,
AOS,2024-01-03,williams_r_oversold,level_6_halt_dd_-0.539,,,
VIVO,2024-01-03,hull_rsi,level_6_halt_dd_-0.539,,,
UUUU,2024-01-03,bollinger_lower,level_6_halt_dd_-0.539,,,
HOLX,2024-01-03,cpr_narrow_bullish,level_6_halt_dd_-0.539,,,
MORF,2024-01-03,cpr_narrow_bullish,level_6_halt_dd_-0.539,,,
REZI,2024-01-03,ichimoku_cloud_breakout,level_6_halt_dd_-0.539,,,
LCID,2024-01-03,stochrsi_oversold,level_6_halt_dd_-0.539,,,
XLE,2024-01-03,cpr_narrow_bullish,level_6_halt_dd_-0.539,,,
FLR,2024-01-04,bollinger_lower,level_6_halt_dd_-0.539,,,
LCID,2024-01-04,bollinger_tight,level_6_halt_dd_-0.539,,,
VIVO,2024-01-04,hull_rsi,level_6_halt_dd_-0.539,,,
HOLX,2024-01-04,cpr_narrow_bullish,level_6_halt_dd_-0.539,,,
BHVN,2024-01-04,cpr_narrow_bullish,level_6_halt_dd_-0.539,,,
AOS,2024-01-04,stochrsi_oversold,level_6_halt_dd_-0.539,,,
RKLB,2024-01-04,cpr_narrow_bullish,level_6_halt_dd_-0.539,,,
CG,2024-01-04,williams_r_oversold,level_6_halt_dd_-0.539,,,
SGH,2024-01-04,cpr_narrow_bullish,level_6_halt_dd_-0.539,,,
HBAN,2024-01-04,cpr_narrow_bullish,level_6_halt_dd_-0.539,,,
REZI,2024-01-05,ultimate_oscillator,level_6_halt_dd_-0.539,,,
LCID,2024-01-05,bollinger_tight,level_6_halt_dd_-0.539,,,
VIVO,2024-01-05,hull_rsi,level_6_halt_dd_-0.539,,,
JCI,2024-01-05,cpr_narrow_bullish,level_6_halt_dd_-0.539,,,
UUUU,2024-01-05,bollinger_tight,level_6_halt_dd_-0.539,,,
CG,2024-01-05,cpr_narrow_bullish,level_6_halt_dd_-0.539,,,
VFS,2024-01-05,williams_stoch_dual,level_6_halt_dd_-0.539,,,
HBAN,2024-01-05,pivot_r2_continuation,level_6_halt_dd_-0.539,,,
HOLX,2024-01-05,cpr_narrow_bullish,level_6_halt_dd_-0.539,,,
AOS,2024-01-05,ichimoku_cloud_breakout,level_6_halt_dd_-0.539,,,
BHVN,2024-01-08,pivot_r2_continuation,level_6_halt_dd_-0.539,,,
NVDA,2024-01-08,pivot_r1_breakout,level_6_halt_dd_-0.539,,,
BDX,2024-01-08,cpr_narrow_bullish,level_6_halt_dd_-0.539,,,
VIVO,2024-01-08,hull_rsi,level_6_halt_dd_-0.539,,,
LCID,2024-01-08,stochrsi_oversold,level_6_halt_dd_-0.539,,,
HST,2024-01-08,pivot_r2_continuation,level_6_halt_dd_-0.539,,,
IDYA,2024-01-08,pivot_r2_continuation,level_6_halt_dd_-0.539,,,
VFS,2024-01-08,cpr_narrow_bullish,level_6_halt_dd_-0.539,,,
RKLB,2024-01-08,cpr_narrow_bullish,level_6_halt_dd_-0.539,,,
XLE,2024-01-08,cmf_flip,level_6_halt_dd_-0.539,,,
BDX,2024-01-09,supertrend_macd,level_6_halt_dd_-0.539,,,
REZI,2024-01-09,stochrsi_oversold,level_6_halt_dd_-0.539,,,
LCID,2024-01-09,stochrsi_oversold,level_6_halt_dd_-0.539,,,
XLE,2024-01-09,bollinger_tight,level_6_halt_dd_-0.539,,,
VIVO,2024-01-09,hull_rsi,level_6_halt_dd_-0.539,,,
JCI,2024-01-09,cpr_narrow_bullish,level_6_halt_dd_-0.539,,,
BHVN,2024-01-09,hull_rsi,level_6_halt_dd_-0.539,,,
CG,2024-01-09,stochrsi_oversold,level_6_halt_dd_-0.539,,,
VFS,2024-01-09,williams_stoch_dual,level_6_halt_dd_-0.539,,,
AOS,2024-01-09,cpr_narrow_bullish,level_6_halt_dd_-0.539,,,
IDYA,2024-01-10,pivot_r1_breakout,level_6_halt_dd_-0.539,,,
SGH,2024-01-10,pivot_r1_breakout,level_6_halt_dd_-0.539,,,
LCID,2024-01-10,bollinger_lower,level_6_halt_dd_-0.539,,,
XLE,2024-01-10,bollinger_lower,level_6_halt_dd_-0.539,,,
NVDA,2024-01-10,cpr_narrow_bullish,level_6_halt_dd_-0.539,,,
VIVO,2024-01-10,hull_rsi,level_6_halt_dd_-0.539,,,
FOX,2024-01-10,cpr_narrow_bullish,level_6_halt_dd_-0.539,,,
REZI,2024-01-10,ichimoku_cloud_breakout,level_6_halt_dd_-0.539,,,
VET,2024-01-10,williams_stoch_dual,level_6_halt_dd_-0.539,,,
PSX,2024-01-10,williams_r_oversold,level_6_halt_dd_-0.539,,,
WMB,2024-01-11,williams_r_oversold,level_6_halt_dd_-0.539,,,
NVDA,2024-01-11,cpr_narrow_bullish,level_6_halt_dd_-0.539,,,
IDYA,2024-01-11,hull_rsi,level_6_halt_dd_-0.539,,,
VIVO,2024-01-11,hull_rsi,level_6_halt_dd_-0.539,,,
PSX,2024-01-11,williams_r_oversold,level_6_halt_dd_-0.539,,,
BAC,2024-01-11,williams_r_oversold,level_6_halt_dd_-0.539,,,
RF,2024-01-11,williams_r_oversold,level_6_halt_dd_-0.539,,,
XLE,2024-01-11,stochrsi_oversold,level_6_halt_dd_-0.539,,,
BDX,2024-01-11,bollinger_tight,level_6_halt_dd_-0.539,,,
HOLX,2024-01-11,cpr_narrow_bullish,level_6_halt_dd_-0.539,,,
IDYA,2024-01-12,pivot_r1_breakout,level_6_halt_dd_-0.539,,,
FOX,2024-01-12,cpr_narrow_bullish,level_6_halt_dd_-0.539,,,
SGH,2024-01-12,cpr_narrow_bullish,level_6_halt_dd_-0.539,,,
NVDA,2024-01-12,cpr_narrow_bullish,level_6_halt_dd_-0.539,,,
RF,2024-01-12,williams_r_oversold,level_6_halt_dd_-0.539,,,
LCID,2024-01-12,bollinger_lower,level_6_halt_dd_-0.539,,,
UUUU,2024-01-12,pivot_r1_breakout,level_6_halt_dd_-0.539,,,
VIVO,2024-01-12,hull_rsi,level_6_halt_dd_-0.539,,,
HOLX,2024-01-12,cpr_narrow_bullish,level_6_halt_dd_-0.539,,,
HBAN,2024-01-12,williams_r_oversold,level_6_halt_dd_-0.539,,,
IDYA,2024-01-15,pivot_r1_breakout,level_6_halt_dd_-0.539,,,
FOX,2024-01-15,cpr_narrow_bullish,level_6_halt_dd_-0.539,,,
SGH,2024-01-15,cpr_narrow_bullish,level_6_halt_dd_-0.539,,,
NVDA,2024-01-15,cpr_narrow_bullish,level_6_halt_dd_-0.539,,,
RF,2024-01-15,williams_r_oversold,level_6_halt_dd_-0.539,,,
LCID,2024-01-15,bollinger_lower,level_6_halt_dd_-0.539,,,
UUUU,2024-01-15,pivot_r1_breakout,level_6_halt_dd_-0.539,,,
VIVO,2024-01-15,hull_rsi,level_6_halt_dd_-0.539,,,
HOLX,2024-01-15,cpr_narrow_bullish,level_6_halt_dd_-0.539,,,
HBAN,2024-01-15,williams_r_oversold,level_6_halt_dd_-0.539,,,
REZI,2024-01-16,bollinger_tight,level_6_halt_dd_-0.539,,,
GNRC,2024-01-16,bollinger_tight,level_6_halt_dd_-0.539,,,
NVDA,2024-01-16,pivot_r2_continuation,level_6_halt_dd_-0.539,,,
SGH,2024-01-16,cpr_narrow_bullish,level_6_halt_dd_-0.539,,,
HBAN,2024-01-16,ichimoku_cloud_breakout,level_6_halt_dd_-0.539,,,
JCI,2024-01-16,bollinger_lower,level_6_halt_dd_-0.539,,,
LCID,2024-01-16,bollinger_lower,level_6_halt_dd_-0.539,,,
VET,2024-01-16,bollinger_lower,level_6_halt_dd_-0.539,,,
BDX,2024-01-16,bollinger_tight,level_6_halt_dd_-0.539,,,
COGT,2024-01-16,bollinger_tight,level_6_halt_dd_-0.539,,,
SGH,2024-01-17,cpr_narrow_bullish,level_6_halt_dd_-0.539,,,
IDYA,2024-01-17,cpr_narrow_bullish,level_6_halt_dd_-0.539,,,
NVDA,2024-01-17,cpr_narrow_bullish,level_6_halt_dd_-0.539,,,
HBAN,2024-01-17,williams_r_oversold,level_6_halt_dd_-0.539,,,
REZI,2024-01-17,bollinger_tight,level_6_halt_dd_-0.539,,,
LCID,2024-01-17,bollinger_tight,level_6_halt_dd_-0.539,,,
RF,2024-01-17,ichimoku_cloud_breakout,level_6_halt_dd_-0.539,,,
AWK,2024-01-17,bollinger_lower,level_6_halt_dd_-0.539,,,
VFS,2024-01-17,bollinger_tight,level_6_halt_dd_-0.539,,,
BDX,2024-01-17,bollinger_tight,level_6_halt_dd_-0.539,,,
LCID,2024-01-18,bollinger_tight,level_6_halt_dd_-0.539,,,
SGH,2024-01-18,pivot_r1_breakout,level_6_halt_dd_-0.539,,,
IDYA,2024-01-18,cpr_narrow_bullish,level_6_halt_dd_-0.539,,,
PSX,2024-01-18,ichimoku_cloud_breakout,level_6_halt_dd_-0.539,,,
XLE,2024-01-18,stochrsi_oversold,level_6_halt_dd_-0.539,,,
WMB,2024-01-18,bollinger_lower,level_6_halt_dd_-0.539,,,
AWK,2024-01-18,bollinger_lower,level_6_halt_dd_-0.539,,,
NVDA,2024-01-18,cpr_narrow_bullish,level_6_halt_dd_-0.539,,,
VIVO,2024-01-18,hull_rsi,level_6_halt_dd_-0.539,,,
IFF,2024-01-18,stochrsi_oversold,level_6_halt_dd_-0.539,,,
IDYA,2024-01-19,cpr_narrow_bullish,level_6_halt_dd_-0.544,,,
NVDA,2024-01-19,pivot_r2_continuation,level_6_halt_dd_-0.544,,,
VIVO,2024-01-19,hull_rsi,level_6_halt_dd_-0.544,,,
AWK,2024-01-19,bollinger_lower,level_6_halt_dd_-0.544,,,
VET,2024-01-19,stochrsi_oversold,level_6_halt_dd_-0.544,,,
MORF,2024-01-19,stochrsi_oversold,level_6_halt_dd_-0.544,,,
SGH,2024-01-19,hull_rsi,level_6_halt_dd_-0.544,,,
FOX,2024-01-19,cpr_narrow_bullish,level_6_halt_dd_-0.544,,,
WMB,2024-01-19,stochrsi_oversold,level_6_halt_dd_-0.544,,,
RKLB,2024-01-19,cpr_narrow_bullish,level_6_halt_dd_-0.544,,,
IDYA,2024-01-22,pivot_r1_breakout,level_6_halt_dd_-0.544,,,
HOLX,2024-01-22,cpr_narrow_bullish,level_6_halt_dd_-0.544,,,
SGH,2024-01-22,hull_rsi,level_6_halt_dd_-0.544,,,
VIVO,2024-01-22,hull_rsi,level_6_halt_dd_-0.544,,,
FOX,2024-01-22,cpr_narrow_bullish,level_6_halt_dd_-0.544,,,
BHVN,2024-01-22,pivot_r2_continuation,level_6_halt_dd_-0.544,,,
NVDA,2024-01-22,hull_rsi,level_6_halt_dd_-0.544,,,
RF,2024-01-22,cpr_narrow_bullish,level_6_halt_dd_-0.544,,,
REZI,2024-01-22,pivot_r2_continuation,level_6_halt_dd_-0.544,,,
AOS,2024-01-22,cpr_narrow_bullish,level_6_halt_dd_-0.544,,,
CCEP,2024-01-23,cpr_narrow_bullish,level_6_halt_dd_-0.544,,,
FOX,2024-01-23,cpr_narrow_bullish,level_6_halt_dd_-0.544,,,
NVDA,2024-01-23,cpr_narrow_bullish,level_6_halt_dd_-0.544,,,
IDYA,2024-01-23,cpr_narrow_bullish,level_6_halt_dd_-0.544,,,
SGH,2024-01-23,cpr_narrow_bullish,level_6_halt_dd_-0.544,,,
VIVO,2024-01-23,hull_rsi,level_6_halt_dd_-0.544,,,
HOLX,2024-01-23,cpr_narrow_bullish,level_6_halt_dd_-0.544,,,
REZI,2024-01-23,cpr_narrow_bullish,level_6_halt_dd_-0.544,,,
VET,2024-01-23,bollinger_tight,level_6_halt_dd_-0.544,,,
AWK,2024-01-23,bollinger_tight,level_6_halt_dd_-0.544,,,
COGT,2024-01-24,stochrsi_oversold,level_6_halt_dd_-0.544,,,
VIVO,2024-01-24,hull_rsi,level_6_halt_dd_-0.544,,,
AWK,2024-01-24,bollinger_lower,level_6_halt_dd_-0.544,,,
GNRC,2024-01-24,bollinger_tight,level_6_halt_dd_-0.544,,,
NVDA,2024-01-24,pivot_r2_continuation,level_6_halt_dd_-0.544,,,
CCEP,2024-01-24,cpr_narrow_bullish,level_6_halt_dd_-0.544,,,
CSX,2024-01-24,ichimoku_cloud_breakout,level_6_halt_dd_-0.544,,,
LCID,2024-01-24,cpr_narrow_bullish,level_6_halt_dd_-0.544,,,
IFF,2024-01-24,supertrend_ichimoku_adx,level_6_halt_dd_-0.544,,,
IDYA,2024-01-24,ichimoku_cloud_breakout,level_6_halt_dd_-0.544,,,
NVDA,2024-01-25,cpr_narrow_bullish,level_6_halt_dd_-0.544,,,
CCEP,2024-01-25,cpr_narrow_bullish,level_6_halt_dd_-0.544,,,
VIVO,2024-01-25,hull_rsi,level_6_halt_dd_-0.544,,,
LCID,2024-01-25,cpr_narrow_bullish,level_6_halt_dd_-0.544,,,
IFF,2024-01-25,cpr_narrow_bullish,level_6_halt_dd_-0.544,,,
PSX,2024-01-25,macd_crossover,level_6_halt_dd_-0.544,,,
CSX,2024-01-25,cpr_narrow_bullish,level_6_halt_dd_-0.544,,,
FOX,2024-01-25,cpr_narrow_bullish,level_6_halt_dd_-0.544,,,
SGH,2024-01-25,ichimoku_cloud_breakout,level_6_halt_dd_-0.544,,,
IDYA,2024-01-25,ichimoku_cloud_breakout,level_6_halt_dd_-0.544,,,
BAM,2024-01-26,cpr_narrow_bullish,level_6_halt_dd_-0.544,,,
VIVO,2024-01-26,hull_rsi,level_6_halt_dd_-0.544,,,
CCEP,2024-01-26,hull_rsi,level_6_halt_dd_-0.544,,,
FOX,2024-01-26,cpr_narrow_bullish,level_6_halt_dd_-0.544,,,
MORF,2024-01-26,cpr_narrow_bullish,level_6_halt_dd_-0.544,,,
IFF,2024-01-26,macd_crossover,level_6_halt_dd_-0.544,,,
CSX,2024-01-26,prev_day_high_break,level_6_halt_dd_-0.544,,,
HOLX,2024-01-26,cpr_narrow_bullish,level_6_halt_dd_-0.544,,,
NVDA,2024-01-26,ichimoku_cloud_breakout,level_6_halt_dd_-0.544,,,
IDYA,2024-01-26,ichimoku_cloud_breakout,level_6_halt_dd_-0.544,,,
IDYA,2024-01-29,pivot_r2_continuation,level_6_halt_dd_-0.544,,,
CSX,2024-01-29,cpr_narrow_bullish,level_6_halt_dd_-0.544,,,
NVDA,2024-01-29,pivot_r2_continuation,level_6_halt_dd_-0.544,,,
HBAN,2024-01-29,cpr_narrow_bullish,level_6_halt_dd_-0.544,,,
CG,2024-01-29,cpr_narrow_bullish,level_6_halt_dd_-0.544,,,
FOX,2024-01-29,cpr_narrow_bullish,level_6_halt_dd_-0.544,,,
MORF,2024-01-29,cpr_narrow_bullish,level_6_halt_dd_-0.544,,,
VIVO,2024-01-29,hull_rsi,level_6_halt_dd_-0.544,,,
LCID,2024-01-29,pivot_r1_breakout,level_6_halt_dd_-0.544,,,
HOLX,2024-01-29,cpr_narrow_bullish,level_6_halt_dd_-0.544,,,
AOS,2024-01-30,pivot_r1_breakout,level_6_halt_dd_-0.544,,,
PSX,2024-01-30,pivot_r2_continuation,level_6_halt_dd_-0.544,,,
BAC,2024-01-30,pivot_r2_continuation,level_6_halt_dd_-0.544,,,
CCEP,2024-01-30,cpr_narrow_bullish,level_6_halt_dd_-0.544,,,
CSX,2024-01-30,cpr_narrow_bullish,level_6_halt_dd_-0.544,,,
VIVO,2024-01-30,hull_rsi,level_6_halt_dd_-0.544,,,
JCI,2024-01-30,ichimoku_tk_cross,level_6_halt_dd_-0.544,,,
RF,2024-01-30,cpr_narrow_bullish,level_6_halt_dd_-0.544,,,
IDYA,2024-01-30,ichimoku_cloud_breakout,level_6_halt_dd_-0.544,,,
BAM,2024-01-30,hull_rsi,level_6_halt_dd_-0.544,,,
AOS,2024-01-31,williams_r_oversold,level_6_halt_dd_-0.544,,,
PSX,2024-01-31,pivot_r1_breakout,level_6_halt_dd_-0.544,,,
RF,2024-01-31,pivot_r1_breakout,level_6_halt_dd_-0.544,,,
SGH,2024-01-31,ichimoku_cloud_breakout,level_6_halt_dd_-0.544,,,
JCI,2024-01-31,bollinger_tight,level_6_halt_dd_-0.544,,,
CSX,2024-01-31,cpr_narrow_bullish,level_6_halt_dd_-0.544,,,
VIVO,2024-01-31,hull_rsi,level_6_halt_dd_-0.544,,,
MORF,2024-01-31,cpr_narrow_bullish,level_6_halt_dd_-0.544,,,
FOX,2024-01-31,pivot_r1_breakout,level_6_halt_dd_-0.544,,,
HBAN,2024-01-31,ichimoku_tk_cross,level_6_halt_dd_-0.544,,,
HBAN,2024-02-01,ichimoku_cloud_breakout,level_6_halt_dd_-0.544,,,
CSX,2024-02-01,cpr_narrow_bullish,level_6_halt_dd_-0.544,,,
CCEP,2024-02-01,cpr_narrow_bullish,level_6_halt_dd_-0.544,,,
MORF,2024-02-01,cpr_narrow_bullish,level_6_halt_dd_-0.544,,,
PSX,2024-02-01,cpr_narrow_bullish,level_6_halt_dd_-0.544,,,
NVDA,2024-02-01,cpr_narrow_bullish,level_6_halt_dd_-0.544,,,
IDYA,2024-02-01,cpr_narrow_bullish,level_6_halt_dd_-0.544,,,
VIVO,2024-02-01,hull_rsi,level_6_halt_dd_-0.544,,,
FOX,2024-02-01,cpr_narrow_bullish,level_6_halt_dd_-0.544,,,
IFF,2024-02-01,macd_crossover,level_6_halt_dd_-0.544,,,
HOLX,2024-02-02,pivot_r1_breakout,level_6_halt_dd_-0.544,,,
NVDA,2024-02-02,pivot_r2_continuation,level_6_halt_dd_-0.544,,,
VET,2024-02-02,bollinger_tight,level_6_halt_dd_-0.544,,,
MORF,2024-02-02,hull_rsi,level_6_halt_dd_-0.544,,,
VIVO,2024-02-02,hull_rsi,level_6_halt_dd_-0.544,,,
AOS,2024-02-02,bollinger_tight,level_6_halt_dd_-0.544,,,
RKLB,2024-02-02,bollinger_lower,level_6_halt_dd_-0.544,,,
VFS,2024-02-02,cpr_narrow_bullish,level_6_halt_dd_-0.544,,,
CSX,2024-02-02,hull_rsi,level_6_halt_dd_-0.544,,,
PSX,2024-02-02,hull_rsi,level_6_halt_dd_-0.544,,,
NVDA,2024-02-05,pivot_r2_continuation,level_6_halt_dd_-0.544,,,
AOS,2024-02-05,williams_r_oversold,level_6_halt_dd_-0.544,,,
MORF,2024-02-05,cpr_narrow_bullish,level_6_halt_dd_-0.544,,,
CSX,2024-02-05,cpr_narrow_bullish,level_6_halt_dd_-0.544,,,
PSX,2024-02-05,cpr_narrow_bullish,level_6_halt_dd_-0.544,,,
VIVO,2024-02-05,hull_rsi,level_6_halt_dd_-0.544,,,
VET,2024-02-05,bollinger_tight,level_6_halt_dd_-0.544,,,
VFS,2024-02-05,bollinger_lower,level_6_halt_dd_-0.544,,,
AWK,2024-02-05,bollinger_tight,level_6_halt_dd_-0.544,,,
IDYA,2024-02-05,ichimoku_cloud_breakout,level_6_halt_dd_-0.544,,,
MORF,2024-02-06,cpr_narrow_bullish,level_6_halt_dd_-0.544,,,
CSX,2024-02-06,cpr_narrow_bullish,level_6_halt_dd_-0.544,,,
VIVO,2024-02-06,hull_rsi,level_6_halt_dd_-0.544,,,
CCEP,2024-02-06,ichimoku_cloud_breakout,level_6_halt_dd_-0.544,,,
HBAN,2024-02-06,cpr_narrow_bullish,level_6_halt_dd_-0.544,,,
RF,2024-02-06,bollinger_tight,level_6_halt_dd_-0.544,,,
NVDA,2024-02-06,hull_rsi,level_6_halt_dd_-0.544,,,
BAC,2024-02-06,ichimoku_cloud_breakout,level_6_halt_dd_-0.544,,,
REZI,2024-02-06,macd_fast_crossover,level_6_halt_dd_-0.544,,,
FLR,2024-02-06,cpr_narrow_bullish,level_6_halt_dd_-0.544,,,
FOX,2024-02-07,bollinger_lower,level_6_halt_dd_-0.544,,,
CG,2024-02-07,pivot_r1_breakout,level_6_halt_dd_-0.544,,,
CSX,2024-02-07,cpr_narrow_bullish,level_6_halt_dd_-0.544,,,
NVDA,2024-02-07,cpr_narrow_bullish,level_6_halt_dd_-0.544,,,
VIVO,2024-02-07,hull_rsi,level_6_halt_dd_-0.544,,,
MORF,2024-02-07,hull_rsi,level_6_halt_dd_-0.544,,,
HBAN,2024-02-07,morning_star,level_6_halt_dd_-0.544,,,
BAC,2024-02-07,cpr_narrow_bullish,level_6_halt_dd_-0.544,,,
CCEP,2024-02-07,williams_r_oversold,level_6_halt_dd_-0.544,,,
RF,2024-02-07,morning_star,level_6_halt_dd_-0.544,,,
UUUU,2024-02-08,bollinger_tight,level_6_halt_dd_-0.544,,,
CSX,2024-02-08,hull_rsi,level_6_halt_dd_-0.544,,,
PSX,2024-02-08,cpr_narrow_bullish,level_6_halt_dd_-0.544,,,
MORF,2024-02-08,hull_rsi,level_6_halt_dd_-0.544,,,
WMB,2024-02-08,morning_star,level_6_halt_dd_-0.544,,,
CG,2024-02-08,pivot_r1_breakout,level_6_halt_dd_-0.544,,,
VIVO,2024-02-08,hull_rsi,level_6_halt_dd_-0.544,,,
REZI,2024-02-08,cpr_narrow_bullish,level_6_halt_dd_-0.544,,,
COGT,2024-02-08,cpr_narrow_bullish,level_6_halt_dd_-0.544,,,
FOX,2024-02-08,bollinger_lower,level_6_halt_dd_-0.544,,,
NVDA,2024-02-09,pivot_r2_continuation,level_6_halt_dd_-0.544,,,
MORF,2024-02-09,cpr_narrow_bullish,level_6_halt_dd_-0.544,,,
VFS,2024-02-09,bollinger_tight,level_6_halt_dd_-0.544,,,
REZI,2024-02-09,hull_rsi,level_6_halt_dd_-0.544,,,
VIVO,2024-02-09,hull_rsi,level_6_halt_dd_-0.544,,,
JCI,2024-02-09,cpr_narrow_bullish,level_6_halt_dd_-0.544,,,
GNRC,2024-02-09,cpr_narrow_bullish,level_6_halt_dd_-0.544,,,
UUUU,2024-02-09,bollinger_tight,level_6_halt_dd_-0.544,,,
IDYA,2024-02-09,cpr_narrow_bullish,level_6_halt_dd_-0.544,,,
IFF,2024-02-09,ichimoku_cloud_breakout,level_6_halt_dd_-0.544,,,
MORF,2024-02-12,hull_rsi,dedup_one_position_per_ticker_per_day,,,
MORF,2024-02-12,ichimoku_cloud_breakout,dedup_one_position_per_ticker_per_day,,,
MORF,2024-02-12,supertrend_macd,dedup_one_position_per_ticker_per_day,,,
MORF,2024-02-12,cpr_narrow_momentum,dedup_one_position_per_ticker_per_day,,,
MORF,2024-02-12,supertrend_ichimoku_adx,dedup_one_position_per_ticker_per_day,,,
MORF,2024-02-12,break_retest_confluence,dedup_one_position_per_ticker_per_day,,,
MORF,2024-02-12,stochrsi_oversold,dedup_one_position_per_ticker_per_day,,,
MORF,2024-02-12,ultimate_oscillator,dedup_one_position_per_ticker_per_day,,,
MORF,2024-02-12,bollinger_tight,dedup_one_position_per_ticker_per_day,,,
MORF,2024-02-12,williams_stoch_dual,dedup_one_position_per_ticker_per_day,,,
MORF,2024-02-12,stochrsi_overbought_short,dedup_one_position_per_ticker_per_day,,,
CG,2024-02-12,hull_rsi,dedup_one_position_per_ticker_per_day,,,
CG,2024-02-12,supertrend_macd,dedup_one_position_per_ticker_per_day,,,
CG,2024-02-12,cpr_narrow_momentum,dedup_one_position_per_ticker_per_day,,,
CG,2024-02-12,52wh_break_retest,dedup_one_position_per_ticker_per_day,,,
CG,2024-02-12,break_retest_confluence,dedup_one_position_per_ticker_per_day,,,
CG,2024-02-12,stochrsi_oversold,dedup_one_position_per_ticker_per_day,,,
CG,2024-02-12,bollinger_lower,dedup_one_position_per_ticker_per_day,,,
CG,2024-02-12,bollinger_tight,dedup_one_position_per_ticker_per_day,,,
CG,2024-02-12,stochrsi_overbought_short,dedup_one_position_per_ticker_per_day,,,
GNRC,2024-02-12,cpr_narrow_bullish,dedup_one_position_per_ticker_per_day,,,
GNRC,2024-02-12,hull_rsi,dedup_one_position_per_ticker_per_day,,,
GNRC,2024-02-12,supertrend_macd,dedup_one_position_per_ticker_per_day,,,
GNRC,2024-02-12,cpr_narrow_momentum,dedup_one_position_per_ticker_per_day,,,
GNRC,2024-02-12,r1_break_retest,dedup_one_position_per_ticker_per_day,,,
GNRC,2024-02-12,break_retest_confluence,dedup_one_position_per_ticker_per_day,,,
GNRC,2024-02-12,bollinger_lower,dedup_one_position_per_ticker_per_day,,,
GNRC,2024-02-12,bollinger_tight,dedup_one_position_per_ticker_per_day,,,
GNRC,2024-02-12,morning_star,dedup_one_position_per_ticker_per_day,,,
AOS,2024-02-12,(any),ticker_already_open_concurrent_block_bug61,,,
REZI,2024-02-12,hull_rsi,dedup_one_position_per_ticker_per_day,,,
REZI,2024-02-12,golden_cross_9_21,dedup_one_position_per_ticker_per_day,,,
REZI,2024-02-12,tema_dema,dedup_one_position_per_ticker_per_day,,,
REZI,2024-02-12,three_white_soldiers,dedup_one_position_per_ticker_per_day,,,
REZI,2024-02-12,cpr_narrow_momentum,dedup_one_position_per_ticker_per_day,,,
REZI,2024-02-12,bollinger_tight,dedup_one_position_per_ticker_per_day,,,
REZI,2024-02-12,williams_stoch_dual,dedup_one_position_per_ticker_per_day,,,
REZI,2024-02-12,lead_lag_sector_rotation,dedup_one_position_per_ticker_per_day,,,
FLR,2024-02-12,hull_rsi,dedup_one_position_per_ticker_per_day,,,
FLR,2024-02-12,cpr_narrow_momentum,dedup_one_position_per_ticker_per_day,,,
FLR,2024-02-12,r1_break_retest,dedup_one_position_per_ticker_per_day,,,
FLR,2024-02-12,52wh_break_retest,dedup_one_position_per_ticker_per_day,,,
FLR,2024-02-12,break_retest_confluence,dedup_one_position_per_ticker_per_day,,,
FLR,2024-02-12,bollinger_lower,dedup_one_position_per_ticker_per_day,,,
FLR,2024-02-12,bollinger_tight,dedup_one_position_per_ticker_per_day,,,
FLR,2024-02-12,williams_stoch_dual,dedup_one_position_per_ticker_per_day,,,
VIVO,2024-02-12,(any),ticker_already_open_concurrent_block_bug61,,,
IDYA,2024-02-12,macd_fast_crossover,dedup_one_position_per_ticker_per_day,,,
IDYA,2024-02-12,hull_rsi,dedup_one_position_per_ticker_per_day,,,
IDYA,2024-02-12,ichimoku_cloud_breakout,dedup_one_position_per_ticker_per_day,,,
IDYA,2024-02-12,supertrend_ichimoku_adx,dedup_one_position_per_ticker_per_day,,,
IDYA,2024-02-12,52wh_break_retest,dedup_one_position_per_ticker_per_day,,,
IDYA,2024-02-12,bollinger_tight,dedup_one_position_per_ticker_per_day,,,
IDYA,2024-02-12,williams_stoch_dual,dedup_one_position_per_ticker_per_day,,,
BHVN,2024-02-12,macd_crossover,dedup_one_position_per_ticker_per_day,,,
BHVN,2024-02-12,hull_rsi,dedup_one_position_per_ticker_per_day,,,
BHVN,2024-02-12,supertrend_macd,dedup_one_position_per_ticker_per_day,,,
BHVN,2024-02-12,macd_ichimoku,dedup_one_position_per_ticker_per_day,,,
BHVN,2024-02-12,cpr_narrow_momentum,dedup_one_position_per_ticker_per_day,,,
BHVN,2024-02-12,bollinger_tight,dedup_one_position_per_ticker_per_day,,,
BHVN,2024-02-12,lead_lag_sector_rotation,dedup_one_position_per_ticker_per_day,,,
SGH,2024-02-12,macd_crossover,dedup_one_position_per_ticker_per_day,,,
SGH,2024-02-12,hull_rsi,dedup_one_position_per_ticker_per_day,,,
SGH,2024-02-12,golden_cross_50_200,dedup_one_position_per_ticker_per_day,,,
SGH,2024-02-12,supertrend_macd,dedup_one_position_per_ticker_per_day,,,
SGH,2024-02-12,macd_ichimoku,dedup_one_position_per_ticker_per_day,,,
SGH,2024-02-12,cpr_narrow_momentum,dedup_one_position_per_ticker_per_day,,,
AWK,2024-02-13,bollinger_lower,level_6_halt_dd_-0.544,,,
VFS,2024-02-13,bollinger_tight,level_6_halt_dd_-0.544,,,
VIVO,2024-02-13,hull_rsi,level_6_halt_dd_-0.544,,,
UUUU,2024-02-13,bollinger_lower,level_6_halt_dd_-0.544,,,
WMB,2024-02-13,williams_r_oversold,level_6_halt_dd_-0.544,,,
HST,2024-02-13,pivot_r1_breakout,level_6_halt_dd_-0.544,,,
CCEP,2024-02-13,williams_r_oversold,level_6_halt_dd_-0.544,,,
FOX,2024-02-13,bollinger_tight,level_6_halt_dd_-0.544,,,
CSX,2024-02-13,ichimoku_cloud_breakout,level_6_halt_dd_-0.544,,,
MORF,2024-02-13,ichimoku_cloud_breakout,level_6_halt_dd_-0.544,,,
REZI,2024-02-14,pivot_r1_breakout,level_6_halt_dd_-0.544,,,
COGT,2024-02-14,pivot_r1_breakout,level_6_halt_dd_-0.544,,,
NVDA,2024-02-14,cpr_narrow_bullish,level_6_halt_dd_-0.544,,,
CSX,2024-02-14,cpr_narrow_bullish,level_6_halt_dd_-0.544,,,
UUUU,2024-02-14,stochrsi_oversold,level_6_halt_dd_-0.544,,,
FLR,2024-02-14,cpr_narrow_bullish,level_6_halt_dd_-0.544,,,
AOS,2024-02-14,cpr_narrow_bullish,level_6_halt_dd_-0.544,,,
VIVO,2024-02-14,hull_rsi,level_6_halt_dd_-0.544,,,
WMB,2024-02-14,bollinger_lower,level_6_halt_dd_-0.544,,,
IDYA,2024-02-14,pivot_r2_continuation,level_6_halt_dd_-0.544,,,
REZI,2024-02-15,pivot_r1_breakout,level_6_halt_dd_-0.544,,,
VIVO,2024-02-15,hull_rsi,level_6_halt_dd_-0.544,,,
COGT,2024-02-15,cpr_narrow_bullish,level_6_halt_dd_-0.544,,,
CSX,2024-02-15,cpr_narrow_bullish,level_6_halt_dd_-0.544,,,
BAC,2024-02-15,cpr_narrow_bullish,level_6_halt_dd_-0.544,,,
CG,2024-02-15,cpr_narrow_bullish,level_6_halt_dd_-0.544,,,
FLR,2024-02-15,hull_rsi,level_6_halt_dd_-0.544,,,
MORF,2024-02-15,cpr_narrow_bullish,level_6_halt_dd_-0.544,,,
XLE,2024-02-15,cpr_narrow_bullish,level_6_halt_dd_-0.544,,,
JCI,2024-02-15,cpr_narrow_bullish,level_6_halt_dd_-0.544,,,
BHVN,2024-02-16,cpr_narrow_bullish,level_6_halt_dd_-0.544,,,
COGT,2024-02-16,hull_rsi,level_6_halt_dd_-0.544,,,
REZI,2024-02-16,prev_day_high_break,level_6_halt_dd_-0.544,,,
VIVO,2024-02-16,hull_rsi,level_6_halt_dd_-0.544,,,
UUUU,2024-02-16,bollinger_tight,level_6_halt_dd_-0.544,,,
BAC,2024-02-16,cpr_narrow_bullish,level_6_halt_dd_-0.544,,,
IDYA,2024-02-16,macd_fast_crossover,level_6_halt_dd_-0.544,,,
LCID,2024-02-16,cpr_narrow_bullish,level_6_halt_dd_-0.544,,,
FLR,2024-02-16,hull_rsi,level_6_halt_dd_-0.544,,,
HBAN,2024-02-16,macd_crossover,level_6_halt_dd_-0.544,,,
BHVN,2024-02-19,cpr_narrow_bullish,level_6_halt_dd_-0.544,,,
COGT,2024-02-19,hull_rsi,level_6_halt_dd_-0.544,,,
REZI,2024-02-19,prev_day_high_break,level_6_halt_dd_-0.544,,,
VIVO,2024-02-19,hull_rsi,level_6_halt_dd_-0.544,,,
UUUU,2024-02-19,bollinger_tight,level_6_halt_dd_-0.544,,,
BAC,2024-02-19,cpr_narrow_bullish,level_6_halt_dd_-0.544,,,
IDYA,2024-02-19,macd_fast_crossover,level_6_halt_dd_-0.544,,,
LCID,2024-02-19,cpr_narrow_bullish,level_6_halt_dd_-0.544,,,
FLR,2024-02-19,hull_rsi,level_6_halt_dd_-0.544,,,
HBAN,2024-02-19,macd_crossover,level_6_halt_dd_-0.544,,,
VIVO,2024-02-20,hull_rsi,level_6_halt_dd_-0.548,,,
COGT,2024-02-20,hull_rsi,level_6_halt_dd_-0.548,,,
FLR,2024-02-20,williams_r_oversold,level_6_halt_dd_-0.548,,,
UUUU,2024-02-20,bollinger_lower,level_6_halt_dd_-0.548,,,
REZI,2024-02-20,hull_rsi,level_6_halt_dd_-0.548,,,
GNRC,2024-02-20,cpr_narrow_bullish,level_6_halt_dd_-0.548,,,
NVDA,2024-02-20,ichimoku_cloud_breakout,level_6_halt_dd_-0.548,,,
IDYA,2024-02-20,ichimoku_cloud_breakout,level_6_halt_dd_-0.548,,,
CCEP,2024-02-20,cpr_narrow_bullish,level_6_halt_dd_-0.548,,,
HOLX,2024-02-20,cpr_narrow_bullish,level_6_halt_dd_-0.548,,,
IFF,2024-02-21,bollinger_lower,level_6_halt_dd_-0.569,,,
REZI,2024-02-21,prev_day_low_bounce,level_6_halt_dd_-0.569,,,
BDX,2024-02-21,cpr_narrow_bullish,level_6_halt_dd_-0.569,,,
HST,2024-02-21,pivot_r1_breakout,level_6_halt_dd_-0.569,,,
FLR,2024-02-21,bollinger_tight,level_6_halt_dd_-0.569,,,
GNRC,2024-02-21,williams_stoch_dual,level_6_halt_dd_-0.569,,,
VIVO,2024-02-21,hull_rsi,level_6_halt_dd_-0.569,,,
UUUU,2024-02-21,stochrsi_oversold,level_6_halt_dd_-0.569,,,
HOLX,2024-02-21,cpr_narrow_bullish,level_6_halt_dd_-0.569,,,
XLE,2024-02-21,cpr_narrow_bullish,level_6_halt_dd_-0.569,,,
COGT,2024-02-22,pivot_r1_breakout,level_6_halt_dd_-0.569,,,
CSX,2024-02-22,pivot_r2_continuation,level_6_halt_dd_-0.569,,,
HST,2024-02-22,pivot_r1_breakout,level_6_halt_dd_-0.569,,,
NVDA,2024-02-22,pivot_r2_continuation,level_6_halt_dd_-0.569,,,
FLR,2024-02-22,bollinger_tight,level_6_halt_dd_-0.569,,,
BAM,2024-02-22,cpr_narrow_bullish,level_6_halt_dd_-0.569,,,
LCID,2024-02-22,supertrend_macd,level_6_halt_dd_-0.569,,,
VIVO,2024-02-22,hull_rsi,level_6_halt_dd_-0.569,,,
AWK,2024-02-22,supertrend_macd,level_6_halt_dd_-0.569,,,
REZI,2024-02-22,cpr_narrow_bullish,level_6_halt_dd_-0.569,,,
CSX,2024-02-23,pivot_r1_breakout,level_6_halt_dd_-0.578,,,
AWK,2024-02-23,bollinger_lower,level_6_halt_dd_-0.578,,,
NVDA,2024-02-23,prev_day_high_break,level_6_halt_dd_-0.578,,,
COGT,2024-02-23,ichimoku_cloud_breakout,level_6_halt_dd_-0.578,,,
LCID,2024-02-23,bollinger_tight,level_6_halt_dd_-0.578,,,
BDX,2024-02-23,cpr_narrow_bullish,level_6_halt_dd_-0.578,,,
VIVO,2024-02-23,hull_rsi,level_6_halt_dd_-0.578,,,
JCI,2024-02-23,cpr_narrow_bullish,level_6_halt_dd_-0.578,,,
HOLX,2024-02-23,cpr_narrow_bullish,level_6_halt_dd_-0.578,,,
FLR,2024-02-23,stochrsi_oversold,level_6_halt_dd_-0.578,,,
AWK,2024-02-26,bollinger_lower,level_6_halt_dd_-0.583,,,
GNRC,2024-02-26,williams_stoch_dual,level_6_halt_dd_-0.583,,,
VIVO,2024-02-26,hull_rsi,level_6_halt_dd_-0.583,,,
FLR,2024-02-26,bollinger_tight,level_6_halt_dd_-0.583,,,
IFF,2024-02-26,bollinger_tight,level_6_halt_dd_-0.583,,,
FOX,2024-02-26,stochrsi_oversold,level_6_halt_dd_-0.583,,,
NVDA,2024-02-26,hull_rsi,level_6_halt_dd_-0.583,,,
REZI,2024-02-26,cpr_narrow_bullish,level_6_halt_dd_-0.583,,,
CSX,2024-02-26,hull_rsi,level_6_halt_dd_-0.583,,,
AOS,2024-02-26,cpr_narrow_bullish,level_6_halt_dd_-0.583,,,
VIVO,2024-02-27,hull_rsi,level_6_halt_dd_-0.583,,,
AOS,2024-02-27,cpr_narrow_bullish,level_6_halt_dd_-0.583,,,
REZI,2024-02-27,pivot_r2_continuation,level_6_halt_dd_-0.583,,,
IFF,2024-02-27,bollinger_lower,level_6_halt_dd_-0.583,,,
NVDA,2024-02-27,prev_day_low_bounce,level_6_halt_dd_-0.583,,,
RKLB,2024-02-27,cpr_narrow_bullish,level_6_halt_dd_-0.583,,,
HBAN,2024-02-27,cpr_narrow_bullish,level_6_halt_dd_-0.583,,,
JCI,2024-02-27,cpr_narrow_bullish,level_6_halt_dd_-0.583,,,
BAC,2024-02-27,cpr_narrow_bullish,level_6_halt_dd_-0.583,,,
CSX,2024-02-27,hull_rsi,level_6_halt_dd_-0.583,,,
IFF,2024-02-28,bollinger_lower,level_6_halt_dd_-0.583,,,
BDX,2024-02-28,cpr_narrow_bullish,level_6_halt_dd_-0.583,,,
REZI,2024-02-28,cpr_narrow_bullish,level_6_halt_dd_-0.583,,,
JCI,2024-02-28,cpr_narrow_bullish,level_6_halt_dd_-0.583,,,
VIVO,2024-02-28,hull_rsi,level_6_halt_dd_-0.583,,,
PSX,2024-02-28,ichimoku_cloud_breakout,level_6_halt_dd_-0.583,,,
HST,2024-02-28,cpr_narrow_bullish,level_6_halt_dd_-0.583,,,
AOS,2024-02-28,cpr_narrow_bullish,level_6_halt_dd_-0.583,,,
COGT,2024-02-28,ichimoku_cloud_breakout,level_6_halt_dd_-0.583,,,
WMB,2024-02-28,cpr_narrow_bullish,level_6_halt_dd_-0.583,,,
REZI,2024-02-29,cpr_narrow_bullish,level_6_halt_dd_-0.583,,,
VIVO,2024-02-29,hull_rsi,level_6_halt_dd_-0.583,,,
IFF,2024-02-29,camarilla_r3_breakout,level_6_halt_dd_-0.583,,,
HOLX,2024-02-29,cpr_narrow_bullish,level_6_halt_dd_-0.583,,,
NVDA,2024-02-29,cpr_narrow_bullish,level_6_halt_dd_-0.583,,,
HST,2024-02-29,cpr_narrow_bullish,level_6_halt_dd_-0.583,,,
BDX,2024-02-29,bollinger_tight,level_6_halt_dd_-0.583,,,
CSX,2024-02-29,cpr_narrow_bullish,level_6_halt_dd_-0.583,,,
WMB,2024-02-29,pivot_r1_breakout,level_6_halt_dd_-0.583,,,
VFS,2024-02-29,cpr_narrow_bullish,level_6_halt_dd_-0.583,,,
NVDA,2024-03-01,pivot_r2_continuation,level_6_halt_dd_-0.583,,,
REZI,2024-03-01,cpr_narrow_bullish,level_6_halt_dd_-0.583,,,
HST,2024-03-01,cpr_narrow_bullish,level_6_halt_dd_-0.583,,,
JCI,2024-03-01,cpr_narrow_bullish,level_6_halt_dd_-0.583,,,
WMB,2024-03-01,cpr_narrow_bullish,level_6_halt_dd_-0.583,,,
AOS,2024-03-01,cpr_narrow_bullish,level_6_halt_dd_-0.583,,,
XLE,2024-03-01,cpr_narrow_bullish,level_6_halt_dd_-0.583,,,
CSX,2024-03-01,cpr_narrow_bullish,level_6_halt_dd_-0.583,,,
VIVO,2024-03-01,hull_rsi,level_6_halt_dd_-0.583,,,
BDX,2024-03-01,bollinger_tight,level_6_halt_dd_-0.583,,,
BHVN,2024-03-04,pivot_r1_breakout,level_6_halt_dd_-0.583,,,
NVDA,2024-03-04,pivot_r2_continuation,level_6_halt_dd_-0.583,,,
AOS,2024-03-04,cpr_narrow_bullish,level_6_halt_dd_-0.583,,,
VIVO,2024-03-04,hull_rsi,level_6_halt_dd_-0.583,,,
RF,2024-03-04,cpr_narrow_bullish,level_6_halt_dd_-0.583,,,
VET,2024-03-04,cpr_narrow_bullish,level_6_halt_dd_-0.583,,,
BAC,2024-03-04,cpr_narrow_bullish,level_6_halt_dd_-0.583,,,
CSX,2024-03-04,macd_fast_crossover,level_6_halt_dd_-0.583,,,
HBAN,2024-03-04,cpr_narrow_bullish,level_6_halt_dd_-0.583,,,
HST,2024-03-04,hull_rsi,level_6_halt_dd_-0.583,,,
RKLB,2024-03-05,bollinger_tight,level_6_halt_dd_-0.583,,,
BDX,2024-03-05,stochrsi_oversold,level_6_halt_dd_-0.583,,,
NVDA,2024-03-05,cpr_narrow_bullish,level_6_halt_dd_-0.583,,,
XLE,2024-03-05,cpr_narrow_bullish,level_6_halt_dd_-0.583,,,
VIVO,2024-03-05,hull_rsi,level_6_halt_dd_-0.583,,,
VET,2024-03-05,cpr_narrow_bullish,level_6_halt_dd_-0.583,,,
BAM,2024-03-05,macd_crossover,level_6_halt_dd_-0.583,,,
WMB,2024-03-05,cpr_narrow_bullish,level_6_halt_dd_-0.583,,,
BAC,2024-03-05,cpr_narrow_bullish,level_6_halt_dd_-0.583,,,
GNRC,2024-03-05,stochrsi_oversold,level_6_halt_dd_-0.583,,,
CG,2024-03-06,cpr_narrow_bullish,level_6_halt_dd_-0.583,,,
FOX,2024-03-06,bollinger_lower,level_6_halt_dd_-0.583,,,
AOS,2024-03-06,cpr_narrow_bullish,level_6_halt_dd_-0.583,,,
REZI,2024-03-06,cpr_narrow_bullish,level_6_halt_dd_-0.583,,,
JCI,2024-03-06,cpr_narrow_bullish,level_6_halt_dd_-0.583,,,
NVDA,2024-03-06,pivot_r2_continuation,level_6_halt_dd_-0.583,,,
VIVO,2024-03-06,hull_rsi,level_6_halt_dd_-0.583,,,
BAC,2024-03-06,cpr_narrow_bullish,level_6_halt_dd_-0.583,,,
VET,2024-03-06,pivot_r1_breakout,level_6_halt_dd_-0.583,,,
HST,2024-03-06,ichimoku_cloud_breakout,level_6_halt_dd_-0.583,,,
CG,2024-03-07,pivot_r2_continuation,level_6_halt_dd_-0.583,,,
NVDA,2024-03-07,pivot_r2_continuation,level_6_halt_dd_-0.583,,,
JCI,2024-03-07,cpr_narrow_bullish,level_6_halt_dd_-0.583,,,
REZI,2024-03-07,pivot_r2_continuation,level_6_halt_dd_-0.583,,,
BAC,2024-03-07,cpr_narrow_bullish,level_6_halt_dd_-0.583,,,
AOS,2024-03-07,cpr_narrow_bullish,level_6_halt_dd_-0.583,,,
VIVO,2024-03-07,hull_rsi,level_6_halt_dd_-0.583,,,
XLE,2024-03-07,cpr_narrow_bullish,level_6_halt_dd_-0.583,,,
COGT,2024-03-07,ichimoku_cloud_breakout,level_6_halt_dd_-0.583,,,
HOLX,2024-03-07,cpr_narrow_bullish,level_6_halt_dd_-0.583,,,
PSX,2024-03-08,cpr_narrow_bullish,level_6_halt_dd_-0.583,,,
BHVN,2024-03-08,cpr_narrow_bullish,level_6_halt_dd_-0.583,,,
VIVO,2024-03-08,hull_rsi,level_6_halt_dd_-0.583,,,
JCI,2024-03-08,cpr_narrow_bullish,level_6_halt_dd_-0.583,,,
HOLX,2024-03-08,cpr_narrow_bullish,level_6_halt_dd_-0.583,,,
BAC,2024-03-08,cpr_narrow_bullish,level_6_halt_dd_-0.583,,,
COGT,2024-03-08,adx_initiation,level_6_halt_dd_-0.583,,,
XLE,2024-03-08,cpr_narrow_bullish,level_6_halt_dd_-0.583,,,
RF,2024-03-08,cpr_narrow_bullish,level_6_halt_dd_-0.583,,,
CG,2024-03-08,hull_rsi,level_6_halt_dd_-0.583,,,
VIVO,2024-03-11,hull_rsi,level_6_halt_dd_-0.583,,,
IDYA,2024-03-11,ichimoku_cloud_breakout,level_6_halt_dd_-0.583,,,
XLE,2024-03-11,pivot_r2_continuation,level_6_halt_dd_-0.583,,,
BAC,2024-03-11,cpr_narrow_bullish,level_6_halt_dd_-0.583,,,
COGT,2024-03-11,stochrsi_oversold,level_6_halt_dd_-0.583,,,
HST,2024-03-11,cpr_narrow_bullish,level_6_halt_dd_-0.583,,,
AOS,2024-03-11,pivot_s1_bounce,level_6_halt_dd_-0.583,,,
LCID,2024-03-11,cpr_narrow_bullish,level_6_halt_dd_-0.583,,,
PSX,2024-03-11,hull_rsi,level_6_halt_dd_-0.583,,,
WMB,2024-03-11,cpr_narrow_bullish,level_6_halt_dd_-0.583,,,
NVDA,2024-03-12,pivot_r2_continuation,level_6_halt_dd_-0.583,,,
AOS,2024-03-12,cpr_narrow_bullish,level_6_halt_dd_-0.583,,,
JCI,2024-03-12,cpr_narrow_bullish,level_6_halt_dd_-0.583,,,
PSX,2024-03-12,hull_rsi,level_6_halt_dd_-0.583,,,
CG,2024-03-12,cpr_narrow_bullish,level_6_halt_dd_-0.583,,,
VIVO,2024-03-12,hull_rsi,level_6_halt_dd_-0.583,,,
BHVN,2024-03-12,cpr_narrow_bullish,level_6_halt_dd_-0.583,,,
COGT,2024-03-12,stochrsi_oversold,level_6_halt_dd_-0.583,,,
HST,2024-03-12,cpr_narrow_bullish,level_6_halt_dd_-0.583,,,
BAC,2024-03-12,cpr_narrow_bullish,level_6_halt_dd_-0.583,,,
PSX,2024-03-13,pivot_r2_continuation,level_6_halt_dd_-0.583,,,
VFS,2024-03-13,williams_stoch_dual,level_6_halt_dd_-0.583,,,
AOS,2024-03-13,cpr_narrow_bullish,level_6_halt_dd_-0.583,,,
XLE,2024-03-13,pivot_r2_continuation,level_6_halt_dd_-0.583,,,
IFF,2024-03-13,cpr_narrow_bullish,level_6_halt_dd_-0.583,,,
WMB,2024-03-13,cpr_narrow_bullish,level_6_halt_dd_-0.583,,,
VIVO,2024-03-13,hull_rsi,level_6_halt_dd_-0.583,,,
BAC,2024-03-13,cpr_narrow_bullish,level_6_halt_dd_-0.583,,,
LCID,2024-03-13,bollinger_tight,level_6_halt_dd_-0.583,,,
JCI,2024-03-13,cpr_narrow_bullish,level_6_halt_dd_-0.583,,,
JCI,2024-03-14,pivot_r1_breakout,level_6_halt_dd_-0.583,,,
AOS,2024-03-14,cpr_narrow_bullish,level_6_halt_dd_-0.583,,,
PSX,2024-03-14,cpr_narrow_bullish,level_6_halt_dd_-0.583,,,
LCID,2024-03-14,bollinger_lower,level_6_halt_dd_-0.583,,,
XLE,2024-03-14,cpr_narrow_bullish,level_6_halt_dd_-0.583,,,
VIVO,2024-03-14,hull_rsi,level_6_halt_dd_-0.583,,,
CSX,2024-03-14,bollinger_tight,level_6_halt_dd_-0.583,,,
CG,2024-03-14,ichimoku_cloud_breakout,level_6_halt_dd_-0.583,,,
HBAN,2024-03-14,cpr_narrow_bullish,level_6_halt_dd_-0.583,,,
UUUU,2024-03-14,bollinger_tight,level_6_halt_dd_-0.583,,,
PSX,2024-03-15,pivot_r1_breakout,level_6_halt_dd_-0.583,,,
AOS,2024-03-15,pivot_r1_breakout,level_6_halt_dd_-0.583,,,
JCI,2024-03-15,cpr_narrow_bullish,level_6_halt_dd_-0.583,,,
VIVO,2024-03-15,hull_rsi,level_6_halt_dd_-0.583,,,
CSX,2024-03-15,stochrsi_oversold,level_6_halt_dd_-0.583,,,
SGH,2024-03-15,pivot_r1_breakout,level_6_halt_dd_-0.583,,,
AWK,2024-03-15,bollinger_tight,level_6_halt_dd_-0.583,,,
IFF,2024-03-15,cpr_narrow_bullish,level_6_halt_dd_-0.583,,,
CG,2024-03-15,ichimoku_cloud_breakout,level_6_halt_dd_-0.583,,,
RKLB,2024-03-15,bollinger_tight,level_6_halt_dd_-0.583,,,
RKLB,2024-03-18,bollinger_lower,level_6_halt_dd_-0.583,,,
VIVO,2024-03-18,hull_rsi,level_6_halt_dd_-0.583,,,
VET,2024-03-18,cpr_narrow_bullish,level_6_halt_dd_-0.583,,,
WMB,2024-03-18,cpr_narrow_bullish,level_6_halt_dd_-0.583,,,
XLE,2024-03-18,pivot_s1_bounce,level_6_halt_dd_-0.583,,,
MORF,2024-03-18,bollinger_tight,level_6_halt_dd_-0.583,,,
FLR,2024-03-18,cpr_narrow_bullish,level_6_halt_dd_-0.583,,,
PSX,2024-03-18,hull_rsi,level_6_halt_dd_-0.583,,,
IFF,2024-03-18,cpr_narrow_bullish,level_6_halt_dd_-0.583,,,
BAC,2024-03-18,cpr_narrow_bullish,level_6_halt_dd_-0.583,,,
XLE,2024-03-19,pivot_r2_continuation,level_6_halt_dd_-0.583,,,
VIVO,2024-03-19,hull_rsi,level_6_halt_dd_-0.583,,,
VFS,2024-03-19,bollinger_tight,level_6_halt_dd_-0.583,,,
WMB,2024-03-19,pivot_r2_continuation,level_6_halt_dd_-0.583,,,
JCI,2024-03-19,cpr_narrow_bullish,level_6_halt_dd_-0.583,,,
AOS,2024-03-19,cpr_narrow_bullish,level_6_halt_dd_-0.583,,,
PSX,2024-03-19,hull_rsi,level_6_halt_dd_-0.583,,,
BDX,2024-03-19,cpr_narrow_bullish,level_6_halt_dd_-0.583,,,
BAM,2024-03-19,cpr_narrow_bullish,level_6_halt_dd_-0.583,,,
RKLB,2024-03-19,stochrsi_oversold,level_6_halt_dd_-0.583,,,
AOS,2024-03-20,pivot_r2_continuation,level_6_halt_dd_-0.583,,,
PSX,2024-03-20,cpr_narrow_bullish,level_6_halt_dd_-0.583,,,
BHVN,2024-03-20,pivot_r2_continuation,level_6_halt_dd_-0.583,,,
HOLX,2024-03-20,cpr_narrow_bullish,level_6_halt_dd_-0.583,,,
RKLB,2024-03-20,stochrsi_oversold,level_6_halt_dd_-0.583,,,
WMB,2024-03-20,cpr_narrow_bullish,level_6_halt_dd_-0.583,,,
BAC,2024-03-20,cpr_narrow_bullish,level_6_halt_dd_-0.583,,,
JCI,2024-03-20,cpr_narrow_bullish,level_6_halt_dd_-0.583,,,
VIVO,2024-03-20,hull_rsi,level_6_halt_dd_-0.583,,,
XLE,2024-03-20,cpr_narrow_bullish,level_6_halt_dd_-0.583,,,
WMB,2024-03-21,pivot_r1_breakout,level_6_halt_dd_-0.583,,,
XLE,2024-03-21,cpr_narrow_bullish,level_6_halt_dd_-0.583,,,
AOS,2024-03-21,pivot_r2_continuation,level_6_halt_dd_-0.583,,,
JCI,2024-03-21,cpr_narrow_bullish,level_6_halt_dd_-0.583,,,
BAC,2024-03-21,cpr_narrow_bullish,level_6_halt_dd_-0.583,,,
PSX,2024-03-21,cpr_narrow_bullish,level_6_halt_dd_-0.583,,,
SGH,2024-03-21,pivot_r1_breakout,level_6_halt_dd_-0.583,,,
VIVO,2024-03-21,hull_rsi,level_6_halt_dd_-0.583,,,
FOX,2024-03-21,cpr_narrow_bullish,level_6_halt_dd_-0.583,,,
BAM,2024-03-21,cpr_narrow_bullish,level_6_halt_dd_-0.583,,,
IDYA,2024-03-22,bollinger_tight,level_6_halt_dd_-0.583,,,
PSX,2024-03-22,cpr_narrow_bullish,level_6_halt_dd_-0.583,,,
VIVO,2024-03-22,hull_rsi,level_6_halt_dd_-0.583,,,
BDX,2024-03-22,pivot_r1_breakout,level_6_halt_dd_-0.583,,,
XLE,2024-03-22,cpr_narrow_bullish,level_6_halt_dd_-0.583,,,
COGT,2024-03-22,adx_initiation,level_6_halt_dd_-0.583,,,
MORF,2024-03-22,bollinger_tight,level_6_halt_dd_-0.583,,,
AOS,2024-03-22,hull_rsi,level_6_halt_dd_-0.583,,,
WMB,2024-03-22,hull_rsi,level_6_halt_dd_-0.583,,,
NVDA,2024-03-22,pivot_r2_continuation,level_6_halt_dd_-0.583,,,
XLE,2024-03-25,pivot_r2_continuation,level_6_halt_dd_-0.590,,,
VIVO,2024-03-25,hull_rsi,level_6_halt_dd_-0.590,,,
MORF,2024-03-25,stochrsi_oversold,level_6_halt_dd_-0.590,,,
VFS,2024-03-25,cpr_narrow_bullish,level_6_halt_dd_-0.590,,,
NVDA,2024-03-25,cpr_narrow_bullish,level_6_halt_dd_-0.590,,,
WMB,2024-03-25,pivot_s1_bounce,level_6_halt_dd_-0.590,,,
FLR,2024-03-25,hull_rsi,level_6_halt_dd_-0.590,,,
JCI,2024-03-25,ichimoku_cloud_breakout,level_6_halt_dd_-0.590,,,
VET,2024-03-25,cpr_narrow_bullish,level_6_halt_dd_-0.590,,,
SGH,2024-03-25,cpr_narrow_bullish,level_6_halt_dd_-0.590,,,
VIVO,2024-03-26,hull_rsi,level_6_halt_dd_-0.590,,,
SGH,2024-03-26,cpr_narrow_bullish,level_6_halt_dd_-0.590,,,
IDYA,2024-03-26,bollinger_tight,level_6_halt_dd_-0.590,,,
CSX,2024-03-26,bollinger_lower,level_6_halt_dd_-0.590,,,
COGT,2024-03-26,bollinger_lower,level_6_halt_dd_-0.590,,,
JCI,2024-03-26,cpr_narrow_bullish,level_6_halt_dd_-0.590,,,
FOX,2024-03-26,cpr_narrow_bullish,level_6_halt_dd_-0.590,,,
BAC,2024-03-26,hull_rsi,level_6_halt_dd_-0.590,,,
XLE,2024-03-26,ichimoku_cloud_breakout,level_6_halt_dd_-0.590,,,
VFS,2024-03-26,macd_fast_crossover,level_6_halt_dd_-0.590,,,
JCI,2024-03-27,cpr_narrow_bullish,level_6_halt_dd_-0.590,,,
BAC,2024-03-27,pivot_r2_continuation,level_6_halt_dd_-0.590,,,
WMB,2024-03-27,pivot_r2_continuation,level_6_halt_dd_-0.590,,,
HBAN,2024-03-27,cpr_narrow_bullish,level_6_halt_dd_-0.590,,,
XLE,2024-03-27,cpr_narrow_bullish,level_6_halt_dd_-0.590,,,
HOLX,2024-03-27,cpr_narrow_bullish,level_6_halt_dd_-0.590,,,
FLR,2024-03-27,pivot_r2_continuation,level_6_halt_dd_-0.590,,,
AOS,2024-03-27,cpr_narrow_bullish,level_6_halt_dd_-0.590,,,
VIVO,2024-03-27,hull_rsi,level_6_halt_dd_-0.590,,,
RF,2024-03-27,cpr_narrow_bullish,level_6_halt_dd_-0.590,,,
JCI,2024-03-28,pivot_r1_breakout,level_6_halt_dd_-0.590,,,
XLE,2024-03-28,pivot_r2_continuation,level_6_halt_dd_-0.590,,,
WMB,2024-03-28,pivot_r2_continuation,level_6_halt_dd_-0.590,,,
BAC,2024-03-28,cpr_narrow_bullish,level_6_halt_dd_-0.590,,,
PSX,2024-03-28,pivot_r2_continuation,level_6_halt_dd_-0.590,,,
AOS,2024-03-28,pivot_r2_continuation,level_6_halt_dd_-0.590,,,
FLR,2024-03-28,cpr_narrow_bullish,level_6_halt_dd_-0.590,,,
VIVO,2024-03-28,hull_rsi,level_6_halt_dd_-0.590,,,
FOX,2024-03-28,cpr_narrow_bullish,level_6_halt_dd_-0.590,,,
RF,2024-03-28,hull_rsi,level_6_halt_dd_-0.590,,,
JCI,2024-03-29,pivot_r1_breakout,level_6_halt_dd_-0.590,,,
XLE,2024-03-29,pivot_r2_continuation,level_6_halt_dd_-0.590,,,
WMB,2024-03-29,pivot_r2_continuation,level_6_halt_dd_-0.590,,,
BAC,2024-03-29,cpr_narrow_bullish,level_6_halt_dd_-0.590,,,
PSX,2024-03-29,pivot_r2_continuation,level_6_halt_dd_-0.590,,,
AOS,2024-03-29,pivot_r2_continuation,level_6_halt_dd_-0.590,,,
FLR,2024-03-29,cpr_narrow_bullish,level_6_halt_dd_-0.590,,,
VIVO,2024-03-29,hull_rsi,level_6_halt_dd_-0.590,,,
FOX,2024-03-29,cpr_narrow_bullish,level_6_halt_dd_-0.590,,,
RF,2024-03-29,hull_rsi,level_6_halt_dd_-0.590,,,
XLE,2024-04-01,cpr_narrow_bullish,level_6_halt_dd_-0.590,,,
VIVO,2024-04-01,hull_rsi,level_6_halt_dd_-0.590,,,
PSX,2024-04-01,cpr_narrow_bullish,level_6_halt_dd_-0.590,,,
WMB,2024-04-01,cpr_narrow_bullish,level_6_halt_dd_-0.590,,,
REZI,2024-04-01,ichimoku_cloud_breakout,level_6_halt_dd_-0.590,,,
IDYA,2024-04-01,bollinger_tight,level_6_halt_dd_-0.590,,,
VET,2024-04-01,cpr_narrow_bullish,level_6_halt_dd_-0.590,,,
JCI,2024-04-01,cpr_narrow_bullish,level_6_halt_dd_-0.590,,,
IFF,2024-04-01,cpr_narrow_bullish,level_6_halt_dd_-0.590,,,
GNRC,2024-04-01,cpr_narrow_bullish,level_6_halt_dd_-0.590,,,
WMB,2024-04-02,pivot_r2_continuation,level_6_halt_dd_-0.590,,,
RKLB,2024-04-02,bollinger_tight,level_6_halt_dd_-0.590,,,
XLE,2024-04-02,pivot_r2_continuation,level_6_halt_dd_-0.590,,,
PSX,2024-04-02,pivot_r2_continuation,level_6_halt_dd_-0.590,,,
JCI,2024-04-02,cpr_narrow_bullish,level_6_halt_dd_-0.590,,,
BHVN,2024-04-02,ichimoku_cloud_breakout,level_6_halt_dd_-0.590,,,
VIVO,2024-04-02,hull_rsi,level_6_halt_dd_-0.590,,,
IDYA,2024-04-02,bollinger_tight,level_6_halt_dd_-0.590,,,
CSX,2024-04-02,bollinger_tight,level_6_halt_dd_-0.590,,,
GNRC,2024-04-02,cpr_narrow_bullish,level_6_halt_dd_-0.590,,,
VFS,2024-04-03,bollinger_lower,level_6_halt_dd_-0.590,,,
XLE,2024-04-03,cpr_narrow_bullish,level_6_halt_dd_-0.590,,,
HOLX,2024-04-03,cpr_narrow_bullish,level_6_halt_dd_-0.590,,,
VIVO,2024-04-03,hull_rsi,level_6_halt_dd_-0.590,,,
PSX,2024-04-03,hull_rsi,level_6_halt_dd_-0.590,,,
WMB,2024-04-03,hull_rsi,level_6_halt_dd_-0.590,,,
FLR,2024-04-03,pivot_r2_continuation,level_6_halt_dd_-0.590,,,
JCI,2024-04-03,cpr_narrow_bullish,level_6_halt_dd_-0.590,,,
CCEP,2024-04-03,ultimate_oscillator,level_6_halt_dd_-0.590,,,
CSX,2024-04-03,bollinger_tight,level_6_halt_dd_-0.590,,,
GNRC,2024-04-04,pivot_r1_breakout,level_6_halt_dd_-0.590,,,
CCEP,2024-04-04,ultimate_oscillator,level_6_halt_dd_-0.590,,,
XLE,2024-04-04,cpr_narrow_bullish,level_6_halt_dd_-0.590,,,
NVDA,2024-04-04,stochrsi_oversold,level_6_halt_dd_-0.590,,,
CSX,2024-04-04,bollinger_tight,level_6_halt_dd_-0.590,,,
MORF,2024-04-04,bollinger_lower,level_6_halt_dd_-0.590,,,
VFS,2024-04-04,bollinger_lower,level_6_halt_dd_-0.590,,,
VIVO,2024-04-04,hull_rsi,level_6_halt_dd_-0.590,,,
VET,2024-04-04,cpr_narrow_bullish,level_6_halt_dd_-0.590,,,
REZI,2024-04-04,adx_initiation,level_6_halt_dd_-0.590,,,
XLE,2024-04-05,pivot_r2_continuation,level_6_halt_dd_-0.590,,,
LCID,2024-04-05,bollinger_tight,level_6_halt_dd_-0.590,,,
VFS,2024-04-05,bollinger_lower,level_6_halt_dd_-0.590,,,
VIVO,2024-04-05,hull_rsi,level_6_halt_dd_-0.590,,,
GNRC,2024-04-05,cpr_narrow_bullish,level_6_halt_dd_-0.590,,,
VET,2024-04-05,cpr_narrow_bullish,level_6_halt_dd_-0.590,,,
RKLB,2024-04-05,bollinger_tight,level_6_halt_dd_-0.590,,,
WMB,2024-04-05,ichimoku_cloud_breakout,level_6_halt_dd_-0.590,,,
MORF,2024-04-05,bollinger_tight,level_6_halt_dd_-0.590,,,
PSX,2024-04-05,hull_rsi,level_6_halt_dd_-0.590,,,
HBAN,2024-04-08,pivot_r2_continuation,level_6_halt_dd_-0.590,,,
CSX,2024-04-08,bollinger_tight,level_6_halt_dd_-0.590,,,
VIVO,2024-04-08,hull_rsi,level_6_halt_dd_-0.590,,,
GNRC,2024-04-08,cpr_narrow_bullish,level_6_halt_dd_-0.590,,,
BHVN,2024-04-08,bollinger_tight,level_6_halt_dd_-0.590,,,
RKLB,2024-04-08,bollinger_tight,level_6_halt_dd_-0.590,,,
MORF,2024-04-08,bollinger_tight,level_6_halt_dd_-0.590,,,
XLE,2024-04-08,ichimoku_cloud_breakout,level_6_halt_dd_-0.590,,,
CCEP,2024-04-08,ultimate_oscillator,level_6_halt_dd_-0.590,,,
CG,2024-04-08,cpr_narrow_bullish,level_6_halt_dd_-0.590,,,
GNRC,2024-04-09,pivot_r2_continuation,level_6_halt_dd_-0.590,,,
CG,2024-04-09,cpr_narrow_bullish,level_6_halt_dd_-0.590,,,
HBAN,2024-04-09,cpr_narrow_bullish,level_6_halt_dd_-0.590,,,
VFS,2024-04-09,bollinger_lower,level_6_halt_dd_-0.590,,,
VIVO,2024-04-09,hull_rsi,level_6_halt_dd_-0.590,,,
CSX,2024-04-09,bollinger_tight,level_6_halt_dd_-0.590,,,
CCEP,2024-04-09,bollinger_tight,level_6_halt_dd_-0.590,,,
HOLX,2024-04-09,cpr_narrow_bullish,level_6_halt_dd_-0.590,,,
XLE,2024-04-09,ichimoku_cloud_breakout,level_6_halt_dd_-0.590,,,
PSX,2024-04-09,ichimoku_cloud_breakout,level_6_halt_dd_-0.590,,,
SGH,2024-04-10,bollinger_tight,level_6_halt_dd_-0.590,,,
CSX,2024-04-10,bollinger_lower,level_6_halt_dd_-0.590,,,
CCEP,2024-04-10,bollinger_lower,level_6_halt_dd_-0.590,,,
XLE,2024-04-10,cpr_narrow_bullish,level_6_halt_dd_-0.590,,,
BAM,2024-04-10,bollinger_tight,level_6_halt_dd_-0.590,,,
VFS,2024-04-10,bollinger_lower,level_6_halt_dd_-0.590,,,
VIVO,2024-04-10,hull_rsi,level_6_halt_dd_-0.590,,,
BDX,2024-04-10,cpr_narrow_bullish,level_6_halt_dd_-0.590,,,
RKLB,2024-04-10,bollinger_tight,level_6_halt_dd_-0.590,,,
AOS,2024-04-10,ichimoku_cloud_breakout,level_6_halt_dd_-0.590,,,
LCID,2024-04-11,bollinger_lower,level_6_halt_dd_-0.590,,,
SGH,2024-04-11,bollinger_tight,level_6_halt_dd_-0.590,,,
CSX,2024-04-11,bollinger_lower,level_6_halt_dd_-0.590,,,
VIVO,2024-04-11,hull_rsi,level_6_halt_dd_-0.590,,,
XLE,2024-04-11,cpr_narrow_bullish,level_6_halt_dd_-0.590,,,
HBAN,2024-04-11,prev_day_low_bounce,level_6_halt_dd_-0.590,,,
RF,2024-04-11,williams_r_oversold,level_6_halt_dd_-0.590,,,
VET,2024-04-11,ichimoku_cloud_breakout,level_6_halt_dd_-0.590,,,
BAM,2024-04-11,bollinger_tight,level_6_halt_dd_-0.590,,,
IFF,2024-04-11,cpr_narrow_bullish,level_6_halt_dd_-0.590,,,
VFS,2024-04-12,bollinger_lower,level_6_halt_dd_-0.590,,,
SGH,2024-04-12,stochrsi_oversold,level_6_halt_dd_-0.590,,,
CSX,2024-04-12,stochrsi_oversold,level_6_halt_dd_-0.590,,,
AWK,2024-04-12,bollinger_tight,level_6_halt_dd_-0.590,,,
BAM,2024-04-12,bollinger_lower,level_6_halt_dd_-0.590,,,
RF,2024-04-12,williams_r_oversold,level_6_halt_dd_-0.590,,,
REZI,2024-04-12,bollinger_lower,level_6_halt_dd_-0.590,,,
MORF,2024-04-12,bollinger_tight,level_6_halt_dd_-0.590,,,
VIVO,2024-04-12,hull_rsi,level_6_halt_dd_-0.590,,,
BDX,2024-04-12,bollinger_tight,level_6_halt_dd_-0.590,,,
VFS,2024-04-15,bollinger_tight,dedup_one_position_per_ticker_per_day,,,
VFS,2024-04-15,pivot_r1_breakout,dedup_one_position_per_ticker_per_day,,,
VFS,2024-04-15,pivot_r2_continuation,dedup_one_position_per_ticker_per_day,,,
VFS,2024-04-15,camarilla_r3_breakout,dedup_one_position_per_ticker_per_day,,,
VFS,2024-04-15,prev_day_high_break,dedup_one_position_per_ticker_per_day,,,
VFS,2024-04-15,hull_rsi,dedup_one_position_per_ticker_per_day,,,
VFS,2024-04-15,ichimoku_cloud_breakout,dedup_one_position_per_ticker_per_day,,,
VFS,2024-04-15,adx_initiation,dedup_one_position_per_ticker_per_day,,,
VFS,2024-04-15,hull_rsi_short,dedup_one_position_per_ticker_per_day,,,
VFS,2024-04-15,prev_day_low_breakdown,dedup_one_position_per_ticker_per_day,,,
VFS,2024-04-15,dc20_break_retest,dedup_one_position_per_ticker_per_day,,,
VFS,2024-04-15,r1_break_retest,dedup_one_position_per_ticker_per_day,,,
VFS,2024-04-15,break_retest_volume,dedup_one_position_per_ticker_per_day,,,
VFS,2024-04-15,break_retest_confluence,dedup_one_position_per_ticker_per_day,,,
VFS,2024-04-15,lead_lag_sector_rotation,dedup_one_position_per_ticker_per_day,,,
BHVN,2024-04-15,bollinger_tight,dedup_one_position_per_ticker_per_day,,,
BHVN,2024-04-15,rsi_volume_200ema,dedup_one_position_per_ticker_per_day,,,
BHVN,2024-04-15,pivot_r1_breakout,dedup_one_position_per_ticker_per_day,,,
BHVN,2024-04-15,cpr_narrow_bullish,dedup_one_position_per_ticker_per_day,,,
BHVN,2024-04-15,camarilla_r3_breakout,dedup_one_position_per_ticker_per_day,,,
BHVN,2024-04-15,prev_day_high_break,dedup_one_position_per_ticker_per_day,,,
BHVN,2024-04-15,macd_fast_crossover,dedup_one_position_per_ticker_per_day,,,
BHVN,2024-04-15,hull_rsi,dedup_one_position_per_ticker_per_day,,,
BHVN,2024-04-15,supertrend_macd,dedup_one_position_per_ticker_per_day,,,
BHVN,2024-04-15,cpr_narrow_momentum,dedup_one_position_per_ticker_per_day,,,
BHVN,2024-04-15,supertrend_macd_short,dedup_one_position_per_ticker_per_day,,,
BHVN,2024-04-15,hull_rsi_short,dedup_one_position_per_ticker_per_day,,,
BHVN,2024-04-15,prev_day_low_breakdown,dedup_one_position_per_ticker_per_day,,,
BHVN,2024-04-15,cpr_narrow_momentum_short,dedup_one_position_per_ticker_per_day,,,
BHVN,2024-04-15,lead_lag_sector_rotation,dedup_one_position_per_ticker_per_day,,,
RKLB,2024-04-15,bollinger_tight,dedup_one_position_per_ticker_per_day,,,
RKLB,2024-04-15,pivot_r1_breakout,dedup_one_position_per_ticker_per_day,,,
RKLB,2024-04-15,cpr_narrow_bullish,dedup_one_position_per_ticker_per_day,,,
RKLB,2024-04-15,prev_day_high_break,dedup_one_position_per_ticker_per_day,,,
RKLB,2024-04-15,macd_fast_crossover,dedup_one_position_per_ticker_per_day,,,
RKLB,2024-04-15,hull_rsi,dedup_one_position_per_ticker_per_day,,,
RKLB,2024-04-15,cpr_narrow_momentum,dedup_one_position_per_ticker_per_day,,,
RKLB,2024-04-15,hull_rsi_short,dedup_one_position_per_ticker_per_day,,,
RKLB,2024-04-15,prev_day_low_breakdown,dedup_one_position_per_ticker_per_day,,,
RKLB,2024-04-15,cpr_narrow_momentum_short,dedup_one_position_per_ticker_per_day,,,
RKLB,2024-04-15,r1_break_retest,dedup_one_position_per_ticker_per_day,,,
RKLB,2024-04-15,break_retest_confluence,dedup_one_position_per_ticker_per_day,,,
RKLB,2024-04-15,lead_lag_sector_rotation,dedup_one_position_per_ticker_per_day,,,
SGH,2024-04-15,morning_star,dedup_one_position_per_ticker_per_day,,,
SGH,2024-04-15,cpr_narrow_bullish,dedup_one_position_per_ticker_per_day,,,
SGH,2024-04-15,hull_rsi,dedup_one_position_per_ticker_per_day,,,
SGH,2024-04-15,ichimoku_cloud_breakout,dedup_one_position_per_ticker_per_day,,,
SGH,2024-04-15,adx_initiation,dedup_one_position_per_ticker_per_day,,,
SGH,2024-04-15,supertrend_macd,dedup_one_position_per_ticker_per_day,,,
SGH,2024-04-15,cpr_narrow_momentum,dedup_one_position_per_ticker_per_day,,,
SGH,2024-04-15,supertrend_macd_short,dedup_one_position_per_ticker_per_day,,,
SGH,2024-04-15,hull_rsi_short,dedup_one_position_per_ticker_per_day,,,
SGH,2024-04-15,cpr_narrow_momentum_short,dedup_one_position_per_ticker_per_day,,,
SGH,2024-04-15,r1_break_retest,dedup_one_position_per_ticker_per_day,,,
SGH,2024-04-15,break_retest_confluence,dedup_one_position_per_ticker_per_day,,,
REZI,2024-04-15,(any),stopout_cooldown_active_5d_dec018,,,
UUUU,2024-04-15,macd_crossover,dedup_one_position_per_ticker_per_day,,,
UUUU,2024-04-15,hull_rsi,dedup_one_position_per_ticker_per_day,,,
UUUU,2024-04-15,awesome_oscillator,dedup_one_position_per_ticker_per_day,,,
UUUU,2024-04-15,golden_cross_9_21,dedup_one_position_per_ticker_per_day,,,
UUUU,2024-04-15,force_index_breakout,dedup_one_position_per_ticker_per_day,,,
UUUU,2024-04-15,macd_ichimoku,dedup_one_position_per_ticker_per_day,,,
UUUU,2024-04-15,cpr_narrow_momentum,dedup_one_position_per_ticker_per_day,,,
UUUU,2024-04-15,macd_crossover_short,dedup_one_position_per_ticker_per_day,,,
UUUU,2024-04-15,hull_rsi_short,dedup_one_position_per_ticker_per_day,,,
UUUU,2024-04-15,cpr_narrow_momentum_short,dedup_one_position_per_ticker_per_day,,,
BAM,2024-04-15,bollinger_tight,dedup_one_position_per_ticker_per_day,,,
BAM,2024-04-15,cpr_narrow_bullish,dedup_one_position_per_ticker_per_day,,,
BAM,2024-04-15,hull_rsi,dedup_one_position_per_ticker_per_day,,,
BAM,2024-04-15,cpr_narrow_momentum,dedup_one_position_per_ticker_per_day,,,
BAM,2024-04-15,hull_rsi_short,dedup_one_position_per_ticker_per_day,,,
BAM,2024-04-15,cpr_narrow_momentum_short,dedup_one_position_per_ticker_per_day,,,
BAM,2024-04-15,r1_break_retest,dedup_one_position_per_ticker_per_day,,,
BAM,2024-04-15,break_retest_confluence,dedup_one_position_per_ticker_per_day,,,
BAM,2024-04-15,lead_lag_sector_rotation,dedup_one_position_per_ticker_per_day,,,
CSX,2024-04-15,(any),ticker_already_open_concurrent_block_bug61,,,
LCID,2024-04-15,bollinger_tight,dedup_one_position_per_ticker_per_day,,,
LCID,2024-04-15,williams_stoch_dual,dedup_one_position_per_ticker_per_day,,,
LCID,2024-04-15,cpr_narrow_bullish,dedup_one_position_per_ticker_per_day,,,
LCID,2024-04-15,hull_rsi,dedup_one_position_per_ticker_per_day,,,
LCID,2024-04-15,cpr_narrow_momentum,dedup_one_position_per_ticker_per_day,,,
LCID,2024-04-15,hull_rsi_short,dedup_one_position_per_ticker_per_day,,,
LCID,2024-04-15,cpr_narrow_momentum_short,dedup_one_position_per_ticker_per_day,,,
LCID,2024-04-15,break_retest_confluence,dedup_one_position_per_ticker_per_day,,,
LCID,2024-04-15,lead_lag_sector_rotation,dedup_one_position_per_ticker_per_day,,,
VIVO,2024-04-15,(any),ticker_already_open_concurrent_block_bug61,,,
AWK,2024-04-16,bollinger_lower,level_6_halt_dd_-0.570,,,
BAC,2024-04-16,bollinger_lower,level_6_halt_dd_-0.570,,,
BAM,2024-04-16,williams_r_oversold,level_6_halt_dd_-0.570,,,
REZI,2024-04-16,bollinger_lower,level_6_halt_dd_-0.570,,,
CSX,2024-04-16,bollinger_lower,level_6_halt_dd_-0.570,,,
VFS,2024-04-16,bollinger_lower,level_6_halt_dd_-0.570,,,
RF,2024-04-16,williams_r_oversold,level_6_halt_dd_-0.570,,,
HST,2024-04-16,bollinger_lower,level_6_halt_dd_-0.570,,,
BHVN,2024-04-16,bollinger_lower,level_6_halt_dd_-0.570,,,
VIVO,2024-04-16,hull_rsi,level_6_halt_dd_-0.570,,,
VFS,2024-04-17,bollinger_tight,level_6_halt_dd_-0.569,,,
REZI,2024-04-17,bollinger_lower,level_6_halt_dd_-0.569,,,
SGH,2024-04-17,bollinger_tight,level_6_halt_dd_-0.569,,,
CSX,2024-04-17,bollinger_tight,level_6_halt_dd_-0.569,,,
CG,2024-04-17,williams_r_oversold,level_6_halt_dd_-0.569,,,
FLR,2024-04-17,williams_r_oversold,level_6_halt_dd_-0.569,,,
HST,2024-04-17,bollinger_lower,level_6_halt_dd_-0.569,,,
IDYA,2024-04-17,bollinger_lower,level_6_halt_dd_-0.569,,,
VIVO,2024-04-17,hull_rsi,level_6_halt_dd_-0.569,,,
BDX,2024-04-17,bollinger_lower,level_6_halt_dd_-0.569,,,
BHVN,2024-04-18,stochrsi_oversold,level_6_halt_dd_-0.569,,,
REZI,2024-04-18,ultimate_oscillator,level_6_halt_dd_-0.569,,,
SGH,2024-04-18,bollinger_tight,level_6_halt_dd_-0.569,,,
FLR,2024-04-18,williams_r_oversold,level_6_halt_dd_-0.569,,,
VFS,2024-04-18,bollinger_tight,level_6_halt_dd_-0.569,,,
HST,2024-04-18,ultimate_oscillator,level_6_halt_dd_-0.569,,,
IDYA,2024-04-18,bollinger_lower,level_6_halt_dd_-0.569,,,
BAM,2024-04-18,williams_r_oversold,level_6_halt_dd_-0.569,,,
VIVO,2024-04-18,hull_rsi,level_6_halt_dd_-0.569,,,
MORF,2024-04-18,bollinger_tight,level_6_halt_dd_-0.569,,,
VFS,2024-04-19,bollinger_tight,level_6_halt_dd_-0.587,,,
BHVN,2024-04-19,bollinger_lower,level_6_halt_dd_-0.587,,,
REZI,2024-04-19,stochrsi_oversold,level_6_halt_dd_-0.587,,,
NVDA,2024-04-19,bollinger_lower,level_6_halt_dd_-0.587,,,
SGH,2024-04-19,bollinger_tight,level_6_halt_dd_-0.587,,,
CSX,2024-04-19,stochrsi_oversold,level_6_halt_dd_-0.587,,,
JCI,2024-04-19,williams_r_oversold,level_6_halt_dd_-0.587,,,
VIVO,2024-04-19,hull_rsi,level_6_halt_dd_-0.587,,,
RF,2024-04-19,stochrsi_oversold,level_6_halt_dd_-0.587,,,
FLR,2024-04-19,stochrsi_oversold,level_6_halt_dd_-0.587,,,
UUUU,2024-04-22,bollinger_lower,level_6_halt_dd_-0.587,,,
VFS,2024-04-22,bollinger_tight,level_6_halt_dd_-0.587,,,
REZI,2024-04-22,stochrsi_oversold,level_6_halt_dd_-0.587,,,
BHVN,2024-04-22,stochrsi_oversold,level_6_halt_dd_-0.587,,,
VIVO,2024-04-22,hull_rsi,level_6_halt_dd_-0.587,,,
SGH,2024-04-22,stochrsi_oversold,level_6_halt_dd_-0.587,,,
COGT,2024-04-22,cpr_narrow_bullish,level_6_halt_dd_-0.587,,,
FOX,2024-04-22,cpr_narrow_bullish,level_6_halt_dd_-0.587,,,
IDYA,2024-04-22,bollinger_lower,level_6_halt_dd_-0.587,,,
AWK,2024-04-22,cpr_narrow_bullish,level_6_halt_dd_-0.587,,,
FOX,2024-04-23,cpr_narrow_bullish,level_6_halt_dd_-0.587,,,
VIVO,2024-04-23,hull_rsi,level_6_halt_dd_-0.587,,,
BAC,2024-04-23,cpr_narrow_bullish,level_6_halt_dd_-0.587,,,
SGH,2024-04-23,pivot_r2_continuation,level_6_halt_dd_-0.587,,,
UUUU,2024-04-23,bollinger_lower,level_6_halt_dd_-0.587,,,
CCEP,2024-04-23,cpr_narrow_bullish,level_6_halt_dd_-0.587,,,
REZI,2024-04-23,pivot_r2_continuation,level_6_halt_dd_-0.587,,,
CSX,2024-04-23,macd_fast_crossover,level_6_halt_dd_-0.587,,,
VFS,2024-04-23,stochrsi_oversold,level_6_halt_dd_-0.587,,,
CG,2024-04-23,cpr_narrow_bullish,level_6_halt_dd_-0.587,,,
CSX,2024-04-24,bollinger_tight,level_6_halt_dd_-0.587,,,
FOX,2024-04-24,cpr_narrow_bullish,level_6_halt_dd_-0.587,,,
VIVO,2024-04-24,hull_rsi,level_6_halt_dd_-0.587,,,
NVDA,2024-04-24,bollinger_tight,level_6_halt_dd_-0.587,,,
HBAN,2024-04-24,cpr_narrow_bullish,level_6_halt_dd_-0.587,,,
SGH,2024-04-24,stochrsi_oversold,level_6_halt_dd_-0.587,,,
BHVN,2024-04-24,bollinger_tight,level_6_halt_dd_-0.587,,,
IDYA,2024-04-24,camarilla_r3_breakout,level_6_halt_dd_-0.587,,,
BAM,2024-04-24,cpr_narrow_bullish,level_6_halt_dd_-0.587,,,
MORF,2024-04-24,cpr_narrow_bullish,level_6_halt_dd_-0.587,,,
AOS,2024-04-25,bollinger_lower,level_6_halt_dd_-0.571,,,
CCEP,2024-04-25,pivot_r1_breakout,level_6_halt_dd_-0.571,,,
COGT,2024-04-25,bollinger_lower,level_6_halt_dd_-0.571,,,
VIVO,2024-04-25,hull_rsi,level_6_halt_dd_-0.571,,,
BDX,2024-04-25,bollinger_tight,level_6_halt_dd_-0.571,,,
GNRC,2024-04-25,cpr_narrow_bullish,level_6_halt_dd_-0.571,,,
FOX,2024-04-25,cpr_narrow_bullish,level_6_halt_dd_-0.571,,,
MORF,2024-04-25,macd_crossover,level_6_halt_dd_-0.571,,,
BHVN,2024-04-25,cpr_narrow_bullish,level_6_halt_dd_-0.571,,,
IDYA,2024-04-25,cpr_narrow_bullish,level_6_halt_dd_-0.571,,,
PSX,2024-04-26,bollinger_tight,level_6_halt_dd_-0.571,,,
COGT,2024-04-26,stochrsi_oversold,level_6_halt_dd_-0.571,,,
VIVO,2024-04-26,hull_rsi,level_6_halt_dd_-0.571,,,
GNRC,2024-04-26,cpr_narrow_bullish,level_6_halt_dd_-0.571,,,
CCEP,2024-04-26,cpr_narrow_bullish,level_6_halt_dd_-0.571,,,
WMB,2024-04-26,cpr_narrow_bullish,level_6_halt_dd_-0.571,,,
BAC,2024-04-26,cpr_narrow_bullish,level_6_halt_dd_-0.571,,,
JCI,2024-04-26,cpr_narrow_bullish,level_6_halt_dd_-0.571,,,
BHVN,2024-04-26,stochrsi_oversold,level_6_halt_dd_-0.571,,,
AOS,2024-04-26,bollinger_lower,level_6_halt_dd_-0.571,,,
PSX,2024-04-29,stochrsi_oversold,level_6_halt_dd_-0.571,,,
VIVO,2024-04-29,hull_rsi,level_6_halt_dd_-0.571,,,
CG,2024-04-29,cpr_narrow_bullish,level_6_halt_dd_-0.571,,,
CCEP,2024-04-29,cpr_narrow_bullish,level_6_halt_dd_-0.571,,,
FOX,2024-04-29,ichimoku_cloud_breakout,level_6_halt_dd_-0.571,,,
GNRC,2024-04-29,hull_rsi,level_6_halt_dd_-0.571,,,
HOLX,2024-04-29,cpr_narrow_bullish,level_6_halt_dd_-0.571,,,
AOS,2024-04-29,bollinger_tight,level_6_halt_dd_-0.571,,,
BHVN,2024-04-29,macd_fast_crossover,level_6_halt_dd_-0.571,,,
CSX,2024-04-29,macd_fast_crossover,level_6_halt_dd_-0.571,,,
BAM,2024-04-30,pivot_r1_breakout,level_6_halt_dd_-0.571,,,
PSX,2024-04-30,bollinger_tight,level_6_halt_dd_-0.571,,,
CSX,2024-04-30,bollinger_tight,level_6_halt_dd_-0.571,,,
VET,2024-04-30,bollinger_tight,level_6_halt_dd_-0.571,,,
CCEP,2024-04-30,cpr_narrow_bullish,level_6_halt_dd_-0.571,,,
BHVN,2024-04-30,stochrsi_oversold,level_6_halt_dd_-0.571,,,
VIVO,2024-04-30,hull_rsi,level_6_halt_dd_-0.571,,,
WMB,2024-04-30,cpr_narrow_bullish,level_6_halt_dd_-0.571,,,
NVDA,2024-04-30,macd_crossover,level_6_halt_dd_-0.571,,,
XLE,2024-04-30,williams_r_oversold,level_6_halt_dd_-0.571,,,
JCI,2024-05-01,bollinger_tight,level_6_halt_dd_-0.574,,,
GNRC,2024-05-01,ichimoku_cloud_breakout,level_6_halt_dd_-0.574,,,
CG,2024-05-01,bollinger_lower,level_6_halt_dd_-0.574,,,
VIVO,2024-05-01,hull_rsi,level_6_halt_dd_-0.574,,,
AOS,2024-05-01,bollinger_lower,level_6_halt_dd_-0.574,,,
AWK,2024-05-01,pivot_r1_breakout,level_6_halt_dd_-0.574,,,
CSX,2024-05-01,bollinger_tight,level_6_halt_dd_-0.574,,,
COGT,2024-05-01,pivot_r1_breakout,level_6_halt_dd_-0.574,,,
IDYA,2024-05-01,cpr_narrow_bullish,level_6_halt_dd_-0.574,,,
PSX,2024-05-01,bollinger_tight,level_6_halt_dd_-0.574,,,
FOX,2024-05-02,cpr_narrow_bullish,level_6_halt_dd_-0.574,,,
BDX,2024-05-02,pivot_r1_breakout,level_6_halt_dd_-0.574,,,
CG,2024-05-02,bollinger_lower,level_6_halt_dd_-0.574,,,
AWK,2024-05-02,cpr_narrow_bullish,level_6_halt_dd_-0.574,,,
VIVO,2024-05-02,hull_rsi,level_6_halt_dd_-0.574,,,
JCI,2024-05-02,bollinger_tight,level_6_halt_dd_-0.574,,,
HST,2024-05-02,morning_star,level_6_halt_dd_-0.574,,,
IFF,2024-05-02,pivot_r1_breakout,level_6_halt_dd_-0.574,,,
COGT,2024-05-02,cpr_narrow_bullish,level_6_halt_dd_-0.574,,,
GNRC,2024-05-02,ichimoku_cloud_breakout,level_6_halt_dd_-0.574,,,
FLR,2024-05-03,cmf_flip,level_6_halt_dd_-0.574,,,
VIVO,2024-05-03,hull_rsi,level_6_halt_dd_-0.574,,,
FOX,2024-05-03,macd_fast_crossover,level_6_halt_dd_-0.574,,,
MORF,2024-05-03,cpr_narrow_bullish,level_6_halt_dd_-0.574,,,
XLE,2024-05-03,bollinger_tight,level_6_halt_dd_-0.574,,,
JCI,2024-05-03,pivot_r2_continuation,level_6_halt_dd_-0.574,,,
CG,2024-05-03,bollinger_tight,level_6_halt_dd_-0.574,,,
AWK,2024-05-03,hull_rsi,level_6_halt_dd_-0.574,,,
CCEP,2024-05-03,cpr_narrow_bullish,level_6_halt_dd_-0.574,,,
HOLX,2024-05-03,cpr_narrow_bullish,level_6_halt_dd_-0.574,,,
LCID,2024-05-06,pivot_r1_breakout,level_6_halt_dd_-0.574,,,
IFF,2024-05-06,pivot_r1_breakout,level_6_halt_dd_-0.574,,,
VIVO,2024-05-06,hull_rsi,level_6_halt_dd_-0.574,,,
AWK,2024-05-06,cpr_narrow_bullish,level_6_halt_dd_-0.574,,,
RKLB,2024-05-06,cpr_narrow_bullish,level_6_halt_dd_-0.574,,,
FOX,2024-05-06,cpr_narrow_bullish,level_6_halt_dd_-0.574,,,
MORF,2024-05-06,cpr_narrow_bullish,level_6_halt_dd_-0.574,,,
NVDA,2024-05-06,cpr_narrow_bullish,level_6_halt_dd_-0.574,,,
HBAN,2024-05-06,cpr_narrow_bullish,level_6_halt_dd_-0.574,,,
COGT,2024-05-06,cpr_narrow_bullish,level_6_halt_dd_-0.574,,,
AWK,2024-05-07,cpr_narrow_bullish,level_6_halt_dd_-0.560,,,
CCEP,2024-05-07,pivot_r2_continuation,level_6_halt_dd_-0.560,,,
IFF,2024-05-07,pivot_r1_breakout,level_6_halt_dd_-0.560,,,
VIVO,2024-05-07,hull_rsi,level_6_halt_dd_-0.560,,,
FLR,2024-05-07,williams_r_oversold,level_6_halt_dd_-0.560,,,
BAC,2024-05-07,cpr_narrow_bullish,level_6_halt_dd_-0.560,,,
COGT,2024-05-07,cpr_narrow_bullish,level_6_halt_dd_-0.560,,,
RKLB,2024-05-07,pivot_fib_confluence,level_6_halt_dd_-0.560,,,
FOX,2024-05-07,hull_rsi,level_6_halt_dd_-0.560,,,
UUUU,2024-05-07,cpr_narrow_bullish,level_6_halt_dd_-0.560,,,
AWK,2024-05-08,cpr_narrow_bullish,level_6_halt_dd_-0.560,,,
FOX,2024-05-08,pivot_r1_breakout,level_6_halt_dd_-0.560,,,
IFF,2024-05-08,pivot_r1_breakout,level_6_halt_dd_-0.560,,,
CCEP,2024-05-08,cpr_narrow_bullish,level_6_halt_dd_-0.560,,,
VIVO,2024-05-08,hull_rsi,level_6_halt_dd_-0.560,,,
RKLB,2024-05-08,cpr_narrow_bullish,level_6_halt_dd_-0.560,,,
REZI,2024-05-08,cpr_narrow_bullish,level_6_halt_dd_-0.560,,,
HOLX,2024-05-08,cpr_narrow_bullish,level_6_halt_dd_-0.560,,,
FLR,2024-05-08,williams_r_oversold,level_6_halt_dd_-0.560,,,
HST,2024-05-08,bollinger_tight,level_6_halt_dd_-0.560,,,
AWK,2024-05-09,cpr_narrow_bullish,level_6_halt_dd_-0.560,,,
JCI,2024-05-09,cpr_narrow_bullish,level_6_halt_dd_-0.560,,,
CCEP,2024-05-09,cpr_narrow_bullish,level_6_halt_dd_-0.560,,,
WMB,2024-05-09,cpr_narrow_bullish,level_6_halt_dd_-0.560,,,
VIVO,2024-05-09,hull_rsi,level_6_halt_dd_-0.560,,,
IFF,2024-05-09,hull_rsi,level_6_halt_dd_-0.560,,,
RKLB,2024-05-09,cpr_narrow_bullish,level_6_halt_dd_-0.560,,,
FOX,2024-05-09,hull_rsi,level_6_halt_dd_-0.560,,,
HBAN,2024-05-09,cpr_narrow_bullish,level_6_halt_dd_-0.560,,,
CSX,2024-05-09,hull_rsi,level_6_halt_dd_-0.560,,,
IFF,2024-05-10,cpr_narrow_bullish,level_6_halt_dd_-0.560,,,
BHVN,2024-05-10,supertrend_macd,level_6_halt_dd_-0.560,,,
AWK,2024-05-10,cpr_narrow_bullish,level_6_halt_dd_-0.560,,,
VIVO,2024-05-10,hull_rsi,level_6_halt_dd_-0.560,,,
FOX,2024-05-10,hull_rsi,level_6_halt_dd_-0.560,,,
AOS,2024-05-10,cpr_narrow_bullish,level_6_halt_dd_-0.560,,,
HOLX,2024-05-10,bollinger_tight,level_6_halt_dd_-0.560,,,
CCEP,2024-05-10,hull_rsi,level_6_halt_dd_-0.560,,,
REZI,2024-05-10,cpr_narrow_bullish,level_6_halt_dd_-0.560,,,
HBAN,2024-05-10,cpr_narrow_bullish,level_6_halt_dd_-0.560,,,
CCEP,2024-05-13,pivot_r2_continuation,level_6_halt_dd_-0.560,,,
BHVN,2024-05-13,bollinger_lower,level_6_halt_dd_-0.560,,,
VFS,2024-05-13,pivot_r1_breakout,level_6_halt_dd_-0.560,,,
REZI,2024-05-13,cpr_narrow_bullish,level_6_halt_dd_-0.560,,,
VIVO,2024-05-13,hull_rsi,level_6_halt_dd_-0.560,,,
LCID,2024-05-13,pivot_r1_breakout,level_6_halt_dd_-0.560,,,
WMB,2024-05-13,cpr_narrow_bullish,level_6_halt_dd_-0.560,,,
JCI,2024-05-13,cpr_narrow_bullish,level_6_halt_dd_-0.560,,,
IFF,2024-05-13,hull_rsi,level_6_halt_dd_-0.560,,,
SGH,2024-05-13,hull_rsi,level_6_halt_dd_-0.560,,,
JCI,2024-05-14,pivot_r2_continuation,level_6_halt_dd_-0.560,,,
CCEP,2024-05-14,cpr_narrow_bullish,level_6_halt_dd_-0.560,,,
VFS,2024-05-14,cpr_narrow_bullish,level_6_halt_dd_-0.560,,,
WMB,2024-05-14,cpr_narrow_bullish,level_6_halt_dd_-0.560,,,
LCID,2024-05-14,pivot_r1_breakout,level_6_halt_dd_-0.560,,,
VIVO,2024-05-14,hull_rsi,level_6_halt_dd_-0.560,,,
GNRC,2024-05-14,cpr_narrow_bullish,level_6_halt_dd_-0.560,,,
REZI,2024-05-14,cpr_narrow_bullish,level_6_halt_dd_-0.560,,,
RKLB,2024-05-14,pivot_r1_breakout,level_6_halt_dd_-0.560,,,
IFF,2024-05-14,ichimoku_cloud_breakout,level_6_halt_dd_-0.560,,,
JCI,2024-05-15,pivot_r2_continuation,level_6_halt_dd_-0.560,,,
HBAN,2024-05-15,cpr_narrow_bullish,level_6_halt_dd_-0.560,,,
CCEP,2024-05-15,cpr_narrow_bullish,level_6_halt_dd_-0.560,,,
WMB,2024-05-15,cpr_narrow_bullish,level_6_halt_dd_-0.560,,,
BAC,2024-05-15,cpr_narrow_bullish,level_6_halt_dd_-0.560,,,
REZI,2024-05-15,cpr_narrow_bullish,level_6_halt_dd_-0.560,,,
VIVO,2024-05-15,hull_rsi,level_6_halt_dd_-0.560,,,
GNRC,2024-05-15,cpr_narrow_bullish,level_6_halt_dd_-0.560,,,
SGH,2024-05-15,cpr_narrow_bullish,level_6_halt_dd_-0.560,,,
HOLX,2024-05-15,bollinger_tight,level_6_halt_dd_-0.560,,,
WMB,2024-05-16,pivot_r2_continuation,level_6_halt_dd_-0.560,,,
MORF,2024-05-16,pivot_r1_breakout,level_6_halt_dd_-0.560,,,
BAC,2024-05-16,cpr_narrow_bullish,level_6_halt_dd_-0.560,,,
JCI,2024-05-16,cpr_narrow_bullish,level_6_halt_dd_-0.560,,,
VIVO,2024-05-16,hull_rsi,level_6_halt_dd_-0.560,,,
VFS,2024-05-16,pivot_r1_breakout,level_6_halt_dd_-0.560,,,
IFF,2024-05-16,cpr_narrow_bullish,level_6_halt_dd_-0.560,,,
AWK,2024-05-16,cpr_narrow_bullish,level_6_halt_dd_-0.560,,,
FLR,2024-05-16,williams_r_oversold,level_6_halt_dd_-0.560,,,
CCEP,2024-05-16,ichimoku_cloud_breakout,level_6_halt_dd_-0.560,,,
WMB,2024-05-17,cpr_narrow_bullish,level_6_halt_dd_-0.560,,,
IFF,2024-05-17,pivot_r2_continuation,level_6_halt_dd_-0.560,,,
VIVO,2024-05-17,hull_rsi,level_6_halt_dd_-0.560,,,
BAC,2024-05-17,cpr_narrow_bullish,level_6_halt_dd_-0.560,,,
UUUU,2024-05-17,pivot_r1_breakout,level_6_halt_dd_-0.560,,,
JCI,2024-05-17,cpr_narrow_bullish,level_6_halt_dd_-0.560,,,
GNRC,2024-05-17,cpr_narrow_bullish,level_6_halt_dd_-0.560,,,
FLR,2024-05-17,williams_r_oversold,level_6_halt_dd_-0.560,,,
CSX,2024-05-17,supertrend_macd,level_6_halt_dd_-0.560,,,
VFS,2024-05-17,cpr_narrow_bullish,level_6_halt_dd_-0.560,,,
JCI,2024-05-20,pivot_r1_breakout,level_6_halt_dd_-0.560,,,
VFS,2024-05-20,pivot_r1_breakout,level_6_halt_dd_-0.560,,,
WMB,2024-05-20,cpr_narrow_bullish,level_6_halt_dd_-0.560,,,
VIVO,2024-05-20,hull_rsi,level_6_halt_dd_-0.560,,,
CSX,2024-05-20,supertrend_macd,level_6_halt_dd_-0.560,,,
GNRC,2024-05-20,cpr_narrow_bullish,level_6_halt_dd_-0.560,,,
VET,2024-05-20,cpr_narrow_bullish,level_6_halt_dd_-0.560,,,
SGH,2024-05-20,cpr_narrow_bullish,level_6_halt_dd_-0.560,,,
UUUU,2024-05-20,cpr_narrow_bullish,level_6_halt_dd_-0.560,,,
BAM,2024-05-20,cpr_narrow_bullish,level_6_halt_dd_-0.560,,,
JCI,2024-05-21,pivot_r1_breakout,level_6_halt_dd_-0.560,,,
WMB,2024-05-21,pivot_r2_continuation,level_6_halt_dd_-0.560,,,
HOLX,2024-05-21,bollinger_tight,level_6_halt_dd_-0.560,,,
VIVO,2024-05-21,hull_rsi,level_6_halt_dd_-0.560,,,
SGH,2024-05-21,cpr_narrow_bullish,level_6_halt_dd_-0.560,,,
VFS,2024-05-21,hull_rsi,level_6_halt_dd_-0.560,,,
CSX,2024-05-21,supertrend_macd,level_6_halt_dd_-0.560,,,
BAM,2024-05-21,cpr_narrow_bullish,level_6_halt_dd_-0.560,,,
BAC,2024-05-21,hull_rsi,level_6_halt_dd_-0.560,,,
GNRC,2024-05-21,hull_rsi,level_6_halt_dd_-0.560,,,
RF,2024-05-22,bollinger_tight,level_6_halt_dd_-0.560,,,
XLE,2024-05-22,bollinger_tight,level_6_halt_dd_-0.560,,,
VIVO,2024-05-22,hull_rsi,level_6_halt_dd_-0.560,,,
JCI,2024-05-22,cpr_narrow_bullish,level_6_halt_dd_-0.560,,,
GNRC,2024-05-22,pivot_s1_bounce,level_6_halt_dd_-0.560,,,
CSX,2024-05-22,pivot_r1_breakout,level_6_halt_dd_-0.560,,,
REZI,2024-05-22,cpr_narrow_bullish,level_6_halt_dd_-0.560,,,
PSX,2024-05-22,supertrend_macd,level_6_halt_dd_-0.560,,,
BAC,2024-05-22,cpr_narrow_bullish,level_6_halt_dd_-0.560,,,
VFS,2024-05-22,ichimoku_cloud_breakout,level_6_halt_dd_-0.560,,,
IDYA,2024-05-23,bollinger_lower,level_6_halt_dd_-0.560,,,
BDX,2024-05-23,stochrsi_oversold,level_6_halt_dd_-0.560,,,
NVDA,2024-05-23,pivot_r1_breakout,level_6_halt_dd_-0.560,,,
AOS,2024-05-23,cpr_narrow_bullish,level_6_halt_dd_-0.560,,,
JCI,2024-05-23,cpr_narrow_bullish,level_6_halt_dd_-0.560,,,
RF,2024-05-23,bollinger_lower,level_6_halt_dd_-0.560,,,
HOLX,2024-05-23,bollinger_lower,level_6_halt_dd_-0.560,,,
VIVO,2024-05-23,hull_rsi,level_6_halt_dd_-0.560,,,
HBAN,2024-05-23,bollinger_tight,level_6_halt_dd_-0.560,,,
AWK,2024-05-23,williams_r_oversold,level_6_halt_dd_-0.560,,,
JCI,2024-05-24,cpr_narrow_bullish,level_6_halt_dd_-0.560,,,
BDX,2024-05-24,bollinger_lower,level_6_halt_dd_-0.560,,,
FLR,2024-05-24,cpr_narrow_bullish,level_6_halt_dd_-0.560,,,
NVDA,2024-05-24,cpr_narrow_bullish,level_6_halt_dd_-0.560,,,
COGT,2024-05-24,cpr_narrow_bullish,level_6_halt_dd_-0.560,,,
VIVO,2024-05-24,hull_rsi,level_6_halt_dd_-0.560,,,
MORF,2024-05-24,pivot_r1_breakout,level_6_halt_dd_-0.560,,,
VFS,2024-05-24,cpr_narrow_bullish,level_6_halt_dd_-0.560,,,
IDYA,2024-05-24,bollinger_lower,level_6_halt_dd_-0.560,,,
HOLX,2024-05-24,bollinger_lower,level_6_halt_dd_-0.560,,,
JCI,2024-05-27,cpr_narrow_bullish,level_6_halt_dd_-0.560,,,
BDX,2024-05-27,bollinger_lower,level_6_halt_dd_-0.560,,,
FLR,2024-05-27,cpr_narrow_bullish,level_6_halt_dd_-0.560,,,
NVDA,2024-05-27,cpr_narrow_bullish,level_6_halt_dd_-0.560,,,
COGT,2024-05-27,cpr_narrow_bullish,level_6_halt_dd_-0.560,,,
VIVO,2024-05-27,hull_rsi,level_6_halt_dd_-0.560,,,
MORF,2024-05-27,pivot_r1_breakout,level_6_halt_dd_-0.560,,,
VFS,2024-05-27,cpr_narrow_bullish,level_6_halt_dd_-0.560,,,
IDYA,2024-05-27,bollinger_lower,level_6_halt_dd_-0.560,,,
HOLX,2024-05-27,bollinger_lower,level_6_halt_dd_-0.560,,,
BDX,2024-05-28,bollinger_lower,level_6_halt_dd_-0.560,,,
HOLX,2024-05-28,bollinger_lower,level_6_halt_dd_-0.560,,,
IDYA,2024-05-28,stochrsi_oversold,level_6_halt_dd_-0.560,,,
NVDA,2024-05-28,pivot_r1_breakout,level_6_halt_dd_-0.560,,,
VIVO,2024-05-28,hull_rsi,level_6_halt_dd_-0.560,,,
CCEP,2024-05-28,williams_r_oversold,level_6_halt_dd_-0.560,,,
VET,2024-05-28,cpr_narrow_bullish,level_6_halt_dd_-0.560,,,
AOS,2024-05-28,bollinger_lower,level_6_halt_dd_-0.560,,,
AWK,2024-05-28,ichimoku_cloud_breakout,level_6_halt_dd_-0.560,,,
COGT,2024-05-28,cpr_narrow_bullish,level_6_halt_dd_-0.560,,,
BDX,2024-05-29,stochrsi_oversold,level_6_halt_dd_-0.560,,,
HST,2024-05-29,bollinger_lower,level_6_halt_dd_-0.560,,,
BAM,2024-05-29,williams_r_oversold,level_6_halt_dd_-0.560,,,
PSX,2024-05-29,bollinger_tight,level_6_halt_dd_-0.560,,,
BHVN,2024-05-29,cmf_flip,level_6_halt_dd_-0.560,,,
IDYA,2024-05-29,bollinger_lower,level_6_halt_dd_-0.560,,,
FOX,2024-05-29,cpr_narrow_bullish,level_6_halt_dd_-0.560,,,
AOS,2024-05-29,ultimate_oscillator,level_6_halt_dd_-0.560,,,
RF,2024-05-29,bollinger_lower,level_6_halt_dd_-0.560,,,
HOLX,2024-05-29,bollinger_lower,level_6_halt_dd_-0.560,,,
UUUU,2024-05-30,cpr_narrow_bullish,level_6_halt_dd_-0.560,,,
COGT,2024-05-30,pivot_r1_breakout,level_6_halt_dd_-0.560,,,
FOX,2024-05-30,cpr_narrow_bullish,level_6_halt_dd_-0.560,,,
FLR,2024-05-30,cpr_narrow_bullish,level_6_halt_dd_-0.560,,,
IDYA,2024-05-30,stochrsi_oversold,level_6_halt_dd_-0.560,,,
VIVO,2024-05-30,hull_rsi,level_6_halt_dd_-0.560,,,
VFS,2024-05-30,cpr_narrow_bullish,level_6_halt_dd_-0.560,,,
AOS,2024-05-30,stochrsi_oversold,level_6_halt_dd_-0.560,,,
XLE,2024-05-30,bollinger_lower,level_6_halt_dd_-0.560,,,
PSX,2024-05-30,bollinger_tight,level_6_halt_dd_-0.560,,,
FOX,2024-05-31,cpr_narrow_bullish,level_6_halt_dd_-0.560,,,
FLR,2024-05-31,pivot_r2_continuation,level_6_halt_dd_-0.560,,,
VIVO,2024-05-31,hull_rsi,level_6_halt_dd_-0.560,,,
CSX,2024-05-31,pivot_r1_breakout,level_6_halt_dd_-0.560,,,
HST,2024-05-31,bollinger_tight,level_6_halt_dd_-0.560,,,
UUUU,2024-05-31,cpr_narrow_bullish,level_6_halt_dd_-0.560,,,
WMB,2024-05-31,pivot_r2_continuation,level_6_halt_dd_-0.560,,,
VFS,2024-05-31,ichimoku_cloud_breakout,level_6_halt_dd_-0.560,,,
CCEP,2024-05-31,pivot_r2_continuation,level_6_halt_dd_-0.560,,,
VET,2024-05-31,cpr_narrow_bullish,level_6_halt_dd_-0.560,,,
VET,2024-06-03,bollinger_tight,level_6_halt_dd_-0.560,,,
COGT,2024-06-03,pivot_r1_breakout,level_6_halt_dd_-0.560,,,
PSX,2024-06-03,bollinger_tight,level_6_halt_dd_-0.560,,,
AOS,2024-06-03,stochrsi_oversold,level_6_halt_dd_-0.560,,,
FOX,2024-06-03,cpr_narrow_bullish,level_6_halt_dd_-0.560,,,
NVDA,2024-06-03,cpr_narrow_bullish,level_6_halt_dd_-0.560,,,
VIVO,2024-06-03,hull_rsi,level_6_halt_dd_-0.560,,,
HST,2024-06-03,pivot_r2_continuation,level_6_halt_dd_-0.560,,,
GNRC,2024-06-03,williams_r_oversold,level_6_halt_dd_-0.560,,,
XLE,2024-06-03,bollinger_tight,level_6_halt_dd_-0.560,,,
BHVN,2024-06-04,bollinger_tight,level_6_halt_dd_-0.560,,,
CSX,2024-06-04,bollinger_lower,level_6_halt_dd_-0.560,,,
VET,2024-06-04,bollinger_lower,level_6_halt_dd_-0.560,,,
COGT,2024-06-04,pivot_r1_breakout,level_6_halt_dd_-0.560,,,
UUUU,2024-06-04,ichimoku_cloud_breakout,level_6_halt_dd_-0.560,,,
XLE,2024-06-04,williams_r_oversold,level_6_halt_dd_-0.560,,,
VIVO,2024-06-04,hull_rsi,level_6_halt_dd_-0.560,,,
FOX,2024-06-04,cpr_narrow_bullish,level_6_halt_dd_-0.560,,,
VFS,2024-06-04,stochrsi_oversold,level_6_halt_dd_-0.560,,,
AOS,2024-06-04,bollinger_lower,level_6_halt_dd_-0.560,,,
FLR,2024-06-05,pivot_r2_continuation,level_6_halt_dd_-0.560,,,
WMB,2024-06-05,cpr_narrow_bullish,level_6_halt_dd_-0.560,,,
NVDA,2024-06-05,pivot_r2_continuation,level_6_halt_dd_-0.560,,,
BAC,2024-06-05,cpr_narrow_bullish,level_6_halt_dd_-0.560,,,
UUUU,2024-06-05,ichimoku_cloud_breakout,level_6_halt_dd_-0.560,,,
HBAN,2024-06-05,williams_r_oversold,level_6_halt_dd_-0.560,,,
VET,2024-06-05,bollinger_lower,level_6_halt_dd_-0.560,,,
VIVO,2024-06-05,hull_rsi,level_6_halt_dd_-0.560,,,
PSX,2024-06-05,bollinger_tight,level_6_halt_dd_-0.560,,,
FOX,2024-06-05,cpr_narrow_bullish,level_6_halt_dd_-0.560,,,
REZI,2024-06-06,williams_r_oversold,level_6_halt_dd_-0.560,,,
AOS,2024-06-06,stochrsi_oversold,level_6_halt_dd_-0.560,,,
FLR,2024-06-06,cpr_narrow_bullish,level_6_halt_dd_-0.560,,,
VIVO,2024-06-06,hull_rsi,level_6_halt_dd_-0.560,,,
BDX,2024-06-06,cpr_narrow_bullish,level_6_halt_dd_-0.560,,,
GNRC,2024-06-06,williams_r_oversold,level_6_halt_dd_-0.560,,,
CG,2024-06-06,bollinger_tight,level_6_halt_dd_-0.560,,,
HBAN,2024-06-06,bollinger_tight,level_6_halt_dd_-0.560,,,
BAM,2024-06-06,bollinger_tight,level_6_halt_dd_-0.560,,,
VFS,2024-06-06,cpr_narrow_bullish,level_6_halt_dd_-0.560,,,
VET,2024-06-07,bollinger_lower,level_6_halt_dd_-0.560,,,
VFS,2024-06-07,ichimoku_cloud_breakout,level_6_halt_dd_-0.560,,,
CSX,2024-06-07,bollinger_tight,level_6_halt_dd_-0.560,,,
VIVO,2024-06-07,hull_rsi,level_6_halt_dd_-0.560,,,
GNRC,2024-06-07,williams_r_oversold,level_6_halt_dd_-0.560,,,
REZI,2024-06-07,williams_r_oversold,level_6_halt_dd_-0.560,,,
HBAN,2024-06-07,bollinger_tight,level_6_halt_dd_-0.560,,,
UUUU,2024-06-07,bollinger_tight,level_6_halt_dd_-0.560,,,
BDX,2024-06-07,cpr_narrow_bullish,level_6_halt_dd_-0.560,,,
HST,2024-06-07,supertrend_macd,level_6_halt_dd_-0.560,,,
HBAN,2024-06-10,bollinger_lower,level_6_halt_dd_-0.560,,,
REZI,2024-06-10,prev_day_low_bounce,level_6_halt_dd_-0.560,,,
SGH,2024-06-10,pivot_r1_breakout,level_6_halt_dd_-0.560,,,
CG,2024-06-10,bollinger_lower,level_6_halt_dd_-0.560,,,
FLR,2024-06-10,cpr_narrow_bullish,level_6_halt_dd_-0.560,,,
VIVO,2024-06-10,hull_rsi,level_6_halt_dd_-0.560,,,
VFS,2024-06-10,adx_initiation,level_6_halt_dd_-0.560,,,
RF,2024-06-10,bollinger_tight,level_6_halt_dd_-0.560,,,
BDX,2024-06-10,hull_rsi,level_6_halt_dd_-0.560,,,
RKLB,2024-06-10,macd_crossover,level_6_halt_dd_-0.560,,,
HBAN,2024-06-11,ultimate_oscillator,level_6_halt_dd_-0.560,,,
VFS,2024-06-11,stochrsi_oversold,level_6_halt_dd_-0.560,,,
BAM,2024-06-11,bollinger_lower,level_6_halt_dd_-0.560,,,
CG,2024-06-11,bollinger_lower,level_6_halt_dd_-0.560,,,
MORF,2024-06-11,bollinger_tight,level_6_halt_dd_-0.560,,,
VIVO,2024-06-11,hull_rsi,level_6_halt_dd_-0.560,,,
UUUU,2024-06-11,bollinger_tight,level_6_halt_dd_-0.560,,,
REZI,2024-06-11,bollinger_lower,level_6_halt_dd_-0.560,,,
LCID,2024-06-11,bollinger_tight,level_6_halt_dd_-0.560,,,
FLR,2024-06-11,cpr_narrow_bullish,level_6_halt_dd_-0.560,,,
VFS,2024-06-12,adx_initiation,level_6_halt_dd_-0.560,,,
HOLX,2024-06-12,bollinger_lower,level_6_halt_dd_-0.560,,,
RKLB,2024-06-12,cpr_narrow_bullish,level_6_halt_dd_-0.560,,,
HBAN,2024-06-12,camarilla_r3_breakout,level_6_halt_dd_-0.560,,,
XLE,2024-06-12,williams_r_oversold,level_6_halt_dd_-0.560,,,
SGH,2024-06-12,cpr_narrow_bullish,level_6_halt_dd_-0.560,,,
NVDA,2024-06-12,pivot_r2_continuation,level_6_halt_dd_-0.560,,,
VIVO,2024-06-12,hull_rsi,level_6_halt_dd_-0.560,,,
LCID,2024-06-12,bollinger_tight,level_6_halt_dd_-0.560,,,
FLR,2024-06-12,pivot_r2_continuation,level_6_halt_dd_-0.560,,,
HBAN,2024-06-13,ultimate_oscillator,level_6_halt_dd_-0.560,,,
LCID,2024-06-13,stochrsi_oversold,level_6_halt_dd_-0.560,,,
CSX,2024-06-13,bollinger_tight,level_6_halt_dd_-0.560,,,
NVDA,2024-06-13,pivot_r2_continuation,level_6_halt_dd_-0.560,,,
HOLX,2024-06-13,bollinger_lower,level_6_halt_dd_-0.560,,,
CG,2024-06-13,bollinger_tight,level_6_halt_dd_-0.560,,,
VIVO,2024-06-13,hull_rsi,level_6_halt_dd_-0.560,,,
GNRC,2024-06-13,williams_r_oversold,level_6_halt_dd_-0.560,,,
SGH,2024-06-13,cpr_narrow_bullish,level_6_halt_dd_-0.560,,,
MORF,2024-06-13,bollinger_tight,level_6_halt_dd_-0.560,,,
CSX,2024-06-14,bollinger_lower,level_6_halt_dd_-0.560,,,
NVDA,2024-06-14,pivot_r2_continuation,level_6_halt_dd_-0.560,,,
CG,2024-06-14,bollinger_lower,level_6_halt_dd_-0.560,,,
REZI,2024-06-14,bollinger_lower,level_6_halt_dd_-0.560,,,
VIVO,2024-06-14,hull_rsi,level_6_halt_dd_-0.560,,,
SGH,2024-06-14,cpr_narrow_bullish,level_6_halt_dd_-0.560,,,
XLE,2024-06-14,bollinger_tight,level_6_halt_dd_-0.560,,,
HOLX,2024-06-14,bollinger_lower,level_6_halt_dd_-0.560,,,
LCID,2024-06-14,bollinger_lower,level_6_halt_dd_-0.560,,,
RKLB,2024-06-14,ichimoku_cloud_breakout,level_6_halt_dd_-0.560,,,
REZI,2024-06-17,bollinger_tight,dedup_one_position_per_ticker_per_day,,,
REZI,2024-06-17,williams_stoch_dual,dedup_one_position_per_ticker_per_day,,,
REZI,2024-06-17,cpr_narrow_bullish,dedup_one_position_per_ticker_per_day,,,
REZI,2024-06-17,camarilla_r3_breakout,dedup_one_position_per_ticker_per_day,,,
REZI,2024-06-17,hull_rsi,dedup_one_position_per_ticker_per_day,,,
REZI,2024-06-17,cpr_narrow_momentum,dedup_one_position_per_ticker_per_day,,,
REZI,2024-06-17,hull_rsi_short,dedup_one_position_per_ticker_per_day,,,
REZI,2024-06-17,cpr_narrow_momentum_short,dedup_one_position_per_ticker_per_day,,,
REZI,2024-06-17,break_retest_volume,dedup_one_position_per_ticker_per_day,,,
REZI,2024-06-17,break_retest_confluence,dedup_one_position_per_ticker_per_day,,,
REZI,2024-06-17,lead_lag_sector_rotation,dedup_one_position_per_ticker_per_day,,,
SGH,2024-06-17,hull_rsi,dedup_one_position_per_ticker_per_day,,,
SGH,2024-06-17,ichimoku_cloud_breakout,dedup_one_position_per_ticker_per_day,,,
SGH,2024-06-17,adx_initiation,dedup_one_position_per_ticker_per_day,,,
SGH,2024-06-17,supertrend_macd,dedup_one_position_per_ticker_per_day,,,
SGH,2024-06-17,cpr_narrow_momentum,dedup_one_position_per_ticker_per_day,,,
SGH,2024-06-17,r1_break_retest,dedup_one_position_per_ticker_per_day,,,
SGH,2024-06-17,break_retest_confluence,dedup_one_position_per_ticker_per_day,,,
SGH,2024-06-17,bollinger_lower,dedup_one_position_per_ticker_per_day,,,
SGH,2024-06-17,bollinger_tight,dedup_one_position_per_ticker_per_day,,,
SGH,2024-06-17,williams_stoch_dual,dedup_one_position_per_ticker_per_day,,,
HOLX,2024-06-17,bollinger_tight,dedup_one_position_per_ticker_per_day,,,
HOLX,2024-06-17,williams_stoch_dual,dedup_one_position_per_ticker_per_day,,,
HOLX,2024-06-17,cpr_narrow_bullish,dedup_one_position_per_ticker_per_day,,,
HOLX,2024-06-17,hull_rsi,dedup_one_position_per_ticker_per_day,,,
HOLX,2024-06-17,golden_cross_50_200,dedup_one_position_per_ticker_per_day,,,
HOLX,2024-06-17,cpr_narrow_momentum,dedup_one_position_per_ticker_per_day,,,
HOLX,2024-06-17,hull_rsi_short,dedup_one_position_per_ticker_per_day,,,
HOLX,2024-06-17,cpr_narrow_momentum_short,dedup_one_position_per_ticker_per_day,,,
HOLX,2024-06-17,break_retest_confluence,dedup_one_position_per_ticker_per_day,,,
HOLX,2024-06-17,lead_lag_sector_rotation,dedup_one_position_per_ticker_per_day,,,
VIVO,2024-06-17,(any),ticker_already_open_concurrent_block_bug61,,,
MORF,2024-06-17,bollinger_tight,dedup_one_position_per_ticker_per_day,,,
MORF,2024-06-17,williams_stoch_dual,dedup_one_position_per_ticker_per_day,,,
MORF,2024-06-17,cpr_narrow_bullish,dedup_one_position_per_ticker_per_day,,,
MORF,2024-06-17,hull_rsi,dedup_one_position_per_ticker_per_day,,,
MORF,2024-06-17,cpr_narrow_momentum,dedup_one_position_per_ticker_per_day,,,
MORF,2024-06-17,hull_rsi_short,dedup_one_position_per_ticker_per_day,,,
MORF,2024-06-17,cpr_narrow_momentum_short,dedup_one_position_per_ticker_per_day,,,
MORF,2024-06-17,break_retest_confluence,dedup_one_position_per_ticker_per_day,,,
NVDA,2024-06-17,cpr_narrow_bullish,avoid_tier_long_blocked_batch190,,,
NVDA,2024-06-17,hull_rsi,avoid_tier_long_blocked_batch190,,,
NVDA,2024-06-17,ultimate_oscillator,avoid_tier_long_blocked_batch190,,,
NVDA,2024-06-17,ichimoku_cloud_breakout,avoid_tier_long_blocked_batch190,,,
NVDA,2024-06-17,supertrend_macd,avoid_tier_long_blocked_batch190,,,
NVDA,2024-06-17,cpr_narrow_momentum,avoid_tier_long_blocked_batch190,,,
NVDA,2024-06-17,supertrend_ichimoku_adx,avoid_tier_long_blocked_batch190,,,
NVDA,2024-06-17,break_retest_confluence,avoid_tier_long_blocked_batch190,,,
JCI,2024-06-17,stochrsi_oversold,dedup_one_position_per_ticker_per_day,,,
JCI,2024-06-17,cpr_narrow_bullish,dedup_one_position_per_ticker_per_day,,,
JCI,2024-06-17,hull_rsi,dedup_one_position_per_ticker_per_day,,,
JCI,2024-06-17,cpr_narrow_momentum,dedup_one_position_per_ticker_per_day,,,
JCI,2024-06-17,hull_rsi_short,dedup_one_position_per_ticker_per_day,,,
JCI,2024-06-17,cpr_narrow_momentum_short,dedup_one_position_per_ticker_per_day,,,
JCI,2024-06-17,lead_lag_sector_rotation,dedup_one_position_per_ticker_per_day,,,
BDX,2024-06-17,hull_rsi,dedup_one_position_per_ticker_per_day,,,
BDX,2024-06-17,awesome_oscillator,dedup_one_position_per_ticker_per_day,,,
BDX,2024-06-17,golden_cross_9_21,dedup_one_position_per_ticker_per_day,,,
BDX,2024-06-17,cpr_narrow_momentum,dedup_one_position_per_ticker_per_day,,,
BDX,2024-06-17,hull_rsi_short,dedup_one_position_per_ticker_per_day,,,
BDX,2024-06-17,cpr_narrow_momentum_short,dedup_one_position_per_ticker_per_day,,,
BDX,2024-06-17,lead_lag_sector_rotation,dedup_one_position_per_ticker_per_day,,,
FLR,2024-06-17,ichimoku_cloud_breakout,dedup_one_position_per_ticker_per_day,,,
FLR,2024-06-17,supertrend_macd,dedup_one_position_per_ticker_per_day,,,
FLR,2024-06-17,cpr_narrow_momentum,dedup_one_position_per_ticker_per_day,,,
FLR,2024-06-17,52wh_break_retest,dedup_one_position_per_ticker_per_day,,,
FLR,2024-06-17,break_retest_confluence,dedup_one_position_per_ticker_per_day,,,
FLR,2024-06-17,williams_stoch_dual,dedup_one_position_per_ticker_per_day,,,
VET,2024-06-17,cpr_narrow_bullish,dedup_one_position_per_ticker_per_day,,,
VET,2024-06-17,hull_rsi,dedup_one_position_per_ticker_per_day,,,
VET,2024-06-17,cpr_narrow_momentum,dedup_one_position_per_ticker_per_day,,,
VET,2024-06-17,hull_rsi_short,dedup_one_position_per_ticker_per_day,,,
VET,2024-06-17,cpr_narrow_momentum_short,dedup_one_position_per_ticker_per_day,,,
VET,2024-06-17,break_retest_confluence,dedup_one_position_per_ticker_per_day,,,
RKLB,2024-06-18,pivot_r1_breakout,level_6_halt_dd_-0.560,,,
SGH,2024-06-18,pivot_r1_breakout,level_6_halt_dd_-0.560,,,
NVDA,2024-06-18,pivot_r2_continuation,level_6_halt_dd_-0.560,,,
VIVO,2024-06-18,hull_rsi,level_6_halt_dd_-0.560,,,
CCEP,2024-06-18,cpr_narrow_bullish,level_6_halt_dd_-0.560,,,
MORF,2024-06-18,stochrsi_oversold,level_6_halt_dd_-0.560,,,
FLR,2024-06-18,cpr_narrow_bullish,level_6_halt_dd_-0.560,,,
JCI,2024-06-18,stochrsi_oversold,level_6_halt_dd_-0.560,,,
PSX,2024-06-18,parabolic_sar_flip,level_6_halt_dd_-0.560,,,
VFS,2024-06-18,adx_initiation,level_6_halt_dd_-0.560,,,
RKLB,2024-06-19,pivot_r1_breakout,level_6_halt_dd_-0.560,,,
SGH,2024-06-19,pivot_r1_breakout,level_6_halt_dd_-0.560,,,
NVDA,2024-06-19,pivot_r2_continuation,level_6_halt_dd_-0.560,,,
VIVO,2024-06-19,hull_rsi,level_6_halt_dd_-0.560,,,
CCEP,2024-06-19,cpr_narrow_bullish,level_6_halt_dd_-0.560,,,
MORF,2024-06-19,stochrsi_oversold,level_6_halt_dd_-0.560,,,
FLR,2024-06-19,cpr_narrow_bullish,level_6_halt_dd_-0.560,,,
JCI,2024-06-19,stochrsi_oversold,level_6_halt_dd_-0.560,,,
PSX,2024-06-19,parabolic_sar_flip,level_6_halt_dd_-0.560,,,
VFS,2024-06-19,adx_initiation,level_6_halt_dd_-0.560,,,
WMB,2024-06-20,pivot_r2_continuation,level_6_halt_dd_-0.560,,,
RKLB,2024-06-20,cpr_narrow_bullish,level_6_halt_dd_-0.560,,,
VIVO,2024-06-20,hull_rsi,level_6_halt_dd_-0.560,,,
IDYA,2024-06-20,cpr_narrow_bullish,level_6_halt_dd_-0.560,,,
JCI,2024-06-20,williams_r_oversold,level_6_halt_dd_-0.560,,,
LCID,2024-06-20,bollinger_tight,level_6_halt_dd_-0.560,,,
NVDA,2024-06-20,ichimoku_cloud_breakout,level_6_halt_dd_-0.560,,,
REZI,2024-06-20,bollinger_tight,level_6_halt_dd_-0.560,,,
SGH,2024-06-20,ichimoku_cloud_breakout,level_6_halt_dd_-0.560,,,
BDX,2024-06-20,cpr_narrow_bullish,level_6_halt_dd_-0.560,,,
RKLB,2024-06-21,pivot_r1_breakout,level_6_halt_dd_-0.560,,,
WMB,2024-06-21,hull_rsi,level_6_halt_dd_-0.560,,,
VIVO,2024-06-21,hull_rsi,level_6_halt_dd_-0.560,,,
LCID,2024-06-21,bollinger_tight,level_6_halt_dd_-0.560,,,
FLR,2024-06-21,ichimoku_cloud_breakout,level_6_halt_dd_-0.560,,,
SGH,2024-06-21,ichimoku_cloud_breakout,level_6_halt_dd_-0.560,,,
HST,2024-06-21,pivot_r1_breakout,level_6_halt_dd_-0.560,,,
CCEP,2024-06-21,cpr_narrow_bullish,level_6_halt_dd_-0.560,,,
NVDA,2024-06-21,williams_r_oversold,level_6_halt_dd_-0.560,,,
JCI,2024-06-21,williams_r_oversold,level_6_halt_dd_-0.560,,,
VIVO,2024-06-24,hull_rsi,level_6_halt_dd_-0.560,,,
CCEP,2024-06-24,cpr_narrow_bullish,level_6_halt_dd_-0.560,,,
AWK,2024-06-24,cpr_narrow_bullish,level_6_halt_dd_-0.560,,,
MORF,2024-06-24,pivot_r1_breakout,level_6_halt_dd_-0.560,,,
WMB,2024-06-24,hull_rsi,level_6_halt_dd_-0.560,,,
RF,2024-06-24,cpr_narrow_bullish,level_6_halt_dd_-0.560,,,
RKLB,2024-06-24,hull_rsi,level_6_halt_dd_-0.560,,,
NVDA,2024-06-24,williams_r_oversold,level_6_halt_dd_-0.560,,,
UUUU,2024-06-24,cpr_narrow_bullish,level_6_halt_dd_-0.560,,,
AOS,2024-06-24,cpr_narrow_bullish,level_6_halt_dd_-0.560,,,
JCI,2024-06-25,williams_r_oversold,level_6_halt_dd_-0.560,,,
VIVO,2024-06-25,hull_rsi,level_6_halt_dd_-0.560,,,
FOX,2024-06-25,cpr_narrow_bullish,level_6_halt_dd_-0.560,,,
WMB,2024-06-25,cpr_narrow_bullish,level_6_halt_dd_-0.560,,,
HOLX,2024-06-25,bollinger_tight,level_6_halt_dd_-0.560,,,
IDYA,2024-06-25,williams_stoch_dual,level_6_halt_dd_-0.560,,,
MORF,2024-06-25,cpr_narrow_bullish,level_6_halt_dd_-0.560,,,
GNRC,2024-06-25,cpr_narrow_bullish,level_6_halt_dd_-0.560,,,
LCID,2024-06-25,cpr_narrow_bullish,level_6_halt_dd_-0.560,,,
SGH,2024-06-25,prev_day_low_bounce,level_6_halt_dd_-0.560,,,
JCI,2024-06-26,williams_r_oversold,level_6_halt_dd_-0.560,,,
BDX,2024-06-26,cpr_narrow_bullish,level_6_halt_dd_-0.560,,,
SGH,2024-06-26,pivot_r2_continuation,level_6_halt_dd_-0.560,,,
VIVO,2024-06-26,hull_rsi,level_6_halt_dd_-0.560,,,
IDYA,2024-06-26,bollinger_lower,level_6_halt_dd_-0.560,,,
RKLB,2024-06-26,cpr_narrow_bullish,level_6_halt_dd_-0.560,,,
REZI,2024-06-26,morning_star,level_6_halt_dd_-0.560,,,
GNRC,2024-06-26,cpr_narrow_bullish,level_6_halt_dd_-0.560,,,
COGT,2024-06-26,cpr_narrow_bullish,level_6_halt_dd_-0.560,,,
AOS,2024-06-26,cpr_narrow_bullish,level_6_halt_dd_-0.560,,,
VIVO,2024-06-27,hull_rsi,level_6_halt_dd_-0.560,,,
HOLX,2024-06-27,pivot_r1_breakout,level_6_halt_dd_-0.560,,,
FLR,2024-06-27,williams_r_oversold,level_6_halt_dd_-0.560,,,
IDYA,2024-06-27,bollinger_lower,level_6_halt_dd_-0.560,,,
RKLB,2024-06-27,cpr_narrow_bullish,level_6_halt_dd_-0.560,,,
CCEP,2024-06-27,cpr_narrow_bullish,level_6_halt_dd_-0.560,,,
MORF,2024-06-27,cpr_narrow_bullish,level_6_halt_dd_-0.560,,,
BDX,2024-06-27,cpr_narrow_bullish,level_6_halt_dd_-0.560,,,
REZI,2024-06-27,williams_stoch_dual,level_6_halt_dd_-0.560,,,
SGH,2024-06-27,ichimoku_cloud_breakout,level_6_halt_dd_-0.560,,,
GNRC,2024-06-28,bollinger_lower,level_6_halt_dd_-0.560,,,
MORF,2024-06-28,cpr_narrow_bullish,level_6_halt_dd_-0.560,,,
VIVO,2024-06-28,hull_rsi,level_6_halt_dd_-0.560,,,
IDYA,2024-06-28,camarilla_r3_breakout,level_6_halt_dd_-0.560,,,
AOS,2024-06-28,cpr_narrow_bullish,level_6_halt_dd_-0.560,,,
WMB,2024-06-28,cpr_narrow_bullish,level_6_halt_dd_-0.560,,,
PSX,2024-06-28,pivot_r1_breakout,level_6_halt_dd_-0.560,,,
CCEP,2024-06-28,williams_r_oversold,level_6_halt_dd_-0.560,,,
JCI,2024-06-28,williams_r_oversold,level_6_halt_dd_-0.560,,,
RF,2024-06-28,pivot_r1_breakout,level_6_halt_dd_-0.560,,,
RKLB,2024-07-01,(any),stopout_cooldown_active_5d_dec018,,,
AOS,2024-07-01,bollinger_lower,dedup_one_position_per_ticker_per_day,,,
AOS,2024-07-01,bollinger_tight,dedup_one_position_per_ticker_per_day,,,
AOS,2024-07-01,cpr_narrow_bullish,dedup_one_position_per_ticker_per_day,,,
AOS,2024-07-01,hull_rsi,dedup_one_position_per_ticker_per_day,,,
AOS,2024-07-01,tema_dema,dedup_one_position_per_ticker_per_day,,,
AOS,2024-07-01,cpr_narrow_momentum,dedup_one_position_per_ticker_per_day,,,
AOS,2024-07-01,hull_rsi_short,dedup_one_position_per_ticker_per_day,,,
AOS,2024-07-01,cpr_narrow_momentum_short,dedup_one_position_per_ticker_per_day,,,
AOS,2024-07-01,lead_lag_sector_rotation,dedup_one_position_per_ticker_per_day,,,
VIVO,2024-07-01,(any),ticker_already_open_concurrent_block_bug61,,,
BDX,2024-07-01,(any),ticker_already_open_concurrent_block_bug61,,,
FLR,2024-07-01,(any),ticker_already_open_concurrent_block_bug61,,,
JCI,2024-07-01,(any),ticker_already_open_concurrent_block_bug61,,,
IFF,2024-07-01,bollinger_tight,dedup_one_position_per_ticker_per_day,,,
IFF,2024-07-01,cpr_narrow_bullish,dedup_one_position_per_ticker_per_day,,,
IFF,2024-07-01,hull_rsi,dedup_one_position_per_ticker_per_day,,,
IFF,2024-07-01,golden_cross_9_21,dedup_one_position_per_ticker_per_day,,,
IFF,2024-07-01,cpr_narrow_momentum,dedup_one_position_per_ticker_per_day,,,
IFF,2024-07-01,hull_rsi_short,dedup_one_position_per_ticker_per_day,,,
IFF,2024-07-01,cpr_narrow_momentum_short,dedup_one_position_per_ticker_per_day,,,
AWK,2024-07-01,cpr_narrow_bullish,dedup_one_position_per_ticker_per_day,,,
AWK,2024-07-01,hull_rsi,dedup_one_position_per_ticker_per_day,,,
AWK,2024-07-01,golden_cross_9_21,dedup_one_position_per_ticker_per_day,,,
AWK,2024-07-01,force_index_breakout,dedup_one_position_per_ticker_per_day,,,
AWK,2024-07-01,cpr_narrow_momentum,dedup_one_position_per_ticker_per_day,,,
AWK,2024-07-01,hull_rsi_short,dedup_one_position_per_ticker_per_day,,,
AWK,2024-07-01,cpr_narrow_momentum_short,dedup_one_position_per_ticker_per_day,,,
VET,2024-07-01,(any),ticker_already_open_concurrent_block_bug61,,,
GNRC,2024-07-01,cpr_narrow_bullish,dedup_one_position_per_ticker_per_day,,,
GNRC,2024-07-01,hull_rsi,dedup_one_position_per_ticker_per_day,,,
GNRC,2024-07-01,cpr_narrow_momentum,dedup_one_position_per_ticker_per_day,,,
GNRC,2024-07-01,hull_rsi_short,dedup_one_position_per_ticker_per_day,,,
GNRC,2024-07-01,cpr_narrow_momentum_short,dedup_one_position_per_ticker_per_day,,,
GNRC,2024-07-01,break_retest_confluence,dedup_one_position_per_ticker_per_day,,,
CCEP,2024-07-02,williams_r_oversold,level_6_halt_dd_-0.532,,,
HST,2024-07-02,bollinger_lower,level_6_halt_dd_-0.532,,,
IDYA,2024-07-02,bollinger_lower,level_6_halt_dd_-0.532,,,
BAC,2024-07-02,cpr_narrow_bullish,level_6_halt_dd_-0.532,,,
VIVO,2024-07-02,hull_rsi,level_6_halt_dd_-0.532,,,
CSX,2024-07-02,cpr_narrow_bullish,level_6_halt_dd_-0.532,,,
RKLB,2024-07-02,ichimoku_cloud_breakout,level_6_halt_dd_-0.532,,,
FLR,2024-07-02,williams_r_oversold,level_6_halt_dd_-0.532,,,
RF,2024-07-02,hull_rsi,level_6_halt_dd_-0.532,,,
UUUU,2024-07-02,cpr_narrow_bullish,level_6_halt_dd_-0.532,,,
BDX,2024-07-03,bollinger_tight,level_6_halt_dd_-0.532,,,
VIVO,2024-07-03,hull_rsi,level_6_halt_dd_-0.532,,,
LCID,2024-07-03,pivot_r1_breakout,level_6_halt_dd_-0.532,,,
FOX,2024-07-03,cpr_narrow_bullish,level_6_halt_dd_-0.532,,,
IDYA,2024-07-03,bollinger_tight,level_6_halt_dd_-0.532,,,
WMB,2024-07-03,cpr_narrow_bullish,level_6_halt_dd_-0.532,,,
BAC,2024-07-03,hull_rsi,level_6_halt_dd_-0.532,,,
RKLB,2024-07-03,cpr_narrow_bullish,level_6_halt_dd_-0.532,,,
AWK,2024-07-03,williams_stoch_dual,level_6_halt_dd_-0.532,,,
XLE,2024-07-03,cpr_narrow_bullish,level_6_halt_dd_-0.532,,,
BDX,2024-07-04,bollinger_tight,level_6_halt_dd_-0.532,,,
VIVO,2024-07-04,hull_rsi,level_6_halt_dd_-0.532,,,
LCID,2024-07-04,pivot_r1_breakout,level_6_halt_dd_-0.532,,,
FOX,2024-07-04,cpr_narrow_bullish,level_6_halt_dd_-0.532,,,
IDYA,2024-07-04,bollinger_tight,level_6_halt_dd_-0.532,,,
WMB,2024-07-04,cpr_narrow_bullish,level_6_halt_dd_-0.532,,,
BAC,2024-07-04,hull_rsi,level_6_halt_dd_-0.532,,,
RKLB,2024-07-04,cpr_narrow_bullish,level_6_halt_dd_-0.532,,,
AWK,2024-07-04,williams_stoch_dual,level_6_halt_dd_-0.532,,,
XLE,2024-07-04,cpr_narrow_bullish,level_6_halt_dd_-0.532,,,
REZI,2024-07-05,bollinger_tight,level_6_halt_dd_-0.532,,,
HST,2024-07-05,bollinger_lower,level_6_halt_dd_-0.532,,,
BDX,2024-07-05,bollinger_tight,level_6_halt_dd_-0.532,,,
VIVO,2024-07-05,hull_rsi,level_6_halt_dd_-0.532,,,
AOS,2024-07-05,bollinger_tight,level_6_halt_dd_-0.532,,,
VFS,2024-07-05,cpr_narrow_bullish,level_6_halt_dd_-0.532,,,
LCID,2024-07-05,cpr_narrow_bullish,level_6_halt_dd_-0.532,,,
GNRC,2024-07-05,cpr_narrow_bullish,level_6_halt_dd_-0.532,,,
MORF,2024-07-05,cpr_narrow_bullish,level_6_halt_dd_-0.532,,,
RKLB,2024-07-05,cpr_narrow_bullish,level_6_halt_dd_-0.532,,,
MORF,2024-07-08,pivot_r1_breakout,level_6_halt_dd_-0.532,,,
LCID,2024-07-08,pivot_r1_breakout,level_6_halt_dd_-0.532,,,
SGH,2024-07-08,cpr_narrow_bullish,level_6_halt_dd_-0.532,,,
IDYA,2024-07-08,pivot_r1_breakout,level_6_halt_dd_-0.532,,,
BDX,2024-07-08,bollinger_lower,level_6_halt_dd_-0.532,,,
VIVO,2024-07-08,hull_rsi,level_6_halt_dd_-0.532,,,
REZI,2024-07-08,cpr_narrow_bullish,level_6_halt_dd_-0.532,,,
RKLB,2024-07-08,macd_fast_crossover,level_6_halt_dd_-0.532,,,
IFF,2024-07-08,cpr_narrow_bullish,level_6_halt_dd_-0.532,,,
GNRC,2024-07-08,cpr_narrow_bullish,level_6_halt_dd_-0.532,,,
FOX,2024-07-09,cpr_narrow_bullish,level_6_halt_dd_-0.532,,,
XLE,2024-07-09,bollinger_tight,level_6_halt_dd_-0.532,,,
RKLB,2024-07-09,cpr_narrow_bullish,level_6_halt_dd_-0.532,,,
REZI,2024-07-09,bollinger_lower,level_6_halt_dd_-0.532,,,
LCID,2024-07-09,cpr_narrow_bullish,level_6_halt_dd_-0.532,,,
BDX,2024-07-09,bollinger_lower,level_6_halt_dd_-0.532,,,
VIVO,2024-07-09,hull_rsi,level_6_halt_dd_-0.532,,,
BAC,2024-07-09,cpr_narrow_bullish,level_6_halt_dd_-0.532,,,
GNRC,2024-07-09,cpr_narrow_bullish,level_6_halt_dd_-0.532,,,
PSX,2024-07-09,bollinger_lower,level_6_halt_dd_-0.532,,,
SGH,2024-07-10,pivot_r1_breakout,level_6_halt_dd_-0.532,,,
VET,2024-07-10,bollinger_tight,level_6_halt_dd_-0.532,,,
MORF,2024-07-10,cpr_narrow_bullish,level_6_halt_dd_-0.532,,,
FOX,2024-07-10,cpr_narrow_bullish,level_6_halt_dd_-0.532,,,
BHVN,2024-07-10,cpr_narrow_bullish,level_6_halt_dd_-0.532,,,
VIVO,2024-07-10,hull_rsi,level_6_halt_dd_-0.532,,,
UUUU,2024-07-10,cpr_narrow_bullish,level_6_halt_dd_-0.532,,,
BAC,2024-07-10,cpr_narrow_bullish,level_6_halt_dd_-0.532,,,
LCID,2024-07-10,cpr_narrow_bullish,level_6_halt_dd_-0.532,,,
REZI,2024-07-10,pivot_r2_continuation,level_6_halt_dd_-0.532,,,
LCID,2024-07-11,pivot_r1_breakout,level_6_halt_dd_-0.532,,,
FOX,2024-07-11,cpr_narrow_bullish,level_6_halt_dd_-0.532,,,
VFS,2024-07-11,pivot_r1_breakout,level_6_halt_dd_-0.532,,,
RF,2024-07-11,pivot_r1_breakout,level_6_halt_dd_-0.532,,,
MORF,2024-07-11,cpr_narrow_bullish,level_6_halt_dd_-0.532,,,
RKLB,2024-07-11,cpr_narrow_bullish,level_6_halt_dd_-0.532,,,
GNRC,2024-07-11,cpr_narrow_bullish,level_6_halt_dd_-0.532,,,
BAC,2024-07-11,hull_rsi,level_6_halt_dd_-0.532,,,
FLR,2024-07-11,cpr_narrow_bullish,level_6_halt_dd_-0.532,,,
CSX,2024-07-11,cpr_narrow_bullish,level_6_halt_dd_-0.532,,,
LCID,2024-07-12,pivot_r1_breakout,level_6_halt_dd_-0.532,,,
FOX,2024-07-12,cpr_narrow_bullish,level_6_halt_dd_-0.532,,,
RKLB,2024-07-12,pivot_r2_continuation,level_6_halt_dd_-0.532,,,
SGH,2024-07-12,cpr_narrow_bullish,level_6_halt_dd_-0.532,,,
UUUU,2024-07-12,cpr_narrow_bullish,level_6_halt_dd_-0.532,,,
FLR,2024-07-12,cpr_narrow_bullish,level_6_halt_dd_-0.532,,,
HOLX,2024-07-12,cpr_narrow_bullish,level_6_halt_dd_-0.532,,,
MORF,2024-07-12,hull_rsi,level_6_halt_dd_-0.532,,,
HBAN,2024-07-12,cpr_narrow_bullish,level_6_halt_dd_-0.532,,,
VIVO,2024-07-12,hull_rsi,level_6_halt_dd_-0.532,,,
FOX,2024-07-15,cpr_narrow_bullish,level_6_halt_dd_-0.532,,,
MORF,2024-07-15,pivot_r2_continuation,level_6_halt_dd_-0.532,,,
REZI,2024-07-15,cpr_narrow_bullish,level_6_halt_dd_-0.532,,,
SGH,2024-07-15,cpr_narrow_bullish,level_6_halt_dd_-0.532,,,
RF,2024-07-15,cpr_narrow_bullish,level_6_halt_dd_-0.532,,,
HBAN,2024-07-15,cpr_narrow_bullish,level_6_halt_dd_-0.532,,,
BHVN,2024-07-15,cpr_narrow_bullish,level_6_halt_dd_-0.532,,,
FLR,2024-07-15,cpr_narrow_bullish,level_6_halt_dd_-0.532,,,
RKLB,2024-07-15,cpr_narrow_bullish,level_6_halt_dd_-0.532,,,
VIVO,2024-07-15,hull_rsi,level_6_halt_dd_-0.532,,,
RF,2024-07-16,pivot_r2_continuation,level_6_halt_dd_-0.532,,,
BAC,2024-07-16,pivot_r1_breakout,level_6_halt_dd_-0.532,,,
FLR,2024-07-16,pivot_r2_continuation,level_6_halt_dd_-0.532,,,
FOX,2024-07-16,pivot_r2_continuation,level_6_halt_dd_-0.532,,,
REZI,2024-07-16,pivot_r2_continuation,level_6_halt_dd_-0.532,,,
CG,2024-07-16,pivot_r1_breakout,level_6_halt_dd_-0.532,,,
HBAN,2024-07-16,cpr_narrow_bullish,level_6_halt_dd_-0.532,,,
HOLX,2024-07-16,cpr_narrow_bullish,level_6_halt_dd_-0.532,,,
AOS,2024-07-16,cpr_narrow_bullish,level_6_halt_dd_-0.532,,,
MORF,2024-07-16,cpr_narrow_bullish,level_6_halt_dd_-0.532,,,
RF,2024-07-17,hull_rsi,dedup_one_position_per_ticker_per_day,,,
RF,2024-07-17,ichimoku_cloud_breakout,dedup_one_position_per_ticker_per_day,,,
RF,2024-07-17,adx_initiation,dedup_one_position_per_ticker_per_day,,,
RF,2024-07-17,supertrend_macd,dedup_one_position_per_ticker_per_day,,,
RF,2024-07-17,cpr_narrow_momentum,dedup_one_position_per_ticker_per_day,,,
RF,2024-07-17,r1_break_retest,dedup_one_position_per_ticker_per_day,,,
RF,2024-07-17,52wh_break_retest,dedup_one_position_per_ticker_per_day,,,
RF,2024-07-17,break_retest_confluence,dedup_one_position_per_ticker_per_day,,,
RF,2024-07-17,bollinger_lower,dedup_one_position_per_ticker_per_day,,,
RF,2024-07-17,bollinger_tight,dedup_one_position_per_ticker_per_day,,,
RF,2024-07-17,williams_stoch_dual,dedup_one_position_per_ticker_per_day,,,
RF,2024-07-17,lead_lag_sector_rotation,dedup_one_position_per_ticker_per_day,,,
HOLX,2024-07-17,(any),ticker_already_open_concurrent_block_bug61,,,
FOX,2024-07-17,cpr_narrow_bullish,dedup_one_position_per_ticker_per_day,,,
FOX,2024-07-17,hull_rsi,dedup_one_position_per_ticker_per_day,,,
FOX,2024-07-17,ichimoku_cloud_breakout,dedup_one_position_per_ticker_per_day,,,
FOX,2024-07-17,supertrend_macd,dedup_one_position_per_ticker_per_day,,,
FOX,2024-07-17,cpr_narrow_momentum,dedup_one_position_per_ticker_per_day,,,
FOX,2024-07-17,r1_break_retest,dedup_one_position_per_ticker_per_day,,,
FOX,2024-07-17,52wh_break_retest,dedup_one_position_per_ticker_per_day,,,
FOX,2024-07-17,break_retest_confluence,dedup_one_position_per_ticker_per_day,,,
FOX,2024-07-17,bollinger_tight,dedup_one_position_per_ticker_per_day,,,
FOX,2024-07-17,williams_stoch_dual,dedup_one_position_per_ticker_per_day,,,
FLR,2024-07-17,(any),ticker_already_open_concurrent_block_bug61,,,
VIVO,2024-07-17,(any),ticker_already_open_concurrent_block_bug61,,,
MORF,2024-07-17,(any),ticker_already_open_concurrent_block_bug61,,,
AWK,2024-07-17,(any),ticker_already_open_concurrent_block_bug61,,,
XLE,2024-07-17,hull_rsi,dedup_one_position_per_ticker_per_day,,,
XLE,2024-07-17,cpr_narrow_momentum,dedup_one_position_per_ticker_per_day,,,
XLE,2024-07-17,r1_break_retest,dedup_one_position_per_ticker_per_day,,,
XLE,2024-07-17,break_retest_confluence,dedup_one_position_per_ticker_per_day,,,
XLE,2024-07-17,bollinger_lower,dedup_one_position_per_ticker_per_day,,,
XLE,2024-07-17,bollinger_tight,dedup_one_position_per_ticker_per_day,,,
XLE,2024-07-17,williams_stoch_dual,dedup_one_position_per_ticker_per_day,,,
CG,2024-07-17,golden_cross_20_50,dedup_one_position_per_ticker_per_day,,,
CG,2024-07-17,supertrend_macd,dedup_one_position_per_ticker_per_day,,,
CG,2024-07-17,break_retest_confluence,dedup_one_position_per_ticker_per_day,,,
CG,2024-07-17,stochrsi_oversold,dedup_one_position_per_ticker_per_day,,,
CG,2024-07-17,bollinger_lower,dedup_one_position_per_ticker_per_day,,,
CG,2024-07-17,bollinger_tight,dedup_one_position_per_ticker_per_day,,,
CG,2024-07-17,stochrsi_overbought_short,dedup_one_position_per_ticker_per_day,,,
BAM,2024-07-17,(any),ticker_already_open_concurrent_block_bug61,,,
RF,2024-07-18,cpr_narrow_bullish,level_6_halt_dd_-0.517,,,
CG,2024-07-18,pivot_r1_breakout,level_6_halt_dd_-0.517,,,
VIVO,2024-07-18,hull_rsi,level_6_halt_dd_-0.517,,,
FOX,2024-07-18,cpr_narrow_bullish,level_6_halt_dd_-0.517,,,
AOS,2024-07-18,hull_rsi,level_6_halt_dd_-0.517,,,
HBAN,2024-07-18,hull_rsi,level_6_halt_dd_-0.517,,,
AWK,2024-07-18,cpr_narrow_bullish,level_6_halt_dd_-0.517,,,
MORF,2024-07-18,cpr_narrow_bullish,level_6_halt_dd_-0.517,,,
BAM,2024-07-18,hull_rsi,level_6_halt_dd_-0.517,,,
WMB,2024-07-18,pivot_r2_continuation,level_6_halt_dd_-0.517,,,
HBAN,2024-07-19,pivot_r2_continuation,level_6_halt_dd_-0.517,,,
MORF,2024-07-19,pivot_r2_continuation,level_6_halt_dd_-0.517,,,
WMB,2024-07-19,pivot_r1_breakout,level_6_halt_dd_-0.517,,,
NVDA,2024-07-19,stochrsi_oversold,level_6_halt_dd_-0.517,,,
VIVO,2024-07-19,hull_rsi,level_6_halt_dd_-0.517,,,
SGH,2024-07-19,ichimoku_cloud_breakout,level_6_halt_dd_-0.517,,,
UUUU,2024-07-19,williams_stoch_dual,level_6_halt_dd_-0.517,,,
RF,2024-07-19,hull_rsi,level_6_halt_dd_-0.517,,,
COGT,2024-07-19,cpr_narrow_bullish,level_6_halt_dd_-0.517,,,
CG,2024-07-19,hull_rsi,level_6_halt_dd_-0.517,,,
WMB,2024-07-22,pivot_r1_breakout,level_6_halt_dd_-0.517,,,
HBAN,2024-07-22,cpr_narrow_bullish,level_6_halt_dd_-0.517,,,
BAM,2024-07-22,pivot_r2_continuation,level_6_halt_dd_-0.517,,,
IFF,2024-07-22,cpr_narrow_bullish,level_6_halt_dd_-0.517,,,
RF,2024-07-22,cpr_narrow_bullish,level_6_halt_dd_-0.517,,,
CG,2024-07-22,cpr_narrow_bullish,level_6_halt_dd_-0.517,,,
VIVO,2024-07-22,hull_rsi,level_6_halt_dd_-0.517,,,
REZI,2024-07-22,cpr_narrow_bullish,level_6_halt_dd_-0.517,,,
FOX,2024-07-22,ichimoku_cloud_breakout,level_6_halt_dd_-0.517,,,
GNRC,2024-07-22,cpr_narrow_bullish,level_6_halt_dd_-0.517,,,
CCEP,2024-07-23,bollinger_tight,level_6_halt_dd_-0.516,,,
HBAN,2024-07-23,cpr_narrow_bullish,level_6_halt_dd_-0.516,,,
REZI,2024-07-23,pivot_r2_continuation,level_6_halt_dd_-0.516,,,
BAM,2024-07-23,cpr_narrow_bullish,level_6_halt_dd_-0.516,,,
VET,2024-07-23,bollinger_lower,level_6_halt_dd_-0.516,,,
VIVO,2024-07-23,hull_rsi,level_6_halt_dd_-0.516,,,
AOS,2024-07-23,morning_star,level_6_halt_dd_-0.516,,,
RF,2024-07-23,cpr_narrow_bullish,level_6_halt_dd_-0.516,,,
CG,2024-07-23,cpr_narrow_bullish,level_6_halt_dd_-0.516,,,
FLR,2024-07-23,cpr_narrow_bullish,level_6_halt_dd_-0.516,,,
HST,2024-07-24,bollinger_lower,level_6_halt_dd_-0.516,,,
AOS,2024-07-24,cpr_narrow_bullish,level_6_halt_dd_-0.516,,,
MORF,2024-07-24,cpr_narrow_bullish,level_6_halt_dd_-0.516,,,
VIVO,2024-07-24,hull_rsi,level_6_halt_dd_-0.516,,,
LCID,2024-07-24,ichimoku_cloud_breakout,level_6_halt_dd_-0.516,,,
NVDA,2024-07-24,bollinger_tight,level_6_halt_dd_-0.516,,,
SGH,2024-07-24,ichimoku_cloud_breakout,level_6_halt_dd_-0.516,,,
VET,2024-07-24,bollinger_lower,level_6_halt_dd_-0.516,,,
AWK,2024-07-24,cpr_narrow_bullish,level_6_halt_dd_-0.516,,,
CG,2024-07-24,ichimoku_cloud_breakout,level_6_halt_dd_-0.516,,,
WMB,2024-07-25,ichimoku_cloud_breakout,level_6_halt_dd_-0.522,,,
JCI,2024-07-25,cpr_narrow_bullish,level_6_halt_dd_-0.522,,,
RF,2024-07-25,cpr_narrow_bullish,level_6_halt_dd_-0.522,,,
HBAN,2024-07-25,cpr_narrow_bullish,level_6_halt_dd_-0.522,,,
VIVO,2024-07-25,hull_rsi,level_6_halt_dd_-0.522,,,
NVDA,2024-07-25,bollinger_tight,level_6_halt_dd_-0.522,,,
CG,2024-07-25,cpr_narrow_bullish,level_6_halt_dd_-0.522,,,
MORF,2024-07-25,cpr_narrow_bullish,level_6_halt_dd_-0.522,,,
BHVN,2024-07-25,cpr_narrow_bullish,level_6_halt_dd_-0.522,,,
CCEP,2024-07-25,bollinger_tight,level_6_halt_dd_-0.522,,,
RF,2024-07-26,cpr_narrow_bullish,level_6_halt_dd_-0.522,,,
HBAN,2024-07-26,cpr_narrow_bullish,level_6_halt_dd_-0.522,,,
VET,2024-07-26,stochrsi_oversold,level_6_halt_dd_-0.522,,,
COGT,2024-07-26,cpr_narrow_bullish,level_6_halt_dd_-0.522,,,
REZI,2024-07-26,cpr_narrow_bullish,level_6_halt_dd_-0.522,,,
IFF,2024-07-26,cpr_narrow_bullish,level_6_halt_dd_-0.522,,,
VIVO,2024-07-26,hull_rsi,level_6_halt_dd_-0.522,,,
GNRC,2024-07-26,cpr_narrow_bullish,level_6_halt_dd_-0.522,,,
BDX,2024-07-26,cpr_narrow_bullish,level_6_halt_dd_-0.522,,,
FOX,2024-07-26,cpr_narrow_bullish,level_6_halt_dd_-0.522,,,
FOX,2024-07-29,cpr_narrow_bullish,level_6_halt_dd_-0.522,,,
VFS,2024-07-29,pivot_r1_breakout,level_6_halt_dd_-0.522,,,
HOLX,2024-07-29,cpr_narrow_bullish,level_6_halt_dd_-0.522,,,
VIVO,2024-07-29,hull_rsi,level_6_halt_dd_-0.522,,,
VET,2024-07-29,bollinger_lower,level_6_halt_dd_-0.522,,,
HBAN,2024-07-29,ichimoku_cloud_breakout,level_6_halt_dd_-0.522,,,
BAM,2024-07-29,cpr_narrow_bullish,level_6_halt_dd_-0.522,,,
NVDA,2024-07-29,bollinger_tight,level_6_halt_dd_-0.522,,,
CG,2024-07-29,cpr_narrow_bullish,level_6_halt_dd_-0.522,,,
IFF,2024-07-29,cpr_narrow_bullish,level_6_halt_dd_-0.522,,,
BAM,2024-07-30,pivot_r2_continuation,level_6_halt_dd_-0.522,,,
HBAN,2024-07-30,cpr_narrow_bullish,level_6_halt_dd_-0.522,,,
HOLX,2024-07-30,pivot_r1_breakout,level_6_halt_dd_-0.522,,,
FOX,2024-07-30,pivot_r2_continuation,level_6_halt_dd_-0.522,,,
BDX,2024-07-30,cpr_narrow_bullish,level_6_halt_dd_-0.522,,,
NVDA,2024-07-30,bollinger_tight,level_6_halt_dd_-0.522,,,
RF,2024-07-30,cpr_narrow_bullish,level_6_halt_dd_-0.522,,,
CG,2024-07-30,pivot_r2_continuation,level_6_halt_dd_-0.522,,,
PSX,2024-07-30,pivot_r1_breakout,level_6_halt_dd_-0.522,,,
VIVO,2024-07-30,hull_rsi,level_6_halt_dd_-0.522,,,
CG,2024-07-31,pivot_r1_breakout,level_6_halt_dd_-0.522,,,
JCI,2024-07-31,pivot_r1_breakout,level_6_halt_dd_-0.522,,,
BAM,2024-07-31,cpr_narrow_bullish,level_6_halt_dd_-0.522,,,
VIVO,2024-07-31,hull_rsi,level_6_halt_dd_-0.522,,,
BDX,2024-07-31,cpr_narrow_bullish,level_6_halt_dd_-0.522,,,
HOLX,2024-07-31,hull_rsi,level_6_halt_dd_-0.522,,,
BAC,2024-07-31,bollinger_tight,level_6_halt_dd_-0.522,,,
REZI,2024-07-31,cpr_narrow_bullish,level_6_halt_dd_-0.522,,,
IDYA,2024-07-31,cpr_narrow_bullish,level_6_halt_dd_-0.522,,,
FOX,2024-07-31,hull_rsi,level_6_halt_dd_-0.522,,,
VET,2024-08-01,bollinger_lower,level_6_halt_dd_-0.522,,,
GNRC,2024-08-01,williams_r_oversold,level_6_halt_dd_-0.522,,,
HST,2024-08-01,bollinger_lower,level_6_halt_dd_-0.522,,,
HOLX,2024-08-01,pivot_r1_breakout,level_6_halt_dd_-0.522,,,
UUUU,2024-08-01,bollinger_tight,level_6_halt_dd_-0.522,,,
HBAN,2024-08-01,ichimoku_cloud_breakout,level_6_halt_dd_-0.522,,,
LCID,2024-08-01,ichimoku_cloud_breakout,level_6_halt_dd_-0.522,,,
NVDA,2024-08-01,parabolic_sar_flip,level_6_halt_dd_-0.522,,,
SGH,2024-08-01,ultimate_oscillator,level_6_halt_dd_-0.522,,,
AWK,2024-08-01,pivot_r2_continuation,level_6_halt_dd_-0.522,,,
CG,2024-08-02,williams_r_oversold,level_6_halt_dd_-0.519,,,
BAM,2024-08-02,williams_r_oversold,level_6_halt_dd_-0.519,,,
IFF,2024-08-02,pivot_r1_breakout,level_6_halt_dd_-0.519,,,
XLE,2024-08-02,bollinger_lower,level_6_halt_dd_-0.519,,,
HST,2024-08-02,bollinger_lower,level_6_halt_dd_-0.519,,,
PSX,2024-08-02,bollinger_tight,level_6_halt_dd_-0.519,,,
IDYA,2024-08-02,ichimoku_cloud_breakout,level_6_halt_dd_-0.519,,,
BAC,2024-08-02,ultimate_oscillator,level_6_halt_dd_-0.519,,,
VET,2024-08-02,bollinger_lower,level_6_halt_dd_-0.519,,,
UUUU,2024-08-02,bollinger_lower,level_6_halt_dd_-0.519,,,
UUUU,2024-08-05,cmf_flip,level_6_halt_dd_-0.530,,,
SGH,2024-08-05,stochrsi_oversold,level_6_halt_dd_-0.530,,,
WMB,2024-08-05,bollinger_lower,level_6_halt_dd_-0.530,,,
NVDA,2024-08-05,bollinger_tight,level_6_halt_dd_-0.530,,,
IDYA,2024-08-05,bollinger_lower,level_6_halt_dd_-0.530,,,
HBAN,2024-08-05,williams_r_oversold,level_6_halt_dd_-0.530,,,
BAC,2024-08-05,bollinger_lower,level_6_halt_dd_-0.530,,,
RKLB,2024-08-05,bollinger_lower,level_6_halt_dd_-0.530,,,
RF,2024-08-05,williams_r_oversold,level_6_halt_dd_-0.530,,,
XLE,2024-08-05,bollinger_lower,level_6_halt_dd_-0.530,,,
IDYA,2024-08-06,stochrsi_oversold,level_6_halt_dd_-0.530,,,
FOX,2024-08-06,pivot_r2_continuation,level_6_halt_dd_-0.530,,,
CG,2024-08-06,bollinger_tight,level_6_halt_dd_-0.530,,,
SGH,2024-08-06,stochrsi_oversold,level_6_halt_dd_-0.530,,,
VIVO,2024-08-06,hull_rsi,level_6_halt_dd_-0.530,,,
BAC,2024-08-06,stochrsi_oversold,level_6_halt_dd_-0.530,,,
REZI,2024-08-06,cmf_flip,level_6_halt_dd_-0.530,,,
PSX,2024-08-06,stochrsi_oversold,level_6_halt_dd_-0.530,,,
GNRC,2024-08-06,bollinger_lower,level_6_halt_dd_-0.530,,,
AWK,2024-08-06,ichimoku_cloud_breakout,level_6_halt_dd_-0.530,,,
FOX,2024-08-07,cpr_narrow_bullish,level_6_halt_dd_-0.530,,,
IFF,2024-08-07,bollinger_tight,level_6_halt_dd_-0.530,,,
UUUU,2024-08-07,stochrsi_oversold,level_6_halt_dd_-0.530,,,
BAM,2024-08-07,bollinger_tight,level_6_halt_dd_-0.530,,,
RKLB,2024-08-07,stochrsi_oversold,level_6_halt_dd_-0.530,,,
LCID,2024-08-07,stochrsi_oversold,level_6_halt_dd_-0.530,,,
HBAN,2024-08-07,williams_r_oversold,level_6_halt_dd_-0.530,,,
SGH,2024-08-07,stochrsi_oversold,level_6_halt_dd_-0.530,,,
JCI,2024-08-07,stochrsi_oversold,level_6_halt_dd_-0.530,,,
VIVO,2024-08-07,hull_rsi,level_6_halt_dd_-0.530,,,
VIVO,2024-08-08,hull_rsi,level_6_halt_dd_-0.530,,,
HOLX,2024-08-08,cpr_narrow_bullish,level_6_halt_dd_-0.530,,,
FOX,2024-08-08,hull_rsi,level_6_halt_dd_-0.530,,,
MORF,2024-08-08,pivot_s1_bounce,level_6_halt_dd_-0.530,,,
RF,2024-08-08,stochrsi_oversold,level_6_halt_dd_-0.530,,,
CG,2024-08-08,stochrsi_oversold,level_6_halt_dd_-0.530,,,
REZI,2024-08-08,stochrsi_oversold,level_6_halt_dd_-0.530,,,
HBAN,2024-08-08,ichimoku_cloud_breakout,level_6_halt_dd_-0.530,,,
AOS,2024-08-08,stochrsi_oversold,level_6_halt_dd_-0.530,,,
UUUU,2024-08-08,bollinger_tight,level_6_halt_dd_-0.530,,,
REZI,2024-08-09,cmf_flip,level_6_halt_dd_-0.530,,,
COGT,2024-08-09,williams_r_oversold,level_6_halt_dd_-0.530,,,
UUUU,2024-08-09,bollinger_tight,level_6_halt_dd_-0.530,,,
RKLB,2024-08-09,pivot_r2_continuation,level_6_halt_dd_-0.530,,,
VIVO,2024-08-09,hull_rsi,level_6_halt_dd_-0.530,,,
FOX,2024-08-09,cpr_narrow_bullish,level_6_halt_dd_-0.530,,,
HOLX,2024-08-09,cpr_narrow_bullish,level_6_halt_dd_-0.530,,,
CG,2024-08-09,stochrsi_oversold,level_6_halt_dd_-0.530,,,
AOS,2024-08-09,morning_star,level_6_halt_dd_-0.530,,,
SGH,2024-08-09,morning_star,level_6_halt_dd_-0.530,,,
LCID,2024-08-12,bollinger_tight,level_6_halt_dd_-0.530,,,
AOS,2024-08-12,morning_star,level_6_halt_dd_-0.530,,,
VIVO,2024-08-12,hull_rsi,level_6_halt_dd_-0.530,,,
REZI,2024-08-12,bollinger_tight,level_6_halt_dd_-0.530,,,
COGT,2024-08-12,williams_r_oversold,level_6_halt_dd_-0.530,,,
HST,2024-08-12,williams_stoch_dual,level_6_halt_dd_-0.530,,,
JCI,2024-08-12,cpr_narrow_bullish,level_6_halt_dd_-0.530,,,
MORF,2024-08-12,pivot_r2_continuation,level_6_halt_dd_-0.530,,,
BAM,2024-08-12,bollinger_tight,level_6_halt_dd_-0.530,,,
CSX,2024-08-12,cpr_narrow_bullish,level_6_halt_dd_-0.530,,,
CCEP,2024-08-13,cpr_narrow_bullish,level_6_halt_dd_-0.530,,,
NVDA,2024-08-13,pivot_r2_continuation,level_6_halt_dd_-0.530,,,
VIVO,2024-08-13,hull_rsi,level_6_halt_dd_-0.530,,,
REZI,2024-08-13,stochrsi_oversold,level_6_halt_dd_-0.530,,,
BHVN,2024-08-13,cpr_narrow_bullish,level_6_halt_dd_-0.530,,,
MORF,2024-08-13,pivot_r2_continuation,level_6_halt_dd_-0.530,,,
CSX,2024-08-13,bollinger_tight,level_6_halt_dd_-0.530,,,
RKLB,2024-08-13,macd_crossover,level_6_halt_dd_-0.530,,,
SGH,2024-08-13,pivot_r2_continuation,level_6_halt_dd_-0.530,,,
HBAN,2024-08-13,stochrsi_oversold,level_6_halt_dd_-0.530,,,
COGT,2024-08-14,williams_r_oversold,level_6_halt_dd_-0.530,,,
VIVO,2024-08-14,hull_rsi,level_6_halt_dd_-0.530,,,
CCEP,2024-08-14,cpr_narrow_bullish,level_6_halt_dd_-0.530,,,
BDX,2024-08-14,stochrsi_oversold,level_6_halt_dd_-0.530,,,
REZI,2024-08-14,cpr_narrow_bullish,level_6_halt_dd_-0.530,,,
UUUU,2024-08-14,macd_fast_crossover,level_6_halt_dd_-0.530,,,
MORF,2024-08-14,cpr_narrow_bullish,level_6_halt_dd_-0.530,,,
FOX,2024-08-14,cpr_narrow_bullish,level_6_halt_dd_-0.530,,,
VFS,2024-08-14,cpr_narrow_bullish,level_6_halt_dd_-0.530,,,
RKLB,2024-08-14,cpr_narrow_bullish,level_6_halt_dd_-0.530,,,
CCEP,2024-08-15,cpr_narrow_bullish,level_6_halt_dd_-0.530,,,
FLR,2024-08-15,cpr_narrow_bullish,level_6_halt_dd_-0.530,,,
RKLB,2024-08-15,pivot_r1_breakout,level_6_halt_dd_-0.530,,,
VIVO,2024-08-15,hull_rsi,level_6_halt_dd_-0.530,,,
IFF,2024-08-15,cpr_narrow_bullish,level_6_halt_dd_-0.530,,,
JCI,2024-08-15,cpr_narrow_bullish,level_6_halt_dd_-0.530,,,
HOLX,2024-08-15,ichimoku_cloud_breakout,level_6_halt_dd_-0.530,,,
NVDA,2024-08-15,pivot_r2_continuation,level_6_halt_dd_-0.530,,,
MORF,2024-08-15,pivot_r2_continuation,level_6_halt_dd_-0.530,,,
PSX,2024-08-15,cpr_narrow_bullish,level_6_halt_dd_-0.530,,,
RKLB,2024-08-16,pivot_r1_breakout,level_6_halt_dd_-0.530,,,
WMB,2024-08-16,cpr_narrow_bullish,level_6_halt_dd_-0.530,,,
NVDA,2024-08-16,cpr_narrow_bullish,level_6_halt_dd_-0.530,,,
VIVO,2024-08-16,hull_rsi,level_6_halt_dd_-0.530,,,
CCEP,2024-08-16,cpr_narrow_bullish,level_6_halt_dd_-0.530,,,
COGT,2024-08-16,cpr_narrow_bullish,level_6_halt_dd_-0.530,,,
AOS,2024-08-16,macd_fast_crossover,level_6_halt_dd_-0.530,,,
HST,2024-08-16,macd_crossover,level_6_halt_dd_-0.530,,,
SGH,2024-08-16,macd_crossover,level_6_halt_dd_-0.530,,,
REZI,2024-08-16,stochrsi_oversold,level_6_halt_dd_-0.530,,,
RKLB,2024-08-19,pivot_r1_breakout,level_6_halt_dd_-0.530,,,
COGT,2024-08-19,pivot_r1_breakout,level_6_halt_dd_-0.530,,,
VIVO,2024-08-19,hull_rsi,level_6_halt_dd_-0.530,,,
NVDA,2024-08-19,pivot_r2_continuation,level_6_halt_dd_-0.530,,,
CCEP,2024-08-19,cpr_narrow_bullish,level_6_halt_dd_-0.530,,,
GNRC,2024-08-19,cpr_narrow_bullish,level_6_halt_dd_-0.530,,,
MORF,2024-08-19,pivot_r2_continuation,level_6_halt_dd_-0.530,,,
JCI,2024-08-19,cpr_narrow_bullish,level_6_halt_dd_-0.530,,,
HBAN,2024-08-19,cpr_narrow_bullish,level_6_halt_dd_-0.530,,,
REZI,2024-08-19,macd_fast_crossover,level_6_halt_dd_-0.530,,,
FOX,2024-08-20,cpr_narrow_bullish,level_6_halt_dd_-0.530,,,
CCEP,2024-08-20,cpr_narrow_bullish,level_6_halt_dd_-0.530,,,
RKLB,2024-08-20,hull_rsi,level_6_halt_dd_-0.530,,,
VIVO,2024-08-20,hull_rsi,level_6_halt_dd_-0.530,,,
PSX,2024-08-20,cpr_narrow_bullish,level_6_halt_dd_-0.530,,,
RF,2024-08-20,cpr_narrow_bullish,level_6_halt_dd_-0.530,,,
REZI,2024-08-20,cpr_narrow_bullish,level_6_halt_dd_-0.530,,,
MORF,2024-08-20,pivot_r2_continuation,level_6_halt_dd_-0.530,,,
HOLX,2024-08-20,stochrsi_oversold,level_6_halt_dd_-0.530,,,
COGT,2024-08-20,cpr_narrow_bullish,level_6_halt_dd_-0.530,,,
COGT,2024-08-21,pivot_r1_breakout,level_6_halt_dd_-0.530,,,
FOX,2024-08-21,pivot_r2_continuation,level_6_halt_dd_-0.530,,,
RKLB,2024-08-21,cpr_narrow_bullish,level_6_halt_dd_-0.530,,,
LCID,2024-08-21,cpr_narrow_bullish,level_6_halt_dd_-0.530,,,
VIVO,2024-08-21,hull_rsi,level_6_halt_dd_-0.530,,,
CCEP,2024-08-21,cpr_narrow_bullish,level_6_halt_dd_-0.530,,,
HOLX,2024-08-21,ichimoku_cloud_breakout,level_6_halt_dd_-0.530,,,
NVDA,2024-08-21,cpr_narrow_bullish,level_6_halt_dd_-0.530,,,
HST,2024-08-21,cpr_narrow_bullish,level_6_halt_dd_-0.530,,,
MORF,2024-08-21,pivot_r2_continuation,level_6_halt_dd_-0.530,,,
CCEP,2024-08-22,cpr_narrow_bullish,level_6_halt_dd_-0.530,,,
FOX,2024-08-22,pivot_r2_continuation,level_6_halt_dd_-0.530,,,
VIVO,2024-08-22,hull_rsi,level_6_halt_dd_-0.530,,,
RKLB,2024-08-22,cpr_narrow_bullish,level_6_halt_dd_-0.530,,,
LCID,2024-08-22,pivot_r1_breakout,level_6_halt_dd_-0.530,,,
HBAN,2024-08-22,cpr_narrow_bullish,level_6_halt_dd_-0.530,,,
HOLX,2024-08-22,ichimoku_cloud_breakout,level_6_halt_dd_-0.530,,,
CSX,2024-08-22,cpr_narrow_bullish,level_6_halt_dd_-0.530,,,
MORF,2024-08-22,pivot_r2_continuation,level_6_halt_dd_-0.530,,,
RF,2024-08-22,cpr_narrow_bullish,level_6_halt_dd_-0.530,,,
LCID,2024-08-23,pivot_r1_breakout,level_6_halt_dd_-0.530,,,
FLR,2024-08-23,cpr_narrow_bullish,level_6_halt_dd_-0.530,,,
REZI,2024-08-23,pivot_r2_continuation,level_6_halt_dd_-0.530,,,
CCEP,2024-08-23,cpr_narrow_bullish,level_6_halt_dd_-0.530,,,
FOX,2024-08-23,cpr_narrow_bullish,level_6_halt_dd_-0.530,,,
WMB,2024-08-23,cpr_narrow_bullish,level_6_halt_dd_-0.530,,,
BAM,2024-08-23,cpr_narrow_bullish,level_6_halt_dd_-0.530,,,
VIVO,2024-08-23,hull_rsi,level_6_halt_dd_-0.530,,,
RF,2024-08-23,pivot_r1_breakout,level_6_halt_dd_-0.530,,,
UUUU,2024-08-23,pivot_r1_breakout,level_6_halt_dd_-0.530,,,
LCID,2024-08-26,cpr_narrow_bullish,level_6_halt_dd_-0.530,,,
FOX,2024-08-26,cpr_narrow_bullish,level_6_halt_dd_-0.530,,,
WMB,2024-08-26,cpr_narrow_bullish,level_6_halt_dd_-0.530,,,
CCEP,2024-08-26,cpr_narrow_bullish,level_6_halt_dd_-0.530,,,
JCI,2024-08-26,cpr_narrow_bullish,level_6_halt_dd_-0.530,,,
IFF,2024-08-26,cpr_narrow_bullish,level_6_halt_dd_-0.530,,,
VIVO,2024-08-26,hull_rsi,level_6_halt_dd_-0.530,,,
HBAN,2024-08-26,cpr_narrow_bullish,level_6_halt_dd_-0.530,,,
HOLX,2024-08-26,stochrsi_oversold,level_6_halt_dd_-0.530,,,
RKLB,2024-08-26,ichimoku_cloud_breakout,level_6_halt_dd_-0.530,,,
CCEP,2024-08-27,pivot_r2_continuation,level_6_halt_dd_-0.530,,,
VIVO,2024-08-27,hull_rsi,level_6_halt_dd_-0.530,,,
HOLX,2024-08-27,stochrsi_oversold,level_6_halt_dd_-0.530,,,
FLR,2024-08-27,hull_rsi,level_6_halt_dd_-0.530,,,
BDX,2024-08-27,cpr_narrow_bullish,level_6_halt_dd_-0.530,,,
SGH,2024-08-27,supertrend_macd,level_6_halt_dd_-0.530,,,
FOX,2024-08-27,pivot_s1_bounce,level_6_halt_dd_-0.530,,,
PSX,2024-08-27,cpr_narrow_bullish,level_6_halt_dd_-0.530,,,
MORF,2024-08-27,pivot_r2_continuation,level_6_halt_dd_-0.530,,,
RF,2024-08-27,hull_rsi,level_6_halt_dd_-0.530,,,
HBAN,2024-08-28,cpr_narrow_bullish,level_6_halt_dd_-0.530,,,
RF,2024-08-28,cpr_narrow_bullish,level_6_halt_dd_-0.530,,,
CCEP,2024-08-28,cpr_narrow_bullish,level_6_halt_dd_-0.530,,,
FOX,2024-08-28,cpr_narrow_bullish,level_6_halt_dd_-0.530,,,
VIVO,2024-08-28,hull_rsi,level_6_halt_dd_-0.530,,,
IFF,2024-08-28,cpr_narrow_bullish,level_6_halt_dd_-0.530,,,
REZI,2024-08-28,cpr_narrow_bullish,level_6_halt_dd_-0.530,,,
SGH,2024-08-28,supertrend_macd,level_6_halt_dd_-0.530,,,
RKLB,2024-08-28,ichimoku_cloud_breakout,level_6_halt_dd_-0.530,,,
VFS,2024-08-28,supertrend_macd,level_6_halt_dd_-0.530,,,
RF,2024-08-29,cpr_narrow_bullish,level_6_halt_dd_-0.530,,,
HBAN,2024-08-29,cpr_narrow_bullish,level_6_halt_dd_-0.530,,,
IFF,2024-08-29,cpr_narrow_bullish,level_6_halt_dd_-0.530,,,
VIVO,2024-08-29,hull_rsi,level_6_halt_dd_-0.530,,,
VFS,2024-08-29,supertrend_macd,level_6_halt_dd_-0.530,,,
FLR,2024-08-29,cpr_narrow_bullish,level_6_halt_dd_-0.530,,,
WMB,2024-08-29,cpr_narrow_bullish,level_6_halt_dd_-0.530,,,
BAC,2024-08-29,cpr_narrow_bullish,level_6_halt_dd_-0.530,,,
BDX,2024-08-29,cpr_narrow_bullish,level_6_halt_dd_-0.530,,,
CCEP,2024-08-29,ichimoku_cloud_breakout,level_6_halt_dd_-0.530,,,
RF,2024-08-30,cpr_narrow_bullish,level_6_halt_dd_-0.530,,,
IFF,2024-08-30,cpr_narrow_bullish,level_6_halt_dd_-0.530,,,
CCEP,2024-08-30,cpr_narrow_bullish,level_6_halt_dd_-0.530,,,
VIVO,2024-08-30,hull_rsi,level_6_halt_dd_-0.530,,,
PSX,2024-08-30,pivot_r1_breakout,level_6_halt_dd_-0.530,,,
HBAN,2024-08-30,cpr_narrow_bullish,level_6_halt_dd_-0.530,,,
FOX,2024-08-30,cpr_narrow_bullish,level_6_halt_dd_-0.530,,,
AOS,2024-08-30,cpr_narrow_bullish,level_6_halt_dd_-0.530,,,
CSX,2024-08-30,cpr_narrow_bullish,level_6_halt_dd_-0.530,,,
VFS,2024-08-30,supertrend_macd,level_6_halt_dd_-0.530,,,
RF,2024-09-02,cpr_narrow_bullish,level_6_halt_dd_-0.530,,,
IFF,2024-09-02,cpr_narrow_bullish,level_6_halt_dd_-0.530,,,
CCEP,2024-09-02,cpr_narrow_bullish,level_6_halt_dd_-0.530,,,
VIVO,2024-09-02,hull_rsi,level_6_halt_dd_-0.530,,,
PSX,2024-09-02,pivot_r1_breakout,level_6_halt_dd_-0.530,,,
HBAN,2024-09-02,cpr_narrow_bullish,level_6_halt_dd_-0.530,,,
FOX,2024-09-02,cpr_narrow_bullish,level_6_halt_dd_-0.530,,,
AOS,2024-09-02,cpr_narrow_bullish,level_6_halt_dd_-0.530,,,
CSX,2024-09-02,cpr_narrow_bullish,level_6_halt_dd_-0.530,,,
VFS,2024-09-02,supertrend_macd,level_6_halt_dd_-0.530,,,
VFS,2024-09-03,bollinger_lower,level_6_halt_dd_-0.530,,,
COGT,2024-09-03,cpr_narrow_bullish,level_6_halt_dd_-0.530,,,
FLR,2024-09-03,williams_r_oversold,level_6_halt_dd_-0.530,,,
CG,2024-09-03,bollinger_tight,level_6_halt_dd_-0.530,,,
GNRC,2024-09-03,cpr_narrow_bullish,level_6_halt_dd_-0.530,,,
NVDA,2024-09-03,williams_r_oversold,level_6_halt_dd_-0.530,,,
CCEP,2024-09-03,cpr_narrow_bullish,level_6_halt_dd_-0.530,,,
VIVO,2024-09-03,hull_rsi,level_6_halt_dd_-0.530,,,
BAC,2024-09-03,cpr_narrow_bullish,level_6_halt_dd_-0.530,,,
IFF,2024-09-03,cpr_narrow_bullish,level_6_halt_dd_-0.530,,,
SGH,2024-09-04,bollinger_tight,level_6_halt_dd_-0.530,,,
CCEP,2024-09-04,cpr_narrow_bullish,level_6_halt_dd_-0.530,,,
COGT,2024-09-04,pivot_r1_breakout,level_6_halt_dd_-0.530,,,
XLE,2024-09-04,bollinger_tight,level_6_halt_dd_-0.530,,,
CSX,2024-09-04,cpr_narrow_bullish,level_6_halt_dd_-0.530,,,
VET,2024-09-04,bollinger_lower,level_6_halt_dd_-0.530,,,
AWK,2024-09-04,cpr_narrow_bullish,level_6_halt_dd_-0.530,,,
VIVO,2024-09-04,hull_rsi,level_6_halt_dd_-0.530,,,
BAM,2024-09-04,cpr_narrow_bullish,level_6_halt_dd_-0.530,,,
CG,2024-09-04,bollinger_lower,level_6_halt_dd_-0.530,,,
BDX,2024-09-05,bollinger_tight,level_6_halt_dd_-0.530,,,
AOS,2024-09-05,bollinger_lower,level_6_halt_dd_-0.530,,,
PSX,2024-09-05,bollinger_lower,level_6_halt_dd_-0.530,,,
LCID,2024-09-05,ichimoku_cloud_breakout,level_6_halt_dd_-0.530,,,
GNRC,2024-09-05,williams_r_oversold,level_6_halt_dd_-0.530,,,
JCI,2024-09-05,williams_r_oversold,level_6_halt_dd_-0.530,,,
FLR,2024-09-05,williams_r_oversold,level_6_halt_dd_-0.530,,,
REZI,2024-09-05,morning_star,level_6_halt_dd_-0.530,,,
CCEP,2024-09-05,cpr_narrow_bullish,level_6_halt_dd_-0.530,,,
VIVO,2024-09-05,hull_rsi,level_6_halt_dd_-0.530,,,
UUUU,2024-09-06,bollinger_tight,level_6_halt_dd_-0.530,,,
FLR,2024-09-06,bollinger_lower,level_6_halt_dd_-0.530,,,
GNRC,2024-09-06,williams_r_oversold,level_6_halt_dd_-0.530,,,
CG,2024-09-06,bollinger_lower,level_6_halt_dd_-0.530,,,
VIVO,2024-09-06,hull_rsi,level_6_halt_dd_-0.530,,,
RF,2024-09-06,ichimoku_cloud_breakout,level_6_halt_dd_-0.530,,,
SGH,2024-09-06,bollinger_tight,level_6_halt_dd_-0.530,,,
AOS,2024-09-06,bollinger_lower,level_6_halt_dd_-0.530,,,
BHVN,2024-09-06,stochrsi_oversold,level_6_halt_dd_-0.530,,,
IDYA,2024-09-06,bollinger_lower,level_6_halt_dd_-0.530,,,
BAM,2024-09-09,pivot_r1_breakout,level_6_halt_dd_-0.530,,,
VET,2024-09-09,bollinger_lower,level_6_halt_dd_-0.530,,,
HOLX,2024-09-09,pivot_r2_continuation,level_6_halt_dd_-0.530,,,
CCEP,2024-09-09,cpr_narrow_bullish,level_6_halt_dd_-0.530,,,
VIVO,2024-09-09,hull_rsi,level_6_halt_dd_-0.530,,,
FLR,2024-09-09,bollinger_lower,level_6_halt_dd_-0.530,,,
PSX,2024-09-09,bollinger_lower,level_6_halt_dd_-0.530,,,
UUUU,2024-09-09,bollinger_tight,level_6_halt_dd_-0.530,,,
COGT,2024-09-09,cpr_narrow_bullish,level_6_halt_dd_-0.530,,,
HBAN,2024-09-09,cpr_narrow_bullish,level_6_halt_dd_-0.530,,,
VET,2024-09-10,stochrsi_oversold,level_6_halt_dd_-0.530,,,
PSX,2024-09-10,pivot_s2_bounce,level_6_halt_dd_-0.530,,,
CSX,2024-09-10,cmf_flip,level_6_halt_dd_-0.530,,,
FLR,2024-09-10,stochrsi_oversold,level_6_halt_dd_-0.530,,,
XLE,2024-09-10,stochrsi_oversold,level_6_halt_dd_-0.530,,,
HBAN,2024-09-10,cpr_narrow_bullish,level_6_halt_dd_-0.530,,,
VIVO,2024-09-10,hull_rsi,level_6_halt_dd_-0.530,,,
IDYA,2024-09-10,bollinger_tight,level_6_halt_dd_-0.530,,,
AWK,2024-09-10,pivot_r2_continuation,level_6_halt_dd_-0.530,,,
BAC,2024-09-10,cpr_narrow_bullish,level_6_halt_dd_-0.530,,,
UUUU,2024-09-11,pivot_r1_breakout,level_6_halt_dd_-0.540,,,
IDYA,2024-09-11,pivot_s1_bounce,level_6_halt_dd_-0.540,,,
HOLX,2024-09-11,cpr_narrow_bullish,level_6_halt_dd_-0.540,,,
VIVO,2024-09-11,hull_rsi,level_6_halt_dd_-0.540,,,
AWK,2024-09-11,hull_rsi,level_6_halt_dd_-0.540,,,
XLE,2024-09-11,bollinger_lower,level_6_halt_dd_-0.540,,,
CSX,2024-09-11,prev_day_low_bounce,level_6_halt_dd_-0.540,,,
BHVN,2024-09-11,bollinger_tight,level_6_halt_dd_-0.540,,,
PSX,2024-09-11,bollinger_lower,level_6_halt_dd_-0.540,,,
BAM,2024-09-11,cpr_narrow_bullish,level_6_halt_dd_-0.540,,,
GNRC,2024-09-12,williams_r_oversold,level_6_halt_dd_-0.540,,,
IDYA,2024-09-12,stochrsi_oversold,level_6_halt_dd_-0.540,,,
AWK,2024-09-12,cpr_narrow_bullish,level_6_halt_dd_-0.540,,,
VIVO,2024-09-12,hull_rsi,level_6_halt_dd_-0.540,,,
VFS,2024-09-12,cpr_narrow_bullish,level_6_halt_dd_-0.540,,,
BAM,2024-09-12,prev_day_high_break,level_6_halt_dd_-0.540,,,
UUUU,2024-09-12,cpr_narrow_bullish,level_6_halt_dd_-0.540,,,
FOX,2024-09-12,bollinger_tight,level_6_halt_dd_-0.540,,,
REZI,2024-09-12,golden_cross_50_200,level_6_halt_dd_-0.540,,,
MORF,2024-09-12,pivot_r2_continuation,level_6_halt_dd_-0.540,,,
AWK,2024-09-13,cpr_narrow_bullish,level_6_halt_dd_-0.540,,,
BAM,2024-09-13,cpr_narrow_bullish,level_6_halt_dd_-0.540,,,
VIVO,2024-09-13,hull_rsi,level_6_halt_dd_-0.540,,,
RKLB,2024-09-13,cpr_narrow_bullish,level_6_halt_dd_-0.540,,,
VFS,2024-09-13,cpr_narrow_bullish,level_6_halt_dd_-0.540,,,
HST,2024-09-13,cpr_narrow_bullish,level_6_halt_dd_-0.540,,,
UUUU,2024-09-13,hull_rsi,level_6_halt_dd_-0.540,,,
BAC,2024-09-13,bollinger_tight,level_6_halt_dd_-0.540,,,
GNRC,2024-09-13,bollinger_tight,level_6_halt_dd_-0.540,,,
JCI,2024-09-13,macd_crossover,level_6_halt_dd_-0.540,,,
BAM,2024-09-16,hull_rsi,dedup_one_position_per_ticker_per_day,,,
BAM,2024-09-16,cpr_narrow_momentum,dedup_one_position_per_ticker_per_day,,,
BAM,2024-09-16,52wh_break_retest,dedup_one_position_per_ticker_per_day,,,
BAM,2024-09-16,break_retest_confluence,dedup_one_position_per_ticker_per_day,,,
BAM,2024-09-16,stochrsi_oversold,dedup_one_position_per_ticker_per_day,,,
BAM,2024-09-16,bollinger_lower,dedup_one_position_per_ticker_per_day,,,
BAM,2024-09-16,bollinger_tight,dedup_one_position_per_ticker_per_day,,,
BAM,2024-09-16,williams_stoch_dual,dedup_one_position_per_ticker_per_day,,,
BAM,2024-09-16,stochrsi_overbought_short,dedup_one_position_per_ticker_per_day,,,
AWK,2024-09-16,(any),ticker_already_open_concurrent_block_bug61,,,
VIVO,2024-09-16,(any),ticker_already_open_concurrent_block_bug61,,,
AOS,2024-09-16,macd_crossover,dedup_one_position_per_ticker_per_day,,,
AOS,2024-09-16,hull_rsi,dedup_one_position_per_ticker_per_day,,,
AOS,2024-09-16,tema_dema,dedup_one_position_per_ticker_per_day,,,
AOS,2024-09-16,force_index_breakout,dedup_one_position_per_ticker_per_day,,,
AOS,2024-09-16,three_white_soldiers,dedup_one_position_per_ticker_per_day,,,
AOS,2024-09-16,cpr_narrow_momentum,dedup_one_position_per_ticker_per_day,,,
AOS,2024-09-16,lead_lag_sector_rotation,dedup_one_position_per_ticker_per_day,,,
HOLX,2024-09-16,(any),ticker_already_open_concurrent_block_bug61,,,
REZI,2024-09-16,hull_rsi,dedup_one_position_per_ticker_per_day,,,
REZI,2024-09-16,supertrend_macd,dedup_one_position_per_ticker_per_day,,,
REZI,2024-09-16,cmf_flip,dedup_one_position_per_ticker_per_day,,,
REZI,2024-09-16,force_index_breakout,dedup_one_position_per_ticker_per_day,,,
REZI,2024-09-16,three_white_soldiers,dedup_one_position_per_ticker_per_day,,,
REZI,2024-09-16,lead_lag_sector_rotation,dedup_one_position_per_ticker_per_day,,,
CCEP,2024-09-16,(any),ticker_already_open_concurrent_block_bug61,,,
MORF,2024-09-16,(any),ticker_already_open_concurrent_block_bug61,,,
BDX,2024-09-16,hull_rsi,dedup_one_position_per_ticker_per_day,,,
BDX,2024-09-16,cpr_narrow_momentum,dedup_one_position_per_ticker_per_day,,,
BDX,2024-09-16,hull_rsi_short,dedup_one_position_per_ticker_per_day,,,
BDX,2024-09-16,cpr_narrow_momentum_short,dedup_one_position_per_ticker_per_day,,,
BDX,2024-09-16,lead_lag_sector_rotation,dedup_one_position_per_ticker_per_day,,,
CG,2024-09-16,tema_dema,dedup_one_position_per_ticker_per_day,,,
CG,2024-09-16,supertrend_macd,dedup_one_position_per_ticker_per_day,,,
CG,2024-09-16,three_white_soldiers,dedup_one_position_per_ticker_per_day,,,
CG,2024-09-16,bollinger_tight,dedup_one_position_per_ticker_per_day,,,
AWK,2024-09-17,cpr_narrow_bullish,level_6_halt_dd_-0.540,,,
BAM,2024-09-17,cpr_narrow_bullish,level_6_halt_dd_-0.540,,,
IDYA,2024-09-17,bollinger_tight,level_6_halt_dd_-0.540,,,
VIVO,2024-09-17,hull_rsi,level_6_halt_dd_-0.540,,,
BDX,2024-09-17,bollinger_tight,level_6_halt_dd_-0.540,,,
HOLX,2024-09-17,macd_crossover,level_6_halt_dd_-0.540,,,
CG,2024-09-17,pivot_r1_breakout,level_6_halt_dd_-0.540,,,
HST,2024-09-17,cpr_narrow_bullish,level_6_halt_dd_-0.540,,,
MORF,2024-09-17,pivot_r2_continuation,level_6_halt_dd_-0.540,,,
JCI,2024-09-17,hull_rsi,level_6_halt_dd_-0.540,,,
IDYA,2024-09-18,bollinger_lower,level_6_halt_dd_-0.540,,,
BAM,2024-09-18,cpr_narrow_bullish,level_6_halt_dd_-0.540,,,
VIVO,2024-09-18,hull_rsi,level_6_halt_dd_-0.540,,,
CG,2024-09-18,cpr_narrow_bullish,level_6_halt_dd_-0.540,,,
BDX,2024-09-18,bollinger_tight,level_6_halt_dd_-0.540,,,
GNRC,2024-09-18,macd_fast_crossover,level_6_halt_dd_-0.540,,,
MORF,2024-09-18,pivot_r2_continuation,level_6_halt_dd_-0.540,,,
CSX,2024-09-18,macd_crossover,level_6_halt_dd_-0.540,,,
JCI,2024-09-18,cpr_narrow_bullish,level_6_halt_dd_-0.540,,,
AOS,2024-09-18,cpr_narrow_bullish,level_6_halt_dd_-0.540,,,
HBAN,2024-09-19,pivot_r1_breakout,level_6_halt_dd_-0.540,,,
HST,2024-09-19,pivot_r1_breakout,level_6_halt_dd_-0.540,,,
BAM,2024-09-19,pivot_r2_continuation,level_6_halt_dd_-0.540,,,
HOLX,2024-09-19,cpr_narrow_bullish,level_6_halt_dd_-0.540,,,
FLR,2024-09-19,pivot_r1_breakout,level_6_halt_dd_-0.540,,,
BAC,2024-09-19,cpr_narrow_bullish,level_6_halt_dd_-0.540,,,
JCI,2024-09-19,cpr_narrow_bullish,level_6_halt_dd_-0.540,,,
CSX,2024-09-19,cpr_narrow_bullish,level_6_halt_dd_-0.540,,,
VIVO,2024-09-19,hull_rsi,level_6_halt_dd_-0.540,,,
CG,2024-09-19,cpr_narrow_bullish,level_6_halt_dd_-0.540,,,
UUUU,2024-09-20,pivot_r1_breakout,level_6_halt_dd_-0.540,,,
RKLB,2024-09-20,pivot_r1_breakout,level_6_halt_dd_-0.540,,,
BAM,2024-09-20,hull_rsi,level_6_halt_dd_-0.540,,,
HST,2024-09-20,cpr_narrow_bullish,level_6_halt_dd_-0.540,,,
VIVO,2024-09-20,hull_rsi,level_6_halt_dd_-0.540,,,
IDYA,2024-09-20,bollinger_tight,level_6_halt_dd_-0.540,,,
HOLX,2024-09-20,pivot_r1_breakout,level_6_halt_dd_-0.540,,,
VFS,2024-09-20,cpr_narrow_bullish,level_6_halt_dd_-0.540,,,
CSX,2024-09-20,cpr_narrow_bullish,level_6_halt_dd_-0.540,,,
LCID,2024-09-20,ultimate_oscillator,level_6_halt_dd_-0.540,,,
IDYA,2024-09-23,bollinger_tight,level_6_halt_dd_-0.540,,,
JCI,2024-09-23,pivot_r1_breakout,level_6_halt_dd_-0.540,,,
VIVO,2024-09-23,hull_rsi,level_6_halt_dd_-0.540,,,
LCID,2024-09-23,stochrsi_oversold,level_6_halt_dd_-0.540,,,
WMB,2024-09-23,cpr_narrow_bullish,level_6_halt_dd_-0.540,,,
BHVN,2024-09-23,pivot_r1_breakout,level_6_halt_dd_-0.540,,,
UUUU,2024-09-23,cpr_narrow_bullish,level_6_halt_dd_-0.540,,,
AOS,2024-09-23,cpr_narrow_bullish,level_6_halt_dd_-0.540,,,
RKLB,2024-09-23,cpr_narrow_bullish,level_6_halt_dd_-0.540,,,
BAM,2024-09-23,ichimoku_cloud_breakout,level_6_halt_dd_-0.540,,,
AWK,2024-09-24,ichimoku_cloud_breakout,level_6_halt_dd_-0.540,,,
IDYA,2024-09-24,bollinger_lower,level_6_halt_dd_-0.540,,,
AOS,2024-09-24,cpr_narrow_bullish,level_6_halt_dd_-0.540,,,
HST,2024-09-24,cpr_narrow_bullish,level_6_halt_dd_-0.540,,,
JCI,2024-09-24,cpr_narrow_bullish,level_6_halt_dd_-0.540,,,
BAM,2024-09-24,cpr_narrow_bullish,level_6_halt_dd_-0.540,,,
VIVO,2024-09-24,hull_rsi,level_6_halt_dd_-0.540,,,
RKLB,2024-09-24,cpr_narrow_bullish,level_6_halt_dd_-0.540,,,
FOX,2024-09-24,pivot_r2_continuation,level_6_halt_dd_-0.540,,,
UUUU,2024-09-24,cpr_narrow_bullish,level_6_halt_dd_-0.540,,,
RKLB,2024-09-25,pivot_r1_breakout,level_6_halt_dd_-0.540,,,
BHVN,2024-09-25,pivot_r2_continuation,level_6_halt_dd_-0.540,,,
HOLX,2024-09-25,williams_r_oversold,level_6_halt_dd_-0.540,,,
IDYA,2024-09-25,bollinger_lower,level_6_halt_dd_-0.540,,,
LCID,2024-09-25,ultimate_oscillator,level_6_halt_dd_-0.540,,,
VIVO,2024-09-25,hull_rsi,level_6_halt_dd_-0.540,,,
JCI,2024-09-25,cpr_narrow_bullish,level_6_halt_dd_-0.540,,,
UUUU,2024-09-25,cpr_narrow_bullish,level_6_halt_dd_-0.540,,,
BAM,2024-09-25,cpr_narrow_bullish,level_6_halt_dd_-0.540,,,
AWK,2024-09-25,williams_r_oversold,level_6_halt_dd_-0.540,,,
IDYA,2024-09-26,stochrsi_oversold,level_6_halt_dd_-0.540,,,
JCI,2024-09-26,cpr_narrow_bullish,level_6_halt_dd_-0.540,,,
FOX,2024-09-26,cpr_narrow_bullish,level_6_halt_dd_-0.540,,,
AOS,2024-09-26,pivot_r1_breakout,level_6_halt_dd_-0.540,,,
RKLB,2024-09-26,cpr_narrow_bullish,level_6_halt_dd_-0.540,,,
VIVO,2024-09-26,hull_rsi,level_6_halt_dd_-0.540,,,
SGH,2024-09-26,cpr_narrow_bullish,level_6_halt_dd_-0.540,,,
BHVN,2024-09-26,cpr_narrow_bullish,level_6_halt_dd_-0.540,,,
WMB,2024-09-26,cpr_narrow_bullish,level_6_halt_dd_-0.540,,,
IFF,2024-09-26,cpr_narrow_bullish,level_6_halt_dd_-0.540,,,
RKLB,2024-09-27,pivot_r1_breakout,level_6_halt_dd_-0.540,,,
AOS,2024-09-27,pivot_r1_breakout,level_6_halt_dd_-0.540,,,
FOX,2024-09-27,cpr_narrow_bullish,level_6_halt_dd_-0.540,,,
JCI,2024-09-27,cpr_narrow_bullish,level_6_halt_dd_-0.540,,,
GNRC,2024-09-27,cpr_narrow_bullish,level_6_halt_dd_-0.540,,,
CSX,2024-09-27,cpr_narrow_bullish,level_6_halt_dd_-0.540,,,
VIVO,2024-09-27,hull_rsi,level_6_halt_dd_-0.540,,,
BDX,2024-09-27,cpr_narrow_bullish,level_6_halt_dd_-0.540,,,
SGH,2024-09-27,cpr_narrow_bullish,level_6_halt_dd_-0.540,,,
BAC,2024-09-27,cpr_narrow_bullish,level_6_halt_dd_-0.540,,,
JCI,2024-09-30,cpr_narrow_bullish,level_6_halt_dd_-0.540,,,
RKLB,2024-09-30,cpr_narrow_bullish,level_6_halt_dd_-0.540,,,
VIVO,2024-09-30,hull_rsi,level_6_halt_dd_-0.540,,,
CCEP,2024-09-30,williams_r_oversold,level_6_halt_dd_-0.540,,,
FOX,2024-09-30,hull_rsi,level_6_halt_dd_-0.540,,,
SGH,2024-09-30,hull_rsi,level_6_halt_dd_-0.540,,,
AOS,2024-09-30,hull_rsi,level_6_halt_dd_-0.540,,,
BHVN,2024-09-30,hull_rsi,level_6_halt_dd_-0.540,,,
CG,2024-09-30,pivot_s1_bounce,level_6_halt_dd_-0.540,,,
GNRC,2024-09-30,cpr_narrow_bullish,level_6_halt_dd_-0.540,,,
FOX,2024-10-01,cpr_narrow_bullish,level_6_halt_dd_-0.540,,,
WMB,2024-10-01,cpr_narrow_bullish,level_6_halt_dd_-0.540,,,
BAM,2024-10-01,cpr_narrow_bullish,level_6_halt_dd_-0.540,,,
LCID,2024-10-01,ultimate_oscillator,level_6_halt_dd_-0.540,,,
CCEP,2024-10-01,bollinger_lower,level_6_halt_dd_-0.540,,,
BAC,2024-10-01,cpr_narrow_bullish,level_6_halt_dd_-0.540,,,
VIVO,2024-10-01,hull_rsi,level_6_halt_dd_-0.540,,,
XLE,2024-10-01,pivot_r1_breakout,level_6_halt_dd_-0.540,,,
BDX,2024-10-01,cpr_narrow_bullish,level_6_halt_dd_-0.540,,,
BHVN,2024-10-01,ichimoku_cloud_breakout,level_6_halt_dd_-0.540,,,
RKLB,2024-10-02,cpr_narrow_bullish,level_6_halt_dd_-0.540,,,
GNRC,2024-10-02,cpr_narrow_bullish,level_6_halt_dd_-0.540,,,
UUUU,2024-10-02,cpr_narrow_bullish,level_6_halt_dd_-0.540,,,
VIVO,2024-10-02,hull_rsi,level_6_halt_dd_-0.540,,,
HBAN,2024-10-02,bollinger_tight,level_6_halt_dd_-0.540,,,
HOLX,2024-10-02,williams_r_oversold,level_6_halt_dd_-0.540,,,
WMB,2024-10-02,hull_rsi,level_6_halt_dd_-0.540,,,
BAM,2024-10-02,cpr_narrow_bullish,level_6_halt_dd_-0.540,,,
PSX,2024-10-02,cpr_narrow_bullish,level_6_halt_dd_-0.540,,,
VFS,2024-10-02,stochrsi_oversold,level_6_halt_dd_-0.540,,,
HOLX,2024-10-03,williams_r_oversold,level_6_halt_dd_-0.540,,,
VET,2024-10-03,pivot_r1_breakout,level_6_halt_dd_-0.540,,,
XLE,2024-10-03,cpr_narrow_bullish,level_6_halt_dd_-0.540,,,
IDYA,2024-10-03,bollinger_tight,level_6_halt_dd_-0.540,,,
CG,2024-10-03,pivot_r1_breakout,level_6_halt_dd_-0.540,,,
VIVO,2024-10-03,hull_rsi,level_6_halt_dd_-0.540,,,
CCEP,2024-10-03,bollinger_lower,level_6_halt_dd_-0.540,,,
HBAN,2024-10-03,bollinger_tight,level_6_halt_dd_-0.540,,,
PSX,2024-10-03,cpr_narrow_bullish,level_6_halt_dd_-0.540,,,
HST,2024-10-03,pivot_s1_bounce,level_6_halt_dd_-0.540,,,
XLE,2024-10-04,cpr_narrow_bullish,level_6_halt_dd_-0.540,,,
VIVO,2024-10-04,hull_rsi,level_6_halt_dd_-0.540,,,
FOX,2024-10-04,cpr_narrow_bullish,level_6_halt_dd_-0.540,,,
CG,2024-10-04,pivot_r1_breakout,level_6_halt_dd_-0.540,,,
WMB,2024-10-04,cpr_narrow_bullish,level_6_halt_dd_-0.540,,,
GNRC,2024-10-04,cpr_narrow_bullish,level_6_halt_dd_-0.540,,,
PSX,2024-10-04,cpr_narrow_bullish,level_6_halt_dd_-0.540,,,
IFF,2024-10-04,bollinger_lower,level_6_halt_dd_-0.540,,,
AWK,2024-10-04,williams_r_oversold,level_6_halt_dd_-0.540,,,
RKLB,2024-10-04,cpr_narrow_bullish,level_6_halt_dd_-0.540,,,
GNRC,2024-10-07,pivot_r1_breakout,level_6_halt_dd_-0.540,,,
BHVN,2024-10-07,pivot_r1_breakout,level_6_halt_dd_-0.540,,,
XLE,2024-10-07,cpr_narrow_bullish,level_6_halt_dd_-0.540,,,
CSX,2024-10-07,cpr_narrow_bullish,level_6_halt_dd_-0.540,,,
VIVO,2024-10-07,hull_rsi,level_6_halt_dd_-0.540,,,
FLR,2024-10-07,cpr_narrow_bullish,level_6_halt_dd_-0.540,,,
VFS,2024-10-07,cpr_narrow_bullish,level_6_halt_dd_-0.540,,,
WMB,2024-10-07,hull_rsi,level_6_halt_dd_-0.540,,,
VET,2024-10-07,cpr_narrow_bullish,level_6_halt_dd_-0.540,,,
AWK,2024-10-07,bollinger_lower,level_6_halt_dd_-0.540,,,
VIVO,2024-10-08,hull_rsi,level_6_halt_dd_-0.540,,,
GNRC,2024-10-08,cpr_narrow_bullish,level_6_halt_dd_-0.540,,,
AWK,2024-10-08,stochrsi_oversold,level_6_halt_dd_-0.540,,,
NVDA,2024-10-08,cpr_narrow_bullish,level_6_halt_dd_-0.540,,,
BHVN,2024-10-08,cpr_narrow_bullish,level_6_halt_dd_-0.540,,,
VFS,2024-10-08,cpr_narrow_bullish,level_6_halt_dd_-0.540,,,
MORF,2024-10-08,pivot_r2_continuation,level_6_halt_dd_-0.540,,,
WMB,2024-10-08,hull_rsi,level_6_halt_dd_-0.540,,,
RKLB,2024-10-08,pivot_s1_bounce,level_6_halt_dd_-0.540,,,
UUUU,2024-10-08,cpr_narrow_bullish,level_6_halt_dd_-0.540,,,
AWK,2024-10-09,bollinger_lower,level_6_halt_dd_-0.540,,,
GNRC,2024-10-09,cpr_narrow_bullish,level_6_halt_dd_-0.540,,,
VIVO,2024-10-09,hull_rsi,level_6_halt_dd_-0.540,,,
HBAN,2024-10-09,cpr_narrow_bullish,level_6_halt_dd_-0.540,,,
WMB,2024-10-09,cpr_narrow_bullish,level_6_halt_dd_-0.540,,,
RKLB,2024-10-09,ichimoku_cloud_breakout,level_6_halt_dd_-0.540,,,
CG,2024-10-09,cpr_narrow_bullish,level_6_halt_dd_-0.540,,,
IDYA,2024-10-09,cpr_narrow_bullish,level_6_halt_dd_-0.540,,,
MORF,2024-10-09,pivot_r2_continuation,level_6_halt_dd_-0.540,,,
RF,2024-10-09,cpr_narrow_bullish,level_6_halt_dd_-0.540,,,
BDX,2024-10-10,cpr_narrow_bullish,level_6_halt_dd_-0.535,,,
VIVO,2024-10-10,hull_rsi,level_6_halt_dd_-0.535,,,
AWK,2024-10-10,stochrsi_oversold,level_6_halt_dd_-0.535,,,
CG,2024-10-10,cpr_narrow_bullish,level_6_halt_dd_-0.535,,,
WMB,2024-10-10,cpr_narrow_bullish,level_6_halt_dd_-0.535,,,
LCID,2024-10-10,cpr_narrow_bullish,level_6_halt_dd_-0.535,,,
NVDA,2024-10-10,cpr_narrow_bullish,level_6_halt_dd_-0.535,,,
RKLB,2024-10-10,cpr_narrow_bullish,level_6_halt_dd_-0.535,,,
CSX,2024-10-10,cpr_narrow_bullish,level_6_halt_dd_-0.535,,,
MORF,2024-10-10,pivot_r2_continuation,level_6_halt_dd_-0.535,,,
WMB,2024-10-11,pivot_r1_breakout,level_6_halt_dd_-0.538,,,
AOS,2024-10-11,bollinger_tight,level_6_halt_dd_-0.538,,,
GNRC,2024-10-11,pivot_r2_continuation,level_6_halt_dd_-0.538,,,
CG,2024-10-11,pivot_r2_continuation,level_6_halt_dd_-0.538,,,
BHVN,2024-10-11,pivot_r2_continuation,level_6_halt_dd_-0.538,,,
VIVO,2024-10-11,hull_rsi,level_6_halt_dd_-0.538,,,
CSX,2024-10-11,cpr_narrow_bullish,level_6_halt_dd_-0.538,,,
BAM,2024-10-11,cpr_narrow_bullish,level_6_halt_dd_-0.538,,,
RF,2024-10-11,cpr_narrow_bullish,level_6_halt_dd_-0.538,,,
FLR,2024-10-11,cpr_narrow_bullish,level_6_halt_dd_-0.538,,,
COGT,2024-10-14,cpr_narrow_bullish,level_6_halt_dd_-0.538,,,
NVDA,2024-10-14,cpr_narrow_bullish,level_6_halt_dd_-0.538,,,
BAM,2024-10-14,cpr_narrow_bullish,level_6_halt_dd_-0.538,,,
FLR,2024-10-14,cpr_narrow_bullish,level_6_halt_dd_-0.538,,,
VIVO,2024-10-14,hull_rsi,level_6_halt_dd_-0.538,,,
RF,2024-10-14,cpr_narrow_bullish,level_6_halt_dd_-0.538,,,
WMB,2024-10-14,hull_rsi,level_6_halt_dd_-0.538,,,
CG,2024-10-14,hull_rsi,level_6_halt_dd_-0.538,,,
HOLX,2024-10-14,cpr_narrow_bullish,level_6_halt_dd_-0.538,,,
BHVN,2024-10-14,cpr_narrow_bullish,level_6_halt_dd_-0.538,,,
COGT,2024-10-15,cpr_narrow_bullish,level_6_halt_dd_-0.538,,,
HBAN,2024-10-15,cpr_narrow_bullish,level_6_halt_dd_-0.538,,,
VIVO,2024-10-15,hull_rsi,level_6_halt_dd_-0.538,,,
BDX,2024-10-15,cpr_narrow_bullish,level_6_halt_dd_-0.538,,,
IFF,2024-10-15,cpr_narrow_bullish,level_6_halt_dd_-0.538,,,
WMB,2024-10-15,cpr_narrow_bullish,level_6_halt_dd_-0.538,,,
CG,2024-10-15,cpr_narrow_bullish,level_6_halt_dd_-0.538,,,
VET,2024-10-15,cpr_narrow_bullish,level_6_halt_dd_-0.538,,,
CSX,2024-10-15,cpr_narrow_bullish,level_6_halt_dd_-0.538,,,
BAC,2024-10-15,cpr_narrow_bullish,level_6_halt_dd_-0.538,,,
RKLB,2024-10-16,pivot_r1_breakout,level_6_halt_dd_-0.538,,,
UUUU,2024-10-16,pivot_r1_breakout,level_6_halt_dd_-0.538,,,
BAM,2024-10-16,pivot_r2_continuation,level_6_halt_dd_-0.538,,,
FLR,2024-10-16,pivot_r1_breakout,level_6_halt_dd_-0.538,,,
CG,2024-10-16,cpr_narrow_bullish,level_6_halt_dd_-0.538,,,
WMB,2024-10-16,cpr_narrow_bullish,level_6_halt_dd_-0.538,,,
GNRC,2024-10-16,cpr_narrow_bullish,level_6_halt_dd_-0.538,,,
VIVO,2024-10-16,hull_rsi,level_6_halt_dd_-0.538,,,
HBAN,2024-10-16,cpr_narrow_bullish,level_6_halt_dd_-0.538,,,
REZI,2024-10-16,hull_rsi,level_6_halt_dd_-0.538,,,
CSX,2024-10-17,bollinger_lower,level_6_halt_dd_-0.538,,,
CG,2024-10-17,pivot_r1_breakout,level_6_halt_dd_-0.538,,,
BAM,2024-10-17,pivot_r1_breakout,level_6_halt_dd_-0.538,,,
LCID,2024-10-17,bollinger_lower,level_6_halt_dd_-0.538,,,
WMB,2024-10-17,cpr_narrow_bullish,level_6_halt_dd_-0.538,,,
VIVO,2024-10-17,hull_rsi,level_6_halt_dd_-0.538,,,
UUUU,2024-10-17,cpr_narrow_bullish,level_6_halt_dd_-0.538,,,
FLR,2024-10-17,cpr_narrow_bullish,level_6_halt_dd_-0.538,,,
RF,2024-10-17,hull_rsi,level_6_halt_dd_-0.538,,,
COGT,2024-10-17,cpr_narrow_bullish,level_6_halt_dd_-0.538,,,
FLR,2024-10-18,pivot_r1_breakout,level_6_halt_dd_-0.538,,,
AOS,2024-10-18,stochrsi_oversold,level_6_halt_dd_-0.538,,,
COGT,2024-10-18,cpr_narrow_bullish,level_6_halt_dd_-0.538,,,
CG,2024-10-18,pivot_r1_breakout,level_6_halt_dd_-0.538,,,
BAM,2024-10-18,cpr_narrow_bullish,level_6_halt_dd_-0.538,,,
WMB,2024-10-18,cpr_narrow_bullish,level_6_halt_dd_-0.538,,,
LCID,2024-10-18,bollinger_lower,level_6_halt_dd_-0.538,,,
VIVO,2024-10-18,hull_rsi,level_6_halt_dd_-0.538,,,
VFS,2024-10-18,cpr_narrow_bullish,level_6_halt_dd_-0.538,,,
UUUU,2024-10-18,cpr_narrow_bullish,level_6_halt_dd_-0.538,,,
RKLB,2024-10-21,cpr_narrow_bullish,level_6_halt_dd_-0.538,,,
AOS,2024-10-21,stochrsi_oversold,level_6_halt_dd_-0.538,,,
LCID,2024-10-21,stochrsi_oversold,level_6_halt_dd_-0.538,,,
VIVO,2024-10-21,hull_rsi,level_6_halt_dd_-0.538,,,
COGT,2024-10-21,cpr_narrow_bullish,level_6_halt_dd_-0.538,,,
CSX,2024-10-21,stochrsi_oversold,level_6_halt_dd_-0.538,,,
UUUU,2024-10-21,cpr_narrow_bullish,level_6_halt_dd_-0.538,,,
NVDA,2024-10-21,cpr_narrow_bullish,level_6_halt_dd_-0.538,,,
BAM,2024-10-21,hull_rsi,level_6_halt_dd_-0.538,,,
CG,2024-10-21,hull_rsi,level_6_halt_dd_-0.538,,,
VFS,2024-10-22,pivot_r1_breakout,level_6_halt_dd_-0.538,,,
COGT,2024-10-22,cpr_narrow_bullish,level_6_halt_dd_-0.538,,,
AOS,2024-10-22,stochrsi_oversold,level_6_halt_dd_-0.538,,,
VIVO,2024-10-22,hull_rsi,level_6_halt_dd_-0.538,,,
WMB,2024-10-22,cpr_narrow_bullish,level_6_halt_dd_-0.538,,,
LCID,2024-10-22,stochrsi_oversold,level_6_halt_dd_-0.538,,,
HBAN,2024-10-22,cpr_narrow_bullish,level_6_halt_dd_-0.538,,,
RKLB,2024-10-22,hull_rsi,level_6_halt_dd_-0.538,,,
UUUU,2024-10-22,hull_rsi,level_6_halt_dd_-0.538,,,
CG,2024-10-22,ichimoku_cloud_breakout,level_6_halt_dd_-0.538,,,
AOS,2024-10-23,stochrsi_oversold,level_6_halt_dd_-0.538,,,
VIVO,2024-10-23,hull_rsi,level_6_halt_dd_-0.538,,,
LCID,2024-10-23,bollinger_tight,level_6_halt_dd_-0.538,,,
COGT,2024-10-23,cpr_narrow_bullish,level_6_halt_dd_-0.538,,,
PSX,2024-10-23,cmf_flip,level_6_halt_dd_-0.538,,,
HST,2024-10-23,bollinger_tight,level_6_halt_dd_-0.538,,,
BAM,2024-10-23,cpr_narrow_bullish,level_6_halt_dd_-0.538,,,
RKLB,2024-10-23,ichimoku_cloud_breakout,level_6_halt_dd_-0.538,,,
XLE,2024-10-23,williams_r_oversold,level_6_halt_dd_-0.538,,,
CSX,2024-10-23,williams_stoch_dual,level_6_halt_dd_-0.538,,,
BAM,2024-10-24,pivot_r1_breakout,level_6_halt_dd_-0.538,,,
LCID,2024-10-24,stochrsi_oversold,level_6_halt_dd_-0.538,,,
BAC,2024-10-24,cpr_narrow_bullish,level_6_halt_dd_-0.538,,,
VIVO,2024-10-24,hull_rsi,level_6_halt_dd_-0.538,,,
CG,2024-10-24,cpr_narrow_bullish,level_6_halt_dd_-0.538,,,
CSX,2024-10-24,bollinger_tight,level_6_halt_dd_-0.538,,,
VFS,2024-10-24,pivot_r1_breakout,level_6_halt_dd_-0.538,,,
RKLB,2024-10-24,cpr_narrow_bullish,level_6_halt_dd_-0.538,,,
RF,2024-10-24,cpr_narrow_bullish,level_6_halt_dd_-0.538,,,
REZI,2024-10-24,cpr_narrow_bullish,level_6_halt_dd_-0.538,,,
VIVO,2024-10-25,hull_rsi,level_6_halt_dd_-0.538,,,
BAM,2024-10-25,cpr_narrow_bullish,level_6_halt_dd_-0.538,,,
AOS,2024-10-25,morning_star,level_6_halt_dd_-0.538,,,
WMB,2024-10-25,cpr_narrow_bullish,level_6_halt_dd_-0.538,,,
LCID,2024-10-25,bollinger_tight,level_6_halt_dd_-0.538,,,
IFF,2024-10-25,cpr_narrow_bullish,level_6_halt_dd_-0.538,,,
PSX,2024-10-25,bollinger_tight,level_6_halt_dd_-0.538,,,
MORF,2024-10-25,pivot_r2_continuation,level_6_halt_dd_-0.538,,,
CG,2024-10-25,cpr_narrow_bullish,level_6_halt_dd_-0.538,,,
GNRC,2024-10-25,williams_r_oversold,level_6_halt_dd_-0.538,,,
BAM,2024-10-28,cpr_narrow_bullish,level_6_halt_dd_-0.538,,,
VIVO,2024-10-28,hull_rsi,level_6_halt_dd_-0.538,,,
HOLX,2024-10-28,cpr_narrow_bullish,level_6_halt_dd_-0.538,,,
WMB,2024-10-28,ichimoku_cloud_breakout,level_6_halt_dd_-0.538,,,
AOS,2024-10-28,stochrsi_oversold,level_6_halt_dd_-0.538,,,
MORF,2024-10-28,pivot_r2_continuation,level_6_halt_dd_-0.538,,,
BAC,2024-10-28,cpr_narrow_bullish,level_6_halt_dd_-0.538,,,
HBAN,2024-10-28,cpr_narrow_bullish,level_6_halt_dd_-0.538,,,
RKLB,2024-10-28,cpr_narrow_bullish,level_6_halt_dd_-0.538,,,
XLE,2024-10-28,cpr_narrow_bullish,level_6_halt_dd_-0.538,,,
PSX,2024-10-29,bollinger_lower,level_6_halt_dd_-0.538,,,
BAM,2024-10-29,cpr_narrow_bullish,level_6_halt_dd_-0.538,,,
CCEP,2024-10-29,williams_r_oversold,level_6_halt_dd_-0.538,,,
AWK,2024-10-29,bollinger_tight,level_6_halt_dd_-0.538,,,
VIVO,2024-10-29,hull_rsi,level_6_halt_dd_-0.538,,,
COGT,2024-10-29,ichimoku_cloud_breakout,level_6_halt_dd_-0.538,,,
BHVN,2024-10-29,stochrsi_oversold,level_6_halt_dd_-0.538,,,
LCID,2024-10-29,cpr_narrow_bullish,level_6_halt_dd_-0.538,,,
IFF,2024-10-29,morning_star,level_6_halt_dd_-0.538,,,
CSX,2024-10-29,williams_stoch_dual,level_6_halt_dd_-0.538,,,
RF,2024-10-30,cpr_narrow_bullish,level_6_halt_dd_-0.538,,,
BAM,2024-10-30,cpr_narrow_bullish,level_6_halt_dd_-0.538,,,
LCID,2024-10-30,williams_stoch_dual,level_6_halt_dd_-0.538,,,
VIVO,2024-10-30,hull_rsi,level_6_halt_dd_-0.538,,,
PSX,2024-10-30,bollinger_lower,level_6_halt_dd_-0.538,,,
AOS,2024-10-30,inside_bar_breakout,level_6_halt_dd_-0.538,,,
AWK,2024-10-30,bollinger_tight,level_6_halt_dd_-0.538,,,
COGT,2024-10-30,cpr_narrow_bullish,level_6_halt_dd_-0.538,,,
MORF,2024-10-30,pivot_r2_continuation,level_6_halt_dd_-0.538,,,
XLE,2024-10-30,bollinger_tight,level_6_halt_dd_-0.538,,,
LCID,2024-10-31,bollinger_tight,level_6_halt_dd_-0.538,,,
BDX,2024-10-31,bollinger_lower,level_6_halt_dd_-0.538,,,
IFF,2024-10-31,williams_r_oversold,level_6_halt_dd_-0.538,,,
AOS,2024-10-31,williams_stoch_dual,level_6_halt_dd_-0.538,,,
VIVO,2024-10-31,hull_rsi,level_6_halt_dd_-0.538,,,
COGT,2024-10-31,ichimoku_cloud_breakout,level_6_halt_dd_-0.538,,,
PSX,2024-10-31,bollinger_lower,level_6_halt_dd_-0.538,,,
RKLB,2024-10-31,pivot_s1_bounce,level_6_halt_dd_-0.538,,,
BAC,2024-10-31,ichimoku_cloud_breakout,level_6_halt_dd_-0.538,,,
JCI,2024-10-31,williams_r_oversold,level_6_halt_dd_-0.538,,,
HOLX,2024-11-01,cpr_narrow_bullish,level_6_halt_dd_-0.538,,,
UUUU,2024-11-01,ichimoku_cloud_breakout,level_6_halt_dd_-0.538,,,
XLE,2024-11-01,bollinger_tight,level_6_halt_dd_-0.538,,,
PSX,2024-11-01,bollinger_lower,level_6_halt_dd_-0.538,,,
AWK,2024-11-01,bollinger_tight,level_6_halt_dd_-0.538,,,
VIVO,2024-11-01,hull_rsi,level_6_halt_dd_-0.538,,,
RF,2024-11-01,ichimoku_cloud_breakout,level_6_halt_dd_-0.538,,,
BAM,2024-11-01,cpr_narrow_bullish,level_6_halt_dd_-0.538,,,
LCID,2024-11-01,stochrsi_oversold,level_6_halt_dd_-0.538,,,
IFF,2024-11-01,williams_r_oversold,level_6_halt_dd_-0.538,,,
BAM,2024-11-04,pivot_r1_breakout,level_6_halt_dd_-0.538,,,
VFS,2024-11-04,williams_stoch_dual,level_6_halt_dd_-0.538,,,
FOX,2024-11-04,pivot_r1_breakout,level_6_halt_dd_-0.538,,,
JCI,2024-11-04,bollinger_lower,level_6_halt_dd_-0.538,,,
VIVO,2024-11-04,hull_rsi,level_6_halt_dd_-0.538,,,
IFF,2024-11-04,bollinger_lower,level_6_halt_dd_-0.538,,,
BDX,2024-11-04,bollinger_tight,level_6_halt_dd_-0.538,,,
HOLX,2024-11-04,pivot_r1_breakout,level_6_halt_dd_-0.538,,,
CCEP,2024-11-04,bollinger_lower,level_6_halt_dd_-0.538,,,
AOS,2024-11-04,macd_fast_crossover,level_6_halt_dd_-0.538,,,
COGT,2024-11-05,bollinger_lower,level_6_halt_dd_-0.538,,,
HOLX,2024-11-05,williams_r_oversold,level_6_halt_dd_-0.538,,,
GNRC,2024-11-05,pivot_r1_breakout,level_6_halt_dd_-0.538,,,
BAM,2024-11-05,cpr_narrow_bullish,level_6_halt_dd_-0.538,,,
VIVO,2024-11-05,hull_rsi,level_6_halt_dd_-0.538,,,
LCID,2024-11-05,macd_fast_crossover,level_6_halt_dd_-0.538,,,
IFF,2024-11-05,stochrsi_oversold,level_6_halt_dd_-0.538,,,
FOX,2024-11-05,hull_rsi,level_6_halt_dd_-0.538,,,
RKLB,2024-11-05,pivot_r2_continuation,level_6_halt_dd_-0.538,,,
MORF,2024-11-05,pivot_r2_continuation,level_6_halt_dd_-0.538,,,
RF,2024-11-06,pivot_r1_breakout,level_6_halt_dd_-0.537,,,
HBAN,2024-11-06,pivot_r1_breakout,level_6_halt_dd_-0.537,,,
RKLB,2024-11-06,pivot_r2_continuation,level_6_halt_dd_-0.537,,,
REZI,2024-11-06,pivot_r1_breakout,level_6_halt_dd_-0.537,,,
CSX,2024-11-06,pivot_r1_breakout,level_6_halt_dd_-0.537,,,
FLR,2024-11-06,pivot_r1_breakout,level_6_halt_dd_-0.537,,,
IFF,2024-11-06,bollinger_lower,level_6_halt_dd_-0.537,,,
FOX,2024-11-06,pivot_r1_breakout,level_6_halt_dd_-0.537,,,
BAC,2024-11-06,pivot_r1_breakout,level_6_halt_dd_-0.537,,,
XLE,2024-11-06,pivot_r1_breakout,level_6_halt_dd_-0.537,,,
BDX,2024-11-07,bollinger_lower,level_6_halt_dd_-0.537,,,
COGT,2024-11-07,bollinger_lower,level_6_halt_dd_-0.537,,,
JCI,2024-11-07,cpr_narrow_bullish,level_6_halt_dd_-0.537,,,
IFF,2024-11-07,camarilla_r3_breakout,level_6_halt_dd_-0.537,,,
HOLX,2024-11-07,bollinger_tight,level_6_halt_dd_-0.537,,,
NVDA,2024-11-07,cpr_narrow_bullish,level_6_halt_dd_-0.537,,,
FLR,2024-11-07,cpr_narrow_bullish,level_6_halt_dd_-0.537,,,
WMB,2024-11-07,cpr_narrow_bullish,level_6_halt_dd_-0.537,,,
RKLB,2024-11-07,hull_rsi,level_6_halt_dd_-0.537,,,
GNRC,2024-11-07,cpr_narrow_bullish,level_6_halt_dd_-0.537,,,
FLR,2024-11-08,pivot_r1_breakout,level_6_halt_dd_-0.537,,,
REZI,2024-11-08,pivot_r1_breakout,level_6_halt_dd_-0.537,,,
JCI,2024-11-08,cpr_narrow_bullish,level_6_halt_dd_-0.537,,,
RKLB,2024-11-08,cpr_narrow_bullish,level_6_halt_dd_-0.537,,,
BAM,2024-11-08,hull_rsi,level_6_halt_dd_-0.537,,,
WMB,2024-11-08,cpr_narrow_bullish,level_6_halt_dd_-0.537,,,
GNRC,2024-11-08,cpr_narrow_bullish,level_6_halt_dd_-0.537,,,
HOLX,2024-11-08,williams_r_oversold,level_6_halt_dd_-0.537,,,
AOS,2024-11-08,pivot_r2_continuation,level_6_halt_dd_-0.537,,,
BAC,2024-11-08,cpr_narrow_bullish,level_6_halt_dd_-0.537,,,
CG,2024-11-11,pivot_r1_breakout,level_6_halt_dd_-0.537,,,
RKLB,2024-11-11,pivot_r1_breakout,level_6_halt_dd_-0.537,,,
WMB,2024-11-11,cpr_narrow_bullish,level_6_halt_dd_-0.537,,,
BAM,2024-11-11,pivot_r2_continuation,level_6_halt_dd_-0.537,,,
FLR,2024-11-11,williams_r_oversold,level_6_halt_dd_-0.537,,,
GNRC,2024-11-11,pivot_r2_continuation,level_6_halt_dd_-0.537,,,
JCI,2024-11-11,cpr_narrow_bullish,level_6_halt_dd_-0.537,,,
FOX,2024-11-11,pivot_r2_continuation,level_6_halt_dd_-0.537,,,
REZI,2024-11-11,camarilla_r3_breakout,level_6_halt_dd_-0.537,,,
XLE,2024-11-11,cpr_narrow_bullish,level_6_halt_dd_-0.537,,,
AOS,2024-11-12,bollinger_tight,level_6_halt_dd_-0.537,,,
RKLB,2024-11-12,cpr_narrow_bullish,level_6_halt_dd_-0.537,,,
AWK,2024-11-12,bollinger_tight,level_6_halt_dd_-0.537,,,
FOX,2024-11-12,pivot_r2_continuation,level_6_halt_dd_-0.537,,,
REZI,2024-11-12,cpr_narrow_bullish,level_6_halt_dd_-0.537,,,
VIVO,2024-11-12,hull_rsi,level_6_halt_dd_-0.537,,,
WMB,2024-11-12,hull_rsi,level_6_halt_dd_-0.537,,,
IFF,2024-11-12,bollinger_tight,level_6_halt_dd_-0.537,,,
BDX,2024-11-12,bollinger_tight,level_6_halt_dd_-0.537,,,
NVDA,2024-11-12,cpr_narrow_bullish,level_6_halt_dd_-0.537,,,
RKLB,2024-11-13,pivot_r1_breakout,level_6_halt_dd_-0.537,,,
REZI,2024-11-13,pivot_r1_breakout,level_6_halt_dd_-0.537,,,
BHVN,2024-11-13,bollinger_tight,level_6_halt_dd_-0.537,,,
FOX,2024-11-13,hull_rsi,level_6_halt_dd_-0.537,,,
JCI,2024-11-13,hull_rsi,level_6_halt_dd_-0.537,,,
VIVO,2024-11-13,hull_rsi,level_6_halt_dd_-0.537,,,
CSX,2024-11-13,cpr_narrow_bullish,level_6_halt_dd_-0.537,,,
GNRC,2024-11-13,ichimoku_tk_cross,level_6_halt_dd_-0.537,,,
HBAN,2024-11-13,hull_rsi,level_6_halt_dd_-0.537,,,
AWK,2024-11-13,bollinger_tight,level_6_halt_dd_-0.537,,,
FOX,2024-11-14,pivot_r1_breakout,level_6_halt_dd_-0.537,,,
BDX,2024-11-14,bollinger_lower,level_6_halt_dd_-0.537,,,
RKLB,2024-11-14,hull_rsi,level_6_halt_dd_-0.537,,,
AOS,2024-11-14,bollinger_tight,level_6_halt_dd_-0.537,,,
HOLX,2024-11-14,bollinger_lower,level_6_halt_dd_-0.537,,,
VIVO,2024-11-14,hull_rsi,level_6_halt_dd_-0.537,,,
AWK,2024-11-14,bollinger_tight,level_6_halt_dd_-0.537,,,
VET,2024-11-14,cpr_narrow_bullish,level_6_halt_dd_-0.537,,,
REZI,2024-11-14,cpr_narrow_bullish,level_6_halt_dd_-0.537,,,
BAM,2024-11-14,ichimoku_cloud_breakout,level_6_halt_dd_-0.537,,,
BHVN,2024-11-15,ultimate_oscillator,level_6_halt_dd_-0.537,,,
IDYA,2024-11-15,bollinger_lower,level_6_halt_dd_-0.537,,,
LCID,2024-11-15,supertrend_macd,level_6_halt_dd_-0.537,,,
RKLB,2024-11-15,pivot_r1_breakout,level_6_halt_dd_-0.537,,,
IFF,2024-11-15,bollinger_tight,level_6_halt_dd_-0.537,,,
AOS,2024-11-15,bollinger_tight,level_6_halt_dd_-0.537,,,
BAC,2024-11-15,pivot_r2_continuation,level_6_halt_dd_-0.537,,,
WMB,2024-11-15,pivot_r2_continuation,level_6_halt_dd_-0.537,,,
HBAN,2024-11-15,cpr_narrow_bullish,level_6_halt_dd_-0.537,,,
COGT,2024-11-15,ultimate_oscillator,level_6_halt_dd_-0.537,,,
WMB,2024-11-18,cpr_narrow_bullish,dedup_one_position_per_ticker_per_day,,,
WMB,2024-11-18,macd_fast_crossover,dedup_one_position_per_ticker_per_day,,,
WMB,2024-11-18,hull_rsi,dedup_one_position_per_ticker_per_day,,,
WMB,2024-11-18,ichimoku_cloud_breakout,dedup_one_position_per_ticker_per_day,,,
WMB,2024-11-18,supertrend_macd,dedup_one_position_per_ticker_per_day,,,
WMB,2024-11-18,cpr_narrow_momentum,dedup_one_position_per_ticker_per_day,,,
WMB,2024-11-18,supertrend_ichimoku_adx,dedup_one_position_per_ticker_per_day,,,
WMB,2024-11-18,r1_break_retest,dedup_one_position_per_ticker_per_day,,,
WMB,2024-11-18,52wh_break_retest,dedup_one_position_per_ticker_per_day,,,
WMB,2024-11-18,break_retest_confluence,dedup_one_position_per_ticker_per_day,,,
WMB,2024-11-18,bollinger_tight,dedup_one_position_per_ticker_per_day,,,
COGT,2024-11-18,keltner_lower,dedup_one_position_per_ticker_per_day,,,
COGT,2024-11-18,cpr_narrow_bullish,dedup_one_position_per_ticker_per_day,,,
COGT,2024-11-18,hull_rsi,dedup_one_position_per_ticker_per_day,,,
COGT,2024-11-18,ichimoku_cloud_breakout,dedup_one_position_per_ticker_per_day,,,
COGT,2024-11-18,adx_initiation,dedup_one_position_per_ticker_per_day,,,
COGT,2024-11-18,cpr_narrow_momentum,dedup_one_position_per_ticker_per_day,,,
COGT,2024-11-18,hull_rsi_short,dedup_one_position_per_ticker_per_day,,,
COGT,2024-11-18,cpr_narrow_momentum_short,dedup_one_position_per_ticker_per_day,,,
COGT,2024-11-18,dc20_break_retest,dedup_one_position_per_ticker_per_day,,,
COGT,2024-11-18,break_retest_confluence,dedup_one_position_per_ticker_per_day,,,
COGT,2024-11-18,lead_lag_sector_rotation,dedup_one_position_per_ticker_per_day,,,
UUUU,2024-11-18,cpr_narrow_bullish,dedup_one_position_per_ticker_per_day,,,
UUUU,2024-11-18,prev_day_high_break,dedup_one_position_per_ticker_per_day,,,
UUUU,2024-11-18,hull_rsi,dedup_one_position_per_ticker_per_day,,,
UUUU,2024-11-18,golden_cross_50_200,dedup_one_position_per_ticker_per_day,,,
UUUU,2024-11-18,tema_dema,dedup_one_position_per_ticker_per_day,,,
UUUU,2024-11-18,supertrend_macd,dedup_one_position_per_ticker_per_day,,,
UUUU,2024-11-18,cpr_narrow_momentum,dedup_one_position_per_ticker_per_day,,,
UUUU,2024-11-18,bollinger_lower,dedup_one_position_per_ticker_per_day,,,
UUUU,2024-11-18,bollinger_tight,dedup_one_position_per_ticker_per_day,,,
HBAN,2024-11-18,ichimoku_cloud_breakout,dedup_one_position_per_ticker_per_day,,,
HBAN,2024-11-18,adx_initiation,dedup_one_position_per_ticker_per_day,,,
HBAN,2024-11-18,supertrend_macd,dedup_one_position_per_ticker_per_day,,,
HBAN,2024-11-18,cpr_narrow_momentum,dedup_one_position_per_ticker_per_day,,,
HBAN,2024-11-18,supertrend_ichimoku_adx,dedup_one_position_per_ticker_per_day,,,
HBAN,2024-11-18,52wh_break_retest,dedup_one_position_per_ticker_per_day,,,
HBAN,2024-11-18,break_retest_confluence,dedup_one_position_per_ticker_per_day,,,
HBAN,2024-11-18,camarilla_s3_bounce,dedup_one_position_per_ticker_per_day,,,
HBAN,2024-11-18,williams_stoch_dual,dedup_one_position_per_ticker_per_day,,,
BHVN,2024-11-18,bollinger_lower,dedup_one_position_per_ticker_per_day,,,
BHVN,2024-11-18,bollinger_tight,dedup_one_position_per_ticker_per_day,,,
BHVN,2024-11-18,cpr_narrow_bullish,dedup_one_position_per_ticker_per_day,,,
BHVN,2024-11-18,hull_rsi,dedup_one_position_per_ticker_per_day,,,
BHVN,2024-11-18,cpr_narrow_momentum,dedup_one_position_per_ticker_per_day,,,
BHVN,2024-11-18,hull_rsi_short,dedup_one_position_per_ticker_per_day,,,
BHVN,2024-11-18,cpr_narrow_momentum_short,dedup_one_position_per_ticker_per_day,,,
BHVN,2024-11-18,break_retest_confluence,dedup_one_position_per_ticker_per_day,,,
BHVN,2024-11-18,lead_lag_sector_rotation,dedup_one_position_per_ticker_per_day,,,
RKLB,2024-11-18,hull_rsi,dedup_one_position_per_ticker_per_day,,,
RKLB,2024-11-18,ichimoku_cloud_breakout,dedup_one_position_per_ticker_per_day,,,
RKLB,2024-11-18,adx_initiation,dedup_one_position_per_ticker_per_day,,,
RKLB,2024-11-18,supertrend_macd,dedup_one_position_per_ticker_per_day,,,
RKLB,2024-11-18,cpr_narrow_momentum,dedup_one_position_per_ticker_per_day,,,
RKLB,2024-11-18,supertrend_ichimoku_adx,dedup_one_position_per_ticker_per_day,,,
RKLB,2024-11-18,break_retest_confluence,dedup_one_position_per_ticker_per_day,,,
RKLB,2024-11-18,bollinger_tight,dedup_one_position_per_ticker_per_day,,,
VIVO,2024-11-18,(any),ticker_already_open_concurrent_block_bug61,,,
AOS,2024-11-18,cpr_narrow_bullish,dedup_one_position_per_ticker_per_day,,,
AOS,2024-11-18,hull_rsi,dedup_one_position_per_ticker_per_day,,,
AOS,2024-11-18,ichimoku_cloud_breakout,dedup_one_position_per_ticker_per_day,,,
AOS,2024-11-18,cpr_narrow_momentum,dedup_one_position_per_ticker_per_day,,,
AOS,2024-11-18,hull_rsi_short,dedup_one_position_per_ticker_per_day,,,
AOS,2024-11-18,cpr_narrow_momentum_short,dedup_one_position_per_ticker_per_day,,,
AOS,2024-11-18,break_retest_confluence,dedup_one_position_per_ticker_per_day,,,
AOS,2024-11-18,lead_lag_sector_rotation,dedup_one_position_per_ticker_per_day,,,
IDYA,2024-11-18,bollinger_tight,dedup_one_position_per_ticker_per_day,,,
IDYA,2024-11-18,cpr_narrow_bullish,dedup_one_position_per_ticker_per_day,,,
IDYA,2024-11-18,hull_rsi,dedup_one_position_per_ticker_per_day,,,
IDYA,2024-11-18,awesome_oscillator,dedup_one_position_per_ticker_per_day,,,
IDYA,2024-11-18,cpr_narrow_momentum,dedup_one_position_per_ticker_per_day,,,
IDYA,2024-11-18,hull_rsi_short,dedup_one_position_per_ticker_per_day,,,
IDYA,2024-11-18,cpr_narrow_momentum_short,dedup_one_position_per_ticker_per_day,,,
IDYA,2024-11-18,lead_lag_sector_rotation,dedup_one_position_per_ticker_per_day,,,
BDX,2024-11-18,(any),ticker_already_open_concurrent_block_bug61,,,
WMB,2024-11-19,cpr_narrow_bullish,level_6_halt_dd_-0.537,,,
FOX,2024-11-19,cpr_narrow_bullish,level_6_halt_dd_-0.537,,,
IDYA,2024-11-19,bollinger_lower,level_6_halt_dd_-0.537,,,
RKLB,2024-11-19,cpr_narrow_bullish,level_6_halt_dd_-0.537,,,
CCEP,2024-11-19,morning_star,level_6_halt_dd_-0.537,,,
AOS,2024-11-19,bollinger_tight,level_6_halt_dd_-0.537,,,
REZI,2024-11-19,cpr_narrow_bullish,level_6_halt_dd_-0.537,,,
UUUU,2024-11-19,cpr_narrow_bullish,level_6_halt_dd_-0.537,,,
VIVO,2024-11-19,hull_rsi,level_6_halt_dd_-0.537,,,
COGT,2024-11-19,stochrsi_oversold,level_6_halt_dd_-0.537,,,
IDYA,2024-11-20,bollinger_lower,level_6_halt_dd_-0.537,,,
XLE,2024-11-20,cpr_narrow_bullish,level_6_halt_dd_-0.537,,,
RKLB,2024-11-20,cpr_narrow_bullish,level_6_halt_dd_-0.537,,,
WMB,2024-11-20,cpr_narrow_bullish,level_6_halt_dd_-0.537,,,
VIVO,2024-11-20,hull_rsi,level_6_halt_dd_-0.537,,,
VET,2024-11-20,cpr_narrow_bullish,level_6_halt_dd_-0.537,,,
LCID,2024-11-20,tema_dema,level_6_halt_dd_-0.537,,,
REZI,2024-11-20,cpr_narrow_bullish,level_6_halt_dd_-0.537,,,
FOX,2024-11-20,prev_day_high_break,level_6_halt_dd_-0.537,,,
HBAN,2024-11-20,ichimoku_cloud_breakout,level_6_halt_dd_-0.537,,,
RKLB,2024-11-21,pivot_r2_continuation,level_6_halt_dd_-0.537,,,
XLE,2024-11-21,pivot_r2_continuation,level_6_halt_dd_-0.537,,,
WMB,2024-11-21,pivot_r2_continuation,level_6_halt_dd_-0.537,,,
HBAN,2024-11-21,cpr_narrow_bullish,level_6_halt_dd_-0.537,,,
COGT,2024-11-21,camarilla_s3_bounce,level_6_halt_dd_-0.537,,,
FOX,2024-11-21,pivot_r2_continuation,level_6_halt_dd_-0.537,,,
RF,2024-11-21,pivot_r2_continuation,level_6_halt_dd_-0.537,,,
VIVO,2024-11-21,hull_rsi,level_6_halt_dd_-0.537,,,
BHVN,2024-11-21,bollinger_tight,level_6_halt_dd_-0.537,,,
VET,2024-11-21,cpr_narrow_bullish,level_6_halt_dd_-0.537,,,
RF,2024-11-22,pivot_r2_continuation,level_6_halt_dd_-0.537,,,
FOX,2024-11-22,cpr_narrow_bullish,level_6_halt_dd_-0.537,,,
XLE,2024-11-22,cpr_narrow_bullish,level_6_halt_dd_-0.537,,,
HBAN,2024-11-22,cpr_narrow_bullish,level_6_halt_dd_-0.537,,,
WMB,2024-11-22,cpr_narrow_bullish,level_6_halt_dd_-0.537,,,
REZI,2024-11-22,pivot_r2_continuation,level_6_halt_dd_-0.537,,,
VIVO,2024-11-22,hull_rsi,level_6_halt_dd_-0.537,,,
BAC,2024-11-22,cpr_narrow_bullish,level_6_halt_dd_-0.537,,,
HST,2024-11-22,cpr_narrow_bullish,level_6_halt_dd_-0.537,,,
PSX,2024-11-22,cpr_narrow_bullish,level_6_halt_dd_-0.537,,,
HBAN,2024-11-25,cpr_narrow_bullish,level_6_halt_dd_-0.547,,,
RKLB,2024-11-25,pivot_r1_breakout,level_6_halt_dd_-0.547,,,
CG,2024-11-25,pivot_r2_continuation,level_6_halt_dd_-0.547,,,
RF,2024-11-25,cpr_narrow_bullish,level_6_halt_dd_-0.547,,,
BAC,2024-11-25,cpr_narrow_bullish,level_6_halt_dd_-0.547,,,
HOLX,2024-11-25,pivot_r1_breakout,level_6_halt_dd_-0.547,,,
VIVO,2024-11-25,hull_rsi,level_6_halt_dd_-0.547,,,
REZI,2024-11-25,cpr_narrow_bullish,level_6_halt_dd_-0.547,,,
HST,2024-11-25,pivot_r1_breakout,level_6_halt_dd_-0.547,,,
FOX,2024-11-25,ichimoku_cloud_breakout,level_6_halt_dd_-0.547,,,
RKLB,2024-11-26,cpr_narrow_bullish,level_6_halt_dd_-0.547,,,
BAC,2024-11-26,cpr_narrow_bullish,level_6_halt_dd_-0.547,,,
VIVO,2024-11-26,hull_rsi,level_6_halt_dd_-0.547,,,
HBAN,2024-11-26,hull_rsi,level_6_halt_dd_-0.547,,,
PSX,2024-11-26,cpr_narrow_bullish,level_6_halt_dd_-0.547,,,
BAM,2024-11-26,pivot_r2_continuation,level_6_halt_dd_-0.547,,,
MORF,2024-11-26,pivot_r2_continuation,level_6_halt_dd_-0.547,,,
FOX,2024-11-26,ichimoku_cloud_breakout,level_6_halt_dd_-0.547,,,
RF,2024-11-26,pivot_s1_bounce,level_6_halt_dd_-0.547,,,
WMB,2024-11-26,ichimoku_cloud_breakout,level_6_halt_dd_-0.547,,,
VFS,2024-11-27,pivot_r1_breakout,level_6_halt_dd_-0.547,,,
FOX,2024-11-27,pivot_r2_continuation,level_6_halt_dd_-0.547,,,
RKLB,2024-11-27,cpr_narrow_bullish,level_6_halt_dd_-0.547,,,
VIVO,2024-11-27,hull_rsi,level_6_halt_dd_-0.547,,,
BAC,2024-11-27,cpr_narrow_bullish,level_6_halt_dd_-0.547,,,
NVDA,2024-11-27,morning_star,level_6_halt_dd_-0.547,,,
HST,2024-11-27,cpr_narrow_bullish,level_6_halt_dd_-0.547,,,
HBAN,2024-11-27,ichimoku_cloud_breakout,level_6_halt_dd_-0.547,,,
MORF,2024-11-27,pivot_r2_continuation,level_6_halt_dd_-0.547,,,
REZI,2024-11-27,ichimoku_cloud_breakout,level_6_halt_dd_-0.547,,,
VFS,2024-11-28,pivot_r1_breakout,level_6_halt_dd_-0.547,,,
FOX,2024-11-28,pivot_r2_continuation,level_6_halt_dd_-0.547,,,
RKLB,2024-11-28,cpr_narrow_bullish,level_6_halt_dd_-0.547,,,
VIVO,2024-11-28,hull_rsi,level_6_halt_dd_-0.547,,,
BAC,2024-11-28,cpr_narrow_bullish,level_6_halt_dd_-0.547,,,
NVDA,2024-11-28,morning_star,level_6_halt_dd_-0.547,,,
HST,2024-11-28,cpr_narrow_bullish,level_6_halt_dd_-0.547,,,
HBAN,2024-11-28,ichimoku_cloud_breakout,level_6_halt_dd_-0.547,,,
MORF,2024-11-28,pivot_r2_continuation,level_6_halt_dd_-0.547,,,
REZI,2024-11-28,ichimoku_cloud_breakout,level_6_halt_dd_-0.547,,,
FOX,2024-11-29,cpr_narrow_bullish,level_6_halt_dd_-0.547,,,
RKLB,2024-11-29,cpr_narrow_bullish,level_6_halt_dd_-0.547,,,
VIVO,2024-11-29,hull_rsi,level_6_halt_dd_-0.547,,,
VFS,2024-11-29,cpr_narrow_bullish,level_6_halt_dd_-0.547,,,
RF,2024-11-29,prev_day_low_bounce,level_6_halt_dd_-0.547,,,
MORF,2024-11-29,pivot_r2_continuation,level_6_halt_dd_-0.547,,,
BAC,2024-11-29,ichimoku_cloud_breakout,level_6_halt_dd_-0.547,,,
COGT,2024-11-29,macd_crossover,level_6_halt_dd_-0.547,,,
BDX,2024-11-29,cpr_narrow_bullish,level_6_halt_dd_-0.547,,,
HBAN,2024-11-29,ichimoku_cloud_breakout,level_6_halt_dd_-0.547,,,
REZI,2024-12-02,(any),ticker_already_open_concurrent_block_bug61,,,
VIVO,2024-12-02,(any),ticker_already_open_concurrent_block_bug61,,,
PSX,2024-12-02,hull_rsi,dedup_one_position_per_ticker_per_day,,,
PSX,2024-12-02,supertrend_macd,dedup_one_position_per_ticker_per_day,,,
PSX,2024-12-02,cpr_narrow_momentum,dedup_one_position_per_ticker_per_day,,,
PSX,2024-12-02,r1_break_retest,dedup_one_position_per_ticker_per_day,,,
PSX,2024-12-02,break_retest_confluence,dedup_one_position_per_ticker_per_day,,,
PSX,2024-12-02,bollinger_tight,dedup_one_position_per_ticker_per_day,,,
WMB,2024-12-02,(any),ticker_already_open_concurrent_block_bug61,,,
MORF,2024-12-02,(any),ticker_already_open_concurrent_block_bug61,,,
FOX,2024-12-02,(any),ticker_already_open_concurrent_block_bug61,,,
RF,2024-12-02,supertrend_ichimoku_adx,dedup_one_position_per_ticker_per_day,,,
RF,2024-12-02,macd_crossover,dedup_one_position_per_ticker_per_day,,,
RF,2024-12-02,ppo_crossover,dedup_one_position_per_ticker_per_day,,,
RF,2024-12-02,macd_crossover_short,dedup_one_position_per_ticker_per_day,,,
RF,2024-12-02,lead_lag_sector_rotation,dedup_one_position_per_ticker_per_day,,,
COGT,2024-12-02,(any),ticker_already_open_concurrent_block_bug61,,,
CG,2024-12-02,(any),ticker_already_open_concurrent_block_bug61,,,
BAC,2024-12-02,supertrend_ichimoku_adx,dedup_one_position_per_ticker_per_day,,,
BAC,2024-12-02,macd_crossover,dedup_one_position_per_ticker_per_day,,,
BAC,2024-12-02,ppo_crossover,dedup_one_position_per_ticker_per_day,,,
BAC,2024-12-02,macd_crossover_short,dedup_one_position_per_ticker_per_day,,,
HOLX,2024-12-03,bollinger_lower,level_6_halt_dd_-0.518,,,
RKLB,2024-12-03,ichimoku_cloud_breakout,level_6_halt_dd_-0.518,,,
BDX,2024-12-03,stochrsi_oversold,level_6_halt_dd_-0.518,,,
VIVO,2024-12-03,hull_rsi,level_6_halt_dd_-0.518,,,
REZI,2024-12-03,ichimoku_cloud_breakout,level_6_halt_dd_-0.518,,,
MORF,2024-12-03,pivot_r2_continuation,level_6_halt_dd_-0.518,,,
HST,2024-12-03,cpr_narrow_bullish,level_6_halt_dd_-0.518,,,
HBAN,2024-12-03,ichimoku_cloud_breakout,level_6_halt_dd_-0.518,,,
RF,2024-12-03,williams_r_oversold,level_6_halt_dd_-0.518,,,
JCI,2024-12-03,stochrsi_oversold,level_6_halt_dd_-0.518,,,
VFS,2024-12-04,pivot_r1_breakout,level_6_halt_dd_-0.518,,,
VIVO,2024-12-04,hull_rsi,level_6_halt_dd_-0.518,,,
RF,2024-12-04,williams_r_oversold,level_6_halt_dd_-0.518,,,
BAM,2024-12-04,cpr_narrow_bullish,level_6_halt_dd_-0.518,,,
XLE,2024-12-04,williams_r_oversold,level_6_halt_dd_-0.518,,,
HOLX,2024-12-04,bollinger_lower,level_6_halt_dd_-0.518,,,
AWK,2024-12-04,bollinger_lower,level_6_halt_dd_-0.518,,,
FLR,2024-12-04,cpr_narrow_bullish,level_6_halt_dd_-0.518,,,
CSX,2024-12-04,cpr_narrow_bullish,level_6_halt_dd_-0.518,,,
MORF,2024-12-04,pivot_r2_continuation,level_6_halt_dd_-0.518,,,
VFS,2024-12-05,cpr_narrow_bullish,level_6_halt_dd_-0.528,,,
HOLX,2024-12-05,bollinger_lower,level_6_halt_dd_-0.528,,,
BHVN,2024-12-05,cpr_narrow_bullish,level_6_halt_dd_-0.528,,,
VIVO,2024-12-05,hull_rsi,level_6_halt_dd_-0.528,,,
CSX,2024-12-05,stochrsi_oversold,level_6_halt_dd_-0.528,,,
PSX,2024-12-05,cpr_narrow_bullish,level_6_halt_dd_-0.528,,,
LCID,2024-12-05,supertrend_macd,level_6_halt_dd_-0.528,,,
HST,2024-12-05,cpr_narrow_bullish,level_6_halt_dd_-0.528,,,
RKLB,2024-12-05,cpr_narrow_bullish,level_6_halt_dd_-0.528,,,
RF,2024-12-05,cpr_narrow_bullish,level_6_halt_dd_-0.528,,,
BDX,2024-12-06,cmf_flip,level_6_halt_dd_-0.523,,,
HOLX,2024-12-06,bollinger_lower,level_6_halt_dd_-0.523,,,
LCID,2024-12-06,pivot_r1_breakout,level_6_halt_dd_-0.523,,,
VIVO,2024-12-06,hull_rsi,level_6_halt_dd_-0.523,,,
XLE,2024-12-06,bollinger_lower,level_6_halt_dd_-0.523,,,
CSX,2024-12-06,stochrsi_oversold,level_6_halt_dd_-0.523,,,
VFS,2024-12-06,hull_rsi,level_6_halt_dd_-0.523,,,
FOX,2024-12-06,pivot_r2_continuation,level_6_halt_dd_-0.523,,,
GNRC,2024-12-06,williams_stoch_dual,level_6_halt_dd_-0.523,,,
COGT,2024-12-06,supertrend_macd,level_6_halt_dd_-0.523,,,
GNRC,2024-12-09,bollinger_tight,level_6_halt_dd_-0.532,,,
HST,2024-12-09,cpr_narrow_bullish,level_6_halt_dd_-0.532,,,
COGT,2024-12-09,pivot_r1_breakout,level_6_halt_dd_-0.532,,,
RF,2024-12-09,ichimoku_cloud_breakout,level_6_halt_dd_-0.532,,,
BHVN,2024-12-09,cpr_narrow_bullish,level_6_halt_dd_-0.532,,,
VIVO,2024-12-09,hull_rsi,level_6_halt_dd_-0.532,,,
LCID,2024-12-09,pivot_r1_breakout,level_6_halt_dd_-0.532,,,
AWK,2024-12-09,bollinger_tight,level_6_halt_dd_-0.532,,,
VFS,2024-12-09,cpr_narrow_bullish,level_6_halt_dd_-0.532,,,
XLE,2024-12-09,bollinger_lower,level_6_halt_dd_-0.532,,,
GNRC,2024-12-10,bollinger_lower,level_6_halt_dd_-0.532,,,
XLE,2024-12-10,bollinger_lower,level_6_halt_dd_-0.532,,,
PSX,2024-12-10,bollinger_lower,level_6_halt_dd_-0.532,,,
HST,2024-12-10,cpr_narrow_bullish,level_6_halt_dd_-0.532,,,
VIVO,2024-12-10,hull_rsi,level_6_halt_dd_-0.532,,,
HBAN,2024-12-10,stochrsi_oversold,level_6_halt_dd_-0.532,,,
RF,2024-12-10,ichimoku_cloud_breakout,level_6_halt_dd_-0.532,,,
NVDA,2024-12-10,bollinger_tight,level_6_halt_dd_-0.532,,,
BHVN,2024-12-10,bollinger_tight,level_6_halt_dd_-0.532,,,
IFF,2024-12-10,supertrend_macd,level_6_halt_dd_-0.532,,,
RF,2024-12-11,stochrsi_oversold,level_6_halt_dd_-0.532,,,
CSX,2024-12-11,bollinger_tight,level_6_halt_dd_-0.532,,,
BHVN,2024-12-11,bollinger_tight,level_6_halt_dd_-0.532,,,
HOLX,2024-12-11,bollinger_tight,level_6_halt_dd_-0.532,,,
VIVO,2024-12-11,hull_rsi,level_6_halt_dd_-0.532,,,
GNRC,2024-12-11,bollinger_lower,level_6_halt_dd_-0.532,,,
AWK,2024-12-11,bollinger_tight,level_6_halt_dd_-0.532,,,
VFS,2024-12-11,ichimoku_cloud_breakout,level_6_halt_dd_-0.532,,,
PSX,2024-12-11,bollinger_lower,level_6_halt_dd_-0.532,,,
BAM,2024-12-11,pivot_r2_continuation,level_6_halt_dd_-0.532,,,
COGT,2024-12-12,supertrend_macd,level_6_halt_dd_-0.545,,,
BHVN,2024-12-12,bollinger_tight,level_6_halt_dd_-0.545,,,
HBAN,2024-12-12,ichimoku_cloud_breakout,level_6_halt_dd_-0.545,,,
RF,2024-12-12,bollinger_tight,level_6_halt_dd_-0.545,,,
BDX,2024-12-12,pivot_r1_breakout,level_6_halt_dd_-0.545,,,
XLE,2024-12-12,bollinger_tight,level_6_halt_dd_-0.545,,,
PSX,2024-12-12,bollinger_lower,level_6_halt_dd_-0.545,,,
VIVO,2024-12-12,hull_rsi,level_6_halt_dd_-0.545,,,
LCID,2024-12-12,cpr_narrow_bullish,level_6_halt_dd_-0.545,,,
UUUU,2024-12-12,bollinger_tight,level_6_halt_dd_-0.545,,,
COGT,2024-12-13,bollinger_lower,level_6_halt_dd_-0.545,,,
GNRC,2024-12-13,ultimate_oscillator,level_6_halt_dd_-0.545,,,
BHVN,2024-12-13,bollinger_tight,level_6_halt_dd_-0.545,,,
CSX,2024-12-13,bollinger_tight,level_6_halt_dd_-0.545,,,
IDYA,2024-12-13,bollinger_lower,level_6_halt_dd_-0.545,,,
PSX,2024-12-13,bollinger_lower,level_6_halt_dd_-0.545,,,
VIVO,2024-12-13,hull_rsi,level_6_halt_dd_-0.545,,,
XLE,2024-12-13,bollinger_tight,level_6_halt_dd_-0.545,,,
AWK,2024-12-13,stochrsi_oversold,level_6_halt_dd_-0.545,,,
IFF,2024-12-13,prev_day_low_bounce,level_6_halt_dd_-0.545,,,
HOLX,2024-12-16,bollinger_lower,level_6_halt_dd_-0.552,,,
XLE,2024-12-16,bollinger_tight,level_6_halt_dd_-0.552,,,
WMB,2024-12-16,stochrsi_oversold,level_6_halt_dd_-0.552,,,
PSX,2024-12-16,bollinger_lower,level_6_halt_dd_-0.552,,,
VIVO,2024-12-16,hull_rsi,level_6_halt_dd_-0.552,,,
UUUU,2024-12-16,bollinger_lower,level_6_halt_dd_-0.552,,,
GNRC,2024-12-16,ultimate_oscillator,level_6_halt_dd_-0.552,,,
AWK,2024-12-16,stochrsi_oversold,level_6_halt_dd_-0.552,,,
CSX,2024-12-16,bollinger_tight,level_6_halt_dd_-0.552,,,
COGT,2024-12-16,bollinger_lower,level_6_halt_dd_-0.552,,,
AOS,2024-12-17,bollinger_lower,level_6_halt_dd_-0.552,,,
BAC,2024-12-17,bollinger_tight,level_6_halt_dd_-0.552,,,
HBAN,2024-12-17,bollinger_tight,level_6_halt_dd_-0.552,,,
GNRC,2024-12-17,ultimate_oscillator,level_6_halt_dd_-0.552,,,
VET,2024-12-17,stochrsi_oversold,level_6_halt_dd_-0.552,,,
COGT,2024-12-17,bollinger_tight,level_6_halt_dd_-0.552,,,
HOLX,2024-12-17,stochrsi_oversold,level_6_halt_dd_-0.552,,,
BHVN,2024-12-17,bollinger_tight,level_6_halt_dd_-0.552,,,
VIVO,2024-12-17,hull_rsi,level_6_halt_dd_-0.552,,,
REZI,2024-12-17,williams_r_oversold,level_6_halt_dd_-0.552,,,
HST,2024-12-18,bollinger_lower,level_6_halt_dd_-0.522,,,
BAM,2024-12-18,bollinger_tight,level_6_halt_dd_-0.522,,,
HBAN,2024-12-18,ultimate_oscillator,level_6_halt_dd_-0.522,,,
FOX,2024-12-18,cpr_narrow_bullish,level_6_halt_dd_-0.522,,,
XLE,2024-12-18,bollinger_tight,level_6_halt_dd_-0.522,,,
GNRC,2024-12-18,ultimate_oscillator,level_6_halt_dd_-0.522,,,
COGT,2024-12-18,bollinger_lower,level_6_halt_dd_-0.522,,,
PSX,2024-12-18,bollinger_lower,level_6_halt_dd_-0.522,,,
IFF,2024-12-18,bollinger_tight,level_6_halt_dd_-0.522,,,
RF,2024-12-18,ultimate_oscillator,level_6_halt_dd_-0.522,,,
BHVN,2024-12-19,bollinger_tight,level_6_halt_dd_-0.522,,,
HBAN,2024-12-19,ultimate_oscillator,level_6_halt_dd_-0.522,,,
FLR,2024-12-19,ultimate_oscillator,level_6_halt_dd_-0.522,,,
VET,2024-12-19,camarilla_r3_breakout,level_6_halt_dd_-0.522,,,
IDYA,2024-12-19,bollinger_lower,level_6_halt_dd_-0.522,,,
VIVO,2024-12-19,hull_rsi,level_6_halt_dd_-0.522,,,
VFS,2024-12-19,stochrsi_oversold,level_6_halt_dd_-0.522,,,
XLE,2024-12-19,bollinger_tight,level_6_halt_dd_-0.522,,,
GNRC,2024-12-19,stochrsi_oversold,level_6_halt_dd_-0.522,,,
CG,2024-12-19,bollinger_lower,level_6_halt_dd_-0.522,,,
GNRC,2024-12-20,ultimate_oscillator,dedup_one_position_per_ticker_per_day,,,
GNRC,2024-12-20,rsi9_extreme,dedup_one_position_per_ticker_per_day,,,
GNRC,2024-12-20,bollinger_tight,dedup_one_position_per_ticker_per_day,,,
GNRC,2024-12-20,rsi_volume_200ema,dedup_one_position_per_ticker_per_day,,,
GNRC,2024-12-20,cpr_narrow_bullish,dedup_one_position_per_ticker_per_day,,,
GNRC,2024-12-20,hull_rsi,dedup_one_position_per_ticker_per_day,,,
GNRC,2024-12-20,ichimoku_cloud_breakout,dedup_one_position_per_ticker_per_day,,,
GNRC,2024-12-20,cpr_narrow_momentum,dedup_one_position_per_ticker_per_day,,,
GNRC,2024-12-20,hull_rsi_short,dedup_one_position_per_ticker_per_day,,,
GNRC,2024-12-20,cpr_narrow_momentum_short,dedup_one_position_per_ticker_per_day,,,
GNRC,2024-12-20,dc20_break_retest,dedup_one_position_per_ticker_per_day,,,
GNRC,2024-12-20,break_retest_volume,dedup_one_position_per_ticker_per_day,,,
GNRC,2024-12-20,break_retest_confluence,dedup_one_position_per_ticker_per_day,,,
GNRC,2024-12-20,lead_lag_sector_rotation,dedup_one_position_per_ticker_per_day,,,
UUUU,2024-12-20,(any),max_loss_cap_breach_dec135_-10.07pct,,,
FOX,2024-12-20,(any),ticker_already_open_concurrent_block_bug61,,,
FLR,2024-12-20,ultimate_oscillator,dedup_one_position_per_ticker_per_day,,,
FLR,2024-12-20,bollinger_lower,dedup_one_position_per_ticker_per_day,,,
FLR,2024-12-20,bollinger_tight,dedup_one_position_per_ticker_per_day,,,
FLR,2024-12-20,cpr_narrow_bullish,dedup_one_position_per_ticker_per_day,,,
FLR,2024-12-20,hull_rsi,dedup_one_position_per_ticker_per_day,,,
FLR,2024-12-20,ichimoku_tk_cross,dedup_one_position_per_ticker_per_day,,,
FLR,2024-12-20,cpr_narrow_momentum,dedup_one_position_per_ticker_per_day,,,
FLR,2024-12-20,hull_rsi_short,dedup_one_position_per_ticker_per_day,,,
FLR,2024-12-20,cpr_narrow_momentum_short,dedup_one_position_per_ticker_per_day,,,
FLR,2024-12-20,break_retest_confluence,dedup_one_position_per_ticker_per_day,,,
FLR,2024-12-20,lead_lag_sector_rotation,dedup_one_position_per_ticker_per_day,,,
PSX,2024-12-20,(any),max_loss_cap_breach_dec135_-10.07pct,,,
BAM,2024-12-20,(any),stopout_cooldown_active_5d_dec018,,,
IFF,2024-12-20,bollinger_tight,dedup_one_position_per_ticker_per_day,,,
IFF,2024-12-20,cpr_narrow_bullish,dedup_one_position_per_ticker_per_day,,,
IFF,2024-12-20,hull_rsi,dedup_one_position_per_ticker_per_day,,,
IFF,2024-12-20,ichimoku_cloud_breakout,dedup_one_position_per_ticker_per_day,,,
IFF,2024-12-20,cpr_narrow_momentum,dedup_one_position_per_ticker_per_day,,,
IFF,2024-12-20,hull_rsi_short,dedup_one_position_per_ticker_per_day,,,
IFF,2024-12-20,cpr_narrow_momentum_short,dedup_one_position_per_ticker_per_day,,,
IFF,2024-12-20,dc20_break_retest,dedup_one_position_per_ticker_per_day,,,
IFF,2024-12-20,break_retest_volume,dedup_one_position_per_ticker_per_day,,,
IFF,2024-12-20,break_retest_confluence,dedup_one_position_per_ticker_per_day,,,
RF,2024-12-20,(any),stopout_cooldown_active_5d_dec018,,,
HBAN,2024-12-20,(any),stopout_cooldown_active_5d_dec018,,,
BHVN,2024-12-20,(any),max_loss_cap_breach_dec135_-10.02pct,,,
GNRC,2024-12-23,ultimate_oscillator,level_6_halt_dd_-0.505,,,
IFF,2024-12-23,stochrsi_oversold,level_6_halt_dd_-0.505,,,
VIVO,2024-12-23,hull_rsi,level_6_halt_dd_-0.505,,,
REZI,2024-12-23,bollinger_tight,level_6_halt_dd_-0.505,,,
BAM,2024-12-23,stochrsi_oversold,level_6_halt_dd_-0.505,,,
FLR,2024-12-23,stochrsi_oversold,level_6_halt_dd_-0.505,,,
COGT,2024-12-23,stochrsi_oversold,level_6_halt_dd_-0.505,,,
AOS,2024-12-23,stochrsi_oversold,level_6_halt_dd_-0.505,,,
VET,2024-12-23,stochrsi_oversold,level_6_halt_dd_-0.505,,,
LCID,2024-12-23,cpr_narrow_bullish,level_6_halt_dd_-0.505,,,
LCID,2024-12-24,cpr_narrow_bullish,level_6_halt_dd_-0.505,,,
FOX,2024-12-24,cpr_narrow_bullish,level_6_halt_dd_-0.505,,,
VIVO,2024-12-24,hull_rsi,level_6_halt_dd_-0.505,,,
GNRC,2024-12-24,stochrsi_oversold,level_6_halt_dd_-0.505,,,
UUUU,2024-12-24,stochrsi_oversold,level_6_halt_dd_-0.505,,,
BHVN,2024-12-24,williams_stoch_dual,level_6_halt_dd_-0.505,,,
RKLB,2024-12-24,cpr_narrow_bullish,level_6_halt_dd_-0.505,,,
MORF,2024-12-24,pivot_r2_continuation,level_6_halt_dd_-0.505,,,
IDYA,2024-12-24,cpr_narrow_bullish,level_6_halt_dd_-0.505,,,
VET,2024-12-24,macd_fast_crossover,level_6_halt_dd_-0.505,,,
LCID,2024-12-25,cpr_narrow_bullish,level_6_halt_dd_-0.505,,,
FOX,2024-12-25,cpr_narrow_bullish,level_6_halt_dd_-0.505,,,
VIVO,2024-12-25,hull_rsi,level_6_halt_dd_-0.505,,,
GNRC,2024-12-25,stochrsi_oversold,level_6_halt_dd_-0.505,,,
UUUU,2024-12-25,stochrsi_oversold,level_6_halt_dd_-0.505,,,
BHVN,2024-12-25,williams_stoch_dual,level_6_halt_dd_-0.505,,,
RKLB,2024-12-25,cpr_narrow_bullish,level_6_halt_dd_-0.505,,,
MORF,2024-12-25,pivot_r2_continuation,level_6_halt_dd_-0.505,,,
IDYA,2024-12-25,cpr_narrow_bullish,level_6_halt_dd_-0.505,,,
VET,2024-12-25,macd_fast_crossover,level_6_halt_dd_-0.505,,,
VIVO,2024-12-26,hull_rsi,level_6_halt_dd_-0.505,,,
FOX,2024-12-26,ichimoku_cloud_breakout,level_6_halt_dd_-0.505,,,
IFF,2024-12-26,stochrsi_oversold,level_6_halt_dd_-0.505,,,
LCID,2024-12-26,cpr_narrow_bullish,level_6_halt_dd_-0.505,,,
UUUU,2024-12-26,stochrsi_oversold,level_6_halt_dd_-0.505,,,
VET,2024-12-26,cpr_narrow_bullish,level_6_halt_dd_-0.505,,,
MORF,2024-12-26,pivot_r2_continuation,level_6_halt_dd_-0.505,,,
REZI,2024-12-26,stochrsi_oversold,level_6_halt_dd_-0.505,,,
BDX,2024-12-26,cpr_narrow_bullish,level_6_halt_dd_-0.505,,,
RF,2024-12-26,inside_bar_breakout,level_6_halt_dd_-0.505,,,
UUUU,2024-12-27,stochrsi_oversold,level_6_halt_dd_-0.505,,,
REZI,2024-12-27,bollinger_tight,level_6_halt_dd_-0.505,,,
VIVO,2024-12-27,hull_rsi,level_6_halt_dd_-0.505,,,
RF,2024-12-27,macd_fast_crossover,level_6_halt_dd_-0.505,,,
COGT,2024-12-27,williams_stoch_dual,level_6_halt_dd_-0.505,,,
AOS,2024-12-27,williams_stoch_dual,level_6_halt_dd_-0.505,,,
BDX,2024-12-27,cpr_narrow_bullish,level_6_halt_dd_-0.505,,,
FLR,2024-12-27,williams_stoch_dual,level_6_halt_dd_-0.505,,,
JCI,2024-12-27,bollinger_tight,level_6_halt_dd_-0.505,,,
IFF,2024-12-27,bollinger_tight,level_6_halt_dd_-0.505,,,
REZI,2024-12-30,camarilla_s3_bounce,level_6_halt_dd_-0.510,,,
IFF,2024-12-30,bollinger_tight,level_6_halt_dd_-0.510,,,
VIVO,2024-12-30,hull_rsi,level_6_halt_dd_-0.510,,,
AOS,2024-12-30,bollinger_tight,level_6_halt_dd_-0.510,,,
JCI,2024-12-30,bollinger_tight,level_6_halt_dd_-0.510,,,
FOX,2024-12-30,ichimoku_cloud_breakout,level_6_halt_dd_-0.510,,,
GNRC,2024-12-30,macd_fast_crossover,level_6_halt_dd_-0.510,,,
UUUU,2024-12-30,williams_stoch_dual,level_6_halt_dd_-0.510,,,
BHVN,2024-12-30,stochrsi_oversold,level_6_halt_dd_-0.510,,,
VFS,2024-12-30,cpr_narrow_bullish,level_6_halt_dd_-0.510,,,
REZI,2024-12-31,camarilla_s3_bounce,level_6_halt_dd_-0.510,,,
JCI,2024-12-31,stochrsi_oversold,level_6_halt_dd_-0.510,,,
VIVO,2024-12-31,hull_rsi,level_6_halt_dd_-0.510,,,
VET,2024-12-31,cpr_narrow_bullish,level_6_halt_dd_-0.510,,,
HST,2024-12-31,bollinger_tight,level_6_halt_dd_-0.510,,,
VFS,2024-12-31,stochrsi_oversold,level_6_halt_dd_-0.510,,,
FLR,2024-12-31,stochrsi_oversold,level_6_halt_dd_-0.510,,,
RF,2024-12-31,cpr_narrow_bullish,level_6_halt_dd_-0.510,,,
BAM,2024-12-31,inside_bar_breakout,level_6_halt_dd_-0.510,,,
MORF,2024-12-31,pivot_r2_continuation,level_6_halt_dd_-0.510,,,
REZI,2025-01-01,camarilla_s3_bounce,level_6_halt_dd_-0.510,,,
CRWD,2025-01-01,williams_r_oversold,level_6_halt_dd_-0.510,,,
JCI,2025-01-01,stochrsi_oversold,level_6_halt_dd_-0.510,,,
VIVO,2025-01-01,hull_rsi,level_6_halt_dd_-0.510,,,
VET,2025-01-01,cpr_narrow_bullish,level_6_halt_dd_-0.510,,,
PETQ,2025-01-01,pivot_s1_bounce,level_6_halt_dd_-0.510,,,
HST,2025-01-01,bollinger_tight,level_6_halt_dd_-0.510,,,
FLR,2025-01-01,stochrsi_oversold,level_6_halt_dd_-0.510,,,
RF,2025-01-01,cpr_narrow_bullish,level_6_halt_dd_-0.510,,,
BAM,2025-01-01,inside_bar_breakout,level_6_halt_dd_-0.510,,,
IFF,2025-01-02,bollinger_tight,level_6_halt_dd_-0.510,,,
AOS,2025-01-02,stochrsi_oversold,level_6_halt_dd_-0.510,,,
REZI,2025-01-02,bollinger_tight,level_6_halt_dd_-0.510,,,
RF,2025-01-02,williams_stoch_dual,level_6_halt_dd_-0.510,,,
VIVO,2025-01-02,hull_rsi,level_6_halt_dd_-0.510,,,
PETQ,2025-01-02,pivot_s1_bounce,level_6_halt_dd_-0.510,,,
HST,2025-01-02,bollinger_lower,level_6_halt_dd_-0.510,,,
SWIM,2025-01-02,cpr_narrow_bullish,level_6_halt_dd_-0.510,,,
AWK,2025-01-02,camarilla_s3_bounce,level_6_halt_dd_-0.510,,,
MORF,2025-01-02,pivot_r2_continuation,level_6_halt_dd_-0.510,,,
RKLB,2025-01-03,pivot_r2_continuation,level_6_halt_dd_-0.510,,,
VIVO,2025-01-03,hull_rsi,level_6_halt_dd_-0.510,,,
PETQ,2025-01-03,pivot_s1_bounce,level_6_halt_dd_-0.510,,,
SWIM,2025-01-03,williams_r_oversold,level_6_halt_dd_-0.510,,,
LCID,2025-01-03,cpr_narrow_bullish,level_6_halt_dd_-0.510,,,
BDX,2025-01-03,cpr_narrow_bullish,level_6_halt_dd_-0.510,,,
UUUU,2025-01-03,macd_crossover,level_6_halt_dd_-0.510,,,
REZI,2025-01-03,stochrsi_oversold,level_6_halt_dd_-0.510,,,
IFF,2025-01-03,bollinger_tight,level_6_halt_dd_-0.510,,,
MORF,2025-01-03,pivot_r2_continuation,level_6_halt_dd_-0.510,,,
AWK,2025-01-06,bollinger_tight,level_6_halt_dd_-0.510,,,
VET,2025-01-06,cpr_narrow_bullish,level_6_halt_dd_-0.510,,,
LCID,2025-01-06,cpr_narrow_bullish,level_6_halt_dd_-0.510,,,
VIVO,2025-01-06,hull_rsi,level_6_halt_dd_-0.510,,,
BDX,2025-01-06,cpr_narrow_bullish,level_6_halt_dd_-0.510,,,
IFF,2025-01-06,bollinger_tight,level_6_halt_dd_-0.510,,,
BAC,2025-01-06,pivot_r2_continuation,level_6_halt_dd_-0.510,,,
PETQ,2025-01-06,pivot_s1_bounce,level_6_halt_dd_-0.510,,,
HST,2025-01-06,stochrsi_oversold,level_6_halt_dd_-0.510,,,
NVDA,2025-01-06,cpr_narrow_bullish,level_6_halt_dd_-0.510,,,
MNMD,2025-01-07,pivot_r1_breakout,level_6_halt_dd_-0.510,,,
VIVO,2025-01-07,hull_rsi,level_6_halt_dd_-0.510,,,
VET,2025-01-07,cpr_narrow_bullish,level_6_halt_dd_-0.510,,,
REZI,2025-01-07,pivot_s1_bounce,level_6_halt_dd_-0.510,,,
AWK,2025-01-07,bollinger_tight,level_6_halt_dd_-0.510,,,
PETQ,2025-01-07,pivot_s1_bounce,level_6_halt_dd_-0.510,,,
BDX,2025-01-07,cpr_narrow_bullish,level_6_halt_dd_-0.510,,,
TNXP,2025-01-07,supertrend_ichimoku_adx,level_6_halt_dd_-0.510,,,
HST,2025-01-07,bollinger_tight,level_6_halt_dd_-0.510,,,
MORF,2025-01-07,pivot_r2_continuation,level_6_halt_dd_-0.510,,,
BDX,2025-01-08,cpr_narrow_bullish,level_6_halt_dd_-0.510,,,
VIVO,2025-01-08,hull_rsi,level_6_halt_dd_-0.510,,,
REZI,2025-01-08,inside_bar_breakout,level_6_halt_dd_-0.510,,,
IFF,2025-01-08,bollinger_tight,level_6_halt_dd_-0.510,,,
PETQ,2025-01-08,pivot_s1_bounce,level_6_halt_dd_-0.510,,,
HBAN,2025-01-08,macd_crossover,level_6_halt_dd_-0.510,,,
TNXP,2025-01-08,supertrend_ichimoku_adx,level_6_halt_dd_-0.510,,,
HST,2025-01-08,bollinger_tight,level_6_halt_dd_-0.510,,,
BAC,2025-01-08,cpr_narrow_bullish,level_6_halt_dd_-0.510,,,
XLE,2025-01-08,cpr_narrow_bullish,level_6_halt_dd_-0.510,,,
BDX,2025-01-09,cpr_narrow_bullish,level_6_halt_dd_-0.510,,,
VIVO,2025-01-09,hull_rsi,level_6_halt_dd_-0.510,,,
REZI,2025-01-09,inside_bar_breakout,level_6_halt_dd_-0.510,,,
IFF,2025-01-09,bollinger_tight,level_6_halt_dd_-0.510,,,
PETQ,2025-01-09,pivot_s1_bounce,level_6_halt_dd_-0.510,,,
HBAN,2025-01-09,macd_crossover,level_6_halt_dd_-0.510,,,
TNXP,2025-01-09,supertrend_ichimoku_adx,level_6_halt_dd_-0.510,,,
HST,2025-01-09,bollinger_tight,level_6_halt_dd_-0.510,,,
BAC,2025-01-09,cpr_narrow_bullish,level_6_halt_dd_-0.510,,,
XLE,2025-01-09,cpr_narrow_bullish,level_6_halt_dd_-0.510,,,
RF,2025-01-10,(any),max_loss_cap_breach_dec135_-10.07pct,,,
HBAN,2025-01-10,morning_star,EVENT_SUPPRESSION_NFP_d0_dec348,,,
HBAN,2025-01-10,cpr_narrow_bullish,EVENT_SUPPRESSION_NFP_d0_dec348,,,
HBAN,2025-01-10,macd_crossover,EVENT_SUPPRESSION_NFP_d0_dec348,,,
HBAN,2025-01-10,hull_rsi,EVENT_SUPPRESSION_NFP_d0_dec348,,,
HBAN,2025-01-10,ppo_crossover,EVENT_SUPPRESSION_NFP_d0_dec348,,,
HBAN,2025-01-10,parabolic_sar_flip,EVENT_SUPPRESSION_NFP_d0_dec348,,,
HBAN,2025-01-10,ichimoku_cloud_breakout,EVENT_SUPPRESSION_NFP_d0_dec348,,,
HBAN,2025-01-10,adx_initiation,EVENT_SUPPRESSION_NFP_d0_dec348,,,
HBAN,2025-01-10,macd_ichimoku,EVENT_SUPPRESSION_NFP_d0_dec348,,,
HBAN,2025-01-10,cpr_narrow_momentum,EVENT_SUPPRESSION_NFP_d0_dec348,,,
HBAN,2025-01-10,parabolic_sar_flip_short,EVENT_SUPPRESSION_NFP_d0_dec348,,,
HBAN,2025-01-10,macd_crossover_short,EVENT_SUPPRESSION_NFP_d0_dec348,,,
HBAN,2025-01-10,hull_rsi_short,EVENT_SUPPRESSION_NFP_d0_dec348,,,
HBAN,2025-01-10,cpr_narrow_momentum_short,EVENT_SUPPRESSION_NFP_d0_dec348,,,
HBAN,2025-01-10,lead_lag_sector_rotation,EVENT_SUPPRESSION_NFP_d0_dec348,,,
BAM,2025-01-10,bollinger_tight,EVENT_SUPPRESSION_NFP_d0_dec348,,,
BAM,2025-01-10,pivot_r1_breakout,EVENT_SUPPRESSION_NFP_d0_dec348,,,
BAM,2025-01-10,camarilla_r3_breakout,EVENT_SUPPRESSION_NFP_d0_dec348,,,
BAM,2025-01-10,macd_fast_crossover,EVENT_SUPPRESSION_NFP_d0_dec348,,,
BAM,2025-01-10,hull_rsi,EVENT_SUPPRESSION_NFP_d0_dec348,,,
BAM,2025-01-10,roc_burst,EVENT_SUPPRESSION_NFP_d0_dec348,,,
BAM,2025-01-10,ichimoku_cloud_breakout,EVENT_SUPPRESSION_NFP_d0_dec348,,,
BAM,2025-01-10,force_index_breakout,EVENT_SUPPRESSION_NFP_d0_dec348,,,
BAM,2025-01-10,donchian_10_breakout,EVENT_SUPPRESSION_NFP_d0_dec348,,,
BAM,2025-01-10,hull_rsi_short,EVENT_SUPPRESSION_NFP_d0_dec348,,,
BAM,2025-01-10,donchian_breakdown_short,EVENT_SUPPRESSION_NFP_d0_dec348,,,
BAM,2025-01-10,lead_lag_sector_rotation,EVENT_SUPPRESSION_NFP_d0_dec348,,,
REZI,2025-01-10,bollinger_tight,EVENT_SUPPRESSION_NFP_d0_dec348,,,
REZI,2025-01-10,morning_star,EVENT_SUPPRESSION_NFP_d0_dec348,,,
REZI,2025-01-10,cpr_narrow_bullish,EVENT_SUPPRESSION_NFP_d0_dec348,,,
REZI,2025-01-10,hull_rsi,EVENT_SUPPRESSION_NFP_d0_dec348,,,
REZI,2025-01-10,ichimoku_cloud_breakout,EVENT_SUPPRESSION_NFP_d0_dec348,,,
REZI,2025-01-10,adx_initiation,EVENT_SUPPRESSION_NFP_d0_dec348,,,
REZI,2025-01-10,cpr_narrow_momentum,EVENT_SUPPRESSION_NFP_d0_dec348,,,
REZI,2025-01-10,hull_rsi_short,EVENT_SUPPRESSION_NFP_d0_dec348,,,
REZI,2025-01-10,cpr_narrow_momentum_short,EVENT_SUPPRESSION_NFP_d0_dec348,,,
REZI,2025-01-10,r1_break_retest,EVENT_SUPPRESSION_NFP_d0_dec348,,,
REZI,2025-01-10,break_retest_confluence,EVENT_SUPPRESSION_NFP_d0_dec348,,,
IFF,2025-01-10,(any),ticker_already_open_concurrent_block_bug61,,,
VIVO,2025-01-10,(any),ticker_already_open_concurrent_block_bug61,,,
KULR,2025-01-10,ichimoku_cloud_breakout,EVENT_SUPPRESSION_NFP_d0_dec348,,,
KULR,2025-01-10,adx_initiation,EVENT_SUPPRESSION_NFP_d0_dec348,,,
KULR,2025-01-10,supertrend_ichimoku_adx,EVENT_SUPPRESSION_NFP_d0_dec348,,,
KULR,2025-01-10,cpr_narrow_bullish,EVENT_SUPPRESSION_NFP_d0_dec348,,,
KULR,2025-01-10,hull_rsi,EVENT_SUPPRESSION_NFP_d0_dec348,,,
KULR,2025-01-10,tema_dema,EVENT_SUPPRESSION_NFP_d0_dec348,,,
KULR,2025-01-10,cpr_narrow_momentum,EVENT_SUPPRESSION_NFP_d0_dec348,,,
KULR,2025-01-10,hull_rsi_short,EVENT_SUPPRESSION_NFP_d0_dec348,,,
KULR,2025-01-10,cpr_narrow_momentum_short,EVENT_SUPPRESSION_NFP_d0_dec348,,,
MNMD,2025-01-10,cpr_narrow_bullish,EVENT_SUPPRESSION_NFP_d0_dec348,,,
MNMD,2025-01-10,macd_crossover,EVENT_SUPPRESSION_NFP_d0_dec348,,,
MNMD,2025-01-10,macd_fast_crossover,EVENT_SUPPRESSION_NFP_d0_dec348,,,
MNMD,2025-01-10,golden_cross_9_21,EVENT_SUPPRESSION_NFP_d0_dec348,,,
MNMD,2025-01-10,macd_ichimoku,EVENT_SUPPRESSION_NFP_d0_dec348,,,
MNMD,2025-01-10,cpr_narrow_momentum,EVENT_SUPPRESSION_NFP_d0_dec348,,,
MNMD,2025-01-10,macd_crossover_short,EVENT_SUPPRESSION_NFP_d0_dec348,,,
MNMD,2025-01-10,cpr_narrow_momentum_short,EVENT_SUPPRESSION_NFP_d0_dec348,,,
MNMD,2025-01-10,break_retest_confluence,EVENT_SUPPRESSION_NFP_d0_dec348,,,
PETQ,2025-01-10,pivot_s1_bounce,no_next_bar,,,
PETQ,2025-01-10,hull_rsi,no_next_bar,,,
PETQ,2025-01-10,ichimoku_cloud_breakout,no_next_bar,,,
PETQ,2025-01-10,doji_at_support,no_next_bar,,,
PETQ,2025-01-10,supertrend_ichimoku_adx,no_next_bar,,,
PETQ,2025-01-10,dc20_break_retest,no_next_bar,,,
PETQ,2025-01-10,52wh_break_retest,no_next_bar,,,
PETQ,2025-01-10,bollinger_tight,no_next_bar,,,
BHVN,2025-01-10,supertrend_macd,EVENT_SUPPRESSION_NFP_d0_dec348,,,
BHVN,2025-01-10,pivot_r2_continuation,EVENT_SUPPRESSION_NFP_d0_dec348,,,
BHVN,2025-01-10,cpr_narrow_bullish,EVENT_SUPPRESSION_NFP_d0_dec348,,,
BHVN,2025-01-10,parabolic_sar_flip,EVENT_SUPPRESSION_NFP_d0_dec348,,,
BHVN,2025-01-10,ichimoku_cloud_breakout,EVENT_SUPPRESSION_NFP_d0_dec348,,,
BHVN,2025-01-10,force_index_breakout,EVENT_SUPPRESSION_NFP_d0_dec348,,,
BHVN,2025-01-10,parabolic_sar_flip_short,EVENT_SUPPRESSION_NFP_d0_dec348,,,
BHVN,2025-01-10,lead_lag_sector_rotation,EVENT_SUPPRESSION_NFP_d0_dec348,,,
IDYA,2025-01-13,bollinger_lower,level_6_halt_dd_-0.484,,,
BDX,2025-01-13,cpr_narrow_bullish,level_6_halt_dd_-0.484,,,
MNMD,2025-01-13,bollinger_tight,level_6_halt_dd_-0.484,,,
NVDA,2025-01-13,morning_star,level_6_halt_dd_-0.484,,,
VIVO,2025-01-13,hull_rsi,level_6_halt_dd_-0.484,,,
KULR,2025-01-13,williams_r_oversold,level_6_halt_dd_-0.484,,,
CG,2025-01-13,cpr_narrow_bullish,level_6_halt_dd_-0.484,,,
CRWD,2025-01-13,williams_r_oversold,level_6_halt_dd_-0.484,,,
PETQ,2025-01-13,pivot_s1_bounce,level_6_halt_dd_-0.484,,,
XLE,2025-01-13,pivot_r1_breakout,level_6_halt_dd_-0.484,,,
HBAN,2025-01-14,pivot_r2_continuation,level_6_halt_dd_-0.484,,,
AOS,2025-01-14,pivot_r1_breakout,level_6_halt_dd_-0.484,,,
VIVO,2025-01-14,hull_rsi,level_6_halt_dd_-0.484,,,
BDX,2025-01-14,cpr_narrow_bullish,level_6_halt_dd_-0.484,,,
IDYA,2025-01-14,bollinger_lower,level_6_halt_dd_-0.484,,,
BAC,2025-01-14,cpr_narrow_bullish,level_6_halt_dd_-0.484,,,
XLE,2025-01-14,cpr_narrow_bullish,level_6_halt_dd_-0.484,,,
PETQ,2025-01-14,pivot_s1_bounce,level_6_halt_dd_-0.484,,,
SWIM,2025-01-14,morning_star,level_6_halt_dd_-0.484,,,
RKLB,2025-01-14,williams_r_oversold,level_6_halt_dd_-0.484,,,
HOLX,2025-01-15,bollinger_lower,level_6_halt_dd_-0.484,,,
BAC,2025-01-15,pivot_r1_breakout,level_6_halt_dd_-0.484,,,
RF,2025-01-15,pivot_r2_continuation,level_6_halt_dd_-0.484,,,
VIVO,2025-01-15,hull_rsi,level_6_halt_dd_-0.484,,,
PETQ,2025-01-15,pivot_s1_bounce,level_6_halt_dd_-0.484,,,
WMB,2025-01-15,cpr_narrow_bullish,level_6_halt_dd_-0.484,,,
CG,2025-01-15,cpr_narrow_bullish,level_6_halt_dd_-0.484,,,
XLE,2025-01-15,cpr_narrow_bullish,level_6_halt_dd_-0.484,,,
HBAN,2025-01-15,cpr_narrow_bullish,level_6_halt_dd_-0.484,,,
BDX,2025-01-15,ichimoku_cloud_breakout,level_6_halt_dd_-0.484,,,
IDYA,2025-01-16,stochrsi_oversold,level_6_halt_dd_-0.484,,,
CG,2025-01-16,cpr_narrow_bullish,level_6_halt_dd_-0.484,,,
XLE,2025-01-16,cpr_narrow_bullish,level_6_halt_dd_-0.484,,,
CSX,2025-01-16,pivot_r1_breakout,level_6_halt_dd_-0.484,,,
WMB,2025-01-16,cpr_narrow_bullish,level_6_halt_dd_-0.484,,,
VIVO,2025-01-16,hull_rsi,level_6_halt_dd_-0.484,,,
BDX,2025-01-16,cpr_narrow_bullish,level_6_halt_dd_-0.484,,,
PETQ,2025-01-16,pivot_s1_bounce,level_6_halt_dd_-0.484,,,
RF,2025-01-16,hull_rsi,level_6_halt_dd_-0.484,,,
PSX,2025-01-16,cpr_narrow_bullish,level_6_halt_dd_-0.484,,,
CG,2025-01-17,cpr_narrow_bullish,level_6_halt_dd_-0.484,,,
HBAN,2025-01-17,cpr_narrow_bullish,level_6_halt_dd_-0.484,,,
IDYA,2025-01-17,bollinger_lower,level_6_halt_dd_-0.484,,,
FLR,2025-01-17,pivot_r1_breakout,level_6_halt_dd_-0.484,,,
VIVO,2025-01-17,hull_rsi,level_6_halt_dd_-0.484,,,
XLE,2025-01-17,cpr_narrow_bullish,level_6_halt_dd_-0.484,,,
HOLX,2025-01-17,bollinger_tight,level_6_halt_dd_-0.484,,,
BDX,2025-01-17,cpr_narrow_bullish,level_6_halt_dd_-0.484,,,
PETQ,2025-01-17,pivot_s1_bounce,level_6_halt_dd_-0.484,,,
RKLB,2025-01-17,williams_stoch_dual,level_6_halt_dd_-0.484,,,
CG,2025-01-20,cpr_narrow_bullish,level_6_halt_dd_-0.484,,,
HBAN,2025-01-20,cpr_narrow_bullish,level_6_halt_dd_-0.484,,,
IDYA,2025-01-20,bollinger_lower,level_6_halt_dd_-0.484,,,
FLR,2025-01-20,pivot_r1_breakout,level_6_halt_dd_-0.484,,,
VIVO,2025-01-20,hull_rsi,level_6_halt_dd_-0.484,,,
XLE,2025-01-20,cpr_narrow_bullish,level_6_halt_dd_-0.484,,,
HOLX,2025-01-20,bollinger_tight,level_6_halt_dd_-0.484,,,
BDX,2025-01-20,cpr_narrow_bullish,level_6_halt_dd_-0.484,,,
PETQ,2025-01-20,pivot_s1_bounce,level_6_halt_dd_-0.484,,,
RKLB,2025-01-20,williams_stoch_dual,level_6_halt_dd_-0.484,,,
BDX,2025-01-21,cpr_narrow_bullish,level_6_halt_dd_-0.484,,,
WMB,2025-01-21,pivot_r2_continuation,level_6_halt_dd_-0.484,,,
RKLB,2025-01-21,camarilla_r3_breakout,level_6_halt_dd_-0.484,,,
CG,2025-01-21,pivot_r1_breakout,level_6_halt_dd_-0.484,,,
AOS,2025-01-21,cpr_narrow_bullish,level_6_halt_dd_-0.484,,,
CSX,2025-01-21,cpr_narrow_bullish,level_6_halt_dd_-0.484,,,
VIVO,2025-01-21,hull_rsi,level_6_halt_dd_-0.484,,,
XLE,2025-01-21,hull_rsi,level_6_halt_dd_-0.484,,,
LCID,2025-01-21,ichimoku_cloud_breakout,level_6_halt_dd_-0.484,,,
JCI,2025-01-21,cpr_narrow_bullish,level_6_halt_dd_-0.484,,,
BAM,2025-01-22,cpr_narrow_bullish,level_6_halt_dd_-0.484,,,
VIVO,2025-01-22,hull_rsi,level_6_halt_dd_-0.484,,,
BHVN,2025-01-22,cpr_narrow_bullish,level_6_halt_dd_-0.484,,,
NVDA,2025-01-22,cpr_narrow_bullish,level_6_halt_dd_-0.484,,,
CG,2025-01-22,cpr_narrow_bullish,level_6_halt_dd_-0.484,,,
UUUU,2025-01-22,pivot_r1_breakout,level_6_halt_dd_-0.484,,,
PETQ,2025-01-22,pivot_s1_bounce,level_6_halt_dd_-0.484,,,
HOLX,2025-01-22,macd_crossover,level_6_halt_dd_-0.484,,,
GNRC,2025-01-22,supertrend_macd,level_6_halt_dd_-0.484,,,
TNXP,2025-01-22,camarilla_r3_breakout,level_6_halt_dd_-0.484,,,
CSX,2025-01-23,cpr_narrow_bullish,level_6_halt_dd_-0.484,,,
BDX,2025-01-23,cpr_narrow_bullish,level_6_halt_dd_-0.484,,,
BAM,2025-01-23,cpr_narrow_bullish,level_6_halt_dd_-0.484,,,
CG,2025-01-23,cpr_narrow_bullish,level_6_halt_dd_-0.484,,,
VIVO,2025-01-23,hull_rsi,level_6_halt_dd_-0.484,,,
RKLB,2025-01-23,cpr_narrow_bullish,level_6_halt_dd_-0.484,,,
FLR,2025-01-23,cpr_narrow_bullish,level_6_halt_dd_-0.484,,,
IFF,2025-01-23,cpr_narrow_bullish,level_6_halt_dd_-0.484,,,
GNRC,2025-01-23,supertrend_macd,level_6_halt_dd_-0.484,,,
COGT,2025-01-23,pivot_r1_breakout,level_6_halt_dd_-0.484,,,
TNXP,2025-01-24,pivot_r1_breakout,level_6_halt_dd_-0.488,,,
BDX,2025-01-24,cpr_narrow_bullish,level_6_halt_dd_-0.488,,,
BAM,2025-01-24,pivot_r1_breakout,level_6_halt_dd_-0.488,,,
VIVO,2025-01-24,hull_rsi,level_6_halt_dd_-0.488,,,
CSX,2025-01-24,supertrend_macd,level_6_halt_dd_-0.488,,,
VET,2025-01-24,cpr_narrow_bullish,level_6_halt_dd_-0.488,,,
HBAN,2025-01-24,cpr_narrow_bullish,level_6_halt_dd_-0.488,,,
CG,2025-01-24,cpr_narrow_bullish,level_6_halt_dd_-0.488,,,
PETQ,2025-01-24,pivot_s1_bounce,level_6_halt_dd_-0.488,,,
FLR,2025-01-24,hull_rsi,level_6_halt_dd_-0.488,,,
WMB,2025-01-27,williams_r_oversold,level_6_halt_dd_-0.489,,,
NVDA,2025-01-27,bollinger_lower,level_6_halt_dd_-0.489,,,
BAM,2025-01-27,cpr_narrow_bullish,level_6_halt_dd_-0.489,,,
AWK,2025-01-27,pivot_r1_breakout,level_6_halt_dd_-0.489,,,
BDX,2025-01-27,cpr_narrow_bullish,level_6_halt_dd_-0.489,,,
JCI,2025-01-27,bollinger_lower,level_6_halt_dd_-0.489,,,
CSX,2025-01-27,cpr_narrow_bullish,level_6_halt_dd_-0.489,,,
CCEP,2025-01-27,pivot_r1_breakout,level_6_halt_dd_-0.489,,,
VIVO,2025-01-27,hull_rsi,level_6_halt_dd_-0.489,,,
PSX,2025-01-27,cpr_narrow_bullish,level_6_halt_dd_-0.489,,,
GNRC,2025-01-28,bollinger_lower,level_6_halt_dd_-0.494,,,
JCI,2025-01-28,bollinger_lower,level_6_halt_dd_-0.494,,,
FLR,2025-01-28,bollinger_tight,level_6_halt_dd_-0.494,,,
CRWD,2025-01-28,pivot_r1_breakout,level_6_halt_dd_-0.494,,,
BAM,2025-01-28,pivot_r2_continuation,level_6_halt_dd_-0.494,,,
BDX,2025-01-28,cpr_narrow_bullish,level_6_halt_dd_-0.494,,,
TNXP,2025-01-28,pivot_r1_breakout,level_6_halt_dd_-0.494,,,
VIVO,2025-01-28,hull_rsi,level_6_halt_dd_-0.494,,,
HBAN,2025-01-28,cpr_narrow_bullish,level_6_halt_dd_-0.494,,,
FOX,2025-01-28,cpr_narrow_bullish,level_6_halt_dd_-0.494,,,
HST,2025-01-29,bollinger_lower,level_6_halt_dd_-0.494,,,
JCI,2025-01-29,bollinger_lower,level_6_halt_dd_-0.494,,,
BAM,2025-01-29,cpr_narrow_bullish,level_6_halt_dd_-0.494,,,
FOX,2025-01-29,cpr_narrow_bullish,level_6_halt_dd_-0.494,,,
VIVO,2025-01-29,hull_rsi,level_6_halt_dd_-0.494,,,
XLE,2025-01-29,inside_bar_breakout,level_6_halt_dd_-0.494,,,
GNRC,2025-01-29,bollinger_lower,level_6_halt_dd_-0.494,,,
PETQ,2025-01-29,pivot_s1_bounce,level_6_halt_dd_-0.494,,,
TNXP,2025-01-29,hull_rsi,level_6_halt_dd_-0.494,,,
SWIM,2025-01-29,cpr_narrow_bullish,level_6_halt_dd_-0.494,,,
AOS,2025-01-30,cmf_flip,level_6_halt_dd_-0.494,,,
FOX,2025-01-30,cpr_narrow_bullish,level_6_halt_dd_-0.494,,,
CCEP,2025-01-30,cpr_narrow_bullish,level_6_halt_dd_-0.494,,,
VIVO,2025-01-30,hull_rsi,level_6_halt_dd_-0.494,,,
PETQ,2025-01-30,pivot_s1_bounce,level_6_halt_dd_-0.494,,,
HST,2025-01-30,bollinger_lower,level_6_halt_dd_-0.494,,,
JCI,2025-01-30,stochrsi_oversold,level_6_halt_dd_-0.494,,,
BDX,2025-01-30,hull_rsi,level_6_halt_dd_-0.494,,,
IFF,2025-01-30,cpr_narrow_bullish,level_6_halt_dd_-0.494,,,
COGT,2025-01-30,cpr_narrow_bullish,level_6_halt_dd_-0.494,,,
FOX,2025-01-31,cpr_narrow_bullish,level_6_halt_dd_-0.494,,,
NVDA,2025-01-31,williams_r_oversold,level_6_halt_dd_-0.494,,,
VIVO,2025-01-31,hull_rsi,level_6_halt_dd_-0.494,,,
GNRC,2025-01-31,bollinger_tight,level_6_halt_dd_-0.494,,,
PETQ,2025-01-31,pivot_s1_bounce,level_6_halt_dd_-0.494,,,
WMB,2025-01-31,ichimoku_cloud_breakout,level_6_halt_dd_-0.494,,,
VET,2025-01-31,bollinger_lower,level_6_halt_dd_-0.494,,,
TNXP,2025-01-31,cpr_narrow_bullish,level_6_halt_dd_-0.494,,,
BHVN,2025-01-31,cpr_narrow_bullish,level_6_halt_dd_-0.494,,,
MORF,2025-01-31,pivot_r2_continuation,level_6_halt_dd_-0.494,,,
TNXP,2025-02-03,pivot_r1_breakout,level_6_halt_dd_-0.494,,,
FOX,2025-02-03,cpr_narrow_bullish,level_6_halt_dd_-0.494,,,
GNRC,2025-02-03,bollinger_lower,level_6_halt_dd_-0.494,,,
AOS,2025-02-03,cmf_flip,level_6_halt_dd_-0.494,,,
VIVO,2025-02-03,hull_rsi,level_6_halt_dd_-0.494,,,
NVDA,2025-02-03,bollinger_tight,level_6_halt_dd_-0.494,,,
HST,2025-02-03,bollinger_lower,level_6_halt_dd_-0.494,,,
PETQ,2025-02-03,pivot_s1_bounce,level_6_halt_dd_-0.494,,,
XLE,2025-02-03,cmf_flip,level_6_halt_dd_-0.494,,,
RF,2025-02-03,supertrend_macd,level_6_halt_dd_-0.494,,,
FOX,2025-02-04,pivot_r1_breakout,level_6_halt_dd_-0.494,,,
GNRC,2025-02-04,bollinger_lower,level_6_halt_dd_-0.494,,,
AOS,2025-02-04,bollinger_lower,level_6_halt_dd_-0.494,,,
TNXP,2025-02-04,adx_initiation,level_6_halt_dd_-0.494,,,
VIVO,2025-02-04,hull_rsi,level_6_halt_dd_-0.494,,,
CG,2025-02-04,williams_r_oversold,level_6_halt_dd_-0.494,,,
MNMD,2025-02-04,pivot_r1_breakout,level_6_halt_dd_-0.494,,,
PETQ,2025-02-04,pivot_s1_bounce,level_6_halt_dd_-0.494,,,
REZI,2025-02-04,bollinger_lower,level_6_halt_dd_-0.494,,,
CRWD,2025-02-04,cpr_narrow_bullish,level_6_halt_dd_-0.494,,,
JCI,2025-02-05,pivot_r1_breakout,level_6_halt_dd_-0.494,,,
TNXP,2025-02-05,adx_initiation,level_6_halt_dd_-0.494,,,
CRWD,2025-02-05,cpr_narrow_bullish,level_6_halt_dd_-0.494,,,
GNRC,2025-02-05,bollinger_lower,level_6_halt_dd_-0.494,,,
REZI,2025-02-05,williams_r_oversold,level_6_halt_dd_-0.494,,,
HST,2025-02-05,bollinger_lower,level_6_halt_dd_-0.494,,,
VIVO,2025-02-05,hull_rsi,level_6_halt_dd_-0.494,,,
COGT,2025-02-05,cpr_narrow_bullish,level_6_halt_dd_-0.494,,,
HOLX,2025-02-05,cpr_narrow_bullish,level_6_halt_dd_-0.494,,,
MNMD,2025-02-05,pivot_r1_breakout,level_6_halt_dd_-0.494,,,
HOLX,2025-02-06,bollinger_lower,level_6_halt_dd_-0.494,,,
BDX,2025-02-06,bollinger_tight,level_6_halt_dd_-0.494,,,
TNXP,2025-02-06,adx_initiation,level_6_halt_dd_-0.494,,,
UUUU,2025-02-06,pivot_r1_breakout,level_6_halt_dd_-0.494,,,
JCI,2025-02-06,cpr_narrow_bullish,level_6_halt_dd_-0.494,,,
CRWD,2025-02-06,cpr_narrow_bullish,level_6_halt_dd_-0.494,,,
VIVO,2025-02-06,hull_rsi,level_6_halt_dd_-0.494,,,
VET,2025-02-06,bollinger_tight,level_6_halt_dd_-0.494,,,
PETQ,2025-02-06,pivot_s1_bounce,level_6_halt_dd_-0.494,,,
AOS,2025-02-06,bollinger_tight,level_6_halt_dd_-0.494,,,
HOLX,2025-02-07,bollinger_lower,level_6_halt_dd_-0.494,,,
JCI,2025-02-07,cpr_narrow_bullish,level_6_halt_dd_-0.494,,,
BDX,2025-02-07,bollinger_tight,level_6_halt_dd_-0.494,,,
SWIM,2025-02-07,cpr_narrow_bullish,level_6_halt_dd_-0.494,,,
AOS,2025-02-07,bollinger_tight,level_6_halt_dd_-0.494,,,
VIVO,2025-02-07,hull_rsi,level_6_halt_dd_-0.494,,,
TNXP,2025-02-07,adx_initiation,level_6_halt_dd_-0.494,,,
CG,2025-02-07,williams_r_oversold,level_6_halt_dd_-0.494,,,
GNRC,2025-02-07,bollinger_tight,level_6_halt_dd_-0.494,,,
PETQ,2025-02-07,pivot_s1_bounce,level_6_halt_dd_-0.494,,,
JCI,2025-02-10,pivot_r2_continuation,level_6_halt_dd_-0.494,,,
CG,2025-02-10,williams_r_oversold,level_6_halt_dd_-0.494,,,
TNXP,2025-02-10,adx_initiation,level_6_halt_dd_-0.494,,,
CRWD,2025-02-10,cpr_narrow_bullish,level_6_halt_dd_-0.494,,,
VIVO,2025-02-10,hull_rsi,level_6_halt_dd_-0.494,,,
HOLX,2025-02-10,bollinger_lower,level_6_halt_dd_-0.494,,,
IFF,2025-02-10,cpr_narrow_bullish,level_6_halt_dd_-0.494,,,
KULR,2025-02-10,cpr_narrow_bullish,level_6_halt_dd_-0.494,,,
PSX,2025-02-10,cpr_narrow_bullish,level_6_halt_dd_-0.494,,,
PETQ,2025-02-10,pivot_s1_bounce,level_6_halt_dd_-0.494,,,
CG,2025-02-11,bollinger_lower,level_6_halt_dd_-0.494,,,
GNRC,2025-02-11,stochrsi_oversold,level_6_halt_dd_-0.494,,,
HOLX,2025-02-11,bollinger_lower,level_6_halt_dd_-0.494,,,
BHVN,2025-02-11,pivot_r1_breakout,level_6_halt_dd_-0.494,,,
PSX,2025-02-11,pivot_r1_breakout,level_6_halt_dd_-0.494,,,
CRWD,2025-02-11,cpr_narrow_bullish,level_6_halt_dd_-0.494,,,
VIVO,2025-02-11,hull_rsi,level_6_halt_dd_-0.494,,,
BDX,2025-02-11,stochrsi_oversold,level_6_halt_dd_-0.494,,,
TNXP,2025-02-11,adx_initiation,level_6_halt_dd_-0.494,,,
CCEP,2025-02-11,cpr_narrow_bullish,level_6_halt_dd_-0.494,,,
HST,2025-02-12,bollinger_tight,level_6_halt_dd_-0.494,,,
FOX,2025-02-12,pivot_r1_breakout,level_6_halt_dd_-0.494,,,
GNRC,2025-02-12,pivot_r1_breakout,level_6_halt_dd_-0.494,,,
HOLX,2025-02-12,bollinger_tight,level_6_halt_dd_-0.494,,,
RF,2025-02-12,williams_r_oversold,level_6_halt_dd_-0.494,,,
REZI,2025-02-12,bollinger_tight,level_6_halt_dd_-0.494,,,
VIVO,2025-02-12,hull_rsi,level_6_halt_dd_-0.494,,,
BAM,2025-02-12,williams_r_oversold,level_6_halt_dd_-0.494,,,
BDX,2025-02-12,bollinger_tight,level_6_halt_dd_-0.494,,,
CRWD,2025-02-12,cpr_narrow_bullish,level_6_halt_dd_-0.494,,,
HOLX,2025-02-13,bollinger_tight,level_6_halt_dd_-0.494,,,
SWIM,2025-02-13,williams_r_oversold,level_6_halt_dd_-0.494,,,
FOX,2025-02-13,cpr_narrow_bullish,level_6_halt_dd_-0.494,,,
CCEP,2025-02-13,pivot_r1_breakout,level_6_halt_dd_-0.494,,,
JCI,2025-02-13,cpr_narrow_bullish,level_6_halt_dd_-0.494,,,
CRWD,2025-02-13,cpr_narrow_bullish,level_6_halt_dd_-0.494,,,
VIVO,2025-02-13,hull_rsi,level_6_halt_dd_-0.494,,,
PETQ,2025-02-13,pivot_s1_bounce,level_6_halt_dd_-0.494,,,
AWK,2025-02-13,pivot_r1_breakout,level_6_halt_dd_-0.494,,,
BDX,2025-02-13,bollinger_tight,level_6_halt_dd_-0.494,,,
MNMD,2025-02-14,pivot_r1_breakout,level_6_halt_dd_-0.494,,,
CCEP,2025-02-14,pivot_r1_breakout,level_6_halt_dd_-0.494,,,
BDX,2025-02-14,bollinger_tight,level_6_halt_dd_-0.494,,,
HOLX,2025-02-14,bollinger_tight,level_6_halt_dd_-0.494,,,
CSX,2025-02-14,cpr_narrow_bullish,level_6_halt_dd_-0.494,,,
FOX,2025-02-14,cpr_narrow_bullish,level_6_halt_dd_-0.494,,,
JCI,2025-02-14,pivot_r2_continuation,level_6_halt_dd_-0.494,,,
VIVO,2025-02-14,hull_rsi,level_6_halt_dd_-0.494,,,
CRWD,2025-02-14,hull_rsi,level_6_halt_dd_-0.494,,,
COGT,2025-02-14,williams_stoch_dual,level_6_halt_dd_-0.494,,,
MNMD,2025-02-17,pivot_r1_breakout,level_6_halt_dd_-0.494,,,
CCEP,2025-02-17,pivot_r1_breakout,level_6_halt_dd_-0.494,,,
BDX,2025-02-17,bollinger_tight,level_6_halt_dd_-0.494,,,
HOLX,2025-02-17,bollinger_tight,level_6_halt_dd_-0.494,,,
CSX,2025-02-17,cpr_narrow_bullish,level_6_halt_dd_-0.494,,,
FOX,2025-02-17,cpr_narrow_bullish,level_6_halt_dd_-0.494,,,
JCI,2025-02-17,pivot_r2_continuation,level_6_halt_dd_-0.494,,,
VIVO,2025-02-17,hull_rsi,level_6_halt_dd_-0.494,,,
CRWD,2025-02-17,hull_rsi,level_6_halt_dd_-0.494,,,
COGT,2025-02-17,williams_stoch_dual,level_6_halt_dd_-0.494,,,
CCEP,2025-02-18,pivot_r1_breakout,level_6_halt_dd_-0.494,,,
FLR,2025-02-18,bollinger_lower,level_6_halt_dd_-0.494,,,
LCID,2025-02-18,cpr_narrow_bullish,level_6_halt_dd_-0.494,,,
FOX,2025-02-18,cpr_narrow_bullish,level_6_halt_dd_-0.494,,,
IDYA,2025-02-18,bollinger_lower,level_6_halt_dd_-0.494,,,
TNXP,2025-02-18,adx_initiation,level_6_halt_dd_-0.494,,,
CRWD,2025-02-18,cpr_narrow_bullish,level_6_halt_dd_-0.494,,,
VIVO,2025-02-18,hull_rsi,level_6_halt_dd_-0.494,,,
RF,2025-02-18,cpr_narrow_bullish,level_6_halt_dd_-0.494,,,
JCI,2025-02-18,cpr_narrow_bullish,level_6_halt_dd_-0.494,,,
IFF,2025-02-19,bollinger_lower,level_6_halt_dd_-0.494,,,
FOX,2025-02-19,pivot_r1_breakout,level_6_halt_dd_-0.494,,,
CCEP,2025-02-19,cpr_narrow_bullish,level_6_halt_dd_-0.494,,,
RKLB,2025-02-19,bollinger_tight,level_6_halt_dd_-0.494,,,
TNXP,2025-02-19,stochrsi_oversold,level_6_halt_dd_-0.494,,,
VIVO,2025-02-19,hull_rsi,level_6_halt_dd_-0.494,,,
JCI,2025-02-19,cpr_narrow_bullish,level_6_halt_dd_-0.494,,,
PETQ,2025-02-19,pivot_s1_bounce,level_6_halt_dd_-0.494,,,
FLR,2025-02-19,bollinger_lower,level_6_halt_dd_-0.494,,,
WMB,2025-02-19,cpr_narrow_bullish,level_6_halt_dd_-0.494,,,
CSX,2025-02-20,bollinger_tight,level_6_halt_dd_-0.502,,,
RF,2025-02-20,cpr_narrow_bullish,level_6_halt_dd_-0.502,,,
IFF,2025-02-20,bollinger_lower,level_6_halt_dd_-0.502,,,
HBAN,2025-02-20,williams_r_oversold,level_6_halt_dd_-0.502,,,
BAC,2025-02-20,williams_r_oversold,level_6_halt_dd_-0.502,,,
TNXP,2025-02-20,macd_fast_crossover,level_6_halt_dd_-0.502,,,
GNRC,2025-02-20,supertrend_macd,level_6_halt_dd_-0.502,,,
VIVO,2025-02-20,hull_rsi,level_6_halt_dd_-0.502,,,
FOX,2025-02-20,cpr_narrow_bullish,level_6_halt_dd_-0.502,,,
CCEP,2025-02-20,hull_rsi,level_6_halt_dd_-0.502,,,
REZI,2025-02-21,bollinger_lower,level_6_halt_dd_-0.502,,,
CRWD,2025-02-21,ichimoku_cloud_breakout,level_6_halt_dd_-0.502,,,
RF,2025-02-21,williams_r_oversold,level_6_halt_dd_-0.502,,,
CCEP,2025-02-21,pivot_r2_continuation,level_6_halt_dd_-0.502,,,
GNRC,2025-02-21,bollinger_tight,level_6_halt_dd_-0.502,,,
FLR,2025-02-21,bollinger_lower,level_6_halt_dd_-0.502,,,
RKLB,2025-02-21,bollinger_lower,level_6_halt_dd_-0.502,,,
BHVN,2025-02-21,bollinger_tight,level_6_halt_dd_-0.502,,,
VIVO,2025-02-21,hull_rsi,level_6_halt_dd_-0.502,,,
BAC,2025-02-21,williams_r_oversold,level_6_halt_dd_-0.502,,,
CSX,2025-02-24,bollinger_lower,level_6_halt_dd_-0.502,,,
JCI,2025-02-24,ichimoku_cloud_breakout,level_6_halt_dd_-0.502,,,
HBAN,2025-02-24,stochrsi_oversold,level_6_halt_dd_-0.502,,,
IFF,2025-02-24,stochrsi_oversold,level_6_halt_dd_-0.502,,,
UUUU,2025-02-24,bollinger_lower,level_6_halt_dd_-0.502,,,
BAC,2025-02-24,williams_r_oversold,level_6_halt_dd_-0.502,,,
RKLB,2025-02-24,bollinger_lower,level_6_halt_dd_-0.502,,,
VIVO,2025-02-24,hull_rsi,level_6_halt_dd_-0.502,,,
CRWD,2025-02-24,williams_r_oversold,level_6_halt_dd_-0.502,,,
FOX,2025-02-24,hull_rsi,level_6_halt_dd_-0.502,,,
REZI,2025-02-25,bollinger_lower,level_6_halt_dd_-0.502,,,
SWIM,2025-02-25,morning_star,level_6_halt_dd_-0.502,,,
HST,2025-02-25,bollinger_lower,level_6_halt_dd_-0.502,,,
UUUU,2025-02-25,bollinger_lower,level_6_halt_dd_-0.502,,,
AWK,2025-02-25,cpr_narrow_bullish,level_6_halt_dd_-0.502,,,
RKLB,2025-02-25,bollinger_lower,level_6_halt_dd_-0.502,,,
HBAN,2025-02-25,bollinger_lower,level_6_halt_dd_-0.502,,,
KULR,2025-02-25,ultimate_oscillator,level_6_halt_dd_-0.502,,,
COGT,2025-02-25,bollinger_lower,level_6_halt_dd_-0.502,,,
VIVO,2025-02-25,hull_rsi,level_6_halt_dd_-0.502,,,
REZI,2025-02-26,bollinger_lower,level_6_halt_dd_-0.502,,,
COGT,2025-02-26,bollinger_lower,level_6_halt_dd_-0.502,,,
HST,2025-02-26,cmf_flip,level_6_halt_dd_-0.502,,,
VIVO,2025-02-26,hull_rsi,level_6_halt_dd_-0.502,,,
LCID,2025-02-26,bollinger_lower,level_6_halt_dd_-0.502,,,
CSX,2025-02-26,cmf_flip,level_6_halt_dd_-0.502,,,
VET,2025-02-26,bollinger_lower,level_6_halt_dd_-0.502,,,
PETQ,2025-02-26,pivot_s1_bounce,level_6_halt_dd_-0.502,,,
AWK,2025-02-26,hull_rsi,level_6_halt_dd_-0.502,,,
BAC,2025-02-26,bollinger_lower,level_6_halt_dd_-0.502,,,
UUUU,2025-02-27,stochrsi_oversold,level_6_halt_dd_-0.502,,,
REZI,2025-02-27,bollinger_lower,level_6_halt_dd_-0.502,,,
SWIM,2025-02-27,bollinger_lower,level_6_halt_dd_-0.502,,,
RKLB,2025-02-27,stochrsi_oversold,level_6_halt_dd_-0.502,,,
NVDA,2025-02-27,morning_star,level_6_halt_dd_-0.502,,,
CRWD,2025-02-27,williams_r_oversold,level_6_halt_dd_-0.502,,,
CG,2025-02-27,bollinger_tight,level_6_halt_dd_-0.502,,,
VIVO,2025-02-27,hull_rsi,level_6_halt_dd_-0.502,,,
MNMD,2025-02-27,stochrsi_oversold,level_6_halt_dd_-0.502,,,
BAM,2025-02-27,morning_star,level_6_halt_dd_-0.502,,,
AWK,2025-02-28,pivot_r1_breakout,level_6_halt_dd_-0.502,,,
UUUU,2025-02-28,bollinger_tight,level_6_halt_dd_-0.502,,,
WMB,2025-02-28,cpr_narrow_bullish,level_6_halt_dd_-0.502,,,
VIVO,2025-02-28,hull_rsi,level_6_halt_dd_-0.502,,,
PETQ,2025-02-28,pivot_s1_bounce,level_6_halt_dd_-0.502,,,
BAM,2025-02-28,cmf_flip,level_6_halt_dd_-0.502,,,
LCID,2025-02-28,stochrsi_oversold,level_6_halt_dd_-0.502,,,
GNRC,2025-02-28,bollinger_tight,level_6_halt_dd_-0.502,,,
SWIM,2025-02-28,bollinger_tight,level_6_halt_dd_-0.502,,,
VET,2025-02-28,bollinger_tight,level_6_halt_dd_-0.502,,,
VET,2025-03-03,bollinger_lower,level_6_halt_dd_-0.502,,,
BHVN,2025-03-03,bollinger_lower,level_6_halt_dd_-0.502,,,
UUUU,2025-03-03,bollinger_lower,level_6_halt_dd_-0.502,,,
SWIM,2025-03-03,bollinger_lower,level_6_halt_dd_-0.502,,,
MNMD,2025-03-03,bollinger_tight,level_6_halt_dd_-0.502,,,
KULR,2025-03-03,ultimate_oscillator,level_6_halt_dd_-0.502,,,
GNRC,2025-03-03,bollinger_lower,level_6_halt_dd_-0.502,,,
AWK,2025-03-03,cpr_narrow_bullish,level_6_halt_dd_-0.502,,,
VIVO,2025-03-03,hull_rsi,level_6_halt_dd_-0.502,,,
RF,2025-03-03,bollinger_tight,level_6_halt_dd_-0.502,,,
BAC,2025-03-04,bollinger_lower,level_6_halt_dd_-0.511,,,
CSX,2025-03-04,bollinger_lower,level_6_halt_dd_-0.511,,,
WMB,2025-03-04,cpr_narrow_bullish,level_6_halt_dd_-0.511,,,
BHVN,2025-03-04,bollinger_lower,level_6_halt_dd_-0.511,,,
VET,2025-03-04,bollinger_lower,level_6_halt_dd_-0.511,,,
HBAN,2025-03-04,bollinger_lower,level_6_halt_dd_-0.511,,,
GNRC,2025-03-04,bollinger_lower,level_6_halt_dd_-0.511,,,
CG,2025-03-04,bollinger_lower,level_6_halt_dd_-0.511,,,
VIVO,2025-03-04,hull_rsi,level_6_halt_dd_-0.511,,,
BAM,2025-03-04,williams_r_oversold,level_6_halt_dd_-0.511,,,
SWIM,2025-03-05,pivot_r1_breakout,level_6_halt_dd_-0.511,,,
VET,2025-03-05,stochrsi_oversold,level_6_halt_dd_-0.511,,,
XLE,2025-03-05,stochrsi_oversold,level_6_halt_dd_-0.511,,,
CSX,2025-03-05,bollinger_lower,level_6_halt_dd_-0.511,,,
VIVO,2025-03-05,hull_rsi,level_6_halt_dd_-0.511,,,
CRWD,2025-03-05,williams_r_oversold,level_6_halt_dd_-0.511,,,
RF,2025-03-05,bollinger_lower,level_6_halt_dd_-0.511,,,
PETQ,2025-03-05,pivot_s1_bounce,level_6_halt_dd_-0.511,,,
CCEP,2025-03-05,ichimoku_cloud_breakout,level_6_halt_dd_-0.511,,,
HBAN,2025-03-05,bollinger_lower,level_6_halt_dd_-0.511,,,
BAM,2025-03-06,bollinger_lower,level_6_halt_dd_-0.511,,,
VET,2025-03-06,stochrsi_oversold,level_6_halt_dd_-0.511,,,
CSX,2025-03-06,cmf_flip,level_6_halt_dd_-0.511,,,
JCI,2025-03-06,williams_r_oversold,level_6_halt_dd_-0.511,,,
HBAN,2025-03-06,bollinger_lower,level_6_halt_dd_-0.511,,,
IDYA,2025-03-06,bollinger_tight,level_6_halt_dd_-0.511,,,
VIVO,2025-03-06,hull_rsi,level_6_halt_dd_-0.511,,,
WMB,2025-03-06,williams_r_oversold,level_6_halt_dd_-0.511,,,
RF,2025-03-06,bollinger_lower,level_6_halt_dd_-0.511,,,
BAC,2025-03-06,bollinger_lower,level_6_halt_dd_-0.511,,,
BAM,2025-03-07,bollinger_lower,level_6_halt_dd_-0.511,,,
IDYA,2025-03-07,bollinger_tight,level_6_halt_dd_-0.511,,,
AWK,2025-03-07,pivot_r1_breakout,level_6_halt_dd_-0.511,,,
BHVN,2025-03-07,bollinger_tight,level_6_halt_dd_-0.511,,,
VIVO,2025-03-07,hull_rsi,level_6_halt_dd_-0.511,,,
CRWD,2025-03-07,bollinger_lower,level_6_halt_dd_-0.511,,,
CCEP,2025-03-07,williams_r_oversold,level_6_halt_dd_-0.511,,,
BAC,2025-03-07,bollinger_lower,level_6_halt_dd_-0.511,,,
PETQ,2025-03-07,pivot_s1_bounce,level_6_halt_dd_-0.511,,,
CG,2025-03-07,bollinger_lower,level_6_halt_dd_-0.511,,,
BHVN,2025-03-10,bollinger_tight,level_6_halt_dd_-0.511,,,
IDYA,2025-03-10,bollinger_lower,level_6_halt_dd_-0.511,,,
RF,2025-03-10,bollinger_lower,level_6_halt_dd_-0.511,,,
BAC,2025-03-10,bollinger_lower,level_6_halt_dd_-0.511,,,
AWK,2025-03-10,pivot_r1_breakout,level_6_halt_dd_-0.511,,,
CG,2025-03-10,bollinger_lower,level_6_halt_dd_-0.511,,,
HBAN,2025-03-10,bollinger_lower,level_6_halt_dd_-0.511,,,
BAM,2025-03-10,cmf_flip,level_6_halt_dd_-0.511,,,
RKLB,2025-03-10,williams_stoch_dual,level_6_halt_dd_-0.511,,,
REZI,2025-03-10,pivot_r2_continuation,level_6_halt_dd_-0.511,,,
HST,2025-03-11,bollinger_lower,level_6_halt_dd_-0.511,,,
BAM,2025-03-11,bollinger_lower,level_6_halt_dd_-0.511,,,
CSX,2025-03-11,bollinger_lower,level_6_halt_dd_-0.511,,,
HBAN,2025-03-11,bollinger_tight,level_6_halt_dd_-0.511,,,
JCI,2025-03-11,bollinger_tight,level_6_halt_dd_-0.511,,,
FOX,2025-03-11,williams_r_oversold,level_6_halt_dd_-0.511,,,
RF,2025-03-11,bollinger_tight,level_6_halt_dd_-0.511,,,
VIVO,2025-03-11,hull_rsi,level_6_halt_dd_-0.511,,,
BAC,2025-03-11,bollinger_lower,level_6_halt_dd_-0.511,,,
SWIM,2025-03-11,cpr_narrow_bullish,level_6_halt_dd_-0.511,,,
REZI,2025-03-12,williams_stoch_dual,EVENT_SUPPRESSION_CPI_d0_dec348,,,
REZI,2025-03-12,cpr_narrow_bullish,EVENT_SUPPRESSION_CPI_d0_dec348,,,
REZI,2025-03-12,macd_fast_crossover,EVENT_SUPPRESSION_CPI_d0_dec348,,,
REZI,2025-03-12,hull_rsi,EVENT_SUPPRESSION_CPI_d0_dec348,,,
REZI,2025-03-12,ichimoku_cloud_breakout,EVENT_SUPPRESSION_CPI_d0_dec348,,,
REZI,2025-03-12,adx_initiation,EVENT_SUPPRESSION_CPI_d0_dec348,,,
REZI,2025-03-12,cpr_narrow_momentum,EVENT_SUPPRESSION_CPI_d0_dec348,,,
REZI,2025-03-12,hull_rsi_short,EVENT_SUPPRESSION_CPI_d0_dec348,,,
REZI,2025-03-12,cpr_narrow_momentum_short,EVENT_SUPPRESSION_CPI_d0_dec348,,,
REZI,2025-03-12,r1_break_retest,EVENT_SUPPRESSION_CPI_d0_dec348,,,
REZI,2025-03-12,break_retest_confluence,EVENT_SUPPRESSION_CPI_d0_dec348,,,
RF,2025-03-12,stochrsi_oversold,EVENT_SUPPRESSION_CPI_d0_dec348,,,
RF,2025-03-12,bollinger_tight,EVENT_SUPPRESSION_CPI_d0_dec348,,,
RF,2025-03-12,cpr_narrow_bullish,EVENT_SUPPRESSION_CPI_d0_dec348,,,
RF,2025-03-12,hull_rsi,EVENT_SUPPRESSION_CPI_d0_dec348,,,
RF,2025-03-12,ichimoku_cloud_breakout,EVENT_SUPPRESSION_CPI_d0_dec348,,,
RF,2025-03-12,adx_initiation,EVENT_SUPPRESSION_CPI_d0_dec348,,,
RF,2025-03-12,cpr_narrow_momentum,EVENT_SUPPRESSION_CPI_d0_dec348,,,
RF,2025-03-12,hull_rsi_short,EVENT_SUPPRESSION_CPI_d0_dec348,,,
RF,2025-03-12,cpr_narrow_momentum_short,EVENT_SUPPRESSION_CPI_d0_dec348,,,
RF,2025-03-12,break_retest_confluence,EVENT_SUPPRESSION_CPI_d0_dec348,,,
HST,2025-03-12,stochrsi_oversold,EVENT_SUPPRESSION_CPI_d0_dec348,,,
HST,2025-03-12,bollinger_lower,EVENT_SUPPRESSION_CPI_d0_dec348,,,
HST,2025-03-12,bollinger_tight,EVENT_SUPPRESSION_CPI_d0_dec348,,,
HST,2025-03-12,williams_stoch_dual,EVENT_SUPPRESSION_CPI_d0_dec348,,,
HST,2025-03-12,cpr_narrow_bullish,EVENT_SUPPRESSION_CPI_d0_dec348,,,
HST,2025-03-12,hull_rsi,EVENT_SUPPRESSION_CPI_d0_dec348,,,
HST,2025-03-12,cpr_narrow_momentum,EVENT_SUPPRESSION_CPI_d0_dec348,,,
HST,2025-03-12,hull_rsi_short,EVENT_SUPPRESSION_CPI_d0_dec348,,,
HST,2025-03-12,cpr_narrow_momentum_short,EVENT_SUPPRESSION_CPI_d0_dec348,,,
HST,2025-03-12,break_retest_confluence,EVENT_SUPPRESSION_CPI_d0_dec348,,,
IFF,2025-03-12,williams_stoch_dual,EVENT_SUPPRESSION_CPI_d0_dec348,,,
IFF,2025-03-12,cpr_narrow_bullish,EVENT_SUPPRESSION_CPI_d0_dec348,,,
IFF,2025-03-12,macd_crossover,EVENT_SUPPRESSION_CPI_d0_dec348,,,
IFF,2025-03-12,macd_fast_crossover,EVENT_SUPPRESSION_CPI_d0_dec348,,,
IFF,2025-03-12,hull_rsi,EVENT_SUPPRESSION_CPI_d0_dec348,,,
IFF,2025-03-12,macd_ichimoku,EVENT_SUPPRESSION_CPI_d0_dec348,,,
IFF,2025-03-12,cpr_narrow_momentum,EVENT_SUPPRESSION_CPI_d0_dec348,,,
IFF,2025-03-12,macd_crossover_short,EVENT_SUPPRESSION_CPI_d0_dec348,,,
IFF,2025-03-12,hull_rsi_short,EVENT_SUPPRESSION_CPI_d0_dec348,,,
IFF,2025-03-12,cpr_narrow_momentum_short,EVENT_SUPPRESSION_CPI_d0_dec348,,,
VIVO,2025-03-12,(any),ticker_already_open_concurrent_block_bug61,,,
HOLX,2025-03-12,supertrend_macd,EVENT_SUPPRESSION_CPI_d0_dec348,,,
HOLX,2025-03-12,bollinger_tight,EVENT_SUPPRESSION_CPI_d0_dec348,,,
HOLX,2025-03-12,macd_fast_crossover,EVENT_SUPPRESSION_CPI_d0_dec348,,,
HOLX,2025-03-12,hull_rsi,EVENT_SUPPRESSION_CPI_d0_dec348,,,
HOLX,2025-03-12,parabolic_sar_flip,EVENT_SUPPRESSION_CPI_d0_dec348,,,
HOLX,2025-03-12,ichimoku_cloud_breakout,EVENT_SUPPRESSION_CPI_d0_dec348,,,
HOLX,2025-03-12,parabolic_sar_flip_short,EVENT_SUPPRESSION_CPI_d0_dec348,,,
HOLX,2025-03-12,hull_rsi_short,EVENT_SUPPRESSION_CPI_d0_dec348,,,
HOLX,2025-03-12,lead_lag_sector_rotation,EVENT_SUPPRESSION_CPI_d0_dec348,,,
PETQ,2025-03-12,pivot_s1_bounce,no_next_bar,,,
PETQ,2025-03-12,hull_rsi,no_next_bar,,,
PETQ,2025-03-12,ichimoku_cloud_breakout,no_next_bar,,,
PETQ,2025-03-12,doji_at_support,no_next_bar,,,
PETQ,2025-03-12,supertrend_ichimoku_adx,no_next_bar,,,
PETQ,2025-03-12,dc20_break_retest,no_next_bar,,,
PETQ,2025-03-12,52wh_break_retest,no_next_bar,,,
PETQ,2025-03-12,bollinger_tight,no_next_bar,,,
BAM,2025-03-12,stochrsi_oversold,EVENT_SUPPRESSION_CPI_d0_dec348,,,
BAM,2025-03-12,bollinger_tight,EVENT_SUPPRESSION_CPI_d0_dec348,,,
BAM,2025-03-12,morning_star,EVENT_SUPPRESSION_CPI_d0_dec348,,,
BAM,2025-03-12,hull_rsi,EVENT_SUPPRESSION_CPI_d0_dec348,,,
BAM,2025-03-12,ichimoku_cloud_breakout,EVENT_SUPPRESSION_CPI_d0_dec348,,,
BAM,2025-03-12,hull_rsi_short,EVENT_SUPPRESSION_CPI_d0_dec348,,,
BAM,2025-03-12,break_retest_confluence,EVENT_SUPPRESSION_CPI_d0_dec348,,,
BAM,2025-03-12,lead_lag_sector_rotation,EVENT_SUPPRESSION_CPI_d0_dec348,,,
FOX,2025-03-12,(any),stopout_cooldown_active_5d_dec018,,,
HBAN,2025-03-12,bollinger_tight,EVENT_SUPPRESSION_CPI_d0_dec348,,,
HBAN,2025-03-12,inside_bar_breakout,EVENT_SUPPRESSION_CPI_d0_dec348,,,
HBAN,2025-03-12,hull_rsi,EVENT_SUPPRESSION_CPI_d0_dec348,,,
HBAN,2025-03-12,ichimoku_cloud_breakout,EVENT_SUPPRESSION_CPI_d0_dec348,,,
HBAN,2025-03-12,adx_initiation,EVENT_SUPPRESSION_CPI_d0_dec348,,,
HBAN,2025-03-12,hull_rsi_short,EVENT_SUPPRESSION_CPI_d0_dec348,,,
HBAN,2025-03-12,break_retest_confluence,EVENT_SUPPRESSION_CPI_d0_dec348,,,
BAM,2025-03-13,stochrsi_oversold,level_6_halt_dd_-0.471,,,
BDX,2025-03-13,bollinger_lower,level_6_halt_dd_-0.471,,,
RF,2025-03-13,stochrsi_oversold,level_6_halt_dd_-0.471,,,
HBAN,2025-03-13,bollinger_tight,level_6_halt_dd_-0.471,,,
CSX,2025-03-13,bollinger_tight,level_6_halt_dd_-0.471,,,
CG,2025-03-13,bollinger_tight,level_6_halt_dd_-0.471,,,
BAC,2025-03-13,bollinger_tight,level_6_halt_dd_-0.471,,,
VIVO,2025-03-13,hull_rsi,level_6_halt_dd_-0.471,,,
FOX,2025-03-13,bollinger_tight,level_6_halt_dd_-0.471,,,
JCI,2025-03-13,bollinger_tight,level_6_halt_dd_-0.471,,,
HOLX,2025-03-14,bollinger_tight,level_6_halt_dd_-0.471,,,
VIVO,2025-03-14,hull_rsi,level_6_halt_dd_-0.471,,,
PETQ,2025-03-14,pivot_s1_bounce,level_6_halt_dd_-0.471,,,
AWK,2025-03-14,cpr_narrow_bullish,level_6_halt_dd_-0.471,,,
MORF,2025-03-14,pivot_r2_continuation,level_6_halt_dd_-0.471,,,
WMB,2025-03-14,cpr_narrow_bullish,level_6_halt_dd_-0.471,,,
XLE,2025-03-14,cpr_narrow_bullish,level_6_halt_dd_-0.471,,,
NVDA,2025-03-14,pivot_r2_continuation,level_6_halt_dd_-0.471,,,
FOX,2025-03-14,stochrsi_oversold,level_6_halt_dd_-0.471,,,
IDYA,2025-03-14,macd_crossover,level_6_halt_dd_-0.471,,,
VIVO,2025-03-17,hull_rsi,level_6_halt_dd_-0.471,,,
PETQ,2025-03-17,pivot_s1_bounce,level_6_halt_dd_-0.471,,,
PSX,2025-03-17,cpr_narrow_bullish,level_6_halt_dd_-0.471,,,
TNXP,2025-03-17,cpr_narrow_bullish,level_6_halt_dd_-0.471,,,
KULR,2025-03-17,pivot_r1_breakout,level_6_halt_dd_-0.471,,,
MORF,2025-03-17,pivot_r2_continuation,level_6_halt_dd_-0.471,,,
CCEP,2025-03-17,pivot_r2_continuation,level_6_halt_dd_-0.471,,,
UUUU,2025-03-17,hull_rsi,level_6_halt_dd_-0.471,,,
RF,2025-03-17,macd_fast_crossover,level_6_halt_dd_-0.471,,,
AWK,2025-03-17,cpr_narrow_bullish,level_6_halt_dd_-0.471,,,
TNXP,2025-03-18,pivot_r1_breakout,level_6_halt_dd_-0.471,,,
VIVO,2025-03-18,hull_rsi,level_6_halt_dd_-0.471,,,
PETQ,2025-03-18,pivot_s1_bounce,level_6_halt_dd_-0.471,,,
CG,2025-03-18,pivot_r1_breakout,level_6_halt_dd_-0.471,,,
BDX,2025-03-18,cpr_narrow_bullish,level_6_halt_dd_-0.471,,,
LCID,2025-03-18,pivot_r1_breakout,level_6_halt_dd_-0.471,,,
HBAN,2025-03-18,cpr_narrow_bullish,level_6_halt_dd_-0.471,,,
MORF,2025-03-18,pivot_r2_continuation,level_6_halt_dd_-0.471,,,
FOX,2025-03-18,stochrsi_oversold,level_6_halt_dd_-0.471,,,
REZI,2025-03-18,macd_crossover,level_6_halt_dd_-0.471,,,
VIVO,2025-03-19,hull_rsi,level_6_halt_dd_-0.471,,,
XLE,2025-03-19,cpr_narrow_bullish,level_6_halt_dd_-0.471,,,
PETQ,2025-03-19,pivot_s1_bounce,level_6_halt_dd_-0.471,,,
SWIM,2025-03-19,cpr_narrow_bullish,level_6_halt_dd_-0.471,,,
BAC,2025-03-19,pivot_r2_continuation,level_6_halt_dd_-0.471,,,
MORF,2025-03-19,pivot_r2_continuation,level_6_halt_dd_-0.471,,,
PSX,2025-03-19,cpr_narrow_bullish,level_6_halt_dd_-0.471,,,
BHVN,2025-03-19,cpr_narrow_bullish,level_6_halt_dd_-0.471,,,
CSX,2025-03-19,cpr_narrow_bullish,level_6_halt_dd_-0.471,,,
WMB,2025-03-19,cpr_narrow_bullish,level_6_halt_dd_-0.471,,,
WMB,2025-03-20,cpr_narrow_bullish,level_6_halt_dd_-0.471,,,
XLE,2025-03-20,cpr_narrow_bullish,level_6_halt_dd_-0.471,,,
VIVO,2025-03-20,hull_rsi,level_6_halt_dd_-0.471,,,
TNXP,2025-03-20,cpr_narrow_bullish,level_6_halt_dd_-0.471,,,
BDX,2025-03-20,cpr_narrow_bullish,level_6_halt_dd_-0.471,,,
PETQ,2025-03-20,pivot_s1_bounce,level_6_halt_dd_-0.471,,,
HBAN,2025-03-20,macd_crossover,level_6_halt_dd_-0.471,,,
RF,2025-03-20,macd_crossover,level_6_halt_dd_-0.471,,,
JCI,2025-03-20,cpr_narrow_bullish,level_6_halt_dd_-0.471,,,
SWIM,2025-03-20,morning_star,level_6_halt_dd_-0.471,,,
HST,2025-03-21,pivot_s2_bounce,level_6_halt_dd_-0.471,,,
IFF,2025-03-21,bollinger_lower,level_6_halt_dd_-0.471,,,
TNXP,2025-03-21,pivot_r1_breakout,level_6_halt_dd_-0.471,,,
CSX,2025-03-21,pivot_r1_breakout,level_6_halt_dd_-0.471,,,
VIVO,2025-03-21,hull_rsi,level_6_halt_dd_-0.471,,,
AOS,2025-03-21,cmf_flip,level_6_halt_dd_-0.471,,,
PETQ,2025-03-21,pivot_s1_bounce,level_6_halt_dd_-0.471,,,
SWIM,2025-03-21,cmf_flip,level_6_halt_dd_-0.471,,,
WMB,2025-03-21,cpr_narrow_bullish,level_6_halt_dd_-0.471,,,
HOLX,2025-03-21,camarilla_r3_breakout,level_6_halt_dd_-0.471,,,
TNXP,2025-03-24,pivot_r1_breakout,level_6_halt_dd_-0.471,,,
VIVO,2025-03-24,hull_rsi,level_6_halt_dd_-0.471,,,
CG,2025-03-24,pivot_r2_continuation,level_6_halt_dd_-0.471,,,
AOS,2025-03-24,cpr_narrow_bullish,level_6_halt_dd_-0.471,,,
WMB,2025-03-24,cpr_narrow_bullish,level_6_halt_dd_-0.471,,,
RF,2025-03-24,pivot_r2_continuation,level_6_halt_dd_-0.471,,,
PETQ,2025-03-24,pivot_s1_bounce,level_6_halt_dd_-0.471,,,
IFF,2025-03-24,bollinger_lower,level_6_halt_dd_-0.471,,,
VET,2025-03-24,cpr_narrow_bullish,level_6_halt_dd_-0.471,,,
BHVN,2025-03-24,macd_crossover,level_6_halt_dd_-0.471,,,
VIVO,2025-03-25,hull_rsi,level_6_halt_dd_-0.471,,,
RF,2025-03-25,cpr_narrow_bullish,level_6_halt_dd_-0.471,,,
IFF,2025-03-25,bollinger_lower,level_6_halt_dd_-0.471,,,
PETQ,2025-03-25,pivot_s1_bounce,level_6_halt_dd_-0.471,,,
RKLB,2025-03-25,hull_rsi,level_6_halt_dd_-0.471,,,
PSX,2025-03-25,cpr_narrow_bullish,level_6_halt_dd_-0.471,,,
HOLX,2025-03-25,supertrend_macd,level_6_halt_dd_-0.471,,,
CG,2025-03-25,cpr_narrow_bullish,level_6_halt_dd_-0.471,,,
TNXP,2025-03-25,hull_rsi,level_6_halt_dd_-0.471,,,
FLR,2025-03-25,hull_rsi,level_6_halt_dd_-0.471,,,
COGT,2025-03-26,bollinger_lower,level_6_halt_dd_-0.471,,,
IDYA,2025-03-26,supertrend_macd,level_6_halt_dd_-0.471,,,
VIVO,2025-03-26,hull_rsi,level_6_halt_dd_-0.471,,,
PETQ,2025-03-26,pivot_s1_bounce,level_6_halt_dd_-0.471,,,
FOX,2025-03-26,cpr_narrow_bullish,level_6_halt_dd_-0.471,,,
RF,2025-03-26,hull_rsi,level_6_halt_dd_-0.471,,,
CSX,2025-03-26,macd_crossover,level_6_halt_dd_-0.471,,,
MORF,2025-03-26,pivot_r2_continuation,level_6_halt_dd_-0.471,,,
SWIM,2025-03-26,cpr_narrow_bullish,level_6_halt_dd_-0.471,,,
AOS,2025-03-26,cpr_narrow_bullish,level_6_halt_dd_-0.471,,,
UUUU,2025-03-27,supertrend_macd,level_6_halt_dd_-0.471,,,
VIVO,2025-03-27,hull_rsi,level_6_halt_dd_-0.471,,,
IDYA,2025-03-27,supertrend_macd,level_6_halt_dd_-0.471,,,
PETQ,2025-03-27,pivot_s1_bounce,level_6_halt_dd_-0.471,,,
SWIM,2025-03-27,cpr_narrow_bullish,level_6_halt_dd_-0.471,,,
CG,2025-03-27,supertrend_macd,level_6_halt_dd_-0.471,,,
HST,2025-03-27,cpr_narrow_bullish,level_6_halt_dd_-0.471,,,
MORF,2025-03-27,pivot_r2_continuation,level_6_halt_dd_-0.471,,,
RF,2025-03-27,supertrend_macd,level_6_halt_dd_-0.471,,,
KULR,2025-03-27,cpr_narrow_bullish,level_6_halt_dd_-0.471,,,
IDYA,2025-03-28,supertrend_macd,level_6_halt_dd_-0.471,,,
VIVO,2025-03-28,hull_rsi,level_6_halt_dd_-0.471,,,
UUUU,2025-03-28,supertrend_macd,level_6_halt_dd_-0.471,,,
SWIM,2025-03-28,cpr_narrow_bullish,level_6_halt_dd_-0.471,,,
HST,2025-03-28,bollinger_tight,level_6_halt_dd_-0.471,,,
IFF,2025-03-28,bollinger_lower,level_6_halt_dd_-0.471,,,
COGT,2025-03-28,bollinger_lower,level_6_halt_dd_-0.471,,,
AOS,2025-03-28,cpr_narrow_bullish,level_6_halt_dd_-0.471,,,
NVDA,2025-03-28,morning_star,level_6_halt_dd_-0.471,,,
PETQ,2025-03-28,pivot_s1_bounce,level_6_halt_dd_-0.471,,,
IDYA,2025-03-31,bollinger_tight,level_6_halt_dd_-0.471,,,
BHVN,2025-03-31,bollinger_tight,level_6_halt_dd_-0.471,,,
COGT,2025-03-31,bollinger_lower,level_6_halt_dd_-0.471,,,
UUUU,2025-03-31,cmf_flip,level_6_halt_dd_-0.471,,,
MNMD,2025-03-31,bollinger_lower,level_6_halt_dd_-0.471,,,
FOX,2025-03-31,pivot_r1_breakout,level_6_halt_dd_-0.471,,,
VIVO,2025-03-31,hull_rsi,level_6_halt_dd_-0.471,,,
JCI,2025-03-31,cpr_narrow_bullish,level_6_halt_dd_-0.471,,,
PETQ,2025-03-31,pivot_s1_bounce,level_6_halt_dd_-0.471,,,
HST,2025-03-31,bollinger_tight,level_6_halt_dd_-0.471,,,
IDYA,2025-04-01,bollinger_tight,level_6_halt_dd_-0.471,,,
UUUU,2025-04-01,bollinger_lower,level_6_halt_dd_-0.471,,,
VIVO,2025-04-01,hull_rsi,level_6_halt_dd_-0.471,,,
BHVN,2025-04-01,bollinger_tight,level_6_halt_dd_-0.471,,,
COGT,2025-04-01,bollinger_lower,level_6_halt_dd_-0.471,,,
PETQ,2025-04-01,pivot_s1_bounce,level_6_halt_dd_-0.471,,,
RF,2025-04-01,supertrend_macd,level_6_halt_dd_-0.471,,,
GNRC,2025-04-01,bollinger_tight,level_6_halt_dd_-0.471,,,
WMB,2025-04-01,cpr_narrow_bullish,level_6_halt_dd_-0.471,,,
FOX,2025-04-01,cpr_narrow_bullish,level_6_halt_dd_-0.471,,,
TNXP,2025-04-02,adx_initiation,level_6_halt_dd_-0.471,,,
COGT,2025-04-02,stochrsi_oversold,level_6_halt_dd_-0.471,,,
VIVO,2025-04-02,hull_rsi,level_6_halt_dd_-0.471,,,
BDX,2025-04-02,cpr_narrow_bullish,level_6_halt_dd_-0.471,,,
CCEP,2025-04-02,cpr_narrow_bullish,level_6_halt_dd_-0.471,,,
FOX,2025-04-02,cpr_narrow_bullish,level_6_halt_dd_-0.471,,,
PETQ,2025-04-02,pivot_s1_bounce,level_6_halt_dd_-0.471,,,
HST,2025-04-02,macd_crossover,level_6_halt_dd_-0.471,,,
WMB,2025-04-02,macd_fast_crossover,level_6_halt_dd_-0.471,,,
CG,2025-04-02,pivot_r2_continuation,level_6_halt_dd_-0.471,,,
XLE,2025-04-03,bollinger_tight,level_6_halt_dd_-0.471,,,
BHVN,2025-04-03,bollinger_tight,level_6_halt_dd_-0.471,,,
HST,2025-04-03,bollinger_tight,level_6_halt_dd_-0.471,,,
HBAN,2025-04-03,bollinger_lower,level_6_halt_dd_-0.471,,,
BAC,2025-04-03,bollinger_lower,level_6_halt_dd_-0.471,,,
RF,2025-04-03,bollinger_lower,level_6_halt_dd_-0.471,,,
CG,2025-04-03,supertrend_macd,level_6_halt_dd_-0.471,,,
CSX,2025-04-03,bollinger_tight,level_6_halt_dd_-0.471,,,
GNRC,2025-04-03,bollinger_lower,level_6_halt_dd_-0.471,,,
AWK,2025-04-03,pivot_r1_breakout,level_6_halt_dd_-0.471,,,
FLR,2025-04-04,bollinger_lower,level_6_halt_dd_-0.471,,,
COGT,2025-04-04,bollinger_lower,level_6_halt_dd_-0.471,,,
CG,2025-04-04,pivot_s2_bounce,level_6_halt_dd_-0.471,,,
BHVN,2025-04-04,bollinger_tight,level_6_halt_dd_-0.471,,,
WMB,2025-04-04,williams_r_oversold,level_6_halt_dd_-0.471,,,
XLE,2025-04-04,bollinger_lower,level_6_halt_dd_-0.471,,,
BAC,2025-04-04,bollinger_lower,level_6_halt_dd_-0.471,,,
CSX,2025-04-04,bollinger_tight,level_6_halt_dd_-0.471,,,
VET,2025-04-04,bollinger_lower,level_6_halt_dd_-0.471,,,
GNRC,2025-04-04,bollinger_lower,level_6_halt_dd_-0.471,,,
COGT,2025-04-07,bollinger_lower,level_6_halt_dd_-0.471,,,
VET,2025-04-07,cmf_flip,level_6_halt_dd_-0.471,,,
BHVN,2025-04-07,bollinger_tight,level_6_halt_dd_-0.471,,,
AOS,2025-04-07,bollinger_lower,level_6_halt_dd_-0.471,,,
IFF,2025-04-07,bollinger_lower,level_6_halt_dd_-0.471,,,
NVDA,2025-04-07,camarilla_r3_breakout,level_6_halt_dd_-0.471,,,
FOX,2025-04-07,williams_r_oversold,level_6_halt_dd_-0.471,,,
CSX,2025-04-07,bollinger_tight,level_6_halt_dd_-0.471,,,
HBAN,2025-04-07,stochrsi_oversold,level_6_halt_dd_-0.471,,,
BAC,2025-04-07,camarilla_r3_breakout,level_6_halt_dd_-0.471,,,
VET,2025-04-08,bollinger_lower,level_6_halt_dd_-0.471,,,
IFF,2025-04-08,bollinger_lower,level_6_halt_dd_-0.471,,,
XLE,2025-04-08,bollinger_lower,level_6_halt_dd_-0.471,,,
FOX,2025-04-08,williams_r_oversold,level_6_halt_dd_-0.471,,,
GNRC,2025-04-08,bollinger_lower,level_6_halt_dd_-0.471,,,
HOLX,2025-04-08,supertrend_macd,level_6_halt_dd_-0.471,,,
CG,2025-04-08,bollinger_tight,level_6_halt_dd_-0.471,,,
BAC,2025-04-08,bollinger_lower,level_6_halt_dd_-0.471,,,
HBAN,2025-04-08,bollinger_tight,level_6_halt_dd_-0.471,,,
COGT,2025-04-08,bollinger_tight,level_6_halt_dd_-0.471,,,
HOLX,2025-04-09,bollinger_lower,level_6_halt_dd_-0.471,,,
LCID,2025-04-09,cpr_narrow_bullish,level_6_halt_dd_-0.471,,,
VIVO,2025-04-09,hull_rsi,level_6_halt_dd_-0.471,,,
RKLB,2025-04-09,pivot_r1_breakout,level_6_halt_dd_-0.471,,,
PETQ,2025-04-09,pivot_s1_bounce,level_6_halt_dd_-0.471,,,
COGT,2025-04-09,stochrsi_oversold,level_6_halt_dd_-0.471,,,
XLE,2025-04-09,camarilla_r3_breakout,level_6_halt_dd_-0.471,,,
AWK,2025-04-09,ichimoku_cloud_breakout,level_6_halt_dd_-0.471,,,
IDYA,2025-04-09,camarilla_r3_breakout,level_6_halt_dd_-0.471,,,
PSX,2025-04-09,camarilla_r3_breakout,level_6_halt_dd_-0.471,,,
XLE,2025-04-10,stochrsi_oversold,level_6_halt_dd_-0.471,,,
COGT,2025-04-10,stochrsi_oversold,level_6_halt_dd_-0.471,,,
HOLX,2025-04-10,bollinger_lower,level_6_halt_dd_-0.471,,,
HBAN,2025-04-10,bollinger_tight,level_6_halt_dd_-0.471,,,
VET,2025-04-10,bollinger_tight,level_6_halt_dd_-0.471,,,
CG,2025-04-10,bollinger_tight,level_6_halt_dd_-0.471,,,
VIVO,2025-04-10,hull_rsi,level_6_halt_dd_-0.471,,,
BHVN,2025-04-10,stochrsi_oversold,level_6_halt_dd_-0.471,,,
PETQ,2025-04-10,pivot_s1_bounce,level_6_halt_dd_-0.471,,,
BAC,2025-04-10,stochrsi_oversold,level_6_halt_dd_-0.471,,,
VIVO,2025-04-11,hull_rsi,level_6_halt_dd_-0.471,,,
PETQ,2025-04-11,pivot_s1_bounce,level_6_halt_dd_-0.471,,,
UUUU,2025-04-11,cpr_narrow_bullish,level_6_halt_dd_-0.471,,,
IDYA,2025-04-11,macd_crossover,level_6_halt_dd_-0.471,,,
HOLX,2025-04-11,bollinger_lower,level_6_halt_dd_-0.471,,,
SWIM,2025-04-11,bollinger_tight,level_6_halt_dd_-0.471,,,
FOX,2025-04-11,inside_bar_breakout,level_6_halt_dd_-0.471,,,
MORF,2025-04-11,pivot_r2_continuation,level_6_halt_dd_-0.471,,,
TNXP,2025-04-11,adx_initiation,level_6_halt_dd_-0.471,,,
HBAN,2025-04-11,cpr_narrow_bullish,level_6_halt_dd_-0.471,,,
CCEP,2025-04-14,cpr_narrow_bullish,level_6_halt_dd_-0.471,,,
VIVO,2025-04-14,hull_rsi,level_6_halt_dd_-0.471,,,
PETQ,2025-04-14,pivot_s1_bounce,level_6_halt_dd_-0.471,,,
AWK,2025-04-14,cpr_narrow_bullish,level_6_halt_dd_-0.471,,,
TNXP,2025-04-14,stochrsi_oversold,level_6_halt_dd_-0.471,,,
MORF,2025-04-14,pivot_r2_continuation,level_6_halt_dd_-0.471,,,
AOS,2025-04-14,cpr_narrow_bullish,level_6_halt_dd_-0.471,,,
UUUU,2025-04-14,cpr_narrow_bullish,level_6_halt_dd_-0.471,,,
HST,2025-04-14,macd_crossover,level_6_halt_dd_-0.471,,,
CSX,2025-04-14,macd_crossover,level_6_halt_dd_-0.471,,,
HOLX,2025-04-15,bollinger_tight,level_6_halt_dd_-0.471,,,
VIVO,2025-04-15,hull_rsi,level_6_halt_dd_-0.471,,,
RKLB,2025-04-15,pivot_r1_breakout,level_6_halt_dd_-0.471,,,
PETQ,2025-04-15,pivot_s1_bounce,level_6_halt_dd_-0.471,,,
CCEP,2025-04-15,cpr_narrow_bullish,level_6_halt_dd_-0.471,,,
IFF,2025-04-15,cpr_narrow_bullish,level_6_halt_dd_-0.471,,,
BDX,2025-04-15,cpr_narrow_bullish,level_6_halt_dd_-0.471,,,
MORF,2025-04-15,pivot_r2_continuation,level_6_halt_dd_-0.471,,,
NVDA,2025-04-15,cpr_narrow_bullish,level_6_halt_dd_-0.471,,,
FOX,2025-04-15,inside_bar_breakout,level_6_halt_dd_-0.471,,,
HOLX,2025-04-16,bollinger_tight,level_6_halt_dd_-0.471,,,
VIVO,2025-04-16,hull_rsi,level_6_halt_dd_-0.471,,,
UUUU,2025-04-16,pivot_r1_breakout,level_6_halt_dd_-0.471,,,
PETQ,2025-04-16,pivot_s1_bounce,level_6_halt_dd_-0.471,,,
COGT,2025-04-16,pivot_r2_continuation,level_6_halt_dd_-0.471,,,
RF,2025-04-16,cpr_narrow_bullish,level_6_halt_dd_-0.471,,,
FOX,2025-04-16,williams_r_oversold,level_6_halt_dd_-0.471,,,
REZI,2025-04-16,macd_fast_crossover,level_6_halt_dd_-0.471,,,
CG,2025-04-16,pivot_r2_continuation,level_6_halt_dd_-0.471,,,
TNXP,2025-04-16,stochrsi_oversold,level_6_halt_dd_-0.471,,,
UUUU,2025-04-17,pivot_r1_breakout,level_6_halt_dd_-0.471,,,
BDX,2025-04-17,williams_stoch_dual,level_6_halt_dd_-0.471,,,
VIVO,2025-04-17,hull_rsi,level_6_halt_dd_-0.471,,,
PETQ,2025-04-17,pivot_s1_bounce,level_6_halt_dd_-0.471,,,
WMB,2025-04-17,cpr_narrow_bullish,level_6_halt_dd_-0.471,,,
BHVN,2025-04-17,ppo_crossover,level_6_halt_dd_-0.471,,,
MORF,2025-04-17,pivot_r2_continuation,level_6_halt_dd_-0.471,,,
HBAN,2025-04-17,macd_crossover,level_6_halt_dd_-0.471,,,
BAC,2025-04-17,macd_crossover,level_6_halt_dd_-0.471,,,
COGT,2025-04-17,cpr_narrow_bullish,level_6_halt_dd_-0.471,,,
UUUU,2025-04-18,pivot_r1_breakout,level_6_halt_dd_-0.471,,,
BDX,2025-04-18,williams_stoch_dual,level_6_halt_dd_-0.471,,,
VIVO,2025-04-18,hull_rsi,level_6_halt_dd_-0.471,,,
PETQ,2025-04-18,pivot_s1_bounce,level_6_halt_dd_-0.471,,,
WMB,2025-04-18,cpr_narrow_bullish,level_6_halt_dd_-0.471,,,
BHVN,2025-04-18,ppo_crossover,level_6_halt_dd_-0.471,,,
MORF,2025-04-18,pivot_r2_continuation,level_6_halt_dd_-0.471,,,
HBAN,2025-04-18,macd_crossover,level_6_halt_dd_-0.471,,,
BAC,2025-04-18,macd_crossover,level_6_halt_dd_-0.471,,,
COGT,2025-04-18,cpr_narrow_bullish,level_6_halt_dd_-0.471,,,
CG,2025-04-21,pivot_r1_breakout,level_6_halt_dd_-0.471,,,
NVDA,2025-04-21,pivot_r2_continuation,level_6_halt_dd_-0.471,,,
LCID,2025-04-21,cpr_narrow_bullish,level_6_halt_dd_-0.471,,,
VIVO,2025-04-21,hull_rsi,level_6_halt_dd_-0.471,,,
HOLX,2025-04-21,stochrsi_oversold,level_6_halt_dd_-0.471,,,
JCI,2025-04-21,morning_star,level_6_halt_dd_-0.471,,,
PETQ,2025-04-21,pivot_s1_bounce,level_6_halt_dd_-0.471,,,
TNXP,2025-04-21,adx_initiation,level_6_halt_dd_-0.471,,,
FOX,2025-04-21,cpr_narrow_bullish,level_6_halt_dd_-0.471,,,
BDX,2025-04-21,williams_stoch_dual,level_6_halt_dd_-0.471,,,
IDYA,2025-04-22,cpr_narrow_bullish,level_6_halt_dd_-0.471,,,
VIVO,2025-04-22,hull_rsi,level_6_halt_dd_-0.471,,,
PETQ,2025-04-22,pivot_s1_bounce,level_6_halt_dd_-0.471,,,
AWK,2025-04-22,cpr_narrow_bullish,level_6_halt_dd_-0.471,,,
AOS,2025-04-22,macd_crossover,level_6_halt_dd_-0.471,,,
MORF,2025-04-22,pivot_r2_continuation,level_6_halt_dd_-0.471,,,
WMB,2025-04-22,cpr_narrow_bullish,level_6_halt_dd_-0.471,,,
HBAN,2025-04-22,hull_rsi,level_6_halt_dd_-0.471,,,
BHVN,2025-04-22,hull_rsi,level_6_halt_dd_-0.471,,,
FOX,2025-04-22,williams_r_oversold,level_6_halt_dd_-0.471,,,
IDYA,2025-04-23,cpr_narrow_bullish,level_6_halt_dd_-0.471,,,
VIVO,2025-04-23,hull_rsi,level_6_halt_dd_-0.471,,,
PETQ,2025-04-23,pivot_s1_bounce,level_6_halt_dd_-0.471,,,
WMB,2025-04-23,cpr_narrow_bullish,level_6_halt_dd_-0.471,,,
MORF,2025-04-23,pivot_r2_continuation,level_6_halt_dd_-0.471,,,
CRWD,2025-04-23,cpr_narrow_bullish,level_6_halt_dd_-0.471,,,
IFF,2025-04-23,cpr_narrow_bullish,level_6_halt_dd_-0.471,,,
HBAN,2025-04-23,cpr_narrow_bullish,level_6_halt_dd_-0.471,,,
RF,2025-04-23,hull_rsi,level_6_halt_dd_-0.471,,,
CSX,2025-04-23,parabolic_sar_flip,level_6_halt_dd_-0.471,,,
VIVO,2025-04-24,hull_rsi,level_6_halt_dd_-0.471,,,
CRWD,2025-04-24,cpr_narrow_bullish,level_6_halt_dd_-0.471,,,
UUUU,2025-04-24,cpr_narrow_bullish,level_6_halt_dd_-0.471,,,
PETQ,2025-04-24,pivot_s1_bounce,level_6_halt_dd_-0.471,,,
MNMD,2025-04-24,cpr_narrow_bullish,level_6_halt_dd_-0.471,,,
RF,2025-04-24,cpr_narrow_bullish,level_6_halt_dd_-0.471,,,
MORF,2025-04-24,pivot_r2_continuation,level_6_halt_dd_-0.471,,,
RKLB,2025-04-24,cpr_narrow_bullish,level_6_halt_dd_-0.471,,,
IDYA,2025-04-24,hull_rsi,level_6_halt_dd_-0.471,,,
IFF,2025-04-24,cpr_narrow_bullish,level_6_halt_dd_-0.471,,,
VIVO,2025-04-25,hull_rsi,level_6_halt_dd_-0.471,,,
BHVN,2025-04-25,supertrend_macd,level_6_halt_dd_-0.471,,,
PETQ,2025-04-25,pivot_s1_bounce,level_6_halt_dd_-0.471,,,
AWK,2025-04-25,stochrsi_oversold,level_6_halt_dd_-0.471,,,
MORF,2025-04-25,pivot_r2_continuation,level_6_halt_dd_-0.471,,,
CRWD,2025-04-25,hull_rsi,level_6_halt_dd_-0.471,,,
RKLB,2025-04-25,cpr_narrow_bullish,level_6_halt_dd_-0.471,,,
RF,2025-04-25,hull_rsi,level_6_halt_dd_-0.471,,,
IDYA,2025-04-25,hull_rsi,level_6_halt_dd_-0.471,,,
FOX,2025-04-25,macd_crossover,level_6_halt_dd_-0.471,,,
VIVO,2025-04-28,hull_rsi,level_6_halt_dd_-0.471,,,
IDYA,2025-04-28,cpr_narrow_bullish,level_6_halt_dd_-0.471,,,
RKLB,2025-04-28,cpr_narrow_bullish,level_6_halt_dd_-0.471,,,
HBAN,2025-04-28,cpr_narrow_bullish,level_6_halt_dd_-0.471,,,
PETQ,2025-04-28,pivot_s1_bounce,level_6_halt_dd_-0.471,,,
JCI,2025-04-28,cpr_narrow_bullish,level_6_halt_dd_-0.471,,,
CRWD,2025-04-28,cpr_narrow_bullish,level_6_halt_dd_-0.471,,,
RF,2025-04-28,cpr_narrow_bullish,level_6_halt_dd_-0.471,,,
BAC,2025-04-28,cpr_narrow_bullish,level_6_halt_dd_-0.471,,,
MORF,2025-04-28,pivot_r2_continuation,level_6_halt_dd_-0.471,,,
VIVO,2025-04-29,hull_rsi,level_6_halt_dd_-0.471,,,
IFF,2025-04-29,cpr_narrow_bullish,level_6_halt_dd_-0.471,,,
AOS,2025-04-29,pivot_r1_breakout,level_6_halt_dd_-0.471,,,
PETQ,2025-04-29,pivot_s1_bounce,level_6_halt_dd_-0.471,,,
BAC,2025-04-29,cpr_narrow_bullish,level_6_halt_dd_-0.471,,,
RF,2025-04-29,cpr_narrow_bullish,level_6_halt_dd_-0.471,,,
MORF,2025-04-29,pivot_r2_continuation,level_6_halt_dd_-0.471,,,
CRWD,2025-04-29,cpr_narrow_bullish,level_6_halt_dd_-0.471,,,
BAM,2025-04-29,cpr_narrow_bullish,level_6_halt_dd_-0.471,,,
LCID,2025-04-29,cpr_narrow_bullish,level_6_halt_dd_-0.471,,,
IDYA,2025-04-30,cpr_narrow_bullish,level_6_halt_dd_-0.471,,,
VIVO,2025-04-30,hull_rsi,level_6_halt_dd_-0.471,,,
AOS,2025-04-30,cpr_narrow_bullish,level_6_halt_dd_-0.471,,,
COGT,2025-04-30,cpr_narrow_bullish,level_6_halt_dd_-0.471,,,
CCEP,2025-04-30,macd_fast_crossover,level_6_halt_dd_-0.471,,,
PETQ,2025-04-30,pivot_s1_bounce,level_6_halt_dd_-0.471,,,
VET,2025-04-30,supertrend_macd,level_6_halt_dd_-0.471,,,
MORF,2025-04-30,pivot_r2_continuation,level_6_halt_dd_-0.471,,,
IFF,2025-04-30,cpr_narrow_bullish,level_6_halt_dd_-0.471,,,
MNMD,2025-04-30,cpr_narrow_bullish,level_6_halt_dd_-0.471,,,
BDX,2025-05-01,bollinger_tight,level_6_halt_dd_-0.471,,,
IDYA,2025-05-01,cpr_narrow_bullish,level_6_halt_dd_-0.471,,,
VIVO,2025-05-01,hull_rsi,level_6_halt_dd_-0.471,,,
COGT,2025-05-01,cpr_narrow_bullish,level_6_halt_dd_-0.471,,,
AOS,2025-05-01,cpr_narrow_bullish,level_6_halt_dd_-0.471,,,
PETQ,2025-05-01,pivot_s1_bounce,level_6_halt_dd_-0.471,,,
MORF,2025-05-01,pivot_r2_continuation,level_6_halt_dd_-0.471,,,
RF,2025-05-01,cpr_narrow_bullish,level_6_halt_dd_-0.471,,,
MNMD,2025-05-01,cpr_narrow_bullish,level_6_halt_dd_-0.471,,,
JCI,2025-05-01,pivot_r1_breakout,level_6_halt_dd_-0.471,,,
HOLX,2025-05-02,bollinger_lower,level_6_halt_dd_-0.471,,,
IDYA,2025-05-02,cpr_narrow_bullish,level_6_halt_dd_-0.471,,,
JCI,2025-05-02,cpr_narrow_bullish,level_6_halt_dd_-0.471,,,
VIVO,2025-05-02,hull_rsi,level_6_halt_dd_-0.471,,,
TNXP,2025-05-02,cpr_narrow_bullish,level_6_halt_dd_-0.471,,,
BDX,2025-05-02,bollinger_tight,level_6_halt_dd_-0.471,,,
RKLB,2025-05-02,cpr_narrow_bullish,level_6_halt_dd_-0.471,,,
RF,2025-05-02,cpr_narrow_bullish,level_6_halt_dd_-0.471,,,
BAM,2025-05-02,cpr_narrow_bullish,level_6_halt_dd_-0.471,,,
PETQ,2025-05-02,pivot_s1_bounce,level_6_halt_dd_-0.471,,,
BDX,2025-05-05,bollinger_tight,level_6_halt_dd_-0.471,,,
JCI,2025-05-05,cpr_narrow_bullish,level_6_halt_dd_-0.471,,,
RF,2025-05-05,cpr_narrow_bullish,level_6_halt_dd_-0.471,,,
VIVO,2025-05-05,hull_rsi,level_6_halt_dd_-0.471,,,
HOLX,2025-05-05,bollinger_tight,level_6_halt_dd_-0.471,,,
PETQ,2025-05-05,pivot_s1_bounce,level_6_halt_dd_-0.471,,,
IFF,2025-05-05,cpr_narrow_bullish,level_6_halt_dd_-0.471,,,
CRWD,2025-05-05,cpr_narrow_bullish,level_6_halt_dd_-0.471,,,
SWIM,2025-05-05,cpr_narrow_bullish,level_6_halt_dd_-0.471,,,
BAC,2025-05-05,cpr_narrow_bullish,level_6_halt_dd_-0.471,,,
BDX,2025-05-06,stochrsi_oversold,level_6_halt_dd_-0.471,,,
IDYA,2025-05-06,adx_initiation,level_6_halt_dd_-0.471,,,
BHVN,2025-05-06,supertrend_macd,level_6_halt_dd_-0.471,,,
VIVO,2025-05-06,hull_rsi,level_6_halt_dd_-0.471,,,
PETQ,2025-05-06,pivot_s1_bounce,level_6_halt_dd_-0.471,,,
COGT,2025-05-06,supertrend_macd,level_6_halt_dd_-0.471,,,
LCID,2025-05-06,cpr_narrow_bullish,level_6_halt_dd_-0.471,,,
JCI,2025-05-06,cpr_narrow_bullish,level_6_halt_dd_-0.471,,,
MORF,2025-05-06,pivot_r2_continuation,level_6_halt_dd_-0.471,,,
IFF,2025-05-06,cpr_narrow_bullish,level_6_halt_dd_-0.471,,,
JCI,2025-05-07,pivot_r1_breakout,level_6_halt_dd_-0.471,,,
VIVO,2025-05-07,hull_rsi,level_6_halt_dd_-0.471,,,
REZI,2025-05-07,pivot_r1_breakout,level_6_halt_dd_-0.471,,,
BDX,2025-05-07,stochrsi_oversold,level_6_halt_dd_-0.471,,,
CCEP,2025-05-07,cpr_narrow_bullish,level_6_halt_dd_-0.471,,,
PETQ,2025-05-07,pivot_s1_bounce,level_6_halt_dd_-0.471,,,
IFF,2025-05-07,cpr_narrow_bullish,level_6_halt_dd_-0.471,,,
NVDA,2025-05-07,cpr_narrow_bullish,level_6_halt_dd_-0.471,,,
HBAN,2025-05-07,cpr_narrow_bullish,level_6_halt_dd_-0.471,,,
LCID,2025-05-07,bollinger_tight,level_6_halt_dd_-0.471,,,
JCI,2025-05-08,cpr_narrow_bullish,level_6_halt_dd_-0.471,,,
RF,2025-05-08,cpr_narrow_bullish,level_6_halt_dd_-0.471,,,
VIVO,2025-05-08,hull_rsi,level_6_halt_dd_-0.471,,,
HBAN,2025-05-08,cpr_narrow_bullish,level_6_halt_dd_-0.471,,,
WMB,2025-05-08,morning_star,level_6_halt_dd_-0.471,,,
CSX,2025-05-08,cpr_narrow_bullish,level_6_halt_dd_-0.471,,,
PETQ,2025-05-08,pivot_s1_bounce,level_6_halt_dd_-0.471,,,
BAC,2025-05-08,cpr_narrow_bullish,level_6_halt_dd_-0.471,,,
CG,2025-05-08,cpr_narrow_bullish,level_6_halt_dd_-0.471,,,
REZI,2025-05-08,cpr_narrow_bullish,level_6_halt_dd_-0.471,,,
IFF,2025-05-09,williams_stoch_dual,level_6_halt_dd_-0.471,,,
REZI,2025-05-09,cpr_narrow_bullish,level_6_halt_dd_-0.471,,,
VIVO,2025-05-09,hull_rsi,level_6_halt_dd_-0.471,,,
JCI,2025-05-09,cpr_narrow_bullish,level_6_halt_dd_-0.471,,,
PETQ,2025-05-09,pivot_s1_bounce,level_6_halt_dd_-0.471,,,
RKLB,2025-05-09,supertrend_macd,level_6_halt_dd_-0.471,,,
PSX,2025-05-09,cpr_narrow_bullish,level_6_halt_dd_-0.471,,,
GNRC,2025-05-09,cpr_narrow_bullish,level_6_halt_dd_-0.471,,,
CG,2025-05-09,cpr_narrow_bullish,level_6_halt_dd_-0.471,,,
AOS,2025-05-09,cpr_narrow_bullish,level_6_halt_dd_-0.471,,,
REZI,2025-05-12,hull_rsi,dedup_one_position_per_ticker_per_day,,,
REZI,2025-05-12,ichimoku_cloud_breakout,dedup_one_position_per_ticker_per_day,,,
REZI,2025-05-12,adx_initiation,dedup_one_position_per_ticker_per_day,,,
REZI,2025-05-12,supertrend_macd,dedup_one_position_per_ticker_per_day,,,
REZI,2025-05-12,cpr_narrow_momentum,dedup_one_position_per_ticker_per_day,,,
REZI,2025-05-12,r1_break_retest,dedup_one_position_per_ticker_per_day,,,
REZI,2025-05-12,break_retest_confluence,dedup_one_position_per_ticker_per_day,,,
REZI,2025-05-12,bollinger_lower,dedup_one_position_per_ticker_per_day,,,
REZI,2025-05-12,bollinger_tight,dedup_one_position_per_ticker_per_day,,,
REZI,2025-05-12,bollinger_upper_short,dedup_one_position_per_ticker_per_day,,,
REZI,2025-05-12,shooting_star_short,dedup_one_position_per_ticker_per_day,,,
HBAN,2025-05-12,hull_rsi,dedup_one_position_per_ticker_per_day,,,
HBAN,2025-05-12,ichimoku_cloud_breakout,dedup_one_position_per_ticker_per_day,,,
HBAN,2025-05-12,adx_initiation,dedup_one_position_per_ticker_per_day,,,
HBAN,2025-05-12,supertrend_macd,dedup_one_position_per_ticker_per_day,,,
HBAN,2025-05-12,cpr_narrow_momentum,dedup_one_position_per_ticker_per_day,,,
HBAN,2025-05-12,r1_break_retest,dedup_one_position_per_ticker_per_day,,,
HBAN,2025-05-12,break_retest_confluence,dedup_one_position_per_ticker_per_day,,,
HBAN,2025-05-12,bollinger_lower,dedup_one_position_per_ticker_per_day,,,
HBAN,2025-05-12,bollinger_tight,dedup_one_position_per_ticker_per_day,,,
HBAN,2025-05-12,morning_star,dedup_one_position_per_ticker_per_day,,,
HBAN,2025-05-12,lead_lag_sector_rotation,dedup_one_position_per_ticker_per_day,,,
AWK,2025-05-12,bollinger_lower,dedup_one_position_per_ticker_per_day,,,
AWK,2025-05-12,bollinger_tight,dedup_one_position_per_ticker_per_day,,,
AWK,2025-05-12,pivot_r1_breakout,dedup_one_position_per_ticker_per_day,,,
AWK,2025-05-12,cpr_narrow_bullish,dedup_one_position_per_ticker_per_day,,,
AWK,2025-05-12,prev_day_high_break,dedup_one_position_per_ticker_per_day,,,
AWK,2025-05-12,hull_rsi,dedup_one_position_per_ticker_per_day,,,
AWK,2025-05-12,golden_cross_9_21,dedup_one_position_per_ticker_per_day,,,
AWK,2025-05-12,cpr_narrow_momentum,dedup_one_position_per_ticker_per_day,,,
AWK,2025-05-12,hull_rsi_short,dedup_one_position_per_ticker_per_day,,,
AWK,2025-05-12,prev_day_low_breakdown,dedup_one_position_per_ticker_per_day,,,
AWK,2025-05-12,cpr_narrow_momentum_short,dedup_one_position_per_ticker_per_day,,,
HST,2025-05-12,cpr_narrow_bullish,dedup_one_position_per_ticker_per_day,,,
HST,2025-05-12,hull_rsi,dedup_one_position_per_ticker_per_day,,,
HST,2025-05-12,supertrend_macd,dedup_one_position_per_ticker_per_day,,,
HST,2025-05-12,cpr_narrow_momentum,dedup_one_position_per_ticker_per_day,,,
HST,2025-05-12,r1_break_retest,dedup_one_position_per_ticker_per_day,,,
HST,2025-05-12,break_retest_confluence,dedup_one_position_per_ticker_per_day,,,
HST,2025-05-12,williams_r_oversold,dedup_one_position_per_ticker_per_day,,,
HST,2025-05-12,cmf_flip,dedup_one_position_per_ticker_per_day,,,
HST,2025-05-12,bollinger_lower,dedup_one_position_per_ticker_per_day,,,
HST,2025-05-12,bollinger_tight,dedup_one_position_per_ticker_per_day,,,
AOS,2025-05-12,hull_rsi,dedup_one_position_per_ticker_per_day,,,
AOS,2025-05-12,cpr_narrow_momentum,dedup_one_position_per_ticker_per_day,,,
AOS,2025-05-12,r1_break_retest,dedup_one_position_per_ticker_per_day,,,
AOS,2025-05-12,break_retest_confluence,dedup_one_position_per_ticker_per_day,,,
AOS,2025-05-12,williams_r_oversold,dedup_one_position_per_ticker_per_day,,,
AOS,2025-05-12,bollinger_lower,dedup_one_position_per_ticker_per_day,,,
AOS,2025-05-12,bollinger_tight,dedup_one_position_per_ticker_per_day,,,
AOS,2025-05-12,morning_star,dedup_one_position_per_ticker_per_day,,,
AOS,2025-05-12,lead_lag_sector_rotation,dedup_one_position_per_ticker_per_day,,,
PSX,2025-05-12,pivot_r1_breakout,gap_up_4.2pct_exceeds_1.0x_atr_limit,118.68,123.61,4.2121
PSX,2025-05-12,cpr_narrow_bullish,gap_up_4.2pct_exceeds_1.0x_atr_limit,118.68,123.61,4.2121
PSX,2025-05-12,prev_day_high_break,gap_up_4.2pct_exceeds_1.0x_atr_limit,118.68,123.61,4.2121
PSX,2025-05-12,cpr_narrow_momentum,dedup_one_position_per_ticker_per_day,,,
PSX,2025-05-12,r1_break_retest,dedup_one_position_per_ticker_per_day,,,
PSX,2025-05-12,break_retest_confluence,dedup_one_position_per_ticker_per_day,,,
PSX,2025-05-12,bollinger_lower,dedup_one_position_per_ticker_per_day,,,
PSX,2025-05-12,bollinger_tight,dedup_one_position_per_ticker_per_day,,,
PSX,2025-05-12,morning_star,dedup_one_position_per_ticker_per_day,,,
GNRC,2025-05-12,cpr_narrow_bullish,dedup_one_position_per_ticker_per_day,,,
GNRC,2025-05-12,hull_rsi,dedup_one_position_per_ticker_per_day,,,
GNRC,2025-05-12,supertrend_macd,dedup_one_position_per_ticker_per_day,,,
GNRC,2025-05-12,cpr_narrow_momentum,dedup_one_position_per_ticker_per_day,,,
GNRC,2025-05-12,r1_break_retest,dedup_one_position_per_ticker_per_day,,,
GNRC,2025-05-12,break_retest_confluence,dedup_one_position_per_ticker_per_day,,,
GNRC,2025-05-12,bollinger_lower,dedup_one_position_per_ticker_per_day,,,
GNRC,2025-05-12,bollinger_tight,dedup_one_position_per_ticker_per_day,,,
GNRC,2025-05-12,morning_star,dedup_one_position_per_ticker_per_day,,,
LCID,2025-05-12,cpr_narrow_bullish,dedup_one_position_per_ticker_per_day,,,
LCID,2025-05-12,macd_crossover,dedup_one_position_per_ticker_per_day,,,
LCID,2025-05-12,macd_fast_crossover,dedup_one_position_per_ticker_per_day,,,
LCID,2025-05-12,hull_rsi,dedup_one_position_per_ticker_per_day,,,
LCID,2025-05-12,golden_cross_9_21,dedup_one_position_per_ticker_per_day,,,
LCID,2025-05-12,three_white_soldiers,dedup_one_position_per_ticker_per_day,,,
LCID,2025-05-12,cpr_narrow_momentum,dedup_one_position_per_ticker_per_day,,,
LCID,2025-05-12,bollinger_tight,dedup_one_position_per_ticker_per_day,,,
FOX,2025-05-12,cpr_narrow_bullish,dedup_one_position_per_ticker_per_day,,,
FOX,2025-05-12,prev_day_high_break,dedup_one_position_per_ticker_per_day,,,
FOX,2025-05-12,hull_rsi,dedup_one_position_per_ticker_per_day,,,
FOX,2025-05-12,awesome_oscillator,dedup_one_position_per_ticker_per_day,,,
FOX,2025-05-12,golden_cross_9_21,dedup_one_position_per_ticker_per_day,,,
FOX,2025-05-12,supertrend_macd,dedup_one_position_per_ticker_per_day,,,
FOX,2025-05-12,cpr_narrow_momentum,dedup_one_position_per_ticker_per_day,,,
FOX,2025-05-12,bollinger_tight,dedup_one_position_per_ticker_per_day,,,
VIVO,2025-05-12,(any),ticker_already_open_concurrent_block_bug61,,,
HBAN,2025-05-13,cpr_narrow_bullish,level_6_halt_dd_-0.471,,,
JCI,2025-05-13,cpr_narrow_bullish,level_6_halt_dd_-0.471,,,
PSX,2025-05-13,pivot_r1_breakout,level_6_halt_dd_-0.471,,,
REZI,2025-05-13,cpr_narrow_bullish,level_6_halt_dd_-0.471,,,
AWK,2025-05-13,bollinger_lower,level_6_halt_dd_-0.471,,,
TNXP,2025-05-13,cpr_narrow_bullish,level_6_halt_dd_-0.471,,,
BAM,2025-05-13,cpr_narrow_bullish,level_6_halt_dd_-0.471,,,
VIVO,2025-05-13,hull_rsi,level_6_halt_dd_-0.471,,,
RF,2025-05-13,cpr_narrow_bullish,level_6_halt_dd_-0.471,,,
BAC,2025-05-13,cpr_narrow_bullish,level_6_halt_dd_-0.471,,,
RKLB,2025-05-14,pivot_r1_breakout,level_6_halt_dd_-0.471,,,
JCI,2025-05-14,cpr_narrow_bullish,level_6_halt_dd_-0.471,,,
BAC,2025-05-14,cpr_narrow_bullish,level_6_halt_dd_-0.471,,,
TNXP,2025-05-14,pivot_r1_breakout,level_6_halt_dd_-0.471,,,
KULR,2025-05-14,cpr_narrow_bullish,level_6_halt_dd_-0.471,,,
CSX,2025-05-14,cpr_narrow_bullish,level_6_halt_dd_-0.471,,,
HBAN,2025-05-14,cpr_narrow_bullish,level_6_halt_dd_-0.471,,,
VET,2025-05-14,cpr_narrow_bullish,level_6_halt_dd_-0.471,,,
CG,2025-05-14,cpr_narrow_bullish,level_6_halt_dd_-0.471,,,
RF,2025-05-14,cpr_narrow_bullish,level_6_halt_dd_-0.471,,,
BHVN,2025-05-15,bollinger_tight,level_6_halt_dd_-0.471,,,
RKLB,2025-05-15,pivot_r1_breakout,level_6_halt_dd_-0.471,,,
JCI,2025-05-15,cpr_narrow_bullish,level_6_halt_dd_-0.471,,,
RF,2025-05-15,cpr_narrow_bullish,level_6_halt_dd_-0.471,,,
FOX,2025-05-15,cpr_narrow_bullish,level_6_halt_dd_-0.471,,,
HBAN,2025-05-15,cpr_narrow_bullish,level_6_halt_dd_-0.471,,,
CSX,2025-05-15,cpr_narrow_bullish,level_6_halt_dd_-0.471,,,
BAM,2025-05-15,cpr_narrow_bullish,level_6_halt_dd_-0.471,,,
VIVO,2025-05-15,hull_rsi,level_6_halt_dd_-0.471,,,
GNRC,2025-05-15,pivot_s1_bounce,level_6_halt_dd_-0.471,,,
TNXP,2025-05-16,pivot_r1_breakout,level_6_halt_dd_-0.471,,,
JCI,2025-05-16,pivot_r2_continuation,level_6_halt_dd_-0.471,,,
RF,2025-05-16,cpr_narrow_bullish,level_6_halt_dd_-0.471,,,
HBAN,2025-05-16,cpr_narrow_bullish,level_6_halt_dd_-0.471,,,
BAM,2025-05-16,cpr_narrow_bullish,level_6_halt_dd_-0.471,,,
GNRC,2025-05-16,cpr_narrow_bullish,level_6_halt_dd_-0.471,,,
FOX,2025-05-16,cpr_narrow_bullish,level_6_halt_dd_-0.471,,,
PSX,2025-05-16,cpr_narrow_bullish,level_6_halt_dd_-0.471,,,
VIVO,2025-05-16,hull_rsi,level_6_halt_dd_-0.471,,,
BAC,2025-05-16,cpr_narrow_bullish,level_6_halt_dd_-0.471,,,
RF,2025-05-19,cpr_narrow_bullish,level_6_halt_dd_-0.471,,,
BHVN,2025-05-19,bollinger_tight,level_6_halt_dd_-0.471,,,
MNMD,2025-05-19,pivot_r1_breakout,level_6_halt_dd_-0.471,,,
VIVO,2025-05-19,hull_rsi,level_6_halt_dd_-0.471,,,
CSX,2025-05-19,hull_rsi,level_6_halt_dd_-0.471,,,
HBAN,2025-05-19,cpr_narrow_bullish,level_6_halt_dd_-0.471,,,
GNRC,2025-05-19,cpr_narrow_bullish,level_6_halt_dd_-0.471,,,
RKLB,2025-05-19,cpr_narrow_bullish,level_6_halt_dd_-0.471,,,
CG,2025-05-19,cpr_narrow_bullish,level_6_halt_dd_-0.471,,,
PETQ,2025-05-19,pivot_s1_bounce,level_6_halt_dd_-0.471,,,
KULR,2025-05-20,stochrsi_oversold,level_6_halt_dd_-0.471,,,
TNXP,2025-05-20,pivot_r1_breakout,level_6_halt_dd_-0.471,,,
FOX,2025-05-20,pivot_r2_continuation,level_6_halt_dd_-0.471,,,
CSX,2025-05-20,cpr_narrow_bullish,level_6_halt_dd_-0.471,,,
JCI,2025-05-20,cpr_narrow_bullish,level_6_halt_dd_-0.471,,,
LCID,2025-05-20,pivot_r1_breakout,level_6_halt_dd_-0.471,,,
VIVO,2025-05-20,hull_rsi,level_6_halt_dd_-0.471,,,
FLR,2025-05-20,cpr_narrow_bullish,level_6_halt_dd_-0.471,,,
BHVN,2025-05-20,stochrsi_oversold,level_6_halt_dd_-0.471,,,
PETQ,2025-05-20,pivot_s1_bounce,level_6_halt_dd_-0.471,,,
TNXP,2025-05-21,cpr_narrow_bullish,level_6_halt_dd_-0.480,,,
PSX,2025-05-21,supertrend_macd,level_6_halt_dd_-0.480,,,
HST,2025-05-21,ichimoku_cloud_breakout,level_6_halt_dd_-0.480,,,
BHVN,2025-05-21,bollinger_tight,level_6_halt_dd_-0.480,,,
VIVO,2025-05-21,hull_rsi,level_6_halt_dd_-0.480,,,
HBAN,2025-05-21,ichimoku_cloud_breakout,level_6_halt_dd_-0.480,,,
RF,2025-05-21,adx_initiation,level_6_halt_dd_-0.480,,,
AOS,2025-05-21,cpr_narrow_bullish,level_6_halt_dd_-0.480,,,
PETQ,2025-05-21,pivot_s1_bounce,level_6_halt_dd_-0.480,,,
BAC,2025-05-21,ichimoku_cloud_breakout,level_6_halt_dd_-0.480,,,
BHVN,2025-05-22,bollinger_tight,level_6_halt_dd_-0.479,,,
VIVO,2025-05-22,hull_rsi,level_6_halt_dd_-0.479,,,
RF,2025-05-22,ichimoku_cloud_breakout,level_6_halt_dd_-0.479,,,
PETQ,2025-05-22,pivot_s1_bounce,level_6_halt_dd_-0.479,,,
TNXP,2025-05-22,ichimoku_cloud_breakout,level_6_halt_dd_-0.479,,,
JCI,2025-05-22,cpr_narrow_bullish,level_6_halt_dd_-0.479,,,
HST,2025-05-22,ichimoku_cloud_breakout,level_6_halt_dd_-0.479,,,
SWIM,2025-05-22,cpr_narrow_bullish,level_6_halt_dd_-0.479,,,
MORF,2025-05-22,pivot_r2_continuation,level_6_halt_dd_-0.479,,,
HBAN,2025-05-22,ichimoku_cloud_breakout,level_6_halt_dd_-0.479,,,
FLR,2025-05-23,pivot_r1_breakout,level_6_halt_dd_-0.479,,,
UUUU,2025-05-23,pivot_r1_breakout,level_6_halt_dd_-0.479,,,
RF,2025-05-23,ichimoku_cloud_breakout,level_6_halt_dd_-0.479,,,
KULR,2025-05-23,stochrsi_oversold,level_6_halt_dd_-0.479,,,
VIVO,2025-05-23,hull_rsi,level_6_halt_dd_-0.479,,,
HOLX,2025-05-23,cpr_narrow_bullish,level_6_halt_dd_-0.479,,,
MNMD,2025-05-23,cpr_narrow_bullish,level_6_halt_dd_-0.479,,,
PETQ,2025-05-23,pivot_s1_bounce,level_6_halt_dd_-0.479,,,
TNXP,2025-05-23,cpr_narrow_bullish,level_6_halt_dd_-0.479,,,
CSX,2025-05-23,cpr_narrow_bullish,level_6_halt_dd_-0.479,,,
FLR,2025-05-26,pivot_r1_breakout,level_6_halt_dd_-0.479,,,
UUUU,2025-05-26,pivot_r1_breakout,level_6_halt_dd_-0.479,,,
RF,2025-05-26,ichimoku_cloud_breakout,level_6_halt_dd_-0.479,,,
KULR,2025-05-26,stochrsi_oversold,level_6_halt_dd_-0.479,,,
VIVO,2025-05-26,hull_rsi,level_6_halt_dd_-0.479,,,
HOLX,2025-05-26,cpr_narrow_bullish,level_6_halt_dd_-0.479,,,
MNMD,2025-05-26,cpr_narrow_bullish,level_6_halt_dd_-0.479,,,
PETQ,2025-05-26,pivot_s1_bounce,level_6_halt_dd_-0.479,,,
TNXP,2025-05-26,cpr_narrow_bullish,level_6_halt_dd_-0.479,,,
CSX,2025-05-26,cpr_narrow_bullish,level_6_halt_dd_-0.479,,,
HOLX,2025-05-27,pivot_r1_breakout,level_6_halt_dd_-0.479,,,
TNXP,2025-05-27,pivot_r1_breakout,level_6_halt_dd_-0.479,,,
CRWD,2025-05-27,cpr_narrow_bullish,level_6_halt_dd_-0.479,,,
JCI,2025-05-27,pivot_r2_continuation,level_6_halt_dd_-0.479,,,
WMB,2025-05-27,pivot_r1_breakout,level_6_halt_dd_-0.479,,,
FLR,2025-05-27,pivot_r1_breakout,level_6_halt_dd_-0.479,,,
VIVO,2025-05-27,hull_rsi,level_6_halt_dd_-0.479,,,
RKLB,2025-05-27,cpr_narrow_bullish,level_6_halt_dd_-0.479,,,
CSX,2025-05-27,cpr_narrow_bullish,level_6_halt_dd_-0.479,,,
PETQ,2025-05-27,pivot_s1_bounce,level_6_halt_dd_-0.479,,,
AOS,2025-05-28,bollinger_tight,level_6_halt_dd_-0.479,,,
VIVO,2025-05-28,hull_rsi,level_6_halt_dd_-0.479,,,
HOLX,2025-05-28,cpr_narrow_bullish,level_6_halt_dd_-0.479,,,
RF,2025-05-28,ichimoku_cloud_breakout,level_6_halt_dd_-0.479,,,
TNXP,2025-05-28,cpr_narrow_bullish,level_6_halt_dd_-0.479,,,
CRWD,2025-05-28,cpr_narrow_bullish,level_6_halt_dd_-0.479,,,
PETQ,2025-05-28,pivot_s1_bounce,level_6_halt_dd_-0.479,,,
BHVN,2025-05-28,williams_stoch_dual,level_6_halt_dd_-0.479,,,
KULR,2025-05-28,williams_stoch_dual,level_6_halt_dd_-0.479,,,
JCI,2025-05-28,hull_rsi,level_6_halt_dd_-0.479,,,
LCID,2025-05-29,pivot_r1_breakout,level_6_halt_dd_-0.479,,,
JCI,2025-05-29,macd_fast_crossover,level_6_halt_dd_-0.479,,,
COGT,2025-05-29,pivot_r1_breakout,level_6_halt_dd_-0.479,,,
VIVO,2025-05-29,hull_rsi,level_6_halt_dd_-0.479,,,
TNXP,2025-05-29,hull_rsi,level_6_halt_dd_-0.479,,,
HST,2025-05-29,cpr_narrow_bullish,level_6_halt_dd_-0.479,,,
NVDA,2025-05-29,pivot_r1_breakout,level_6_halt_dd_-0.479,,,
IDYA,2025-05-29,cpr_narrow_bullish,level_6_halt_dd_-0.479,,,
PETQ,2025-05-29,pivot_s1_bounce,level_6_halt_dd_-0.479,,,
AOS,2025-05-29,bollinger_tight,level_6_halt_dd_-0.479,,,
AOS,2025-05-30,cmf_flip,level_6_halt_dd_-0.479,,,
LCID,2025-05-30,bollinger_tight,level_6_halt_dd_-0.479,,,
WMB,2025-05-30,cpr_narrow_bullish,level_6_halt_dd_-0.479,,,
CSX,2025-05-30,cpr_narrow_bullish,level_6_halt_dd_-0.479,,,
VIVO,2025-05-30,hull_rsi,level_6_halt_dd_-0.479,,,
CCEP,2025-05-30,pivot_r1_breakout,level_6_halt_dd_-0.479,,,
CRWD,2025-05-30,cpr_narrow_bullish,level_6_halt_dd_-0.479,,,
PETQ,2025-05-30,pivot_s1_bounce,level_6_halt_dd_-0.479,,,
BHVN,2025-05-30,macd_fast_crossover,level_6_halt_dd_-0.479,,,
JCI,2025-05-30,ichimoku_cloud_breakout,level_6_halt_dd_-0.479,,,
WMB,2025-06-02,pivot_r1_breakout,level_6_halt_dd_-0.489,,,
AOS,2025-06-02,bollinger_lower,level_6_halt_dd_-0.489,,,
MNMD,2025-06-02,cpr_narrow_bullish,level_6_halt_dd_-0.489,,,
CRWD,2025-06-02,cpr_narrow_bullish,level_6_halt_dd_-0.489,,,
IDYA,2025-06-02,cpr_narrow_bullish,level_6_halt_dd_-0.489,,,
VIVO,2025-06-02,hull_rsi,level_6_halt_dd_-0.489,,,
COGT,2025-06-02,cpr_narrow_bullish,level_6_halt_dd_-0.489,,,
JCI,2025-06-02,prev_day_low_bounce,level_6_halt_dd_-0.489,,,
PETQ,2025-06-02,pivot_s1_bounce,level_6_halt_dd_-0.489,,,
RF,2025-06-02,pivot_r2_continuation,level_6_halt_dd_-0.489,,,
CRWD,2025-06-03,pivot_r1_breakout,level_6_halt_dd_-0.489,,,
UUUU,2025-06-03,pivot_r1_breakout,level_6_halt_dd_-0.489,,,
CSX,2025-06-03,cpr_narrow_bullish,level_6_halt_dd_-0.489,,,
VIVO,2025-06-03,hull_rsi,level_6_halt_dd_-0.489,,,
HOLX,2025-06-03,cpr_narrow_bullish,level_6_halt_dd_-0.489,,,
LCID,2025-06-03,bollinger_tight,level_6_halt_dd_-0.489,,,
MNMD,2025-06-03,cpr_narrow_bullish,level_6_halt_dd_-0.489,,,
NVDA,2025-06-03,pivot_r2_continuation,level_6_halt_dd_-0.489,,,
TNXP,2025-06-03,cpr_narrow_bullish,level_6_halt_dd_-0.489,,,
FLR,2025-06-03,cpr_narrow_bullish,level_6_halt_dd_-0.489,,,
AWK,2025-06-04,cpr_narrow_bullish,level_6_halt_dd_-0.489,,,
JCI,2025-06-04,pivot_r2_continuation,level_6_halt_dd_-0.489,,,
VIVO,2025-06-04,hull_rsi,level_6_halt_dd_-0.489,,,
IDYA,2025-06-04,hull_rsi,level_6_halt_dd_-0.489,,,
XLE,2025-06-04,pivot_r1_breakout,level_6_halt_dd_-0.489,,,
NVDA,2025-06-04,cpr_narrow_bullish,level_6_halt_dd_-0.489,,,
PETQ,2025-06-04,pivot_s1_bounce,level_6_halt_dd_-0.489,,,
MNMD,2025-06-04,hull_rsi,level_6_halt_dd_-0.489,,,
UUUU,2025-06-04,cpr_narrow_bullish,level_6_halt_dd_-0.489,,,
FOX,2025-06-04,williams_r_oversold,level_6_halt_dd_-0.489,,,
COGT,2025-06-05,pivot_r1_breakout,level_6_halt_dd_-0.489,,,
VIVO,2025-06-05,hull_rsi,level_6_halt_dd_-0.489,,,
LCID,2025-06-05,bollinger_tight,level_6_halt_dd_-0.489,,,
CCEP,2025-06-05,cpr_narrow_bullish,level_6_halt_dd_-0.489,,,
MNMD,2025-06-05,hull_rsi,level_6_halt_dd_-0.489,,,
PETQ,2025-06-05,pivot_s1_bounce,level_6_halt_dd_-0.489,,,
TNXP,2025-06-05,ichimoku_cloud_breakout,level_6_halt_dd_-0.489,,,
AOS,2025-06-05,cmf_flip,level_6_halt_dd_-0.489,,,
NVDA,2025-06-05,hull_rsi,level_6_halt_dd_-0.489,,,
UUUU,2025-06-05,hull_rsi,level_6_halt_dd_-0.489,,,
CSX,2025-06-06,cpr_narrow_bullish,level_6_halt_dd_-0.489,,,
RF,2025-06-06,cpr_narrow_bullish,level_6_halt_dd_-0.489,,,
CCEP,2025-06-06,cpr_narrow_bullish,level_6_halt_dd_-0.489,,,
VIVO,2025-06-06,hull_rsi,level_6_halt_dd_-0.489,,,
IDYA,2025-06-06,cpr_narrow_bullish,level_6_halt_dd_-0.489,,,
COGT,2025-06-06,pivot_r1_breakout,level_6_halt_dd_-0.489,,,
JCI,2025-06-06,pivot_r2_continuation,level_6_halt_dd_-0.489,,,
FLR,2025-06-06,cpr_narrow_bullish,level_6_halt_dd_-0.489,,,
NVDA,2025-06-06,cpr_narrow_bullish,level_6_halt_dd_-0.489,,,
MNMD,2025-06-06,cpr_narrow_bullish,level_6_halt_dd_-0.489,,,
RKLB,2025-06-09,cpr_narrow_bullish,level_6_halt_dd_-0.489,,,
IDYA,2025-06-09,cpr_narrow_bullish,level_6_halt_dd_-0.489,,,
BAM,2025-06-09,williams_r_oversold,level_6_halt_dd_-0.489,,,
VIVO,2025-06-09,hull_rsi,level_6_halt_dd_-0.489,,,
COGT,2025-06-09,cpr_narrow_bullish,level_6_halt_dd_-0.489,,,
UUUU,2025-06-09,cpr_narrow_bullish,level_6_halt_dd_-0.489,,,
NVDA,2025-06-09,cpr_narrow_bullish,level_6_halt_dd_-0.489,,,
HST,2025-06-09,cpr_narrow_bullish,level_6_halt_dd_-0.489,,,
PETQ,2025-06-09,pivot_s1_bounce,level_6_halt_dd_-0.489,,,
HBAN,2025-06-09,cpr_narrow_bullish,level_6_halt_dd_-0.489,,,
COGT,2025-06-10,pivot_r1_breakout,level_6_halt_dd_-0.489,,,
RF,2025-06-10,pivot_r1_breakout,level_6_halt_dd_-0.489,,,
CCEP,2025-06-10,cpr_narrow_bullish,level_6_halt_dd_-0.489,,,
CSX,2025-06-10,cpr_narrow_bullish,level_6_halt_dd_-0.489,,,
IDYA,2025-06-10,cpr_narrow_bullish,level_6_halt_dd_-0.489,,,
HST,2025-06-10,cpr_narrow_bullish,level_6_halt_dd_-0.489,,,
VIVO,2025-06-10,hull_rsi,level_6_halt_dd_-0.489,,,
REZI,2025-06-10,cpr_narrow_bullish,level_6_halt_dd_-0.489,,,
HBAN,2025-06-10,cpr_narrow_bullish,level_6_halt_dd_-0.489,,,
HOLX,2025-06-10,cpr_narrow_bullish,level_6_halt_dd_-0.489,,,
FLR,2025-06-11,pivot_r1_breakout,level_6_halt_dd_-0.489,,,
XLE,2025-06-11,pivot_r1_breakout,level_6_halt_dd_-0.489,,,
VIVO,2025-06-11,hull_rsi,level_6_halt_dd_-0.489,,,
PSX,2025-06-11,cpr_narrow_bullish,level_6_halt_dd_-0.489,,,
VET,2025-06-11,cpr_narrow_bullish,level_6_halt_dd_-0.489,,,
PETQ,2025-06-11,pivot_s1_bounce,level_6_halt_dd_-0.489,,,
HST,2025-06-11,hull_rsi,level_6_halt_dd_-0.489,,,
TNXP,2025-06-11,ichimoku_cloud_breakout,level_6_halt_dd_-0.489,,,
MORF,2025-06-11,pivot_r2_continuation,level_6_halt_dd_-0.489,,,
CCEP,2025-06-11,cpr_narrow_bullish,level_6_halt_dd_-0.489,,,
CCEP,2025-06-12,cpr_narrow_bullish,level_6_halt_dd_-0.489,,,
VIVO,2025-06-12,hull_rsi,level_6_halt_dd_-0.489,,,
COGT,2025-06-12,hull_rsi,level_6_halt_dd_-0.489,,,
VET,2025-06-12,cpr_narrow_bullish,level_6_halt_dd_-0.489,,,
JCI,2025-06-12,cpr_narrow_bullish,level_6_halt_dd_-0.489,,,
PETQ,2025-06-12,pivot_s1_bounce,level_6_halt_dd_-0.489,,,
CG,2025-06-12,cpr_narrow_bullish,level_6_halt_dd_-0.489,,,
FLR,2025-06-12,hull_rsi,level_6_halt_dd_-0.489,,,
FOX,2025-06-12,stochrsi_oversold,level_6_halt_dd_-0.489,,,
MNMD,2025-06-12,ichimoku_cloud_breakout,level_6_halt_dd_-0.489,,,
HST,2025-06-13,ichimoku_cloud_breakout,level_6_halt_dd_-0.489,,,
SWIM,2025-06-13,bollinger_tight,level_6_halt_dd_-0.489,,,
XLE,2025-06-13,pivot_r1_breakout,level_6_halt_dd_-0.489,,,
TNXP,2025-06-13,ichimoku_cloud_breakout,level_6_halt_dd_-0.489,,,
VIVO,2025-06-13,hull_rsi,level_6_halt_dd_-0.489,,,
UUUU,2025-06-13,cpr_narrow_bullish,level_6_halt_dd_-0.489,,,
VET,2025-06-13,cpr_narrow_bullish,level_6_halt_dd_-0.489,,,
BAM,2025-06-13,bollinger_tight,level_6_halt_dd_-0.489,,,
BHVN,2025-06-13,supertrend_macd,level_6_halt_dd_-0.489,,,
PETQ,2025-06-13,pivot_s1_bounce,level_6_halt_dd_-0.489,,,
KULR,2025-06-16,bollinger_lower,level_6_halt_dd_-0.489,,,
FLR,2025-06-16,pivot_r1_breakout,level_6_halt_dd_-0.489,,,
XLE,2025-06-16,cpr_narrow_bullish,level_6_halt_dd_-0.489,,,
COGT,2025-06-16,cpr_narrow_bullish,level_6_halt_dd_-0.489,,,
UUUU,2025-06-16,cpr_narrow_bullish,level_6_halt_dd_-0.489,,,
VIVO,2025-06-16,hull_rsi,level_6_halt_dd_-0.489,,,
MNMD,2025-06-16,stochrsi_oversold,level_6_halt_dd_-0.489,,,
JCI,2025-06-16,pivot_r2_continuation,level_6_halt_dd_-0.489,,,
PETQ,2025-06-16,pivot_s1_bounce,level_6_halt_dd_-0.489,,,
VET,2025-06-16,hull_rsi,level_6_halt_dd_-0.489,,,
KULR,2025-06-17,bollinger_lower,level_6_halt_dd_-0.489,,,
VET,2025-06-17,cpr_narrow_bullish,level_6_halt_dd_-0.489,,,
XLE,2025-06-17,cpr_narrow_bullish,level_6_halt_dd_-0.489,,,
VIVO,2025-06-17,hull_rsi,level_6_halt_dd_-0.489,,,
BHVN,2025-06-17,supertrend_macd,level_6_halt_dd_-0.489,,,
PSX,2025-06-17,cpr_narrow_bullish,level_6_halt_dd_-0.489,,,
PETQ,2025-06-17,pivot_s1_bounce,level_6_halt_dd_-0.489,,,
MNMD,2025-06-17,ichimoku_cloud_breakout,level_6_halt_dd_-0.489,,,
COGT,2025-06-17,cpr_narrow_bullish,level_6_halt_dd_-0.489,,,
FLR,2025-06-17,hull_rsi,level_6_halt_dd_-0.489,,,
VIVO,2025-06-18,hull_rsi,level_6_halt_dd_-0.489,,,
PSX,2025-06-18,cpr_narrow_bullish,level_6_halt_dd_-0.489,,,
BDX,2025-06-18,supertrend_macd,level_6_halt_dd_-0.489,,,
IFF,2025-06-18,bollinger_tight,level_6_halt_dd_-0.489,,,
PETQ,2025-06-18,pivot_s1_bounce,level_6_halt_dd_-0.489,,,
BHVN,2025-06-18,supertrend_macd,level_6_halt_dd_-0.489,,,
XLE,2025-06-18,ichimoku_cloud_breakout,level_6_halt_dd_-0.489,,,
MORF,2025-06-18,pivot_r2_continuation,level_6_halt_dd_-0.489,,,
FLR,2025-06-18,ichimoku_cloud_breakout,level_6_halt_dd_-0.489,,,
UUUU,2025-06-18,hull_rsi,level_6_halt_dd_-0.489,,,
VIVO,2025-06-19,hull_rsi,level_6_halt_dd_-0.489,,,
PSX,2025-06-19,cpr_narrow_bullish,level_6_halt_dd_-0.489,,,
BDX,2025-06-19,supertrend_macd,level_6_halt_dd_-0.489,,,
IFF,2025-06-19,bollinger_tight,level_6_halt_dd_-0.489,,,
PETQ,2025-06-19,pivot_s1_bounce,level_6_halt_dd_-0.489,,,
BHVN,2025-06-19,supertrend_macd,level_6_halt_dd_-0.489,,,
XLE,2025-06-19,ichimoku_cloud_breakout,level_6_halt_dd_-0.489,,,
MORF,2025-06-19,pivot_r2_continuation,level_6_halt_dd_-0.489,,,
FLR,2025-06-19,ichimoku_cloud_breakout,level_6_halt_dd_-0.489,,,
UUUU,2025-06-19,hull_rsi,level_6_halt_dd_-0.489,,,
IFF,2025-06-20,bollinger_tight,level_6_halt_dd_-0.489,,,
BDX,2025-06-20,stochrsi_oversold,level_6_halt_dd_-0.489,,,
UUUU,2025-06-20,ichimoku_cloud_breakout,level_6_halt_dd_-0.489,,,
TNXP,2025-06-20,stochrsi_oversold,level_6_halt_dd_-0.489,,,
BAM,2025-06-20,williams_r_oversold,level_6_halt_dd_-0.489,,,
RKLB,2025-06-20,pivot_r2_continuation,level_6_halt_dd_-0.489,,,
VIVO,2025-06-20,hull_rsi,level_6_halt_dd_-0.489,,,
XLE,2025-06-20,cpr_narrow_bullish,level_6_halt_dd_-0.489,,,
PETQ,2025-06-20,pivot_s1_bounce,level_6_halt_dd_-0.489,,,
COGT,2025-06-20,ichimoku_cloud_breakout,level_6_halt_dd_-0.489,,,
GNRC,2025-06-23,pivot_r1_breakout,level_6_halt_dd_-0.489,,,
MNMD,2025-06-23,ichimoku_cloud_breakout,level_6_halt_dd_-0.489,,,
RKLB,2025-06-23,pivot_r1_breakout,level_6_halt_dd_-0.489,,,
RF,2025-06-23,cpr_narrow_bullish,level_6_halt_dd_-0.489,,,
BAC,2025-06-23,cpr_narrow_bullish,level_6_halt_dd_-0.489,,,
VIVO,2025-06-23,hull_rsi,level_6_halt_dd_-0.489,,,
PETQ,2025-06-23,pivot_s1_bounce,level_6_halt_dd_-0.489,,,
VET,2025-06-23,ichimoku_cloud_breakout,level_6_halt_dd_-0.489,,,
REZI,2025-06-23,cpr_narrow_bullish,level_6_halt_dd_-0.489,,,
XLE,2025-06-23,ichimoku_cloud_breakout,level_6_halt_dd_-0.489,,,
FLR,2025-06-24,cpr_narrow_bullish,level_6_halt_dd_-0.489,,,
BAC,2025-06-24,cpr_narrow_bullish,level_6_halt_dd_-0.489,,,
VIVO,2025-06-24,hull_rsi,level_6_halt_dd_-0.489,,,
SWIM,2025-06-24,pivot_r1_breakout,level_6_halt_dd_-0.489,,,
CG,2025-06-24,macd_crossover,level_6_halt_dd_-0.489,,,
PETQ,2025-06-24,pivot_s1_bounce,level_6_halt_dd_-0.489,,,
WMB,2025-06-24,cpr_narrow_bullish,level_6_halt_dd_-0.489,,,
GNRC,2025-06-24,hull_rsi,level_6_halt_dd_-0.489,,,
COGT,2025-06-24,cpr_narrow_bullish,level_6_halt_dd_-0.489,,,
XLE,2025-06-24,ichimoku_cloud_breakout,level_6_halt_dd_-0.489,,,
KULR,2025-06-25,bollinger_lower,level_6_halt_dd_-0.489,,,
NVDA,2025-06-25,pivot_r2_continuation,level_6_halt_dd_-0.489,,,
VIVO,2025-06-25,hull_rsi,level_6_halt_dd_-0.489,,,
GNRC,2025-06-25,pivot_r1_breakout,level_6_halt_dd_-0.489,,,
PETQ,2025-06-25,pivot_s1_bounce,level_6_halt_dd_-0.489,,,
COGT,2025-06-25,ichimoku_cloud_breakout,level_6_halt_dd_-0.489,,,
RKLB,2025-06-25,hull_rsi,level_6_halt_dd_-0.489,,,
CCEP,2025-06-25,ichimoku_cloud_breakout,level_6_halt_dd_-0.489,,,
VET,2025-06-25,ichimoku_cloud_breakout,level_6_halt_dd_-0.489,,,
XLE,2025-06-25,cpr_narrow_bullish,level_6_halt_dd_-0.489,,,
AWK,2025-06-26,williams_r_oversold,level_6_halt_dd_-0.489,,,
RKLB,2025-06-26,pivot_r1_breakout,level_6_halt_dd_-0.489,,,
REZI,2025-06-26,cpr_narrow_bullish,level_6_halt_dd_-0.489,,,
CRWD,2025-06-26,cpr_narrow_bullish,level_6_halt_dd_-0.489,,,
JCI,2025-06-26,cpr_narrow_bullish,level_6_halt_dd_-0.489,,,
RF,2025-06-26,cpr_narrow_bullish,level_6_halt_dd_-0.489,,,
CG,2025-06-26,pivot_r1_breakout,level_6_halt_dd_-0.489,,,
VIVO,2025-06-26,hull_rsi,level_6_halt_dd_-0.489,,,
BAC,2025-06-26,cpr_narrow_bullish,level_6_halt_dd_-0.489,,,
KULR,2025-06-26,bollinger_tight,level_6_halt_dd_-0.489,,,
REZI,2025-06-27,cpr_narrow_bullish,level_6_halt_dd_-0.489,,,
CG,2025-06-27,cpr_narrow_bullish,level_6_halt_dd_-0.489,,,
IDYA,2025-06-27,ichimoku_cloud_breakout,level_6_halt_dd_-0.489,,,
MNMD,2025-06-27,bollinger_tight,level_6_halt_dd_-0.489,,,
NVDA,2025-06-27,cpr_narrow_bullish,level_6_halt_dd_-0.489,,,
GNRC,2025-06-27,cpr_narrow_bullish,level_6_halt_dd_-0.489,,,
RKLB,2025-06-27,cpr_narrow_bullish,level_6_halt_dd_-0.489,,,
VIVO,2025-06-27,hull_rsi,level_6_halt_dd_-0.489,,,
RF,2025-06-27,cpr_narrow_bullish,level_6_halt_dd_-0.489,,,
JCI,2025-06-27,cpr_narrow_bullish,level_6_halt_dd_-0.489,,,
RF,2025-06-30,cpr_narrow_bullish,level_6_halt_dd_-0.489,,,
NVDA,2025-06-30,cpr_narrow_bullish,level_6_halt_dd_-0.489,,,
BAC,2025-06-30,cpr_narrow_bullish,level_6_halt_dd_-0.489,,,
GNRC,2025-06-30,cpr_narrow_bullish,level_6_halt_dd_-0.489,,,
CRWD,2025-06-30,cpr_narrow_bullish,level_6_halt_dd_-0.489,,,
IDYA,2025-06-30,ichimoku_cloud_breakout,level_6_halt_dd_-0.489,,,
IFF,2025-06-30,bollinger_tight,level_6_halt_dd_-0.489,,,
HBAN,2025-06-30,cpr_narrow_bullish,level_6_halt_dd_-0.489,,,
VIVO,2025-06-30,hull_rsi,level_6_halt_dd_-0.489,,,
CG,2025-06-30,cpr_narrow_bullish,level_6_halt_dd_-0.489,,,
REZI,2025-07-01,pivot_r2_continuation,level_6_halt_dd_-0.489,,,
BAC,2025-07-01,pivot_r2_continuation,level_6_halt_dd_-0.489,,,
RF,2025-07-01,cpr_narrow_bullish,level_6_halt_dd_-0.489,,,
HBAN,2025-07-01,pivot_r1_breakout,level_6_halt_dd_-0.489,,,
VIVO,2025-07-01,hull_rsi,level_6_halt_dd_-0.489,,,
GNRC,2025-07-01,cpr_narrow_bullish,level_6_halt_dd_-0.489,,,
PETQ,2025-07-01,pivot_s1_bounce,level_6_halt_dd_-0.489,,,
LCID,2025-07-01,bollinger_lower,level_6_halt_dd_-0.489,,,
CG,2025-07-01,cpr_narrow_bullish,level_6_halt_dd_-0.489,,,
AOS,2025-07-01,cpr_narrow_bullish,level_6_halt_dd_-0.489,,,
UUUU,2025-07-02,pivot_r2_continuation,level_6_halt_dd_-0.489,,,
CSX,2025-07-02,cpr_narrow_bullish,level_6_halt_dd_-0.489,,,
HBAN,2025-07-02,cpr_narrow_bullish,level_6_halt_dd_-0.489,,,
RF,2025-07-02,cpr_narrow_bullish,level_6_halt_dd_-0.489,,,
NVDA,2025-07-02,cpr_narrow_bullish,level_6_halt_dd_-0.489,,,
BAC,2025-07-02,cpr_narrow_bullish,level_6_halt_dd_-0.489,,,
VIVO,2025-07-02,hull_rsi,level_6_halt_dd_-0.489,,,
GNRC,2025-07-02,cpr_narrow_bullish,level_6_halt_dd_-0.489,,,
PSX,2025-07-02,cpr_narrow_bullish,level_6_halt_dd_-0.489,,,
JCI,2025-07-02,cpr_narrow_bullish,level_6_halt_dd_-0.489,,,
CRWD,2025-07-03,cpr_narrow_bullish,level_6_halt_dd_-0.489,,,
HBAN,2025-07-03,cpr_narrow_bullish,level_6_halt_dd_-0.489,,,
CCEP,2025-07-03,pivot_r2_continuation,level_6_halt_dd_-0.489,,,
RF,2025-07-03,cpr_narrow_bullish,level_6_halt_dd_-0.489,,,
NVDA,2025-07-03,cpr_narrow_bullish,level_6_halt_dd_-0.489,,,
GNRC,2025-07-03,cpr_narrow_bullish,level_6_halt_dd_-0.489,,,
REZI,2025-07-03,cpr_narrow_bullish,level_6_halt_dd_-0.489,,,
VIVO,2025-07-03,hull_rsi,level_6_halt_dd_-0.489,,,
WMB,2025-07-03,williams_r_oversold,level_6_halt_dd_-0.489,,,
JCI,2025-07-03,pivot_r2_continuation,level_6_halt_dd_-0.489,,,
CRWD,2025-07-04,cpr_narrow_bullish,level_6_halt_dd_-0.489,,,
HBAN,2025-07-04,cpr_narrow_bullish,level_6_halt_dd_-0.489,,,
CCEP,2025-07-04,pivot_r2_continuation,level_6_halt_dd_-0.489,,,
RF,2025-07-04,cpr_narrow_bullish,level_6_halt_dd_-0.489,,,
NVDA,2025-07-04,cpr_narrow_bullish,level_6_halt_dd_-0.489,,,
GNRC,2025-07-04,cpr_narrow_bullish,level_6_halt_dd_-0.489,,,
REZI,2025-07-04,cpr_narrow_bullish,level_6_halt_dd_-0.489,,,
VIVO,2025-07-04,hull_rsi,level_6_halt_dd_-0.489,,,
WMB,2025-07-04,williams_r_oversold,level_6_halt_dd_-0.489,,,
JCI,2025-07-04,pivot_r2_continuation,level_6_halt_dd_-0.489,,,
COGT,2025-07-07,pivot_r1_breakout,level_6_halt_dd_-0.489,,,
RKLB,2025-07-07,pivot_r2_continuation,level_6_halt_dd_-0.489,,,
VIVO,2025-07-07,hull_rsi,level_6_halt_dd_-0.489,,,
AOS,2025-07-07,cpr_narrow_bullish,level_6_halt_dd_-0.489,,,
FOX,2025-07-07,cpr_narrow_bullish,level_6_halt_dd_-0.489,,,
REZI,2025-07-07,hull_rsi,level_6_halt_dd_-0.489,,,
UUUU,2025-07-07,cpr_narrow_bullish,level_6_halt_dd_-0.489,,,
PETQ,2025-07-07,pivot_s1_bounce,level_6_halt_dd_-0.489,,,
CCEP,2025-07-07,hull_rsi,level_6_halt_dd_-0.489,,,
RF,2025-07-07,hull_rsi,level_6_halt_dd_-0.489,,,
WMB,2025-07-08,pivot_s2_bounce,level_6_halt_dd_-0.489,,,
REZI,2025-07-08,cpr_narrow_bullish,level_6_halt_dd_-0.489,,,
CG,2025-07-08,cpr_narrow_bullish,level_6_halt_dd_-0.489,,,
XLE,2025-07-08,cpr_narrow_bullish,level_6_halt_dd_-0.489,,,
NVDA,2025-07-08,cpr_narrow_bullish,level_6_halt_dd_-0.489,,,
COGT,2025-07-08,cpr_narrow_bullish,level_6_halt_dd_-0.489,,,
PSX,2025-07-08,cpr_narrow_bullish,level_6_halt_dd_-0.489,,,
RF,2025-07-08,ichimoku_cloud_breakout,level_6_halt_dd_-0.489,,,
VIVO,2025-07-08,hull_rsi,level_6_halt_dd_-0.489,,,
CSX,2025-07-08,cpr_narrow_bullish,level_6_halt_dd_-0.489,,,
COGT,2025-07-09,pivot_r1_breakout,level_6_halt_dd_-0.489,,,
CG,2025-07-09,pivot_r2_continuation,level_6_halt_dd_-0.489,,,
NVDA,2025-07-09,pivot_r2_continuation,level_6_halt_dd_-0.489,,,
AOS,2025-07-09,cpr_narrow_bullish,level_6_halt_dd_-0.489,,,
UUUU,2025-07-09,ichimoku_cloud_breakout,level_6_halt_dd_-0.489,,,
VIVO,2025-07-09,hull_rsi,level_6_halt_dd_-0.489,,,
PSX,2025-07-09,cpr_narrow_bullish,level_6_halt_dd_-0.489,,,
RKLB,2025-07-09,cpr_narrow_bullish,level_6_halt_dd_-0.489,,,
REZI,2025-07-09,cpr_narrow_bullish,level_6_halt_dd_-0.489,,,
CCEP,2025-07-09,cpr_narrow_bullish,level_6_halt_dd_-0.489,,,
UUUU,2025-07-10,pivot_r1_breakout,level_6_halt_dd_-0.489,,,
PSX,2025-07-10,cpr_narrow_bullish,level_6_halt_dd_-0.489,,,
NVDA,2025-07-10,cpr_narrow_bullish,level_6_halt_dd_-0.489,,,
RF,2025-07-10,cpr_narrow_bullish,level_6_halt_dd_-0.489,,,
CG,2025-07-10,pivot_r2_continuation,level_6_halt_dd_-0.489,,,
COGT,2025-07-10,cpr_narrow_bullish,level_6_halt_dd_-0.489,,,
CCEP,2025-07-10,cpr_narrow_bullish,level_6_halt_dd_-0.489,,,
LCID,2025-07-10,cpr_narrow_bullish,level_6_halt_dd_-0.489,,,
TNXP,2025-07-10,macd_crossover,level_6_halt_dd_-0.489,,,
VIVO,2025-07-10,hull_rsi,level_6_halt_dd_-0.489,,,
CSX,2025-07-11,pivot_r1_breakout,level_6_halt_dd_-0.489,,,
NVDA,2025-07-11,cpr_narrow_bullish,level_6_halt_dd_-0.489,,,
UUUU,2025-07-11,cpr_narrow_bullish,level_6_halt_dd_-0.489,,,
COGT,2025-07-11,cpr_narrow_bullish,level_6_halt_dd_-0.489,,,
VIVO,2025-07-11,hull_rsi,level_6_halt_dd_-0.489,,,
CG,2025-07-11,cpr_narrow_bullish,level_6_halt_dd_-0.489,,,
CCEP,2025-07-11,cpr_narrow_bullish,level_6_halt_dd_-0.489,,,
PETQ,2025-07-11,pivot_s1_bounce,level_6_halt_dd_-0.489,,,
BHVN,2025-07-11,supertrend_macd,level_6_halt_dd_-0.489,,,
MORF,2025-07-11,pivot_r2_continuation,level_6_halt_dd_-0.489,,,
RKLB,2025-07-14,cpr_narrow_bullish,dedup_one_position_per_ticker_per_day,,,
RKLB,2025-07-14,hull_rsi,dedup_one_position_per_ticker_per_day,,,
RKLB,2025-07-14,ichimoku_cloud_breakout,dedup_one_position_per_ticker_per_day,,,
RKLB,2025-07-14,supertrend_macd,dedup_one_position_per_ticker_per_day,,,
RKLB,2025-07-14,cpr_narrow_momentum,dedup_one_position_per_ticker_per_day,,,
RKLB,2025-07-14,supertrend_ichimoku_adx,dedup_one_position_per_ticker_per_day,,,
RKLB,2025-07-14,r1_break_retest,dedup_one_position_per_ticker_per_day,,,
RKLB,2025-07-14,52wh_break_retest,dedup_one_position_per_ticker_per_day,,,
RKLB,2025-07-14,break_retest_confluence,dedup_one_position_per_ticker_per_day,,,
RKLB,2025-07-14,bollinger_tight,dedup_one_position_per_ticker_per_day,,,
BDX,2025-07-14,cpr_narrow_bullish,dedup_one_position_per_ticker_per_day,,,
BDX,2025-07-14,camarilla_r3_breakout,dedup_one_position_per_ticker_per_day,,,
BDX,2025-07-14,cpr_narrow_momentum,dedup_one_position_per_ticker_per_day,,,
BDX,2025-07-14,r1_break_retest,dedup_one_position_per_ticker_per_day,,,
BDX,2025-07-14,break_retest_volume,dedup_one_position_per_ticker_per_day,,,
BDX,2025-07-14,stochrsi_oversold,dedup_one_position_per_ticker_per_day,,,
BDX,2025-07-14,bollinger_tight,dedup_one_position_per_ticker_per_day,,,
BDX,2025-07-14,morning_star,dedup_one_position_per_ticker_per_day,,,
BDX,2025-07-14,stochrsi_overbought_short,dedup_one_position_per_ticker_per_day,,,
BDX,2025-07-14,lead_lag_sector_rotation,dedup_one_position_per_ticker_per_day,,,
UUUU,2025-07-14,hull_rsi,dedup_one_position_per_ticker_per_day,,,
UUUU,2025-07-14,ichimoku_cloud_breakout,dedup_one_position_per_ticker_per_day,,,
UUUU,2025-07-14,adx_initiation,dedup_one_position_per_ticker_per_day,,,
UUUU,2025-07-14,supertrend_macd,dedup_one_position_per_ticker_per_day,,,
UUUU,2025-07-14,cpr_narrow_momentum,dedup_one_position_per_ticker_per_day,,,
UUUU,2025-07-14,r1_break_retest,dedup_one_position_per_ticker_per_day,,,
UUUU,2025-07-14,break_retest_confluence,dedup_one_position_per_ticker_per_day,,,
UUUU,2025-07-14,bollinger_tight,dedup_one_position_per_ticker_per_day,,,
UUUU,2025-07-14,williams_stoch_dual,dedup_one_position_per_ticker_per_day,,,
CG,2025-07-14,hull_rsi,dedup_one_position_per_ticker_per_day,,,
CG,2025-07-14,ichimoku_cloud_breakout,dedup_one_position_per_ticker_per_day,,,
CG,2025-07-14,supertrend_macd,dedup_one_position_per_ticker_per_day,,,
CG,2025-07-14,cpr_narrow_momentum,dedup_one_position_per_ticker_per_day,,,
CG,2025-07-14,r1_break_retest,dedup_one_position_per_ticker_per_day,,,
CG,2025-07-14,52wh_break_retest,dedup_one_position_per_ticker_per_day,,,
CG,2025-07-14,break_retest_confluence,dedup_one_position_per_ticker_per_day,,,
CG,2025-07-14,bollinger_tight,dedup_one_position_per_ticker_per_day,,,
CG,2025-07-14,williams_stoch_dual,dedup_one_position_per_ticker_per_day,,,
COGT,2025-07-14,hull_rsi,dedup_one_position_per_ticker_per_day,,,
COGT,2025-07-14,ichimoku_cloud_breakout,dedup_one_position_per_ticker_per_day,,,
COGT,2025-07-14,adx_initiation,dedup_one_position_per_ticker_per_day,,,
COGT,2025-07-14,supertrend_macd,dedup_one_position_per_ticker_per_day,,,
COGT,2025-07-14,inside_bar_breakout,dedup_one_position_per_ticker_per_day,,,
COGT,2025-07-14,cpr_narrow_momentum,dedup_one_position_per_ticker_per_day,,,
COGT,2025-07-14,supertrend_ichimoku_adx,dedup_one_position_per_ticker_per_day,,,
COGT,2025-07-14,break_retest_confluence,dedup_one_position_per_ticker_per_day,,,
COGT,2025-07-14,bollinger_tight,dedup_one_position_per_ticker_per_day,,,
VIVO,2025-07-14,(any),ticker_already_open_concurrent_block_bug61,,,
CSX,2025-07-14,hull_rsi,dedup_one_position_per_ticker_per_day,,,
CSX,2025-07-14,golden_cross_50_200,dedup_one_position_per_ticker_per_day,,,
CSX,2025-07-14,ichimoku_cloud_breakout,dedup_one_position_per_ticker_per_day,,,
CSX,2025-07-14,supertrend_macd,dedup_one_position_per_ticker_per_day,,,
CSX,2025-07-14,inside_bar_breakout,dedup_one_position_per_ticker_per_day,,,
CSX,2025-07-14,cpr_narrow_momentum,dedup_one_position_per_ticker_per_day,,,
CSX,2025-07-14,break_retest_confluence,dedup_one_position_per_ticker_per_day,,,
CSX,2025-07-14,bollinger_tight,dedup_one_position_per_ticker_per_day,,,
HBAN,2025-07-14,(any),ticker_already_open_concurrent_block_bug61,,,
MNMD,2025-07-14,hull_rsi,dedup_one_position_per_ticker_per_day,,,
MNMD,2025-07-14,supertrend_macd,dedup_one_position_per_ticker_per_day,,,
MNMD,2025-07-14,cpr_narrow_momentum,dedup_one_position_per_ticker_per_day,,,
MNMD,2025-07-14,r1_break_retest,dedup_one_position_per_ticker_per_day,,,
MNMD,2025-07-14,break_retest_confluence,dedup_one_position_per_ticker_per_day,,,
MNMD,2025-07-14,bollinger_lower,dedup_one_position_per_ticker_per_day,,,
MNMD,2025-07-14,bollinger_tight,dedup_one_position_per_ticker_per_day,,,
TNXP,2025-07-14,hull_rsi,dedup_one_position_per_ticker_per_day,,,
TNXP,2025-07-14,ichimoku_cloud_breakout,dedup_one_position_per_ticker_per_day,,,
TNXP,2025-07-14,supertrend_macd,dedup_one_position_per_ticker_per_day,,,
TNXP,2025-07-14,cpr_narrow_momentum,dedup_one_position_per_ticker_per_day,,,
TNXP,2025-07-14,r1_break_retest,dedup_one_position_per_ticker_per_day,,,
TNXP,2025-07-14,break_retest_confluence,dedup_one_position_per_ticker_per_day,,,
TNXP,2025-07-14,bollinger_tight,dedup_one_position_per_ticker_per_day,,,
HBAN,2025-07-15,ichimoku_cloud_breakout,level_6_halt_dd_-0.489,,,
UUUU,2025-07-15,pivot_r1_breakout,level_6_halt_dd_-0.489,,,
HOLX,2025-07-15,ichimoku_cloud_breakout,level_6_halt_dd_-0.489,,,
NVDA,2025-07-15,pivot_r2_continuation,level_6_halt_dd_-0.489,,,
COGT,2025-07-15,cpr_narrow_bullish,level_6_halt_dd_-0.489,,,
TNXP,2025-07-15,cpr_narrow_bullish,level_6_halt_dd_-0.489,,,
BHVN,2025-07-15,supertrend_macd,level_6_halt_dd_-0.489,,,
RKLB,2025-07-15,cpr_narrow_bullish,level_6_halt_dd_-0.489,,,
VIVO,2025-07-15,hull_rsi,level_6_halt_dd_-0.489,,,
SWIM,2025-07-15,williams_r_oversold,level_6_halt_dd_-0.489,,,
PSX,2025-07-16,ichimoku_cloud_breakout,level_6_halt_dd_-0.489,,,
UUUU,2025-07-16,pivot_r1_breakout,level_6_halt_dd_-0.489,,,
RKLB,2025-07-16,pivot_r2_continuation,level_6_halt_dd_-0.489,,,
COGT,2025-07-16,cpr_narrow_bullish,level_6_halt_dd_-0.489,,,
NVDA,2025-07-16,cpr_narrow_bullish,level_6_halt_dd_-0.489,,,
MNMD,2025-07-16,hull_rsi,level_6_halt_dd_-0.489,,,
VIVO,2025-07-16,hull_rsi,level_6_halt_dd_-0.489,,,
HBAN,2025-07-16,ichimoku_cloud_breakout,level_6_halt_dd_-0.489,,,
CRWD,2025-07-16,williams_r_oversold,level_6_halt_dd_-0.489,,,
PETQ,2025-07-16,pivot_s1_bounce,level_6_halt_dd_-0.489,,,
UUUU,2025-07-17,pivot_r1_breakout,level_6_halt_dd_-0.489,,,
TNXP,2025-07-17,pivot_r1_breakout,level_6_halt_dd_-0.489,,,
CSX,2025-07-17,pivot_r1_breakout,level_6_halt_dd_-0.489,,,
RKLB,2025-07-17,pivot_r1_breakout,level_6_halt_dd_-0.489,,,
COGT,2025-07-17,pivot_r2_continuation,level_6_halt_dd_-0.489,,,
CG,2025-07-17,cpr_narrow_bullish,level_6_halt_dd_-0.489,,,
LCID,2025-07-17,pivot_r1_breakout,level_6_halt_dd_-0.489,,,
NVDA,2025-07-17,cpr_narrow_bullish,level_6_halt_dd_-0.489,,,
BHVN,2025-07-17,cpr_narrow_bullish,level_6_halt_dd_-0.489,,,
MNMD,2025-07-17,hull_rsi,level_6_halt_dd_-0.489,,,
RF,2025-07-18,pivot_r1_breakout,level_6_halt_dd_-0.489,,,
CCEP,2025-07-18,cpr_narrow_bullish,level_6_halt_dd_-0.489,,,
UUUU,2025-07-18,cpr_narrow_bullish,level_6_halt_dd_-0.489,,,
CSX,2025-07-18,hull_rsi,level_6_halt_dd_-0.489,,,
VIVO,2025-07-18,hull_rsi,level_6_halt_dd_-0.489,,,
COGT,2025-07-18,cpr_narrow_bullish,level_6_halt_dd_-0.489,,,
RKLB,2025-07-18,cpr_narrow_bullish,level_6_halt_dd_-0.489,,,
PETQ,2025-07-18,pivot_s1_bounce,level_6_halt_dd_-0.489,,,
LCID,2025-07-18,hull_rsi,level_6_halt_dd_-0.489,,,
BAM,2025-07-18,cpr_narrow_bullish,level_6_halt_dd_-0.489,,,
MNMD,2025-07-21,pivot_r1_breakout,level_6_halt_dd_-0.489,,,
UUUU,2025-07-21,cpr_narrow_bullish,level_6_halt_dd_-0.489,,,
CCEP,2025-07-21,cpr_narrow_bullish,level_6_halt_dd_-0.489,,,
VIVO,2025-07-21,hull_rsi,level_6_halt_dd_-0.489,,,
RF,2025-07-21,cpr_narrow_bullish,level_6_halt_dd_-0.489,,,
PETQ,2025-07-21,pivot_s1_bounce,level_6_halt_dd_-0.489,,,
CSX,2025-07-21,hull_rsi,level_6_halt_dd_-0.489,,,
HOLX,2025-07-21,williams_stoch_dual,level_6_halt_dd_-0.489,,,
MORF,2025-07-21,pivot_r2_continuation,level_6_halt_dd_-0.489,,,
CG,2025-07-21,ichimoku_cloud_breakout,level_6_halt_dd_-0.489,,,
CCEP,2025-07-22,pivot_r2_continuation,level_6_halt_dd_-0.490,,,
CSX,2025-07-22,pivot_r2_continuation,level_6_halt_dd_-0.490,,,
IFF,2025-07-22,pivot_r1_breakout,level_6_halt_dd_-0.490,,,
MNMD,2025-07-22,cpr_narrow_bullish,level_6_halt_dd_-0.490,,,
RF,2025-07-22,cpr_narrow_bullish,level_6_halt_dd_-0.490,,,
VET,2025-07-22,cpr_narrow_bullish,level_6_halt_dd_-0.490,,,
VIVO,2025-07-22,hull_rsi,level_6_halt_dd_-0.490,,,
UUUU,2025-07-22,hull_rsi,level_6_halt_dd_-0.490,,,
LCID,2025-07-22,cpr_narrow_bullish,level_6_halt_dd_-0.490,,,
PETQ,2025-07-22,pivot_s1_bounce,level_6_halt_dd_-0.490,,,
JCI,2025-07-23,pivot_r1_breakout,level_6_halt_dd_-0.490,,,
CG,2025-07-23,pivot_r2_continuation,level_6_halt_dd_-0.490,,,
UUUU,2025-07-23,cpr_narrow_bullish,level_6_halt_dd_-0.490,,,
RF,2025-07-23,cpr_narrow_bullish,level_6_halt_dd_-0.490,,,
MNMD,2025-07-23,cpr_narrow_bullish,level_6_halt_dd_-0.490,,,
CCEP,2025-07-23,cpr_narrow_bullish,level_6_halt_dd_-0.490,,,
VET,2025-07-23,cpr_narrow_bullish,level_6_halt_dd_-0.490,,,
IDYA,2025-07-23,cpr_narrow_bullish,level_6_halt_dd_-0.490,,,
BAM,2025-07-23,cpr_narrow_bullish,level_6_halt_dd_-0.490,,,
VIVO,2025-07-23,hull_rsi,level_6_halt_dd_-0.490,,,
AOS,2025-07-24,pivot_r1_breakout,level_6_halt_dd_-0.490,,,
UUUU,2025-07-24,pivot_r2_continuation,level_6_halt_dd_-0.490,,,
BAM,2025-07-24,hull_rsi,level_6_halt_dd_-0.490,,,
CG,2025-07-24,pivot_r2_continuation,level_6_halt_dd_-0.490,,,
JCI,2025-07-24,cpr_narrow_bullish,level_6_halt_dd_-0.490,,,
CCEP,2025-07-24,cpr_narrow_bullish,level_6_halt_dd_-0.490,,,
CSX,2025-07-24,hull_rsi,level_6_halt_dd_-0.490,,,
VIVO,2025-07-24,hull_rsi,level_6_halt_dd_-0.490,,,
BDX,2025-07-24,cpr_narrow_bullish,level_6_halt_dd_-0.490,,,
IDYA,2025-07-24,pivot_r1_breakout,level_6_halt_dd_-0.490,,,
TNXP,2025-07-25,pivot_r1_breakout,level_6_halt_dd_-0.490,,,
CG,2025-07-25,cpr_narrow_bullish,level_6_halt_dd_-0.490,,,
JCI,2025-07-25,pivot_r2_continuation,level_6_halt_dd_-0.490,,,
FLR,2025-07-25,cpr_narrow_bullish,level_6_halt_dd_-0.490,,,
HOLX,2025-07-25,cpr_narrow_bullish,level_6_halt_dd_-0.490,,,
BAM,2025-07-25,cpr_narrow_bullish,level_6_halt_dd_-0.490,,,
UUUU,2025-07-25,cpr_narrow_bullish,level_6_halt_dd_-0.490,,,
VIVO,2025-07-25,hull_rsi,level_6_halt_dd_-0.490,,,
BDX,2025-07-25,cpr_narrow_bullish,level_6_halt_dd_-0.490,,,
CSX,2025-07-25,hull_rsi,level_6_halt_dd_-0.490,,,
JCI,2025-07-28,cpr_narrow_bullish,level_6_halt_dd_-0.490,,,
VET,2025-07-28,cpr_narrow_bullish,level_6_halt_dd_-0.490,,,
CG,2025-07-28,cpr_narrow_bullish,level_6_halt_dd_-0.490,,,
IDYA,2025-07-28,pivot_r1_breakout,level_6_halt_dd_-0.490,,,
AWK,2025-07-28,williams_r_oversold,level_6_halt_dd_-0.490,,,
VIVO,2025-07-28,hull_rsi,level_6_halt_dd_-0.490,,,
CSX,2025-07-28,cpr_narrow_bullish,level_6_halt_dd_-0.490,,,
PETQ,2025-07-28,pivot_s1_bounce,level_6_halt_dd_-0.490,,,
REZI,2025-07-28,cpr_narrow_bullish,level_6_halt_dd_-0.490,,,
UUUU,2025-07-28,cpr_narrow_bullish,level_6_halt_dd_-0.490,,,
JCI,2025-07-29,williams_r_oversold,level_6_halt_dd_-0.490,,,
TNXP,2025-07-29,ichimoku_cloud_breakout,level_6_halt_dd_-0.490,,,
CSX,2025-07-29,ichimoku_cloud_breakout,level_6_halt_dd_-0.490,,,
BHVN,2025-07-29,bollinger_tight,level_6_halt_dd_-0.490,,,
CCEP,2025-07-29,cpr_narrow_bullish,level_6_halt_dd_-0.490,,,
VIVO,2025-07-29,hull_rsi,level_6_halt_dd_-0.490,,,
UUUU,2025-07-29,ichimoku_cloud_breakout,level_6_halt_dd_-0.490,,,
PETQ,2025-07-29,pivot_s1_bounce,level_6_halt_dd_-0.490,,,
MNMD,2025-07-29,ichimoku_cloud_breakout,level_6_halt_dd_-0.490,,,
LCID,2025-07-29,ichimoku_cloud_breakout,level_6_halt_dd_-0.490,,,
REZI,2025-07-30,(any),ticker_already_open_concurrent_block_bug61,,,
GNRC,2025-07-30,(any),ticker_already_open_concurrent_block_bug61,,,
IFF,2025-07-30,bollinger_lower,EVENT_SUPPRESSION_FOMC_d0_dec348,,,
IFF,2025-07-30,bollinger_tight,EVENT_SUPPRESSION_FOMC_d0_dec348,,,
IFF,2025-07-30,pivot_r1_breakout,EVENT_SUPPRESSION_FOMC_d0_dec348,,,
IFF,2025-07-30,cpr_narrow_bullish,EVENT_SUPPRESSION_FOMC_d0_dec348,,,
IFF,2025-07-30,camarilla_r3_breakout,EVENT_SUPPRESSION_FOMC_d0_dec348,,,
IFF,2025-07-30,prev_day_high_break,EVENT_SUPPRESSION_FOMC_d0_dec348,,,
IFF,2025-07-30,hull_rsi,EVENT_SUPPRESSION_FOMC_d0_dec348,,,
IFF,2025-07-30,awesome_oscillator,EVENT_SUPPRESSION_FOMC_d0_dec348,,,
IFF,2025-07-30,golden_cross_9_21,EVENT_SUPPRESSION_FOMC_d0_dec348,,,
IFF,2025-07-30,tema_dema,EVENT_SUPPRESSION_FOMC_d0_dec348,,,
IFF,2025-07-30,cpr_narrow_momentum,EVENT_SUPPRESSION_FOMC_d0_dec348,,,
IFF,2025-07-30,hull_rsi_short,EVENT_SUPPRESSION_FOMC_d0_dec348,,,
IFF,2025-07-30,prev_day_low_breakdown,EVENT_SUPPRESSION_FOMC_d0_dec348,,,
IFF,2025-07-30,cpr_narrow_momentum_short,EVENT_SUPPRESSION_FOMC_d0_dec348,,,
HOLX,2025-07-30,ichimoku_cloud_breakout,EVENT_SUPPRESSION_FOMC_d0_dec348,,,
HOLX,2025-07-30,pivot_r1_breakout,short_adverse_gap_up_2.3pct_exceeds_1.0x_atr_limit,64.98,66.45,1.2689
HOLX,2025-07-30,prev_day_high_break,short_adverse_gap_up_2.3pct_exceeds_1.0x_atr_limit,64.98,66.45,1.2689
HOLX,2025-07-30,macd_crossover,EVENT_SUPPRESSION_FOMC_d0_dec348,,,
HOLX,2025-07-30,macd_fast_crossover,EVENT_SUPPRESSION_FOMC_d0_dec348,,,
HOLX,2025-07-30,ppo_crossover,EVENT_SUPPRESSION_FOMC_d0_dec348,,,
HOLX,2025-07-30,cmf_flip,short_adverse_gap_up_2.3pct_exceeds_1.0x_atr_limit,64.98,66.45,1.2689
HOLX,2025-07-30,force_index_breakout,EVENT_SUPPRESSION_FOMC_d0_dec348,,,
HOLX,2025-07-30,macd_crossover_short,EVENT_SUPPRESSION_FOMC_d0_dec348,,,
HOLX,2025-07-30,prev_day_low_breakdown,EVENT_SUPPRESSION_FOMC_d0_dec348,,,
HOLX,2025-07-30,lead_lag_sector_rotation,EVENT_SUPPRESSION_FOMC_d0_dec348,,,
TNXP,2025-07-30,ichimoku_cloud_breakout,EVENT_SUPPRESSION_FOMC_d0_dec348,,,
TNXP,2025-07-30,supertrend_ichimoku_adx,EVENT_SUPPRESSION_FOMC_d0_dec348,,,
TNXP,2025-07-30,pivot_r1_breakout,EVENT_SUPPRESSION_FOMC_d0_dec348,,,
TNXP,2025-07-30,pivot_r2_continuation,EVENT_SUPPRESSION_FOMC_d0_dec348,,,
TNXP,2025-07-30,prev_day_high_break,EVENT_SUPPRESSION_FOMC_d0_dec348,,,
TNXP,2025-07-30,hull_rsi,EVENT_SUPPRESSION_FOMC_d0_dec348,,,
TNXP,2025-07-30,roc_burst,EVENT_SUPPRESSION_FOMC_d0_dec348,,,
TNXP,2025-07-30,tema_dema,EVENT_SUPPRESSION_FOMC_d0_dec348,,,
TNXP,2025-07-30,hull_rsi_short,EVENT_SUPPRESSION_FOMC_d0_dec348,,,
TNXP,2025-07-30,prev_day_low_breakdown,EVENT_SUPPRESSION_FOMC_d0_dec348,,,
TNXP,2025-07-30,lead_lag_sector_rotation,EVENT_SUPPRESSION_FOMC_d0_dec348,,,
BHVN,2025-07-30,pivot_r1_breakout,EVENT_SUPPRESSION_FOMC_d0_dec348,,,
BHVN,2025-07-30,cpr_narrow_bullish,EVENT_SUPPRESSION_FOMC_d0_dec348,,,
BHVN,2025-07-30,camarilla_r3_breakout,EVENT_SUPPRESSION_FOMC_d0_dec348,,,
BHVN,2025-07-30,macd_crossover,EVENT_SUPPRESSION_FOMC_d0_dec348,,,
BHVN,2025-07-30,macd_fast_crossover,EVENT_SUPPRESSION_FOMC_d0_dec348,,,
BHVN,2025-07-30,hull_rsi,EVENT_SUPPRESSION_FOMC_d0_dec348,,,
BHVN,2025-07-30,roc_burst,EVENT_SUPPRESSION_FOMC_d0_dec348,,,
BHVN,2025-07-30,force_index_breakout,EVENT_SUPPRESSION_FOMC_d0_dec348,,,
BHVN,2025-07-30,cpr_narrow_momentum,EVENT_SUPPRESSION_FOMC_d0_dec348,,,
BHVN,2025-07-30,bollinger_tight,EVENT_SUPPRESSION_FOMC_d0_dec348,,,
IDYA,2025-07-30,cpr_narrow_bullish,EVENT_SUPPRESSION_FOMC_d0_dec348,,,
IDYA,2025-07-30,hull_rsi,EVENT_SUPPRESSION_FOMC_d0_dec348,,,
IDYA,2025-07-30,supertrend_macd,EVENT_SUPPRESSION_FOMC_d0_dec348,,,
IDYA,2025-07-30,cpr_narrow_momentum,EVENT_SUPPRESSION_FOMC_d0_dec348,,,
IDYA,2025-07-30,break_retest_confluence,EVENT_SUPPRESSION_FOMC_d0_dec348,,,
IDYA,2025-07-30,stochrsi_oversold,EVENT_SUPPRESSION_FOMC_d0_dec348,,,
IDYA,2025-07-30,cmf_flip,EVENT_SUPPRESSION_FOMC_d0_dec348,,,
IDYA,2025-07-30,bollinger_tight,EVENT_SUPPRESSION_FOMC_d0_dec348,,,
IDYA,2025-07-30,shooting_star_short,EVENT_SUPPRESSION_FOMC_d0_dec348,,,
IDYA,2025-07-30,stochrsi_overbought_short,EVENT_SUPPRESSION_FOMC_d0_dec348,,,
JCI,2025-07-30,williams_r_oversold,EVENT_SUPPRESSION_FOMC_d0_dec348,,,
JCI,2025-07-30,bollinger_tight,EVENT_SUPPRESSION_FOMC_d0_dec348,,,
JCI,2025-07-30,cpr_narrow_bullish,EVENT_SUPPRESSION_FOMC_d0_dec348,,,
JCI,2025-07-30,hull_rsi,EVENT_SUPPRESSION_FOMC_d0_dec348,,,
JCI,2025-07-30,supertrend_macd,EVENT_SUPPRESSION_FOMC_d0_dec348,,,
JCI,2025-07-30,cpr_narrow_momentum,EVENT_SUPPRESSION_FOMC_d0_dec348,,,
JCI,2025-07-30,supertrend_macd_short,EVENT_SUPPRESSION_FOMC_d0_dec348,,,
JCI,2025-07-30,hull_rsi_short,EVENT_SUPPRESSION_FOMC_d0_dec348,,,
JCI,2025-07-30,cpr_narrow_momentum_short,EVENT_SUPPRESSION_FOMC_d0_dec348,,,
JCI,2025-07-30,lead_lag_sector_rotation,EVENT_SUPPRESSION_FOMC_d0_dec348,,,
VIVO,2025-07-30,(any),ticker_already_open_concurrent_block_bug61,,,
HST,2025-07-30,(any),ticker_already_open_concurrent_block_bug61,,,
HOLX,2025-07-31,pivot_r1_breakout,level_6_halt_dd_-0.461,,,
GNRC,2025-07-31,pivot_r1_breakout,level_6_halt_dd_-0.461,,,
REZI,2025-07-31,cpr_narrow_bullish,level_6_halt_dd_-0.461,,,
HST,2025-07-31,bollinger_tight,level_6_halt_dd_-0.461,,,
IFF,2025-07-31,bollinger_lower,level_6_halt_dd_-0.461,,,
VIVO,2025-07-31,hull_rsi,level_6_halt_dd_-0.461,,,
CSX,2025-07-31,cpr_narrow_bullish,level_6_halt_dd_-0.461,,,
CCEP,2025-07-31,ichimoku_cloud_breakout,level_6_halt_dd_-0.461,,,
KULR,2025-07-31,stochrsi_oversold,level_6_halt_dd_-0.461,,,
CRWD,2025-07-31,morning_star,level_6_halt_dd_-0.461,,,
AWK,2025-08-01,(any),ticker_already_open_concurrent_block_bug61,,,
FLR,2025-08-01,bollinger_tight,EVENT_SUPPRESSION_NFP_d0_dec348,,,
FLR,2025-08-01,pivot_r1_breakout,EVENT_SUPPRESSION_NFP_d0_dec348,,,
FLR,2025-08-01,cpr_narrow_bullish,EVENT_SUPPRESSION_NFP_d0_dec348,,,
FLR,2025-08-01,camarilla_r3_breakout,EVENT_SUPPRESSION_NFP_d0_dec348,,,
FLR,2025-08-01,hull_rsi,EVENT_SUPPRESSION_NFP_d0_dec348,,,
FLR,2025-08-01,roc_burst,EVENT_SUPPRESSION_NFP_d0_dec348,,,
FLR,2025-08-01,golden_cross_9_21,EVENT_SUPPRESSION_NFP_d0_dec348,,,
FLR,2025-08-01,parabolic_sar_flip,EVENT_SUPPRESSION_NFP_d0_dec348,,,
FLR,2025-08-01,supertrend_macd,EVENT_SUPPRESSION_NFP_d0_dec348,,,
FLR,2025-08-01,force_index_breakout,EVENT_SUPPRESSION_NFP_d0_dec348,,,
FLR,2025-08-01,cpr_narrow_momentum,EVENT_SUPPRESSION_NFP_d0_dec348,,,
FLR,2025-08-01,supertrend_ichimoku_adx,EVENT_SUPPRESSION_NFP_d0_dec348,,,
FLR,2025-08-01,supertrend_macd_short,EVENT_SUPPRESSION_NFP_d0_dec348,,,
FLR,2025-08-01,parabolic_sar_flip_short,EVENT_SUPPRESSION_NFP_d0_dec348,,,
FLR,2025-08-01,hull_rsi_short,EVENT_SUPPRESSION_NFP_d0_dec348,,,
FLR,2025-08-01,cpr_narrow_momentum_short,EVENT_SUPPRESSION_NFP_d0_dec348,,,
GNRC,2025-08-01,(any),ticker_already_open_concurrent_block_bug61,,,
HST,2025-08-01,(any),ticker_already_open_concurrent_block_bug61,,,
KULR,2025-08-01,bollinger_lower,EVENT_SUPPRESSION_NFP_d0_dec348,,,
KULR,2025-08-01,bollinger_tight,EVENT_SUPPRESSION_NFP_d0_dec348,,,
KULR,2025-08-01,williams_stoch_dual,EVENT_SUPPRESSION_NFP_d0_dec348,,,
KULR,2025-08-01,cpr_narrow_bullish,EVENT_SUPPRESSION_NFP_d0_dec348,,,
KULR,2025-08-01,hull_rsi,EVENT_SUPPRESSION_NFP_d0_dec348,,,
KULR,2025-08-01,ichimoku_tk_cross,EVENT_SUPPRESSION_NFP_d0_dec348,,,
KULR,2025-08-01,cpr_narrow_momentum,EVENT_SUPPRESSION_NFP_d0_dec348,,,
KULR,2025-08-01,hull_rsi_short,EVENT_SUPPRESSION_NFP_d0_dec348,,,
KULR,2025-08-01,cpr_narrow_momentum_short,EVENT_SUPPRESSION_NFP_d0_dec348,,,
KULR,2025-08-01,r1_break_retest,EVENT_SUPPRESSION_NFP_d0_dec348,,,
KULR,2025-08-01,break_retest_confluence,EVENT_SUPPRESSION_NFP_d0_dec348,,,
WMB,2025-08-01,cpr_narrow_bullish,EVENT_SUPPRESSION_NFP_d0_dec348,,,
WMB,2025-08-01,hull_rsi,EVENT_SUPPRESSION_NFP_d0_dec348,,,
WMB,2025-08-01,golden_cross_9_21,EVENT_SUPPRESSION_NFP_d0_dec348,,,
WMB,2025-08-01,three_white_soldiers,EVENT_SUPPRESSION_NFP_d0_dec348,,,
WMB,2025-08-01,cpr_narrow_momentum,EVENT_SUPPRESSION_NFP_d0_dec348,,,
WMB,2025-08-01,stochrsi_oversold,EVENT_SUPPRESSION_NFP_d0_dec348,,,
WMB,2025-08-01,bollinger_tight,EVENT_SUPPRESSION_NFP_d0_dec348,,,
WMB,2025-08-01,williams_stoch_dual,EVENT_SUPPRESSION_NFP_d0_dec348,,,
WMB,2025-08-01,stochrsi_overbought_short,EVENT_SUPPRESSION_NFP_d0_dec348,,,
VIVO,2025-08-01,(any),ticker_already_open_concurrent_block_bug61,,,
IFF,2025-08-01,bollinger_lower,EVENT_SUPPRESSION_NFP_d0_dec348,,,
IFF,2025-08-01,bollinger_tight,EVENT_SUPPRESSION_NFP_d0_dec348,,,
IFF,2025-08-01,cpr_narrow_bullish,EVENT_SUPPRESSION_NFP_d0_dec348,,,
IFF,2025-08-01,hull_rsi,EVENT_SUPPRESSION_NFP_d0_dec348,,,
IFF,2025-08-01,cpr_narrow_momentum,EVENT_SUPPRESSION_NFP_d0_dec348,,,
IFF,2025-08-01,hull_rsi_short,EVENT_SUPPRESSION_NFP_d0_dec348,,,
IFF,2025-08-01,cpr_narrow_momentum_short,EVENT_SUPPRESSION_NFP_d0_dec348,,,
IFF,2025-08-01,r1_break_retest,EVENT_SUPPRESSION_NFP_d0_dec348,,,
IFF,2025-08-01,break_retest_confluence,EVENT_SUPPRESSION_NFP_d0_dec348,,,
PETQ,2025-08-01,pivot_s1_bounce,no_next_bar,,,
PETQ,2025-08-01,hull_rsi,no_next_bar,,,
PETQ,2025-08-01,ichimoku_cloud_breakout,no_next_bar,,,
PETQ,2025-08-01,doji_at_support,no_next_bar,,,
PETQ,2025-08-01,supertrend_ichimoku_adx,no_next_bar,,,
PETQ,2025-08-01,dc20_break_retest,no_next_bar,,,
PETQ,2025-08-01,52wh_break_retest,no_next_bar,,,
PETQ,2025-08-01,bollinger_tight,no_next_bar,,,
MNMD,2025-08-01,(any),stopout_cooldown_active_5d_dec018,,,
FLR,2025-08-04,bollinger_tight,level_6_halt_dd_-0.445,,,
GNRC,2025-08-04,cpr_narrow_bullish,level_6_halt_dd_-0.445,,,
VIVO,2025-08-04,hull_rsi,level_6_halt_dd_-0.445,,,
HOLX,2025-08-04,cpr_narrow_bullish,level_6_halt_dd_-0.445,,,
NVDA,2025-08-04,pivot_r2_continuation,level_6_halt_dd_-0.445,,,
PETQ,2025-08-04,pivot_s1_bounce,level_6_halt_dd_-0.445,,,
XLE,2025-08-04,bollinger_tight,level_6_halt_dd_-0.445,,,
MORF,2025-08-04,pivot_r2_continuation,level_6_halt_dd_-0.445,,,
AWK,2025-08-04,cpr_narrow_bullish,level_6_halt_dd_-0.445,,,
COGT,2025-08-04,pivot_r2_continuation,level_6_halt_dd_-0.445,,,
HST,2025-08-05,stochrsi_oversold,level_6_halt_dd_-0.445,,,
BAC,2025-08-05,pivot_s1_bounce,level_6_halt_dd_-0.445,,,
FOX,2025-08-05,bollinger_tight,level_6_halt_dd_-0.445,,,
VIVO,2025-08-05,hull_rsi,level_6_halt_dd_-0.445,,,
HOLX,2025-08-05,cpr_narrow_bullish,level_6_halt_dd_-0.445,,,
CRWD,2025-08-05,bollinger_tight,level_6_halt_dd_-0.445,,,
GNRC,2025-08-05,hull_rsi,level_6_halt_dd_-0.445,,,
PETQ,2025-08-05,pivot_s1_bounce,level_6_halt_dd_-0.445,,,
IDYA,2025-08-05,ichimoku_cloud_breakout,level_6_halt_dd_-0.445,,,
COGT,2025-08-05,williams_r_oversold,level_6_halt_dd_-0.445,,,
CCEP,2025-08-06,bollinger_lower,level_6_halt_dd_-0.445,,,
IFF,2025-08-06,bollinger_lower,level_6_halt_dd_-0.445,,,
REZI,2025-08-06,pivot_r1_breakout,level_6_halt_dd_-0.445,,,
SWIM,2025-08-06,pivot_r1_breakout,level_6_halt_dd_-0.445,,,
CG,2025-08-06,pivot_r2_continuation,level_6_halt_dd_-0.445,,,
VIVO,2025-08-06,hull_rsi,level_6_halt_dd_-0.445,,,
BDX,2025-08-06,bollinger_tight,level_6_halt_dd_-0.445,,,
HST,2025-08-06,bollinger_lower,level_6_halt_dd_-0.445,,,
PETQ,2025-08-06,pivot_s1_bounce,level_6_halt_dd_-0.445,,,
IDYA,2025-08-06,ichimoku_cloud_breakout,level_6_halt_dd_-0.445,,,
BAC,2025-08-07,bollinger_lower,level_6_halt_dd_-0.445,,,
CRWD,2025-08-07,bollinger_lower,level_6_halt_dd_-0.445,,,
HBAN,2025-08-07,bollinger_lower,level_6_halt_dd_-0.445,,,
VIVO,2025-08-07,hull_rsi,level_6_halt_dd_-0.445,,,
IFF,2025-08-07,bollinger_lower,level_6_halt_dd_-0.445,,,
FOX,2025-08-07,bollinger_lower,level_6_halt_dd_-0.445,,,
HOLX,2025-08-07,hull_rsi,level_6_halt_dd_-0.445,,,
PETQ,2025-08-07,pivot_s1_bounce,level_6_halt_dd_-0.445,,,
CCEP,2025-08-07,prev_day_high_break,level_6_halt_dd_-0.445,,,
IDYA,2025-08-07,cpr_narrow_bullish,level_6_halt_dd_-0.445,,,
SWIM,2025-08-08,cpr_narrow_bullish,level_6_halt_dd_-0.445,,,
VIVO,2025-08-08,hull_rsi,level_6_halt_dd_-0.445,,,
FOX,2025-08-08,stochrsi_oversold,level_6_halt_dd_-0.445,,,
CRWD,2025-08-08,bollinger_lower,level_6_halt_dd_-0.445,,,
WMB,2025-08-08,cpr_narrow_bullish,level_6_halt_dd_-0.445,,,
GNRC,2025-08-08,cpr_narrow_bullish,level_6_halt_dd_-0.445,,,
BDX,2025-08-08,cpr_narrow_bullish,level_6_halt_dd_-0.445,,,
NVDA,2025-08-08,cpr_narrow_bullish,level_6_halt_dd_-0.445,,,
PETQ,2025-08-08,pivot_s1_bounce,level_6_halt_dd_-0.445,,,
IFF,2025-08-08,bollinger_lower,level_6_halt_dd_-0.445,,,
MNMD,2025-08-11,cpr_narrow_bullish,level_6_halt_dd_-0.445,,,
PSX,2025-08-11,bollinger_tight,level_6_halt_dd_-0.445,,,
XLE,2025-08-11,bollinger_tight,level_6_halt_dd_-0.445,,,
VIVO,2025-08-11,hull_rsi,level_6_halt_dd_-0.445,,,
BDX,2025-08-11,cpr_narrow_bullish,level_6_halt_dd_-0.445,,,
RF,2025-08-11,ichimoku_cloud_breakout,level_6_halt_dd_-0.445,,,
GNRC,2025-08-11,cpr_narrow_bullish,level_6_halt_dd_-0.445,,,
PETQ,2025-08-11,pivot_s1_bounce,level_6_halt_dd_-0.445,,,
IFF,2025-08-11,bollinger_tight,level_6_halt_dd_-0.445,,,
CRWD,2025-08-11,bollinger_tight,level_6_halt_dd_-0.445,,,
TNXP,2025-08-12,pivot_r1_breakout,level_6_halt_dd_-0.445,,,
REZI,2025-08-12,pivot_r1_breakout,level_6_halt_dd_-0.445,,,
GNRC,2025-08-12,cpr_narrow_bullish,level_6_halt_dd_-0.445,,,
BHVN,2025-08-12,cpr_narrow_bullish,level_6_halt_dd_-0.445,,,
BDX,2025-08-12,cpr_narrow_bullish,level_6_halt_dd_-0.445,,,
VIVO,2025-08-12,hull_rsi,level_6_halt_dd_-0.445,,,
MNMD,2025-08-12,cpr_narrow_bullish,level_6_halt_dd_-0.445,,,
PETQ,2025-08-12,pivot_s1_bounce,level_6_halt_dd_-0.445,,,
CCEP,2025-08-12,bollinger_tight,level_6_halt_dd_-0.445,,,
SWIM,2025-08-12,pivot_r1_breakout,level_6_halt_dd_-0.445,,,
REZI,2025-08-13,pivot_r1_breakout,level_6_halt_dd_-0.445,,,
SWIM,2025-08-13,pivot_r1_breakout,level_6_halt_dd_-0.445,,,
GNRC,2025-08-13,pivot_r2_continuation,level_6_halt_dd_-0.445,,,
HOLX,2025-08-13,cpr_narrow_bullish,level_6_halt_dd_-0.445,,,
CCEP,2025-08-13,bollinger_tight,level_6_halt_dd_-0.445,,,
VIVO,2025-08-13,hull_rsi,level_6_halt_dd_-0.445,,,
PETQ,2025-08-13,pivot_s1_bounce,level_6_halt_dd_-0.445,,,
FOX,2025-08-13,macd_crossover,level_6_halt_dd_-0.445,,,
TNXP,2025-08-13,cpr_narrow_bullish,level_6_halt_dd_-0.445,,,
BDX,2025-08-13,hull_rsi,level_6_halt_dd_-0.445,,,
CCEP,2025-08-14,williams_r_oversold,level_6_halt_dd_-0.445,,,
CRWD,2025-08-14,bollinger_tight,level_6_halt_dd_-0.445,,,
VIVO,2025-08-14,hull_rsi,level_6_halt_dd_-0.445,,,
HBAN,2025-08-14,cpr_narrow_bullish,level_6_halt_dd_-0.445,,,
AOS,2025-08-14,macd_crossover,level_6_halt_dd_-0.445,,,
PETQ,2025-08-14,pivot_s1_bounce,level_6_halt_dd_-0.445,,,
WMB,2025-08-14,williams_r_oversold,level_6_halt_dd_-0.445,,,
CSX,2025-08-14,cpr_narrow_bullish,level_6_halt_dd_-0.445,,,
REZI,2025-08-14,hull_rsi,level_6_halt_dd_-0.445,,,
RKLB,2025-08-14,stochrsi_oversold,level_6_halt_dd_-0.445,,,
BDX,2025-08-15,cpr_narrow_bullish,level_6_halt_dd_-0.445,,,
CCEP,2025-08-15,williams_r_oversold,level_6_halt_dd_-0.445,,,
VIVO,2025-08-15,hull_rsi,level_6_halt_dd_-0.445,,,
GNRC,2025-08-15,ichimoku_cloud_breakout,level_6_halt_dd_-0.445,,,
PETQ,2025-08-15,pivot_s1_bounce,level_6_halt_dd_-0.445,,,
TNXP,2025-08-15,ichimoku_cloud_breakout,level_6_halt_dd_-0.445,,,
BHVN,2025-08-15,cpr_narrow_bullish,level_6_halt_dd_-0.445,,,
JCI,2025-08-15,morning_star,level_6_halt_dd_-0.445,,,
MORF,2025-08-15,pivot_r2_continuation,level_6_halt_dd_-0.445,,,
REZI,2025-08-15,hull_rsi,level_6_halt_dd_-0.445,,,
TNXP,2025-08-18,ichimoku_cloud_breakout,level_6_halt_dd_-0.445,,,
CCEP,2025-08-18,williams_r_oversold,level_6_halt_dd_-0.445,,,
WMB,2025-08-18,bollinger_lower,level_6_halt_dd_-0.445,,,
REZI,2025-08-18,cpr_narrow_bullish,level_6_halt_dd_-0.445,,,
VIVO,2025-08-18,hull_rsi,level_6_halt_dd_-0.445,,,
PETQ,2025-08-18,pivot_s1_bounce,level_6_halt_dd_-0.445,,,
BHVN,2025-08-18,cpr_narrow_bullish,level_6_halt_dd_-0.445,,,
AWK,2025-08-18,cpr_narrow_bullish,level_6_halt_dd_-0.445,,,
MORF,2025-08-18,pivot_r2_continuation,level_6_halt_dd_-0.445,,,
UUUU,2025-08-18,pivot_r2_continuation,level_6_halt_dd_-0.445,,,
UUUU,2025-08-19,williams_r_oversold,level_6_halt_dd_-0.445,,,
REZI,2025-08-19,pivot_r2_continuation,level_6_halt_dd_-0.445,,,
VET,2025-08-19,stochrsi_oversold,level_6_halt_dd_-0.445,,,
CRWD,2025-08-19,bollinger_tight,level_6_halt_dd_-0.445,,,
RKLB,2025-08-19,bollinger_tight,level_6_halt_dd_-0.445,,,
CSX,2025-08-19,cpr_narrow_bullish,level_6_halt_dd_-0.445,,,
VIVO,2025-08-19,hull_rsi,level_6_halt_dd_-0.445,,,
WMB,2025-08-19,williams_r_oversold,level_6_halt_dd_-0.445,,,
BDX,2025-08-19,ichimoku_tk_cross,level_6_halt_dd_-0.445,,,
AOS,2025-08-19,cpr_narrow_bullish,level_6_halt_dd_-0.445,,,
VIVO,2025-08-20,hull_rsi,level_6_halt_dd_-0.445,,,
UUUU,2025-08-20,williams_r_oversold,level_6_halt_dd_-0.445,,,
FOX,2025-08-20,cpr_narrow_bullish,level_6_halt_dd_-0.445,,,
PETQ,2025-08-20,pivot_s1_bounce,level_6_halt_dd_-0.445,,,
BDX,2025-08-20,cpr_narrow_bullish,level_6_halt_dd_-0.445,,,
CG,2025-08-20,ichimoku_cloud_breakout,level_6_halt_dd_-0.445,,,
BAM,2025-08-20,bollinger_tight,level_6_halt_dd_-0.445,,,
TNXP,2025-08-20,cpr_narrow_bullish,level_6_halt_dd_-0.445,,,
LCID,2025-08-20,cpr_narrow_bullish,level_6_halt_dd_-0.445,,,
MORF,2025-08-20,pivot_r2_continuation,level_6_halt_dd_-0.445,,,
CRWD,2025-08-21,inside_bar_breakout,level_6_halt_dd_-0.445,,,
VIVO,2025-08-21,hull_rsi,level_6_halt_dd_-0.445,,,
HOLX,2025-08-21,ichimoku_cloud_breakout,level_6_halt_dd_-0.445,,,
REZI,2025-08-21,cpr_narrow_bullish,level_6_halt_dd_-0.445,,,
PETQ,2025-08-21,pivot_s1_bounce,level_6_halt_dd_-0.445,,,
BAM,2025-08-21,bollinger_tight,level_6_halt_dd_-0.445,,,
TNXP,2025-08-21,cpr_narrow_bullish,level_6_halt_dd_-0.445,,,
HST,2025-08-21,cpr_narrow_bullish,level_6_halt_dd_-0.445,,,
MORF,2025-08-21,pivot_r2_continuation,level_6_halt_dd_-0.445,,,
XLE,2025-08-21,cpr_narrow_bullish,level_6_halt_dd_-0.445,,,
CSX,2025-08-22,bollinger_tight,level_6_halt_dd_-0.445,,,
UUUU,2025-08-22,pivot_r2_continuation,level_6_halt_dd_-0.445,,,
REZI,2025-08-22,pivot_r2_continuation,level_6_halt_dd_-0.445,,,
FOX,2025-08-22,cpr_narrow_bullish,level_6_halt_dd_-0.445,,,
LCID,2025-08-22,pivot_r1_breakout,level_6_halt_dd_-0.445,,,
IDYA,2025-08-22,cpr_narrow_bullish,level_6_halt_dd_-0.445,,,
COGT,2025-08-22,cpr_narrow_bullish,level_6_halt_dd_-0.445,,,
BHVN,2025-08-22,pivot_r1_breakout,level_6_halt_dd_-0.445,,,
VIVO,2025-08-22,hull_rsi,level_6_halt_dd_-0.445,,,
BDX,2025-08-22,cpr_narrow_bullish,level_6_halt_dd_-0.445,,,
REZI,2025-08-25,cpr_narrow_bullish,level_6_halt_dd_-0.449,,,
CSX,2025-08-25,bollinger_tight,level_6_halt_dd_-0.449,,,
VIVO,2025-08-25,hull_rsi,level_6_halt_dd_-0.449,,,
MNMD,2025-08-25,pivot_s1_bounce,level_6_halt_dd_-0.449,,,
PSX,2025-08-25,cpr_narrow_bullish,level_6_halt_dd_-0.449,,,
RF,2025-08-25,cpr_narrow_bullish,level_6_halt_dd_-0.449,,,
PETQ,2025-08-25,pivot_s1_bounce,level_6_halt_dd_-0.449,,,
CCEP,2025-08-25,williams_r_oversold,level_6_halt_dd_-0.449,,,
TNXP,2025-08-25,cpr_narrow_bullish,level_6_halt_dd_-0.449,,,
RKLB,2025-08-25,cpr_narrow_bullish,level_6_halt_dd_-0.449,,,
UUUU,2025-08-26,pivot_r1_breakout,level_6_halt_dd_-0.449,,,
CCEP,2025-08-26,williams_stoch_dual,level_6_halt_dd_-0.449,,,
REZI,2025-08-26,cpr_narrow_bullish,level_6_halt_dd_-0.449,,,
HST,2025-08-26,cpr_narrow_bullish,level_6_halt_dd_-0.449,,,
VIVO,2025-08-26,hull_rsi,level_6_halt_dd_-0.449,,,
CSX,2025-08-26,bollinger_tight,level_6_halt_dd_-0.449,,,
HOLX,2025-08-26,stochrsi_oversold,level_6_halt_dd_-0.449,,,
BAC,2025-08-26,cpr_narrow_bullish,level_6_halt_dd_-0.449,,,
RKLB,2025-08-26,cpr_narrow_bullish,level_6_halt_dd_-0.449,,,
HBAN,2025-08-26,cpr_narrow_bullish,level_6_halt_dd_-0.449,,,
HST,2025-08-27,cpr_narrow_bullish,level_6_halt_dd_-0.449,,,
RF,2025-08-27,cpr_narrow_bullish,level_6_halt_dd_-0.449,,,
CCEP,2025-08-27,morning_star,level_6_halt_dd_-0.449,,,
VIVO,2025-08-27,hull_rsi,level_6_halt_dd_-0.449,,,
TNXP,2025-08-27,cpr_narrow_bullish,level_6_halt_dd_-0.449,,,
REZI,2025-08-27,cpr_narrow_bullish,level_6_halt_dd_-0.449,,,
PETQ,2025-08-27,pivot_s1_bounce,level_6_halt_dd_-0.449,,,
PSX,2025-08-27,cpr_narrow_bullish,level_6_halt_dd_-0.449,,,
XLE,2025-08-27,cpr_narrow_bullish,level_6_halt_dd_-0.449,,,
HBAN,2025-08-27,cpr_narrow_bullish,level_6_halt_dd_-0.449,,,
CRWD,2025-08-28,pivot_r1_breakout,level_6_halt_dd_-0.449,,,
BAC,2025-08-28,cpr_narrow_bullish,level_6_halt_dd_-0.449,,,
HST,2025-08-28,cpr_narrow_bullish,level_6_halt_dd_-0.449,,,
VIVO,2025-08-28,hull_rsi,level_6_halt_dd_-0.449,,,
RF,2025-08-28,cpr_narrow_bullish,level_6_halt_dd_-0.449,,,
HBAN,2025-08-28,cpr_narrow_bullish,level_6_halt_dd_-0.449,,,
TNXP,2025-08-28,williams_stoch_dual,level_6_halt_dd_-0.449,,,
RKLB,2025-08-28,cpr_narrow_bullish,level_6_halt_dd_-0.449,,,
REZI,2025-08-28,ichimoku_cloud_breakout,level_6_halt_dd_-0.449,,,
PETQ,2025-08-28,pivot_s1_bounce,level_6_halt_dd_-0.449,,,
MNMD,2025-08-29,ichimoku_cloud_breakout,level_6_halt_dd_-0.449,,,
BAC,2025-08-29,cpr_narrow_bullish,level_6_halt_dd_-0.449,,,
LCID,2025-08-29,bollinger_tight,level_6_halt_dd_-0.449,,,
RF,2025-08-29,cpr_narrow_bullish,level_6_halt_dd_-0.449,,,
VIVO,2025-08-29,hull_rsi,level_6_halt_dd_-0.449,,,
CSX,2025-08-29,bollinger_tight,level_6_halt_dd_-0.449,,,
PETQ,2025-08-29,pivot_s1_bounce,level_6_halt_dd_-0.449,,,
GNRC,2025-08-29,ichimoku_cloud_breakout,level_6_halt_dd_-0.449,,,
AOS,2025-08-29,ichimoku_tk_cross,level_6_halt_dd_-0.449,,,
TNXP,2025-08-29,stochrsi_oversold,level_6_halt_dd_-0.449,,,
MNMD,2025-09-01,ichimoku_cloud_breakout,level_6_halt_dd_-0.449,,,
BAC,2025-09-01,cpr_narrow_bullish,level_6_halt_dd_-0.449,,,
LCID,2025-09-01,bollinger_tight,level_6_halt_dd_-0.449,,,
RF,2025-09-01,cpr_narrow_bullish,level_6_halt_dd_-0.449,,,
VIVO,2025-09-01,hull_rsi,level_6_halt_dd_-0.449,,,
CSX,2025-09-01,bollinger_tight,level_6_halt_dd_-0.449,,,
PETQ,2025-09-01,pivot_s1_bounce,level_6_halt_dd_-0.449,,,
GNRC,2025-09-01,ichimoku_cloud_breakout,level_6_halt_dd_-0.449,,,
AOS,2025-09-01,ichimoku_tk_cross,level_6_halt_dd_-0.449,,,
TNXP,2025-09-01,stochrsi_oversold,level_6_halt_dd_-0.449,,,
LCID,2025-09-02,bollinger_tight,dedup_one_position_per_ticker_per_day,,,
LCID,2025-09-02,pivot_r1_breakout,dedup_one_position_per_ticker_per_day,,,
LCID,2025-09-02,cpr_narrow_bullish,dedup_one_position_per_ticker_per_day,,,
LCID,2025-09-02,camarilla_r3_breakout,dedup_one_position_per_ticker_per_day,,,
LCID,2025-09-02,prev_day_high_break,dedup_one_position_per_ticker_per_day,,,
LCID,2025-09-02,macd_fast_crossover,dedup_one_position_per_ticker_per_day,,,
LCID,2025-09-02,hull_rsi,dedup_one_position_per_ticker_per_day,,,
LCID,2025-09-02,cpr_narrow_momentum,dedup_one_position_per_ticker_per_day,,,
LCID,2025-09-02,hull_rsi_short,dedup_one_position_per_ticker_per_day,,,
LCID,2025-09-02,prev_day_low_breakdown,dedup_one_position_per_ticker_per_day,,,
LCID,2025-09-02,cpr_narrow_momentum_short,dedup_one_position_per_ticker_per_day,,,
LCID,2025-09-02,r1_break_retest,dedup_one_position_per_ticker_per_day,,,
LCID,2025-09-02,break_retest_volume,dedup_one_position_per_ticker_per_day,,,
LCID,2025-09-02,break_retest_confluence,dedup_one_position_per_ticker_per_day,,,
CSX,2025-09-02,morning_star,dedup_one_position_per_ticker_per_day,,,
CSX,2025-09-02,williams_stoch_dual,dedup_one_position_per_ticker_per_day,,,
CSX,2025-09-02,cpr_narrow_bullish,dedup_one_position_per_ticker_per_day,,,
CSX,2025-09-02,hull_rsi,dedup_one_position_per_ticker_per_day,,,
CSX,2025-09-02,ichimoku_tk_cross,dedup_one_position_per_ticker_per_day,,,
CSX,2025-09-02,ichimoku_cloud_breakout,dedup_one_position_per_ticker_per_day,,,
CSX,2025-09-02,cpr_narrow_momentum,dedup_one_position_per_ticker_per_day,,,
CSX,2025-09-02,ichimoku_cloud_breakdown,dedup_one_position_per_ticker_per_day,,,
CSX,2025-09-02,hull_rsi_short,dedup_one_position_per_ticker_per_day,,,
CSX,2025-09-02,cpr_narrow_momentum_short,dedup_one_position_per_ticker_per_day,,,
CSX,2025-09-02,r1_break_retest,dedup_one_position_per_ticker_per_day,,,
CSX,2025-09-02,break_retest_confluence,dedup_one_position_per_ticker_per_day,,,
CSX,2025-09-02,lead_lag_sector_rotation,dedup_one_position_per_ticker_per_day,,,
IDYA,2025-09-02,cpr_narrow_bullish,dedup_one_position_per_ticker_per_day,,,
IDYA,2025-09-02,camarilla_r3_breakout,dedup_one_position_per_ticker_per_day,,,
IDYA,2025-09-02,macd_crossover,dedup_one_position_per_ticker_per_day,,,
IDYA,2025-09-02,macd_fast_crossover,dedup_one_position_per_ticker_per_day,,,
IDYA,2025-09-02,hull_rsi,dedup_one_position_per_ticker_per_day,,,
IDYA,2025-09-02,ppo_crossover,dedup_one_position_per_ticker_per_day,,,
IDYA,2025-09-02,ichimoku_cloud_breakout,dedup_one_position_per_ticker_per_day,,,
IDYA,2025-09-02,adx_initiation,dedup_one_position_per_ticker_per_day,,,
IDYA,2025-09-02,supertrend_macd,dedup_one_position_per_ticker_per_day,,,
IDYA,2025-09-02,macd_ichimoku,dedup_one_position_per_ticker_per_day,,,
IDYA,2025-09-02,cpr_narrow_momentum,dedup_one_position_per_ticker_per_day,,,
IDYA,2025-09-02,bollinger_tight,dedup_one_position_per_ticker_per_day,,,
FOX,2025-09-02,(any),ticker_already_open_concurrent_block_bug61,,,
XLE,2025-09-02,hull_rsi,dedup_one_position_per_ticker_per_day,,,
XLE,2025-09-02,supertrend_macd,dedup_one_position_per_ticker_per_day,,,
XLE,2025-09-02,cpr_narrow_momentum,dedup_one_position_per_ticker_per_day,,,
XLE,2025-09-02,break_retest_confluence,dedup_one_position_per_ticker_per_day,,,
XLE,2025-09-02,stochrsi_oversold,dedup_one_position_per_ticker_per_day,,,
XLE,2025-09-02,bollinger_lower,dedup_one_position_per_ticker_per_day,,,
XLE,2025-09-02,bollinger_tight,dedup_one_position_per_ticker_per_day,,,
XLE,2025-09-02,williams_stoch_dual,dedup_one_position_per_ticker_per_day,,,
XLE,2025-09-02,stochrsi_overbought_short,dedup_one_position_per_ticker_per_day,,,
CCEP,2025-09-02,bollinger_tight,dedup_one_position_per_ticker_per_day,,,
CCEP,2025-09-02,cpr_narrow_bullish,dedup_one_position_per_ticker_per_day,,,
CCEP,2025-09-02,hull_rsi,dedup_one_position_per_ticker_per_day,,,
CCEP,2025-09-02,ichimoku_cloud_breakout,dedup_one_position_per_ticker_per_day,,,
CCEP,2025-09-02,cpr_narrow_momentum,dedup_one_position_per_ticker_per_day,,,
CCEP,2025-09-02,hull_rsi_short,dedup_one_position_per_ticker_per_day,,,
CCEP,2025-09-02,cpr_narrow_momentum_short,dedup_one_position_per_ticker_per_day,,,
CCEP,2025-09-02,r1_break_retest,dedup_one_position_per_ticker_per_day,,,
CCEP,2025-09-02,break_retest_confluence,dedup_one_position_per_ticker_per_day,,,
BAM,2025-09-02,pivot_r1_breakout,dedup_one_position_per_ticker_per_day,,,
BAM,2025-09-02,cpr_narrow_bullish,dedup_one_position_per_ticker_per_day,,,
BAM,2025-09-02,hull_rsi,dedup_one_position_per_ticker_per_day,,,
BAM,2025-09-02,cpr_narrow_momentum,dedup_one_position_per_ticker_per_day,,,
BAM,2025-09-02,hull_rsi_short,dedup_one_position_per_ticker_per_day,,,
BAM,2025-09-02,cpr_narrow_momentum_short,dedup_one_position_per_ticker_per_day,,,
BAM,2025-09-02,r1_break_retest,dedup_one_position_per_ticker_per_day,,,
BAM,2025-09-02,break_retest_confluence,dedup_one_position_per_ticker_per_day,,,
BAM,2025-09-02,lead_lag_sector_rotation,dedup_one_position_per_ticker_per_day,,,
VIVO,2025-09-02,(any),ticker_already_open_concurrent_block_bug61,,,
PSX,2025-09-02,hull_rsi,dedup_one_position_per_ticker_per_day,,,
PSX,2025-09-02,supertrend_macd,dedup_one_position_per_ticker_per_day,,,
PSX,2025-09-02,cpr_narrow_momentum,dedup_one_position_per_ticker_per_day,,,
PSX,2025-09-02,break_retest_confluence,dedup_one_position_per_ticker_per_day,,,
PSX,2025-09-02,stochrsi_oversold,dedup_one_position_per_ticker_per_day,,,
PSX,2025-09-02,bollinger_tight,dedup_one_position_per_ticker_per_day,,,
PSX,2025-09-02,williams_stoch_dual,dedup_one_position_per_ticker_per_day,,,
PSX,2025-09-02,stochrsi_overbought_short,dedup_one_position_per_ticker_per_day,,,
GNRC,2025-09-02,(any),stopout_cooldown_active_5d_dec018,,,
COGT,2025-09-03,pivot_r1_breakout,level_6_halt_dd_-0.407,,,
LCID,2025-09-03,bollinger_lower,level_6_halt_dd_-0.407,,,
BAM,2025-09-03,bollinger_tight,level_6_halt_dd_-0.407,,,
GNRC,2025-09-03,ichimoku_cloud_breakout,level_6_halt_dd_-0.407,,,
AWK,2025-09-03,williams_r_oversold,level_6_halt_dd_-0.407,,,
CCEP,2025-09-03,stochrsi_oversold,level_6_halt_dd_-0.407,,,
HST,2025-09-03,cpr_narrow_bullish,level_6_halt_dd_-0.407,,,
VIVO,2025-09-03,hull_rsi,level_6_halt_dd_-0.407,,,
PETQ,2025-09-03,pivot_s1_bounce,level_6_halt_dd_-0.407,,,
HOLX,2025-09-03,cpr_narrow_bullish,level_6_halt_dd_-0.407,,,
LCID,2025-09-04,stochrsi_oversold,level_6_halt_dd_-0.417,,,
HST,2025-09-04,pivot_r2_continuation,level_6_halt_dd_-0.417,,,
COGT,2025-09-04,cpr_narrow_bullish,level_6_halt_dd_-0.417,,,
VIVO,2025-09-04,hull_rsi,level_6_halt_dd_-0.417,,,
FOX,2025-09-04,cpr_narrow_bullish,level_6_halt_dd_-0.417,,,
PETQ,2025-09-04,pivot_s1_bounce,level_6_halt_dd_-0.417,,,
REZI,2025-09-04,pivot_r2_continuation,level_6_halt_dd_-0.417,,,
RF,2025-09-04,cpr_narrow_bullish,level_6_halt_dd_-0.417,,,
BAC,2025-09-04,cpr_narrow_bullish,level_6_halt_dd_-0.417,,,
GNRC,2025-09-04,stochrsi_oversold,level_6_halt_dd_-0.417,,,
IDYA,2025-09-05,pivot_r1_breakout,level_6_halt_dd_-0.417,,,
KULR,2025-09-05,bollinger_lower,level_6_halt_dd_-0.417,,,
FOX,2025-09-05,pivot_r2_continuation,level_6_halt_dd_-0.417,,,
BAM,2025-09-05,bollinger_tight,level_6_halt_dd_-0.417,,,
COGT,2025-09-05,cpr_narrow_bullish,level_6_halt_dd_-0.417,,,
VIVO,2025-09-05,hull_rsi,level_6_halt_dd_-0.417,,,
NVDA,2025-09-05,williams_r_oversold,level_6_halt_dd_-0.417,,,
UUUU,2025-09-05,cpr_narrow_bullish,level_6_halt_dd_-0.417,,,
PETQ,2025-09-05,pivot_s1_bounce,level_6_halt_dd_-0.417,,,
JCI,2025-09-05,macd_crossover,level_6_halt_dd_-0.417,,,
IDYA,2025-09-08,bollinger_tight,level_6_halt_dd_-0.421,,,
BHVN,2025-09-08,pivot_r1_breakout,level_6_halt_dd_-0.421,,,
BAM,2025-09-08,bollinger_lower,level_6_halt_dd_-0.421,,,
AOS,2025-09-08,cpr_narrow_bullish,level_6_halt_dd_-0.421,,,
FOX,2025-09-08,pivot_r1_breakout,level_6_halt_dd_-0.421,,,
CCEP,2025-09-08,pivot_r1_breakout,level_6_halt_dd_-0.421,,,
VIVO,2025-09-08,hull_rsi,level_6_halt_dd_-0.421,,,
PETQ,2025-09-08,pivot_s1_bounce,level_6_halt_dd_-0.421,,,
FLR,2025-09-08,tema_dema,level_6_halt_dd_-0.421,,,
CSX,2025-09-08,stochrsi_oversold,level_6_halt_dd_-0.421,,,
FOX,2025-09-09,williams_r_oversold,level_6_halt_dd_-0.421,,,
UUUU,2025-09-09,pivot_r1_breakout,level_6_halt_dd_-0.421,,,
CCEP,2025-09-09,pivot_r1_breakout,level_6_halt_dd_-0.421,,,
BAM,2025-09-09,bollinger_lower,level_6_halt_dd_-0.421,,,
HST,2025-09-09,cpr_narrow_bullish,level_6_halt_dd_-0.421,,,
VIVO,2025-09-09,hull_rsi,level_6_halt_dd_-0.421,,,
CSX,2025-09-09,macd_fast_crossover,level_6_halt_dd_-0.421,,,
VET,2025-09-09,cmf_flip,level_6_halt_dd_-0.421,,,
COGT,2025-09-09,cpr_narrow_bullish,level_6_halt_dd_-0.421,,,
PETQ,2025-09-09,pivot_s1_bounce,level_6_halt_dd_-0.421,,,
FOX,2025-09-10,ichimoku_cloud_breakout,level_6_halt_dd_-0.417,,,
AWK,2025-09-10,bollinger_lower,level_6_halt_dd_-0.417,,,
BAM,2025-09-10,stochrsi_oversold,level_6_halt_dd_-0.417,,,
BHVN,2025-09-10,stochrsi_oversold,level_6_halt_dd_-0.417,,,
JCI,2025-09-10,cpr_narrow_bullish,level_6_halt_dd_-0.417,,,
VIVO,2025-09-10,hull_rsi,level_6_halt_dd_-0.417,,,
COGT,2025-09-10,ichimoku_cloud_breakout,level_6_halt_dd_-0.417,,,
PETQ,2025-09-10,pivot_s1_bounce,level_6_halt_dd_-0.417,,,
HOLX,2025-09-10,bollinger_tight,level_6_halt_dd_-0.417,,,
HST,2025-09-10,cpr_narrow_bullish,level_6_halt_dd_-0.417,,,
AOS,2025-09-11,pivot_r1_breakout,level_6_halt_dd_-0.417,,,
RKLB,2025-09-11,cpr_narrow_bullish,level_6_halt_dd_-0.417,,,
HST,2025-09-11,cpr_narrow_bullish,level_6_halt_dd_-0.417,,,
WMB,2025-09-11,cpr_narrow_bullish,level_6_halt_dd_-0.417,,,
VIVO,2025-09-11,hull_rsi,level_6_halt_dd_-0.417,,,
COGT,2025-09-11,cpr_narrow_bullish,level_6_halt_dd_-0.417,,,
REZI,2025-09-11,cpr_narrow_bullish,level_6_halt_dd_-0.417,,,
PETQ,2025-09-11,pivot_s1_bounce,level_6_halt_dd_-0.417,,,
BHVN,2025-09-11,bollinger_tight,level_6_halt_dd_-0.417,,,
FOX,2025-09-11,camarilla_r3_breakout,level_6_halt_dd_-0.417,,,
REZI,2025-09-12,pivot_r2_continuation,level_6_halt_dd_-0.417,,,
RKLB,2025-09-12,pivot_r2_continuation,level_6_halt_dd_-0.417,,,
HOLX,2025-09-12,bollinger_lower,level_6_halt_dd_-0.417,,,
VIVO,2025-09-12,hull_rsi,level_6_halt_dd_-0.417,,,
PETQ,2025-09-12,pivot_s1_bounce,level_6_halt_dd_-0.417,,,
BHVN,2025-09-12,bollinger_tight,level_6_halt_dd_-0.417,,,
BDX,2025-09-12,bollinger_tight,level_6_halt_dd_-0.417,,,
MORF,2025-09-12,pivot_r2_continuation,level_6_halt_dd_-0.417,,,
HST,2025-09-12,ichimoku_cloud_breakout,level_6_halt_dd_-0.417,,,
CG,2025-09-12,macd_crossover,level_6_halt_dd_-0.417,,,
REZI,2025-09-15,pivot_r1_breakout,level_6_halt_dd_-0.417,,,
UUUU,2025-09-15,pivot_r2_continuation,level_6_halt_dd_-0.417,,,
AWK,2025-09-15,bollinger_lower,level_6_halt_dd_-0.417,,,
RKLB,2025-09-15,cpr_narrow_bullish,level_6_halt_dd_-0.417,,,
VIVO,2025-09-15,hull_rsi,level_6_halt_dd_-0.417,,,
CRWD,2025-09-15,cpr_narrow_bullish,level_6_halt_dd_-0.417,,,
NVDA,2025-09-15,cpr_narrow_bullish,level_6_halt_dd_-0.417,,,
PETQ,2025-09-15,pivot_s1_bounce,level_6_halt_dd_-0.417,,,
HOLX,2025-09-15,bollinger_lower,level_6_halt_dd_-0.417,,,
IFF,2025-09-15,bollinger_lower,level_6_halt_dd_-0.417,,,
REZI,2025-09-16,cpr_narrow_bullish,level_6_halt_dd_-0.417,,,
HOLX,2025-09-16,stochrsi_oversold,level_6_halt_dd_-0.417,,,
VIVO,2025-09-16,hull_rsi,level_6_halt_dd_-0.417,,,
BDX,2025-09-16,stochrsi_oversold,level_6_halt_dd_-0.417,,,
AWK,2025-09-16,bollinger_lower,level_6_halt_dd_-0.417,,,
BHVN,2025-09-16,bollinger_tight,level_6_halt_dd_-0.417,,,
PETQ,2025-09-16,pivot_s1_bounce,level_6_halt_dd_-0.417,,,
XLE,2025-09-16,cpr_narrow_bullish,level_6_halt_dd_-0.417,,,
UUUU,2025-09-16,cpr_narrow_bullish,level_6_halt_dd_-0.417,,,
CRWD,2025-09-16,cpr_narrow_bullish,level_6_halt_dd_-0.417,,,
IFF,2025-09-17,bollinger_lower,level_6_halt_dd_-0.417,,,
BAC,2025-09-17,cpr_narrow_bullish,level_6_halt_dd_-0.417,,,
UUUU,2025-09-17,cpr_narrow_bullish,level_6_halt_dd_-0.417,,,
CG,2025-09-17,pivot_r1_breakout,level_6_halt_dd_-0.417,,,
REZI,2025-09-17,cpr_narrow_bullish,level_6_halt_dd_-0.417,,,
VIVO,2025-09-17,hull_rsi,level_6_halt_dd_-0.417,,,
CRWD,2025-09-17,cpr_narrow_bullish,level_6_halt_dd_-0.417,,,
NVDA,2025-09-17,cpr_narrow_bullish,level_6_halt_dd_-0.417,,,
PETQ,2025-09-17,pivot_s1_bounce,level_6_halt_dd_-0.417,,,
HOLX,2025-09-17,cpr_narrow_bullish,level_6_halt_dd_-0.417,,,
CRWD,2025-09-18,pivot_r1_breakout,level_6_halt_dd_-0.417,,,
CG,2025-09-18,cpr_narrow_bullish,level_6_halt_dd_-0.417,,,
REZI,2025-09-18,pivot_r2_continuation,level_6_halt_dd_-0.417,,,
WMB,2025-09-18,pivot_r1_breakout,level_6_halt_dd_-0.417,,,
BAC,2025-09-18,cpr_narrow_bullish,level_6_halt_dd_-0.417,,,
UUUU,2025-09-18,cpr_narrow_bullish,level_6_halt_dd_-0.417,,,
VIVO,2025-09-18,hull_rsi,level_6_halt_dd_-0.417,,,
AWK,2025-09-18,stochrsi_oversold,level_6_halt_dd_-0.417,,,
HOLX,2025-09-18,cpr_narrow_bullish,level_6_halt_dd_-0.417,,,
PETQ,2025-09-18,pivot_s1_bounce,level_6_halt_dd_-0.417,,,
COGT,2025-09-19,ichimoku_cloud_breakout,level_6_halt_dd_-0.417,,,
REZI,2025-09-19,cpr_narrow_bullish,level_6_halt_dd_-0.417,,,
MNMD,2025-09-19,pivot_r1_breakout,level_6_halt_dd_-0.417,,,
BAC,2025-09-19,cpr_narrow_bullish,level_6_halt_dd_-0.417,,,
UUUU,2025-09-19,pivot_r2_continuation,level_6_halt_dd_-0.417,,,
SWIM,2025-09-19,stochrsi_oversold,level_6_halt_dd_-0.417,,,
FLR,2025-09-19,pivot_r1_breakout,level_6_halt_dd_-0.417,,,
VIVO,2025-09-19,hull_rsi,level_6_halt_dd_-0.417,,,
IFF,2025-09-19,bollinger_tight,level_6_halt_dd_-0.417,,,
CRWD,2025-09-19,hull_rsi,level_6_halt_dd_-0.417,,,
UUUU,2025-09-22,cpr_narrow_bullish,level_6_halt_dd_-0.417,,,
IFF,2025-09-22,bollinger_lower,level_6_halt_dd_-0.417,,,
FLR,2025-09-22,cpr_narrow_bullish,level_6_halt_dd_-0.417,,,
VIVO,2025-09-22,hull_rsi,level_6_halt_dd_-0.417,,,
FOX,2025-09-22,cpr_narrow_bullish,level_6_halt_dd_-0.417,,,
REZI,2025-09-22,hull_rsi,level_6_halt_dd_-0.417,,,
BAM,2025-09-22,cpr_narrow_bullish,level_6_halt_dd_-0.417,,,
BAC,2025-09-22,pivot_s1_bounce,level_6_halt_dd_-0.417,,,
PETQ,2025-09-22,pivot_s1_bounce,level_6_halt_dd_-0.417,,,
RF,2025-09-22,ichimoku_cloud_breakout,level_6_halt_dd_-0.417,,,
GNRC,2025-09-23,bollinger_lower,level_6_halt_dd_-0.417,,,
RKLB,2025-09-23,pivot_r1_breakout,level_6_halt_dd_-0.417,,,
UUUU,2025-09-23,pivot_r2_continuation,level_6_halt_dd_-0.417,,,
MNMD,2025-09-23,pivot_r1_breakout,level_6_halt_dd_-0.417,,,
VET,2025-09-23,pivot_r1_breakout,level_6_halt_dd_-0.417,,,
VIVO,2025-09-23,hull_rsi,level_6_halt_dd_-0.417,,,
CSX,2025-09-23,pivot_r1_breakout,level_6_halt_dd_-0.417,,,
PETQ,2025-09-23,pivot_s1_bounce,level_6_halt_dd_-0.417,,,
AOS,2025-09-23,ichimoku_cloud_breakout,level_6_halt_dd_-0.417,,,
SWIM,2025-09-23,bollinger_tight,level_6_halt_dd_-0.417,,,
UUUU,2025-09-24,cpr_narrow_bullish,level_6_halt_dd_-0.417,,,
JCI,2025-09-24,cpr_narrow_bullish,level_6_halt_dd_-0.417,,,
WMB,2025-09-24,cpr_narrow_bullish,level_6_halt_dd_-0.417,,,
VIVO,2025-09-24,hull_rsi,level_6_halt_dd_-0.417,,,
COGT,2025-09-24,cpr_narrow_bullish,level_6_halt_dd_-0.417,,,
PETQ,2025-09-24,pivot_s1_bounce,level_6_halt_dd_-0.417,,,
AOS,2025-09-24,williams_r_oversold,level_6_halt_dd_-0.417,,,
CG,2025-09-24,cpr_narrow_bullish,level_6_halt_dd_-0.417,,,
PSX,2025-09-24,cpr_narrow_bullish,level_6_halt_dd_-0.417,,,
VET,2025-09-24,cpr_narrow_bullish,level_6_halt_dd_-0.417,,,
AOS,2025-09-25,williams_r_oversold,level_6_halt_dd_-0.415,,,
GNRC,2025-09-25,bollinger_lower,level_6_halt_dd_-0.415,,,
PSX,2025-09-25,pivot_r1_breakout,level_6_halt_dd_-0.415,,,
COGT,2025-09-25,cpr_narrow_bullish,level_6_halt_dd_-0.415,,,
BDX,2025-09-25,bollinger_lower,level_6_halt_dd_-0.415,,,
VIVO,2025-09-25,hull_rsi,level_6_halt_dd_-0.415,,,
RKLB,2025-09-25,williams_r_oversold,level_6_halt_dd_-0.415,,,
JCI,2025-09-25,pivot_s1_bounce,level_6_halt_dd_-0.415,,,
SWIM,2025-09-25,bollinger_tight,level_6_halt_dd_-0.415,,,
IFF,2025-09-25,bollinger_lower,level_6_halt_dd_-0.415,,,
COGT,2025-09-26,pivot_r2_continuation,level_6_halt_dd_-0.415,,,
VET,2025-09-26,pivot_r1_breakout,level_6_halt_dd_-0.415,,,
MNMD,2025-09-26,pivot_r1_breakout,level_6_halt_dd_-0.415,,,
WMB,2025-09-26,cpr_narrow_bullish,level_6_halt_dd_-0.415,,,
VIVO,2025-09-26,hull_rsi,level_6_halt_dd_-0.415,,,
LCID,2025-09-26,cpr_narrow_bullish,level_6_halt_dd_-0.415,,,
CSX,2025-09-26,cpr_narrow_bullish,level_6_halt_dd_-0.415,,,
PSX,2025-09-26,cpr_narrow_bullish,level_6_halt_dd_-0.415,,,
UUUU,2025-09-26,cpr_narrow_bullish,level_6_halt_dd_-0.415,,,
PETQ,2025-09-26,pivot_s1_bounce,level_6_halt_dd_-0.415,,,
CSX,2025-09-29,pivot_r1_breakout,level_6_halt_dd_-0.415,,,
BAC,2025-09-29,cpr_narrow_bullish,level_6_halt_dd_-0.415,,,
MNMD,2025-09-29,pivot_r1_breakout,level_6_halt_dd_-0.415,,,
NVDA,2025-09-29,cpr_narrow_bullish,level_6_halt_dd_-0.415,,,
VIVO,2025-09-29,hull_rsi,level_6_halt_dd_-0.415,,,
WMB,2025-09-29,cpr_narrow_bullish,level_6_halt_dd_-0.415,,,
LCID,2025-09-29,cpr_narrow_bullish,level_6_halt_dd_-0.415,,,
PETQ,2025-09-29,pivot_s1_bounce,level_6_halt_dd_-0.415,,,
GNRC,2025-09-29,bollinger_tight,level_6_halt_dd_-0.415,,,
CRWD,2025-09-29,cpr_narrow_bullish,level_6_halt_dd_-0.415,,,
JCI,2025-09-30,cpr_narrow_bullish,level_6_halt_dd_-0.415,,,
BAM,2025-09-30,morning_star,level_6_halt_dd_-0.415,,,
NVDA,2025-09-30,cpr_narrow_bullish,level_6_halt_dd_-0.415,,,
CSX,2025-09-30,cpr_narrow_bullish,level_6_halt_dd_-0.415,,,
UUUU,2025-09-30,ichimoku_cloud_breakout,level_6_halt_dd_-0.415,,,
CG,2025-09-30,bollinger_tight,level_6_halt_dd_-0.415,,,
COGT,2025-09-30,cpr_narrow_bullish,level_6_halt_dd_-0.415,,,
VIVO,2025-09-30,hull_rsi,level_6_halt_dd_-0.415,,,
REZI,2025-09-30,pivot_r2_continuation,level_6_halt_dd_-0.415,,,
PETQ,2025-09-30,pivot_s1_bounce,level_6_halt_dd_-0.415,,,
MNMD,2025-10-01,pivot_r1_breakout,level_6_halt_dd_-0.415,,,
COGT,2025-10-01,cpr_narrow_bullish,level_6_halt_dd_-0.415,,,
UUUU,2025-10-01,cpr_narrow_bullish,level_6_halt_dd_-0.415,,,
CG,2025-10-01,bollinger_lower,level_6_halt_dd_-0.415,,,
VIVO,2025-10-01,hull_rsi,level_6_halt_dd_-0.415,,,
WMB,2025-10-01,cpr_narrow_bullish,level_6_halt_dd_-0.415,,,
PETQ,2025-10-01,pivot_s1_bounce,level_6_halt_dd_-0.415,,,
BAC,2025-10-01,ichimoku_cloud_breakout,level_6_halt_dd_-0.415,,,
SWIM,2025-10-01,bollinger_tight,level_6_halt_dd_-0.415,,,
HBAN,2025-10-01,bollinger_tight,level_6_halt_dd_-0.415,,,
COGT,2025-10-02,pivot_r2_continuation,level_6_halt_dd_-0.415,,,
UUUU,2025-10-02,pivot_r2_continuation,level_6_halt_dd_-0.415,,,
MNMD,2025-10-02,cpr_narrow_bullish,level_6_halt_dd_-0.415,,,
VIVO,2025-10-02,hull_rsi,level_6_halt_dd_-0.415,,,
RKLB,2025-10-02,cpr_narrow_bullish,level_6_halt_dd_-0.415,,,
AOS,2025-10-02,cpr_narrow_bullish,level_6_halt_dd_-0.415,,,
CSX,2025-10-02,cpr_narrow_bullish,level_6_halt_dd_-0.415,,,
NVDA,2025-10-02,cpr_narrow_bullish,level_6_halt_dd_-0.415,,,
PETQ,2025-10-02,pivot_s1_bounce,level_6_halt_dd_-0.415,,,
BHVN,2025-10-02,cpr_narrow_bullish,level_6_halt_dd_-0.415,,,
RKLB,2025-10-03,pivot_r1_breakout,level_6_halt_dd_-0.415,,,
MNMD,2025-10-03,cpr_narrow_bullish,level_6_halt_dd_-0.415,,,
COGT,2025-10-03,pivot_r2_continuation,level_6_halt_dd_-0.415,,,
HST,2025-10-03,bollinger_tight,level_6_halt_dd_-0.415,,,
KULR,2025-10-03,pivot_r1_breakout,level_6_halt_dd_-0.415,,,
VIVO,2025-10-03,hull_rsi,level_6_halt_dd_-0.415,,,
WMB,2025-10-03,cpr_narrow_bullish,level_6_halt_dd_-0.415,,,
VET,2025-10-03,cpr_narrow_bullish,level_6_halt_dd_-0.415,,,
IDYA,2025-10-03,cpr_narrow_bullish,level_6_halt_dd_-0.415,,,
PETQ,2025-10-03,pivot_s1_bounce,level_6_halt_dd_-0.415,,,
COGT,2025-10-06,cpr_narrow_bullish,level_6_halt_dd_-0.415,,,
CCEP,2025-10-06,stochrsi_oversold,level_6_halt_dd_-0.415,,,
CSX,2025-10-06,cpr_narrow_bullish,level_6_halt_dd_-0.415,,,
RF,2025-10-06,bollinger_lower,level_6_halt_dd_-0.415,,,
HBAN,2025-10-06,bollinger_lower,level_6_halt_dd_-0.415,,,
HST,2025-10-06,bollinger_lower,level_6_halt_dd_-0.415,,,
VIVO,2025-10-06,hull_rsi,level_6_halt_dd_-0.415,,,
AOS,2025-10-06,cpr_narrow_bullish,level_6_halt_dd_-0.415,,,
PETQ,2025-10-06,pivot_s1_bounce,level_6_halt_dd_-0.415,,,
KULR,2025-10-06,cpr_narrow_bullish,level_6_halt_dd_-0.415,,,
RKLB,2025-10-07,pivot_r2_continuation,level_6_halt_dd_-0.415,,,
AOS,2025-10-07,williams_r_oversold,level_6_halt_dd_-0.415,,,
HST,2025-10-07,bollinger_lower,level_6_halt_dd_-0.415,,,
VIVO,2025-10-07,hull_rsi,level_6_halt_dd_-0.415,,,
BDX,2025-10-07,cpr_narrow_bullish,level_6_halt_dd_-0.415,,,
PETQ,2025-10-07,pivot_s1_bounce,level_6_halt_dd_-0.415,,,
LCID,2025-10-07,supertrend_macd,level_6_halt_dd_-0.415,,,
COGT,2025-10-07,ichimoku_cloud_breakout,level_6_halt_dd_-0.415,,,
MORF,2025-10-07,pivot_r2_continuation,level_6_halt_dd_-0.415,,,
UUUU,2025-10-07,hull_rsi,level_6_halt_dd_-0.415,,,
HBAN,2025-10-08,ultimate_oscillator,level_6_halt_dd_-0.415,,,
UUUU,2025-10-08,cpr_narrow_bullish,level_6_halt_dd_-0.415,,,
MNMD,2025-10-08,pivot_r2_continuation,level_6_halt_dd_-0.415,,,
RKLB,2025-10-08,cpr_narrow_bullish,level_6_halt_dd_-0.415,,,
HST,2025-10-08,bollinger_lower,level_6_halt_dd_-0.415,,,
NVDA,2025-10-08,cpr_narrow_bullish,level_6_halt_dd_-0.415,,,
VIVO,2025-10-08,hull_rsi,level_6_halt_dd_-0.415,,,
BDX,2025-10-08,cpr_narrow_bullish,level_6_halt_dd_-0.415,,,
CCEP,2025-10-08,stochrsi_oversold,level_6_halt_dd_-0.415,,,
CG,2025-10-08,bollinger_tight,level_6_halt_dd_-0.415,,,
UUUU,2025-10-09,pivot_r1_breakout,level_6_halt_dd_-0.415,,,
COGT,2025-10-09,pivot_r2_continuation,level_6_halt_dd_-0.415,,,
HST,2025-10-09,stochrsi_oversold,level_6_halt_dd_-0.415,,,
AOS,2025-10-09,bollinger_lower,level_6_halt_dd_-0.415,,,
VIVO,2025-10-09,hull_rsi,level_6_halt_dd_-0.415,,,
JCI,2025-10-09,cpr_narrow_bullish,level_6_halt_dd_-0.415,,,
IFF,2025-10-09,supertrend_macd,level_6_halt_dd_-0.415,,,
BHVN,2025-10-09,cpr_narrow_bullish,level_6_halt_dd_-0.415,,,
NVDA,2025-10-09,cpr_narrow_bullish,level_6_halt_dd_-0.415,,,
PETQ,2025-10-09,pivot_s1_bounce,level_6_halt_dd_-0.415,,,
AOS,2025-10-10,bollinger_lower,level_6_halt_dd_-0.421,,,
HBAN,2025-10-10,bollinger_lower,level_6_halt_dd_-0.421,,,
VET,2025-10-10,bollinger_tight,level_6_halt_dd_-0.421,,,
UUUU,2025-10-10,cpr_narrow_bullish,level_6_halt_dd_-0.421,,,
RF,2025-10-10,ultimate_oscillator,level_6_halt_dd_-0.421,,,
HST,2025-10-10,bollinger_lower,level_6_halt_dd_-0.421,,,
IFF,2025-10-10,supertrend_macd,level_6_halt_dd_-0.421,,,
COGT,2025-10-10,cpr_narrow_bullish,level_6_halt_dd_-0.421,,,
CG,2025-10-10,bollinger_lower,level_6_halt_dd_-0.421,,,
BAC,2025-10-10,ultimate_oscillator,level_6_halt_dd_-0.421,,,
UUUU,2025-10-13,pivot_r1_breakout,level_6_halt_dd_-0.421,,,
RF,2025-10-13,stochrsi_oversold,level_6_halt_dd_-0.421,,,
HOLX,2025-10-13,bollinger_tight,level_6_halt_dd_-0.421,,,
BAC,2025-10-13,stochrsi_oversold,level_6_halt_dd_-0.421,,,
VIVO,2025-10-13,hull_rsi,level_6_halt_dd_-0.421,,,
COGT,2025-10-13,cpr_narrow_bullish,level_6_halt_dd_-0.421,,,
AOS,2025-10-13,stochrsi_oversold,level_6_halt_dd_-0.421,,,
BDX,2025-10-13,cpr_narrow_bullish,level_6_halt_dd_-0.421,,,
PETQ,2025-10-13,pivot_s1_bounce,level_6_halt_dd_-0.421,,,
HBAN,2025-10-13,bollinger_lower,level_6_halt_dd_-0.421,,,
UUUU,2025-10-14,pivot_r1_breakout,level_6_halt_dd_-0.421,,,
TNXP,2025-10-14,stochrsi_oversold,level_6_halt_dd_-0.421,,,
VIVO,2025-10-14,hull_rsi,level_6_halt_dd_-0.421,,,
RKLB,2025-10-14,cpr_narrow_bullish,level_6_halt_dd_-0.421,,,
CSX,2025-10-14,pivot_r2_continuation,level_6_halt_dd_-0.421,,,
AWK,2025-10-14,cpr_narrow_bullish,level_6_halt_dd_-0.421,,,
PETQ,2025-10-14,pivot_s1_bounce,level_6_halt_dd_-0.421,,,
MNMD,2025-10-14,cpr_narrow_bullish,level_6_halt_dd_-0.421,,,
NVDA,2025-10-14,cpr_narrow_bullish,level_6_halt_dd_-0.421,,,
HOLX,2025-10-14,bollinger_tight,level_6_halt_dd_-0.421,,,
IDYA,2025-10-15,cpr_narrow_bullish,level_6_halt_dd_-0.421,,,
GNRC,2025-10-15,pivot_r1_breakout,level_6_halt_dd_-0.421,,,
JCI,2025-10-15,cpr_narrow_bullish,level_6_halt_dd_-0.421,,,
FLR,2025-10-15,pivot_r1_breakout,level_6_halt_dd_-0.421,,,
TNXP,2025-10-15,stochrsi_oversold,level_6_halt_dd_-0.421,,,
COGT,2025-10-15,pivot_r2_continuation,level_6_halt_dd_-0.421,,,
VIVO,2025-10-15,hull_rsi,level_6_halt_dd_-0.421,,,
UUUU,2025-10-15,cpr_narrow_bullish,level_6_halt_dd_-0.421,,,
RF,2025-10-15,bollinger_tight,level_6_halt_dd_-0.421,,,
RKLB,2025-10-15,cpr_narrow_bullish,level_6_halt_dd_-0.421,,,
RF,2025-10-16,bollinger_lower,level_6_halt_dd_-0.421,,,
TNXP,2025-10-16,bollinger_lower,level_6_halt_dd_-0.421,,,
HBAN,2025-10-16,bollinger_tight,level_6_halt_dd_-0.421,,,
BDX,2025-10-16,pivot_r1_breakout,level_6_halt_dd_-0.421,,,
GNRC,2025-10-16,cpr_narrow_bullish,level_6_halt_dd_-0.421,,,
XLE,2025-10-16,bollinger_tight,level_6_halt_dd_-0.421,,,
BAM,2025-10-16,bollinger_lower,level_6_halt_dd_-0.421,,,
VIVO,2025-10-16,hull_rsi,level_6_halt_dd_-0.421,,,
HST,2025-10-16,cpr_narrow_bullish,level_6_halt_dd_-0.421,,,
VET,2025-10-16,bollinger_tight,level_6_halt_dd_-0.421,,,
MNMD,2025-10-17,pivot_r1_breakout,level_6_halt_dd_-0.421,,,
IDYA,2025-10-17,pivot_r1_breakout,level_6_halt_dd_-0.421,,,
AWK,2025-10-17,cpr_narrow_bullish,level_6_halt_dd_-0.421,,,
RF,2025-10-17,bollinger_tight,level_6_halt_dd_-0.421,,,
HOLX,2025-10-17,pivot_r1_breakout,level_6_halt_dd_-0.421,,,
HBAN,2025-10-17,bollinger_tight,level_6_halt_dd_-0.421,,,
KULR,2025-10-17,cpr_narrow_bullish,level_6_halt_dd_-0.421,,,
VIVO,2025-10-17,hull_rsi,level_6_halt_dd_-0.421,,,
COGT,2025-10-17,cpr_narrow_bullish,level_6_halt_dd_-0.421,,,
PETQ,2025-10-17,pivot_s1_bounce,level_6_halt_dd_-0.421,,,
AWK,2025-10-20,cpr_narrow_bullish,level_6_halt_dd_-0.421,,,
HOLX,2025-10-20,pivot_r1_breakout,level_6_halt_dd_-0.421,,,
GNRC,2025-10-20,pivot_r2_continuation,level_6_halt_dd_-0.421,,,
BHVN,2025-10-20,cpr_narrow_bullish,level_6_halt_dd_-0.421,,,
RKLB,2025-10-20,cpr_narrow_bullish,level_6_halt_dd_-0.421,,,
VIVO,2025-10-20,hull_rsi,level_6_halt_dd_-0.421,,,
IFF,2025-10-20,cpr_narrow_bullish,level_6_halt_dd_-0.421,,,
IDYA,2025-10-20,cpr_narrow_bullish,level_6_halt_dd_-0.421,,,
UUUU,2025-10-20,cpr_narrow_bullish,level_6_halt_dd_-0.421,,,
COGT,2025-10-20,parabolic_sar_flip,level_6_halt_dd_-0.421,,,
HOLX,2025-10-21,pivot_r1_breakout,level_6_halt_dd_-0.421,,,
FLR,2025-10-21,pivot_r1_breakout,level_6_halt_dd_-0.421,,,
IFF,2025-10-21,cpr_narrow_bullish,level_6_halt_dd_-0.421,,,
CCEP,2025-10-21,cpr_narrow_bullish,level_6_halt_dd_-0.421,,,
VIVO,2025-10-21,hull_rsi,level_6_halt_dd_-0.421,,,
PETQ,2025-10-21,pivot_s1_bounce,level_6_halt_dd_-0.421,,,
BAM,2025-10-21,bollinger_tight,level_6_halt_dd_-0.421,,,
LCID,2025-10-21,bollinger_tight,level_6_halt_dd_-0.421,,,
JCI,2025-10-21,hull_rsi,level_6_halt_dd_-0.421,,,
KULR,2025-10-21,cpr_narrow_bullish,level_6_halt_dd_-0.421,,,
IFF,2025-10-22,cpr_narrow_bullish,level_6_halt_dd_-0.421,,,
COGT,2025-10-22,ichimoku_cloud_breakout,level_6_halt_dd_-0.421,,,
RKLB,2025-10-22,ichimoku_cloud_breakout,level_6_halt_dd_-0.421,,,
BAM,2025-10-22,bollinger_tight,level_6_halt_dd_-0.421,,,
RF,2025-10-22,macd_fast_crossover,level_6_halt_dd_-0.421,,,
VIVO,2025-10-22,hull_rsi,level_6_halt_dd_-0.421,,,
LCID,2025-10-22,bollinger_lower,level_6_halt_dd_-0.421,,,
CCEP,2025-10-22,cpr_narrow_bullish,level_6_halt_dd_-0.421,,,
PETQ,2025-10-22,pivot_s1_bounce,level_6_halt_dd_-0.421,,,
HBAN,2025-10-22,inside_bar_breakout,level_6_halt_dd_-0.421,,,
WMB,2025-10-23,bollinger_lower,level_6_halt_dd_-0.421,,,
HOLX,2025-10-23,pivot_s1_bounce,level_6_halt_dd_-0.421,,,
COGT,2025-10-23,ichimoku_cloud_breakout,level_6_halt_dd_-0.421,,,
VIVO,2025-10-23,hull_rsi,level_6_halt_dd_-0.421,,,
IFF,2025-10-23,hull_rsi,level_6_halt_dd_-0.421,,,
BAM,2025-10-23,bollinger_tight,level_6_halt_dd_-0.421,,,
PETQ,2025-10-23,pivot_s1_bounce,level_6_halt_dd_-0.421,,,
JCI,2025-10-23,cpr_narrow_bullish,level_6_halt_dd_-0.421,,,
GNRC,2025-10-23,cpr_narrow_bullish,level_6_halt_dd_-0.421,,,
XLE,2025-10-23,pivot_r1_breakout,level_6_halt_dd_-0.421,,,
WMB,2025-10-24,bollinger_lower,level_6_halt_dd_-0.421,,,
VIVO,2025-10-24,hull_rsi,level_6_halt_dd_-0.421,,,
JCI,2025-10-24,cpr_narrow_bullish,level_6_halt_dd_-0.421,,,
HOLX,2025-10-24,cpr_narrow_bullish,level_6_halt_dd_-0.421,,,
PETQ,2025-10-24,pivot_s1_bounce,level_6_halt_dd_-0.421,,,
IFF,2025-10-24,cpr_narrow_bullish,level_6_halt_dd_-0.421,,,
LCID,2025-10-24,stochrsi_oversold,level_6_halt_dd_-0.421,,,
IDYA,2025-10-24,cpr_narrow_bullish,level_6_halt_dd_-0.421,,,
COGT,2025-10-24,cpr_narrow_bullish,level_6_halt_dd_-0.421,,,
BDX,2025-10-24,stochrsi_oversold,level_6_halt_dd_-0.421,,,
IDYA,2025-10-27,pivot_r1_breakout,level_6_halt_dd_-0.421,,,
AWK,2025-10-27,pivot_r1_breakout,level_6_halt_dd_-0.421,,,
WMB,2025-10-27,bollinger_lower,level_6_halt_dd_-0.421,,,
UUUU,2025-10-27,ichimoku_cloud_breakout,level_6_halt_dd_-0.421,,,
VIVO,2025-10-27,hull_rsi,level_6_halt_dd_-0.421,,,
HBAN,2025-10-27,morning_star,level_6_halt_dd_-0.421,,,
JCI,2025-10-27,cpr_narrow_bullish,level_6_halt_dd_-0.421,,,
CRWD,2025-10-27,cpr_narrow_bullish,level_6_halt_dd_-0.421,,,
PETQ,2025-10-27,pivot_s1_bounce,level_6_halt_dd_-0.421,,,
NVDA,2025-10-27,cpr_narrow_bullish,level_6_halt_dd_-0.421,,,
AWK,2025-10-28,bollinger_lower,level_6_halt_dd_-0.421,,,
AOS,2025-10-28,bollinger_tight,level_6_halt_dd_-0.421,,,
CRWD,2025-10-28,cpr_narrow_bullish,level_6_halt_dd_-0.421,,,
WMB,2025-10-28,stochrsi_oversold,level_6_halt_dd_-0.421,,,
HBAN,2025-10-28,cpr_narrow_bullish,level_6_halt_dd_-0.421,,,
NVDA,2025-10-28,pivot_r1_breakout,level_6_halt_dd_-0.421,,,
VIVO,2025-10-28,hull_rsi,level_6_halt_dd_-0.421,,,
REZI,2025-10-28,macd_crossover,level_6_halt_dd_-0.421,,,
BDX,2025-10-28,bollinger_tight,level_6_halt_dd_-0.421,,,
PETQ,2025-10-28,pivot_s1_bounce,level_6_halt_dd_-0.421,,,
AWK,2025-10-29,bollinger_lower,level_6_halt_dd_-0.425,,,
HBAN,2025-10-29,bollinger_tight,level_6_halt_dd_-0.425,,,
BHVN,2025-10-29,cpr_narrow_bullish,level_6_halt_dd_-0.425,,,
WMB,2025-10-29,bollinger_lower,level_6_halt_dd_-0.425,,,
CRWD,2025-10-29,cpr_narrow_bullish,level_6_halt_dd_-0.425,,,
HOLX,2025-10-29,cpr_narrow_bullish,level_6_halt_dd_-0.425,,,
VIVO,2025-10-29,hull_rsi,level_6_halt_dd_-0.425,,,
GNRC,2025-10-29,supertrend_macd,level_6_halt_dd_-0.425,,,
SWIM,2025-10-29,cpr_narrow_bullish,level_6_halt_dd_-0.425,,,
AOS,2025-10-29,bollinger_lower,level_6_halt_dd_-0.425,,,
BDX,2025-10-30,stochrsi_oversold,level_6_halt_dd_-0.425,,,
GNRC,2025-10-30,cpr_narrow_bullish,level_6_halt_dd_-0.425,,,
AWK,2025-10-30,bollinger_tight,level_6_halt_dd_-0.425,,,
FOX,2025-10-30,pivot_r1_breakout,level_6_halt_dd_-0.425,,,
SWIM,2025-10-30,bollinger_tight,level_6_halt_dd_-0.425,,,
HST,2025-10-30,bollinger_tight,level_6_halt_dd_-0.425,,,
VIVO,2025-10-30,hull_rsi,level_6_halt_dd_-0.425,,,
JCI,2025-10-30,cpr_narrow_bullish,level_6_halt_dd_-0.425,,,
PETQ,2025-10-30,pivot_s1_bounce,level_6_halt_dd_-0.425,,,
CCEP,2025-10-30,cpr_narrow_bullish,level_6_halt_dd_-0.425,,,
MNMD,2025-10-31,pivot_r1_breakout,level_6_halt_dd_-0.425,,,
CG,2025-10-31,bollinger_lower,level_6_halt_dd_-0.425,,,
BDX,2025-10-31,bollinger_lower,level_6_halt_dd_-0.425,,,
CRWD,2025-10-31,cpr_narrow_bullish,level_6_halt_dd_-0.425,,,
VIVO,2025-10-31,hull_rsi,level_6_halt_dd_-0.425,,,
PETQ,2025-10-31,pivot_s1_bounce,level_6_halt_dd_-0.425,,,
HOLX,2025-10-31,ichimoku_cloud_breakout,level_6_halt_dd_-0.425,,,
GNRC,2025-10-31,cpr_narrow_bullish,level_6_halt_dd_-0.425,,,
AOS,2025-10-31,bollinger_tight,level_6_halt_dd_-0.425,,,
BAC,2025-10-31,cpr_narrow_bullish,level_6_halt_dd_-0.425,,,
BHVN,2025-11-03,pivot_r1_breakout,dedup_one_position_per_ticker_per_day,,,
BHVN,2025-11-03,pivot_r2_continuation,dedup_one_position_per_ticker_per_day,,,
BHVN,2025-11-03,cpr_narrow_bullish,dedup_one_position_per_ticker_per_day,,,
BHVN,2025-11-03,camarilla_r3_breakout,dedup_one_position_per_ticker_per_day,,,
BHVN,2025-11-03,prev_day_high_break,dedup_one_position_per_ticker_per_day,,,
BHVN,2025-11-03,macd_crossover,dedup_one_position_per_ticker_per_day,,,
BHVN,2025-11-03,hull_rsi,dedup_one_position_per_ticker_per_day,,,
BHVN,2025-11-03,ppo_crossover,dedup_one_position_per_ticker_per_day,,,
BHVN,2025-11-03,parabolic_sar_flip,dedup_one_position_per_ticker_per_day,,,
BHVN,2025-11-03,tema_dema,dedup_one_position_per_ticker_per_day,,,
BHVN,2025-11-03,adx_initiation,dedup_one_position_per_ticker_per_day,,,
BHVN,2025-11-03,force_index_breakout,dedup_one_position_per_ticker_per_day,,,
BHVN,2025-11-03,macd_ichimoku,dedup_one_position_per_ticker_per_day,,,
BHVN,2025-11-03,cpr_narrow_momentum,dedup_one_position_per_ticker_per_day,,,
BHVN,2025-11-03,parabolic_sar_flip_short,dedup_one_position_per_ticker_per_day,,,
BHVN,2025-11-03,macd_crossover_short,dedup_one_position_per_ticker_per_day,,,
BHVN,2025-11-03,hull_rsi_short,dedup_one_position_per_ticker_per_day,,,
BHVN,2025-11-03,prev_day_low_breakdown,dedup_one_position_per_ticker_per_day,,,
BHVN,2025-11-03,cpr_narrow_momentum_short,dedup_one_position_per_ticker_per_day,,,
BHVN,2025-11-03,lead_lag_sector_rotation,dedup_one_position_per_ticker_per_day,,,
CCEP,2025-11-03,(any),ticker_already_open_concurrent_block_bug61,,,
IFF,2025-11-03,cpr_narrow_bullish,dedup_one_position_per_ticker_per_day,,,
IFF,2025-11-03,prev_day_high_break,dedup_one_position_per_ticker_per_day,,,
IFF,2025-11-03,macd_crossover,dedup_one_position_per_ticker_per_day,,,
IFF,2025-11-03,hull_rsi,dedup_one_position_per_ticker_per_day,,,
IFF,2025-11-03,roc_burst,dedup_one_position_per_ticker_per_day,,,
IFF,2025-11-03,macd_ichimoku,dedup_one_position_per_ticker_per_day,,,
IFF,2025-11-03,cpr_narrow_momentum,dedup_one_position_per_ticker_per_day,,,
IFF,2025-11-03,macd_crossover_short,dedup_one_position_per_ticker_per_day,,,
IFF,2025-11-03,hull_rsi_short,dedup_one_position_per_ticker_per_day,,,
IFF,2025-11-03,prev_day_low_breakdown,dedup_one_position_per_ticker_per_day,,,
IFF,2025-11-03,cpr_narrow_momentum_short,dedup_one_position_per_ticker_per_day,,,
MNMD,2025-11-03,adx_initiation,dedup_one_position_per_ticker_per_day,,,
MNMD,2025-11-03,pivot_r1_breakout,dedup_one_position_per_ticker_per_day,,,
MNMD,2025-11-03,macd_crossover,dedup_one_position_per_ticker_per_day,,,
MNMD,2025-11-03,macd_fast_crossover,dedup_one_position_per_ticker_per_day,,,
MNMD,2025-11-03,ppo_crossover,dedup_one_position_per_ticker_per_day,,,
MNMD,2025-11-03,parabolic_sar_flip,dedup_one_position_per_ticker_per_day,,,
MNMD,2025-11-03,tema_dema,dedup_one_position_per_ticker_per_day,,,
MNMD,2025-11-03,force_index_breakout,dedup_one_position_per_ticker_per_day,,,
MNMD,2025-11-03,parabolic_sar_flip_short,dedup_one_position_per_ticker_per_day,,,
MNMD,2025-11-03,macd_crossover_short,dedup_one_position_per_ticker_per_day,,,
CG,2025-11-03,bollinger_tight,dedup_one_position_per_ticker_per_day,,,
CG,2025-11-03,morning_star,dedup_one_position_per_ticker_per_day,,,
CG,2025-11-03,cpr_narrow_bullish,dedup_one_position_per_ticker_per_day,,,
CG,2025-11-03,camarilla_r3_breakout,dedup_one_position_per_ticker_per_day,,,
CG,2025-11-03,hull_rsi,dedup_one_position_per_ticker_per_day,,,
CG,2025-11-03,cpr_narrow_momentum,dedup_one_position_per_ticker_per_day,,,
CG,2025-11-03,hull_rsi_short,dedup_one_position_per_ticker_per_day,,,
CG,2025-11-03,cpr_narrow_momentum_short,dedup_one_position_per_ticker_per_day,,,
CG,2025-11-03,lead_lag_sector_rotation,dedup_one_position_per_ticker_per_day,,,
AWK,2025-11-03,cpr_narrow_bullish,dedup_one_position_per_ticker_per_day,,,
AWK,2025-11-03,hull_rsi,dedup_one_position_per_ticker_per_day,,,
AWK,2025-11-03,ichimoku_tk_cross,dedup_one_position_per_ticker_per_day,,,
AWK,2025-11-03,ichimoku_cloud_breakout,dedup_one_position_per_ticker_per_day,,,
AWK,2025-11-03,cpr_narrow_momentum,dedup_one_position_per_ticker_per_day,,,
AWK,2025-11-03,ichimoku_cloud_breakdown,dedup_one_position_per_ticker_per_day,,,
AWK,2025-11-03,hull_rsi_short,dedup_one_position_per_ticker_per_day,,,
AWK,2025-11-03,cpr_narrow_momentum_short,dedup_one_position_per_ticker_per_day,,,
AWK,2025-11-03,break_retest_confluence,dedup_one_position_per_ticker_per_day,,,
BDX,2025-11-03,bollinger_tight,dedup_one_position_per_ticker_per_day,,,
BDX,2025-11-03,williams_stoch_dual,dedup_one_position_per_ticker_per_day,,,
BDX,2025-11-03,cpr_narrow_bullish,dedup_one_position_per_ticker_per_day,,,
BDX,2025-11-03,hull_rsi,dedup_one_position_per_ticker_per_day,,,
BDX,2025-11-03,cpr_narrow_momentum,dedup_one_position_per_ticker_per_day,,,
BDX,2025-11-03,hull_rsi_short,dedup_one_position_per_ticker_per_day,,,
BDX,2025-11-03,cpr_narrow_momentum_short,dedup_one_position_per_ticker_per_day,,,
BDX,2025-11-03,break_retest_confluence,dedup_one_position_per_ticker_per_day,,,
BDX,2025-11-03,lead_lag_sector_rotation,dedup_one_position_per_ticker_per_day,,,
AOS,2025-11-03,williams_stoch_dual,dedup_one_position_per_ticker_per_day,,,
AOS,2025-11-03,cpr_narrow_bullish,dedup_one_position_per_ticker_per_day,,,
AOS,2025-11-03,hull_rsi,dedup_one_position_per_ticker_per_day,,,
AOS,2025-11-03,ichimoku_cloud_breakout,dedup_one_position_per_ticker_per_day,,,
AOS,2025-11-03,cpr_narrow_momentum,dedup_one_position_per_ticker_per_day,,,
AOS,2025-11-03,hull_rsi_short,dedup_one_position_per_ticker_per_day,,,
AOS,2025-11-03,cpr_narrow_momentum_short,dedup_one_position_per_ticker_per_day,,,
AOS,2025-11-03,break_retest_confluence,dedup_one_position_per_ticker_per_day,,,
AOS,2025-11-03,lead_lag_sector_rotation,dedup_one_position_per_ticker_per_day,,,
BAC,2025-11-03,hull_rsi,dedup_one_position_per_ticker_per_day,,,
BAC,2025-11-03,cpr_narrow_momentum,dedup_one_position_per_ticker_per_day,,,
BAC,2025-11-03,52wh_break_retest,dedup_one_position_per_ticker_per_day,,,
BAC,2025-11-03,break_retest_confluence,dedup_one_position_per_ticker_per_day,,,
BAC,2025-11-03,stochrsi_oversold,dedup_one_position_per_ticker_per_day,,,
BAC,2025-11-03,bollinger_tight,dedup_one_position_per_ticker_per_day,,,
BAC,2025-11-03,williams_stoch_dual,dedup_one_position_per_ticker_per_day,,,
BAC,2025-11-03,stochrsi_overbought_short,dedup_one_position_per_ticker_per_day,,,
PSX,2025-11-03,(any),ticker_already_open_concurrent_block_bug61,,,
WMB,2025-11-04,bollinger_tight,level_6_halt_dd_-0.425,,,
CG,2025-11-04,bollinger_lower,level_6_halt_dd_-0.425,,,
AOS,2025-11-04,bollinger_tight,level_6_halt_dd_-0.425,,,
BHVN,2025-11-04,bollinger_lower,level_6_halt_dd_-0.425,,,
TNXP,2025-11-04,supertrend_macd,level_6_halt_dd_-0.425,,,
VIVO,2025-11-04,hull_rsi,level_6_halt_dd_-0.425,,,
REZI,2025-11-04,ichimoku_cloud_breakout,level_6_halt_dd_-0.425,,,
HOLX,2025-11-04,cpr_narrow_bullish,level_6_halt_dd_-0.425,,,
PETQ,2025-11-04,pivot_s1_bounce,level_6_halt_dd_-0.425,,,
RKLB,2025-11-04,ichimoku_cloud_breakout,level_6_halt_dd_-0.425,,,
BHVN,2025-11-05,bollinger_lower,level_6_halt_dd_-0.468,,,
JCI,2025-11-05,pivot_r1_breakout,level_6_halt_dd_-0.468,,,
BDX,2025-11-05,stochrsi_oversold,level_6_halt_dd_-0.468,,,
SWIM,2025-11-05,stochrsi_oversold,level_6_halt_dd_-0.468,,,
VIVO,2025-11-05,hull_rsi,level_6_halt_dd_-0.468,,,
MNMD,2025-11-05,stochrsi_oversold,level_6_halt_dd_-0.468,,,
UUUU,2025-11-05,stochrsi_oversold,level_6_halt_dd_-0.468,,,
HOLX,2025-11-05,cpr_narrow_bullish,level_6_halt_dd_-0.468,,,
PETQ,2025-11-05,pivot_s1_bounce,level_6_halt_dd_-0.468,,,
COGT,2025-11-05,bollinger_tight,level_6_halt_dd_-0.468,,,
REZI,2025-11-06,ultimate_oscillator,level_6_halt_dd_-0.468,,,
BHVN,2025-11-06,stochrsi_oversold,level_6_halt_dd_-0.468,,,
HST,2025-11-06,pivot_r1_breakout,level_6_halt_dd_-0.468,,,
RKLB,2025-11-06,bollinger_lower,level_6_halt_dd_-0.468,,,
UUUU,2025-11-06,stochrsi_oversold,level_6_halt_dd_-0.468,,,
VET,2025-11-06,pivot_r1_breakout,level_6_halt_dd_-0.468,,,
SWIM,2025-11-06,bollinger_lower,level_6_halt_dd_-0.468,,,
GNRC,2025-11-06,bollinger_tight,level_6_halt_dd_-0.468,,,
VIVO,2025-11-06,hull_rsi,level_6_halt_dd_-0.468,,,
KULR,2025-11-06,stochrsi_oversold,level_6_halt_dd_-0.468,,,
REZI,2025-11-07,williams_r_oversold,level_6_halt_dd_-0.478,,,
BHVN,2025-11-07,bollinger_tight,level_6_halt_dd_-0.478,,,
FOX,2025-11-07,cpr_narrow_bullish,level_6_halt_dd_-0.478,,,
RF,2025-11-07,pivot_r2_continuation,level_6_halt_dd_-0.478,,,
JCI,2025-11-07,cpr_narrow_bullish,level_6_halt_dd_-0.478,,,
SWIM,2025-11-07,camarilla_r3_breakout,level_6_halt_dd_-0.478,,,
VET,2025-11-07,pivot_r1_breakout,level_6_halt_dd_-0.478,,,
HST,2025-11-07,pivot_r1_breakout,level_6_halt_dd_-0.478,,,
VIVO,2025-11-07,hull_rsi,level_6_halt_dd_-0.478,,,
TNXP,2025-11-07,supertrend_macd,level_6_halt_dd_-0.478,,,
COGT,2025-11-10,pivot_r1_breakout,level_6_halt_dd_-0.478,,,
HST,2025-11-10,cpr_narrow_bullish,level_6_halt_dd_-0.478,,,
FOX,2025-11-10,cpr_narrow_bullish,level_6_halt_dd_-0.478,,,
REZI,2025-11-10,ultimate_oscillator,level_6_halt_dd_-0.478,,,
BHVN,2025-11-10,bollinger_tight,level_6_halt_dd_-0.478,,,
JCI,2025-11-10,cpr_narrow_bullish,level_6_halt_dd_-0.478,,,
CRWD,2025-11-10,cpr_narrow_bullish,level_6_halt_dd_-0.478,,,
VIVO,2025-11-10,hull_rsi,level_6_halt_dd_-0.478,,,
PETQ,2025-11-10,pivot_s1_bounce,level_6_halt_dd_-0.478,,,
HBAN,2025-11-10,hull_rsi,level_6_halt_dd_-0.478,,,
REZI,2025-11-11,stochrsi_oversold,level_6_halt_dd_-0.478,,,
VIVO,2025-11-11,hull_rsi,level_6_halt_dd_-0.478,,,
PSX,2025-11-11,cpr_narrow_bullish,level_6_halt_dd_-0.478,,,
BHVN,2025-11-11,stochrsi_oversold,level_6_halt_dd_-0.478,,,
CSX,2025-11-11,bollinger_tight,level_6_halt_dd_-0.478,,,
RKLB,2025-11-11,bollinger_tight,level_6_halt_dd_-0.478,,,
XLE,2025-11-11,cpr_narrow_bullish,level_6_halt_dd_-0.478,,,
FOX,2025-11-11,cpr_narrow_bullish,level_6_halt_dd_-0.478,,,
BDX,2025-11-11,cpr_narrow_bullish,level_6_halt_dd_-0.478,,,
PETQ,2025-11-11,pivot_s1_bounce,level_6_halt_dd_-0.478,,,
BHVN,2025-11-12,stochrsi_oversold,level_6_halt_dd_-0.478,,,
JCI,2025-11-12,cpr_narrow_bullish,level_6_halt_dd_-0.478,,,
LCID,2025-11-12,pivot_r1_breakout,level_6_halt_dd_-0.478,,,
REZI,2025-11-12,pivot_r2_continuation,level_6_halt_dd_-0.478,,,
FOX,2025-11-12,cpr_narrow_bullish,level_6_halt_dd_-0.478,,,
VIVO,2025-11-12,hull_rsi,level_6_halt_dd_-0.478,,,
BAC,2025-11-12,cpr_narrow_bullish,level_6_halt_dd_-0.478,,,
HST,2025-11-12,cpr_narrow_bullish,level_6_halt_dd_-0.478,,,
PETQ,2025-11-12,pivot_s1_bounce,level_6_halt_dd_-0.478,,,
COGT,2025-11-12,cpr_narrow_bullish,level_6_halt_dd_-0.478,,,
RKLB,2025-11-13,ultimate_oscillator,level_6_halt_dd_-0.487,,,
UUUU,2025-11-13,williams_r_oversold,level_6_halt_dd_-0.487,,,
TNXP,2025-11-13,supertrend_macd,level_6_halt_dd_-0.487,,,
KULR,2025-11-13,bollinger_tight,level_6_halt_dd_-0.487,,,
BAM,2025-11-13,bollinger_lower,level_6_halt_dd_-0.487,,,
LCID,2025-11-13,bollinger_lower,level_6_halt_dd_-0.487,,,
VIVO,2025-11-13,hull_rsi,level_6_halt_dd_-0.487,,,
BHVN,2025-11-13,cpr_narrow_bullish,level_6_halt_dd_-0.487,,,
CSX,2025-11-13,bollinger_tight,level_6_halt_dd_-0.487,,,
SWIM,2025-11-13,bollinger_tight,level_6_halt_dd_-0.487,,,
SWIM,2025-11-14,stochrsi_oversold,level_6_halt_dd_-0.487,,,
BAM,2025-11-14,bollinger_lower,level_6_halt_dd_-0.487,,,
PSX,2025-11-14,pivot_r2_continuation,level_6_halt_dd_-0.487,,,
RKLB,2025-11-14,ultimate_oscillator,level_6_halt_dd_-0.487,,,
KULR,2025-11-14,bollinger_tight,level_6_halt_dd_-0.487,,,
VET,2025-11-14,cpr_narrow_bullish,level_6_halt_dd_-0.487,,,
VIVO,2025-11-14,hull_rsi,level_6_halt_dd_-0.487,,,
BDX,2025-11-14,hull_rsi,level_6_halt_dd_-0.487,,,
LCID,2025-11-14,bollinger_lower,level_6_halt_dd_-0.487,,,
PETQ,2025-11-14,pivot_s1_bounce,level_6_halt_dd_-0.487,,,
SWIM,2025-11-17,stochrsi_oversold,level_6_halt_dd_-0.487,,,
HOLX,2025-11-17,ichimoku_cloud_breakout,level_6_halt_dd_-0.487,,,
BAM,2025-11-17,bollinger_lower,level_6_halt_dd_-0.487,,,
KULR,2025-11-17,stochrsi_oversold,level_6_halt_dd_-0.487,,,
GNRC,2025-11-17,bollinger_tight,level_6_halt_dd_-0.487,,,
AOS,2025-11-17,bollinger_lower,level_6_halt_dd_-0.487,,,
CSX,2025-11-17,bollinger_lower,level_6_halt_dd_-0.487,,,
RKLB,2025-11-17,bollinger_tight,level_6_halt_dd_-0.487,,,
FLR,2025-11-17,bollinger_lower,level_6_halt_dd_-0.487,,,
IDYA,2025-11-17,cpr_narrow_bullish,level_6_halt_dd_-0.487,,,
BAM,2025-11-18,stochrsi_oversold,level_6_halt_dd_-0.487,,,
RKLB,2025-11-18,ultimate_oscillator,level_6_halt_dd_-0.487,,,
VET,2025-11-18,cpr_narrow_bullish,level_6_halt_dd_-0.487,,,
VIVO,2025-11-18,hull_rsi,level_6_halt_dd_-0.487,,,
LCID,2025-11-18,bollinger_tight,level_6_halt_dd_-0.487,,,
GNRC,2025-11-18,stochrsi_oversold,level_6_halt_dd_-0.487,,,
COGT,2025-11-18,ichimoku_tk_cross,level_6_halt_dd_-0.487,,,
PETQ,2025-11-18,pivot_s1_bounce,level_6_halt_dd_-0.487,,,
FLR,2025-11-18,stochrsi_oversold,level_6_halt_dd_-0.487,,,
AOS,2025-11-18,bollinger_lower,level_6_halt_dd_-0.487,,,
SWIM,2025-11-19,stochrsi_oversold,level_6_halt_dd_-0.487,,,
LCID,2025-11-19,bollinger_tight,level_6_halt_dd_-0.487,,,
KULR,2025-11-19,bollinger_tight,level_6_halt_dd_-0.487,,,
COGT,2025-11-19,cpr_narrow_bullish,level_6_halt_dd_-0.487,,,
VIVO,2025-11-19,hull_rsi,level_6_halt_dd_-0.487,,,
CSX,2025-11-19,bollinger_lower,level_6_halt_dd_-0.487,,,
PETQ,2025-11-19,pivot_s1_bounce,level_6_halt_dd_-0.487,,,
PSX,2025-11-19,cpr_narrow_bullish,level_6_halt_dd_-0.487,,,
REZI,2025-11-19,stochrsi_oversold,level_6_halt_dd_-0.487,,,
VET,2025-11-19,cpr_narrow_bullish,level_6_halt_dd_-0.487,,,
UUUU,2025-11-20,bollinger_tight,level_6_halt_dd_-0.487,,,
CSX,2025-11-20,bollinger_lower,level_6_halt_dd_-0.487,,,
RKLB,2025-11-20,ultimate_oscillator,level_6_halt_dd_-0.487,,,
LCID,2025-11-20,bollinger_tight,level_6_halt_dd_-0.487,,,
KULR,2025-11-20,bollinger_tight,level_6_halt_dd_-0.487,,,
TNXP,2025-11-20,supertrend_macd,level_6_halt_dd_-0.487,,,
HOLX,2025-11-20,ichimoku_cloud_breakout,level_6_halt_dd_-0.487,,,
SWIM,2025-11-20,bollinger_tight,level_6_halt_dd_-0.487,,,
GNRC,2025-11-20,parabolic_sar_flip,level_6_halt_dd_-0.487,,,
VIVO,2025-11-20,hull_rsi,level_6_halt_dd_-0.487,,,
IFF,2025-11-21,cpr_narrow_bullish,level_6_halt_dd_-0.487,,,
VIVO,2025-11-21,hull_rsi,level_6_halt_dd_-0.487,,,
HOLX,2025-11-21,pivot_r2_continuation,level_6_halt_dd_-0.487,,,
KULR,2025-11-21,bollinger_tight,level_6_halt_dd_-0.487,,,
IDYA,2025-11-21,cpr_narrow_bullish,level_6_halt_dd_-0.487,,,
PETQ,2025-11-21,pivot_s1_bounce,level_6_halt_dd_-0.487,,,
AWK,2025-11-21,pivot_r1_breakout,level_6_halt_dd_-0.487,,,
MORF,2025-11-21,pivot_r2_continuation,level_6_halt_dd_-0.487,,,
COGT,2025-11-21,ichimoku_cloud_breakout,level_6_halt_dd_-0.487,,,
HBAN,2025-11-21,cpr_narrow_bullish,level_6_halt_dd_-0.487,,,
SWIM,2025-11-24,pivot_r2_continuation,level_6_halt_dd_-0.487,,,
TNXP,2025-11-24,supertrend_macd,level_6_halt_dd_-0.487,,,
VIVO,2025-11-24,hull_rsi,level_6_halt_dd_-0.487,,,
COGT,2025-11-24,cpr_narrow_bullish,level_6_halt_dd_-0.487,,,
IDYA,2025-11-24,cpr_narrow_bullish,level_6_halt_dd_-0.487,,,
PETQ,2025-11-24,pivot_s1_bounce,level_6_halt_dd_-0.487,,,
IFF,2025-11-24,cpr_narrow_bullish,level_6_halt_dd_-0.487,,,
CCEP,2025-11-24,cpr_narrow_bullish,level_6_halt_dd_-0.487,,,
HOLX,2025-11-24,pivot_r2_continuation,level_6_halt_dd_-0.487,,,
MORF,2025-11-24,pivot_r2_continuation,level_6_halt_dd_-0.487,,,
HBAN,2025-11-25,pivot_r1_breakout,level_6_halt_dd_-0.487,,,
IFF,2025-11-25,cpr_narrow_bullish,level_6_halt_dd_-0.487,,,
IDYA,2025-11-25,cpr_narrow_bullish,level_6_halt_dd_-0.487,,,
TNXP,2025-11-25,bollinger_lower,level_6_halt_dd_-0.487,,,
VIVO,2025-11-25,hull_rsi,level_6_halt_dd_-0.487,,,
COGT,2025-11-25,cpr_narrow_bullish,level_6_halt_dd_-0.487,,,
PETQ,2025-11-25,pivot_s1_bounce,level_6_halt_dd_-0.487,,,
NVDA,2025-11-25,bollinger_tight,level_6_halt_dd_-0.487,,,
RF,2025-11-25,cpr_narrow_bullish,level_6_halt_dd_-0.487,,,
MORF,2025-11-25,pivot_r2_continuation,level_6_halt_dd_-0.487,,,
IDYA,2025-11-26,cpr_narrow_bullish,level_6_halt_dd_-0.487,,,
IFF,2025-11-26,cpr_narrow_bullish,level_6_halt_dd_-0.487,,,
HOLX,2025-11-26,hull_rsi,level_6_halt_dd_-0.487,,,
VIVO,2025-11-26,hull_rsi,level_6_halt_dd_-0.487,,,
SWIM,2025-11-26,cpr_narrow_bullish,level_6_halt_dd_-0.487,,,
HBAN,2025-11-26,cpr_narrow_bullish,level_6_halt_dd_-0.487,,,
COGT,2025-11-26,cpr_narrow_bullish,level_6_halt_dd_-0.487,,,
PETQ,2025-11-26,pivot_s1_bounce,level_6_halt_dd_-0.487,,,
AOS,2025-11-26,pivot_r1_breakout,level_6_halt_dd_-0.487,,,
REZI,2025-11-26,pivot_r2_continuation,level_6_halt_dd_-0.487,,,
IDYA,2025-11-27,cpr_narrow_bullish,level_6_halt_dd_-0.487,,,
IFF,2025-11-27,cpr_narrow_bullish,level_6_halt_dd_-0.487,,,
HOLX,2025-11-27,hull_rsi,level_6_halt_dd_-0.487,,,
VIVO,2025-11-27,hull_rsi,level_6_halt_dd_-0.487,,,
SWIM,2025-11-27,cpr_narrow_bullish,level_6_halt_dd_-0.487,,,
HBAN,2025-11-27,cpr_narrow_bullish,level_6_halt_dd_-0.487,,,
COGT,2025-11-27,cpr_narrow_bullish,level_6_halt_dd_-0.487,,,
PETQ,2025-11-27,pivot_s1_bounce,level_6_halt_dd_-0.487,,,
AOS,2025-11-27,pivot_r1_breakout,level_6_halt_dd_-0.487,,,
REZI,2025-11-27,pivot_r2_continuation,level_6_halt_dd_-0.487,,,
VET,2025-11-28,pivot_r2_continuation,level_6_halt_dd_-0.487,,,
KULR,2025-11-28,pivot_r1_breakout,level_6_halt_dd_-0.487,,,
HOLX,2025-11-28,cpr_narrow_bullish,level_6_halt_dd_-0.487,,,
HBAN,2025-11-28,cpr_narrow_bullish,level_6_halt_dd_-0.487,,,
VIVO,2025-11-28,hull_rsi,level_6_halt_dd_-0.487,,,
BAC,2025-11-28,cpr_narrow_bullish,level_6_halt_dd_-0.487,,,
COGT,2025-11-28,cpr_narrow_bullish,level_6_halt_dd_-0.487,,,
IDYA,2025-11-28,hull_rsi,level_6_halt_dd_-0.487,,,
PETQ,2025-11-28,pivot_s1_bounce,level_6_halt_dd_-0.487,,,
IFF,2025-11-28,cpr_narrow_bullish,level_6_halt_dd_-0.487,,,
XLE,2025-12-01,cpr_narrow_bullish,level_6_halt_dd_-0.487,,,
VIVO,2025-12-01,hull_rsi,level_6_halt_dd_-0.487,,,
HBAN,2025-12-01,cpr_narrow_bullish,level_6_halt_dd_-0.487,,,
IFF,2025-12-01,pivot_s1_bounce,level_6_halt_dd_-0.487,,,
PETQ,2025-12-01,pivot_s1_bounce,level_6_halt_dd_-0.487,,,
WMB,2025-12-01,cpr_narrow_bullish,level_6_halt_dd_-0.487,,,
COGT,2025-12-01,ichimoku_cloud_breakout,level_6_halt_dd_-0.487,,,
HOLX,2025-12-01,hull_rsi,level_6_halt_dd_-0.487,,,
KULR,2025-12-01,hull_rsi,level_6_halt_dd_-0.487,,,
RKLB,2025-12-01,cpr_narrow_bullish,level_6_halt_dd_-0.487,,,
VIVO,2025-12-02,hull_rsi,level_6_halt_dd_-0.487,,,
IDYA,2025-12-02,ichimoku_cloud_breakout,level_6_halt_dd_-0.487,,,
HBAN,2025-12-02,cpr_narrow_bullish,level_6_halt_dd_-0.487,,,
PETQ,2025-12-02,pivot_s1_bounce,level_6_halt_dd_-0.487,,,
KULR,2025-12-02,cpr_narrow_bullish,level_6_halt_dd_-0.487,,,
HOLX,2025-12-02,ichimoku_cloud_breakout,level_6_halt_dd_-0.487,,,
MORF,2025-12-02,pivot_r2_continuation,level_6_halt_dd_-0.487,,,
RF,2025-12-02,cpr_narrow_bullish,level_6_halt_dd_-0.487,,,
CRWD,2025-12-02,cpr_narrow_bullish,level_6_halt_dd_-0.487,,,
SWIM,2025-12-02,hull_rsi,level_6_halt_dd_-0.487,,,
CSX,2025-12-03,cpr_narrow_bullish,level_6_halt_dd_-0.487,,,
RF,2025-12-03,cpr_narrow_bullish,level_6_halt_dd_-0.487,,,
VIVO,2025-12-03,hull_rsi,level_6_halt_dd_-0.487,,,
HOLX,2025-12-03,cpr_narrow_bullish,level_6_halt_dd_-0.487,,,
REZI,2025-12-03,cpr_narrow_bullish,level_6_halt_dd_-0.487,,,
HBAN,2025-12-03,cpr_narrow_bullish,level_6_halt_dd_-0.487,,,
AOS,2025-12-03,cpr_narrow_bullish,level_6_halt_dd_-0.487,,,
CG,2025-12-03,cpr_narrow_bullish,level_6_halt_dd_-0.487,,,
COGT,2025-12-03,cpr_narrow_bullish,level_6_halt_dd_-0.487,,,
PETQ,2025-12-03,pivot_s1_bounce,level_6_halt_dd_-0.487,,,
KULR,2025-12-04,pivot_r1_breakout,level_6_halt_dd_-0.487,,,
WMB,2025-12-04,pivot_r1_breakout,level_6_halt_dd_-0.487,,,
VIVO,2025-12-04,hull_rsi,level_6_halt_dd_-0.487,,,
IDYA,2025-12-04,pivot_r2_continuation,level_6_halt_dd_-0.487,,,
PETQ,2025-12-04,pivot_s1_bounce,level_6_halt_dd_-0.487,,,
XLE,2025-12-04,cpr_narrow_bullish,level_6_halt_dd_-0.487,,,
CSX,2025-12-04,hull_rsi,level_6_halt_dd_-0.487,,,
HBAN,2025-12-04,hull_rsi,level_6_halt_dd_-0.487,,,
AOS,2025-12-04,cpr_narrow_bullish,level_6_halt_dd_-0.487,,,
HOLX,2025-12-04,ichimoku_cloud_breakout,level_6_halt_dd_-0.487,,,
KULR,2025-12-05,cpr_narrow_bullish,level_6_halt_dd_-0.487,,,
FOX,2025-12-05,cpr_narrow_bullish,level_6_halt_dd_-0.487,,,
VIVO,2025-12-05,hull_rsi,level_6_halt_dd_-0.487,,,
IDYA,2025-12-05,cpr_narrow_bullish,level_6_halt_dd_-0.487,,,
HOLX,2025-12-05,cpr_narrow_bullish,level_6_halt_dd_-0.487,,,
CG,2025-12-05,cpr_narrow_bullish,level_6_halt_dd_-0.487,,,
CSX,2025-12-05,cpr_narrow_bullish,level_6_halt_dd_-0.487,,,
HBAN,2025-12-05,golden_cross_20_50,level_6_halt_dd_-0.487,,,
AOS,2025-12-05,cpr_narrow_bullish,level_6_halt_dd_-0.487,,,
PETQ,2025-12-05,pivot_s1_bounce,level_6_halt_dd_-0.487,,,
TNXP,2025-12-08,cpr_narrow_bullish,level_6_halt_dd_-0.487,,,
MNMD,2025-12-08,pivot_r1_breakout,level_6_halt_dd_-0.487,,,
VIVO,2025-12-08,hull_rsi,level_6_halt_dd_-0.487,,,
RKLB,2025-12-08,pivot_r2_continuation,level_6_halt_dd_-0.487,,,
KULR,2025-12-08,cpr_narrow_bullish,level_6_halt_dd_-0.487,,,
BDX,2025-12-08,cpr_narrow_bullish,level_6_halt_dd_-0.487,,,
IFF,2025-12-08,stochrsi_oversold,level_6_halt_dd_-0.487,,,
CSX,2025-12-08,cpr_narrow_bullish,level_6_halt_dd_-0.487,,,
PETQ,2025-12-08,pivot_s1_bounce,level_6_halt_dd_-0.487,,,
HBAN,2025-12-08,ichimoku_cloud_breakout,level_6_halt_dd_-0.487,,,
HOLX,2025-12-09,cpr_narrow_bullish,level_6_halt_dd_-0.487,,,
CG,2025-12-09,pivot_r1_breakout,level_6_halt_dd_-0.487,,,
FOX,2025-12-09,cpr_narrow_bullish,level_6_halt_dd_-0.487,,,
RF,2025-12-09,cpr_narrow_bullish,level_6_halt_dd_-0.487,,,
KULR,2025-12-09,cpr_narrow_bullish,level_6_halt_dd_-0.487,,,
HBAN,2025-12-09,cpr_narrow_bullish,level_6_halt_dd_-0.487,,,
VIVO,2025-12-09,hull_rsi,level_6_halt_dd_-0.487,,,
SWIM,2025-12-09,morning_star,level_6_halt_dd_-0.487,,,
PETQ,2025-12-09,pivot_s1_bounce,level_6_halt_dd_-0.487,,,
RKLB,2025-12-09,cpr_narrow_bullish,level_6_halt_dd_-0.487,,,
HBAN,2025-12-10,pivot_r2_continuation,level_6_halt_dd_-0.487,,,
RKLB,2025-12-10,pivot_r1_breakout,level_6_halt_dd_-0.487,,,
CG,2025-12-10,pivot_r1_breakout,level_6_halt_dd_-0.487,,,
RF,2025-12-10,cpr_narrow_bullish,level_6_halt_dd_-0.487,,,
CSX,2025-12-10,cpr_narrow_bullish,level_6_halt_dd_-0.487,,,
BDX,2025-12-10,cpr_narrow_bullish,level_6_halt_dd_-0.487,,,
FOX,2025-12-10,cpr_narrow_bullish,level_6_halt_dd_-0.487,,,
VIVO,2025-12-10,hull_rsi,level_6_halt_dd_-0.487,,,
TNXP,2025-12-10,cpr_narrow_bullish,level_6_halt_dd_-0.487,,,
XLE,2025-12-10,cpr_narrow_bullish,level_6_halt_dd_-0.487,,,
RKLB,2025-12-11,pivot_r1_breakout,level_6_halt_dd_-0.487,,,
FOX,2025-12-11,cpr_narrow_bullish,level_6_halt_dd_-0.487,,,
IFF,2025-12-11,bollinger_tight,level_6_halt_dd_-0.487,,,
HBAN,2025-12-11,hull_rsi,level_6_halt_dd_-0.487,,,
RF,2025-12-11,cpr_narrow_bullish,level_6_halt_dd_-0.487,,,
VIVO,2025-12-11,hull_rsi,level_6_halt_dd_-0.487,,,
AOS,2025-12-11,cpr_narrow_bullish,level_6_halt_dd_-0.487,,,
HST,2025-12-11,cpr_narrow_bullish,level_6_halt_dd_-0.487,,,
CSX,2025-12-11,cpr_narrow_bullish,level_6_halt_dd_-0.487,,,
PETQ,2025-12-11,pivot_s1_bounce,level_6_halt_dd_-0.487,,,
HBAN,2025-12-12,cpr_narrow_bullish,level_6_halt_dd_-0.487,,,
AOS,2025-12-12,cpr_narrow_bullish,level_6_halt_dd_-0.487,,,
NVDA,2025-12-12,bollinger_lower,level_6_halt_dd_-0.487,,,
CSX,2025-12-12,cpr_narrow_bullish,level_6_halt_dd_-0.487,,,
RKLB,2025-12-12,cpr_narrow_bullish,level_6_halt_dd_-0.487,,,
BAC,2025-12-12,cpr_narrow_bullish,level_6_halt_dd_-0.487,,,
VIVO,2025-12-12,hull_rsi,level_6_halt_dd_-0.487,,,
REZI,2025-12-12,cpr_narrow_bullish,level_6_halt_dd_-0.487,,,
HST,2025-12-12,cpr_narrow_bullish,level_6_halt_dd_-0.487,,,
FOX,2025-12-12,hull_rsi,level_6_halt_dd_-0.487,,,
VIVO,2025-12-15,hull_rsi,level_6_halt_dd_-0.487,,,
HOLX,2025-12-15,pivot_r2_continuation,level_6_halt_dd_-0.487,,,
BAC,2025-12-15,cpr_narrow_bullish,level_6_halt_dd_-0.487,,,
REZI,2025-12-15,cpr_narrow_bullish,level_6_halt_dd_-0.487,,,
IDYA,2025-12-15,ichimoku_cloud_breakout,level_6_halt_dd_-0.487,,,
KULR,2025-12-15,adx_initiation,level_6_halt_dd_-0.487,,,
LCID,2025-12-15,supertrend_macd,level_6_halt_dd_-0.487,,,
SWIM,2025-12-15,cpr_narrow_bullish,level_6_halt_dd_-0.487,,,
HST,2025-12-15,cpr_narrow_bullish,level_6_halt_dd_-0.487,,,
PETQ,2025-12-15,pivot_s1_bounce,level_6_halt_dd_-0.487,,,
PSX,2025-12-16,williams_r_oversold,level_6_halt_dd_-0.487,,,
VET,2025-12-16,bollinger_lower,level_6_halt_dd_-0.487,,,
XLE,2025-12-16,bollinger_lower,level_6_halt_dd_-0.487,,,
VIVO,2025-12-16,hull_rsi,level_6_halt_dd_-0.487,,,
WMB,2025-12-16,bollinger_tight,level_6_halt_dd_-0.487,,,
LCID,2025-12-16,supertrend_macd,level_6_halt_dd_-0.487,,,
CCEP,2025-12-16,cpr_narrow_bullish,level_6_halt_dd_-0.487,,,
PETQ,2025-12-16,pivot_s1_bounce,level_6_halt_dd_-0.487,,,
MORF,2025-12-16,pivot_r2_continuation,level_6_halt_dd_-0.487,,,
IDYA,2025-12-16,cpr_narrow_bullish,level_6_halt_dd_-0.487,,,
GNRC,2025-12-17,pivot_r1_breakout,level_6_halt_dd_-0.487,,,
CRWD,2025-12-17,williams_r_oversold,level_6_halt_dd_-0.487,,,
UUUU,2025-12-17,williams_r_oversold,level_6_halt_dd_-0.487,,,
NVDA,2025-12-17,williams_r_oversold,level_6_halt_dd_-0.487,,,
HBAN,2025-12-17,cpr_narrow_bullish,level_6_halt_dd_-0.487,,,
RF,2025-12-17,cpr_narrow_bullish,level_6_halt_dd_-0.487,,,
FOX,2025-12-17,cpr_narrow_bullish,level_6_halt_dd_-0.487,,,
VIVO,2025-12-17,hull_rsi,level_6_halt_dd_-0.487,,,
FLR,2025-12-17,cpr_narrow_bullish,level_6_halt_dd_-0.487,,,
HST,2025-12-17,cpr_narrow_bullish,level_6_halt_dd_-0.487,,,
GNRC,2025-12-18,bollinger_tight,level_6_halt_dd_-0.489,,,
PSX,2025-12-18,bollinger_lower,level_6_halt_dd_-0.489,,,
KULR,2025-12-18,adx_initiation,level_6_halt_dd_-0.489,,,
XLE,2025-12-18,bollinger_tight,level_6_halt_dd_-0.489,,,
VIVO,2025-12-18,hull_rsi,level_6_halt_dd_-0.489,,,
VET,2025-12-18,bollinger_lower,level_6_halt_dd_-0.489,,,
WMB,2025-12-18,morning_star,level_6_halt_dd_-0.489,,,
FOX,2025-12-18,cpr_narrow_bullish,level_6_halt_dd_-0.489,,,
RKLB,2025-12-18,pivot_r2_continuation,level_6_halt_dd_-0.489,,,
PETQ,2025-12-18,pivot_s1_bounce,level_6_halt_dd_-0.489,,,
RKLB,2025-12-19,pivot_r1_breakout,level_6_halt_dd_-0.489,,,
JCI,2025-12-19,pivot_r1_breakout,level_6_halt_dd_-0.489,,,
FOX,2025-12-19,cpr_narrow_bullish,level_6_halt_dd_-0.489,,,
BAC,2025-12-19,pivot_r1_breakout,level_6_halt_dd_-0.489,,,
RF,2025-12-19,cpr_narrow_bullish,level_6_halt_dd_-0.489,,,
REZI,2025-12-19,pivot_r1_breakout,level_6_halt_dd_-0.489,,,
HBAN,2025-12-19,cpr_narrow_bullish,level_6_halt_dd_-0.489,,,
VIVO,2025-12-19,hull_rsi,level_6_halt_dd_-0.489,,,
GNRC,2025-12-19,stochrsi_oversold,level_6_halt_dd_-0.489,,,
TNXP,2025-12-19,supertrend_macd,level_6_halt_dd_-0.489,,,
RKLB,2025-12-22,pivot_r1_breakout,level_6_halt_dd_-0.489,,,
FOX,2025-12-22,pivot_r2_continuation,level_6_halt_dd_-0.489,,,
CG,2025-12-22,pivot_r2_continuation,level_6_halt_dd_-0.489,,,
HBAN,2025-12-22,pivot_r2_continuation,level_6_halt_dd_-0.489,,,
VIVO,2025-12-22,hull_rsi,level_6_halt_dd_-0.489,,,
PSX,2025-12-22,stochrsi_oversold,level_6_halt_dd_-0.489,,,
XLE,2025-12-22,stochrsi_oversold,level_6_halt_dd_-0.489,,,
JCI,2025-12-22,cpr_narrow_bullish,level_6_halt_dd_-0.489,,,
RF,2025-12-22,cpr_narrow_bullish,level_6_halt_dd_-0.489,,,
PETQ,2025-12-22,pivot_s1_bounce,level_6_halt_dd_-0.489,,,
VIVO,2025-12-23,hull_rsi,level_6_halt_dd_-0.489,,,
JCI,2025-12-23,cpr_narrow_bullish,level_6_halt_dd_-0.489,,,
MNMD,2025-12-23,pivot_r1_breakout,level_6_halt_dd_-0.489,,,
BAC,2025-12-23,cpr_narrow_bullish,level_6_halt_dd_-0.489,,,
PETQ,2025-12-23,pivot_s1_bounce,level_6_halt_dd_-0.489,,,
SWIM,2025-12-23,bollinger_tight,level_6_halt_dd_-0.489,,,
CG,2025-12-23,cpr_narrow_bullish,level_6_halt_dd_-0.489,,,
RKLB,2025-12-23,cpr_narrow_bullish,level_6_halt_dd_-0.489,,,
TNXP,2025-12-23,cpr_narrow_bullish,level_6_halt_dd_-0.489,,,
MORF,2025-12-23,pivot_r2_continuation,level_6_halt_dd_-0.489,,,
PSX,2025-12-24,ultimate_oscillator,level_6_halt_dd_-0.489,,,
FOX,2025-12-24,cpr_narrow_bullish,level_6_halt_dd_-0.489,,,
BAC,2025-12-24,cpr_narrow_bullish,level_6_halt_dd_-0.489,,,
HOLX,2025-12-24,ichimoku_cloud_breakout,level_6_halt_dd_-0.489,,,
VIVO,2025-12-24,hull_rsi,level_6_halt_dd_-0.489,,,
RF,2025-12-24,cpr_narrow_bullish,level_6_halt_dd_-0.489,,,
PETQ,2025-12-24,pivot_s1_bounce,level_6_halt_dd_-0.489,,,
RKLB,2025-12-24,cpr_narrow_bullish,level_6_halt_dd_-0.489,,,
SWIM,2025-12-24,stochrsi_oversold,level_6_halt_dd_-0.489,,,
MORF,2025-12-24,pivot_r2_continuation,level_6_halt_dd_-0.489,,,
PSX,2025-12-25,ultimate_oscillator,level_6_halt_dd_-0.489,,,
FOX,2025-12-25,cpr_narrow_bullish,level_6_halt_dd_-0.489,,,
BAC,2025-12-25,cpr_narrow_bullish,level_6_halt_dd_-0.489,,,
HOLX,2025-12-25,ichimoku_cloud_breakout,level_6_halt_dd_-0.489,,,
VIVO,2025-12-25,hull_rsi,level_6_halt_dd_-0.489,,,
RF,2025-12-25,cpr_narrow_bullish,level_6_halt_dd_-0.489,,,
PETQ,2025-12-25,pivot_s1_bounce,level_6_halt_dd_-0.489,,,
RKLB,2025-12-25,cpr_narrow_bullish,level_6_halt_dd_-0.489,,,
SWIM,2025-12-25,stochrsi_oversold,level_6_halt_dd_-0.489,,,
MORF,2025-12-25,pivot_r2_continuation,level_6_halt_dd_-0.489,,,
JCI,2025-12-26,cpr_narrow_bullish,level_6_halt_dd_-0.489,,,
FOX,2025-12-26,pivot_r2_continuation,level_6_halt_dd_-0.489,,,
VIVO,2025-12-26,hull_rsi,level_6_halt_dd_-0.489,,,
NVDA,2025-12-26,cpr_narrow_bullish,level_6_halt_dd_-0.489,,,
PETQ,2025-12-26,pivot_s1_bounce,level_6_halt_dd_-0.489,,,
TNXP,2025-12-26,williams_stoch_dual,level_6_halt_dd_-0.489,,,
RF,2025-12-26,cpr_narrow_bullish,level_6_halt_dd_-0.489,,,
HBAN,2025-12-26,ichimoku_cloud_breakout,level_6_halt_dd_-0.489,,,
GNRC,2025-12-26,stochrsi_oversold,level_6_halt_dd_-0.489,,,
MORF,2025-12-26,pivot_r2_continuation,level_6_halt_dd_-0.489,,,
KULR,2025-12-29,adx_initiation,level_6_halt_dd_-0.489,,,
MNMD,2025-12-29,cpr_narrow_bullish,level_6_halt_dd_-0.489,,,
VIVO,2025-12-29,hull_rsi,level_6_halt_dd_-0.489,,,
GNRC,2025-12-29,williams_stoch_dual,level_6_halt_dd_-0.489,,,
PETQ,2025-12-29,pivot_s1_bounce,level_6_halt_dd_-0.489,,,
CRWD,2025-12-29,macd_fast_crossover,level_6_halt_dd_-0.489,,,
JCI,2025-12-29,cpr_narrow_bullish,level_6_halt_dd_-0.489,,,
LCID,2025-12-29,stochrsi_oversold,level_6_halt_dd_-0.489,,,
MORF,2025-12-29,pivot_r2_continuation,level_6_halt_dd_-0.489,,,
COGT,2025-12-29,williams_r_oversold,level_6_halt_dd_-0.489,,,
VIVO,2025-12-30,hull_rsi,level_6_halt_dd_-0.489,,,
FOX,2025-12-30,hull_rsi,level_6_halt_dd_-0.489,,,
PETQ,2025-12-30,pivot_s1_bounce,level_6_halt_dd_-0.489,,,
LCID,2025-12-30,stochrsi_oversold,level_6_halt_dd_-0.489,,,
GNRC,2025-12-30,stochrsi_oversold,level_6_halt_dd_-0.489,,,
MORF,2025-12-30,pivot_r2_continuation,level_6_halt_dd_-0.489,,,
IFF,2025-12-30,cpr_narrow_bullish,level_6_halt_dd_-0.489,,,
COGT,2025-12-30,williams_r_oversold,level_6_halt_dd_-0.489,,,
TNXP,2025-12-30,bollinger_tight,level_6_halt_dd_-0.489,,,
KULR,2025-12-30,cpr_narrow_bullish,level_6_halt_dd_-0.489,,,
LCID,2025-12-31,supertrend_macd,level_6_halt_dd_-0.489,,,
COGT,2025-12-31,williams_r_oversold,level_6_halt_dd_-0.489,,,
VIVO,2025-12-31,hull_rsi,level_6_halt_dd_-0.489,,,
CCEP,2025-12-31,cpr_narrow_bullish,level_6_halt_dd_-0.489,,,
FLR,2025-12-31,bollinger_tight,level_6_halt_dd_-0.489,,,
PETQ,2025-12-31,pivot_s1_bounce,level_6_halt_dd_-0.489,,,
FOX,2025-12-31,ichimoku_cloud_breakout,level_6_halt_dd_-0.489,,,
HST,2025-12-31,williams_r_oversold,level_6_halt_dd_-0.489,,,
CRWD,2025-12-31,morning_star,level_6_halt_dd_-0.489,,,
GNRC,2025-12-31,williams_stoch_dual,level_6_halt_dd_-0.489,,,
LCID,2026-01-01,supertrend_macd,level_6_halt_dd_-0.489,,,
COGT,2026-01-01,williams_r_oversold,level_6_halt_dd_-0.489,,,
VIVO,2026-01-01,hull_rsi,level_6_halt_dd_-0.489,,,
CCEP,2026-01-01,cpr_narrow_bullish,level_6_halt_dd_-0.489,,,
FLR,2026-01-01,bollinger_tight,level_6_halt_dd_-0.489,,,
PETQ,2026-01-01,pivot_s1_bounce,level_6_halt_dd_-0.489,,,
FOX,2026-01-01,ichimoku_cloud_breakout,level_6_halt_dd_-0.489,,,
HST,2026-01-01,williams_r_oversold,level_6_halt_dd_-0.489,,,
CRWD,2026-01-01,morning_star,level_6_halt_dd_-0.489,,,
GNRC,2026-01-01,williams_stoch_dual,level_6_halt_dd_-0.489,,,
ALMS,2026-01-02,williams_r_oversold,level_6_halt_dd_-0.489,,,
FOX,2026-01-02,cpr_narrow_bullish,level_6_halt_dd_-0.489,,,
CCEP,2026-01-02,bollinger_lower,level_6_halt_dd_-0.489,,,
MNMD,2026-01-02,cpr_narrow_bullish,level_6_halt_dd_-0.489,,,
AWK,2026-01-02,cpr_narrow_bullish,level_6_halt_dd_-0.489,,,
VIVO,2026-01-02,hull_rsi,level_6_halt_dd_-0.489,,,
COGT,2026-01-02,williams_r_oversold,level_6_halt_dd_-0.489,,,
UUUU,2026-01-02,pivot_r1_breakout,level_6_halt_dd_-0.489,,,
RKLB,2026-01-02,pivot_r2_continuation,level_6_halt_dd_-0.489,,,
JCI,2026-01-02,cpr_narrow_bullish,level_6_halt_dd_-0.489,,,
XLE,2026-01-05,(any),ticker_already_open_concurrent_block_bug61,,,
TNXP,2026-01-05,bollinger_tight,dedup_one_position_per_ticker_per_day,,,
TNXP,2026-01-05,pivot_r1_breakout,dedup_one_position_per_ticker_per_day,,,
TNXP,2026-01-05,cpr_narrow_bullish,dedup_one_position_per_ticker_per_day,,,
TNXP,2026-01-05,prev_day_high_break,dedup_one_position_per_ticker_per_day,,,
TNXP,2026-01-05,hull_rsi,dedup_one_position_per_ticker_per_day,,,
TNXP,2026-01-05,donchian_10_breakout,dedup_one_position_per_ticker_per_day,,,
TNXP,2026-01-05,cpr_narrow_momentum,dedup_one_position_per_ticker_per_day,,,
TNXP,2026-01-05,hull_rsi_short,dedup_one_position_per_ticker_per_day,,,
TNXP,2026-01-05,donchian_breakdown_short,dedup_one_position_per_ticker_per_day,,,
TNXP,2026-01-05,prev_day_low_breakdown,dedup_one_position_per_ticker_per_day,,,
TNXP,2026-01-05,cpr_narrow_momentum_short,dedup_one_position_per_ticker_per_day,,,
CG,2026-01-05,(any),ticker_already_open_concurrent_block_bug61,,,
NDSN,2026-01-05,cpr_narrow_bullish,dedup_one_position_per_ticker_per_day,,,
NDSN,2026-01-05,macd_fast_crossover,dedup_one_position_per_ticker_per_day,,,
NDSN,2026-01-05,hull_rsi,dedup_one_position_per_ticker_per_day,,,
NDSN,2026-01-05,ichimoku_cloud_breakout,dedup_one_position_per_ticker_per_day,,,
NDSN,2026-01-05,supertrend_macd,dedup_one_position_per_ticker_per_day,,,
NDSN,2026-01-05,cpr_narrow_momentum,dedup_one_position_per_ticker_per_day,,,
NDSN,2026-01-05,r1_break_retest,dedup_one_position_per_ticker_per_day,,,
NDSN,2026-01-05,break_retest_confluence,dedup_one_position_per_ticker_per_day,,,
NDSN,2026-01-05,bollinger_tight,dedup_one_position_per_ticker_per_day,,,
NDSN,2026-01-05,lead_lag_sector_rotation,dedup_one_position_per_ticker_per_day,,,
ALMS,2026-01-05,williams_r_oversold,gap_up_167.1pct_exceeds_2.0x_atr_limit,8.31,22.2,0.7132
ALMS,2026-01-05,bollinger_tight,gap_up_167.1pct_exceeds_1.0x_atr_limit,8.31,22.2,0.7132
ALMS,2026-01-05,supertrend_ichimoku_adx,gap_up_167.1pct_exceeds_1.5x_atr_limit,8.31,22.2,0.7132
ALMS,2026-01-05,pivot_r1_breakout,short_adverse_gap_up_167.1pct_exceeds_1.0x_atr_limit,8.31,22.2,0.7132
ALMS,2026-01-05,cpr_narrow_bullish,short_adverse_gap_up_167.1pct_exceeds_1.0x_atr_limit,8.31,22.2,0.7132
ALMS,2026-01-05,hull_rsi,short_adverse_gap_up_167.1pct_exceeds_2.0x_atr_limit,8.31,22.2,0.7132
ALMS,2026-01-05,adx_initiation,short_adverse_gap_up_167.1pct_exceeds_1.5x_atr_limit,8.31,22.2,0.7132
ALMS,2026-01-05,cpr_narrow_momentum,short_adverse_gap_up_167.1pct_exceeds_1.5x_atr_limit,8.31,22.2,0.7132
ALMS,2026-01-05,hull_rsi_short,short_adverse_gap_up_167.1pct_exceeds_2.0x_atr_limit,8.31,22.2,0.7132
ALMS,2026-01-05,cpr_narrow_momentum_short,short_adverse_gap_up_167.1pct_exceeds_1.5x_atr_limit,8.31,22.2,0.7132
ALMS,2026-01-05,lead_lag_sector_rotation,gap_up_167.1pct_exceeds_1.5x_atr_limit,8.31,22.2,0.7132
BHVN,2026-01-05,cpr_narrow_bullish,dedup_one_position_per_ticker_per_day,,,
BHVN,2026-01-05,macd_crossover,dedup_one_position_per_ticker_per_day,,,
BHVN,2026-01-05,hull_rsi,dedup_one_position_per_ticker_per_day,,,
BHVN,2026-01-05,force_index_breakout,dedup_one_position_per_ticker_per_day,,,
BHVN,2026-01-05,macd_ichimoku,dedup_one_position_per_ticker_per_day,,,
BHVN,2026-01-05,cpr_narrow_momentum,dedup_one_position_per_ticker_per_day,,,
BHVN,2026-01-05,macd_crossover_short,dedup_one_position_per_ticker_per_day,,,
BHVN,2026-01-05,hull_rsi_short,dedup_one_position_per_ticker_per_day,,,
BHVN,2026-01-05,cpr_narrow_momentum_short,dedup_one_position_per_ticker_per_day,,,
BHVN,2026-01-05,lead_lag_sector_rotation,dedup_one_position_per_ticker_per_day,,,
FOX,2026-01-05,macd_fast_crossover,dedup_one_position_per_ticker_per_day,,,
FOX,2026-01-05,hull_rsi,dedup_one_position_per_ticker_per_day,,,
FOX,2026-01-05,ichimoku_cloud_breakout,dedup_one_position_per_ticker_per_day,,,
FOX,2026-01-05,supertrend_macd,dedup_one_position_per_ticker_per_day,,,
FOX,2026-01-05,supertrend_ichimoku_adx,dedup_one_position_per_ticker_per_day,,,
FOX,2026-01-05,r1_break_retest,dedup_one_position_per_ticker_per_day,,,
FOX,2026-01-05,52wh_break_retest,dedup_one_position_per_ticker_per_day,,,
FOX,2026-01-05,break_retest_confluence,dedup_one_position_per_ticker_per_day,,,
FOX,2026-01-05,bollinger_tight,dedup_one_position_per_ticker_per_day,,,
CSX,2026-01-05,(any),ticker_already_open_concurrent_block_bug61,,,
BAC,2026-01-05,(any),ticker_already_open_concurrent_block_bug61,,,
VIVO,2026-01-05,(any),ticker_already_open_concurrent_block_bug61,,,
ALMS,2026-01-06,pivot_r2_continuation,level_6_halt_dd_-0.489,,,
JCI,2026-01-06,bollinger_tight,level_6_halt_dd_-0.489,,,
NDSN,2026-01-06,pivot_r2_continuation,level_6_halt_dd_-0.489,,,
RF,2026-01-06,cpr_narrow_bullish,level_6_halt_dd_-0.489,,,
IFF,2026-01-06,cpr_narrow_bullish,level_6_halt_dd_-0.489,,,
CCEP,2026-01-06,bollinger_lower,level_6_halt_dd_-0.489,,,
AOS,2026-01-06,cpr_narrow_bullish,level_6_halt_dd_-0.489,,,
VIVO,2026-01-06,hull_rsi,level_6_halt_dd_-0.489,,,
FOX,2026-01-06,cpr_narrow_bullish,level_6_halt_dd_-0.489,,,
BHVN,2026-01-06,bollinger_lower,level_6_halt_dd_-0.489,,,
CSX,2026-01-07,williams_r_oversold,level_6_halt_dd_-0.489,,,
JCI,2026-01-07,bollinger_lower,level_6_halt_dd_-0.489,,,
ALMS,2026-01-07,macd_crossover,level_6_halt_dd_-0.489,,,
BHVN,2026-01-07,pivot_r1_breakout,level_6_halt_dd_-0.489,,,
RF,2026-01-07,cpr_narrow_bullish,level_6_halt_dd_-0.489,,,
VIVO,2026-01-07,hull_rsi,level_6_halt_dd_-0.489,,,
REZI,2026-01-07,williams_r_oversold,level_6_halt_dd_-0.489,,,
CCEP,2026-01-07,bollinger_lower,level_6_halt_dd_-0.489,,,
AWK,2026-01-07,bollinger_lower,level_6_halt_dd_-0.489,,,
MNMD,2026-01-07,cpr_narrow_bullish,level_6_halt_dd_-0.489,,,
HBAN,2026-01-08,cpr_narrow_bullish,level_6_halt_dd_-0.489,,,
AOS,2026-01-08,pivot_r1_breakout,level_6_halt_dd_-0.489,,,
FOX,2026-01-08,cpr_narrow_bullish,level_6_halt_dd_-0.489,,,
CSX,2026-01-08,stochrsi_oversold,level_6_halt_dd_-0.489,,,
NDSN,2026-01-08,cpr_narrow_bullish,level_6_halt_dd_-0.489,,,
MNMD,2026-01-08,pivot_r1_breakout,level_6_halt_dd_-0.489,,,
RF,2026-01-08,cpr_narrow_bullish,level_6_halt_dd_-0.489,,,
VIVO,2026-01-08,hull_rsi,level_6_halt_dd_-0.489,,,
JCI,2026-01-08,williams_r_oversold,level_6_halt_dd_-0.489,,,
ALMS,2026-01-08,cpr_narrow_bullish,level_6_halt_dd_-0.489,,,
CSX,2026-01-09,williams_r_oversold,level_6_halt_dd_-0.489,,,
JCI,2026-01-09,williams_r_oversold,level_6_halt_dd_-0.489,,,
NDSN,2026-01-09,pivot_r2_continuation,level_6_halt_dd_-0.489,,,
ALMS,2026-01-09,cpr_narrow_bullish,level_6_halt_dd_-0.489,,,
VIVO,2026-01-09,hull_rsi,level_6_halt_dd_-0.489,,,
IDYA,2026-01-09,cpr_narrow_bullish,level_6_halt_dd_-0.489,,,
HBAN,2026-01-09,hull_rsi,level_6_halt_dd_-0.489,,,
RF,2026-01-09,hull_rsi,level_6_halt_dd_-0.489,,,
PETQ,2026-01-09,pivot_s1_bounce,level_6_halt_dd_-0.489,,,
AWK,2026-01-09,stochrsi_oversold,level_6_halt_dd_-0.489,,,
NDSN,2026-01-12,cpr_narrow_bullish,level_6_halt_dd_-0.483,,,
ALMS,2026-01-12,pivot_r2_continuation,level_6_halt_dd_-0.483,,,
AOS,2026-01-12,cpr_narrow_bullish,level_6_halt_dd_-0.483,,,
REZI,2026-01-12,cpr_narrow_bullish,level_6_halt_dd_-0.483,,,
UUUU,2026-01-12,cpr_narrow_bullish,level_6_halt_dd_-0.483,,,
VIVO,2026-01-12,hull_rsi,level_6_halt_dd_-0.483,,,
GNRC,2026-01-12,cpr_narrow_bullish,level_6_halt_dd_-0.483,,,
CG,2026-01-12,cpr_narrow_bullish,level_6_halt_dd_-0.483,,,
RKLB,2026-01-12,cpr_narrow_bullish,level_6_halt_dd_-0.483,,,
PETQ,2026-01-12,pivot_s1_bounce,level_6_halt_dd_-0.483,,,
NDSN,2026-01-13,cpr_narrow_bullish,level_6_halt_dd_-0.483,,,
GNRC,2026-01-13,cpr_narrow_bullish,level_6_halt_dd_-0.483,,,
ALMS,2026-01-13,cpr_narrow_bullish,level_6_halt_dd_-0.483,,,
XLE,2026-01-13,cpr_narrow_bullish,level_6_halt_dd_-0.483,,,
VIVO,2026-01-13,hull_rsi,level_6_halt_dd_-0.483,,,
HBAN,2026-01-13,ichimoku_cloud_breakout,level_6_halt_dd_-0.483,,,
BAM,2026-01-13,pivot_r1_breakout,level_6_halt_dd_-0.483,,,
MNMD,2026-01-13,pivot_r2_continuation,level_6_halt_dd_-0.483,,,
REZI,2026-01-13,cpr_narrow_bullish,level_6_halt_dd_-0.483,,,
PETQ,2026-01-13,pivot_s1_bounce,level_6_halt_dd_-0.483,,,
UUUU,2026-01-14,pivot_r1_breakout,level_6_halt_dd_-0.483,,,
XLE,2026-01-14,pivot_r1_breakout,level_6_halt_dd_-0.483,,,
RKLB,2026-01-14,pivot_r2_continuation,level_6_halt_dd_-0.483,,,
NDSN,2026-01-14,hull_rsi,level_6_halt_dd_-0.483,,,
MNMD,2026-01-14,cpr_narrow_bullish,level_6_halt_dd_-0.483,,,
ALMS,2026-01-14,cpr_narrow_bullish,level_6_halt_dd_-0.483,,,
IDYA,2026-01-14,pivot_r1_breakout,level_6_halt_dd_-0.483,,,
BAC,2026-01-14,bollinger_lower,level_6_halt_dd_-0.483,,,
VIVO,2026-01-14,hull_rsi,level_6_halt_dd_-0.483,,,
BDX,2026-01-14,cpr_narrow_bullish,level_6_halt_dd_-0.483,,,
LCID,2026-01-15,supertrend_macd,level_6_halt_dd_-0.483,,,
NDSN,2026-01-15,pivot_r2_continuation,level_6_halt_dd_-0.483,,,
MNMD,2026-01-15,cpr_narrow_bullish,level_6_halt_dd_-0.483,,,
UUUU,2026-01-15,cpr_narrow_bullish,level_6_halt_dd_-0.483,,,
ALMS,2026-01-15,cpr_narrow_bullish,level_6_halt_dd_-0.483,,,
AOS,2026-01-15,cpr_narrow_bullish,level_6_halt_dd_-0.483,,,
VIVO,2026-01-15,hull_rsi,level_6_halt_dd_-0.483,,,
AWK,2026-01-15,cpr_narrow_bullish,level_6_halt_dd_-0.483,,,
IFF,2026-01-15,cpr_narrow_bullish,level_6_halt_dd_-0.483,,,
RKLB,2026-01-15,cpr_narrow_bullish,level_6_halt_dd_-0.483,,,
AOS,2026-01-16,cpr_narrow_bullish,level_6_halt_dd_-0.483,,,
NDSN,2026-01-16,cpr_narrow_bullish,level_6_halt_dd_-0.483,,,
MNMD,2026-01-16,cpr_narrow_bullish,level_6_halt_dd_-0.483,,,
RKLB,2026-01-16,pivot_r2_continuation,level_6_halt_dd_-0.483,,,
UUUU,2026-01-16,cpr_narrow_bullish,level_6_halt_dd_-0.483,,,
XLE,2026-01-16,cpr_narrow_bullish,level_6_halt_dd_-0.483,,,
VIVO,2026-01-16,hull_rsi,level_6_halt_dd_-0.483,,,
BHVN,2026-01-16,cpr_narrow_bullish,level_6_halt_dd_-0.483,,,
IFF,2026-01-16,cpr_narrow_bullish,level_6_halt_dd_-0.483,,,
PETQ,2026-01-16,pivot_s1_bounce,level_6_halt_dd_-0.483,,,
AOS,2026-01-19,cpr_narrow_bullish,level_6_halt_dd_-0.483,,,
NDSN,2026-01-19,cpr_narrow_bullish,level_6_halt_dd_-0.483,,,
MNMD,2026-01-19,cpr_narrow_bullish,level_6_halt_dd_-0.483,,,
RKLB,2026-01-19,pivot_r2_continuation,level_6_halt_dd_-0.483,,,
UUUU,2026-01-19,cpr_narrow_bullish,level_6_halt_dd_-0.483,,,
XLE,2026-01-19,cpr_narrow_bullish,level_6_halt_dd_-0.483,,,
VIVO,2026-01-19,hull_rsi,level_6_halt_dd_-0.483,,,
BHVN,2026-01-19,cpr_narrow_bullish,level_6_halt_dd_-0.483,,,
IFF,2026-01-19,cpr_narrow_bullish,level_6_halt_dd_-0.483,,,
PETQ,2026-01-19,pivot_s1_bounce,level_6_halt_dd_-0.483,,,
UUUU,2026-01-20,pivot_r1_breakout,level_6_halt_dd_-0.483,,,
LCID,2026-01-20,bollinger_lower,level_6_halt_dd_-0.483,,,
CG,2026-01-20,ichimoku_cloud_breakout,level_6_halt_dd_-0.483,,,
ALMS,2026-01-20,pivot_r2_continuation,level_6_halt_dd_-0.483,,,
HOLX,2026-01-20,cpr_narrow_bullish,level_6_halt_dd_-0.483,,,
BAC,2026-01-20,stochrsi_oversold,level_6_halt_dd_-0.483,,,
CRWD,2026-01-20,bollinger_lower,level_6_halt_dd_-0.483,,,
MNMD,2026-01-20,cpr_narrow_bullish,level_6_halt_dd_-0.483,,,
VIVO,2026-01-20,hull_rsi,level_6_halt_dd_-0.483,,,
PETQ,2026-01-20,pivot_s1_bounce,level_6_halt_dd_-0.483,,,
HBAN,2026-01-21,pivot_r1_breakout,level_6_halt_dd_-0.483,,,
VET,2026-01-21,pivot_r1_breakout,level_6_halt_dd_-0.483,,,
NDSN,2026-01-21,pivot_r2_continuation,level_6_halt_dd_-0.483,,,
XLE,2026-01-21,pivot_r2_continuation,level_6_halt_dd_-0.483,,,
GNRC,2026-01-21,pivot_r1_breakout,level_6_halt_dd_-0.483,,,
MNMD,2026-01-21,cpr_narrow_bullish,level_6_halt_dd_-0.483,,,
LCID,2026-01-21,pivot_r1_breakout,level_6_halt_dd_-0.483,,,
AOS,2026-01-21,cpr_narrow_bullish,level_6_halt_dd_-0.483,,,
UUUU,2026-01-21,hull_rsi,level_6_halt_dd_-0.483,,,
VIVO,2026-01-21,hull_rsi,level_6_halt_dd_-0.483,,,
HBAN,2026-01-22,pivot_r1_breakout,level_6_halt_dd_-0.483,,,
GNRC,2026-01-22,cpr_narrow_bullish,level_6_halt_dd_-0.483,,,
UUUU,2026-01-22,cpr_narrow_bullish,level_6_halt_dd_-0.483,,,
MNMD,2026-01-22,cpr_narrow_bullish,level_6_halt_dd_-0.483,,,
XLE,2026-01-22,cpr_narrow_bullish,level_6_halt_dd_-0.483,,,
AOS,2026-01-22,cpr_narrow_bullish,level_6_halt_dd_-0.483,,,
VIVO,2026-01-22,hull_rsi,level_6_halt_dd_-0.483,,,
HOLX,2026-01-22,cpr_narrow_bullish,level_6_halt_dd_-0.483,,,
NDSN,2026-01-22,cpr_narrow_bullish,level_6_halt_dd_-0.483,,,
IFF,2026-01-22,cpr_narrow_bullish,level_6_halt_dd_-0.483,,,
XLE,2026-01-23,cpr_narrow_bullish,level_6_halt_dd_-0.486,,,
UUUU,2026-01-23,cpr_narrow_bullish,level_6_halt_dd_-0.486,,,
BDX,2026-01-23,pivot_r1_breakout,level_6_halt_dd_-0.486,,,
MNMD,2026-01-23,cpr_narrow_bullish,level_6_halt_dd_-0.486,,,
BAC,2026-01-23,bollinger_tight,level_6_halt_dd_-0.486,,,
IFF,2026-01-23,cpr_narrow_bullish,level_6_halt_dd_-0.486,,,
WMB,2026-01-23,cpr_narrow_bullish,level_6_halt_dd_-0.486,,,
VIVO,2026-01-23,hull_rsi,level_6_halt_dd_-0.486,,,
PETQ,2026-01-23,pivot_s1_bounce,level_6_halt_dd_-0.486,,,
NVDA,2026-01-23,cpr_narrow_bullish,level_6_halt_dd_-0.486,,,
ALMS,2026-01-26,cpr_narrow_bullish,level_6_halt_dd_-0.486,,,
MNMD,2026-01-26,cpr_narrow_bullish,level_6_halt_dd_-0.486,,,
HOLX,2026-01-26,cpr_narrow_bullish,level_6_halt_dd_-0.486,,,
CG,2026-01-26,williams_r_oversold,level_6_halt_dd_-0.486,,,
VIVO,2026-01-26,hull_rsi,level_6_halt_dd_-0.486,,,
NDSN,2026-01-26,ichimoku_cloud_breakout,level_6_halt_dd_-0.486,,,
VET,2026-01-26,cpr_narrow_bullish,level_6_halt_dd_-0.486,,,
PETQ,2026-01-26,pivot_s1_bounce,level_6_halt_dd_-0.486,,,
IFF,2026-01-26,hull_rsi,level_6_halt_dd_-0.486,,,
COGT,2026-01-26,cpr_narrow_bullish,level_6_halt_dd_-0.486,,,
NDSN,2026-01-27,cpr_narrow_bullish,level_6_halt_dd_-0.486,,,
MNMD,2026-01-27,cpr_narrow_bullish,level_6_halt_dd_-0.486,,,
XLE,2026-01-27,cpr_narrow_bullish,level_6_halt_dd_-0.486,,,
WMB,2026-01-27,cpr_narrow_bullish,level_6_halt_dd_-0.486,,,
VIVO,2026-01-27,hull_rsi,level_6_halt_dd_-0.486,,,
VET,2026-01-27,cpr_narrow_bullish,level_6_halt_dd_-0.486,,,
REZI,2026-01-27,bollinger_lower,level_6_halt_dd_-0.486,,,
CG,2026-01-27,ichimoku_cloud_breakout,level_6_halt_dd_-0.486,,,
PETQ,2026-01-27,pivot_s1_bounce,level_6_halt_dd_-0.486,,,
UUUU,2026-01-27,ichimoku_cloud_breakout,level_6_halt_dd_-0.486,,,
UUUU,2026-01-28,pivot_r1_breakout,level_6_halt_dd_-0.486,,,
AOS,2026-01-28,pivot_r1_breakout,level_6_halt_dd_-0.486,,,
AWK,2026-01-28,bollinger_lower,level_6_halt_dd_-0.486,,,
CG,2026-01-28,williams_r_oversold,level_6_halt_dd_-0.486,,,
HBAN,2026-01-28,bollinger_tight,level_6_halt_dd_-0.486,,,
XLE,2026-01-28,cpr_narrow_bullish,level_6_halt_dd_-0.486,,,
MNMD,2026-01-28,cpr_narrow_bullish,level_6_halt_dd_-0.486,,,
WMB,2026-01-28,cpr_narrow_bullish,level_6_halt_dd_-0.486,,,
ALMS,2026-01-28,pivot_r2_continuation,level_6_halt_dd_-0.486,,,
VIVO,2026-01-28,hull_rsi,level_6_halt_dd_-0.486,,,
XLE,2026-01-29,(any),ticker_already_open_concurrent_block_bug61,,,
NDSN,2026-01-29,(any),ticker_already_open_concurrent_block_bug61,,,
VET,2026-01-29,hull_rsi,dedup_one_position_per_ticker_per_day,,,
VET,2026-01-29,ichimoku_cloud_breakout,dedup_one_position_per_ticker_per_day,,,
VET,2026-01-29,adx_initiation,dedup_one_position_per_ticker_per_day,,,
VET,2026-01-29,supertrend_macd,dedup_one_position_per_ticker_per_day,,,
VET,2026-01-29,cpr_narrow_momentum,dedup_one_position_per_ticker_per_day,,,
VET,2026-01-29,r1_break_retest,dedup_one_position_per_ticker_per_day,,,
VET,2026-01-29,break_retest_confluence,dedup_one_position_per_ticker_per_day,,,
VET,2026-01-29,stochrsi_oversold,dedup_one_position_per_ticker_per_day,,,
VET,2026-01-29,bollinger_tight,dedup_one_position_per_ticker_per_day,,,
VET,2026-01-29,williams_stoch_dual,dedup_one_position_per_ticker_per_day,,,
VET,2026-01-29,stochrsi_overbought_short,dedup_one_position_per_ticker_per_day,,,
WMB,2026-01-29,hull_rsi,dedup_one_position_per_ticker_per_day,,,
WMB,2026-01-29,ichimoku_cloud_breakout,dedup_one_position_per_ticker_per_day,,,
WMB,2026-01-29,supertrend_macd,dedup_one_position_per_ticker_per_day,,,
WMB,2026-01-29,cpr_narrow_momentum,dedup_one_position_per_ticker_per_day,,,
WMB,2026-01-29,52wh_break_retest,dedup_one_position_per_ticker_per_day,,,
WMB,2026-01-29,break_retest_confluence,dedup_one_position_per_ticker_per_day,,,
WMB,2026-01-29,stochrsi_oversold,dedup_one_position_per_ticker_per_day,,,
WMB,2026-01-29,bollinger_lower,dedup_one_position_per_ticker_per_day,,,
WMB,2026-01-29,bollinger_tight,dedup_one_position_per_ticker_per_day,,,
WMB,2026-01-29,williams_stoch_dual,dedup_one_position_per_ticker_per_day,,,
WMB,2026-01-29,stochrsi_overbought_short,dedup_one_position_per_ticker_per_day,,,
IFF,2026-01-29,cpr_narrow_bullish,dedup_one_position_per_ticker_per_day,,,
IFF,2026-01-29,prev_day_high_break,dedup_one_position_per_ticker_per_day,,,
IFF,2026-01-29,macd_crossover,dedup_one_position_per_ticker_per_day,,,
IFF,2026-01-29,hull_rsi,dedup_one_position_per_ticker_per_day,,,
IFF,2026-01-29,force_index_breakout,dedup_one_position_per_ticker_per_day,,,
IFF,2026-01-29,cpr_narrow_momentum,dedup_one_position_per_ticker_per_day,,,
IFF,2026-01-29,macd_crossover_short,dedup_one_position_per_ticker_per_day,,,
IFF,2026-01-29,hull_rsi_short,dedup_one_position_per_ticker_per_day,,,
IFF,2026-01-29,prev_day_low_breakdown,dedup_one_position_per_ticker_per_day,,,
IFF,2026-01-29,cpr_narrow_momentum_short,dedup_one_position_per_ticker_per_day,,,
MNMD,2026-01-29,cpr_narrow_bullish,no_next_bar,,,
MNMD,2026-01-29,hull_rsi,no_next_bar,,,
MNMD,2026-01-29,ichimoku_cloud_breakout,no_next_bar,,,
MNMD,2026-01-29,adx_initiation,no_next_bar,,,
MNMD,2026-01-29,supertrend_macd,no_next_bar,,,
MNMD,2026-01-29,inside_bar_breakout,no_next_bar,,,
MNMD,2026-01-29,cpr_narrow_momentum,no_next_bar,,,
MNMD,2026-01-29,52wh_break_retest,no_next_bar,,,
MNMD,2026-01-29,break_retest_confluence,no_next_bar,,,
MNMD,2026-01-29,bollinger_tight,no_next_bar,,,
CSX,2026-01-29,(any),ticker_already_open_concurrent_block_bug61,,,
JCI,2026-01-29,hull_rsi,dedup_one_position_per_ticker_per_day,,,
JCI,2026-01-29,golden_cross_9_21,dedup_one_position_per_ticker_per_day,,,
JCI,2026-01-29,tema_dema,dedup_one_position_per_ticker_per_day,,,
JCI,2026-01-29,ichimoku_tk_cross,dedup_one_position_per_ticker_per_day,,,
JCI,2026-01-29,supertrend_macd,dedup_one_position_per_ticker_per_day,,,
JCI,2026-01-29,force_index_breakout,dedup_one_position_per_ticker_per_day,,,
JCI,2026-01-29,cpr_narrow_momentum,dedup_one_position_per_ticker_per_day,,,
JCI,2026-01-29,bollinger_tight,dedup_one_position_per_ticker_per_day,,,
VIVO,2026-01-29,(any),ticker_already_open_concurrent_block_bug61,,,
IDYA,2026-01-29,bollinger_lower,dedup_one_position_per_ticker_per_day,,,
IDYA,2026-01-29,bollinger_tight,dedup_one_position_per_ticker_per_day,,,
IDYA,2026-01-29,cpr_narrow_bullish,dedup_one_position_per_ticker_per_day,,,
IDYA,2026-01-29,hull_rsi,dedup_one_position_per_ticker_per_day,,,
IDYA,2026-01-29,cpr_narrow_momentum,dedup_one_position_per_ticker_per_day,,,
IDYA,2026-01-29,hull_rsi_short,dedup_one_position_per_ticker_per_day,,,
IDYA,2026-01-29,cpr_narrow_momentum_short,dedup_one_position_per_ticker_per_day,,,
IDYA,2026-01-29,lead_lag_sector_rotation,dedup_one_position_per_ticker_per_day,,,
IDYA,2026-01-30,bollinger_lower,level_6_halt_dd_-0.458,,,
AOS,2026-01-30,cpr_narrow_bullish,level_6_halt_dd_-0.458,,,
MNMD,2026-01-30,cpr_narrow_bullish,level_6_halt_dd_-0.458,,,
BAM,2026-01-30,bollinger_tight,level_6_halt_dd_-0.458,,,
XLE,2026-01-30,hull_rsi,level_6_halt_dd_-0.458,,,
VIVO,2026-01-30,hull_rsi,level_6_halt_dd_-0.458,,,
RKLB,2026-01-30,williams_r_oversold,level_6_halt_dd_-0.458,,,
PETQ,2026-01-30,pivot_s1_bounce,level_6_halt_dd_-0.458,,,
UUUU,2026-01-30,ichimoku_cloud_breakout,level_6_halt_dd_-0.458,,,
NDSN,2026-01-30,ichimoku_cloud_breakout,level_6_halt_dd_-0.458,,,
CRWD,2026-02-02,bollinger_tight,level_6_halt_dd_-0.458,,,
MNMD,2026-02-02,cpr_narrow_bullish,level_6_halt_dd_-0.458,,,
AOS,2026-02-02,cpr_narrow_bullish,level_6_halt_dd_-0.458,,,
VIVO,2026-02-02,hull_rsi,level_6_halt_dd_-0.458,,,
RKLB,2026-02-02,williams_r_oversold,level_6_halt_dd_-0.458,,,
AWK,2026-02-02,bollinger_tight,level_6_halt_dd_-0.458,,,
PETQ,2026-02-02,pivot_s1_bounce,level_6_halt_dd_-0.458,,,
UUUU,2026-02-02,ichimoku_cloud_breakout,level_6_halt_dd_-0.458,,,
RF,2026-02-02,cpr_narrow_bullish,level_6_halt_dd_-0.458,,,
NDSN,2026-02-02,cpr_narrow_bullish,level_6_halt_dd_-0.458,,,
VET,2026-02-03,pivot_r1_breakout,level_6_halt_dd_-0.458,,,
XLE,2026-02-03,pivot_r1_breakout,level_6_halt_dd_-0.458,,,
CG,2026-02-03,stochrsi_oversold,level_6_halt_dd_-0.458,,,
BAM,2026-02-03,bollinger_lower,level_6_halt_dd_-0.458,,,
AOS,2026-02-03,pivot_r2_continuation,level_6_halt_dd_-0.458,,,
PSX,2026-02-03,pivot_r1_breakout,level_6_halt_dd_-0.458,,,
CSX,2026-02-03,cpr_narrow_bullish,level_6_halt_dd_-0.458,,,
HOLX,2026-02-03,bollinger_tight,level_6_halt_dd_-0.458,,,
NVDA,2026-02-03,bollinger_tight,level_6_halt_dd_-0.458,,,
AWK,2026-02-03,bollinger_lower,level_6_halt_dd_-0.458,,,
NDSN,2026-02-04,pivot_r2_continuation,level_6_halt_dd_-0.468,,,
AOS,2026-02-04,pivot_r1_breakout,level_6_halt_dd_-0.468,,,
FOX,2026-02-04,ultimate_oscillator,level_6_halt_dd_-0.468,,,
JCI,2026-02-04,pivot_r1_breakout,level_6_halt_dd_-0.468,,,
VET,2026-02-04,cpr_narrow_bullish,level_6_halt_dd_-0.468,,,
XLE,2026-02-04,cpr_narrow_bullish,level_6_halt_dd_-0.468,,,
AWK,2026-02-04,bollinger_lower,level_6_halt_dd_-0.468,,,
MNMD,2026-02-04,cpr_narrow_bullish,level_6_halt_dd_-0.468,,,
CSX,2026-02-04,cpr_narrow_bullish,level_6_halt_dd_-0.468,,,
RF,2026-02-04,cpr_narrow_bullish,level_6_halt_dd_-0.468,,,
CRWD,2026-02-05,bollinger_lower,level_6_halt_dd_-0.468,,,
FOX,2026-02-05,ultimate_oscillator,level_6_halt_dd_-0.468,,,
CG,2026-02-05,bollinger_lower,level_6_halt_dd_-0.468,,,
LCID,2026-02-05,bollinger_lower,level_6_halt_dd_-0.468,,,
CSX,2026-02-05,cpr_narrow_bullish,level_6_halt_dd_-0.468,,,
MNMD,2026-02-05,cpr_narrow_bullish,level_6_halt_dd_-0.468,,,
RF,2026-02-05,cpr_narrow_bullish,level_6_halt_dd_-0.468,,,
AOS,2026-02-05,cpr_narrow_bullish,level_6_halt_dd_-0.468,,,
RKLB,2026-02-05,bollinger_tight,level_6_halt_dd_-0.468,,,
TNXP,2026-02-05,bollinger_tight,level_6_halt_dd_-0.468,,,
NDSN,2026-02-06,pivot_r2_continuation,level_6_halt_dd_-0.468,,,
XLE,2026-02-06,pivot_r2_continuation,level_6_halt_dd_-0.468,,,
CSX,2026-02-06,pivot_r2_continuation,level_6_halt_dd_-0.468,,,
AOS,2026-02-06,cpr_narrow_bullish,level_6_halt_dd_-0.468,,,
IFF,2026-02-06,cpr_narrow_bullish,level_6_halt_dd_-0.468,,,
CCEP,2026-02-06,pivot_r2_continuation,level_6_halt_dd_-0.468,,,
MNMD,2026-02-06,cpr_narrow_bullish,level_6_halt_dd_-0.468,,,
JCI,2026-02-06,pivot_r2_continuation,level_6_halt_dd_-0.468,,,
VET,2026-02-06,cpr_narrow_bullish,level_6_halt_dd_-0.468,,,
RF,2026-02-06,cpr_narrow_bullish,level_6_halt_dd_-0.468,,,
FLR,2026-02-09,cpr_narrow_bullish,level_6_halt_dd_-0.468,,,
NDSN,2026-02-09,cpr_narrow_bullish,level_6_halt_dd_-0.468,,,
VET,2026-02-09,cpr_narrow_bullish,level_6_halt_dd_-0.468,,,
PSX,2026-02-09,cpr_narrow_bullish,level_6_halt_dd_-0.468,,,
FOX,2026-02-09,ultimate_oscillator,level_6_halt_dd_-0.468,,,
XLE,2026-02-09,cpr_narrow_bullish,level_6_halt_dd_-0.468,,,
MNMD,2026-02-09,cpr_narrow_bullish,level_6_halt_dd_-0.468,,,
HST,2026-02-09,cpr_narrow_bullish,level_6_halt_dd_-0.468,,,
AOS,2026-02-09,cpr_narrow_bullish,level_6_halt_dd_-0.468,,,
AWK,2026-02-09,bollinger_tight,level_6_halt_dd_-0.468,,,
BDX,2026-02-10,bollinger_lower,level_6_halt_dd_-0.485,,,
WMB,2026-02-10,pivot_r1_breakout,level_6_halt_dd_-0.485,,,
CSX,2026-02-10,cpr_narrow_bullish,level_6_halt_dd_-0.485,,,
NDSN,2026-02-10,pivot_r2_continuation,level_6_halt_dd_-0.485,,,
FOX,2026-02-10,stochrsi_oversold,level_6_halt_dd_-0.485,,,
AOS,2026-02-10,cpr_narrow_bullish,level_6_halt_dd_-0.485,,,
MNMD,2026-02-10,cpr_narrow_bullish,level_6_halt_dd_-0.485,,,
JCI,2026-02-10,cpr_narrow_bullish,level_6_halt_dd_-0.485,,,
HST,2026-02-10,cpr_narrow_bullish,level_6_halt_dd_-0.485,,,
VIVO,2026-02-10,hull_rsi,level_6_halt_dd_-0.485,,,
GNRC,2026-02-11,pivot_r1_breakout,level_6_halt_dd_-0.485,,,
XLE,2026-02-11,pivot_r2_continuation,level_6_halt_dd_-0.485,,,
AOS,2026-02-11,cpr_narrow_bullish,level_6_halt_dd_-0.485,,,
PSX,2026-02-11,pivot_r2_continuation,level_6_halt_dd_-0.485,,,
MNMD,2026-02-11,cpr_narrow_bullish,level_6_halt_dd_-0.485,,,
VET,2026-02-11,cpr_narrow_bullish,level_6_halt_dd_-0.485,,,
HST,2026-02-11,cpr_narrow_bullish,level_6_halt_dd_-0.485,,,
JCI,2026-02-11,cpr_narrow_bullish,level_6_halt_dd_-0.485,,,
CCEP,2026-02-11,pivot_r2_continuation,level_6_halt_dd_-0.485,,,
FOX,2026-02-11,bollinger_tight,level_6_halt_dd_-0.485,,,
IFF,2026-02-12,pivot_r1_breakout,level_6_halt_dd_-0.491,,,
HBAN,2026-02-12,williams_r_oversold,level_6_halt_dd_-0.491,,,
MNMD,2026-02-12,cpr_narrow_bullish,level_6_halt_dd_-0.491,,,
GNRC,2026-02-12,cpr_narrow_bullish,level_6_halt_dd_-0.491,,,
CCEP,2026-02-12,cpr_narrow_bullish,level_6_halt_dd_-0.491,,,
VIVO,2026-02-12,hull_rsi,level_6_halt_dd_-0.491,,,
RKLB,2026-02-12,bollinger_tight,level_6_halt_dd_-0.491,,,
WMB,2026-02-12,cpr_narrow_bullish,level_6_halt_dd_-0.491,,,
PETQ,2026-02-12,pivot_s1_bounce,level_6_halt_dd_-0.491,,,
FOX,2026-02-12,bollinger_tight,level_6_halt_dd_-0.491,,,
NDSN,2026-02-13,cpr_narrow_bullish,level_6_halt_dd_-0.491,,,
AWK,2026-02-13,pivot_r1_breakout,level_6_halt_dd_-0.491,,,
MNMD,2026-02-13,cpr_narrow_bullish,level_6_halt_dd_-0.491,,,
CCEP,2026-02-13,cpr_narrow_bullish,level_6_halt_dd_-0.491,,,
FOX,2026-02-13,stochrsi_oversold,level_6_halt_dd_-0.491,,,
BAC,2026-02-13,cmf_flip,level_6_halt_dd_-0.491,,,
IDYA,2026-02-13,bollinger_lower,level_6_halt_dd_-0.491,,,
IFF,2026-02-13,cpr_narrow_bullish,level_6_halt_dd_-0.491,,,
GNRC,2026-02-13,cpr_narrow_bullish,level_6_halt_dd_-0.491,,,
VIVO,2026-02-13,hull_rsi,level_6_halt_dd_-0.491,,,
NDSN,2026-02-16,cpr_narrow_bullish,level_6_halt_dd_-0.491,,,
AWK,2026-02-16,pivot_r1_breakout,level_6_halt_dd_-0.491,,,
MNMD,2026-02-16,cpr_narrow_bullish,level_6_halt_dd_-0.491,,,
CCEP,2026-02-16,cpr_narrow_bullish,level_6_halt_dd_-0.491,,,
FOX,2026-02-16,stochrsi_oversold,level_6_halt_dd_-0.491,,,
BAC,2026-02-16,cmf_flip,level_6_halt_dd_-0.491,,,
IDYA,2026-02-16,bollinger_lower,level_6_halt_dd_-0.491,,,
IFF,2026-02-16,cpr_narrow_bullish,level_6_halt_dd_-0.491,,,
GNRC,2026-02-16,cpr_narrow_bullish,level_6_halt_dd_-0.491,,,
VIVO,2026-02-16,hull_rsi,level_6_halt_dd_-0.491,,,
CCEP,2026-02-17,pivot_r1_breakout,level_6_halt_dd_-0.491,,,
JCI,2026-02-17,pivot_r2_continuation,level_6_halt_dd_-0.491,,,
MNMD,2026-02-17,cpr_narrow_bullish,level_6_halt_dd_-0.491,,,
FLR,2026-02-17,pivot_r2_continuation,level_6_halt_dd_-0.491,,,
CSX,2026-02-17,cpr_narrow_bullish,level_6_halt_dd_-0.491,,,
NDSN,2026-02-17,cpr_narrow_bullish,level_6_halt_dd_-0.491,,,
GNRC,2026-02-17,cpr_narrow_bullish,level_6_halt_dd_-0.491,,,
VIVO,2026-02-17,hull_rsi,level_6_halt_dd_-0.491,,,
WMB,2026-02-17,cpr_narrow_bullish,level_6_halt_dd_-0.491,,,
FOX,2026-02-17,stochrsi_oversold,level_6_halt_dd_-0.491,,,
FLR,2026-02-18,pivot_r1_breakout,level_6_halt_dd_-0.491,,,
XLE,2026-02-18,cpr_narrow_bullish,level_6_halt_dd_-0.491,,,
MNMD,2026-02-18,cpr_narrow_bullish,level_6_halt_dd_-0.491,,,
CSX,2026-02-18,cpr_narrow_bullish,level_6_halt_dd_-0.491,,,
HST,2026-02-18,cpr_narrow_bullish,level_6_halt_dd_-0.491,,,
NDSN,2026-02-18,cpr_narrow_bullish,level_6_halt_dd_-0.491,,,
VIVO,2026-02-18,hull_rsi,level_6_halt_dd_-0.491,,,
WMB,2026-02-18,hull_rsi,level_6_halt_dd_-0.491,,,
PETQ,2026-02-18,pivot_s1_bounce,level_6_halt_dd_-0.491,,,
COGT,2026-02-18,cpr_narrow_bullish,level_6_halt_dd_-0.491,,,
FLR,2026-02-19,pivot_r1_breakout,level_6_halt_dd_-0.491,,,
XLE,2026-02-19,cpr_narrow_bullish,level_6_halt_dd_-0.491,,,
CSX,2026-02-19,cpr_narrow_bullish,level_6_halt_dd_-0.491,,,
CCEP,2026-02-19,cpr_narrow_bullish,level_6_halt_dd_-0.491,,,
MNMD,2026-02-19,cpr_narrow_bullish,level_6_halt_dd_-0.491,,,
VIVO,2026-02-19,hull_rsi,level_6_halt_dd_-0.491,,,
ALMS,2026-02-19,pivot_r2_continuation,level_6_halt_dd_-0.491,,,
PETQ,2026-02-19,pivot_s1_bounce,level_6_halt_dd_-0.491,,,
AOS,2026-02-19,ichimoku_cloud_breakout,level_6_halt_dd_-0.491,,,
CG,2026-02-19,bollinger_tight,level_6_halt_dd_-0.491,,,
TNXP,2026-02-20,stochrsi_oversold,level_6_halt_dd_-0.491,,,
CSX,2026-02-20,pivot_r2_continuation,level_6_halt_dd_-0.491,,,
WMB,2026-02-20,cpr_narrow_bullish,level_6_halt_dd_-0.491,,,
CCEP,2026-02-20,cpr_narrow_bullish,level_6_halt_dd_-0.491,,,
MNMD,2026-02-20,cpr_narrow_bullish,level_6_halt_dd_-0.491,,,
VET,2026-02-20,macd_crossover,level_6_halt_dd_-0.491,,,
VIVO,2026-02-20,hull_rsi,level_6_halt_dd_-0.491,,,
HST,2026-02-20,hull_rsi,level_6_halt_dd_-0.491,,,
HOLX,2026-02-20,cpr_narrow_bullish,level_6_halt_dd_-0.491,,,
FLR,2026-02-20,cpr_narrow_bullish,level_6_halt_dd_-0.491,,,
CRWD,2026-02-23,bollinger_lower,level_6_halt_dd_-0.491,,,
REZI,2026-02-23,cpr_narrow_bullish,level_6_halt_dd_-0.491,,,
CCEP,2026-02-23,pivot_r2_continuation,level_6_halt_dd_-0.491,,,
BAM,2026-02-23,bollinger_tight,level_6_halt_dd_-0.491,,,
MNMD,2026-02-23,cpr_narrow_bullish,level_6_halt_dd_-0.491,,,
CG,2026-02-23,bollinger_lower,level_6_halt_dd_-0.491,,,
XLE,2026-02-23,cpr_narrow_bullish,level_6_halt_dd_-0.491,,,
VIVO,2026-02-23,hull_rsi,level_6_halt_dd_-0.491,,,
COGT,2026-02-23,cmf_flip,level_6_halt_dd_-0.491,,,
VET,2026-02-23,cpr_narrow_bullish,level_6_halt_dd_-0.491,,,
SWIM,2026-02-24,pivot_r1_breakout,level_6_halt_dd_-0.491,,,
JCI,2026-02-24,pivot_r1_breakout,level_6_halt_dd_-0.491,,,
CSX,2026-02-24,cpr_narrow_bullish,level_6_halt_dd_-0.491,,,
GNRC,2026-02-24,pivot_r2_continuation,level_6_halt_dd_-0.491,,,
MNMD,2026-02-24,cpr_narrow_bullish,level_6_halt_dd_-0.491,,,
CCEP,2026-02-24,cpr_narrow_bullish,level_6_halt_dd_-0.491,,,
WMB,2026-02-24,cpr_narrow_bullish,level_6_halt_dd_-0.491,,,
VIVO,2026-02-24,hull_rsi,level_6_halt_dd_-0.491,,,
CRWD,2026-02-24,bollinger_lower,level_6_halt_dd_-0.491,,,
COGT,2026-02-24,cpr_narrow_bullish,level_6_halt_dd_-0.491,,,
REZI,2026-02-25,pivot_r1_breakout,level_6_halt_dd_-0.491,,,
CCEP,2026-02-25,cpr_narrow_bullish,level_6_halt_dd_-0.491,,,
MNMD,2026-02-25,cpr_narrow_bullish,level_6_halt_dd_-0.491,,,
WMB,2026-02-25,cpr_narrow_bullish,level_6_halt_dd_-0.491,,,
VIVO,2026-02-25,hull_rsi,level_6_halt_dd_-0.491,,,
CSX,2026-02-25,cpr_narrow_bullish,level_6_halt_dd_-0.491,,,
PETQ,2026-02-25,pivot_s1_bounce,level_6_halt_dd_-0.491,,,
FLR,2026-02-25,cpr_narrow_bullish,level_6_halt_dd_-0.491,,,
JCI,2026-02-25,cpr_narrow_bullish,level_6_halt_dd_-0.491,,,
PSX,2026-02-25,williams_r_oversold,level_6_halt_dd_-0.491,,,
WMB,2026-02-26,cpr_narrow_bullish,level_6_halt_dd_-0.491,,,
CCEP,2026-02-26,cpr_narrow_bullish,level_6_halt_dd_-0.491,,,
MNMD,2026-02-26,cpr_narrow_bullish,level_6_halt_dd_-0.491,,,
CSX,2026-02-26,cpr_narrow_bullish,level_6_halt_dd_-0.491,,,
VIVO,2026-02-26,hull_rsi,level_6_halt_dd_-0.491,,,
PETQ,2026-02-26,pivot_s1_bounce,level_6_halt_dd_-0.491,,,
AWK,2026-02-26,golden_cross_20_50,level_6_halt_dd_-0.491,,,
TNXP,2026-02-26,macd_fast_crossover,level_6_halt_dd_-0.491,,,
BHVN,2026-02-26,cpr_narrow_bullish,level_6_halt_dd_-0.491,,,
MORF,2026-02-26,pivot_r2_continuation,level_6_halt_dd_-0.491,,,
CCEP,2026-02-27,pivot_r2_continuation,level_6_halt_dd_-0.491,,,
NVDA,2026-02-27,bollinger_tight,level_6_halt_dd_-0.491,,,
RF,2026-02-27,williams_r_oversold,level_6_halt_dd_-0.491,,,
MNMD,2026-02-27,cpr_narrow_bullish,level_6_halt_dd_-0.491,,,
AWK,2026-02-27,cpr_narrow_bullish,level_6_halt_dd_-0.491,,,
BAC,2026-02-27,bollinger_lower,level_6_halt_dd_-0.491,,,
VIVO,2026-02-27,hull_rsi,level_6_halt_dd_-0.491,,,
TNXP,2026-02-27,cpr_narrow_bullish,level_6_halt_dd_-0.491,,,
CSX,2026-02-27,cpr_narrow_bullish,level_6_halt_dd_-0.491,,,
HOLX,2026-02-27,pivot_s1_bounce,level_6_halt_dd_-0.491,,,
VET,2026-03-02,pivot_r1_breakout,level_6_halt_dd_-0.491,,,
XLE,2026-03-02,pivot_r2_continuation,level_6_halt_dd_-0.491,,,
WMB,2026-03-02,pivot_r2_continuation,level_6_halt_dd_-0.491,,,
CSX,2026-03-02,cpr_narrow_bullish,level_6_halt_dd_-0.491,,,
MNMD,2026-03-02,cpr_narrow_bullish,level_6_halt_dd_-0.491,,,
HOLX,2026-03-02,pivot_s1_bounce,level_6_halt_dd_-0.491,,,
VIVO,2026-03-02,hull_rsi,level_6_halt_dd_-0.491,,,
PETQ,2026-03-02,pivot_s1_bounce,level_6_halt_dd_-0.491,,,
RF,2026-03-02,stochrsi_oversold,level_6_halt_dd_-0.491,,,
SWIM,2026-03-02,cpr_narrow_bullish,level_6_halt_dd_-0.491,,,
WMB,2026-03-03,cpr_narrow_bullish,level_6_halt_dd_-0.491,,,
FLR,2026-03-03,ichimoku_cloud_breakout,level_6_halt_dd_-0.491,,,
MNMD,2026-03-03,cpr_narrow_bullish,level_6_halt_dd_-0.491,,,
VET,2026-03-03,hull_rsi,level_6_halt_dd_-0.491,,,
VIVO,2026-03-03,hull_rsi,level_6_halt_dd_-0.491,,,
IDYA,2026-03-03,pivot_r1_breakout,level_6_halt_dd_-0.491,,,
RF,2026-03-03,williams_r_oversold,level_6_halt_dd_-0.491,,,
BAM,2026-03-03,bollinger_tight,level_6_halt_dd_-0.491,,,
BHVN,2026-03-03,bollinger_tight,level_6_halt_dd_-0.491,,,
PETQ,2026-03-03,pivot_s1_bounce,level_6_halt_dd_-0.491,,,
SWIM,2026-03-04,pivot_r1_breakout,level_6_halt_dd_-0.491,,,
AOS,2026-03-04,williams_r_oversold,level_6_halt_dd_-0.491,,,
PSX,2026-03-04,cpr_narrow_bullish,level_6_halt_dd_-0.491,,,
MNMD,2026-03-04,cpr_narrow_bullish,level_6_halt_dd_-0.491,,,
HOLX,2026-03-04,cpr_narrow_bullish,level_6_halt_dd_-0.491,,,
VIVO,2026-03-04,hull_rsi,level_6_halt_dd_-0.491,,,
COGT,2026-03-04,cpr_narrow_bullish,level_6_halt_dd_-0.491,,,
VET,2026-03-04,cpr_narrow_bullish,level_6_halt_dd_-0.491,,,
PETQ,2026-03-04,pivot_s1_bounce,level_6_halt_dd_-0.491,,,
WMB,2026-03-04,cpr_narrow_bullish,level_6_halt_dd_-0.491,,,
HOLX,2026-03-05,cpr_narrow_bullish,level_6_halt_dd_-0.482,,,
MNMD,2026-03-05,cpr_narrow_bullish,level_6_halt_dd_-0.482,,,
AOS,2026-03-05,bollinger_lower,level_6_halt_dd_-0.482,,,
BHVN,2026-03-05,stochrsi_oversold,level_6_halt_dd_-0.482,,,
PSX,2026-03-05,cpr_narrow_bullish,level_6_halt_dd_-0.482,,,
VIVO,2026-03-05,hull_rsi,level_6_halt_dd_-0.482,,,
VET,2026-03-05,cpr_narrow_bullish,level_6_halt_dd_-0.482,,,
NDSN,2026-03-05,williams_r_oversold,level_6_halt_dd_-0.482,,,
TNXP,2026-03-05,cpr_narrow_bullish,level_6_halt_dd_-0.482,,,
PETQ,2026-03-05,pivot_s1_bounce,level_6_halt_dd_-0.482,,,
CG,2026-03-06,bollinger_tight,level_6_halt_dd_-0.482,,,
AOS,2026-03-06,bollinger_lower,level_6_halt_dd_-0.482,,,
HBAN,2026-03-06,pivot_s2_bounce,level_6_halt_dd_-0.482,,,
TNXP,2026-03-06,bollinger_tight,level_6_halt_dd_-0.482,,,
BHVN,2026-03-06,cmf_flip,level_6_halt_dd_-0.482,,,
MNMD,2026-03-06,cpr_narrow_bullish,level_6_halt_dd_-0.482,,,
JCI,2026-03-06,williams_r_oversold,level_6_halt_dd_-0.482,,,
CSX,2026-03-06,williams_r_oversold,level_6_halt_dd_-0.482,,,
IFF,2026-03-06,williams_r_oversold,level_6_halt_dd_-0.482,,,
NDSN,2026-03-06,williams_r_oversold,level_6_halt_dd_-0.482,,,
IFF,2026-03-09,williams_r_oversold,level_6_halt_dd_-0.450,,,
BAC,2026-03-09,bollinger_tight,level_6_halt_dd_-0.450,,,
MNMD,2026-03-09,cpr_narrow_bullish,level_6_halt_dd_-0.450,,,
NDSN,2026-03-09,williams_r_oversold,level_6_halt_dd_-0.450,,,
AOS,2026-03-09,stochrsi_oversold,level_6_halt_dd_-0.450,,,
BDX,2026-03-09,bollinger_tight,level_6_halt_dd_-0.450,,,
VIVO,2026-03-09,hull_rsi,level_6_halt_dd_-0.450,,,
HBAN,2026-03-09,bollinger_tight,level_6_halt_dd_-0.450,,,
CG,2026-03-09,bollinger_tight,level_6_halt_dd_-0.450,,,
PETQ,2026-03-09,pivot_s1_bounce,level_6_halt_dd_-0.450,,,
BDX,2026-03-10,bollinger_lower,level_6_halt_dd_-0.450,,,
MNMD,2026-03-10,cpr_narrow_bullish,level_6_halt_dd_-0.450,,,
VIVO,2026-03-10,hull_rsi,level_6_halt_dd_-0.450,,,
BHVN,2026-03-10,stochrsi_oversold,level_6_halt_dd_-0.450,,,
PETQ,2026-03-10,pivot_s1_bounce,level_6_halt_dd_-0.450,,,
BAM,2026-03-10,bollinger_tight,level_6_halt_dd_-0.450,,,
VET,2026-03-10,ichimoku_cloud_breakout,level_6_halt_dd_-0.450,,,
IDYA,2026-03-10,cpr_narrow_bullish,level_6_halt_dd_-0.450,,,
TNXP,2026-03-10,macd_crossover,level_6_halt_dd_-0.450,,,
IFF,2026-03-10,williams_r_oversold,level_6_halt_dd_-0.450,,,
IFF,2026-03-11,bollinger_lower,level_6_halt_dd_-0.450,,,
CG,2026-03-11,bollinger_lower,level_6_halt_dd_-0.450,,,
PSX,2026-03-11,pivot_r2_continuation,level_6_halt_dd_-0.450,,,
CCEP,2026-03-11,pivot_s1_bounce,level_6_halt_dd_-0.450,,,
AOS,2026-03-11,bollinger_tight,level_6_halt_dd_-0.450,,,
RF,2026-03-11,bollinger_tight,level_6_halt_dd_-0.450,,,
HBAN,2026-03-11,bollinger_lower,level_6_halt_dd_-0.450,,,
BAM,2026-03-11,stochrsi_oversold,level_6_halt_dd_-0.450,,,
MNMD,2026-03-11,cpr_narrow_bullish,level_6_halt_dd_-0.450,,,
VET,2026-03-11,cpr_narrow_bullish,level_6_halt_dd_-0.450,,,
PSX,2026-03-12,pivot_r1_breakout,level_6_halt_dd_-0.450,,,
RF,2026-03-12,bollinger_lower,level_6_halt_dd_-0.450,,,
VET,2026-03-12,pivot_r2_continuation,level_6_halt_dd_-0.450,,,
COGT,2026-03-12,stochrsi_oversold,level_6_halt_dd_-0.450,,,
NDSN,2026-03-12,williams_r_oversold,level_6_halt_dd_-0.450,,,
REZI,2026-03-12,williams_r_oversold,level_6_halt_dd_-0.450,,,
MNMD,2026-03-12,cpr_narrow_bullish,level_6_halt_dd_-0.450,,,
JCI,2026-03-12,williams_r_oversold,level_6_halt_dd_-0.450,,,
FLR,2026-03-12,bollinger_tight,level_6_halt_dd_-0.450,,,
AOS,2026-03-12,bollinger_tight,level_6_halt_dd_-0.450,,,
COGT,2026-03-13,williams_r_oversold,level_6_halt_dd_-0.450,,,
HBAN,2026-03-13,stochrsi_oversold,level_6_halt_dd_-0.450,,,
HST,2026-03-13,williams_r_oversold,level_6_halt_dd_-0.450,,,
AOS,2026-03-13,stochrsi_oversold,level_6_halt_dd_-0.450,,,
RF,2026-03-13,stochrsi_oversold,level_6_halt_dd_-0.450,,,
FLR,2026-03-13,stochrsi_oversold,level_6_halt_dd_-0.450,,,
BDX,2026-03-13,stochrsi_oversold,level_6_halt_dd_-0.450,,,
MNMD,2026-03-13,cpr_narrow_bullish,level_6_halt_dd_-0.450,,,
JCI,2026-03-13,williams_r_oversold,level_6_halt_dd_-0.450,,,
UUUU,2026-03-13,williams_r_oversold,level_6_halt_dd_-0.450,,,
VIVO,2026-03-16,bollinger_tight,level_6_halt_dd_-0.450,,,
VET,2026-03-16,cpr_narrow_bullish,level_6_halt_dd_-0.450,,,
HOLX,2026-03-16,pivot_s1_bounce,level_6_halt_dd_-0.450,,,
MNMD,2026-03-16,cpr_narrow_bullish,level_6_halt_dd_-0.450,,,
AOS,2026-03-16,bollinger_tight,level_6_halt_dd_-0.450,,,
BAC,2026-03-16,bollinger_tight,level_6_halt_dd_-0.450,,,
XLE,2026-03-16,cpr_narrow_bullish,level_6_halt_dd_-0.450,,,
PETQ,2026-03-16,pivot_s1_bounce,level_6_halt_dd_-0.450,,,
HBAN,2026-03-16,bollinger_tight,level_6_halt_dd_-0.450,,,
BHVN,2026-03-16,bollinger_tight,level_6_halt_dd_-0.450,,,
HOLX,2026-03-17,williams_r_oversold,level_6_halt_dd_-0.450,,,
MNMD,2026-03-17,cpr_narrow_bullish,level_6_halt_dd_-0.450,,,
VET,2026-03-17,cpr_narrow_bullish,level_6_halt_dd_-0.450,,,
BHVN,2026-03-17,stochrsi_oversold,level_6_halt_dd_-0.450,,,
RKLB,2026-03-17,pivot_r1_breakout,level_6_halt_dd_-0.450,,,
AOS,2026-03-17,bollinger_tight,level_6_halt_dd_-0.450,,,
PETQ,2026-03-17,pivot_s1_bounce,level_6_halt_dd_-0.450,,,
XLE,2026-03-17,cpr_narrow_bullish,level_6_halt_dd_-0.450,,,
TNXP,2026-03-17,cpr_narrow_bullish,level_6_halt_dd_-0.450,,,
VIVO,2026-03-17,bollinger_tight,level_6_halt_dd_-0.450,,,
VET,2026-03-18,pivot_r2_continuation,level_6_halt_dd_-0.450,,,
HBAN,2026-03-18,bollinger_tight,level_6_halt_dd_-0.450,,,
COGT,2026-03-18,williams_r_oversold,level_6_halt_dd_-0.450,,,
BHVN,2026-03-18,stochrsi_oversold,level_6_halt_dd_-0.450,,,
MNMD,2026-03-18,cpr_narrow_bullish,level_6_halt_dd_-0.450,,,
VIVO,2026-03-18,stochrsi_oversold,level_6_halt_dd_-0.450,,,
AOS,2026-03-18,bollinger_tight,level_6_halt_dd_-0.450,,,
NDSN,2026-03-18,williams_r_oversold,level_6_halt_dd_-0.450,,,
SWIM,2026-03-18,bollinger_tight,level_6_halt_dd_-0.450,,,
PETQ,2026-03-18,pivot_s1_bounce,level_6_halt_dd_-0.450,,,
VET,2026-03-19,(any),ticker_already_open_concurrent_block_bug61,,,
XLE,2026-03-19,(any),ticker_already_open_concurrent_block_bug61,,,
VIVO,2026-03-19,bollinger_tight,dedup_one_position_per_ticker_per_day,,,
VIVO,2026-03-19,keltner_lower,dedup_one_position_per_ticker_per_day,,,
VIVO,2026-03-19,cpr_narrow_bullish,dedup_one_position_per_ticker_per_day,,,
VIVO,2026-03-19,hull_rsi,dedup_one_position_per_ticker_per_day,,,
VIVO,2026-03-19,adx_initiation,dedup_one_position_per_ticker_per_day,,,
VIVO,2026-03-19,supertrend_macd,dedup_one_position_per_ticker_per_day,,,
VIVO,2026-03-19,cpr_narrow_momentum,dedup_one_position_per_ticker_per_day,,,
VIVO,2026-03-19,supertrend_ichimoku_adx,dedup_one_position_per_ticker_per_day,,,
VIVO,2026-03-19,supertrend_macd_short,dedup_one_position_per_ticker_per_day,,,
VIVO,2026-03-19,hull_rsi_short,dedup_one_position_per_ticker_per_day,,,
VIVO,2026-03-19,cpr_narrow_momentum_short,dedup_one_position_per_ticker_per_day,,,
MNMD,2026-03-19,cpr_narrow_bullish,no_next_bar,,,
MNMD,2026-03-19,hull_rsi,no_next_bar,,,
MNMD,2026-03-19,ichimoku_cloud_breakout,no_next_bar,,,
MNMD,2026-03-19,adx_initiation,no_next_bar,,,
MNMD,2026-03-19,supertrend_macd,no_next_bar,,,
MNMD,2026-03-19,inside_bar_breakout,no_next_bar,,,
MNMD,2026-03-19,cpr_narrow_momentum,no_next_bar,,,
MNMD,2026-03-19,52wh_break_retest,no_next_bar,,,
MNMD,2026-03-19,break_retest_confluence,no_next_bar,,,
MNMD,2026-03-19,bollinger_tight,no_next_bar,,,
CSX,2026-03-19,(any),stopout_cooldown_active_5d_dec018,,,
UUUU,2026-03-19,stochrsi_oversold,dedup_one_position_per_ticker_per_day,,,
UUUU,2026-03-19,bollinger_tight,dedup_one_position_per_ticker_per_day,,,
UUUU,2026-03-19,cpr_narrow_bullish,dedup_one_position_per_ticker_per_day,,,
UUUU,2026-03-19,hull_rsi,dedup_one_position_per_ticker_per_day,,,
UUUU,2026-03-19,cpr_narrow_momentum,dedup_one_position_per_ticker_per_day,,,
UUUU,2026-03-19,hull_rsi_short,dedup_one_position_per_ticker_per_day,,,
UUUU,2026-03-19,cpr_narrow_momentum_short,dedup_one_position_per_ticker_per_day,,,
UUUU,2026-03-19,r1_break_retest,dedup_one_position_per_ticker_per_day,,,
UUUU,2026-03-19,break_retest_confluence,dedup_one_position_per_ticker_per_day,,,
IDYA,2026-03-19,macd_crossover,dedup_one_position_per_ticker_per_day,,,
IDYA,2026-03-19,hull_rsi,dedup_one_position_per_ticker_per_day,,,
IDYA,2026-03-19,force_index_breakout,dedup_one_position_per_ticker_per_day,,,
IDYA,2026-03-19,macd_ichimoku,dedup_one_position_per_ticker_per_day,,,
IDYA,2026-03-19,cpr_narrow_momentum,dedup_one_position_per_ticker_per_day,,,
IDYA,2026-03-19,macd_crossover_short,dedup_one_position_per_ticker_per_day,,,
IDYA,2026-03-19,hull_rsi_short,dedup_one_position_per_ticker_per_day,,,
IDYA,2026-03-19,cpr_narrow_momentum_short,dedup_one_position_per_ticker_per_day,,,
PSX,2026-03-19,ichimoku_cloud_breakout,dedup_one_position_per_ticker_per_day,,,
PSX,2026-03-19,supertrend_macd,dedup_one_position_per_ticker_per_day,,,
PSX,2026-03-19,supertrend_ichimoku_adx,dedup_one_position_per_ticker_per_day,,,
PSX,2026-03-19,r1_break_retest,dedup_one_position_per_ticker_per_day,,,
PSX,2026-03-19,52wh_break_retest,dedup_one_position_per_ticker_per_day,,,
PSX,2026-03-19,break_retest_confluence,dedup_one_position_per_ticker_per_day,,,
PSX,2026-03-19,bollinger_tight,dedup_one_position_per_ticker_per_day,,,
PETQ,2026-03-19,pivot_s1_bounce,no_next_bar,,,
PETQ,2026-03-19,hull_rsi,no_next_bar,,,
PETQ,2026-03-19,ichimoku_cloud_breakout,no_next_bar,,,
PETQ,2026-03-19,doji_at_support,no_next_bar,,,
PETQ,2026-03-19,supertrend_ichimoku_adx,no_next_bar,,,
PETQ,2026-03-19,dc20_break_retest,no_next_bar,,,
PETQ,2026-03-19,52wh_break_retest,no_next_bar,,,
PETQ,2026-03-19,bollinger_tight,no_next_bar,,,
HBAN,2026-03-19,cpr_narrow_bullish,dedup_one_position_per_ticker_per_day,,,
HBAN,2026-03-19,ichimoku_cloud_breakout,dedup_one_position_per_ticker_per_day,,,
HBAN,2026-03-19,adx_initiation,dedup_one_position_per_ticker_per_day,,,
HBAN,2026-03-19,cpr_narrow_momentum,dedup_one_position_per_ticker_per_day,,,
HBAN,2026-03-19,cpr_narrow_momentum_short,dedup_one_position_per_ticker_per_day,,,
HBAN,2026-03-19,break_retest_confluence,dedup_one_position_per_ticker_per_day,,,
HBAN,2026-03-19,lead_lag_sector_rotation,dedup_one_position_per_ticker_per_day,,,
NDSN,2026-03-20,williams_r_oversold,level_6_halt_dd_-0.429,,,
CCEP,2026-03-20,bollinger_lower,level_6_halt_dd_-0.429,,,
XLE,2026-03-20,cpr_narrow_bullish,level_6_halt_dd_-0.429,,,
COGT,2026-03-20,bollinger_tight,level_6_halt_dd_-0.429,,,
MNMD,2026-03-20,cpr_narrow_bullish,level_6_halt_dd_-0.429,,,
CSX,2026-03-20,bollinger_tight,level_6_halt_dd_-0.429,,,
VIVO,2026-03-20,bollinger_tight,level_6_halt_dd_-0.429,,,
HBAN,2026-03-20,inside_bar_breakout,level_6_halt_dd_-0.429,,,
HST,2026-03-20,williams_r_oversold,level_6_halt_dd_-0.429,,,
UUUU,2026-03-20,bollinger_lower,level_6_halt_dd_-0.429,,,
IDYA,2026-03-23,(any),ticker_already_open_concurrent_block_bug61,,,
RKLB,2026-03-23,cpr_narrow_bullish,dedup_one_position_per_ticker_per_day,,,
RKLB,2026-03-23,macd_crossover,dedup_one_position_per_ticker_per_day,,,
RKLB,2026-03-23,hull_rsi,dedup_one_position_per_ticker_per_day,,,
RKLB,2026-03-23,tema_dema,dedup_one_position_per_ticker_per_day,,,
RKLB,2026-03-23,macd_ichimoku,dedup_one_position_per_ticker_per_day,,,
RKLB,2026-03-23,cpr_narrow_momentum,dedup_one_position_per_ticker_per_day,,,
RKLB,2026-03-23,macd_crossover_short,dedup_one_position_per_ticker_per_day,,,
RKLB,2026-03-23,hull_rsi_short,dedup_one_position_per_ticker_per_day,,,
RKLB,2026-03-23,cpr_narrow_momentum_short,dedup_one_position_per_ticker_per_day,,,
RKLB,2026-03-23,lead_lag_sector_rotation,dedup_one_position_per_ticker_per_day,,,
MNMD,2026-03-23,cpr_narrow_bullish,no_next_bar,,,
MNMD,2026-03-23,hull_rsi,no_next_bar,,,
MNMD,2026-03-23,ichimoku_cloud_breakout,no_next_bar,,,
MNMD,2026-03-23,adx_initiation,no_next_bar,,,
MNMD,2026-03-23,supertrend_macd,no_next_bar,,,
MNMD,2026-03-23,inside_bar_breakout,no_next_bar,,,
MNMD,2026-03-23,cpr_narrow_momentum,no_next_bar,,,
MNMD,2026-03-23,52wh_break_retest,no_next_bar,,,
MNMD,2026-03-23,break_retest_confluence,no_next_bar,,,
MNMD,2026-03-23,bollinger_tight,no_next_bar,,,
CCEP,2026-03-23,bollinger_tight,dedup_one_position_per_ticker_per_day,,,
CCEP,2026-03-23,inside_bar_breakout,dedup_one_position_per_ticker_per_day,,,
CCEP,2026-03-23,cpr_narrow_bullish,dedup_one_position_per_ticker_per_day,,,
CCEP,2026-03-23,hull_rsi,dedup_one_position_per_ticker_per_day,,,
CCEP,2026-03-23,cpr_narrow_momentum,dedup_one_position_per_ticker_per_day,,,
CCEP,2026-03-23,hull_rsi_short,dedup_one_position_per_ticker_per_day,,,
CCEP,2026-03-23,cpr_narrow_momentum_short,dedup_one_position_per_ticker_per_day,,,
CCEP,2026-03-23,dc20_break_retest,dedup_one_position_per_ticker_per_day,,,
CCEP,2026-03-23,break_retest_confluence,dedup_one_position_per_ticker_per_day,,,
ALMS,2026-03-23,bollinger_tight,dedup_one_position_per_ticker_per_day,,,
ALMS,2026-03-23,cpr_narrow_bullish,dedup_one_position_per_ticker_per_day,,,
ALMS,2026-03-23,hull_rsi,dedup_one_position_per_ticker_per_day,,,
ALMS,2026-03-23,cpr_narrow_momentum,dedup_one_position_per_ticker_per_day,,,
ALMS,2026-03-23,hull_rsi_short,dedup_one_position_per_ticker_per_day,,,
ALMS,2026-03-23,cpr_narrow_momentum_short,dedup_one_position_per_ticker_per_day,,,
ALMS,2026-03-23,r1_break_retest,dedup_one_position_per_ticker_per_day,,,
ALMS,2026-03-23,break_retest_confluence,dedup_one_position_per_ticker_per_day,,,
ALMS,2026-03-23,lead_lag_sector_rotation,dedup_one_position_per_ticker_per_day,,,
BHVN,2026-03-23,bollinger_tight,dedup_one_position_per_ticker_per_day,,,
BHVN,2026-03-23,cpr_narrow_bullish,dedup_one_position_per_ticker_per_day,,,
BHVN,2026-03-23,hull_rsi,dedup_one_position_per_ticker_per_day,,,
BHVN,2026-03-23,cpr_narrow_momentum,dedup_one_position_per_ticker_per_day,,,
BHVN,2026-03-23,hull_rsi_short,dedup_one_position_per_ticker_per_day,,,
BHVN,2026-03-23,cpr_narrow_momentum_short,dedup_one_position_per_ticker_per_day,,,
BHVN,2026-03-23,r1_break_retest,dedup_one_position_per_ticker_per_day,,,
BHVN,2026-03-23,break_retest_confluence,dedup_one_position_per_ticker_per_day,,,
BHVN,2026-03-23,lead_lag_sector_rotation,dedup_one_position_per_ticker_per_day,,,
XLE,2026-03-23,(any),ticker_already_open_concurrent_block_bug61,,,
PETQ,2026-03-23,pivot_s1_bounce,no_next_bar,,,
PETQ,2026-03-23,hull_rsi,no_next_bar,,,
PETQ,2026-03-23,ichimoku_cloud_breakout,no_next_bar,,,
PETQ,2026-03-23,doji_at_support,no_next_bar,,,
PETQ,2026-03-23,supertrend_ichimoku_adx,no_next_bar,,,
PETQ,2026-03-23,dc20_break_retest,no_next_bar,,,
PETQ,2026-03-23,52wh_break_retest,no_next_bar,,,
PETQ,2026-03-23,bollinger_tight,no_next_bar,,,
TNXP,2026-03-23,awesome_oscillator,dedup_one_position_per_ticker_per_day,,,
TNXP,2026-03-23,golden_cross_9_21,dedup_one_position_per_ticker_per_day,,,
TNXP,2026-03-23,adx_initiation,dedup_one_position_per_ticker_per_day,,,
TNXP,2026-03-23,supertrend_macd,dedup_one_position_per_ticker_per_day,,,
TNXP,2026-03-23,break_retest_confluence,dedup_one_position_per_ticker_per_day,,,
TNXP,2026-03-23,bollinger_tight,dedup_one_position_per_ticker_per_day,,,
VET,2026-03-23,(any),stopout_cooldown_active_5d_dec018,,,
RKLB,2026-03-24,williams_r_oversold,level_6_halt_dd_-0.397,,,
PSX,2026-03-24,pivot_r2_continuation,level_6_halt_dd_-0.397,,,
IDYA,2026-03-24,bollinger_lower,level_6_halt_dd_-0.397,,,
MNMD,2026-03-24,cpr_narrow_bullish,level_6_halt_dd_-0.397,,,
XLE,2026-03-24,cpr_narrow_bullish,level_6_halt_dd_-0.397,,,
ALMS,2026-03-24,williams_r_oversold,level_6_halt_dd_-0.397,,,
CCEP,2026-03-24,stochrsi_oversold,level_6_halt_dd_-0.397,,,
CRWD,2026-03-24,cpr_narrow_bullish,level_6_halt_dd_-0.397,,,
PETQ,2026-03-24,pivot_s1_bounce,level_6_halt_dd_-0.397,,,
VIVO,2026-03-24,stochrsi_oversold,level_6_halt_dd_-0.397,,,
MNMD,2026-03-25,cpr_narrow_bullish,level_6_halt_dd_-0.397,,,
XLE,2026-03-25,hull_rsi,level_6_halt_dd_-0.397,,,
RKLB,2026-03-25,pivot_r1_breakout,level_6_halt_dd_-0.397,,,
PETQ,2026-03-25,pivot_s1_bounce,level_6_halt_dd_-0.397,,,
GNRC,2026-03-25,cmf_flip,level_6_halt_dd_-0.397,,,
PSX,2026-03-25,hull_rsi,level_6_halt_dd_-0.397,,,
VIVO,2026-03-25,camarilla_r3_breakout,level_6_halt_dd_-0.397,,,
MORF,2026-03-25,pivot_r2_continuation,level_6_halt_dd_-0.397,,,
IDYA,2026-03-25,bollinger_tight,level_6_halt_dd_-0.397,,,
CRWD,2026-03-25,williams_stoch_dual,level_6_halt_dd_-0.397,,,
RKLB,2026-03-26,bollinger_tight,level_6_halt_dd_-0.409,,,
XLE,2026-03-26,pivot_r2_continuation,level_6_halt_dd_-0.409,,,
VIVO,2026-03-26,stochrsi_oversold,level_6_halt_dd_-0.409,,,
MNMD,2026-03-26,cpr_narrow_bullish,level_6_halt_dd_-0.409,,,
PSX,2026-03-26,cpr_narrow_bullish,level_6_halt_dd_-0.409,,,
NVDA,2026-03-26,bollinger_lower,level_6_halt_dd_-0.409,,,
VET,2026-03-26,cpr_narrow_bullish,level_6_halt_dd_-0.409,,,
PETQ,2026-03-26,pivot_s1_bounce,level_6_halt_dd_-0.409,,,
TNXP,2026-03-26,adx_initiation,level_6_halt_dd_-0.409,,,
SWIM,2026-03-26,williams_stoch_dual,level_6_halt_dd_-0.409,,,
NDSN,2026-03-27,bollinger_tight,level_6_halt_dd_-0.400,,,
VET,2026-03-27,pivot_r2_continuation,level_6_halt_dd_-0.400,,,
XLE,2026-03-27,cpr_narrow_bullish,level_6_halt_dd_-0.400,,,
LCID,2026-03-27,bollinger_tight,level_6_halt_dd_-0.400,,,
PSX,2026-03-27,cpr_narrow_bullish,level_6_halt_dd_-0.400,,,
MNMD,2026-03-27,cpr_narrow_bullish,level_6_halt_dd_-0.400,,,
VIVO,2026-03-27,macd_fast_crossover,level_6_halt_dd_-0.400,,,
RKLB,2026-03-27,bollinger_tight,level_6_halt_dd_-0.400,,,
IDYA,2026-03-27,bollinger_tight,level_6_halt_dd_-0.400,,,
SWIM,2026-03-27,bollinger_tight,level_6_halt_dd_-0.400,,,
ALMS,2026-03-30,bollinger_lower,level_6_halt_dd_-0.404,,,
TNXP,2026-03-30,bollinger_lower,level_6_halt_dd_-0.404,,,
JCI,2026-03-30,bollinger_lower,level_6_halt_dd_-0.404,,,
GNRC,2026-03-30,bollinger_lower,level_6_halt_dd_-0.404,,,
RKLB,2026-03-30,bollinger_lower,level_6_halt_dd_-0.404,,,
FLR,2026-03-30,morning_star,level_6_halt_dd_-0.404,,,
MNMD,2026-03-30,cpr_narrow_bullish,level_6_halt_dd_-0.404,,,
NDSN,2026-03-30,bollinger_tight,level_6_halt_dd_-0.404,,,
AOS,2026-03-30,williams_stoch_dual,level_6_halt_dd_-0.404,,,
UUUU,2026-03-30,bollinger_tight,level_6_halt_dd_-0.404,,,
MNMD,2026-03-31,cpr_narrow_bullish,level_6_halt_dd_-0.407,,,
COGT,2026-03-31,pivot_r1_breakout,level_6_halt_dd_-0.407,,,
PETQ,2026-03-31,pivot_s1_bounce,level_6_halt_dd_-0.407,,,
VIVO,2026-03-31,cpr_narrow_bullish,level_6_halt_dd_-0.407,,,
VET,2026-03-31,ichimoku_cloud_breakout,level_6_halt_dd_-0.407,,,
RF,2026-03-31,pivot_r2_continuation,level_6_halt_dd_-0.407,,,
PSX,2026-03-31,ichimoku_cloud_breakout,level_6_halt_dd_-0.407,,,
HBAN,2026-03-31,hull_rsi,level_6_halt_dd_-0.407,,,
MORF,2026-03-31,pivot_r2_continuation,level_6_halt_dd_-0.407,,,
CSX,2026-03-31,cpr_narrow_bullish,level_6_halt_dd_-0.407,,,
XLE,2026-04-01,ichimoku_cloud_breakout,level_6_halt_dd_-0.407,,,
MNMD,2026-04-01,cpr_narrow_bullish,level_6_halt_dd_-0.407,,,
VIVO,2026-04-01,stochrsi_oversold,level_6_halt_dd_-0.407,,,
WMB,2026-04-01,bollinger_tight,level_6_halt_dd_-0.407,,,
PETQ,2026-04-01,pivot_s1_bounce,level_6_halt_dd_-0.407,,,
CSX,2026-04-01,cpr_narrow_bullish,level_6_halt_dd_-0.407,,,
PSX,2026-04-01,ichimoku_cloud_breakout,level_6_halt_dd_-0.407,,,
MORF,2026-04-01,pivot_r2_continuation,level_6_halt_dd_-0.407,,,
HBAN,2026-04-01,hull_rsi,level_6_halt_dd_-0.407,,,
VET,2026-04-01,ichimoku_cloud_breakout,level_6_halt_dd_-0.407,,,
MNMD,2026-04-02,cpr_narrow_bullish,level_6_halt_dd_-0.407,,,
PETQ,2026-04-02,pivot_s1_bounce,level_6_halt_dd_-0.407,,,
VIVO,2026-04-02,cpr_narrow_bullish,level_6_halt_dd_-0.407,,,
GNRC,2026-04-02,cpr_narrow_bullish,level_6_halt_dd_-0.407,,,
RF,2026-04-02,cpr_narrow_bullish,level_6_halt_dd_-0.407,,,
MORF,2026-04-02,pivot_r2_continuation,level_6_halt_dd_-0.407,,,
NDSN,2026-04-02,cpr_narrow_bullish,level_6_halt_dd_-0.407,,,
CSX,2026-04-02,hull_rsi,level_6_halt_dd_-0.407,,,
PSX,2026-04-02,ichimoku_cloud_breakout,level_6_halt_dd_-0.407,,,
BHVN,2026-04-02,cpr_narrow_bullish,level_6_halt_dd_-0.407,,,
MNMD,2026-04-03,cpr_narrow_bullish,level_6_halt_dd_-0.407,,,
PETQ,2026-04-03,pivot_s1_bounce,level_6_halt_dd_-0.407,,,
VIVO,2026-04-03,cpr_narrow_bullish,level_6_halt_dd_-0.407,,,
GNRC,2026-04-03,cpr_narrow_bullish,level_6_halt_dd_-0.407,,,
RF,2026-04-03,cpr_narrow_bullish,level_6_halt_dd_-0.407,,,
MORF,2026-04-03,pivot_r2_continuation,level_6_halt_dd_-0.407,,,
NDSN,2026-04-03,cpr_narrow_bullish,level_6_halt_dd_-0.407,,,
CSX,2026-04-03,hull_rsi,level_6_halt_dd_-0.407,,,
PSX,2026-04-03,ichimoku_cloud_breakout,level_6_halt_dd_-0.407,,,
BHVN,2026-04-03,cpr_narrow_bullish,level_6_halt_dd_-0.407,,,
HOLX,2026-04-06,pivot_r1_breakout,level_6_halt_dd_-0.407,,,
MNMD,2026-04-06,cpr_narrow_bullish,level_6_halt_dd_-0.407,,,
CSX,2026-04-06,cpr_narrow_bullish,level_6_halt_dd_-0.407,,,
RF,2026-04-06,cpr_narrow_bullish,level_6_halt_dd_-0.407,,,
PETQ,2026-04-06,pivot_s1_bounce,level_6_halt_dd_-0.407,,,
HBAN,2026-04-06,cpr_narrow_bullish,level_6_halt_dd_-0.407,,,
ALMS,2026-04-06,cpr_narrow_bullish,level_6_halt_dd_-0.407,,,
MORF,2026-04-06,pivot_r2_continuation,level_6_halt_dd_-0.407,,,
REZI,2026-04-06,cpr_narrow_bullish,level_6_halt_dd_-0.407,,,
GNRC,2026-04-06,macd_fast_crossover,level_6_halt_dd_-0.407,,,
HOLX,2026-04-07,pivot_r1_breakout,level_6_halt_dd_-0.405,,,
LCID,2026-04-07,bollinger_lower,level_6_halt_dd_-0.405,,,
MNMD,2026-04-07,cpr_narrow_bullish,level_6_halt_dd_-0.405,,,
IDYA,2026-04-07,pivot_r1_breakout,level_6_halt_dd_-0.405,,,
BAC,2026-04-07,cpr_narrow_bullish,level_6_halt_dd_-0.405,,,
PETQ,2026-04-07,pivot_s1_bounce,level_6_halt_dd_-0.405,,,
HBAN,2026-04-07,hull_rsi,level_6_halt_dd_-0.405,,,
FLR,2026-04-07,cpr_narrow_bullish,level_6_halt_dd_-0.405,,,
REZI,2026-04-07,cpr_narrow_bullish,level_6_halt_dd_-0.405,,,
RF,2026-04-07,hull_rsi,level_6_halt_dd_-0.405,,,
HOLX,2026-04-08,pivot_r1_breakout,level_6_halt_dd_-0.386,,,
MNMD,2026-04-08,cpr_narrow_bullish,level_6_halt_dd_-0.386,,,
CCEP,2026-04-08,pivot_r2_continuation,level_6_halt_dd_-0.386,,,
CSX,2026-04-08,cpr_narrow_bullish,level_6_halt_dd_-0.386,,,
JCI,2026-04-08,pivot_r2_continuation,level_6_halt_dd_-0.386,,,
RF,2026-04-08,pivot_r2_continuation,level_6_halt_dd_-0.386,,,
XLE,2026-04-08,ichimoku_cloud_breakout,level_6_halt_dd_-0.386,,,
PSX,2026-04-08,williams_r_oversold,level_6_halt_dd_-0.386,,,
PETQ,2026-04-08,pivot_s1_bounce,level_6_halt_dd_-0.386,,,
BAC,2026-04-08,cpr_narrow_bullish,level_6_halt_dd_-0.386,,,
HOLX,2026-04-09,pivot_r1_breakout,level_6_halt_dd_-0.386,,,
CSX,2026-04-09,cpr_narrow_bullish,level_6_halt_dd_-0.386,,,
MNMD,2026-04-09,cpr_narrow_bullish,level_6_halt_dd_-0.386,,,
BAC,2026-04-09,cpr_narrow_bullish,level_6_halt_dd_-0.386,,,
HBAN,2026-04-09,cpr_narrow_bullish,level_6_halt_dd_-0.386,,,
PSX,2026-04-09,ichimoku_cloud_breakout,level_6_halt_dd_-0.386,,,
RF,2026-04-09,pivot_r2_continuation,level_6_halt_dd_-0.386,,,
PETQ,2026-04-09,pivot_s1_bounce,level_6_halt_dd_-0.386,,,
VET,2026-04-09,williams_r_oversold,level_6_halt_dd_-0.386,,,
REZI,2026-04-09,cpr_narrow_bullish,level_6_halt_dd_-0.386,,,
HOLX,2026-04-10,pivot_r1_breakout,level_6_halt_dd_-0.386,,,
MNMD,2026-04-10,cpr_narrow_bullish,level_6_halt_dd_-0.386,,,
JCI,2026-04-10,cpr_narrow_bullish,level_6_halt_dd_-0.386,,,
BAC,2026-04-10,cpr_narrow_bullish,level_6_halt_dd_-0.386,,,
VET,2026-04-10,williams_r_oversold,level_6_halt_dd_-0.386,,,
CRWD,2026-04-10,pivot_r1_breakout,level_6_halt_dd_-0.386,,,
PETQ,2026-04-10,pivot_s1_bounce,level_6_halt_dd_-0.386,,,
HBAN,2026-04-10,hull_rsi,level_6_halt_dd_-0.386,,,
PSX,2026-04-10,stochrsi_oversold,level_6_halt_dd_-0.386,,,
XLE,2026-04-10,ichimoku_cloud_breakout,level_6_halt_dd_-0.386,,,
HOLX,2026-04-13,pivot_r1_breakout,level_6_halt_dd_-0.386,,,
JCI,2026-04-13,cpr_narrow_bullish,level_6_halt_dd_-0.386,,,
NDSN,2026-04-13,cpr_narrow_bullish,level_6_halt_dd_-0.386,,,
HBAN,2026-04-13,cpr_narrow_bullish,level_6_halt_dd_-0.386,,,
MNMD,2026-04-13,cpr_narrow_bullish,level_6_halt_dd_-0.386,,,
REZI,2026-04-13,cpr_narrow_bullish,level_6_halt_dd_-0.386,,,
HST,2026-04-13,cpr_narrow_bullish,level_6_halt_dd_-0.386,,,
RF,2026-04-13,cpr_narrow_bullish,level_6_halt_dd_-0.386,,,
WMB,2026-04-13,bollinger_tight,level_6_halt_dd_-0.386,,,
BAC,2026-04-13,cpr_narrow_bullish,level_6_halt_dd_-0.386,,,
HOLX,2026-04-14,pivot_r1_breakout,level_6_halt_dd_-0.386,,,
MNMD,2026-04-14,cpr_narrow_bullish,level_6_halt_dd_-0.386,,,
NDSN,2026-04-14,hull_rsi,level_6_halt_dd_-0.386,,,
XLE,2026-04-14,bollinger_lower,level_6_halt_dd_-0.386,,,
REZI,2026-04-14,pivot_r1_breakout,level_6_halt_dd_-0.386,,,
GNRC,2026-04-14,cpr_narrow_bullish,level_6_halt_dd_-0.386,,,
HBAN,2026-04-14,cpr_narrow_bullish,level_6_halt_dd_-0.386,,,
PSX,2026-04-14,bollinger_tight,level_6_halt_dd_-0.386,,,
CSX,2026-04-14,cpr_narrow_bullish,level_6_halt_dd_-0.386,,,
FOX,2026-04-14,cpr_narrow_bullish,level_6_halt_dd_-0.386,,,
AOS,2026-04-15,supertrend_macd,level_6_halt_dd_-0.386,,,
BAC,2026-04-15,pivot_r1_breakout,level_6_halt_dd_-0.386,,,
LCID,2026-04-15,bollinger_tight,level_6_halt_dd_-0.386,,,
HOLX,2026-04-15,pivot_r1_breakout,level_6_halt_dd_-0.386,,,
MNMD,2026-04-15,cpr_narrow_bullish,level_6_halt_dd_-0.386,,,
WMB,2026-04-15,bollinger_lower,level_6_halt_dd_-0.386,,,
UUUU,2026-04-15,cpr_narrow_bullish,level_6_halt_dd_-0.386,,,
BAM,2026-04-15,cpr_narrow_bullish,level_6_halt_dd_-0.386,,,
HBAN,2026-04-15,cpr_narrow_bullish,level_6_halt_dd_-0.386,,,
XLE,2026-04-15,stochrsi_oversold,level_6_halt_dd_-0.386,,,
LCID,2026-04-16,stochrsi_oversold,level_6_halt_dd_-0.386,,,
HOLX,2026-04-16,pivot_r1_breakout,level_6_halt_dd_-0.386,,,
MNMD,2026-04-16,cpr_narrow_bullish,level_6_halt_dd_-0.386,,,
FOX,2026-04-16,cpr_narrow_bullish,level_6_halt_dd_-0.386,,,
BAM,2026-04-16,cpr_narrow_bullish,level_6_halt_dd_-0.386,,,
CSX,2026-04-16,cpr_narrow_bullish,level_6_halt_dd_-0.386,,,
PETQ,2026-04-16,pivot_s1_bounce,level_6_halt_dd_-0.386,,,
AOS,2026-04-16,supertrend_macd,level_6_halt_dd_-0.386,,,
RKLB,2026-04-16,pivot_r1_breakout,level_6_halt_dd_-0.386,,,
UUUU,2026-04-16,cpr_narrow_bullish,level_6_halt_dd_-0.386,,,
LCID,2026-04-17,stochrsi_oversold,level_6_halt_dd_-0.386,,,
FOX,2026-04-17,cpr_narrow_bullish,level_6_halt_dd_-0.386,,,
HOLX,2026-04-17,pivot_r1_breakout,level_6_halt_dd_-0.386,,,
XLE,2026-04-17,williams_r_oversold,level_6_halt_dd_-0.386,,,
MNMD,2026-04-17,cpr_narrow_bullish,level_6_halt_dd_-0.386,,,
IFF,2026-04-17,pivot_r1_breakout,level_6_halt_dd_-0.386,,,
CSX,2026-04-17,cpr_narrow_bullish,level_6_halt_dd_-0.386,,,
BAM,2026-04-17,cpr_narrow_bullish,level_6_halt_dd_-0.386,,,
NVDA,2026-04-17,cpr_narrow_bullish,level_6_halt_dd_-0.386,,,
HST,2026-04-17,cpr_narrow_bullish,level_6_halt_dd_-0.386,,,
LCID,2026-04-20,bollinger_lower,level_6_halt_dd_-0.386,,,
HOLX,2026-04-20,pivot_r1_breakout,level_6_halt_dd_-0.386,,,
CSX,2026-04-20,cpr_narrow_bullish,level_6_halt_dd_-0.386,,,
MNMD,2026-04-20,cpr_narrow_bullish,level_6_halt_dd_-0.386,,,
HST,2026-04-20,cpr_narrow_bullish,level_6_halt_dd_-0.386,,,
NDSN,2026-04-20,cpr_narrow_bullish,level_6_halt_dd_-0.386,,,
RF,2026-04-20,cpr_narrow_bullish,level_6_halt_dd_-0.386,,,
HBAN,2026-04-20,cpr_narrow_bullish,level_6_halt_dd_-0.386,,,
PETQ,2026-04-20,pivot_s1_bounce,level_6_halt_dd_-0.386,,,
PSX,2026-04-20,williams_r_oversold,level_6_halt_dd_-0.386,,,
HOLX,2026-04-21,pivot_r1_breakout,level_6_halt_dd_-0.386,,,
MNMD,2026-04-21,cpr_narrow_bullish,level_6_halt_dd_-0.386,,,
PETQ,2026-04-21,pivot_s1_bounce,level_6_halt_dd_-0.386,,,
NDSN,2026-04-21,cpr_narrow_bullish,level_6_halt_dd_-0.386,,,
VIVO,2026-04-21,supertrend_macd,level_6_halt_dd_-0.386,,,
FLR,2026-04-21,cpr_narrow_bullish,level_6_halt_dd_-0.386,,,
WMB,2026-04-21,bollinger_tight,level_6_halt_dd_-0.386,,,
MORF,2026-04-21,pivot_r2_continuation,level_6_halt_dd_-0.386,,,
REZI,2026-04-21,cpr_narrow_bullish,level_6_halt_dd_-0.386,,,
ALMS,2026-04-21,cpr_narrow_bullish,level_6_halt_dd_-0.386,,,
HOLX,2026-04-22,pivot_r1_breakout,level_6_halt_dd_-0.386,,,
MNMD,2026-04-22,cpr_narrow_bullish,level_6_halt_dd_-0.386,,,
NVDA,2026-04-22,cpr_narrow_bullish,level_6_halt_dd_-0.386,,,
FOX,2026-04-22,cpr_narrow_bullish,level_6_halt_dd_-0.386,,,
ALMS,2026-04-22,cpr_narrow_bullish,level_6_halt_dd_-0.386,,,
PETQ,2026-04-22,pivot_s1_bounce,level_6_halt_dd_-0.386,,,
LCID,2026-04-22,bollinger_tight,level_6_halt_dd_-0.386,,,
AOS,2026-04-22,supertrend_macd,level_6_halt_dd_-0.386,,,
UUUU,2026-04-22,cpr_narrow_bullish,level_6_halt_dd_-0.386,,,
RKLB,2026-04-22,cpr_narrow_bullish,level_6_halt_dd_-0.386,,,
CSX,2026-04-23,pivot_r1_breakout,level_6_halt_dd_-0.386,,,
LCID,2026-04-23,bollinger_lower,level_6_halt_dd_-0.386,,,
IDYA,2026-04-23,morning_star,level_6_halt_dd_-0.386,,,
HOLX,2026-04-23,pivot_r1_breakout,level_6_halt_dd_-0.386,,,
MNMD,2026-04-23,cpr_narrow_bullish,level_6_halt_dd_-0.386,,,
TNXP,2026-04-23,cpr_narrow_bullish,level_6_halt_dd_-0.386,,,
VIVO,2026-04-23,pivot_r1_breakout,level_6_halt_dd_-0.386,,,
GNRC,2026-04-23,cpr_narrow_bullish,level_6_halt_dd_-0.386,,,
PETQ,2026-04-23,pivot_s1_bounce,level_6_halt_dd_-0.386,,,
CG,2026-04-23,supertrend_macd,level_6_halt_dd_-0.386,,,
HOLX,2026-04-24,pivot_r1_breakout,level_6_halt_dd_-0.386,,,
MNMD,2026-04-24,cpr_narrow_bullish,level_6_halt_dd_-0.386,,,
BDX,2026-04-24,supertrend_macd,level_6_halt_dd_-0.386,,,
NVDA,2026-04-24,cpr_narrow_bullish,level_6_halt_dd_-0.386,,,
PETQ,2026-04-24,pivot_s1_bounce,level_6_halt_dd_-0.386,,,
IDYA,2026-04-24,cpr_narrow_bullish,level_6_halt_dd_-0.386,,,
LCID,2026-04-24,stochrsi_oversold,level_6_halt_dd_-0.386,,,
GNRC,2026-04-24,cpr_narrow_bullish,level_6_halt_dd_-0.386,,,
CSX,2026-04-24,hull_rsi,level_6_halt_dd_-0.386,,,
IFF,2026-04-24,stochrsi_oversold,level_6_halt_dd_-0.386,,,
FLR,2026-04-27,pivot_r1_breakout,level_6_halt_dd_-0.386,,,
HOLX,2026-04-27,pivot_r1_breakout,level_6_halt_dd_-0.386,,,
MNMD,2026-04-27,cpr_narrow_bullish,level_6_halt_dd_-0.386,,,
IDYA,2026-04-27,bollinger_lower,level_6_halt_dd_-0.386,,,
NVDA,2026-04-27,cpr_narrow_bullish,level_6_halt_dd_-0.386,,,
LCID,2026-04-27,stochrsi_oversold,level_6_halt_dd_-0.386,,,
CG,2026-04-27,cpr_narrow_bullish,level_6_halt_dd_-0.386,,,
PETQ,2026-04-27,pivot_s1_bounce,level_6_halt_dd_-0.386,,,
BDX,2026-04-27,supertrend_macd,level_6_halt_dd_-0.386,,,
MORF,2026-04-27,pivot_r2_continuation,level_6_halt_dd_-0.386,,,
HOLX,2026-04-28,pivot_r1_breakout,level_6_halt_dd_-0.386,,,
MNMD,2026-04-28,cpr_narrow_bullish,level_6_halt_dd_-0.386,,,
BHVN,2026-04-28,cpr_narrow_bullish,level_6_halt_dd_-0.386,,,
BDX,2026-04-28,supertrend_macd,level_6_halt_dd_-0.386,,,
PETQ,2026-04-28,pivot_s1_bounce,level_6_halt_dd_-0.386,,,
LCID,2026-04-28,stochrsi_oversold,level_6_halt_dd_-0.386,,,
IDYA,2026-04-28,bollinger_lower,level_6_halt_dd_-0.386,,,
NVDA,2026-04-28,hull_rsi,level_6_halt_dd_-0.386,,,
CG,2026-04-28,cpr_narrow_bullish,level_6_halt_dd_-0.386,,,
TNXP,2026-04-28,cpr_narrow_bullish,level_6_halt_dd_-0.386,,,
BDX,2026-04-29,bollinger_lower,level_6_halt_dd_-0.386,,,
GNRC,2026-04-29,pivot_r1_breakout,level_6_halt_dd_-0.386,,,
HOLX,2026-04-29,pivot_r1_breakout,level_6_halt_dd_-0.386,,,
CCEP,2026-04-29,cpr_narrow_bullish,level_6_halt_dd_-0.386,,,
MNMD,2026-04-29,cpr_narrow_bullish,level_6_halt_dd_-0.386,,,
IFF,2026-04-29,bollinger_lower,level_6_halt_dd_-0.386,,,
LCID,2026-04-29,bollinger_tight,level_6_halt_dd_-0.386,,,
BAM,2026-04-29,cpr_narrow_bullish,level_6_halt_dd_-0.386,,,
PETQ,2026-04-29,pivot_s1_bounce,level_6_halt_dd_-0.386,,,
HBAN,2026-04-29,cpr_narrow_bullish,level_6_halt_dd_-0.386,,,
AOS,2026-04-30,bollinger_lower,level_6_halt_dd_-0.386,,,
GNRC,2026-04-30,cpr_narrow_bullish,level_6_halt_dd_-0.386,,,
WMB,2026-04-30,pivot_r1_breakout,level_6_halt_dd_-0.386,,,
HOLX,2026-04-30,pivot_r1_breakout,level_6_halt_dd_-0.386,,,
AWK,2026-04-30,bollinger_lower,level_6_halt_dd_-0.386,,,
NDSN,2026-04-30,pivot_r1_breakout,level_6_halt_dd_-0.386,,,
FLR,2026-04-30,pivot_r1_breakout,level_6_halt_dd_-0.386,,,
MNMD,2026-04-30,cpr_narrow_bullish,level_6_halt_dd_-0.386,,,
JCI,2026-04-30,cpr_narrow_bullish,level_6_halt_dd_-0.386,,,
CSX,2026-04-30,cpr_narrow_bullish,level_6_halt_dd_-0.386,,,
HOLX,2026-05-01,pivot_r1_breakout,level_6_halt_dd_-0.386,,,
MNMD,2026-05-01,cpr_narrow_bullish,level_6_halt_dd_-0.386,,,
CCEP,2026-05-01,pivot_s1_bounce,level_6_halt_dd_-0.386,,,
AOS,2026-05-01,bollinger_lower,level_6_halt_dd_-0.386,,,
IDYA,2026-05-01,bollinger_tight,level_6_halt_dd_-0.386,,,
GNRC,2026-05-01,cpr_narrow_bullish,level_6_halt_dd_-0.386,,,
PETQ,2026-05-01,pivot_s1_bounce,level_6_halt_dd_-0.386,,,
AWK,2026-05-01,stochrsi_oversold,level_6_halt_dd_-0.386,,,
PSX,2026-05-01,hull_rsi,level_6_halt_dd_-0.386,,,
CRWD,2026-05-01,cpr_narrow_bullish,level_6_halt_dd_-0.386,,,
HOLX,2026-05-04,pivot_r1_breakout,level_6_halt_dd_-0.388,,,
AOS,2026-05-04,bollinger_lower,level_6_halt_dd_-0.388,,,
BDX,2026-05-04,bollinger_lower,level_6_halt_dd_-0.388,,,
MNMD,2026-05-04,cpr_narrow_bullish,level_6_halt_dd_-0.388,,,
CCEP,2026-05-04,bollinger_lower,level_6_halt_dd_-0.388,,,
AWK,2026-05-04,bollinger_lower,level_6_halt_dd_-0.388,,,
GNRC,2026-05-04,hull_rsi,level_6_halt_dd_-0.388,,,
PETQ,2026-05-04,pivot_s1_bounce,level_6_halt_dd_-0.388,,,
XLE,2026-05-04,cpr_narrow_bullish,level_6_halt_dd_-0.388,,,
CRWD,2026-05-04,cpr_narrow_bullish,level_6_halt_dd_-0.388,,,
HOLX,2026-05-05,pivot_r1_breakout,level_6_halt_dd_-0.388,,,
WMB,2026-05-05,pivot_r1_breakout,level_6_halt_dd_-0.388,,,
AOS,2026-05-05,stochrsi_oversold,level_6_halt_dd_-0.388,,,
MNMD,2026-05-05,cpr_narrow_bullish,level_6_halt_dd_-0.388,,,
GNRC,2026-05-05,pivot_r2_continuation,level_6_halt_dd_-0.388,,,
PSX,2026-05-05,cpr_narrow_bullish,level_6_halt_dd_-0.388,,,
PETQ,2026-05-05,pivot_s1_bounce,level_6_halt_dd_-0.388,,,
AWK,2026-05-05,bollinger_tight,level_6_halt_dd_-0.388,,,
JCI,2026-05-05,cpr_narrow_bullish,level_6_halt_dd_-0.388,,,
CSX,2026-05-05,cpr_narrow_bullish,level_6_halt_dd_-0.388,,,
