strategy,exit_method,trades,win_rate,profit_factor,avg_pnl_pct,total_roi_pct,max_drawdown_pct,avg_hold_days,actual_fire_rate,composite_score,recommended
roc_burst,ma_exit_ema9,17,0.5294,3.9416,4.1908,71.2437,-9.4766,11.9,0.9412,79.88,True
roc_burst,break_even_at_1r,17,0.2353,3.3124,3.3402,56.7834,-11.6405,23.4,0.9412,71.49,False
roc_burst,chandelier_3x,17,0.3529,2.8088,3.5086,59.6464,-14.1207,17.9,0.9412,69.06,False
roc_burst,r_multiple_2r,17,0.5294,2.1707,1.9588,33.3004,-10.5049,8.5,1.0,68.62,False
roc_burst,r_multiple_3r,17,0.4706,2.4609,2.6942,45.8013,-13.4122,14.9,1.0,67.78,False
roc_burst,class_time_stop,17,0.5882,2.5032,4.6468,78.9964,-19.5991,36.3,1.0,65.09,False
roc_burst,next_pivot_target,17,0.8235,1.7094,1.1174,18.9959,-13.35,9.6,1.0,63.32,False
roc_burst,atr_trail_2x,17,0.4706,2.1608,2.957,50.2692,-18.5941,20.1,0.9412,59.03,False
roc_burst,atr_trail_vix_conditional,17,0.4118,2.2718,2.4706,42.0007,-23.9893,10.5,0.9412,56.69,False
roc_burst,fixed_4r_2r,17,0.5294,1.9055,3.1166,52.9822,-26.8244,27.5,1.0,55.82,False
roc_burst,smc_mitigation_zone,17,0.4706,1.5879,0.6164,10.4795,-14.4141,2.5,1.0,54.44,False
roc_burst,breakeven_plus_trail,17,0.3529,2.0062,2.559,43.5036,-22.603,38.1,0.9412,53.39,False
roc_burst,time_stop_20d,17,0.5882,1.5591,2.3578,40.0821,-34.4014,29.2,1.0,51.46,False
roc_burst,regime_flip,17,0.5882,1.5591,2.3578,40.0821,-34.4014,29.2,1.0,51.46,False
roc_burst,earnings_blackout,17,0.4706,1.5918,2.4978,42.4634,-35.4936,84.2,0.0,50.33,False
roc_burst,trailing_5pct,17,0.4706,1.2342,0.4075,6.9279,-13.9317,24.1,1.0,49.57,False
roc_burst,hybrid_50pct_target,17,0.5882,1.2924,1.204,20.4685,-26.9613,72.8,0.9412,45.88,False
roc_burst,time_stop_10d,17,0.5294,1.3421,0.9601,16.3217,-22.3441,14.8,1.0,45.41,False
roc_burst,trailing_10pct,17,0.3529,1.2981,1.1988,20.3793,-39.7173,54.8,0.9412,42.44,False
roc_burst,multi_tier_partial,17,0.4118,0.9972,-0.0042,-0.0712,-17.6008,4.9,1.0,39.11,False
roc_burst,mfe_lockin_trail,17,0.3529,1.0601,0.0942,1.6006,-19.5897,4.9,1.0,37.14,False
roc_burst,smart_money_reversal,17,0.3529,1.0591,0.0925,1.5719,-19.5897,4.9,1.0,37.12,False
roc_burst,atr_trail_mae_conditional,17,0.3529,1.0591,0.0925,1.5719,-19.5897,4.9,1.0,37.12,False
roc_burst,reverse_signal,17,0.3529,1.0591,0.0925,1.5719,-19.5897,4.9,1.0,37.12,False
roc_burst,atr_trail_1x,17,0.3529,1.0591,0.0925,1.5719,-19.5897,4.9,1.0,37.12,False
roc_burst,trailing_15pct,17,0.2941,0.8688,-0.7824,-13.3014,-66.8202,127.4,0.9412,30.36,False
smc_breaker_block_short,next_pivot_target,19,0.7895,0.9461,-0.1135,-2.1557,-32.2762,10.1,1.0,40.54,True
smc_breaker_block_short,hybrid_50pct_target,19,0.3158,0.64,-2.4634,-46.8052,-107.4477,36.4,1.0,21.9,False
smc_breaker_block_short,r_multiple_2r,19,0.2105,0.6032,-1.6657,-31.6478,-71.3565,8.9,1.0,20.31,False
smc_breaker_block_short,class_time_stop,19,0.4737,0.5665,-4.0533,-77.0124,-164.5687,43.5,1.0,19.39,False
smc_breaker_block_short,breakeven_plus_trail,19,0.2632,0.5315,-2.9112,-55.3127,-97.9485,24.2,1.0,16.64,False
smc_breaker_block_short,smc_mitigation_zone,19,0.4211,0.4082,-1.2848,-24.4114,-35.0235,3.9,1.0,16.04,False
smc_breaker_block_short,fixed_4r_2r,19,0.2105,0.5311,-4.2968,-81.6386,-143.0832,46.1,1.0,13.75,False
smc_breaker_block_short,r_multiple_3r,19,0.1053,0.4678,-2.5049,-47.5932,-83.9672,14.2,1.0,12.26,False
smc_breaker_block_short,ma_exit_ema9,19,0.3684,0.2944,-1.4951,-28.4072,-34.796,4.8,1.0,10.78,False
smc_breaker_block_short,trailing_15pct,19,0.2632,0.4423,-4.6519,-88.387,-140.2387,42.9,1.0,10.26,False
smc_breaker_block_short,multi_tier_partial,19,0.3158,0.3515,-2.0795,-39.5109,-52.2048,6.3,1.0,10.2,False
smc_breaker_block_short,mfe_lockin_trail,19,0.2632,0.3483,-2.0918,-39.7441,-54.3816,5.6,1.0,9.21,False
smc_breaker_block_short,smart_money_reversal,19,0.2632,0.1698,-2.6647,-50.6292,-59.258,6.3,1.0,7.45,False
smc_breaker_block_short,atr_trail_1x,19,0.2632,0.1698,-2.6647,-50.6292,-59.258,6.3,1.0,7.45,False
smc_breaker_block_short,reverse_signal,19,0.2632,0.1698,-2.6647,-50.6292,-59.258,6.3,1.0,7.45,False
smc_breaker_block_short,atr_trail_mae_conditional,19,0.2632,0.1698,-2.6647,-50.6292,-59.258,6.3,1.0,7.45,False
smc_breaker_block_short,atr_trail_vix_conditional,19,0.2105,0.2342,-2.6101,-49.5925,-59.2008,8.7,1.0,6.74,False
smc_breaker_block_short,trailing_5pct,19,0.2105,0.1411,-2.7467,-52.1865,-59.0631,6.8,1.0,6.54,False
smc_breaker_block_short,earnings_blackout,19,0.3684,0.3253,-11.8682,-225.4959,-334.204,87.2,0.0,5.53,False
smc_breaker_block_short,time_stop_10d,19,0.3158,0.2773,-4.5262,-85.9969,-111.3077,14.5,1.0,5.45,False
smc_breaker_block_short,atr_trail_2x,19,0.2632,0.3096,-4.3219,-82.1159,-94.8408,18.8,1.0,4.97,False
smc_breaker_block_short,break_even_at_1r,19,0.1053,0.188,-2.7763,-52.7499,-64.965,8.5,1.0,4.92,False
smc_breaker_block_short,chandelier_3x,19,0.0,0.0,-2.4231,-46.0397,-42.9232,7.5,1.0,3.87,False
smc_breaker_block_short,time_stop_20d,19,0.1579,0.2242,-7.2779,-138.2797,-155.9579,29.0,1.0,2.37,False
smc_breaker_block_short,regime_flip,19,0.1579,0.2242,-7.2779,-138.2797,-155.9579,29.0,1.0,2.37,False
smc_breaker_block_short,trailing_10pct,19,0.1053,0.1114,-5.1278,-97.429,-108.3703,17.6,1.0,1.58,False
ppo_crossover,breakeven_plus_trail,29,0.2414,2.1208,1.8856,54.6817,-26.7928,60.3,0.931,51.85,True
ppo_crossover,time_stop_10d,29,0.4828,1.5408,1.0135,29.3905,-28.4511,14.5,1.0,47.62,False
ppo_crossover,atr_trail_2x,29,0.3448,1.0276,0.0626,1.8154,-27.3487,21.1,0.9655,35.82,False
ppo_crossover,hybrid_50pct_target,29,0.4828,0.8016,-0.9582,-27.7864,-72.7858,82.8,0.8966,31.28,False
ppo_crossover,chandelier_3x,29,0.1034,0.8134,-0.1304,-3.7809,-16.7111,8.3,1.0,31.24,False
ppo_crossover,trailing_5pct,29,0.3793,0.7898,-0.5154,-14.9479,-21.9316,27.4,0.9655,30.08,False
ppo_crossover,next_pivot_target,29,0.6552,0.6436,-1.071,-31.0579,-60.2752,20.2,0.9655,29.2,False
ppo_crossover,trailing_10pct,29,0.2759,0.7617,-1.0601,-30.743,-59.1582,82.6,0.8966,26.97,False
ppo_crossover,regime_flip,29,0.4483,0.6807,-1.6055,-46.5599,-107.8425,28.8,1.0,26.44,False
ppo_crossover,time_stop_20d,29,0.4483,0.6807,-1.6055,-46.5599,-107.8425,28.8,1.0,26.44,False
ppo_crossover,ma_exit_ema9,29,0.2759,0.681,-0.5622,-16.3031,-28.0484,6.0,1.0,25.43,False
ppo_crossover,atr_trail_vix_conditional,29,0.2414,0.588,-0.8904,-25.8224,-31.129,7.9,1.0,21.41,False
ppo_crossover,fixed_4r_2r,29,0.2069,0.5635,-2.1662,-62.8193,-81.1955,27.9,0.931,18.11,False
ppo_crossover,trailing_15pct,29,0.2069,0.5031,-4.0017,-116.0485,-147.4045,130.5,0.8966,13.03,False
ppo_crossover,break_even_at_1r,29,0.0345,0.455,-1.3934,-40.4097,-45.3037,18.5,0.9655,12.3,False
ppo_crossover,class_time_stop,29,0.4138,0.3748,-3.7698,-109.3232,-134.543,35.6,1.0,10.45,False
ppo_crossover,smc_mitigation_zone,29,0.2414,0.2081,-1.1819,-34.2746,-31.2891,2.0,1.0,9.35,False
ppo_crossover,multi_tier_partial,29,0.2759,0.2373,-1.6785,-48.6776,-41.2542,4.9,1.0,9.12,False
ppo_crossover,r_multiple_2r,29,0.2069,0.3401,-1.8719,-54.2854,-52.0183,7.3,1.0,8.21,False
ppo_crossover,earnings_blackout,29,0.3793,0.3667,-6.6679,-193.3677,-250.5211,82.7,0.0,7.64,False
ppo_crossover,reverse_signal,29,0.1724,0.2111,-1.8571,-53.8573,-46.4339,5.0,1.0,7.3,False
ppo_crossover,smart_money_reversal,29,0.1724,0.2111,-1.8571,-53.8573,-46.4339,5.0,1.0,7.3,False
ppo_crossover,atr_trail_1x,29,0.1724,0.2111,-1.8571,-53.8573,-46.4339,5.0,1.0,7.3,False
ppo_crossover,atr_trail_mae_conditional,29,0.1724,0.2111,-1.8571,-53.8573,-46.4339,5.0,1.0,7.3,False
ppo_crossover,mfe_lockin_trail,29,0.1724,0.2078,-1.865,-54.086,-46.6626,4.9,1.0,7.29,False
ppo_crossover,r_multiple_3r,29,0.1379,0.3394,-1.9191,-55.6544,-48.231,9.0,0.9655,7.06,False
macd_crossover_short,smc_mitigation_zone,29,0.3103,0.3735,-0.7821,-22.6816,-31.7148,3.0,1.0,13.31,True
macd_crossover_short,hybrid_50pct_target,29,0.4138,0.4067,-3.2926,-95.4859,-112.2234,39.7,0.931,12.84,False
macd_crossover_short,trailing_5pct,29,0.2759,0.3885,-1.8855,-54.6806,-63.4556,13.5,0.9655,11.95,False
macd_crossover_short,next_pivot_target,29,0.5517,0.3348,-2.9286,-84.9284,-105.9102,14.7,0.9655,11.47,False
macd_crossover_short,time_stop_10d,29,0.3448,0.3806,-2.9948,-86.8492,-97.8649,14.3,1.0,10.9,False
macd_crossover_short,r_multiple_3r,29,0.1379,0.3831,-1.8823,-54.5874,-65.8159,7.1,1.0,9.59,False
macd_crossover_short,multi_tier_partial,29,0.2759,0.2449,-1.8538,-53.7592,-58.8918,5.2,1.0,8.86,False
macd_crossover_short,atr_trail_2x,29,0.3103,0.3227,-2.7044,-78.4274,-88.2518,16.1,0.931,8.1,False
macd_crossover_short,ma_exit_ema9,29,0.1724,0.1944,-1.7842,-51.7415,-57.6512,5.1,1.0,7.41,False
macd_crossover_short,mfe_lockin_trail,29,0.1724,0.2263,-2.0907,-60.6308,-68.9749,5.2,1.0,6.95,False
macd_crossover_short,r_multiple_2r,29,0.1724,0.2973,-2.0956,-60.7721,-67.0099,6.0,1.0,6.94,False
macd_crossover_short,smart_money_reversal,29,0.1724,0.1872,-2.1963,-63.6915,-69.7159,5.4,1.0,6.79,False
macd_crossover_short,reverse_signal,29,0.1724,0.1872,-2.1963,-63.6915,-69.7159,5.4,1.0,6.79,False
macd_crossover_short,atr_trail_mae_conditional,29,0.1724,0.1872,-2.1963,-63.6915,-69.7159,5.4,1.0,6.79,False
macd_crossover_short,atr_trail_1x,29,0.1724,0.1872,-2.1963,-63.6915,-69.7159,5.4,1.0,6.79,False
macd_crossover_short,atr_trail_vix_conditional,29,0.1724,0.1534,-2.3784,-68.974,-71.1921,7.0,1.0,6.52,False
macd_crossover_short,fixed_4r_2r,29,0.2069,0.3552,-3.612,-104.7472,-131.9003,19.3,0.931,6.49,False
macd_crossover_short,chandelier_3x,29,0.0345,0.1562,-1.3832,-40.1116,-44.2616,4.7,1.0,5.94,False
macd_crossover_short,trailing_10pct,29,0.2759,0.2484,-4.0957,-118.7765,-120.3487,39.1,0.931,5.49,False
macd_crossover_short,breakeven_plus_trail,29,0.1724,0.1801,-3.1449,-91.2013,-98.4997,21.7,0.931,5.37,False
macd_crossover_short,regime_flip,29,0.3448,0.1924,-7.2016,-208.8474,-215.8358,28.3,1.0,5.17,False
macd_crossover_short,time_stop_20d,29,0.3448,0.1924,-7.2016,-208.8474,-215.8358,28.3,1.0,5.17,False
macd_crossover_short,break_even_at_1r,29,0.0345,0.0827,-2.4358,-70.6386,-73.2637,6.5,1.0,4.36,False
macd_crossover_short,class_time_stop,29,0.2759,0.1409,-8.375,-242.8762,-241.5814,35.0,1.0,4.14,False
macd_crossover_short,earnings_blackout,29,0.2069,0.0928,-17.9959,-521.8806,-536.1376,82.7,0.0,3.1,False
macd_crossover_short,trailing_15pct,29,0.1379,0.0945,-8.7658,-254.2079,-246.1188,61.6,0.931,2.07,False
bollinger_lower,next_pivot_target,31,0.871,2.8557,1.7642,54.6916,-10.0,9.3,1.0,79.7,True
bollinger_lower,ma_exit_ema9,31,0.5806,3.8423,1.4814,45.9224,-8.1722,3.8,1.0,78.22,False
bollinger_lower,reverse_signal,31,0.7419,7.4543,9.2454,286.6061,-20.4568,53.2,0.9677,71.13,False
bollinger_lower,earnings_blackout,31,0.6774,3.8333,10.5656,327.5322,-61.6363,80.8,0.0,70.16,False
bollinger_lower,class_time_stop,31,0.6129,3.7553,3.8763,120.1663,-18.188,10.0,1.0,69.77,False
bollinger_lower,hybrid_50pct_target,31,0.6774,2.8956,6.1148,189.5602,-34.8841,84.2,0.9032,69.44,False
bollinger_lower,time_stop_10d,31,0.5806,3.2076,4.6979,145.634,-20.1761,14.5,1.0,68.26,False
bollinger_lower,regime_flip,31,0.5484,3.5569,5.4816,169.9304,-32.0419,28.5,1.0,68.23,False
bollinger_lower,time_stop_20d,31,0.5484,3.5569,5.4816,169.9304,-32.0419,28.5,1.0,68.23,False
bollinger_lower,trailing_10pct,31,0.5161,3.5834,8.1165,251.6106,-33.4197,75.8,0.9355,67.74,False
bollinger_lower,atr_trail_2x,31,0.4839,6.1,8.3333,258.3323,-22.9001,25.8,0.9677,67.26,False
bollinger_lower,atr_trail_vix_conditional,31,0.4516,3.7807,3.6945,114.5286,-18.0669,11.5,1.0,67.23,False
bollinger_lower,trailing_15pct,31,0.4516,2.9623,10.1673,315.1855,-62.0256,135.1,0.871,66.51,False
bollinger_lower,breakeven_plus_trail,31,0.4194,7.8817,11.3397,351.53,-34.9473,51.7,0.9355,66.29,False
bollinger_lower,r_multiple_3r,31,0.4194,2.9054,3.3537,103.9652,-19.0741,10.7,0.9677,64.32,False
bollinger_lower,smc_mitigation_zone,31,0.4839,1.7421,0.5222,16.1893,-8.1383,2.2,1.0,64.24,False
bollinger_lower,trailing_5pct,31,0.4194,2.2838,2.4934,77.2947,-15.8498,22.7,1.0,62.13,False
bollinger_lower,fixed_4r_2r,31,0.4516,2.2914,4.208,130.4492,-32.3331,25.1,0.9677,60.07,False
bollinger_lower,r_multiple_2r,31,0.4516,2.5352,2.5304,78.4435,-20.0696,6.9,1.0,59.62,False
bollinger_lower,smart_money_reversal,31,0.2903,2.1127,1.7147,53.1559,-18.6074,6.5,1.0,53.99,False
bollinger_lower,atr_trail_1x,31,0.2903,2.1127,1.7147,53.1559,-18.6074,6.5,1.0,53.99,False
bollinger_lower,atr_trail_mae_conditional,31,0.2903,2.1127,1.7147,53.1559,-18.6074,6.5,1.0,53.99,False
bollinger_lower,mfe_lockin_trail,31,0.2903,1.8876,1.3677,42.4001,-18.6074,5.5,1.0,51.16,False
bollinger_lower,break_even_at_1r,31,0.1935,1.8962,1.3809,42.8092,-25.5902,16.9,1.0,48.08,False
bollinger_lower,multi_tier_partial,31,0.3548,1.0011,0.0017,0.0523,-22.4046,4.9,1.0,35.35,False
bollinger_lower,chandelier_3x,31,0.0,0.0,-0.5244,-16.2563,-16.046,1.5,1.0,11.66,False
tema_dema,chandelier_3x,39,0.1538,3.4728,4.6982,183.2282,-32.803,16.5,1.0,61.85,True
tema_dema,next_pivot_target,39,0.7949,2.1366,1.6925,66.0063,-22.7707,14.5,1.0,60.01,False
tema_dema,ma_exit_ema9,39,0.359,2.3958,2.1964,85.6609,-26.147,9.3,1.0,56.57,False
tema_dema,class_time_stop,39,0.4359,1.733,3.798,148.1215,-87.9508,73.3,1.0,53.5,False
tema_dema,breakeven_plus_trail,39,0.2308,1.9883,2.3479,91.5679,-58.7073,43.0,1.0,51.06,False
tema_dema,earnings_blackout,39,0.5641,1.4157,2.5292,98.6399,-97.7026,87.3,0.0,49.37,False
tema_dema,regime_flip,39,0.4872,1.4491,1.9405,75.6791,-90.4881,29.6,1.0,47.82,False
tema_dema,time_stop_20d,39,0.4872,1.4491,1.9405,75.6791,-90.4881,29.6,1.0,47.82,False
tema_dema,hybrid_50pct_target,39,0.6154,1.1592,0.6122,23.8751,-55.4948,88.1,1.0,43.17,False
tema_dema,time_stop_10d,39,0.5128,1.1196,0.3717,14.4945,-66.2463,14.8,1.0,40.56,False
tema_dema,trailing_15pct,39,0.3077,1.1199,0.777,30.3045,-84.554,133.9,0.9744,38.1,False
tema_dema,r_multiple_3r,39,0.2564,0.9821,-0.0431,-1.6813,-37.6422,10.3,1.0,33.41,False
tema_dema,r_multiple_2r,39,0.3077,0.9095,-0.2004,-7.8165,-41.5535,6.6,1.0,32.37,False
tema_dema,trailing_10pct,39,0.3333,0.8847,-0.4603,-17.9516,-60.363,81.3,1.0,31.8,False
tema_dema,fixed_4r_2r,39,0.2821,0.7951,-0.8845,-34.495,-85.8586,33.9,0.9744,28.21,False
tema_dema,atr_trail_2x,39,0.3846,0.5371,-1.3206,-51.5038,-68.4188,15.0,1.0,21.06,False
tema_dema,trailing_5pct,39,0.3077,0.4752,-1.4364,-56.0199,-55.8042,23.1,1.0,17.22,False
tema_dema,multi_tier_partial,39,0.3333,0.3569,-1.2056,-47.0192,-51.7797,5.4,1.0,12.09,False
tema_dema,smc_mitigation_zone,39,0.2821,0.2734,-0.8049,-31.3901,-31.8415,3.9,1.0,10.52,False
tema_dema,mfe_lockin_trail,39,0.2564,0.1975,-1.6326,-63.6703,-62.0808,5.5,1.0,8.9,False
tema_dema,reverse_signal,39,0.2564,0.1632,-1.7022,-66.3872,-62.6437,5.7,1.0,8.79,False
tema_dema,smart_money_reversal,39,0.2564,0.1632,-1.7022,-66.3872,-62.6437,5.7,1.0,8.79,False
tema_dema,atr_trail_1x,39,0.2564,0.1632,-1.7022,-66.3872,-62.6437,5.7,1.0,8.79,False
tema_dema,atr_trail_mae_conditional,39,0.2564,0.1632,-1.7022,-66.3872,-62.6437,5.7,1.0,8.79,False
tema_dema,atr_trail_vix_conditional,39,0.2051,0.2024,-1.9592,-76.4104,-77.074,6.8,1.0,7.64,False
tema_dema,break_even_at_1r,39,0.0513,0.0606,-2.005,-78.1965,-74.453,9.6,1.0,5.26,False
turtle_soup_short,next_pivot_target,47,0.8298,0.7824,-0.3412,-16.0367,-39.6478,8.6,1.0,36.91,True
turtle_soup_short,hybrid_50pct_target,47,0.4255,0.5651,-2.41,-113.2708,-165.4515,50.1,0.9787,21.08,False
turtle_soup_short,fixed_4r_2r,47,0.234,0.5827,-2.6073,-122.5445,-191.8399,30.3,0.9787,18.54,False
turtle_soup_short,r_multiple_3r,47,0.1489,0.5589,-1.5718,-73.8723,-107.084,10.5,1.0,17.96,False
turtle_soup_short,class_time_stop,47,0.4681,0.5049,-3.5623,-167.4295,-222.7689,43.6,1.0,17.68,False
turtle_soup_short,breakeven_plus_trail,47,0.1702,0.4722,-2.1408,-100.6174,-131.0904,23.1,1.0,13.97,False
turtle_soup_short,ma_exit_ema9,47,0.2553,0.4022,-0.9846,-46.2744,-49.1072,4.4,1.0,13.7,False
turtle_soup_short,r_multiple_2r,47,0.1915,0.4439,-1.9178,-90.1371,-110.5656,8.0,1.0,13.36,False
turtle_soup_short,smc_mitigation_zone,47,0.2128,0.3826,-0.9994,-46.9706,-53.1965,3.1,1.0,12.02,False
turtle_soup_short,multi_tier_partial,47,0.2979,0.2974,-1.7549,-82.4815,-92.0635,5.1,1.0,9.34,False
turtle_soup_short,time_stop_10d,47,0.2979,0.3474,-3.2779,-154.0625,-179.3983,14.5,1.0,7.9,False
turtle_soup_short,atr_trail_1x,47,0.1489,0.1974,-2.1048,-98.9236,-105.1495,5.3,1.0,6.58,False
turtle_soup_short,reverse_signal,47,0.1489,0.1974,-2.1048,-98.9236,-105.1495,5.3,1.0,6.58,False
turtle_soup_short,smart_money_reversal,47,0.1489,0.1974,-2.1048,-98.9236,-105.1495,5.3,1.0,6.58,False
turtle_soup_short,atr_trail_mae_conditional,47,0.1489,0.1974,-2.1048,-98.9236,-105.1495,5.3,1.0,6.58,False
turtle_soup_short,mfe_lockin_trail,47,0.1489,0.1942,-2.1131,-99.3164,-108.7941,5.2,1.0,6.56,False
turtle_soup_short,atr_trail_vix_conditional,47,0.1702,0.1823,-2.5688,-120.734,-127.2736,6.4,1.0,6.2,False
turtle_soup_short,trailing_5pct,47,0.1277,0.2408,-2.2948,-107.8566,-112.9564,15.2,1.0,5.97,False
turtle_soup_short,break_even_at_1r,47,0.0851,0.2855,-1.9103,-89.7855,-102.0006,7.6,1.0,5.91,False
turtle_soup_short,time_stop_20d,47,0.2979,0.329,-4.3753,-205.638,-240.2122,29.1,1.0,5.41,False
turtle_soup_short,regime_flip,47,0.2979,0.329,-4.3753,-205.638,-240.2122,29.1,1.0,5.41,False
turtle_soup_short,chandelier_3x,47,0.0638,0.201,-2.1169,-99.4943,-96.3778,9.3,1.0,5.28,False
turtle_soup_short,earnings_blackout,47,0.2979,0.1741,-11.8054,-554.8516,-575.6652,86.4,0.0,4.47,False
turtle_soup_short,trailing_10pct,47,0.2128,0.2413,-4.2527,-199.8752,-204.7139,47.3,1.0,4.31,False
turtle_soup_short,atr_trail_2x,47,0.1489,0.2341,-3.738,-175.6838,-183.6456,14.4,1.0,4.13,False
turtle_soup_short,trailing_15pct,47,0.234,0.2192,-6.3937,-300.5062,-320.2235,80.3,0.9787,3.51,False
force_index_breakout,breakeven_plus_trail,50,0.3,2.0762,3.655,182.7499,-57.1077,34.0,0.92,54.94,True
force_index_breakout,ma_exit_ema9,50,0.3,2.1847,2.5209,126.0467,-64.5839,8.9,0.96,54.29,False
force_index_breakout,hybrid_50pct_target,50,0.54,1.2695,1.2398,61.989,-98.7805,60.4,0.94,44.85,False
force_index_breakout,chandelier_3x,50,0.18,1.4835,1.4395,71.9767,-114.5911,12.3,0.94,42.94,False
force_index_breakout,fixed_4r_2r,50,0.38,1.243,1.1307,56.5362,-88.0098,26.5,0.96,41.85,False
force_index_breakout,trailing_10pct,50,0.38,1.2248,0.9882,49.4114,-137.8574,52.5,0.94,41.34,False
force_index_breakout,earnings_blackout,50,0.58,1.0797,0.7093,35.4639,-230.1137,83.2,0.0,41.33,False
force_index_breakout,time_stop_10d,50,0.48,1.1728,0.5334,26.6703,-78.5362,14.6,1.0,41.26,False
force_index_breakout,atr_trail_2x,50,0.32,1.2015,0.8057,40.2833,-149.5275,17.6,0.92,39.77,False
force_index_breakout,class_time_stop,50,0.52,1.0428,0.2677,13.3871,-207.8601,36.3,1.0,39.06,False
force_index_breakout,atr_trail_vix_conditional,50,0.26,1.1896,0.5091,25.4533,-108.8336,8.0,0.96,38.22,False
force_index_breakout,trailing_15pct,50,0.34,1.0515,0.3468,17.3407,-201.6713,91.8,0.9,36.65,False
force_index_breakout,time_stop_20d,50,0.52,0.9443,-0.2799,-13.9953,-140.3088,29.3,1.0,36.21,False
force_index_breakout,regime_flip,50,0.52,0.9443,-0.2799,-13.9953,-140.3088,29.3,1.0,36.21,False
force_index_breakout,next_pivot_target,50,0.72,0.7793,-0.5531,-27.6531,-65.9594,10.2,1.0,34.86,False
force_index_breakout,r_multiple_3r,50,0.22,0.9565,-0.127,-6.3483,-86.7312,10.1,1.0,32.2,False
force_index_breakout,r_multiple_2r,50,0.28,0.8826,-0.3188,-15.9406,-79.806,6.6,1.0,31.16,False
force_index_breakout,break_even_at_1r,50,0.12,0.6469,-0.9047,-45.2369,-112.0842,9.4,0.98,21.52,False
force_index_breakout,multi_tier_partial,50,0.32,0.4311,-1.2976,-64.8807,-87.7208,4.4,1.0,15.62,False
force_index_breakout,smc_mitigation_zone,50,0.2,0.4316,-0.9513,-47.5667,-75.5593,3.0,1.0,14.36,False
force_index_breakout,trailing_5pct,50,0.26,0.4006,-1.5867,-79.3353,-87.2207,16.6,0.96,12.78,False
force_index_breakout,mfe_lockin_trail,50,0.24,0.3804,-1.4474,-72.3721,-99.5767,4.3,1.0,11.63,False
force_index_breakout,atr_trail_mae_conditional,50,0.24,0.3594,-1.4964,-74.8221,-98.7462,4.4,1.0,10.4,False
force_index_breakout,reverse_signal,50,0.24,0.3594,-1.4964,-74.8221,-98.7462,4.4,1.0,10.4,False
force_index_breakout,smart_money_reversal,50,0.24,0.3594,-1.4964,-74.8221,-98.7462,4.4,1.0,10.4,False
force_index_breakout,atr_trail_1x,50,0.24,0.3594,-1.4964,-74.8221,-98.7462,4.4,1.0,10.4,False
macd_ichimoku,breakeven_plus_trail,52,0.2308,2.1028,3.2124,167.0461,-76.8251,46.4,0.9423,53.5,True
macd_ichimoku,break_even_at_1r,52,0.1154,2.1656,2.7807,144.5971,-76.47,18.1,0.9808,51.73,False
macd_ichimoku,trailing_10pct,52,0.3269,1.5526,2.4831,129.1229,-123.0418,72.1,0.9231,47.64,False
macd_ichimoku,trailing_5pct,52,0.3269,1.3058,0.8503,44.2166,-65.8498,21.6,0.9615,41.64,False
macd_ichimoku,hybrid_50pct_target,52,0.4808,1.145,0.6999,36.3927,-122.5136,70.4,0.9231,41.03,False
macd_ichimoku,atr_trail_2x,52,0.3654,1.1162,0.3813,19.8263,-88.7377,20.9,0.9615,38.3,False
macd_ichimoku,trailing_15pct,52,0.2115,1.0781,0.635,33.0185,-299.6161,111.0,0.9038,35.67,False
macd_ichimoku,next_pivot_target,52,0.6346,0.5851,-1.3899,-72.2735,-119.4408,16.4,0.9615,26.46,False
macd_ichimoku,atr_trail_vix_conditional,52,0.2115,0.7491,-0.6883,-35.7929,-80.2276,8.6,1.0,26.22,False
macd_ichimoku,time_stop_10d,52,0.4231,0.6354,-1.3337,-69.3529,-111.4638,14.5,1.0,25.06,False
macd_ichimoku,class_time_stop,52,0.4423,0.6369,-2.3747,-123.4863,-240.6228,42.1,1.0,23.83,False
macd_ichimoku,r_multiple_3r,52,0.1731,0.6716,-0.9469,-49.2382,-57.9546,8.5,0.9808,23.02,False
macd_ichimoku,fixed_4r_2r,52,0.2692,0.6554,-1.7779,-92.4494,-123.4942,23.2,0.9423,22.72,False
macd_ichimoku,time_stop_20d,52,0.4615,0.5889,-2.2812,-118.6206,-205.6356,28.6,1.0,22.66,False
macd_ichimoku,regime_flip,52,0.4615,0.5889,-2.2812,-118.6206,-205.6356,28.6,1.0,22.66,False
macd_ichimoku,r_multiple_2r,52,0.25,0.6001,-1.1015,-57.2773,-62.7765,6.4,1.0,21.64,False
macd_ichimoku,multi_tier_partial,52,0.3462,0.5354,-1.0332,-53.7275,-46.5278,5.9,1.0,20.85,False
macd_ichimoku,smart_money_reversal,52,0.2308,0.517,-1.1931,-62.0432,-66.1797,6.2,1.0,18.16,False
macd_ichimoku,reverse_signal,52,0.2308,0.517,-1.1931,-62.0432,-66.1797,6.2,1.0,18.16,False
macd_ichimoku,atr_trail_1x,52,0.2308,0.517,-1.1931,-62.0432,-66.1797,6.2,1.0,18.16,False
macd_ichimoku,atr_trail_mae_conditional,52,0.2308,0.517,-1.1931,-62.0432,-66.1797,6.2,1.0,18.16,False
macd_ichimoku,mfe_lockin_trail,52,0.25,0.4534,-1.3363,-69.4889,-68.1394,5.7,1.0,15.55,False
macd_ichimoku,chandelier_3x,52,0.0962,0.4303,-0.9173,-47.7014,-67.4085,8.0,1.0,12.8,False
macd_ichimoku,earnings_blackout,52,0.3846,0.4415,-7.3451,-381.9469,-468.1664,82.7,0.0,11.52,False
macd_ichimoku,smc_mitigation_zone,52,0.25,0.224,-1.1548,-60.0475,-60.3312,2.7,1.0,9.52,False
macd_ichimoku,ma_exit_ema9,52,0.1923,0.3524,-1.4813,-77.0287,-73.2402,6.2,1.0,9.3,False
r1_break_retest,trailing_10pct,49,0.4082,2.9208,7.2455,355.0294,-33.8775,72.5,0.9184,65.58,True
r1_break_retest,breakeven_plus_trail,49,0.3061,3.6225,7.4519,365.145,-46.8409,50.6,0.9592,64.59,False
r1_break_retest,break_even_at_1r,49,0.2041,3.1305,5.0969,249.747,-33.3204,28.0,0.9796,63.06,False
r1_break_retest,trailing_15pct,49,0.3878,2.1992,7.1132,348.5456,-99.7051,128.6,0.898,59.46,False
r1_break_retest,trailing_5pct,49,0.3469,2.167,2.8142,137.8957,-32.8959,27.8,0.9592,55.26,False
r1_break_retest,hybrid_50pct_target,49,0.5102,1.7601,3.4257,167.859,-35.8824,80.0,0.9184,54.37,False
r1_break_retest,ma_exit_ema9,49,0.3469,1.9868,2.1697,106.3154,-29.0354,13.6,1.0,52.52,False
r1_break_retest,regime_flip,49,0.4898,1.5128,1.7107,83.8219,-43.1539,29.1,1.0,48.39,False
r1_break_retest,time_stop_20d,49,0.4898,1.5128,1.7107,83.8219,-43.1539,29.1,1.0,48.39,False
r1_break_retest,atr_trail_2x,49,0.3265,1.425,1.4347,70.3026,-47.9209,22.9,0.9592,44.3,False
r1_break_retest,time_stop_10d,49,0.5306,1.0745,0.2066,10.121,-39.487,14.7,1.0,39.74,False
r1_break_retest,atr_trail_vix_conditional,49,0.3265,1.188,0.5123,25.1034,-40.9648,11.6,0.9796,39.19,False
r1_break_retest,earnings_blackout,49,0.5102,0.9886,-0.1128,-5.5262,-255.6278,82.8,0.0,37.25,False
r1_break_retest,class_time_stop,49,0.5306,0.958,-0.104,-5.0959,-33.1638,10.3,1.0,36.92,False
r1_break_retest,r_multiple_2r,49,0.3673,0.934,-0.1756,-8.6025,-34.8206,8.0,1.0,33.85,False
r1_break_retest,r_multiple_3r,49,0.2245,0.8366,-0.4859,-23.811,-37.8848,11.1,0.9592,28.98,False
r1_break_retest,fixed_4r_2r,49,0.3061,0.7685,-1.2399,-60.7542,-65.1851,28.9,0.9388,27.34,False
r1_break_retest,smart_money_reversal,49,0.2857,0.7222,-0.6927,-33.9424,-35.0098,7.1,1.0,26.58,False
r1_break_retest,reverse_signal,49,0.2857,0.7222,-0.6927,-33.9424,-35.0098,7.1,1.0,26.58,False
r1_break_retest,atr_trail_mae_conditional,49,0.2857,0.7222,-0.6927,-33.9424,-35.0098,7.1,1.0,26.58,False
r1_break_retest,atr_trail_1x,49,0.2857,0.7222,-0.6927,-33.9424,-35.0098,7.1,1.0,26.58,False
r1_break_retest,next_pivot_target,49,0.6531,0.534,-1.3386,-65.592,-83.2974,13.5,0.9796,24.94,False
r1_break_retest,multi_tier_partial,49,0.3469,0.6163,-0.9127,-44.723,-45.7777,7.1,1.0,23.92,False
r1_break_retest,mfe_lockin_trail,49,0.2857,0.5679,-1.0774,-52.7921,-59.4691,6.2,1.0,21.08,False
r1_break_retest,chandelier_3x,49,0.1633,0.4967,-1.3311,-65.2219,-83.7196,14.9,0.9796,16.12,False
r1_break_retest,smc_mitigation_zone,49,0.3265,0.4029,-0.8867,-43.4492,-48.7976,3.2,1.0,14.95,False
risk_off_bond_equity_short,regime_flip,34,0.5,1.0477,0.1421,4.8316,-40.8049,29.4,1.0,38.67,True
risk_off_bond_equity_short,time_stop_20d,34,0.5,1.0477,0.1421,4.8316,-40.8049,29.4,1.0,38.67,False
risk_off_bond_equity_short,next_pivot_target,34,0.7941,0.8636,-0.2994,-10.1783,-55.7001,9.0,1.0,38.46,False
risk_off_bond_equity_short,breakeven_plus_trail,34,0.3529,0.804,-0.7415,-25.2112,-65.2122,31.4,1.0,29.71,False
risk_off_bond_equity_short,hybrid_50pct_target,34,0.4412,0.6319,-2.0572,-69.9456,-118.3264,59.8,1.0,24.13,False
risk_off_bond_equity_short,time_stop_10d,34,0.3824,0.605,-1.8098,-61.5332,-71.8742,14.6,1.0,22.73,False
risk_off_bond_equity_short,r_multiple_3r,34,0.1765,0.637,-1.1197,-38.071,-53.4015,9.4,1.0,21.73,False
risk_off_bond_equity_short,fixed_4r_2r,34,0.2647,0.6023,-2.2768,-77.4109,-97.0543,24.1,1.0,20.17,False
risk_off_bond_equity_short,atr_trail_2x,34,0.3235,0.509,-1.9574,-66.5523,-59.5533,19.2,1.0,18.09,False
risk_off_bond_equity_short,r_multiple_2r,34,0.2059,0.5212,-1.4177,-48.2024,-51.8824,7.8,1.0,17.62,False
risk_off_bond_equity_short,trailing_5pct,34,0.2647,0.4707,-1.5868,-53.9526,-69.6062,16.8,1.0,16.16,False
risk_off_bond_equity_short,chandelier_3x,34,0.1765,0.4607,-1.4566,-49.5238,-60.583,11.7,1.0,14.59,False
risk_off_bond_equity_short,atr_trail_vix_conditional,34,0.1765,0.4544,-1.6846,-57.2776,-52.8116,10.0,1.0,13.97,False
risk_off_bond_equity_short,trailing_10pct,34,0.2941,0.4112,-3.0045,-102.1546,-111.7937,44.1,1.0,11.7,False
risk_off_bond_equity_short,multi_tier_partial,34,0.3529,0.3266,-1.4198,-48.2721,-53.6649,5.4,1.0,10.66,False
risk_off_bond_equity_short,break_even_at_1r,34,0.0588,0.358,-1.3774,-46.8307,-51.7971,7.4,1.0,7.78,False
risk_off_bond_equity_short,smc_mitigation_zone,34,0.1471,0.085,-1.5507,-52.7222,-49.2227,3.7,1.0,7.38,False
risk_off_bond_equity_short,ma_exit_ema9,34,0.1471,0.1151,-1.7248,-58.644,-56.6277,5.3,1.0,7.12,False
risk_off_bond_equity_short,mfe_lockin_trail,34,0.0588,0.1598,-2.0368,-69.2516,-69.0806,5.5,1.0,5.33,False
risk_off_bond_equity_short,atr_trail_mae_conditional,34,0.0588,0.1309,-2.1067,-71.6272,-69.0806,5.9,1.0,5.22,False
risk_off_bond_equity_short,smart_money_reversal,34,0.0588,0.1309,-2.1067,-71.6272,-69.0806,5.9,1.0,5.22,False
risk_off_bond_equity_short,reverse_signal,34,0.0588,0.1309,-2.1067,-71.6272,-69.0806,5.9,1.0,5.22,False
risk_off_bond_equity_short,atr_trail_1x,34,0.0588,0.1309,-2.1067,-71.6272,-69.0806,5.9,1.0,5.22,False
risk_off_bond_equity_short,earnings_blackout,34,0.2941,0.1049,-11.1136,-377.8637,-373.7878,86.6,0.0,4.41,False
risk_off_bond_equity_short,trailing_15pct,34,0.2647,0.2683,-5.338,-181.4922,-192.4057,90.5,1.0,3.97,False
risk_off_bond_equity_short,class_time_stop,34,0.2353,0.1267,-10.3852,-353.0984,-346.5875,72.7,1.0,3.53,False
macd_crossover,breakeven_plus_trail,52,0.2308,2.1028,3.2124,167.0461,-76.8251,46.4,0.9423,53.5,True
macd_crossover,break_even_at_1r,52,0.1154,2.1656,2.7807,144.5971,-76.47,18.1,0.9808,51.73,False
macd_crossover,trailing_10pct,52,0.3269,1.5526,2.4831,129.1229,-123.0418,72.1,0.9231,47.64,False
macd_crossover,trailing_5pct,52,0.3269,1.3058,0.8503,44.2166,-65.8498,21.6,0.9615,41.64,False
macd_crossover,hybrid_50pct_target,52,0.4808,1.145,0.6999,36.3927,-122.5136,70.4,0.9231,41.03,False
macd_crossover,atr_trail_2x,52,0.3654,1.1162,0.3813,19.8263,-88.7377,20.9,0.9615,38.3,False
macd_crossover,trailing_15pct,52,0.2115,1.0781,0.635,33.0185,-299.6161,111.0,0.9038,35.67,False
macd_crossover,next_pivot_target,52,0.6346,0.5851,-1.3899,-72.2735,-119.4408,16.4,0.9615,26.46,False
macd_crossover,atr_trail_vix_conditional,52,0.2115,0.7491,-0.6883,-35.7929,-80.2276,8.6,1.0,26.22,False
macd_crossover,time_stop_10d,52,0.4231,0.6354,-1.3337,-69.3529,-111.4638,14.5,1.0,25.06,False
macd_crossover,r_multiple_3r,52,0.1731,0.6716,-0.9469,-49.2382,-57.9546,8.5,0.9808,23.02,False
macd_crossover,fixed_4r_2r,52,0.2692,0.6554,-1.7779,-92.4494,-123.4942,23.2,0.9423,22.72,False
macd_crossover,time_stop_20d,52,0.4615,0.5889,-2.2812,-118.6206,-205.6356,28.6,1.0,22.66,False
macd_crossover,regime_flip,52,0.4615,0.5889,-2.2812,-118.6206,-205.6356,28.6,1.0,22.66,False
macd_crossover,class_time_stop,52,0.4231,0.6011,-2.4021,-124.9109,-210.1477,35.3,1.0,22.32,False
macd_crossover,r_multiple_2r,52,0.25,0.6001,-1.1015,-57.2773,-62.7765,6.4,1.0,21.64,False
macd_crossover,multi_tier_partial,52,0.3462,0.5354,-1.0332,-53.7275,-46.5278,5.9,1.0,20.85,False
macd_crossover,smart_money_reversal,52,0.2308,0.517,-1.1931,-62.0432,-66.1797,6.2,1.0,18.16,False
macd_crossover,reverse_signal,52,0.2308,0.517,-1.1931,-62.0432,-66.1797,6.2,1.0,18.16,False
macd_crossover,atr_trail_1x,52,0.2308,0.517,-1.1931,-62.0432,-66.1797,6.2,1.0,18.16,False
macd_crossover,atr_trail_mae_conditional,52,0.2308,0.517,-1.1931,-62.0432,-66.1797,6.2,1.0,18.16,False
macd_crossover,mfe_lockin_trail,52,0.25,0.4534,-1.3363,-69.4889,-68.1394,5.7,1.0,15.55,False
macd_crossover,chandelier_3x,52,0.0962,0.4303,-0.9173,-47.7014,-67.4085,8.0,1.0,12.8,False
macd_crossover,earnings_blackout,52,0.3846,0.4415,-7.3451,-381.9469,-468.1664,82.7,0.0,11.52,False
macd_crossover,smc_mitigation_zone,52,0.25,0.224,-1.1548,-60.0475,-60.3312,2.7,1.0,9.52,False
macd_crossover,ma_exit_ema9,52,0.1923,0.3524,-1.4813,-77.0287,-73.2402,6.2,1.0,9.3,False
pead_long_high_yoy_growth_only,earnings_blackout,48,0.7708,8.4964,19.234,923.232,-46.8205,84.1,0.0,71.56,False
pead_long_high_yoy_growth_only,hybrid_50pct_target,48,0.625,3.2041,7.9859,383.3225,-40.0,78.9,0.9583,69.38,True
pead_long_high_yoy_growth_only,class_time_stop,48,0.5833,3.0153,7.55,362.4015,-48.2496,43.1,1.0,68.75,False
pead_long_high_yoy_growth_only,trailing_10pct,48,0.5208,3.7434,10.2065,489.9107,-43.8822,71.9,0.9583,67.81,False
pead_long_high_yoy_growth_only,breakeven_plus_trail,48,0.4167,4.2097,9.9754,478.8169,-41.8446,45.7,0.9792,66.25,False
pead_long_high_yoy_growth_only,trailing_15pct,48,0.3958,3.0221,11.1208,533.8002,-60.3088,114.9,0.8958,65.94,False
pead_long_high_yoy_growth_only,break_even_at_1r,48,0.2083,2.4674,3.5774,171.7162,-39.2941,21.6,1.0,56.99,False
pead_long_high_yoy_growth_only,regime_flip,48,0.5833,1.8712,3.1329,150.3789,-77.219,28.9,1.0,56.28,False
pead_long_high_yoy_growth_only,time_stop_20d,48,0.5833,1.8712,3.1329,150.3789,-77.219,28.9,1.0,56.28,False
pead_long_high_yoy_growth_only,atr_trail_2x,48,0.3958,1.9832,3.9253,188.4158,-53.5381,22.8,0.9792,55.85,False
pead_long_high_yoy_growth_only,chandelier_3x,48,0.0833,1.9779,1.9283,92.5588,-58.9289,8.8,1.0,48.11,False
pead_long_high_yoy_growth_only,fixed_4r_2r,48,0.4167,1.4445,2.224,106.7497,-67.961,24.6,1.0,47.12,False
pead_long_high_yoy_growth_only,r_multiple_3r,48,0.3542,1.5403,1.5912,76.3798,-43.3837,12.7,1.0,46.55,False
pead_long_high_yoy_growth_only,next_pivot_target,48,0.7708,1.1494,0.338,16.2261,-29.4592,11.2,0.9792,44.92,False
pead_long_high_yoy_growth_only,atr_trail_vix_conditional,48,0.3542,1.1802,0.4733,22.7165,-47.5465,9.9,1.0,39.42,False
pead_long_high_yoy_growth_only,ma_exit_ema9,48,0.375,1.1055,0.2255,10.8254,-47.254,6.6,1.0,38.02,False
pead_long_high_yoy_growth_only,r_multiple_2r,48,0.375,1.0785,0.2281,10.9501,-44.9751,8.5,1.0,37.51,False
pead_long_high_yoy_growth_only,time_stop_10d,48,0.4792,1.0045,0.0168,0.8051,-61.7662,14.4,1.0,37.31,False
pead_long_high_yoy_growth_only,trailing_5pct,48,0.2292,1.0281,0.0817,3.92,-42.0589,21.8,1.0,34.13,False
pead_long_high_yoy_growth_only,mfe_lockin_trail,48,0.3125,0.7359,-0.6411,-30.7713,-74.539,6.4,1.0,27.45,False
pead_long_high_yoy_growth_only,reverse_signal,48,0.3125,0.7101,-0.7038,-33.781,-73.6891,7.1,1.0,26.62,False
pead_long_high_yoy_growth_only,atr_trail_mae_conditional,48,0.3125,0.7101,-0.7038,-33.781,-73.6891,7.1,1.0,26.62,False
pead_long_high_yoy_growth_only,atr_trail_1x,48,0.3125,0.7101,-0.7038,-33.781,-73.6891,7.1,1.0,26.62,False
pead_long_high_yoy_growth_only,smart_money_reversal,48,0.2917,0.6929,-0.7344,-35.2491,-71.7915,6.5,1.0,25.76,False
pead_long_high_yoy_growth_only,multi_tier_partial,48,0.4167,0.5571,-0.9947,-47.7472,-63.173,6.4,1.0,22.78,False
pead_long_high_yoy_growth_only,smc_mitigation_zone,48,0.3333,0.3681,-1.0353,-49.6923,-49.1658,2.5,1.0,12.98,False
golden_cross_9_21,class_time_stop,25,0.4,3.0151,7.5596,188.9909,-32.2894,67.7,1.0,66.0,True
golden_cross_9_21,ma_exit_ema9,25,0.4,4.3888,6.4805,162.0123,-23.2553,11.6,0.92,66.0,False
golden_cross_9_21,chandelier_3x,25,0.32,3.0786,5.8683,146.7074,-48.9845,19.2,0.92,64.8,False
golden_cross_9_21,atr_trail_2x,25,0.32,2.8315,5.2903,132.2573,-55.4858,16.2,0.88,63.62,False
golden_cross_9_21,breakeven_plus_trail,25,0.24,3.3719,5.8633,146.5835,-52.964,25.2,0.92,63.6,False
golden_cross_9_21,earnings_blackout,25,0.44,2.4244,7.6613,191.5315,-51.0247,79.8,0.0,62.24,False
golden_cross_9_21,regime_flip,25,0.48,1.9687,3.8121,95.3021,-41.1788,29.2,1.0,56.79,False
golden_cross_9_21,time_stop_20d,25,0.48,1.9687,3.8121,95.3021,-41.1788,29.2,1.0,56.79,False
golden_cross_9_21,atr_trail_vix_conditional,25,0.24,2.2368,3.1089,77.7217,-52.9389,8.8,0.96,54.75,False
golden_cross_9_21,r_multiple_2r,25,0.44,1.7933,1.6111,40.2781,-29.0384,6.6,1.0,50.98,False
golden_cross_9_21,time_stop_10d,25,0.52,1.4638,1.6172,40.4288,-38.2159,14.6,1.0,48.03,False
golden_cross_9_21,r_multiple_3r,25,0.32,1.6839,1.5761,39.403,-42.1732,10.9,0.96,47.84,False
golden_cross_9_21,trailing_15pct,25,0.2,1.5498,3.5088,87.7196,-94.7242,67.2,0.8,47.24,False
golden_cross_9_21,hybrid_50pct_target,25,0.52,1.3313,1.4366,35.9157,-61.8803,50.1,0.88,45.82,False
golden_cross_9_21,break_even_at_1r,25,0.12,1.7548,1.4205,35.5118,-34.5762,8.8,0.96,45.45,False
golden_cross_9_21,trailing_10pct,25,0.28,1.4776,2.0591,51.4784,-75.2097,42.6,0.92,45.28,False
golden_cross_9_21,fixed_4r_2r,25,0.24,0.9106,-0.4279,-10.6979,-79.7685,22.8,0.96,31.04,False
golden_cross_9_21,multi_tier_partial,25,0.36,0.6977,-0.5638,-14.0956,-33.5074,5.4,1.0,27.18,False
golden_cross_9_21,mfe_lockin_trail,25,0.24,0.7203,-0.5522,-13.8056,-36.8852,5.3,1.0,26.05,False
golden_cross_9_21,smc_mitigation_zone,25,0.24,0.7073,-0.4778,-11.9445,-36.3039,4.3,1.0,25.79,False
golden_cross_9_21,reverse_signal,25,0.24,0.6269,-0.7367,-18.4175,-38.5695,5.8,1.0,22.93,False
golden_cross_9_21,atr_trail_mae_conditional,25,0.24,0.6269,-0.7367,-18.4175,-38.5695,5.8,1.0,22.93,False
golden_cross_9_21,atr_trail_1x,25,0.24,0.6269,-0.7367,-18.4175,-38.5695,5.8,1.0,22.93,False
golden_cross_9_21,smart_money_reversal,25,0.2,0.5601,-0.8713,-21.7832,-41.9352,5.2,1.0,19.82,False
golden_cross_9_21,next_pivot_target,25,0.68,0.3489,-1.8727,-46.8163,-46.979,12.0,1.0,15.83,False
golden_cross_9_21,trailing_5pct,25,0.32,0.3657,-1.4706,-36.7647,-44.0504,13.0,1.0,11.99,False
three_white_soldiers,earnings_blackout,27,0.2963,1.4163,2.4999,67.4969,-77.0379,87.1,0.0,45.32,False
three_white_soldiers,chandelier_3x,27,0.1852,0.899,-0.2089,-5.6411,-22.198,10.9,1.0,30.28,True
three_white_soldiers,time_stop_20d,27,0.4444,0.7704,-1.1557,-31.2026,-37.3979,29.0,1.0,29.59,False
three_white_soldiers,regime_flip,27,0.4444,0.7704,-1.1557,-31.2026,-37.3979,29.0,1.0,29.59,False
three_white_soldiers,break_even_at_1r,27,0.1111,0.7,-0.6727,-18.164,-40.005,22.7,1.0,23.35,False
three_white_soldiers,hybrid_50pct_target,27,0.3704,0.6441,-2.241,-60.5057,-93.9127,69.3,1.0,23.19,False
three_white_soldiers,r_multiple_3r,27,0.2222,0.6578,-1.1024,-29.7654,-49.4222,11.7,1.0,23.1,False
three_white_soldiers,breakeven_plus_trail,27,0.1852,0.6599,-1.2336,-33.3074,-49.5278,34.9,1.0,22.41,False
three_white_soldiers,ma_exit_ema9,27,0.3333,0.5729,-1.0908,-29.4528,-25.1021,9.6,1.0,21.95,False
three_white_soldiers,smc_mitigation_zone,27,0.3704,0.5249,-0.7741,-20.9013,-22.3046,4.1,1.0,21.19,False
three_white_soldiers,multi_tier_partial,27,0.4815,0.4713,-1.0881,-29.379,-29.4361,5.8,1.0,20.18,False
three_white_soldiers,trailing_10pct,27,0.2222,0.613,-2.4095,-65.0567,-99.7457,60.5,1.0,19.7,False
three_white_soldiers,fixed_4r_2r,27,0.2222,0.5959,-2.3233,-62.7286,-83.8697,24.9,1.0,19.25,False
three_white_soldiers,r_multiple_2r,27,0.2963,0.5211,-1.4844,-40.0788,-54.8786,8.2,1.0,18.87,False
three_white_soldiers,class_time_stop,27,0.4815,0.4559,-1.9353,-52.2518,-51.1179,10.2,1.0,18.23,False
three_white_soldiers,time_stop_10d,27,0.3704,0.4715,-2.5741,-69.501,-63.8136,14.6,1.0,16.3,False
three_white_soldiers,atr_trail_2x,27,0.2593,0.4795,-2.2135,-59.7647,-54.4605,15.5,1.0,15.52,False
three_white_soldiers,atr_trail_vix_conditional,27,0.2963,0.4477,-1.6852,-45.4995,-42.9198,8.5,1.0,15.46,False
three_white_soldiers,trailing_5pct,27,0.1481,0.4919,-1.6078,-43.4109,-39.2937,18.9,1.0,15.28,False
three_white_soldiers,mfe_lockin_trail,27,0.2963,0.4191,-1.3796,-37.2493,-38.5714,6.3,1.0,14.56,False
three_white_soldiers,next_pivot_target,27,0.6296,0.2498,-2.5532,-68.9351,-64.0665,6.4,1.0,13.11,False
three_white_soldiers,trailing_15pct,27,0.2222,0.5032,-4.4489,-120.1199,-147.5856,120.6,1.0,12.59,False
three_white_soldiers,atr_trail_mae_conditional,27,0.2593,0.316,-1.6577,-44.7572,-43.6698,6.6,1.0,8.9,False
three_white_soldiers,reverse_signal,27,0.2593,0.316,-1.6577,-44.7572,-43.6698,6.6,1.0,8.9,False
three_white_soldiers,smart_money_reversal,27,0.2593,0.316,-1.6577,-44.7572,-43.6698,6.6,1.0,8.9,False
three_white_soldiers,atr_trail_1x,27,0.2593,0.316,-1.6577,-44.7572,-43.6698,6.6,1.0,8.9,False
smc_liquidity_sweep_reversal,breakeven_plus_trail,62,0.2742,1.5954,2.0325,126.0154,-114.2526,39.0,0.9677,46.73,True
smc_liquidity_sweep_reversal,next_pivot_target,62,0.8226,1.0449,0.0755,4.6794,-30.7543,10.9,1.0,43.35,False
smc_liquidity_sweep_reversal,hybrid_50pct_target,62,0.4839,1.0211,0.1055,6.5414,-91.0977,72.5,0.9355,37.84,False
smc_liquidity_sweep_reversal,class_time_stop,62,0.5161,0.8993,-0.5492,-34.0504,-143.0358,43.4,1.0,34.74,False
smc_liquidity_sweep_reversal,fixed_4r_2r,62,0.2903,0.9078,-0.5058,-31.36,-145.5297,30.9,0.9677,31.61,False
smc_liquidity_sweep_reversal,trailing_15pct,62,0.3387,0.8362,-1.2099,-75.013,-172.1258,106.2,0.9516,29.6,False
smc_liquidity_sweep_reversal,r_multiple_3r,62,0.2097,0.8273,-0.5828,-36.1326,-85.5299,11.0,1.0,28.39,False
smc_liquidity_sweep_reversal,time_stop_10d,62,0.3871,0.7148,-1.1925,-73.9328,-135.7576,14.5,1.0,27.14,False
smc_liquidity_sweep_reversal,ma_exit_ema9,62,0.3065,0.709,-0.5055,-31.3406,-47.7525,4.9,1.0,26.8,False
smc_liquidity_sweep_reversal,regime_flip,62,0.4355,0.6568,-1.7599,-109.1138,-161.9527,29.0,1.0,25.28,False
smc_liquidity_sweep_reversal,time_stop_20d,62,0.4355,0.6568,-1.7599,-109.1138,-161.9527,29.0,1.0,25.28,False
smc_liquidity_sweep_reversal,trailing_10pct,62,0.2903,0.6706,-1.7403,-107.8987,-193.464,56.5,0.9677,23.56,False
smc_liquidity_sweep_reversal,multi_tier_partial,62,0.3548,0.5411,-1.0902,-67.5929,-77.0301,5.8,1.0,21.11,False
smc_liquidity_sweep_reversal,r_multiple_2r,62,0.2419,0.5873,-1.3571,-84.1392,-104.3068,7.4,1.0,20.69,False
smc_liquidity_sweep_reversal,smc_mitigation_zone,62,0.2903,0.5128,-0.8181,-50.725,-57.2424,3.4,1.0,19.45,False
smc_liquidity_sweep_reversal,break_even_at_1r,62,0.1452,0.566,-1.1176,-69.2928,-90.6167,11.5,1.0,18.84,False
smc_liquidity_sweep_reversal,atr_trail_mae_conditional,62,0.2581,0.4918,-1.2842,-79.6228,-85.8487,6.0,1.0,17.41,False
smc_liquidity_sweep_reversal,reverse_signal,62,0.2581,0.4918,-1.2842,-79.6228,-85.8487,6.0,1.0,17.41,False
smc_liquidity_sweep_reversal,atr_trail_1x,62,0.2581,0.4918,-1.2842,-79.6228,-85.8487,6.0,1.0,17.41,False
smc_liquidity_sweep_reversal,mfe_lockin_trail,62,0.2581,0.4761,-1.324,-82.0864,-91.5641,5.7,1.0,16.69,False
smc_liquidity_sweep_reversal,smart_money_reversal,62,0.2419,0.4795,-1.2926,-80.1389,-86.3648,5.7,1.0,16.64,False
smc_liquidity_sweep_reversal,atr_trail_2x,62,0.2742,0.4974,-2.1902,-135.7931,-168.3925,17.1,0.9839,16.53,False
smc_liquidity_sweep_reversal,earnings_blackout,62,0.4194,0.499,-5.2629,-326.3028,-402.1318,85.7,0.0,14.55,False
smc_liquidity_sweep_reversal,atr_trail_vix_conditional,62,0.2581,0.4281,-1.7197,-106.622,-113.1616,7.4,1.0,13.92,False
smc_liquidity_sweep_reversal,trailing_5pct,62,0.1935,0.4445,-1.6382,-101.5676,-110.1811,14.4,0.9839,13.84,False
smc_liquidity_sweep_reversal,chandelier_3x,62,0.1129,0.4348,-1.2242,-75.903,-72.7865,9.0,1.0,12.8,False
macd_fast_crossover,breakeven_plus_trail,77,0.3247,2.2634,3.2673,251.5817,-54.6057,47.2,0.987,56.5,True
macd_fast_crossover,ma_exit_ema9,77,0.2468,1.4371,0.7612,58.6158,-68.2385,5.8,1.0,42.27,False
macd_fast_crossover,hybrid_50pct_target,77,0.5455,1.1297,0.5734,44.1545,-103.7034,62.6,0.974,41.54,False
macd_fast_crossover,time_stop_20d,77,0.4675,1.1508,0.8052,62.0009,-245.6175,29.1,1.0,41.1,False
macd_fast_crossover,regime_flip,77,0.4675,1.1508,0.8052,62.0009,-245.6175,29.1,1.0,41.1,False
macd_fast_crossover,time_stop_10d,77,0.4805,1.1374,0.4438,34.1699,-115.5287,14.7,1.0,40.51,False
macd_fast_crossover,fixed_4r_2r,77,0.3117,1.1159,0.4868,37.4833,-108.5824,26.4,0.961,37.65,False
macd_fast_crossover,class_time_stop,77,0.4675,0.956,-0.261,-20.0987,-277.887,36.1,1.0,35.7,False
macd_fast_crossover,r_multiple_3r,77,0.2468,1.0504,0.1286,9.9052,-66.6053,9.1,0.987,34.9,False
macd_fast_crossover,r_multiple_2r,77,0.2987,0.92,-0.1903,-14.6564,-65.0513,7.2,0.987,32.49,False
macd_fast_crossover,atr_trail_2x,77,0.3766,0.8687,-0.4235,-32.6123,-136.34,18.5,0.987,32.13,False
macd_fast_crossover,chandelier_3x,77,0.0779,1.0424,0.0581,4.4743,-79.4625,5.3,1.0,32.11,False
macd_fast_crossover,trailing_10pct,77,0.3377,0.8957,-0.4972,-38.2809,-157.4018,62.4,0.974,32.06,False
macd_fast_crossover,next_pivot_target,77,0.5974,0.7414,-0.7781,-59.9159,-114.1242,12.0,1.0,31.67,False
macd_fast_crossover,break_even_at_1r,77,0.1688,0.8916,-0.2169,-16.6981,-76.3553,11.3,0.987,29.86,False
macd_fast_crossover,trailing_15pct,77,0.3117,0.8011,-1.3678,-105.3235,-248.5547,112.6,0.9481,28.08,False
macd_fast_crossover,earnings_blackout,77,0.4286,0.7218,-2.7971,-215.3759,-370.6751,84.7,0.0,25.56,False
macd_fast_crossover,trailing_5pct,77,0.3377,0.587,-1.0841,-83.4786,-89.6896,18.8,0.974,22.53,False
macd_fast_crossover,multi_tier_partial,77,0.3117,0.5019,-1.0084,-77.6462,-83.3961,4.9,1.0,19.04,False
macd_fast_crossover,atr_trail_vix_conditional,77,0.2208,0.4865,-1.2577,-96.8455,-95.5833,6.8,0.987,16.67,False
macd_fast_crossover,mfe_lockin_trail,77,0.2208,0.4108,-1.2469,-96.0111,-92.7501,5.0,1.0,13.22,False
macd_fast_crossover,smc_mitigation_zone,77,0.2857,0.3493,-0.9648,-74.2914,-80.8358,2.8,1.0,11.3,False
macd_fast_crossover,atr_trail_mae_conditional,77,0.2208,0.3706,-1.3318,-102.549,-99.2075,5.1,1.0,10.98,False
macd_fast_crossover,reverse_signal,77,0.2208,0.3706,-1.3318,-102.549,-99.2075,5.1,1.0,10.98,False
macd_fast_crossover,smart_money_reversal,77,0.2208,0.3706,-1.3318,-102.549,-99.2075,5.1,1.0,10.98,False
macd_fast_crossover,atr_trail_1x,77,0.2208,0.3706,-1.3318,-102.549,-99.2075,5.1,1.0,10.98,False
bb_squeeze_volume,earnings_blackout,18,0.6667,5.4673,12.6569,227.8245,-31.321,84.8,0.0,70.0,False
bb_squeeze_volume,fixed_4r_2r,18,0.6667,3.3237,7.4003,133.2062,-41.4225,30.6,1.0,70.0,True
bb_squeeze_volume,class_time_stop,18,0.6111,2.9329,8.8685,159.6332,-61.6064,43.1,1.0,68.7,False
bb_squeeze_volume,atr_trail_2x,18,0.5556,3.0205,6.9488,125.0793,-47.1718,27.5,0.9444,68.33,False
bb_squeeze_volume,breakeven_plus_trail,18,0.4444,5.3112,13.147,236.6457,-41.3006,79.9,0.8889,66.67,False
bb_squeeze_volume,ma_exit_ema9,18,0.4444,4.3376,6.7027,120.6485,-23.9047,14.2,0.9444,66.67,False
bb_squeeze_volume,trailing_10pct,18,0.5,2.658,5.6192,101.1458,-51.7574,71.6,0.9444,65.02,False
bb_squeeze_volume,hybrid_50pct_target,18,0.6667,2.3817,4.6056,82.9013,-45.3434,67.9,0.9444,64.68,False
bb_squeeze_volume,chandelier_3x,18,0.3889,2.5515,5.1114,92.0058,-38.1408,18.6,0.9444,62.52,False
bb_squeeze_volume,trailing_15pct,18,0.4444,2.2024,6.8365,123.0575,-62.9832,98.6,0.8889,60.34,False
bb_squeeze_volume,regime_flip,18,0.6667,1.9409,3.9307,70.7526,-59.2007,29.4,1.0,59.48,False
bb_squeeze_volume,time_stop_20d,18,0.6667,1.9409,3.9307,70.7526,-59.2007,29.4,1.0,59.48,False
bb_squeeze_volume,next_pivot_target,18,0.7778,1.8429,1.7675,31.815,-37.7442,11.3,1.0,56.84,False
bb_squeeze_volume,r_multiple_3r,18,0.4444,2.0512,2.6116,47.009,-30.4547,11.3,1.0,55.3,False
bb_squeeze_volume,atr_trail_vix_conditional,18,0.4444,1.7224,1.9278,34.7,-31.6346,9.8,1.0,50.69,False
bb_squeeze_volume,r_multiple_2r,18,0.4444,1.473,1.1752,21.1537,-32.2784,5.7,1.0,46.36,False
bb_squeeze_volume,time_stop_10d,18,0.6111,1.2456,1.0573,19.0316,-54.9618,14.8,1.0,45.25,False
bb_squeeze_volume,trailing_5pct,18,0.3889,1.2588,0.543,9.7743,-23.1123,20.2,1.0,41.36,False
bb_squeeze_volume,break_even_at_1r,18,0.2222,0.5178,-1.2547,-22.5852,-38.0494,15.4,1.0,17.97,False
bb_squeeze_volume,multi_tier_partial,18,0.3889,0.4505,-1.2228,-22.0097,-31.2863,4.3,1.0,17.67,False
bb_squeeze_volume,mfe_lockin_trail,18,0.3333,0.2751,-1.6313,-29.3632,-32.983,3.8,1.0,10.05,False
bb_squeeze_volume,atr_trail_mae_conditional,18,0.3333,0.254,-1.6787,-30.217,-32.1525,4.3,1.0,9.98,False
bb_squeeze_volume,reverse_signal,18,0.3333,0.254,-1.6787,-30.217,-32.1525,4.3,1.0,9.98,False
bb_squeeze_volume,atr_trail_1x,18,0.3333,0.254,-1.6787,-30.217,-32.1525,4.3,1.0,9.98,False
bb_squeeze_volume,smart_money_reversal,18,0.2778,0.174,-1.8657,-33.5827,-33.6032,3.5,1.0,8.87,False
bb_squeeze_volume,smc_mitigation_zone,18,0.1667,0.1133,-1.6922,-30.46,-29.4663,1.9,1.0,7.46,False
squeeze_breakout,earnings_blackout,27,0.5926,3.4257,8.7147,235.2963,-32.1673,86.0,0.0,68.89,False
squeeze_breakout,trailing_10pct,27,0.4815,3.7331,8.9987,242.9657,-38.8577,109.3,0.963,67.22,True
squeeze_breakout,breakeven_plus_trail,27,0.3704,4.8312,10.089,272.4038,-30.8035,74.7,0.9259,65.56,False
squeeze_breakout,ma_exit_ema9,27,0.2963,3.3569,4.5112,121.8024,-23.6555,12.8,0.963,63.71,False
squeeze_breakout,class_time_stop,27,0.5185,2.3433,5.2293,141.1922,-50.0041,36.7,1.0,62.72,False
squeeze_breakout,hybrid_50pct_target,27,0.5926,2.1978,4.88,131.7588,-47.0131,110.8,0.963,62.34,False
squeeze_breakout,trailing_15pct,27,0.4074,2.4665,8.8347,238.5369,-64.4507,151.6,0.8519,62.1,False
squeeze_breakout,atr_trail_2x,27,0.4444,2.4223,4.6243,124.8563,-50.0411,27.1,0.963,61.72,False
squeeze_breakout,fixed_4r_2r,27,0.4815,1.9517,3.5982,97.1515,-43.8346,32.4,1.0,56.32,False
squeeze_breakout,regime_flip,27,0.5556,1.6112,2.3707,64.0097,-58.6664,29.5,1.0,51.66,False
squeeze_breakout,time_stop_20d,27,0.5556,1.6112,2.3707,64.0097,-58.6664,29.5,1.0,51.66,False
squeeze_breakout,chandelier_3x,27,0.1852,1.8539,2.4605,66.4342,-53.4574,11.8,0.963,49.11,False
squeeze_breakout,trailing_5pct,27,0.3333,1.6235,1.4409,38.9041,-23.7661,29.4,1.0,47.09,False
squeeze_breakout,atr_trail_vix_conditional,27,0.2963,1.2687,0.658,17.7672,-43.7112,9.0,1.0,40.31,False
squeeze_breakout,next_pivot_target,27,0.7037,0.9174,-0.203,-5.4807,-40.345,15.3,1.0,38.49,False
squeeze_breakout,time_stop_10d,27,0.4444,1.0485,0.1606,4.3355,-56.0818,14.9,1.0,37.88,False
squeeze_breakout,break_even_at_1r,27,0.1852,1.2273,0.522,14.0931,-31.6542,24.4,1.0,37.76,False
squeeze_breakout,r_multiple_2r,27,0.2963,1.001,0.0026,0.0697,-50.2009,6.8,1.0,34.47,False
squeeze_breakout,r_multiple_3r,27,0.2222,0.9863,-0.0387,-1.044,-48.6095,10.8,1.0,32.99,False
squeeze_breakout,multi_tier_partial,27,0.3333,0.491,-1.0041,-27.1107,-41.2855,5.1,1.0,18.93,False
squeeze_breakout,atr_trail_mae_conditional,27,0.2593,0.3039,-1.4812,-39.9918,-46.8904,5.2,1.0,9.17,False
squeeze_breakout,reverse_signal,27,0.2593,0.3039,-1.4812,-39.9918,-46.8904,5.2,1.0,9.17,False
squeeze_breakout,atr_trail_1x,27,0.2593,0.3039,-1.4812,-39.9918,-46.8904,5.2,1.0,9.17,False
squeeze_breakout,mfe_lockin_trail,27,0.2593,0.2811,-1.5296,-41.2989,-46.8904,4.7,1.0,9.1,False
squeeze_breakout,smc_mitigation_zone,27,0.2222,0.09,-1.5121,-40.8272,-40.62,2.6,1.0,8.56,False
squeeze_breakout,smart_money_reversal,27,0.2222,0.2473,-1.6058,-43.3575,-48.3411,4.7,1.0,8.42,False
institutional_buy_momentum_long,chandelier_3x,49,0.3878,2.9877,6.948,340.4538,-33.8539,28.2,1.0,65.73,True
institutional_buy_momentum_long,breakeven_plus_trail,49,0.3265,3.4277,6.7975,333.0788,-29.0517,51.2,0.9388,64.9,False
institutional_buy_momentum_long,trailing_15pct,49,0.3673,2.4258,9.3082,456.1014,-95.7665,157.0,0.9184,61.16,False
institutional_buy_momentum_long,earnings_blackout,49,0.5306,2.0586,5.8055,284.4684,-77.8664,82.2,0.0,60.25,False
institutional_buy_momentum_long,time_stop_20d,49,0.5714,2.0865,3.6673,179.6982,-38.7301,28.1,1.0,59.14,False
institutional_buy_momentum_long,regime_flip,49,0.5714,2.0865,3.6673,179.6982,-38.7301,28.1,1.0,59.14,False
institutional_buy_momentum_long,ma_exit_ema9,49,0.3469,2.0862,2.8405,139.1833,-41.7181,14.2,1.0,54.52,False
institutional_buy_momentum_long,trailing_10pct,49,0.4082,1.8548,3.7998,186.1913,-99.6587,72.6,0.9388,54.48,False
institutional_buy_momentum_long,break_even_at_1r,49,0.2041,2.1086,2.2516,110.3271,-60.2018,26.0,0.9592,51.72,False
institutional_buy_momentum_long,hybrid_50pct_target,49,0.5306,1.3975,1.8163,88.9977,-63.4417,73.9,0.9388,47.54,False
institutional_buy_momentum_long,trailing_5pct,49,0.3265,1.4949,1.4715,72.1041,-45.1265,28.8,1.0,45.34,False
institutional_buy_momentum_long,class_time_stop,49,0.4898,1.264,1.4581,71.449,-99.746,42.0,1.0,44.33,False
institutional_buy_momentum_long,atr_trail_2x,49,0.3878,1.1808,0.5853,28.682,-44.6907,19.7,0.9796,40.1,False
institutional_buy_momentum_long,time_stop_10d,49,0.551,1.0696,0.2542,12.4559,-46.8365,14.0,1.0,40.02,False
institutional_buy_momentum_long,r_multiple_3r,49,0.3265,1.2135,0.5105,25.0161,-31.9285,10.1,0.9796,39.63,False
institutional_buy_momentum_long,r_multiple_2r,49,0.3878,1.1026,0.2253,11.04,-30.4721,6.5,0.9796,38.16,False
institutional_buy_momentum_long,fixed_4r_2r,49,0.3673,1.0627,0.2729,13.3703,-51.8203,21.2,0.9796,37.16,False
institutional_buy_momentum_long,next_pivot_target,49,0.6735,0.8447,-0.4052,-19.8546,-37.3189,9.3,0.9796,36.04,False
institutional_buy_momentum_long,atr_trail_vix_conditional,49,0.2653,0.5727,-1.0307,-50.5054,-66.7885,6.3,0.9796,21.02,False
institutional_buy_momentum_long,multi_tier_partial,49,0.3673,0.5253,-0.9783,-47.9343,-59.7223,5.2,1.0,20.86,False
institutional_buy_momentum_long,smc_mitigation_zone,49,0.3265,0.4236,-0.8502,-41.662,-45.3757,2.7,1.0,16.03,False
institutional_buy_momentum_long,atr_trail_mae_conditional,49,0.2857,0.4398,-1.172,-57.4273,-65.0548,5.2,0.9796,15.7,False
institutional_buy_momentum_long,reverse_signal,49,0.2857,0.4398,-1.172,-57.4273,-65.0548,5.2,0.9796,15.7,False
institutional_buy_momentum_long,atr_trail_1x,49,0.2857,0.4398,-1.172,-57.4273,-65.0548,5.2,0.9796,15.7,False
institutional_buy_momentum_long,mfe_lockin_trail,49,0.2857,0.4062,-1.2424,-60.8755,-64.679,4.9,0.9796,13.97,False
institutional_buy_momentum_long,smart_money_reversal,49,0.2653,0.4,-1.2571,-61.5981,-69.2256,4.9,1.0,13.33,False
macd_bullish_with_smart_money_long,regime_flip,25,0.64,4.3476,7.8715,196.7881,-28.9587,29.0,1.0,69.6,True
macd_bullish_with_smart_money_long,time_stop_20d,25,0.64,4.3476,7.8715,196.7881,-28.9587,29.0,1.0,69.6,False
macd_bullish_with_smart_money_long,earnings_blackout,25,0.64,3.0473,9.8186,245.4638,-71.3518,85.4,0.0,69.6,False
macd_bullish_with_smart_money_long,class_time_stop,25,0.64,2.5681,6.3656,159.1398,-40.9122,43.4,1.0,66.42,False
macd_bullish_with_smart_money_long,chandelier_3x,25,0.4,4.1687,9.5668,239.1706,-26.4602,30.5,1.0,66.0,False
macd_bullish_with_smart_money_long,breakeven_plus_trail,25,0.36,3.6762,8.2361,205.9021,-32.829,63.1,0.92,65.4,False
macd_bullish_with_smart_money_long,trailing_15pct,25,0.36,2.7474,11.6335,290.8365,-55.574,189.9,0.92,63.6,False
macd_bullish_with_smart_money_long,ma_exit_ema9,25,0.36,2.5471,4.4,109.9995,-23.1266,16.2,1.0,61.15,False
macd_bullish_with_smart_money_long,time_stop_10d,25,0.56,1.7342,1.9879,49.6981,-33.2803,14.3,1.0,52.66,False
macd_bullish_with_smart_money_long,trailing_5pct,25,0.32,1.6772,2.021,50.5245,-44.4328,38.3,1.0,48.42,False
macd_bullish_with_smart_money_long,hybrid_50pct_target,25,0.56,1.3002,1.3208,33.0206,-36.8388,80.8,0.96,45.76,False
macd_bullish_with_smart_money_long,r_multiple_3r,25,0.36,1.3909,0.9318,23.2952,-29.8505,9.3,1.0,43.56,False
macd_bullish_with_smart_money_long,trailing_10pct,25,0.4,1.1871,0.9573,23.9334,-77.3298,71.8,0.96,40.95,False
macd_bullish_with_smart_money_long,atr_trail_2x,25,0.4,1.2002,0.6653,16.6326,-32.241,23.3,1.0,40.74,False
macd_bullish_with_smart_money_long,fixed_4r_2r,25,0.36,1.0963,0.4108,10.2695,-49.528,22.4,1.0,37.9,False
macd_bullish_with_smart_money_long,next_pivot_target,25,0.72,0.8779,-0.2941,-7.3534,-20.9989,5.9,1.0,37.69,False
macd_bullish_with_smart_money_long,r_multiple_2r,25,0.4,1.0469,0.1087,2.7187,-30.3678,6.6,1.0,37.1,False
macd_bullish_with_smart_money_long,break_even_at_1r,25,0.2,1.1141,0.2439,6.0976,-39.2052,34.0,0.96,35.58,False
macd_bullish_with_smart_money_long,multi_tier_partial,25,0.36,0.516,-1.0586,-26.4662,-35.0175,5.7,1.0,20.26,False
macd_bullish_with_smart_money_long,smc_mitigation_zone,25,0.32,0.4831,-0.8133,-20.3329,-19.1031,3.4,1.0,19.8,False
macd_bullish_with_smart_money_long,atr_trail_mae_conditional,25,0.2,0.4081,-1.3726,-34.314,-36.6684,5.8,1.0,12.59,False
macd_bullish_with_smart_money_long,reverse_signal,25,0.2,0.4081,-1.3726,-34.314,-36.6684,5.8,1.0,12.59,False
macd_bullish_with_smart_money_long,atr_trail_1x,25,0.2,0.4081,-1.3726,-34.314,-36.6684,5.8,1.0,12.59,False
macd_bullish_with_smart_money_long,mfe_lockin_trail,25,0.2,0.3518,-1.5032,-37.58,-39.3489,5.4,1.0,9.35,False
macd_bullish_with_smart_money_long,smart_money_reversal,25,0.16,0.338,-1.5394,-38.4848,-40.024,5.2,1.0,7.88,False
macd_bullish_with_smart_money_long,atr_trail_vix_conditional,25,0.16,0.31,-1.8704,-46.7597,-43.0951,6.0,1.0,7.09,False
institutional_high_conviction_long,regime_flip,33,0.6364,3.7786,9.1663,302.4869,-57.2236,27.8,1.0,69.55,True
institutional_high_conviction_long,time_stop_20d,33,0.6364,3.7786,9.1663,302.4869,-57.2236,27.8,1.0,69.55,False
institutional_high_conviction_long,earnings_blackout,33,0.5455,4.5094,18.8388,621.679,-111.5566,75.2,0.0,68.18,False
institutional_high_conviction_long,trailing_10pct,33,0.4848,3.3177,10.2301,337.5929,-80.8,68.3,0.8788,67.27,False
institutional_high_conviction_long,class_time_stop,33,0.5152,2.9278,10.4142,343.667,-123.78,41.0,1.0,67.23,False
institutional_high_conviction_long,trailing_15pct,33,0.4545,3.0797,13.2217,436.3165,-96.5058,92.9,0.8182,66.82,False
institutional_high_conviction_long,breakeven_plus_trail,33,0.4242,5.6646,15.3916,507.9237,-42.907,52.8,0.8485,66.36,False
institutional_high_conviction_long,ma_exit_ema9,33,0.4242,5.173,9.7474,321.6656,-24.9553,15.7,0.9394,66.36,False
institutional_high_conviction_long,chandelier_3x,33,0.3939,4.8003,12.3666,408.0993,-47.8162,25.4,0.9394,65.91,False
institutional_high_conviction_long,hybrid_50pct_target,33,0.5455,2.6331,7.1222,235.0329,-62.8861,74.3,0.8788,65.51,False
institutional_high_conviction_long,atr_trail_2x,33,0.4242,2.8132,6.1892,204.2437,-50.0514,20.7,0.9091,65.05,False
institutional_high_conviction_long,break_even_at_1r,33,0.303,4.5474,6.4038,211.3244,-21.4534,25.4,0.9091,64.55,False
institutional_high_conviction_long,atr_trail_vix_conditional,33,0.3636,2.4219,3.5318,116.5498,-29.6592,8.7,0.9394,58.87,False
institutional_high_conviction_long,time_stop_10d,33,0.6061,1.7707,2.9119,96.0939,-56.4682,14.0,1.0,55.16,False
institutional_high_conviction_long,r_multiple_3r,33,0.3939,2.0596,2.5421,83.8909,-33.3416,10.6,0.9697,54.52,False
institutional_high_conviction_long,r_multiple_2r,33,0.4545,2.0152,2.1336,70.4103,-24.1235,7.2,0.9697,54.37,False
institutional_high_conviction_long,fixed_4r_2r,33,0.3939,1.6913,2.9468,97.2455,-55.4071,17.2,0.9697,51.09,False
institutional_high_conviction_long,trailing_5pct,33,0.2727,1.7595,2.0398,67.315,-32.5098,25.5,1.0,48.72,False
institutional_high_conviction_long,multi_tier_partial,33,0.4848,1.3199,0.5602,18.4875,-21.8361,5.8,1.0,43.8,False
institutional_high_conviction_long,atr_trail_mae_conditional,33,0.3636,1.2164,0.3899,12.8671,-23.4278,5.8,0.9697,40.05,False
institutional_high_conviction_long,atr_trail_1x,33,0.3636,1.2164,0.3899,12.8671,-23.4278,5.8,0.9697,40.05,False
institutional_high_conviction_long,reverse_signal,33,0.3636,1.2164,0.3899,12.8671,-23.4278,5.8,0.9697,40.05,False
institutional_high_conviction_long,mfe_lockin_trail,33,0.3636,1.1809,0.3259,10.7561,-22.6516,5.3,0.9697,39.35,False
institutional_high_conviction_long,smart_money_reversal,33,0.3333,1.1594,0.2879,9.5014,-26.7935,5.4,1.0,38.46,False
institutional_high_conviction_long,next_pivot_target,33,0.697,0.8975,-0.2547,-8.4052,-32.5752,8.2,0.9697,37.86,False
institutional_high_conviction_long,smc_mitigation_zone,33,0.3333,0.9865,-0.0207,-0.6829,-21.8327,3.1,1.0,34.69,False
institutional_recent_init_momentum_long,chandelier_3x,31,0.3226,3.2028,6.9894,216.672,-46.0241,22.9,1.0,64.84,True
institutional_recent_init_momentum_long,breakeven_plus_trail,31,0.3226,3.9116,9.731,301.6602,-62.1013,54.2,0.9032,64.84,False
institutional_recent_init_momentum_long,earnings_blackout,31,0.4839,2.3395,7.0313,217.9698,-92.551,79.1,0.0,62.17,False
institutional_recent_init_momentum_long,time_stop_20d,31,0.5484,2.2878,4.5398,140.7347,-61.7572,27.7,1.0,61.99,False
institutional_recent_init_momentum_long,regime_flip,31,0.5484,2.2878,4.5398,140.7347,-61.7572,27.7,1.0,61.99,False
institutional_recent_init_momentum_long,break_even_at_1r,31,0.2258,2.8719,3.7376,115.8668,-40.8028,24.8,0.9355,60.6,False
institutional_recent_init_momentum_long,ma_exit_ema9,31,0.3226,2.5762,3.9268,121.7323,-34.4703,14.2,1.0,60.11,False
institutional_recent_init_momentum_long,trailing_10pct,31,0.3871,2.1133,5.5389,171.7055,-113.0839,74.9,0.9032,58.63,False
institutional_recent_init_momentum_long,trailing_15pct,31,0.3548,2.019,7.2929,226.0791,-111.7541,111.0,0.871,57.21,False
institutional_recent_init_momentum_long,hybrid_50pct_target,31,0.5161,1.6417,2.9791,92.3528,-76.8388,87.7,0.9032,52.36,False
institutional_recent_init_momentum_long,class_time_stop,31,0.4839,1.5631,2.8648,88.8082,-100.742,41.3,1.0,50.7,False
institutional_recent_init_momentum_long,trailing_5pct,31,0.2581,1.5792,1.7891,55.4618,-50.3382,29.1,1.0,45.91,False
institutional_recent_init_momentum_long,time_stop_10d,31,0.5484,1.1748,0.6593,20.4381,-60.4858,13.9,1.0,42.51,False
institutional_recent_init_momentum_long,r_multiple_3r,31,0.3226,1.3599,0.8494,26.3328,-37.7941,9.9,0.9677,42.41,False
institutional_recent_init_momentum_long,r_multiple_2r,31,0.3871,1.2372,0.5136,15.9229,-23.3245,7.1,0.9677,40.94,False
institutional_recent_init_momentum_long,atr_trail_2x,31,0.3226,1.1308,0.4624,14.3338,-64.9843,19.7,0.9677,38.05,False
institutional_recent_init_momentum_long,next_pivot_target,31,0.6452,0.6213,-1.101,-34.13,-55.2727,10.1,0.9677,28.28,False
institutional_recent_init_momentum_long,fixed_4r_2r,31,0.2903,0.7976,-0.9855,-30.5503,-95.7095,21.6,0.9677,28.24,False
institutional_recent_init_momentum_long,multi_tier_partial,31,0.3871,0.6182,-0.7646,-23.7021,-37.39,5.6,1.0,24.81,False
institutional_recent_init_momentum_long,atr_trail_vix_conditional,31,0.2581,0.6654,-0.8773,-27.196,-42.5031,7.6,0.9677,24.21,False
institutional_recent_init_momentum_long,smc_mitigation_zone,31,0.3226,0.4867,-0.742,-23.0028,-23.9132,2.8,1.0,18.98,False
institutional_recent_init_momentum_long,smart_money_reversal,31,0.2581,0.5092,-1.0073,-31.2262,-39.0409,5.6,1.0,18.54,False
institutional_recent_init_momentum_long,reverse_signal,31,0.2581,0.5092,-1.0073,-31.2262,-39.0409,5.6,0.9677,18.54,False
institutional_recent_init_momentum_long,atr_trail_mae_conditional,31,0.2581,0.5092,-1.0073,-31.2262,-39.0409,5.6,0.9677,18.54,False
institutional_recent_init_momentum_long,atr_trail_1x,31,0.2581,0.5092,-1.0073,-31.2262,-39.0409,5.6,0.9677,18.54,False
institutional_recent_init_momentum_long,mfe_lockin_trail,31,0.2581,0.4491,-1.1307,-35.0502,-39.0409,5.2,0.9677,15.78,False
avwap_252_breakout,breakeven_plus_trail,38,0.2368,3.0421,8.1145,308.3513,-108.1234,52.4,0.9737,63.55,True
avwap_252_breakout,trailing_15pct,38,0.3158,2.221,8.9536,340.2387,-193.7798,129.6,0.9737,58.58,False
avwap_252_breakout,trailing_10pct,38,0.3158,2.1551,6.2969,239.2825,-149.6298,69.7,0.9737,57.96,False
avwap_252_breakout,hybrid_50pct_target,38,0.5,1.9305,4.6527,176.8021,-90.1363,80.8,0.9737,57.95,False
avwap_252_breakout,break_even_at_1r,38,0.0789,2.1991,3.5554,135.1059,-90.9204,12.7,1.0,52.66,False
avwap_252_breakout,earnings_blackout,38,0.5,1.4851,3.3648,127.8615,-92.5988,87.8,0.0,50.65,False
avwap_252_breakout,atr_trail_2x,38,0.2105,1.5274,2.4134,91.7075,-122.7304,23.4,1.0,45.45,False
avwap_252_breakout,fixed_4r_2r,38,0.3158,1.131,0.7141,27.1356,-122.4314,31.3,1.0,38.33,False
avwap_252_breakout,next_pivot_target,38,0.7105,0.6805,-0.9327,-35.4433,-105.3718,11.4,1.0,31.37,False
avwap_252_breakout,atr_trail_vix_conditional,38,0.1842,0.907,-0.3165,-12.0258,-104.5355,10.7,1.0,30.29,False
avwap_252_breakout,class_time_stop,38,0.3684,0.7915,-1.359,-51.642,-137.214,43.6,1.0,28.7,False
avwap_252_breakout,regime_flip,38,0.4211,0.7251,-1.6016,-60.8611,-126.8062,29.2,1.0,27.33,False
avwap_252_breakout,time_stop_20d,38,0.4211,0.7251,-1.6016,-60.8611,-126.8062,29.2,1.0,27.33,False
avwap_252_breakout,r_multiple_3r,38,0.1316,0.543,-1.6515,-62.7552,-106.8106,12.2,1.0,16.99,False
avwap_252_breakout,r_multiple_2r,38,0.1316,0.4136,-2.119,-80.5211,-111.1491,9.3,1.0,10.71,False
avwap_252_breakout,smc_mitigation_zone,38,0.2632,0.1573,-1.7166,-65.2306,-63.9756,2.2,1.0,8.87,False
avwap_252_breakout,multi_tier_partial,38,0.1842,0.2688,-2.0616,-78.34,-84.0441,5.7,1.0,7.17,False
avwap_252_breakout,time_stop_10d,38,0.3158,0.3107,-3.681,-139.8767,-161.1256,14.8,1.0,6.72,False
avwap_252_breakout,reverse_signal,38,0.1053,0.323,-1.9406,-73.7439,-89.7597,5.7,1.0,6.17,False
avwap_252_breakout,smart_money_reversal,38,0.1053,0.323,-1.9406,-73.7439,-89.7597,5.7,1.0,6.17,False
avwap_252_breakout,atr_trail_1x,38,0.1053,0.323,-1.9406,-73.7439,-89.7597,5.7,1.0,6.17,False
avwap_252_breakout,atr_trail_mae_conditional,38,0.1053,0.323,-1.9406,-73.7439,-89.7597,5.7,1.0,6.17,False
avwap_252_breakout,ma_exit_ema9,38,0.1579,0.0887,-2.6784,-101.7774,-97.8435,5.6,1.0,5.85,False
avwap_252_breakout,mfe_lockin_trail,38,0.1053,0.2089,-2.2677,-86.1708,-87.9766,5.4,1.0,5.68,False
avwap_252_breakout,trailing_5pct,38,0.0789,0.2863,-2.4002,-91.2058,-98.0836,14.4,1.0,5.08,False
avwap_252_breakout,chandelier_3x,38,0.0526,0.0452,-3.5077,-133.2936,-117.3913,7.7,1.0,3.03,False
head_and_shoulders_bottom_long,regime_flip,6,0.5,1.1482,0.3134,1.8806,-6.8813,29.0,1.0,57.2,True
head_and_shoulders_bottom_long,time_stop_20d,6,0.5,1.1482,0.3134,1.8806,-6.8813,29.0,1.0,57.2,False
head_and_shoulders_bottom_long,r_multiple_3r,6,0.3333,1.1637,0.336,2.016,-6.2336,7.8,1.0,55.82,False
head_and_shoulders_bottom_long,r_multiple_2r,6,0.3333,0.8444,-0.3194,-1.9164,-6.2336,6.3,1.0,48.26,False
head_and_shoulders_bottom_long,chandelier_3x,6,0.3333,0.8829,-0.216,-1.2961,-8.0008,13.7,1.0,47.12,False
head_and_shoulders_bottom_long,next_pivot_target,6,0.6667,0.6731,-0.9203,-5.5216,-6.8928,14.8,1.0,46.9,False
head_and_shoulders_bottom_long,atr_trail_mae_conditional,6,0.1667,0.7525,-0.4979,-2.9871,-6.2336,8.3,1.0,43.14,False
head_and_shoulders_bottom_long,reverse_signal,6,0.1667,0.7525,-0.4979,-2.9871,-6.2336,8.3,1.0,43.14,False
head_and_shoulders_bottom_long,atr_trail_1x,6,0.1667,0.7525,-0.4979,-2.9871,-6.2336,8.3,1.0,43.14,False
head_and_shoulders_bottom_long,smart_money_reversal,6,0.1667,0.7525,-0.4979,-2.9871,-6.2336,8.3,1.0,43.14,False
head_and_shoulders_bottom_long,atr_trail_vix_conditional,6,0.1667,0.5918,-0.8028,-4.8166,-6.2336,6.5,1.0,37.76,False
head_and_shoulders_bottom_long,multi_tier_partial,6,0.3333,0.4994,-0.9589,-5.7534,-6.2336,8.3,1.0,36.55,False
head_and_shoulders_bottom_long,mfe_lockin_trail,6,0.1667,0.5498,-0.9056,-5.4333,-6.2336,5.7,1.0,36.1,False
head_and_shoulders_bottom_long,atr_trail_2x,6,0.3333,0.5816,-1.4514,-8.7082,-10.3525,16.0,1.0,33.78,False
head_and_shoulders_bottom_long,trailing_5pct,6,0.3333,0.5152,-1.4929,-8.9576,-8.5834,21.7,1.0,33.45,False
head_and_shoulders_bottom_long,ma_exit_ema9,6,0.5,0.3934,-1.1705,-7.0232,-11.4692,5.5,1.0,27.3,False
head_and_shoulders_bottom_long,hybrid_50pct_target,6,0.5,0.5161,-2.4195,-14.5173,-20.0,38.7,1.0,20.32,False
head_and_shoulders_bottom_long,time_stop_10d,6,0.3333,0.4305,-2.4417,-14.6501,-15.8059,14.2,1.0,19.32,False
head_and_shoulders_bottom_long,smc_mitigation_zone,6,0.1667,0.0392,-1.8748,-11.2486,-10.4233,2.8,1.0,19.16,False
head_and_shoulders_bottom_long,break_even_at_1r,6,0.0,0.0,-2.2811,-13.6866,-11.5784,10.8,1.0,14.61,False
head_and_shoulders_bottom_long,fixed_4r_2r,6,0.1667,0.3432,-2.9188,-17.5126,-13.2961,15.0,1.0,14.6,False
head_and_shoulders_bottom_long,breakeven_plus_trail,6,0.1667,0.0689,-3.3848,-20.3091,-16.0926,19.3,1.0,9.81,False
head_and_shoulders_bottom_long,class_time_stop,6,0.3333,0.1236,-5.4069,-32.4416,-26.8775,65.5,1.0,5.0,False
head_and_shoulders_bottom_long,trailing_10pct,6,0.1667,0.1299,-5.2697,-31.6182,-23.941,35.0,1.0,2.5,False
head_and_shoulders_bottom_long,earnings_blackout,6,0.1667,0.0371,-6.9756,-41.8536,-35.758,88.0,0.0,2.5,False
head_and_shoulders_bottom_long,trailing_15pct,6,0.0,0.0,-9.8518,-59.1109,-44.8412,73.8,1.0,0.0,False
triangle_ascending_long,hybrid_50pct_target,5,0.8,5.6913,9.3826,46.913,0.0,113.2,1.0,97.0,True
triangle_ascending_long,class_time_stop,5,0.6,16.973,26.5924,132.9622,-2.7601,63.0,1.0,90.55,False
triangle_ascending_long,regime_flip,5,0.4,3.1984,4.0412,20.2059,-3.3808,29.0,1.0,85.34,False
triangle_ascending_long,time_stop_20d,5,0.4,3.1984,4.0412,20.2059,-3.3808,29.0,1.0,85.34,False
triangle_ascending_long,earnings_blackout,5,0.6,9.7158,24.3937,121.9686,-7.8984,80.4,0.0,84.13,False
triangle_ascending_long,ma_exit_ema9,5,0.4,3.4613,1.261,6.3052,-2.5617,5.6,1.0,82.19,False
triangle_ascending_long,breakeven_plus_trail,5,0.2,2.5423,1.3007,6.5033,0.0,17.2,1.0,79.06,False
triangle_ascending_long,time_stop_10d,5,0.6,1.5974,1.0624,5.3121,-0.7935,14.0,1.0,74.19,False
triangle_ascending_long,smc_mitigation_zone,5,0.4,1.6381,0.396,1.9798,-1.1699,2.2,1.0,70.24,False
triangle_ascending_long,multi_tier_partial,5,0.4,1.6785,1.0196,5.0981,-6.0417,5.2,1.0,65.58,False
triangle_ascending_long,atr_trail_vix_conditional,5,0.2,1.6388,0.8396,4.198,-4.2156,5.0,1.0,64.11,False
triangle_ascending_long,fixed_4r_2r,5,0.2,2.0005,3.2805,16.4023,-12.1775,26.0,1.0,61.9,False
triangle_ascending_long,r_multiple_2r,5,0.2,1.7189,1.3716,6.8582,-7.4317,5.0,1.0,61.86,False
triangle_ascending_long,atr_trail_1x,5,0.2,1.6181,0.9684,4.8418,-6.5487,5.2,1.0,61.12,False
triangle_ascending_long,mfe_lockin_trail,5,0.2,1.6181,0.9684,4.8418,-6.5487,5.2,1.0,61.12,False
triangle_ascending_long,reverse_signal,5,0.2,1.6181,0.9684,4.8418,-6.5487,5.2,1.0,61.12,False
triangle_ascending_long,smart_money_reversal,5,0.2,1.6181,0.9684,4.8418,-6.5487,5.2,1.0,61.12,False
triangle_ascending_long,atr_trail_mae_conditional,5,0.2,1.6181,0.9684,4.8418,-6.5487,5.2,1.0,61.12,False
triangle_ascending_long,break_even_at_1r,5,0.2,1.2383,0.4126,2.0629,-6.5487,5.2,1.0,54.81,False
triangle_ascending_long,atr_trail_2x,5,0.4,0.7986,-0.1981,-0.9907,-1.4916,17.0,1.0,54.23,False
triangle_ascending_long,next_pivot_target,5,0.6,0.4406,-1.326,-6.6299,-1.8518,17.8,1.0,42.91,False
triangle_ascending_long,trailing_10pct,5,0.4,0.7723,-1.0236,-5.1181,-13.2492,101.8,1.0,37.61,False
triangle_ascending_long,chandelier_3x,5,0.0,0.0,-0.7336,-3.6678,-3.4575,11.0,1.0,27.08,False
triangle_ascending_long,trailing_5pct,5,0.0,0.0,-3.5347,-17.6733,-13.4895,26.2,1.0,10.34,False
triangle_ascending_long,r_multiple_3r,5,0.0,0.0,-3.5478,-17.739,-15.6308,7.4,1.0,7.64,False
triangle_ascending_long,trailing_15pct,5,0.4,0.1285,-6.0263,-30.1313,-20.3034,167.6,1.0,6.0,False
institutional_cluster_long,earnings_blackout,45,0.6444,5.0181,17.3062,778.7793,-63.2328,82.8,0.0,69.67,False
institutional_cluster_long,time_stop_20d,45,0.5778,3.8213,7.614,342.6292,-29.2381,28.9,1.0,68.67,True
institutional_cluster_long,regime_flip,45,0.5778,3.8213,7.614,342.6292,-29.2381,28.9,1.0,68.67,False
institutional_cluster_long,class_time_stop,45,0.5778,2.9653,9.3492,420.7139,-63.8205,43.2,1.0,68.43,False
institutional_cluster_long,ma_exit_ema9,45,0.4,3.7597,5.8062,261.2773,-33.9953,9.6,0.9556,66.0,False
institutional_cluster_long,breakeven_plus_trail,45,0.3556,4.9953,11.1426,501.4171,-25.8612,50.3,0.9111,65.33,False
institutional_cluster_long,atr_trail_2x,45,0.4222,2.7664,5.8392,262.7622,-38.7396,23.6,0.9556,64.67,False
institutional_cluster_long,chandelier_3x,45,0.2667,3.6238,6.1004,274.5167,-37.6235,17.1,0.9556,64.0,False
institutional_cluster_long,hybrid_50pct_target,45,0.5778,2.2279,5.1844,233.2998,-35.5264,80.5,0.9556,62.57,False
institutional_cluster_long,trailing_15pct,45,0.4,2.1587,7.6702,345.1591,-121.8933,132.5,0.9111,59.26,False
institutional_cluster_long,trailing_10pct,45,0.4444,2.0814,5.2361,235.6263,-63.0715,71.9,0.9556,59.18,False
institutional_cluster_long,break_even_at_1r,45,0.2222,2.631,3.3749,151.8691,-27.3408,22.7,0.9556,58.21,False
institutional_cluster_long,r_multiple_3r,45,0.3778,2.2738,3.0602,137.7082,-32.5825,10.8,1.0,57.08,False
institutional_cluster_long,time_stop_10d,45,0.5333,2.0074,3.1996,143.9837,-38.9468,14.3,1.0,57.07,False
institutional_cluster_long,atr_trail_vix_conditional,45,0.3556,2.2571,2.9993,134.9699,-24.8196,10.3,0.9778,56.51,False
institutional_cluster_long,r_multiple_2r,45,0.4222,1.9548,2.0856,93.8532,-26.3186,6.6,1.0,53.19,False
institutional_cluster_long,fixed_4r_2r,45,0.3556,1.838,3.5886,161.4857,-44.7479,26.4,1.0,53.18,False
institutional_cluster_long,next_pivot_target,45,0.7111,0.9805,-0.0508,-2.2877,-32.8293,11.4,1.0,40.19,False
institutional_cluster_long,trailing_5pct,45,0.2444,1.143,0.4104,18.4684,-63.6584,26.9,1.0,37.02,False
institutional_cluster_long,multi_tier_partial,45,0.4,1.0437,0.0884,3.9793,-24.4916,6.4,1.0,37.01,False
institutional_cluster_long,mfe_lockin_trail,45,0.2667,1.0466,0.0968,4.3557,-25.5805,6.0,1.0,35.08,False
institutional_cluster_long,atr_trail_mae_conditional,45,0.2667,1.0339,0.0703,3.1639,-25.5805,6.4,1.0,34.79,False
institutional_cluster_long,reverse_signal,45,0.2667,1.0339,0.0703,3.1639,-25.5805,6.4,1.0,34.79,False
institutional_cluster_long,atr_trail_1x,45,0.2667,1.0339,0.0703,3.1639,-25.5805,6.4,1.0,34.79,False
institutional_cluster_long,smart_money_reversal,45,0.2444,1.0292,0.0588,2.6478,-28.0079,6.0,1.0,34.34,False
institutional_cluster_long,smc_mitigation_zone,45,0.3556,0.9505,-0.0724,-3.2591,-21.7854,3.7,1.0,34.19,False
squeeze_breakout_with_smart_money_long,earnings_blackout,27,0.5926,3.4257,8.7147,235.2963,-32.1673,86.0,0.0,68.89,False
squeeze_breakout_with_smart_money_long,trailing_10pct,27,0.4815,3.7331,8.9987,242.9657,-38.8577,109.3,0.963,67.22,True
squeeze_breakout_with_smart_money_long,breakeven_plus_trail,27,0.3704,4.8312,10.089,272.4038,-30.8035,74.7,0.9259,65.56,False
squeeze_breakout_with_smart_money_long,ma_exit_ema9,27,0.2963,3.3569,4.5112,121.8024,-23.6555,12.8,0.963,63.71,False
squeeze_breakout_with_smart_money_long,class_time_stop,27,0.5556,2.2772,5.3844,145.3793,-59.8771,43.4,1.0,62.69,False
squeeze_breakout_with_smart_money_long,hybrid_50pct_target,27,0.5926,2.1978,4.88,131.7588,-47.0131,110.8,0.963,62.34,False
squeeze_breakout_with_smart_money_long,trailing_15pct,27,0.4074,2.4665,8.8347,238.5369,-64.4507,151.6,0.8519,62.1,False
squeeze_breakout_with_smart_money_long,atr_trail_2x,27,0.4444,2.4223,4.6243,124.8563,-50.0411,27.1,0.963,61.72,False
squeeze_breakout_with_smart_money_long,fixed_4r_2r,27,0.4815,1.9517,3.5982,97.1515,-43.8346,32.4,1.0,56.32,False
squeeze_breakout_with_smart_money_long,regime_flip,27,0.5556,1.6112,2.3707,64.0097,-58.6664,29.5,1.0,51.66,False
squeeze_breakout_with_smart_money_long,time_stop_20d,27,0.5556,1.6112,2.3707,64.0097,-58.6664,29.5,1.0,51.66,False
squeeze_breakout_with_smart_money_long,chandelier_3x,27,0.1852,1.8539,2.4605,66.4342,-53.4574,11.8,0.963,49.11,False
squeeze_breakout_with_smart_money_long,trailing_5pct,27,0.3333,1.6235,1.4409,38.9041,-23.7661,29.4,1.0,47.09,False
squeeze_breakout_with_smart_money_long,atr_trail_vix_conditional,27,0.2963,1.2687,0.658,17.7672,-43.7112,9.0,1.0,40.31,False
squeeze_breakout_with_smart_money_long,next_pivot_target,27,0.7037,0.9174,-0.203,-5.4807,-40.345,15.3,1.0,38.49,False
squeeze_breakout_with_smart_money_long,time_stop_10d,27,0.4444,1.0485,0.1606,4.3355,-56.0818,14.9,1.0,37.88,False
squeeze_breakout_with_smart_money_long,break_even_at_1r,27,0.1852,1.2273,0.522,14.0931,-31.6542,24.4,1.0,37.76,False
squeeze_breakout_with_smart_money_long,r_multiple_2r,27,0.2963,1.001,0.0026,0.0697,-50.2009,6.8,1.0,34.47,False
squeeze_breakout_with_smart_money_long,r_multiple_3r,27,0.2222,0.9863,-0.0387,-1.044,-48.6095,10.8,1.0,32.99,False
squeeze_breakout_with_smart_money_long,multi_tier_partial,27,0.3333,0.491,-1.0041,-27.1107,-41.2855,5.1,1.0,18.93,False
squeeze_breakout_with_smart_money_long,atr_trail_mae_conditional,27,0.2593,0.3039,-1.4812,-39.9918,-46.8904,5.2,1.0,9.17,False
squeeze_breakout_with_smart_money_long,reverse_signal,27,0.2593,0.3039,-1.4812,-39.9918,-46.8904,5.2,1.0,9.17,False
squeeze_breakout_with_smart_money_long,atr_trail_1x,27,0.2593,0.3039,-1.4812,-39.9918,-46.8904,5.2,1.0,9.17,False
squeeze_breakout_with_smart_money_long,mfe_lockin_trail,27,0.2593,0.2811,-1.5296,-41.2989,-46.8904,4.7,1.0,9.1,False
squeeze_breakout_with_smart_money_long,smc_mitigation_zone,27,0.2222,0.09,-1.5121,-40.8272,-40.62,2.6,1.0,8.56,False
squeeze_breakout_with_smart_money_long,smart_money_reversal,27,0.2222,0.2473,-1.6058,-43.3575,-48.3411,4.7,1.0,8.42,False
avwap_50_reclaim,earnings_blackout,14,0.6429,2.9851,7.6861,107.6059,-27.4963,85.2,0.0,69.54,False
avwap_50_reclaim,class_time_stop,14,0.5714,3.3252,6.1046,85.4637,-19.453,44.2,1.0,69.25,True
avwap_50_reclaim,regime_flip,14,0.5714,3.0335,4.6092,64.5288,-23.067,29.7,1.0,67.98,False
avwap_50_reclaim,time_stop_20d,14,0.5714,3.0335,4.6092,64.5288,-23.067,29.7,1.0,67.98,False
avwap_50_reclaim,r_multiple_3r,14,0.2857,1.1182,0.3155,4.417,-37.3573,9.5,1.0,37.05,False
avwap_50_reclaim,time_stop_10d,14,0.5,0.9782,-0.0707,-0.9902,-37.3088,14.9,1.0,36.94,False
avwap_50_reclaim,break_even_at_1r,14,0.2143,0.9025,-0.2093,-2.9308,-30.0747,11.3,1.0,30.8,False
avwap_50_reclaim,r_multiple_2r,14,0.2857,0.765,-0.6272,-8.7808,-37.3573,6.1,1.0,27.86,False
avwap_50_reclaim,next_pivot_target,14,0.7143,0.5712,-1.2654,-17.7154,-35.8828,4.5,1.0,27.35,False
avwap_50_reclaim,fixed_4r_2r,14,0.2857,0.7698,-1.1871,-16.6199,-72.1982,16.0,1.0,27.15,False
avwap_50_reclaim,trailing_15pct,14,0.2857,0.7506,-1.6335,-22.8697,-49.2137,61.5,1.0,25.96,False
avwap_50_reclaim,multi_tier_partial,14,0.2857,0.5436,-0.9813,-13.7376,-29.1803,5.8,1.0,20.33,False
avwap_50_reclaim,mfe_lockin_trail,14,0.2143,0.5731,-1.0319,-14.4463,-33.7417,5.2,1.0,20.27,False
avwap_50_reclaim,breakeven_plus_trail,14,0.2143,0.5648,-1.6213,-22.6977,-52.1564,18.1,1.0,19.08,False
avwap_50_reclaim,ma_exit_ema9,14,0.2857,0.439,-1.3966,-19.5529,-30.1937,8.6,1.0,15.33,False
avwap_50_reclaim,atr_trail_mae_conditional,14,0.2143,0.4552,-1.317,-18.4376,-33.7417,6.0,1.0,15.12,False
avwap_50_reclaim,reverse_signal,14,0.2143,0.4552,-1.317,-18.4376,-33.7417,6.0,1.0,15.12,False
avwap_50_reclaim,smart_money_reversal,14,0.2143,0.4552,-1.317,-18.4376,-33.7417,6.0,1.0,15.12,False
avwap_50_reclaim,smc_mitigation_zone,14,0.2143,0.4552,-1.317,-18.4376,-33.7417,6.0,1.0,15.12,False
avwap_50_reclaim,atr_trail_1x,14,0.2143,0.4552,-1.317,-18.4376,-33.7417,6.0,1.0,15.12,False
avwap_50_reclaim,trailing_5pct,14,0.2857,0.4421,-1.7377,-24.3281,-43.6098,10.1,1.0,14.96,False
avwap_50_reclaim,chandelier_3x,14,0.2143,0.4665,-2.4351,-34.091,-63.6898,17.4,1.0,13.95,False
avwap_50_reclaim,trailing_10pct,14,0.3571,0.4107,-2.9962,-41.9462,-71.1853,27.6,1.0,12.64,False
avwap_50_reclaim,hybrid_50pct_target,14,0.3571,0.422,-3.7157,-52.0199,-90.0,35.8,1.0,12.11,False
avwap_50_reclaim,atr_trail_vix_conditional,14,0.2857,0.3572,-1.9991,-27.9871,-43.542,8.4,1.0,10.2,False
avwap_50_reclaim,atr_trail_2x,14,0.2857,0.2159,-3.2964,-46.149,-58.8538,14.1,1.0,6.84,False
institutional_committed_growth_long,earnings_blackout,40,0.775,15.4356,35.1843,1407.3724,-58.2464,75.6,0.0,71.62,False
institutional_committed_growth_long,time_stop_20d,40,0.75,6.5701,12.6526,506.1024,-30.8008,28.4,1.0,71.25,True
institutional_committed_growth_long,regime_flip,40,0.75,6.5701,12.6526,506.1024,-30.8008,28.4,1.0,71.25,False
institutional_committed_growth_long,class_time_stop,40,0.725,6.8417,17.0899,683.5955,-47.9646,41.4,1.0,70.88,False
institutional_committed_growth_long,time_stop_10d,40,0.7,3.7368,6.3152,252.6068,-32.4557,14.4,1.0,70.5,False
institutional_committed_growth_long,hybrid_50pct_target,40,0.65,3.7173,8.9071,356.2823,-50.0,55.9,0.9,69.75,False
institutional_committed_growth_long,atr_trail_2x,40,0.575,4.4505,9.5627,382.509,-54.0526,25.2,0.875,68.62,False
institutional_committed_growth_long,breakeven_plus_trail,40,0.525,9.7486,18.4199,736.7944,-36.4513,46.0,0.85,67.88,False
institutional_committed_growth_long,trailing_10pct,40,0.5,3.8146,9.7761,391.0452,-49.0175,46.2,0.9,67.5,False
institutional_committed_growth_long,trailing_15pct,40,0.5,4.5974,19.2609,770.4359,-79.3286,115.1,0.85,67.5,False
institutional_committed_growth_long,ma_exit_ema9,40,0.45,4.8337,8.5037,340.1485,-42.1144,14.1,0.95,66.75,False
institutional_committed_growth_long,chandelier_3x,40,0.275,4.4862,9.7498,389.9919,-71.8214,19.9,0.925,64.12,False
institutional_committed_growth_long,break_even_at_1r,40,0.3,3.1659,4.1148,164.5914,-26.0208,23.5,0.975,63.17,False
institutional_committed_growth_long,atr_trail_vix_conditional,40,0.4,2.5893,3.9111,156.4422,-37.3624,10.7,0.95,61.35,False
institutional_committed_growth_long,r_multiple_3r,40,0.45,2.4377,3.7914,151.6575,-54.8568,12.8,0.95,60.69,False
institutional_committed_growth_long,fixed_4r_2r,40,0.475,2.1547,5.1965,207.8617,-68.3733,28.5,0.95,60.35,False
institutional_committed_growth_long,r_multiple_2r,40,0.5,2.2166,2.827,113.0815,-36.3475,8.3,0.95,58.04,False
institutional_committed_growth_long,next_pivot_target,40,0.75,1.1487,0.3736,14.9422,-41.5131,9.5,1.0,44.65,False
institutional_committed_growth_long,trailing_5pct,40,0.275,1.4592,1.0978,43.9137,-40.5951,20.1,0.95,43.51,False
institutional_committed_growth_long,smart_money_reversal,40,0.275,1.3489,0.7248,28.9906,-31.7284,6.2,1.0,41.34,False
institutional_committed_growth_long,atr_trail_mae_conditional,40,0.3,1.3129,0.6917,27.6697,-33.626,7.2,1.0,41.11,False
institutional_committed_growth_long,reverse_signal,40,0.3,1.3129,0.6917,27.6697,-33.626,7.2,1.0,41.11,False
institutional_committed_growth_long,atr_trail_1x,40,0.3,1.3129,0.6917,27.6697,-33.626,7.2,1.0,41.11,False
institutional_committed_growth_long,mfe_lockin_trail,40,0.3,1.2954,0.6531,26.1231,-33.626,6.8,1.0,40.78,False
institutional_committed_growth_long,multi_tier_partial,40,0.475,1.0859,0.1764,7.0549,-18.9442,6.5,1.0,40.4,False
institutional_committed_growth_long,smc_mitigation_zone,40,0.4,1.0773,0.1273,5.0902,-37.8882,4.2,1.0,37.72,False
inside_bar_breakout,next_pivot_target,17,0.9412,2.9592,1.1525,19.5925,0.0,5.8,1.0,93.07,True
inside_bar_breakout,smc_mitigation_zone,17,0.5294,1.4164,0.3282,5.5802,-4.792,4.1,1.0,64.57,False
inside_bar_breakout,earnings_blackout,17,0.5882,2.4292,6.4804,110.1674,-54.4288,80.9,0.0,64.5,False
inside_bar_breakout,class_time_stop,17,0.4706,2.1732,3.2388,55.0591,-14.7929,35.5,1.0,64.32,False
inside_bar_breakout,trailing_10pct,17,0.4706,2.2443,5.0783,86.3306,-29.7157,95.7,0.9412,61.12,False
inside_bar_breakout,hybrid_50pct_target,17,0.5294,1.7073,2.9589,50.3011,-33.2875,96.1,0.9412,53.33,False
inside_bar_breakout,breakeven_plus_trail,17,0.3529,1.8911,2.3269,39.558,-34.6704,39.8,0.9412,51.83,False
inside_bar_breakout,break_even_at_1r,17,0.2353,1.997,2.0311,34.528,-24.4951,25.8,1.0,50.74,False
inside_bar_breakout,fixed_4r_2r,17,0.4118,1.4915,1.9453,33.0701,-50.0543,39.1,0.9412,47.28,False
inside_bar_breakout,time_stop_10d,17,0.6471,1.0965,0.2734,4.6484,-29.3452,14.1,1.0,42.0,False
inside_bar_breakout,r_multiple_3r,17,0.2941,1.3262,0.7685,13.0646,-29.9098,10.7,0.9412,41.35,False
inside_bar_breakout,time_stop_20d,17,0.4118,1.1901,0.5997,10.1947,-35.8187,28.4,1.0,40.64,False
inside_bar_breakout,regime_flip,17,0.4118,1.1901,0.5997,10.1947,-35.8187,28.4,1.0,40.64,False
inside_bar_breakout,atr_trail_2x,17,0.3529,1.217,0.6685,11.3639,-37.1589,18.4,0.9412,40.32,False
inside_bar_breakout,trailing_15pct,17,0.3529,1.0872,0.5463,9.2877,-52.973,120.2,0.9412,37.83,False
inside_bar_breakout,r_multiple_2r,17,0.3529,0.9449,-0.1261,-2.1431,-26.4293,8.5,0.9412,33.94,False
inside_bar_breakout,chandelier_3x,17,0.1765,0.7873,-0.2376,-4.0391,-18.2458,7.7,0.9412,29.59,False
inside_bar_breakout,multi_tier_partial,17,0.2941,0.5282,-0.7562,-12.8561,-12.9033,6.5,1.0,29.08,False
inside_bar_breakout,atr_trail_vix_conditional,17,0.2941,0.5329,-1.1158,-18.9692,-29.1444,9.8,1.0,19.85,False
inside_bar_breakout,mfe_lockin_trail,17,0.1765,0.5116,-0.9332,-15.8636,-18.1352,6.2,1.0,19.85,False
inside_bar_breakout,smart_money_reversal,17,0.1765,0.4687,-0.9919,-16.8616,-17.3907,6.5,1.0,18.9,False
inside_bar_breakout,reverse_signal,17,0.1765,0.458,-1.0357,-17.6061,-18.1352,6.8,1.0,17.43,False
inside_bar_breakout,atr_trail_1x,17,0.1765,0.458,-1.0357,-17.6061,-18.1352,6.8,1.0,17.43,False
inside_bar_breakout,atr_trail_mae_conditional,17,0.1765,0.458,-1.0357,-17.6061,-18.1352,6.8,1.0,17.43,False
inside_bar_breakout,ma_exit_ema9,17,0.4118,0.3214,-0.9736,-16.5513,-17.4104,3.5,1.0,15.45,False
inside_bar_breakout,trailing_5pct,17,0.2353,0.4178,-1.5098,-25.6671,-26.2117,13.9,0.9412,13.39,False
xs_low_beta_with_smart_money_long,time_stop_10d,10,0.7,2.5886,1.595,15.9505,-1.942,14.3,1.0,84.94,True
xs_low_beta_with_smart_money_long,breakeven_plus_trail,10,0.2,4.5022,3.7856,37.856,-6.5926,54.7,0.8,77.94,False
xs_low_beta_with_smart_money_long,r_multiple_2r,10,0.5,1.8242,0.7709,7.7091,-5.5556,7.1,0.9,69.02,False
xs_low_beta_with_smart_money_long,r_multiple_3r,10,0.4,1.7303,0.801,8.0097,-5.5556,9.8,0.9,66.49,False
xs_low_beta_with_smart_money_long,atr_trail_2x,10,0.4,1.6841,0.9697,9.6972,-5.9181,23.6,0.9,65.73,False
xs_low_beta_with_smart_money_long,chandelier_3x,10,0.3,1.8237,0.8697,8.6968,-6.2517,22.9,1.0,65.3,False
xs_low_beta_with_smart_money_long,next_pivot_target,10,0.9,0.6758,-0.3243,-3.2425,0.0,7.2,1.0,59.99,False
xs_low_beta_with_smart_money_long,trailing_5pct,10,0.4,1.7878,1.669,16.6896,-13.1693,49.1,0.9,58.94,False
xs_low_beta_with_smart_money_long,multi_tier_partial,10,0.5,0.951,-0.0383,-0.3835,-4.3536,6.3,1.0,55.97,False
xs_low_beta_with_smart_money_long,atr_trail_vix_conditional,10,0.3,0.8298,-0.2053,-2.0535,-5.5632,8.8,0.9,48.42,False
xs_low_beta_with_smart_money_long,ma_exit_ema9,10,0.3,0.7306,-0.2841,-2.8415,-5.9532,7.6,1.0,45.2,False
xs_low_beta_with_smart_money_long,smart_money_reversal,10,0.3,0.6478,-0.2977,-2.9774,-4.6726,6.4,1.0,44.32,False
xs_low_beta_with_smart_money_long,reverse_signal,10,0.3,0.6478,-0.2977,-2.9774,-4.6726,6.4,1.0,44.32,False
xs_low_beta_with_smart_money_long,atr_trail_mae_conditional,10,0.3,0.6478,-0.2977,-2.9774,-4.6726,6.4,1.0,44.32,False
xs_low_beta_with_smart_money_long,atr_trail_1x,10,0.3,0.6478,-0.2977,-2.9774,-4.6726,6.4,1.0,44.32,False
xs_low_beta_with_smart_money_long,mfe_lockin_trail,10,0.3,0.6092,-0.3303,-3.3031,-4.6726,6.3,1.0,43.01,False
xs_low_beta_with_smart_money_long,time_stop_20d,10,0.4,0.8731,-0.347,-3.4696,-13.9808,27.3,1.0,40.22,False
xs_low_beta_with_smart_money_long,regime_flip,10,0.4,0.8731,-0.347,-3.4696,-13.9808,27.3,1.0,40.22,False
xs_low_beta_with_smart_money_long,fixed_4r_2r,10,0.3,0.7188,-0.6638,-6.6381,-12.7851,23.7,0.9,35.76,False
xs_low_beta_with_smart_money_long,smc_mitigation_zone,10,0.3,0.3601,-0.5393,-5.393,-4.4368,4.6,1.0,32.23,False
xs_low_beta_with_smart_money_long,hybrid_50pct_target,10,0.5,0.6961,-1.5195,-15.1954,-32.5915,107.4,0.9,27.8,False
xs_low_beta_with_smart_money_long,class_time_stop,10,0.5,0.6742,-1.3252,-13.2523,-20.1733,40.4,1.0,27.44,False
xs_low_beta_with_smart_money_long,trailing_10pct,10,0.2,0.7937,-1.2226,-12.2264,-50.0253,85.1,0.9,26.43,False
xs_low_beta_with_smart_money_long,break_even_at_1r,10,0.0,0.0,-0.8471,-8.4707,-6.3625,19.4,1.0,23.28,False
xs_low_beta_with_smart_money_long,trailing_15pct,10,0.3,0.6337,-3.2825,-32.8252,-67.2206,229.8,0.8,20.23,False
xs_low_beta_with_smart_money_long,earnings_blackout,10,0.2,0.4354,-2.9663,-29.6628,-46.4425,78.8,0.0,11.52,False
bollinger_tight_with_smart_money_long,r_multiple_2r,13,0.5385,3.2446,1.5987,20.7825,-1.7812,5.8,1.0,85.75,True
bollinger_tight_with_smart_money_long,atr_trail_2x,13,0.4615,3.1483,2.1705,28.217,-2.4235,27.3,1.0,84.65,False
bollinger_tight_with_smart_money_long,r_multiple_3r,13,0.4615,3.3332,1.9515,25.3698,-2.5402,10.8,1.0,84.17,False
bollinger_tight_with_smart_money_long,trailing_5pct,13,0.4615,3.0357,4.2012,54.6159,-6.9365,56.5,1.0,82.05,False
bollinger_tight_with_smart_money_long,time_stop_10d,13,0.6923,2.1405,1.3694,17.802,-3.8862,14.3,1.0,78.17,False
bollinger_tight_with_smart_money_long,breakeven_plus_trail,13,0.2308,4.9367,4.319,56.1465,-8.5423,55.2,0.9231,76.76,False
bollinger_tight_with_smart_money_long,ma_exit_ema9,13,0.3077,2.6276,1.0629,13.8175,-3.8814,9.2,1.0,76.14,False
bollinger_tight_with_smart_money_long,chandelier_3x,13,0.3077,2.1814,0.9566,12.4358,-5.0288,18.5,1.0,70.74,False
bollinger_tight_with_smart_money_long,next_pivot_target,13,0.8462,1.2564,0.2338,3.0389,-1.8518,12.9,1.0,70.4,False
bollinger_tight_with_smart_money_long,break_even_at_1r,13,0.0769,2.409,1.0702,13.913,-6.8403,24.9,1.0,67.22,False
bollinger_tight_with_smart_money_long,trailing_15pct,13,0.4615,3.5312,15.1806,197.3472,-21.5506,314.8,0.9231,66.92,False
bollinger_tight_with_smart_money_long,earnings_blackout,13,0.4615,1.8682,2.2138,28.7799,-10.4512,86.4,0.0,64.98,False
bollinger_tight_with_smart_money_long,multi_tier_partial,13,0.4615,1.2609,0.1528,1.9868,-2.4611,5.5,1.0,63.82,False
bollinger_tight_with_smart_money_long,hybrid_50pct_target,13,0.6923,1.4959,1.5259,19.8362,-10.0,146.0,1.0,63.42,False
bollinger_tight_with_smart_money_long,regime_flip,13,0.3846,1.3642,0.6871,8.9324,-6.766,28.8,1.0,59.7,False
bollinger_tight_with_smart_money_long,time_stop_20d,13,0.3846,1.3642,0.6871,8.9324,-6.766,28.8,1.0,59.7,False
bollinger_tight_with_smart_money_long,class_time_stop,13,0.5385,1.3672,0.8983,11.6779,-10.6061,43.2,1.0,57.57,False
bollinger_tight_with_smart_money_long,smart_money_reversal,13,0.1538,1.2371,0.1642,2.135,-3.8798,5.5,1.0,57.06,False
bollinger_tight_with_smart_money_long,reverse_signal,13,0.1538,1.2371,0.1642,2.135,-3.8798,5.5,1.0,57.06,False
bollinger_tight_with_smart_money_long,atr_trail_mae_conditional,13,0.1538,1.2371,0.1642,2.135,-3.8798,5.5,1.0,57.06,False
bollinger_tight_with_smart_money_long,atr_trail_1x,13,0.1538,1.2371,0.1642,2.135,-3.8798,5.5,1.0,57.06,False
bollinger_tight_with_smart_money_long,mfe_lockin_trail,13,0.1538,0.9717,-0.0196,-0.2544,-3.823,4.3,1.0,51.91,False
bollinger_tight_with_smart_money_long,atr_trail_vix_conditional,13,0.2308,0.8958,-0.0948,-1.2319,-3.7337,6.3,1.0,51.4,False
bollinger_tight_with_smart_money_long,trailing_10pct,13,0.3846,1.5161,2.0711,26.9241,-29.6338,130.8,1.0,47.4,False
bollinger_tight_with_smart_money_long,fixed_4r_2r,13,0.3077,0.9596,-0.0964,-1.2527,-14.8735,27.1,1.0,40.03,False
bollinger_tight_with_smart_money_long,smc_mitigation_zone,13,0.2308,0.4058,-0.3949,-5.1337,-3.8495,2.8,1.0,34.59,False
stochrsi_overbought_short,time_stop_10d,83,0.4699,0.9581,-0.1277,-10.5969,-84.2785,14.5,1.0,35.98,True
stochrsi_overbought_short,breakeven_plus_trail,83,0.2651,1.0453,0.1076,8.9289,-86.8628,30.1,0.9759,35.05,False
stochrsi_overbought_short,ma_exit_ema9,83,0.4096,0.8921,-0.0769,-6.3837,-25.167,2.1,1.0,33.69,False
stochrsi_overbought_short,hybrid_50pct_target,83,0.5422,0.8287,-0.7583,-62.9406,-131.5009,61.0,0.9518,33.15,False
stochrsi_overbought_short,r_multiple_2r,83,0.3253,0.929,-0.1704,-14.144,-75.2146,7.0,1.0,33.12,False
stochrsi_overbought_short,smc_mitigation_zone,83,0.4096,0.8181,-0.1333,-11.0619,-25.5173,2.4,1.0,31.83,False
stochrsi_overbought_short,next_pivot_target,83,0.7831,0.6004,-0.7769,-64.4796,-87.4383,10.9,0.988,30.13,False
stochrsi_overbought_short,r_multiple_3r,83,0.2048,0.7717,-0.6341,-52.6324,-86.1359,10.7,1.0,26.81,False
stochrsi_overbought_short,fixed_4r_2r,83,0.2892,0.7431,-1.1693,-97.0529,-172.8007,24.0,0.9759,26.5,False
stochrsi_overbought_short,atr_trail_2x,83,0.3373,0.6845,-1.0236,-84.9578,-123.2012,17.4,0.9759,25.76,False
stochrsi_overbought_short,trailing_5pct,83,0.3133,0.6098,-1.0177,-84.4723,-95.8799,19.1,0.9759,23.04,False
stochrsi_overbought_short,chandelier_3x,83,0.0361,0.6554,-0.2121,-17.6006,-35.4443,2.9,0.988,21.57,False
stochrsi_overbought_short,time_stop_20d,83,0.3976,0.5115,-2.613,-216.8768,-240.4721,28.8,1.0,18.31,False
stochrsi_overbought_short,regime_flip,83,0.3976,0.5115,-2.613,-216.8768,-240.4721,28.8,1.0,18.31,False
stochrsi_overbought_short,multi_tier_partial,83,0.3614,0.4537,-0.9721,-80.6842,-84.8743,4.9,1.0,17.78,False
stochrsi_overbought_short,atr_trail_vix_conditional,83,0.2289,0.4892,-0.985,-81.7519,-93.6881,6.1,0.988,17.31,False
stochrsi_overbought_short,class_time_stop,83,0.4217,0.4702,-3.421,-283.9405,-340.1577,36.0,1.0,15.74,False
stochrsi_overbought_short,trailing_10pct,83,0.3012,0.4593,-2.6083,-216.4923,-225.8923,53.2,0.9639,14.67,False
stochrsi_overbought_short,break_even_at_1r,83,0.1084,0.4617,-1.0135,-84.122,-93.7225,8.7,1.0,14.28,False
stochrsi_overbought_short,trailing_15pct,83,0.2892,0.4105,-3.9329,-326.4341,-385.8213,107.0,0.9398,10.2,False
stochrsi_overbought_short,reverse_signal,83,0.2048,0.3462,-1.2288,-101.9882,-103.6467,5.2,1.0,9.5,False
stochrsi_overbought_short,smart_money_reversal,83,0.2048,0.3462,-1.2288,-101.9882,-103.6467,5.2,1.0,9.5,False
stochrsi_overbought_short,atr_trail_1x,83,0.2048,0.3462,-1.2288,-101.9882,-103.6467,5.2,1.0,9.5,False
stochrsi_overbought_short,atr_trail_mae_conditional,83,0.2048,0.3462,-1.2288,-101.9882,-103.6467,5.2,1.0,9.5,False
stochrsi_overbought_short,mfe_lockin_trail,83,0.2048,0.2781,-1.3566,-112.6019,-114.3679,5.0,1.0,8.54,False
stochrsi_overbought_short,earnings_blackout,83,0.3494,0.2812,-9.7636,-810.3793,-912.5035,84.1,0.0,5.24,False
pead_with_smart_money_long,regime_flip,12,0.75,5.8386,4.4312,53.175,-3.915,28.2,1.0,90.5,True
pead_with_smart_money_long,time_stop_20d,12,0.75,5.8386,4.4312,53.175,-3.915,28.2,1.0,90.5,False
pead_with_smart_money_long,class_time_stop,12,0.5833,3.5422,5.2991,63.5889,-6.2648,41.5,1.0,85.92,False
pead_with_smart_money_long,trailing_5pct,12,0.5,3.8577,6.411,76.932,-10.0,47.8,1.0,80.0,False
pead_with_smart_money_long,trailing_10pct,12,0.5833,6.3005,13.8731,166.4774,-11.0568,105.7,0.9167,79.93,False
pead_with_smart_money_long,hybrid_50pct_target,12,0.75,5.6562,9.2795,111.3536,-13.915,84.8,0.9167,78.86,False
pead_with_smart_money_long,atr_trail_2x,12,0.5833,2.9237,4.1017,49.2199,-11.8119,28.8,1.0,77.11,False
pead_with_smart_money_long,breakeven_plus_trail,12,0.5,11.2209,14.3126,171.7518,-12.5874,76.6,1.0,76.77,False
pead_with_smart_money_long,earnings_blackout,12,0.75,4.9138,8.3666,100.3992,-15.6419,81.1,0.0,76.7,False
pead_with_smart_money_long,break_even_at_1r,12,0.3333,9.8511,13.3251,159.9007,-10.9315,38.9,1.0,76.34,False
pead_with_smart_money_long,chandelier_3x,12,0.25,12.633,13.119,157.4277,-12.3577,20.8,1.0,73.3,False
pead_with_smart_money_long,ma_exit_ema9,12,0.4167,2.839,4.0592,48.7098,-14.5869,16.8,1.0,70.48,False
pead_with_smart_money_long,trailing_15pct,12,0.3333,5.4712,18.8382,226.058,-18.36,172.2,0.9167,67.05,False
pead_with_smart_money_long,r_multiple_3r,12,0.4167,1.8208,1.5352,18.4227,-7.2816,11.8,1.0,66.72,False
pead_with_smart_money_long,atr_trail_vix_conditional,12,0.3333,1.8463,1.3833,16.5999,-8.1202,10.0,1.0,64.48,False
pead_with_smart_money_long,next_pivot_target,12,0.75,1.5046,0.9534,11.4404,-12.6732,12.3,0.9167,60.21,False
pead_with_smart_money_long,r_multiple_2r,12,0.4167,1.2438,0.4561,5.4726,-7.2816,7.2,1.0,57.3,False
pead_with_smart_money_long,fixed_4r_2r,12,0.5,1.5353,1.7526,21.0311,-14.5633,25.2,1.0,55.71,False
pead_with_smart_money_long,time_stop_10d,12,0.6667,1.4821,1.0989,13.1863,-15.9516,14.0,1.0,54.77,False
pead_with_smart_money_long,multi_tier_partial,12,0.4167,0.9932,-0.0103,-0.1237,-7.2816,6.5,1.0,51.99,False
pead_with_smart_money_long,mfe_lockin_trail,12,0.3333,0.8304,-0.286,-3.4322,-7.2816,5.3,1.0,46.66,False
pead_with_smart_money_long,atr_trail_mae_conditional,12,0.3333,0.8289,-0.2886,-3.4633,-7.2816,6.6,1.0,46.62,False
pead_with_smart_money_long,reverse_signal,12,0.3333,0.8289,-0.2886,-3.4633,-7.2816,6.6,1.0,46.62,False
pead_with_smart_money_long,atr_trail_1x,12,0.3333,0.8289,-0.2886,-3.4633,-7.2816,6.6,1.0,46.62,False
pead_with_smart_money_long,smart_money_reversal,12,0.25,0.6651,-0.5691,-6.829,-7.4354,5.4,1.0,40.25,False
pead_with_smart_money_long,smc_mitigation_zone,12,0.1667,0.1253,-1.1843,-14.2118,-12.9276,2.2,1.0,17.06,False
poc_magnet_long,class_time_stop,13,0.6154,4.819,5.966,77.5585,-4.2776,43.9,1.0,88.88,True
poc_magnet_long,hybrid_50pct_target,13,0.6923,3.5329,7.7936,101.3163,-10.0,150.3,0.9231,82.88,False
poc_magnet_long,breakeven_plus_trail,13,0.4615,9.4245,14.0653,182.8483,-15.9843,88.2,0.8462,71.94,False
poc_magnet_long,earnings_blackout,13,0.5385,4.7501,12.2354,159.0605,-34.0667,85.7,0.0,68.08,False
poc_magnet_long,trailing_10pct,13,0.4615,3.62,11.2194,145.8521,-28.6681,127.9,0.9231,66.92,False
poc_magnet_long,trailing_15pct,13,0.4615,3.059,10.8149,140.5941,-44.2466,216.5,0.8462,66.92,False
poc_magnet_long,next_pivot_target,13,0.7692,0.823,-0.3374,-4.3864,-7.8831,16.7,1.0,52.19,False
poc_magnet_long,time_stop_20d,13,0.5385,1.388,1.2381,16.0957,-17.1237,29.0,1.0,50.24,False
poc_magnet_long,regime_flip,13,0.5385,1.388,1.2381,16.0957,-17.1237,29.0,1.0,50.24,False
poc_magnet_long,trailing_5pct,13,0.3077,1.6065,1.726,22.4381,-25.8008,50.5,1.0,46.91,False
poc_magnet_long,chandelier_3x,13,0.2308,1.1729,0.3463,4.5017,-18.946,19.2,1.0,38.57,False
poc_magnet_long,atr_trail_2x,13,0.3077,1.0561,0.159,2.0668,-18.3015,23.9,1.0,38.1,False
poc_magnet_long,time_stop_10d,13,0.3846,0.9418,-0.1674,-2.1768,-21.0025,14.2,1.0,34.29,False
poc_magnet_long,break_even_at_1r,13,0.0769,1.086,0.1811,2.3546,-25.2759,35.0,0.9231,33.11,False
poc_magnet_long,smart_money_reversal,13,0.1538,0.6748,-0.5079,-6.6024,-12.9583,6.2,1.0,32.29,False
poc_magnet_long,atr_trail_mae_conditional,13,0.1538,0.5917,-0.7271,-9.452,-15.8079,6.7,1.0,25.71,False
poc_magnet_long,reverse_signal,13,0.1538,0.5917,-0.7271,-9.452,-15.8079,6.7,1.0,25.71,False
poc_magnet_long,atr_trail_1x,13,0.1538,0.5917,-0.7271,-9.452,-15.8079,6.7,1.0,25.71,False
poc_magnet_long,multi_tier_partial,13,0.3077,0.461,-0.8973,-11.665,-14.8547,6.6,1.0,23.84,False
poc_magnet_long,r_multiple_3r,13,0.2308,0.6237,-0.8668,-11.2683,-22.0784,8.0,1.0,22.49,False
poc_magnet_long,mfe_lockin_trail,13,0.1538,0.4942,-0.9007,-11.7087,-15.8079,5.5,1.0,21.76,False
poc_magnet_long,fixed_4r_2r,13,0.3077,0.5765,-1.8058,-23.4749,-42.0595,30.3,1.0,20.63,False
poc_magnet_long,r_multiple_2r,13,0.2308,0.4348,-1.3018,-16.9235,-22.5603,5.8,1.0,14.45,False
poc_magnet_long,atr_trail_vix_conditional,13,0.1538,0.3846,-1.2412,-16.136,-18.257,6.2,1.0,13.05,False
poc_magnet_long,smc_mitigation_zone,13,0.2308,0.0668,-1.4996,-19.4954,-18.6584,2.5,1.0,10.39,False
poc_magnet_long,ma_exit_ema9,13,0.1538,0.2131,-1.4754,-19.1803,-23.8955,4.4,1.0,7.59,False
institutional_insider_combo_long,earnings_blackout,60,0.65,5.3085,16.2063,972.3791,-75.3193,81.9,0.0,69.75,False
institutional_insider_combo_long,time_stop_20d,60,0.6167,3.8352,7.2862,437.1724,-28.7688,28.7,1.0,69.25,True
institutional_insider_combo_long,regime_flip,60,0.6167,3.8352,7.2862,437.1724,-28.7688,28.7,1.0,69.25,False
institutional_insider_combo_long,class_time_stop,60,0.6,3.1734,8.7922,527.5302,-50.6793,42.5,1.0,69.0,False
institutional_insider_combo_long,atr_trail_2x,60,0.5,3.2723,6.0803,364.821,-26.2161,25.0,0.95,67.5,False
institutional_insider_combo_long,ma_exit_ema9,60,0.4333,4.3449,5.7158,342.9492,-25.5097,11.2,0.9667,66.5,False
institutional_insider_combo_long,breakeven_plus_trail,60,0.4,6.1113,11.4228,685.3693,-20.9569,53.8,0.9,66.0,False
institutional_insider_combo_long,trailing_15pct,60,0.4333,2.9006,11.548,692.8819,-92.4495,157.8,0.9,65.81,False
institutional_insider_combo_long,chandelier_3x,60,0.2667,4.584,7.0554,423.3227,-37.6235,18.9,0.9667,64.0,False
institutional_insider_combo_long,time_stop_10d,60,0.6167,2.4651,3.7891,227.3453,-34.6421,14.3,1.0,63.41,False
institutional_insider_combo_long,hybrid_50pct_target,60,0.6167,2.2507,4.7943,287.6571,-32.7345,75.9,0.95,63.06,False
institutional_insider_combo_long,trailing_10pct,60,0.45,2.1585,4.8295,289.7722,-49.4078,67.9,0.95,59.75,False
institutional_insider_combo_long,atr_trail_vix_conditional,60,0.4,2.4603,3.0597,183.5815,-20.8579,10.2,0.9667,59.03,False
institutional_insider_combo_long,break_even_at_1r,60,0.2333,2.5764,2.9766,178.5975,-45.6724,25.7,0.9667,57.35,False
institutional_insider_combo_long,r_multiple_3r,60,0.4167,2.2446,2.8397,170.3795,-32.5825,10.6,0.9833,57.07,False
institutional_insider_combo_long,fixed_4r_2r,60,0.4167,1.9096,3.5883,215.3004,-33.4589,25.5,0.9833,54.88,False
institutional_insider_combo_long,r_multiple_2r,60,0.4667,1.9841,2.0133,120.7974,-25.7299,6.7,0.9833,54.05,False
institutional_insider_combo_long,trailing_5pct,60,0.3333,1.5839,1.4931,89.5856,-43.099,27.5,0.9833,46.66,False
institutional_insider_combo_long,next_pivot_target,60,0.7333,1.1747,0.4128,24.7669,-32.8293,10.5,1.0,44.92,False
institutional_insider_combo_long,mfe_lockin_trail,60,0.3167,1.2479,0.4889,29.3353,-27.554,6.3,1.0,40.02,False
institutional_insider_combo_long,reverse_signal,60,0.3167,1.2455,0.4843,29.0557,-25.1078,7.1,1.0,39.97,False
institutional_insider_combo_long,atr_trail_mae_conditional,60,0.3167,1.2455,0.4843,29.0557,-25.1078,7.1,1.0,39.97,False
institutional_insider_combo_long,atr_trail_1x,60,0.3167,1.2455,0.4843,29.0557,-25.1078,7.1,1.0,39.97,False
institutional_insider_combo_long,smart_money_reversal,60,0.2833,1.2104,0.4061,24.3688,-26.9003,6.5,1.0,38.77,False
institutional_insider_combo_long,multi_tier_partial,60,0.4167,1.0743,0.1437,8.6223,-34.7097,6.9,1.0,37.93,False
institutional_insider_combo_long,smc_mitigation_zone,60,0.35,0.9408,-0.0771,-4.6274,-23.4817,3.5,1.0,33.88,False
institutional_multi_quarter_persistence_long,earnings_blackout,52,0.6346,5.4066,17.7685,923.9638,-74.1978,80.1,0.0,69.52,False
institutional_multi_quarter_persistence_long,time_stop_20d,52,0.6346,2.746,5.2721,274.1503,-33.6287,28.3,1.0,67.71,True
institutional_multi_quarter_persistence_long,regime_flip,52,0.6346,2.746,5.2721,274.1503,-33.6287,28.3,1.0,67.71,False
institutional_multi_quarter_persistence_long,atr_trail_2x,52,0.5,3.1316,5.9963,311.806,-28.2316,25.3,0.9231,67.5,False
institutional_multi_quarter_persistence_long,breakeven_plus_trail,52,0.4808,6.1862,11.9183,619.7538,-22.2912,50.8,0.8846,67.21,False
institutional_multi_quarter_persistence_long,class_time_stop,52,0.5962,2.6687,7.196,374.1942,-59.6476,41.8,1.0,66.55,False
institutional_multi_quarter_persistence_long,trailing_10pct,52,0.4615,2.9181,7.835,407.4193,-44.4455,60.6,0.9231,66.36,False
institutional_multi_quarter_persistence_long,time_stop_10d,52,0.6154,2.628,4.0496,210.5773,-37.5924,14.4,1.0,65.09,False
institutional_multi_quarter_persistence_long,trailing_15pct,52,0.4231,2.8055,11.2098,582.912,-82.2073,109.6,0.8846,64.97,False
institutional_multi_quarter_persistence_long,hybrid_50pct_target,52,0.5769,2.4302,5.8064,301.9352,-32.9098,65.6,0.9231,64.34,False
institutional_multi_quarter_persistence_long,chandelier_3x,52,0.1923,2.6039,3.781,196.6106,-59.1408,16.2,0.9615,58.16,False
institutional_multi_quarter_persistence_long,r_multiple_3r,52,0.4038,2.2491,3.0392,158.0359,-45.213,11.6,0.9615,57.22,False
institutional_multi_quarter_persistence_long,break_even_at_1r,52,0.2308,2.5067,2.9459,153.1865,-35.8442,18.1,0.9808,56.7,False
institutional_multi_quarter_persistence_long,atr_trail_vix_conditional,52,0.3846,2.1886,2.6073,135.5773,-23.5106,9.9,0.9615,55.72,False
institutional_multi_quarter_persistence_long,fixed_4r_2r,52,0.4423,1.8736,3.6942,192.0967,-55.1162,26.2,0.9615,55.03,False
institutional_multi_quarter_persistence_long,ma_exit_ema9,52,0.3654,2.1353,2.3799,123.757,-46.1833,10.4,0.9808,54.59,False
institutional_multi_quarter_persistence_long,r_multiple_2r,52,0.4231,1.6115,1.469,76.3866,-45.213,7.9,0.9615,48.32,False
institutional_multi_quarter_persistence_long,next_pivot_target,52,0.75,1.3119,0.7043,36.6211,-32.7188,9.0,1.0,47.87,False
institutional_multi_quarter_persistence_long,trailing_5pct,52,0.3077,1.6508,1.6307,84.796,-43.4165,24.4,0.9615,47.33,False
institutional_multi_quarter_persistence_long,smart_money_reversal,52,0.25,1.311,0.6297,32.7449,-40.0565,7.0,1.0,40.24,False
institutional_multi_quarter_persistence_long,atr_trail_mae_conditional,52,0.2692,1.2768,0.5888,30.6189,-44.8037,7.7,1.0,39.93,False
institutional_multi_quarter_persistence_long,reverse_signal,52,0.2692,1.2768,0.5888,30.6189,-44.8037,7.7,1.0,39.93,False
institutional_multi_quarter_persistence_long,atr_trail_1x,52,0.2692,1.2768,0.5888,30.6189,-44.8037,7.7,1.0,39.93,False
institutional_multi_quarter_persistence_long,mfe_lockin_trail,52,0.2692,1.2693,0.5729,29.7927,-44.5323,6.5,1.0,39.78,False
institutional_multi_quarter_persistence_long,multi_tier_partial,52,0.4038,0.9553,-0.0896,-4.6575,-39.0924,7.2,1.0,34.99,False
institutional_multi_quarter_persistence_long,smc_mitigation_zone,52,0.3077,0.8057,-0.296,-15.3931,-42.5872,3.5,1.0,29.75,False
camarilla_r4_breakout,breakeven_plus_trail,118,0.322,2.695,5.6114,662.1508,-90.6244,42.3,0.9661,62.63,True
camarilla_r4_breakout,chandelier_3x,118,0.1695,1.9433,2.3333,275.3238,-96.0914,14.0,0.9831,49.65,False
camarilla_r4_breakout,ma_exit_ema9,118,0.3559,1.7609,1.6533,195.0842,-83.1511,8.0,0.9831,49.41,False
camarilla_r4_breakout,trailing_15pct,118,0.3559,1.4791,3.3311,393.0666,-240.14,97.2,0.9492,48.35,False
camarilla_r4_breakout,trailing_10pct,118,0.3814,1.5389,2.4846,293.1786,-156.8204,56.2,0.9831,48.28,False
camarilla_r4_breakout,atr_trail_2x,118,0.3814,1.4495,1.6688,196.9159,-159.8175,20.0,0.9831,45.83,False
camarilla_r4_breakout,hybrid_50pct_target,118,0.4915,1.3167,1.6106,190.0485,-164.4036,64.5,0.9746,45.42,False
camarilla_r4_breakout,break_even_at_1r,118,0.178,1.5875,1.3176,155.4725,-126.8199,12.2,0.9915,44.11,False
camarilla_r4_breakout,time_stop_20d,118,0.5169,1.2099,1.1216,132.354,-224.7768,29.1,1.0,43.34,False
camarilla_r4_breakout,regime_flip,118,0.5169,1.2099,1.1216,132.354,-224.7768,29.1,1.0,43.34,False
camarilla_r4_breakout,atr_trail_vix_conditional,118,0.3051,1.297,0.7142,84.2744,-133.0097,8.7,0.9915,40.97,False
camarilla_r4_breakout,fixed_4r_2r,118,0.3559,1.1978,1.0062,118.7276,-153.1132,29.5,0.9915,40.54,False
camarilla_r4_breakout,r_multiple_2r,118,0.3814,1.2107,0.5598,66.0522,-71.4685,7.4,1.0,40.48,False
camarilla_r4_breakout,class_time_stop,118,0.4831,1.1046,0.3026,35.7084,-93.3739,10.3,1.0,39.74,False
camarilla_r4_breakout,time_stop_10d,118,0.5254,1.0726,0.2659,31.3734,-139.7205,14.7,1.0,39.72,False
camarilla_r4_breakout,r_multiple_3r,118,0.2797,1.0982,0.3008,35.4987,-75.8176,11.8,0.9915,36.57,False
camarilla_r4_breakout,earnings_blackout,118,0.5339,0.9261,-0.8768,-103.4643,-460.0043,84.2,0.0,35.12,False
camarilla_r4_breakout,next_pivot_target,118,0.5847,0.8297,-0.6205,-73.2132,-159.7158,13.8,1.0,34.02,False
camarilla_r4_breakout,multi_tier_partial,118,0.3898,0.6245,-0.8008,-94.491,-131.0025,5.2,1.0,25.0,False
camarilla_r4_breakout,trailing_5pct,118,0.2712,0.6003,-1.0313,-121.6946,-150.3635,16.1,1.0,22.07,False
camarilla_r4_breakout,atr_trail_mae_conditional,118,0.2712,0.577,-0.9455,-111.5665,-143.0622,5.7,1.0,21.39,False
camarilla_r4_breakout,reverse_signal,118,0.2712,0.577,-0.9455,-111.5665,-143.0622,5.7,1.0,21.39,False
camarilla_r4_breakout,atr_trail_1x,118,0.2712,0.577,-0.9455,-111.5665,-143.0622,5.7,1.0,21.39,False
camarilla_r4_breakout,mfe_lockin_trail,118,0.2712,0.5718,-0.9573,-112.9555,-152.7481,5.3,1.0,21.18,False
camarilla_r4_breakout,smart_money_reversal,118,0.2627,0.5645,-0.974,-114.9322,-146.4279,5.5,1.0,20.77,False
camarilla_r4_breakout,smc_mitigation_zone,118,0.322,0.4603,-0.9018,-106.4162,-138.5031,2.8,1.0,17.59,False
donchian_breakout_retest_long,class_time_stop,12,0.6667,4.8004,7.0884,85.0614,-3.8428,34.7,1.0,90.2,True
donchian_breakout_retest_long,trailing_10pct,12,0.5,4.6068,9.7066,116.4797,-11.6742,94.9,0.9167,77.91,False
donchian_breakout_retest_long,breakeven_plus_trail,12,0.5,7.6819,10.6601,127.9213,-12.3757,63.7,0.9167,77.03,False
donchian_breakout_retest_long,earnings_blackout,12,0.5833,7.0552,18.3283,219.9399,-17.9647,78.7,0.0,71.29,False
donchian_breakout_retest_long,next_pivot_target,12,0.9167,2.1472,1.2794,15.3526,-13.3826,11.6,1.0,69.59,False
donchian_breakout_retest_long,trailing_15pct,12,0.5,3.1039,9.8578,118.2933,-22.1368,233.8,0.8333,67.5,False
donchian_breakout_retest_long,hybrid_50pct_target,12,0.5833,2.5031,5.1499,61.7994,-20.0,98.1,0.9167,65.04,False
donchian_breakout_retest_long,time_stop_20d,12,0.5,1.7008,2.1331,25.5976,-14.2844,27.9,1.0,58.72,False
donchian_breakout_retest_long,regime_flip,12,0.5,1.7008,2.1331,25.5976,-14.2844,27.9,1.0,58.72,False
donchian_breakout_retest_long,break_even_at_1r,12,0.1667,1.3796,0.6647,7.976,-13.4372,31.2,1.0,48.29,False
donchian_breakout_retest_long,ma_exit_ema9,12,0.3333,1.1041,0.1766,2.1197,-17.1453,12.2,1.0,40.86,False
donchian_breakout_retest_long,time_stop_10d,12,0.6667,0.7346,-0.9261,-11.1136,-28.21,14.2,1.0,32.29,False
donchian_breakout_retest_long,multi_tier_partial,12,0.5,0.4061,-0.899,-10.7879,-9.4079,6.8,1.0,30.94,False
donchian_breakout_retest_long,fixed_4r_2r,12,0.25,0.6411,-2.0234,-24.2808,-49.6607,29.5,0.9167,21.61,False
donchian_breakout_retest_long,smc_mitigation_zone,12,0.4167,0.3349,-0.8933,-10.7195,-12.7648,1.1,1.0,21.55,False
donchian_breakout_retest_long,smart_money_reversal,12,0.25,0.2483,-1.181,-14.1725,-11.3455,6.2,1.0,20.3,False
donchian_breakout_retest_long,r_multiple_2r,12,0.25,0.5543,-1.2587,-15.1042,-24.5636,13.0,0.9167,19.78,False
donchian_breakout_retest_long,chandelier_3x,12,0.25,0.5433,-1.8003,-21.6039,-35.5822,23.0,0.9167,18.55,False
donchian_breakout_retest_long,mfe_lockin_trail,12,0.25,0.2335,-1.3731,-16.4777,-13.6507,7.9,1.0,17.13,False
donchian_breakout_retest_long,atr_trail_1x,12,0.25,0.2178,-1.4012,-16.8146,-13.9876,7.9,1.0,16.66,False
donchian_breakout_retest_long,reverse_signal,12,0.25,0.2178,-1.4012,-16.8146,-13.9876,7.9,1.0,16.66,False
donchian_breakout_retest_long,atr_trail_mae_conditional,12,0.25,0.2178,-1.4012,-16.8146,-13.9876,7.9,1.0,16.66,False
donchian_breakout_retest_long,atr_trail_2x,12,0.25,0.4534,-1.8282,-21.9382,-30.3337,19.6,0.9167,14.81,False
donchian_breakout_retest_long,atr_trail_vix_conditional,12,0.1667,0.2065,-1.6864,-20.2365,-15.996,7.6,1.0,12.48,False
donchian_breakout_retest_long,trailing_5pct,12,0.1667,0.4089,-1.6912,-20.2943,-21.4413,24.0,0.9167,11.65,False
donchian_breakout_retest_long,r_multiple_3r,12,0.1667,0.3664,-2.0236,-24.2832,-24.5636,14.2,0.9167,8.9,False
week_opening_gap_fill_up,next_pivot_target,21,0.8571,3.9537,3.8824,81.5307,-10.0,7.4,1.0,83.68,True
week_opening_gap_fill_up,time_stop_10d,21,0.8095,4.211,4.5437,95.4185,-14.1841,14.5,1.0,78.73,False
week_opening_gap_fill_up,regime_flip,21,0.8571,7.4229,5.9652,125.2685,-17.1237,28.5,1.0,76.45,False
week_opening_gap_fill_up,time_stop_20d,21,0.8571,7.4229,5.9652,125.2685,-17.1237,28.5,1.0,76.45,False
week_opening_gap_fill_up,earnings_blackout,21,0.7619,4.8858,19.1529,402.2113,-57.1132,82.0,0.0,71.43,False
week_opening_gap_fill_up,class_time_stop,21,0.7619,5.2268,10.4234,218.8921,-20.4558,42.0,1.0,71.43,False
week_opening_gap_fill_up,hybrid_50pct_target,21,0.7143,5.8641,13.8974,291.845,-20.0,90.7,0.9524,70.71,False
week_opening_gap_fill_up,breakeven_plus_trail,21,0.5714,14.215,17.7212,372.146,-20.5577,62.1,1.0,68.57,False
week_opening_gap_fill_up,atr_trail_2x,21,0.5238,3.0697,5.9232,124.3864,-46.4274,19.0,1.0,67.86,False
week_opening_gap_fill_up,trailing_15pct,21,0.4286,1.9061,4.0915,85.9219,-66.151,100.9,0.9048,55.78,False
week_opening_gap_fill_up,fixed_4r_2r,21,0.4286,1.8122,4.2853,89.9903,-26.3134,34.3,0.9524,55.03,False
week_opening_gap_fill_up,r_multiple_2r,21,0.381,1.6363,1.8648,39.161,-31.0911,5.4,1.0,48.6,False
week_opening_gap_fill_up,r_multiple_3r,21,0.2857,1.5477,1.9462,40.8698,-31.0911,10.5,1.0,46.15,False
week_opening_gap_fill_up,trailing_10pct,21,0.381,1.3806,1.6284,34.1961,-36.5775,51.5,1.0,44.76,False
week_opening_gap_fill_up,multi_tier_partial,21,0.381,0.8504,-0.3589,-7.536,-37.2164,5.6,1.0,31.86,False
week_opening_gap_fill_up,mfe_lockin_trail,21,0.2381,0.7701,-0.6713,-14.098,-44.2556,5.0,1.0,27.21,False
week_opening_gap_fill_up,atr_trail_vix_conditional,21,0.2857,0.705,-0.9626,-20.2144,-54.1048,7.6,1.0,25.68,False
week_opening_gap_fill_up,smart_money_reversal,21,0.2381,0.7156,-0.8306,-17.4428,-44.2556,5.6,1.0,25.47,False
week_opening_gap_fill_up,reverse_signal,21,0.2381,0.7156,-0.8306,-17.4428,-44.2556,5.6,1.0,25.47,False
week_opening_gap_fill_up,atr_trail_1x,21,0.2381,0.7156,-0.8306,-17.4428,-44.2556,5.6,1.0,25.47,False
week_opening_gap_fill_up,atr_trail_mae_conditional,21,0.2381,0.7156,-0.8306,-17.4428,-44.2556,5.6,1.0,25.47,False
week_opening_gap_fill_up,chandelier_3x,21,0.0476,0.0299,-0.5213,-10.9467,-10.9062,2.4,1.0,18.8,False
week_opening_gap_fill_up,break_even_at_1r,21,0.1905,0.5095,-1.5048,-31.6011,-47.8338,10.8,1.0,16.79,False
week_opening_gap_fill_up,trailing_5pct,21,0.2381,0.3963,-2.0838,-43.7593,-55.9712,5.1,1.0,11.49,False
week_opening_gap_fill_up,smc_mitigation_zone,21,0.2857,0.166,-1.5352,-32.2398,-31.6875,1.0,1.0,9.48,False
week_opening_gap_fill_up,ma_exit_ema9,21,0.2857,0.2744,-1.6623,-34.908,-41.1407,1.7,1.0,9.29,False
rsi_oversold_with_smart_money_long,earnings_blackout,61,0.6557,5.3684,16.1624,985.9054,-75.3193,81.9,0.0,69.84,False
rsi_oversold_with_smart_money_long,time_stop_20d,61,0.623,3.8423,7.1848,438.2743,-28.7688,28.7,1.0,69.34,True
rsi_oversold_with_smart_money_long,regime_flip,61,0.623,3.8423,7.1848,438.2743,-28.7688,28.7,1.0,69.34,False
rsi_oversold_with_smart_money_long,class_time_stop,61,0.5902,3.1561,8.6263,526.2023,-50.6793,42.6,1.0,68.85,False
rsi_oversold_with_smart_money_long,atr_trail_2x,61,0.4918,3.1446,5.8738,358.304,-26.2161,24.8,0.9508,67.38,False
rsi_oversold_with_smart_money_long,ma_exit_ema9,61,0.4262,3.9588,5.4582,332.9492,-25.5097,11.2,0.9672,66.39,False
rsi_oversold_with_smart_money_long,breakeven_plus_trail,61,0.3934,5.7366,11.092,676.6111,-24.414,53.0,0.9016,65.9,False
rsi_oversold_with_smart_money_long,trailing_15pct,61,0.4262,2.8059,11.1571,680.5813,-92.4495,155.3,0.9016,65.02,False
rsi_oversold_with_smart_money_long,chandelier_3x,61,0.2623,4.2888,6.8064,415.1924,-45.7538,18.7,0.9672,63.93,False
rsi_oversold_with_smart_money_long,hybrid_50pct_target,61,0.6066,2.1569,4.5518,277.6571,-32.7345,74.8,0.9508,61.67,False
rsi_oversold_with_smart_money_long,time_stop_10d,61,0.6066,2.2877,3.5297,215.3087,-34.6421,14.3,1.0,61.34,False
rsi_oversold_with_smart_money_long,trailing_10pct,61,0.4426,2.0986,4.6333,282.6304,-49.4078,66.9,0.9508,58.77,False
rsi_oversold_with_smart_money_long,atr_trail_vix_conditional,61,0.3934,2.4224,2.9773,181.614,-22.8254,10.1,0.9672,58.49,False
rsi_oversold_with_smart_money_long,break_even_at_1r,61,0.2295,2.5764,2.9278,178.5975,-45.6724,25.3,0.9672,57.22,False
rsi_oversold_with_smart_money_long,r_multiple_3r,61,0.4098,2.175,2.7213,166.0004,-36.9616,10.5,0.9836,56.14,False
rsi_oversold_with_smart_money_long,fixed_4r_2r,61,0.4098,1.8415,3.3859,206.5422,-33.4589,25.2,0.9836,53.73,False
rsi_oversold_with_smart_money_long,r_multiple_2r,61,0.459,1.9158,1.9085,116.4183,-25.7299,6.7,0.9836,53.06,False
rsi_oversold_with_smart_money_long,trailing_5pct,61,0.3279,1.5592,1.4287,87.1526,-43.099,27.1,0.9836,46.16,False
rsi_oversold_with_smart_money_long,next_pivot_target,61,0.7213,1.1063,0.2624,16.0087,-41.5875,10.5,1.0,43.28,False
rsi_oversold_with_smart_money_long,mfe_lockin_trail,61,0.3115,1.2275,0.4487,27.3678,-27.554,6.2,1.0,39.54,False
rsi_oversold_with_smart_money_long,reverse_signal,61,0.3115,1.2251,0.4441,27.0882,-25.1078,7.0,1.0,39.5,False
rsi_oversold_with_smart_money_long,atr_trail_mae_conditional,61,0.3115,1.2251,0.4441,27.0882,-25.1078,7.0,1.0,39.5,False
rsi_oversold_with_smart_money_long,atr_trail_1x,61,0.3115,1.2251,0.4441,27.0882,-25.1078,7.0,1.0,39.5,False
rsi_oversold_with_smart_money_long,multi_tier_partial,61,0.4262,1.0869,0.1653,10.082,-34.7097,6.9,1.0,38.35,False
rsi_oversold_with_smart_money_long,smart_money_reversal,61,0.2787,1.1902,0.3672,22.4013,-26.9003,6.4,1.0,38.3,False
rsi_oversold_with_smart_money_long,smc_mitigation_zone,61,0.3443,0.9177,-0.1081,-6.5949,-25.4492,3.5,1.0,33.24,False
stochrsi_oversold,breakeven_plus_trail,38,0.2895,2.9376,5.5503,210.9131,-31.7963,29.3,0.9474,63.91,True
stochrsi_oversold,trailing_15pct,38,0.5263,2.3696,7.8583,298.6164,-64.0151,129.6,0.8684,63.06,False
stochrsi_oversold,ma_exit_ema9,38,0.4737,2.4306,1.1572,43.9734,-17.9556,3.2,1.0,59.59,False
stochrsi_oversold,earnings_blackout,38,0.5263,1.9333,5.5494,210.8773,-127.8953,81.5,0.0,58.9,False
stochrsi_oversold,hybrid_50pct_target,38,0.5789,1.9843,4.0238,152.9056,-40.0,67.1,0.9211,58.75,False
stochrsi_oversold,trailing_10pct,38,0.3421,1.9471,4.648,176.6236,-61.2782,63.9,0.9211,55.75,False
stochrsi_oversold,chandelier_3x,38,0.0789,2.8244,1.9495,74.0805,-33.3027,6.5,1.0,55.37,False
stochrsi_oversold,class_time_stop,38,0.5,1.689,3.4388,130.6755,-58.8857,35.5,1.0,53.39,False
stochrsi_oversold,smc_mitigation_zone,38,0.3947,1.3514,0.3019,11.4729,-15.8733,3.7,1.0,47.7,False
stochrsi_oversold,time_stop_10d,38,0.4211,1.4107,1.4865,56.4857,-45.561,14.2,1.0,45.59,False
stochrsi_oversold,regime_flip,38,0.5,1.3339,1.4126,53.6791,-75.7069,28.4,1.0,45.52,False
stochrsi_oversold,time_stop_20d,38,0.5,1.3339,1.4126,53.6791,-75.7069,28.4,1.0,45.52,False
stochrsi_oversold,fixed_4r_2r,38,0.3421,1.1688,0.7865,29.8859,-65.9798,20.3,0.9737,39.51,False
stochrsi_oversold,atr_trail_2x,38,0.2105,1.2281,0.9438,35.8639,-88.9076,15.0,0.9474,38.78,False
stochrsi_oversold,r_multiple_3r,38,0.2368,0.972,-0.0872,-3.3145,-66.0373,9.2,0.9737,32.84,False
stochrsi_oversold,atr_trail_vix_conditional,38,0.3158,0.9033,-0.2356,-8.9513,-50.793,8.1,0.9737,32.3,False
stochrsi_oversold,smart_money_reversal,38,0.2105,0.8359,-0.3824,-14.5327,-53.321,6.0,1.0,28.91,False
stochrsi_oversold,reverse_signal,38,0.2105,0.8359,-0.3824,-14.5327,-53.321,6.0,1.0,28.91,False
stochrsi_oversold,atr_trail_1x,38,0.2105,0.8359,-0.3824,-14.5327,-53.321,6.0,1.0,28.91,False
stochrsi_oversold,atr_trail_mae_conditional,38,0.2105,0.8359,-0.3824,-14.5327,-53.321,6.0,1.0,28.91,False
stochrsi_oversold,next_pivot_target,38,0.7368,0.5277,-1.2444,-47.286,-60.3596,9.9,0.9737,26.09,False
stochrsi_oversold,trailing_5pct,38,0.2105,0.7335,-0.8393,-31.894,-81.6972,13.5,0.9737,25.55,False
stochrsi_oversold,mfe_lockin_trail,38,0.2105,0.6995,-0.7003,-26.6124,-52.3133,5.6,1.0,24.79,False
stochrsi_oversold,r_multiple_2r,38,0.2368,0.692,-0.9601,-36.4822,-74.2148,7.8,0.9737,24.57,False
stochrsi_oversold,break_even_at_1r,38,0.1053,0.4494,-1.4754,-56.0655,-71.1261,10.2,1.0,12.99,False
stochrsi_oversold,multi_tier_partial,38,0.2632,0.3912,-1.4123,-53.6665,-64.0309,5.1,1.0,12.61,False
donchian_breakout_long,regime_flip,14,0.5714,6.1586,13.588,190.2327,-9.4659,28.9,1.0,81.74,True
donchian_breakout_long,time_stop_20d,14,0.5714,6.1586,13.588,190.2327,-9.4659,28.9,1.0,81.74,False
donchian_breakout_long,time_stop_10d,14,0.6429,2.9702,4.1659,58.3224,-12.8673,14.5,1.0,77.1,False
donchian_breakout_long,class_time_stop,14,0.5714,3.9488,9.2339,129.2748,-13.893,36.1,1.0,76.2,False
donchian_breakout_long,earnings_blackout,14,0.6429,4.2073,18.6568,261.1955,-63.0775,84.1,0.0,69.64,False
donchian_breakout_long,ma_exit_ema9,14,0.5,3.6316,8.0865,113.2112,-20.0,19.0,1.0,67.5,False
donchian_breakout_long,chandelier_3x,14,0.3571,5.1546,16.0552,224.7721,-29.4225,37.2,1.0,65.36,False
donchian_breakout_long,breakeven_plus_trail,14,0.3571,3.8152,10.2471,143.4597,-26.2703,42.8,1.0,65.36,False
donchian_breakout_long,trailing_15pct,14,0.2857,1.939,5.7821,80.9498,-27.9336,77.4,1.0,55.35,False
donchian_breakout_long,r_multiple_2r,14,0.4286,1.5031,1.3123,18.3722,-13.1352,7.7,1.0,55.32,False
donchian_breakout_long,next_pivot_target,14,0.6429,1.4412,1.3472,18.8602,-22.7373,9.4,1.0,49.15,False
donchian_breakout_long,r_multiple_3r,14,0.2857,1.2336,0.7629,10.6802,-13.6626,14.4,1.0,47.65,False
donchian_breakout_long,atr_trail_2x,14,0.5,1.2487,0.8711,12.195,-22.7719,19.9,1.0,43.36,False
donchian_breakout_long,trailing_5pct,14,0.2857,1.1675,0.495,6.9303,-15.9157,16.4,1.0,43.31,False
donchian_breakout_long,fixed_4r_2r,14,0.3571,1.2277,1.2356,17.2984,-26.2703,23.3,1.0,41.41,False
donchian_breakout_long,trailing_10pct,14,0.4286,0.7535,-1.1496,-16.094,-18.1168,32.7,1.0,31.26,False
donchian_breakout_long,hybrid_50pct_target,14,0.3571,0.6484,-2.2602,-31.6434,-30.9752,42.8,1.0,23.09,False
donchian_breakout_long,multi_tier_partial,14,0.4286,0.497,-1.2802,-17.9227,-22.1103,4.0,1.0,20.19,False
donchian_breakout_long,smc_mitigation_zone,14,0.3571,0.1908,-1.6627,-23.2783,-23.8813,2.2,1.0,10.36,False
donchian_breakout_long,smart_money_reversal,14,0.3571,0.1925,-2.0721,-29.0088,-30.6253,4.0,1.0,9.75,False
donchian_breakout_long,reverse_signal,14,0.3571,0.1925,-2.0721,-29.0088,-30.6253,4.0,1.0,9.75,False
donchian_breakout_long,atr_trail_mae_conditional,14,0.3571,0.1925,-2.0721,-29.0088,-30.6253,4.0,1.0,9.75,False
donchian_breakout_long,atr_trail_1x,14,0.3571,0.1925,-2.0721,-29.0088,-30.6253,4.0,1.0,9.75,False
donchian_breakout_long,mfe_lockin_trail,14,0.3571,0.1925,-2.0721,-29.0088,-30.6253,4.0,1.0,9.75,False
donchian_breakout_long,break_even_at_1r,14,0.2143,0.2398,-1.8202,-25.4823,-27.3004,11.9,1.0,7.98,False
donchian_breakout_long,atr_trail_vix_conditional,14,0.2857,0.1407,-2.5471,-35.659,-35.8095,4.5,1.0,7.96,False
news_sentiment_long,earnings_blackout,30,0.6,7.7474,19.5175,585.5257,-39.5474,79.7,0.0,69.0,False
news_sentiment_long,breakeven_plus_trail,30,0.3667,4.0204,8.5059,255.1758,-37.947,39.6,0.9,65.5,True
news_sentiment_long,class_time_stop,30,0.5333,2.5549,5.6456,169.3676,-47.5105,41.8,1.0,64.71,False
news_sentiment_long,trailing_10pct,30,0.4,2.2513,5.7854,173.5626,-46.5928,67.3,0.9333,60.12,False
news_sentiment_long,time_stop_20d,30,0.5333,1.9548,3.4971,104.9139,-31.449,28.2,1.0,56.97,False
news_sentiment_long,regime_flip,30,0.5333,1.9548,3.4971,104.9139,-31.449,28.2,1.0,56.97,False
news_sentiment_long,hybrid_50pct_target,30,0.5333,1.7862,3.6688,110.0654,-45.4605,73.3,0.9333,55.38,False
news_sentiment_long,time_stop_10d,30,0.5,1.805,2.3906,71.7191,-28.7324,14.3,1.0,53.18,False
news_sentiment_long,atr_trail_2x,30,0.3667,1.858,2.8899,86.6974,-39.6959,19.0,0.9333,52.52,False
news_sentiment_long,trailing_15pct,30,0.4,1.6178,4.4228,132.6838,-80.9726,122.3,0.9,52.49,False
news_sentiment_long,r_multiple_3r,30,0.3,1.4898,1.2654,37.9626,-32.6985,10.1,0.9667,44.56,False
news_sentiment_long,ma_exit_ema9,30,0.3667,1.3775,0.7208,21.624,-33.9665,8.7,1.0,43.14,False
news_sentiment_long,atr_trail_vix_conditional,30,0.3,1.2829,0.7002,21.0058,-46.0643,8.7,0.9667,40.65,False
news_sentiment_long,next_pivot_target,30,0.7333,0.9563,-0.1149,-3.4477,-44.9511,12.7,1.0,39.91,False
news_sentiment_long,r_multiple_2r,30,0.3333,1.1053,0.2664,7.991,-32.6985,8.0,0.9667,37.45,False
news_sentiment_long,fixed_4r_2r,30,0.3,1.0651,0.3091,9.2745,-67.688,26.9,0.9667,36.26,False
news_sentiment_long,trailing_5pct,30,0.2333,1.0005,0.0012,0.036,-29.5639,22.8,0.9667,33.51,False
news_sentiment_long,chandelier_3x,30,0.1667,0.7568,-0.5609,-16.8277,-44.3747,12.2,1.0,25.95,False
news_sentiment_long,smc_mitigation_zone,30,0.3667,0.5954,-0.5511,-16.5319,-32.4475,4.4,1.0,24.05,False
news_sentiment_long,smart_money_reversal,30,0.2333,0.649,-0.7128,-21.3826,-42.1691,5.8,1.0,23.58,False
news_sentiment_long,mfe_lockin_trail,30,0.2333,0.6275,-0.792,-23.7596,-44.9619,6.0,1.0,22.77,False
news_sentiment_long,reverse_signal,30,0.2333,0.62,-0.8077,-24.2322,-45.0187,6.0,1.0,22.5,False
news_sentiment_long,atr_trail_1x,30,0.2333,0.62,-0.8077,-24.2322,-45.0187,6.0,1.0,22.5,False
news_sentiment_long,atr_trail_mae_conditional,30,0.2333,0.62,-0.8077,-24.2322,-45.0187,6.0,1.0,22.5,False
news_sentiment_long,break_even_at_1r,30,0.1,0.6737,-0.6887,-20.6614,-48.0626,14.3,1.0,22.38,False
news_sentiment_long,multi_tier_partial,30,0.3333,0.3951,-1.2296,-36.8889,-39.1126,5.5,1.0,14.14,False
donchian_breakout_with_smart_money_long,regime_flip,22,0.5909,5.0939,8.604,189.2877,-20.1234,29.0,1.0,68.86,True
donchian_breakout_with_smart_money_long,time_stop_20d,22,0.5909,5.0939,8.604,189.2877,-20.1234,29.0,1.0,68.86,False
donchian_breakout_with_smart_money_long,breakeven_plus_trail,22,0.2727,3.3826,6.4155,141.1405,-16.676,35.5,1.0,68.25,False
donchian_breakout_with_smart_money_long,chandelier_3x,22,0.3636,3.5321,9.5257,209.5653,-23.034,30.1,1.0,65.45,False
donchian_breakout_with_smart_money_long,ma_exit_ema9,22,0.3182,2.3521,4.0547,89.2033,-28.4004,14.7,1.0,58.37,False
donchian_breakout_with_smart_money_long,earnings_blackout,22,0.5,1.8927,7.3095,160.8095,-74.126,84.9,0.0,58.07,False
donchian_breakout_with_smart_money_long,time_stop_10d,22,0.5,2.001,2.3806,52.3734,-19.3649,14.4,1.0,56.07,False
donchian_breakout_with_smart_money_long,class_time_stop,22,0.3636,1.3253,2.2006,48.4127,-83.3286,43.4,1.0,44.52,False
donchian_breakout_with_smart_money_long,next_pivot_target,22,0.6364,1.1203,0.3279,7.2136,-24.1071,8.9,1.0,42.36,False
donchian_breakout_with_smart_money_long,fixed_4r_2r,22,0.3182,1.2652,1.1862,26.096,-24.5876,19.8,1.0,41.37,False
donchian_breakout_with_smart_money_long,trailing_15pct,22,0.2727,1.1155,0.9366,20.6061,-70.4775,74.6,1.0,37.73,False
donchian_breakout_with_smart_money_long,atr_trail_2x,22,0.3636,0.9005,-0.3164,-6.9614,-24.9219,15.7,1.0,32.83,False
donchian_breakout_with_smart_money_long,r_multiple_3r,22,0.2273,0.9638,-0.1054,-2.319,-31.0388,10.6,1.0,32.5,False
donchian_breakout_with_smart_money_long,r_multiple_2r,22,0.3182,0.8745,-0.3359,-7.3895,-24.4789,7.0,1.0,31.52,False
donchian_breakout_with_smart_money_long,smc_mitigation_zone,22,0.4091,0.6417,-0.4913,-10.8086,-16.1604,3.0,1.0,31.11,False
donchian_breakout_with_smart_money_long,hybrid_50pct_target,22,0.4091,0.7563,-1.4399,-31.6785,-58.334,51.5,1.0,28.26,False
donchian_breakout_with_smart_money_long,trailing_10pct,22,0.3182,0.7644,-1.2538,-27.5836,-66.0432,46.8,1.0,27.39,False
donchian_breakout_with_smart_money_long,trailing_5pct,22,0.2273,0.7134,-0.9332,-20.5302,-40.0188,16.1,1.0,25.09,False
donchian_breakout_with_smart_money_long,multi_tier_partial,22,0.3182,0.4283,-1.3331,-29.3284,-34.6868,5.0,1.0,15.41,False
donchian_breakout_with_smart_money_long,smart_money_reversal,22,0.2273,0.3005,-1.6417,-36.1174,-36.7013,5.3,1.0,8.45,False
donchian_breakout_with_smart_money_long,reverse_signal,22,0.2273,0.3005,-1.6417,-36.1174,-36.7013,5.3,1.0,8.45,False
donchian_breakout_with_smart_money_long,atr_trail_mae_conditional,22,0.2273,0.3005,-1.6417,-36.1174,-36.7013,5.3,1.0,8.45,False
donchian_breakout_with_smart_money_long,atr_trail_1x,22,0.2273,0.3005,-1.6417,-36.1174,-36.7013,5.3,1.0,8.45,False
donchian_breakout_with_smart_money_long,mfe_lockin_trail,22,0.2273,0.2263,-1.8158,-39.9487,-39.8284,4.9,1.0,8.19,False
donchian_breakout_with_smart_money_long,break_even_at_1r,22,0.1364,0.0953,-1.9842,-43.653,-43.653,9.1,1.0,6.57,False
donchian_breakout_with_smart_money_long,atr_trail_vix_conditional,22,0.1364,0.241,-2.0518,-45.1392,-43.5781,5.2,1.0,6.47,False
cmf_flip,hybrid_50pct_target,57,0.5965,1.5357,2.1215,120.9257,-69.3034,79.1,0.9474,50.92,True
cmf_flip,trailing_10pct,57,0.4211,1.3237,1.3155,74.9843,-81.0764,71.4,0.9474,44.03,False
cmf_flip,breakeven_plus_trail,57,0.3158,1.3291,0.7254,41.3459,-29.5337,31.7,0.9649,41.65,False
cmf_flip,next_pivot_target,57,0.7719,0.9821,-0.0402,-2.2937,-56.8072,12.9,0.9825,41.15,False
cmf_flip,fixed_4r_2r,57,0.4035,1.1668,0.7202,41.0503,-82.5369,25.1,0.9649,40.29,False
cmf_flip,time_stop_20d,57,0.5614,0.811,-0.9084,-51.7763,-101.0168,28.6,1.0,32.77,False
cmf_flip,regime_flip,57,0.5614,0.811,-0.9084,-51.7763,-101.0168,28.6,1.0,32.77,False
cmf_flip,class_time_stop,57,0.5088,0.8135,-0.4561,-25.995,-50.5313,10.0,1.0,32.72,False
cmf_flip,r_multiple_2r,57,0.3333,0.8835,-0.2987,-17.0254,-55.787,6.6,0.9825,32.01,False
cmf_flip,trailing_5pct,57,0.3684,0.8553,-0.3409,-19.4318,-79.5175,16.7,0.9649,31.81,False
cmf_flip,time_stop_10d,57,0.4561,0.7809,-0.7732,-44.0752,-74.0881,14.3,1.0,30.62,False
cmf_flip,trailing_15pct,57,0.3509,0.7744,-1.431,-81.5657,-198.9361,112.4,0.9123,27.88,False
cmf_flip,atr_trail_2x,57,0.3509,0.7272,-0.947,-53.9787,-101.0257,17.5,0.9649,27.32,False
cmf_flip,earnings_blackout,57,0.5789,0.6756,-3.1085,-177.1828,-304.7868,84.3,0.0,25.99,False
cmf_flip,chandelier_3x,57,0.0702,0.7155,-0.2415,-13.7651,-26.0595,4.2,1.0,23.83,False
cmf_flip,r_multiple_3r,57,0.2105,0.6478,-1.0723,-61.1223,-85.6877,9.3,0.9825,22.66,False
cmf_flip,multi_tier_partial,57,0.386,0.5455,-0.8233,-46.9292,-65.9306,4.7,1.0,22.14,False
cmf_flip,mfe_lockin_trail,57,0.3158,0.4957,-0.9533,-54.34,-74.785,4.8,1.0,18.93,False
cmf_flip,ma_exit_ema9,57,0.2982,0.4451,-0.7556,-43.0708,-48.4635,2.7,0.9825,16.76,False
cmf_flip,atr_trail_vix_conditional,57,0.2982,0.4283,-1.1918,-67.93,-92.7137,7.3,1.0,15.32,False
cmf_flip,reverse_signal,57,0.2982,0.4009,-1.1569,-65.9433,-76.9791,5.0,1.0,14.02,False
cmf_flip,smart_money_reversal,57,0.2982,0.4009,-1.1569,-65.9433,-76.9791,5.0,1.0,14.02,False
cmf_flip,atr_trail_1x,57,0.2982,0.4009,-1.1569,-65.9433,-76.9791,5.0,1.0,14.02,False
cmf_flip,atr_trail_mae_conditional,57,0.2982,0.4009,-1.1569,-65.9433,-76.9791,5.0,1.0,14.02,False
cmf_flip,break_even_at_1r,57,0.1228,0.4378,-1.1531,-65.728,-82.4071,8.7,0.9825,13.2,False
cmf_flip,smc_mitigation_zone,57,0.2807,0.279,-0.9021,-51.418,-51.3405,1.9,1.0,10.36,False
cpr_narrow_momentum,breakeven_plus_trail,17,0.2353,1.2705,1.1709,19.9058,-57.8528,24.9,1.0,40.19,True
cpr_narrow_momentum,trailing_10pct,17,0.2941,0.9906,-0.0549,-0.9328,-73.9132,43.0,1.0,34.14,False
cpr_narrow_momentum,earnings_blackout,17,0.3529,0.8188,-1.4282,-24.2798,-83.7519,86.7,0.0,29.06,False
cpr_narrow_momentum,class_time_stop,17,0.4706,0.6556,-1.7298,-29.4062,-50.7655,43.6,1.0,25.82,False
cpr_narrow_momentum,hybrid_50pct_target,17,0.3529,0.6891,-2.0118,-34.2006,-73.2807,45.1,1.0,24.65,False
cpr_narrow_momentum,time_stop_20d,17,0.4706,0.5894,-2.3317,-39.6392,-59.3287,29.0,1.0,22.73,False
cpr_narrow_momentum,regime_flip,17,0.4706,0.5894,-2.3317,-39.6392,-59.3287,29.0,1.0,22.73,False
cpr_narrow_momentum,time_stop_10d,17,0.4118,0.4818,-1.6475,-28.007,-54.043,14.4,1.0,18.75,False
cpr_narrow_momentum,next_pivot_target,17,0.7059,0.2608,-2.5755,-43.7837,-57.7791,9.4,1.0,14.23,False
cpr_narrow_momentum,trailing_15pct,17,0.1176,0.4495,-5.5593,-94.5075,-143.4635,61.6,1.0,7.89,False
cpr_narrow_momentum,atr_trail_vix_conditional,17,0.1765,0.136,-2.7475,-46.7081,-47.2426,8.4,1.0,6.03,False
cpr_narrow_momentum,smc_mitigation_zone,17,0.1176,0.0313,-2.4181,-41.1072,-37.91,3.5,1.0,5.64,False
cpr_narrow_momentum,multi_tier_partial,17,0.1176,0.0391,-2.5163,-42.7779,-39.5807,4.8,1.0,5.49,False
cpr_narrow_momentum,chandelier_3x,17,0.1765,0.2264,-3.281,-55.7776,-70.0335,15.8,1.0,5.23,False
cpr_narrow_momentum,trailing_5pct,17,0.1176,0.0883,-2.9816,-50.6869,-50.3791,15.0,1.0,4.79,False
cpr_narrow_momentum,atr_trail_mae_conditional,17,0.0588,0.0062,-2.7252,-46.3285,-43.1313,5.1,1.0,4.29,False
cpr_narrow_momentum,reverse_signal,17,0.0588,0.0062,-2.7252,-46.3285,-43.1313,5.1,1.0,4.29,False
cpr_narrow_momentum,smart_money_reversal,17,0.0588,0.0062,-2.7252,-46.3285,-43.1313,5.1,1.0,4.29,False
cpr_narrow_momentum,mfe_lockin_trail,17,0.0588,0.0062,-2.7252,-46.3285,-43.1313,5.1,1.0,4.29,False
cpr_narrow_momentum,atr_trail_1x,17,0.0588,0.0062,-2.7252,-46.3285,-43.1313,5.1,1.0,4.29,False
cpr_narrow_momentum,r_multiple_3r,17,0.0588,0.1247,-3.016,-51.272,-55.3791,7.0,1.0,3.86,False
cpr_narrow_momentum,break_even_at_1r,17,0.0588,0.003,-3.0392,-51.6657,-48.6222,7.1,1.0,3.82,False
cpr_narrow_momentum,atr_trail_2x,17,0.1765,0.1282,-4.2285,-71.8837,-73.8495,12.4,1.0,3.8,False
cpr_narrow_momentum,r_multiple_2r,17,0.0588,0.0831,-3.1592,-53.7067,-55.3791,6.9,1.0,3.64,False
cpr_narrow_momentum,ma_exit_ema9,17,0.0,0.0,-3.6915,-62.7556,-56.8158,5.1,1.0,1.96,False
cpr_narrow_momentum,fixed_4r_2r,17,0.1176,0.1837,-5.8312,-99.1296,-110.8302,22.6,1.0,1.76,False
pairs_mean_reversion_short,r_multiple_2r,147,0.3129,0.6909,-0.9491,-139.5142,-159.9519,6.3,1.0,25.7,True
pairs_mean_reversion_short,r_multiple_3r,147,0.2245,0.6605,-1.1389,-167.417,-200.9823,8.6,0.9864,23.16,False
pairs_mean_reversion_short,next_pivot_target,147,0.6531,0.493,-1.816,-266.9464,-283.1251,10.5,1.0,22.59,False
pairs_mean_reversion_short,ma_exit_ema9,147,0.3878,0.5326,-0.8213,-120.7294,-132.506,3.5,0.9932,21.68,False
pairs_mean_reversion_short,hybrid_50pct_target,147,0.4422,0.5701,-2.3983,-352.5493,-399.9615,40.9,0.966,21.53,False
pairs_mean_reversion_short,multi_tier_partial,147,0.3741,0.4581,-1.166,-171.4042,-176.4415,4.7,1.0,17.87,False
pairs_mean_reversion_short,breakeven_plus_trail,147,0.2721,0.5014,-1.7851,-262.404,-285.1317,22.1,0.9796,17.27,False
pairs_mean_reversion_short,trailing_5pct,147,0.2721,0.4485,-1.3832,-203.3372,-213.3218,12.9,0.9932,15.58,False
pairs_mean_reversion_short,time_stop_10d,147,0.4218,0.4444,-3.2914,-483.8377,-510.6324,14.4,1.0,14.78,False
pairs_mean_reversion_short,smc_mitigation_zone,147,0.3197,0.3924,-0.8788,-129.1888,-134.9982,2.5,1.0,14.32,False
pairs_mean_reversion_short,fixed_4r_2r,147,0.2381,0.4351,-3.7615,-552.946,-566.9141,22.0,0.9864,10.89,False
pairs_mean_reversion_short,mfe_lockin_trail,147,0.2313,0.3228,-1.579,-232.1087,-235.073,4.7,1.0,8.6,False
pairs_mean_reversion_short,atr_trail_1x,147,0.2313,0.3084,-1.6124,-237.0262,-238.9695,4.9,1.0,8.55,False
pairs_mean_reversion_short,smart_money_reversal,147,0.2313,0.3084,-1.6124,-237.0262,-238.9695,4.9,1.0,8.55,False
pairs_mean_reversion_short,reverse_signal,147,0.2313,0.3084,-1.6124,-237.0262,-238.9695,4.9,1.0,8.55,False
pairs_mean_reversion_short,atr_trail_mae_conditional,147,0.2313,0.3084,-1.6124,-237.0262,-238.9695,4.9,1.0,8.55,False
pairs_mean_reversion_short,trailing_10pct,147,0.2857,0.3564,-3.1229,-459.0667,-480.9216,32.5,0.9728,8.47,False
pairs_mean_reversion_short,atr_trail_2x,147,0.2857,0.3461,-2.9385,-431.9556,-445.4749,14.9,0.9796,8.15,False
pairs_mean_reversion_short,chandelier_3x,147,0.0612,0.3494,-0.9824,-144.4145,-147.4431,6.0,0.9932,7.91,False
pairs_mean_reversion_short,atr_trail_vix_conditional,147,0.2041,0.3144,-1.8139,-266.6495,-274.5042,5.9,1.0,7.84,False
pairs_mean_reversion_short,break_even_at_1r,147,0.102,0.1681,-2.0833,-306.2433,-305.8464,8.3,1.0,5.91,False
pairs_mean_reversion_short,time_stop_20d,147,0.3469,0.2788,-6.0807,-893.8628,-921.7353,28.6,1.0,5.2,False
pairs_mean_reversion_short,regime_flip,147,0.3469,0.2788,-6.0807,-893.8628,-921.7353,28.6,1.0,5.2,False
pairs_mean_reversion_short,class_time_stop,147,0.3401,0.2638,-8.5605,-1258.3935,-1322.152,42.5,1.0,5.1,False
pairs_mean_reversion_short,earnings_blackout,147,0.3333,0.1416,-20.3244,-2987.6854,-3096.9547,83.2,0.0,5.0,False
pairs_mean_reversion_short,trailing_15pct,147,0.2177,0.25,-5.9103,-868.8164,-886.5236,60.6,0.9524,3.27,False
institutional_breakout_confirmation_long,time_stop_10d,13,0.6923,4.6379,4.9297,64.0861,-12.2346,14.5,1.0,79.99,True
institutional_breakout_confirmation_long,ma_exit_ema9,13,0.3846,5.8326,8.5933,111.7127,-10.3783,18.1,1.0,77.8,False
institutional_breakout_confirmation_long,r_multiple_2r,13,0.5385,3.1997,2.6851,34.9066,-10.0559,7.3,1.0,77.04,False
institutional_breakout_confirmation_long,earnings_blackout,13,0.6923,7.3657,15.0989,196.2851,-16.3276,87.2,0.0,74.97,False
institutional_breakout_confirmation_long,breakeven_plus_trail,13,0.3846,12.8404,11.8724,154.3408,-13.0351,45.2,1.0,74.48,False
institutional_breakout_confirmation_long,r_multiple_3r,13,0.3846,2.6727,2.8074,36.4958,-10.0559,10.9,1.0,72.54,False
institutional_breakout_confirmation_long,regime_flip,13,0.4615,5.594,11.0307,143.3985,-15.5763,29.5,1.0,72.45,False
institutional_breakout_confirmation_long,time_stop_20d,13,0.4615,5.594,11.0307,143.3985,-15.5763,29.5,1.0,72.45,False
institutional_breakout_confirmation_long,chandelier_3x,13,0.4615,5.6165,8.9375,116.1873,-17.7181,28.5,1.0,69.77,False
institutional_breakout_confirmation_long,trailing_15pct,13,0.4615,2.6959,7.4253,96.5289,-16.929,274.8,1.0,68.57,False
institutional_breakout_confirmation_long,class_time_stop,13,0.4615,3.9396,8.6567,112.5372,-19.1457,43.9,1.0,67.99,False
institutional_breakout_confirmation_long,fixed_4r_2r,13,0.3846,2.1267,3.1686,41.192,-13.0351,21.2,1.0,64.68,False
institutional_breakout_confirmation_long,smc_mitigation_zone,13,0.3846,1.4153,0.382,4.9657,-5.1919,4.4,1.0,61.97,False
institutional_breakout_confirmation_long,next_pivot_target,13,0.7692,1.6765,0.9097,11.8264,-15.1356,11.2,1.0,59.57,False
institutional_breakout_confirmation_long,atr_trail_2x,13,0.3846,1.5023,1.0651,13.8459,-11.9593,19.4,1.0,55.75,False
institutional_breakout_confirmation_long,multi_tier_partial,13,0.3077,1.0001,0.0001,0.0019,-9.6633,6.5,1.0,47.54,False
institutional_breakout_confirmation_long,reverse_signal,13,0.3077,0.8794,-0.2009,-2.6111,-9.6633,6.5,1.0,44.6,False
institutional_breakout_confirmation_long,atr_trail_mae_conditional,13,0.3077,0.8794,-0.2009,-2.6111,-9.6633,6.5,1.0,44.6,False
institutional_breakout_confirmation_long,atr_trail_1x,13,0.3077,0.8794,-0.2009,-2.6111,-9.6633,6.5,1.0,44.6,False
institutional_breakout_confirmation_long,trailing_5pct,13,0.3077,1.3086,0.8131,10.57,-18.6008,28.3,1.0,43.09,False
institutional_breakout_confirmation_long,hybrid_50pct_target,13,0.6154,1.0777,0.2989,3.8859,-28.9215,75.8,1.0,41.21,False
institutional_breakout_confirmation_long,mfe_lockin_trail,13,0.3077,0.7198,-0.4667,-6.0666,-9.6633,5.7,1.0,40.1,False
institutional_breakout_confirmation_long,trailing_10pct,13,0.5385,0.9511,-0.1593,-2.0704,-26.4501,90.4,1.0,36.81,False
institutional_breakout_confirmation_long,atr_trail_vix_conditional,13,0.2308,0.7111,-0.5595,-7.2741,-11.3128,6.4,1.0,36.5,False
institutional_breakout_confirmation_long,smart_money_reversal,13,0.2308,0.6891,-0.5217,-6.7819,-12.0753,5.4,1.0,34.96,False
institutional_breakout_confirmation_long,break_even_at_1r,13,0.2308,0.3722,-0.7777,-10.1102,-10.9818,22.0,1.0,23.33,False
52w_high_breakout_with_smart_money_vol_below_long,earnings_blackout,12,0.5833,10.7977,26.1111,313.3338,-27.9419,83.8,0.0,68.75,False
52w_high_breakout_with_smart_money_vol_below_long,class_time_stop,12,0.5,7.5553,13.4024,160.8294,-23.8236,43.5,1.0,67.5,True
52w_high_breakout_with_smart_money_vol_below_long,regime_flip,12,0.4167,7.1061,13.6156,163.3877,-20.9305,29.0,1.0,66.25,False
52w_high_breakout_with_smart_money_vol_below_long,time_stop_20d,12,0.4167,7.1061,13.6156,163.3877,-20.9305,29.0,1.0,66.25,False
52w_high_breakout_with_smart_money_vol_below_long,breakeven_plus_trail,12,0.3333,6.0685,14.6608,175.9296,-21.9731,26.9,1.0,65.0,False
52w_high_breakout_with_smart_money_vol_below_long,next_pivot_target,12,0.75,1.6561,1.1203,13.4437,-12.7373,9.8,1.0,62.34,False
52w_high_breakout_with_smart_money_vol_below_long,ma_exit_ema9,12,0.1667,2.1896,4.0669,48.8027,-18.4011,6.4,1.0,56.65,False
52w_high_breakout_with_smart_money_vol_below_long,trailing_10pct,12,0.4167,1.7699,3.681,44.1715,-44.2261,106.2,1.0,53.46,False
52w_high_breakout_with_smart_money_vol_below_long,chandelier_3x,12,0.1667,1.9762,4.1614,49.937,-27.8069,13.8,1.0,52.69,False
52w_high_breakout_with_smart_money_vol_below_long,time_stop_10d,12,0.3333,1.4211,1.1806,14.1668,-16.757,14.3,1.0,48.02,False
52w_high_breakout_with_smart_money_vol_below_long,hybrid_50pct_target,12,0.4167,0.9906,-0.0549,-0.6592,-50.0,90.8,1.0,35.97,False
52w_high_breakout_with_smart_money_vol_below_long,trailing_15pct,12,0.25,0.8114,-1.4844,-17.8123,-69.9258,173.1,1.0,27.24,False
52w_high_breakout_with_smart_money_vol_below_long,r_multiple_3r,12,0.0833,0.5851,-1.267,-15.2037,-17.6607,5.3,1.0,21.3,False
52w_high_breakout_with_smart_money_vol_below_long,multi_tier_partial,12,0.1667,0.3259,-1.4003,-16.8034,-15.8148,3.8,1.0,13.13,False
52w_high_breakout_with_smart_money_vol_below_long,r_multiple_2r,12,0.0833,0.3901,-1.8626,-22.3508,-19.1536,5.3,1.0,10.23,False
52w_high_breakout_with_smart_money_vol_below_long,fixed_4r_2r,12,0.0833,0.4355,-3.0886,-37.0628,-31.624,13.0,1.0,9.59,False
52w_high_breakout_with_smart_money_vol_below_long,smart_money_reversal,12,0.0833,0.045,-2.0123,-24.1478,-20.9506,3.6,1.0,5.73,False
52w_high_breakout_with_smart_money_vol_below_long,mfe_lockin_trail,12,0.0833,0.0418,-2.1705,-26.0454,-22.8482,4.8,1.0,5.49,False
52w_high_breakout_with_smart_money_vol_below_long,reverse_signal,12,0.0833,0.0418,-2.1705,-26.0454,-22.8482,4.8,1.0,5.49,False
52w_high_breakout_with_smart_money_vol_below_long,atr_trail_1x,12,0.0833,0.0418,-2.1705,-26.0454,-22.8482,4.8,1.0,5.49,False
52w_high_breakout_with_smart_money_vol_below_long,atr_trail_mae_conditional,12,0.0833,0.0418,-2.1705,-26.0454,-22.8482,4.8,1.0,5.49,False
52w_high_breakout_with_smart_money_vol_below_long,break_even_at_1r,12,0.0833,0.0378,-2.4097,-28.9162,-25.719,3.8,1.0,5.13,False
52w_high_breakout_with_smart_money_vol_below_long,smc_mitigation_zone,12,0.0833,0.0361,-2.5303,-30.3641,-27.1669,3.6,1.0,4.95,False
52w_high_breakout_with_smart_money_vol_below_long,atr_trail_vix_conditional,12,0.0,0.0,-3.0932,-37.1186,-32.3228,4.8,1.0,2.86,False
52w_high_breakout_with_smart_money_vol_below_long,atr_trail_2x,12,0.0833,0.0215,-4.3128,-51.7533,-45.3589,9.6,1.0,2.28,False
52w_high_breakout_with_smart_money_vol_below_long,trailing_5pct,12,0.0,0.0,-4.5358,-54.4295,-49.4295,14.6,1.0,0.7,False
break_retest_confluence,earnings_blackout,28,0.3929,2.6556,7.1652,200.6266,-48.6367,77.6,0.0,63.4,False
break_retest_confluence,breakeven_plus_trail,28,0.2143,2.1004,3.0675,85.8911,-33.2892,34.7,0.9286,53.01,True
break_retest_confluence,trailing_10pct,28,0.25,1.3716,1.6216,45.4053,-45.631,59.9,0.9286,42.65,False
break_retest_confluence,next_pivot_target,28,0.75,0.7484,-0.5184,-14.5153,-46.5313,12.4,0.9643,34.54,False
break_retest_confluence,hybrid_50pct_target,28,0.3929,0.8598,-0.7697,-21.5521,-77.8613,71.0,0.9286,31.65,False
break_retest_confluence,class_time_stop,28,0.3929,0.8457,-0.6657,-18.6386,-42.9646,40.8,1.0,31.46,False
break_retest_confluence,trailing_15pct,28,0.2143,0.8935,-0.754,-21.1106,-106.0171,104.6,0.8571,29.78,False
break_retest_confluence,break_even_at_1r,28,0.0714,0.9441,-0.097,-2.7171,-32.7044,15.9,1.0,29.75,False
break_retest_confluence,time_stop_20d,28,0.3929,0.7521,-0.9608,-26.9025,-51.5015,27.8,1.0,28.62,False
break_retest_confluence,regime_flip,28,0.3929,0.7521,-0.9608,-26.9025,-51.5015,27.8,1.0,28.62,False
break_retest_confluence,multi_tier_partial,28,0.5,0.5396,-0.6877,-19.2561,-23.6834,6.4,1.0,23.83,False
break_retest_confluence,time_stop_10d,28,0.4643,0.5061,-1.7388,-48.6874,-57.3365,14.1,1.0,20.41,False
break_retest_confluence,smc_mitigation_zone,28,0.4286,0.4395,-0.7421,-20.778,-27.1715,3.0,1.0,18.48,False
break_retest_confluence,r_multiple_2r,28,0.2143,0.4768,-1.4514,-40.6383,-46.3416,10.1,0.9643,15.87,False
break_retest_confluence,ma_exit_ema9,28,0.3214,0.3628,-1.1069,-30.9941,-33.0135,8.2,1.0,12.4,False
break_retest_confluence,mfe_lockin_trail,28,0.2857,0.3363,-1.1792,-33.0171,-35.7053,6.1,1.0,10.2,False
break_retest_confluence,smart_money_reversal,28,0.2857,0.2009,-1.3442,-37.6384,-38.655,6.2,1.0,9.77,False
break_retest_confluence,reverse_signal,28,0.2857,0.1903,-1.4386,-40.2805,-41.2971,6.9,1.0,9.63,False
break_retest_confluence,atr_trail_1x,28,0.2857,0.1903,-1.4386,-40.2805,-41.2971,6.9,1.0,9.63,False
break_retest_confluence,atr_trail_mae_conditional,28,0.2857,0.1903,-1.4386,-40.2805,-41.2971,6.9,1.0,9.63,False
break_retest_confluence,atr_trail_vix_conditional,28,0.2143,0.2459,-1.6937,-47.4238,-46.536,7.2,1.0,8.17,False
break_retest_confluence,trailing_5pct,28,0.1786,0.1993,-2.183,-61.1246,-57.9575,18.5,0.9286,6.9,False
break_retest_confluence,chandelier_3x,28,0.1786,0.3272,-2.6846,-75.1688,-94.0893,16.9,0.9643,6.15,False
break_retest_confluence,r_multiple_3r,28,0.1071,0.2783,-2.2598,-63.2751,-72.5436,11.8,0.9643,5.72,False
break_retest_confluence,atr_trail_2x,28,0.1786,0.1012,-3.3137,-92.7847,-86.5926,13.7,0.9286,5.21,False
break_retest_confluence,fixed_4r_2r,28,0.1429,0.3416,-3.9365,-110.2219,-130.7688,24.9,0.9286,4.24,False
ichimoku_tk_cross,trailing_10pct,23,0.3478,3.2744,9.3056,214.0298,-80.926,87.1,0.9565,65.22,True
ichimoku_tk_cross,chandelier_3x,23,0.3043,3.8638,7.5404,173.4293,-29.6748,24.4,1.0,64.56,False
ichimoku_tk_cross,hybrid_50pct_target,23,0.6087,2.2923,5.0464,116.0673,-51.8823,84.2,0.913,63.62,False
ichimoku_tk_cross,trailing_15pct,23,0.2609,2.9244,12.0094,276.2167,-90.7726,135.2,0.913,63.39,False
ichimoku_tk_cross,breakeven_plus_trail,23,0.2174,3.3506,7.0086,161.1968,-44.0932,47.1,0.9565,63.26,False
ichimoku_tk_cross,break_even_at_1r,23,0.1304,6.1813,8.0956,186.1984,-25.4721,31.4,0.9565,61.96,False
ichimoku_tk_cross,ma_exit_ema9,23,0.3913,2.5302,2.7097,62.3224,-20.7115,11.9,1.0,58.95,False
ichimoku_tk_cross,regime_flip,23,0.6087,2.0854,2.7572,63.4145,-33.1574,29.6,1.0,58.32,False
ichimoku_tk_cross,time_stop_20d,23,0.6087,2.0854,2.7572,63.4145,-33.1574,29.6,1.0,58.32,False
ichimoku_tk_cross,trailing_5pct,23,0.3478,2.1261,2.7744,63.8122,-26.3196,28.2,1.0,54.83,False
ichimoku_tk_cross,earnings_blackout,23,0.5217,1.6209,3.3981,78.1558,-74.8081,85.8,0.0,52.81,False
ichimoku_tk_cross,atr_trail_2x,23,0.3478,1.6126,1.8956,43.5985,-33.4365,20.8,1.0,47.85,False
ichimoku_tk_cross,r_multiple_3r,23,0.3043,1.4093,0.8095,18.6196,-16.7297,8.6,1.0,46.89,False
ichimoku_tk_cross,time_stop_10d,23,0.6087,1.1933,0.5144,11.8307,-43.128,14.5,1.0,43.52,False
ichimoku_tk_cross,multi_tier_partial,23,0.4348,1.0262,0.0366,0.841,-14.9827,7.0,1.0,43.38,False
ichimoku_tk_cross,r_multiple_2r,23,0.3478,1.0651,0.1238,2.8481,-14.9827,5.5,1.0,42.97,False
ichimoku_tk_cross,atr_trail_vix_conditional,23,0.2174,1.4483,0.8635,19.8595,-28.4287,8.7,1.0,42.14,False
ichimoku_tk_cross,smart_money_reversal,23,0.2609,0.9338,-0.0972,-2.2348,-18.0614,6.7,1.0,34.79,False
ichimoku_tk_cross,class_time_stop,23,0.3913,0.9576,-0.2711,-6.2364,-73.841,72.8,1.0,34.58,False
ichimoku_tk_cross,atr_trail_1x,23,0.2609,0.8953,-0.1536,-3.5334,-19.36,7.0,1.0,32.22,False
ichimoku_tk_cross,reverse_signal,23,0.2609,0.8953,-0.1536,-3.5334,-19.36,7.0,1.0,32.22,False
ichimoku_tk_cross,atr_trail_mae_conditional,23,0.2609,0.8953,-0.1536,-3.5334,-19.36,7.0,1.0,32.22,False
ichimoku_tk_cross,mfe_lockin_trail,23,0.2609,0.7811,-0.3212,-7.3867,-17.7274,6.1,1.0,31.21,False
ichimoku_tk_cross,fixed_4r_2r,23,0.3043,0.8445,-0.6389,-14.6942,-44.8051,22.0,1.0,30.14,False
ichimoku_tk_cross,next_pivot_target,23,0.7391,0.2562,-1.5477,-35.5982,-42.0027,5.6,1.0,16.26,False
ichimoku_tk_cross,smc_mitigation_zone,23,0.2174,0.0959,-1.1508,-26.4688,-23.2716,2.5,1.0,9.03,False
value_area_breakout_long,earnings_blackout,17,0.7647,10.5045,21.4563,364.7574,-12.1549,84.5,0.0,81.28,False
value_area_breakout_long,class_time_stop,17,0.5294,5.2806,10.0853,171.4493,-14.402,43.6,1.0,74.94,True
value_area_breakout_long,regime_flip,17,0.5882,6.321,10.8681,184.7585,-15.685,29.2,1.0,74.22,False
value_area_breakout_long,time_stop_20d,17,0.5882,6.321,10.8681,184.7585,-15.685,29.2,1.0,74.22,False
value_area_breakout_long,chandelier_3x,17,0.4118,4.5176,13.7736,234.151,-39.7874,40.4,1.0,66.18,False
value_area_breakout_long,breakeven_plus_trail,17,0.3529,3.8032,8.3786,142.4358,-35.0285,38.4,1.0,65.29,False
value_area_breakout_long,time_stop_10d,17,0.6471,2.179,2.9511,50.168,-18.0511,14.4,1.0,62.52,False
value_area_breakout_long,ma_exit_ema9,17,0.3529,2.6058,5.3671,91.2401,-33.1266,16.0,1.0,62.41,False
value_area_breakout_long,trailing_15pct,17,0.2941,1.4238,2.8968,49.2456,-56.4436,91.4,1.0,45.99,False
value_area_breakout_long,r_multiple_2r,17,0.4118,1.311,0.715,12.1547,-19.2042,7.1,1.0,43.79,False
value_area_breakout_long,r_multiple_3r,17,0.2941,1.2991,0.7924,13.4708,-19.2042,10.5,1.0,41.95,False
value_area_breakout_long,fixed_4r_2r,17,0.2941,1.0796,0.3713,6.3113,-38.4084,19.2,1.0,36.54,False
value_area_breakout_long,trailing_5pct,17,0.2353,1.0938,0.287,4.8797,-20.2524,25.5,1.0,35.8,False
value_area_breakout_long,next_pivot_target,17,0.5882,0.869,-0.4229,-7.1901,-30.9989,8.4,1.0,35.31,False
value_area_breakout_long,atr_trail_2x,17,0.3529,0.8921,-0.3755,-6.3837,-32.6688,17.4,1.0,32.39,False
value_area_breakout_long,trailing_10pct,17,0.4118,0.8569,-0.6462,-10.9852,-32.3253,58.2,1.0,32.04,False
value_area_breakout_long,hybrid_50pct_target,17,0.4706,0.7885,-1.1199,-19.0388,-40.0,49.9,1.0,30.51,False
value_area_breakout_long,break_even_at_1r,17,0.1765,0.4236,-1.204,-20.4683,-17.2711,14.8,1.0,16.66,False
value_area_breakout_long,multi_tier_partial,17,0.2353,0.3997,-1.4661,-24.9231,-22.152,4.6,1.0,12.55,False
value_area_breakout_long,smc_mitigation_zone,17,0.2353,0.3631,-1.2973,-22.0539,-19.3156,3.7,1.0,11.69,False
value_area_breakout_long,smart_money_reversal,17,0.1176,0.271,-1.8893,-32.1179,-28.9207,4.7,1.0,6.43,False
value_area_breakout_long,atr_trail_mae_conditional,17,0.1176,0.271,-1.8893,-32.1179,-28.9207,4.7,1.0,6.43,False
value_area_breakout_long,reverse_signal,17,0.1176,0.271,-1.8893,-32.1179,-28.9207,4.7,1.0,6.43,False
value_area_breakout_long,atr_trail_1x,17,0.1176,0.271,-1.8893,-32.1179,-28.9207,4.7,1.0,6.43,False
value_area_breakout_long,mfe_lockin_trail,17,0.1176,0.1841,-2.1147,-35.9492,-32.752,4.2,1.0,6.09,False
value_area_breakout_long,atr_trail_vix_conditional,17,0.0588,0.2206,-2.2459,-38.1811,-33.3853,4.9,1.0,5.01,False
naked_poc_retest_long,breakeven_plus_trail,36,0.3889,6.9767,7.3542,264.7508,-13.7399,55.4,0.8889,73.66,True
naked_poc_retest_long,earnings_blackout,36,0.4722,2.8483,7.8208,281.5488,-52.5313,81.0,0.0,66.02,False
naked_poc_retest_long,trailing_15pct,36,0.4444,2.8345,10.9052,392.5856,-46.1297,179.7,0.8889,65.5,False
naked_poc_retest_long,chandelier_3x,36,0.2222,4.5213,4.4056,158.6,-17.9211,18.1,0.9722,65.04,False
naked_poc_retest_long,next_pivot_target,36,0.8333,1.5803,0.8017,28.8615,-11.2618,12.0,1.0,64.0,False
naked_poc_retest_long,class_time_stop,36,0.5833,2.3911,4.3115,155.2139,-34.4087,41.7,1.0,63.07,False
naked_poc_retest_long,trailing_10pct,36,0.4167,2.0803,4.2613,153.4071,-30.7765,87.2,0.9167,57.64,False
naked_poc_retest_long,hybrid_50pct_target,36,0.6111,1.8556,3.1162,112.182,-31.1796,91.4,0.9167,56.5,False
naked_poc_retest_long,break_even_at_1r,36,0.1667,2.0248,1.5545,55.9627,-22.5063,28.9,0.9722,49.28,False
naked_poc_retest_long,time_stop_10d,36,0.5278,1.5759,1.1954,43.0346,-28.1176,14.3,1.0,49.03,False
naked_poc_retest_long,time_stop_20d,36,0.5,1.5468,1.712,61.632,-26.2819,28.2,1.0,49.0,False
naked_poc_retest_long,regime_flip,36,0.5,1.5468,1.712,61.632,-26.2819,28.2,1.0,49.0,False
naked_poc_retest_long,ma_exit_ema9,36,0.3611,1.6462,0.8912,32.085,-24.3794,9.1,1.0,46.96,False
naked_poc_retest_long,trailing_5pct,36,0.3611,1.5763,1.3158,47.3689,-30.7298,34.6,0.9444,46.71,False
naked_poc_retest_long,atr_trail_2x,36,0.3889,1.5194,1.2768,45.9666,-32.4104,21.3,0.9444,46.32,False
naked_poc_retest_long,r_multiple_3r,36,0.3333,1.2668,0.5473,19.7014,-30.8852,11.1,0.9444,40.66,False
naked_poc_retest_long,r_multiple_2r,36,0.3889,1.1503,0.2834,10.204,-29.421,7.3,0.9444,39.13,False
naked_poc_retest_long,fixed_4r_2r,36,0.3333,0.9982,-0.0065,-0.2336,-69.2948,29.6,0.9444,34.95,False
naked_poc_retest_long,atr_trail_vix_conditional,36,0.3056,0.8819,-0.2112,-7.6025,-39.9378,7.7,0.9722,31.69,False
naked_poc_retest_long,atr_trail_mae_conditional,36,0.2778,0.7256,-0.457,-16.4502,-33.6657,6.8,1.0,26.91,False
naked_poc_retest_long,reverse_signal,36,0.2778,0.7256,-0.457,-16.4502,-33.6657,6.8,1.0,26.91,False
naked_poc_retest_long,atr_trail_1x,36,0.2778,0.7256,-0.457,-16.4502,-33.6657,6.8,1.0,26.91,False
naked_poc_retest_long,mfe_lockin_trail,36,0.2778,0.7239,-0.4597,-16.55,-33.6089,6.2,1.0,26.86,False
naked_poc_retest_long,multi_tier_partial,36,0.4167,0.6364,-0.5476,-19.7118,-28.6893,6.4,1.0,26.17,False
naked_poc_retest_long,smart_money_reversal,36,0.25,0.7129,-0.4506,-16.2218,-30.8161,6.1,1.0,26.14,False
naked_poc_retest_long,smc_mitigation_zone,36,0.3056,0.5145,-0.5748,-20.6943,-25.3521,3.8,1.0,20.11,False
dc20_break_retest,earnings_blackout,38,0.3684,1.5007,3.104,117.9516,-70.6601,80.1,0.0,48.5,False
dc20_break_retest,breakeven_plus_trail,38,0.2105,1.3055,1.0626,40.378,-49.1471,33.1,0.9474,40.21,True
dc20_break_retest,next_pivot_target,38,0.7368,0.6647,-0.7004,-26.6134,-49.4407,11.9,0.9737,31.64,False
dc20_break_retest,trailing_10pct,38,0.2368,0.9324,-0.3359,-12.7653,-74.8027,52.9,0.9474,31.61,False
dc20_break_retest,class_time_stop,38,0.3684,0.6577,-1.8391,-69.8865,-70.6625,34.8,1.0,24.19,False
dc20_break_retest,multi_tier_partial,38,0.5,0.534,-0.7465,-28.3666,-33.1176,6.3,1.0,23.53,False
dc20_break_retest,break_even_at_1r,38,0.0789,0.7113,-0.53,-20.1385,-40.3584,15.8,1.0,23.41,False
dc20_break_retest,hybrid_50pct_target,38,0.3421,0.6391,-2.2197,-84.3503,-89.6132,62.6,0.9474,22.63,False
dc20_break_retest,ma_exit_ema9,38,0.3158,0.5501,-0.7098,-26.9728,-27.2117,8.5,1.0,21.43,False
dc20_break_retest,trailing_15pct,38,0.2105,0.6278,-2.9959,-113.843,-157.3072,112.0,0.8947,19.13,False
dc20_break_retest,r_multiple_2r,38,0.2368,0.5396,-1.2687,-48.2113,-53.929,9.1,0.9737,19.01,False
dc20_break_retest,time_stop_20d,38,0.3421,0.479,-2.7519,-104.5737,-96.4257,28.1,1.0,15.93,False
dc20_break_retest,regime_flip,38,0.3421,0.479,-2.7519,-104.5737,-96.4257,28.1,1.0,15.93,False
dc20_break_retest,smc_mitigation_zone,38,0.3947,0.3851,-0.8092,-30.7498,-34.2262,2.9,1.0,15.16,False
dc20_break_retest,mfe_lockin_trail,38,0.2895,0.3997,-1.156,-43.9269,-46.4178,6.2,1.0,13.83,False
dc20_break_retest,time_stop_10d,38,0.3947,0.4083,-2.5135,-95.5139,-84.2356,14.2,1.0,13.8,False
dc20_break_retest,r_multiple_3r,38,0.1316,0.4568,-1.6737,-63.6001,-65.8339,10.9,0.9737,13.42,False
dc20_break_retest,smart_money_reversal,38,0.2895,0.3163,-1.269,-48.2236,-48.4369,6.4,1.0,9.94,False
dc20_break_retest,reverse_signal,38,0.2895,0.3049,-1.3386,-50.8657,-51.079,6.9,1.0,9.83,False
dc20_break_retest,atr_trail_1x,38,0.2895,0.3049,-1.3386,-50.8657,-51.079,6.9,1.0,9.83,False
dc20_break_retest,atr_trail_mae_conditional,38,0.2895,0.3049,-1.3386,-50.8657,-51.079,6.9,1.0,9.83,False
dc20_break_retest,atr_trail_vix_conditional,38,0.2368,0.2956,-1.6749,-63.647,-63.0961,7.7,1.0,8.54,False
dc20_break_retest,chandelier_3x,38,0.1842,0.3573,-2.4959,-94.844,-95.6099,17.1,0.9737,7.94,False
dc20_break_retest,trailing_5pct,38,0.1842,0.3011,-1.9383,-73.6571,-66.957,19.1,0.9474,7.36,False
dc20_break_retest,fixed_4r_2r,38,0.1579,0.3814,-3.7649,-143.0654,-140.1857,23.4,0.9474,6.98,False
dc20_break_retest,atr_trail_2x,38,0.1842,0.1717,-3.2093,-121.9552,-115.2551,15.3,0.9474,5.45,False
htf_aligned_breakout_short,class_time_stop,15,0.4667,0.8962,-0.5345,-8.0177,-60.0203,44.5,1.0,33.95,True
htf_aligned_breakout_short,hybrid_50pct_target,15,0.4,0.6908,-1.8554,-27.8312,-80.1575,33.7,1.0,25.64,False
htf_aligned_breakout_short,regime_flip,15,0.4667,0.4791,-4.5718,-68.5774,-126.8063,29.8,1.0,15.07,False
htf_aligned_breakout_short,time_stop_20d,15,0.4667,0.4791,-4.5718,-68.5774,-126.8063,29.8,1.0,15.07,False
htf_aligned_breakout_short,time_stop_10d,15,0.4667,0.3685,-2.8054,-42.0814,-53.1724,15.2,1.0,12.35,False
htf_aligned_breakout_short,breakeven_plus_trail,15,0.2,0.4395,-3.7372,-56.0578,-100.0188,21.3,1.0,10.56,False
htf_aligned_breakout_short,earnings_blackout,15,0.3333,0.4075,-5.2093,-78.1388,-119.103,87.7,0.0,9.11,False
htf_aligned_breakout_short,next_pivot_target,15,0.4,0.1967,-6.0746,-91.119,-110.7096,17.6,1.0,6.0,False
htf_aligned_breakout_short,mfe_lockin_trail,15,0.0667,0.0889,-3.5255,-52.8831,-58.0429,5.0,1.0,3.21,False
htf_aligned_breakout_short,r_multiple_2r,15,0.0667,0.1685,-3.5925,-53.8872,-64.8064,6.4,1.0,3.11,False
htf_aligned_breakout_short,multi_tier_partial,15,0.0667,0.059,-3.6414,-54.6211,-58.0429,5.1,1.0,3.04,False
htf_aligned_breakout_short,smc_mitigation_zone,15,0.0667,0.042,-3.6565,-54.8476,-57.2505,4.9,1.0,3.02,False
htf_aligned_breakout_short,atr_trail_2x,15,0.2,0.2474,-5.2131,-78.1972,-95.3098,17.5,1.0,3.0,False
htf_aligned_breakout_short,trailing_15pct,15,0.2,0.2648,-7.2447,-108.671,-140.9939,49.8,1.0,3.0,False
htf_aligned_breakout_short,reverse_signal,15,0.0667,0.0414,-3.7093,-55.64,-58.0429,5.1,1.0,2.94,False
htf_aligned_breakout_short,atr_trail_mae_conditional,15,0.0667,0.0414,-3.7093,-55.64,-58.0429,5.1,1.0,2.94,False
htf_aligned_breakout_short,smart_money_reversal,15,0.0667,0.0414,-3.7093,-55.64,-58.0429,5.1,1.0,2.94,False
htf_aligned_breakout_short,atr_trail_1x,15,0.0667,0.0414,-3.7093,-55.64,-58.0429,5.1,1.0,2.94,False
htf_aligned_breakout_short,trailing_5pct,15,0.0667,0.0506,-4.1667,-62.5002,-65.8297,6.9,1.0,2.25,False
htf_aligned_breakout_short,chandelier_3x,15,0.1333,0.1131,-6.1838,-92.7568,-103.9993,17.9,1.0,2.0,False
htf_aligned_breakout_short,trailing_10pct,15,0.1333,0.1251,-6.02,-90.2996,-101.8523,21.6,1.0,2.0,False
htf_aligned_breakout_short,ma_exit_ema9,15,0.0667,0.0237,-4.453,-66.795,-68.4183,7.3,1.0,1.82,False
htf_aligned_breakout_short,break_even_at_1r,15,0.0,0.0,-4.3204,-64.8064,-64.8064,6.1,1.0,1.02,False
htf_aligned_breakout_short,atr_trail_vix_conditional,15,0.0667,0.0048,-5.2179,-78.2692,-77.9072,7.6,1.0,1.0,False
htf_aligned_breakout_short,fixed_4r_2r,15,0.0667,0.1367,-8.3982,-125.9724,-126.4041,40.9,1.0,1.0,False
htf_aligned_breakout_short,r_multiple_3r,15,0.0,0.0,-4.6844,-70.266,-64.8064,7.7,1.0,0.47,False
cpr_narrow_bullish,breakeven_plus_trail,22,0.3182,1.5938,2.3267,51.1883,-55.9644,25.1,0.9545,47.81,True
cpr_narrow_bullish,class_time_stop,22,0.4545,1.1057,0.2231,4.9084,-18.6981,10.0,1.0,40.84,False
cpr_narrow_bullish,time_stop_10d,22,0.5,1.0363,0.114,2.509,-38.3362,14.2,1.0,38.4,False
cpr_narrow_bullish,trailing_10pct,22,0.3636,1.092,0.496,10.9129,-80.3126,40.5,0.9545,38.0,False
cpr_narrow_bullish,hybrid_50pct_target,22,0.4545,0.9134,-0.4721,-10.387,-67.5787,49.2,0.9545,34.25,False
cpr_narrow_bullish,regime_flip,22,0.5,0.7701,-1.2274,-27.0034,-72.2063,28.2,1.0,30.31,False
cpr_narrow_bullish,time_stop_20d,22,0.5,0.7701,-1.2274,-27.0034,-72.2063,28.2,1.0,30.31,False
cpr_narrow_bullish,chandelier_3x,22,0.2727,0.7725,-0.694,-15.2677,-32.5716,17.3,1.0,27.76,False
cpr_narrow_bullish,r_multiple_3r,22,0.2273,0.7035,-0.8366,-18.405,-28.6889,9.3,0.9545,24.95,False
cpr_narrow_bullish,earnings_blackout,22,0.3636,0.5659,-4.5425,-99.9352,-192.1958,83.6,0.0,16.98,False
cpr_narrow_bullish,r_multiple_2r,22,0.2273,0.488,-1.4444,-31.7759,-36.9955,7.5,0.9545,16.55,False
cpr_narrow_bullish,trailing_15pct,22,0.2273,0.5703,-3.8121,-83.8666,-160.2656,65.5,0.9545,16.19,False
cpr_narrow_bullish,next_pivot_target,22,0.6818,0.3527,-2.1915,-48.2128,-59.7435,9.4,1.0,15.6,False
cpr_narrow_bullish,break_even_at_1r,22,0.1364,0.4789,-1.3788,-30.3325,-27.4552,12.9,1.0,14.9,False
cpr_narrow_bullish,atr_trail_vix_conditional,22,0.2727,0.4341,-1.6105,-35.432,-39.5137,8.5,0.9545,14.58,False
cpr_narrow_bullish,fixed_4r_2r,22,0.2273,0.4732,-3.1609,-69.539,-84.7868,20.9,0.9545,13.34,False
cpr_narrow_bullish,smc_mitigation_zone,22,0.2273,0.4042,-1.142,-25.1234,-23.8921,5.0,1.0,13.14,False
cpr_narrow_bullish,atr_trail_2x,22,0.2727,0.4293,-2.4191,-53.2202,-58.7332,12.8,0.9545,13.14,False
cpr_narrow_bullish,multi_tier_partial,22,0.2273,0.4034,-1.2941,-28.4708,-26.6146,6.3,1.0,12.88,False
cpr_narrow_bullish,reverse_signal,22,0.2273,0.4028,-1.2956,-28.5026,-27.2713,6.3,1.0,12.84,False
cpr_narrow_bullish,atr_trail_1x,22,0.2273,0.4028,-1.2956,-28.5026,-27.2713,6.3,1.0,12.84,False
cpr_narrow_bullish,atr_trail_mae_conditional,22,0.2273,0.4028,-1.2956,-28.5026,-27.2713,6.3,1.0,12.84,False
cpr_narrow_bullish,trailing_5pct,22,0.2273,0.4039,-1.7868,-39.3097,-42.7123,15.1,0.9545,12.16,False
cpr_narrow_bullish,mfe_lockin_trail,22,0.2273,0.312,-1.4924,-32.8326,-29.9634,6.0,1.0,8.67,False
cpr_narrow_bullish,smart_money_reversal,22,0.1818,0.3343,-1.4486,-31.8683,-30.637,5.7,1.0,8.11,False
cpr_narrow_bullish,ma_exit_ema9,22,0.1364,0.3513,-2.0079,-44.1743,-40.5286,6.3,1.0,7.61,False
pivot_r1_breakout,r_multiple_2r,13,0.4615,1.0176,0.0526,0.6841,-29.1506,7.4,1.0,37.36,True
pivot_r1_breakout,earnings_blackout,13,0.6154,0.7727,-2.1751,-28.2765,-96.909,85.1,0.0,30.69,False
pivot_r1_breakout,trailing_5pct,13,0.4615,0.6385,-0.9914,-12.8888,-21.4181,17.2,1.0,26.25,False
pivot_r1_breakout,r_multiple_3r,13,0.3077,0.6688,-1.223,-15.8992,-27.2187,21.5,1.0,24.54,False
pivot_r1_breakout,time_stop_20d,13,0.5385,0.537,-2.5356,-32.9626,-62.0403,29.5,1.0,21.54,False
pivot_r1_breakout,regime_flip,13,0.5385,0.537,-2.5356,-32.9626,-62.0403,29.5,1.0,21.54,False
pivot_r1_breakout,next_pivot_target,13,0.3846,0.5101,-3.0996,-40.2949,-62.3535,29.1,1.0,17.33,False
pivot_r1_breakout,class_time_stop,13,0.5385,0.3951,-2.3768,-30.8986,-46.7839,10.6,1.0,15.49,False
pivot_r1_breakout,reverse_signal,13,0.3077,0.1921,-1.2003,-15.6045,-17.1273,1.8,1.0,13.91,False
pivot_r1_breakout,hybrid_50pct_target,13,0.3846,0.4049,-3.6621,-47.6077,-65.52,53.5,1.0,11.76,False
pivot_r1_breakout,ma_exit_ema9,13,0.4615,0.3218,-2.55,-33.1501,-40.4923,13.3,1.0,10.6,False
pivot_r1_breakout,smc_mitigation_zone,13,0.3846,0.2107,-2.0267,-26.3473,-32.9449,4.0,1.0,10.23,False
pivot_r1_breakout,multi_tier_partial,13,0.3846,0.2788,-2.1366,-27.776,-36.0103,4.7,1.0,10.06,False
pivot_r1_breakout,mfe_lockin_trail,13,0.3846,0.2591,-2.1951,-28.5367,-37.8912,4.5,1.0,9.98,False
pivot_r1_breakout,smart_money_reversal,13,0.3846,0.1875,-2.4072,-31.2936,-37.8912,4.7,1.0,9.66,False
pivot_r1_breakout,atr_trail_1x,13,0.3846,0.1875,-2.4072,-31.2936,-37.8912,4.7,1.0,9.66,False
pivot_r1_breakout,atr_trail_mae_conditional,13,0.3846,0.1875,-2.4072,-31.2936,-37.8912,4.7,1.0,9.66,False
pivot_r1_breakout,time_stop_10d,13,0.4615,0.3333,-4.1857,-54.4145,-76.1834,14.9,1.0,8.14,False
pivot_r1_breakout,atr_trail_2x,13,0.4615,0.146,-4.5411,-59.0343,-61.2422,15.7,1.0,7.61,False
pivot_r1_breakout,atr_trail_vix_conditional,13,0.3077,0.0975,-3.4259,-44.5367,-47.716,7.3,1.0,6.98,False
pivot_r1_breakout,break_even_at_1r,13,0.1538,0.112,-2.6624,-34.6113,-34.6113,20.4,1.0,5.81,False
pivot_r1_breakout,breakeven_plus_trail,13,0.2308,0.2623,-4.025,-52.3244,-60.0572,35.8,1.0,4.92,False
pivot_r1_breakout,fixed_4r_2r,13,0.2308,0.3376,-4.9183,-63.9381,-63.7656,56.4,1.0,3.85,False
pivot_r1_breakout,trailing_10pct,13,0.2308,0.0872,-5.1316,-66.7108,-67.4485,42.2,1.0,3.46,False
pivot_r1_breakout,chandelier_3x,13,0.1538,0.1458,-5.5421,-72.0475,-71.9181,23.8,1.0,2.31,False
pivot_r1_breakout,trailing_15pct,13,0.1538,0.0697,-7.7405,-100.6263,-97.3667,86.8,1.0,2.31,False
break_retest_volume,earnings_blackout,35,0.3429,1.4077,2.7228,95.299,-68.7896,79.4,0.0,46.23,False
break_retest_volume,breakeven_plus_trail,35,0.2286,1.4143,1.4441,50.5429,-49.1471,34.5,0.9429,42.69,True
break_retest_volume,next_pivot_target,35,0.7714,0.8088,-0.3533,-12.3639,-49.4407,11.7,0.9714,36.7,False
break_retest_volume,trailing_10pct,35,0.2571,1.0501,0.2404,8.4136,-59.5832,52.9,0.9429,35.22,False
break_retest_volume,class_time_stop,35,0.3714,0.7077,-1.5403,-53.9115,-54.6875,34.7,1.0,26.18,False
break_retest_volume,break_even_at_1r,35,0.0857,0.7672,-0.4302,-15.0561,-40.3584,16.3,1.0,25.21,False
break_retest_volume,hybrid_50pct_target,35,0.3429,0.6866,-1.9134,-66.9702,-90.4093,63.3,0.9429,24.57,False
break_retest_volume,trailing_15pct,35,0.2286,0.7134,-2.205,-77.1741,-123.1835,115.7,0.8857,23.21,False
break_retest_volume,multi_tier_partial,35,0.4857,0.5124,-0.7792,-27.2727,-28.9592,6.0,1.0,22.42,False
break_retest_volume,ma_exit_ema9,35,0.3143,0.5616,-0.7296,-25.5345,-25.7734,8.7,1.0,21.8,False
break_retest_volume,r_multiple_2r,35,0.2286,0.5293,-1.3166,-46.0817,-49.8494,8.9,0.9714,18.42,False
break_retest_volume,time_stop_20d,35,0.3429,0.5047,-2.6099,-91.3482,-87.2441,28.1,1.0,17.22,False
break_retest_volume,regime_flip,35,0.3429,0.5047,-2.6099,-91.3482,-87.2441,28.1,1.0,17.22,False
break_retest_volume,r_multiple_3r,35,0.1429,0.4957,-1.5549,-54.4214,-59.0049,10.6,0.9714,15.44,False
break_retest_volume,time_stop_10d,35,0.4,0.4186,-2.5614,-89.6507,-81.8102,14.2,1.0,14.32,False
break_retest_volume,mfe_lockin_trail,35,0.2571,0.3841,-1.2009,-42.0326,-41.7731,5.9,1.0,12.46,False
break_retest_volume,smc_mitigation_zone,35,0.3714,0.3415,-0.9209,-32.2301,-33.5621,2.9,1.0,12.19,False
break_retest_volume,chandelier_3x,35,0.2,0.3806,-2.4525,-85.8376,-90.189,17.6,0.9714,9.54,False
break_retest_volume,smart_money_reversal,35,0.2571,0.303,-1.3064,-45.7233,-43.7922,6.1,1.0,9.4,False
break_retest_volume,atr_trail_1x,35,0.2571,0.2913,-1.3819,-48.3654,-46.4343,6.7,1.0,9.28,False
break_retest_volume,reverse_signal,35,0.2571,0.2913,-1.3819,-48.3654,-46.4343,6.7,1.0,9.28,False
break_retest_volume,atr_trail_mae_conditional,35,0.2571,0.2913,-1.3819,-48.3654,-46.4343,6.7,1.0,9.28,False
break_retest_volume,fixed_4r_2r,35,0.1714,0.4143,-3.5631,-124.7079,-131.0774,21.4,0.9429,9.18,False
break_retest_volume,atr_trail_vix_conditional,35,0.2286,0.2894,-1.7232,-60.3135,-57.6182,7.6,1.0,8.34,False
break_retest_volume,trailing_5pct,35,0.2,0.3206,-1.921,-67.2357,-60.6009,17.5,0.9429,7.62,False
break_retest_volume,atr_trail_2x,35,0.2,0.186,-3.1618,-110.6617,-103.9616,15.4,0.9429,5.76,False
institutional_recent_init_volume_long,regime_flip,23,0.6522,5.4553,11.8228,271.9236,-39.8147,28.3,1.0,69.78,True
institutional_recent_init_volume_long,time_stop_20d,23,0.6522,5.4553,11.8228,271.9236,-39.8147,28.3,1.0,69.78,False
institutional_recent_init_volume_long,earnings_blackout,23,0.5217,3.7066,14.8843,342.3398,-97.04,77.1,0.0,67.83,False
institutional_recent_init_volume_long,class_time_stop,23,0.4783,2.8932,11.2447,258.6286,-111.889,41.3,1.0,66.43,False
institutional_recent_init_volume_long,chandelier_3x,23,0.3913,4.7969,11.7634,270.5581,-34.3541,21.5,0.913,65.87,False
institutional_recent_init_volume_long,breakeven_plus_trail,23,0.3913,5.6552,13.8389,318.2944,-39.0444,37.7,0.913,65.87,False
institutional_recent_init_volume_long,ma_exit_ema9,23,0.3478,5.2909,11.5349,265.302,-29.3485,15.7,0.913,65.22,False
institutional_recent_init_volume_long,atr_trail_2x,23,0.3478,2.9778,6.6588,153.1524,-46.5039,16.3,0.913,65.06,False
institutional_recent_init_volume_long,trailing_10pct,23,0.5217,2.4592,6.7773,155.8769,-66.6936,74.4,0.913,63.75,False
institutional_recent_init_volume_long,r_multiple_3r,23,0.3478,2.8296,3.5815,82.3741,-22.0623,9.4,1.0,61.89,False
institutional_recent_init_volume_long,hybrid_50pct_target,23,0.5652,2.1933,4.8727,112.0724,-54.2579,72.3,0.913,61.87,False
institutional_recent_init_volume_long,atr_trail_vix_conditional,23,0.2609,2.5979,3.9558,90.9831,-38.2159,7.5,0.9565,59.4,False
institutional_recent_init_volume_long,time_stop_10d,23,0.5217,2.1063,3.876,89.1477,-52.3812,14.1,1.0,58.9,False
institutional_recent_init_volume_long,trailing_15pct,23,0.4348,2.0091,6.4828,149.1048,-105.5748,103.4,0.8696,58.31,False
institutional_recent_init_volume_long,r_multiple_2r,23,0.3913,2.1885,2.2432,51.5928,-17.9226,6.4,1.0,57.87,False
institutional_recent_init_volume_long,fixed_4r_2r,23,0.3478,1.9757,3.6543,84.0482,-44.4228,16.4,1.0,54.64,False
institutional_recent_init_volume_long,break_even_at_1r,23,0.2609,2.1374,2.0171,46.3923,-24.36,12.5,0.9565,52.5,False
institutional_recent_init_volume_long,next_pivot_target,23,0.6522,0.9729,-0.0657,-1.5104,-27.9943,9.7,0.9565,39.12,False
institutional_recent_init_volume_long,multi_tier_partial,23,0.3478,1.0469,0.0866,1.9915,-21.3565,5.3,1.0,36.29,False
institutional_recent_init_volume_long,smc_mitigation_zone,23,0.2174,1.0693,0.1033,2.3761,-19.3345,3.4,1.0,35.62,False
institutional_recent_init_volume_long,reverse_signal,23,0.2609,0.9775,-0.0422,-0.9701,-23.0971,5.3,1.0,33.38,False
institutional_recent_init_volume_long,atr_trail_mae_conditional,23,0.2609,0.9775,-0.0422,-0.9701,-23.0971,5.3,1.0,33.38,False
institutional_recent_init_volume_long,atr_trail_1x,23,0.2609,0.9775,-0.0422,-0.9701,-23.0971,5.3,1.0,33.38,False
institutional_recent_init_volume_long,mfe_lockin_trail,23,0.2609,0.9284,-0.1343,-3.0884,-24.5399,4.8,1.0,32.19,False
institutional_recent_init_volume_long,smart_money_reversal,23,0.2174,0.8998,-0.1885,-4.3358,-26.4628,4.7,1.0,30.82,False
institutional_recent_init_volume_long,trailing_5pct,23,0.2174,0.7885,-0.6358,-14.6233,-37.3624,19.3,1.0,27.44,False
prev_day_low_breakdown,hybrid_50pct_target,9,0.7778,3.0992,4.6649,41.9839,-10.0,88.7,1.0,83.66,True
prev_day_low_breakdown,next_pivot_target,9,0.7778,2.3438,1.8174,16.3565,-9.9265,20.0,1.0,74.43,False
prev_day_low_breakdown,time_stop_20d,9,0.7778,2.1224,3.5322,31.7896,-28.3235,29.1,1.0,62.38,False
prev_day_low_breakdown,regime_flip,9,0.7778,2.1224,3.5322,31.7896,-28.3235,29.1,1.0,62.38,False
prev_day_low_breakdown,trailing_10pct,9,0.5556,1.4362,0.8525,7.6726,-10.0,66.4,1.0,59.53,False
prev_day_low_breakdown,breakeven_plus_trail,9,0.4444,2.1115,2.8,25.1999,-18.7611,37.8,1.0,57.72,False
prev_day_low_breakdown,class_time_stop,9,0.7778,1.725,2.6995,24.2954,-29.0779,36.2,1.0,56.88,False
prev_day_low_breakdown,earnings_blackout,9,0.6667,1.5988,3.0693,27.6234,-29.2413,86.0,0.0,54.21,False
prev_day_low_breakdown,trailing_15pct,9,0.5556,1.3711,1.0991,9.8919,-18.5377,140.1,1.0,48.27,False
prev_day_low_breakdown,time_stop_10d,9,0.7778,0.93,-0.1504,-1.3539,-14.9283,14.8,1.0,46.29,False
prev_day_low_breakdown,chandelier_3x,9,0.3333,0.8426,-0.4145,-3.7309,-14.9016,23.0,1.0,37.24,False
prev_day_low_breakdown,trailing_5pct,9,0.3333,0.8379,-0.4469,-4.022,-19.8119,31.3,1.0,30.94,False
prev_day_low_breakdown,atr_trail_2x,9,0.4444,0.7717,-0.8699,-7.8288,-20.1505,20.7,1.0,30.05,False
prev_day_low_breakdown,fixed_4r_2r,9,0.3333,0.6561,-1.9264,-17.3376,-16.8241,63.1,1.0,27.45,False
prev_day_low_breakdown,r_multiple_2r,9,0.3333,0.6771,-0.9323,-8.3904,-19.3096,8.1,1.0,26.48,False
prev_day_low_breakdown,ma_exit_ema9,9,0.4444,0.2412,-2.0959,-18.8635,-20.7554,10.9,1.0,11.02,False
prev_day_low_breakdown,smc_mitigation_zone,9,0.3333,0.1442,-2.2564,-20.3076,-22.7105,3.6,1.0,9.11,False
prev_day_low_breakdown,break_even_at_1r,9,0.1111,0.1788,-1.9953,-17.9575,-17.9575,22.0,1.0,8.73,False
prev_day_low_breakdown,mfe_lockin_trail,9,0.2222,0.2432,-2.0461,-18.415,-23.5748,3.9,1.0,7.76,False
prev_day_low_breakdown,multi_tier_partial,9,0.2222,0.1799,-2.2172,-19.9552,-23.377,4.1,1.0,7.51,False
prev_day_low_breakdown,reverse_signal,9,0.2222,0.1299,-2.3524,-21.1719,-23.5748,4.1,1.0,7.3,False
prev_day_low_breakdown,smart_money_reversal,9,0.2222,0.1299,-2.3524,-21.1719,-23.5748,4.1,1.0,7.3,False
prev_day_low_breakdown,atr_trail_1x,9,0.2222,0.1299,-2.3524,-21.1719,-23.5748,4.1,1.0,7.3,False
prev_day_low_breakdown,atr_trail_mae_conditional,9,0.2222,0.1299,-2.3524,-21.1719,-23.5748,4.1,1.0,7.3,False
prev_day_low_breakdown,atr_trail_vix_conditional,9,0.1111,0.0405,-2.8974,-26.077,-25.715,7.8,1.0,4.82,False
prev_day_low_breakdown,r_multiple_3r,9,0.1111,0.1767,-2.9998,-26.998,-21.5384,14.3,1.0,4.67,False
institutional_persistence_momentum_long,regime_flip,40,0.55,2.7533,4.8097,192.3863,-46.9893,27.9,1.0,66.21,True
institutional_persistence_momentum_long,time_stop_20d,40,0.55,2.7533,4.8097,192.3863,-46.9893,27.9,1.0,66.21,False
institutional_persistence_momentum_long,chandelier_3x,40,0.35,3.4018,8.4513,338.0534,-33.4423,27.5,1.0,65.25,False
institutional_persistence_momentum_long,breakeven_plus_trail,40,0.325,3.6374,7.4669,298.6752,-45.0207,43.8,0.95,64.88,False
institutional_persistence_momentum_long,earnings_blackout,40,0.55,2.2898,7.1909,287.6352,-77.8664,80.9,0.0,62.72,False
institutional_persistence_momentum_long,trailing_15pct,40,0.35,2.3791,9.259,370.3595,-89.6896,120.8,0.925,60.5,False
institutional_persistence_momentum_long,ma_exit_ema9,40,0.35,2.2926,3.3767,135.0674,-29.5972,14.2,1.0,57.31,False
institutional_persistence_momentum_long,trailing_10pct,40,0.4,1.814,3.7841,151.3645,-95.3702,61.5,0.95,53.87,False
institutional_persistence_momentum_long,break_even_at_1r,40,0.2,1.8533,1.7994,71.9747,-56.4405,15.6,0.975,48.33,False
institutional_persistence_momentum_long,class_time_stop,40,0.45,1.3945,2.1864,87.4574,-98.582,41.7,1.0,46.84,False
institutional_persistence_momentum_long,hybrid_50pct_target,40,0.5,1.3607,1.7485,69.9384,-68.1037,71.7,0.95,46.43,False
institutional_persistence_momentum_long,time_stop_10d,40,0.5,1.1521,0.5322,21.2873,-55.5947,14.0,1.0,41.2,False
institutional_persistence_momentum_long,trailing_5pct,40,0.275,1.2898,0.9171,36.6828,-43.7546,22.7,1.0,40.71,False
institutional_persistence_momentum_long,next_pivot_target,40,0.675,0.9525,-0.1192,-4.7672,-44.3385,9.7,0.975,38.95,False
institutional_persistence_momentum_long,atr_trail_2x,40,0.35,1.1046,0.3474,13.897,-51.8665,16.7,0.975,37.81,False
institutional_persistence_momentum_long,r_multiple_2r,40,0.35,1.0634,0.1464,5.8551,-24.2172,6.8,0.975,36.73,False
institutional_persistence_momentum_long,r_multiple_3r,40,0.275,1.0939,0.2394,9.5749,-31.0562,9.6,0.975,36.32,False
institutional_persistence_momentum_long,fixed_4r_2r,40,0.325,1.0164,0.075,3.0003,-69.5527,19.8,0.975,35.32,False
institutional_persistence_momentum_long,atr_trail_vix_conditional,40,0.25,0.6199,-0.921,-36.838,-51.2695,6.5,0.975,22.57,False
institutional_persistence_momentum_long,multi_tier_partial,40,0.375,0.5267,-0.9974,-39.8972,-48.8518,5.1,1.0,21.0,False
institutional_persistence_momentum_long,smc_mitigation_zone,40,0.35,0.5161,-0.6906,-27.622,-31.878,3.0,1.0,20.67,False
institutional_persistence_momentum_long,atr_trail_mae_conditional,40,0.275,0.4189,-1.2469,-49.8745,-54.0568,5.2,0.975,14.43,False
institutional_persistence_momentum_long,reverse_signal,40,0.275,0.4189,-1.2469,-49.8745,-54.0568,5.2,0.975,14.43,False
institutional_persistence_momentum_long,atr_trail_1x,40,0.275,0.4189,-1.2469,-49.8745,-54.0568,5.2,0.975,14.43,False
institutional_persistence_momentum_long,mfe_lockin_trail,40,0.275,0.381,-1.3282,-53.1297,-55.4259,4.8,0.975,12.37,False
institutional_persistence_momentum_long,smart_money_reversal,40,0.25,0.3715,-1.3511,-54.0453,-58.2276,4.8,1.0,11.44,False
inverted_cup_and_handle_short,time_stop_10d,5,0.6,4.2202,3.3956,16.9782,-5.2724,14.8,1.0,85.0,True
inverted_cup_and_handle_short,atr_trail_2x,5,0.6,1.7388,0.9109,4.5543,-6.1644,19.8,1.0,68.99,False
inverted_cup_and_handle_short,ma_exit_ema9,5,0.4,1.688,0.7177,3.5887,-5.2159,6.6,1.0,66.28,False
inverted_cup_and_handle_short,next_pivot_target,5,0.8,1.4491,0.9929,4.9644,-11.0533,8.2,1.0,62.27,False
inverted_cup_and_handle_short,breakeven_plus_trail,5,0.4,1.3461,0.3297,1.6485,-4.7629,22.6,1.0,61.63,False
inverted_cup_and_handle_short,fixed_4r_2r,5,0.4,1.5853,1.9846,9.9229,-16.9544,22.4,1.0,52.22,False
inverted_cup_and_handle_short,chandelier_3x,5,0.4,0.7908,-0.4388,-2.1941,-10.49,23.2,1.0,42.42,False
inverted_cup_and_handle_short,regime_flip,5,0.6,0.9115,-0.3415,-1.7074,-19.284,29.8,1.0,37.48,False
inverted_cup_and_handle_short,time_stop_20d,5,0.6,0.9115,-0.3415,-1.7074,-19.284,29.8,1.0,37.48,False
inverted_cup_and_handle_short,r_multiple_3r,5,0.2,0.7502,-0.7147,-3.5734,-14.3029,6.8,1.0,33.16,False
inverted_cup_and_handle_short,r_multiple_2r,5,0.2,0.5806,-1.1996,-5.9982,-14.3029,6.8,1.0,27.19,False
inverted_cup_and_handle_short,multi_tier_partial,5,0.4,0.3159,-1.2716,-6.358,-9.2935,3.6,1.0,24.98,False
inverted_cup_and_handle_short,break_even_at_1r,5,0.2,0.319,-1.2658,-6.3292,-9.2935,7.8,1.0,21.98,False
inverted_cup_and_handle_short,atr_trail_1x,5,0.2,0.1333,-1.8375,-9.1875,-10.6007,3.8,1.0,19.49,False
inverted_cup_and_handle_short,mfe_lockin_trail,5,0.2,0.1333,-1.8375,-9.1875,-10.6007,3.8,1.0,19.49,False
inverted_cup_and_handle_short,atr_trail_mae_conditional,5,0.2,0.1333,-1.8375,-9.1875,-10.6007,3.8,1.0,19.49,False
inverted_cup_and_handle_short,reverse_signal,5,0.2,0.1333,-1.8375,-9.1875,-10.6007,3.8,1.0,19.49,False
inverted_cup_and_handle_short,smart_money_reversal,5,0.2,0.1333,-1.8375,-9.1875,-10.6007,3.8,1.0,19.49,False
inverted_cup_and_handle_short,atr_trail_vix_conditional,5,0.2,0.0305,-2.0641,-10.3207,-10.6455,5.8,1.0,19.1,False
inverted_cup_and_handle_short,hybrid_50pct_target,5,0.4,0.5204,-2.4482,-12.2412,-25.5259,39.6,0.8,18.95,False
inverted_cup_and_handle_short,trailing_5pct,5,0.2,0.0969,-2.2449,-11.2244,-12.4289,10.8,1.0,16.6,False
inverted_cup_and_handle_short,smc_mitigation_zone,5,0.0,0.0,-2.323,-11.6152,-10.6007,2.8,1.0,15.76,False
inverted_cup_and_handle_short,trailing_10pct,5,0.4,0.2636,-3.5818,-17.9088,-24.3202,30.6,1.0,8.13,False
inverted_cup_and_handle_short,trailing_15pct,5,0.2,0.1249,-5.3261,-26.6303,-30.4327,49.8,0.8,3.0,False
inverted_cup_and_handle_short,class_time_stop,5,0.2,0.1772,-5.8708,-29.3542,-35.6743,61.8,1.0,3.0,False
inverted_cup_and_handle_short,earnings_blackout,5,0.0,0.0,-8.1839,-40.9196,-38.1517,79.2,0.0,0.0,False
prev_day_high_break,regime_flip,22,0.8636,23.2732,14.1536,311.3797,-8.7233,29.0,1.0,87.05,True
prev_day_high_break,time_stop_20d,22,0.8636,23.2732,14.1536,311.3797,-8.7233,29.0,1.0,87.05,False
prev_day_high_break,time_stop_10d,22,0.7273,4.5239,4.5875,100.9244,-12.8673,14.6,1.0,79.21,False
prev_day_high_break,breakeven_plus_trail,22,0.5,9.37,17.1102,376.4243,-14.7921,77.5,0.8636,74.01,False
prev_day_high_break,earnings_blackout,22,0.7727,7.0289,19.9392,438.6632,-46.1599,80.9,0.0,71.59,False
prev_day_high_break,hybrid_50pct_target,22,0.6818,3.2501,7.1595,157.5084,-20.6914,109.6,0.9091,70.23,False
prev_day_high_break,trailing_10pct,22,0.5455,3.423,7.759,170.6971,-30.8422,91.6,0.9091,68.18,False
prev_day_high_break,atr_trail_2x,22,0.5455,2.8269,5.2785,116.1264,-24.9689,30.8,0.9545,66.97,False
prev_day_high_break,ma_exit_ema9,22,0.4091,3.6325,6.6332,145.9311,-27.9926,13.5,0.9545,66.14,False
prev_day_high_break,chandelier_3x,22,0.2727,3.0693,6.3646,140.022,-39.07,18.3,0.9545,64.09,False
prev_day_high_break,trailing_15pct,22,0.5455,2.3856,6.5106,143.2333,-59.6843,137.8,0.8636,63.49,False
prev_day_high_break,fixed_4r_2r,22,0.5,2.3325,5.2168,114.7695,-19.5631,56.0,1.0,62.89,False
prev_day_high_break,next_pivot_target,22,0.7727,1.9218,1.6732,36.8094,-21.3783,10.9,1.0,57.48,False
prev_day_high_break,class_time_stop,22,0.4545,1.4775,1.2724,27.9933,-29.986,10.5,1.0,46.72,False
prev_day_high_break,trailing_5pct,22,0.3182,1.3851,1.1208,24.6581,-29.8119,26.4,1.0,43.13,False
prev_day_high_break,atr_trail_vix_conditional,22,0.2273,1.4439,1.3469,29.6314,-51.3642,11.6,0.9545,42.95,False
prev_day_high_break,break_even_at_1r,22,0.1818,1.4655,1.2066,26.5452,-51.9721,16.0,0.9545,42.36,False
prev_day_high_break,r_multiple_2r,22,0.3636,1.1854,0.5152,11.3341,-33.2336,8.1,1.0,39.71,False
prev_day_high_break,r_multiple_3r,22,0.2273,1.0472,0.1521,3.3463,-38.3697,13.1,1.0,34.58,False
prev_day_high_break,smc_mitigation_zone,22,0.3636,0.5918,-0.9319,-20.5012,-46.1897,2.9,1.0,23.31,False
prev_day_high_break,mfe_lockin_trail,22,0.1818,0.4546,-1.6563,-36.4377,-64.9118,4.0,1.0,14.1,False
prev_day_high_break,multi_tier_partial,22,0.1818,0.4173,-1.7694,-38.9257,-58.3249,4.1,1.0,12.17,False
prev_day_high_break,atr_trail_mae_conditional,22,0.1818,0.4129,-1.7829,-39.2233,-64.9118,4.1,1.0,11.94,False
prev_day_high_break,reverse_signal,22,0.1818,0.4129,-1.7829,-39.2233,-64.9118,4.1,1.0,11.94,False
prev_day_high_break,smart_money_reversal,22,0.1818,0.4129,-1.7829,-39.2233,-64.9118,4.1,1.0,11.94,False
prev_day_high_break,atr_trail_1x,22,0.1818,0.4129,-1.7829,-39.2233,-64.9118,4.1,1.0,11.94,False
donchian_breakdown_short,r_multiple_2r,16,0.375,0.6558,-0.9744,-15.5906,-26.5098,7.0,1.0,25.52,True
donchian_breakdown_short,next_pivot_target,16,0.6875,0.5535,-2.1261,-34.0176,-61.014,21.4,1.0,25.01,False
donchian_breakdown_short,hybrid_50pct_target,16,0.5,0.6153,-1.9235,-30.7763,-59.3909,52.2,1.0,24.67,False
donchian_breakdown_short,r_multiple_3r,16,0.25,0.4412,-1.8338,-29.3409,-28.1377,15.9,1.0,14.24,False
donchian_breakdown_short,trailing_10pct,16,0.3125,0.3598,-3.147,-50.3522,-61.9886,47.1,1.0,9.03,False
donchian_breakdown_short,ma_exit_ema9,16,0.375,0.1551,-2.7987,-44.7793,-46.4026,11.1,1.0,8.93,False
donchian_breakdown_short,smc_mitigation_zone,16,0.3125,0.0803,-2.2859,-36.5742,-38.9771,3.6,1.0,8.76,False
donchian_breakdown_short,time_stop_10d,16,0.4375,0.2855,-3.5416,-56.6655,-67.1936,15.3,1.0,8.75,False
donchian_breakdown_short,trailing_5pct,16,0.25,0.3185,-1.928,-30.8475,-34.177,17.7,1.0,8.36,False
donchian_breakdown_short,multi_tier_partial,16,0.25,0.1699,-2.2602,-36.1632,-39.585,4.2,1.0,7.86,False
donchian_breakdown_short,mfe_lockin_trail,16,0.25,0.1471,-2.3222,-37.1558,-42.3156,4.1,1.0,7.77,False
donchian_breakdown_short,regime_flip,16,0.375,0.3633,-4.859,-77.7435,-114.087,29.9,1.0,7.6,False
donchian_breakdown_short,time_stop_20d,16,0.375,0.3633,-4.859,-77.7435,-114.087,29.9,1.0,7.6,False
donchian_breakdown_short,atr_trail_1x,16,0.25,0.0838,-2.4945,-39.9127,-42.3156,4.2,1.0,7.51,False
donchian_breakdown_short,smart_money_reversal,16,0.25,0.0838,-2.4945,-39.9127,-42.3156,4.2,1.0,7.51,False
donchian_breakdown_short,reverse_signal,16,0.25,0.0838,-2.4945,-39.9127,-42.3156,4.2,1.0,7.51,False
donchian_breakdown_short,atr_trail_mae_conditional,16,0.25,0.0838,-2.4945,-39.9127,-42.3156,4.2,1.0,7.51,False
donchian_breakdown_short,earnings_blackout,16,0.4375,0.2832,-7.2264,-115.6221,-131.6434,87.3,0.0,6.56,False
donchian_breakdown_short,class_time_stop,16,0.375,0.2489,-5.8627,-93.8032,-105.5641,37.2,1.0,5.62,False
donchian_breakdown_short,breakeven_plus_trail,16,0.1875,0.2395,-3.5651,-57.0412,-71.0977,23.6,1.0,4.96,False
donchian_breakdown_short,atr_trail_2x,16,0.3125,0.0475,-4.9428,-79.0849,-79.6705,14.9,1.0,4.77,False
donchian_breakdown_short,atr_trail_vix_conditional,16,0.1875,0.0346,-3.7552,-60.0827,-59.7207,6.8,1.0,4.68,False
donchian_breakdown_short,chandelier_3x,16,0.1875,0.2749,-3.7577,-60.1236,-71.0317,21.9,1.0,4.68,False
donchian_breakdown_short,break_even_at_1r,16,0.0625,0.0863,-2.587,-41.3913,-41.3913,14.9,1.0,4.56,False
donchian_breakdown_short,trailing_15pct,16,0.1875,0.1356,-7.8986,-126.3773,-131.9818,82.2,1.0,2.81,False
donchian_breakdown_short,fixed_4r_2r,16,0.1875,0.1584,-6.6934,-107.0943,-96.1751,45.3,1.0,2.81,False
morning_star,breakeven_plus_trail,45,0.2444,1.2612,0.5592,25.1631,-65.2503,45.2,0.9778,39.26,True
morning_star,break_even_at_1r,45,0.1556,1.2993,0.4967,22.3499,-36.8301,12.1,1.0,38.44,False
morning_star,hybrid_50pct_target,45,0.5111,0.8548,-0.651,-29.2964,-116.4307,82.1,0.9556,33.48,False
morning_star,trailing_5pct,45,0.3778,0.9109,-0.1983,-8.9216,-55.2378,27.3,0.9556,33.46,False
morning_star,time_stop_20d,45,0.5111,0.8455,-0.6432,-28.9445,-129.6894,28.8,1.0,33.26,False
morning_star,regime_flip,45,0.5111,0.8455,-0.6432,-28.9445,-129.6894,28.8,1.0,33.26,False
morning_star,atr_trail_2x,45,0.2889,0.9239,-0.2291,-10.3085,-74.8594,16.7,1.0,32.37,False
morning_star,r_multiple_2r,45,0.3111,0.8476,-0.3152,-14.1826,-31.9801,5.8,1.0,30.81,False
morning_star,next_pivot_target,45,0.7333,0.6269,-0.8674,-39.0346,-84.8417,11.9,1.0,30.13,False
morning_star,trailing_10pct,45,0.3111,0.8314,-0.7298,-32.8423,-114.1809,78.3,0.9556,29.79,False
morning_star,r_multiple_3r,45,0.2444,0.8488,-0.3462,-15.579,-52.9413,7.6,1.0,29.79,False
morning_star,class_time_stop,45,0.4222,0.7454,-0.6186,-27.8352,-58.8442,9.7,1.0,29.39,False
morning_star,fixed_4r_2r,45,0.2667,0.8062,-0.7784,-35.0298,-83.3302,21.0,0.9778,28.42,False
morning_star,time_stop_10d,45,0.4222,0.709,-0.9053,-40.7393,-100.8626,14.4,1.0,27.93,False
morning_star,trailing_15pct,45,0.2,0.7976,-1.3989,-62.9497,-176.6501,115.7,0.9333,26.27,False
morning_star,multi_tier_partial,45,0.3556,0.514,-0.8236,-37.064,-43.2863,5.2,1.0,20.47,False
morning_star,chandelier_3x,45,0.0,0.0,-0.3327,-14.9735,-14.752,1.4,1.0,13.56,False
morning_star,earnings_blackout,45,0.3778,0.4815,-6.3599,-286.1969,-493.8045,84.3,0.0,13.2,False
morning_star,mfe_lockin_trail,45,0.2444,0.3467,-1.1685,-52.5832,-52.3993,4.8,1.0,10.22,False
morning_star,smc_mitigation_zone,45,0.2667,0.3101,-0.8593,-38.6706,-38.2518,1.9,1.0,10.21,False
morning_star,reverse_signal,45,0.2444,0.3143,-1.2265,-55.1931,-53.6659,5.2,1.0,9.33,False
morning_star,smart_money_reversal,45,0.2444,0.3143,-1.2265,-55.1931,-53.6659,5.2,1.0,9.33,False
morning_star,atr_trail_1x,45,0.2444,0.3143,-1.2265,-55.1931,-53.6659,5.2,1.0,9.33,False
morning_star,atr_trail_mae_conditional,45,0.2444,0.3143,-1.2265,-55.1931,-53.6659,5.2,1.0,9.33,False
morning_star,ma_exit_ema9,45,0.2222,0.1042,-1.2987,-58.4401,-57.2233,2.1,1.0,8.88,False
morning_star,atr_trail_vix_conditional,45,0.2,0.2588,-1.4996,-67.484,-63.8726,5.4,1.0,8.25,False
institutional_volume_confirmation_long,regime_flip,34,0.5882,4.0739,8.5644,291.188,-42.3537,28.6,1.0,68.82,True
institutional_volume_confirmation_long,time_stop_20d,34,0.5882,4.0739,8.5644,291.188,-42.3537,28.6,1.0,68.82,False
institutional_volume_confirmation_long,earnings_blackout,34,0.5882,3.2987,12.1811,414.1563,-79.2606,80.4,0.0,68.82,False
institutional_volume_confirmation_long,breakeven_plus_trail,34,0.3529,4.795,9.6986,329.7541,-32.3344,36.3,0.9412,65.29,False
institutional_volume_confirmation_long,chandelier_3x,34,0.3529,4.8446,11.9544,406.4481,-25.5386,26.9,0.9412,65.29,False
institutional_volume_confirmation_long,ma_exit_ema9,34,0.3235,4.1466,8.0807,274.7442,-34.1428,13.9,0.9412,64.85,False
institutional_volume_confirmation_long,class_time_stop,34,0.4706,2.5364,8.2576,280.7592,-106.1105,42.0,1.0,63.62,False
institutional_volume_confirmation_long,trailing_15pct,34,0.4118,2.3012,7.6082,258.6796,-82.3167,120.5,0.9118,60.75,False
institutional_volume_confirmation_long,trailing_10pct,34,0.5,2.1778,4.7911,162.8964,-60.3121,69.4,0.9412,60.63,False
institutional_volume_confirmation_long,atr_trail_2x,34,0.3529,2.4297,4.5229,153.7792,-50.5598,16.0,0.9412,60.26,False
institutional_volume_confirmation_long,hybrid_50pct_target,34,0.5588,1.763,3.2297,109.8108,-46.5752,69.1,0.9412,54.84,False
institutional_volume_confirmation_long,time_stop_10d,34,0.5,1.9003,2.7701,94.1828,-56.4068,14.2,1.0,54.8,False
institutional_volume_confirmation_long,atr_trail_vix_conditional,34,0.2353,1.983,2.2311,75.8582,-49.6438,5.9,0.9706,50.9,False
institutional_volume_confirmation_long,fixed_4r_2r,34,0.3529,1.6229,2.5421,86.4298,-43.9175,19.4,1.0,49.02,False
institutional_volume_confirmation_long,r_multiple_2r,34,0.3529,1.6036,1.3124,44.6223,-25.1921,6.1,1.0,46.93,False
institutional_volume_confirmation_long,r_multiple_3r,34,0.2647,1.6656,1.6336,55.5441,-24.699,9.4,1.0,46.87,False
institutional_volume_confirmation_long,next_pivot_target,34,0.6471,1.2124,0.5436,18.4824,-27.2095,12.8,0.9706,44.47,False
institutional_volume_confirmation_long,break_even_at_1r,34,0.2059,1.3726,0.7475,25.4145,-37.0437,11.2,0.9706,40.7,False
institutional_volume_confirmation_long,smc_mitigation_zone,34,0.2941,0.8673,-0.1983,-6.7405,-28.4511,2.9,1.0,31.2,False
institutional_volume_confirmation_long,trailing_5pct,34,0.2353,0.7799,-0.6654,-22.6237,-35.0339,18.4,1.0,27.44,False
institutional_volume_confirmation_long,multi_tier_partial,34,0.3235,0.7185,-0.5789,-19.6833,-37.6216,4.6,1.0,27.21,False
institutional_volume_confirmation_long,atr_trail_mae_conditional,34,0.2353,0.6436,-0.7444,-25.3112,-43.7412,4.6,1.0,23.39,False
institutional_volume_confirmation_long,reverse_signal,34,0.2353,0.6436,-0.7444,-25.3112,-43.7412,4.6,1.0,23.39,False
institutional_volume_confirmation_long,atr_trail_1x,34,0.2353,0.6436,-0.7444,-25.3112,-43.7412,4.6,1.0,23.39,False
institutional_volume_confirmation_long,mfe_lockin_trail,34,0.2353,0.6138,-0.8068,-27.4295,-45.184,4.3,1.0,22.32,False
institutional_volume_confirmation_long,smart_money_reversal,34,0.2059,0.5971,-0.8434,-28.6769,-47.1069,4.2,1.0,21.26,False
ultimate_oscillator,ma_exit_ema9,10,0.4,0.5919,-0.4173,-4.1731,-5.7597,1.5,1.0,42.43,True
ultimate_oscillator,earnings_blackout,10,0.5,0.915,-0.6965,-6.9646,-60.3884,84.8,0.0,34.64,False
ultimate_oscillator,chandelier_3x,10,0.0,0.0,-0.3799,-3.7993,-2.4923,1.5,1.0,28.81,False
ultimate_oscillator,fixed_4r_2r,10,0.3,0.6223,-1.9254,-19.2543,-24.8646,33.5,0.9,21.9,False
ultimate_oscillator,smc_mitigation_zone,10,0.3,0.3041,-1.2292,-12.2922,-11.1032,2.5,1.0,21.28,False
ultimate_oscillator,next_pivot_target,10,0.6,0.3727,-2.4896,-24.8957,-19.4584,8.4,1.0,15.73,False
ultimate_oscillator,trailing_5pct,10,0.4,0.2856,-2.2254,-22.2539,-17.2539,24.9,1.0,13.59,False
ultimate_oscillator,hybrid_50pct_target,10,0.4,0.3608,-3.2244,-32.2438,-24.7726,40.6,0.9,10.29,False
ultimate_oscillator,class_time_stop,10,0.5,0.36,-5.3611,-53.6114,-64.6248,36.4,1.0,9.08,False
ultimate_oscillator,regime_flip,10,0.5,0.3528,-4.7989,-47.9894,-45.0024,29.2,1.0,8.96,False
ultimate_oscillator,time_stop_20d,10,0.5,0.3528,-4.7989,-47.9894,-45.0024,29.2,1.0,8.96,False
ultimate_oscillator,multi_tier_partial,10,0.2,0.1731,-2.8312,-28.3117,-23.1412,5.1,1.0,6.25,False
ultimate_oscillator,mfe_lockin_trail,10,0.2,0.13,-2.9785,-29.7852,-24.6147,5.1,1.0,6.03,False
ultimate_oscillator,atr_trail_1x,10,0.2,0.127,-2.9887,-29.8874,-24.7169,5.1,1.0,6.02,False
ultimate_oscillator,smart_money_reversal,10,0.2,0.127,-2.9887,-29.8874,-24.7169,5.1,1.0,6.02,False
ultimate_oscillator,atr_trail_mae_conditional,10,0.2,0.127,-2.9887,-29.8874,-24.7169,5.1,1.0,6.02,False
ultimate_oscillator,reverse_signal,10,0.2,0.127,-2.9887,-29.8874,-24.7169,5.1,1.0,6.02,False
ultimate_oscillator,r_multiple_3r,10,0.2,0.261,-2.9941,-29.9413,-24.7708,10.8,1.0,6.01,False
ultimate_oscillator,r_multiple_2r,10,0.2,0.174,-3.3467,-33.467,-28.2965,8.9,1.0,5.48,False
ultimate_oscillator,time_stop_10d,10,0.3,0.0946,-6.5445,-65.4453,-53.1501,15.0,1.0,4.5,False
ultimate_oscillator,atr_trail_2x,10,0.2,0.1525,-4.081,-40.8096,-35.0299,17.0,1.0,4.38,False
ultimate_oscillator,atr_trail_vix_conditional,10,0.1,0.0635,-3.1425,-31.4254,-26.2549,4.9,1.0,4.29,False
ultimate_oscillator,breakeven_plus_trail,10,0.1,0.2196,-3.6098,-36.0981,-35.9165,28.4,1.0,3.59,False
ultimate_oscillator,trailing_15pct,10,0.2,0.1205,-7.6961,-76.9607,-66.5221,147.8,1.0,3.0,False
ultimate_oscillator,break_even_at_1r,10,0.0,0.0,-3.5531,-35.5309,-30.3604,6.6,1.0,2.17,False
ultimate_oscillator,trailing_10pct,10,0.1,0.1685,-5.4376,-54.3761,-44.3761,74.0,1.0,1.5,False
pairs_mean_reversion_long,earnings_blackout,88,0.7841,7.7645,16.942,1490.8961,-55.0132,83.0,0.0,71.76,False
pairs_mean_reversion_long,hybrid_50pct_target,88,0.6477,3.096,6.9221,609.1481,-40.0,67.5,0.9545,69.72,True
pairs_mean_reversion_long,regime_flip,88,0.6364,3.9765,7.4373,654.4867,-39.8867,28.8,1.0,69.55,False
pairs_mean_reversion_long,time_stop_20d,88,0.6364,3.9765,7.4373,654.4867,-39.8867,28.8,1.0,69.55,False
pairs_mean_reversion_long,class_time_stop,88,0.5455,3.4377,8.5493,752.3398,-74.6453,42.6,1.0,68.18,False
pairs_mean_reversion_long,breakeven_plus_trail,88,0.4659,7.356,11.3952,1002.774,-37.8364,48.4,0.9318,66.99,False
pairs_mean_reversion_long,trailing_10pct,88,0.4432,2.9652,7.2198,635.3421,-58.1031,58.5,0.9545,66.41,False
pairs_mean_reversion_long,trailing_15pct,88,0.4205,3.2095,12.1854,1072.3117,-106.7018,115.1,0.8864,66.31,False
pairs_mean_reversion_long,break_even_at_1r,88,0.25,3.2872,4.5637,401.6052,-25.4838,22.9,0.9886,63.1,False
pairs_mean_reversion_long,next_pivot_target,88,0.7955,2.2787,2.4247,213.3759,-39.2417,9.2,0.9886,62.44,False
pairs_mean_reversion_long,chandelier_3x,88,0.1932,3.2683,4.3311,381.1366,-50.2756,15.1,0.9659,61.89,False
pairs_mean_reversion_long,atr_trail_2x,88,0.4318,2.3625,4.4208,389.0342,-55.5603,22.2,0.9545,60.72,False
pairs_mean_reversion_long,time_stop_10d,88,0.5795,2.2743,2.7845,245.0366,-51.1806,14.4,1.0,59.7,False
pairs_mean_reversion_long,ma_exit_ema9,88,0.4091,2.3503,2.2199,195.3471,-37.1081,7.3,0.9773,56.97,False
pairs_mean_reversion_long,r_multiple_3r,88,0.375,2.1814,2.9433,259.0137,-27.3083,13.9,0.9773,56.01,False
pairs_mean_reversion_long,fixed_4r_2r,88,0.4545,1.8621,3.8948,342.7426,-70.8287,29.1,0.9773,55.39,False
pairs_mean_reversion_long,r_multiple_2r,88,0.4091,1.6731,1.6192,142.4906,-31.7298,9.7,0.9886,49.11,False
pairs_mean_reversion_long,atr_trail_vix_conditional,88,0.3409,1.6887,1.4036,123.5126,-37.1599,9.6,0.9886,47.95,False
pairs_mean_reversion_long,trailing_5pct,88,0.3068,1.2824,0.6381,56.1544,-65.9708,18.3,0.9773,40.65,False
pairs_mean_reversion_long,smart_money_reversal,88,0.2955,0.882,-0.2283,-20.0933,-45.7543,5.9,1.0,31.52,False
pairs_mean_reversion_long,mfe_lockin_trail,88,0.2955,0.8701,-0.2561,-22.5407,-50.9382,5.8,1.0,31.2,False
pairs_mean_reversion_long,multi_tier_partial,88,0.3977,0.7915,-0.3958,-34.8274,-44.4946,5.9,1.0,30.58,False
pairs_mean_reversion_long,reverse_signal,88,0.2955,0.8255,-0.344,-30.2748,-55.7077,6.2,1.0,29.99,False
pairs_mean_reversion_long,atr_trail_mae_conditional,88,0.2955,0.8255,-0.344,-30.2748,-55.7077,6.2,1.0,29.99,False
pairs_mean_reversion_long,atr_trail_1x,88,0.2955,0.8255,-0.344,-30.2748,-55.7077,6.2,1.0,29.99,False
pairs_mean_reversion_long,smc_mitigation_zone,88,0.375,0.5974,-0.4815,-42.368,-55.0456,2.9,1.0,24.35,False
vol_spike_2x_below_ema_50_short,next_pivot_target,17,0.5882,0.4608,-2.3788,-40.4402,-64.1599,19.2,1.0,19.39,True
vol_spike_2x_below_ema_50_short,hybrid_50pct_target,17,0.3529,0.3899,-3.7871,-64.3812,-77.5764,49.4,0.9412,10.32,False
vol_spike_2x_below_ema_50_short,ma_exit_ema9,17,0.3529,0.171,-2.8313,-48.1324,-53.3273,9.1,1.0,8.55,False
vol_spike_2x_below_ema_50_short,smc_mitigation_zone,17,0.2353,0.0993,-2.5422,-43.2166,-45.6195,3.9,1.0,7.22,False
vol_spike_2x_below_ema_50_short,earnings_blackout,17,0.4706,0.2825,-9.6646,-164.298,-175.5673,86.1,0.0,7.06,False
vol_spike_2x_below_ema_50_short,trailing_5pct,17,0.2353,0.1044,-2.724,-46.3078,-50.0344,11.2,1.0,6.94,False
vol_spike_2x_below_ema_50_short,multi_tier_partial,17,0.2353,0.132,-2.7626,-46.9638,-51.3453,4.5,1.0,6.89,False
vol_spike_2x_below_ema_50_short,r_multiple_2r,17,0.1765,0.3294,-2.5549,-43.433,-56.4987,8.2,1.0,6.32,False
vol_spike_2x_below_ema_50_short,class_time_stop,17,0.4118,0.2358,-5.5018,-93.5302,-106.3394,45.1,1.0,6.18,False
vol_spike_2x_below_ema_50_short,mfe_lockin_trail,17,0.1765,0.1262,-2.8481,-48.4177,-53.5775,4.5,1.0,5.88,False
vol_spike_2x_below_ema_50_short,reverse_signal,17,0.1765,0.0764,-3.0103,-51.1746,-53.5775,4.6,1.0,5.63,False
vol_spike_2x_below_ema_50_short,smart_money_reversal,17,0.1765,0.0764,-3.0103,-51.1746,-53.5775,4.6,1.0,5.63,False
vol_spike_2x_below_ema_50_short,atr_trail_1x,17,0.1765,0.0764,-3.0103,-51.1746,-53.5775,4.6,1.0,5.63,False
vol_spike_2x_below_ema_50_short,atr_trail_mae_conditional,17,0.1765,0.0764,-3.0103,-51.1746,-53.5775,4.6,1.0,5.63,False
vol_spike_2x_below_ema_50_short,regime_flip,17,0.3529,0.1036,-7.79,-132.43,-138.3059,30.4,1.0,5.29,False
vol_spike_2x_below_ema_50_short,time_stop_20d,17,0.3529,0.1036,-7.79,-132.43,-138.3059,30.4,1.0,5.29,False
vol_spike_2x_below_ema_50_short,time_stop_10d,17,0.3529,0.2009,-5.6719,-96.4219,-103.4872,15.4,1.0,5.29,False
vol_spike_2x_below_ema_50_short,r_multiple_3r,17,0.1176,0.2184,-3.2285,-54.8853,-56.4987,14.8,1.0,4.42,False
vol_spike_2x_below_ema_50_short,atr_trail_vix_conditional,17,0.1765,0.0247,-4.13,-70.2104,-69.8484,10.1,1.0,3.95,False
vol_spike_2x_below_ema_50_short,trailing_10pct,17,0.1765,0.263,-4.1692,-70.876,-69.6022,36.0,1.0,3.89,False
vol_spike_2x_below_ema_50_short,atr_trail_2x,17,0.2353,0.0211,-5.6966,-96.842,-97.4276,14.8,1.0,3.53,False
vol_spike_2x_below_ema_50_short,break_even_at_1r,17,0.0,0.0,-2.9048,-49.3816,-49.3816,6.7,1.0,3.14,False
vol_spike_2x_below_ema_50_short,trailing_15pct,17,0.1176,0.1326,-7.2768,-123.7049,-120.4453,71.4,0.9412,1.76,False
vol_spike_2x_below_ema_50_short,fixed_4r_2r,17,0.1176,0.1139,-7.1036,-120.762,-111.5098,44.8,1.0,1.76,False
vol_spike_2x_below_ema_50_short,chandelier_3x,17,0.0588,0.005,-5.8114,-98.7934,-98.664,16.5,1.0,0.88,False
vol_spike_2x_below_ema_50_short,breakeven_plus_trail,17,0.0588,0.0126,-5.659,-96.2032,-97.4332,15.1,1.0,0.88,False
williams_r_oversold,ma_exit_ema9,36,0.4722,2.4959,0.8979,32.3252,-10.3133,3.0,1.0,69.27,True
williams_r_oversold,smc_mitigation_zone,36,0.3611,1.3084,0.1698,6.1133,-7.3312,1.6,1.0,57.01,False
williams_r_oversold,trailing_15pct,36,0.3333,1.8601,5.3173,191.4245,-58.1477,161.1,0.9167,55.21,False
williams_r_oversold,reverse_signal,36,0.5556,1.8152,1.1253,40.5119,-17.8974,18.1,1.0,54.86,False
williams_r_oversold,breakeven_plus_trail,36,0.1944,2.0357,2.4908,89.6693,-52.076,30.2,0.9722,51.21,False
williams_r_oversold,time_stop_10d,36,0.5,1.3509,0.7831,28.1926,-31.9367,14.4,1.0,44.83,False
williams_r_oversold,next_pivot_target,36,0.7222,0.7673,-0.6612,-23.804,-54.477,17.6,0.9722,34.42,False
williams_r_oversold,r_multiple_3r,36,0.25,1.0027,0.0061,0.2198,-27.6506,12.2,1.0,33.81,False
williams_r_oversold,earnings_blackout,36,0.5,0.8824,-1.0609,-38.193,-168.1787,85.0,0.0,33.35,False
williams_r_oversold,chandelier_3x,36,0.0556,0.7356,-0.1757,-6.3235,-13.2229,3.6,1.0,32.75,False
williams_r_oversold,r_multiple_2r,36,0.3056,0.8555,-0.3061,-11.0189,-28.0073,9.2,1.0,30.93,False
williams_r_oversold,multi_tier_partial,36,0.4444,0.7473,-0.3408,-12.2704,-20.3839,5.0,1.0,30.19,False
williams_r_oversold,atr_trail_2x,36,0.3333,0.8127,-0.5394,-19.4199,-52.6826,17.0,1.0,29.94,False
williams_r_oversold,hybrid_50pct_target,36,0.5278,0.74,-1.2277,-44.1968,-74.447,70.3,0.9722,29.91,False
williams_r_oversold,break_even_at_1r,36,0.0833,0.9022,-0.1505,-5.4169,-26.9893,9.3,1.0,28.92,False
williams_r_oversold,fixed_4r_2r,36,0.3056,0.7904,-0.8787,-31.6344,-55.6211,22.6,1.0,28.45,False
williams_r_oversold,atr_trail_vix_conditional,36,0.25,0.735,-0.4897,-17.6309,-26.0413,7.0,1.0,26.71,False
williams_r_oversold,smart_money_reversal,36,0.1944,0.7538,-0.3632,-13.0769,-21.9401,4.9,1.0,26.58,False
williams_r_oversold,atr_trail_1x,36,0.2222,0.7392,-0.3841,-13.8281,-21.9401,5.0,1.0,26.57,False
williams_r_oversold,atr_trail_mae_conditional,36,0.2222,0.7392,-0.3841,-13.8281,-21.9401,5.0,1.0,26.57,False
williams_r_oversold,trailing_5pct,36,0.25,0.7294,-0.7372,-26.5385,-48.5081,25.6,1.0,26.18,False
williams_r_oversold,time_stop_20d,36,0.5556,0.6232,-1.8679,-67.2436,-67.9627,28.8,1.0,25.85,False
williams_r_oversold,regime_flip,36,0.5556,0.6232,-1.8679,-67.2436,-67.9627,28.8,1.0,25.85,False
williams_r_oversold,class_time_stop,36,0.4722,0.6394,-1.9228,-69.2199,-93.6522,35.9,1.0,25.04,False
williams_r_oversold,mfe_lockin_trail,36,0.2222,0.6171,-0.564,-20.3024,-21.9401,4.6,1.0,22.6,False
williams_r_oversold,trailing_10pct,36,0.2778,0.5579,-2.2116,-79.6185,-117.5263,66.3,0.9444,18.9,False
smc_premium_short,next_pivot_target,8,0.875,4.0124,2.177,17.4161,-5.7815,9.1,1.0,86.66,True
smc_premium_short,multi_tier_partial,8,0.625,0.7049,-0.3932,-3.146,-4.537,6.5,1.0,50.95,False
smc_premium_short,ma_exit_ema9,8,0.5,0.512,-0.4299,-3.4394,-2.415,2.2,1.0,45.13,False
smc_premium_short,breakeven_plus_trail,8,0.25,0.7733,-0.5241,-4.1924,-12.7471,19.4,1.0,36.76,False
smc_premium_short,class_time_stop,8,0.25,0.9341,-0.3448,-2.7582,-16.7385,43.2,1.0,35.91,False
smc_premium_short,smc_mitigation_zone,8,0.375,0.2346,-0.6257,-5.0056,-3.9742,1.4,1.0,32.22,False
smc_premium_short,r_multiple_3r,8,0.125,0.5075,-1.6877,-13.5019,-13.4776,13.8,1.0,23.61,False
smc_premium_short,smart_money_reversal,8,0.25,0.2099,-1.3063,-10.4506,-8.6585,7.0,1.0,23.47,False
smc_premium_short,atr_trail_mae_conditional,8,0.25,0.2099,-1.3063,-10.4506,-8.6585,7.0,1.0,23.47,False
smc_premium_short,reverse_signal,8,0.25,0.2099,-1.3063,-10.4506,-8.6585,7.0,1.0,23.47,False
smc_premium_short,mfe_lockin_trail,8,0.25,0.2099,-1.3063,-10.4506,-8.6585,7.0,1.0,23.47,False
smc_premium_short,atr_trail_1x,8,0.25,0.2099,-1.3063,-10.4506,-8.6585,7.0,1.0,23.47,False
smc_premium_short,atr_trail_vix_conditional,8,0.375,0.1557,-1.6157,-12.9253,-10.1069,6.9,1.0,23.07,False
smc_premium_short,time_stop_10d,8,0.25,0.3773,-2.1218,-16.9745,-12.0976,14.5,1.0,20.48,False
smc_premium_short,chandelier_3x,8,0.0,0.0,-1.108,-8.8636,-8.7256,8.9,1.0,19.93,False
smc_premium_short,atr_trail_2x,8,0.375,0.3275,-1.8068,-14.4546,-13.9605,16.4,1.0,17.96,False
smc_premium_short,time_stop_20d,8,0.25,0.4561,-2.7009,-21.6074,-17.2693,28.6,1.0,17.03,False
smc_premium_short,regime_flip,8,0.25,0.4561,-2.7009,-21.6074,-17.2693,28.6,1.0,17.03,False
smc_premium_short,break_even_at_1r,8,0.0,0.0,-1.728,-13.8244,-10.9518,8.6,1.0,16.22,False
smc_premium_short,trailing_5pct,8,0.125,0.0573,-2.221,-17.7677,-13.8482,9.0,1.0,13.73,False
smc_premium_short,r_multiple_2r,8,0.125,0.3383,-2.2674,-18.1392,-15.2666,12.5,1.0,12.19,False
smc_premium_short,fixed_4r_2r,8,0.125,0.4532,-2.7972,-22.3779,-21.1655,25.2,0.875,11.47,False
smc_premium_short,earnings_blackout,8,0.375,0.1384,-5.8712,-46.9697,-52.8839,84.1,0.0,5.62,False
smc_premium_short,trailing_10pct,8,0.125,0.0823,-5.7704,-46.1633,-36.1633,19.5,1.0,1.88,False
smc_premium_short,trailing_15pct,8,0.125,0.0638,-8.3731,-66.9849,-56.4201,45.9,1.0,1.88,False
smc_premium_short,hybrid_50pct_target,8,0.125,0.1493,-6.4276,-51.4208,-41.4208,41.1,0.875,1.88,False
donchian_10_breakout,regime_flip,24,0.5833,2.2372,5.8611,140.6675,-80.7153,29.4,1.0,62.74,True
donchian_10_breakout,time_stop_20d,24,0.5833,2.2372,5.8611,140.6675,-80.7153,29.4,1.0,62.74,False
donchian_10_breakout,ma_exit_ema9,24,0.4167,2.2045,3.6908,88.5784,-38.1266,16.5,1.0,57.98,False
donchian_10_breakout,chandelier_3x,24,0.2917,2.1486,6.4281,154.2744,-68.7801,34.1,1.0,57.54,False
donchian_10_breakout,class_time_stop,24,0.5,1.8681,3.7999,91.1984,-50.0684,36.8,1.0,56.0,False
donchian_10_breakout,earnings_blackout,24,0.5417,1.452,4.2777,102.6638,-98.0185,85.3,0.0,52.18,False
donchian_10_breakout,breakeven_plus_trail,24,0.2917,1.7205,3.4821,83.57,-66.2238,37.8,1.0,50.71,False
donchian_10_breakout,r_multiple_2r,24,0.4167,1.0628,0.1774,4.2574,-30.1734,8.4,1.0,37.76,False
donchian_10_breakout,time_stop_10d,24,0.5,0.8707,-0.5449,-13.0777,-55.2693,14.9,1.0,33.85,False
donchian_10_breakout,next_pivot_target,24,0.5833,0.8348,-0.8039,-19.2931,-75.4649,19.2,1.0,33.85,False
donchian_10_breakout,r_multiple_3r,24,0.2917,0.9775,-0.0735,-1.7639,-31.0064,16.7,1.0,33.8,False
donchian_10_breakout,trailing_5pct,24,0.3333,0.9263,-0.205,-4.9212,-29.7979,17.8,1.0,33.12,False
donchian_10_breakout,trailing_15pct,24,0.25,0.9353,-0.5135,-12.3237,-129.2297,96.0,1.0,31.61,False
donchian_10_breakout,atr_trail_2x,24,0.4583,0.6124,-1.6667,-39.9998,-65.6312,18.8,1.0,24.33,False
donchian_10_breakout,hybrid_50pct_target,24,0.4167,0.6459,-2.0654,-49.5699,-75.6109,53.7,1.0,24.2,False
donchian_10_breakout,fixed_4r_2r,24,0.2917,0.6477,-2.4863,-59.6713,-90.9161,42.9,1.0,21.75,False
donchian_10_breakout,trailing_10pct,24,0.2917,0.4698,-2.6657,-63.9761,-74.245,38.1,1.0,14.91,False
donchian_10_breakout,multi_tier_partial,24,0.3333,0.3773,-1.5239,-36.5727,-43.3347,5.1,1.0,12.75,False
donchian_10_breakout,smc_mitigation_zone,24,0.375,0.1766,-1.6572,-39.7719,-42.1748,4.0,1.0,10.64,False
donchian_10_breakout,mfe_lockin_trail,24,0.2917,0.2151,-1.951,-46.8252,-51.985,5.0,1.0,8.95,False
donchian_10_breakout,reverse_signal,24,0.2917,0.1617,-2.0839,-50.0128,-52.4157,5.1,1.0,8.75,False
donchian_10_breakout,smart_money_reversal,24,0.2917,0.1617,-2.0839,-50.0128,-52.4157,5.1,1.0,8.75,False
donchian_10_breakout,atr_trail_1x,24,0.2917,0.1617,-2.0839,-50.0128,-52.4157,5.1,1.0,8.75,False
donchian_10_breakout,atr_trail_mae_conditional,24,0.2917,0.1617,-2.0839,-50.0128,-52.4157,5.1,1.0,8.75,False
donchian_10_breakout,break_even_at_1r,24,0.1667,0.1925,-2.0884,-50.1224,-50.9465,16.3,1.0,6.87,False
donchian_10_breakout,atr_trail_vix_conditional,24,0.2083,0.0796,-3.2517,-78.0401,-77.6781,6.2,1.0,5.75,False
week_opening_gap_fill_down,r_multiple_2r,24,0.2917,0.7834,-0.6508,-15.6189,-27.8773,5.0,1.0,28.4,True
week_opening_gap_fill_down,r_multiple_3r,24,0.1667,0.6233,-1.3046,-31.3103,-50.14,7.0,1.0,20.86,False
week_opening_gap_fill_down,atr_trail_vix_conditional,24,0.1667,0.58,-1.0668,-25.602,-39.9757,3.8,1.0,19.74,False
week_opening_gap_fill_down,next_pivot_target,24,0.5833,0.4217,-2.2786,-54.6875,-52.3309,7.5,1.0,17.65,False
week_opening_gap_fill_down,breakeven_plus_trail,24,0.2083,0.526,-2.4623,-59.0952,-70.2239,16.5,1.0,16.27,False
week_opening_gap_fill_down,chandelier_3x,24,0.0417,0.5143,-0.6436,-15.4468,-20.8944,3.4,1.0,16.04,False
week_opening_gap_fill_down,ma_exit_ema9,24,0.25,0.4045,-1.6129,-38.7091,-36.3438,2.2,1.0,12.79,False
week_opening_gap_fill_down,multi_tier_partial,24,0.3333,0.376,-1.546,-37.1033,-33.7991,3.2,1.0,12.65,False
week_opening_gap_fill_down,time_stop_10d,24,0.375,0.441,-5.2045,-124.9081,-141.2218,14.5,1.0,11.36,False
week_opening_gap_fill_down,smc_mitigation_zone,24,0.2083,0.29,-1.6405,-39.371,-35.8994,1.8,1.0,8.16,False
week_opening_gap_fill_down,reverse_signal,24,0.2083,0.3205,-1.7213,-41.3123,-36.583,3.3,1.0,8.04,False
week_opening_gap_fill_down,smart_money_reversal,24,0.2083,0.3205,-1.7213,-41.3123,-36.583,3.3,1.0,8.04,False
week_opening_gap_fill_down,atr_trail_1x,24,0.2083,0.3205,-1.7213,-41.3123,-36.583,3.3,1.0,8.04,False
week_opening_gap_fill_down,atr_trail_mae_conditional,24,0.2083,0.3205,-1.7213,-41.3123,-36.583,3.3,1.0,8.04,False
week_opening_gap_fill_down,mfe_lockin_trail,24,0.2083,0.2573,-1.8815,-45.1565,-40.4272,3.2,1.0,7.8,False
week_opening_gap_fill_down,trailing_5pct,24,0.2083,0.2614,-2.7583,-66.198,-62.687,8.7,1.0,6.49,False
week_opening_gap_fill_down,break_even_at_1r,24,0.125,0.2586,-2.1373,-51.296,-46.1255,6.0,1.0,6.17,False
week_opening_gap_fill_down,atr_trail_2x,24,0.25,0.2829,-4.1704,-100.0895,-106.3577,12.9,1.0,4.99,False
week_opening_gap_fill_down,fixed_4r_2r,24,0.1667,0.3707,-4.8841,-117.2195,-129.2744,17.0,1.0,4.85,False
week_opening_gap_fill_down,class_time_stop,24,0.25,0.0753,-19.2024,-460.8567,-464.6376,43.1,1.0,3.75,False
week_opening_gap_fill_down,trailing_10pct,24,0.2083,0.2395,-5.223,-125.3517,-134.8959,19.3,1.0,3.12,False
week_opening_gap_fill_down,time_stop_20d,24,0.2083,0.0996,-16.6458,-399.499,-383.605,28.8,1.0,3.12,False
week_opening_gap_fill_down,regime_flip,24,0.2083,0.0996,-16.6458,-399.499,-383.605,28.8,1.0,3.12,False
week_opening_gap_fill_down,hybrid_50pct_target,24,0.2083,0.2621,-5.8413,-140.1916,-148.3622,32.0,1.0,3.12,False
week_opening_gap_fill_down,earnings_blackout,24,0.1667,0.0499,-32.9879,-791.7091,-821.157,84.7,0.0,2.5,False
week_opening_gap_fill_down,trailing_15pct,24,0.125,0.2446,-7.7504,-186.0108,-188.9111,39.6,1.0,1.88,False
volume_spike_breakout,regime_flip,36,0.5278,1.6934,3.1137,112.092,-82.2465,29.2,1.0,53.38,True
volume_spike_breakout,time_stop_20d,36,0.5278,1.6934,3.1137,112.092,-82.2465,29.2,1.0,53.38,False
volume_spike_breakout,chandelier_3x,36,0.3056,1.8417,3.9543,142.3556,-66.5619,30.5,1.0,53.02,False
volume_spike_breakout,earnings_blackout,36,0.4722,1.3554,3.0241,108.8665,-167.4074,86.2,0.0,47.85,False
volume_spike_breakout,breakeven_plus_trail,36,0.2222,1.5246,2.0638,74.2974,-56.995,34.7,1.0,45.07,False
volume_spike_breakout,class_time_stop,36,0.4444,1.3028,1.3034,46.9217,-61.0017,36.4,1.0,44.04,False
volume_spike_breakout,ma_exit_ema9,36,0.3611,1.3759,1.2382,44.5762,-43.4017,13.2,1.0,43.81,False
volume_spike_breakout,time_stop_10d,36,0.5,1.0979,0.3056,11.0014,-66.1635,14.7,1.0,39.87,False
volume_spike_breakout,next_pivot_target,36,0.6389,0.7681,-0.7407,-26.6668,-48.0291,12.9,1.0,33.07,False
volume_spike_breakout,hybrid_50pct_target,36,0.5,0.8271,-0.8643,-31.114,-90.969,66.7,1.0,32.32,False
volume_spike_breakout,trailing_15pct,36,0.25,0.8971,-0.7747,-27.8884,-156.7216,102.2,0.9722,30.36,False
volume_spike_breakout,r_multiple_2r,36,0.3056,0.7542,-0.677,-24.3723,-38.7809,6.5,1.0,27.79,False
volume_spike_breakout,trailing_10pct,36,0.3056,0.7461,-1.1895,-42.8217,-98.7975,56.8,1.0,26.8,False
volume_spike_breakout,r_multiple_3r,36,0.2222,0.7343,-0.8095,-29.1423,-42.0311,11.8,1.0,25.79,False
volume_spike_breakout,trailing_5pct,36,0.2778,0.6764,-1.0187,-36.6731,-49.6912,19.9,1.0,24.63,False
volume_spike_breakout,atr_trail_2x,36,0.3889,0.471,-2.1153,-76.1517,-76.7373,17.4,1.0,17.24,False
volume_spike_breakout,fixed_4r_2r,36,0.2222,0.5235,-2.7618,-99.4262,-97.6838,35.2,1.0,15.94,False
volume_spike_breakout,smc_mitigation_zone,36,0.3333,0.2703,-1.5177,-54.6366,-57.6074,3.4,1.0,10.22,False
volume_spike_breakout,multi_tier_partial,36,0.25,0.2878,-1.8305,-65.8985,-69.3203,4.8,1.0,8.5,False
volume_spike_breakout,smart_money_reversal,36,0.1944,0.2035,-2.0959,-75.4538,-77.8567,4.8,1.0,7.27,False
volume_spike_breakout,reverse_signal,36,0.1944,0.2035,-2.0959,-75.4538,-77.8567,4.8,1.0,7.27,False
volume_spike_breakout,atr_trail_mae_conditional,36,0.1944,0.2035,-2.0959,-75.4538,-77.8567,4.8,1.0,7.27,False
volume_spike_breakout,atr_trail_1x,36,0.1944,0.2035,-2.0959,-75.4538,-77.8567,4.8,1.0,7.27,False
volume_spike_breakout,mfe_lockin_trail,36,0.1944,0.1967,-2.1138,-76.0975,-81.2573,4.4,1.0,7.25,False
volume_spike_breakout,break_even_at_1r,36,0.1111,0.1603,-2.2546,-81.164,-81.164,11.2,1.0,5.78,False
volume_spike_breakout,atr_trail_vix_conditional,36,0.1389,0.1314,-2.8271,-101.7762,-101.4142,5.3,1.0,5.34,False
smc_equal_highs_sweep_short,next_pivot_target,26,0.7692,0.5195,-0.9486,-24.6639,-37.607,12.9,1.0,26.7,True
smc_equal_highs_sweep_short,time_stop_20d,26,0.3846,0.4329,-3.6513,-94.9333,-120.5328,29.2,1.0,13.14,False
smc_equal_highs_sweep_short,regime_flip,26,0.3846,0.4329,-3.6513,-94.9333,-120.5328,29.2,1.0,13.14,False
smc_equal_highs_sweep_short,class_time_stop,26,0.4231,0.388,-3.4073,-88.5908,-99.2256,43.7,1.0,11.85,False
smc_equal_highs_sweep_short,trailing_5pct,26,0.1538,0.4153,-2.0398,-53.0345,-52.9996,16.4,1.0,11.25,False
smc_equal_highs_sweep_short,ma_exit_ema9,26,0.1538,0.3868,-1.4927,-38.8103,-39.232,6.2,1.0,10.61,False
smc_equal_highs_sweep_short,multi_tier_partial,26,0.3077,0.2461,-2.1066,-54.7708,-53.5768,5.1,1.0,8.96,False
smc_equal_highs_sweep_short,smc_mitigation_zone,26,0.1923,0.2992,-1.4731,-38.2995,-37.3427,3.3,1.0,8.17,False
smc_equal_highs_sweep_short,breakeven_plus_trail,26,0.1923,0.3608,-2.9566,-76.872,-88.7093,27.7,1.0,7.57,False
smc_equal_highs_sweep_short,time_stop_10d,26,0.2308,0.3538,-3.3028,-85.8725,-90.3801,14.7,1.0,7.23,False
smc_equal_highs_sweep_short,reverse_signal,26,0.1538,0.2134,-2.4046,-62.5191,-60.6582,5.4,1.0,6.2,False
smc_equal_highs_sweep_short,atr_trail_mae_conditional,26,0.1538,0.2134,-2.4046,-62.5191,-60.6582,5.4,1.0,6.2,False
smc_equal_highs_sweep_short,smart_money_reversal,26,0.1538,0.2134,-2.4046,-62.5191,-60.6582,5.4,1.0,6.2,False
smc_equal_highs_sweep_short,atr_trail_1x,26,0.1538,0.2134,-2.4046,-62.5191,-60.6582,5.4,1.0,6.2,False
smc_equal_highs_sweep_short,atr_trail_2x,26,0.1923,0.3459,-3.3039,-85.9025,-82.5539,15.0,1.0,6.19,False
smc_equal_highs_sweep_short,r_multiple_3r,26,0.1154,0.3415,-2.4495,-63.6867,-59.5718,7.6,1.0,6.05,False
smc_equal_highs_sweep_short,mfe_lockin_trail,26,0.1538,0.1356,-2.6425,-68.7053,-66.8444,5.0,1.0,5.84,False
smc_equal_highs_sweep_short,break_even_at_1r,26,0.0769,0.3228,-1.9096,-49.6496,-52.04,8.3,1.0,5.79,False
smc_equal_highs_sweep_short,r_multiple_2r,26,0.1538,0.2596,-2.7157,-70.6073,-66.4924,6.9,1.0,5.73,False
smc_equal_highs_sweep_short,chandelier_3x,26,0.1154,0.2717,-2.3491,-61.0756,-57.1737,10.0,1.0,5.71,False
smc_equal_highs_sweep_short,atr_trail_vix_conditional,26,0.1154,0.1703,-2.9988,-77.9676,-76.6383,5.5,1.0,4.73,False
smc_equal_highs_sweep_short,hybrid_50pct_target,26,0.3077,0.2854,-4.9472,-128.6282,-122.8141,59.0,1.0,4.69,False
smc_equal_highs_sweep_short,trailing_15pct,26,0.1923,0.2517,-6.4631,-168.0405,-164.1472,99.8,1.0,2.88,False
smc_equal_highs_sweep_short,fixed_4r_2r,26,0.1538,0.3114,-4.7178,-122.6615,-114.4316,23.4,1.0,2.73,False
smc_equal_highs_sweep_short,trailing_10pct,26,0.1538,0.1584,-5.4344,-141.2939,-136.4954,43.4,1.0,2.31,False
smc_equal_highs_sweep_short,earnings_blackout,26,0.1154,0.0878,-15.92,-413.9212,-399.5262,85.2,0.0,1.73,False
52w_low_breakdown_pullback_short,smc_mitigation_zone,8,0.5,1.093,0.0805,0.6443,-3.4645,7.5,1.0,60.11,True
52w_low_breakdown_pullback_short,chandelier_3x,8,0.125,1.8421,1.0853,8.6822,-10.1769,10.1,1.0,58.29,False
52w_low_breakdown_pullback_short,r_multiple_3r,8,0.25,1.3701,0.9307,7.4454,-12.84,11.9,1.0,50.54,False
52w_low_breakdown_pullback_short,mfe_lockin_trail,8,0.375,0.8706,-0.1977,-1.5816,-8.7595,7.4,1.0,46.54,False
52w_low_breakdown_pullback_short,hybrid_50pct_target,8,0.625,1.2779,1.042,8.3362,-20.0,58.4,1.0,45.96,False
52w_low_breakdown_pullback_short,next_pivot_target,8,0.875,0.6167,-0.4792,-3.8334,-10.0,16.2,1.0,45.01,False
52w_low_breakdown_pullback_short,multi_tier_partial,8,0.375,0.7902,-0.3206,-2.5644,-8.7595,8.5,1.0,44.37,False
52w_low_breakdown_pullback_short,ma_exit_ema9,8,0.5,0.5075,-0.4029,-3.2231,-3.5957,3.9,1.0,43.51,False
52w_low_breakdown_pullback_short,break_even_at_1r,8,0.125,1.1945,0.4197,3.3578,-15.3675,12.2,1.0,41.94,False
52w_low_breakdown_pullback_short,r_multiple_2r,8,0.25,0.9311,-0.1733,-1.3866,-12.84,9.5,1.0,40.98,False
52w_low_breakdown_pullback_short,time_stop_20d,8,0.375,0.9947,-0.0269,-0.2153,-24.3531,29.4,1.0,35.48,False
52w_low_breakdown_pullback_short,regime_flip,8,0.375,0.9947,-0.0269,-0.2153,-24.3531,29.4,1.0,35.48,False
52w_low_breakdown_pullback_short,atr_trail_1x,8,0.375,0.5267,-0.723,-5.7844,-8.7595,8.5,1.0,35.46,False
52w_low_breakdown_pullback_short,smart_money_reversal,8,0.375,0.5267,-0.723,-5.7844,-8.7595,8.5,1.0,35.46,False
52w_low_breakdown_pullback_short,reverse_signal,8,0.375,0.5267,-0.723,-5.7844,-8.7595,8.5,1.0,35.46,False
52w_low_breakdown_pullback_short,atr_trail_mae_conditional,8,0.375,0.5267,-0.723,-5.7844,-8.7595,8.5,1.0,35.46,False
52w_low_breakdown_pullback_short,class_time_stop,8,0.5,0.8117,-0.9807,-7.8455,-32.0961,36.5,1.0,31.76,False
52w_low_breakdown_pullback_short,trailing_10pct,8,0.375,0.6239,-1.7058,-13.6462,-36.2788,55.1,1.0,23.4,False
52w_low_breakdown_pullback_short,breakeven_plus_trail,8,0.125,0.5576,-2.0452,-16.3617,-33.1907,19.9,1.0,16.84,False
52w_low_breakdown_pullback_short,time_stop_10d,8,0.25,0.4784,-2.1513,-17.2101,-24.6045,14.5,1.0,15.42,False
52w_low_breakdown_pullback_short,trailing_5pct,8,0.25,0.2412,-2.0825,-16.6602,-15.1932,18.8,1.0,14.13,False
52w_low_breakdown_pullback_short,earnings_blackout,8,0.375,0.4027,-5.7293,-45.8344,-76.734,87.1,0.0,9.5,False
52w_low_breakdown_pullback_short,atr_trail_vix_conditional,8,0.25,0.1233,-2.5125,-20.0998,-21.0309,7.8,1.0,7.48,False
52w_low_breakdown_pullback_short,trailing_15pct,8,0.25,0.3759,-4.3798,-35.0382,-47.9063,107.6,1.0,7.14,False
52w_low_breakdown_pullback_short,fixed_4r_2r,8,0.125,0.2866,-4.9732,-39.7859,-51.973,21.9,1.0,1.92,False
52w_low_breakdown_pullback_short,atr_trail_2x,8,0.125,0.0122,-5.1335,-41.0678,-37.7832,12.0,1.0,1.88,False
awesome_oscillator,regime_flip,26,0.5769,2.9841,2.698,70.1483,-12.5679,29.2,1.0,74.38,True
awesome_oscillator,time_stop_20d,26,0.5769,2.9841,2.698,70.1483,-12.5679,29.2,1.0,74.38,False
awesome_oscillator,chandelier_3x,26,0.3077,1.9903,3.5757,92.9689,-43.4771,27.9,1.0,54.08,False
awesome_oscillator,trailing_15pct,26,0.3462,1.4764,3.2366,84.1512,-78.9837,143.0,0.9231,48.03,False
awesome_oscillator,breakeven_plus_trail,26,0.3077,1.5403,1.22,31.719,-41.9048,45.3,0.9615,45.29,False
awesome_oscillator,hybrid_50pct_target,26,0.5769,1.2399,1.0149,26.3868,-42.9364,84.6,0.9615,44.58,False
awesome_oscillator,trailing_10pct,26,0.4615,1.245,0.9596,24.9497,-72.2978,90.0,0.9615,42.85,False
awesome_oscillator,next_pivot_target,26,0.7308,0.9142,-0.179,-4.6537,-35.1099,10.9,1.0,38.86,False
awesome_oscillator,time_stop_10d,26,0.5,1.0416,0.105,2.7291,-41.3566,14.3,1.0,38.49,False
awesome_oscillator,r_multiple_3r,26,0.2308,1.0054,0.0139,0.3617,-23.5553,8.0,1.0,33.59,False
awesome_oscillator,earnings_blackout,26,0.5,0.8773,-1.1106,-28.8753,-116.694,84.9,0.0,33.15,False
awesome_oscillator,ma_exit_ema9,26,0.3462,0.9079,-0.2107,-5.4779,-20.3975,10.7,1.0,32.9,False
awesome_oscillator,class_time_stop,26,0.4231,0.8356,-0.6134,-15.949,-52.1506,36.4,1.0,31.75,False
awesome_oscillator,r_multiple_2r,26,0.3077,0.8659,-0.314,-8.1643,-23.6107,5.8,1.0,31.2,False
awesome_oscillator,atr_trail_2x,26,0.3846,0.8277,-0.483,-12.558,-31.4703,19.6,1.0,31.17,False
awesome_oscillator,break_even_at_1r,26,0.1923,0.8021,-0.4403,-11.4469,-45.914,23.3,0.9615,27.71,False
awesome_oscillator,fixed_4r_2r,26,0.2308,0.751,-1.214,-31.5653,-78.8863,27.8,1.0,25.78,False
awesome_oscillator,trailing_5pct,26,0.2308,0.6102,-1.1122,-28.9162,-55.2103,21.7,1.0,21.68,False
awesome_oscillator,smc_mitigation_zone,26,0.3846,0.5147,-0.6826,-17.7486,-29.9213,3.1,1.0,21.14,False
awesome_oscillator,atr_trail_vix_conditional,26,0.2692,0.4494,-1.2489,-32.471,-40.5138,7.2,1.0,15.78,False
awesome_oscillator,mfe_lockin_trail,26,0.1923,0.4134,-1.287,-33.463,-50.076,5.8,1.0,12.86,False
awesome_oscillator,smart_money_reversal,26,0.1923,0.3718,-1.3301,-34.5818,-50.682,5.8,1.0,10.63,False
awesome_oscillator,multi_tier_partial,26,0.2308,0.3571,-1.3703,-35.6278,-47.2566,5.7,1.0,10.32,False
awesome_oscillator,reverse_signal,26,0.1923,0.3587,-1.407,-36.5817,-50.682,5.9,1.0,9.78,False
awesome_oscillator,atr_trail_mae_conditional,26,0.1923,0.3587,-1.407,-36.5817,-50.682,5.9,1.0,9.78,False
awesome_oscillator,atr_trail_1x,26,0.1923,0.3587,-1.407,-36.5817,-50.682,5.9,1.0,9.78,False
rsi_oversold,earnings_blackout,31,0.4839,1.4645,3.9967,123.8991,-110.7732,85.9,0.0,51.07,False
rsi_oversold,chandelier_3x,31,0.129,1.5469,0.5585,17.3132,-16.184,8.1,1.0,46.48,True
rsi_oversold,trailing_15pct,31,0.3226,1.3686,2.8873,89.5063,-69.6105,173.0,0.9032,45.6,False
rsi_oversold,breakeven_plus_trail,31,0.1935,1.4618,1.2461,38.6303,-44.7351,33.1,1.0,42.55,False
rsi_oversold,time_stop_10d,31,0.4839,0.875,-0.387,-11.9979,-54.5915,14.6,1.0,33.94,False
rsi_oversold,class_time_stop,31,0.5484,0.6686,-0.8588,-26.6233,-34.2209,9.8,1.0,28.69,False
rsi_oversold,r_multiple_3r,31,0.2903,0.7874,-0.6039,-18.7201,-52.8892,13.9,1.0,28.55,False
rsi_oversold,hybrid_50pct_target,31,0.4516,0.7259,-1.5031,-46.5974,-106.4735,73.9,1.0,27.96,False
rsi_oversold,ma_exit_ema9,31,0.3548,0.5501,-0.3277,-10.1576,-17.0586,3.0,1.0,26.27,False
rsi_oversold,fixed_4r_2r,31,0.3226,0.6461,-1.7056,-52.8742,-101.8418,24.9,1.0,23.33,False
rsi_oversold,time_stop_20d,31,0.4839,0.59,-2.1646,-67.1037,-102.9607,29.0,1.0,23.21,False
rsi_oversold,regime_flip,31,0.4839,0.59,-2.1646,-67.1037,-102.9607,29.0,1.0,23.21,False
rsi_oversold,r_multiple_2r,31,0.3226,0.5986,-1.1096,-34.3986,-57.6605,9.7,1.0,22.66,False
rsi_oversold,break_even_at_1r,31,0.0645,0.6233,-0.942,-29.2031,-48.0145,9.4,1.0,19.87,False
rsi_oversold,trailing_10pct,31,0.2581,0.6016,-2.4355,-75.5017,-138.5796,64.8,0.9677,19.81,False
rsi_oversold,reverse_signal,31,0.3548,0.4498,-1.1145,-34.5485,-31.6999,5.8,1.0,17.29,False
rsi_oversold,next_pivot_target,31,0.6129,0.4053,-2.5436,-78.8505,-104.1557,16.9,1.0,16.88,False
rsi_oversold,trailing_5pct,31,0.2903,0.4769,-1.6818,-52.135,-69.3653,24.9,1.0,16.67,False
rsi_oversold,multi_tier_partial,31,0.3871,0.2224,-1.8227,-56.5046,-53.6016,4.3,1.0,10.57,False
rsi_oversold,atr_trail_2x,31,0.2581,0.375,-2.2254,-68.987,-87.5129,15.6,1.0,10.45,False
rsi_oversold,smc_mitigation_zone,31,0.2581,0.1819,-0.8053,-24.9639,-28.017,1.8,1.0,10.16,False
rsi_oversold,mfe_lockin_trail,31,0.2258,0.1456,-2.0438,-63.3589,-60.0679,4.1,1.0,7.82,False
rsi_oversold,atr_trail_vix_conditional,31,0.2258,0.2137,-2.0526,-63.6316,-72.2006,5.9,1.0,7.81,False
rsi_oversold,atr_trail_mae_conditional,31,0.2258,0.1392,-2.0592,-63.8343,-60.5433,4.3,1.0,7.8,False
rsi_oversold,atr_trail_1x,31,0.2258,0.1392,-2.0592,-63.8343,-60.5433,4.3,1.0,7.8,False
rsi_oversold,smart_money_reversal,31,0.1935,0.1503,-2.0349,-63.0831,-59.7921,4.2,1.0,7.35,False
pivot_s1_bounce,r_multiple_2r,14,0.3571,1.7,0.9234,12.9272,-8.8844,6.4,1.0,61.5,True
pivot_s1_bounce,trailing_15pct,14,0.2857,1.7374,4.8203,67.4843,-38.5723,179.2,0.9286,52.83,False
pivot_s1_bounce,class_time_stop,14,0.4286,1.2362,0.4517,6.3243,-13.5713,9.7,1.0,49.49,False
pivot_s1_bounce,time_stop_10d,14,0.3571,1.0247,0.0338,0.4736,-9.7772,14.2,1.0,48.69,False
pivot_s1_bounce,atr_trail_vix_conditional,14,0.2143,0.7712,-0.2388,-3.343,-5.7737,4.9,1.0,45.32,False
pivot_s1_bounce,next_pivot_target,14,0.8571,0.9175,-0.1229,-1.7212,-20.8653,21.8,1.0,40.91,False
pivot_s1_bounce,r_multiple_3r,14,0.1429,0.7086,-0.563,-7.8826,-10.9375,9.8,1.0,35.57,False
pivot_s1_bounce,hybrid_50pct_target,14,0.6429,0.7705,-0.8198,-11.4773,-30.0,79.2,1.0,33.07,False
pivot_s1_bounce,multi_tier_partial,14,0.2857,0.5235,-0.58,-8.1199,-9.7933,5.1,1.0,32.92,False
pivot_s1_bounce,time_stop_20d,14,0.5714,0.7681,-0.5814,-8.1401,-23.923,28.6,1.0,32.3,False
pivot_s1_bounce,regime_flip,14,0.5714,0.7681,-0.5814,-8.1401,-23.923,28.6,1.0,32.3,False
pivot_s1_bounce,atr_trail_1x,14,0.1429,0.5417,-0.5652,-7.9124,-9.9245,5.1,1.0,31.33,False
pivot_s1_bounce,reverse_signal,14,0.1429,0.5417,-0.5652,-7.9124,-9.9245,5.1,1.0,31.33,False
pivot_s1_bounce,smart_money_reversal,14,0.1429,0.5417,-0.5652,-7.9124,-9.9245,5.1,1.0,31.33,False
pivot_s1_bounce,atr_trail_mae_conditional,14,0.1429,0.5417,-0.5652,-7.9124,-9.9245,5.1,1.0,31.33,False
pivot_s1_bounce,mfe_lockin_trail,14,0.1429,0.4,-0.7399,-10.3586,-10.3179,3.9,1.0,24.37,False
pivot_s1_bounce,ma_exit_ema9,14,0.2143,0.2312,-0.8691,-12.1677,-10.5676,4.9,1.0,21.2,False
pivot_s1_bounce,smc_mitigation_zone,14,0.0714,0.0021,-0.9869,-13.8159,-11.4842,1.7,1.0,17.74,False
pivot_s1_bounce,atr_trail_2x,14,0.2143,0.4432,-1.1304,-15.8256,-19.2183,12.9,1.0,15.83,False
pivot_s1_bounce,trailing_5pct,14,0.2143,0.3399,-1.6301,-22.8215,-26.2142,26.4,1.0,8.67,False
pivot_s1_bounce,break_even_at_1r,14,0.0,0.0,-1.3129,-18.3803,-18.3803,7.4,1.0,7.56,False
pivot_s1_bounce,breakeven_plus_trail,14,0.1429,0.1458,-1.5336,-21.4698,-23.6308,19.7,1.0,7.34,False
pivot_s1_bounce,earnings_blackout,14,0.2857,0.3537,-3.9026,-54.6363,-52.9748,87.2,0.0,7.15,False
pivot_s1_bounce,chandelier_3x,14,0.0714,0.2189,-1.7532,-24.5451,-24.2995,13.3,1.0,5.94,False
pivot_s1_bounce,trailing_10pct,14,0.1429,0.1649,-3.7567,-52.5933,-62.977,80.3,1.0,4.01,False
pivot_s1_bounce,fixed_4r_2r,14,0.0714,0.1497,-3.7122,-51.9713,-41.931,21.4,1.0,3.0,False
bullish_engulfing_support,next_pivot_target,14,0.9286,4.5592,1.7523,24.5328,-6.8928,15.6,1.0,85.44,True
bullish_engulfing_support,class_time_stop,14,0.7857,5.9043,2.8673,40.1429,-8.1853,10.0,1.0,83.35,False
bullish_engulfing_support,break_even_at_1r,14,0.1429,2.7986,1.6035,22.4492,-9.1105,34.6,1.0,69.24,False
bullish_engulfing_support,breakeven_plus_trail,14,0.3571,3.0947,2.0937,29.3121,-13.9935,48.9,0.9286,68.51,False
bullish_engulfing_support,r_multiple_2r,14,0.5,2.0692,1.3207,18.4897,-8.8128,8.6,1.0,68.36,False
bullish_engulfing_support,multi_tier_partial,14,0.5714,1.8306,0.6451,9.0312,-7.0851,7.8,1.0,68.07,False
bullish_engulfing_support,trailing_5pct,14,0.6429,2.5972,1.8814,26.3403,-15.3191,29.4,0.9286,67.86,False
bullish_engulfing_support,smart_money_reversal,14,0.4286,2.0474,0.9031,12.6432,-7.8601,8.5,1.0,67.63,False
bullish_engulfing_support,atr_trail_mae_conditional,14,0.4286,2.0474,0.9031,12.6432,-7.8601,8.5,1.0,67.63,False
bullish_engulfing_support,reverse_signal,14,0.4286,2.0474,0.9031,12.6432,-7.8601,8.5,1.0,67.63,False
bullish_engulfing_support,atr_trail_1x,14,0.4286,2.0474,0.9031,12.6432,-7.8601,8.5,1.0,67.63,False
bullish_engulfing_support,atr_trail_2x,14,0.7143,2.3117,1.4164,19.8294,-15.1174,23.1,0.9286,66.1,False
bullish_engulfing_support,mfe_lockin_trail,14,0.4286,1.6232,0.5373,7.5223,-7.8601,6.4,1.0,62.33,False
bullish_engulfing_support,time_stop_10d,14,0.7857,2.0799,1.6604,23.2456,-21.5263,14.6,1.0,59.27,False
bullish_engulfing_support,ma_exit_ema9,14,0.4286,1.4398,0.562,7.8679,-10.8841,11.1,1.0,56.13,False
bullish_engulfing_support,chandelier_3x,14,0.3571,1.5122,0.5724,8.0132,-12.8846,24.5,0.9286,53.58,False
bullish_engulfing_support,time_stop_20d,14,0.6429,1.6669,1.0464,14.6501,-20.519,29.0,1.0,51.68,False
bullish_engulfing_support,regime_flip,14,0.6429,1.6669,1.0464,14.6501,-20.519,29.0,1.0,51.68,False
bullish_engulfing_support,atr_trail_vix_conditional,14,0.3571,0.9927,-0.0081,-0.1128,-13.5132,8.1,0.9286,43.3,False
bullish_engulfing_support,r_multiple_3r,14,0.2857,0.9483,-0.099,-1.3857,-13.0651,17.9,1.0,41.72,False
bullish_engulfing_support,smc_mitigation_zone,14,0.4286,0.4593,-0.4869,-6.8168,-6.1324,3.3,1.0,37.1,False
bullish_engulfing_support,trailing_10pct,14,0.3571,1.025,0.0805,1.1265,-29.6657,70.1,0.9286,35.98,False
bullish_engulfing_support,hybrid_50pct_target,14,0.5714,0.7621,-0.9799,-13.7181,-23.449,80.4,0.8571,31.54,False
bullish_engulfing_support,fixed_4r_2r,14,0.3571,0.7589,-0.8692,-12.1682,-23.7333,28.1,0.9286,28.4,False
bullish_engulfing_support,earnings_blackout,14,0.3571,0.4163,-4.1917,-58.6842,-52.7363,81.0,0.0,11.12,False
bullish_engulfing_support,trailing_15pct,14,0.2143,0.3724,-3.4712,-48.5967,-49.7926,121.2,0.8571,7.78,False
smc_discount_long,breakeven_plus_trail,7,0.1429,6.1575,13.0146,91.1021,-9.0767,46.1,1.0,75.8,True
smc_discount_long,ma_exit_ema9,7,0.2857,2.1177,1.5633,10.9431,-7.273,5.6,1.0,67.91,False
smc_discount_long,smart_money_reversal,7,0.2857,1.4561,0.9108,6.3756,-8.4555,5.9,1.0,57.78,False
smc_discount_long,multi_tier_partial,7,0.4286,1.0284,0.0532,0.3721,-6.7437,6.3,1.0,53.65,False
smc_discount_long,reverse_signal,7,0.2857,1.2095,0.5037,3.526,-11.3051,6.7,1.0,49.81,False
smc_discount_long,atr_trail_mae_conditional,7,0.2857,1.2095,0.5037,3.526,-11.3051,6.7,1.0,49.81,False
smc_discount_long,atr_trail_1x,7,0.2857,1.2095,0.5037,3.526,-11.3051,6.7,1.0,49.81,False
smc_discount_long,mfe_lockin_trail,7,0.2857,1.1324,0.3183,2.2284,-11.3051,5.7,1.0,48.18,False
smc_discount_long,atr_trail_vix_conditional,7,0.2857,1.1216,0.3318,2.3227,-12.6871,6.6,1.0,46.27,False
smc_discount_long,trailing_15pct,7,0.1429,1.3038,3.2343,22.6398,-47.5799,106.3,1.0,42.43,False
smc_discount_long,break_even_at_1r,7,0.1429,0.7693,-0.4615,-3.2304,-8.4798,8.4,1.0,40.48,False
smc_discount_long,smc_mitigation_zone,7,0.2857,0.5093,-0.7059,-4.9413,-7.687,2.6,1.0,34.8,False
smc_discount_long,earnings_blackout,7,0.2857,0.9841,-0.1227,-0.859,-38.871,87.3,0.0,33.77,False
smc_discount_long,trailing_5pct,7,0.1429,0.7263,-0.9115,-6.3804,-14.5313,11.7,1.0,31.06,False
smc_discount_long,time_stop_10d,7,0.2857,0.8117,-0.715,-5.0048,-25.0828,14.3,1.0,28.94,False
smc_discount_long,chandelier_3x,7,0.0,0.0,-0.47,-3.2901,-2.2942,1.0,1.0,28.93,False
smc_discount_long,next_pivot_target,7,0.5714,0.4113,-2.0959,-14.6713,-16.4375,19.4,1.0,21.68,False
smc_discount_long,r_multiple_3r,7,0.1429,0.5212,-1.6173,-11.3208,-18.1182,6.3,1.0,18.72,False
smc_discount_long,time_stop_20d,7,0.2857,0.5139,-2.6566,-18.5961,-27.5316,29.1,1.0,16.67,False
smc_discount_long,regime_flip,7,0.2857,0.5139,-2.6566,-18.5961,-27.5316,29.1,1.0,16.67,False
smc_discount_long,atr_trail_2x,7,0.1429,0.476,-2.535,-17.7451,-26.6838,12.3,1.0,13.14,False
smc_discount_long,r_multiple_2r,7,0.1429,0.3474,-2.204,-15.4279,-18.1182,5.7,1.0,9.54,False
smc_discount_long,fixed_4r_2r,7,0.1429,0.4142,-3.3195,-23.2366,-30.8638,25.4,1.0,9.11,False
smc_discount_long,trailing_10pct,7,0.1429,0.225,-5.301,-37.107,-30.7814,43.4,1.0,2.14,False
smc_discount_long,hybrid_50pct_target,7,0.1429,0.1925,-6.9218,-48.4527,-40.0,60.1,1.0,2.14,False
smc_discount_long,class_time_stop,7,0.1429,0.2502,-7.4537,-52.1756,-62.5508,43.6,1.0,2.14,False
po3_bearish,next_pivot_target,34,0.7353,0.5813,-1.055,-35.8715,-51.2292,9.7,1.0,28.34,True
po3_bearish,breakeven_plus_trail,34,0.1471,0.4788,-2.0338,-69.1491,-91.0259,20.7,1.0,14.07,False
po3_bearish,ma_exit_ema9,34,0.2353,0.3252,-0.9843,-33.4649,-31.69,3.6,1.0,9.55,False
po3_bearish,atr_trail_vix_conditional,34,0.1176,0.3798,-1.6484,-56.045,-50.8745,6.4,1.0,9.46,False
po3_bearish,multi_tier_partial,34,0.2941,0.2376,-1.6869,-57.3546,-53.464,4.8,1.0,9.38,False
po3_bearish,smc_mitigation_zone,34,0.1765,0.2302,-1.3624,-46.3226,-42.851,2.7,1.0,8.1,False
po3_bearish,trailing_5pct,34,0.1471,0.3473,-1.8371,-62.4613,-57.4613,16.1,1.0,7.79,False
po3_bearish,atr_trail_mae_conditional,34,0.1765,0.1633,-2.0098,-68.3329,-63.1624,4.9,1.0,7.13,False
po3_bearish,smart_money_reversal,34,0.1765,0.1633,-2.0098,-68.3329,-63.1624,4.9,1.0,7.13,False
po3_bearish,reverse_signal,34,0.1765,0.1633,-2.0098,-68.3329,-63.1624,4.9,1.0,7.13,False
po3_bearish,atr_trail_1x,34,0.1765,0.1633,-2.0098,-68.3329,-63.1624,4.9,1.0,7.13,False
po3_bearish,mfe_lockin_trail,34,0.1765,0.1125,-2.1319,-72.483,-67.3125,4.6,1.0,6.95,False
po3_bearish,r_multiple_3r,34,0.1176,0.3198,-2.1321,-72.4907,-67.3202,8.5,1.0,6.07,False
po3_bearish,break_even_at_1r,34,0.0588,0.279,-1.6654,-56.6229,-51.4524,7.4,1.0,5.88,False
po3_bearish,time_stop_10d,34,0.2647,0.2673,-3.795,-129.0296,-116.7344,14.5,1.0,5.78,False
po3_bearish,r_multiple_2r,34,0.1176,0.2248,-2.4298,-82.6145,-77.444,8.0,1.0,5.62,False
po3_bearish,chandelier_3x,34,0.0588,0.2061,-2.0375,-69.2749,-67.9679,8.6,1.0,5.33,False
po3_bearish,earnings_blackout,34,0.3235,0.2903,-8.5506,-290.7211,-377.303,84.0,0.0,4.85,False
po3_bearish,hybrid_50pct_target,34,0.2941,0.3101,-4.7793,-162.4968,-180.121,46.6,0.9706,4.74,False
po3_bearish,atr_trail_2x,34,0.1471,0.2056,-3.4541,-117.4381,-107.097,14.5,1.0,4.53,False
po3_bearish,regime_flip,34,0.2647,0.1292,-6.4646,-219.7948,-203.9008,29.0,1.0,3.97,False
po3_bearish,time_stop_20d,34,0.2647,0.1292,-6.4646,-219.7948,-203.9008,29.0,1.0,3.97,False
po3_bearish,class_time_stop,34,0.2353,0.1272,-6.2617,-212.8972,-220.4542,43.0,1.0,3.53,False
po3_bearish,fixed_4r_2r,34,0.1176,0.2569,-4.4572,-151.5452,-167.8931,20.2,1.0,2.58,False
po3_bearish,trailing_10pct,34,0.1471,0.1186,-5.9409,-201.9922,-191.9922,33.7,1.0,2.21,False
po3_bearish,trailing_15pct,34,0.0882,0.1269,-8.287,-281.7581,-282.2297,70.7,0.9706,1.32,False
smc_order_block_bounce,ma_exit_ema9,27,0.3704,1.0699,0.0723,1.9529,-11.2478,2.3,1.0,47.99,True
smc_order_block_bounce,breakeven_plus_trail,27,0.2963,1.5331,1.9447,52.5061,-66.724,29.5,0.963,46.11,False
smc_order_block_bounce,atr_trail_2x,27,0.2593,1.3495,1.3194,35.6235,-59.8646,15.8,0.963,42.01,False
smc_order_block_bounce,atr_trail_vix_conditional,27,0.2593,1.2662,0.6399,17.2771,-28.4099,7.9,1.0,39.68,False
smc_order_block_bounce,r_multiple_3r,27,0.2593,1.2456,0.7192,19.418,-39.3923,8.8,0.963,39.47,False
smc_order_block_bounce,next_pivot_target,27,0.6667,0.8838,-0.3303,-8.9192,-36.9073,9.7,1.0,36.98,False
smc_order_block_bounce,earnings_blackout,27,0.5185,0.9187,-0.731,-19.737,-129.7875,81.7,0.0,34.94,False
smc_order_block_bounce,mfe_lockin_trail,27,0.2222,1.0609,0.1465,3.9551,-34.4557,6.4,1.0,34.76,False
smc_order_block_bounce,fixed_4r_2r,27,0.2963,1.0058,0.0289,0.7812,-79.6216,21.0,0.9259,34.61,False
smc_order_block_bounce,r_multiple_2r,27,0.2593,1.012,0.0352,0.9515,-42.3695,7.3,1.0,34.19,False
smc_order_block_bounce,hybrid_50pct_target,27,0.4074,0.9278,-0.4025,-10.8675,-81.3576,48.4,0.8889,33.97,False
smc_order_block_bounce,atr_trail_1x,27,0.2222,0.9943,-0.0138,-0.3727,-33.972,7.4,1.0,33.2,False
smc_order_block_bounce,smart_money_reversal,27,0.2222,0.9943,-0.0138,-0.3727,-33.972,7.4,1.0,33.2,False
smc_order_block_bounce,atr_trail_mae_conditional,27,0.2222,0.9943,-0.0138,-0.3727,-33.972,7.4,1.0,33.2,False
smc_order_block_bounce,reverse_signal,27,0.2222,0.9943,-0.0138,-0.3727,-33.972,7.4,1.0,33.2,False
smc_order_block_bounce,class_time_stop,27,0.4444,0.8694,-0.8789,-23.7306,-99.6272,41.9,1.0,32.48,False
smc_order_block_bounce,time_stop_10d,27,0.3333,0.8885,-0.5406,-14.5955,-86.4838,14.4,1.0,31.77,False
smc_order_block_bounce,trailing_10pct,27,0.2593,0.8916,-0.6345,-17.131,-102.5062,36.1,0.963,30.59,False
smc_order_block_bounce,regime_flip,27,0.4074,0.8022,-1.1838,-31.9615,-86.4638,28.1,1.0,29.82,False
smc_order_block_bounce,time_stop_20d,27,0.4074,0.8022,-1.1838,-31.9615,-86.4638,28.1,1.0,29.82,False
smc_order_block_bounce,multi_tier_partial,27,0.3333,0.6597,-0.8081,-21.8199,-33.3038,6.7,1.0,25.27,False
smc_order_block_bounce,smc_mitigation_zone,27,0.2963,0.5663,-0.5338,-14.4121,-18.2397,2.9,1.0,24.2,False
smc_order_block_bounce,chandelier_3x,27,0.0,0.0,-0.292,-7.8839,-7.7459,1.2,1.0,22.38,False
smc_order_block_bounce,trailing_15pct,27,0.2222,0.5472,-3.7192,-100.4189,-175.0007,74.5,0.9259,15.41,False
smc_order_block_bounce,break_even_at_1r,27,0.1481,0.4008,-1.5349,-41.4417,-42.7906,12.5,1.0,11.19,False
smc_order_block_bounce,trailing_5pct,27,0.2222,0.2495,-2.4175,-65.2732,-65.4245,11.2,1.0,7.21,False
institutional_persistence_oversold_long,earnings_blackout,6,1.0,999.0,20.792,124.7519,0.0,85.8,0.0,100.0,False
institutional_persistence_oversold_long,r_multiple_3r,6,0.6667,6.2986,7.6147,45.688,-4.5383,11.7,1.0,89.33,True
institutional_persistence_oversold_long,r_multiple_2r,6,0.6667,4.1668,4.551,27.3062,-4.5383,6.8,1.0,88.65,False
institutional_persistence_oversold_long,time_stop_20d,6,0.6667,7.9675,7.9526,47.7158,-5.5839,28.2,1.0,88.02,False
institutional_persistence_oversold_long,regime_flip,6,0.6667,7.9675,7.9526,47.7158,-5.5839,28.2,1.0,88.02,False
institutional_persistence_oversold_long,hybrid_50pct_target,6,0.8333,8.2266,12.0444,72.2664,-10.0,56.5,1.0,85.0,False
institutional_persistence_oversold_long,break_even_at_1r,6,0.3333,8.8361,11.5146,69.0878,-4.5383,29.0,1.0,84.33,False
institutional_persistence_oversold_long,atr_trail_2x,6,0.6667,7.1143,14.7703,88.6217,-9.0767,33.5,1.0,83.65,False
institutional_persistence_oversold_long,atr_trail_vix_conditional,6,0.6667,2.7353,2.9303,17.5818,-6.8075,13.0,1.0,81.49,False
institutional_persistence_oversold_long,breakeven_plus_trail,6,0.5,11.2598,15.5209,93.1253,-9.0767,67.3,1.0,81.15,False
institutional_persistence_oversold_long,fixed_4r_2r,6,0.5,2.7225,6.9767,41.8602,-9.0767,19.2,1.0,79.17,False
institutional_persistence_oversold_long,trailing_10pct,6,0.5,3.6726,11.7644,70.5865,-12.0136,43.5,1.0,77.48,False
institutional_persistence_oversold_long,trailing_15pct,6,0.5,2.8858,8.5166,51.0998,-15.0,88.2,1.0,72.96,False
institutional_persistence_oversold_long,smc_mitigation_zone,6,0.6667,1.5085,0.4241,2.5446,-0.9202,1.3,1.0,72.91,False
institutional_persistence_oversold_long,ma_exit_ema9,6,0.6667,1.4971,0.4178,2.5066,-0.9202,1.3,1.0,72.74,False
institutional_persistence_oversold_long,class_time_stop,6,0.6667,4.6372,14.3488,86.0927,-21.7757,43.0,1.0,70.0,False
institutional_persistence_oversold_long,next_pivot_target,6,0.8333,1.9759,1.954,11.7241,-12.0136,5.8,1.0,69.36,False
institutional_persistence_oversold_long,mfe_lockin_trail,6,0.5,1.905,1.7578,10.547,-7.5703,6.2,1.0,68.87,False
institutional_persistence_oversold_long,smart_money_reversal,6,0.5,1.7636,1.4834,8.9001,-7.5703,6.3,1.0,66.88,False
institutional_persistence_oversold_long,atr_trail_mae_conditional,6,0.5,1.7636,1.4834,8.9001,-7.5703,6.3,1.0,66.88,False
institutional_persistence_oversold_long,atr_trail_1x,6,0.5,1.7636,1.4834,8.9001,-7.5703,6.3,1.0,66.88,False
institutional_persistence_oversold_long,reverse_signal,6,0.5,1.7636,1.4834,8.9001,-7.5703,6.3,1.0,66.88,False
institutional_persistence_oversold_long,time_stop_10d,6,0.6667,1.9995,3.319,19.9139,-16.623,14.2,1.0,63.39,False
institutional_persistence_oversold_long,multi_tier_partial,6,0.5,0.9205,-0.1544,-0.9266,-7.5703,5.2,1.0,51.11,False
institutional_persistence_oversold_long,trailing_5pct,6,0.3333,0.939,-0.1661,-0.9968,-11.3499,7.0,1.0,44.27,False
institutional_persistence_oversold_long,chandelier_3x,6,0.0,0.0,-0.2659,-1.5952,-1.3547,1.3,1.0,30.41,False
smc_equal_lows_sweep_long,next_pivot_target,11,1.0,999.0,1.7915,19.7063,0.0,3.5,1.0,95.19,True
smc_equal_lows_sweep_long,earnings_blackout,11,0.8182,12.7629,13.8558,152.4136,-4.2707,76.6,0.0,91.93,False
smc_equal_lows_sweep_long,class_time_stop,11,0.7273,15.7194,9.3148,102.4631,-4.248,42.0,1.0,90.6,False
smc_equal_lows_sweep_long,smc_mitigation_zone,11,0.7273,6.4191,1.2856,14.1411,-1.9546,3.7,1.0,87.89,False
smc_equal_lows_sweep_long,time_stop_10d,11,0.7273,7.1305,7.1171,78.2883,-7.1345,14.7,1.0,86.99,False
smc_equal_lows_sweep_long,hybrid_50pct_target,11,0.9091,19.2679,16.6072,182.679,-10.0,78.2,0.9091,86.14,False
smc_equal_lows_sweep_long,ma_exit_ema9,11,0.4545,8.9216,8.1635,89.7983,-5.9533,18.5,1.0,84.38,False
smc_equal_lows_sweep_long,chandelier_3x,11,0.3636,21.686,19.6325,215.9577,-5.5646,32.8,0.9091,83.5,False
smc_equal_lows_sweep_long,trailing_5pct,11,0.4545,5.5918,9.0029,99.0314,-10.1585,32.4,0.9091,79.12,False
smc_equal_lows_sweep_long,trailing_10pct,11,0.7273,12.1632,20.7693,228.4622,-13.7978,75.4,0.9091,78.66,False
smc_equal_lows_sweep_long,breakeven_plus_trail,11,0.8182,17.5441,22.7832,250.6157,-15.1483,79.0,0.9091,78.34,False
smc_equal_lows_sweep_long,fixed_4r_2r,11,0.8182,8.9928,11.0071,121.0776,-15.1483,38.4,0.8182,78.34,False
smc_equal_lows_sweep_long,atr_trail_vix_conditional,11,0.3636,3.1168,4.8777,53.6547,-10.4553,16.0,1.0,77.2,False
smc_equal_lows_sweep_long,break_even_at_1r,11,0.3636,8.5319,16.2746,179.0201,-11.8995,30.5,0.9091,75.58,False
smc_equal_lows_sweep_long,atr_trail_2x,11,0.6364,6.2091,10.4482,114.9305,-15.647,31.5,0.9091,74.99,False
smc_equal_lows_sweep_long,time_stop_20d,11,0.7273,3.2638,6.162,67.7818,-22.7557,29.1,1.0,70.91,False
smc_equal_lows_sweep_long,regime_flip,11,0.7273,3.2638,6.162,67.7818,-22.7557,29.1,1.0,70.91,False
smc_equal_lows_sweep_long,trailing_15pct,11,0.6364,11.7437,26.5859,292.4444,-26.9989,114.8,0.8182,69.55,False
smc_equal_lows_sweep_long,multi_tier_partial,11,0.5455,1.8486,1.0807,11.8878,-7.7429,8.0,1.0,67.71,False
smc_equal_lows_sweep_long,smart_money_reversal,11,0.3636,1.5076,0.9643,10.6068,-10.6215,7.8,1.0,57.03,False
smc_equal_lows_sweep_long,r_multiple_3r,11,0.4545,1.9817,2.4918,27.4101,-18.5825,10.8,1.0,56.33,False
smc_equal_lows_sweep_long,reverse_signal,11,0.3636,1.3565,0.7527,8.2797,-12.9486,8.2,1.0,51.64,False
smc_equal_lows_sweep_long,atr_trail_1x,11,0.3636,1.3565,0.7527,8.2797,-12.9486,8.2,1.0,51.64,False
smc_equal_lows_sweep_long,atr_trail_mae_conditional,11,0.3636,1.3565,0.7527,8.2797,-12.9486,8.2,1.0,51.64,False
smc_equal_lows_sweep_long,r_multiple_2r,11,0.4545,1.3137,0.7962,8.7583,-18.5825,6.7,1.0,45.37,False
smc_equal_lows_sweep_long,mfe_lockin_trail,11,0.3636,0.8726,-0.2689,-2.9582,-12.9486,6.6,1.0,41.07,False
bollinger_tight,earnings_blackout,7,0.8571,12.5296,10.9092,76.3642,-6.6233,87.6,0.0,89.58,False
bollinger_tight,time_stop_20d,7,0.5714,5.5471,2.804,19.628,-2.8939,29.3,1.0,86.66,True
bollinger_tight,regime_flip,7,0.5714,5.5471,2.804,19.628,-2.8939,29.3,1.0,86.66,False
bollinger_tight,reverse_signal,7,0.7143,2.5767,3.744,26.2077,-11.8284,39.9,1.0,75.93,False
bollinger_tight,ma_exit_ema9,7,0.5714,1.7709,0.7095,4.9668,-2.0486,4.3,1.0,73.78,False
bollinger_tight,smc_mitigation_zone,7,0.4286,1.7451,0.9384,6.5691,-2.6834,5.0,1.0,70.89,False
bollinger_tight,r_multiple_3r,7,0.4286,1.6895,1.733,12.1309,-5.567,11.3,1.0,67.81,False
bollinger_tight,hybrid_50pct_target,7,0.7143,1.9022,2.5779,18.045,-17.832,62.6,1.0,60.46,False
bollinger_tight,r_multiple_2r,7,0.4286,1.1855,0.4662,3.2633,-6.0656,8.7,1.0,58.03,False
bollinger_tight,next_pivot_target,7,0.8571,0.9622,-0.054,-0.3782,-10.0,5.0,1.0,54.49,False
bollinger_tight,trailing_5pct,7,0.4286,0.9824,-0.0458,-0.3206,-8.5375,23.4,1.0,50.32,False
bollinger_tight,class_time_stop,7,0.4286,1.0896,0.2921,2.045,-15.3919,10.3,1.0,44.38,False
bollinger_tight,mfe_lockin_trail,7,0.1429,0.9859,-0.0334,-0.2336,-10.0071,5.0,1.0,44.29,False
bollinger_tight,atr_trail_1x,7,0.1429,0.9192,-0.1919,-1.343,-10.0071,5.9,1.0,42.62,False
bollinger_tight,smart_money_reversal,7,0.1429,0.9192,-0.1919,-1.343,-10.0071,5.9,1.0,42.62,False
bollinger_tight,atr_trail_mae_conditional,7,0.1429,0.9192,-0.1919,-1.343,-10.0071,5.9,1.0,42.62,False
bollinger_tight,time_stop_10d,7,0.4286,0.89,-0.4275,-2.9922,-15.063,14.3,1.0,39.57,False
bollinger_tight,atr_trail_vix_conditional,7,0.2857,0.7849,-0.5935,-4.1548,-11.5981,9.0,1.0,38.94,False
bollinger_tight,multi_tier_partial,7,0.1429,0.7507,-0.5916,-4.1411,-10.0071,5.9,1.0,37.87,False
bollinger_tight,fixed_4r_2r,7,0.4286,0.9122,-0.5425,-3.7978,-20.189,22.6,1.0,33.73,False
bollinger_tight,break_even_at_1r,7,0.1429,0.5523,-1.1253,-7.877,-9.038,24.6,1.0,32.0,False
bollinger_tight,chandelier_3x,7,0.0,0.0,-0.2551,-1.7859,-1.5454,1.9,1.0,30.19,False
bollinger_tight,atr_trail_2x,7,0.2857,0.3715,-2.7413,-19.1894,-17.3419,14.1,1.0,13.22,False
bollinger_tight,breakeven_plus_trail,7,0.1429,0.3596,-2.4716,-17.3014,-18.076,37.7,1.0,9.89,False
bollinger_tight,trailing_10pct,7,0.1429,0.2356,-4.5023,-31.5161,-24.1757,44.3,1.0,2.89,False
bollinger_tight,trailing_15pct,7,0.1429,0.0653,-7.4025,-51.8173,-47.5734,134.0,1.0,2.14,False
pead_short_negative_yoy_growth,r_multiple_2r,44,0.3636,1.2781,0.5097,22.4271,-18.0669,8.8,1.0,43.66,True
pead_short_negative_yoy_growth,r_multiple_3r,44,0.25,1.0739,0.1634,7.1913,-36.2781,13.4,1.0,35.46,False
pead_short_negative_yoy_growth,class_time_stop,44,0.4773,0.8987,-0.4752,-20.9081,-113.2229,43.6,1.0,34.26,False
pead_short_negative_yoy_growth,next_pivot_target,44,0.75,0.6145,-0.7349,-32.3357,-43.513,12.8,1.0,30.17,False
pead_short_negative_yoy_growth,time_stop_10d,44,0.4091,0.7274,-0.7524,-33.1057,-54.6203,14.8,1.0,28.49,False
pead_short_negative_yoy_growth,fixed_4r_2r,44,0.2955,0.7919,-0.9048,-39.8095,-81.9784,25.1,1.0,28.3,False
pead_short_negative_yoy_growth,hybrid_50pct_target,44,0.4773,0.6401,-1.8811,-82.7667,-141.4878,69.8,0.9773,25.2,False
pead_short_negative_yoy_growth,trailing_5pct,44,0.2727,0.6738,-0.8083,-35.5672,-42.2412,23.9,1.0,24.79,False
pead_short_negative_yoy_growth,time_stop_20d,44,0.4545,0.6017,-1.6134,-70.9886,-91.6025,29.2,1.0,23.99,False
pead_short_negative_yoy_growth,regime_flip,44,0.4545,0.6017,-1.6134,-70.9886,-91.6025,29.2,1.0,23.99,False
pead_short_negative_yoy_growth,chandelier_3x,44,0.0682,0.6497,-0.2396,-10.5423,-20.5284,8.2,1.0,21.83,False
pead_short_negative_yoy_growth,multi_tier_partial,44,0.4091,0.478,-0.7855,-34.5599,-33.0255,5.4,1.0,19.84,False
pead_short_negative_yoy_growth,break_even_at_1r,44,0.0909,0.5463,-0.6722,-29.5787,-36.9551,13.0,1.0,17.97,False
pead_short_negative_yoy_growth,breakeven_plus_trail,44,0.2045,0.4648,-1.4974,-65.8849,-80.413,31.0,1.0,15.13,False
pead_short_negative_yoy_growth,atr_trail_2x,44,0.2727,0.4465,-1.7332,-76.2625,-88.4346,18.1,1.0,14.98,False
pead_short_negative_yoy_growth,atr_trail_vix_conditional,44,0.2273,0.3986,-0.9968,-43.8599,-51.9707,6.2,1.0,13.08,False
pead_short_negative_yoy_growth,trailing_10pct,44,0.3409,0.408,-2.8018,-123.2801,-139.2893,54.9,0.9773,12.55,False
pead_short_negative_yoy_growth,earnings_blackout,44,0.4091,0.4477,-5.2611,-231.4899,-336.8433,87.4,0.0,12.18,False
pead_short_negative_yoy_growth,smc_mitigation_zone,44,0.2727,0.3419,-0.7053,-31.0344,-35.011,2.0,1.0,11.05,False
pead_short_negative_yoy_growth,mfe_lockin_trail,44,0.2273,0.3616,-1.0368,-45.6193,-44.4019,5.7,1.0,11.02,False
pead_short_negative_yoy_growth,trailing_15pct,44,0.3182,0.416,-4.1087,-180.7829,-237.8812,117.3,0.9773,10.65,False
pead_short_negative_yoy_growth,ma_exit_ema9,44,0.2727,0.3144,-0.9278,-40.8226,-44.7992,3.9,1.0,10.2,False
pead_short_negative_yoy_growth,atr_trail_mae_conditional,44,0.2273,0.3441,-1.0653,-46.8739,-45.3415,5.8,1.0,9.96,False
pead_short_negative_yoy_growth,reverse_signal,44,0.2273,0.3441,-1.0653,-46.8739,-45.3415,5.8,1.0,9.96,False
pead_short_negative_yoy_growth,smart_money_reversal,44,0.2273,0.3441,-1.0653,-46.8739,-45.3415,5.8,1.0,9.96,False
pead_short_negative_yoy_growth,atr_trail_1x,44,0.2273,0.3441,-1.0653,-46.8739,-45.3415,5.8,1.0,9.96,False
xs_momentum_bottom_decile_short,next_pivot_target,23,0.7391,0.4784,-1.0322,-23.7401,-41.277,7.4,1.0,24.44,True
xs_momentum_bottom_decile_short,multi_tier_partial,23,0.3913,0.3003,-1.7821,-40.9876,-53.2524,5.8,1.0,10.7,False
xs_momentum_bottom_decile_short,ma_exit_ema9,23,0.3043,0.1841,-1.0097,-23.223,-23.6011,4.3,1.0,10.55,False
xs_momentum_bottom_decile_short,smc_mitigation_zone,23,0.2174,0.1045,-1.479,-34.0166,-34.4741,3.3,1.0,8.54,False
xs_momentum_bottom_decile_short,breakeven_plus_trail,23,0.1739,0.3576,-3.1999,-73.597,-99.7727,24.2,0.9565,6.75,False
xs_momentum_bottom_decile_short,mfe_lockin_trail,23,0.1304,0.193,-2.2392,-51.5023,-61.7385,6.1,1.0,6.1,False
xs_momentum_bottom_decile_short,r_multiple_2r,23,0.1739,0.2804,-2.6975,-62.0428,-77.993,7.2,1.0,6.06,False
xs_momentum_bottom_decile_short,atr_trail_vix_conditional,23,0.1739,0.0766,-2.7531,-63.3202,-65.9281,5.8,1.0,5.98,False
xs_momentum_bottom_decile_short,smart_money_reversal,23,0.1304,0.1293,-2.416,-55.5684,-61.9936,6.3,1.0,5.83,False
xs_momentum_bottom_decile_short,reverse_signal,23,0.1304,0.1293,-2.416,-55.5684,-61.9936,6.3,1.0,5.83,False
xs_momentum_bottom_decile_short,atr_trail_1x,23,0.1304,0.1293,-2.416,-55.5684,-61.9936,6.3,1.0,5.83,False
xs_momentum_bottom_decile_short,atr_trail_mae_conditional,23,0.1304,0.1293,-2.416,-55.5684,-61.9936,6.3,1.0,5.83,False
xs_momentum_bottom_decile_short,hybrid_50pct_target,23,0.3043,0.2821,-4.3984,-101.1629,-132.3076,44.9,0.8696,5.47,False
xs_momentum_bottom_decile_short,class_time_stop,23,0.3043,0.1674,-7.7467,-178.174,-191.2339,41.4,1.0,4.56,False
xs_momentum_bottom_decile_short,time_stop_10d,23,0.3043,0.0947,-5.6193,-129.2443,-135.3179,14.6,1.0,4.56,False
xs_momentum_bottom_decile_short,trailing_5pct,23,0.087,0.0939,-2.8899,-66.467,-66.4482,14.3,1.0,4.47,False
xs_momentum_bottom_decile_short,chandelier_3x,23,0.0,0.0,-2.0443,-47.0183,-44.738,6.7,1.0,4.43,False
xs_momentum_bottom_decile_short,regime_flip,23,0.2609,0.1373,-6.7926,-156.2302,-164.4318,28.3,1.0,3.91,False
xs_momentum_bottom_decile_short,time_stop_20d,23,0.2609,0.1373,-6.7926,-156.2302,-164.4318,28.3,1.0,3.91,False
xs_momentum_bottom_decile_short,earnings_blackout,23,0.2609,0.1293,-15.8539,-364.6395,-401.1749,77.5,0.0,3.91,False
xs_momentum_bottom_decile_short,break_even_at_1r,23,0.0435,0.0244,-2.8748,-66.1195,-67.7717,6.7,1.0,3.84,False
xs_momentum_bottom_decile_short,trailing_10pct,23,0.1739,0.0777,-5.7815,-132.9749,-129.3746,33.1,0.9565,2.61,False
xs_momentum_bottom_decile_short,fixed_4r_2r,23,0.1739,0.2199,-5.1642,-118.7774,-138.2875,19.8,0.913,2.61,False
xs_momentum_bottom_decile_short,r_multiple_3r,23,0.0435,0.029,-3.9426,-90.6802,-87.38,9.3,0.9565,2.24,False
xs_momentum_bottom_decile_short,trailing_15pct,23,0.1304,0.1379,-7.8455,-180.4475,-194.7286,59.8,0.913,1.96,False
xs_momentum_bottom_decile_short,atr_trail_2x,23,0.087,0.0442,-4.7986,-110.3686,-109.1415,11.9,1.0,1.61,False
mmbm_long,next_pivot_target,19,1.0,999.0,1.9232,36.5417,0.0,7.4,1.0,95.38,True
mmbm_long,class_time_stop,19,0.7368,9.1691,3.6212,68.8019,-5.439,42.0,1.0,87.19,False
mmbm_long,time_stop_10d,19,0.6842,4.9127,2.0988,39.8779,-4.1309,14.2,1.0,85.75,False
mmbm_long,r_multiple_3r,19,0.5263,3.7781,2.7254,51.7824,-8.1726,11.3,1.0,79.27,False
mmbm_long,chandelier_3x,19,0.2632,3.6817,1.9627,37.2916,-5.6363,19.3,1.0,77.35,False
mmbm_long,breakeven_plus_trail,19,0.3684,3.2585,2.9277,55.6259,-8.8896,56.1,1.0,76.31,False
mmbm_long,r_multiple_2r,19,0.5263,2.6617,1.6301,30.972,-8.1726,7.9,1.0,75.17,False
mmbm_long,hybrid_50pct_target,19,0.8947,6.117,5.3863,102.3401,-20.0,129.9,1.0,73.42,False
mmbm_long,trailing_5pct,19,0.5263,2.476,2.3838,45.2921,-10.4814,42.5,0.9474,71.94,False
mmbm_long,time_stop_20d,19,0.6842,3.4024,2.929,55.6512,-16.7511,27.9,1.0,71.22,False
mmbm_long,regime_flip,19,0.6842,3.4024,2.929,55.6512,-16.7511,27.9,1.0,71.22,False
mmbm_long,trailing_10pct,19,0.6316,3.7918,5.3665,101.9626,-18.6202,123.1,0.9474,71.2,False
mmbm_long,earnings_blackout,19,0.6316,2.2293,2.3668,44.9695,-12.4473,82.7,0.0,68.88,False
mmbm_long,atr_trail_vix_conditional,19,0.3684,2.0123,0.9522,18.0917,-6.7536,9.8,1.0,67.83,False
mmbm_long,mfe_lockin_trail,19,0.4211,1.747,0.5521,10.4906,-5.6942,5.7,1.0,66.45,False
mmbm_long,smart_money_reversal,19,0.4211,1.6976,0.5156,9.7968,-5.6942,6.8,1.0,65.81,False
mmbm_long,reverse_signal,19,0.4211,1.6976,0.5156,9.7968,-5.6942,6.8,1.0,65.81,False
mmbm_long,atr_trail_mae_conditional,19,0.4211,1.6976,0.5156,9.7968,-5.6942,6.8,1.0,65.81,False
mmbm_long,atr_trail_1x,19,0.4211,1.6976,0.5156,9.7968,-5.6942,6.8,1.0,65.81,False
mmbm_long,multi_tier_partial,19,0.5789,1.323,0.2304,4.3784,-5.6942,6.1,1.0,62.64,False
mmbm_long,fixed_4r_2r,19,0.5263,2.1529,2.3589,44.8185,-16.3452,24.1,0.9474,61.71,False
mmbm_long,atr_trail_2x,19,0.4211,1.8831,1.4492,27.5351,-13.7573,20.8,1.0,59.26,False
mmbm_long,ma_exit_ema9,19,0.3158,1.1903,0.117,2.2225,-5.8591,5.2,1.0,56.16,False
mmbm_long,trailing_15pct,19,0.3684,1.8031,3.4848,66.2109,-45.6715,240.9,0.8947,52.83,False
mmbm_long,smc_mitigation_zone,19,0.4737,0.5888,-0.1962,-3.7275,-6.2088,1.3,1.0,43.2,False
mmbm_long,break_even_at_1r,19,0.1053,0.2528,-0.6231,-11.8396,-12.102,16.4,1.0,18.02,False
smc_bos_retest_entry,next_pivot_target,9,1.0,999.0,1.6083,14.4745,0.0,6.2,1.0,94.91,True
smc_bos_retest_entry,breakeven_plus_trail,9,0.3333,18.1627,4.4225,39.8021,-2.3191,76.9,0.8889,86.23,False
smc_bos_retest_entry,multi_tier_partial,9,0.6667,3.3661,1.0968,9.871,-2.6618,10.1,1.0,85.82,False
smc_bos_retest_entry,r_multiple_2r,9,0.5556,4.3999,2.2444,20.1997,-4.4312,13.0,1.0,83.66,False
smc_bos_retest_entry,time_stop_10d,9,0.7778,2.8463,1.328,11.9523,-5.4028,14.2,1.0,83.33,False
smc_bos_retest_entry,class_time_stop,9,0.5556,3.3398,2.5772,23.195,-5.6863,43.4,1.0,82.59,False
smc_bos_retest_entry,reverse_signal,9,0.5556,2.6997,0.8961,8.0652,-2.6618,10.1,1.0,81.69,False
smc_bos_retest_entry,atr_trail_mae_conditional,9,0.5556,2.6997,0.8961,8.0652,-2.6618,10.1,1.0,81.69,False
smc_bos_retest_entry,atr_trail_1x,9,0.5556,2.6997,0.8961,8.0652,-2.6618,10.1,1.0,81.69,False
smc_bos_retest_entry,smart_money_reversal,9,0.5556,2.6997,0.8961,8.0652,-2.6618,10.1,1.0,81.69,False
smc_bos_retest_entry,trailing_5pct,9,0.6667,3.2917,2.0084,18.0754,-7.8875,51.8,1.0,80.65,False
smc_bos_retest_entry,mfe_lockin_trail,9,0.5556,2.486,0.7835,7.0513,-2.6618,9.3,1.0,79.83,False
smc_bos_retest_entry,regime_flip,9,0.7778,2.7531,2.0166,18.149,-9.1211,29.1,1.0,79.03,False
smc_bos_retest_entry,time_stop_20d,9,0.7778,2.7531,2.0166,18.149,-9.1211,29.1,1.0,79.03,False
smc_bos_retest_entry,break_even_at_1r,9,0.1111,5.7037,2.725,24.5248,-4.6405,54.0,0.8889,77.45,False
smc_bos_retest_entry,smc_mitigation_zone,9,0.6667,1.8629,0.2703,2.4324,-2.4938,4.9,1.0,75.03,False
smc_bos_retest_entry,atr_trail_vix_conditional,9,0.4444,1.8096,0.4895,4.4051,-3.358,9.2,1.0,70.35,False
smc_bos_retest_entry,r_multiple_3r,9,0.3333,2.4365,1.6931,15.2382,-9.0977,28.0,1.0,69.41,False
smc_bos_retest_entry,atr_trail_2x,9,0.4444,2.0889,1.0418,9.3761,-7.8418,26.7,1.0,68.51,False
smc_bos_retest_entry,ma_exit_ema9,9,0.6667,1.2173,0.1981,1.7826,-6.9395,9.6,1.0,60.65,False
smc_bos_retest_entry,chandelier_3x,9,0.2222,1.7668,0.7116,6.4047,-8.3525,22.1,1.0,60.62,False
smc_bos_retest_entry,hybrid_50pct_target,9,0.6667,1.3315,1.1049,9.944,-26.3046,117.7,0.8889,47.52,False
smc_bos_retest_entry,trailing_10pct,9,0.4444,1.3907,1.315,11.8354,-27.1161,103.6,0.8889,45.39,False
smc_bos_retest_entry,fixed_4r_2r,9,0.3333,1.1977,0.5781,5.2028,-21.4604,43.9,1.0,39.56,False
smc_bos_retest_entry,trailing_15pct,9,0.3333,0.7216,-1.4381,-12.943,-37.7601,164.3,0.8889,26.16,False
smc_bos_retest_entry,earnings_blackout,9,0.4444,0.5631,-2.0135,-18.1217,-26.5435,87.0,0.0,21.88,False
smc_fvg_retest_short,r_multiple_3r,5,0.2,1.1571,0.423,2.1152,-8.255,10.0,1.0,51.3,True
smc_fvg_retest_short,r_multiple_2r,5,0.2,0.7577,-0.6525,-3.2623,-8.255,8.6,1.0,41.02,False
smc_fvg_retest_short,hybrid_50pct_target,5,0.6,1.0679,0.2718,1.3589,-20.0,34.2,1.0,40.75,False
smc_fvg_retest_short,chandelier_3x,5,0.2,0.1167,-1.1905,-5.9523,-4.2809,13.2,1.0,28.36,False
smc_fvg_retest_short,smc_mitigation_zone,5,0.2,0.232,-1.4423,-7.2115,-5.8207,6.2,1.0,26.06,False
smc_fvg_retest_short,mfe_lockin_trail,5,0.2,0.3853,-1.5027,-7.5137,-8.255,7.0,1.0,25.89,False
smc_fvg_retest_short,multi_tier_partial,5,0.2,0.2579,-1.8142,-9.0708,-8.255,7.2,1.0,22.46,False
smc_fvg_retest_short,atr_trail_mae_conditional,5,0.2,0.1782,-2.009,-10.0449,-8.6541,7.2,1.0,21.67,False
smc_fvg_retest_short,smart_money_reversal,5,0.2,0.1782,-2.009,-10.0449,-8.6541,7.2,1.0,21.67,False
smc_fvg_retest_short,reverse_signal,5,0.2,0.1782,-2.009,-10.0449,-8.6541,7.2,1.0,21.67,False
smc_fvg_retest_short,atr_trail_1x,5,0.2,0.1782,-2.009,-10.0449,-8.6541,7.2,1.0,21.67,False
smc_fvg_retest_short,regime_flip,5,0.6,0.4682,-4.6142,-23.0709,-43.3834,29.6,1.0,16.54,False
smc_fvg_retest_short,time_stop_20d,5,0.6,0.4682,-4.6142,-23.0709,-43.3834,29.6,1.0,16.54,False
smc_fvg_retest_short,time_stop_10d,5,0.4,0.3493,-2.386,-11.9301,-15.5893,15.4,1.0,16.39,False
smc_fvg_retest_short,next_pivot_target,5,0.6,0.1239,-3.0771,-15.3857,-17.5614,7.0,1.0,14.93,False
smc_fvg_retest_short,break_even_at_1r,5,0.0,0.0,-2.6928,-13.464,-11.0064,7.4,1.0,14.7,False
smc_fvg_retest_short,trailing_5pct,5,0.2,0.1022,-3.098,-15.4901,-13.0878,11.6,1.0,14.49,False
smc_fvg_retest_short,ma_exit_ema9,5,0.0,0.0,-2.843,-14.2151,-12.538,3.6,1.0,12.56,False
smc_fvg_retest_short,breakeven_plus_trail,5,0.0,0.0,-3.302,-16.5098,-16.5098,22.4,1.0,6.91,False
smc_fvg_retest_short,class_time_stop,5,0.4,0.1685,-11.8833,-59.4167,-69.5496,45.6,1.0,6.0,False
smc_fvg_retest_short,atr_trail_vix_conditional,5,0.0,0.0,-3.6735,-18.3675,-16.9767,4.6,1.0,5.77,False
smc_fvg_retest_short,atr_trail_2x,5,0.2,0.0625,-4.3247,-21.6235,-20.8827,21.6,1.0,4.01,False
smc_fvg_retest_short,trailing_10pct,5,0.2,0.1438,-4.5341,-22.6705,-26.4774,31.4,1.0,3.7,False
smc_fvg_retest_short,fixed_4r_2r,5,0.2,0.2795,-4.8762,-24.3811,-33.8392,44.2,1.0,3.19,False
smc_fvg_retest_short,trailing_15pct,5,0.2,0.1242,-5.7681,-28.8403,-30.0674,65.4,1.0,3.0,False
smc_fvg_retest_short,earnings_blackout,5,0.0,0.0,-22.4831,-112.4156,-98.3966,88.0,0.0,0.0,False
williams_stoch_dual,ma_exit_ema9,16,0.5,4.3201,1.2125,19.4004,-1.6982,2.9,1.0,84.7,True
williams_stoch_dual,smc_mitigation_zone,16,0.5625,1.945,0.3184,5.0938,-1.8105,1.7,1.0,75.28,False
williams_stoch_dual,breakeven_plus_trail,16,0.125,3.0702,4.7378,75.8051,-36.6169,31.1,1.0,61.48,False
williams_stoch_dual,multi_tier_partial,16,0.5,1.0278,0.0281,0.4489,-11.3866,8.0,1.0,48.87,False
williams_stoch_dual,smart_money_reversal,16,0.25,1.1383,0.1591,2.5456,-16.4216,8.1,1.0,41.11,False
williams_stoch_dual,reverse_signal,16,0.25,1.1383,0.1591,2.5456,-16.4216,8.1,1.0,41.11,False
williams_stoch_dual,atr_trail_mae_conditional,16,0.25,1.1383,0.1591,2.5456,-16.4216,8.1,1.0,41.11,False
williams_stoch_dual,atr_trail_1x,16,0.25,1.1383,0.1591,2.5456,-16.4216,8.1,1.0,41.11,False
williams_stoch_dual,mfe_lockin_trail,16,0.25,1.0678,0.078,1.248,-16.4216,7.7,1.0,39.68,False
williams_stoch_dual,next_pivot_target,16,0.875,0.6588,-0.4694,-7.51,-19.3471,5.9,1.0,34.69,False
williams_stoch_dual,atr_trail_vix_conditional,16,0.1875,1.004,0.0053,0.0855,-18.711,7.8,1.0,34.51,False
williams_stoch_dual,trailing_15pct,16,0.25,0.9545,-0.3821,-6.1138,-88.3702,143.5,0.875,32.22,False
williams_stoch_dual,chandelier_3x,16,0.0,0.0,-0.1431,-2.2894,-2.1482,1.2,1.0,29.6,False
williams_stoch_dual,atr_trail_2x,16,0.1875,0.6132,-0.908,-14.5284,-32.6396,15.2,1.0,21.43,False
williams_stoch_dual,break_even_at_1r,16,0.0625,0.5221,-0.6164,-9.8631,-17.8408,8.9,1.0,19.4,False
williams_stoch_dual,trailing_5pct,16,0.1875,0.5405,-1.2565,-20.1038,-36.8858,19.0,1.0,18.33,False
williams_stoch_dual,time_stop_10d,16,0.3125,0.4906,-1.9089,-30.5429,-51.9023,14.6,1.0,17.24,False
williams_stoch_dual,r_multiple_2r,16,0.1875,0.4916,-0.9771,-15.6342,-21.0681,8.7,1.0,16.8,False
williams_stoch_dual,fixed_4r_2r,16,0.125,0.4329,-2.2327,-35.7231,-50.7072,23.7,1.0,11.38,False
williams_stoch_dual,hybrid_50pct_target,16,0.4375,0.3521,-3.6444,-58.3111,-76.2657,86.6,0.9375,9.72,False
williams_stoch_dual,earnings_blackout,16,0.4375,0.3688,-7.7745,-124.3918,-177.6741,86.8,0.0,8.63,False
williams_stoch_dual,r_multiple_3r,16,0.0625,0.3602,-1.3678,-21.8847,-25.353,10.2,1.0,7.97,False
williams_stoch_dual,regime_flip,16,0.125,0.322,-3.1416,-50.266,-69.2239,28.9,1.0,4.66,False
williams_stoch_dual,time_stop_20d,16,0.125,0.322,-3.1416,-50.266,-69.2239,28.9,1.0,4.66,False
williams_stoch_dual,trailing_10pct,16,0.25,0.2323,-4.5041,-72.0662,-78.2984,72.3,1.0,4.49,False
williams_stoch_dual,class_time_stop,16,0.25,0.1989,-7.4362,-118.9793,-135.2257,43.4,1.0,3.75,False
triangle_descending_short,r_multiple_2r,12,0.3333,1.1868,0.3875,4.6501,-8.3277,8.6,1.0,53.68,True
triangle_descending_short,time_stop_10d,12,0.6667,1.6772,1.5132,18.1586,-20.5438,14.3,1.0,52.86,False
triangle_descending_short,hybrid_50pct_target,12,0.5833,1.0878,0.366,4.3914,-37.5012,64.9,1.0,41.02,False
triangle_descending_short,r_multiple_3r,12,0.25,1.0618,0.1497,1.797,-17.2596,12.1,1.0,38.63,False
triangle_descending_short,atr_trail_vix_conditional,12,0.5,0.6307,-0.5635,-6.7621,-12.2478,9.2,1.0,36.91,False
triangle_descending_short,multi_tier_partial,12,0.4167,0.6782,-0.5146,-6.1748,-12.679,6.2,1.0,36.68,False
triangle_descending_short,class_time_stop,12,0.4167,0.9768,-0.1132,-1.3589,-39.4723,65.9,1.0,35.6,False
triangle_descending_short,chandelier_3x,12,0.1667,0.9957,-0.0075,-0.09,-19.0825,17.6,1.0,33.55,False
triangle_descending_short,break_even_at_1r,12,0.0833,1.0467,0.0767,0.9205,-19.7011,16.0,1.0,32.67,False
triangle_descending_short,next_pivot_target,12,0.75,0.6759,-0.8386,-10.0637,-29.0761,7.0,1.0,31.97,False
triangle_descending_short,mfe_lockin_trail,12,0.3333,0.6013,-0.6472,-7.7668,-13.7158,4.5,1.0,31.47,False
triangle_descending_short,fixed_4r_2r,12,0.25,0.805,-0.8974,-10.7687,-46.4919,34.2,1.0,27.96,False
triangle_descending_short,time_stop_20d,12,0.4167,0.7192,-1.3647,-16.376,-46.1884,29.1,1.0,27.45,False
triangle_descending_short,regime_flip,12,0.4167,0.7192,-1.3647,-16.376,-46.1884,29.1,1.0,27.45,False
triangle_descending_short,breakeven_plus_trail,12,0.1667,0.7615,-0.6463,-7.7552,-32.5172,25.9,1.0,25.95,False
triangle_descending_short,ma_exit_ema9,12,0.4167,0.3301,-0.8732,-10.4783,-12.6975,5.4,1.0,21.57,False
triangle_descending_short,earnings_blackout,12,0.4167,0.5011,-3.1878,-38.2532,-65.7376,87.2,0.0,17.32,False
triangle_descending_short,trailing_10pct,12,0.25,0.5253,-2.5595,-30.7146,-60.5645,52.7,1.0,16.73,False
triangle_descending_short,smc_mitigation_zone,12,0.4167,0.2937,-1.0715,-12.8581,-17.1164,5.8,1.0,15.75,False
triangle_descending_short,trailing_15pct,12,0.3333,0.4599,-2.9593,-35.511,-57.5706,114.2,1.0,14.65,False
triangle_descending_short,reverse_signal,12,0.3333,0.2651,-1.1929,-14.3148,-18.5731,6.2,1.0,12.49,False
triangle_descending_short,smart_money_reversal,12,0.3333,0.2651,-1.1929,-14.3148,-18.5731,6.2,1.0,12.49,False
triangle_descending_short,atr_trail_1x,12,0.3333,0.2651,-1.1929,-14.3148,-18.5731,6.2,1.0,12.49,False
triangle_descending_short,atr_trail_mae_conditional,12,0.3333,0.2651,-1.1929,-14.3148,-18.5731,6.2,1.0,12.49,False
triangle_descending_short,atr_trail_2x,12,0.4167,0.2188,-2.1786,-26.1427,-28.2779,18.4,1.0,10.48,False
triangle_descending_short,trailing_5pct,12,0.3333,0.2572,-1.5532,-18.6385,-23.2106,20.7,1.0,10.17,False
xs_momentum_with_smart_money_long,earnings_blackout,17,0.8824,47.4397,36.0074,612.1257,-12.0865,81.8,0.0,83.13,False
xs_momentum_with_smart_money_long,time_stop_10d,17,0.8235,8.3955,11.3971,193.7506,-12.0366,14.4,1.0,82.31,True
xs_momentum_with_smart_money_long,ma_exit_ema9,17,0.6471,8.8279,11.0441,187.7494,-10.0,13.4,0.9412,82.21,False
xs_momentum_with_smart_money_long,atr_trail_2x,17,0.7647,13.1615,17.1536,291.6112,-12.0437,31.0,0.9412,81.42,False
xs_momentum_with_smart_money_long,r_multiple_2r,17,0.6471,4.7257,6.2888,106.9104,-11.1268,8.6,1.0,80.8,False
xs_momentum_with_smart_money_long,breakeven_plus_trail,17,0.6471,21.3918,24.0143,408.2434,-11.2618,58.4,0.9412,80.63,False
xs_momentum_with_smart_money_long,trailing_10pct,17,0.6471,8.0992,13.161,223.7362,-12.6023,36.4,1.0,78.95,False
xs_momentum_with_smart_money_long,break_even_at_1r,17,0.3529,5.5698,5.4528,92.697,-9.105,18.2,1.0,78.91,False
xs_momentum_with_smart_money_long,atr_trail_vix_conditional,17,0.6471,7.7158,9.4915,161.3554,-12.9128,13.8,1.0,78.57,False
xs_momentum_with_smart_money_long,r_multiple_3r,17,0.5882,4.6518,7.9253,134.7306,-12.5782,12.5,1.0,78.1,False
xs_momentum_with_smart_money_long,chandelier_3x,17,0.1765,8.6418,7.7783,132.2312,-8.9904,9.9,0.9412,76.41,False
xs_momentum_with_smart_money_long,multi_tier_partial,17,0.6471,2.4223,2.1143,35.9426,-9.105,7.9,1.0,74.62,False
xs_momentum_with_smart_money_long,time_stop_20d,17,0.8235,10.5357,13.4959,229.4301,-22.7958,28.8,1.0,72.35,False
xs_momentum_with_smart_money_long,hybrid_50pct_target,17,0.8235,9.156,14.3929,244.679,-20.0,46.8,1.0,72.35,False
xs_momentum_with_smart_money_long,regime_flip,17,0.8235,10.5357,13.4959,229.4301,-22.7958,28.8,1.0,72.35,False
xs_momentum_with_smart_money_long,mfe_lockin_trail,17,0.4118,2.7707,2.9694,50.4799,-11.3904,6.5,1.0,72.26,False
xs_momentum_with_smart_money_long,smart_money_reversal,17,0.4118,2.7073,2.863,48.6712,-11.3904,8.4,1.0,71.63,False
xs_momentum_with_smart_money_long,atr_trail_mae_conditional,17,0.4118,2.7073,2.863,48.6712,-11.3904,8.4,1.0,71.63,False
xs_momentum_with_smart_money_long,reverse_signal,17,0.4118,2.7073,2.863,48.6712,-11.3904,8.4,1.0,71.63,False
xs_momentum_with_smart_money_long,atr_trail_1x,17,0.4118,2.7073,2.863,48.6712,-11.3904,8.4,1.0,71.63,False
xs_momentum_with_smart_money_long,fixed_4r_2r,17,0.6471,4.8887,12.5135,212.73,-22.2535,25.1,1.0,69.71,False
xs_momentum_with_smart_money_long,class_time_stop,17,0.6471,10.1096,19.5373,332.1347,-20.7143,42.7,1.0,69.71,False
xs_momentum_with_smart_money_long,trailing_15pct,17,0.5882,5.8819,17.4391,296.464,-23.8424,71.6,0.9412,68.82,False
xs_momentum_with_smart_money_long,next_pivot_target,17,0.8235,2.3772,2.5122,42.7081,-27.409,6.6,1.0,63.86,False
xs_momentum_with_smart_money_long,smc_mitigation_zone,17,0.4706,1.2109,0.1593,2.7078,-5.0176,1.5,1.0,59.95,False
xs_momentum_with_smart_money_long,trailing_5pct,17,0.2941,1.8931,1.8988,32.2794,-13.9892,12.9,1.0,57.84,False
golden_cross_20_50,breakeven_plus_trail,7,0.1429,16.574,5.1597,36.1176,-2.3191,43.9,1.0,84.24,True
golden_cross_20_50,atr_trail_2x,7,0.2857,2.9273,2.2363,15.6538,-4.9575,27.7,1.0,78.44,False
golden_cross_20_50,ma_exit_ema9,7,0.4286,2.5173,2.1671,15.1695,-8.3004,18.3,1.0,73.21,False
golden_cross_20_50,fixed_4r_2r,7,0.4286,2.2814,2.8849,20.1943,-7.5731,47.4,1.0,73.18,False
golden_cross_20_50,time_stop_10d,7,0.7143,1.9914,0.9396,6.577,-6.6342,14.7,1.0,72.94,False
golden_cross_20_50,earnings_blackout,7,0.5714,2.0888,3.8417,26.8917,-9.8156,83.3,0.0,72.15,False
golden_cross_20_50,hybrid_50pct_target,7,0.7143,2.0181,2.882,20.1741,-10.0,95.4,0.8571,71.92,False
golden_cross_20_50,trailing_15pct,7,0.4286,2.6635,6.5345,45.7417,-13.7771,274.4,1.0,71.77,False
golden_cross_20_50,chandelier_3x,7,0.2857,2.2402,2.174,15.2181,-7.0985,31.0,1.0,70.19,False
golden_cross_20_50,trailing_5pct,7,0.1429,2.4408,2.4686,17.2801,-8.1606,32.3,1.0,68.92,False
golden_cross_20_50,trailing_10pct,7,0.5714,2.3336,3.919,27.4329,-14.3108,112.7,1.0,68.92,False
golden_cross_20_50,class_time_stop,7,0.4286,2.0768,3.1578,22.1045,-9.8156,71.1,1.0,68.86,False
golden_cross_20_50,r_multiple_2r,7,0.2857,1.2816,0.4158,2.9106,-3.7865,11.1,1.0,60.26,False
golden_cross_20_50,next_pivot_target,7,0.7143,0.8575,-0.2071,-1.4496,-5.254,27.3,1.0,55.69,False
golden_cross_20_50,r_multiple_3r,7,0.1429,0.9656,-0.063,-0.4413,-7.9124,16.1,1.0,46.44,False
golden_cross_20_50,regime_flip,7,0.4286,0.8171,-0.3821,-2.675,-13.2363,29.4,1.0,40.17,False
golden_cross_20_50,time_stop_20d,7,0.4286,0.8171,-0.3821,-2.675,-13.2363,29.4,1.0,40.17,False
golden_cross_20_50,smc_mitigation_zone,7,0.4286,0.241,-0.7204,-5.0425,-3.9223,2.3,1.0,32.95,False
golden_cross_20_50,multi_tier_partial,7,0.2857,0.3724,-0.902,-6.3138,-7.5107,4.4,1.0,28.31,False
golden_cross_20_50,atr_trail_vix_conditional,7,0.1429,0.1901,-0.9457,-6.6199,-5.9131,6.6,1.0,25.83,False
golden_cross_20_50,break_even_at_1r,7,0.0,0.0,-1.2688,-8.8818,-6.4242,5.9,1.0,22.57,False
golden_cross_20_50,smart_money_reversal,7,0.1429,0.0927,-1.4207,-9.9446,-8.5538,4.4,1.0,21.82,False
golden_cross_20_50,mfe_lockin_trail,7,0.1429,0.0927,-1.4207,-9.9446,-8.5538,4.4,1.0,21.82,False
golden_cross_20_50,atr_trail_mae_conditional,7,0.1429,0.0927,-1.4207,-9.9446,-8.5538,4.4,1.0,21.82,False
golden_cross_20_50,reverse_signal,7,0.1429,0.0927,-1.4207,-9.9446,-8.5538,4.4,1.0,21.82,False
golden_cross_20_50,atr_trail_1x,7,0.1429,0.0927,-1.4207,-9.9446,-8.5538,4.4,1.0,21.82,False
vix_backwardation_long,earnings_blackout,15,0.8,22.5176,24.8309,372.4633,-3.1875,87.1,0.0,93.02,False
vix_backwardation_long,class_time_stop,15,0.8,24.3742,19.7574,296.3614,-4.7843,72.1,1.0,91.02,True
vix_backwardation_long,time_stop_10d,15,0.6,3.0091,4.5044,67.5658,-11.0025,14.3,1.0,79.5,False
vix_backwardation_long,time_stop_20d,15,0.7333,4.42,5.5967,83.9511,-14.5254,28.5,1.0,77.84,False
vix_backwardation_long,regime_flip,15,0.7333,4.42,5.5967,83.9511,-14.5254,28.5,1.0,77.84,False
vix_backwardation_long,next_pivot_target,15,0.8667,3.9465,4.7368,71.0527,-24.1145,7.6,1.0,72.61,False
vix_backwardation_long,breakeven_plus_trail,15,0.4667,9.6986,14.7368,221.0513,-16.265,82.1,1.0,71.67,False
vix_backwardation_long,hybrid_50pct_target,15,0.6,2.8676,7.4706,112.0584,-21.526,96.0,1.0,68.08,False
vix_backwardation_long,fixed_4r_2r,15,0.5333,3.3049,8.1392,122.0875,-21.3266,28.7,1.0,68.0,False
vix_backwardation_long,atr_trail_vix_conditional,15,0.5333,2.7341,4.5279,67.9192,-32.3066,16.2,1.0,65.39,False
vix_backwardation_long,chandelier_3x,15,0.1333,4.0323,3.2739,49.1088,-15.8865,10.4,1.0,64.55,False
vix_backwardation_long,trailing_15pct,15,0.4667,2.1418,6.5121,97.681,-35.4492,224.2,0.9333,60.1,False
vix_backwardation_long,break_even_at_1r,15,0.2667,2.5289,3.7284,55.9262,-29.4918,31.7,1.0,58.59,False
vix_backwardation_long,atr_trail_2x,15,0.4,2.1734,4.4375,66.5623,-42.86,23.5,1.0,58.56,False
vix_backwardation_long,r_multiple_3r,15,0.4,2.0496,3.0677,46.0157,-32.4448,9.0,1.0,55.3,False
vix_backwardation_long,r_multiple_2r,15,0.4667,1.6695,1.84,27.6007,-30.6279,7.0,1.0,50.26,False
vix_backwardation_long,trailing_10pct,15,0.3333,1.658,3.1493,47.239,-50.5011,48.9,1.0,50.08,False
vix_backwardation_long,mfe_lockin_trail,15,0.2667,0.9397,-0.1528,-2.2918,-30.178,5.7,1.0,32.5,False
vix_backwardation_long,smart_money_reversal,15,0.2667,0.852,-0.3753,-5.6288,-30.178,6.7,1.0,30.16,False
vix_backwardation_long,atr_trail_mae_conditional,15,0.2667,0.852,-0.3753,-5.6288,-30.178,6.7,1.0,30.16,False
vix_backwardation_long,atr_trail_1x,15,0.2667,0.852,-0.3753,-5.6288,-30.178,6.7,1.0,30.16,False
vix_backwardation_long,reverse_signal,15,0.2667,0.852,-0.3753,-5.6288,-30.178,6.7,1.0,30.16,False
vix_backwardation_long,multi_tier_partial,15,0.3333,0.7676,-0.5663,-8.4944,-30.178,6.0,1.0,28.73,False
vix_backwardation_long,trailing_5pct,15,0.2,0.5656,-1.3995,-20.9918,-27.8749,18.1,1.0,19.23,False
vix_backwardation_long,ma_exit_ema9,15,0.2667,0.3599,-1.3634,-20.4514,-26.1452,1.7,1.0,11.03,False
vix_backwardation_long,smc_mitigation_zone,15,0.2,0.3234,-1.4173,-21.259,-23.7507,3.1,1.0,8.37,False
parabolic_sar_flip,breakeven_plus_trail,32,0.25,3.677,8.3421,266.9471,-42.4582,60.0,1.0,63.75,True
parabolic_sar_flip,break_even_at_1r,32,0.125,4.4124,6.6946,214.2262,-40.0426,15.1,1.0,61.88,False
parabolic_sar_flip,trailing_10pct,32,0.25,2.0695,5.4662,174.9179,-82.64,70.8,0.9688,56.15,False
parabolic_sar_flip,ma_exit_ema9,32,0.2812,2.1893,2.4384,78.0295,-29.3725,9.5,1.0,53.92,False
parabolic_sar_flip,trailing_15pct,32,0.1875,1.5662,4.6025,147.2799,-169.2705,119.2,0.9688,48.9,False
parabolic_sar_flip,hybrid_50pct_target,32,0.4375,1.4795,2.5484,81.5497,-84.8354,83.3,0.9688,48.41,False
parabolic_sar_flip,regime_flip,32,0.4688,1.5244,1.6826,53.8417,-61.5827,29.2,1.0,48.19,False
parabolic_sar_flip,time_stop_20d,32,0.4688,1.5244,1.6826,53.8417,-61.5827,29.2,1.0,48.19,False
parabolic_sar_flip,trailing_5pct,32,0.25,1.6792,1.7198,55.035,-53.6368,20.2,0.9688,46.95,False
parabolic_sar_flip,atr_trail_2x,32,0.2812,1.308,1.16,37.1202,-69.5039,20.6,1.0,41.46,False
parabolic_sar_flip,atr_trail_vix_conditional,32,0.25,1.3073,0.8395,26.8636,-41.7788,9.3,1.0,40.5,False
parabolic_sar_flip,earnings_blackout,32,0.4688,1.0699,0.7284,23.3078,-148.4241,84.0,0.0,39.51,False
parabolic_sar_flip,class_time_stop,32,0.5,1.0254,0.2159,6.9075,-148.4241,71.0,1.0,38.34,False
parabolic_sar_flip,r_multiple_3r,32,0.2188,1.0422,0.1187,3.7976,-45.9413,11.7,0.9688,34.31,False
parabolic_sar_flip,r_multiple_2r,32,0.3125,0.9267,-0.1977,-6.3276,-37.2278,7.9,1.0,32.83,False
parabolic_sar_flip,fixed_4r_2r,32,0.25,0.9528,-0.2322,-7.4289,-68.8368,35.7,0.9688,32.41,False
parabolic_sar_flip,multi_tier_partial,32,0.4375,0.7745,-0.4187,-13.3989,-27.0918,5.6,1.0,30.7,False
parabolic_sar_flip,time_stop_10d,32,0.4062,0.7786,-0.6935,-22.1907,-56.4052,14.7,1.0,29.93,False
parabolic_sar_flip,next_pivot_target,32,0.625,0.6213,-0.9517,-30.453,-71.0538,12.8,0.9688,28.2,False
parabolic_sar_flip,smart_money_reversal,32,0.25,0.7562,-0.5271,-16.8668,-38.5475,5.8,1.0,27.24,False
parabolic_sar_flip,reverse_signal,32,0.25,0.7562,-0.5271,-16.8668,-38.5475,5.8,1.0,27.24,False
parabolic_sar_flip,atr_trail_mae_conditional,32,0.25,0.7562,-0.5271,-16.8668,-38.5475,5.8,1.0,27.24,False
parabolic_sar_flip,atr_trail_1x,32,0.25,0.7562,-0.5271,-16.8668,-38.5475,5.8,1.0,27.24,False
parabolic_sar_flip,mfe_lockin_trail,32,0.25,0.5545,-0.963,-30.8147,-42.1589,5.4,1.0,20.23,False
parabolic_sar_flip,chandelier_3x,32,0.0312,0.5058,-1.0944,-35.0199,-65.4276,6.4,1.0,14.87,False
parabolic_sar_flip,smc_mitigation_zone,32,0.3125,0.2956,-0.9747,-31.1903,-35.3371,2.5,1.0,10.73,False
institutional_persistence_volume_long,regime_flip,31,0.5806,4.1947,9.2248,285.9689,-38.6644,28.5,1.0,68.71,True
institutional_persistence_volume_long,time_stop_20d,31,0.5806,4.1947,9.2248,285.9689,-38.6644,28.5,1.0,68.71,False
institutional_persistence_volume_long,earnings_blackout,31,0.5484,3.2737,13.2147,409.6556,-79.6086,79.8,0.0,68.23,False
institutional_persistence_volume_long,ma_exit_ema9,31,0.3548,4.6389,9.1616,284.0089,-30.8179,15.1,0.9355,65.32,False
institutional_persistence_volume_long,chandelier_3x,31,0.3548,5.1107,13.0701,405.1722,-25.5386,27.9,0.9355,65.32,False
institutional_persistence_volume_long,breakeven_plus_trail,31,0.3548,4.9115,10.5796,327.969,-32.3344,37.2,0.9355,65.32,False
institutional_persistence_volume_long,class_time_stop,31,0.4839,2.6499,9.2715,287.4161,-106.1105,41.8,1.0,64.72,False
institutional_persistence_volume_long,atr_trail_2x,31,0.3548,2.6234,5.1831,160.6768,-48.3708,16.4,0.9355,62.57,False
institutional_persistence_volume_long,trailing_15pct,31,0.4194,2.2568,7.7358,239.811,-102.1788,104.5,0.9032,60.46,False
institutional_persistence_volume_long,trailing_10pct,31,0.4839,2.1506,5.1095,158.3945,-59.9836,65.7,0.9355,60.44,False
institutional_persistence_volume_long,time_stop_10d,31,0.4839,1.9036,2.9359,91.0125,-53.6371,14.2,1.0,54.85,False
institutional_persistence_volume_long,atr_trail_vix_conditional,31,0.2581,2.2159,2.7087,83.9702,-41.9468,6.3,0.9677,54.23,False
institutional_persistence_volume_long,fixed_4r_2r,31,0.3871,1.8501,3.3378,103.472,-37.4675,19.6,1.0,53.41,False
institutional_persistence_volume_long,hybrid_50pct_target,31,0.5161,1.6563,3.0469,94.4544,-48.2573,65.5,0.9355,52.65,False
institutional_persistence_volume_long,r_multiple_2r,31,0.3871,1.8124,1.7143,53.1433,-19.8683,6.4,1.0,50.72,False
institutional_persistence_volume_long,r_multiple_3r,31,0.2903,1.8549,2.0666,64.0651,-23.8261,10.0,1.0,50.11,False
institutional_persistence_volume_long,break_even_at_1r,31,0.2258,1.5685,1.0947,33.9355,-28.5642,12.0,0.9677,44.25,False
institutional_persistence_volume_long,next_pivot_target,31,0.6129,1.0307,0.0862,2.6716,-27.2095,11.5,0.9677,39.94,False
institutional_persistence_volume_long,smc_mitigation_zone,31,0.2903,0.9429,-0.0846,-2.6217,-24.0927,3.0,1.0,33.02,False
institutional_persistence_volume_long,trailing_5pct,31,0.2581,0.9068,-0.2657,-8.2359,-25.9472,19.4,1.0,31.47,False
institutional_persistence_volume_long,multi_tier_partial,31,0.3548,0.813,-0.3727,-11.5549,-27.581,4.7,1.0,30.52,False
institutional_persistence_volume_long,atr_trail_mae_conditional,31,0.2581,0.7268,-0.5543,-17.1828,-33.7006,4.8,1.0,26.5,False
institutional_persistence_volume_long,reverse_signal,31,0.2581,0.7268,-0.5543,-17.1828,-33.7006,4.8,1.0,26.5,False
institutional_persistence_volume_long,atr_trail_1x,31,0.2581,0.7268,-0.5543,-17.1828,-33.7006,4.8,1.0,26.5,False
institutional_persistence_volume_long,mfe_lockin_trail,31,0.2581,0.6931,-0.6226,-19.3011,-35.1434,4.4,1.0,25.43,False
institutional_persistence_volume_long,smart_money_reversal,31,0.2258,0.6741,-0.6629,-20.5485,-37.0663,4.4,1.0,24.32,False
donchian_breakdown_retest_short,multi_tier_partial,12,0.5,0.5535,-0.5516,-6.6189,-12.1037,4.9,1.0,34.43,True
donchian_breakdown_retest_short,smc_mitigation_zone,12,0.5,0.5265,-0.5316,-6.3789,-12.2887,2.5,1.0,33.2,False
donchian_breakdown_retest_short,earnings_blackout,12,0.25,0.7932,-1.1099,-13.3188,-54.8101,78.3,0.0,27.34,False
donchian_breakdown_retest_short,ma_exit_ema9,12,0.3333,0.3773,-0.7537,-9.0445,-13.2141,7.0,1.0,22.39,False
donchian_breakdown_retest_short,mfe_lockin_trail,12,0.3333,0.2811,-1.0082,-12.0984,-12.2592,4.8,1.0,20.66,False
donchian_breakdown_retest_short,smart_money_reversal,12,0.3333,0.2386,-1.0678,-12.8138,-12.9746,5.0,1.0,19.68,False
donchian_breakdown_retest_short,atr_trail_mae_conditional,12,0.3333,0.2386,-1.0678,-12.8138,-12.9746,5.0,1.0,19.68,False
donchian_breakdown_retest_short,atr_trail_1x,12,0.3333,0.2386,-1.0678,-12.8138,-12.9746,5.0,1.0,19.68,False
donchian_breakdown_retest_short,reverse_signal,12,0.3333,0.2386,-1.0678,-12.8138,-12.9746,5.0,1.0,19.68,False
donchian_breakdown_retest_short,atr_trail_vix_conditional,12,0.25,0.2838,-1.333,-15.9958,-15.4145,6.8,1.0,14.98,False
donchian_breakdown_retest_short,next_pivot_target,12,0.5833,0.2479,-2.201,-26.4121,-30.7321,14.9,0.9167,12.95,False
donchian_breakdown_retest_short,break_even_at_1r,12,0.0,0.0,-1.346,-16.1523,-16.1523,8.2,1.0,10.29,False
donchian_breakdown_retest_short,time_stop_10d,12,0.3333,0.1998,-2.5542,-30.6501,-30.6648,13.8,1.0,8.67,False
donchian_breakdown_retest_short,r_multiple_2r,12,0.1667,0.2023,-1.8841,-22.6093,-19.3617,9.1,1.0,7.97,False
donchian_breakdown_retest_short,class_time_stop,12,0.3333,0.1822,-3.2072,-38.4859,-35.0876,33.6,1.0,7.69,False
donchian_breakdown_retest_short,regime_flip,12,0.3333,0.1127,-3.3032,-39.6386,-41.8653,27.2,1.0,7.54,False
donchian_breakdown_retest_short,time_stop_20d,12,0.3333,0.1127,-3.3032,-39.6386,-41.8653,27.2,1.0,7.54,False
donchian_breakdown_retest_short,trailing_5pct,12,0.1667,0.2222,-1.9073,-22.8872,-20.4604,21.8,0.9167,7.14,False
donchian_breakdown_retest_short,r_multiple_3r,12,0.0833,0.1421,-2.1238,-25.4859,-23.4525,9.7,1.0,5.56,False
donchian_breakdown_retest_short,atr_trail_2x,12,0.0833,0.0858,-3.0735,-36.8819,-34.2166,11.7,0.9167,4.14,False
donchian_breakdown_retest_short,hybrid_50pct_target,12,0.25,0.1378,-5.9348,-71.2176,-77.6974,61.7,0.9167,3.75,False
donchian_breakdown_retest_short,chandelier_3x,12,0.0833,0.0584,-3.5916,-43.0989,-38.6269,13.3,1.0,3.36,False
donchian_breakdown_retest_short,breakeven_plus_trail,12,0.0,0.0,-3.0417,-36.5003,-29.9824,14.8,0.9167,2.94,False
donchian_breakdown_retest_short,fixed_4r_2r,12,0.0833,0.0935,-4.5455,-54.5462,-51.0532,23.0,0.9167,1.93,False
donchian_breakdown_retest_short,trailing_10pct,12,0.0833,0.0257,-6.1326,-73.5916,-66.4592,43.6,0.9167,1.25,False
donchian_breakdown_retest_short,trailing_15pct,12,0.0,0.0,-8.9792,-107.7501,-106.5321,76.2,0.8333,0.0,False
m_and_a_target_long,earnings_blackout,12,0.6667,9.4668,17.1131,205.3573,-24.0563,87.9,0.0,70.0,False
m_and_a_target_long,hybrid_50pct_target,12,0.5833,2.8925,7.8855,94.6264,-30.0,45.1,1.0,68.0,True
m_and_a_target_long,breakeven_plus_trail,12,0.4167,2.4321,7.5945,91.1341,-50.5075,32.3,1.0,61.95,False
m_and_a_target_long,class_time_stop,12,0.5,1.8848,5.2316,62.7794,-54.2666,43.4,1.0,57.98,False
m_and_a_target_long,atr_trail_2x,12,0.3333,1.4934,3.008,36.0963,-58.8121,18.2,1.0,47.73,False
m_and_a_target_long,trailing_10pct,12,0.4167,1.4062,2.3934,28.7208,-51.3737,28.7,1.0,46.82,False
m_and_a_target_long,time_stop_20d,12,0.5,0.9893,-0.07,-0.8401,-62.242,28.9,1.0,37.17,False
m_and_a_target_long,regime_flip,12,0.5,0.9893,-0.07,-0.8401,-62.242,28.9,1.0,37.17,False
m_and_a_target_long,fixed_4r_2r,12,0.25,1.067,0.4665,5.5986,-66.3484,22.5,1.0,35.78,False
m_and_a_target_long,trailing_15pct,12,0.25,1.0304,0.1908,2.2891,-56.8988,75.8,1.0,34.65,False
m_and_a_target_long,atr_trail_vix_conditional,12,0.25,0.9146,-0.3268,-3.9221,-42.7329,8.2,1.0,31.43,False
m_and_a_target_long,r_multiple_3r,12,0.25,0.8952,-0.4371,-5.245,-36.0971,6.2,1.0,30.83,False
m_and_a_target_long,next_pivot_target,12,0.5833,0.5988,-1.6483,-19.78,-30.0661,8.0,1.0,25.77,False
m_and_a_target_long,break_even_at_1r,12,0.25,0.7318,-1.1189,-13.427,-41.1914,11.0,1.0,25.68,False
m_and_a_target_long,r_multiple_2r,12,0.25,0.5914,-1.7045,-20.4539,-36.0971,6.0,1.0,20.44,False
m_and_a_target_long,time_stop_10d,12,0.3333,0.4784,-3.2286,-38.7436,-64.3863,14.2,1.0,15.06,False
m_and_a_target_long,smc_mitigation_zone,12,0.3333,0.1048,-2.1698,-26.037,-27.2103,1.4,1.0,9.24,False
m_and_a_target_long,ma_exit_ema9,12,0.25,0.233,-2.1017,-25.2206,-31.276,2.3,1.0,8.1,False
m_and_a_target_long,chandelier_3x,12,0.0833,0.1302,-1.4827,-17.792,-20.4542,3.0,1.0,6.53,False
m_and_a_target_long,mfe_lockin_trail,12,0.1667,0.3218,-2.8974,-34.7682,-47.0104,5.5,1.0,5.65,False
m_and_a_target_long,trailing_5pct,12,0.1667,0.3036,-2.9112,-34.9339,-43.9578,6.1,1.0,5.63,False
m_and_a_target_long,reverse_signal,12,0.1667,0.2988,-2.9957,-35.9488,-47.0104,5.5,1.0,5.51,False
m_and_a_target_long,smart_money_reversal,12,0.1667,0.2988,-2.9957,-35.9488,-47.0104,5.5,1.0,5.51,False
m_and_a_target_long,atr_trail_mae_conditional,12,0.1667,0.2988,-2.9957,-35.9488,-47.0104,5.5,1.0,5.51,False
m_and_a_target_long,atr_trail_1x,12,0.1667,0.2988,-2.9957,-35.9488,-47.0104,5.5,1.0,5.51,False
m_and_a_target_long,multi_tier_partial,12,0.1667,0.2741,-3.1012,-37.2145,-47.0104,5.5,1.0,5.35,False
turtle_soup_long,next_pivot_target,5,1.0,999.0,2.1373,10.6866,0.0,8.6,1.0,95.71,True
turtle_soup_long,time_stop_10d,5,0.6,5.1975,4.0996,20.4979,-0.981,14.2,1.0,91.42,False
turtle_soup_long,regime_flip,5,0.6,4.5945,6.1175,30.5874,-7.2539,28.4,1.0,84.93,False
turtle_soup_long,time_stop_20d,5,0.6,4.5945,6.1175,30.5874,-7.2539,28.4,1.0,84.93,False
turtle_soup_long,breakeven_plus_trail,5,0.4,4.3874,2.4869,12.4343,-3.6708,28.4,1.0,82.64,False
turtle_soup_long,fixed_4r_2r,5,0.6,3.2549,5.826,29.13,-9.2479,23.6,1.0,82.44,False
turtle_soup_long,atr_trail_2x,5,0.4,2.4959,3.136,15.68,-3.795,24.0,1.0,79.69,False
turtle_soup_long,trailing_5pct,5,0.4,2.0159,2.515,12.5752,-3.795,26.8,1.0,74.39,False
turtle_soup_long,class_time_stop,5,0.4,2.589,2.9677,14.8386,-9.3386,43.2,1.0,73.26,False
turtle_soup_long,r_multiple_3r,5,0.4,1.7023,1.5697,7.8486,-3.795,10.8,1.0,69.51,False
turtle_soup_long,break_even_at_1r,5,0.4,1.4412,0.986,4.93,-5.5981,23.8,1.0,62.97,False
turtle_soup_long,trailing_10pct,5,0.6,1.7454,2.1383,10.6915,-13.3593,45.0,1.0,61.92,False
turtle_soup_long,r_multiple_2r,5,0.4,1.1349,0.3015,1.5073,-3.795,9.0,1.0,59.3,False
turtle_soup_long,earnings_blackout,5,0.4,1.8414,2.6184,13.0922,-15.5604,87.8,0.0,57.98,False
turtle_soup_long,mfe_lockin_trail,5,0.2,1.1102,0.2077,1.0384,-4.831,6.0,1.0,54.41,False
turtle_soup_long,hybrid_50pct_target,5,0.6,1.4143,1.6571,8.2857,-16.0072,45.4,1.0,53.58,False
turtle_soup_long,smart_money_reversal,5,0.2,0.9997,-0.0006,-0.003,-4.831,6.0,1.0,51.95,False
turtle_soup_long,atr_trail_mae_conditional,5,0.2,0.9997,-0.0006,-0.003,-4.831,6.0,1.0,51.95,False
turtle_soup_long,reverse_signal,5,0.2,0.9997,-0.0006,-0.003,-4.831,6.0,1.0,51.95,False
turtle_soup_long,atr_trail_1x,5,0.2,0.9997,-0.0006,-0.003,-4.831,6.0,1.0,51.95,False
turtle_soup_long,multi_tier_partial,5,0.2,0.7585,-0.4552,-2.2762,-4.831,6.0,1.0,45.62,False
turtle_soup_long,ma_exit_ema9,5,0.4,0.1188,-0.4068,-2.0341,-2.1327,1.8,1.0,35.22,False
turtle_soup_long,chandelier_3x,5,0.0,0.0,-0.4169,-2.0845,-1.769,1.8,1.0,29.66,False
turtle_soup_long,smc_mitigation_zone,5,0.2,0.0323,-0.9862,-4.9308,-5.0294,2.8,1.0,27.73,False
turtle_soup_long,atr_trail_vix_conditional,5,0.2,0.1054,-2.5786,-12.893,-6.6366,9.0,1.0,23.34,False
turtle_soup_long,trailing_15pct,5,0.4,0.3314,-4.378,-21.8898,-32.7379,74.6,1.0,6.93,False
three_black_crows_short,class_time_stop,40,0.475,0.8437,-0.3406,-13.6224,-29.0139,10.2,1.0,33.13,True
three_black_crows_short,time_stop_10d,40,0.475,0.8084,-0.4453,-17.8107,-38.5373,14.7,1.0,32.1,False
three_black_crows_short,ma_exit_ema9,40,0.35,0.7771,-0.2424,-9.6946,-18.8716,6.9,1.0,31.13,False
three_black_crows_short,r_multiple_2r,40,0.3,0.7734,-0.4608,-18.4319,-35.6575,6.5,1.0,28.55,False
three_black_crows_short,fixed_4r_2r,40,0.3,0.5468,-1.9283,-77.1315,-90.8267,20.4,0.975,19.24,False
three_black_crows_short,next_pivot_target,40,0.65,0.4058,-1.6308,-65.2323,-64.0458,13.1,1.0,18.83,False
three_black_crows_short,multi_tier_partial,40,0.425,0.4472,-0.8339,-33.356,-36.5415,4.3,1.0,18.64,False
three_black_crows_short,hybrid_50pct_target,40,0.475,0.473,-2.7641,-110.5651,-120.6194,52.7,0.925,17.65,False
three_black_crows_short,r_multiple_3r,40,0.175,0.5016,-1.2291,-49.1643,-50.6862,9.7,1.0,16.65,False
three_black_crows_short,trailing_5pct,40,0.275,0.4481,-1.1838,-47.3505,-57.6095,19.9,0.975,15.91,False
three_black_crows_short,regime_flip,40,0.375,0.4346,-2.4014,-96.0571,-107.5712,29.1,1.0,14.96,False
three_black_crows_short,time_stop_20d,40,0.375,0.4346,-2.4014,-96.0571,-107.5712,29.1,1.0,14.96,False
three_black_crows_short,breakeven_plus_trail,40,0.2,0.3502,-1.7302,-69.2061,-82.6665,24.6,0.95,8.92,False
three_black_crows_short,smc_mitigation_zone,40,0.175,0.1318,-0.823,-32.9207,-32.5718,2.9,1.0,8.89,False
three_black_crows_short,atr_trail_vix_conditional,40,0.2,0.262,-1.2554,-50.2157,-63.1894,6.6,0.975,8.62,False
three_black_crows_short,atr_trail_2x,40,0.275,0.2748,-2.0375,-81.4994,-86.8318,15.4,0.95,8.57,False
three_black_crows_short,reverse_signal,40,0.2,0.1247,-1.4654,-58.6171,-58.2682,4.7,1.0,8.3,False
three_black_crows_short,smart_money_reversal,40,0.2,0.1247,-1.4654,-58.6171,-58.2682,4.7,1.0,8.3,False
three_black_crows_short,atr_trail_1x,40,0.2,0.1247,-1.4654,-58.6171,-58.2682,4.7,1.0,8.3,False
three_black_crows_short,atr_trail_mae_conditional,40,0.2,0.1247,-1.4654,-58.6171,-58.2682,4.7,1.0,8.3,False
three_black_crows_short,mfe_lockin_trail,40,0.2,0.1247,-1.4654,-58.6171,-58.2682,4.7,1.0,8.3,False
three_black_crows_short,chandelier_3x,40,0.15,0.1953,-1.0363,-41.4501,-47.4578,9.3,0.975,8.2,False
three_black_crows_short,trailing_10pct,40,0.3,0.311,-3.5667,-142.667,-153.2665,44.8,0.95,6.65,False
three_black_crows_short,earnings_blackout,40,0.4,0.3408,-8.7151,-348.6047,-351.2078,82.3,0.0,6.45,False
three_black_crows_short,break_even_at_1r,40,0.05,0.1064,-1.5151,-60.603,-60.3745,6.7,1.0,5.98,False
three_black_crows_short,trailing_15pct,40,0.225,0.12,-6.6415,-265.6589,-268.1191,94.8,0.925,3.38,False
mmsm_short,next_pivot_target,53,0.8679,0.9513,-0.0424,-2.2448,-23.6951,7.7,0.9811,41.93,True
mmsm_short,time_stop_10d,53,0.4906,0.9055,-0.1571,-8.3275,-34.4301,14.5,1.0,35.09,False
mmsm_short,breakeven_plus_trail,53,0.2075,0.9254,-0.0987,-5.2304,-42.8794,27.8,0.9434,31.38,False
mmsm_short,r_multiple_2r,53,0.283,0.8224,-0.2345,-12.4268,-28.4742,7.3,0.9811,29.89,False
mmsm_short,r_multiple_3r,53,0.2075,0.8384,-0.2386,-12.6483,-28.7363,11.0,0.9811,29.14,False
mmsm_short,atr_trail_2x,53,0.3208,0.7764,-0.3384,-17.9357,-29.3859,17.3,0.9623,29.12,False
mmsm_short,fixed_4r_2r,53,0.283,0.7371,-0.68,-36.0375,-66.4875,24.1,0.9623,26.98,False
mmsm_short,trailing_5pct,53,0.3208,0.6568,-0.7758,-41.1168,-56.2634,30.2,0.9623,25.04,False
mmsm_short,multi_tier_partial,53,0.3962,0.5399,-0.4243,-22.49,-25.1132,4.7,1.0,22.68,False
mmsm_short,class_time_stop,53,0.4151,0.5694,-1.5405,-81.6443,-105.7905,42.4,1.0,22.38,False
mmsm_short,regime_flip,53,0.3774,0.5637,-1.3425,-71.1535,-100.0861,28.4,1.0,21.91,False
mmsm_short,time_stop_20d,53,0.3774,0.5637,-1.3425,-71.1535,-100.0861,28.4,1.0,21.91,False
mmsm_short,hybrid_50pct_target,53,0.566,0.4977,-2.1054,-111.5846,-158.7415,80.8,0.9434,21.04,False
mmsm_short,atr_trail_vix_conditional,53,0.2075,0.4797,-0.5203,-27.5769,-25.3623,6.1,0.9811,17.29,False
mmsm_short,ma_exit_ema9,53,0.3019,0.3854,-0.3856,-20.4367,-20.578,2.2,1.0,14.42,False
mmsm_short,chandelier_3x,53,0.0377,0.4197,-0.314,-16.6426,-22.6273,5.0,1.0,12.31,False
mmsm_short,smc_mitigation_zone,53,0.283,0.2734,-0.4572,-24.2325,-22.0452,2.6,0.9811,11.06,False
mmsm_short,earnings_blackout,53,0.3396,0.3725,-3.1102,-164.8422,-204.4833,83.9,0.0,10.2,False
mmsm_short,mfe_lockin_trail,53,0.2264,0.3088,-0.6707,-35.5453,-36.372,4.9,0.9811,9.89,False
mmsm_short,atr_trail_mae_conditional,53,0.2264,0.2493,-0.7284,-38.6064,-37.722,5.2,0.9811,9.8,False
mmsm_short,reverse_signal,53,0.2264,0.2493,-0.7284,-38.6064,-37.722,5.2,0.9811,9.8,False
mmsm_short,smart_money_reversal,53,0.2264,0.2493,-0.7284,-38.6064,-37.722,5.2,1.0,9.8,False
mmsm_short,atr_trail_1x,53,0.2264,0.2493,-0.7284,-38.6064,-37.722,5.2,0.9811,9.8,False
mmsm_short,trailing_10pct,53,0.3019,0.3204,-3.1927,-169.2146,-192.1159,72.4,0.9434,7.24,False
mmsm_short,break_even_at_1r,53,0.0566,0.1638,-0.8621,-45.693,-47.3943,10.4,0.9811,7.06,False
mmsm_short,trailing_15pct,53,0.2453,0.1405,-6.2615,-331.8592,-342.0423,128.3,0.9057,3.68,False
rsi_volume_200ema,smart_money_reversal,11,0.5455,4.1006,5.4645,60.1092,-8.255,11.6,1.0,82.86,True
rsi_volume_200ema,reverse_signal,11,0.5455,4.1006,5.4645,60.1092,-8.255,11.6,1.0,82.86,False
rsi_volume_200ema,atr_trail_mae_conditional,11,0.5455,4.1006,5.4645,60.1092,-8.255,11.6,1.0,82.86,False
rsi_volume_200ema,mfe_lockin_trail,11,0.5455,4.2585,5.7427,63.1701,-8.255,10.0,1.0,82.86,False
rsi_volume_200ema,r_multiple_3r,11,0.5455,5.0247,7.227,79.4966,-8.255,9.5,1.0,82.86,False
rsi_volume_200ema,atr_trail_1x,11,0.5455,4.1006,5.4645,60.1092,-8.255,11.6,1.0,82.86,False
rsi_volume_200ema,r_multiple_2r,11,0.5455,3.4619,4.4208,48.6286,-8.255,6.0,1.0,81.99,False
rsi_volume_200ema,ma_exit_ema9,11,0.5455,4.3533,2.1192,23.3116,-5.6548,3.1,1.0,81.79,False
rsi_volume_200ema,smc_mitigation_zone,11,0.5455,3.2664,1.3843,15.2273,-5.4216,3.6,1.0,80.98,False
rsi_volume_200ema,atr_trail_vix_conditional,11,0.5455,3.2907,4.8807,53.6874,-10.0367,13.7,1.0,80.46,False
rsi_volume_200ema,break_even_at_1r,11,0.3636,3.1049,3.8654,42.5189,-8.703,30.9,1.0,77.87,False
rsi_volume_200ema,multi_tier_partial,11,0.5455,2.1975,2.1105,23.2153,-8.255,10.5,1.0,72.15,False
rsi_volume_200ema,atr_trail_2x,11,0.5455,3.8995,9.8525,108.378,-16.9441,22.0,0.9091,72.0,False
rsi_volume_200ema,breakeven_plus_trail,11,0.4545,6.155,18.513,203.6427,-16.5098,51.9,0.9091,71.18,False
rsi_volume_200ema,trailing_15pct,11,0.4545,2.751,12.1707,133.8781,-37.9204,70.9,0.9091,65.04,False
rsi_volume_200ema,trailing_10pct,11,0.4545,2.7445,8.3878,92.2658,-27.0567,49.2,0.9091,64.99,False
rsi_volume_200ema,hybrid_50pct_target,11,0.5455,2.4316,6.5073,71.5805,-20.0,50.6,0.9091,63.88,False
rsi_volume_200ema,fixed_4r_2r,11,0.4545,2.5251,6.5156,71.6718,-24.0008,24.3,1.0,63.29,False
rsi_volume_200ema,time_stop_10d,11,0.5455,1.8988,4.212,46.3324,-16.623,14.4,1.0,61.85,False
rsi_volume_200ema,earnings_blackout,11,0.7273,1.8213,9.3238,102.562,-75.2845,82.5,0.0,60.69,False
rsi_volume_200ema,next_pivot_target,11,0.7273,1.3445,0.9263,10.1894,-17.5614,13.3,1.0,51.41,False
rsi_volume_200ema,class_time_stop,11,0.5455,1.2983,3.1553,34.7086,-69.5496,42.9,1.0,48.26,False
rsi_volume_200ema,time_stop_20d,11,0.5455,1.2652,1.7235,18.9581,-43.3834,28.8,1.0,45.59,False
rsi_volume_200ema,regime_flip,11,0.5455,1.2652,1.7235,18.9581,-43.3834,28.8,1.0,45.59,False
rsi_volume_200ema,trailing_5pct,11,0.2727,0.7568,-0.7376,-8.1132,-15.3682,9.3,1.0,33.07,False
rsi_volume_200ema,chandelier_3x,11,0.0,0.0,-0.2761,-3.0376,-2.5858,1.2,1.0,28.85,False
prev_day_low_bounce,trailing_15pct,18,0.5,2.3324,6.2158,111.8841,-24.8258,212.1,0.8333,62.34,True
prev_day_low_bounce,next_pivot_target,18,0.8889,1.304,0.3524,6.3438,-10.8653,17.9,1.0,60.72,False
prev_day_low_bounce,breakeven_plus_trail,18,0.2222,1.894,1.2372,22.2703,-12.2848,77.1,0.9444,57.91,False
prev_day_low_bounce,class_time_stop,18,0.6667,1.4855,0.6308,11.3536,-13.5713,10.0,1.0,57.09,False
prev_day_low_bounce,regime_flip,18,0.6111,1.2817,0.6509,11.7158,-11.6967,27.6,1.0,55.6,False
prev_day_low_bounce,time_stop_20d,18,0.6111,1.2817,0.6509,11.7158,-11.6967,27.6,1.0,55.6,False
prev_day_low_bounce,fixed_4r_2r,18,0.3889,1.2952,0.7261,13.0701,-14.3702,25.4,0.9444,49.26,False
prev_day_low_bounce,break_even_at_1r,18,0.1667,1.3113,0.3225,5.8058,-12.0413,12.4,0.9444,48.48,False
prev_day_low_bounce,hybrid_50pct_target,18,0.7222,1.3283,0.912,16.4158,-20.0,110.9,0.9444,48.02,False
prev_day_low_bounce,multi_tier_partial,18,0.4444,0.7425,-0.2698,-4.8566,-9.7288,5.1,1.0,43.0,False
prev_day_low_bounce,time_stop_10d,18,0.2778,0.8398,-0.2481,-4.4657,-12.6225,14.1,1.0,39.44,False
prev_day_low_bounce,trailing_5pct,18,0.3889,1.0761,0.1468,2.6419,-19.1314,34.9,0.9444,38.64,False
prev_day_low_bounce,r_multiple_2r,18,0.3333,0.949,-0.0789,-1.4203,-17.6861,8.1,0.9444,36.7,False
prev_day_low_bounce,r_multiple_3r,18,0.2778,1.0877,0.1447,2.6046,-19.5567,9.7,0.9444,36.66,False
prev_day_low_bounce,mfe_lockin_trail,18,0.2778,0.6374,-0.3999,-7.1985,-11.5368,5.2,1.0,34.92,False
prev_day_low_bounce,smc_mitigation_zone,18,0.3889,0.4192,-0.3423,-6.162,-7.3619,2.5,1.0,33.31,False
prev_day_low_bounce,trailing_10pct,18,0.3889,0.8893,-0.4223,-7.6014,-30.6259,113.9,0.8889,32.8,False
prev_day_low_bounce,smart_money_reversal,18,0.2778,0.5477,-0.4988,-8.9787,-11.7551,5.3,1.0,31.4,False
prev_day_low_bounce,atr_trail_1x,18,0.2778,0.5477,-0.4988,-8.9787,-11.7551,5.3,1.0,31.4,False
prev_day_low_bounce,reverse_signal,18,0.2778,0.5477,-0.4988,-8.9787,-11.7551,5.3,1.0,31.4,False
prev_day_low_bounce,atr_trail_mae_conditional,18,0.2778,0.5477,-0.4988,-8.9787,-11.7551,5.3,1.0,31.4,False
prev_day_low_bounce,earnings_blackout,18,0.4444,0.7934,-1.0108,-18.1946,-27.3442,82.6,0.0,30.41,False
prev_day_low_bounce,atr_trail_2x,18,0.3333,0.5928,-0.7458,-13.4238,-18.0087,14.7,0.9444,25.66,False
prev_day_low_bounce,ma_exit_ema9,18,0.2222,0.2497,-0.5449,-9.8082,-8.4886,4.9,1.0,24.4,False
prev_day_low_bounce,atr_trail_vix_conditional,18,0.2778,0.3063,-0.8588,-15.4577,-17.3227,5.3,0.9444,13.73,False
prev_day_low_bounce,chandelier_3x,18,0.1111,0.1503,-1.773,-31.9135,-33.442,11.6,1.0,6.51,False
simple_below_ema_50_short,time_stop_10d,61,0.5902,1.6012,1.2114,73.8979,-24.5138,14.6,1.0,50.31,True
simple_below_ema_50_short,next_pivot_target,61,0.8033,1.0627,0.1107,6.7515,-58.6097,8.7,1.0,43.46,False
simple_below_ema_50_short,class_time_stop,61,0.5246,1.1131,0.4881,29.776,-100.0654,43.0,1.0,40.8,False
simple_below_ema_50_short,hybrid_50pct_target,61,0.5902,1.0137,0.0537,3.2774,-103.7252,61.3,0.9508,39.21,False
simple_below_ema_50_short,regime_flip,61,0.5082,0.9335,-0.2337,-14.2562,-88.4773,29.0,1.0,35.86,False
simple_below_ema_50_short,time_stop_20d,61,0.5082,0.9335,-0.2337,-14.2562,-88.4773,29.0,1.0,35.86,False
simple_below_ema_50_short,breakeven_plus_trail,61,0.2459,0.9381,-0.1539,-9.3854,-102.3335,21.2,0.9836,32.15,False
simple_below_ema_50_short,ma_exit_ema9,61,0.377,0.8373,-0.2685,-16.3768,-54.8924,8.2,1.0,31.62,False
simple_below_ema_50_short,r_multiple_3r,61,0.2459,0.9006,-0.2586,-15.7719,-69.2417,12.0,0.9672,31.16,False
simple_below_ema_50_short,earnings_blackout,61,0.4754,0.8146,-1.2634,-77.0674,-183.241,83.7,0.0,31.04,False
simple_below_ema_50_short,r_multiple_2r,61,0.3279,0.8434,-0.3782,-23.0675,-62.4761,7.7,1.0,30.86,False
simple_below_ema_50_short,trailing_5pct,61,0.377,0.7298,-0.5849,-35.6781,-86.8918,16.9,0.9836,28.33,False
simple_below_ema_50_short,trailing_15pct,61,0.3279,0.6458,-1.9137,-116.737,-240.6704,88.4,0.9344,23.09,False
simple_below_ema_50_short,multi_tier_partial,61,0.3607,0.5716,-0.7179,-43.7918,-69.2068,5.3,1.0,22.88,False
simple_below_ema_50_short,fixed_4r_2r,61,0.2459,0.651,-1.6586,-101.1762,-164.2859,24.9,0.9672,22.41,False
simple_below_ema_50_short,atr_trail_2x,61,0.2951,0.6002,-1.2052,-73.5178,-116.6076,15.8,0.9672,22.16,False
simple_below_ema_50_short,smc_mitigation_zone,61,0.3115,0.4747,-0.8193,-49.9775,-76.2617,4.0,1.0,18.18,False
simple_below_ema_50_short,mfe_lockin_trail,61,0.2623,0.4586,-0.9686,-59.0832,-79.5974,5.2,1.0,16.52,False
simple_below_ema_50_short,reverse_signal,61,0.2623,0.4538,-0.9773,-59.6167,-81.6562,5.7,1.0,16.29,False
simple_below_ema_50_short,smart_money_reversal,61,0.2623,0.4538,-0.9773,-59.6167,-81.6562,5.7,1.0,16.29,False
simple_below_ema_50_short,atr_trail_1x,61,0.2623,0.4538,-0.9773,-59.6167,-81.6562,5.7,1.0,16.29,False
simple_below_ema_50_short,atr_trail_mae_conditional,61,0.2623,0.4538,-0.9773,-59.6167,-81.6562,5.7,1.0,16.29,False
simple_below_ema_50_short,trailing_10pct,61,0.3115,0.4599,-2.1588,-131.6885,-174.433,49.2,0.9672,15.53,False
simple_below_ema_50_short,atr_trail_vix_conditional,61,0.2459,0.4144,-1.3128,-80.0786,-115.8697,7.3,1.0,13.68,False
simple_below_ema_50_short,break_even_at_1r,61,0.082,0.4018,-0.9961,-60.7623,-75.6675,7.7,1.0,11.06,False
simple_below_ema_50_short,chandelier_3x,61,0.1803,0.3902,-1.818,-110.9004,-126.8148,15.8,0.9836,10.7,False
smc_inverse_fvg,earnings_blackout,13,0.7692,5.2937,15.8782,206.4161,-29.1597,76.3,0.0,71.54,False
smc_inverse_fvg,class_time_stop,13,0.4615,3.5949,11.6715,151.7293,-47.613,42.5,1.0,66.92,True
smc_inverse_fvg,atr_trail_2x,13,0.3846,3.8566,12.8322,166.8186,-48.3908,21.7,0.8462,65.77,False
smc_inverse_fvg,breakeven_plus_trail,13,0.3077,3.7638,13.0242,169.314,-54.3422,38.4,0.8462,64.62,False
smc_inverse_fvg,chandelier_3x,13,0.2308,3.8861,11.2249,145.9241,-36.8549,12.3,0.8462,63.46,False
smc_inverse_fvg,ma_exit_ema9,13,0.2308,5.6682,11.86,154.1802,-31.1973,8.8,0.8462,63.46,False
smc_inverse_fvg,atr_trail_vix_conditional,13,0.2308,3.0377,7.4044,96.2576,-41.8869,14.2,0.9231,63.46,False
smc_inverse_fvg,trailing_15pct,13,0.3077,2.5258,10.196,132.5481,-79.5758,63.9,0.7692,61.09,False
smc_inverse_fvg,trailing_10pct,13,0.3077,2.3372,7.778,101.1144,-59.5304,41.8,0.9231,59.5,False
smc_inverse_fvg,regime_flip,13,0.4615,1.6462,4.3998,57.1979,-73.3142,29.3,1.0,53.73,False
smc_inverse_fvg,time_stop_20d,13,0.4615,1.6462,4.3998,57.1979,-73.3142,29.3,1.0,53.73,False
smc_inverse_fvg,hybrid_50pct_target,13,0.3846,1.7357,4.2741,55.5628,-54.2981,44.4,0.8462,53.47,False
smc_inverse_fvg,time_stop_10d,13,0.3846,1.6468,3.0364,39.4734,-48.8986,14.9,1.0,50.54,False
smc_inverse_fvg,break_even_at_1r,13,0.1538,1.9184,3.021,39.2735,-34.3013,6.9,0.9231,50.18,False
smc_inverse_fvg,fixed_4r_2r,13,0.3077,1.3454,1.9654,25.5508,-62.0516,18.8,1.0,43.64,False
smc_inverse_fvg,r_multiple_3r,13,0.2308,1.2758,1.004,13.0515,-35.3933,6.3,1.0,39.96,False
smc_inverse_fvg,r_multiple_2r,13,0.2308,1.0199,0.0724,0.9409,-37.0437,6.1,1.0,33.97,False
smc_inverse_fvg,smc_mitigation_zone,13,0.1538,0.9144,-0.1742,-2.2652,-21.6427,3.2,1.0,30.21,False
smc_inverse_fvg,trailing_5pct,13,0.1538,0.7926,-0.6476,-8.4191,-33.4443,11.8,1.0,26.58,False
smc_inverse_fvg,mfe_lockin_trail,13,0.0769,0.5369,-1.5469,-20.1097,-39.5159,4.5,1.0,16.1,False
smc_inverse_fvg,smart_money_reversal,13,0.0769,0.5362,-1.5491,-20.1384,-39.5159,4.5,1.0,16.07,False
smc_inverse_fvg,reverse_signal,13,0.0769,0.5362,-1.5491,-20.1384,-39.5159,4.5,1.0,16.07,False
smc_inverse_fvg,atr_trail_1x,13,0.0769,0.5362,-1.5491,-20.1384,-39.5159,4.5,1.0,16.07,False
smc_inverse_fvg,atr_trail_mae_conditional,13,0.0769,0.5362,-1.5491,-20.1384,-39.5159,4.5,1.0,16.07,False
smc_inverse_fvg,multi_tier_partial,13,0.2308,0.4682,-1.7046,-22.1602,-38.2087,4.5,1.0,15.36,False
smc_inverse_fvg,next_pivot_target,13,0.4615,0.3788,-3.2418,-42.1439,-45.5252,9.2,1.0,12.18,False
pead_short,r_multiple_2r,21,0.4286,1.6063,1.0793,22.6643,-11.3018,9.8,1.0,58.63,True
pead_short,r_multiple_3r,21,0.3333,1.533,1.1341,23.8165,-17.42,15.5,1.0,48.68,False
pead_short,next_pivot_target,21,0.7619,0.8309,-0.27,-5.6696,-10.8736,12.1,1.0,48.64,False
pead_short,time_stop_10d,21,0.5238,0.898,-0.2916,-6.1233,-14.8578,14.8,1.0,41.64,False
pead_short,trailing_5pct,21,0.3333,1.0861,0.1979,4.1553,-16.5221,23.8,1.0,41.34,False
pead_short,break_even_at_1r,21,0.1429,0.8634,-0.2127,-4.4674,-17.5778,18.2,1.0,31.84,False
pead_short,multi_tier_partial,21,0.381,0.6472,-0.4869,-10.2258,-16.1103,6.1,1.0,30.94,False
pead_short,atr_trail_2x,21,0.381,0.6542,-1.0899,-22.8873,-31.0737,21.4,1.0,25.39,False
pead_short,time_stop_20d,21,0.4762,0.6197,-1.7117,-35.9465,-36.1889,29.1,1.0,24.78,False
pead_short,regime_flip,21,0.4762,0.6197,-1.7117,-35.9465,-36.1889,29.1,1.0,24.78,False
pead_short,fixed_4r_2r,21,0.2857,0.6981,-1.4677,-30.8226,-38.6547,24.0,1.0,24.72,False
pead_short,smc_mitigation_zone,21,0.3333,0.3789,-0.664,-13.9436,-12.1957,2.3,1.0,23.88,False
pead_short,chandelier_3x,21,0.0476,0.4702,-0.4789,-10.0571,-15.4985,11.4,1.0,20.17,False
pead_short,breakeven_plus_trail,21,0.2857,0.5379,-1.499,-31.4798,-37.4274,33.1,1.0,19.34,False
pead_short,ma_exit_ema9,21,0.2857,0.2874,-0.9245,-19.4135,-13.6263,4.2,1.0,18.37,False
pead_short,mfe_lockin_trail,21,0.1905,0.4888,-0.7908,-16.6075,-23.5188,6.1,1.0,17.01,False
pead_short,smart_money_reversal,21,0.1905,0.4868,-0.794,-16.6731,-23.554,6.4,1.0,16.92,False
pead_short,atr_trail_mae_conditional,21,0.1905,0.4868,-0.794,-16.6731,-23.554,6.4,1.0,16.92,False
pead_short,reverse_signal,21,0.1905,0.4868,-0.794,-16.6731,-23.554,6.4,1.0,16.92,False
pead_short,atr_trail_1x,21,0.1905,0.4868,-0.794,-16.6731,-23.554,6.4,1.0,16.92,False
pead_short,hybrid_50pct_target,21,0.381,0.4751,-3.2495,-68.2397,-83.4753,68.2,1.0,15.6,False
pead_short,trailing_10pct,21,0.3333,0.4301,-2.7405,-57.5511,-57.6057,53.2,1.0,13.61,False
pead_short,atr_trail_vix_conditional,21,0.1905,0.4187,-1.0663,-22.3916,-24.2667,5.3,1.0,13.43,False
pead_short,class_time_stop,21,0.3333,0.3673,-4.349,-91.329,-79.1464,43.8,1.0,7.96,False
pead_short,earnings_blackout,21,0.3333,0.2578,-7.1752,-150.6787,-102.9177,87.3,0.0,5.0,False
pead_short,trailing_15pct,21,0.2857,0.2572,-5.605,-117.7059,-116.8804,108.2,1.0,4.29,False
institutional_oversold_long,earnings_blackout,6,1.0,999.0,26.391,158.3459,0.0,86.2,0.0,100.0,False
institutional_oversold_long,ma_exit_ema9,6,0.6667,25.394,3.9644,23.7866,-0.9751,4.8,1.0,92.23,True
institutional_oversold_long,reverse_signal,6,0.8333,12.78,8.9102,53.4612,-4.5383,13.2,1.0,91.83,False
institutional_oversold_long,mfe_lockin_trail,6,0.8333,13.1069,9.1575,54.9447,-4.5383,10.8,1.0,91.83,False
institutional_oversold_long,atr_trail_mae_conditional,6,0.8333,12.78,8.9102,53.4612,-4.5383,13.2,1.0,91.83,False
institutional_oversold_long,r_multiple_3r,6,0.8333,16.6205,11.8151,70.8906,-4.5383,11.2,1.0,91.83,False
institutional_oversold_long,atr_trail_1x,6,0.8333,12.78,8.9102,53.4612,-4.5383,13.2,1.0,91.83,False
institutional_oversold_long,r_multiple_2r,6,0.8333,11.019,7.5782,45.4693,-4.5383,7.0,1.0,91.83,False
institutional_oversold_long,smart_money_reversal,6,0.8333,12.78,8.9102,53.4612,-4.5383,13.2,1.0,91.83,False
institutional_oversold_long,multi_tier_partial,6,0.8333,7.7461,5.1027,30.6159,-4.5383,12.0,1.0,91.83,False
institutional_oversold_long,time_stop_20d,6,0.8333,10.5049,8.8457,53.0742,-5.5839,28.3,1.0,90.52,False
institutional_oversold_long,regime_flip,6,0.8333,10.5049,8.8457,53.0742,-5.5839,28.3,1.0,90.52,False
institutional_oversold_long,atr_trail_vix_conditional,6,0.8333,8.9616,9.0331,54.1986,-6.8075,17.8,1.0,88.99,False
institutional_oversold_long,smc_mitigation_zone,6,0.6667,9.3909,1.3637,8.182,-0.9751,1.3,1.0,88.33,False
institutional_oversold_long,break_even_at_1r,6,0.5,10.6153,7.5836,45.5016,-4.5383,28.0,1.0,86.83,False
institutional_oversold_long,atr_trail_2x,6,0.8333,9.128,12.296,73.7758,-9.0767,30.3,1.0,86.15,False
institutional_oversold_long,hybrid_50pct_target,6,0.8333,7.2169,10.3615,62.1691,-10.0,40.2,1.0,85.0,False
institutional_oversold_long,breakeven_plus_trail,6,0.6667,19.0074,27.2412,163.4474,-9.0767,81.3,1.0,83.65,False
institutional_oversold_long,fixed_4r_2r,6,0.6667,5.4549,11.9789,71.8734,-9.0767,24.8,1.0,83.65,False
institutional_oversold_long,trailing_10pct,6,0.6667,3.6353,8.3761,50.2563,-12.0136,40.3,1.0,79.98,False
institutional_oversold_long,time_stop_10d,6,0.8333,4.3304,9.2268,55.3606,-16.623,14.0,1.0,76.72,False
institutional_oversold_long,trailing_15pct,6,0.6667,6.0848,19.3673,116.2035,-15.0,90.5,1.0,76.25,False
institutional_oversold_long,class_time_stop,6,0.8333,4.3294,12.0832,72.4995,-21.7757,43.0,1.0,72.5,False
institutional_oversold_long,next_pivot_target,6,0.8333,2.2021,2.407,14.4418,-12.0136,6.0,1.0,72.26,False
institutional_oversold_long,trailing_5pct,6,0.5,2.4375,3.1728,19.0371,-13.2434,10.3,1.0,68.95,False
institutional_oversold_long,chandelier_3x,6,0.0,0.0,-0.2786,-1.6716,-1.4777,1.3,1.0,30.23,False
hull_rsi,chandelier_3x,19,0.3158,3.7758,7.0751,134.4269,-29.2224,28.3,1.0,64.74,True
hull_rsi,trailing_15pct,19,0.3158,1.8635,6.2882,119.4752,-88.2471,177.8,0.8947,54.99,False
hull_rsi,earnings_blackout,19,0.5263,1.3361,2.5092,47.675,-85.7592,87.2,0.0,47.59,False
hull_rsi,regime_flip,19,0.5789,1.2162,0.9323,17.7136,-49.9875,28.9,1.0,44.09,False
hull_rsi,time_stop_20d,19,0.5789,1.2162,0.9323,17.7136,-49.9875,28.9,1.0,44.09,False
hull_rsi,hybrid_50pct_target,19,0.5789,1.1971,0.83,15.7692,-49.8098,70.8,0.9474,43.61,False
hull_rsi,breakeven_plus_trail,19,0.2632,1.1898,0.6772,12.866,-58.8225,47.9,0.9474,38.52,False
hull_rsi,break_even_at_1r,19,0.1579,1.2661,0.6531,12.4086,-34.7657,33.9,0.9474,38.18,False
hull_rsi,trailing_10pct,19,0.3158,0.9561,-0.2428,-4.6134,-75.1364,65.7,0.9474,33.45,False
hull_rsi,ma_exit_ema9,19,0.2632,0.9318,-0.1995,-3.7906,-35.5256,11.2,1.0,32.2,False
hull_rsi,atr_trail_2x,19,0.3684,0.8068,-0.804,-15.2752,-58.1966,23.2,1.0,29.92,False
hull_rsi,trailing_5pct,19,0.2632,0.833,-0.4836,-9.1886,-29.0709,27.1,1.0,29.48,False
hull_rsi,class_time_stop,19,0.5789,0.7182,-1.6406,-31.1706,-79.6744,36.6,1.0,29.44,False
hull_rsi,fixed_4r_2r,19,0.3158,0.739,-1.3501,-25.6516,-61.9558,29.4,1.0,26.52,False
hull_rsi,r_multiple_2r,19,0.2632,0.6815,-0.8517,-16.1828,-31.91,6.1,1.0,24.82,False
hull_rsi,time_stop_10d,19,0.4737,0.6055,-1.7898,-34.0066,-65.0448,14.5,1.0,24.15,False
hull_rsi,r_multiple_3r,19,0.2105,0.6607,-0.9846,-18.7079,-30.3812,8.6,1.0,23.19,False
hull_rsi,smart_money_reversal,19,0.2632,0.551,-1.1573,-21.9884,-30.0704,8.3,1.0,20.01,False
hull_rsi,reverse_signal,19,0.2632,0.551,-1.1573,-21.9884,-30.0704,8.3,1.0,20.01,False
hull_rsi,atr_trail_mae_conditional,19,0.2632,0.551,-1.1573,-21.9884,-30.0704,8.3,1.0,20.01,False
hull_rsi,atr_trail_1x,19,0.2632,0.551,-1.1573,-21.9884,-30.0704,8.3,1.0,20.01,False
hull_rsi,mfe_lockin_trail,19,0.2632,0.543,-1.178,-22.3824,-30.4529,7.3,1.0,19.67,False
hull_rsi,multi_tier_partial,19,0.3158,0.4808,-1.2809,-24.3364,-30.18,7.8,1.0,17.82,False
hull_rsi,smc_mitigation_zone,19,0.3158,0.4047,-1.0623,-20.1829,-19.0984,3.2,1.0,15.74,False
hull_rsi,next_pivot_target,19,0.6842,0.3065,-2.4132,-45.8501,-55.0924,5.5,1.0,14.14,False
hull_rsi,atr_trail_vix_conditional,19,0.2632,0.3831,-1.9737,-37.5008,-43.1324,7.3,1.0,11.34,False
institutional_persistence_breakout_long,time_stop_10d,10,0.7,5.3724,6.0034,60.0339,-2.98,14.4,1.0,91.78,True
institutional_persistence_breakout_long,r_multiple_2r,10,0.6,4.2045,3.5727,35.7268,-9.4592,8.0,1.0,80.04,False
institutional_persistence_breakout_long,time_stop_20d,10,0.4,6.0612,13.1586,131.5859,-9.9685,29.4,1.0,78.54,False
institutional_persistence_breakout_long,regime_flip,10,0.4,6.0612,13.1586,131.5859,-9.9685,29.4,1.0,78.54,False
institutional_persistence_breakout_long,breakeven_plus_trail,10,0.4,16.2711,15.2556,152.5557,-9.9898,46.8,1.0,78.51,False
institutional_persistence_breakout_long,earnings_blackout,10,0.7,7.6629,19.5991,195.9908,-15.2561,86.9,0.0,76.43,False
institutional_persistence_breakout_long,ma_exit_ema9,10,0.4,7.7379,11.1762,111.7625,-12.0955,20.0,1.0,75.88,False
institutional_persistence_breakout_long,r_multiple_3r,10,0.4,3.0683,3.5366,35.3662,-11.0735,12.1,1.0,74.96,False
institutional_persistence_breakout_long,chandelier_3x,10,0.4,5.6451,10.5227,105.2273,-16.2585,26.3,1.0,70.68,False
institutional_persistence_breakout_long,smc_mitigation_zone,10,0.4,1.9047,0.7659,7.6587,-5.6961,5.2,1.0,68.22,False
institutional_persistence_breakout_long,fixed_4r_2r,10,0.4,2.5793,4.2833,42.8325,-15.0702,23.8,1.0,67.99,False
institutional_persistence_breakout_long,class_time_stop,10,0.4,3.9346,10.5664,105.6638,-24.141,43.8,1.0,66.0,False
institutional_persistence_breakout_long,next_pivot_target,10,0.7,1.4251,0.7431,7.431,-8.2739,7.3,1.0,63.53,False
institutional_persistence_breakout_long,atr_trail_2x,10,0.4,1.8656,1.6429,16.4288,-11.7576,19.4,1.0,61.54,False
institutional_persistence_breakout_long,trailing_15pct,10,0.4,2.1186,6.2558,62.5576,-32.3622,177.8,1.0,58.88,False
institutional_persistence_breakout_long,trailing_5pct,10,0.3,1.6612,1.6442,16.4423,-17.7285,28.6,1.0,50.2,False
institutional_persistence_breakout_long,multi_tier_partial,10,0.3,1.0779,0.135,1.3496,-9.9657,6.4,1.0,48.78,False
institutional_persistence_breakout_long,atr_trail_mae_conditional,10,0.3,0.9208,-0.1373,-1.373,-9.9657,6.4,1.0,45.15,False
institutional_persistence_breakout_long,reverse_signal,10,0.3,0.9208,-0.1373,-1.373,-9.9657,6.4,1.0,45.15,False
institutional_persistence_breakout_long,atr_trail_1x,10,0.3,0.9208,-0.1373,-1.373,-9.9657,6.4,1.0,45.15,False
institutional_persistence_breakout_long,mfe_lockin_trail,10,0.3,0.7434,-0.4446,-4.446,-9.9657,5.5,1.0,40.3,False
institutional_persistence_breakout_long,atr_trail_vix_conditional,10,0.2,0.7439,-0.5102,-5.1021,-11.3128,6.4,1.0,37.03,False
institutional_persistence_breakout_long,smart_money_reversal,10,0.2,0.6829,-0.5544,-5.5438,-10.1241,5.0,1.0,36.7,False
institutional_persistence_breakout_long,trailing_10pct,10,0.5,0.8691,-0.5287,-5.2871,-21.3212,79.9,1.0,33.83,False
institutional_persistence_breakout_long,break_even_at_1r,10,0.3,0.5265,-0.539,-5.3904,-9.4592,21.5,1.0,33.73,False
institutional_persistence_breakout_long,hybrid_50pct_target,10,0.5,0.8261,-0.8693,-8.6933,-29.158,62.8,1.0,32.28,False
cpr_narrow_momentum_short,trailing_5pct,28,0.3571,0.668,-0.648,-18.1438,-32.1539,19.8,0.9286,26.12,True
cpr_narrow_momentum_short,time_stop_10d,28,0.4286,0.5361,-1.3876,-38.8515,-74.4065,14.2,1.0,21.58,False
cpr_narrow_momentum_short,r_multiple_2r,28,0.25,0.4671,-1.3608,-38.1013,-44.5338,7.8,1.0,16.12,False
cpr_narrow_momentum_short,next_pivot_target,28,0.7143,0.3439,-1.9162,-53.6548,-66.676,11.1,0.9643,15.98,False
cpr_narrow_momentum_short,atr_trail_2x,28,0.3571,0.4249,-1.7089,-47.8496,-74.3626,16.6,0.9286,15.26,False
cpr_narrow_momentum_short,hybrid_50pct_target,28,0.4643,0.3783,-3.1663,-88.6555,-109.9226,45.5,0.9286,12.31,False
cpr_narrow_momentum_short,r_multiple_3r,28,0.1786,0.3802,-1.7203,-48.1696,-59.9293,10.5,0.9643,10.29,False
cpr_narrow_momentum_short,ma_exit_ema9,28,0.3214,0.1548,-1.6651,-46.6235,-48.3945,6.3,1.0,9.82,False
cpr_narrow_momentum_short,multi_tier_partial,28,0.2857,0.1718,-1.454,-40.7126,-41.3421,4.4,1.0,9.6,False
cpr_narrow_momentum_short,smc_mitigation_zone,28,0.25,0.1493,-1.4156,-39.6369,-39.0148,3.1,1.0,9.13,False
cpr_narrow_momentum_short,atr_trail_vix_conditional,28,0.25,0.291,-1.5455,-43.2744,-50.3726,7.3,1.0,8.93,False
cpr_narrow_momentum_short,time_stop_20d,28,0.4286,0.2838,-3.7988,-106.3652,-130.6893,27.9,1.0,8.23,False
cpr_narrow_momentum_short,regime_flip,28,0.4286,0.2838,-3.7988,-106.3652,-130.6893,27.9,1.0,8.23,False
cpr_narrow_momentum_short,chandelier_3x,28,0.2857,0.3049,-2.4119,-67.5331,-82.5602,20.3,0.9643,8.17,False
cpr_narrow_momentum_short,breakeven_plus_trail,28,0.25,0.1977,-2.4137,-67.5828,-77.7255,26.0,0.9286,7.63,False
cpr_narrow_momentum_short,fixed_4r_2r,28,0.25,0.3611,-3.5928,-100.5983,-137.0459,26.9,0.9286,7.5,False
cpr_narrow_momentum_short,mfe_lockin_trail,28,0.1429,0.1283,-1.6989,-47.5681,-45.7973,4.8,1.0,7.1,False
cpr_narrow_momentum_short,smart_money_reversal,28,0.1429,0.0857,-1.7818,-49.891,-48.1202,4.9,1.0,6.97,False
cpr_narrow_momentum_short,reverse_signal,28,0.1429,0.0857,-1.7818,-49.891,-48.1202,4.9,1.0,6.97,False
cpr_narrow_momentum_short,atr_trail_mae_conditional,28,0.1429,0.0857,-1.7818,-49.891,-48.1202,4.9,1.0,6.97,False
cpr_narrow_momentum_short,atr_trail_1x,28,0.1429,0.0857,-1.7818,-49.891,-48.1202,4.9,1.0,6.97,False
cpr_narrow_momentum_short,break_even_at_1r,28,0.0714,0.073,-1.8427,-51.5948,-51.1554,11.8,1.0,5.81,False
cpr_narrow_momentum_short,trailing_10pct,28,0.2143,0.1162,-3.8721,-108.4193,-112.3331,39.0,0.9286,4.91,False
cpr_narrow_momentum_short,class_time_stop,28,0.3214,0.1391,-8.2506,-231.0168,-232.0914,41.4,1.0,4.82,False
cpr_narrow_momentum_short,earnings_blackout,28,0.25,0.1196,-13.2631,-371.3673,-361.5963,79.5,0.0,3.75,False
cpr_narrow_momentum_short,trailing_15pct,28,0.1071,0.0271,-8.0939,-226.6285,-229.3083,70.5,0.8571,1.61,False
ichimoku_cloud_breakout,time_stop_10d,10,0.8,5.6649,6.2515,62.5152,-4.1172,14.9,1.0,91.85,True
ichimoku_cloud_breakout,time_stop_20d,10,0.7,4.8991,7.0446,70.4458,-6.1166,28.6,1.0,87.85,False
ichimoku_cloud_breakout,regime_flip,10,0.7,4.8991,7.0446,70.4458,-6.1166,28.6,1.0,87.85,False
ichimoku_cloud_breakout,ma_exit_ema9,10,0.3,7.992,6.3416,63.4156,-5.2973,8.7,0.9,82.88,False
ichimoku_cloud_breakout,earnings_blackout,10,0.6,5.3257,9.4245,94.2447,-15.0886,75.3,0.0,75.14,False
ichimoku_cloud_breakout,class_time_stop,10,0.7,5.0624,8.6343,86.3429,-16.3675,64.0,1.0,75.04,False
ichimoku_cloud_breakout,r_multiple_3r,10,0.5,2.9065,3.4296,34.2964,-13.1031,11.3,0.9,73.12,False
ichimoku_cloud_breakout,chandelier_3x,10,0.4,5.48,7.4692,74.6918,-14.9546,24.1,0.8,72.31,False
ichimoku_cloud_breakout,atr_trail_vix_conditional,10,0.4,3.9401,5.9126,59.126,-16.3763,10.1,0.9,70.53,False
ichimoku_cloud_breakout,break_even_at_1r,10,0.2,4.2479,5.9098,59.0982,-14.4245,22.5,0.9,69.97,False
ichimoku_cloud_breakout,hybrid_50pct_target,10,0.6,3.1183,6.5911,65.9108,-20.0,62.1,0.8,69.0,False
ichimoku_cloud_breakout,atr_trail_2x,10,0.5,2.9996,6.2601,62.601,-22.649,27.8,0.8,67.5,False
ichimoku_cloud_breakout,smart_money_reversal,10,0.4,2.454,2.3925,23.9255,-12.5233,9.3,1.0,67.32,False
ichimoku_cloud_breakout,breakeven_plus_trail,10,0.4,3.8309,9.1569,91.5691,-23.6889,56.7,0.7,66.0,False
ichimoku_cloud_breakout,reverse_signal,10,0.4,2.2722,2.1882,21.8824,-12.5233,10.5,1.0,65.44,False
ichimoku_cloud_breakout,atr_trail_mae_conditional,10,0.4,2.2722,2.1882,21.8824,-12.5233,10.5,1.0,65.44,False
ichimoku_cloud_breakout,atr_trail_1x,10,0.4,2.2722,2.1882,21.8824,-12.5233,10.5,1.0,65.44,False
ichimoku_cloud_breakout,r_multiple_2r,10,0.5,2.1617,2.0897,20.8972,-13.1031,8.4,0.9,65.04,False
ichimoku_cloud_breakout,mfe_lockin_trail,10,0.4,2.2157,2.091,20.9097,-12.5233,8.3,1.0,64.78,False
ichimoku_cloud_breakout,trailing_15pct,10,0.4,2.7582,7.7671,77.6706,-28.9253,85.4,0.7,64.28,False
ichimoku_cloud_breakout,multi_tier_partial,10,0.6,1.888,1.4204,14.2037,-12.2236,10.2,1.0,63.87,False
ichimoku_cloud_breakout,trailing_10pct,10,0.3,2.7606,7.7024,77.024,-32.6336,62.6,0.8,62.8,False
ichimoku_cloud_breakout,trailing_5pct,10,0.4,1.9818,2.077,20.7699,-14.4816,33.8,0.9,60.02,False
ichimoku_cloud_breakout,fixed_4r_2r,10,0.5,2.1472,3.7107,37.1074,-23.6889,18.3,0.9,58.72,False
ichimoku_cloud_breakout,smc_mitigation_zone,10,0.2,1.5154,0.8266,8.2657,-13.121,3.4,1.0,51.35,False
ichimoku_cloud_breakout,next_pivot_target,10,0.7,0.3259,-2.0223,-20.2234,-20.0,5.7,1.0,14.97,False
52w_high_breakout_with_smart_money_long,earnings_blackout,5,0.8,18.889,43.4877,217.4384,0.0,79.2,0.0,97.0,False
52w_high_breakout_with_smart_money_long,class_time_stop,5,0.8,18.8168,27.8455,139.2276,0.0,43.6,1.0,97.0,True
52w_high_breakout_with_smart_money_long,regime_flip,5,0.6,10.8449,27.4413,137.2063,-8.7233,29.2,1.0,83.1,False
52w_high_breakout_with_smart_money_long,time_stop_20d,5,0.6,10.8449,27.4413,137.2063,-8.7233,29.2,1.0,83.1,False
52w_high_breakout_with_smart_money_long,time_stop_10d,5,0.4,2.7028,6.1074,30.5369,-12.8673,14.4,1.0,72.78,False
52w_high_breakout_with_smart_money_long,breakeven_plus_trail,5,0.2,3.398,16.8314,84.1569,-26.2703,18.6,1.0,63.0,False
52w_high_breakout_with_smart_money_long,ma_exit_ema9,5,0.2,3.1923,12.3225,61.6127,-20.0,12.0,1.0,63.0,False
52w_high_breakout_with_smart_money_long,chandelier_3x,5,0.2,2.3409,10.6156,53.0778,-29.4225,17.0,1.0,57.92,False
52w_high_breakout_with_smart_money_long,r_multiple_3r,5,0.2,1.1525,0.5674,2.8368,-13.1352,3.6,1.0,45.34,False
52w_high_breakout_with_smart_money_long,r_multiple_2r,5,0.2,0.7683,-0.8621,-4.3103,-13.1352,3.6,1.0,34.89,False
52w_high_breakout_with_smart_money_long,next_pivot_target,5,0.4,0.7675,-1.3318,-6.659,-22.7373,5.6,1.0,28.58,False
52w_high_breakout_with_smart_money_long,fixed_4r_2r,5,0.2,0.8121,-1.3225,-6.6126,-26.2703,12.2,1.0,26.75,False
52w_high_breakout_with_smart_money_long,multi_tier_partial,5,0.2,0.4291,-2.003,-10.0149,-12.6822,3.6,1.0,21.82,False
52w_high_breakout_with_smart_money_long,atr_trail_mae_conditional,5,0.2,0.0648,-3.2808,-16.404,-13.8316,3.6,1.0,13.29,False
52w_high_breakout_with_smart_money_long,mfe_lockin_trail,5,0.2,0.0648,-3.2808,-16.404,-13.8316,3.6,1.0,13.29,False
52w_high_breakout_with_smart_money_long,smc_mitigation_zone,5,0.2,0.0648,-3.2808,-16.404,-13.8316,3.6,1.0,13.29,False
52w_high_breakout_with_smart_money_long,reverse_signal,5,0.2,0.0648,-3.2808,-16.404,-13.8316,3.6,1.0,13.29,False
52w_high_breakout_with_smart_money_long,smart_money_reversal,5,0.2,0.0648,-3.2808,-16.404,-13.8316,3.6,1.0,13.29,False
52w_high_breakout_with_smart_money_long,atr_trail_1x,5,0.2,0.0648,-3.2808,-16.404,-13.8316,3.6,1.0,13.29,False
52w_high_breakout_with_smart_money_long,break_even_at_1r,5,0.2,0.0611,-3.4935,-17.4674,-14.895,3.6,1.0,11.64,False
52w_high_breakout_with_smart_money_long,trailing_10pct,5,0.2,0.0316,-6.9584,-34.7918,-24.9518,25.2,1.0,3.0,False
52w_high_breakout_with_smart_money_long,atr_trail_2x,5,0.2,0.0378,-5.7908,-28.9539,-26.1433,10.4,1.0,3.0,False
52w_high_breakout_with_smart_money_long,trailing_15pct,5,0.2,0.0214,-10.3927,-51.9635,-37.1146,38.6,1.0,3.0,False
52w_high_breakout_with_smart_money_long,hybrid_50pct_target,5,0.2,0.2822,-5.7422,-28.7109,-20.0,32.2,1.0,3.0,False
52w_high_breakout_with_smart_money_long,trailing_5pct,5,0.0,0.0,-4.9055,-24.5273,-19.6962,7.8,1.0,0.52,False
52w_high_breakout_with_smart_money_long,atr_trail_vix_conditional,5,0.0,0.0,-4.9562,-24.7811,-22.2087,4.2,1.0,0.07,False
cup_and_handle_long,next_pivot_target,5,1.0,999.0,0.6791,3.3954,0.0,14.6,1.0,93.52,True
cup_and_handle_long,time_stop_10d,5,0.6,1.8349,0.8407,4.2033,-3.8862,14.4,1.0,72.83,False
cup_and_handle_long,break_even_at_1r,5,0.2,1.884,1.0227,5.1137,-3.2125,32.8,1.0,68.49,False
cup_and_handle_long,breakeven_plus_trail,5,0.2,1.7939,0.9646,4.8232,-3.0453,39.4,1.0,67.61,False
cup_and_handle_long,r_multiple_2r,5,0.4,1.335,0.3876,1.9382,-1.6899,6.8,1.0,65.39,False
cup_and_handle_long,chandelier_3x,5,0.2,1.6055,1.2344,6.1721,-6.3933,37.0,1.0,61.56,False
cup_and_handle_long,trailing_5pct,5,0.2,1.1576,0.4455,2.2276,-9.3063,46.6,1.0,50.03,False
cup_and_handle_long,r_multiple_3r,5,0.2,0.8989,-0.1497,-0.7483,-4.8268,14.2,1.0,49.56,False
cup_and_handle_long,fixed_4r_2r,5,0.2,0.6991,-0.7632,-3.816,-9.6538,19.8,1.0,37.46,False
cup_and_handle_long,smc_mitigation_zone,5,0.2,0.1234,-1.1341,-5.6706,-3.0982,3.8,1.0,29.93,False
cup_and_handle_long,trailing_15pct,5,0.4,0.7798,-1.7842,-8.9208,-25.6635,235.6,1.0,28.23,False
cup_and_handle_long,ma_exit_ema9,5,0.2,0.1944,-1.352,-6.7602,-4.5789,9.6,1.0,27.75,False
cup_and_handle_long,earnings_blackout,5,0.4,0.5786,-2.479,-12.3951,-17.2605,84.8,0.0,24.5,False
cup_and_handle_long,mfe_lockin_trail,5,0.0,0.0,-1.5198,-7.599,-5.0266,4.2,1.0,23.94,False
cup_and_handle_long,reverse_signal,5,0.0,0.0,-1.5198,-7.599,-5.0266,4.2,1.0,23.94,False
cup_and_handle_long,multi_tier_partial,5,0.0,0.0,-1.5198,-7.599,-5.0266,4.2,1.0,23.94,False
cup_and_handle_long,smart_money_reversal,5,0.0,0.0,-1.5198,-7.599,-5.0266,4.2,1.0,23.94,False
cup_and_handle_long,atr_trail_mae_conditional,5,0.0,0.0,-1.5198,-7.599,-5.0266,4.2,1.0,23.94,False
cup_and_handle_long,atr_trail_1x,5,0.0,0.0,-1.5198,-7.599,-5.0266,4.2,1.0,23.94,False
cup_and_handle_long,atr_trail_2x,5,0.2,0.0228,-1.9211,-9.6057,-7.0189,11.4,1.0,23.84,False
cup_and_handle_long,atr_trail_vix_conditional,5,0.0,0.0,-1.6067,-8.0335,-5.4611,4.4,1.0,23.26,False
cup_and_handle_long,trailing_10pct,5,0.4,0.4482,-2.7617,-13.8084,-15.186,105.8,1.0,21.44,False
cup_and_handle_long,time_stop_20d,5,0.2,0.286,-2.5684,-12.8422,-12.7724,28.6,1.0,15.68,False
cup_and_handle_long,regime_flip,5,0.2,0.286,-2.5684,-12.8422,-12.7724,28.6,1.0,15.68,False
cup_and_handle_long,class_time_stop,5,0.4,0.3054,-3.6716,-18.3582,-15.8537,64.8,1.0,13.18,False
cup_and_handle_long,hybrid_50pct_target,5,0.4,0.3739,-3.7563,-18.7817,-20.0,115.0,1.0,10.22,False
totm_long,multi_tier_partial,9,0.6667,6.2605,2.8648,25.7836,-4.779,3.9,1.0,85.82,True
totm_long,next_pivot_target,9,0.8889,4.2677,3.1799,28.6194,-8.7582,4.4,1.0,84.66,False
totm_long,hybrid_50pct_target,9,0.7778,7.3469,14.1043,126.9386,-10.0,75.8,0.8889,84.17,False
totm_long,breakeven_plus_trail,9,0.5556,28.2225,36.078,324.7024,-8.7582,35.8,0.7778,82.39,False
totm_long,trailing_15pct,9,0.7778,11.5912,27.0931,243.8376,-12.3006,158.9,0.6667,81.29,False
totm_long,smc_mitigation_zone,9,0.4444,4.0975,2.4518,22.0661,-5.7695,3.1,1.0,80.63,False
totm_long,smart_money_reversal,9,0.4444,4.4047,3.1043,27.9391,-6.7465,4.8,1.0,80.39,False
totm_long,reverse_signal,9,0.4444,4.4047,3.1043,27.9391,-6.7465,4.8,1.0,80.39,False
totm_long,atr_trail_mae_conditional,9,0.4444,4.4047,3.1043,27.9391,-6.7465,4.8,1.0,80.39,False
totm_long,mfe_lockin_trail,9,0.4444,4.4082,3.1075,27.9678,-6.7465,4.8,1.0,80.39,False
totm_long,atr_trail_1x,9,0.4444,4.4047,3.1043,27.9391,-6.7465,4.8,1.0,80.39,False
totm_long,time_stop_10d,9,0.6667,9.5491,14.9425,134.4823,-12.0366,14.3,1.0,79.95,False
totm_long,break_even_at_1r,9,0.2222,7.2765,6.6279,59.6511,-7.8505,6.9,0.8889,78.52,False
totm_long,atr_trail_2x,9,0.5556,12.8615,22.4843,202.3591,-12.7536,18.8,0.7778,77.39,False
totm_long,r_multiple_3r,9,0.4444,4.2175,7.0728,63.655,-12.2296,7.9,1.0,76.38,False
totm_long,ma_exit_ema9,9,0.5556,19.2621,29.5532,265.9789,-13.6582,13.6,0.7778,76.26,False
totm_long,r_multiple_2r,9,0.4444,3.1575,4.7426,42.6834,-12.2296,7.4,1.0,75.99,False
totm_long,trailing_10pct,9,0.6667,8.7091,17.2578,155.3199,-15.8871,74.3,0.8889,75.14,False
totm_long,earnings_blackout,9,0.8889,16.4233,45.3789,408.4101,-26.48,72.4,0.0,73.33,False
totm_long,chandelier_3x,9,0.3333,16.945,29.1412,262.2708,-13.7898,14.6,0.7778,72.76,False
totm_long,atr_trail_vix_conditional,9,0.4444,9.0804,14.5057,130.5512,-16.1566,10.9,0.8889,71.47,False
totm_long,regime_flip,9,0.6667,6.7754,27.3058,245.7522,-25.4277,28.8,1.0,70.0,False
totm_long,class_time_stop,9,0.6667,12.3162,36.1693,325.524,-27.4384,41.6,1.0,70.0,False
totm_long,time_stop_20d,9,0.6667,6.7754,27.3058,245.7522,-25.4277,28.8,1.0,70.0,False
totm_long,fixed_4r_2r,9,0.4444,3.036,8.2898,74.608,-24.0787,13.3,1.0,66.67,False
totm_long,trailing_5pct,9,0.1111,0.6479,-0.7468,-6.7209,-19.0862,7.2,1.0,22.8,False
po3_bullish,next_pivot_target,13,1.0,999.0,5.8989,76.6857,0.0,5.7,1.0,100.0,True
po3_bullish,time_stop_10d,13,0.9231,74.2833,12.0038,156.0495,-2.1294,14.5,1.0,96.18,False
po3_bullish,breakeven_plus_trail,13,0.6923,999.0,21.0675,273.877,0.0,57.4,0.8462,95.38,False
po3_bullish,atr_trail_2x,13,0.8462,25.756,13.8584,180.1591,-5.8987,31.2,0.8462,90.32,False
po3_bullish,atr_trail_vix_conditional,13,0.6923,9.102,7.9559,103.4265,-6.3985,14.9,0.9231,87.39,False
po3_bullish,hybrid_50pct_target,13,0.9231,17.1428,12.4175,161.4275,-10.0,56.5,0.8462,86.35,False
po3_bullish,atr_trail_mae_conditional,13,0.6154,4.6399,4.8446,62.9798,-7.7497,11.8,1.0,84.31,False
po3_bullish,reverse_signal,13,0.6154,4.6399,4.8446,62.9798,-7.7497,11.8,1.0,84.31,False
po3_bullish,atr_trail_1x,13,0.6154,4.6399,4.8446,62.9798,-7.7497,11.8,1.0,84.31,False
po3_bullish,smart_money_reversal,13,0.6154,4.6399,4.8446,62.9798,-7.7497,11.8,1.0,84.31,False
po3_bullish,trailing_10pct,13,0.5385,7.0763,11.0544,143.7076,-7.1072,52.8,0.8462,84.19,False
po3_bullish,mfe_lockin_trail,13,0.6154,4.4611,4.6067,59.8865,-7.7497,8.2,1.0,83.95,False
po3_bullish,ma_exit_ema9,13,0.3846,5.229,2.7527,35.7857,-3.8586,5.8,1.0,82.57,False
po3_bullish,trailing_5pct,13,0.3846,3.0433,2.9122,37.8591,-5.6667,24.8,0.9231,80.55,False
po3_bullish,r_multiple_3r,13,0.5385,3.7813,5.8988,76.6841,-10.8212,10.0,0.9231,79.55,False
po3_bullish,fixed_4r_2r,13,0.6154,3.8535,8.8112,114.545,-12.151,35.2,0.9231,79.04,False
po3_bullish,multi_tier_partial,13,0.6923,2.6408,2.1274,27.656,-7.7497,10.8,1.0,78.78,False
po3_bullish,r_multiple_2r,13,0.5385,2.7352,3.6801,47.8407,-10.8212,8.1,0.9231,75.68,False
po3_bullish,regime_flip,13,0.8462,3.6501,7.8261,101.7391,-21.2675,27.7,1.0,72.69,False
po3_bullish,time_stop_20d,13,0.8462,3.6501,7.8261,101.7391,-21.2675,27.7,1.0,72.69,False
po3_bullish,class_time_stop,13,0.7692,4.847,11.1625,145.112,-25.198,40.4,1.0,71.54,False
po3_bullish,earnings_blackout,13,0.6923,9.7391,22.3912,291.0856,-26.48,75.8,0.0,70.38,False
po3_bullish,trailing_15pct,13,0.5385,5.0775,14.3872,187.0338,-24.4753,80.8,0.8462,68.08,False
po3_bullish,smc_mitigation_zone,13,0.4615,1.1444,0.1122,1.4589,-7.2756,2.2,1.0,55.76,False
po3_bullish,break_even_at_1r,13,0.2308,1.1267,0.2108,2.7399,-11.2692,14.5,1.0,47.13,False
po3_bullish,chandelier_3x,13,0.0769,0.4356,-0.6857,-8.9141,-7.5633,5.9,1.0,28.65,False
parabolic_sar_flip_short,next_pivot_target,31,0.5806,0.565,-1.322,-40.9819,-64.1144,14.3,1.0,25.03,True
parabolic_sar_flip_short,time_stop_20d,31,0.4839,0.527,-2.2333,-69.2317,-107.4358,29.4,1.0,20.79,False
parabolic_sar_flip_short,regime_flip,31,0.4839,0.527,-2.2333,-69.2317,-107.4358,29.4,1.0,20.79,False
parabolic_sar_flip_short,r_multiple_3r,31,0.1935,0.5513,-1.1553,-35.8133,-33.3116,10.1,1.0,18.97,False
parabolic_sar_flip_short,r_multiple_2r,31,0.2258,0.4101,-1.4855,-46.052,-42.9772,6.2,1.0,12.9,False
parabolic_sar_flip_short,multi_tier_partial,31,0.3871,0.25,-1.2577,-38.99,-40.6453,4.4,1.0,11.42,False
parabolic_sar_flip_short,fixed_4r_2r,31,0.1935,0.411,-2.8791,-89.2534,-111.0107,26.0,1.0,10.37,False
parabolic_sar_flip_short,smc_mitigation_zone,31,0.2581,0.0851,-1.194,-37.0146,-35.6253,3.2,1.0,9.58,False
parabolic_sar_flip_short,hybrid_50pct_target,31,0.4194,0.345,-3.8032,-117.899,-131.4002,49.5,1.0,8.79,False
parabolic_sar_flip_short,time_stop_10d,31,0.3871,0.2883,-3.2036,-99.3129,-104.6178,14.7,1.0,8.5,False
parabolic_sar_flip_short,ma_exit_ema9,31,0.1935,0.3077,-1.4453,-44.8031,-44.2308,6.7,1.0,8.23,False
parabolic_sar_flip_short,trailing_5pct,31,0.2258,0.1558,-2.4106,-74.7281,-75.875,16.3,1.0,7.27,False
parabolic_sar_flip_short,atr_trail_2x,31,0.2581,0.2141,-2.8667,-88.8677,-95.028,15.0,1.0,7.07,False
parabolic_sar_flip_short,atr_trail_1x,31,0.1613,0.0271,-2.0208,-62.6437,-60.8729,4.7,1.0,6.89,False
parabolic_sar_flip_short,reverse_signal,31,0.1613,0.0271,-2.0208,-62.6437,-60.8729,4.7,1.0,6.89,False
parabolic_sar_flip_short,mfe_lockin_trail,31,0.1613,0.0271,-2.0208,-62.6437,-60.8729,4.7,1.0,6.89,False
parabolic_sar_flip_short,smart_money_reversal,31,0.1613,0.0271,-2.0208,-62.6437,-60.8729,4.7,1.0,6.89,False
parabolic_sar_flip_short,atr_trail_mae_conditional,31,0.1613,0.0271,-2.0208,-62.6437,-60.8729,4.7,1.0,6.89,False
parabolic_sar_flip_short,breakeven_plus_trail,31,0.1613,0.3086,-2.173,-67.3641,-71.0878,23.9,1.0,6.66,False
parabolic_sar_flip_short,atr_trail_vix_conditional,31,0.129,0.027,-2.5026,-77.5803,-75.8095,5.2,1.0,5.68,False
parabolic_sar_flip_short,break_even_at_1r,31,0.0,0.0,-1.8813,-58.3202,-57.7271,6.4,1.0,4.68,False
parabolic_sar_flip_short,chandelier_3x,31,0.0323,0.0388,-2.462,-76.3234,-78.991,7.9,1.0,4.29,False
parabolic_sar_flip_short,class_time_stop,31,0.2581,0.2305,-10.3316,-320.2805,-301.5218,72.3,1.0,3.87,False
parabolic_sar_flip_short,earnings_blackout,31,0.2581,0.1986,-12.9778,-402.3109,-387.867,86.0,0.0,3.87,False
parabolic_sar_flip_short,trailing_10pct,31,0.1935,0.1941,-4.4181,-136.9605,-143.5927,42.5,1.0,3.78,False
parabolic_sar_flip_short,trailing_15pct,31,0.0645,0.0576,-8.376,-259.6545,-259.002,69.8,0.9677,0.97,False
smc_choch_reversal,next_pivot_target,9,0.6667,0.7584,-0.9605,-8.6448,-15.7783,8.8,1.0,38.17,True
smc_choch_reversal,r_multiple_3r,9,0.2222,0.7657,-0.9587,-8.6284,-20.278,9.1,1.0,26.43,False
smc_choch_reversal,hybrid_50pct_target,9,0.3333,0.6473,-2.3512,-21.1605,-40.0,19.2,1.0,22.56,False
smc_choch_reversal,chandelier_3x,9,0.3333,0.5733,-2.1856,-19.6704,-23.3247,14.7,1.0,20.33,False
smc_choch_reversal,breakeven_plus_trail,9,0.3333,0.5542,-2.9463,-26.5168,-39.6504,18.0,1.0,18.49,False
smc_choch_reversal,r_multiple_2r,9,0.2222,0.4977,-2.0558,-18.5026,-20.278,8.7,1.0,15.96,False
smc_choch_reversal,fixed_4r_2r,9,0.2222,0.4987,-4.2084,-37.8755,-40.0879,20.4,1.0,12.77,False
smc_choch_reversal,multi_tier_partial,9,0.3333,0.1553,-2.7168,-24.451,-21.3223,5.4,1.0,8.42,False
smc_choch_reversal,trailing_5pct,9,0.2222,0.2488,-2.7023,-24.3207,-19.4852,7.7,1.0,7.42,False
smc_choch_reversal,class_time_stop,9,0.4444,0.2444,-8.3857,-75.4712,-91.4431,44.0,1.0,6.67,False
smc_choch_reversal,regime_flip,9,0.3333,0.0661,-11.142,-100.2778,-88.9487,28.9,1.0,5.0,False
smc_choch_reversal,time_stop_20d,9,0.3333,0.0661,-11.142,-100.2778,-88.9487,28.9,1.0,5.0,False
smc_choch_reversal,atr_trail_2x,9,0.2222,0.2322,-5.6886,-51.1977,-44.2828,13.6,1.0,3.33,False
smc_choch_reversal,trailing_15pct,9,0.2222,0.2432,-7.5541,-67.987,-59.0554,33.7,1.0,3.33,False
smc_choch_reversal,smc_mitigation_zone,9,0.0,0.0,-3.1607,-28.4462,-25.3175,4.9,1.0,2.76,False
smc_choch_reversal,ma_exit_ema9,9,0.1111,0.003,-4.4704,-40.2335,-38.2787,5.7,1.0,2.46,False
smc_choch_reversal,atr_trail_vix_conditional,9,0.1111,0.1527,-4.496,-40.4636,-38.1171,7.0,1.0,2.42,False
smc_choch_reversal,break_even_at_1r,9,0.0,0.0,-3.4979,-31.4815,-28.3528,5.6,1.0,2.25,False
smc_choch_reversal,smart_money_reversal,9,0.0,0.0,-3.5591,-32.0323,-28.9036,5.6,1.0,2.16,False
smc_choch_reversal,atr_trail_mae_conditional,9,0.0,0.0,-3.5591,-32.0323,-28.9036,5.6,1.0,2.16,False
smc_choch_reversal,mfe_lockin_trail,9,0.0,0.0,-3.5591,-32.0323,-28.9036,5.6,1.0,2.16,False
smc_choch_reversal,reverse_signal,9,0.0,0.0,-3.5591,-32.0323,-28.9036,5.6,1.0,2.16,False
smc_choch_reversal,atr_trail_1x,9,0.0,0.0,-3.5591,-32.0323,-28.9036,5.6,1.0,2.16,False
smc_choch_reversal,trailing_10pct,9,0.1111,0.0523,-6.7949,-61.1537,-51.1537,11.2,1.0,1.67,False
smc_choch_reversal,time_stop_10d,9,0.1111,0.0895,-8.1199,-73.0788,-71.9072,14.8,1.0,1.67,False
smc_choch_reversal,earnings_blackout,9,0.0,0.0,-26.5059,-238.5527,-225.9658,88.6,0.0,0.0,False
supertrend_macd,break_even_at_1r,7,0.1429,15.1821,29.4801,206.3608,-9.638,27.0,1.0,75.1,True
supertrend_macd,hybrid_50pct_target,7,0.4286,3.2119,12.6393,88.4751,-30.0,74.7,1.0,66.43,False
supertrend_macd,trailing_5pct,7,0.1429,4.0567,11.0586,77.4105,-17.4972,29.3,1.0,65.27,False
supertrend_macd,trailing_10pct,7,0.2857,5.5277,26.5551,185.8856,-26.7327,74.0,1.0,64.29,False
supertrend_macd,breakeven_plus_trail,7,0.1429,5.1002,25.5743,179.02,-31.7938,34.4,1.0,62.14,False
supertrend_macd,trailing_15pct,7,0.1429,4.9312,34.6608,242.6254,-37.9652,97.9,0.8571,62.14,False
supertrend_macd,atr_trail_2x,7,0.1429,2.7879,9.4121,65.8849,-25.6332,22.7,1.0,60.64,False
supertrend_macd,atr_trail_vix_conditional,7,0.1429,2.7325,6.6095,46.2663,-21.0342,17.1,1.0,60.23,False
supertrend_macd,class_time_stop,7,0.4286,1.6726,4.8651,34.0555,-16.721,73.9,1.0,58.36,False
supertrend_macd,smart_money_reversal,7,0.1429,1.513,1.3742,9.6197,-13.6433,6.1,1.0,50.63,False
supertrend_macd,reverse_signal,7,0.1429,1.513,1.3742,9.6197,-13.6433,6.1,1.0,50.63,False
supertrend_macd,atr_trail_mae_conditional,7,0.1429,1.513,1.3742,9.6197,-13.6433,6.1,1.0,50.63,False
supertrend_macd,atr_trail_1x,7,0.1429,1.513,1.3742,9.6197,-13.6433,6.1,1.0,50.63,False
supertrend_macd,multi_tier_partial,7,0.2857,0.9591,-0.1082,-0.7571,-13.6433,6.1,1.0,41.21,False
supertrend_macd,r_multiple_3r,7,0.1429,1.0736,0.2341,1.6387,-15.8969,7.1,1.0,39.08,False
supertrend_macd,earnings_blackout,7,0.4286,0.9839,-0.2097,-1.4678,-37.1598,89.1,0.0,35.78,False
supertrend_macd,mfe_lockin_trail,7,0.1429,0.7701,-0.6158,-4.3105,-13.6433,4.3,1.0,33.82,False
supertrend_macd,r_multiple_2r,7,0.1429,0.7798,-0.7003,-4.9018,-15.8969,6.9,1.0,31.13,False
supertrend_macd,fixed_4r_2r,7,0.1429,0.7249,-1.7274,-12.092,-31.7938,12.4,1.0,22.96,False
supertrend_macd,next_pivot_target,7,0.5714,0.2585,-3.5329,-24.7301,-23.35,16.4,1.0,10.77,False
supertrend_macd,time_stop_20d,7,0.2857,0.4333,-5.4847,-38.393,-42.2358,30.4,1.0,9.66,False
supertrend_macd,regime_flip,7,0.2857,0.4333,-5.4847,-38.393,-42.2358,30.4,1.0,9.66,False
supertrend_macd,smc_mitigation_zone,7,0.0,0.0,-2.8793,-20.1551,-15.2971,1.6,1.0,9.06,False
supertrend_macd,ma_exit_ema9,7,0.1429,0.0108,-4.0668,-28.4673,-21.2677,6.0,1.0,3.54,False
supertrend_macd,time_stop_10d,7,0.1429,0.2277,-5.6717,-39.7021,-31.8934,15.6,1.0,2.14,False
supertrend_macd,chandelier_3x,7,0.0,0.0,-5.6424,-39.4967,-32.3578,7.7,1.0,0.0,False
doji_at_resistance_short,next_pivot_target,10,0.8,0.4524,-1.0952,-10.9517,-10.0,27.9,1.0,36.61,True
doji_at_resistance_short,hybrid_50pct_target,10,0.4,0.4658,-3.2055,-32.055,-40.0,67.5,0.9,15.54,False
doji_at_resistance_short,time_stop_20d,10,0.3,0.4414,-1.922,-19.2197,-24.6183,29.8,1.0,14.87,False
doji_at_resistance_short,regime_flip,10,0.3,0.4414,-1.922,-19.2197,-24.6183,29.8,1.0,14.87,False
doji_at_resistance_short,smc_mitigation_zone,10,0.0,0.0,-1.6527,-16.5268,-15.0749,2.2,1.0,11.18,False
doji_at_resistance_short,chandelier_3x,10,0.0,0.0,-1.7227,-17.2267,-17.1212,4.1,1.0,8.51,False
doji_at_resistance_short,ma_exit_ema9,10,0.0,0.0,-1.8453,-18.4532,-17.0013,2.5,1.0,8.48,False
doji_at_resistance_short,class_time_stop,10,0.2,0.0386,-3.4932,-34.9321,-32.9901,10.7,1.0,5.26,False
doji_at_resistance_short,multi_tier_partial,10,0.1,0.0302,-2.5501,-25.5008,-24.3138,5.4,1.0,5.17,False
doji_at_resistance_short,breakeven_plus_trail,10,0.1,0.0264,-2.8285,-28.2845,-25.329,19.6,1.0,4.76,False
doji_at_resistance_short,earnings_blackout,10,0.3,0.1598,-11.7017,-117.0167,-122.7434,83.3,0.0,4.5,False
doji_at_resistance_short,time_stop_10d,10,0.1,0.0263,-3.4712,-34.7119,-31.0855,15.2,1.0,3.79,False
doji_at_resistance_short,break_even_at_1r,10,0.0,0.0,-2.6295,-26.2952,-24.3138,5.4,1.0,3.56,False
doji_at_resistance_short,r_multiple_2r,10,0.0,0.0,-2.8678,-28.6783,-26.6969,5.5,1.0,3.2,False
doji_at_resistance_short,mfe_lockin_trail,10,0.0,0.0,-2.8678,-28.6783,-26.6969,5.5,1.0,3.2,False
doji_at_resistance_short,reverse_signal,10,0.0,0.0,-2.8678,-28.6783,-26.6969,5.5,1.0,3.2,False
doji_at_resistance_short,smart_money_reversal,10,0.0,0.0,-2.8678,-28.6783,-26.6969,5.5,1.0,3.2,False
doji_at_resistance_short,atr_trail_mae_conditional,10,0.0,0.0,-2.8678,-28.6783,-26.6969,5.5,1.0,3.2,False
doji_at_resistance_short,r_multiple_3r,10,0.0,0.0,-2.8678,-28.6783,-26.6969,5.5,1.0,3.2,False
doji_at_resistance_short,atr_trail_1x,10,0.0,0.0,-2.8678,-28.6783,-26.6969,5.5,1.0,3.2,False
doji_at_resistance_short,trailing_10pct,10,0.2,0.2833,-5.4138,-54.1379,-56.3328,49.9,1.0,3.0,False
doji_at_resistance_short,trailing_15pct,10,0.2,0.2069,-6.3239,-63.239,-57.6994,89.1,0.9,3.0,False
doji_at_resistance_short,atr_trail_vix_conditional,10,0.0,0.0,-3.7142,-37.1416,-36.0333,7.6,1.0,1.93,False
doji_at_resistance_short,atr_trail_2x,10,0.0,0.0,-4.3329,-43.3295,-40.374,13.6,1.0,1.0,False
doji_at_resistance_short,trailing_5pct,10,0.0,0.0,-5.0148,-50.1481,-45.1481,16.9,1.0,0.0,False
doji_at_resistance_short,fixed_4r_2r,10,0.0,0.0,-5.6608,-56.6076,-53.6521,16.1,1.0,0.0,False
shooting_star_short,chandelier_3x,6,0.0,0.0,-0.1531,-0.9185,-0.7686,1.3,1.0,31.31,True
shooting_star_short,smc_mitigation_zone,6,0.3333,0.0943,-0.9002,-5.4015,-5.964,1.3,1.0,28.69,False
shooting_star_short,ma_exit_ema9,6,0.3333,0.0908,-0.9391,-5.6347,-6.1972,1.3,1.0,28.34,False
shooting_star_short,next_pivot_target,6,0.5,0.4351,-1.9483,-11.6896,-20.1246,13.7,0.8333,17.53,False
shooting_star_short,atr_trail_vix_conditional,6,0.0,0.0,-2.0307,-12.1843,-11.4622,3.7,0.8333,15.13,False
shooting_star_short,smart_money_reversal,6,0.0,0.0,-2.2707,-13.6245,-12.5569,4.2,1.0,13.4,False
shooting_star_short,mfe_lockin_trail,6,0.0,0.0,-2.2707,-13.6245,-12.5569,4.2,0.8333,13.4,False
shooting_star_short,atr_trail_mae_conditional,6,0.0,0.0,-2.2707,-13.6245,-12.5569,4.2,0.8333,13.4,False
shooting_star_short,multi_tier_partial,6,0.0,0.0,-2.2707,-13.6245,-12.5569,4.2,1.0,13.4,False
shooting_star_short,reverse_signal,6,0.0,0.0,-2.2707,-13.6245,-12.5569,4.2,0.8333,13.4,False
shooting_star_short,atr_trail_1x,6,0.0,0.0,-2.2707,-13.6245,-12.5569,4.2,0.8333,13.4,False
shooting_star_short,break_even_at_1r,6,0.0,0.0,-2.5373,-15.2237,-13.8371,4.2,0.8333,11.4,False
shooting_star_short,r_multiple_3r,6,0.0,0.0,-2.5373,-15.2237,-13.8371,4.2,0.8333,11.4,False
shooting_star_short,r_multiple_2r,6,0.0,0.0,-2.5373,-15.2237,-13.8371,4.2,0.8333,11.4,False
shooting_star_short,trailing_5pct,6,0.1667,0.1993,-2.3502,-14.1015,-17.6113,19.3,0.8333,9.46,False
shooting_star_short,breakeven_plus_trail,6,0.1667,0.0784,-2.6734,-16.0402,-17.4039,30.3,0.8333,9.24,False
shooting_star_short,atr_trail_2x,6,0.3333,0.235,-3.0543,-18.3257,-23.6415,15.3,0.8333,7.92,False
shooting_star_short,time_stop_10d,6,0.3333,0.0573,-3.5155,-21.0932,-21.9686,12.8,1.0,7.23,False
shooting_star_short,class_time_stop,6,0.1667,0.0292,-3.1947,-19.1683,-18.8829,9.0,1.0,6.6,False
shooting_star_short,time_stop_20d,6,0.3333,0.3076,-4.1164,-24.6984,-35.6694,25.0,1.0,6.32,False
shooting_star_short,regime_flip,6,0.3333,0.3076,-4.1164,-24.6984,-35.6694,25.0,1.0,6.32,False
shooting_star_short,hybrid_50pct_target,6,0.3333,0.1017,-4.5952,-27.5713,-30.0,34.7,0.8333,5.61,False
shooting_star_short,fixed_4r_2r,6,0.1667,0.1958,-3.7958,-22.775,-28.3212,15.0,0.8333,4.31,False
shooting_star_short,earnings_blackout,6,0.1667,0.0257,-8.7052,-52.231,-53.6094,73.2,0.0,2.5,False
shooting_star_short,trailing_10pct,6,0.0,0.0,-6.4727,-38.836,-37.751,39.2,0.8333,0.0,False
shooting_star_short,trailing_15pct,6,0.0,0.0,-8.7177,-52.3061,-46.6263,122.3,0.8333,0.0,False
xs_momentum_quality_combined,ma_exit_ema9,9,0.6667,8.2905,5.7729,51.9562,-6.179,13.0,1.0,87.28,True
xs_momentum_quality_combined,time_stop_10d,9,0.8889,10.2431,11.154,100.386,-10.8607,14.2,1.0,84.76,False
xs_momentum_quality_combined,break_even_at_1r,9,0.4444,8.8596,9.9404,89.4636,-5.6309,27.8,1.0,84.63,False
xs_momentum_quality_combined,earnings_blackout,9,0.8889,23.0608,29.6264,266.6375,-12.0865,87.0,0.0,83.23,False
xs_momentum_quality_combined,atr_trail_2x,9,0.7778,12.4364,15.3041,137.7365,-12.0437,37.8,1.0,81.61,False
xs_momentum_quality_combined,r_multiple_2r,9,0.6667,4.3594,6.133,55.1966,-11.1268,10.8,1.0,81.09,False
xs_momentum_quality_combined,r_multiple_3r,9,0.6667,6.5623,10.1546,91.3912,-11.1268,16.3,1.0,81.09,False
xs_momentum_quality_combined,breakeven_plus_trail,9,0.6667,23.4241,28.0595,252.5355,-11.2618,71.3,1.0,80.92,False
xs_momentum_quality_combined,chandelier_3x,9,0.1111,12.0127,2.7548,24.7928,-2.0714,10.1,1.0,80.71,False
xs_momentum_quality_combined,trailing_10pct,9,0.6667,9.1442,14.8279,133.4513,-12.6023,45.3,1.0,79.25,False
xs_momentum_quality_combined,atr_trail_vix_conditional,9,0.6667,4.8865,6.859,61.7307,-12.9128,16.6,1.0,78.86,False
xs_momentum_quality_combined,mfe_lockin_trail,9,0.4444,2.6568,3.2826,29.5438,-9.0485,8.2,1.0,75.29,False
xs_momentum_quality_combined,atr_trail_1x,9,0.4444,2.5282,3.0279,27.2514,-9.0485,9.9,1.0,73.89,False
xs_momentum_quality_combined,atr_trail_mae_conditional,9,0.4444,2.5282,3.0279,27.2514,-9.0485,9.9,1.0,73.89,False
xs_momentum_quality_combined,smart_money_reversal,9,0.4444,2.5282,3.0279,27.2514,-9.0485,9.9,1.0,73.89,False
xs_momentum_quality_combined,reverse_signal,9,0.4444,2.5282,3.0279,27.2514,-9.0485,9.9,1.0,73.89,False
xs_momentum_quality_combined,regime_flip,9,0.7778,4.0691,7.7736,69.9625,-22.7958,28.4,1.0,71.67,False
xs_momentum_quality_combined,hybrid_50pct_target,9,0.7778,6.8119,12.9154,116.2383,-20.0,51.3,1.0,71.67,False
xs_momentum_quality_combined,time_stop_20d,9,0.7778,4.0691,7.7736,69.9625,-22.7958,28.4,1.0,71.67,False
xs_momentum_quality_combined,smc_mitigation_zone,9,0.5556,1.741,0.3493,3.1434,-2.8465,1.4,1.0,71.66,False
xs_momentum_quality_combined,multi_tier_partial,9,0.5556,2.0706,2.068,18.6123,-9.0485,9.9,1.0,70.03,False
xs_momentum_quality_combined,trailing_15pct,9,0.6667,6.4949,20.1307,181.1765,-23.8424,82.0,1.0,70.0,False
xs_momentum_quality_combined,class_time_stop,9,0.6667,5.351,13.043,117.3872,-20.7143,43.3,1.0,70.0,False
xs_momentum_quality_combined,fixed_4r_2r,9,0.6667,4.9566,13.2658,119.3923,-22.2535,30.9,1.0,70.0,False
xs_momentum_quality_combined,trailing_5pct,9,0.3333,2.2174,2.9897,26.9077,-13.9892,17.2,1.0,63.31,False
xs_momentum_quality_combined,next_pivot_target,9,0.7778,2.1951,2.955,26.5951,-22.2535,9.1,1.0,62.2,False
pre_fomc_long_sleeve,regime_flip,5,0.8,3.9108,6.1574,30.7871,-10.5769,29.0,1.0,83.78,True
pre_fomc_long_sleeve,time_stop_20d,5,0.8,3.9108,6.1574,30.7871,-10.5769,29.0,1.0,83.78,False
pre_fomc_long_sleeve,earnings_blackout,5,0.8,7.8692,23.3855,116.9276,-17.0219,80.4,0.0,75.72,False
pre_fomc_long_sleeve,trailing_5pct,5,0.4,2.5938,4.0914,20.4568,-12.8356,33.6,1.0,70.61,False
pre_fomc_long_sleeve,break_even_at_1r,5,0.4,2.201,2.3651,11.8256,-9.8463,37.2,1.0,68.4,False
pre_fomc_long_sleeve,breakeven_plus_trail,5,0.4,4.206,18.2428,91.2138,-28.4508,67.2,1.0,66.0,False
pre_fomc_long_sleeve,class_time_stop,5,0.6,2.2971,6.2572,31.2862,-24.121,43.0,1.0,63.53,False
pre_fomc_long_sleeve,trailing_15pct,5,0.4,2.5436,12.3685,61.8425,-40.063,84.0,1.0,62.62,False
pre_fomc_long_sleeve,atr_trail_mae_conditional,5,0.2,1.5767,1.4337,7.1687,-10.7301,7.8,1.0,56.06,False
pre_fomc_long_sleeve,smart_money_reversal,5,0.2,1.5767,1.4337,7.1687,-10.7301,7.8,1.0,56.06,False
pre_fomc_long_sleeve,reverse_signal,5,0.2,1.5767,1.4337,7.1687,-10.7301,7.8,1.0,56.06,False
pre_fomc_long_sleeve,atr_trail_1x,5,0.2,1.5767,1.4337,7.1687,-10.7301,7.8,1.0,56.06,False
pre_fomc_long_sleeve,multi_tier_partial,5,0.4,1.1565,0.3274,1.637,-7.3029,7.6,1.0,55.34,False
pre_fomc_long_sleeve,mfe_lockin_trail,5,0.2,1.4723,1.1742,5.8711,-10.7301,6.4,1.0,54.27,False
pre_fomc_long_sleeve,r_multiple_3r,5,0.4,1.3337,0.9494,4.7468,-14.2254,12.6,1.0,50.54,False
pre_fomc_long_sleeve,atr_trail_vix_conditional,5,0.2,1.2686,0.8299,4.1493,-14.3033,8.6,1.0,46.24,False
pre_fomc_long_sleeve,r_multiple_2r,5,0.4,0.8934,-0.3033,-1.5167,-14.2254,6.4,1.0,40.45,False
pre_fomc_long_sleeve,fixed_4r_2r,5,0.4,0.8891,-0.6309,-3.1545,-28.4508,15.6,1.0,32.65,False
pre_fomc_long_sleeve,trailing_10pct,5,0.4,0.8748,-0.6201,-3.1006,-24.7725,39.6,1.0,32.33,False
pre_fomc_long_sleeve,ma_exit_ema9,5,0.4,0.7426,-1.4269,-7.1345,-27.7134,13.0,1.0,27.76,False
pre_fomc_long_sleeve,atr_trail_2x,5,0.4,0.6663,-1.6367,-8.1836,-24.524,14.6,1.0,25.23,False
pre_fomc_long_sleeve,hybrid_50pct_target,5,0.4,0.6774,-1.9356,-9.6779,-30.0,40.2,1.0,25.12,False
pre_fomc_long_sleeve,time_stop_10d,5,0.4,0.6667,-2.513,-12.565,-37.6971,14.0,1.0,23.93,False
pre_fomc_long_sleeve,smc_mitigation_zone,5,0.2,0.2689,-1.8174,-9.0872,-10.7301,3.6,1.0,19.36,False
pre_fomc_long_sleeve,chandelier_3x,5,0.2,0.4927,-3.3703,-16.8514,-33.2164,32.8,1.0,13.45,False
pre_fomc_long_sleeve,next_pivot_target,5,0.4,0.1166,-5.0268,-25.1342,-28.4508,5.2,1.0,6.0,False
news_sentiment_shift_long,earnings_blackout,5,0.6,6.2855,12.6054,63.0269,-10.8031,78.4,0.0,80.5,False
news_sentiment_shift_long,class_time_stop,5,0.6,1.7024,3.2999,16.4996,-23.49,43.2,1.0,54.85,True
news_sentiment_shift_long,regime_flip,5,0.6,1.3279,1.1018,5.5088,-16.7982,28.6,1.0,50.46,False
news_sentiment_shift_long,time_stop_20d,5,0.6,1.3279,1.1018,5.5088,-16.7982,28.6,1.0,50.46,False
news_sentiment_shift_long,breakeven_plus_trail,5,0.2,1.5045,2.4216,12.1079,-23.9991,64.0,1.0,45.0,False
news_sentiment_shift_long,trailing_10pct,5,0.2,1.1743,1.0506,5.253,-25.1835,69.2,1.0,37.87,False
news_sentiment_shift_long,hybrid_50pct_target,5,0.4,0.7707,-1.3756,-6.878,-30.0,65.4,1.0,28.6,False
news_sentiment_shift_long,trailing_5pct,5,0.4,0.4175,-1.4935,-7.4673,-12.8194,34.4,1.0,24.85,False
news_sentiment_shift_long,smc_mitigation_zone,5,0.4,0.2658,-1.5347,-7.6737,-10.4521,4.4,1.0,23.13,False
news_sentiment_shift_long,multi_tier_partial,5,0.2,0.1729,-2.3667,-11.8336,-14.307,4.8,1.0,14.07,False
news_sentiment_shift_long,mfe_lockin_trail,5,0.2,0.1478,-2.4384,-12.1918,-14.307,4.8,1.0,13.96,False
news_sentiment_shift_long,smart_money_reversal,5,0.2,0.1439,-2.4497,-12.2486,-14.307,4.8,1.0,13.94,False
news_sentiment_shift_long,atr_trail_mae_conditional,5,0.2,0.1439,-2.4497,-12.2486,-14.307,4.8,1.0,13.94,False
news_sentiment_shift_long,reverse_signal,5,0.2,0.1439,-2.4497,-12.2486,-14.307,4.8,1.0,13.94,False
news_sentiment_shift_long,atr_trail_1x,5,0.2,0.1439,-2.4497,-12.2486,-14.307,4.8,1.0,13.94,False
news_sentiment_shift_long,trailing_15pct,5,0.2,0.5476,-4.5865,-22.9324,-40.4512,83.2,1.0,13.79,False
news_sentiment_shift_long,r_multiple_3r,5,0.2,0.3455,-2.0311,-10.1554,-15.5173,7.6,1.0,13.79,False
news_sentiment_shift_long,r_multiple_2r,5,0.2,0.2304,-2.3885,-11.9427,-15.5173,5.4,1.0,12.52,False
news_sentiment_shift_long,break_even_at_1r,5,0.0,0.0,-2.7379,-13.6895,-13.6895,19.8,1.0,11.28,False
news_sentiment_shift_long,next_pivot_target,5,0.6,0.0871,-4.3816,-21.9078,-23.5025,8.8,1.0,9.93,False
news_sentiment_shift_long,time_stop_10d,5,0.4,0.2698,-3.6126,-18.0629,-21.4774,14.2,1.0,8.08,False
news_sentiment_shift_long,chandelier_3x,5,0.2,0.1235,-3.4306,-17.1529,-19.5704,16.2,1.0,5.89,False
news_sentiment_shift_long,atr_trail_vix_conditional,5,0.2,0.1617,-3.5035,-17.5177,-20.8961,11.6,1.0,5.24,False
news_sentiment_shift_long,ma_exit_ema9,5,0.2,0.0186,-3.8712,-19.3559,-19.7233,5.2,1.0,5.04,False
news_sentiment_shift_long,fixed_4r_2r,5,0.2,0.2362,-4.7285,-23.6425,-27.379,41.6,1.0,3.41,False
news_sentiment_shift_long,atr_trail_2x,5,0.2,0.1001,-4.7423,-23.7116,-26.3504,19.6,1.0,3.39,False
htf_aligned_breakout_long,regime_flip,19,0.6316,6.4212,8.9546,170.1377,-15.685,28.8,1.0,74.87,True
htf_aligned_breakout_long,time_stop_20d,19,0.6316,6.4212,8.9546,170.1377,-15.685,28.8,1.0,74.87,False
htf_aligned_breakout_long,earnings_blackout,19,0.7368,4.4769,17.5829,334.0753,-81.9249,79.1,0.0,71.05,False
htf_aligned_breakout_long,class_time_stop,19,0.5789,3.4718,12.4533,236.6126,-72.2742,42.1,1.0,68.68,False
htf_aligned_breakout_long,trailing_15pct,19,0.4737,2.9607,12.6151,239.6876,-75.5753,88.7,0.8947,66.84,False
htf_aligned_breakout_long,atr_trail_2x,19,0.4211,3.7815,9.1757,174.3385,-32.6688,21.0,0.8947,66.32,False
htf_aligned_breakout_long,ma_exit_ema9,19,0.3684,3.9275,9.6287,182.946,-33.1266,16.2,0.8947,65.53,False
htf_aligned_breakout_long,breakeven_plus_trail,19,0.3684,4.4541,11.1766,212.3554,-35.0285,41.2,0.8947,65.53,False
htf_aligned_breakout_long,chandelier_3x,19,0.3684,4.7776,16.476,313.0433,-39.7874,37.7,0.8947,65.53,False
htf_aligned_breakout_long,time_stop_10d,19,0.6316,2.5176,3.8766,73.6559,-29.612,14.4,1.0,64.2,False
htf_aligned_breakout_long,atr_trail_vix_conditional,19,0.2105,2.9951,4.7868,90.9483,-38.6542,7.3,0.9474,62.8,False
htf_aligned_breakout_long,trailing_10pct,19,0.4737,2.3277,6.3589,120.8187,-43.2687,56.6,0.9474,61.91,False
htf_aligned_breakout_long,hybrid_50pct_target,19,0.5263,1.8514,4.0329,76.6259,-51.7284,49.1,0.9474,56.56,False
htf_aligned_breakout_long,fixed_4r_2r,19,0.4211,1.9735,3.9786,75.5925,-40.6663,21.9,1.0,56.21,False
htf_aligned_breakout_long,break_even_at_1r,19,0.2105,2.3093,2.7894,52.999,-22.5995,16.9,0.9474,54.48,False
htf_aligned_breakout_long,r_multiple_3r,19,0.3158,1.8412,2.1855,41.525,-19.2042,11.5,1.0,51.51,False
htf_aligned_breakout_long,r_multiple_2r,19,0.3684,1.4812,1.2092,22.9746,-19.2042,7.5,1.0,46.38,False
htf_aligned_breakout_long,next_pivot_target,19,0.6316,1.0217,0.0606,1.152,-37.0534,10.1,1.0,40.0,False
htf_aligned_breakout_long,trailing_5pct,19,0.2105,1.0622,0.173,3.2865,-16.1484,22.1,1.0,39.47,False
htf_aligned_breakout_long,smc_mitigation_zone,19,0.2105,0.7944,-0.3772,-7.1677,-31.2669,3.2,1.0,27.88,False
htf_aligned_breakout_long,multi_tier_partial,19,0.3158,0.688,-0.7124,-13.5363,-27.2139,4.7,1.0,26.01,False
htf_aligned_breakout_long,mfe_lockin_trail,19,0.1579,0.6773,-0.7857,-14.9275,-31.8329,4.7,1.0,23.21,False
htf_aligned_breakout_long,reverse_signal,19,0.1579,0.6402,-0.8758,-16.6405,-33.5172,4.9,1.0,21.92,False
htf_aligned_breakout_long,atr_trail_mae_conditional,19,0.1579,0.6402,-0.8758,-16.6405,-33.5172,4.9,1.0,21.92,False
htf_aligned_breakout_long,atr_trail_1x,19,0.1579,0.6402,-0.8758,-16.6405,-33.5172,4.9,1.0,21.92,False
htf_aligned_breakout_long,smart_money_reversal,19,0.1053,0.5689,-1.053,-20.0062,-36.8829,4.2,1.0,18.45,False
institutional_persistent_holders_long,regime_flip,27,0.7037,8.954,14.0036,378.0974,-23.3908,29.0,1.0,70.56,True
institutional_persistent_holders_long,time_stop_20d,27,0.7037,8.954,14.0036,378.0974,-23.3908,29.0,1.0,70.56,False
institutional_persistent_holders_long,ma_exit_ema9,27,0.5185,7.142,11.2164,302.8431,-18.388,14.1,0.9259,69.79,False
institutional_persistent_holders_long,class_time_stop,27,0.6296,5.7513,17.2388,465.4475,-67.8973,43.0,1.0,69.44,False
institutional_persistent_holders_long,earnings_blackout,27,0.6296,8.556,29.3198,791.6356,-58.2974,80.2,0.0,69.44,False
institutional_persistent_holders_long,breakeven_plus_trail,27,0.4444,8.7695,17.3802,469.2667,-18.0037,60.1,0.8889,69.16,False
institutional_persistent_holders_long,atr_trail_2x,27,0.5185,4.6056,10.4155,281.2194,-19.3005,26.8,0.9259,68.65,False
institutional_persistent_holders_long,r_multiple_2r,27,0.5185,2.4939,3.1129,84.0473,-14.4977,7.7,1.0,68.04,False
institutional_persistent_holders_long,trailing_15pct,27,0.4074,3.006,13.9608,376.9418,-109.1387,121.5,0.8889,66.11,False
institutional_persistent_holders_long,hybrid_50pct_target,27,0.5556,2.5902,7.0674,190.8205,-40.0,75.1,0.963,65.33,False
institutional_persistent_holders_long,time_stop_10d,27,0.6296,2.4817,4.7548,128.3809,-22.3211,14.3,1.0,65.19,False
institutional_persistent_holders_long,atr_trail_vix_conditional,27,0.4074,2.919,4.6561,125.7141,-20.8579,12.4,0.963,65.03,False
institutional_persistent_holders_long,chandelier_3x,27,0.3333,8.5642,15.5682,420.3406,-37.6235,24.6,0.9259,65.0,False
institutional_persistent_holders_long,trailing_10pct,27,0.4444,2.701,7.9327,214.1838,-62.798,62.5,0.963,64.52,False
institutional_persistent_holders_long,break_even_at_1r,27,0.2593,3.1612,4.1181,111.1898,-18.9284,21.0,0.963,63.91,False
institutional_persistent_holders_long,fixed_4r_2r,27,0.4444,2.3334,5.6258,151.896,-39.2807,31.2,1.0,61.52,False
institutional_persistent_holders_long,r_multiple_3r,27,0.4074,2.2465,3.2504,87.7609,-32.5825,11.2,1.0,57.56,False
institutional_persistent_holders_long,trailing_5pct,27,0.2963,1.553,1.3159,35.5292,-37.7738,24.4,1.0,45.43,False
institutional_persistent_holders_long,smc_mitigation_zone,27,0.4444,1.2995,0.4442,11.9947,-18.086,4.1,1.0,45.09,False
institutional_persistent_holders_long,multi_tier_partial,27,0.4074,1.1734,0.3656,9.8718,-19.6494,6.4,1.0,40.37,False
institutional_persistent_holders_long,mfe_lockin_trail,27,0.3333,1.1859,0.3971,10.7219,-19.6494,6.0,1.0,39.53,False
institutional_persistent_holders_long,reverse_signal,27,0.3333,1.1666,0.3558,9.6067,-19.6494,6.4,1.0,39.13,False
institutional_persistent_holders_long,atr_trail_1x,27,0.3333,1.1666,0.3558,9.6067,-19.6494,6.4,1.0,39.13,False
institutional_persistent_holders_long,atr_trail_mae_conditional,27,0.3333,1.1666,0.3558,9.6067,-19.6494,6.4,1.0,39.13,False
institutional_persistent_holders_long,smart_money_reversal,27,0.2963,1.1507,0.3069,8.2855,-19.8078,5.7,1.0,38.02,False
institutional_persistent_holders_long,next_pivot_target,27,0.7407,0.8774,-0.3366,-9.0869,-32.8293,9.9,1.0,37.93,False
post_inclusion_reversal_short,r_multiple_2r,12,0.25,0.5594,-2.9108,-34.9299,-39.4438,6.0,1.0,17.49,True
post_inclusion_reversal_short,smc_mitigation_zone,12,0.25,0.0666,-3.4501,-41.401,-34.2049,1.6,1.0,6.07,False
post_inclusion_reversal_short,trailing_10pct,12,0.25,0.3593,-4.5166,-54.199,-44.199,6.8,1.0,6.01,False
post_inclusion_reversal_short,next_pivot_target,12,0.3333,0.343,-5.2916,-63.4994,-65.0974,6.2,1.0,5.58,False
post_inclusion_reversal_short,ma_exit_ema9,12,0.25,0.0585,-3.96,-47.5203,-37.5203,2.1,1.0,5.31,False
post_inclusion_reversal_short,multi_tier_partial,12,0.25,0.3318,-4.0517,-48.6205,-41.4244,4.9,1.0,5.17,False
post_inclusion_reversal_short,trailing_15pct,12,0.25,0.1596,-9.5883,-115.0598,-96.7494,9.3,1.0,3.75,False
post_inclusion_reversal_short,atr_trail_vix_conditional,12,0.25,0.26,-5.6766,-68.1194,-60.9233,7.4,1.0,3.75,False
post_inclusion_reversal_short,atr_trail_2x,12,0.25,0.0898,-10.5928,-127.1141,-112.7218,10.1,1.0,3.75,False
post_inclusion_reversal_short,time_stop_10d,12,0.25,0.3048,-6.6218,-79.4621,-74.6464,14.5,1.0,3.75,False
post_inclusion_reversal_short,breakeven_plus_trail,12,0.25,0.2294,-9.5014,-114.0173,-99.625,16.5,1.0,3.75,False
post_inclusion_reversal_short,mfe_lockin_trail,12,0.1667,0.2888,-4.4137,-52.9646,-45.7685,4.9,1.0,3.38,False
post_inclusion_reversal_short,smart_money_reversal,12,0.1667,0.2688,-4.5377,-54.452,-47.2559,4.9,1.0,3.19,False
post_inclusion_reversal_short,atr_trail_mae_conditional,12,0.1667,0.2688,-4.5377,-54.452,-47.2559,4.9,1.0,3.19,False
post_inclusion_reversal_short,reverse_signal,12,0.1667,0.2688,-4.5377,-54.452,-47.2559,4.9,1.0,3.19,False
post_inclusion_reversal_short,atr_trail_1x,12,0.1667,0.2688,-4.5377,-54.452,-47.2559,4.9,1.0,3.19,False
post_inclusion_reversal_short,break_even_at_1r,12,0.1667,0.2762,-4.7823,-57.3876,-50.1915,6.0,1.0,2.83,False
post_inclusion_reversal_short,chandelier_3x,12,0.0,0.0,-3.8017,-45.6207,-45.2514,3.7,1.0,1.8,False
post_inclusion_reversal_short,trailing_5pct,12,0.0,0.0,-4.1093,-49.3116,-44.3116,2.2,1.0,1.34,False
post_inclusion_reversal_short,time_stop_20d,12,0.0833,0.0028,-20.1904,-242.2851,-236.7559,28.8,1.0,1.25,False
post_inclusion_reversal_short,regime_flip,12,0.0833,0.0028,-20.1904,-242.2851,-236.7559,28.8,1.0,1.25,False
post_inclusion_reversal_short,hybrid_50pct_target,12,0.0833,0.126,-8.0119,-96.1424,-86.1424,10.7,1.0,1.25,False
post_inclusion_reversal_short,r_multiple_3r,12,0.0833,0.1983,-6.4753,-77.704,-70.5079,7.9,1.0,1.25,False
post_inclusion_reversal_short,fixed_4r_2r,12,0.0,0.0,-16.3563,-196.276,-181.8837,12.4,1.0,0.0,False
post_inclusion_reversal_short,earnings_blackout,12,0.0,0.0,-93.5864,-1123.0369,-1052.175,61.7,0.0,0.0,False
post_inclusion_reversal_short,class_time_stop,12,0.0,0.0,-38.0662,-456.7943,-436.8526,41.2,1.0,0.0,False
institutional_strong_conviction_long,regime_flip,22,0.7273,15.0737,16.3176,358.9877,-10.4315,28.9,1.0,82.87,True
institutional_strong_conviction_long,time_stop_20d,22,0.7273,15.0737,16.3176,358.9877,-10.4315,28.9,1.0,82.87,False
institutional_strong_conviction_long,r_multiple_2r,22,0.5,2.6445,3.4711,76.3647,-14.0732,7.3,1.0,70.03,False
institutional_strong_conviction_long,earnings_blackout,22,0.6364,8.6909,32.0085,704.1868,-46.1599,78.6,0.0,69.55,False
institutional_strong_conviction_long,breakeven_plus_trail,22,0.4545,8.4604,20.4817,450.5969,-18.0037,61.2,0.8636,69.31,False
institutional_strong_conviction_long,class_time_stop,22,0.5909,5.8029,19.4023,426.851,-58.8077,42.9,1.0,68.86,False
institutional_strong_conviction_long,atr_trail_2x,22,0.5,4.5526,11.8484,260.6645,-19.3005,26.6,0.9091,68.37,False
institutional_strong_conviction_long,hybrid_50pct_target,22,0.5455,2.8837,8.5624,188.3722,-30.0,79.3,0.9545,67.37,False
institutional_strong_conviction_long,ma_exit_ema9,22,0.4545,6.6899,12.3994,272.7861,-22.5879,13.5,0.9091,66.82,False
institutional_strong_conviction_long,trailing_10pct,22,0.4545,2.8449,9.4746,208.4421,-55.2334,62.8,0.9545,65.73,False
institutional_strong_conviction_long,break_even_at_1r,22,0.2727,3.4294,5.1774,113.9033,-18.9284,14.9,0.9545,65.43,False
institutional_strong_conviction_long,time_stop_10d,22,0.5909,2.5298,5.2775,116.1051,-29.5681,14.3,1.0,65.37,False
institutional_strong_conviction_long,atr_trail_vix_conditional,22,0.3636,2.9726,5.4329,119.5229,-22.7318,12.3,0.9545,65.27,False
institutional_strong_conviction_long,chandelier_3x,22,0.2727,6.3088,12.3593,271.9036,-37.6235,17.4,0.9091,64.09,False
institutional_strong_conviction_long,fixed_4r_2r,22,0.4545,2.6246,6.696,147.313,-28.289,28.4,1.0,64.08,False
institutional_strong_conviction_long,r_multiple_3r,22,0.4091,2.5763,4.0303,88.6677,-32.5825,10.3,1.0,61.56,False
institutional_strong_conviction_long,trailing_15pct,22,0.4091,2.2177,8.7565,192.6425,-90.0541,92.2,0.8636,59.95,False
institutional_strong_conviction_long,trailing_5pct,22,0.2273,1.5819,1.5606,34.3342,-32.7935,24.9,1.0,45.14,False
institutional_strong_conviction_long,smc_mitigation_zone,22,0.4091,1.3188,0.5019,11.0421,-18.086,3.7,1.0,44.95,False
institutional_strong_conviction_long,multi_tier_partial,22,0.3636,1.1132,0.2591,5.6995,-16.832,5.8,1.0,42.0,False
institutional_strong_conviction_long,smart_money_reversal,22,0.2727,1.1916,0.4203,9.2458,-17.7562,5.6,1.0,41.12,False
institutional_strong_conviction_long,reverse_signal,22,0.2727,1.1252,0.2907,6.3962,-17.7562,5.9,1.0,39.75,False
institutional_strong_conviction_long,atr_trail_1x,22,0.2727,1.1252,0.2907,6.3962,-17.7562,5.9,1.0,39.75,False
institutional_strong_conviction_long,atr_trail_mae_conditional,22,0.2727,1.1252,0.2907,6.3962,-17.7562,5.9,1.0,39.75,False
institutional_strong_conviction_long,next_pivot_target,22,0.7727,0.9253,-0.1848,-4.0647,-32.8293,9.7,1.0,39.72,False
institutional_strong_conviction_long,mfe_lockin_trail,22,0.2727,1.083,0.1927,4.2405,-19.026,5.4,1.0,37.23,False
smc_breaker_block_long,earnings_blackout,27,0.8889,58.4878,30.1521,814.108,-12.4077,76.5,0.0,82.82,False
smc_breaker_block_long,class_time_stop,27,0.7778,18.4513,14.246,384.643,-14.5384,41.7,1.0,78.49,True
smc_breaker_block_long,time_stop_10d,27,0.7778,5.483,6.4384,173.8359,-18.3375,14.4,1.0,73.75,False
smc_breaker_block_long,time_stop_20d,27,0.7778,8.892,9.8,264.599,-21.2819,28.7,1.0,71.67,False
smc_breaker_block_long,regime_flip,27,0.7778,8.892,9.8,264.599,-21.2819,28.7,1.0,71.67,False
smc_breaker_block_long,hybrid_50pct_target,27,0.7407,5.2854,9.7001,261.9027,-30.0,88.4,0.8519,71.11,False
smc_breaker_block_long,atr_trail_vix_conditional,27,0.4815,3.5604,4.2094,113.654,-16.3339,11.3,0.963,70.62,False
smc_breaker_block_long,trailing_15pct,27,0.6296,6.4957,18.1866,491.0375,-34.55,169.1,0.7778,69.44,False
smc_breaker_block_long,atr_trail_2x,27,0.6296,4.1856,7.4722,201.7501,-28.2316,28.0,0.8889,69.44,False
smc_breaker_block_long,trailing_10pct,27,0.6296,6.6969,12.8842,347.8725,-22.1695,94.3,0.8519,69.44,False
smc_breaker_block_long,breakeven_plus_trail,27,0.5926,10.0202,13.1337,354.6099,-22.2912,71.7,0.8148,68.89,False
smc_breaker_block_long,r_multiple_3r,27,0.5556,3.2109,4.3235,116.7354,-41.6953,14.1,0.963,67.32,False
smc_breaker_block_long,break_even_at_1r,27,0.3704,4.4239,4.8597,131.2121,-31.0989,46.9,0.9259,65.35,False
smc_breaker_block_long,fixed_4r_2r,27,0.5556,2.4033,4.9665,134.0954,-51.7363,31.0,0.963,63.74,False
smc_breaker_block_long,trailing_5pct,27,0.4444,2.7647,3.2089,86.6407,-20.9894,36.0,0.963,62.31,False
smc_breaker_block_long,ma_exit_ema9,27,0.4815,2.4029,3.1145,84.0923,-42.1614,12.3,0.963,59.85,False
smc_breaker_block_long,r_multiple_2r,27,0.5556,2.2402,2.4253,65.4843,-41.6953,8.0,0.963,58.49,False
smc_breaker_block_long,next_pivot_target,27,0.8148,1.6317,0.9647,26.0464,-26.5862,10.1,1.0,53.7,False
smc_breaker_block_long,chandelier_3x,27,0.3333,1.8076,2.1712,58.6213,-55.9031,21.6,0.9259,50.38,False
smc_breaker_block_long,smart_money_reversal,27,0.2963,1.9036,1.4526,39.2195,-31.3744,6.5,1.0,49.81,False
smc_breaker_block_long,mfe_lockin_trail,27,0.3333,1.7799,1.4078,38.0097,-36.1216,7.5,1.0,48.92,False
smc_breaker_block_long,atr_trail_mae_conditional,27,0.3333,1.7509,1.3556,36.6,-36.1216,8.2,1.0,48.5,False
smc_breaker_block_long,reverse_signal,27,0.3333,1.7509,1.3556,36.6,-36.1216,8.2,1.0,48.5,False
smc_breaker_block_long,atr_trail_1x,27,0.3333,1.7509,1.3556,36.6,-36.1216,8.2,1.0,48.5,False
smc_breaker_block_long,multi_tier_partial,27,0.5556,1.3903,0.5699,15.3882,-27.8289,7.1,1.0,45.94,False
smc_breaker_block_long,smc_mitigation_zone,27,0.2963,1.0617,0.1166,3.1471,-41.0211,5.1,1.0,35.85,False
