exit_a,exit_b,regime_at_entry,sector,cap_band,vol_band,hold_duration_band,a_total_pnl_pct,b_total_pnl_pct,edge,dominates,n_a,n_b
atr_trail_1x,atr_trail_2x,neutral,Communication Services,unknown,mid_15_25,long_ge_11d,-6.6228,78.07079999999999,-84.69359999999999,False,11,11
atr_trail_1x,atr_trail_mae_conditional,neutral,Communication Services,unknown,mid_15_25,long_ge_11d,-6.6228,-6.6228,0.0,False,11,11
atr_trail_1x,atr_trail_vix_conditional,neutral,Communication Services,unknown,mid_15_25,long_ge_11d,-6.6228,13.362299999999998,-19.985099999999996,False,11,11
atr_trail_1x,break_even_at_1r,neutral,Communication Services,unknown,mid_15_25,long_ge_11d,-6.6228,132.3858,-139.0086,False,11,11
atr_trail_1x,breakeven_plus_trail,neutral,Communication Services,unknown,mid_15_25,long_ge_11d,-6.6228,180.3301,-186.9529,False,11,11
atr_trail_1x,chandelier_3x,neutral,Communication Services,unknown,mid_15_25,long_ge_11d,-6.6228,90.0387,-96.6615,False,11,11
atr_trail_1x,class_time_stop,neutral,Communication Services,unknown,mid_15_25,long_ge_11d,-6.6228,84.7076,-91.3304,False,11,11
atr_trail_1x,earnings_blackout,neutral,Communication Services,unknown,mid_15_25,long_ge_11d,-6.6228,781.4327000000001,-788.0555,False,11,11
atr_trail_1x,fixed_4r_2r,neutral,Communication Services,unknown,mid_15_25,long_ge_11d,-6.6228,52.4692,-59.092,False,11,11
atr_trail_1x,hybrid_50pct_target,neutral,Communication Services,unknown,mid_15_25,long_ge_11d,-6.6228,-90.3622,83.7394,True,11,11
atr_trail_1x,ma_exit_ema9,neutral,Communication Services,unknown,mid_15_25,long_ge_11d,-6.6228,53.0455,-59.668299999999995,False,11,11
atr_trail_1x,mfe_lockin_trail,neutral,Communication Services,unknown,mid_15_25,long_ge_11d,-6.6228,-6.5649999999999995,-0.057800000000000296,False,11,11
atr_trail_1x,multi_tier_partial,neutral,Communication Services,unknown,mid_15_25,long_ge_11d,-6.6228,1.3999000000000006,-8.0227,False,11,11
atr_trail_1x,next_pivot_target,neutral,Communication Services,unknown,mid_15_25,long_ge_11d,-6.6228,-3.1638,-3.4589999999999996,False,11,11
atr_trail_1x,r_multiple_2r,neutral,Communication Services,unknown,mid_15_25,long_ge_11d,-6.6228,11.6019,-18.2247,False,11,11
atr_trail_1x,r_multiple_3r,neutral,Communication Services,unknown,mid_15_25,long_ge_11d,-6.6228,21.088,-27.7108,False,11,11
atr_trail_1x,regime_flip,neutral,Communication Services,unknown,mid_15_25,long_ge_11d,-6.6228,38.7745,-45.3973,False,11,11
atr_trail_1x,reverse_signal,neutral,Communication Services,unknown,mid_15_25,long_ge_11d,-6.6228,-6.6228,0.0,False,11,11
atr_trail_1x,smc_mitigation_zone,neutral,Communication Services,unknown,mid_15_25,long_ge_11d,-6.6228,-3.3247,-3.2981,False,11,11
atr_trail_1x,time_stop_10d,neutral,Communication Services,unknown,mid_15_25,long_ge_11d,-6.6228,33.5482,-40.171,False,11,11
atr_trail_1x,time_stop_20d,neutral,Communication Services,unknown,mid_15_25,long_ge_11d,-6.6228,38.7745,-45.3973,False,11,11
atr_trail_1x,trailing_10pct,neutral,Communication Services,unknown,mid_15_25,long_ge_11d,-6.6228,187.2882,-193.911,False,11,11
atr_trail_1x,trailing_15pct,neutral,Communication Services,unknown,mid_15_25,long_ge_11d,-6.6228,255.75459999999998,-262.37739999999997,False,11,11
atr_trail_1x,trailing_5pct,neutral,Communication Services,unknown,mid_15_25,long_ge_11d,-6.6228,62.932599999999994,-69.55539999999999,False,11,11
atr_trail_2x,atr_trail_mae_conditional,neutral,Communication Services,unknown,mid_15_25,long_ge_11d,78.07079999999999,-6.6228,84.69359999999999,True,11,11
atr_trail_2x,atr_trail_vix_conditional,neutral,Communication Services,unknown,mid_15_25,long_ge_11d,78.07079999999999,13.362299999999998,64.70849999999999,True,11,11
atr_trail_2x,break_even_at_1r,neutral,Communication Services,unknown,mid_15_25,long_ge_11d,78.07079999999999,132.3858,-54.315,False,11,11
atr_trail_2x,breakeven_plus_trail,neutral,Communication Services,unknown,mid_15_25,long_ge_11d,78.07079999999999,180.3301,-102.2593,False,11,11
atr_trail_2x,chandelier_3x,neutral,Communication Services,unknown,mid_15_25,long_ge_11d,78.07079999999999,90.0387,-11.967900000000014,False,11,11
atr_trail_2x,class_time_stop,neutral,Communication Services,unknown,mid_15_25,long_ge_11d,78.07079999999999,84.7076,-6.636800000000008,False,11,11
atr_trail_2x,earnings_blackout,neutral,Communication Services,unknown,mid_15_25,long_ge_11d,78.07079999999999,781.4327000000001,-703.3619000000001,False,11,11
atr_trail_2x,fixed_4r_2r,neutral,Communication Services,unknown,mid_15_25,long_ge_11d,78.07079999999999,52.4692,25.60159999999999,True,11,11
atr_trail_2x,hybrid_50pct_target,neutral,Communication Services,unknown,mid_15_25,long_ge_11d,78.07079999999999,-90.3622,168.433,True,11,11
atr_trail_2x,ma_exit_ema9,neutral,Communication Services,unknown,mid_15_25,long_ge_11d,78.07079999999999,53.0455,25.025299999999994,True,11,11
atr_trail_2x,mfe_lockin_trail,neutral,Communication Services,unknown,mid_15_25,long_ge_11d,78.07079999999999,-6.5649999999999995,84.63579999999999,True,11,11
atr_trail_2x,multi_tier_partial,neutral,Communication Services,unknown,mid_15_25,long_ge_11d,78.07079999999999,1.3999000000000006,76.67089999999999,True,11,11
atr_trail_2x,next_pivot_target,neutral,Communication Services,unknown,mid_15_25,long_ge_11d,78.07079999999999,-3.1638,81.23459999999999,True,11,11
atr_trail_2x,r_multiple_2r,neutral,Communication Services,unknown,mid_15_25,long_ge_11d,78.07079999999999,11.6019,66.46889999999999,True,11,11
atr_trail_2x,r_multiple_3r,neutral,Communication Services,unknown,mid_15_25,long_ge_11d,78.07079999999999,21.088,56.98279999999999,True,11,11
atr_trail_2x,regime_flip,neutral,Communication Services,unknown,mid_15_25,long_ge_11d,78.07079999999999,38.7745,39.29629999999999,True,11,11
atr_trail_2x,reverse_signal,neutral,Communication Services,unknown,mid_15_25,long_ge_11d,78.07079999999999,-6.6228,84.69359999999999,True,11,11
atr_trail_2x,smc_mitigation_zone,neutral,Communication Services,unknown,mid_15_25,long_ge_11d,78.07079999999999,-3.3247,81.3955,True,11,11
atr_trail_2x,time_stop_10d,neutral,Communication Services,unknown,mid_15_25,long_ge_11d,78.07079999999999,33.5482,44.52259999999999,True,11,11
atr_trail_2x,time_stop_20d,neutral,Communication Services,unknown,mid_15_25,long_ge_11d,78.07079999999999,38.7745,39.29629999999999,True,11,11
atr_trail_2x,trailing_10pct,neutral,Communication Services,unknown,mid_15_25,long_ge_11d,78.07079999999999,187.2882,-109.2174,False,11,11
atr_trail_2x,trailing_15pct,neutral,Communication Services,unknown,mid_15_25,long_ge_11d,78.07079999999999,255.75459999999998,-177.6838,False,11,11
atr_trail_2x,trailing_5pct,neutral,Communication Services,unknown,mid_15_25,long_ge_11d,78.07079999999999,62.932599999999994,15.138199999999998,True,11,11
atr_trail_mae_conditional,atr_trail_vix_conditional,neutral,Communication Services,unknown,mid_15_25,long_ge_11d,-6.6228,13.362299999999998,-19.985099999999996,False,11,11
atr_trail_mae_conditional,break_even_at_1r,neutral,Communication Services,unknown,mid_15_25,long_ge_11d,-6.6228,132.3858,-139.0086,False,11,11
atr_trail_mae_conditional,breakeven_plus_trail,neutral,Communication Services,unknown,mid_15_25,long_ge_11d,-6.6228,180.3301,-186.9529,False,11,11
atr_trail_mae_conditional,chandelier_3x,neutral,Communication Services,unknown,mid_15_25,long_ge_11d,-6.6228,90.0387,-96.6615,False,11,11
atr_trail_mae_conditional,class_time_stop,neutral,Communication Services,unknown,mid_15_25,long_ge_11d,-6.6228,84.7076,-91.3304,False,11,11
atr_trail_mae_conditional,earnings_blackout,neutral,Communication Services,unknown,mid_15_25,long_ge_11d,-6.6228,781.4327000000001,-788.0555,False,11,11
atr_trail_mae_conditional,fixed_4r_2r,neutral,Communication Services,unknown,mid_15_25,long_ge_11d,-6.6228,52.4692,-59.092,False,11,11
atr_trail_mae_conditional,hybrid_50pct_target,neutral,Communication Services,unknown,mid_15_25,long_ge_11d,-6.6228,-90.3622,83.7394,True,11,11
atr_trail_mae_conditional,ma_exit_ema9,neutral,Communication Services,unknown,mid_15_25,long_ge_11d,-6.6228,53.0455,-59.668299999999995,False,11,11
atr_trail_mae_conditional,mfe_lockin_trail,neutral,Communication Services,unknown,mid_15_25,long_ge_11d,-6.6228,-6.5649999999999995,-0.057800000000000296,False,11,11
atr_trail_mae_conditional,multi_tier_partial,neutral,Communication Services,unknown,mid_15_25,long_ge_11d,-6.6228,1.3999000000000006,-8.0227,False,11,11
atr_trail_mae_conditional,next_pivot_target,neutral,Communication Services,unknown,mid_15_25,long_ge_11d,-6.6228,-3.1638,-3.4589999999999996,False,11,11
atr_trail_mae_conditional,r_multiple_2r,neutral,Communication Services,unknown,mid_15_25,long_ge_11d,-6.6228,11.6019,-18.2247,False,11,11
atr_trail_mae_conditional,r_multiple_3r,neutral,Communication Services,unknown,mid_15_25,long_ge_11d,-6.6228,21.088,-27.7108,False,11,11
atr_trail_mae_conditional,regime_flip,neutral,Communication Services,unknown,mid_15_25,long_ge_11d,-6.6228,38.7745,-45.3973,False,11,11
atr_trail_mae_conditional,reverse_signal,neutral,Communication Services,unknown,mid_15_25,long_ge_11d,-6.6228,-6.6228,0.0,False,11,11
atr_trail_mae_conditional,smc_mitigation_zone,neutral,Communication Services,unknown,mid_15_25,long_ge_11d,-6.6228,-3.3247,-3.2981,False,11,11
atr_trail_mae_conditional,time_stop_10d,neutral,Communication Services,unknown,mid_15_25,long_ge_11d,-6.6228,33.5482,-40.171,False,11,11
atr_trail_mae_conditional,time_stop_20d,neutral,Communication Services,unknown,mid_15_25,long_ge_11d,-6.6228,38.7745,-45.3973,False,11,11
atr_trail_mae_conditional,trailing_10pct,neutral,Communication Services,unknown,mid_15_25,long_ge_11d,-6.6228,187.2882,-193.911,False,11,11
atr_trail_mae_conditional,trailing_15pct,neutral,Communication Services,unknown,mid_15_25,long_ge_11d,-6.6228,255.75459999999998,-262.37739999999997,False,11,11
atr_trail_mae_conditional,trailing_5pct,neutral,Communication Services,unknown,mid_15_25,long_ge_11d,-6.6228,62.932599999999994,-69.55539999999999,False,11,11
atr_trail_vix_conditional,break_even_at_1r,neutral,Communication Services,unknown,mid_15_25,long_ge_11d,13.362299999999998,132.3858,-119.02349999999998,False,11,11
atr_trail_vix_conditional,breakeven_plus_trail,neutral,Communication Services,unknown,mid_15_25,long_ge_11d,13.362299999999998,180.3301,-166.96779999999998,False,11,11
atr_trail_vix_conditional,chandelier_3x,neutral,Communication Services,unknown,mid_15_25,long_ge_11d,13.362299999999998,90.0387,-76.6764,False,11,11
atr_trail_vix_conditional,class_time_stop,neutral,Communication Services,unknown,mid_15_25,long_ge_11d,13.362299999999998,84.7076,-71.34530000000001,False,11,11
atr_trail_vix_conditional,earnings_blackout,neutral,Communication Services,unknown,mid_15_25,long_ge_11d,13.362299999999998,781.4327000000001,-768.0704000000001,False,11,11
atr_trail_vix_conditional,fixed_4r_2r,neutral,Communication Services,unknown,mid_15_25,long_ge_11d,13.362299999999998,52.4692,-39.1069,False,11,11
atr_trail_vix_conditional,hybrid_50pct_target,neutral,Communication Services,unknown,mid_15_25,long_ge_11d,13.362299999999998,-90.3622,103.7245,True,11,11
atr_trail_vix_conditional,ma_exit_ema9,neutral,Communication Services,unknown,mid_15_25,long_ge_11d,13.362299999999998,53.0455,-39.6832,False,11,11
atr_trail_vix_conditional,mfe_lockin_trail,neutral,Communication Services,unknown,mid_15_25,long_ge_11d,13.362299999999998,-6.5649999999999995,19.927299999999995,True,11,11
atr_trail_vix_conditional,multi_tier_partial,neutral,Communication Services,unknown,mid_15_25,long_ge_11d,13.362299999999998,1.3999000000000006,11.962399999999997,True,11,11
atr_trail_vix_conditional,next_pivot_target,neutral,Communication Services,unknown,mid_15_25,long_ge_11d,13.362299999999998,-3.1638,16.5261,True,11,11
atr_trail_vix_conditional,r_multiple_2r,neutral,Communication Services,unknown,mid_15_25,long_ge_11d,13.362299999999998,11.6019,1.760399999999997,True,11,11
atr_trail_vix_conditional,r_multiple_3r,neutral,Communication Services,unknown,mid_15_25,long_ge_11d,13.362299999999998,21.088,-7.725700000000003,False,11,11
atr_trail_vix_conditional,regime_flip,neutral,Communication Services,unknown,mid_15_25,long_ge_11d,13.362299999999998,38.7745,-25.412200000000006,False,11,11
atr_trail_vix_conditional,reverse_signal,neutral,Communication Services,unknown,mid_15_25,long_ge_11d,13.362299999999998,-6.6228,19.985099999999996,True,11,11
atr_trail_vix_conditional,smc_mitigation_zone,neutral,Communication Services,unknown,mid_15_25,long_ge_11d,13.362299999999998,-3.3247,16.686999999999998,True,11,11
atr_trail_vix_conditional,time_stop_10d,neutral,Communication Services,unknown,mid_15_25,long_ge_11d,13.362299999999998,33.5482,-20.185900000000004,False,11,11
atr_trail_vix_conditional,time_stop_20d,neutral,Communication Services,unknown,mid_15_25,long_ge_11d,13.362299999999998,38.7745,-25.412200000000006,False,11,11
atr_trail_vix_conditional,trailing_10pct,neutral,Communication Services,unknown,mid_15_25,long_ge_11d,13.362299999999998,187.2882,-173.92589999999998,False,11,11
atr_trail_vix_conditional,trailing_15pct,neutral,Communication Services,unknown,mid_15_25,long_ge_11d,13.362299999999998,255.75459999999998,-242.39229999999998,False,11,11
atr_trail_vix_conditional,trailing_5pct,neutral,Communication Services,unknown,mid_15_25,long_ge_11d,13.362299999999998,62.932599999999994,-49.570299999999996,False,11,11
break_even_at_1r,breakeven_plus_trail,neutral,Communication Services,unknown,mid_15_25,long_ge_11d,132.3858,180.3301,-47.9443,False,11,11
break_even_at_1r,chandelier_3x,neutral,Communication Services,unknown,mid_15_25,long_ge_11d,132.3858,90.0387,42.34709999999998,True,11,11
break_even_at_1r,class_time_stop,neutral,Communication Services,unknown,mid_15_25,long_ge_11d,132.3858,84.7076,47.67819999999999,True,11,11
break_even_at_1r,earnings_blackout,neutral,Communication Services,unknown,mid_15_25,long_ge_11d,132.3858,781.4327000000001,-649.0469,False,11,11
break_even_at_1r,fixed_4r_2r,neutral,Communication Services,unknown,mid_15_25,long_ge_11d,132.3858,52.4692,79.91659999999999,True,11,11
break_even_at_1r,hybrid_50pct_target,neutral,Communication Services,unknown,mid_15_25,long_ge_11d,132.3858,-90.3622,222.748,True,11,11
break_even_at_1r,ma_exit_ema9,neutral,Communication Services,unknown,mid_15_25,long_ge_11d,132.3858,53.0455,79.34029999999998,True,11,11
break_even_at_1r,mfe_lockin_trail,neutral,Communication Services,unknown,mid_15_25,long_ge_11d,132.3858,-6.5649999999999995,138.9508,True,11,11
break_even_at_1r,multi_tier_partial,neutral,Communication Services,unknown,mid_15_25,long_ge_11d,132.3858,1.3999000000000006,130.9859,True,11,11
break_even_at_1r,next_pivot_target,neutral,Communication Services,unknown,mid_15_25,long_ge_11d,132.3858,-3.1638,135.5496,True,11,11
break_even_at_1r,r_multiple_2r,neutral,Communication Services,unknown,mid_15_25,long_ge_11d,132.3858,11.6019,120.78389999999999,True,11,11
break_even_at_1r,r_multiple_3r,neutral,Communication Services,unknown,mid_15_25,long_ge_11d,132.3858,21.088,111.2978,True,11,11
break_even_at_1r,regime_flip,neutral,Communication Services,unknown,mid_15_25,long_ge_11d,132.3858,38.7745,93.61129999999999,True,11,11
break_even_at_1r,reverse_signal,neutral,Communication Services,unknown,mid_15_25,long_ge_11d,132.3858,-6.6228,139.0086,True,11,11
break_even_at_1r,smc_mitigation_zone,neutral,Communication Services,unknown,mid_15_25,long_ge_11d,132.3858,-3.3247,135.7105,True,11,11
break_even_at_1r,time_stop_10d,neutral,Communication Services,unknown,mid_15_25,long_ge_11d,132.3858,33.5482,98.83759999999998,True,11,11
break_even_at_1r,time_stop_20d,neutral,Communication Services,unknown,mid_15_25,long_ge_11d,132.3858,38.7745,93.61129999999999,True,11,11
break_even_at_1r,trailing_10pct,neutral,Communication Services,unknown,mid_15_25,long_ge_11d,132.3858,187.2882,-54.9024,False,11,11
break_even_at_1r,trailing_15pct,neutral,Communication Services,unknown,mid_15_25,long_ge_11d,132.3858,255.75459999999998,-123.3688,False,11,11
break_even_at_1r,trailing_5pct,neutral,Communication Services,unknown,mid_15_25,long_ge_11d,132.3858,62.932599999999994,69.4532,True,11,11
breakeven_plus_trail,chandelier_3x,neutral,Communication Services,unknown,mid_15_25,long_ge_11d,180.3301,90.0387,90.29139999999998,True,11,11
breakeven_plus_trail,class_time_stop,neutral,Communication Services,unknown,mid_15_25,long_ge_11d,180.3301,84.7076,95.62249999999999,True,11,11
breakeven_plus_trail,earnings_blackout,neutral,Communication Services,unknown,mid_15_25,long_ge_11d,180.3301,781.4327000000001,-601.1026,False,11,11
breakeven_plus_trail,fixed_4r_2r,neutral,Communication Services,unknown,mid_15_25,long_ge_11d,180.3301,52.4692,127.86089999999999,True,11,11
breakeven_plus_trail,hybrid_50pct_target,neutral,Communication Services,unknown,mid_15_25,long_ge_11d,180.3301,-90.3622,270.6923,True,11,11
breakeven_plus_trail,ma_exit_ema9,neutral,Communication Services,unknown,mid_15_25,long_ge_11d,180.3301,53.0455,127.28459999999998,True,11,11
breakeven_plus_trail,mfe_lockin_trail,neutral,Communication Services,unknown,mid_15_25,long_ge_11d,180.3301,-6.5649999999999995,186.89509999999999,True,11,11
breakeven_plus_trail,multi_tier_partial,neutral,Communication Services,unknown,mid_15_25,long_ge_11d,180.3301,1.3999000000000006,178.93019999999999,True,11,11
breakeven_plus_trail,next_pivot_target,neutral,Communication Services,unknown,mid_15_25,long_ge_11d,180.3301,-3.1638,183.4939,True,11,11
breakeven_plus_trail,r_multiple_2r,neutral,Communication Services,unknown,mid_15_25,long_ge_11d,180.3301,11.6019,168.7282,True,11,11
breakeven_plus_trail,r_multiple_3r,neutral,Communication Services,unknown,mid_15_25,long_ge_11d,180.3301,21.088,159.2421,True,11,11
breakeven_plus_trail,regime_flip,neutral,Communication Services,unknown,mid_15_25,long_ge_11d,180.3301,38.7745,141.55559999999997,True,11,11
breakeven_plus_trail,reverse_signal,neutral,Communication Services,unknown,mid_15_25,long_ge_11d,180.3301,-6.6228,186.9529,True,11,11
breakeven_plus_trail,smc_mitigation_zone,neutral,Communication Services,unknown,mid_15_25,long_ge_11d,180.3301,-3.3247,183.6548,True,11,11
breakeven_plus_trail,time_stop_10d,neutral,Communication Services,unknown,mid_15_25,long_ge_11d,180.3301,33.5482,146.78189999999998,True,11,11
breakeven_plus_trail,time_stop_20d,neutral,Communication Services,unknown,mid_15_25,long_ge_11d,180.3301,38.7745,141.55559999999997,True,11,11
breakeven_plus_trail,trailing_10pct,neutral,Communication Services,unknown,mid_15_25,long_ge_11d,180.3301,187.2882,-6.958100000000002,False,11,11
breakeven_plus_trail,trailing_15pct,neutral,Communication Services,unknown,mid_15_25,long_ge_11d,180.3301,255.75459999999998,-75.4245,False,11,11
breakeven_plus_trail,trailing_5pct,neutral,Communication Services,unknown,mid_15_25,long_ge_11d,180.3301,62.932599999999994,117.3975,True,11,11
chandelier_3x,class_time_stop,neutral,Communication Services,unknown,mid_15_25,long_ge_11d,90.0387,84.7076,5.331100000000006,True,11,11
chandelier_3x,earnings_blackout,neutral,Communication Services,unknown,mid_15_25,long_ge_11d,90.0387,781.4327000000001,-691.394,False,11,11
chandelier_3x,fixed_4r_2r,neutral,Communication Services,unknown,mid_15_25,long_ge_11d,90.0387,52.4692,37.569500000000005,True,11,11
chandelier_3x,hybrid_50pct_target,neutral,Communication Services,unknown,mid_15_25,long_ge_11d,90.0387,-90.3622,180.4009,True,11,11
chandelier_3x,ma_exit_ema9,neutral,Communication Services,unknown,mid_15_25,long_ge_11d,90.0387,53.0455,36.99320000000001,True,11,11
chandelier_3x,mfe_lockin_trail,neutral,Communication Services,unknown,mid_15_25,long_ge_11d,90.0387,-6.5649999999999995,96.6037,True,11,11
chandelier_3x,multi_tier_partial,neutral,Communication Services,unknown,mid_15_25,long_ge_11d,90.0387,1.3999000000000006,88.6388,True,11,11
chandelier_3x,next_pivot_target,neutral,Communication Services,unknown,mid_15_25,long_ge_11d,90.0387,-3.1638,93.2025,True,11,11
chandelier_3x,r_multiple_2r,neutral,Communication Services,unknown,mid_15_25,long_ge_11d,90.0387,11.6019,78.4368,True,11,11
chandelier_3x,r_multiple_3r,neutral,Communication Services,unknown,mid_15_25,long_ge_11d,90.0387,21.088,68.95070000000001,True,11,11
chandelier_3x,regime_flip,neutral,Communication Services,unknown,mid_15_25,long_ge_11d,90.0387,38.7745,51.2642,True,11,11
chandelier_3x,reverse_signal,neutral,Communication Services,unknown,mid_15_25,long_ge_11d,90.0387,-6.6228,96.6615,True,11,11
chandelier_3x,smc_mitigation_zone,neutral,Communication Services,unknown,mid_15_25,long_ge_11d,90.0387,-3.3247,93.36340000000001,True,11,11
chandelier_3x,time_stop_10d,neutral,Communication Services,unknown,mid_15_25,long_ge_11d,90.0387,33.5482,56.490500000000004,True,11,11
chandelier_3x,time_stop_20d,neutral,Communication Services,unknown,mid_15_25,long_ge_11d,90.0387,38.7745,51.2642,True,11,11
chandelier_3x,trailing_10pct,neutral,Communication Services,unknown,mid_15_25,long_ge_11d,90.0387,187.2882,-97.24949999999998,False,11,11
chandelier_3x,trailing_15pct,neutral,Communication Services,unknown,mid_15_25,long_ge_11d,90.0387,255.75459999999998,-165.71589999999998,False,11,11
chandelier_3x,trailing_5pct,neutral,Communication Services,unknown,mid_15_25,long_ge_11d,90.0387,62.932599999999994,27.106100000000012,True,11,11
class_time_stop,earnings_blackout,neutral,Communication Services,unknown,mid_15_25,long_ge_11d,84.7076,781.4327000000001,-696.7251000000001,False,11,11
class_time_stop,fixed_4r_2r,neutral,Communication Services,unknown,mid_15_25,long_ge_11d,84.7076,52.4692,32.2384,True,11,11
class_time_stop,hybrid_50pct_target,neutral,Communication Services,unknown,mid_15_25,long_ge_11d,84.7076,-90.3622,175.0698,True,11,11
class_time_stop,ma_exit_ema9,neutral,Communication Services,unknown,mid_15_25,long_ge_11d,84.7076,53.0455,31.662100000000002,True,11,11
class_time_stop,mfe_lockin_trail,neutral,Communication Services,unknown,mid_15_25,long_ge_11d,84.7076,-6.5649999999999995,91.2726,True,11,11
class_time_stop,multi_tier_partial,neutral,Communication Services,unknown,mid_15_25,long_ge_11d,84.7076,1.3999000000000006,83.3077,True,11,11
class_time_stop,next_pivot_target,neutral,Communication Services,unknown,mid_15_25,long_ge_11d,84.7076,-3.1638,87.8714,True,11,11
class_time_stop,r_multiple_2r,neutral,Communication Services,unknown,mid_15_25,long_ge_11d,84.7076,11.6019,73.1057,True,11,11
class_time_stop,r_multiple_3r,neutral,Communication Services,unknown,mid_15_25,long_ge_11d,84.7076,21.088,63.6196,True,11,11
class_time_stop,regime_flip,neutral,Communication Services,unknown,mid_15_25,long_ge_11d,84.7076,38.7745,45.933099999999996,True,11,11
class_time_stop,reverse_signal,neutral,Communication Services,unknown,mid_15_25,long_ge_11d,84.7076,-6.6228,91.3304,True,11,11
class_time_stop,smc_mitigation_zone,neutral,Communication Services,unknown,mid_15_25,long_ge_11d,84.7076,-3.3247,88.03229999999999,True,11,11
class_time_stop,time_stop_10d,neutral,Communication Services,unknown,mid_15_25,long_ge_11d,84.7076,33.5482,51.1594,True,11,11
class_time_stop,time_stop_20d,neutral,Communication Services,unknown,mid_15_25,long_ge_11d,84.7076,38.7745,45.933099999999996,True,11,11
class_time_stop,trailing_10pct,neutral,Communication Services,unknown,mid_15_25,long_ge_11d,84.7076,187.2882,-102.58059999999999,False,11,11
class_time_stop,trailing_15pct,neutral,Communication Services,unknown,mid_15_25,long_ge_11d,84.7076,255.75459999999998,-171.04699999999997,False,11,11
class_time_stop,trailing_5pct,neutral,Communication Services,unknown,mid_15_25,long_ge_11d,84.7076,62.932599999999994,21.775000000000006,True,11,11
earnings_blackout,fixed_4r_2r,neutral,Communication Services,unknown,mid_15_25,long_ge_11d,781.4327000000001,52.4692,728.9635000000001,True,11,11
earnings_blackout,hybrid_50pct_target,neutral,Communication Services,unknown,mid_15_25,long_ge_11d,781.4327000000001,-90.3622,871.7949000000001,True,11,11
earnings_blackout,ma_exit_ema9,neutral,Communication Services,unknown,mid_15_25,long_ge_11d,781.4327000000001,53.0455,728.3872000000001,True,11,11
earnings_blackout,mfe_lockin_trail,neutral,Communication Services,unknown,mid_15_25,long_ge_11d,781.4327000000001,-6.5649999999999995,787.9977000000001,True,11,11
earnings_blackout,multi_tier_partial,neutral,Communication Services,unknown,mid_15_25,long_ge_11d,781.4327000000001,1.3999000000000006,780.0328000000001,True,11,11
earnings_blackout,next_pivot_target,neutral,Communication Services,unknown,mid_15_25,long_ge_11d,781.4327000000001,-3.1638,784.5965000000001,True,11,11
earnings_blackout,r_multiple_2r,neutral,Communication Services,unknown,mid_15_25,long_ge_11d,781.4327000000001,11.6019,769.8308000000001,True,11,11
earnings_blackout,r_multiple_3r,neutral,Communication Services,unknown,mid_15_25,long_ge_11d,781.4327000000001,21.088,760.3447000000001,True,11,11
earnings_blackout,regime_flip,neutral,Communication Services,unknown,mid_15_25,long_ge_11d,781.4327000000001,38.7745,742.6582000000001,True,11,11
earnings_blackout,reverse_signal,neutral,Communication Services,unknown,mid_15_25,long_ge_11d,781.4327000000001,-6.6228,788.0555,True,11,11
earnings_blackout,smc_mitigation_zone,neutral,Communication Services,unknown,mid_15_25,long_ge_11d,781.4327000000001,-3.3247,784.7574000000001,True,11,11
earnings_blackout,time_stop_10d,neutral,Communication Services,unknown,mid_15_25,long_ge_11d,781.4327000000001,33.5482,747.8845000000001,True,11,11
earnings_blackout,time_stop_20d,neutral,Communication Services,unknown,mid_15_25,long_ge_11d,781.4327000000001,38.7745,742.6582000000001,True,11,11
earnings_blackout,trailing_10pct,neutral,Communication Services,unknown,mid_15_25,long_ge_11d,781.4327000000001,187.2882,594.1445000000001,True,11,11
earnings_blackout,trailing_15pct,neutral,Communication Services,unknown,mid_15_25,long_ge_11d,781.4327000000001,255.75459999999998,525.6781000000001,True,11,11
earnings_blackout,trailing_5pct,neutral,Communication Services,unknown,mid_15_25,long_ge_11d,781.4327000000001,62.932599999999994,718.5001000000001,True,11,11
fixed_4r_2r,hybrid_50pct_target,neutral,Communication Services,unknown,mid_15_25,long_ge_11d,52.4692,-90.3622,142.8314,True,11,11
fixed_4r_2r,ma_exit_ema9,neutral,Communication Services,unknown,mid_15_25,long_ge_11d,52.4692,53.0455,-0.5762999999999963,False,11,11
fixed_4r_2r,mfe_lockin_trail,neutral,Communication Services,unknown,mid_15_25,long_ge_11d,52.4692,-6.5649999999999995,59.0342,True,11,11
fixed_4r_2r,multi_tier_partial,neutral,Communication Services,unknown,mid_15_25,long_ge_11d,52.4692,1.3999000000000006,51.0693,True,11,11
fixed_4r_2r,next_pivot_target,neutral,Communication Services,unknown,mid_15_25,long_ge_11d,52.4692,-3.1638,55.633,True,11,11
fixed_4r_2r,r_multiple_2r,neutral,Communication Services,unknown,mid_15_25,long_ge_11d,52.4692,11.6019,40.8673,True,11,11
fixed_4r_2r,r_multiple_3r,neutral,Communication Services,unknown,mid_15_25,long_ge_11d,52.4692,21.088,31.3812,True,11,11
fixed_4r_2r,regime_flip,neutral,Communication Services,unknown,mid_15_25,long_ge_11d,52.4692,38.7745,13.694699999999997,True,11,11
fixed_4r_2r,reverse_signal,neutral,Communication Services,unknown,mid_15_25,long_ge_11d,52.4692,-6.6228,59.092,True,11,11
fixed_4r_2r,smc_mitigation_zone,neutral,Communication Services,unknown,mid_15_25,long_ge_11d,52.4692,-3.3247,55.7939,True,11,11
fixed_4r_2r,time_stop_10d,neutral,Communication Services,unknown,mid_15_25,long_ge_11d,52.4692,33.5482,18.921,True,11,11
fixed_4r_2r,time_stop_20d,neutral,Communication Services,unknown,mid_15_25,long_ge_11d,52.4692,38.7745,13.694699999999997,True,11,11
fixed_4r_2r,trailing_10pct,neutral,Communication Services,unknown,mid_15_25,long_ge_11d,52.4692,187.2882,-134.819,False,11,11
fixed_4r_2r,trailing_15pct,neutral,Communication Services,unknown,mid_15_25,long_ge_11d,52.4692,255.75459999999998,-203.28539999999998,False,11,11
fixed_4r_2r,trailing_5pct,neutral,Communication Services,unknown,mid_15_25,long_ge_11d,52.4692,62.932599999999994,-10.463399999999993,False,11,11
hybrid_50pct_target,ma_exit_ema9,neutral,Communication Services,unknown,mid_15_25,long_ge_11d,-90.3622,53.0455,-143.4077,False,11,11
hybrid_50pct_target,mfe_lockin_trail,neutral,Communication Services,unknown,mid_15_25,long_ge_11d,-90.3622,-6.5649999999999995,-83.7972,False,11,11
hybrid_50pct_target,multi_tier_partial,neutral,Communication Services,unknown,mid_15_25,long_ge_11d,-90.3622,1.3999000000000006,-91.7621,False,11,11
hybrid_50pct_target,next_pivot_target,neutral,Communication Services,unknown,mid_15_25,long_ge_11d,-90.3622,-3.1638,-87.1984,False,11,11
hybrid_50pct_target,r_multiple_2r,neutral,Communication Services,unknown,mid_15_25,long_ge_11d,-90.3622,11.6019,-101.9641,False,11,11
hybrid_50pct_target,r_multiple_3r,neutral,Communication Services,unknown,mid_15_25,long_ge_11d,-90.3622,21.088,-111.4502,False,11,11
hybrid_50pct_target,regime_flip,neutral,Communication Services,unknown,mid_15_25,long_ge_11d,-90.3622,38.7745,-129.13670000000002,False,11,11
hybrid_50pct_target,reverse_signal,neutral,Communication Services,unknown,mid_15_25,long_ge_11d,-90.3622,-6.6228,-83.7394,False,11,11
hybrid_50pct_target,smc_mitigation_zone,neutral,Communication Services,unknown,mid_15_25,long_ge_11d,-90.3622,-3.3247,-87.0375,False,11,11
hybrid_50pct_target,time_stop_10d,neutral,Communication Services,unknown,mid_15_25,long_ge_11d,-90.3622,33.5482,-123.91040000000001,False,11,11
hybrid_50pct_target,time_stop_20d,neutral,Communication Services,unknown,mid_15_25,long_ge_11d,-90.3622,38.7745,-129.13670000000002,False,11,11
hybrid_50pct_target,trailing_10pct,neutral,Communication Services,unknown,mid_15_25,long_ge_11d,-90.3622,187.2882,-277.6504,False,11,11
hybrid_50pct_target,trailing_15pct,neutral,Communication Services,unknown,mid_15_25,long_ge_11d,-90.3622,255.75459999999998,-346.1168,False,11,11
hybrid_50pct_target,trailing_5pct,neutral,Communication Services,unknown,mid_15_25,long_ge_11d,-90.3622,62.932599999999994,-153.2948,False,11,11
ma_exit_ema9,mfe_lockin_trail,neutral,Communication Services,unknown,mid_15_25,long_ge_11d,53.0455,-6.5649999999999995,59.610499999999995,True,11,11
ma_exit_ema9,multi_tier_partial,neutral,Communication Services,unknown,mid_15_25,long_ge_11d,53.0455,1.3999000000000006,51.645599999999995,True,11,11
ma_exit_ema9,next_pivot_target,neutral,Communication Services,unknown,mid_15_25,long_ge_11d,53.0455,-3.1638,56.2093,True,11,11
ma_exit_ema9,r_multiple_2r,neutral,Communication Services,unknown,mid_15_25,long_ge_11d,53.0455,11.6019,41.443599999999996,True,11,11
ma_exit_ema9,r_multiple_3r,neutral,Communication Services,unknown,mid_15_25,long_ge_11d,53.0455,21.088,31.957499999999996,True,11,11
ma_exit_ema9,regime_flip,neutral,Communication Services,unknown,mid_15_25,long_ge_11d,53.0455,38.7745,14.270999999999994,True,11,11
ma_exit_ema9,reverse_signal,neutral,Communication Services,unknown,mid_15_25,long_ge_11d,53.0455,-6.6228,59.668299999999995,True,11,11
ma_exit_ema9,smc_mitigation_zone,neutral,Communication Services,unknown,mid_15_25,long_ge_11d,53.0455,-3.3247,56.3702,True,11,11
ma_exit_ema9,time_stop_10d,neutral,Communication Services,unknown,mid_15_25,long_ge_11d,53.0455,33.5482,19.497299999999996,True,11,11
ma_exit_ema9,time_stop_20d,neutral,Communication Services,unknown,mid_15_25,long_ge_11d,53.0455,38.7745,14.270999999999994,True,11,11
ma_exit_ema9,trailing_10pct,neutral,Communication Services,unknown,mid_15_25,long_ge_11d,53.0455,187.2882,-134.24269999999999,False,11,11
ma_exit_ema9,trailing_15pct,neutral,Communication Services,unknown,mid_15_25,long_ge_11d,53.0455,255.75459999999998,-202.70909999999998,False,11,11
ma_exit_ema9,trailing_5pct,neutral,Communication Services,unknown,mid_15_25,long_ge_11d,53.0455,62.932599999999994,-9.887099999999997,False,11,11
mfe_lockin_trail,multi_tier_partial,neutral,Communication Services,unknown,mid_15_25,long_ge_11d,-6.5649999999999995,1.3999000000000006,-7.9649,False,11,11
mfe_lockin_trail,next_pivot_target,neutral,Communication Services,unknown,mid_15_25,long_ge_11d,-6.5649999999999995,-3.1638,-3.4011999999999993,False,11,11
mfe_lockin_trail,r_multiple_2r,neutral,Communication Services,unknown,mid_15_25,long_ge_11d,-6.5649999999999995,11.6019,-18.1669,False,11,11
mfe_lockin_trail,r_multiple_3r,neutral,Communication Services,unknown,mid_15_25,long_ge_11d,-6.5649999999999995,21.088,-27.653,False,11,11
mfe_lockin_trail,regime_flip,neutral,Communication Services,unknown,mid_15_25,long_ge_11d,-6.5649999999999995,38.7745,-45.3395,False,11,11
mfe_lockin_trail,reverse_signal,neutral,Communication Services,unknown,mid_15_25,long_ge_11d,-6.5649999999999995,-6.6228,0.057800000000000296,True,11,11
mfe_lockin_trail,smc_mitigation_zone,neutral,Communication Services,unknown,mid_15_25,long_ge_11d,-6.5649999999999995,-3.3247,-3.2402999999999995,False,11,11
mfe_lockin_trail,time_stop_10d,neutral,Communication Services,unknown,mid_15_25,long_ge_11d,-6.5649999999999995,33.5482,-40.1132,False,11,11
mfe_lockin_trail,time_stop_20d,neutral,Communication Services,unknown,mid_15_25,long_ge_11d,-6.5649999999999995,38.7745,-45.3395,False,11,11
mfe_lockin_trail,trailing_10pct,neutral,Communication Services,unknown,mid_15_25,long_ge_11d,-6.5649999999999995,187.2882,-193.8532,False,11,11
mfe_lockin_trail,trailing_15pct,neutral,Communication Services,unknown,mid_15_25,long_ge_11d,-6.5649999999999995,255.75459999999998,-262.3196,False,11,11
mfe_lockin_trail,trailing_5pct,neutral,Communication Services,unknown,mid_15_25,long_ge_11d,-6.5649999999999995,62.932599999999994,-69.49759999999999,False,11,11
multi_tier_partial,next_pivot_target,neutral,Communication Services,unknown,mid_15_25,long_ge_11d,1.3999000000000006,-3.1638,4.563700000000001,True,11,11
multi_tier_partial,r_multiple_2r,neutral,Communication Services,unknown,mid_15_25,long_ge_11d,1.3999000000000006,11.6019,-10.202,False,11,11
multi_tier_partial,r_multiple_3r,neutral,Communication Services,unknown,mid_15_25,long_ge_11d,1.3999000000000006,21.088,-19.6881,False,11,11
multi_tier_partial,regime_flip,neutral,Communication Services,unknown,mid_15_25,long_ge_11d,1.3999000000000006,38.7745,-37.3746,False,11,11
multi_tier_partial,reverse_signal,neutral,Communication Services,unknown,mid_15_25,long_ge_11d,1.3999000000000006,-6.6228,8.0227,True,11,11
multi_tier_partial,smc_mitigation_zone,neutral,Communication Services,unknown,mid_15_25,long_ge_11d,1.3999000000000006,-3.3247,4.724600000000001,True,11,11
multi_tier_partial,time_stop_10d,neutral,Communication Services,unknown,mid_15_25,long_ge_11d,1.3999000000000006,33.5482,-32.1483,False,11,11
multi_tier_partial,time_stop_20d,neutral,Communication Services,unknown,mid_15_25,long_ge_11d,1.3999000000000006,38.7745,-37.3746,False,11,11
multi_tier_partial,trailing_10pct,neutral,Communication Services,unknown,mid_15_25,long_ge_11d,1.3999000000000006,187.2882,-185.8883,False,11,11
multi_tier_partial,trailing_15pct,neutral,Communication Services,unknown,mid_15_25,long_ge_11d,1.3999000000000006,255.75459999999998,-254.35469999999998,False,11,11
multi_tier_partial,trailing_5pct,neutral,Communication Services,unknown,mid_15_25,long_ge_11d,1.3999000000000006,62.932599999999994,-61.53269999999999,False,11,11
next_pivot_target,r_multiple_2r,neutral,Communication Services,unknown,mid_15_25,long_ge_11d,-3.1638,11.6019,-14.7657,False,11,11
next_pivot_target,r_multiple_3r,neutral,Communication Services,unknown,mid_15_25,long_ge_11d,-3.1638,21.088,-24.251800000000003,False,11,11
next_pivot_target,regime_flip,neutral,Communication Services,unknown,mid_15_25,long_ge_11d,-3.1638,38.7745,-41.938300000000005,False,11,11
next_pivot_target,reverse_signal,neutral,Communication Services,unknown,mid_15_25,long_ge_11d,-3.1638,-6.6228,3.4589999999999996,True,11,11
next_pivot_target,smc_mitigation_zone,neutral,Communication Services,unknown,mid_15_25,long_ge_11d,-3.1638,-3.3247,0.16089999999999982,True,11,11
next_pivot_target,time_stop_10d,neutral,Communication Services,unknown,mid_15_25,long_ge_11d,-3.1638,33.5482,-36.712,False,11,11
next_pivot_target,time_stop_20d,neutral,Communication Services,unknown,mid_15_25,long_ge_11d,-3.1638,38.7745,-41.938300000000005,False,11,11
next_pivot_target,trailing_10pct,neutral,Communication Services,unknown,mid_15_25,long_ge_11d,-3.1638,187.2882,-190.452,False,11,11
next_pivot_target,trailing_15pct,neutral,Communication Services,unknown,mid_15_25,long_ge_11d,-3.1638,255.75459999999998,-258.91839999999996,False,11,11
next_pivot_target,trailing_5pct,neutral,Communication Services,unknown,mid_15_25,long_ge_11d,-3.1638,62.932599999999994,-66.09639999999999,False,11,11
r_multiple_2r,r_multiple_3r,neutral,Communication Services,unknown,mid_15_25,long_ge_11d,11.6019,21.088,-9.4861,False,11,11
r_multiple_2r,regime_flip,neutral,Communication Services,unknown,mid_15_25,long_ge_11d,11.6019,38.7745,-27.172600000000003,False,11,11
r_multiple_2r,reverse_signal,neutral,Communication Services,unknown,mid_15_25,long_ge_11d,11.6019,-6.6228,18.2247,True,11,11
r_multiple_2r,smc_mitigation_zone,neutral,Communication Services,unknown,mid_15_25,long_ge_11d,11.6019,-3.3247,14.9266,True,11,11
r_multiple_2r,time_stop_10d,neutral,Communication Services,unknown,mid_15_25,long_ge_11d,11.6019,33.5482,-21.9463,False,11,11
r_multiple_2r,time_stop_20d,neutral,Communication Services,unknown,mid_15_25,long_ge_11d,11.6019,38.7745,-27.172600000000003,False,11,11
r_multiple_2r,trailing_10pct,neutral,Communication Services,unknown,mid_15_25,long_ge_11d,11.6019,187.2882,-175.6863,False,11,11
r_multiple_2r,trailing_15pct,neutral,Communication Services,unknown,mid_15_25,long_ge_11d,11.6019,255.75459999999998,-244.15269999999998,False,11,11
r_multiple_2r,trailing_5pct,neutral,Communication Services,unknown,mid_15_25,long_ge_11d,11.6019,62.932599999999994,-51.33069999999999,False,11,11
r_multiple_3r,regime_flip,neutral,Communication Services,unknown,mid_15_25,long_ge_11d,21.088,38.7745,-17.686500000000002,False,11,11
r_multiple_3r,reverse_signal,neutral,Communication Services,unknown,mid_15_25,long_ge_11d,21.088,-6.6228,27.7108,True,11,11
r_multiple_3r,smc_mitigation_zone,neutral,Communication Services,unknown,mid_15_25,long_ge_11d,21.088,-3.3247,24.4127,True,11,11
r_multiple_3r,time_stop_10d,neutral,Communication Services,unknown,mid_15_25,long_ge_11d,21.088,33.5482,-12.4602,False,11,11
r_multiple_3r,time_stop_20d,neutral,Communication Services,unknown,mid_15_25,long_ge_11d,21.088,38.7745,-17.686500000000002,False,11,11
r_multiple_3r,trailing_10pct,neutral,Communication Services,unknown,mid_15_25,long_ge_11d,21.088,187.2882,-166.2002,False,11,11
r_multiple_3r,trailing_15pct,neutral,Communication Services,unknown,mid_15_25,long_ge_11d,21.088,255.75459999999998,-234.6666,False,11,11
r_multiple_3r,trailing_5pct,neutral,Communication Services,unknown,mid_15_25,long_ge_11d,21.088,62.932599999999994,-41.84459999999999,False,11,11
regime_flip,reverse_signal,neutral,Communication Services,unknown,mid_15_25,long_ge_11d,38.7745,-6.6228,45.3973,True,11,11
regime_flip,smc_mitigation_zone,neutral,Communication Services,unknown,mid_15_25,long_ge_11d,38.7745,-3.3247,42.0992,True,11,11
regime_flip,time_stop_10d,neutral,Communication Services,unknown,mid_15_25,long_ge_11d,38.7745,33.5482,5.226300000000002,True,11,11
regime_flip,time_stop_20d,neutral,Communication Services,unknown,mid_15_25,long_ge_11d,38.7745,38.7745,0.0,False,11,11
regime_flip,trailing_10pct,neutral,Communication Services,unknown,mid_15_25,long_ge_11d,38.7745,187.2882,-148.51369999999997,False,11,11
regime_flip,trailing_15pct,neutral,Communication Services,unknown,mid_15_25,long_ge_11d,38.7745,255.75459999999998,-216.9801,False,11,11
regime_flip,trailing_5pct,neutral,Communication Services,unknown,mid_15_25,long_ge_11d,38.7745,62.932599999999994,-24.15809999999999,False,11,11
reverse_signal,smc_mitigation_zone,neutral,Communication Services,unknown,mid_15_25,long_ge_11d,-6.6228,-3.3247,-3.2981,False,11,11
reverse_signal,time_stop_10d,neutral,Communication Services,unknown,mid_15_25,long_ge_11d,-6.6228,33.5482,-40.171,False,11,11
reverse_signal,time_stop_20d,neutral,Communication Services,unknown,mid_15_25,long_ge_11d,-6.6228,38.7745,-45.3973,False,11,11
reverse_signal,trailing_10pct,neutral,Communication Services,unknown,mid_15_25,long_ge_11d,-6.6228,187.2882,-193.911,False,11,11
reverse_signal,trailing_15pct,neutral,Communication Services,unknown,mid_15_25,long_ge_11d,-6.6228,255.75459999999998,-262.37739999999997,False,11,11
reverse_signal,trailing_5pct,neutral,Communication Services,unknown,mid_15_25,long_ge_11d,-6.6228,62.932599999999994,-69.55539999999999,False,11,11
smc_mitigation_zone,time_stop_10d,neutral,Communication Services,unknown,mid_15_25,long_ge_11d,-3.3247,33.5482,-36.8729,False,11,11
smc_mitigation_zone,time_stop_20d,neutral,Communication Services,unknown,mid_15_25,long_ge_11d,-3.3247,38.7745,-42.0992,False,11,11
smc_mitigation_zone,trailing_10pct,neutral,Communication Services,unknown,mid_15_25,long_ge_11d,-3.3247,187.2882,-190.6129,False,11,11
smc_mitigation_zone,trailing_15pct,neutral,Communication Services,unknown,mid_15_25,long_ge_11d,-3.3247,255.75459999999998,-259.0793,False,11,11
smc_mitigation_zone,trailing_5pct,neutral,Communication Services,unknown,mid_15_25,long_ge_11d,-3.3247,62.932599999999994,-66.25729999999999,False,11,11
time_stop_10d,time_stop_20d,neutral,Communication Services,unknown,mid_15_25,long_ge_11d,33.5482,38.7745,-5.226300000000002,False,11,11
time_stop_10d,trailing_10pct,neutral,Communication Services,unknown,mid_15_25,long_ge_11d,33.5482,187.2882,-153.73999999999998,False,11,11
time_stop_10d,trailing_15pct,neutral,Communication Services,unknown,mid_15_25,long_ge_11d,33.5482,255.75459999999998,-222.20639999999997,False,11,11
time_stop_10d,trailing_5pct,neutral,Communication Services,unknown,mid_15_25,long_ge_11d,33.5482,62.932599999999994,-29.384399999999992,False,11,11
time_stop_20d,trailing_10pct,neutral,Communication Services,unknown,mid_15_25,long_ge_11d,38.7745,187.2882,-148.51369999999997,False,11,11
time_stop_20d,trailing_15pct,neutral,Communication Services,unknown,mid_15_25,long_ge_11d,38.7745,255.75459999999998,-216.9801,False,11,11
time_stop_20d,trailing_5pct,neutral,Communication Services,unknown,mid_15_25,long_ge_11d,38.7745,62.932599999999994,-24.15809999999999,False,11,11
trailing_10pct,trailing_15pct,neutral,Communication Services,unknown,mid_15_25,long_ge_11d,187.2882,255.75459999999998,-68.4664,False,11,11
trailing_10pct,trailing_5pct,neutral,Communication Services,unknown,mid_15_25,long_ge_11d,187.2882,62.932599999999994,124.3556,True,11,11
trailing_15pct,trailing_5pct,neutral,Communication Services,unknown,mid_15_25,long_ge_11d,255.75459999999998,62.932599999999994,192.822,True,11,11
atr_trail_1x,atr_trail_2x,neutral,Consumer Discretionary,unknown,mid_15_25,long_ge_11d,-22.0426,95.119,-117.16159999999999,False,21,21
atr_trail_1x,atr_trail_mae_conditional,neutral,Consumer Discretionary,unknown,mid_15_25,long_ge_11d,-22.0426,-22.0426,0.0,False,21,21
atr_trail_1x,atr_trail_vix_conditional,neutral,Consumer Discretionary,unknown,mid_15_25,long_ge_11d,-22.0426,0.1991999999999985,-22.241799999999998,False,21,21
atr_trail_1x,break_even_at_1r,neutral,Consumer Discretionary,unknown,mid_15_25,long_ge_11d,-22.0426,17.1096,-39.1522,False,21,21
atr_trail_1x,breakeven_plus_trail,neutral,Consumer Discretionary,unknown,mid_15_25,long_ge_11d,-22.0426,131.6422,-153.6848,False,21,21
atr_trail_1x,chandelier_3x,neutral,Consumer Discretionary,unknown,mid_15_25,long_ge_11d,-22.0426,51.771300000000004,-73.8139,False,21,21
atr_trail_1x,class_time_stop,neutral,Consumer Discretionary,unknown,mid_15_25,long_ge_11d,-22.0426,123.3778,-145.4204,False,21,21
atr_trail_1x,earnings_blackout,neutral,Consumer Discretionary,unknown,mid_15_25,long_ge_11d,-22.0426,8.803100000000025,-30.845700000000026,False,21,21
atr_trail_1x,fixed_4r_2r,neutral,Consumer Discretionary,unknown,mid_15_25,long_ge_11d,-22.0426,61.658500000000004,-83.7011,False,21,21
atr_trail_1x,hybrid_50pct_target,neutral,Consumer Discretionary,unknown,mid_15_25,long_ge_11d,-22.0426,-195.937,173.89440000000002,True,21,21
atr_trail_1x,ma_exit_ema9,neutral,Consumer Discretionary,unknown,mid_15_25,long_ge_11d,-22.0426,41.4855,-63.5281,False,21,21
atr_trail_1x,mfe_lockin_trail,neutral,Consumer Discretionary,unknown,mid_15_25,long_ge_11d,-22.0426,-22.0426,0.0,False,21,21
atr_trail_1x,multi_tier_partial,neutral,Consumer Discretionary,unknown,mid_15_25,long_ge_11d,-22.0426,-18.3295,-3.7131000000000007,False,21,21
atr_trail_1x,next_pivot_target,neutral,Consumer Discretionary,unknown,mid_15_25,long_ge_11d,-22.0426,62.9973,-85.0399,False,21,21
atr_trail_1x,r_multiple_2r,neutral,Consumer Discretionary,unknown,mid_15_25,long_ge_11d,-22.0426,-7.783200000000001,-14.2594,False,21,21
atr_trail_1x,r_multiple_3r,neutral,Consumer Discretionary,unknown,mid_15_25,long_ge_11d,-22.0426,16.2924,-38.335,False,21,21
atr_trail_1x,regime_flip,neutral,Consumer Discretionary,unknown,mid_15_25,long_ge_11d,-22.0426,103.5272,-125.56979999999999,False,21,21
atr_trail_1x,reverse_signal,neutral,Consumer Discretionary,unknown,mid_15_25,long_ge_11d,-22.0426,-22.0426,0.0,False,21,21
atr_trail_1x,smc_mitigation_zone,neutral,Consumer Discretionary,unknown,mid_15_25,long_ge_11d,-22.0426,-29.1613,7.1187000000000005,True,21,21
atr_trail_1x,time_stop_10d,neutral,Consumer Discretionary,unknown,mid_15_25,long_ge_11d,-22.0426,95.4218,-117.46440000000001,False,21,21
atr_trail_1x,time_stop_20d,neutral,Consumer Discretionary,unknown,mid_15_25,long_ge_11d,-22.0426,103.5272,-125.56979999999999,False,21,21
atr_trail_1x,trailing_10pct,neutral,Consumer Discretionary,unknown,mid_15_25,long_ge_11d,-22.0426,75.8746,-97.91720000000001,False,21,21
atr_trail_1x,trailing_15pct,neutral,Consumer Discretionary,unknown,mid_15_25,long_ge_11d,-22.0426,96.039,-118.08160000000001,False,21,21
atr_trail_1x,trailing_5pct,neutral,Consumer Discretionary,unknown,mid_15_25,long_ge_11d,-22.0426,30.0459,-52.088499999999996,False,21,21
atr_trail_2x,atr_trail_mae_conditional,neutral,Consumer Discretionary,unknown,mid_15_25,long_ge_11d,95.119,-22.0426,117.16159999999999,True,21,21
atr_trail_2x,atr_trail_vix_conditional,neutral,Consumer Discretionary,unknown,mid_15_25,long_ge_11d,95.119,0.1991999999999985,94.9198,True,21,21
atr_trail_2x,break_even_at_1r,neutral,Consumer Discretionary,unknown,mid_15_25,long_ge_11d,95.119,17.1096,78.0094,True,21,21
atr_trail_2x,breakeven_plus_trail,neutral,Consumer Discretionary,unknown,mid_15_25,long_ge_11d,95.119,131.6422,-36.5232,False,21,21
atr_trail_2x,chandelier_3x,neutral,Consumer Discretionary,unknown,mid_15_25,long_ge_11d,95.119,51.771300000000004,43.347699999999996,True,21,21
atr_trail_2x,class_time_stop,neutral,Consumer Discretionary,unknown,mid_15_25,long_ge_11d,95.119,123.3778,-28.258799999999994,False,21,21
atr_trail_2x,earnings_blackout,neutral,Consumer Discretionary,unknown,mid_15_25,long_ge_11d,95.119,8.803100000000025,86.31589999999997,True,21,21
atr_trail_2x,fixed_4r_2r,neutral,Consumer Discretionary,unknown,mid_15_25,long_ge_11d,95.119,61.658500000000004,33.460499999999996,True,21,21
atr_trail_2x,hybrid_50pct_target,neutral,Consumer Discretionary,unknown,mid_15_25,long_ge_11d,95.119,-195.937,291.05600000000004,True,21,21
atr_trail_2x,ma_exit_ema9,neutral,Consumer Discretionary,unknown,mid_15_25,long_ge_11d,95.119,41.4855,53.6335,True,21,21
atr_trail_2x,mfe_lockin_trail,neutral,Consumer Discretionary,unknown,mid_15_25,long_ge_11d,95.119,-22.0426,117.16159999999999,True,21,21
atr_trail_2x,multi_tier_partial,neutral,Consumer Discretionary,unknown,mid_15_25,long_ge_11d,95.119,-18.3295,113.4485,True,21,21
atr_trail_2x,next_pivot_target,neutral,Consumer Discretionary,unknown,mid_15_25,long_ge_11d,95.119,62.9973,32.1217,True,21,21
atr_trail_2x,r_multiple_2r,neutral,Consumer Discretionary,unknown,mid_15_25,long_ge_11d,95.119,-7.783200000000001,102.9022,True,21,21
atr_trail_2x,r_multiple_3r,neutral,Consumer Discretionary,unknown,mid_15_25,long_ge_11d,95.119,16.2924,78.8266,True,21,21
atr_trail_2x,regime_flip,neutral,Consumer Discretionary,unknown,mid_15_25,long_ge_11d,95.119,103.5272,-8.408199999999994,False,21,21
atr_trail_2x,reverse_signal,neutral,Consumer Discretionary,unknown,mid_15_25,long_ge_11d,95.119,-22.0426,117.16159999999999,True,21,21
atr_trail_2x,smc_mitigation_zone,neutral,Consumer Discretionary,unknown,mid_15_25,long_ge_11d,95.119,-29.1613,124.2803,True,21,21
atr_trail_2x,time_stop_10d,neutral,Consumer Discretionary,unknown,mid_15_25,long_ge_11d,95.119,95.4218,-0.30280000000000484,False,21,21
atr_trail_2x,time_stop_20d,neutral,Consumer Discretionary,unknown,mid_15_25,long_ge_11d,95.119,103.5272,-8.408199999999994,False,21,21
atr_trail_2x,trailing_10pct,neutral,Consumer Discretionary,unknown,mid_15_25,long_ge_11d,95.119,75.8746,19.2444,True,21,21
atr_trail_2x,trailing_15pct,neutral,Consumer Discretionary,unknown,mid_15_25,long_ge_11d,95.119,96.039,-0.9200000000000017,False,21,21
atr_trail_2x,trailing_5pct,neutral,Consumer Discretionary,unknown,mid_15_25,long_ge_11d,95.119,30.0459,65.0731,True,21,21
atr_trail_mae_conditional,atr_trail_vix_conditional,neutral,Consumer Discretionary,unknown,mid_15_25,long_ge_11d,-22.0426,0.1991999999999985,-22.241799999999998,False,21,21
atr_trail_mae_conditional,break_even_at_1r,neutral,Consumer Discretionary,unknown,mid_15_25,long_ge_11d,-22.0426,17.1096,-39.1522,False,21,21
atr_trail_mae_conditional,breakeven_plus_trail,neutral,Consumer Discretionary,unknown,mid_15_25,long_ge_11d,-22.0426,131.6422,-153.6848,False,21,21
atr_trail_mae_conditional,chandelier_3x,neutral,Consumer Discretionary,unknown,mid_15_25,long_ge_11d,-22.0426,51.771300000000004,-73.8139,False,21,21
atr_trail_mae_conditional,class_time_stop,neutral,Consumer Discretionary,unknown,mid_15_25,long_ge_11d,-22.0426,123.3778,-145.4204,False,21,21
atr_trail_mae_conditional,earnings_blackout,neutral,Consumer Discretionary,unknown,mid_15_25,long_ge_11d,-22.0426,8.803100000000025,-30.845700000000026,False,21,21
atr_trail_mae_conditional,fixed_4r_2r,neutral,Consumer Discretionary,unknown,mid_15_25,long_ge_11d,-22.0426,61.658500000000004,-83.7011,False,21,21
atr_trail_mae_conditional,hybrid_50pct_target,neutral,Consumer Discretionary,unknown,mid_15_25,long_ge_11d,-22.0426,-195.937,173.89440000000002,True,21,21
atr_trail_mae_conditional,ma_exit_ema9,neutral,Consumer Discretionary,unknown,mid_15_25,long_ge_11d,-22.0426,41.4855,-63.5281,False,21,21
atr_trail_mae_conditional,mfe_lockin_trail,neutral,Consumer Discretionary,unknown,mid_15_25,long_ge_11d,-22.0426,-22.0426,0.0,False,21,21
atr_trail_mae_conditional,multi_tier_partial,neutral,Consumer Discretionary,unknown,mid_15_25,long_ge_11d,-22.0426,-18.3295,-3.7131000000000007,False,21,21
atr_trail_mae_conditional,next_pivot_target,neutral,Consumer Discretionary,unknown,mid_15_25,long_ge_11d,-22.0426,62.9973,-85.0399,False,21,21
atr_trail_mae_conditional,r_multiple_2r,neutral,Consumer Discretionary,unknown,mid_15_25,long_ge_11d,-22.0426,-7.783200000000001,-14.2594,False,21,21
atr_trail_mae_conditional,r_multiple_3r,neutral,Consumer Discretionary,unknown,mid_15_25,long_ge_11d,-22.0426,16.2924,-38.335,False,21,21
atr_trail_mae_conditional,regime_flip,neutral,Consumer Discretionary,unknown,mid_15_25,long_ge_11d,-22.0426,103.5272,-125.56979999999999,False,21,21
atr_trail_mae_conditional,reverse_signal,neutral,Consumer Discretionary,unknown,mid_15_25,long_ge_11d,-22.0426,-22.0426,0.0,False,21,21
atr_trail_mae_conditional,smc_mitigation_zone,neutral,Consumer Discretionary,unknown,mid_15_25,long_ge_11d,-22.0426,-29.1613,7.1187000000000005,True,21,21
atr_trail_mae_conditional,time_stop_10d,neutral,Consumer Discretionary,unknown,mid_15_25,long_ge_11d,-22.0426,95.4218,-117.46440000000001,False,21,21
atr_trail_mae_conditional,time_stop_20d,neutral,Consumer Discretionary,unknown,mid_15_25,long_ge_11d,-22.0426,103.5272,-125.56979999999999,False,21,21
atr_trail_mae_conditional,trailing_10pct,neutral,Consumer Discretionary,unknown,mid_15_25,long_ge_11d,-22.0426,75.8746,-97.91720000000001,False,21,21
atr_trail_mae_conditional,trailing_15pct,neutral,Consumer Discretionary,unknown,mid_15_25,long_ge_11d,-22.0426,96.039,-118.08160000000001,False,21,21
atr_trail_mae_conditional,trailing_5pct,neutral,Consumer Discretionary,unknown,mid_15_25,long_ge_11d,-22.0426,30.0459,-52.088499999999996,False,21,21
atr_trail_vix_conditional,break_even_at_1r,neutral,Consumer Discretionary,unknown,mid_15_25,long_ge_11d,0.1991999999999985,17.1096,-16.910400000000003,False,21,21
atr_trail_vix_conditional,breakeven_plus_trail,neutral,Consumer Discretionary,unknown,mid_15_25,long_ge_11d,0.1991999999999985,131.6422,-131.443,False,21,21
atr_trail_vix_conditional,chandelier_3x,neutral,Consumer Discretionary,unknown,mid_15_25,long_ge_11d,0.1991999999999985,51.771300000000004,-51.572100000000006,False,21,21
atr_trail_vix_conditional,class_time_stop,neutral,Consumer Discretionary,unknown,mid_15_25,long_ge_11d,0.1991999999999985,123.3778,-123.17859999999999,False,21,21
atr_trail_vix_conditional,earnings_blackout,neutral,Consumer Discretionary,unknown,mid_15_25,long_ge_11d,0.1991999999999985,8.803100000000025,-8.603900000000028,False,21,21
atr_trail_vix_conditional,fixed_4r_2r,neutral,Consumer Discretionary,unknown,mid_15_25,long_ge_11d,0.1991999999999985,61.658500000000004,-61.459300000000006,False,21,21
atr_trail_vix_conditional,hybrid_50pct_target,neutral,Consumer Discretionary,unknown,mid_15_25,long_ge_11d,0.1991999999999985,-195.937,196.1362,True,21,21
atr_trail_vix_conditional,ma_exit_ema9,neutral,Consumer Discretionary,unknown,mid_15_25,long_ge_11d,0.1991999999999985,41.4855,-41.286300000000004,False,21,21
atr_trail_vix_conditional,mfe_lockin_trail,neutral,Consumer Discretionary,unknown,mid_15_25,long_ge_11d,0.1991999999999985,-22.0426,22.241799999999998,True,21,21
atr_trail_vix_conditional,multi_tier_partial,neutral,Consumer Discretionary,unknown,mid_15_25,long_ge_11d,0.1991999999999985,-18.3295,18.528699999999997,True,21,21
atr_trail_vix_conditional,next_pivot_target,neutral,Consumer Discretionary,unknown,mid_15_25,long_ge_11d,0.1991999999999985,62.9973,-62.798100000000005,False,21,21
atr_trail_vix_conditional,r_multiple_2r,neutral,Consumer Discretionary,unknown,mid_15_25,long_ge_11d,0.1991999999999985,-7.783200000000001,7.982399999999999,True,21,21
atr_trail_vix_conditional,r_multiple_3r,neutral,Consumer Discretionary,unknown,mid_15_25,long_ge_11d,0.1991999999999985,16.2924,-16.093200000000003,False,21,21
atr_trail_vix_conditional,regime_flip,neutral,Consumer Discretionary,unknown,mid_15_25,long_ge_11d,0.1991999999999985,103.5272,-103.32799999999999,False,21,21
atr_trail_vix_conditional,reverse_signal,neutral,Consumer Discretionary,unknown,mid_15_25,long_ge_11d,0.1991999999999985,-22.0426,22.241799999999998,True,21,21
atr_trail_vix_conditional,smc_mitigation_zone,neutral,Consumer Discretionary,unknown,mid_15_25,long_ge_11d,0.1991999999999985,-29.1613,29.3605,True,21,21
atr_trail_vix_conditional,time_stop_10d,neutral,Consumer Discretionary,unknown,mid_15_25,long_ge_11d,0.1991999999999985,95.4218,-95.2226,False,21,21
atr_trail_vix_conditional,time_stop_20d,neutral,Consumer Discretionary,unknown,mid_15_25,long_ge_11d,0.1991999999999985,103.5272,-103.32799999999999,False,21,21
atr_trail_vix_conditional,trailing_10pct,neutral,Consumer Discretionary,unknown,mid_15_25,long_ge_11d,0.1991999999999985,75.8746,-75.6754,False,21,21
atr_trail_vix_conditional,trailing_15pct,neutral,Consumer Discretionary,unknown,mid_15_25,long_ge_11d,0.1991999999999985,96.039,-95.8398,False,21,21
atr_trail_vix_conditional,trailing_5pct,neutral,Consumer Discretionary,unknown,mid_15_25,long_ge_11d,0.1991999999999985,30.0459,-29.846700000000002,False,21,21
break_even_at_1r,breakeven_plus_trail,neutral,Consumer Discretionary,unknown,mid_15_25,long_ge_11d,17.1096,131.6422,-114.5326,False,21,21
break_even_at_1r,chandelier_3x,neutral,Consumer Discretionary,unknown,mid_15_25,long_ge_11d,17.1096,51.771300000000004,-34.6617,False,21,21
break_even_at_1r,class_time_stop,neutral,Consumer Discretionary,unknown,mid_15_25,long_ge_11d,17.1096,123.3778,-106.2682,False,21,21
break_even_at_1r,earnings_blackout,neutral,Consumer Discretionary,unknown,mid_15_25,long_ge_11d,17.1096,8.803100000000025,8.306499999999975,True,21,21
break_even_at_1r,fixed_4r_2r,neutral,Consumer Discretionary,unknown,mid_15_25,long_ge_11d,17.1096,61.658500000000004,-44.5489,False,21,21
break_even_at_1r,hybrid_50pct_target,neutral,Consumer Discretionary,unknown,mid_15_25,long_ge_11d,17.1096,-195.937,213.0466,True,21,21
break_even_at_1r,ma_exit_ema9,neutral,Consumer Discretionary,unknown,mid_15_25,long_ge_11d,17.1096,41.4855,-24.3759,False,21,21
break_even_at_1r,mfe_lockin_trail,neutral,Consumer Discretionary,unknown,mid_15_25,long_ge_11d,17.1096,-22.0426,39.1522,True,21,21
break_even_at_1r,multi_tier_partial,neutral,Consumer Discretionary,unknown,mid_15_25,long_ge_11d,17.1096,-18.3295,35.439099999999996,True,21,21
break_even_at_1r,next_pivot_target,neutral,Consumer Discretionary,unknown,mid_15_25,long_ge_11d,17.1096,62.9973,-45.8877,False,21,21
break_even_at_1r,r_multiple_2r,neutral,Consumer Discretionary,unknown,mid_15_25,long_ge_11d,17.1096,-7.783200000000001,24.8928,True,21,21
break_even_at_1r,r_multiple_3r,neutral,Consumer Discretionary,unknown,mid_15_25,long_ge_11d,17.1096,16.2924,0.8171999999999997,True,21,21
break_even_at_1r,regime_flip,neutral,Consumer Discretionary,unknown,mid_15_25,long_ge_11d,17.1096,103.5272,-86.4176,False,21,21
break_even_at_1r,reverse_signal,neutral,Consumer Discretionary,unknown,mid_15_25,long_ge_11d,17.1096,-22.0426,39.1522,True,21,21
break_even_at_1r,smc_mitigation_zone,neutral,Consumer Discretionary,unknown,mid_15_25,long_ge_11d,17.1096,-29.1613,46.2709,True,21,21
break_even_at_1r,time_stop_10d,neutral,Consumer Discretionary,unknown,mid_15_25,long_ge_11d,17.1096,95.4218,-78.3122,False,21,21
break_even_at_1r,time_stop_20d,neutral,Consumer Discretionary,unknown,mid_15_25,long_ge_11d,17.1096,103.5272,-86.4176,False,21,21
break_even_at_1r,trailing_10pct,neutral,Consumer Discretionary,unknown,mid_15_25,long_ge_11d,17.1096,75.8746,-58.765,False,21,21
break_even_at_1r,trailing_15pct,neutral,Consumer Discretionary,unknown,mid_15_25,long_ge_11d,17.1096,96.039,-78.9294,False,21,21
break_even_at_1r,trailing_5pct,neutral,Consumer Discretionary,unknown,mid_15_25,long_ge_11d,17.1096,30.0459,-12.9363,False,21,21
breakeven_plus_trail,chandelier_3x,neutral,Consumer Discretionary,unknown,mid_15_25,long_ge_11d,131.6422,51.771300000000004,79.8709,True,21,21
breakeven_plus_trail,class_time_stop,neutral,Consumer Discretionary,unknown,mid_15_25,long_ge_11d,131.6422,123.3778,8.264400000000009,True,21,21
breakeven_plus_trail,earnings_blackout,neutral,Consumer Discretionary,unknown,mid_15_25,long_ge_11d,131.6422,8.803100000000025,122.83909999999997,True,21,21
breakeven_plus_trail,fixed_4r_2r,neutral,Consumer Discretionary,unknown,mid_15_25,long_ge_11d,131.6422,61.658500000000004,69.9837,True,21,21
breakeven_plus_trail,hybrid_50pct_target,neutral,Consumer Discretionary,unknown,mid_15_25,long_ge_11d,131.6422,-195.937,327.5792,True,21,21
breakeven_plus_trail,ma_exit_ema9,neutral,Consumer Discretionary,unknown,mid_15_25,long_ge_11d,131.6422,41.4855,90.1567,True,21,21
breakeven_plus_trail,mfe_lockin_trail,neutral,Consumer Discretionary,unknown,mid_15_25,long_ge_11d,131.6422,-22.0426,153.6848,True,21,21
breakeven_plus_trail,multi_tier_partial,neutral,Consumer Discretionary,unknown,mid_15_25,long_ge_11d,131.6422,-18.3295,149.9717,True,21,21
breakeven_plus_trail,next_pivot_target,neutral,Consumer Discretionary,unknown,mid_15_25,long_ge_11d,131.6422,62.9973,68.6449,True,21,21
breakeven_plus_trail,r_multiple_2r,neutral,Consumer Discretionary,unknown,mid_15_25,long_ge_11d,131.6422,-7.783200000000001,139.4254,True,21,21
breakeven_plus_trail,r_multiple_3r,neutral,Consumer Discretionary,unknown,mid_15_25,long_ge_11d,131.6422,16.2924,115.3498,True,21,21
breakeven_plus_trail,regime_flip,neutral,Consumer Discretionary,unknown,mid_15_25,long_ge_11d,131.6422,103.5272,28.11500000000001,True,21,21
breakeven_plus_trail,reverse_signal,neutral,Consumer Discretionary,unknown,mid_15_25,long_ge_11d,131.6422,-22.0426,153.6848,True,21,21
breakeven_plus_trail,smc_mitigation_zone,neutral,Consumer Discretionary,unknown,mid_15_25,long_ge_11d,131.6422,-29.1613,160.8035,True,21,21
breakeven_plus_trail,time_stop_10d,neutral,Consumer Discretionary,unknown,mid_15_25,long_ge_11d,131.6422,95.4218,36.2204,True,21,21
breakeven_plus_trail,time_stop_20d,neutral,Consumer Discretionary,unknown,mid_15_25,long_ge_11d,131.6422,103.5272,28.11500000000001,True,21,21
breakeven_plus_trail,trailing_10pct,neutral,Consumer Discretionary,unknown,mid_15_25,long_ge_11d,131.6422,75.8746,55.7676,True,21,21
breakeven_plus_trail,trailing_15pct,neutral,Consumer Discretionary,unknown,mid_15_25,long_ge_11d,131.6422,96.039,35.6032,True,21,21
breakeven_plus_trail,trailing_5pct,neutral,Consumer Discretionary,unknown,mid_15_25,long_ge_11d,131.6422,30.0459,101.5963,True,21,21
chandelier_3x,class_time_stop,neutral,Consumer Discretionary,unknown,mid_15_25,long_ge_11d,51.771300000000004,123.3778,-71.60649999999998,False,21,21
chandelier_3x,earnings_blackout,neutral,Consumer Discretionary,unknown,mid_15_25,long_ge_11d,51.771300000000004,8.803100000000025,42.96819999999998,True,21,21
chandelier_3x,fixed_4r_2r,neutral,Consumer Discretionary,unknown,mid_15_25,long_ge_11d,51.771300000000004,61.658500000000004,-9.8872,False,21,21
chandelier_3x,hybrid_50pct_target,neutral,Consumer Discretionary,unknown,mid_15_25,long_ge_11d,51.771300000000004,-195.937,247.7083,True,21,21
chandelier_3x,ma_exit_ema9,neutral,Consumer Discretionary,unknown,mid_15_25,long_ge_11d,51.771300000000004,41.4855,10.285800000000002,True,21,21
chandelier_3x,mfe_lockin_trail,neutral,Consumer Discretionary,unknown,mid_15_25,long_ge_11d,51.771300000000004,-22.0426,73.8139,True,21,21
chandelier_3x,multi_tier_partial,neutral,Consumer Discretionary,unknown,mid_15_25,long_ge_11d,51.771300000000004,-18.3295,70.1008,True,21,21
chandelier_3x,next_pivot_target,neutral,Consumer Discretionary,unknown,mid_15_25,long_ge_11d,51.771300000000004,62.9973,-11.225999999999999,False,21,21
chandelier_3x,r_multiple_2r,neutral,Consumer Discretionary,unknown,mid_15_25,long_ge_11d,51.771300000000004,-7.783200000000001,59.554500000000004,True,21,21
chandelier_3x,r_multiple_3r,neutral,Consumer Discretionary,unknown,mid_15_25,long_ge_11d,51.771300000000004,16.2924,35.4789,True,21,21
chandelier_3x,regime_flip,neutral,Consumer Discretionary,unknown,mid_15_25,long_ge_11d,51.771300000000004,103.5272,-51.75589999999999,False,21,21
chandelier_3x,reverse_signal,neutral,Consumer Discretionary,unknown,mid_15_25,long_ge_11d,51.771300000000004,-22.0426,73.8139,True,21,21
chandelier_3x,smc_mitigation_zone,neutral,Consumer Discretionary,unknown,mid_15_25,long_ge_11d,51.771300000000004,-29.1613,80.93260000000001,True,21,21
chandelier_3x,time_stop_10d,neutral,Consumer Discretionary,unknown,mid_15_25,long_ge_11d,51.771300000000004,95.4218,-43.6505,False,21,21
chandelier_3x,time_stop_20d,neutral,Consumer Discretionary,unknown,mid_15_25,long_ge_11d,51.771300000000004,103.5272,-51.75589999999999,False,21,21
chandelier_3x,trailing_10pct,neutral,Consumer Discretionary,unknown,mid_15_25,long_ge_11d,51.771300000000004,75.8746,-24.103299999999997,False,21,21
chandelier_3x,trailing_15pct,neutral,Consumer Discretionary,unknown,mid_15_25,long_ge_11d,51.771300000000004,96.039,-44.2677,False,21,21
chandelier_3x,trailing_5pct,neutral,Consumer Discretionary,unknown,mid_15_25,long_ge_11d,51.771300000000004,30.0459,21.725400000000004,True,21,21
class_time_stop,earnings_blackout,neutral,Consumer Discretionary,unknown,mid_15_25,long_ge_11d,123.3778,8.803100000000025,114.57469999999996,True,21,21
class_time_stop,fixed_4r_2r,neutral,Consumer Discretionary,unknown,mid_15_25,long_ge_11d,123.3778,61.658500000000004,61.71929999999999,True,21,21
class_time_stop,hybrid_50pct_target,neutral,Consumer Discretionary,unknown,mid_15_25,long_ge_11d,123.3778,-195.937,319.3148,True,21,21
class_time_stop,ma_exit_ema9,neutral,Consumer Discretionary,unknown,mid_15_25,long_ge_11d,123.3778,41.4855,81.89229999999999,True,21,21
class_time_stop,mfe_lockin_trail,neutral,Consumer Discretionary,unknown,mid_15_25,long_ge_11d,123.3778,-22.0426,145.4204,True,21,21
class_time_stop,multi_tier_partial,neutral,Consumer Discretionary,unknown,mid_15_25,long_ge_11d,123.3778,-18.3295,141.7073,True,21,21
class_time_stop,next_pivot_target,neutral,Consumer Discretionary,unknown,mid_15_25,long_ge_11d,123.3778,62.9973,60.38049999999999,True,21,21
class_time_stop,r_multiple_2r,neutral,Consumer Discretionary,unknown,mid_15_25,long_ge_11d,123.3778,-7.783200000000001,131.161,True,21,21
class_time_stop,r_multiple_3r,neutral,Consumer Discretionary,unknown,mid_15_25,long_ge_11d,123.3778,16.2924,107.08539999999999,True,21,21
class_time_stop,regime_flip,neutral,Consumer Discretionary,unknown,mid_15_25,long_ge_11d,123.3778,103.5272,19.8506,True,21,21
class_time_stop,reverse_signal,neutral,Consumer Discretionary,unknown,mid_15_25,long_ge_11d,123.3778,-22.0426,145.4204,True,21,21
class_time_stop,smc_mitigation_zone,neutral,Consumer Discretionary,unknown,mid_15_25,long_ge_11d,123.3778,-29.1613,152.5391,True,21,21
class_time_stop,time_stop_10d,neutral,Consumer Discretionary,unknown,mid_15_25,long_ge_11d,123.3778,95.4218,27.95599999999999,True,21,21
class_time_stop,time_stop_20d,neutral,Consumer Discretionary,unknown,mid_15_25,long_ge_11d,123.3778,103.5272,19.8506,True,21,21
class_time_stop,trailing_10pct,neutral,Consumer Discretionary,unknown,mid_15_25,long_ge_11d,123.3778,75.8746,47.50319999999999,True,21,21
class_time_stop,trailing_15pct,neutral,Consumer Discretionary,unknown,mid_15_25,long_ge_11d,123.3778,96.039,27.338799999999992,True,21,21
class_time_stop,trailing_5pct,neutral,Consumer Discretionary,unknown,mid_15_25,long_ge_11d,123.3778,30.0459,93.33189999999999,True,21,21
earnings_blackout,fixed_4r_2r,neutral,Consumer Discretionary,unknown,mid_15_25,long_ge_11d,8.803100000000025,61.658500000000004,-52.855399999999975,False,21,21
earnings_blackout,hybrid_50pct_target,neutral,Consumer Discretionary,unknown,mid_15_25,long_ge_11d,8.803100000000025,-195.937,204.74010000000004,True,21,21
earnings_blackout,ma_exit_ema9,neutral,Consumer Discretionary,unknown,mid_15_25,long_ge_11d,8.803100000000025,41.4855,-32.68239999999997,False,21,21
earnings_blackout,mfe_lockin_trail,neutral,Consumer Discretionary,unknown,mid_15_25,long_ge_11d,8.803100000000025,-22.0426,30.845700000000026,True,21,21
earnings_blackout,multi_tier_partial,neutral,Consumer Discretionary,unknown,mid_15_25,long_ge_11d,8.803100000000025,-18.3295,27.132600000000025,True,21,21
earnings_blackout,next_pivot_target,neutral,Consumer Discretionary,unknown,mid_15_25,long_ge_11d,8.803100000000025,62.9973,-54.19419999999998,False,21,21
earnings_blackout,r_multiple_2r,neutral,Consumer Discretionary,unknown,mid_15_25,long_ge_11d,8.803100000000025,-7.783200000000001,16.586300000000026,True,21,21
earnings_blackout,r_multiple_3r,neutral,Consumer Discretionary,unknown,mid_15_25,long_ge_11d,8.803100000000025,16.2924,-7.489299999999975,False,21,21
earnings_blackout,regime_flip,neutral,Consumer Discretionary,unknown,mid_15_25,long_ge_11d,8.803100000000025,103.5272,-94.72409999999996,False,21,21
earnings_blackout,reverse_signal,neutral,Consumer Discretionary,unknown,mid_15_25,long_ge_11d,8.803100000000025,-22.0426,30.845700000000026,True,21,21
earnings_blackout,smc_mitigation_zone,neutral,Consumer Discretionary,unknown,mid_15_25,long_ge_11d,8.803100000000025,-29.1613,37.964400000000026,True,21,21
earnings_blackout,time_stop_10d,neutral,Consumer Discretionary,unknown,mid_15_25,long_ge_11d,8.803100000000025,95.4218,-86.61869999999998,False,21,21
earnings_blackout,time_stop_20d,neutral,Consumer Discretionary,unknown,mid_15_25,long_ge_11d,8.803100000000025,103.5272,-94.72409999999996,False,21,21
earnings_blackout,trailing_10pct,neutral,Consumer Discretionary,unknown,mid_15_25,long_ge_11d,8.803100000000025,75.8746,-67.07149999999997,False,21,21
earnings_blackout,trailing_15pct,neutral,Consumer Discretionary,unknown,mid_15_25,long_ge_11d,8.803100000000025,96.039,-87.23589999999997,False,21,21
earnings_blackout,trailing_5pct,neutral,Consumer Discretionary,unknown,mid_15_25,long_ge_11d,8.803100000000025,30.0459,-21.242799999999974,False,21,21
fixed_4r_2r,hybrid_50pct_target,neutral,Consumer Discretionary,unknown,mid_15_25,long_ge_11d,61.658500000000004,-195.937,257.5955,True,21,21
fixed_4r_2r,ma_exit_ema9,neutral,Consumer Discretionary,unknown,mid_15_25,long_ge_11d,61.658500000000004,41.4855,20.173000000000002,True,21,21
fixed_4r_2r,mfe_lockin_trail,neutral,Consumer Discretionary,unknown,mid_15_25,long_ge_11d,61.658500000000004,-22.0426,83.7011,True,21,21
fixed_4r_2r,multi_tier_partial,neutral,Consumer Discretionary,unknown,mid_15_25,long_ge_11d,61.658500000000004,-18.3295,79.988,True,21,21
fixed_4r_2r,next_pivot_target,neutral,Consumer Discretionary,unknown,mid_15_25,long_ge_11d,61.658500000000004,62.9973,-1.338799999999999,False,21,21
fixed_4r_2r,r_multiple_2r,neutral,Consumer Discretionary,unknown,mid_15_25,long_ge_11d,61.658500000000004,-7.783200000000001,69.4417,True,21,21
fixed_4r_2r,r_multiple_3r,neutral,Consumer Discretionary,unknown,mid_15_25,long_ge_11d,61.658500000000004,16.2924,45.3661,True,21,21
fixed_4r_2r,regime_flip,neutral,Consumer Discretionary,unknown,mid_15_25,long_ge_11d,61.658500000000004,103.5272,-41.86869999999999,False,21,21
fixed_4r_2r,reverse_signal,neutral,Consumer Discretionary,unknown,mid_15_25,long_ge_11d,61.658500000000004,-22.0426,83.7011,True,21,21
fixed_4r_2r,smc_mitigation_zone,neutral,Consumer Discretionary,unknown,mid_15_25,long_ge_11d,61.658500000000004,-29.1613,90.8198,True,21,21
fixed_4r_2r,time_stop_10d,neutral,Consumer Discretionary,unknown,mid_15_25,long_ge_11d,61.658500000000004,95.4218,-33.7633,False,21,21
fixed_4r_2r,time_stop_20d,neutral,Consumer Discretionary,unknown,mid_15_25,long_ge_11d,61.658500000000004,103.5272,-41.86869999999999,False,21,21
fixed_4r_2r,trailing_10pct,neutral,Consumer Discretionary,unknown,mid_15_25,long_ge_11d,61.658500000000004,75.8746,-14.216099999999997,False,21,21
fixed_4r_2r,trailing_15pct,neutral,Consumer Discretionary,unknown,mid_15_25,long_ge_11d,61.658500000000004,96.039,-34.3805,False,21,21
fixed_4r_2r,trailing_5pct,neutral,Consumer Discretionary,unknown,mid_15_25,long_ge_11d,61.658500000000004,30.0459,31.612600000000004,True,21,21
hybrid_50pct_target,ma_exit_ema9,neutral,Consumer Discretionary,unknown,mid_15_25,long_ge_11d,-195.937,41.4855,-237.4225,False,21,21
hybrid_50pct_target,mfe_lockin_trail,neutral,Consumer Discretionary,unknown,mid_15_25,long_ge_11d,-195.937,-22.0426,-173.89440000000002,False,21,21
hybrid_50pct_target,multi_tier_partial,neutral,Consumer Discretionary,unknown,mid_15_25,long_ge_11d,-195.937,-18.3295,-177.60750000000002,False,21,21
hybrid_50pct_target,next_pivot_target,neutral,Consumer Discretionary,unknown,mid_15_25,long_ge_11d,-195.937,62.9973,-258.9343,False,21,21
hybrid_50pct_target,r_multiple_2r,neutral,Consumer Discretionary,unknown,mid_15_25,long_ge_11d,-195.937,-7.783200000000001,-188.15380000000002,False,21,21
hybrid_50pct_target,r_multiple_3r,neutral,Consumer Discretionary,unknown,mid_15_25,long_ge_11d,-195.937,16.2924,-212.2294,False,21,21
hybrid_50pct_target,regime_flip,neutral,Consumer Discretionary,unknown,mid_15_25,long_ge_11d,-195.937,103.5272,-299.4642,False,21,21
hybrid_50pct_target,reverse_signal,neutral,Consumer Discretionary,unknown,mid_15_25,long_ge_11d,-195.937,-22.0426,-173.89440000000002,False,21,21
hybrid_50pct_target,smc_mitigation_zone,neutral,Consumer Discretionary,unknown,mid_15_25,long_ge_11d,-195.937,-29.1613,-166.7757,False,21,21
hybrid_50pct_target,time_stop_10d,neutral,Consumer Discretionary,unknown,mid_15_25,long_ge_11d,-195.937,95.4218,-291.35880000000003,False,21,21
hybrid_50pct_target,time_stop_20d,neutral,Consumer Discretionary,unknown,mid_15_25,long_ge_11d,-195.937,103.5272,-299.4642,False,21,21
hybrid_50pct_target,trailing_10pct,neutral,Consumer Discretionary,unknown,mid_15_25,long_ge_11d,-195.937,75.8746,-271.8116,False,21,21
hybrid_50pct_target,trailing_15pct,neutral,Consumer Discretionary,unknown,mid_15_25,long_ge_11d,-195.937,96.039,-291.976,False,21,21
hybrid_50pct_target,trailing_5pct,neutral,Consumer Discretionary,unknown,mid_15_25,long_ge_11d,-195.937,30.0459,-225.9829,False,21,21
ma_exit_ema9,mfe_lockin_trail,neutral,Consumer Discretionary,unknown,mid_15_25,long_ge_11d,41.4855,-22.0426,63.5281,True,21,21
ma_exit_ema9,multi_tier_partial,neutral,Consumer Discretionary,unknown,mid_15_25,long_ge_11d,41.4855,-18.3295,59.815,True,21,21
ma_exit_ema9,next_pivot_target,neutral,Consumer Discretionary,unknown,mid_15_25,long_ge_11d,41.4855,62.9973,-21.5118,False,21,21
ma_exit_ema9,r_multiple_2r,neutral,Consumer Discretionary,unknown,mid_15_25,long_ge_11d,41.4855,-7.783200000000001,49.2687,True,21,21
ma_exit_ema9,r_multiple_3r,neutral,Consumer Discretionary,unknown,mid_15_25,long_ge_11d,41.4855,16.2924,25.1931,True,21,21
ma_exit_ema9,regime_flip,neutral,Consumer Discretionary,unknown,mid_15_25,long_ge_11d,41.4855,103.5272,-62.04169999999999,False,21,21
ma_exit_ema9,reverse_signal,neutral,Consumer Discretionary,unknown,mid_15_25,long_ge_11d,41.4855,-22.0426,63.5281,True,21,21
ma_exit_ema9,smc_mitigation_zone,neutral,Consumer Discretionary,unknown,mid_15_25,long_ge_11d,41.4855,-29.1613,70.6468,True,21,21
ma_exit_ema9,time_stop_10d,neutral,Consumer Discretionary,unknown,mid_15_25,long_ge_11d,41.4855,95.4218,-53.9363,False,21,21
ma_exit_ema9,time_stop_20d,neutral,Consumer Discretionary,unknown,mid_15_25,long_ge_11d,41.4855,103.5272,-62.04169999999999,False,21,21
ma_exit_ema9,trailing_10pct,neutral,Consumer Discretionary,unknown,mid_15_25,long_ge_11d,41.4855,75.8746,-34.3891,False,21,21
ma_exit_ema9,trailing_15pct,neutral,Consumer Discretionary,unknown,mid_15_25,long_ge_11d,41.4855,96.039,-54.5535,False,21,21
ma_exit_ema9,trailing_5pct,neutral,Consumer Discretionary,unknown,mid_15_25,long_ge_11d,41.4855,30.0459,11.439600000000002,True,21,21
mfe_lockin_trail,multi_tier_partial,neutral,Consumer Discretionary,unknown,mid_15_25,long_ge_11d,-22.0426,-18.3295,-3.7131000000000007,False,21,21
mfe_lockin_trail,next_pivot_target,neutral,Consumer Discretionary,unknown,mid_15_25,long_ge_11d,-22.0426,62.9973,-85.0399,False,21,21
mfe_lockin_trail,r_multiple_2r,neutral,Consumer Discretionary,unknown,mid_15_25,long_ge_11d,-22.0426,-7.783200000000001,-14.2594,False,21,21
mfe_lockin_trail,r_multiple_3r,neutral,Consumer Discretionary,unknown,mid_15_25,long_ge_11d,-22.0426,16.2924,-38.335,False,21,21
mfe_lockin_trail,regime_flip,neutral,Consumer Discretionary,unknown,mid_15_25,long_ge_11d,-22.0426,103.5272,-125.56979999999999,False,21,21
mfe_lockin_trail,reverse_signal,neutral,Consumer Discretionary,unknown,mid_15_25,long_ge_11d,-22.0426,-22.0426,0.0,False,21,21
mfe_lockin_trail,smc_mitigation_zone,neutral,Consumer Discretionary,unknown,mid_15_25,long_ge_11d,-22.0426,-29.1613,7.1187000000000005,True,21,21
mfe_lockin_trail,time_stop_10d,neutral,Consumer Discretionary,unknown,mid_15_25,long_ge_11d,-22.0426,95.4218,-117.46440000000001,False,21,21
mfe_lockin_trail,time_stop_20d,neutral,Consumer Discretionary,unknown,mid_15_25,long_ge_11d,-22.0426,103.5272,-125.56979999999999,False,21,21
mfe_lockin_trail,trailing_10pct,neutral,Consumer Discretionary,unknown,mid_15_25,long_ge_11d,-22.0426,75.8746,-97.91720000000001,False,21,21
mfe_lockin_trail,trailing_15pct,neutral,Consumer Discretionary,unknown,mid_15_25,long_ge_11d,-22.0426,96.039,-118.08160000000001,False,21,21
mfe_lockin_trail,trailing_5pct,neutral,Consumer Discretionary,unknown,mid_15_25,long_ge_11d,-22.0426,30.0459,-52.088499999999996,False,21,21
multi_tier_partial,next_pivot_target,neutral,Consumer Discretionary,unknown,mid_15_25,long_ge_11d,-18.3295,62.9973,-81.3268,False,21,21
multi_tier_partial,r_multiple_2r,neutral,Consumer Discretionary,unknown,mid_15_25,long_ge_11d,-18.3295,-7.783200000000001,-10.546299999999999,False,21,21
multi_tier_partial,r_multiple_3r,neutral,Consumer Discretionary,unknown,mid_15_25,long_ge_11d,-18.3295,16.2924,-34.6219,False,21,21
multi_tier_partial,regime_flip,neutral,Consumer Discretionary,unknown,mid_15_25,long_ge_11d,-18.3295,103.5272,-121.85669999999999,False,21,21
multi_tier_partial,reverse_signal,neutral,Consumer Discretionary,unknown,mid_15_25,long_ge_11d,-18.3295,-22.0426,3.7131000000000007,True,21,21
multi_tier_partial,smc_mitigation_zone,neutral,Consumer Discretionary,unknown,mid_15_25,long_ge_11d,-18.3295,-29.1613,10.831800000000001,True,21,21
multi_tier_partial,time_stop_10d,neutral,Consumer Discretionary,unknown,mid_15_25,long_ge_11d,-18.3295,95.4218,-113.7513,False,21,21
multi_tier_partial,time_stop_20d,neutral,Consumer Discretionary,unknown,mid_15_25,long_ge_11d,-18.3295,103.5272,-121.85669999999999,False,21,21
multi_tier_partial,trailing_10pct,neutral,Consumer Discretionary,unknown,mid_15_25,long_ge_11d,-18.3295,75.8746,-94.2041,False,21,21
multi_tier_partial,trailing_15pct,neutral,Consumer Discretionary,unknown,mid_15_25,long_ge_11d,-18.3295,96.039,-114.3685,False,21,21
multi_tier_partial,trailing_5pct,neutral,Consumer Discretionary,unknown,mid_15_25,long_ge_11d,-18.3295,30.0459,-48.3754,False,21,21
next_pivot_target,r_multiple_2r,neutral,Consumer Discretionary,unknown,mid_15_25,long_ge_11d,62.9973,-7.783200000000001,70.7805,True,21,21
next_pivot_target,r_multiple_3r,neutral,Consumer Discretionary,unknown,mid_15_25,long_ge_11d,62.9973,16.2924,46.7049,True,21,21
next_pivot_target,regime_flip,neutral,Consumer Discretionary,unknown,mid_15_25,long_ge_11d,62.9973,103.5272,-40.52989999999999,False,21,21
next_pivot_target,reverse_signal,neutral,Consumer Discretionary,unknown,mid_15_25,long_ge_11d,62.9973,-22.0426,85.0399,True,21,21
next_pivot_target,smc_mitigation_zone,neutral,Consumer Discretionary,unknown,mid_15_25,long_ge_11d,62.9973,-29.1613,92.1586,True,21,21
next_pivot_target,time_stop_10d,neutral,Consumer Discretionary,unknown,mid_15_25,long_ge_11d,62.9973,95.4218,-32.4245,False,21,21
next_pivot_target,time_stop_20d,neutral,Consumer Discretionary,unknown,mid_15_25,long_ge_11d,62.9973,103.5272,-40.52989999999999,False,21,21
next_pivot_target,trailing_10pct,neutral,Consumer Discretionary,unknown,mid_15_25,long_ge_11d,62.9973,75.8746,-12.877299999999998,False,21,21
next_pivot_target,trailing_15pct,neutral,Consumer Discretionary,unknown,mid_15_25,long_ge_11d,62.9973,96.039,-33.0417,False,21,21
next_pivot_target,trailing_5pct,neutral,Consumer Discretionary,unknown,mid_15_25,long_ge_11d,62.9973,30.0459,32.95140000000001,True,21,21
r_multiple_2r,r_multiple_3r,neutral,Consumer Discretionary,unknown,mid_15_25,long_ge_11d,-7.783200000000001,16.2924,-24.0756,False,21,21
r_multiple_2r,regime_flip,neutral,Consumer Discretionary,unknown,mid_15_25,long_ge_11d,-7.783200000000001,103.5272,-111.31039999999999,False,21,21
r_multiple_2r,reverse_signal,neutral,Consumer Discretionary,unknown,mid_15_25,long_ge_11d,-7.783200000000001,-22.0426,14.2594,True,21,21
r_multiple_2r,smc_mitigation_zone,neutral,Consumer Discretionary,unknown,mid_15_25,long_ge_11d,-7.783200000000001,-29.1613,21.3781,True,21,21
r_multiple_2r,time_stop_10d,neutral,Consumer Discretionary,unknown,mid_15_25,long_ge_11d,-7.783200000000001,95.4218,-103.20500000000001,False,21,21
r_multiple_2r,time_stop_20d,neutral,Consumer Discretionary,unknown,mid_15_25,long_ge_11d,-7.783200000000001,103.5272,-111.31039999999999,False,21,21
r_multiple_2r,trailing_10pct,neutral,Consumer Discretionary,unknown,mid_15_25,long_ge_11d,-7.783200000000001,75.8746,-83.65780000000001,False,21,21
r_multiple_2r,trailing_15pct,neutral,Consumer Discretionary,unknown,mid_15_25,long_ge_11d,-7.783200000000001,96.039,-103.82220000000001,False,21,21
r_multiple_2r,trailing_5pct,neutral,Consumer Discretionary,unknown,mid_15_25,long_ge_11d,-7.783200000000001,30.0459,-37.8291,False,21,21
r_multiple_3r,regime_flip,neutral,Consumer Discretionary,unknown,mid_15_25,long_ge_11d,16.2924,103.5272,-87.23479999999999,False,21,21
r_multiple_3r,reverse_signal,neutral,Consumer Discretionary,unknown,mid_15_25,long_ge_11d,16.2924,-22.0426,38.335,True,21,21
r_multiple_3r,smc_mitigation_zone,neutral,Consumer Discretionary,unknown,mid_15_25,long_ge_11d,16.2924,-29.1613,45.4537,True,21,21
r_multiple_3r,time_stop_10d,neutral,Consumer Discretionary,unknown,mid_15_25,long_ge_11d,16.2924,95.4218,-79.1294,False,21,21
r_multiple_3r,time_stop_20d,neutral,Consumer Discretionary,unknown,mid_15_25,long_ge_11d,16.2924,103.5272,-87.23479999999999,False,21,21
r_multiple_3r,trailing_10pct,neutral,Consumer Discretionary,unknown,mid_15_25,long_ge_11d,16.2924,75.8746,-59.5822,False,21,21
r_multiple_3r,trailing_15pct,neutral,Consumer Discretionary,unknown,mid_15_25,long_ge_11d,16.2924,96.039,-79.7466,False,21,21
r_multiple_3r,trailing_5pct,neutral,Consumer Discretionary,unknown,mid_15_25,long_ge_11d,16.2924,30.0459,-13.753499999999999,False,21,21
regime_flip,reverse_signal,neutral,Consumer Discretionary,unknown,mid_15_25,long_ge_11d,103.5272,-22.0426,125.56979999999999,True,21,21
regime_flip,smc_mitigation_zone,neutral,Consumer Discretionary,unknown,mid_15_25,long_ge_11d,103.5272,-29.1613,132.6885,True,21,21
regime_flip,time_stop_10d,neutral,Consumer Discretionary,unknown,mid_15_25,long_ge_11d,103.5272,95.4218,8.105399999999989,True,21,21
regime_flip,time_stop_20d,neutral,Consumer Discretionary,unknown,mid_15_25,long_ge_11d,103.5272,103.5272,0.0,False,21,21
regime_flip,trailing_10pct,neutral,Consumer Discretionary,unknown,mid_15_25,long_ge_11d,103.5272,75.8746,27.652599999999993,True,21,21
regime_flip,trailing_15pct,neutral,Consumer Discretionary,unknown,mid_15_25,long_ge_11d,103.5272,96.039,7.488199999999992,True,21,21
regime_flip,trailing_5pct,neutral,Consumer Discretionary,unknown,mid_15_25,long_ge_11d,103.5272,30.0459,73.48129999999999,True,21,21
reverse_signal,smc_mitigation_zone,neutral,Consumer Discretionary,unknown,mid_15_25,long_ge_11d,-22.0426,-29.1613,7.1187000000000005,True,21,21
reverse_signal,time_stop_10d,neutral,Consumer Discretionary,unknown,mid_15_25,long_ge_11d,-22.0426,95.4218,-117.46440000000001,False,21,21
reverse_signal,time_stop_20d,neutral,Consumer Discretionary,unknown,mid_15_25,long_ge_11d,-22.0426,103.5272,-125.56979999999999,False,21,21
reverse_signal,trailing_10pct,neutral,Consumer Discretionary,unknown,mid_15_25,long_ge_11d,-22.0426,75.8746,-97.91720000000001,False,21,21
reverse_signal,trailing_15pct,neutral,Consumer Discretionary,unknown,mid_15_25,long_ge_11d,-22.0426,96.039,-118.08160000000001,False,21,21
reverse_signal,trailing_5pct,neutral,Consumer Discretionary,unknown,mid_15_25,long_ge_11d,-22.0426,30.0459,-52.088499999999996,False,21,21
smc_mitigation_zone,time_stop_10d,neutral,Consumer Discretionary,unknown,mid_15_25,long_ge_11d,-29.1613,95.4218,-124.5831,False,21,21
smc_mitigation_zone,time_stop_20d,neutral,Consumer Discretionary,unknown,mid_15_25,long_ge_11d,-29.1613,103.5272,-132.6885,False,21,21
smc_mitigation_zone,trailing_10pct,neutral,Consumer Discretionary,unknown,mid_15_25,long_ge_11d,-29.1613,75.8746,-105.0359,False,21,21
smc_mitigation_zone,trailing_15pct,neutral,Consumer Discretionary,unknown,mid_15_25,long_ge_11d,-29.1613,96.039,-125.2003,False,21,21
smc_mitigation_zone,trailing_5pct,neutral,Consumer Discretionary,unknown,mid_15_25,long_ge_11d,-29.1613,30.0459,-59.2072,False,21,21
time_stop_10d,time_stop_20d,neutral,Consumer Discretionary,unknown,mid_15_25,long_ge_11d,95.4218,103.5272,-8.105399999999989,False,21,21
time_stop_10d,trailing_10pct,neutral,Consumer Discretionary,unknown,mid_15_25,long_ge_11d,95.4218,75.8746,19.547200000000004,True,21,21
time_stop_10d,trailing_15pct,neutral,Consumer Discretionary,unknown,mid_15_25,long_ge_11d,95.4218,96.039,-0.6171999999999969,False,21,21
time_stop_10d,trailing_5pct,neutral,Consumer Discretionary,unknown,mid_15_25,long_ge_11d,95.4218,30.0459,65.3759,True,21,21
time_stop_20d,trailing_10pct,neutral,Consumer Discretionary,unknown,mid_15_25,long_ge_11d,103.5272,75.8746,27.652599999999993,True,21,21
time_stop_20d,trailing_15pct,neutral,Consumer Discretionary,unknown,mid_15_25,long_ge_11d,103.5272,96.039,7.488199999999992,True,21,21
time_stop_20d,trailing_5pct,neutral,Consumer Discretionary,unknown,mid_15_25,long_ge_11d,103.5272,30.0459,73.48129999999999,True,21,21
trailing_10pct,trailing_15pct,neutral,Consumer Discretionary,unknown,mid_15_25,long_ge_11d,75.8746,96.039,-20.1644,False,21,21
trailing_10pct,trailing_5pct,neutral,Consumer Discretionary,unknown,mid_15_25,long_ge_11d,75.8746,30.0459,45.8287,True,21,21
trailing_15pct,trailing_5pct,neutral,Consumer Discretionary,unknown,mid_15_25,long_ge_11d,96.039,30.0459,65.9931,True,21,21
atr_trail_1x,atr_trail_2x,neutral,Consumer Staples,unknown,mid_15_25,long_ge_11d,7.357799999999999,-1.7197999999999996,9.077599999999999,True,19,19
atr_trail_1x,atr_trail_mae_conditional,neutral,Consumer Staples,unknown,mid_15_25,long_ge_11d,7.357799999999999,7.357799999999999,0.0,False,19,19
atr_trail_1x,atr_trail_vix_conditional,neutral,Consumer Staples,unknown,mid_15_25,long_ge_11d,7.357799999999999,7.6754999999999995,-0.3177000000000003,False,19,19
atr_trail_1x,break_even_at_1r,neutral,Consumer Staples,unknown,mid_15_25,long_ge_11d,7.357799999999999,-4.312200000000001,11.67,True,19,19
atr_trail_1x,breakeven_plus_trail,neutral,Consumer Staples,unknown,mid_15_25,long_ge_11d,7.357799999999999,-17.7452,25.103,True,19,19
atr_trail_1x,chandelier_3x,neutral,Consumer Staples,unknown,mid_15_25,long_ge_11d,7.357799999999999,-3.9509999999999996,11.308799999999998,True,19,19
atr_trail_1x,class_time_stop,neutral,Consumer Staples,unknown,mid_15_25,long_ge_11d,7.357799999999999,-13.036199999999997,20.394,True,19,19
atr_trail_1x,earnings_blackout,neutral,Consumer Staples,unknown,mid_15_25,long_ge_11d,7.357799999999999,34.50819999999999,-27.15039999999999,False,19,19
atr_trail_1x,fixed_4r_2r,neutral,Consumer Staples,unknown,mid_15_25,long_ge_11d,7.357799999999999,10.0239,-2.6661,False,19,19
atr_trail_1x,hybrid_50pct_target,neutral,Consumer Staples,unknown,mid_15_25,long_ge_11d,7.357799999999999,-131.2649,138.6227,True,19,19
atr_trail_1x,ma_exit_ema9,neutral,Consumer Staples,unknown,mid_15_25,long_ge_11d,7.357799999999999,5.3580999999999985,1.9997000000000007,True,19,19
atr_trail_1x,mfe_lockin_trail,neutral,Consumer Staples,unknown,mid_15_25,long_ge_11d,7.357799999999999,3.8401,3.517699999999999,True,19,19
atr_trail_1x,multi_tier_partial,neutral,Consumer Staples,unknown,mid_15_25,long_ge_11d,7.357799999999999,7.6106,-0.2528000000000006,False,19,19
atr_trail_1x,next_pivot_target,neutral,Consumer Staples,unknown,mid_15_25,long_ge_11d,7.357799999999999,-0.5927000000000002,7.9505,True,19,19
atr_trail_1x,r_multiple_2r,neutral,Consumer Staples,unknown,mid_15_25,long_ge_11d,7.357799999999999,12.6432,-5.285400000000001,False,19,19
atr_trail_1x,r_multiple_3r,neutral,Consumer Staples,unknown,mid_15_25,long_ge_11d,7.357799999999999,12.7134,-5.355600000000001,False,19,19
atr_trail_1x,regime_flip,neutral,Consumer Staples,unknown,mid_15_25,long_ge_11d,7.357799999999999,-13.8565,21.2143,True,19,19
atr_trail_1x,reverse_signal,neutral,Consumer Staples,unknown,mid_15_25,long_ge_11d,7.357799999999999,7.357799999999999,0.0,False,19,19
atr_trail_1x,smc_mitigation_zone,neutral,Consumer Staples,unknown,mid_15_25,long_ge_11d,7.357799999999999,11.160499999999999,-3.8026999999999997,False,19,19
atr_trail_1x,time_stop_10d,neutral,Consumer Staples,unknown,mid_15_25,long_ge_11d,7.357799999999999,1.630699999999999,5.7271,True,19,19
atr_trail_1x,time_stop_20d,neutral,Consumer Staples,unknown,mid_15_25,long_ge_11d,7.357799999999999,-13.8565,21.2143,True,19,19
atr_trail_1x,trailing_10pct,neutral,Consumer Staples,unknown,mid_15_25,long_ge_11d,7.357799999999999,-56.4844,63.8422,True,19,19
atr_trail_1x,trailing_15pct,neutral,Consumer Staples,unknown,mid_15_25,long_ge_11d,7.357799999999999,99.2434,-91.8856,False,19,19
atr_trail_1x,trailing_5pct,neutral,Consumer Staples,unknown,mid_15_25,long_ge_11d,7.357799999999999,-27.4925,34.8503,True,19,19
atr_trail_2x,atr_trail_mae_conditional,neutral,Consumer Staples,unknown,mid_15_25,long_ge_11d,-1.7197999999999996,7.357799999999999,-9.077599999999999,False,19,19
atr_trail_2x,atr_trail_vix_conditional,neutral,Consumer Staples,unknown,mid_15_25,long_ge_11d,-1.7197999999999996,7.6754999999999995,-9.395299999999999,False,19,19
atr_trail_2x,break_even_at_1r,neutral,Consumer Staples,unknown,mid_15_25,long_ge_11d,-1.7197999999999996,-4.312200000000001,2.5924000000000014,True,19,19
atr_trail_2x,breakeven_plus_trail,neutral,Consumer Staples,unknown,mid_15_25,long_ge_11d,-1.7197999999999996,-17.7452,16.0254,True,19,19
atr_trail_2x,chandelier_3x,neutral,Consumer Staples,unknown,mid_15_25,long_ge_11d,-1.7197999999999996,-3.9509999999999996,2.2312000000000003,True,19,19
atr_trail_2x,class_time_stop,neutral,Consumer Staples,unknown,mid_15_25,long_ge_11d,-1.7197999999999996,-13.036199999999997,11.316399999999998,True,19,19
atr_trail_2x,earnings_blackout,neutral,Consumer Staples,unknown,mid_15_25,long_ge_11d,-1.7197999999999996,34.50819999999999,-36.22799999999999,False,19,19
atr_trail_2x,fixed_4r_2r,neutral,Consumer Staples,unknown,mid_15_25,long_ge_11d,-1.7197999999999996,10.0239,-11.743699999999999,False,19,19
atr_trail_2x,hybrid_50pct_target,neutral,Consumer Staples,unknown,mid_15_25,long_ge_11d,-1.7197999999999996,-131.2649,129.54510000000002,True,19,19
atr_trail_2x,ma_exit_ema9,neutral,Consumer Staples,unknown,mid_15_25,long_ge_11d,-1.7197999999999996,5.3580999999999985,-7.077899999999998,False,19,19
atr_trail_2x,mfe_lockin_trail,neutral,Consumer Staples,unknown,mid_15_25,long_ge_11d,-1.7197999999999996,3.8401,-5.5599,False,19,19
atr_trail_2x,multi_tier_partial,neutral,Consumer Staples,unknown,mid_15_25,long_ge_11d,-1.7197999999999996,7.6106,-9.3304,False,19,19
atr_trail_2x,next_pivot_target,neutral,Consumer Staples,unknown,mid_15_25,long_ge_11d,-1.7197999999999996,-0.5927000000000002,-1.1270999999999993,False,19,19
atr_trail_2x,r_multiple_2r,neutral,Consumer Staples,unknown,mid_15_25,long_ge_11d,-1.7197999999999996,12.6432,-14.363,False,19,19
atr_trail_2x,r_multiple_3r,neutral,Consumer Staples,unknown,mid_15_25,long_ge_11d,-1.7197999999999996,12.7134,-14.4332,False,19,19
atr_trail_2x,regime_flip,neutral,Consumer Staples,unknown,mid_15_25,long_ge_11d,-1.7197999999999996,-13.8565,12.136700000000001,True,19,19
atr_trail_2x,reverse_signal,neutral,Consumer Staples,unknown,mid_15_25,long_ge_11d,-1.7197999999999996,7.357799999999999,-9.077599999999999,False,19,19
atr_trail_2x,smc_mitigation_zone,neutral,Consumer Staples,unknown,mid_15_25,long_ge_11d,-1.7197999999999996,11.160499999999999,-12.880299999999998,False,19,19
atr_trail_2x,time_stop_10d,neutral,Consumer Staples,unknown,mid_15_25,long_ge_11d,-1.7197999999999996,1.630699999999999,-3.3504999999999985,False,19,19
atr_trail_2x,time_stop_20d,neutral,Consumer Staples,unknown,mid_15_25,long_ge_11d,-1.7197999999999996,-13.8565,12.136700000000001,True,19,19
atr_trail_2x,trailing_10pct,neutral,Consumer Staples,unknown,mid_15_25,long_ge_11d,-1.7197999999999996,-56.4844,54.7646,True,19,19
atr_trail_2x,trailing_15pct,neutral,Consumer Staples,unknown,mid_15_25,long_ge_11d,-1.7197999999999996,99.2434,-100.9632,False,19,19
atr_trail_2x,trailing_5pct,neutral,Consumer Staples,unknown,mid_15_25,long_ge_11d,-1.7197999999999996,-27.4925,25.7727,True,19,19
atr_trail_mae_conditional,atr_trail_vix_conditional,neutral,Consumer Staples,unknown,mid_15_25,long_ge_11d,7.357799999999999,7.6754999999999995,-0.3177000000000003,False,19,19
atr_trail_mae_conditional,break_even_at_1r,neutral,Consumer Staples,unknown,mid_15_25,long_ge_11d,7.357799999999999,-4.312200000000001,11.67,True,19,19
atr_trail_mae_conditional,breakeven_plus_trail,neutral,Consumer Staples,unknown,mid_15_25,long_ge_11d,7.357799999999999,-17.7452,25.103,True,19,19
atr_trail_mae_conditional,chandelier_3x,neutral,Consumer Staples,unknown,mid_15_25,long_ge_11d,7.357799999999999,-3.9509999999999996,11.308799999999998,True,19,19
atr_trail_mae_conditional,class_time_stop,neutral,Consumer Staples,unknown,mid_15_25,long_ge_11d,7.357799999999999,-13.036199999999997,20.394,True,19,19
atr_trail_mae_conditional,earnings_blackout,neutral,Consumer Staples,unknown,mid_15_25,long_ge_11d,7.357799999999999,34.50819999999999,-27.15039999999999,False,19,19
atr_trail_mae_conditional,fixed_4r_2r,neutral,Consumer Staples,unknown,mid_15_25,long_ge_11d,7.357799999999999,10.0239,-2.6661,False,19,19
atr_trail_mae_conditional,hybrid_50pct_target,neutral,Consumer Staples,unknown,mid_15_25,long_ge_11d,7.357799999999999,-131.2649,138.6227,True,19,19
atr_trail_mae_conditional,ma_exit_ema9,neutral,Consumer Staples,unknown,mid_15_25,long_ge_11d,7.357799999999999,5.3580999999999985,1.9997000000000007,True,19,19
atr_trail_mae_conditional,mfe_lockin_trail,neutral,Consumer Staples,unknown,mid_15_25,long_ge_11d,7.357799999999999,3.8401,3.517699999999999,True,19,19
atr_trail_mae_conditional,multi_tier_partial,neutral,Consumer Staples,unknown,mid_15_25,long_ge_11d,7.357799999999999,7.6106,-0.2528000000000006,False,19,19
atr_trail_mae_conditional,next_pivot_target,neutral,Consumer Staples,unknown,mid_15_25,long_ge_11d,7.357799999999999,-0.5927000000000002,7.9505,True,19,19
atr_trail_mae_conditional,r_multiple_2r,neutral,Consumer Staples,unknown,mid_15_25,long_ge_11d,7.357799999999999,12.6432,-5.285400000000001,False,19,19
atr_trail_mae_conditional,r_multiple_3r,neutral,Consumer Staples,unknown,mid_15_25,long_ge_11d,7.357799999999999,12.7134,-5.355600000000001,False,19,19
atr_trail_mae_conditional,regime_flip,neutral,Consumer Staples,unknown,mid_15_25,long_ge_11d,7.357799999999999,-13.8565,21.2143,True,19,19
atr_trail_mae_conditional,reverse_signal,neutral,Consumer Staples,unknown,mid_15_25,long_ge_11d,7.357799999999999,7.357799999999999,0.0,False,19,19
atr_trail_mae_conditional,smc_mitigation_zone,neutral,Consumer Staples,unknown,mid_15_25,long_ge_11d,7.357799999999999,11.160499999999999,-3.8026999999999997,False,19,19
atr_trail_mae_conditional,time_stop_10d,neutral,Consumer Staples,unknown,mid_15_25,long_ge_11d,7.357799999999999,1.630699999999999,5.7271,True,19,19
atr_trail_mae_conditional,time_stop_20d,neutral,Consumer Staples,unknown,mid_15_25,long_ge_11d,7.357799999999999,-13.8565,21.2143,True,19,19
atr_trail_mae_conditional,trailing_10pct,neutral,Consumer Staples,unknown,mid_15_25,long_ge_11d,7.357799999999999,-56.4844,63.8422,True,19,19
atr_trail_mae_conditional,trailing_15pct,neutral,Consumer Staples,unknown,mid_15_25,long_ge_11d,7.357799999999999,99.2434,-91.8856,False,19,19
atr_trail_mae_conditional,trailing_5pct,neutral,Consumer Staples,unknown,mid_15_25,long_ge_11d,7.357799999999999,-27.4925,34.8503,True,19,19
atr_trail_vix_conditional,break_even_at_1r,neutral,Consumer Staples,unknown,mid_15_25,long_ge_11d,7.6754999999999995,-4.312200000000001,11.9877,True,19,19
atr_trail_vix_conditional,breakeven_plus_trail,neutral,Consumer Staples,unknown,mid_15_25,long_ge_11d,7.6754999999999995,-17.7452,25.4207,True,19,19
atr_trail_vix_conditional,chandelier_3x,neutral,Consumer Staples,unknown,mid_15_25,long_ge_11d,7.6754999999999995,-3.9509999999999996,11.6265,True,19,19
atr_trail_vix_conditional,class_time_stop,neutral,Consumer Staples,unknown,mid_15_25,long_ge_11d,7.6754999999999995,-13.036199999999997,20.711699999999997,True,19,19
atr_trail_vix_conditional,earnings_blackout,neutral,Consumer Staples,unknown,mid_15_25,long_ge_11d,7.6754999999999995,34.50819999999999,-26.83269999999999,False,19,19
atr_trail_vix_conditional,fixed_4r_2r,neutral,Consumer Staples,unknown,mid_15_25,long_ge_11d,7.6754999999999995,10.0239,-2.3484,False,19,19
atr_trail_vix_conditional,hybrid_50pct_target,neutral,Consumer Staples,unknown,mid_15_25,long_ge_11d,7.6754999999999995,-131.2649,138.9404,True,19,19
atr_trail_vix_conditional,ma_exit_ema9,neutral,Consumer Staples,unknown,mid_15_25,long_ge_11d,7.6754999999999995,5.3580999999999985,2.317400000000001,True,19,19
atr_trail_vix_conditional,mfe_lockin_trail,neutral,Consumer Staples,unknown,mid_15_25,long_ge_11d,7.6754999999999995,3.8401,3.8353999999999995,True,19,19
atr_trail_vix_conditional,multi_tier_partial,neutral,Consumer Staples,unknown,mid_15_25,long_ge_11d,7.6754999999999995,7.6106,0.06489999999999974,True,19,19
atr_trail_vix_conditional,next_pivot_target,neutral,Consumer Staples,unknown,mid_15_25,long_ge_11d,7.6754999999999995,-0.5927000000000002,8.2682,True,19,19
atr_trail_vix_conditional,r_multiple_2r,neutral,Consumer Staples,unknown,mid_15_25,long_ge_11d,7.6754999999999995,12.6432,-4.967700000000001,False,19,19
atr_trail_vix_conditional,r_multiple_3r,neutral,Consumer Staples,unknown,mid_15_25,long_ge_11d,7.6754999999999995,12.7134,-5.0379000000000005,False,19,19
atr_trail_vix_conditional,regime_flip,neutral,Consumer Staples,unknown,mid_15_25,long_ge_11d,7.6754999999999995,-13.8565,21.532,True,19,19
atr_trail_vix_conditional,reverse_signal,neutral,Consumer Staples,unknown,mid_15_25,long_ge_11d,7.6754999999999995,7.357799999999999,0.3177000000000003,True,19,19
atr_trail_vix_conditional,smc_mitigation_zone,neutral,Consumer Staples,unknown,mid_15_25,long_ge_11d,7.6754999999999995,11.160499999999999,-3.4849999999999994,False,19,19
atr_trail_vix_conditional,time_stop_10d,neutral,Consumer Staples,unknown,mid_15_25,long_ge_11d,7.6754999999999995,1.630699999999999,6.0448,True,19,19
atr_trail_vix_conditional,time_stop_20d,neutral,Consumer Staples,unknown,mid_15_25,long_ge_11d,7.6754999999999995,-13.8565,21.532,True,19,19
atr_trail_vix_conditional,trailing_10pct,neutral,Consumer Staples,unknown,mid_15_25,long_ge_11d,7.6754999999999995,-56.4844,64.1599,True,19,19
atr_trail_vix_conditional,trailing_15pct,neutral,Consumer Staples,unknown,mid_15_25,long_ge_11d,7.6754999999999995,99.2434,-91.5679,False,19,19
atr_trail_vix_conditional,trailing_5pct,neutral,Consumer Staples,unknown,mid_15_25,long_ge_11d,7.6754999999999995,-27.4925,35.168,True,19,19
break_even_at_1r,breakeven_plus_trail,neutral,Consumer Staples,unknown,mid_15_25,long_ge_11d,-4.312200000000001,-17.7452,13.433,True,19,19
break_even_at_1r,chandelier_3x,neutral,Consumer Staples,unknown,mid_15_25,long_ge_11d,-4.312200000000001,-3.9509999999999996,-0.3612000000000011,False,19,19
break_even_at_1r,class_time_stop,neutral,Consumer Staples,unknown,mid_15_25,long_ge_11d,-4.312200000000001,-13.036199999999997,8.723999999999997,True,19,19
break_even_at_1r,earnings_blackout,neutral,Consumer Staples,unknown,mid_15_25,long_ge_11d,-4.312200000000001,34.50819999999999,-38.82039999999999,False,19,19
break_even_at_1r,fixed_4r_2r,neutral,Consumer Staples,unknown,mid_15_25,long_ge_11d,-4.312200000000001,10.0239,-14.3361,False,19,19
break_even_at_1r,hybrid_50pct_target,neutral,Consumer Staples,unknown,mid_15_25,long_ge_11d,-4.312200000000001,-131.2649,126.95270000000001,True,19,19
break_even_at_1r,ma_exit_ema9,neutral,Consumer Staples,unknown,mid_15_25,long_ge_11d,-4.312200000000001,5.3580999999999985,-9.6703,False,19,19
break_even_at_1r,mfe_lockin_trail,neutral,Consumer Staples,unknown,mid_15_25,long_ge_11d,-4.312200000000001,3.8401,-8.1523,False,19,19
break_even_at_1r,multi_tier_partial,neutral,Consumer Staples,unknown,mid_15_25,long_ge_11d,-4.312200000000001,7.6106,-11.9228,False,19,19
break_even_at_1r,next_pivot_target,neutral,Consumer Staples,unknown,mid_15_25,long_ge_11d,-4.312200000000001,-0.5927000000000002,-3.7195000000000005,False,19,19
break_even_at_1r,r_multiple_2r,neutral,Consumer Staples,unknown,mid_15_25,long_ge_11d,-4.312200000000001,12.6432,-16.9554,False,19,19
break_even_at_1r,r_multiple_3r,neutral,Consumer Staples,unknown,mid_15_25,long_ge_11d,-4.312200000000001,12.7134,-17.0256,False,19,19
break_even_at_1r,regime_flip,neutral,Consumer Staples,unknown,mid_15_25,long_ge_11d,-4.312200000000001,-13.8565,9.5443,True,19,19
break_even_at_1r,reverse_signal,neutral,Consumer Staples,unknown,mid_15_25,long_ge_11d,-4.312200000000001,7.357799999999999,-11.67,False,19,19
break_even_at_1r,smc_mitigation_zone,neutral,Consumer Staples,unknown,mid_15_25,long_ge_11d,-4.312200000000001,11.160499999999999,-15.4727,False,19,19
break_even_at_1r,time_stop_10d,neutral,Consumer Staples,unknown,mid_15_25,long_ge_11d,-4.312200000000001,1.630699999999999,-5.9429,False,19,19
break_even_at_1r,time_stop_20d,neutral,Consumer Staples,unknown,mid_15_25,long_ge_11d,-4.312200000000001,-13.8565,9.5443,True,19,19
break_even_at_1r,trailing_10pct,neutral,Consumer Staples,unknown,mid_15_25,long_ge_11d,-4.312200000000001,-56.4844,52.172200000000004,True,19,19
break_even_at_1r,trailing_15pct,neutral,Consumer Staples,unknown,mid_15_25,long_ge_11d,-4.312200000000001,99.2434,-103.5556,False,19,19
break_even_at_1r,trailing_5pct,neutral,Consumer Staples,unknown,mid_15_25,long_ge_11d,-4.312200000000001,-27.4925,23.1803,True,19,19
breakeven_plus_trail,chandelier_3x,neutral,Consumer Staples,unknown,mid_15_25,long_ge_11d,-17.7452,-3.9509999999999996,-13.7942,False,19,19
breakeven_plus_trail,class_time_stop,neutral,Consumer Staples,unknown,mid_15_25,long_ge_11d,-17.7452,-13.036199999999997,-4.709000000000003,False,19,19
breakeven_plus_trail,earnings_blackout,neutral,Consumer Staples,unknown,mid_15_25,long_ge_11d,-17.7452,34.50819999999999,-52.253399999999985,False,19,19
breakeven_plus_trail,fixed_4r_2r,neutral,Consumer Staples,unknown,mid_15_25,long_ge_11d,-17.7452,10.0239,-27.7691,False,19,19
breakeven_plus_trail,hybrid_50pct_target,neutral,Consumer Staples,unknown,mid_15_25,long_ge_11d,-17.7452,-131.2649,113.51970000000001,True,19,19
breakeven_plus_trail,ma_exit_ema9,neutral,Consumer Staples,unknown,mid_15_25,long_ge_11d,-17.7452,5.3580999999999985,-23.103299999999997,False,19,19
breakeven_plus_trail,mfe_lockin_trail,neutral,Consumer Staples,unknown,mid_15_25,long_ge_11d,-17.7452,3.8401,-21.5853,False,19,19
breakeven_plus_trail,multi_tier_partial,neutral,Consumer Staples,unknown,mid_15_25,long_ge_11d,-17.7452,7.6106,-25.355800000000002,False,19,19
breakeven_plus_trail,next_pivot_target,neutral,Consumer Staples,unknown,mid_15_25,long_ge_11d,-17.7452,-0.5927000000000002,-17.1525,False,19,19
breakeven_plus_trail,r_multiple_2r,neutral,Consumer Staples,unknown,mid_15_25,long_ge_11d,-17.7452,12.6432,-30.3884,False,19,19
breakeven_plus_trail,r_multiple_3r,neutral,Consumer Staples,unknown,mid_15_25,long_ge_11d,-17.7452,12.7134,-30.4586,False,19,19
breakeven_plus_trail,regime_flip,neutral,Consumer Staples,unknown,mid_15_25,long_ge_11d,-17.7452,-13.8565,-3.8887,False,19,19
breakeven_plus_trail,reverse_signal,neutral,Consumer Staples,unknown,mid_15_25,long_ge_11d,-17.7452,7.357799999999999,-25.103,False,19,19
breakeven_plus_trail,smc_mitigation_zone,neutral,Consumer Staples,unknown,mid_15_25,long_ge_11d,-17.7452,11.160499999999999,-28.9057,False,19,19
breakeven_plus_trail,time_stop_10d,neutral,Consumer Staples,unknown,mid_15_25,long_ge_11d,-17.7452,1.630699999999999,-19.375899999999998,False,19,19
breakeven_plus_trail,time_stop_20d,neutral,Consumer Staples,unknown,mid_15_25,long_ge_11d,-17.7452,-13.8565,-3.8887,False,19,19
breakeven_plus_trail,trailing_10pct,neutral,Consumer Staples,unknown,mid_15_25,long_ge_11d,-17.7452,-56.4844,38.7392,True,19,19
breakeven_plus_trail,trailing_15pct,neutral,Consumer Staples,unknown,mid_15_25,long_ge_11d,-17.7452,99.2434,-116.98859999999999,False,19,19
breakeven_plus_trail,trailing_5pct,neutral,Consumer Staples,unknown,mid_15_25,long_ge_11d,-17.7452,-27.4925,9.7473,True,19,19
chandelier_3x,class_time_stop,neutral,Consumer Staples,unknown,mid_15_25,long_ge_11d,-3.9509999999999996,-13.036199999999997,9.085199999999997,True,19,19
chandelier_3x,earnings_blackout,neutral,Consumer Staples,unknown,mid_15_25,long_ge_11d,-3.9509999999999996,34.50819999999999,-38.45919999999999,False,19,19
chandelier_3x,fixed_4r_2r,neutral,Consumer Staples,unknown,mid_15_25,long_ge_11d,-3.9509999999999996,10.0239,-13.974899999999998,False,19,19
chandelier_3x,hybrid_50pct_target,neutral,Consumer Staples,unknown,mid_15_25,long_ge_11d,-3.9509999999999996,-131.2649,127.31390000000002,True,19,19
chandelier_3x,ma_exit_ema9,neutral,Consumer Staples,unknown,mid_15_25,long_ge_11d,-3.9509999999999996,5.3580999999999985,-9.309099999999997,False,19,19
chandelier_3x,mfe_lockin_trail,neutral,Consumer Staples,unknown,mid_15_25,long_ge_11d,-3.9509999999999996,3.8401,-7.7911,False,19,19
chandelier_3x,multi_tier_partial,neutral,Consumer Staples,unknown,mid_15_25,long_ge_11d,-3.9509999999999996,7.6106,-11.561599999999999,False,19,19
chandelier_3x,next_pivot_target,neutral,Consumer Staples,unknown,mid_15_25,long_ge_11d,-3.9509999999999996,-0.5927000000000002,-3.3582999999999994,False,19,19
chandelier_3x,r_multiple_2r,neutral,Consumer Staples,unknown,mid_15_25,long_ge_11d,-3.9509999999999996,12.6432,-16.5942,False,19,19
chandelier_3x,r_multiple_3r,neutral,Consumer Staples,unknown,mid_15_25,long_ge_11d,-3.9509999999999996,12.7134,-16.6644,False,19,19
chandelier_3x,regime_flip,neutral,Consumer Staples,unknown,mid_15_25,long_ge_11d,-3.9509999999999996,-13.8565,9.9055,True,19,19
chandelier_3x,reverse_signal,neutral,Consumer Staples,unknown,mid_15_25,long_ge_11d,-3.9509999999999996,7.357799999999999,-11.308799999999998,False,19,19
chandelier_3x,smc_mitigation_zone,neutral,Consumer Staples,unknown,mid_15_25,long_ge_11d,-3.9509999999999996,11.160499999999999,-15.1115,False,19,19
chandelier_3x,time_stop_10d,neutral,Consumer Staples,unknown,mid_15_25,long_ge_11d,-3.9509999999999996,1.630699999999999,-5.581699999999999,False,19,19
chandelier_3x,time_stop_20d,neutral,Consumer Staples,unknown,mid_15_25,long_ge_11d,-3.9509999999999996,-13.8565,9.9055,True,19,19
chandelier_3x,trailing_10pct,neutral,Consumer Staples,unknown,mid_15_25,long_ge_11d,-3.9509999999999996,-56.4844,52.5334,True,19,19
chandelier_3x,trailing_15pct,neutral,Consumer Staples,unknown,mid_15_25,long_ge_11d,-3.9509999999999996,99.2434,-103.19439999999999,False,19,19
chandelier_3x,trailing_5pct,neutral,Consumer Staples,unknown,mid_15_25,long_ge_11d,-3.9509999999999996,-27.4925,23.5415,True,19,19
class_time_stop,earnings_blackout,neutral,Consumer Staples,unknown,mid_15_25,long_ge_11d,-13.036199999999997,34.50819999999999,-47.54439999999998,False,19,19
class_time_stop,fixed_4r_2r,neutral,Consumer Staples,unknown,mid_15_25,long_ge_11d,-13.036199999999997,10.0239,-23.0601,False,19,19
class_time_stop,hybrid_50pct_target,neutral,Consumer Staples,unknown,mid_15_25,long_ge_11d,-13.036199999999997,-131.2649,118.22870000000002,True,19,19
class_time_stop,ma_exit_ema9,neutral,Consumer Staples,unknown,mid_15_25,long_ge_11d,-13.036199999999997,5.3580999999999985,-18.394299999999994,False,19,19
class_time_stop,mfe_lockin_trail,neutral,Consumer Staples,unknown,mid_15_25,long_ge_11d,-13.036199999999997,3.8401,-16.876299999999997,False,19,19
class_time_stop,multi_tier_partial,neutral,Consumer Staples,unknown,mid_15_25,long_ge_11d,-13.036199999999997,7.6106,-20.6468,False,19,19
class_time_stop,next_pivot_target,neutral,Consumer Staples,unknown,mid_15_25,long_ge_11d,-13.036199999999997,-0.5927000000000002,-12.443499999999997,False,19,19
class_time_stop,r_multiple_2r,neutral,Consumer Staples,unknown,mid_15_25,long_ge_11d,-13.036199999999997,12.6432,-25.679399999999998,False,19,19
class_time_stop,r_multiple_3r,neutral,Consumer Staples,unknown,mid_15_25,long_ge_11d,-13.036199999999997,12.7134,-25.749599999999997,False,19,19
class_time_stop,regime_flip,neutral,Consumer Staples,unknown,mid_15_25,long_ge_11d,-13.036199999999997,-13.8565,0.8203000000000031,True,19,19
class_time_stop,reverse_signal,neutral,Consumer Staples,unknown,mid_15_25,long_ge_11d,-13.036199999999997,7.357799999999999,-20.394,False,19,19
class_time_stop,smc_mitigation_zone,neutral,Consumer Staples,unknown,mid_15_25,long_ge_11d,-13.036199999999997,11.160499999999999,-24.196699999999996,False,19,19
class_time_stop,time_stop_10d,neutral,Consumer Staples,unknown,mid_15_25,long_ge_11d,-13.036199999999997,1.630699999999999,-14.666899999999996,False,19,19
class_time_stop,time_stop_20d,neutral,Consumer Staples,unknown,mid_15_25,long_ge_11d,-13.036199999999997,-13.8565,0.8203000000000031,True,19,19
class_time_stop,trailing_10pct,neutral,Consumer Staples,unknown,mid_15_25,long_ge_11d,-13.036199999999997,-56.4844,43.4482,True,19,19
class_time_stop,trailing_15pct,neutral,Consumer Staples,unknown,mid_15_25,long_ge_11d,-13.036199999999997,99.2434,-112.27959999999999,False,19,19
class_time_stop,trailing_5pct,neutral,Consumer Staples,unknown,mid_15_25,long_ge_11d,-13.036199999999997,-27.4925,14.456300000000002,True,19,19
earnings_blackout,fixed_4r_2r,neutral,Consumer Staples,unknown,mid_15_25,long_ge_11d,34.50819999999999,10.0239,24.48429999999999,True,19,19
earnings_blackout,hybrid_50pct_target,neutral,Consumer Staples,unknown,mid_15_25,long_ge_11d,34.50819999999999,-131.2649,165.7731,True,19,19
earnings_blackout,ma_exit_ema9,neutral,Consumer Staples,unknown,mid_15_25,long_ge_11d,34.50819999999999,5.3580999999999985,29.150099999999988,True,19,19
earnings_blackout,mfe_lockin_trail,neutral,Consumer Staples,unknown,mid_15_25,long_ge_11d,34.50819999999999,3.8401,30.66809999999999,True,19,19
earnings_blackout,multi_tier_partial,neutral,Consumer Staples,unknown,mid_15_25,long_ge_11d,34.50819999999999,7.6106,26.89759999999999,True,19,19
earnings_blackout,next_pivot_target,neutral,Consumer Staples,unknown,mid_15_25,long_ge_11d,34.50819999999999,-0.5927000000000002,35.10089999999999,True,19,19
earnings_blackout,r_multiple_2r,neutral,Consumer Staples,unknown,mid_15_25,long_ge_11d,34.50819999999999,12.6432,21.864999999999988,True,19,19
earnings_blackout,r_multiple_3r,neutral,Consumer Staples,unknown,mid_15_25,long_ge_11d,34.50819999999999,12.7134,21.794799999999988,True,19,19
earnings_blackout,regime_flip,neutral,Consumer Staples,unknown,mid_15_25,long_ge_11d,34.50819999999999,-13.8565,48.364699999999985,True,19,19
earnings_blackout,reverse_signal,neutral,Consumer Staples,unknown,mid_15_25,long_ge_11d,34.50819999999999,7.357799999999999,27.15039999999999,True,19,19
earnings_blackout,smc_mitigation_zone,neutral,Consumer Staples,unknown,mid_15_25,long_ge_11d,34.50819999999999,11.160499999999999,23.34769999999999,True,19,19
earnings_blackout,time_stop_10d,neutral,Consumer Staples,unknown,mid_15_25,long_ge_11d,34.50819999999999,1.630699999999999,32.87749999999999,True,19,19
earnings_blackout,time_stop_20d,neutral,Consumer Staples,unknown,mid_15_25,long_ge_11d,34.50819999999999,-13.8565,48.364699999999985,True,19,19
earnings_blackout,trailing_10pct,neutral,Consumer Staples,unknown,mid_15_25,long_ge_11d,34.50819999999999,-56.4844,90.99259999999998,True,19,19
earnings_blackout,trailing_15pct,neutral,Consumer Staples,unknown,mid_15_25,long_ge_11d,34.50819999999999,99.2434,-64.7352,False,19,19
earnings_blackout,trailing_5pct,neutral,Consumer Staples,unknown,mid_15_25,long_ge_11d,34.50819999999999,-27.4925,62.00069999999999,True,19,19
fixed_4r_2r,hybrid_50pct_target,neutral,Consumer Staples,unknown,mid_15_25,long_ge_11d,10.0239,-131.2649,141.2888,True,19,19
fixed_4r_2r,ma_exit_ema9,neutral,Consumer Staples,unknown,mid_15_25,long_ge_11d,10.0239,5.3580999999999985,4.665800000000001,True,19,19
fixed_4r_2r,mfe_lockin_trail,neutral,Consumer Staples,unknown,mid_15_25,long_ge_11d,10.0239,3.8401,6.1838,True,19,19
fixed_4r_2r,multi_tier_partial,neutral,Consumer Staples,unknown,mid_15_25,long_ge_11d,10.0239,7.6106,2.4132999999999996,True,19,19
fixed_4r_2r,next_pivot_target,neutral,Consumer Staples,unknown,mid_15_25,long_ge_11d,10.0239,-0.5927000000000002,10.6166,True,19,19
fixed_4r_2r,r_multiple_2r,neutral,Consumer Staples,unknown,mid_15_25,long_ge_11d,10.0239,12.6432,-2.619300000000001,False,19,19
fixed_4r_2r,r_multiple_3r,neutral,Consumer Staples,unknown,mid_15_25,long_ge_11d,10.0239,12.7134,-2.6895000000000007,False,19,19
fixed_4r_2r,regime_flip,neutral,Consumer Staples,unknown,mid_15_25,long_ge_11d,10.0239,-13.8565,23.8804,True,19,19
fixed_4r_2r,reverse_signal,neutral,Consumer Staples,unknown,mid_15_25,long_ge_11d,10.0239,7.357799999999999,2.6661,True,19,19
fixed_4r_2r,smc_mitigation_zone,neutral,Consumer Staples,unknown,mid_15_25,long_ge_11d,10.0239,11.160499999999999,-1.1365999999999996,False,19,19
fixed_4r_2r,time_stop_10d,neutral,Consumer Staples,unknown,mid_15_25,long_ge_11d,10.0239,1.630699999999999,8.3932,True,19,19
fixed_4r_2r,time_stop_20d,neutral,Consumer Staples,unknown,mid_15_25,long_ge_11d,10.0239,-13.8565,23.8804,True,19,19
fixed_4r_2r,trailing_10pct,neutral,Consumer Staples,unknown,mid_15_25,long_ge_11d,10.0239,-56.4844,66.5083,True,19,19
fixed_4r_2r,trailing_15pct,neutral,Consumer Staples,unknown,mid_15_25,long_ge_11d,10.0239,99.2434,-89.2195,False,19,19
fixed_4r_2r,trailing_5pct,neutral,Consumer Staples,unknown,mid_15_25,long_ge_11d,10.0239,-27.4925,37.5164,True,19,19
hybrid_50pct_target,ma_exit_ema9,neutral,Consumer Staples,unknown,mid_15_25,long_ge_11d,-131.2649,5.3580999999999985,-136.62300000000002,False,19,19
hybrid_50pct_target,mfe_lockin_trail,neutral,Consumer Staples,unknown,mid_15_25,long_ge_11d,-131.2649,3.8401,-135.10500000000002,False,19,19
hybrid_50pct_target,multi_tier_partial,neutral,Consumer Staples,unknown,mid_15_25,long_ge_11d,-131.2649,7.6106,-138.87550000000002,False,19,19
hybrid_50pct_target,next_pivot_target,neutral,Consumer Staples,unknown,mid_15_25,long_ge_11d,-131.2649,-0.5927000000000002,-130.6722,False,19,19
hybrid_50pct_target,r_multiple_2r,neutral,Consumer Staples,unknown,mid_15_25,long_ge_11d,-131.2649,12.6432,-143.90810000000002,False,19,19
hybrid_50pct_target,r_multiple_3r,neutral,Consumer Staples,unknown,mid_15_25,long_ge_11d,-131.2649,12.7134,-143.97830000000002,False,19,19
hybrid_50pct_target,regime_flip,neutral,Consumer Staples,unknown,mid_15_25,long_ge_11d,-131.2649,-13.8565,-117.40840000000001,False,19,19
hybrid_50pct_target,reverse_signal,neutral,Consumer Staples,unknown,mid_15_25,long_ge_11d,-131.2649,7.357799999999999,-138.6227,False,19,19
hybrid_50pct_target,smc_mitigation_zone,neutral,Consumer Staples,unknown,mid_15_25,long_ge_11d,-131.2649,11.160499999999999,-142.42540000000002,False,19,19
hybrid_50pct_target,time_stop_10d,neutral,Consumer Staples,unknown,mid_15_25,long_ge_11d,-131.2649,1.630699999999999,-132.8956,False,19,19
hybrid_50pct_target,time_stop_20d,neutral,Consumer Staples,unknown,mid_15_25,long_ge_11d,-131.2649,-13.8565,-117.40840000000001,False,19,19
hybrid_50pct_target,trailing_10pct,neutral,Consumer Staples,unknown,mid_15_25,long_ge_11d,-131.2649,-56.4844,-74.78050000000002,False,19,19
hybrid_50pct_target,trailing_15pct,neutral,Consumer Staples,unknown,mid_15_25,long_ge_11d,-131.2649,99.2434,-230.50830000000002,False,19,19
hybrid_50pct_target,trailing_5pct,neutral,Consumer Staples,unknown,mid_15_25,long_ge_11d,-131.2649,-27.4925,-103.7724,False,19,19
ma_exit_ema9,mfe_lockin_trail,neutral,Consumer Staples,unknown,mid_15_25,long_ge_11d,5.3580999999999985,3.8401,1.5179999999999985,True,19,19
ma_exit_ema9,multi_tier_partial,neutral,Consumer Staples,unknown,mid_15_25,long_ge_11d,5.3580999999999985,7.6106,-2.2525000000000013,False,19,19
ma_exit_ema9,next_pivot_target,neutral,Consumer Staples,unknown,mid_15_25,long_ge_11d,5.3580999999999985,-0.5927000000000002,5.950799999999999,True,19,19
ma_exit_ema9,r_multiple_2r,neutral,Consumer Staples,unknown,mid_15_25,long_ge_11d,5.3580999999999985,12.6432,-7.285100000000002,False,19,19
ma_exit_ema9,r_multiple_3r,neutral,Consumer Staples,unknown,mid_15_25,long_ge_11d,5.3580999999999985,12.7134,-7.3553000000000015,False,19,19
ma_exit_ema9,regime_flip,neutral,Consumer Staples,unknown,mid_15_25,long_ge_11d,5.3580999999999985,-13.8565,19.214599999999997,True,19,19
ma_exit_ema9,reverse_signal,neutral,Consumer Staples,unknown,mid_15_25,long_ge_11d,5.3580999999999985,7.357799999999999,-1.9997000000000007,False,19,19
ma_exit_ema9,smc_mitigation_zone,neutral,Consumer Staples,unknown,mid_15_25,long_ge_11d,5.3580999999999985,11.160499999999999,-5.8024000000000004,False,19,19
ma_exit_ema9,time_stop_10d,neutral,Consumer Staples,unknown,mid_15_25,long_ge_11d,5.3580999999999985,1.630699999999999,3.7273999999999994,True,19,19
ma_exit_ema9,time_stop_20d,neutral,Consumer Staples,unknown,mid_15_25,long_ge_11d,5.3580999999999985,-13.8565,19.214599999999997,True,19,19
ma_exit_ema9,trailing_10pct,neutral,Consumer Staples,unknown,mid_15_25,long_ge_11d,5.3580999999999985,-56.4844,61.8425,True,19,19
ma_exit_ema9,trailing_15pct,neutral,Consumer Staples,unknown,mid_15_25,long_ge_11d,5.3580999999999985,99.2434,-93.8853,False,19,19
ma_exit_ema9,trailing_5pct,neutral,Consumer Staples,unknown,mid_15_25,long_ge_11d,5.3580999999999985,-27.4925,32.8506,True,19,19
mfe_lockin_trail,multi_tier_partial,neutral,Consumer Staples,unknown,mid_15_25,long_ge_11d,3.8401,7.6106,-3.7704999999999997,False,19,19
mfe_lockin_trail,next_pivot_target,neutral,Consumer Staples,unknown,mid_15_25,long_ge_11d,3.8401,-0.5927000000000002,4.4328,True,19,19
mfe_lockin_trail,r_multiple_2r,neutral,Consumer Staples,unknown,mid_15_25,long_ge_11d,3.8401,12.6432,-8.8031,False,19,19
mfe_lockin_trail,r_multiple_3r,neutral,Consumer Staples,unknown,mid_15_25,long_ge_11d,3.8401,12.7134,-8.8733,False,19,19
mfe_lockin_trail,regime_flip,neutral,Consumer Staples,unknown,mid_15_25,long_ge_11d,3.8401,-13.8565,17.6966,True,19,19
mfe_lockin_trail,reverse_signal,neutral,Consumer Staples,unknown,mid_15_25,long_ge_11d,3.8401,7.357799999999999,-3.517699999999999,False,19,19
mfe_lockin_trail,smc_mitigation_zone,neutral,Consumer Staples,unknown,mid_15_25,long_ge_11d,3.8401,11.160499999999999,-7.320399999999999,False,19,19
mfe_lockin_trail,time_stop_10d,neutral,Consumer Staples,unknown,mid_15_25,long_ge_11d,3.8401,1.630699999999999,2.2094000000000014,True,19,19
mfe_lockin_trail,time_stop_20d,neutral,Consumer Staples,unknown,mid_15_25,long_ge_11d,3.8401,-13.8565,17.6966,True,19,19
mfe_lockin_trail,trailing_10pct,neutral,Consumer Staples,unknown,mid_15_25,long_ge_11d,3.8401,-56.4844,60.3245,True,19,19
mfe_lockin_trail,trailing_15pct,neutral,Consumer Staples,unknown,mid_15_25,long_ge_11d,3.8401,99.2434,-95.40329999999999,False,19,19
mfe_lockin_trail,trailing_5pct,neutral,Consumer Staples,unknown,mid_15_25,long_ge_11d,3.8401,-27.4925,31.3326,True,19,19
multi_tier_partial,next_pivot_target,neutral,Consumer Staples,unknown,mid_15_25,long_ge_11d,7.6106,-0.5927000000000002,8.2033,True,19,19
multi_tier_partial,r_multiple_2r,neutral,Consumer Staples,unknown,mid_15_25,long_ge_11d,7.6106,12.6432,-5.0326,False,19,19
multi_tier_partial,r_multiple_3r,neutral,Consumer Staples,unknown,mid_15_25,long_ge_11d,7.6106,12.7134,-5.1028,False,19,19
multi_tier_partial,regime_flip,neutral,Consumer Staples,unknown,mid_15_25,long_ge_11d,7.6106,-13.8565,21.467100000000002,True,19,19
multi_tier_partial,reverse_signal,neutral,Consumer Staples,unknown,mid_15_25,long_ge_11d,7.6106,7.357799999999999,0.2528000000000006,True,19,19
multi_tier_partial,smc_mitigation_zone,neutral,Consumer Staples,unknown,mid_15_25,long_ge_11d,7.6106,11.160499999999999,-3.549899999999999,False,19,19
multi_tier_partial,time_stop_10d,neutral,Consumer Staples,unknown,mid_15_25,long_ge_11d,7.6106,1.630699999999999,5.979900000000001,True,19,19
multi_tier_partial,time_stop_20d,neutral,Consumer Staples,unknown,mid_15_25,long_ge_11d,7.6106,-13.8565,21.467100000000002,True,19,19
multi_tier_partial,trailing_10pct,neutral,Consumer Staples,unknown,mid_15_25,long_ge_11d,7.6106,-56.4844,64.095,True,19,19
multi_tier_partial,trailing_15pct,neutral,Consumer Staples,unknown,mid_15_25,long_ge_11d,7.6106,99.2434,-91.63279999999999,False,19,19
multi_tier_partial,trailing_5pct,neutral,Consumer Staples,unknown,mid_15_25,long_ge_11d,7.6106,-27.4925,35.1031,True,19,19
next_pivot_target,r_multiple_2r,neutral,Consumer Staples,unknown,mid_15_25,long_ge_11d,-0.5927000000000002,12.6432,-13.2359,False,19,19
next_pivot_target,r_multiple_3r,neutral,Consumer Staples,unknown,mid_15_25,long_ge_11d,-0.5927000000000002,12.7134,-13.3061,False,19,19
next_pivot_target,regime_flip,neutral,Consumer Staples,unknown,mid_15_25,long_ge_11d,-0.5927000000000002,-13.8565,13.2638,True,19,19
next_pivot_target,reverse_signal,neutral,Consumer Staples,unknown,mid_15_25,long_ge_11d,-0.5927000000000002,7.357799999999999,-7.9505,False,19,19
next_pivot_target,smc_mitigation_zone,neutral,Consumer Staples,unknown,mid_15_25,long_ge_11d,-0.5927000000000002,11.160499999999999,-11.7532,False,19,19
next_pivot_target,time_stop_10d,neutral,Consumer Staples,unknown,mid_15_25,long_ge_11d,-0.5927000000000002,1.630699999999999,-2.223399999999999,False,19,19
next_pivot_target,time_stop_20d,neutral,Consumer Staples,unknown,mid_15_25,long_ge_11d,-0.5927000000000002,-13.8565,13.2638,True,19,19
next_pivot_target,trailing_10pct,neutral,Consumer Staples,unknown,mid_15_25,long_ge_11d,-0.5927000000000002,-56.4844,55.8917,True,19,19
next_pivot_target,trailing_15pct,neutral,Consumer Staples,unknown,mid_15_25,long_ge_11d,-0.5927000000000002,99.2434,-99.83609999999999,False,19,19
next_pivot_target,trailing_5pct,neutral,Consumer Staples,unknown,mid_15_25,long_ge_11d,-0.5927000000000002,-27.4925,26.8998,True,19,19
r_multiple_2r,r_multiple_3r,neutral,Consumer Staples,unknown,mid_15_25,long_ge_11d,12.6432,12.7134,-0.07019999999999982,False,19,19
r_multiple_2r,regime_flip,neutral,Consumer Staples,unknown,mid_15_25,long_ge_11d,12.6432,-13.8565,26.4997,True,19,19
r_multiple_2r,reverse_signal,neutral,Consumer Staples,unknown,mid_15_25,long_ge_11d,12.6432,7.357799999999999,5.285400000000001,True,19,19
r_multiple_2r,smc_mitigation_zone,neutral,Consumer Staples,unknown,mid_15_25,long_ge_11d,12.6432,11.160499999999999,1.4827000000000012,True,19,19
r_multiple_2r,time_stop_10d,neutral,Consumer Staples,unknown,mid_15_25,long_ge_11d,12.6432,1.630699999999999,11.012500000000001,True,19,19
r_multiple_2r,time_stop_20d,neutral,Consumer Staples,unknown,mid_15_25,long_ge_11d,12.6432,-13.8565,26.4997,True,19,19
r_multiple_2r,trailing_10pct,neutral,Consumer Staples,unknown,mid_15_25,long_ge_11d,12.6432,-56.4844,69.1276,True,19,19
r_multiple_2r,trailing_15pct,neutral,Consumer Staples,unknown,mid_15_25,long_ge_11d,12.6432,99.2434,-86.6002,False,19,19
r_multiple_2r,trailing_5pct,neutral,Consumer Staples,unknown,mid_15_25,long_ge_11d,12.6432,-27.4925,40.1357,True,19,19
r_multiple_3r,regime_flip,neutral,Consumer Staples,unknown,mid_15_25,long_ge_11d,12.7134,-13.8565,26.5699,True,19,19
r_multiple_3r,reverse_signal,neutral,Consumer Staples,unknown,mid_15_25,long_ge_11d,12.7134,7.357799999999999,5.355600000000001,True,19,19
r_multiple_3r,smc_mitigation_zone,neutral,Consumer Staples,unknown,mid_15_25,long_ge_11d,12.7134,11.160499999999999,1.552900000000001,True,19,19
r_multiple_3r,time_stop_10d,neutral,Consumer Staples,unknown,mid_15_25,long_ge_11d,12.7134,1.630699999999999,11.0827,True,19,19
r_multiple_3r,time_stop_20d,neutral,Consumer Staples,unknown,mid_15_25,long_ge_11d,12.7134,-13.8565,26.5699,True,19,19
r_multiple_3r,trailing_10pct,neutral,Consumer Staples,unknown,mid_15_25,long_ge_11d,12.7134,-56.4844,69.1978,True,19,19
r_multiple_3r,trailing_15pct,neutral,Consumer Staples,unknown,mid_15_25,long_ge_11d,12.7134,99.2434,-86.53,False,19,19
r_multiple_3r,trailing_5pct,neutral,Consumer Staples,unknown,mid_15_25,long_ge_11d,12.7134,-27.4925,40.2059,True,19,19
regime_flip,reverse_signal,neutral,Consumer Staples,unknown,mid_15_25,long_ge_11d,-13.8565,7.357799999999999,-21.2143,False,19,19
regime_flip,smc_mitigation_zone,neutral,Consumer Staples,unknown,mid_15_25,long_ge_11d,-13.8565,11.160499999999999,-25.017,False,19,19
regime_flip,time_stop_10d,neutral,Consumer Staples,unknown,mid_15_25,long_ge_11d,-13.8565,1.630699999999999,-15.4872,False,19,19
regime_flip,time_stop_20d,neutral,Consumer Staples,unknown,mid_15_25,long_ge_11d,-13.8565,-13.8565,0.0,False,19,19
regime_flip,trailing_10pct,neutral,Consumer Staples,unknown,mid_15_25,long_ge_11d,-13.8565,-56.4844,42.6279,True,19,19
regime_flip,trailing_15pct,neutral,Consumer Staples,unknown,mid_15_25,long_ge_11d,-13.8565,99.2434,-113.09989999999999,False,19,19
regime_flip,trailing_5pct,neutral,Consumer Staples,unknown,mid_15_25,long_ge_11d,-13.8565,-27.4925,13.636,True,19,19
reverse_signal,smc_mitigation_zone,neutral,Consumer Staples,unknown,mid_15_25,long_ge_11d,7.357799999999999,11.160499999999999,-3.8026999999999997,False,19,19
reverse_signal,time_stop_10d,neutral,Consumer Staples,unknown,mid_15_25,long_ge_11d,7.357799999999999,1.630699999999999,5.7271,True,19,19
reverse_signal,time_stop_20d,neutral,Consumer Staples,unknown,mid_15_25,long_ge_11d,7.357799999999999,-13.8565,21.2143,True,19,19
reverse_signal,trailing_10pct,neutral,Consumer Staples,unknown,mid_15_25,long_ge_11d,7.357799999999999,-56.4844,63.8422,True,19,19
reverse_signal,trailing_15pct,neutral,Consumer Staples,unknown,mid_15_25,long_ge_11d,7.357799999999999,99.2434,-91.8856,False,19,19
reverse_signal,trailing_5pct,neutral,Consumer Staples,unknown,mid_15_25,long_ge_11d,7.357799999999999,-27.4925,34.8503,True,19,19
smc_mitigation_zone,time_stop_10d,neutral,Consumer Staples,unknown,mid_15_25,long_ge_11d,11.160499999999999,1.630699999999999,9.5298,True,19,19
smc_mitigation_zone,time_stop_20d,neutral,Consumer Staples,unknown,mid_15_25,long_ge_11d,11.160499999999999,-13.8565,25.017,True,19,19
smc_mitigation_zone,trailing_10pct,neutral,Consumer Staples,unknown,mid_15_25,long_ge_11d,11.160499999999999,-56.4844,67.6449,True,19,19
smc_mitigation_zone,trailing_15pct,neutral,Consumer Staples,unknown,mid_15_25,long_ge_11d,11.160499999999999,99.2434,-88.0829,False,19,19
smc_mitigation_zone,trailing_5pct,neutral,Consumer Staples,unknown,mid_15_25,long_ge_11d,11.160499999999999,-27.4925,38.653,True,19,19
time_stop_10d,time_stop_20d,neutral,Consumer Staples,unknown,mid_15_25,long_ge_11d,1.630699999999999,-13.8565,15.4872,True,19,19
time_stop_10d,trailing_10pct,neutral,Consumer Staples,unknown,mid_15_25,long_ge_11d,1.630699999999999,-56.4844,58.1151,True,19,19
time_stop_10d,trailing_15pct,neutral,Consumer Staples,unknown,mid_15_25,long_ge_11d,1.630699999999999,99.2434,-97.61269999999999,False,19,19
time_stop_10d,trailing_5pct,neutral,Consumer Staples,unknown,mid_15_25,long_ge_11d,1.630699999999999,-27.4925,29.123199999999997,True,19,19
time_stop_20d,trailing_10pct,neutral,Consumer Staples,unknown,mid_15_25,long_ge_11d,-13.8565,-56.4844,42.6279,True,19,19
time_stop_20d,trailing_15pct,neutral,Consumer Staples,unknown,mid_15_25,long_ge_11d,-13.8565,99.2434,-113.09989999999999,False,19,19
time_stop_20d,trailing_5pct,neutral,Consumer Staples,unknown,mid_15_25,long_ge_11d,-13.8565,-27.4925,13.636,True,19,19
trailing_10pct,trailing_15pct,neutral,Consumer Staples,unknown,mid_15_25,long_ge_11d,-56.4844,99.2434,-155.7278,False,19,19
trailing_10pct,trailing_5pct,neutral,Consumer Staples,unknown,mid_15_25,long_ge_11d,-56.4844,-27.4925,-28.9919,False,19,19
trailing_15pct,trailing_5pct,neutral,Consumer Staples,unknown,mid_15_25,long_ge_11d,99.2434,-27.4925,126.73589999999999,True,19,19
atr_trail_1x,atr_trail_2x,neutral,Financials,unknown,mid_15_25,long_ge_11d,-11.7732,23.5103,-35.283500000000004,False,16,16
atr_trail_1x,atr_trail_mae_conditional,neutral,Financials,unknown,mid_15_25,long_ge_11d,-11.7732,-11.7732,0.0,False,16,16
atr_trail_1x,atr_trail_vix_conditional,neutral,Financials,unknown,mid_15_25,long_ge_11d,-11.7732,-3.915800000000001,-7.857399999999998,False,16,16
atr_trail_1x,break_even_at_1r,neutral,Financials,unknown,mid_15_25,long_ge_11d,-11.7732,-0.40560000000000024,-11.3676,False,16,16
atr_trail_1x,breakeven_plus_trail,neutral,Financials,unknown,mid_15_25,long_ge_11d,-11.7732,43.8635,-55.636700000000005,False,16,16
atr_trail_1x,chandelier_3x,neutral,Financials,unknown,mid_15_25,long_ge_11d,-11.7732,32.8111,-44.5843,False,16,16
atr_trail_1x,class_time_stop,neutral,Financials,unknown,mid_15_25,long_ge_11d,-11.7732,62.022999999999996,-73.7962,False,16,16
atr_trail_1x,earnings_blackout,neutral,Financials,unknown,mid_15_25,long_ge_11d,-11.7732,220.3442,-232.1174,False,16,16
atr_trail_1x,fixed_4r_2r,neutral,Financials,unknown,mid_15_25,long_ge_11d,-11.7732,39.6827,-51.4559,False,16,16
atr_trail_1x,hybrid_50pct_target,neutral,Financials,unknown,mid_15_25,long_ge_11d,-11.7732,76.992,-88.76520000000001,False,16,16
atr_trail_1x,ma_exit_ema9,neutral,Financials,unknown,mid_15_25,long_ge_11d,-11.7732,10.1095,-21.8827,False,16,16
atr_trail_1x,mfe_lockin_trail,neutral,Financials,unknown,mid_15_25,long_ge_11d,-11.7732,-9.613900000000001,-2.159299999999998,False,16,16
atr_trail_1x,multi_tier_partial,neutral,Financials,unknown,mid_15_25,long_ge_11d,-11.7732,-7.478399999999999,-4.2948,False,16,16
atr_trail_1x,next_pivot_target,neutral,Financials,unknown,mid_15_25,long_ge_11d,-11.7732,17.538,-29.3112,False,16,16
atr_trail_1x,r_multiple_2r,neutral,Financials,unknown,mid_15_25,long_ge_11d,-11.7732,17.8452,-29.618399999999998,False,16,16
atr_trail_1x,r_multiple_3r,neutral,Financials,unknown,mid_15_25,long_ge_11d,-11.7732,26.2547,-38.0279,False,16,16
atr_trail_1x,regime_flip,neutral,Financials,unknown,mid_15_25,long_ge_11d,-11.7732,28.7745,-40.5477,False,16,16
atr_trail_1x,reverse_signal,neutral,Financials,unknown,mid_15_25,long_ge_11d,-11.7732,-11.7732,0.0,False,16,16
atr_trail_1x,smc_mitigation_zone,neutral,Financials,unknown,mid_15_25,long_ge_11d,-11.7732,-10.2269,-1.5462999999999987,False,16,16
atr_trail_1x,time_stop_10d,neutral,Financials,unknown,mid_15_25,long_ge_11d,-11.7732,17.1977,-28.9709,False,16,16
atr_trail_1x,time_stop_20d,neutral,Financials,unknown,mid_15_25,long_ge_11d,-11.7732,28.7745,-40.5477,False,16,16
atr_trail_1x,trailing_10pct,neutral,Financials,unknown,mid_15_25,long_ge_11d,-11.7732,92.1859,-103.9591,False,16,16
atr_trail_1x,trailing_15pct,neutral,Financials,unknown,mid_15_25,long_ge_11d,-11.7732,315.8525,-327.6257,False,16,16
atr_trail_1x,trailing_5pct,neutral,Financials,unknown,mid_15_25,long_ge_11d,-11.7732,68.0942,-79.8674,False,16,16
atr_trail_2x,atr_trail_mae_conditional,neutral,Financials,unknown,mid_15_25,long_ge_11d,23.5103,-11.7732,35.283500000000004,True,16,16
atr_trail_2x,atr_trail_vix_conditional,neutral,Financials,unknown,mid_15_25,long_ge_11d,23.5103,-3.915800000000001,27.4261,True,16,16
atr_trail_2x,break_even_at_1r,neutral,Financials,unknown,mid_15_25,long_ge_11d,23.5103,-0.40560000000000024,23.9159,True,16,16
atr_trail_2x,breakeven_plus_trail,neutral,Financials,unknown,mid_15_25,long_ge_11d,23.5103,43.8635,-20.3532,False,16,16
atr_trail_2x,chandelier_3x,neutral,Financials,unknown,mid_15_25,long_ge_11d,23.5103,32.8111,-9.300800000000002,False,16,16
atr_trail_2x,class_time_stop,neutral,Financials,unknown,mid_15_25,long_ge_11d,23.5103,62.022999999999996,-38.512699999999995,False,16,16
atr_trail_2x,earnings_blackout,neutral,Financials,unknown,mid_15_25,long_ge_11d,23.5103,220.3442,-196.8339,False,16,16
atr_trail_2x,fixed_4r_2r,neutral,Financials,unknown,mid_15_25,long_ge_11d,23.5103,39.6827,-16.172399999999996,False,16,16
atr_trail_2x,hybrid_50pct_target,neutral,Financials,unknown,mid_15_25,long_ge_11d,23.5103,76.992,-53.481700000000004,False,16,16
atr_trail_2x,ma_exit_ema9,neutral,Financials,unknown,mid_15_25,long_ge_11d,23.5103,10.1095,13.4008,True,16,16
atr_trail_2x,mfe_lockin_trail,neutral,Financials,unknown,mid_15_25,long_ge_11d,23.5103,-9.613900000000001,33.1242,True,16,16
atr_trail_2x,multi_tier_partial,neutral,Financials,unknown,mid_15_25,long_ge_11d,23.5103,-7.478399999999999,30.9887,True,16,16
atr_trail_2x,next_pivot_target,neutral,Financials,unknown,mid_15_25,long_ge_11d,23.5103,17.538,5.972300000000001,True,16,16
atr_trail_2x,r_multiple_2r,neutral,Financials,unknown,mid_15_25,long_ge_11d,23.5103,17.8452,5.6651000000000025,True,16,16
atr_trail_2x,r_multiple_3r,neutral,Financials,unknown,mid_15_25,long_ge_11d,23.5103,26.2547,-2.744399999999999,False,16,16
atr_trail_2x,regime_flip,neutral,Financials,unknown,mid_15_25,long_ge_11d,23.5103,28.7745,-5.264199999999999,False,16,16
atr_trail_2x,reverse_signal,neutral,Financials,unknown,mid_15_25,long_ge_11d,23.5103,-11.7732,35.283500000000004,True,16,16
atr_trail_2x,smc_mitigation_zone,neutral,Financials,unknown,mid_15_25,long_ge_11d,23.5103,-10.2269,33.7372,True,16,16
atr_trail_2x,time_stop_10d,neutral,Financials,unknown,mid_15_25,long_ge_11d,23.5103,17.1977,6.3126,True,16,16
atr_trail_2x,time_stop_20d,neutral,Financials,unknown,mid_15_25,long_ge_11d,23.5103,28.7745,-5.264199999999999,False,16,16
atr_trail_2x,trailing_10pct,neutral,Financials,unknown,mid_15_25,long_ge_11d,23.5103,92.1859,-68.6756,False,16,16
atr_trail_2x,trailing_15pct,neutral,Financials,unknown,mid_15_25,long_ge_11d,23.5103,315.8525,-292.34220000000005,False,16,16
atr_trail_2x,trailing_5pct,neutral,Financials,unknown,mid_15_25,long_ge_11d,23.5103,68.0942,-44.5839,False,16,16
atr_trail_mae_conditional,atr_trail_vix_conditional,neutral,Financials,unknown,mid_15_25,long_ge_11d,-11.7732,-3.915800000000001,-7.857399999999998,False,16,16
atr_trail_mae_conditional,break_even_at_1r,neutral,Financials,unknown,mid_15_25,long_ge_11d,-11.7732,-0.40560000000000024,-11.3676,False,16,16
atr_trail_mae_conditional,breakeven_plus_trail,neutral,Financials,unknown,mid_15_25,long_ge_11d,-11.7732,43.8635,-55.636700000000005,False,16,16
atr_trail_mae_conditional,chandelier_3x,neutral,Financials,unknown,mid_15_25,long_ge_11d,-11.7732,32.8111,-44.5843,False,16,16
atr_trail_mae_conditional,class_time_stop,neutral,Financials,unknown,mid_15_25,long_ge_11d,-11.7732,62.022999999999996,-73.7962,False,16,16
atr_trail_mae_conditional,earnings_blackout,neutral,Financials,unknown,mid_15_25,long_ge_11d,-11.7732,220.3442,-232.1174,False,16,16
atr_trail_mae_conditional,fixed_4r_2r,neutral,Financials,unknown,mid_15_25,long_ge_11d,-11.7732,39.6827,-51.4559,False,16,16
atr_trail_mae_conditional,hybrid_50pct_target,neutral,Financials,unknown,mid_15_25,long_ge_11d,-11.7732,76.992,-88.76520000000001,False,16,16
atr_trail_mae_conditional,ma_exit_ema9,neutral,Financials,unknown,mid_15_25,long_ge_11d,-11.7732,10.1095,-21.8827,False,16,16
atr_trail_mae_conditional,mfe_lockin_trail,neutral,Financials,unknown,mid_15_25,long_ge_11d,-11.7732,-9.613900000000001,-2.159299999999998,False,16,16
atr_trail_mae_conditional,multi_tier_partial,neutral,Financials,unknown,mid_15_25,long_ge_11d,-11.7732,-7.478399999999999,-4.2948,False,16,16
atr_trail_mae_conditional,next_pivot_target,neutral,Financials,unknown,mid_15_25,long_ge_11d,-11.7732,17.538,-29.3112,False,16,16
atr_trail_mae_conditional,r_multiple_2r,neutral,Financials,unknown,mid_15_25,long_ge_11d,-11.7732,17.8452,-29.618399999999998,False,16,16
atr_trail_mae_conditional,r_multiple_3r,neutral,Financials,unknown,mid_15_25,long_ge_11d,-11.7732,26.2547,-38.0279,False,16,16
atr_trail_mae_conditional,regime_flip,neutral,Financials,unknown,mid_15_25,long_ge_11d,-11.7732,28.7745,-40.5477,False,16,16
atr_trail_mae_conditional,reverse_signal,neutral,Financials,unknown,mid_15_25,long_ge_11d,-11.7732,-11.7732,0.0,False,16,16
atr_trail_mae_conditional,smc_mitigation_zone,neutral,Financials,unknown,mid_15_25,long_ge_11d,-11.7732,-10.2269,-1.5462999999999987,False,16,16
atr_trail_mae_conditional,time_stop_10d,neutral,Financials,unknown,mid_15_25,long_ge_11d,-11.7732,17.1977,-28.9709,False,16,16
atr_trail_mae_conditional,time_stop_20d,neutral,Financials,unknown,mid_15_25,long_ge_11d,-11.7732,28.7745,-40.5477,False,16,16
atr_trail_mae_conditional,trailing_10pct,neutral,Financials,unknown,mid_15_25,long_ge_11d,-11.7732,92.1859,-103.9591,False,16,16
atr_trail_mae_conditional,trailing_15pct,neutral,Financials,unknown,mid_15_25,long_ge_11d,-11.7732,315.8525,-327.6257,False,16,16
atr_trail_mae_conditional,trailing_5pct,neutral,Financials,unknown,mid_15_25,long_ge_11d,-11.7732,68.0942,-79.8674,False,16,16
atr_trail_vix_conditional,break_even_at_1r,neutral,Financials,unknown,mid_15_25,long_ge_11d,-3.915800000000001,-0.40560000000000024,-3.5102000000000007,False,16,16
atr_trail_vix_conditional,breakeven_plus_trail,neutral,Financials,unknown,mid_15_25,long_ge_11d,-3.915800000000001,43.8635,-47.779300000000006,False,16,16
atr_trail_vix_conditional,chandelier_3x,neutral,Financials,unknown,mid_15_25,long_ge_11d,-3.915800000000001,32.8111,-36.7269,False,16,16
atr_trail_vix_conditional,class_time_stop,neutral,Financials,unknown,mid_15_25,long_ge_11d,-3.915800000000001,62.022999999999996,-65.9388,False,16,16
atr_trail_vix_conditional,earnings_blackout,neutral,Financials,unknown,mid_15_25,long_ge_11d,-3.915800000000001,220.3442,-224.26,False,16,16
atr_trail_vix_conditional,fixed_4r_2r,neutral,Financials,unknown,mid_15_25,long_ge_11d,-3.915800000000001,39.6827,-43.5985,False,16,16
atr_trail_vix_conditional,hybrid_50pct_target,neutral,Financials,unknown,mid_15_25,long_ge_11d,-3.915800000000001,76.992,-80.90780000000001,False,16,16
atr_trail_vix_conditional,ma_exit_ema9,neutral,Financials,unknown,mid_15_25,long_ge_11d,-3.915800000000001,10.1095,-14.025300000000001,False,16,16
atr_trail_vix_conditional,mfe_lockin_trail,neutral,Financials,unknown,mid_15_25,long_ge_11d,-3.915800000000001,-9.613900000000001,5.6981,True,16,16
atr_trail_vix_conditional,multi_tier_partial,neutral,Financials,unknown,mid_15_25,long_ge_11d,-3.915800000000001,-7.478399999999999,3.562599999999998,True,16,16
atr_trail_vix_conditional,next_pivot_target,neutral,Financials,unknown,mid_15_25,long_ge_11d,-3.915800000000001,17.538,-21.4538,False,16,16
atr_trail_vix_conditional,r_multiple_2r,neutral,Financials,unknown,mid_15_25,long_ge_11d,-3.915800000000001,17.8452,-21.761,False,16,16
atr_trail_vix_conditional,r_multiple_3r,neutral,Financials,unknown,mid_15_25,long_ge_11d,-3.915800000000001,26.2547,-30.1705,False,16,16
atr_trail_vix_conditional,regime_flip,neutral,Financials,unknown,mid_15_25,long_ge_11d,-3.915800000000001,28.7745,-32.6903,False,16,16
atr_trail_vix_conditional,reverse_signal,neutral,Financials,unknown,mid_15_25,long_ge_11d,-3.915800000000001,-11.7732,7.857399999999998,True,16,16
atr_trail_vix_conditional,smc_mitigation_zone,neutral,Financials,unknown,mid_15_25,long_ge_11d,-3.915800000000001,-10.2269,6.3111,True,16,16
atr_trail_vix_conditional,time_stop_10d,neutral,Financials,unknown,mid_15_25,long_ge_11d,-3.915800000000001,17.1977,-21.113500000000002,False,16,16
atr_trail_vix_conditional,time_stop_20d,neutral,Financials,unknown,mid_15_25,long_ge_11d,-3.915800000000001,28.7745,-32.6903,False,16,16
atr_trail_vix_conditional,trailing_10pct,neutral,Financials,unknown,mid_15_25,long_ge_11d,-3.915800000000001,92.1859,-96.10170000000001,False,16,16
atr_trail_vix_conditional,trailing_15pct,neutral,Financials,unknown,mid_15_25,long_ge_11d,-3.915800000000001,315.8525,-319.7683,False,16,16
atr_trail_vix_conditional,trailing_5pct,neutral,Financials,unknown,mid_15_25,long_ge_11d,-3.915800000000001,68.0942,-72.01,False,16,16
break_even_at_1r,breakeven_plus_trail,neutral,Financials,unknown,mid_15_25,long_ge_11d,-0.40560000000000024,43.8635,-44.2691,False,16,16
break_even_at_1r,chandelier_3x,neutral,Financials,unknown,mid_15_25,long_ge_11d,-0.40560000000000024,32.8111,-33.2167,False,16,16
break_even_at_1r,class_time_stop,neutral,Financials,unknown,mid_15_25,long_ge_11d,-0.40560000000000024,62.022999999999996,-62.428599999999996,False,16,16
break_even_at_1r,earnings_blackout,neutral,Financials,unknown,mid_15_25,long_ge_11d,-0.40560000000000024,220.3442,-220.7498,False,16,16
break_even_at_1r,fixed_4r_2r,neutral,Financials,unknown,mid_15_25,long_ge_11d,-0.40560000000000024,39.6827,-40.0883,False,16,16
break_even_at_1r,hybrid_50pct_target,neutral,Financials,unknown,mid_15_25,long_ge_11d,-0.40560000000000024,76.992,-77.39760000000001,False,16,16
break_even_at_1r,ma_exit_ema9,neutral,Financials,unknown,mid_15_25,long_ge_11d,-0.40560000000000024,10.1095,-10.5151,False,16,16
break_even_at_1r,mfe_lockin_trail,neutral,Financials,unknown,mid_15_25,long_ge_11d,-0.40560000000000024,-9.613900000000001,9.208300000000001,True,16,16
break_even_at_1r,multi_tier_partial,neutral,Financials,unknown,mid_15_25,long_ge_11d,-0.40560000000000024,-7.478399999999999,7.072799999999998,True,16,16
break_even_at_1r,next_pivot_target,neutral,Financials,unknown,mid_15_25,long_ge_11d,-0.40560000000000024,17.538,-17.9436,False,16,16
break_even_at_1r,r_multiple_2r,neutral,Financials,unknown,mid_15_25,long_ge_11d,-0.40560000000000024,17.8452,-18.250799999999998,False,16,16
break_even_at_1r,r_multiple_3r,neutral,Financials,unknown,mid_15_25,long_ge_11d,-0.40560000000000024,26.2547,-26.6603,False,16,16
break_even_at_1r,regime_flip,neutral,Financials,unknown,mid_15_25,long_ge_11d,-0.40560000000000024,28.7745,-29.1801,False,16,16
break_even_at_1r,reverse_signal,neutral,Financials,unknown,mid_15_25,long_ge_11d,-0.40560000000000024,-11.7732,11.3676,True,16,16
break_even_at_1r,smc_mitigation_zone,neutral,Financials,unknown,mid_15_25,long_ge_11d,-0.40560000000000024,-10.2269,9.8213,True,16,16
break_even_at_1r,time_stop_10d,neutral,Financials,unknown,mid_15_25,long_ge_11d,-0.40560000000000024,17.1977,-17.6033,False,16,16
break_even_at_1r,time_stop_20d,neutral,Financials,unknown,mid_15_25,long_ge_11d,-0.40560000000000024,28.7745,-29.1801,False,16,16
break_even_at_1r,trailing_10pct,neutral,Financials,unknown,mid_15_25,long_ge_11d,-0.40560000000000024,92.1859,-92.59150000000001,False,16,16
break_even_at_1r,trailing_15pct,neutral,Financials,unknown,mid_15_25,long_ge_11d,-0.40560000000000024,315.8525,-316.2581,False,16,16
break_even_at_1r,trailing_5pct,neutral,Financials,unknown,mid_15_25,long_ge_11d,-0.40560000000000024,68.0942,-68.49980000000001,False,16,16
breakeven_plus_trail,chandelier_3x,neutral,Financials,unknown,mid_15_25,long_ge_11d,43.8635,32.8111,11.052399999999999,True,16,16
breakeven_plus_trail,class_time_stop,neutral,Financials,unknown,mid_15_25,long_ge_11d,43.8635,62.022999999999996,-18.159499999999994,False,16,16
breakeven_plus_trail,earnings_blackout,neutral,Financials,unknown,mid_15_25,long_ge_11d,43.8635,220.3442,-176.4807,False,16,16
breakeven_plus_trail,fixed_4r_2r,neutral,Financials,unknown,mid_15_25,long_ge_11d,43.8635,39.6827,4.180800000000005,True,16,16
breakeven_plus_trail,hybrid_50pct_target,neutral,Financials,unknown,mid_15_25,long_ge_11d,43.8635,76.992,-33.1285,False,16,16
breakeven_plus_trail,ma_exit_ema9,neutral,Financials,unknown,mid_15_25,long_ge_11d,43.8635,10.1095,33.754000000000005,True,16,16
breakeven_plus_trail,mfe_lockin_trail,neutral,Financials,unknown,mid_15_25,long_ge_11d,43.8635,-9.613900000000001,53.4774,True,16,16
breakeven_plus_trail,multi_tier_partial,neutral,Financials,unknown,mid_15_25,long_ge_11d,43.8635,-7.478399999999999,51.3419,True,16,16
breakeven_plus_trail,next_pivot_target,neutral,Financials,unknown,mid_15_25,long_ge_11d,43.8635,17.538,26.3255,True,16,16
breakeven_plus_trail,r_multiple_2r,neutral,Financials,unknown,mid_15_25,long_ge_11d,43.8635,17.8452,26.018300000000004,True,16,16
breakeven_plus_trail,r_multiple_3r,neutral,Financials,unknown,mid_15_25,long_ge_11d,43.8635,26.2547,17.608800000000002,True,16,16
breakeven_plus_trail,regime_flip,neutral,Financials,unknown,mid_15_25,long_ge_11d,43.8635,28.7745,15.089000000000002,True,16,16
breakeven_plus_trail,reverse_signal,neutral,Financials,unknown,mid_15_25,long_ge_11d,43.8635,-11.7732,55.636700000000005,True,16,16
breakeven_plus_trail,smc_mitigation_zone,neutral,Financials,unknown,mid_15_25,long_ge_11d,43.8635,-10.2269,54.0904,True,16,16
breakeven_plus_trail,time_stop_10d,neutral,Financials,unknown,mid_15_25,long_ge_11d,43.8635,17.1977,26.6658,True,16,16
breakeven_plus_trail,time_stop_20d,neutral,Financials,unknown,mid_15_25,long_ge_11d,43.8635,28.7745,15.089000000000002,True,16,16
breakeven_plus_trail,trailing_10pct,neutral,Financials,unknown,mid_15_25,long_ge_11d,43.8635,92.1859,-48.3224,False,16,16
breakeven_plus_trail,trailing_15pct,neutral,Financials,unknown,mid_15_25,long_ge_11d,43.8635,315.8525,-271.98900000000003,False,16,16
breakeven_plus_trail,trailing_5pct,neutral,Financials,unknown,mid_15_25,long_ge_11d,43.8635,68.0942,-24.2307,False,16,16
chandelier_3x,class_time_stop,neutral,Financials,unknown,mid_15_25,long_ge_11d,32.8111,62.022999999999996,-29.211899999999993,False,16,16
chandelier_3x,earnings_blackout,neutral,Financials,unknown,mid_15_25,long_ge_11d,32.8111,220.3442,-187.5331,False,16,16
chandelier_3x,fixed_4r_2r,neutral,Financials,unknown,mid_15_25,long_ge_11d,32.8111,39.6827,-6.871599999999994,False,16,16
chandelier_3x,hybrid_50pct_target,neutral,Financials,unknown,mid_15_25,long_ge_11d,32.8111,76.992,-44.1809,False,16,16
chandelier_3x,ma_exit_ema9,neutral,Financials,unknown,mid_15_25,long_ge_11d,32.8111,10.1095,22.701600000000003,True,16,16
chandelier_3x,mfe_lockin_trail,neutral,Financials,unknown,mid_15_25,long_ge_11d,32.8111,-9.613900000000001,42.425000000000004,True,16,16
chandelier_3x,multi_tier_partial,neutral,Financials,unknown,mid_15_25,long_ge_11d,32.8111,-7.478399999999999,40.289500000000004,True,16,16
chandelier_3x,next_pivot_target,neutral,Financials,unknown,mid_15_25,long_ge_11d,32.8111,17.538,15.273100000000003,True,16,16
chandelier_3x,r_multiple_2r,neutral,Financials,unknown,mid_15_25,long_ge_11d,32.8111,17.8452,14.965900000000005,True,16,16
chandelier_3x,r_multiple_3r,neutral,Financials,unknown,mid_15_25,long_ge_11d,32.8111,26.2547,6.556400000000004,True,16,16
chandelier_3x,regime_flip,neutral,Financials,unknown,mid_15_25,long_ge_11d,32.8111,28.7745,4.0366000000000035,True,16,16
chandelier_3x,reverse_signal,neutral,Financials,unknown,mid_15_25,long_ge_11d,32.8111,-11.7732,44.5843,True,16,16
chandelier_3x,smc_mitigation_zone,neutral,Financials,unknown,mid_15_25,long_ge_11d,32.8111,-10.2269,43.038000000000004,True,16,16
chandelier_3x,time_stop_10d,neutral,Financials,unknown,mid_15_25,long_ge_11d,32.8111,17.1977,15.613400000000002,True,16,16
chandelier_3x,time_stop_20d,neutral,Financials,unknown,mid_15_25,long_ge_11d,32.8111,28.7745,4.0366000000000035,True,16,16
chandelier_3x,trailing_10pct,neutral,Financials,unknown,mid_15_25,long_ge_11d,32.8111,92.1859,-59.3748,False,16,16
chandelier_3x,trailing_15pct,neutral,Financials,unknown,mid_15_25,long_ge_11d,32.8111,315.8525,-283.0414,False,16,16
chandelier_3x,trailing_5pct,neutral,Financials,unknown,mid_15_25,long_ge_11d,32.8111,68.0942,-35.2831,False,16,16
class_time_stop,earnings_blackout,neutral,Financials,unknown,mid_15_25,long_ge_11d,62.022999999999996,220.3442,-158.3212,False,16,16
class_time_stop,fixed_4r_2r,neutral,Financials,unknown,mid_15_25,long_ge_11d,62.022999999999996,39.6827,22.3403,True,16,16
class_time_stop,hybrid_50pct_target,neutral,Financials,unknown,mid_15_25,long_ge_11d,62.022999999999996,76.992,-14.969000000000008,False,16,16
class_time_stop,ma_exit_ema9,neutral,Financials,unknown,mid_15_25,long_ge_11d,62.022999999999996,10.1095,51.9135,True,16,16
class_time_stop,mfe_lockin_trail,neutral,Financials,unknown,mid_15_25,long_ge_11d,62.022999999999996,-9.613900000000001,71.6369,True,16,16
class_time_stop,multi_tier_partial,neutral,Financials,unknown,mid_15_25,long_ge_11d,62.022999999999996,-7.478399999999999,69.50139999999999,True,16,16
class_time_stop,next_pivot_target,neutral,Financials,unknown,mid_15_25,long_ge_11d,62.022999999999996,17.538,44.485,True,16,16
class_time_stop,r_multiple_2r,neutral,Financials,unknown,mid_15_25,long_ge_11d,62.022999999999996,17.8452,44.1778,True,16,16
class_time_stop,r_multiple_3r,neutral,Financials,unknown,mid_15_25,long_ge_11d,62.022999999999996,26.2547,35.768299999999996,True,16,16
class_time_stop,regime_flip,neutral,Financials,unknown,mid_15_25,long_ge_11d,62.022999999999996,28.7745,33.24849999999999,True,16,16
class_time_stop,reverse_signal,neutral,Financials,unknown,mid_15_25,long_ge_11d,62.022999999999996,-11.7732,73.7962,True,16,16
class_time_stop,smc_mitigation_zone,neutral,Financials,unknown,mid_15_25,long_ge_11d,62.022999999999996,-10.2269,72.2499,True,16,16
class_time_stop,time_stop_10d,neutral,Financials,unknown,mid_15_25,long_ge_11d,62.022999999999996,17.1977,44.8253,True,16,16
class_time_stop,time_stop_20d,neutral,Financials,unknown,mid_15_25,long_ge_11d,62.022999999999996,28.7745,33.24849999999999,True,16,16
class_time_stop,trailing_10pct,neutral,Financials,unknown,mid_15_25,long_ge_11d,62.022999999999996,92.1859,-30.162900000000008,False,16,16
class_time_stop,trailing_15pct,neutral,Financials,unknown,mid_15_25,long_ge_11d,62.022999999999996,315.8525,-253.82950000000002,False,16,16
class_time_stop,trailing_5pct,neutral,Financials,unknown,mid_15_25,long_ge_11d,62.022999999999996,68.0942,-6.071200000000005,False,16,16
earnings_blackout,fixed_4r_2r,neutral,Financials,unknown,mid_15_25,long_ge_11d,220.3442,39.6827,180.6615,True,16,16
earnings_blackout,hybrid_50pct_target,neutral,Financials,unknown,mid_15_25,long_ge_11d,220.3442,76.992,143.35219999999998,True,16,16
earnings_blackout,ma_exit_ema9,neutral,Financials,unknown,mid_15_25,long_ge_11d,220.3442,10.1095,210.2347,True,16,16
earnings_blackout,mfe_lockin_trail,neutral,Financials,unknown,mid_15_25,long_ge_11d,220.3442,-9.613900000000001,229.9581,True,16,16
earnings_blackout,multi_tier_partial,neutral,Financials,unknown,mid_15_25,long_ge_11d,220.3442,-7.478399999999999,227.8226,True,16,16
earnings_blackout,next_pivot_target,neutral,Financials,unknown,mid_15_25,long_ge_11d,220.3442,17.538,202.8062,True,16,16
earnings_blackout,r_multiple_2r,neutral,Financials,unknown,mid_15_25,long_ge_11d,220.3442,17.8452,202.499,True,16,16
earnings_blackout,r_multiple_3r,neutral,Financials,unknown,mid_15_25,long_ge_11d,220.3442,26.2547,194.0895,True,16,16
earnings_blackout,regime_flip,neutral,Financials,unknown,mid_15_25,long_ge_11d,220.3442,28.7745,191.5697,True,16,16
earnings_blackout,reverse_signal,neutral,Financials,unknown,mid_15_25,long_ge_11d,220.3442,-11.7732,232.1174,True,16,16
earnings_blackout,smc_mitigation_zone,neutral,Financials,unknown,mid_15_25,long_ge_11d,220.3442,-10.2269,230.5711,True,16,16
earnings_blackout,time_stop_10d,neutral,Financials,unknown,mid_15_25,long_ge_11d,220.3442,17.1977,203.1465,True,16,16
earnings_blackout,time_stop_20d,neutral,Financials,unknown,mid_15_25,long_ge_11d,220.3442,28.7745,191.5697,True,16,16
earnings_blackout,trailing_10pct,neutral,Financials,unknown,mid_15_25,long_ge_11d,220.3442,92.1859,128.1583,True,16,16
earnings_blackout,trailing_15pct,neutral,Financials,unknown,mid_15_25,long_ge_11d,220.3442,315.8525,-95.50830000000002,False,16,16
earnings_blackout,trailing_5pct,neutral,Financials,unknown,mid_15_25,long_ge_11d,220.3442,68.0942,152.25,True,16,16
fixed_4r_2r,hybrid_50pct_target,neutral,Financials,unknown,mid_15_25,long_ge_11d,39.6827,76.992,-37.30930000000001,False,16,16
fixed_4r_2r,ma_exit_ema9,neutral,Financials,unknown,mid_15_25,long_ge_11d,39.6827,10.1095,29.573199999999996,True,16,16
fixed_4r_2r,mfe_lockin_trail,neutral,Financials,unknown,mid_15_25,long_ge_11d,39.6827,-9.613900000000001,49.2966,True,16,16
fixed_4r_2r,multi_tier_partial,neutral,Financials,unknown,mid_15_25,long_ge_11d,39.6827,-7.478399999999999,47.1611,True,16,16
fixed_4r_2r,next_pivot_target,neutral,Financials,unknown,mid_15_25,long_ge_11d,39.6827,17.538,22.144699999999997,True,16,16
fixed_4r_2r,r_multiple_2r,neutral,Financials,unknown,mid_15_25,long_ge_11d,39.6827,17.8452,21.8375,True,16,16
fixed_4r_2r,r_multiple_3r,neutral,Financials,unknown,mid_15_25,long_ge_11d,39.6827,26.2547,13.427999999999997,True,16,16
fixed_4r_2r,regime_flip,neutral,Financials,unknown,mid_15_25,long_ge_11d,39.6827,28.7745,10.908199999999997,True,16,16
fixed_4r_2r,reverse_signal,neutral,Financials,unknown,mid_15_25,long_ge_11d,39.6827,-11.7732,51.4559,True,16,16
fixed_4r_2r,smc_mitigation_zone,neutral,Financials,unknown,mid_15_25,long_ge_11d,39.6827,-10.2269,49.9096,True,16,16
fixed_4r_2r,time_stop_10d,neutral,Financials,unknown,mid_15_25,long_ge_11d,39.6827,17.1977,22.484999999999996,True,16,16
fixed_4r_2r,time_stop_20d,neutral,Financials,unknown,mid_15_25,long_ge_11d,39.6827,28.7745,10.908199999999997,True,16,16
fixed_4r_2r,trailing_10pct,neutral,Financials,unknown,mid_15_25,long_ge_11d,39.6827,92.1859,-52.50320000000001,False,16,16
fixed_4r_2r,trailing_15pct,neutral,Financials,unknown,mid_15_25,long_ge_11d,39.6827,315.8525,-276.1698,False,16,16
fixed_4r_2r,trailing_5pct,neutral,Financials,unknown,mid_15_25,long_ge_11d,39.6827,68.0942,-28.411500000000004,False,16,16
hybrid_50pct_target,ma_exit_ema9,neutral,Financials,unknown,mid_15_25,long_ge_11d,76.992,10.1095,66.88250000000001,True,16,16
hybrid_50pct_target,mfe_lockin_trail,neutral,Financials,unknown,mid_15_25,long_ge_11d,76.992,-9.613900000000001,86.6059,True,16,16
hybrid_50pct_target,multi_tier_partial,neutral,Financials,unknown,mid_15_25,long_ge_11d,76.992,-7.478399999999999,84.4704,True,16,16
hybrid_50pct_target,next_pivot_target,neutral,Financials,unknown,mid_15_25,long_ge_11d,76.992,17.538,59.45400000000001,True,16,16
hybrid_50pct_target,r_multiple_2r,neutral,Financials,unknown,mid_15_25,long_ge_11d,76.992,17.8452,59.146800000000006,True,16,16
hybrid_50pct_target,r_multiple_3r,neutral,Financials,unknown,mid_15_25,long_ge_11d,76.992,26.2547,50.737300000000005,True,16,16
hybrid_50pct_target,regime_flip,neutral,Financials,unknown,mid_15_25,long_ge_11d,76.992,28.7745,48.2175,True,16,16
hybrid_50pct_target,reverse_signal,neutral,Financials,unknown,mid_15_25,long_ge_11d,76.992,-11.7732,88.76520000000001,True,16,16
hybrid_50pct_target,smc_mitigation_zone,neutral,Financials,unknown,mid_15_25,long_ge_11d,76.992,-10.2269,87.2189,True,16,16
hybrid_50pct_target,time_stop_10d,neutral,Financials,unknown,mid_15_25,long_ge_11d,76.992,17.1977,59.79430000000001,True,16,16
hybrid_50pct_target,time_stop_20d,neutral,Financials,unknown,mid_15_25,long_ge_11d,76.992,28.7745,48.2175,True,16,16
hybrid_50pct_target,trailing_10pct,neutral,Financials,unknown,mid_15_25,long_ge_11d,76.992,92.1859,-15.1939,False,16,16
hybrid_50pct_target,trailing_15pct,neutral,Financials,unknown,mid_15_25,long_ge_11d,76.992,315.8525,-238.8605,False,16,16
hybrid_50pct_target,trailing_5pct,neutral,Financials,unknown,mid_15_25,long_ge_11d,76.992,68.0942,8.897800000000004,True,16,16
ma_exit_ema9,mfe_lockin_trail,neutral,Financials,unknown,mid_15_25,long_ge_11d,10.1095,-9.613900000000001,19.7234,True,16,16
ma_exit_ema9,multi_tier_partial,neutral,Financials,unknown,mid_15_25,long_ge_11d,10.1095,-7.478399999999999,17.587899999999998,True,16,16
ma_exit_ema9,next_pivot_target,neutral,Financials,unknown,mid_15_25,long_ge_11d,10.1095,17.538,-7.4285,False,16,16
ma_exit_ema9,r_multiple_2r,neutral,Financials,unknown,mid_15_25,long_ge_11d,10.1095,17.8452,-7.735699999999998,False,16,16
ma_exit_ema9,r_multiple_3r,neutral,Financials,unknown,mid_15_25,long_ge_11d,10.1095,26.2547,-16.1452,False,16,16
ma_exit_ema9,regime_flip,neutral,Financials,unknown,mid_15_25,long_ge_11d,10.1095,28.7745,-18.665,False,16,16
ma_exit_ema9,reverse_signal,neutral,Financials,unknown,mid_15_25,long_ge_11d,10.1095,-11.7732,21.8827,True,16,16
ma_exit_ema9,smc_mitigation_zone,neutral,Financials,unknown,mid_15_25,long_ge_11d,10.1095,-10.2269,20.3364,True,16,16
ma_exit_ema9,time_stop_10d,neutral,Financials,unknown,mid_15_25,long_ge_11d,10.1095,17.1977,-7.0882000000000005,False,16,16
ma_exit_ema9,time_stop_20d,neutral,Financials,unknown,mid_15_25,long_ge_11d,10.1095,28.7745,-18.665,False,16,16
ma_exit_ema9,trailing_10pct,neutral,Financials,unknown,mid_15_25,long_ge_11d,10.1095,92.1859,-82.0764,False,16,16
ma_exit_ema9,trailing_15pct,neutral,Financials,unknown,mid_15_25,long_ge_11d,10.1095,315.8525,-305.743,False,16,16
ma_exit_ema9,trailing_5pct,neutral,Financials,unknown,mid_15_25,long_ge_11d,10.1095,68.0942,-57.984700000000004,False,16,16
mfe_lockin_trail,multi_tier_partial,neutral,Financials,unknown,mid_15_25,long_ge_11d,-9.613900000000001,-7.478399999999999,-2.135500000000002,False,16,16
mfe_lockin_trail,next_pivot_target,neutral,Financials,unknown,mid_15_25,long_ge_11d,-9.613900000000001,17.538,-27.1519,False,16,16
mfe_lockin_trail,r_multiple_2r,neutral,Financials,unknown,mid_15_25,long_ge_11d,-9.613900000000001,17.8452,-27.4591,False,16,16
mfe_lockin_trail,r_multiple_3r,neutral,Financials,unknown,mid_15_25,long_ge_11d,-9.613900000000001,26.2547,-35.8686,False,16,16
mfe_lockin_trail,regime_flip,neutral,Financials,unknown,mid_15_25,long_ge_11d,-9.613900000000001,28.7745,-38.388400000000004,False,16,16
mfe_lockin_trail,reverse_signal,neutral,Financials,unknown,mid_15_25,long_ge_11d,-9.613900000000001,-11.7732,2.159299999999998,True,16,16
mfe_lockin_trail,smc_mitigation_zone,neutral,Financials,unknown,mid_15_25,long_ge_11d,-9.613900000000001,-10.2269,0.6129999999999995,True,16,16
mfe_lockin_trail,time_stop_10d,neutral,Financials,unknown,mid_15_25,long_ge_11d,-9.613900000000001,17.1977,-26.811600000000002,False,16,16
mfe_lockin_trail,time_stop_20d,neutral,Financials,unknown,mid_15_25,long_ge_11d,-9.613900000000001,28.7745,-38.388400000000004,False,16,16
mfe_lockin_trail,trailing_10pct,neutral,Financials,unknown,mid_15_25,long_ge_11d,-9.613900000000001,92.1859,-101.7998,False,16,16
mfe_lockin_trail,trailing_15pct,neutral,Financials,unknown,mid_15_25,long_ge_11d,-9.613900000000001,315.8525,-325.4664,False,16,16
mfe_lockin_trail,trailing_5pct,neutral,Financials,unknown,mid_15_25,long_ge_11d,-9.613900000000001,68.0942,-77.7081,False,16,16
multi_tier_partial,next_pivot_target,neutral,Financials,unknown,mid_15_25,long_ge_11d,-7.478399999999999,17.538,-25.016399999999997,False,16,16
multi_tier_partial,r_multiple_2r,neutral,Financials,unknown,mid_15_25,long_ge_11d,-7.478399999999999,17.8452,-25.3236,False,16,16
multi_tier_partial,r_multiple_3r,neutral,Financials,unknown,mid_15_25,long_ge_11d,-7.478399999999999,26.2547,-33.7331,False,16,16
multi_tier_partial,regime_flip,neutral,Financials,unknown,mid_15_25,long_ge_11d,-7.478399999999999,28.7745,-36.2529,False,16,16
multi_tier_partial,reverse_signal,neutral,Financials,unknown,mid_15_25,long_ge_11d,-7.478399999999999,-11.7732,4.2948,True,16,16
multi_tier_partial,smc_mitigation_zone,neutral,Financials,unknown,mid_15_25,long_ge_11d,-7.478399999999999,-10.2269,2.7485000000000017,True,16,16
multi_tier_partial,time_stop_10d,neutral,Financials,unknown,mid_15_25,long_ge_11d,-7.478399999999999,17.1977,-24.676099999999998,False,16,16
multi_tier_partial,time_stop_20d,neutral,Financials,unknown,mid_15_25,long_ge_11d,-7.478399999999999,28.7745,-36.2529,False,16,16
multi_tier_partial,trailing_10pct,neutral,Financials,unknown,mid_15_25,long_ge_11d,-7.478399999999999,92.1859,-99.6643,False,16,16
multi_tier_partial,trailing_15pct,neutral,Financials,unknown,mid_15_25,long_ge_11d,-7.478399999999999,315.8525,-323.33090000000004,False,16,16
multi_tier_partial,trailing_5pct,neutral,Financials,unknown,mid_15_25,long_ge_11d,-7.478399999999999,68.0942,-75.5726,False,16,16
next_pivot_target,r_multiple_2r,neutral,Financials,unknown,mid_15_25,long_ge_11d,17.538,17.8452,-0.30719999999999814,False,16,16
next_pivot_target,r_multiple_3r,neutral,Financials,unknown,mid_15_25,long_ge_11d,17.538,26.2547,-8.7167,False,16,16
next_pivot_target,regime_flip,neutral,Financials,unknown,mid_15_25,long_ge_11d,17.538,28.7745,-11.2365,False,16,16
next_pivot_target,reverse_signal,neutral,Financials,unknown,mid_15_25,long_ge_11d,17.538,-11.7732,29.3112,True,16,16
next_pivot_target,smc_mitigation_zone,neutral,Financials,unknown,mid_15_25,long_ge_11d,17.538,-10.2269,27.7649,True,16,16
next_pivot_target,time_stop_10d,neutral,Financials,unknown,mid_15_25,long_ge_11d,17.538,17.1977,0.34029999999999916,True,16,16
next_pivot_target,time_stop_20d,neutral,Financials,unknown,mid_15_25,long_ge_11d,17.538,28.7745,-11.2365,False,16,16
next_pivot_target,trailing_10pct,neutral,Financials,unknown,mid_15_25,long_ge_11d,17.538,92.1859,-74.6479,False,16,16
next_pivot_target,trailing_15pct,neutral,Financials,unknown,mid_15_25,long_ge_11d,17.538,315.8525,-298.3145,False,16,16
next_pivot_target,trailing_5pct,neutral,Financials,unknown,mid_15_25,long_ge_11d,17.538,68.0942,-50.556200000000004,False,16,16
r_multiple_2r,r_multiple_3r,neutral,Financials,unknown,mid_15_25,long_ge_11d,17.8452,26.2547,-8.409500000000001,False,16,16
r_multiple_2r,regime_flip,neutral,Financials,unknown,mid_15_25,long_ge_11d,17.8452,28.7745,-10.929300000000001,False,16,16
r_multiple_2r,reverse_signal,neutral,Financials,unknown,mid_15_25,long_ge_11d,17.8452,-11.7732,29.618399999999998,True,16,16
r_multiple_2r,smc_mitigation_zone,neutral,Financials,unknown,mid_15_25,long_ge_11d,17.8452,-10.2269,28.0721,True,16,16
r_multiple_2r,time_stop_10d,neutral,Financials,unknown,mid_15_25,long_ge_11d,17.8452,17.1977,0.6474999999999973,True,16,16
r_multiple_2r,time_stop_20d,neutral,Financials,unknown,mid_15_25,long_ge_11d,17.8452,28.7745,-10.929300000000001,False,16,16
r_multiple_2r,trailing_10pct,neutral,Financials,unknown,mid_15_25,long_ge_11d,17.8452,92.1859,-74.3407,False,16,16
r_multiple_2r,trailing_15pct,neutral,Financials,unknown,mid_15_25,long_ge_11d,17.8452,315.8525,-298.00730000000004,False,16,16
r_multiple_2r,trailing_5pct,neutral,Financials,unknown,mid_15_25,long_ge_11d,17.8452,68.0942,-50.249,False,16,16
r_multiple_3r,regime_flip,neutral,Financials,unknown,mid_15_25,long_ge_11d,26.2547,28.7745,-2.5198,False,16,16
r_multiple_3r,reverse_signal,neutral,Financials,unknown,mid_15_25,long_ge_11d,26.2547,-11.7732,38.0279,True,16,16
r_multiple_3r,smc_mitigation_zone,neutral,Financials,unknown,mid_15_25,long_ge_11d,26.2547,-10.2269,36.4816,True,16,16
r_multiple_3r,time_stop_10d,neutral,Financials,unknown,mid_15_25,long_ge_11d,26.2547,17.1977,9.056999999999999,True,16,16
r_multiple_3r,time_stop_20d,neutral,Financials,unknown,mid_15_25,long_ge_11d,26.2547,28.7745,-2.5198,False,16,16
r_multiple_3r,trailing_10pct,neutral,Financials,unknown,mid_15_25,long_ge_11d,26.2547,92.1859,-65.9312,False,16,16
r_multiple_3r,trailing_15pct,neutral,Financials,unknown,mid_15_25,long_ge_11d,26.2547,315.8525,-289.5978,False,16,16
r_multiple_3r,trailing_5pct,neutral,Financials,unknown,mid_15_25,long_ge_11d,26.2547,68.0942,-41.8395,False,16,16
regime_flip,reverse_signal,neutral,Financials,unknown,mid_15_25,long_ge_11d,28.7745,-11.7732,40.5477,True,16,16
regime_flip,smc_mitigation_zone,neutral,Financials,unknown,mid_15_25,long_ge_11d,28.7745,-10.2269,39.001400000000004,True,16,16
regime_flip,time_stop_10d,neutral,Financials,unknown,mid_15_25,long_ge_11d,28.7745,17.1977,11.576799999999999,True,16,16
regime_flip,time_stop_20d,neutral,Financials,unknown,mid_15_25,long_ge_11d,28.7745,28.7745,0.0,False,16,16
regime_flip,trailing_10pct,neutral,Financials,unknown,mid_15_25,long_ge_11d,28.7745,92.1859,-63.4114,False,16,16
regime_flip,trailing_15pct,neutral,Financials,unknown,mid_15_25,long_ge_11d,28.7745,315.8525,-287.07800000000003,False,16,16
regime_flip,trailing_5pct,neutral,Financials,unknown,mid_15_25,long_ge_11d,28.7745,68.0942,-39.3197,False,16,16
reverse_signal,smc_mitigation_zone,neutral,Financials,unknown,mid_15_25,long_ge_11d,-11.7732,-10.2269,-1.5462999999999987,False,16,16
reverse_signal,time_stop_10d,neutral,Financials,unknown,mid_15_25,long_ge_11d,-11.7732,17.1977,-28.9709,False,16,16
reverse_signal,time_stop_20d,neutral,Financials,unknown,mid_15_25,long_ge_11d,-11.7732,28.7745,-40.5477,False,16,16
reverse_signal,trailing_10pct,neutral,Financials,unknown,mid_15_25,long_ge_11d,-11.7732,92.1859,-103.9591,False,16,16
reverse_signal,trailing_15pct,neutral,Financials,unknown,mid_15_25,long_ge_11d,-11.7732,315.8525,-327.6257,False,16,16
reverse_signal,trailing_5pct,neutral,Financials,unknown,mid_15_25,long_ge_11d,-11.7732,68.0942,-79.8674,False,16,16
smc_mitigation_zone,time_stop_10d,neutral,Financials,unknown,mid_15_25,long_ge_11d,-10.2269,17.1977,-27.4246,False,16,16
smc_mitigation_zone,time_stop_20d,neutral,Financials,unknown,mid_15_25,long_ge_11d,-10.2269,28.7745,-39.001400000000004,False,16,16
smc_mitigation_zone,trailing_10pct,neutral,Financials,unknown,mid_15_25,long_ge_11d,-10.2269,92.1859,-102.4128,False,16,16
smc_mitigation_zone,trailing_15pct,neutral,Financials,unknown,mid_15_25,long_ge_11d,-10.2269,315.8525,-326.0794,False,16,16
smc_mitigation_zone,trailing_5pct,neutral,Financials,unknown,mid_15_25,long_ge_11d,-10.2269,68.0942,-78.3211,False,16,16
time_stop_10d,time_stop_20d,neutral,Financials,unknown,mid_15_25,long_ge_11d,17.1977,28.7745,-11.576799999999999,False,16,16
time_stop_10d,trailing_10pct,neutral,Financials,unknown,mid_15_25,long_ge_11d,17.1977,92.1859,-74.9882,False,16,16
time_stop_10d,trailing_15pct,neutral,Financials,unknown,mid_15_25,long_ge_11d,17.1977,315.8525,-298.6548,False,16,16
time_stop_10d,trailing_5pct,neutral,Financials,unknown,mid_15_25,long_ge_11d,17.1977,68.0942,-50.8965,False,16,16
time_stop_20d,trailing_10pct,neutral,Financials,unknown,mid_15_25,long_ge_11d,28.7745,92.1859,-63.4114,False,16,16
time_stop_20d,trailing_15pct,neutral,Financials,unknown,mid_15_25,long_ge_11d,28.7745,315.8525,-287.07800000000003,False,16,16
time_stop_20d,trailing_5pct,neutral,Financials,unknown,mid_15_25,long_ge_11d,28.7745,68.0942,-39.3197,False,16,16
trailing_10pct,trailing_15pct,neutral,Financials,unknown,mid_15_25,long_ge_11d,92.1859,315.8525,-223.66660000000002,False,16,16
trailing_10pct,trailing_5pct,neutral,Financials,unknown,mid_15_25,long_ge_11d,92.1859,68.0942,24.091700000000003,True,16,16
trailing_15pct,trailing_5pct,neutral,Financials,unknown,mid_15_25,long_ge_11d,315.8525,68.0942,247.75830000000002,True,16,16
atr_trail_1x,atr_trail_2x,neutral,Health Care,unknown,low_lt_15,long_ge_11d,-12.7105,-17.1233,4.412800000000001,True,11,11
atr_trail_1x,atr_trail_mae_conditional,neutral,Health Care,unknown,low_lt_15,long_ge_11d,-12.7105,-12.7105,0.0,False,11,11
atr_trail_1x,atr_trail_vix_conditional,neutral,Health Care,unknown,low_lt_15,long_ge_11d,-12.7105,-12.6623,-0.048199999999999577,False,11,11
atr_trail_1x,break_even_at_1r,neutral,Health Care,unknown,low_lt_15,long_ge_11d,-12.7105,-11.7178,-0.9926999999999992,False,11,11
atr_trail_1x,breakeven_plus_trail,neutral,Health Care,unknown,low_lt_15,long_ge_11d,-12.7105,-10.9697,-1.7408000000000001,False,11,11
atr_trail_1x,chandelier_3x,neutral,Health Care,unknown,low_lt_15,long_ge_11d,-12.7105,-22.237099999999998,9.526599999999998,True,11,11
atr_trail_1x,class_time_stop,neutral,Health Care,unknown,low_lt_15,long_ge_11d,-12.7105,-11.4574,-1.2530999999999999,False,11,11
atr_trail_1x,earnings_blackout,neutral,Health Care,unknown,low_lt_15,long_ge_11d,-12.7105,-9.3146,-3.3958999999999993,False,11,11
atr_trail_1x,fixed_4r_2r,neutral,Health Care,unknown,low_lt_15,long_ge_11d,-12.7105,-27.9021,15.191600000000001,True,11,11
atr_trail_1x,hybrid_50pct_target,neutral,Health Care,unknown,low_lt_15,long_ge_11d,-12.7105,5.2151,-17.9256,False,11,11
atr_trail_1x,ma_exit_ema9,neutral,Health Care,unknown,low_lt_15,long_ge_11d,-12.7105,-11.9998,-0.7106999999999992,False,11,11
atr_trail_1x,mfe_lockin_trail,neutral,Health Care,unknown,low_lt_15,long_ge_11d,-12.7105,-12.7105,0.0,False,11,11
atr_trail_1x,multi_tier_partial,neutral,Health Care,unknown,low_lt_15,long_ge_11d,-12.7105,-5.8601,-6.8504,False,11,11
atr_trail_1x,next_pivot_target,neutral,Health Care,unknown,low_lt_15,long_ge_11d,-12.7105,-13.1797,0.4692000000000007,True,11,11
atr_trail_1x,r_multiple_2r,neutral,Health Care,unknown,low_lt_15,long_ge_11d,-12.7105,1.7281999999999984,-14.438699999999997,False,11,11
atr_trail_1x,r_multiple_3r,neutral,Health Care,unknown,low_lt_15,long_ge_11d,-12.7105,-16.7359,4.025400000000001,True,11,11
atr_trail_1x,regime_flip,neutral,Health Care,unknown,low_lt_15,long_ge_11d,-12.7105,-24.629399999999997,11.918899999999997,True,11,11
atr_trail_1x,reverse_signal,neutral,Health Care,unknown,low_lt_15,long_ge_11d,-12.7105,-12.7105,0.0,False,11,11
atr_trail_1x,smc_mitigation_zone,neutral,Health Care,unknown,low_lt_15,long_ge_11d,-12.7105,-1.8832,-10.8273,False,11,11
atr_trail_1x,time_stop_10d,neutral,Health Care,unknown,low_lt_15,long_ge_11d,-12.7105,-12.8657,0.15520000000000067,True,11,11
atr_trail_1x,time_stop_20d,neutral,Health Care,unknown,low_lt_15,long_ge_11d,-12.7105,-24.629399999999997,11.918899999999997,True,11,11
atr_trail_1x,trailing_10pct,neutral,Health Care,unknown,low_lt_15,long_ge_11d,-12.7105,-14.228700000000002,1.518200000000002,True,11,11
atr_trail_1x,trailing_15pct,neutral,Health Care,unknown,low_lt_15,long_ge_11d,-12.7105,-50.2621,37.55159999999999,True,11,11
atr_trail_1x,trailing_5pct,neutral,Health Care,unknown,low_lt_15,long_ge_11d,-12.7105,-28.1462,15.4357,True,11,11
atr_trail_2x,atr_trail_mae_conditional,neutral,Health Care,unknown,low_lt_15,long_ge_11d,-17.1233,-12.7105,-4.412800000000001,False,11,11
atr_trail_2x,atr_trail_vix_conditional,neutral,Health Care,unknown,low_lt_15,long_ge_11d,-17.1233,-12.6623,-4.461,False,11,11
atr_trail_2x,break_even_at_1r,neutral,Health Care,unknown,low_lt_15,long_ge_11d,-17.1233,-11.7178,-5.4055,False,11,11
atr_trail_2x,breakeven_plus_trail,neutral,Health Care,unknown,low_lt_15,long_ge_11d,-17.1233,-10.9697,-6.153600000000001,False,11,11
atr_trail_2x,chandelier_3x,neutral,Health Care,unknown,low_lt_15,long_ge_11d,-17.1233,-22.237099999999998,5.113799999999998,True,11,11
atr_trail_2x,class_time_stop,neutral,Health Care,unknown,low_lt_15,long_ge_11d,-17.1233,-11.4574,-5.665900000000001,False,11,11
atr_trail_2x,earnings_blackout,neutral,Health Care,unknown,low_lt_15,long_ge_11d,-17.1233,-9.3146,-7.8087,False,11,11
atr_trail_2x,fixed_4r_2r,neutral,Health Care,unknown,low_lt_15,long_ge_11d,-17.1233,-27.9021,10.7788,True,11,11
atr_trail_2x,hybrid_50pct_target,neutral,Health Care,unknown,low_lt_15,long_ge_11d,-17.1233,5.2151,-22.3384,False,11,11
atr_trail_2x,ma_exit_ema9,neutral,Health Care,unknown,low_lt_15,long_ge_11d,-17.1233,-11.9998,-5.1235,False,11,11
atr_trail_2x,mfe_lockin_trail,neutral,Health Care,unknown,low_lt_15,long_ge_11d,-17.1233,-12.7105,-4.412800000000001,False,11,11
atr_trail_2x,multi_tier_partial,neutral,Health Care,unknown,low_lt_15,long_ge_11d,-17.1233,-5.8601,-11.263200000000001,False,11,11
atr_trail_2x,next_pivot_target,neutral,Health Care,unknown,low_lt_15,long_ge_11d,-17.1233,-13.1797,-3.9436,False,11,11
atr_trail_2x,r_multiple_2r,neutral,Health Care,unknown,low_lt_15,long_ge_11d,-17.1233,1.7281999999999984,-18.851499999999998,False,11,11
atr_trail_2x,r_multiple_3r,neutral,Health Care,unknown,low_lt_15,long_ge_11d,-17.1233,-16.7359,-0.3873999999999995,False,11,11
atr_trail_2x,regime_flip,neutral,Health Care,unknown,low_lt_15,long_ge_11d,-17.1233,-24.629399999999997,7.506099999999996,True,11,11
atr_trail_2x,reverse_signal,neutral,Health Care,unknown,low_lt_15,long_ge_11d,-17.1233,-12.7105,-4.412800000000001,False,11,11
atr_trail_2x,smc_mitigation_zone,neutral,Health Care,unknown,low_lt_15,long_ge_11d,-17.1233,-1.8832,-15.2401,False,11,11
atr_trail_2x,time_stop_10d,neutral,Health Care,unknown,low_lt_15,long_ge_11d,-17.1233,-12.8657,-4.2576,False,11,11
atr_trail_2x,time_stop_20d,neutral,Health Care,unknown,low_lt_15,long_ge_11d,-17.1233,-24.629399999999997,7.506099999999996,True,11,11
atr_trail_2x,trailing_10pct,neutral,Health Care,unknown,low_lt_15,long_ge_11d,-17.1233,-14.228700000000002,-2.8945999999999987,False,11,11
atr_trail_2x,trailing_15pct,neutral,Health Care,unknown,low_lt_15,long_ge_11d,-17.1233,-50.2621,33.138799999999996,True,11,11
atr_trail_2x,trailing_5pct,neutral,Health Care,unknown,low_lt_15,long_ge_11d,-17.1233,-28.1462,11.0229,True,11,11
atr_trail_mae_conditional,atr_trail_vix_conditional,neutral,Health Care,unknown,low_lt_15,long_ge_11d,-12.7105,-12.6623,-0.048199999999999577,False,11,11
atr_trail_mae_conditional,break_even_at_1r,neutral,Health Care,unknown,low_lt_15,long_ge_11d,-12.7105,-11.7178,-0.9926999999999992,False,11,11
atr_trail_mae_conditional,breakeven_plus_trail,neutral,Health Care,unknown,low_lt_15,long_ge_11d,-12.7105,-10.9697,-1.7408000000000001,False,11,11
atr_trail_mae_conditional,chandelier_3x,neutral,Health Care,unknown,low_lt_15,long_ge_11d,-12.7105,-22.237099999999998,9.526599999999998,True,11,11
atr_trail_mae_conditional,class_time_stop,neutral,Health Care,unknown,low_lt_15,long_ge_11d,-12.7105,-11.4574,-1.2530999999999999,False,11,11
atr_trail_mae_conditional,earnings_blackout,neutral,Health Care,unknown,low_lt_15,long_ge_11d,-12.7105,-9.3146,-3.3958999999999993,False,11,11
atr_trail_mae_conditional,fixed_4r_2r,neutral,Health Care,unknown,low_lt_15,long_ge_11d,-12.7105,-27.9021,15.191600000000001,True,11,11
atr_trail_mae_conditional,hybrid_50pct_target,neutral,Health Care,unknown,low_lt_15,long_ge_11d,-12.7105,5.2151,-17.9256,False,11,11
atr_trail_mae_conditional,ma_exit_ema9,neutral,Health Care,unknown,low_lt_15,long_ge_11d,-12.7105,-11.9998,-0.7106999999999992,False,11,11
atr_trail_mae_conditional,mfe_lockin_trail,neutral,Health Care,unknown,low_lt_15,long_ge_11d,-12.7105,-12.7105,0.0,False,11,11
atr_trail_mae_conditional,multi_tier_partial,neutral,Health Care,unknown,low_lt_15,long_ge_11d,-12.7105,-5.8601,-6.8504,False,11,11
atr_trail_mae_conditional,next_pivot_target,neutral,Health Care,unknown,low_lt_15,long_ge_11d,-12.7105,-13.1797,0.4692000000000007,True,11,11
atr_trail_mae_conditional,r_multiple_2r,neutral,Health Care,unknown,low_lt_15,long_ge_11d,-12.7105,1.7281999999999984,-14.438699999999997,False,11,11
atr_trail_mae_conditional,r_multiple_3r,neutral,Health Care,unknown,low_lt_15,long_ge_11d,-12.7105,-16.7359,4.025400000000001,True,11,11
atr_trail_mae_conditional,regime_flip,neutral,Health Care,unknown,low_lt_15,long_ge_11d,-12.7105,-24.629399999999997,11.918899999999997,True,11,11
atr_trail_mae_conditional,reverse_signal,neutral,Health Care,unknown,low_lt_15,long_ge_11d,-12.7105,-12.7105,0.0,False,11,11
atr_trail_mae_conditional,smc_mitigation_zone,neutral,Health Care,unknown,low_lt_15,long_ge_11d,-12.7105,-1.8832,-10.8273,False,11,11
atr_trail_mae_conditional,time_stop_10d,neutral,Health Care,unknown,low_lt_15,long_ge_11d,-12.7105,-12.8657,0.15520000000000067,True,11,11
atr_trail_mae_conditional,time_stop_20d,neutral,Health Care,unknown,low_lt_15,long_ge_11d,-12.7105,-24.629399999999997,11.918899999999997,True,11,11
atr_trail_mae_conditional,trailing_10pct,neutral,Health Care,unknown,low_lt_15,long_ge_11d,-12.7105,-14.228700000000002,1.518200000000002,True,11,11
atr_trail_mae_conditional,trailing_15pct,neutral,Health Care,unknown,low_lt_15,long_ge_11d,-12.7105,-50.2621,37.55159999999999,True,11,11
atr_trail_mae_conditional,trailing_5pct,neutral,Health Care,unknown,low_lt_15,long_ge_11d,-12.7105,-28.1462,15.4357,True,11,11
atr_trail_vix_conditional,break_even_at_1r,neutral,Health Care,unknown,low_lt_15,long_ge_11d,-12.6623,-11.7178,-0.9444999999999997,False,11,11
atr_trail_vix_conditional,breakeven_plus_trail,neutral,Health Care,unknown,low_lt_15,long_ge_11d,-12.6623,-10.9697,-1.6926000000000005,False,11,11
atr_trail_vix_conditional,chandelier_3x,neutral,Health Care,unknown,low_lt_15,long_ge_11d,-12.6623,-22.237099999999998,9.574799999999998,True,11,11
atr_trail_vix_conditional,class_time_stop,neutral,Health Care,unknown,low_lt_15,long_ge_11d,-12.6623,-11.4574,-1.2049000000000003,False,11,11
atr_trail_vix_conditional,earnings_blackout,neutral,Health Care,unknown,low_lt_15,long_ge_11d,-12.6623,-9.3146,-3.3476999999999997,False,11,11
atr_trail_vix_conditional,fixed_4r_2r,neutral,Health Care,unknown,low_lt_15,long_ge_11d,-12.6623,-27.9021,15.2398,True,11,11
atr_trail_vix_conditional,hybrid_50pct_target,neutral,Health Care,unknown,low_lt_15,long_ge_11d,-12.6623,5.2151,-17.8774,False,11,11
atr_trail_vix_conditional,ma_exit_ema9,neutral,Health Care,unknown,low_lt_15,long_ge_11d,-12.6623,-11.9998,-0.6624999999999996,False,11,11
atr_trail_vix_conditional,mfe_lockin_trail,neutral,Health Care,unknown,low_lt_15,long_ge_11d,-12.6623,-12.7105,0.048199999999999577,True,11,11
atr_trail_vix_conditional,multi_tier_partial,neutral,Health Care,unknown,low_lt_15,long_ge_11d,-12.6623,-5.8601,-6.8022,False,11,11
atr_trail_vix_conditional,next_pivot_target,neutral,Health Care,unknown,low_lt_15,long_ge_11d,-12.6623,-13.1797,0.5174000000000003,True,11,11
atr_trail_vix_conditional,r_multiple_2r,neutral,Health Care,unknown,low_lt_15,long_ge_11d,-12.6623,1.7281999999999984,-14.3905,False,11,11
atr_trail_vix_conditional,r_multiple_3r,neutral,Health Care,unknown,low_lt_15,long_ge_11d,-12.6623,-16.7359,4.073600000000001,True,11,11
atr_trail_vix_conditional,regime_flip,neutral,Health Care,unknown,low_lt_15,long_ge_11d,-12.6623,-24.629399999999997,11.967099999999997,True,11,11
atr_trail_vix_conditional,reverse_signal,neutral,Health Care,unknown,low_lt_15,long_ge_11d,-12.6623,-12.7105,0.048199999999999577,True,11,11
atr_trail_vix_conditional,smc_mitigation_zone,neutral,Health Care,unknown,low_lt_15,long_ge_11d,-12.6623,-1.8832,-10.7791,False,11,11
atr_trail_vix_conditional,time_stop_10d,neutral,Health Care,unknown,low_lt_15,long_ge_11d,-12.6623,-12.8657,0.20340000000000025,True,11,11
atr_trail_vix_conditional,time_stop_20d,neutral,Health Care,unknown,low_lt_15,long_ge_11d,-12.6623,-24.629399999999997,11.967099999999997,True,11,11
atr_trail_vix_conditional,trailing_10pct,neutral,Health Care,unknown,low_lt_15,long_ge_11d,-12.6623,-14.228700000000002,1.5664000000000016,True,11,11
atr_trail_vix_conditional,trailing_15pct,neutral,Health Care,unknown,low_lt_15,long_ge_11d,-12.6623,-50.2621,37.599799999999995,True,11,11
atr_trail_vix_conditional,trailing_5pct,neutral,Health Care,unknown,low_lt_15,long_ge_11d,-12.6623,-28.1462,15.4839,True,11,11
break_even_at_1r,breakeven_plus_trail,neutral,Health Care,unknown,low_lt_15,long_ge_11d,-11.7178,-10.9697,-0.7481000000000009,False,11,11
break_even_at_1r,chandelier_3x,neutral,Health Care,unknown,low_lt_15,long_ge_11d,-11.7178,-22.237099999999998,10.519299999999998,True,11,11
break_even_at_1r,class_time_stop,neutral,Health Care,unknown,low_lt_15,long_ge_11d,-11.7178,-11.4574,-0.26040000000000063,False,11,11
break_even_at_1r,earnings_blackout,neutral,Health Care,unknown,low_lt_15,long_ge_11d,-11.7178,-9.3146,-2.4032,False,11,11
break_even_at_1r,fixed_4r_2r,neutral,Health Care,unknown,low_lt_15,long_ge_11d,-11.7178,-27.9021,16.1843,True,11,11
break_even_at_1r,hybrid_50pct_target,neutral,Health Care,unknown,low_lt_15,long_ge_11d,-11.7178,5.2151,-16.9329,False,11,11
break_even_at_1r,ma_exit_ema9,neutral,Health Care,unknown,low_lt_15,long_ge_11d,-11.7178,-11.9998,0.28200000000000003,True,11,11
break_even_at_1r,mfe_lockin_trail,neutral,Health Care,unknown,low_lt_15,long_ge_11d,-11.7178,-12.7105,0.9926999999999992,True,11,11
break_even_at_1r,multi_tier_partial,neutral,Health Care,unknown,low_lt_15,long_ge_11d,-11.7178,-5.8601,-5.8577,False,11,11
break_even_at_1r,next_pivot_target,neutral,Health Care,unknown,low_lt_15,long_ge_11d,-11.7178,-13.1797,1.4619,True,11,11
break_even_at_1r,r_multiple_2r,neutral,Health Care,unknown,low_lt_15,long_ge_11d,-11.7178,1.7281999999999984,-13.445999999999998,False,11,11
break_even_at_1r,r_multiple_3r,neutral,Health Care,unknown,low_lt_15,long_ge_11d,-11.7178,-16.7359,5.0181000000000004,True,11,11
break_even_at_1r,regime_flip,neutral,Health Care,unknown,low_lt_15,long_ge_11d,-11.7178,-24.629399999999997,12.911599999999996,True,11,11
break_even_at_1r,reverse_signal,neutral,Health Care,unknown,low_lt_15,long_ge_11d,-11.7178,-12.7105,0.9926999999999992,True,11,11
break_even_at_1r,smc_mitigation_zone,neutral,Health Care,unknown,low_lt_15,long_ge_11d,-11.7178,-1.8832,-9.8346,False,11,11
break_even_at_1r,time_stop_10d,neutral,Health Care,unknown,low_lt_15,long_ge_11d,-11.7178,-12.8657,1.1479,True,11,11
break_even_at_1r,time_stop_20d,neutral,Health Care,unknown,low_lt_15,long_ge_11d,-11.7178,-24.629399999999997,12.911599999999996,True,11,11
break_even_at_1r,trailing_10pct,neutral,Health Care,unknown,low_lt_15,long_ge_11d,-11.7178,-14.228700000000002,2.5109000000000012,True,11,11
break_even_at_1r,trailing_15pct,neutral,Health Care,unknown,low_lt_15,long_ge_11d,-11.7178,-50.2621,38.54429999999999,True,11,11
break_even_at_1r,trailing_5pct,neutral,Health Care,unknown,low_lt_15,long_ge_11d,-11.7178,-28.1462,16.4284,True,11,11
breakeven_plus_trail,chandelier_3x,neutral,Health Care,unknown,low_lt_15,long_ge_11d,-10.9697,-22.237099999999998,11.267399999999999,True,11,11
breakeven_plus_trail,class_time_stop,neutral,Health Care,unknown,low_lt_15,long_ge_11d,-10.9697,-11.4574,0.48770000000000024,True,11,11
breakeven_plus_trail,earnings_blackout,neutral,Health Care,unknown,low_lt_15,long_ge_11d,-10.9697,-9.3146,-1.6550999999999991,False,11,11
breakeven_plus_trail,fixed_4r_2r,neutral,Health Care,unknown,low_lt_15,long_ge_11d,-10.9697,-27.9021,16.9324,True,11,11
breakeven_plus_trail,hybrid_50pct_target,neutral,Health Care,unknown,low_lt_15,long_ge_11d,-10.9697,5.2151,-16.1848,False,11,11
breakeven_plus_trail,ma_exit_ema9,neutral,Health Care,unknown,low_lt_15,long_ge_11d,-10.9697,-11.9998,1.030100000000001,True,11,11
breakeven_plus_trail,mfe_lockin_trail,neutral,Health Care,unknown,low_lt_15,long_ge_11d,-10.9697,-12.7105,1.7408000000000001,True,11,11
breakeven_plus_trail,multi_tier_partial,neutral,Health Care,unknown,low_lt_15,long_ge_11d,-10.9697,-5.8601,-5.1095999999999995,False,11,11
breakeven_plus_trail,next_pivot_target,neutral,Health Care,unknown,low_lt_15,long_ge_11d,-10.9697,-13.1797,2.210000000000001,True,11,11
breakeven_plus_trail,r_multiple_2r,neutral,Health Care,unknown,low_lt_15,long_ge_11d,-10.9697,1.7281999999999984,-12.697899999999997,False,11,11
breakeven_plus_trail,r_multiple_3r,neutral,Health Care,unknown,low_lt_15,long_ge_11d,-10.9697,-16.7359,5.766200000000001,True,11,11
breakeven_plus_trail,regime_flip,neutral,Health Care,unknown,low_lt_15,long_ge_11d,-10.9697,-24.629399999999997,13.659699999999997,True,11,11
breakeven_plus_trail,reverse_signal,neutral,Health Care,unknown,low_lt_15,long_ge_11d,-10.9697,-12.7105,1.7408000000000001,True,11,11
breakeven_plus_trail,smc_mitigation_zone,neutral,Health Care,unknown,low_lt_15,long_ge_11d,-10.9697,-1.8832,-9.0865,False,11,11
breakeven_plus_trail,time_stop_10d,neutral,Health Care,unknown,low_lt_15,long_ge_11d,-10.9697,-12.8657,1.8960000000000008,True,11,11
breakeven_plus_trail,time_stop_20d,neutral,Health Care,unknown,low_lt_15,long_ge_11d,-10.9697,-24.629399999999997,13.659699999999997,True,11,11
breakeven_plus_trail,trailing_10pct,neutral,Health Care,unknown,low_lt_15,long_ge_11d,-10.9697,-14.228700000000002,3.259000000000002,True,11,11
breakeven_plus_trail,trailing_15pct,neutral,Health Care,unknown,low_lt_15,long_ge_11d,-10.9697,-50.2621,39.2924,True,11,11
breakeven_plus_trail,trailing_5pct,neutral,Health Care,unknown,low_lt_15,long_ge_11d,-10.9697,-28.1462,17.1765,True,11,11
chandelier_3x,class_time_stop,neutral,Health Care,unknown,low_lt_15,long_ge_11d,-22.237099999999998,-11.4574,-10.779699999999998,False,11,11
chandelier_3x,earnings_blackout,neutral,Health Care,unknown,low_lt_15,long_ge_11d,-22.237099999999998,-9.3146,-12.922499999999998,False,11,11
chandelier_3x,fixed_4r_2r,neutral,Health Care,unknown,low_lt_15,long_ge_11d,-22.237099999999998,-27.9021,5.665000000000003,True,11,11
chandelier_3x,hybrid_50pct_target,neutral,Health Care,unknown,low_lt_15,long_ge_11d,-22.237099999999998,5.2151,-27.452199999999998,False,11,11
chandelier_3x,ma_exit_ema9,neutral,Health Care,unknown,low_lt_15,long_ge_11d,-22.237099999999998,-11.9998,-10.237299999999998,False,11,11
chandelier_3x,mfe_lockin_trail,neutral,Health Care,unknown,low_lt_15,long_ge_11d,-22.237099999999998,-12.7105,-9.526599999999998,False,11,11
chandelier_3x,multi_tier_partial,neutral,Health Care,unknown,low_lt_15,long_ge_11d,-22.237099999999998,-5.8601,-16.377,False,11,11
chandelier_3x,next_pivot_target,neutral,Health Care,unknown,low_lt_15,long_ge_11d,-22.237099999999998,-13.1797,-9.057399999999998,False,11,11
chandelier_3x,r_multiple_2r,neutral,Health Care,unknown,low_lt_15,long_ge_11d,-22.237099999999998,1.7281999999999984,-23.965299999999996,False,11,11
chandelier_3x,r_multiple_3r,neutral,Health Care,unknown,low_lt_15,long_ge_11d,-22.237099999999998,-16.7359,-5.501199999999997,False,11,11
chandelier_3x,regime_flip,neutral,Health Care,unknown,low_lt_15,long_ge_11d,-22.237099999999998,-24.629399999999997,2.3922999999999988,True,11,11
chandelier_3x,reverse_signal,neutral,Health Care,unknown,low_lt_15,long_ge_11d,-22.237099999999998,-12.7105,-9.526599999999998,False,11,11
chandelier_3x,smc_mitigation_zone,neutral,Health Care,unknown,low_lt_15,long_ge_11d,-22.237099999999998,-1.8832,-20.3539,False,11,11
chandelier_3x,time_stop_10d,neutral,Health Care,unknown,low_lt_15,long_ge_11d,-22.237099999999998,-12.8657,-9.371399999999998,False,11,11
chandelier_3x,time_stop_20d,neutral,Health Care,unknown,low_lt_15,long_ge_11d,-22.237099999999998,-24.629399999999997,2.3922999999999988,True,11,11
chandelier_3x,trailing_10pct,neutral,Health Care,unknown,low_lt_15,long_ge_11d,-22.237099999999998,-14.228700000000002,-8.008399999999996,False,11,11
chandelier_3x,trailing_15pct,neutral,Health Care,unknown,low_lt_15,long_ge_11d,-22.237099999999998,-50.2621,28.025,True,11,11
chandelier_3x,trailing_5pct,neutral,Health Care,unknown,low_lt_15,long_ge_11d,-22.237099999999998,-28.1462,5.909100000000002,True,11,11
class_time_stop,earnings_blackout,neutral,Health Care,unknown,low_lt_15,long_ge_11d,-11.4574,-9.3146,-2.1427999999999994,False,11,11
class_time_stop,fixed_4r_2r,neutral,Health Care,unknown,low_lt_15,long_ge_11d,-11.4574,-27.9021,16.4447,True,11,11
class_time_stop,hybrid_50pct_target,neutral,Health Care,unknown,low_lt_15,long_ge_11d,-11.4574,5.2151,-16.6725,False,11,11
class_time_stop,ma_exit_ema9,neutral,Health Care,unknown,low_lt_15,long_ge_11d,-11.4574,-11.9998,0.5424000000000007,True,11,11
class_time_stop,mfe_lockin_trail,neutral,Health Care,unknown,low_lt_15,long_ge_11d,-11.4574,-12.7105,1.2530999999999999,True,11,11
class_time_stop,multi_tier_partial,neutral,Health Care,unknown,low_lt_15,long_ge_11d,-11.4574,-5.8601,-5.5973,False,11,11
class_time_stop,next_pivot_target,neutral,Health Care,unknown,low_lt_15,long_ge_11d,-11.4574,-13.1797,1.7223000000000006,True,11,11
class_time_stop,r_multiple_2r,neutral,Health Care,unknown,low_lt_15,long_ge_11d,-11.4574,1.7281999999999984,-13.185599999999997,False,11,11
class_time_stop,r_multiple_3r,neutral,Health Care,unknown,low_lt_15,long_ge_11d,-11.4574,-16.7359,5.278500000000001,True,11,11
class_time_stop,regime_flip,neutral,Health Care,unknown,low_lt_15,long_ge_11d,-11.4574,-24.629399999999997,13.171999999999997,True,11,11
class_time_stop,reverse_signal,neutral,Health Care,unknown,low_lt_15,long_ge_11d,-11.4574,-12.7105,1.2530999999999999,True,11,11
class_time_stop,smc_mitigation_zone,neutral,Health Care,unknown,low_lt_15,long_ge_11d,-11.4574,-1.8832,-9.5742,False,11,11
class_time_stop,time_stop_10d,neutral,Health Care,unknown,low_lt_15,long_ge_11d,-11.4574,-12.8657,1.4083000000000006,True,11,11
class_time_stop,time_stop_20d,neutral,Health Care,unknown,low_lt_15,long_ge_11d,-11.4574,-24.629399999999997,13.171999999999997,True,11,11
class_time_stop,trailing_10pct,neutral,Health Care,unknown,low_lt_15,long_ge_11d,-11.4574,-14.228700000000002,2.771300000000002,True,11,11
class_time_stop,trailing_15pct,neutral,Health Care,unknown,low_lt_15,long_ge_11d,-11.4574,-50.2621,38.8047,True,11,11
class_time_stop,trailing_5pct,neutral,Health Care,unknown,low_lt_15,long_ge_11d,-11.4574,-28.1462,16.6888,True,11,11
earnings_blackout,fixed_4r_2r,neutral,Health Care,unknown,low_lt_15,long_ge_11d,-9.3146,-27.9021,18.5875,True,11,11
earnings_blackout,hybrid_50pct_target,neutral,Health Care,unknown,low_lt_15,long_ge_11d,-9.3146,5.2151,-14.5297,False,11,11
earnings_blackout,ma_exit_ema9,neutral,Health Care,unknown,low_lt_15,long_ge_11d,-9.3146,-11.9998,2.6852,True,11,11
earnings_blackout,mfe_lockin_trail,neutral,Health Care,unknown,low_lt_15,long_ge_11d,-9.3146,-12.7105,3.3958999999999993,True,11,11
earnings_blackout,multi_tier_partial,neutral,Health Care,unknown,low_lt_15,long_ge_11d,-9.3146,-5.8601,-3.4545000000000003,False,11,11
earnings_blackout,next_pivot_target,neutral,Health Care,unknown,low_lt_15,long_ge_11d,-9.3146,-13.1797,3.8651,True,11,11
earnings_blackout,r_multiple_2r,neutral,Health Care,unknown,low_lt_15,long_ge_11d,-9.3146,1.7281999999999984,-11.0428,False,11,11
earnings_blackout,r_multiple_3r,neutral,Health Care,unknown,low_lt_15,long_ge_11d,-9.3146,-16.7359,7.4213000000000005,True,11,11
earnings_blackout,regime_flip,neutral,Health Care,unknown,low_lt_15,long_ge_11d,-9.3146,-24.629399999999997,15.314799999999996,True,11,11
earnings_blackout,reverse_signal,neutral,Health Care,unknown,low_lt_15,long_ge_11d,-9.3146,-12.7105,3.3958999999999993,True,11,11
earnings_blackout,smc_mitigation_zone,neutral,Health Care,unknown,low_lt_15,long_ge_11d,-9.3146,-1.8832,-7.4314,False,11,11
earnings_blackout,time_stop_10d,neutral,Health Care,unknown,low_lt_15,long_ge_11d,-9.3146,-12.8657,3.5511,True,11,11
earnings_blackout,time_stop_20d,neutral,Health Care,unknown,low_lt_15,long_ge_11d,-9.3146,-24.629399999999997,15.314799999999996,True,11,11
earnings_blackout,trailing_10pct,neutral,Health Care,unknown,low_lt_15,long_ge_11d,-9.3146,-14.228700000000002,4.914100000000001,True,11,11
earnings_blackout,trailing_15pct,neutral,Health Care,unknown,low_lt_15,long_ge_11d,-9.3146,-50.2621,40.9475,True,11,11
earnings_blackout,trailing_5pct,neutral,Health Care,unknown,low_lt_15,long_ge_11d,-9.3146,-28.1462,18.8316,True,11,11
fixed_4r_2r,hybrid_50pct_target,neutral,Health Care,unknown,low_lt_15,long_ge_11d,-27.9021,5.2151,-33.1172,False,11,11
fixed_4r_2r,ma_exit_ema9,neutral,Health Care,unknown,low_lt_15,long_ge_11d,-27.9021,-11.9998,-15.9023,False,11,11
fixed_4r_2r,mfe_lockin_trail,neutral,Health Care,unknown,low_lt_15,long_ge_11d,-27.9021,-12.7105,-15.191600000000001,False,11,11
fixed_4r_2r,multi_tier_partial,neutral,Health Care,unknown,low_lt_15,long_ge_11d,-27.9021,-5.8601,-22.042,False,11,11
fixed_4r_2r,next_pivot_target,neutral,Health Care,unknown,low_lt_15,long_ge_11d,-27.9021,-13.1797,-14.7224,False,11,11
fixed_4r_2r,r_multiple_2r,neutral,Health Care,unknown,low_lt_15,long_ge_11d,-27.9021,1.7281999999999984,-29.6303,False,11,11
fixed_4r_2r,r_multiple_3r,neutral,Health Care,unknown,low_lt_15,long_ge_11d,-27.9021,-16.7359,-11.1662,False,11,11
fixed_4r_2r,regime_flip,neutral,Health Care,unknown,low_lt_15,long_ge_11d,-27.9021,-24.629399999999997,-3.272700000000004,False,11,11
fixed_4r_2r,reverse_signal,neutral,Health Care,unknown,low_lt_15,long_ge_11d,-27.9021,-12.7105,-15.191600000000001,False,11,11
fixed_4r_2r,smc_mitigation_zone,neutral,Health Care,unknown,low_lt_15,long_ge_11d,-27.9021,-1.8832,-26.018900000000002,False,11,11
fixed_4r_2r,time_stop_10d,neutral,Health Care,unknown,low_lt_15,long_ge_11d,-27.9021,-12.8657,-15.0364,False,11,11
fixed_4r_2r,time_stop_20d,neutral,Health Care,unknown,low_lt_15,long_ge_11d,-27.9021,-24.629399999999997,-3.272700000000004,False,11,11
fixed_4r_2r,trailing_10pct,neutral,Health Care,unknown,low_lt_15,long_ge_11d,-27.9021,-14.228700000000002,-13.673399999999999,False,11,11
fixed_4r_2r,trailing_15pct,neutral,Health Care,unknown,low_lt_15,long_ge_11d,-27.9021,-50.2621,22.359999999999996,True,11,11
fixed_4r_2r,trailing_5pct,neutral,Health Care,unknown,low_lt_15,long_ge_11d,-27.9021,-28.1462,0.24409999999999954,True,11,11
hybrid_50pct_target,ma_exit_ema9,neutral,Health Care,unknown,low_lt_15,long_ge_11d,5.2151,-11.9998,17.2149,True,11,11
hybrid_50pct_target,mfe_lockin_trail,neutral,Health Care,unknown,low_lt_15,long_ge_11d,5.2151,-12.7105,17.9256,True,11,11
hybrid_50pct_target,multi_tier_partial,neutral,Health Care,unknown,low_lt_15,long_ge_11d,5.2151,-5.8601,11.075199999999999,True,11,11
hybrid_50pct_target,next_pivot_target,neutral,Health Care,unknown,low_lt_15,long_ge_11d,5.2151,-13.1797,18.3948,True,11,11
hybrid_50pct_target,r_multiple_2r,neutral,Health Care,unknown,low_lt_15,long_ge_11d,5.2151,1.7281999999999984,3.486900000000001,True,11,11
hybrid_50pct_target,r_multiple_3r,neutral,Health Care,unknown,low_lt_15,long_ge_11d,5.2151,-16.7359,21.951,True,11,11
hybrid_50pct_target,regime_flip,neutral,Health Care,unknown,low_lt_15,long_ge_11d,5.2151,-24.629399999999997,29.844499999999996,True,11,11
hybrid_50pct_target,reverse_signal,neutral,Health Care,unknown,low_lt_15,long_ge_11d,5.2151,-12.7105,17.9256,True,11,11
hybrid_50pct_target,smc_mitigation_zone,neutral,Health Care,unknown,low_lt_15,long_ge_11d,5.2151,-1.8832,7.0983,True,11,11
hybrid_50pct_target,time_stop_10d,neutral,Health Care,unknown,low_lt_15,long_ge_11d,5.2151,-12.8657,18.0808,True,11,11
hybrid_50pct_target,time_stop_20d,neutral,Health Care,unknown,low_lt_15,long_ge_11d,5.2151,-24.629399999999997,29.844499999999996,True,11,11
hybrid_50pct_target,trailing_10pct,neutral,Health Care,unknown,low_lt_15,long_ge_11d,5.2151,-14.228700000000002,19.443800000000003,True,11,11
hybrid_50pct_target,trailing_15pct,neutral,Health Care,unknown,low_lt_15,long_ge_11d,5.2151,-50.2621,55.477199999999996,True,11,11
hybrid_50pct_target,trailing_5pct,neutral,Health Care,unknown,low_lt_15,long_ge_11d,5.2151,-28.1462,33.3613,True,11,11
ma_exit_ema9,mfe_lockin_trail,neutral,Health Care,unknown,low_lt_15,long_ge_11d,-11.9998,-12.7105,0.7106999999999992,True,11,11
ma_exit_ema9,multi_tier_partial,neutral,Health Care,unknown,low_lt_15,long_ge_11d,-11.9998,-5.8601,-6.1397,False,11,11
ma_exit_ema9,next_pivot_target,neutral,Health Care,unknown,low_lt_15,long_ge_11d,-11.9998,-13.1797,1.1799,True,11,11
ma_exit_ema9,r_multiple_2r,neutral,Health Care,unknown,low_lt_15,long_ge_11d,-11.9998,1.7281999999999984,-13.727999999999998,False,11,11
ma_exit_ema9,r_multiple_3r,neutral,Health Care,unknown,low_lt_15,long_ge_11d,-11.9998,-16.7359,4.7361,True,11,11
ma_exit_ema9,regime_flip,neutral,Health Care,unknown,low_lt_15,long_ge_11d,-11.9998,-24.629399999999997,12.629599999999996,True,11,11
ma_exit_ema9,reverse_signal,neutral,Health Care,unknown,low_lt_15,long_ge_11d,-11.9998,-12.7105,0.7106999999999992,True,11,11
ma_exit_ema9,smc_mitigation_zone,neutral,Health Care,unknown,low_lt_15,long_ge_11d,-11.9998,-1.8832,-10.1166,False,11,11
ma_exit_ema9,time_stop_10d,neutral,Health Care,unknown,low_lt_15,long_ge_11d,-11.9998,-12.8657,0.8658999999999999,True,11,11
ma_exit_ema9,time_stop_20d,neutral,Health Care,unknown,low_lt_15,long_ge_11d,-11.9998,-24.629399999999997,12.629599999999996,True,11,11
ma_exit_ema9,trailing_10pct,neutral,Health Care,unknown,low_lt_15,long_ge_11d,-11.9998,-14.228700000000002,2.228900000000001,True,11,11
ma_exit_ema9,trailing_15pct,neutral,Health Care,unknown,low_lt_15,long_ge_11d,-11.9998,-50.2621,38.262299999999996,True,11,11
ma_exit_ema9,trailing_5pct,neutral,Health Care,unknown,low_lt_15,long_ge_11d,-11.9998,-28.1462,16.1464,True,11,11
mfe_lockin_trail,multi_tier_partial,neutral,Health Care,unknown,low_lt_15,long_ge_11d,-12.7105,-5.8601,-6.8504,False,11,11
mfe_lockin_trail,next_pivot_target,neutral,Health Care,unknown,low_lt_15,long_ge_11d,-12.7105,-13.1797,0.4692000000000007,True,11,11
mfe_lockin_trail,r_multiple_2r,neutral,Health Care,unknown,low_lt_15,long_ge_11d,-12.7105,1.7281999999999984,-14.438699999999997,False,11,11
mfe_lockin_trail,r_multiple_3r,neutral,Health Care,unknown,low_lt_15,long_ge_11d,-12.7105,-16.7359,4.025400000000001,True,11,11
mfe_lockin_trail,regime_flip,neutral,Health Care,unknown,low_lt_15,long_ge_11d,-12.7105,-24.629399999999997,11.918899999999997,True,11,11
mfe_lockin_trail,reverse_signal,neutral,Health Care,unknown,low_lt_15,long_ge_11d,-12.7105,-12.7105,0.0,False,11,11
mfe_lockin_trail,smc_mitigation_zone,neutral,Health Care,unknown,low_lt_15,long_ge_11d,-12.7105,-1.8832,-10.8273,False,11,11
mfe_lockin_trail,time_stop_10d,neutral,Health Care,unknown,low_lt_15,long_ge_11d,-12.7105,-12.8657,0.15520000000000067,True,11,11
mfe_lockin_trail,time_stop_20d,neutral,Health Care,unknown,low_lt_15,long_ge_11d,-12.7105,-24.629399999999997,11.918899999999997,True,11,11
mfe_lockin_trail,trailing_10pct,neutral,Health Care,unknown,low_lt_15,long_ge_11d,-12.7105,-14.228700000000002,1.518200000000002,True,11,11
mfe_lockin_trail,trailing_15pct,neutral,Health Care,unknown,low_lt_15,long_ge_11d,-12.7105,-50.2621,37.55159999999999,True,11,11
mfe_lockin_trail,trailing_5pct,neutral,Health Care,unknown,low_lt_15,long_ge_11d,-12.7105,-28.1462,15.4357,True,11,11
multi_tier_partial,next_pivot_target,neutral,Health Care,unknown,low_lt_15,long_ge_11d,-5.8601,-13.1797,7.3196,True,11,11
multi_tier_partial,r_multiple_2r,neutral,Health Care,unknown,low_lt_15,long_ge_11d,-5.8601,1.7281999999999984,-7.5882999999999985,False,11,11
multi_tier_partial,r_multiple_3r,neutral,Health Care,unknown,low_lt_15,long_ge_11d,-5.8601,-16.7359,10.875800000000002,True,11,11
multi_tier_partial,regime_flip,neutral,Health Care,unknown,low_lt_15,long_ge_11d,-5.8601,-24.629399999999997,18.769299999999998,True,11,11
multi_tier_partial,reverse_signal,neutral,Health Care,unknown,low_lt_15,long_ge_11d,-5.8601,-12.7105,6.8504,True,11,11
multi_tier_partial,smc_mitigation_zone,neutral,Health Care,unknown,low_lt_15,long_ge_11d,-5.8601,-1.8832,-3.9769,False,11,11
multi_tier_partial,time_stop_10d,neutral,Health Care,unknown,low_lt_15,long_ge_11d,-5.8601,-12.8657,7.0056,True,11,11
multi_tier_partial,time_stop_20d,neutral,Health Care,unknown,low_lt_15,long_ge_11d,-5.8601,-24.629399999999997,18.769299999999998,True,11,11
multi_tier_partial,trailing_10pct,neutral,Health Care,unknown,low_lt_15,long_ge_11d,-5.8601,-14.228700000000002,8.3686,True,11,11
multi_tier_partial,trailing_15pct,neutral,Health Care,unknown,low_lt_15,long_ge_11d,-5.8601,-50.2621,44.401999999999994,True,11,11
multi_tier_partial,trailing_5pct,neutral,Health Care,unknown,low_lt_15,long_ge_11d,-5.8601,-28.1462,22.2861,True,11,11
next_pivot_target,r_multiple_2r,neutral,Health Care,unknown,low_lt_15,long_ge_11d,-13.1797,1.7281999999999984,-14.907899999999998,False,11,11
next_pivot_target,r_multiple_3r,neutral,Health Care,unknown,low_lt_15,long_ge_11d,-13.1797,-16.7359,3.5562000000000005,True,11,11
next_pivot_target,regime_flip,neutral,Health Care,unknown,low_lt_15,long_ge_11d,-13.1797,-24.629399999999997,11.449699999999996,True,11,11
next_pivot_target,reverse_signal,neutral,Health Care,unknown,low_lt_15,long_ge_11d,-13.1797,-12.7105,-0.4692000000000007,False,11,11
next_pivot_target,smc_mitigation_zone,neutral,Health Care,unknown,low_lt_15,long_ge_11d,-13.1797,-1.8832,-11.2965,False,11,11
next_pivot_target,time_stop_10d,neutral,Health Care,unknown,low_lt_15,long_ge_11d,-13.1797,-12.8657,-0.31400000000000006,False,11,11
next_pivot_target,time_stop_20d,neutral,Health Care,unknown,low_lt_15,long_ge_11d,-13.1797,-24.629399999999997,11.449699999999996,True,11,11
next_pivot_target,trailing_10pct,neutral,Health Care,unknown,low_lt_15,long_ge_11d,-13.1797,-14.228700000000002,1.0490000000000013,True,11,11
next_pivot_target,trailing_15pct,neutral,Health Care,unknown,low_lt_15,long_ge_11d,-13.1797,-50.2621,37.08239999999999,True,11,11
next_pivot_target,trailing_5pct,neutral,Health Care,unknown,low_lt_15,long_ge_11d,-13.1797,-28.1462,14.9665,True,11,11
r_multiple_2r,r_multiple_3r,neutral,Health Care,unknown,low_lt_15,long_ge_11d,1.7281999999999984,-16.7359,18.4641,True,11,11
r_multiple_2r,regime_flip,neutral,Health Care,unknown,low_lt_15,long_ge_11d,1.7281999999999984,-24.629399999999997,26.357599999999994,True,11,11
r_multiple_2r,reverse_signal,neutral,Health Care,unknown,low_lt_15,long_ge_11d,1.7281999999999984,-12.7105,14.438699999999997,True,11,11
r_multiple_2r,smc_mitigation_zone,neutral,Health Care,unknown,low_lt_15,long_ge_11d,1.7281999999999984,-1.8832,3.6113999999999984,True,11,11
r_multiple_2r,time_stop_10d,neutral,Health Care,unknown,low_lt_15,long_ge_11d,1.7281999999999984,-12.8657,14.593899999999998,True,11,11
r_multiple_2r,time_stop_20d,neutral,Health Care,unknown,low_lt_15,long_ge_11d,1.7281999999999984,-24.629399999999997,26.357599999999994,True,11,11
r_multiple_2r,trailing_10pct,neutral,Health Care,unknown,low_lt_15,long_ge_11d,1.7281999999999984,-14.228700000000002,15.956900000000001,True,11,11
r_multiple_2r,trailing_15pct,neutral,Health Care,unknown,low_lt_15,long_ge_11d,1.7281999999999984,-50.2621,51.9903,True,11,11
r_multiple_2r,trailing_5pct,neutral,Health Care,unknown,low_lt_15,long_ge_11d,1.7281999999999984,-28.1462,29.874399999999998,True,11,11
r_multiple_3r,regime_flip,neutral,Health Care,unknown,low_lt_15,long_ge_11d,-16.7359,-24.629399999999997,7.893499999999996,True,11,11
r_multiple_3r,reverse_signal,neutral,Health Care,unknown,low_lt_15,long_ge_11d,-16.7359,-12.7105,-4.025400000000001,False,11,11
r_multiple_3r,smc_mitigation_zone,neutral,Health Care,unknown,low_lt_15,long_ge_11d,-16.7359,-1.8832,-14.8527,False,11,11
r_multiple_3r,time_stop_10d,neutral,Health Care,unknown,low_lt_15,long_ge_11d,-16.7359,-12.8657,-3.8702000000000005,False,11,11
r_multiple_3r,time_stop_20d,neutral,Health Care,unknown,low_lt_15,long_ge_11d,-16.7359,-24.629399999999997,7.893499999999996,True,11,11
r_multiple_3r,trailing_10pct,neutral,Health Care,unknown,low_lt_15,long_ge_11d,-16.7359,-14.228700000000002,-2.507199999999999,False,11,11
r_multiple_3r,trailing_15pct,neutral,Health Care,unknown,low_lt_15,long_ge_11d,-16.7359,-50.2621,33.526199999999996,True,11,11
r_multiple_3r,trailing_5pct,neutral,Health Care,unknown,low_lt_15,long_ge_11d,-16.7359,-28.1462,11.4103,True,11,11
regime_flip,reverse_signal,neutral,Health Care,unknown,low_lt_15,long_ge_11d,-24.629399999999997,-12.7105,-11.918899999999997,False,11,11
regime_flip,smc_mitigation_zone,neutral,Health Care,unknown,low_lt_15,long_ge_11d,-24.629399999999997,-1.8832,-22.746199999999998,False,11,11
regime_flip,time_stop_10d,neutral,Health Care,unknown,low_lt_15,long_ge_11d,-24.629399999999997,-12.8657,-11.763699999999996,False,11,11
regime_flip,time_stop_20d,neutral,Health Care,unknown,low_lt_15,long_ge_11d,-24.629399999999997,-24.629399999999997,0.0,False,11,11
regime_flip,trailing_10pct,neutral,Health Care,unknown,low_lt_15,long_ge_11d,-24.629399999999997,-14.228700000000002,-10.400699999999995,False,11,11
regime_flip,trailing_15pct,neutral,Health Care,unknown,low_lt_15,long_ge_11d,-24.629399999999997,-50.2621,25.6327,True,11,11
regime_flip,trailing_5pct,neutral,Health Care,unknown,low_lt_15,long_ge_11d,-24.629399999999997,-28.1462,3.5168000000000035,True,11,11
reverse_signal,smc_mitigation_zone,neutral,Health Care,unknown,low_lt_15,long_ge_11d,-12.7105,-1.8832,-10.8273,False,11,11
reverse_signal,time_stop_10d,neutral,Health Care,unknown,low_lt_15,long_ge_11d,-12.7105,-12.8657,0.15520000000000067,True,11,11
reverse_signal,time_stop_20d,neutral,Health Care,unknown,low_lt_15,long_ge_11d,-12.7105,-24.629399999999997,11.918899999999997,True,11,11
reverse_signal,trailing_10pct,neutral,Health Care,unknown,low_lt_15,long_ge_11d,-12.7105,-14.228700000000002,1.518200000000002,True,11,11
reverse_signal,trailing_15pct,neutral,Health Care,unknown,low_lt_15,long_ge_11d,-12.7105,-50.2621,37.55159999999999,True,11,11
reverse_signal,trailing_5pct,neutral,Health Care,unknown,low_lt_15,long_ge_11d,-12.7105,-28.1462,15.4357,True,11,11
smc_mitigation_zone,time_stop_10d,neutral,Health Care,unknown,low_lt_15,long_ge_11d,-1.8832,-12.8657,10.9825,True,11,11
smc_mitigation_zone,time_stop_20d,neutral,Health Care,unknown,low_lt_15,long_ge_11d,-1.8832,-24.629399999999997,22.746199999999998,True,11,11
smc_mitigation_zone,trailing_10pct,neutral,Health Care,unknown,low_lt_15,long_ge_11d,-1.8832,-14.228700000000002,12.345500000000001,True,11,11
smc_mitigation_zone,trailing_15pct,neutral,Health Care,unknown,low_lt_15,long_ge_11d,-1.8832,-50.2621,48.378899999999994,True,11,11
smc_mitigation_zone,trailing_5pct,neutral,Health Care,unknown,low_lt_15,long_ge_11d,-1.8832,-28.1462,26.263,True,11,11
time_stop_10d,time_stop_20d,neutral,Health Care,unknown,low_lt_15,long_ge_11d,-12.8657,-24.629399999999997,11.763699999999996,True,11,11
time_stop_10d,trailing_10pct,neutral,Health Care,unknown,low_lt_15,long_ge_11d,-12.8657,-14.228700000000002,1.3630000000000013,True,11,11
time_stop_10d,trailing_15pct,neutral,Health Care,unknown,low_lt_15,long_ge_11d,-12.8657,-50.2621,37.3964,True,11,11
time_stop_10d,trailing_5pct,neutral,Health Care,unknown,low_lt_15,long_ge_11d,-12.8657,-28.1462,15.2805,True,11,11
time_stop_20d,trailing_10pct,neutral,Health Care,unknown,low_lt_15,long_ge_11d,-24.629399999999997,-14.228700000000002,-10.400699999999995,False,11,11
time_stop_20d,trailing_15pct,neutral,Health Care,unknown,low_lt_15,long_ge_11d,-24.629399999999997,-50.2621,25.6327,True,11,11
time_stop_20d,trailing_5pct,neutral,Health Care,unknown,low_lt_15,long_ge_11d,-24.629399999999997,-28.1462,3.5168000000000035,True,11,11
trailing_10pct,trailing_15pct,neutral,Health Care,unknown,low_lt_15,long_ge_11d,-14.228700000000002,-50.2621,36.03339999999999,True,11,11
trailing_10pct,trailing_5pct,neutral,Health Care,unknown,low_lt_15,long_ge_11d,-14.228700000000002,-28.1462,13.917499999999999,True,11,11
trailing_15pct,trailing_5pct,neutral,Health Care,unknown,low_lt_15,long_ge_11d,-50.2621,-28.1462,-22.115899999999996,False,11,11
atr_trail_1x,atr_trail_2x,neutral,Health Care,unknown,mid_15_25,long_ge_11d,-20.0907,-17.0407,-3.049999999999997,False,19,19
atr_trail_1x,atr_trail_mae_conditional,neutral,Health Care,unknown,mid_15_25,long_ge_11d,-20.0907,-20.0907,0.0,False,19,19
atr_trail_1x,atr_trail_vix_conditional,neutral,Health Care,unknown,mid_15_25,long_ge_11d,-20.0907,-19.1984,-0.8922999999999988,False,19,19
atr_trail_1x,break_even_at_1r,neutral,Health Care,unknown,mid_15_25,long_ge_11d,-20.0907,-25.3835,5.292800000000003,True,19,19
atr_trail_1x,breakeven_plus_trail,neutral,Health Care,unknown,mid_15_25,long_ge_11d,-20.0907,-19.397199999999998,-0.6935000000000002,False,19,19
atr_trail_1x,chandelier_3x,neutral,Health Care,unknown,mid_15_25,long_ge_11d,-20.0907,-11.055800000000001,-9.034899999999997,False,19,19
atr_trail_1x,class_time_stop,neutral,Health Care,unknown,mid_15_25,long_ge_11d,-20.0907,-40.6488,20.558100000000003,True,19,19
atr_trail_1x,earnings_blackout,neutral,Health Care,unknown,mid_15_25,long_ge_11d,-20.0907,-58.0419,37.9512,True,19,19
atr_trail_1x,fixed_4r_2r,neutral,Health Care,unknown,mid_15_25,long_ge_11d,-20.0907,-24.490899999999996,4.400199999999998,True,19,19
atr_trail_1x,hybrid_50pct_target,neutral,Health Care,unknown,mid_15_25,long_ge_11d,-20.0907,-20.7912,0.7005000000000017,True,19,19
atr_trail_1x,ma_exit_ema9,neutral,Health Care,unknown,mid_15_25,long_ge_11d,-20.0907,-11.7346,-8.356099999999998,False,19,19
atr_trail_1x,mfe_lockin_trail,neutral,Health Care,unknown,mid_15_25,long_ge_11d,-20.0907,-16.2546,-3.8360999999999983,False,19,19
atr_trail_1x,multi_tier_partial,neutral,Health Care,unknown,mid_15_25,long_ge_11d,-20.0907,-18.133499999999998,-1.9572000000000003,False,19,19
atr_trail_1x,next_pivot_target,neutral,Health Care,unknown,mid_15_25,long_ge_11d,-20.0907,-5.645199999999999,-14.4455,False,19,19
atr_trail_1x,r_multiple_2r,neutral,Health Care,unknown,mid_15_25,long_ge_11d,-20.0907,-1.7091000000000003,-18.3816,False,19,19
atr_trail_1x,r_multiple_3r,neutral,Health Care,unknown,mid_15_25,long_ge_11d,-20.0907,-1.5515999999999996,-18.539099999999998,False,19,19
atr_trail_1x,regime_flip,neutral,Health Care,unknown,mid_15_25,long_ge_11d,-20.0907,-37.7027,17.612000000000002,True,19,19
atr_trail_1x,reverse_signal,neutral,Health Care,unknown,mid_15_25,long_ge_11d,-20.0907,-20.0907,0.0,False,19,19
atr_trail_1x,smc_mitigation_zone,neutral,Health Care,unknown,mid_15_25,long_ge_11d,-20.0907,-15.222,-4.868699999999999,False,19,19
atr_trail_1x,time_stop_10d,neutral,Health Care,unknown,mid_15_25,long_ge_11d,-20.0907,-23.658,3.567300000000003,True,19,19
atr_trail_1x,time_stop_20d,neutral,Health Care,unknown,mid_15_25,long_ge_11d,-20.0907,-37.7027,17.612000000000002,True,19,19
atr_trail_1x,trailing_10pct,neutral,Health Care,unknown,mid_15_25,long_ge_11d,-20.0907,-75.0676,54.9769,True,19,19
atr_trail_1x,trailing_15pct,neutral,Health Care,unknown,mid_15_25,long_ge_11d,-20.0907,-94.04639999999999,73.9557,True,19,19
atr_trail_1x,trailing_5pct,neutral,Health Care,unknown,mid_15_25,long_ge_11d,-20.0907,-32.1308,12.040100000000002,True,19,19
atr_trail_2x,atr_trail_mae_conditional,neutral,Health Care,unknown,mid_15_25,long_ge_11d,-17.0407,-20.0907,3.049999999999997,True,19,19
atr_trail_2x,atr_trail_vix_conditional,neutral,Health Care,unknown,mid_15_25,long_ge_11d,-17.0407,-19.1984,2.1576999999999984,True,19,19
atr_trail_2x,break_even_at_1r,neutral,Health Care,unknown,mid_15_25,long_ge_11d,-17.0407,-25.3835,8.3428,True,19,19
atr_trail_2x,breakeven_plus_trail,neutral,Health Care,unknown,mid_15_25,long_ge_11d,-17.0407,-19.397199999999998,2.356499999999997,True,19,19
atr_trail_2x,chandelier_3x,neutral,Health Care,unknown,mid_15_25,long_ge_11d,-17.0407,-11.055800000000001,-5.9849,False,19,19
atr_trail_2x,class_time_stop,neutral,Health Care,unknown,mid_15_25,long_ge_11d,-17.0407,-40.6488,23.6081,True,19,19
atr_trail_2x,earnings_blackout,neutral,Health Care,unknown,mid_15_25,long_ge_11d,-17.0407,-58.0419,41.0012,True,19,19
atr_trail_2x,fixed_4r_2r,neutral,Health Care,unknown,mid_15_25,long_ge_11d,-17.0407,-24.490899999999996,7.450199999999995,True,19,19
atr_trail_2x,hybrid_50pct_target,neutral,Health Care,unknown,mid_15_25,long_ge_11d,-17.0407,-20.7912,3.750499999999999,True,19,19
atr_trail_2x,ma_exit_ema9,neutral,Health Care,unknown,mid_15_25,long_ge_11d,-17.0407,-11.7346,-5.306100000000001,False,19,19
atr_trail_2x,mfe_lockin_trail,neutral,Health Care,unknown,mid_15_25,long_ge_11d,-17.0407,-16.2546,-0.7861000000000011,False,19,19
atr_trail_2x,multi_tier_partial,neutral,Health Care,unknown,mid_15_25,long_ge_11d,-17.0407,-18.133499999999998,1.0927999999999969,True,19,19
atr_trail_2x,next_pivot_target,neutral,Health Care,unknown,mid_15_25,long_ge_11d,-17.0407,-5.645199999999999,-11.395500000000002,False,19,19
atr_trail_2x,r_multiple_2r,neutral,Health Care,unknown,mid_15_25,long_ge_11d,-17.0407,-1.7091000000000003,-15.331600000000002,False,19,19
atr_trail_2x,r_multiple_3r,neutral,Health Care,unknown,mid_15_25,long_ge_11d,-17.0407,-1.5515999999999996,-15.4891,False,19,19
atr_trail_2x,regime_flip,neutral,Health Care,unknown,mid_15_25,long_ge_11d,-17.0407,-37.7027,20.662,True,19,19
atr_trail_2x,reverse_signal,neutral,Health Care,unknown,mid_15_25,long_ge_11d,-17.0407,-20.0907,3.049999999999997,True,19,19
atr_trail_2x,smc_mitigation_zone,neutral,Health Care,unknown,mid_15_25,long_ge_11d,-17.0407,-15.222,-1.8187000000000015,False,19,19
atr_trail_2x,time_stop_10d,neutral,Health Care,unknown,mid_15_25,long_ge_11d,-17.0407,-23.658,6.6173,True,19,19
atr_trail_2x,time_stop_20d,neutral,Health Care,unknown,mid_15_25,long_ge_11d,-17.0407,-37.7027,20.662,True,19,19
atr_trail_2x,trailing_10pct,neutral,Health Care,unknown,mid_15_25,long_ge_11d,-17.0407,-75.0676,58.0269,True,19,19
atr_trail_2x,trailing_15pct,neutral,Health Care,unknown,mid_15_25,long_ge_11d,-17.0407,-94.04639999999999,77.00569999999999,True,19,19
atr_trail_2x,trailing_5pct,neutral,Health Care,unknown,mid_15_25,long_ge_11d,-17.0407,-32.1308,15.0901,True,19,19
atr_trail_mae_conditional,atr_trail_vix_conditional,neutral,Health Care,unknown,mid_15_25,long_ge_11d,-20.0907,-19.1984,-0.8922999999999988,False,19,19
atr_trail_mae_conditional,break_even_at_1r,neutral,Health Care,unknown,mid_15_25,long_ge_11d,-20.0907,-25.3835,5.292800000000003,True,19,19
atr_trail_mae_conditional,breakeven_plus_trail,neutral,Health Care,unknown,mid_15_25,long_ge_11d,-20.0907,-19.397199999999998,-0.6935000000000002,False,19,19
atr_trail_mae_conditional,chandelier_3x,neutral,Health Care,unknown,mid_15_25,long_ge_11d,-20.0907,-11.055800000000001,-9.034899999999997,False,19,19
atr_trail_mae_conditional,class_time_stop,neutral,Health Care,unknown,mid_15_25,long_ge_11d,-20.0907,-40.6488,20.558100000000003,True,19,19
atr_trail_mae_conditional,earnings_blackout,neutral,Health Care,unknown,mid_15_25,long_ge_11d,-20.0907,-58.0419,37.9512,True,19,19
atr_trail_mae_conditional,fixed_4r_2r,neutral,Health Care,unknown,mid_15_25,long_ge_11d,-20.0907,-24.490899999999996,4.400199999999998,True,19,19
atr_trail_mae_conditional,hybrid_50pct_target,neutral,Health Care,unknown,mid_15_25,long_ge_11d,-20.0907,-20.7912,0.7005000000000017,True,19,19
atr_trail_mae_conditional,ma_exit_ema9,neutral,Health Care,unknown,mid_15_25,long_ge_11d,-20.0907,-11.7346,-8.356099999999998,False,19,19
atr_trail_mae_conditional,mfe_lockin_trail,neutral,Health Care,unknown,mid_15_25,long_ge_11d,-20.0907,-16.2546,-3.8360999999999983,False,19,19
atr_trail_mae_conditional,multi_tier_partial,neutral,Health Care,unknown,mid_15_25,long_ge_11d,-20.0907,-18.133499999999998,-1.9572000000000003,False,19,19
atr_trail_mae_conditional,next_pivot_target,neutral,Health Care,unknown,mid_15_25,long_ge_11d,-20.0907,-5.645199999999999,-14.4455,False,19,19
atr_trail_mae_conditional,r_multiple_2r,neutral,Health Care,unknown,mid_15_25,long_ge_11d,-20.0907,-1.7091000000000003,-18.3816,False,19,19
atr_trail_mae_conditional,r_multiple_3r,neutral,Health Care,unknown,mid_15_25,long_ge_11d,-20.0907,-1.5515999999999996,-18.539099999999998,False,19,19
atr_trail_mae_conditional,regime_flip,neutral,Health Care,unknown,mid_15_25,long_ge_11d,-20.0907,-37.7027,17.612000000000002,True,19,19
atr_trail_mae_conditional,reverse_signal,neutral,Health Care,unknown,mid_15_25,long_ge_11d,-20.0907,-20.0907,0.0,False,19,19
atr_trail_mae_conditional,smc_mitigation_zone,neutral,Health Care,unknown,mid_15_25,long_ge_11d,-20.0907,-15.222,-4.868699999999999,False,19,19
atr_trail_mae_conditional,time_stop_10d,neutral,Health Care,unknown,mid_15_25,long_ge_11d,-20.0907,-23.658,3.567300000000003,True,19,19
atr_trail_mae_conditional,time_stop_20d,neutral,Health Care,unknown,mid_15_25,long_ge_11d,-20.0907,-37.7027,17.612000000000002,True,19,19
atr_trail_mae_conditional,trailing_10pct,neutral,Health Care,unknown,mid_15_25,long_ge_11d,-20.0907,-75.0676,54.9769,True,19,19
atr_trail_mae_conditional,trailing_15pct,neutral,Health Care,unknown,mid_15_25,long_ge_11d,-20.0907,-94.04639999999999,73.9557,True,19,19
atr_trail_mae_conditional,trailing_5pct,neutral,Health Care,unknown,mid_15_25,long_ge_11d,-20.0907,-32.1308,12.040100000000002,True,19,19
atr_trail_vix_conditional,break_even_at_1r,neutral,Health Care,unknown,mid_15_25,long_ge_11d,-19.1984,-25.3835,6.185100000000002,True,19,19
atr_trail_vix_conditional,breakeven_plus_trail,neutral,Health Care,unknown,mid_15_25,long_ge_11d,-19.1984,-19.397199999999998,0.19879999999999853,True,19,19
atr_trail_vix_conditional,chandelier_3x,neutral,Health Care,unknown,mid_15_25,long_ge_11d,-19.1984,-11.055800000000001,-8.142599999999998,False,19,19
atr_trail_vix_conditional,class_time_stop,neutral,Health Care,unknown,mid_15_25,long_ge_11d,-19.1984,-40.6488,21.450400000000002,True,19,19
atr_trail_vix_conditional,earnings_blackout,neutral,Health Care,unknown,mid_15_25,long_ge_11d,-19.1984,-58.0419,38.8435,True,19,19
atr_trail_vix_conditional,fixed_4r_2r,neutral,Health Care,unknown,mid_15_25,long_ge_11d,-19.1984,-24.490899999999996,5.292499999999997,True,19,19
atr_trail_vix_conditional,hybrid_50pct_target,neutral,Health Care,unknown,mid_15_25,long_ge_11d,-19.1984,-20.7912,1.5928000000000004,True,19,19
atr_trail_vix_conditional,ma_exit_ema9,neutral,Health Care,unknown,mid_15_25,long_ge_11d,-19.1984,-11.7346,-7.463799999999999,False,19,19
atr_trail_vix_conditional,mfe_lockin_trail,neutral,Health Care,unknown,mid_15_25,long_ge_11d,-19.1984,-16.2546,-2.9437999999999995,False,19,19
atr_trail_vix_conditional,multi_tier_partial,neutral,Health Care,unknown,mid_15_25,long_ge_11d,-19.1984,-18.133499999999998,-1.0649000000000015,False,19,19
atr_trail_vix_conditional,next_pivot_target,neutral,Health Care,unknown,mid_15_25,long_ge_11d,-19.1984,-5.645199999999999,-13.5532,False,19,19
atr_trail_vix_conditional,r_multiple_2r,neutral,Health Care,unknown,mid_15_25,long_ge_11d,-19.1984,-1.7091000000000003,-17.4893,False,19,19
atr_trail_vix_conditional,r_multiple_3r,neutral,Health Care,unknown,mid_15_25,long_ge_11d,-19.1984,-1.5515999999999996,-17.6468,False,19,19
atr_trail_vix_conditional,regime_flip,neutral,Health Care,unknown,mid_15_25,long_ge_11d,-19.1984,-37.7027,18.5043,True,19,19
atr_trail_vix_conditional,reverse_signal,neutral,Health Care,unknown,mid_15_25,long_ge_11d,-19.1984,-20.0907,0.8922999999999988,True,19,19
atr_trail_vix_conditional,smc_mitigation_zone,neutral,Health Care,unknown,mid_15_25,long_ge_11d,-19.1984,-15.222,-3.9764,False,19,19
atr_trail_vix_conditional,time_stop_10d,neutral,Health Care,unknown,mid_15_25,long_ge_11d,-19.1984,-23.658,4.459600000000002,True,19,19
atr_trail_vix_conditional,time_stop_20d,neutral,Health Care,unknown,mid_15_25,long_ge_11d,-19.1984,-37.7027,18.5043,True,19,19
atr_trail_vix_conditional,trailing_10pct,neutral,Health Care,unknown,mid_15_25,long_ge_11d,-19.1984,-75.0676,55.8692,True,19,19
atr_trail_vix_conditional,trailing_15pct,neutral,Health Care,unknown,mid_15_25,long_ge_11d,-19.1984,-94.04639999999999,74.84799999999998,True,19,19
atr_trail_vix_conditional,trailing_5pct,neutral,Health Care,unknown,mid_15_25,long_ge_11d,-19.1984,-32.1308,12.932400000000001,True,19,19
break_even_at_1r,breakeven_plus_trail,neutral,Health Care,unknown,mid_15_25,long_ge_11d,-25.3835,-19.397199999999998,-5.9863000000000035,False,19,19
break_even_at_1r,chandelier_3x,neutral,Health Care,unknown,mid_15_25,long_ge_11d,-25.3835,-11.055800000000001,-14.3277,False,19,19
break_even_at_1r,class_time_stop,neutral,Health Care,unknown,mid_15_25,long_ge_11d,-25.3835,-40.6488,15.2653,True,19,19
break_even_at_1r,earnings_blackout,neutral,Health Care,unknown,mid_15_25,long_ge_11d,-25.3835,-58.0419,32.6584,True,19,19
break_even_at_1r,fixed_4r_2r,neutral,Health Care,unknown,mid_15_25,long_ge_11d,-25.3835,-24.490899999999996,-0.8926000000000052,False,19,19
break_even_at_1r,hybrid_50pct_target,neutral,Health Care,unknown,mid_15_25,long_ge_11d,-25.3835,-20.7912,-4.592300000000002,False,19,19
break_even_at_1r,ma_exit_ema9,neutral,Health Care,unknown,mid_15_25,long_ge_11d,-25.3835,-11.7346,-13.648900000000001,False,19,19
break_even_at_1r,mfe_lockin_trail,neutral,Health Care,unknown,mid_15_25,long_ge_11d,-25.3835,-16.2546,-9.128900000000002,False,19,19
break_even_at_1r,multi_tier_partial,neutral,Health Care,unknown,mid_15_25,long_ge_11d,-25.3835,-18.133499999999998,-7.2500000000000036,False,19,19
break_even_at_1r,next_pivot_target,neutral,Health Care,unknown,mid_15_25,long_ge_11d,-25.3835,-5.645199999999999,-19.738300000000002,False,19,19
break_even_at_1r,r_multiple_2r,neutral,Health Care,unknown,mid_15_25,long_ge_11d,-25.3835,-1.7091000000000003,-23.674400000000002,False,19,19
break_even_at_1r,r_multiple_3r,neutral,Health Care,unknown,mid_15_25,long_ge_11d,-25.3835,-1.5515999999999996,-23.8319,False,19,19
break_even_at_1r,regime_flip,neutral,Health Care,unknown,mid_15_25,long_ge_11d,-25.3835,-37.7027,12.319199999999999,True,19,19
break_even_at_1r,reverse_signal,neutral,Health Care,unknown,mid_15_25,long_ge_11d,-25.3835,-20.0907,-5.292800000000003,False,19,19
break_even_at_1r,smc_mitigation_zone,neutral,Health Care,unknown,mid_15_25,long_ge_11d,-25.3835,-15.222,-10.161500000000002,False,19,19
break_even_at_1r,time_stop_10d,neutral,Health Care,unknown,mid_15_25,long_ge_11d,-25.3835,-23.658,-1.7255000000000003,False,19,19
break_even_at_1r,time_stop_20d,neutral,Health Care,unknown,mid_15_25,long_ge_11d,-25.3835,-37.7027,12.319199999999999,True,19,19
break_even_at_1r,trailing_10pct,neutral,Health Care,unknown,mid_15_25,long_ge_11d,-25.3835,-75.0676,49.6841,True,19,19
break_even_at_1r,trailing_15pct,neutral,Health Care,unknown,mid_15_25,long_ge_11d,-25.3835,-94.04639999999999,68.6629,True,19,19
break_even_at_1r,trailing_5pct,neutral,Health Care,unknown,mid_15_25,long_ge_11d,-25.3835,-32.1308,6.747299999999999,True,19,19
breakeven_plus_trail,chandelier_3x,neutral,Health Care,unknown,mid_15_25,long_ge_11d,-19.397199999999998,-11.055800000000001,-8.341399999999997,False,19,19
breakeven_plus_trail,class_time_stop,neutral,Health Care,unknown,mid_15_25,long_ge_11d,-19.397199999999998,-40.6488,21.251600000000003,True,19,19
breakeven_plus_trail,earnings_blackout,neutral,Health Care,unknown,mid_15_25,long_ge_11d,-19.397199999999998,-58.0419,38.6447,True,19,19
breakeven_plus_trail,fixed_4r_2r,neutral,Health Care,unknown,mid_15_25,long_ge_11d,-19.397199999999998,-24.490899999999996,5.093699999999998,True,19,19
breakeven_plus_trail,hybrid_50pct_target,neutral,Health Care,unknown,mid_15_25,long_ge_11d,-19.397199999999998,-20.7912,1.394000000000002,True,19,19
breakeven_plus_trail,ma_exit_ema9,neutral,Health Care,unknown,mid_15_25,long_ge_11d,-19.397199999999998,-11.7346,-7.662599999999998,False,19,19
breakeven_plus_trail,mfe_lockin_trail,neutral,Health Care,unknown,mid_15_25,long_ge_11d,-19.397199999999998,-16.2546,-3.142599999999998,False,19,19
breakeven_plus_trail,multi_tier_partial,neutral,Health Care,unknown,mid_15_25,long_ge_11d,-19.397199999999998,-18.133499999999998,-1.2637,False,19,19
breakeven_plus_trail,next_pivot_target,neutral,Health Care,unknown,mid_15_25,long_ge_11d,-19.397199999999998,-5.645199999999999,-13.751999999999999,False,19,19
breakeven_plus_trail,r_multiple_2r,neutral,Health Care,unknown,mid_15_25,long_ge_11d,-19.397199999999998,-1.7091000000000003,-17.6881,False,19,19
breakeven_plus_trail,r_multiple_3r,neutral,Health Care,unknown,mid_15_25,long_ge_11d,-19.397199999999998,-1.5515999999999996,-17.845599999999997,False,19,19
breakeven_plus_trail,regime_flip,neutral,Health Care,unknown,mid_15_25,long_ge_11d,-19.397199999999998,-37.7027,18.305500000000002,True,19,19
breakeven_plus_trail,reverse_signal,neutral,Health Care,unknown,mid_15_25,long_ge_11d,-19.397199999999998,-20.0907,0.6935000000000002,True,19,19
breakeven_plus_trail,smc_mitigation_zone,neutral,Health Care,unknown,mid_15_25,long_ge_11d,-19.397199999999998,-15.222,-4.1751999999999985,False,19,19
breakeven_plus_trail,time_stop_10d,neutral,Health Care,unknown,mid_15_25,long_ge_11d,-19.397199999999998,-23.658,4.260800000000003,True,19,19
breakeven_plus_trail,time_stop_20d,neutral,Health Care,unknown,mid_15_25,long_ge_11d,-19.397199999999998,-37.7027,18.305500000000002,True,19,19
breakeven_plus_trail,trailing_10pct,neutral,Health Care,unknown,mid_15_25,long_ge_11d,-19.397199999999998,-75.0676,55.6704,True,19,19
breakeven_plus_trail,trailing_15pct,neutral,Health Care,unknown,mid_15_25,long_ge_11d,-19.397199999999998,-94.04639999999999,74.6492,True,19,19
breakeven_plus_trail,trailing_5pct,neutral,Health Care,unknown,mid_15_25,long_ge_11d,-19.397199999999998,-32.1308,12.733600000000003,True,19,19
chandelier_3x,class_time_stop,neutral,Health Care,unknown,mid_15_25,long_ge_11d,-11.055800000000001,-40.6488,29.593,True,19,19
chandelier_3x,earnings_blackout,neutral,Health Care,unknown,mid_15_25,long_ge_11d,-11.055800000000001,-58.0419,46.98609999999999,True,19,19
chandelier_3x,fixed_4r_2r,neutral,Health Care,unknown,mid_15_25,long_ge_11d,-11.055800000000001,-24.490899999999996,13.435099999999995,True,19,19
chandelier_3x,hybrid_50pct_target,neutral,Health Care,unknown,mid_15_25,long_ge_11d,-11.055800000000001,-20.7912,9.735399999999998,True,19,19
chandelier_3x,ma_exit_ema9,neutral,Health Care,unknown,mid_15_25,long_ge_11d,-11.055800000000001,-11.7346,0.678799999999999,True,19,19
chandelier_3x,mfe_lockin_trail,neutral,Health Care,unknown,mid_15_25,long_ge_11d,-11.055800000000001,-16.2546,5.1987999999999985,True,19,19
chandelier_3x,multi_tier_partial,neutral,Health Care,unknown,mid_15_25,long_ge_11d,-11.055800000000001,-18.133499999999998,7.0776999999999965,True,19,19
chandelier_3x,next_pivot_target,neutral,Health Care,unknown,mid_15_25,long_ge_11d,-11.055800000000001,-5.645199999999999,-5.410600000000002,False,19,19
chandelier_3x,r_multiple_2r,neutral,Health Care,unknown,mid_15_25,long_ge_11d,-11.055800000000001,-1.7091000000000003,-9.346700000000002,False,19,19
chandelier_3x,r_multiple_3r,neutral,Health Care,unknown,mid_15_25,long_ge_11d,-11.055800000000001,-1.5515999999999996,-9.5042,False,19,19
chandelier_3x,regime_flip,neutral,Health Care,unknown,mid_15_25,long_ge_11d,-11.055800000000001,-37.7027,26.6469,True,19,19
chandelier_3x,reverse_signal,neutral,Health Care,unknown,mid_15_25,long_ge_11d,-11.055800000000001,-20.0907,9.034899999999997,True,19,19
chandelier_3x,smc_mitigation_zone,neutral,Health Care,unknown,mid_15_25,long_ge_11d,-11.055800000000001,-15.222,4.166199999999998,True,19,19
chandelier_3x,time_stop_10d,neutral,Health Care,unknown,mid_15_25,long_ge_11d,-11.055800000000001,-23.658,12.6022,True,19,19
chandelier_3x,time_stop_20d,neutral,Health Care,unknown,mid_15_25,long_ge_11d,-11.055800000000001,-37.7027,26.6469,True,19,19
chandelier_3x,trailing_10pct,neutral,Health Care,unknown,mid_15_25,long_ge_11d,-11.055800000000001,-75.0676,64.0118,True,19,19
chandelier_3x,trailing_15pct,neutral,Health Care,unknown,mid_15_25,long_ge_11d,-11.055800000000001,-94.04639999999999,82.99059999999999,True,19,19
chandelier_3x,trailing_5pct,neutral,Health Care,unknown,mid_15_25,long_ge_11d,-11.055800000000001,-32.1308,21.075,True,19,19
class_time_stop,earnings_blackout,neutral,Health Care,unknown,mid_15_25,long_ge_11d,-40.6488,-58.0419,17.393099999999997,True,19,19
class_time_stop,fixed_4r_2r,neutral,Health Care,unknown,mid_15_25,long_ge_11d,-40.6488,-24.490899999999996,-16.157900000000005,False,19,19
class_time_stop,hybrid_50pct_target,neutral,Health Care,unknown,mid_15_25,long_ge_11d,-40.6488,-20.7912,-19.8576,False,19,19
class_time_stop,ma_exit_ema9,neutral,Health Care,unknown,mid_15_25,long_ge_11d,-40.6488,-11.7346,-28.9142,False,19,19
class_time_stop,mfe_lockin_trail,neutral,Health Care,unknown,mid_15_25,long_ge_11d,-40.6488,-16.2546,-24.3942,False,19,19
class_time_stop,multi_tier_partial,neutral,Health Care,unknown,mid_15_25,long_ge_11d,-40.6488,-18.133499999999998,-22.515300000000003,False,19,19
class_time_stop,next_pivot_target,neutral,Health Care,unknown,mid_15_25,long_ge_11d,-40.6488,-5.645199999999999,-35.003600000000006,False,19,19
class_time_stop,r_multiple_2r,neutral,Health Care,unknown,mid_15_25,long_ge_11d,-40.6488,-1.7091000000000003,-38.9397,False,19,19
class_time_stop,r_multiple_3r,neutral,Health Care,unknown,mid_15_25,long_ge_11d,-40.6488,-1.5515999999999996,-39.0972,False,19,19
class_time_stop,regime_flip,neutral,Health Care,unknown,mid_15_25,long_ge_11d,-40.6488,-37.7027,-2.9461000000000013,False,19,19
class_time_stop,reverse_signal,neutral,Health Care,unknown,mid_15_25,long_ge_11d,-40.6488,-20.0907,-20.558100000000003,False,19,19
class_time_stop,smc_mitigation_zone,neutral,Health Care,unknown,mid_15_25,long_ge_11d,-40.6488,-15.222,-25.4268,False,19,19
class_time_stop,time_stop_10d,neutral,Health Care,unknown,mid_15_25,long_ge_11d,-40.6488,-23.658,-16.9908,False,19,19
class_time_stop,time_stop_20d,neutral,Health Care,unknown,mid_15_25,long_ge_11d,-40.6488,-37.7027,-2.9461000000000013,False,19,19
class_time_stop,trailing_10pct,neutral,Health Care,unknown,mid_15_25,long_ge_11d,-40.6488,-75.0676,34.4188,True,19,19
class_time_stop,trailing_15pct,neutral,Health Care,unknown,mid_15_25,long_ge_11d,-40.6488,-94.04639999999999,53.39759999999999,True,19,19
class_time_stop,trailing_5pct,neutral,Health Care,unknown,mid_15_25,long_ge_11d,-40.6488,-32.1308,-8.518,False,19,19
earnings_blackout,fixed_4r_2r,neutral,Health Care,unknown,mid_15_25,long_ge_11d,-58.0419,-24.490899999999996,-33.551,False,19,19
earnings_blackout,hybrid_50pct_target,neutral,Health Care,unknown,mid_15_25,long_ge_11d,-58.0419,-20.7912,-37.250699999999995,False,19,19
earnings_blackout,ma_exit_ema9,neutral,Health Care,unknown,mid_15_25,long_ge_11d,-58.0419,-11.7346,-46.3073,False,19,19
earnings_blackout,mfe_lockin_trail,neutral,Health Care,unknown,mid_15_25,long_ge_11d,-58.0419,-16.2546,-41.7873,False,19,19
earnings_blackout,multi_tier_partial,neutral,Health Care,unknown,mid_15_25,long_ge_11d,-58.0419,-18.133499999999998,-39.9084,False,19,19
earnings_blackout,next_pivot_target,neutral,Health Care,unknown,mid_15_25,long_ge_11d,-58.0419,-5.645199999999999,-52.396699999999996,False,19,19
earnings_blackout,r_multiple_2r,neutral,Health Care,unknown,mid_15_25,long_ge_11d,-58.0419,-1.7091000000000003,-56.3328,False,19,19
earnings_blackout,r_multiple_3r,neutral,Health Care,unknown,mid_15_25,long_ge_11d,-58.0419,-1.5515999999999996,-56.4903,False,19,19
earnings_blackout,regime_flip,neutral,Health Care,unknown,mid_15_25,long_ge_11d,-58.0419,-37.7027,-20.339199999999998,False,19,19
earnings_blackout,reverse_signal,neutral,Health Care,unknown,mid_15_25,long_ge_11d,-58.0419,-20.0907,-37.9512,False,19,19
earnings_blackout,smc_mitigation_zone,neutral,Health Care,unknown,mid_15_25,long_ge_11d,-58.0419,-15.222,-42.8199,False,19,19
earnings_blackout,time_stop_10d,neutral,Health Care,unknown,mid_15_25,long_ge_11d,-58.0419,-23.658,-34.3839,False,19,19
earnings_blackout,time_stop_20d,neutral,Health Care,unknown,mid_15_25,long_ge_11d,-58.0419,-37.7027,-20.339199999999998,False,19,19
earnings_blackout,trailing_10pct,neutral,Health Care,unknown,mid_15_25,long_ge_11d,-58.0419,-75.0676,17.0257,True,19,19
earnings_blackout,trailing_15pct,neutral,Health Care,unknown,mid_15_25,long_ge_11d,-58.0419,-94.04639999999999,36.00449999999999,True,19,19
earnings_blackout,trailing_5pct,neutral,Health Care,unknown,mid_15_25,long_ge_11d,-58.0419,-32.1308,-25.911099999999998,False,19,19
fixed_4r_2r,hybrid_50pct_target,neutral,Health Care,unknown,mid_15_25,long_ge_11d,-24.490899999999996,-20.7912,-3.6996999999999964,False,19,19
fixed_4r_2r,ma_exit_ema9,neutral,Health Care,unknown,mid_15_25,long_ge_11d,-24.490899999999996,-11.7346,-12.756299999999996,False,19,19
fixed_4r_2r,mfe_lockin_trail,neutral,Health Care,unknown,mid_15_25,long_ge_11d,-24.490899999999996,-16.2546,-8.236299999999996,False,19,19
fixed_4r_2r,multi_tier_partial,neutral,Health Care,unknown,mid_15_25,long_ge_11d,-24.490899999999996,-18.133499999999998,-6.357399999999998,False,19,19
fixed_4r_2r,next_pivot_target,neutral,Health Care,unknown,mid_15_25,long_ge_11d,-24.490899999999996,-5.645199999999999,-18.845699999999997,False,19,19
fixed_4r_2r,r_multiple_2r,neutral,Health Care,unknown,mid_15_25,long_ge_11d,-24.490899999999996,-1.7091000000000003,-22.781799999999997,False,19,19
fixed_4r_2r,r_multiple_3r,neutral,Health Care,unknown,mid_15_25,long_ge_11d,-24.490899999999996,-1.5515999999999996,-22.939299999999996,False,19,19
fixed_4r_2r,regime_flip,neutral,Health Care,unknown,mid_15_25,long_ge_11d,-24.490899999999996,-37.7027,13.211800000000004,True,19,19
fixed_4r_2r,reverse_signal,neutral,Health Care,unknown,mid_15_25,long_ge_11d,-24.490899999999996,-20.0907,-4.400199999999998,False,19,19
fixed_4r_2r,smc_mitigation_zone,neutral,Health Care,unknown,mid_15_25,long_ge_11d,-24.490899999999996,-15.222,-9.268899999999997,False,19,19
fixed_4r_2r,time_stop_10d,neutral,Health Care,unknown,mid_15_25,long_ge_11d,-24.490899999999996,-23.658,-0.8328999999999951,False,19,19
fixed_4r_2r,time_stop_20d,neutral,Health Care,unknown,mid_15_25,long_ge_11d,-24.490899999999996,-37.7027,13.211800000000004,True,19,19
fixed_4r_2r,trailing_10pct,neutral,Health Care,unknown,mid_15_25,long_ge_11d,-24.490899999999996,-75.0676,50.5767,True,19,19
fixed_4r_2r,trailing_15pct,neutral,Health Care,unknown,mid_15_25,long_ge_11d,-24.490899999999996,-94.04639999999999,69.5555,True,19,19
fixed_4r_2r,trailing_5pct,neutral,Health Care,unknown,mid_15_25,long_ge_11d,-24.490899999999996,-32.1308,7.639900000000004,True,19,19
hybrid_50pct_target,ma_exit_ema9,neutral,Health Care,unknown,mid_15_25,long_ge_11d,-20.7912,-11.7346,-9.0566,False,19,19
hybrid_50pct_target,mfe_lockin_trail,neutral,Health Care,unknown,mid_15_25,long_ge_11d,-20.7912,-16.2546,-4.5366,False,19,19
hybrid_50pct_target,multi_tier_partial,neutral,Health Care,unknown,mid_15_25,long_ge_11d,-20.7912,-18.133499999999998,-2.657700000000002,False,19,19
hybrid_50pct_target,next_pivot_target,neutral,Health Care,unknown,mid_15_25,long_ge_11d,-20.7912,-5.645199999999999,-15.146,False,19,19
hybrid_50pct_target,r_multiple_2r,neutral,Health Care,unknown,mid_15_25,long_ge_11d,-20.7912,-1.7091000000000003,-19.0821,False,19,19
hybrid_50pct_target,r_multiple_3r,neutral,Health Care,unknown,mid_15_25,long_ge_11d,-20.7912,-1.5515999999999996,-19.2396,False,19,19
hybrid_50pct_target,regime_flip,neutral,Health Care,unknown,mid_15_25,long_ge_11d,-20.7912,-37.7027,16.9115,True,19,19
hybrid_50pct_target,reverse_signal,neutral,Health Care,unknown,mid_15_25,long_ge_11d,-20.7912,-20.0907,-0.7005000000000017,False,19,19
hybrid_50pct_target,smc_mitigation_zone,neutral,Health Care,unknown,mid_15_25,long_ge_11d,-20.7912,-15.222,-5.5692,False,19,19
hybrid_50pct_target,time_stop_10d,neutral,Health Care,unknown,mid_15_25,long_ge_11d,-20.7912,-23.658,2.8668000000000013,True,19,19
hybrid_50pct_target,time_stop_20d,neutral,Health Care,unknown,mid_15_25,long_ge_11d,-20.7912,-37.7027,16.9115,True,19,19
hybrid_50pct_target,trailing_10pct,neutral,Health Care,unknown,mid_15_25,long_ge_11d,-20.7912,-75.0676,54.276399999999995,True,19,19
hybrid_50pct_target,trailing_15pct,neutral,Health Care,unknown,mid_15_25,long_ge_11d,-20.7912,-94.04639999999999,73.25519999999999,True,19,19
hybrid_50pct_target,trailing_5pct,neutral,Health Care,unknown,mid_15_25,long_ge_11d,-20.7912,-32.1308,11.3396,True,19,19
ma_exit_ema9,mfe_lockin_trail,neutral,Health Care,unknown,mid_15_25,long_ge_11d,-11.7346,-16.2546,4.52,True,19,19
ma_exit_ema9,multi_tier_partial,neutral,Health Care,unknown,mid_15_25,long_ge_11d,-11.7346,-18.133499999999998,6.398899999999998,True,19,19
ma_exit_ema9,next_pivot_target,neutral,Health Care,unknown,mid_15_25,long_ge_11d,-11.7346,-5.645199999999999,-6.089400000000001,False,19,19
ma_exit_ema9,r_multiple_2r,neutral,Health Care,unknown,mid_15_25,long_ge_11d,-11.7346,-1.7091000000000003,-10.025500000000001,False,19,19
ma_exit_ema9,r_multiple_3r,neutral,Health Care,unknown,mid_15_25,long_ge_11d,-11.7346,-1.5515999999999996,-10.183,False,19,19
ma_exit_ema9,regime_flip,neutral,Health Care,unknown,mid_15_25,long_ge_11d,-11.7346,-37.7027,25.9681,True,19,19
ma_exit_ema9,reverse_signal,neutral,Health Care,unknown,mid_15_25,long_ge_11d,-11.7346,-20.0907,8.356099999999998,True,19,19
ma_exit_ema9,smc_mitigation_zone,neutral,Health Care,unknown,mid_15_25,long_ge_11d,-11.7346,-15.222,3.487399999999999,True,19,19
ma_exit_ema9,time_stop_10d,neutral,Health Care,unknown,mid_15_25,long_ge_11d,-11.7346,-23.658,11.9234,True,19,19
ma_exit_ema9,time_stop_20d,neutral,Health Care,unknown,mid_15_25,long_ge_11d,-11.7346,-37.7027,25.9681,True,19,19
ma_exit_ema9,trailing_10pct,neutral,Health Care,unknown,mid_15_25,long_ge_11d,-11.7346,-75.0676,63.333,True,19,19
ma_exit_ema9,trailing_15pct,neutral,Health Care,unknown,mid_15_25,long_ge_11d,-11.7346,-94.04639999999999,82.31179999999999,True,19,19
ma_exit_ema9,trailing_5pct,neutral,Health Care,unknown,mid_15_25,long_ge_11d,-11.7346,-32.1308,20.3962,True,19,19
mfe_lockin_trail,multi_tier_partial,neutral,Health Care,unknown,mid_15_25,long_ge_11d,-16.2546,-18.133499999999998,1.878899999999998,True,19,19
mfe_lockin_trail,next_pivot_target,neutral,Health Care,unknown,mid_15_25,long_ge_11d,-16.2546,-5.645199999999999,-10.6094,False,19,19
mfe_lockin_trail,r_multiple_2r,neutral,Health Care,unknown,mid_15_25,long_ge_11d,-16.2546,-1.7091000000000003,-14.5455,False,19,19
mfe_lockin_trail,r_multiple_3r,neutral,Health Care,unknown,mid_15_25,long_ge_11d,-16.2546,-1.5515999999999996,-14.703,False,19,19
mfe_lockin_trail,regime_flip,neutral,Health Care,unknown,mid_15_25,long_ge_11d,-16.2546,-37.7027,21.4481,True,19,19
mfe_lockin_trail,reverse_signal,neutral,Health Care,unknown,mid_15_25,long_ge_11d,-16.2546,-20.0907,3.8360999999999983,True,19,19
mfe_lockin_trail,smc_mitigation_zone,neutral,Health Care,unknown,mid_15_25,long_ge_11d,-16.2546,-15.222,-1.0326000000000004,False,19,19
mfe_lockin_trail,time_stop_10d,neutral,Health Care,unknown,mid_15_25,long_ge_11d,-16.2546,-23.658,7.403400000000001,True,19,19
mfe_lockin_trail,time_stop_20d,neutral,Health Care,unknown,mid_15_25,long_ge_11d,-16.2546,-37.7027,21.4481,True,19,19
mfe_lockin_trail,trailing_10pct,neutral,Health Care,unknown,mid_15_25,long_ge_11d,-16.2546,-75.0676,58.813,True,19,19
mfe_lockin_trail,trailing_15pct,neutral,Health Care,unknown,mid_15_25,long_ge_11d,-16.2546,-94.04639999999999,77.7918,True,19,19
mfe_lockin_trail,trailing_5pct,neutral,Health Care,unknown,mid_15_25,long_ge_11d,-16.2546,-32.1308,15.8762,True,19,19
multi_tier_partial,next_pivot_target,neutral,Health Care,unknown,mid_15_25,long_ge_11d,-18.133499999999998,-5.645199999999999,-12.488299999999999,False,19,19
multi_tier_partial,r_multiple_2r,neutral,Health Care,unknown,mid_15_25,long_ge_11d,-18.133499999999998,-1.7091000000000003,-16.4244,False,19,19
multi_tier_partial,r_multiple_3r,neutral,Health Care,unknown,mid_15_25,long_ge_11d,-18.133499999999998,-1.5515999999999996,-16.581899999999997,False,19,19
multi_tier_partial,regime_flip,neutral,Health Care,unknown,mid_15_25,long_ge_11d,-18.133499999999998,-37.7027,19.569200000000002,True,19,19
multi_tier_partial,reverse_signal,neutral,Health Care,unknown,mid_15_25,long_ge_11d,-18.133499999999998,-20.0907,1.9572000000000003,True,19,19
multi_tier_partial,smc_mitigation_zone,neutral,Health Care,unknown,mid_15_25,long_ge_11d,-18.133499999999998,-15.222,-2.9114999999999984,False,19,19
multi_tier_partial,time_stop_10d,neutral,Health Care,unknown,mid_15_25,long_ge_11d,-18.133499999999998,-23.658,5.524500000000003,True,19,19
multi_tier_partial,time_stop_20d,neutral,Health Care,unknown,mid_15_25,long_ge_11d,-18.133499999999998,-37.7027,19.569200000000002,True,19,19
multi_tier_partial,trailing_10pct,neutral,Health Care,unknown,mid_15_25,long_ge_11d,-18.133499999999998,-75.0676,56.9341,True,19,19
multi_tier_partial,trailing_15pct,neutral,Health Care,unknown,mid_15_25,long_ge_11d,-18.133499999999998,-94.04639999999999,75.9129,True,19,19
multi_tier_partial,trailing_5pct,neutral,Health Care,unknown,mid_15_25,long_ge_11d,-18.133499999999998,-32.1308,13.997300000000003,True,19,19
next_pivot_target,r_multiple_2r,neutral,Health Care,unknown,mid_15_25,long_ge_11d,-5.645199999999999,-1.7091000000000003,-3.936099999999999,False,19,19
next_pivot_target,r_multiple_3r,neutral,Health Care,unknown,mid_15_25,long_ge_11d,-5.645199999999999,-1.5515999999999996,-4.0935999999999995,False,19,19
next_pivot_target,regime_flip,neutral,Health Care,unknown,mid_15_25,long_ge_11d,-5.645199999999999,-37.7027,32.057500000000005,True,19,19
next_pivot_target,reverse_signal,neutral,Health Care,unknown,mid_15_25,long_ge_11d,-5.645199999999999,-20.0907,14.4455,True,19,19
next_pivot_target,smc_mitigation_zone,neutral,Health Care,unknown,mid_15_25,long_ge_11d,-5.645199999999999,-15.222,9.5768,True,19,19
next_pivot_target,time_stop_10d,neutral,Health Care,unknown,mid_15_25,long_ge_11d,-5.645199999999999,-23.658,18.012800000000002,True,19,19
next_pivot_target,time_stop_20d,neutral,Health Care,unknown,mid_15_25,long_ge_11d,-5.645199999999999,-37.7027,32.057500000000005,True,19,19
next_pivot_target,trailing_10pct,neutral,Health Care,unknown,mid_15_25,long_ge_11d,-5.645199999999999,-75.0676,69.4224,True,19,19
next_pivot_target,trailing_15pct,neutral,Health Care,unknown,mid_15_25,long_ge_11d,-5.645199999999999,-94.04639999999999,88.40119999999999,True,19,19
next_pivot_target,trailing_5pct,neutral,Health Care,unknown,mid_15_25,long_ge_11d,-5.645199999999999,-32.1308,26.4856,True,19,19
r_multiple_2r,r_multiple_3r,neutral,Health Care,unknown,mid_15_25,long_ge_11d,-1.7091000000000003,-1.5515999999999996,-0.15750000000000064,False,19,19
r_multiple_2r,regime_flip,neutral,Health Care,unknown,mid_15_25,long_ge_11d,-1.7091000000000003,-37.7027,35.9936,True,19,19
r_multiple_2r,reverse_signal,neutral,Health Care,unknown,mid_15_25,long_ge_11d,-1.7091000000000003,-20.0907,18.3816,True,19,19
r_multiple_2r,smc_mitigation_zone,neutral,Health Care,unknown,mid_15_25,long_ge_11d,-1.7091000000000003,-15.222,13.512899999999998,True,19,19
r_multiple_2r,time_stop_10d,neutral,Health Care,unknown,mid_15_25,long_ge_11d,-1.7091000000000003,-23.658,21.948900000000002,True,19,19
r_multiple_2r,time_stop_20d,neutral,Health Care,unknown,mid_15_25,long_ge_11d,-1.7091000000000003,-37.7027,35.9936,True,19,19
r_multiple_2r,trailing_10pct,neutral,Health Care,unknown,mid_15_25,long_ge_11d,-1.7091000000000003,-75.0676,73.35849999999999,True,19,19
r_multiple_2r,trailing_15pct,neutral,Health Care,unknown,mid_15_25,long_ge_11d,-1.7091000000000003,-94.04639999999999,92.33729999999998,True,19,19
r_multiple_2r,trailing_5pct,neutral,Health Care,unknown,mid_15_25,long_ge_11d,-1.7091000000000003,-32.1308,30.4217,True,19,19
r_multiple_3r,regime_flip,neutral,Health Care,unknown,mid_15_25,long_ge_11d,-1.5515999999999996,-37.7027,36.1511,True,19,19
r_multiple_3r,reverse_signal,neutral,Health Care,unknown,mid_15_25,long_ge_11d,-1.5515999999999996,-20.0907,18.539099999999998,True,19,19
r_multiple_3r,smc_mitigation_zone,neutral,Health Care,unknown,mid_15_25,long_ge_11d,-1.5515999999999996,-15.222,13.6704,True,19,19
r_multiple_3r,time_stop_10d,neutral,Health Care,unknown,mid_15_25,long_ge_11d,-1.5515999999999996,-23.658,22.1064,True,19,19
r_multiple_3r,time_stop_20d,neutral,Health Care,unknown,mid_15_25,long_ge_11d,-1.5515999999999996,-37.7027,36.1511,True,19,19
r_multiple_3r,trailing_10pct,neutral,Health Care,unknown,mid_15_25,long_ge_11d,-1.5515999999999996,-75.0676,73.516,True,19,19
r_multiple_3r,trailing_15pct,neutral,Health Care,unknown,mid_15_25,long_ge_11d,-1.5515999999999996,-94.04639999999999,92.4948,True,19,19
r_multiple_3r,trailing_5pct,neutral,Health Care,unknown,mid_15_25,long_ge_11d,-1.5515999999999996,-32.1308,30.5792,True,19,19
regime_flip,reverse_signal,neutral,Health Care,unknown,mid_15_25,long_ge_11d,-37.7027,-20.0907,-17.612000000000002,False,19,19
regime_flip,smc_mitigation_zone,neutral,Health Care,unknown,mid_15_25,long_ge_11d,-37.7027,-15.222,-22.4807,False,19,19
regime_flip,time_stop_10d,neutral,Health Care,unknown,mid_15_25,long_ge_11d,-37.7027,-23.658,-14.044699999999999,False,19,19
regime_flip,time_stop_20d,neutral,Health Care,unknown,mid_15_25,long_ge_11d,-37.7027,-37.7027,0.0,False,19,19
regime_flip,trailing_10pct,neutral,Health Care,unknown,mid_15_25,long_ge_11d,-37.7027,-75.0676,37.3649,True,19,19
regime_flip,trailing_15pct,neutral,Health Care,unknown,mid_15_25,long_ge_11d,-37.7027,-94.04639999999999,56.34369999999999,True,19,19
regime_flip,trailing_5pct,neutral,Health Care,unknown,mid_15_25,long_ge_11d,-37.7027,-32.1308,-5.571899999999999,False,19,19
reverse_signal,smc_mitigation_zone,neutral,Health Care,unknown,mid_15_25,long_ge_11d,-20.0907,-15.222,-4.868699999999999,False,19,19
reverse_signal,time_stop_10d,neutral,Health Care,unknown,mid_15_25,long_ge_11d,-20.0907,-23.658,3.567300000000003,True,19,19
reverse_signal,time_stop_20d,neutral,Health Care,unknown,mid_15_25,long_ge_11d,-20.0907,-37.7027,17.612000000000002,True,19,19
reverse_signal,trailing_10pct,neutral,Health Care,unknown,mid_15_25,long_ge_11d,-20.0907,-75.0676,54.9769,True,19,19
reverse_signal,trailing_15pct,neutral,Health Care,unknown,mid_15_25,long_ge_11d,-20.0907,-94.04639999999999,73.9557,True,19,19
reverse_signal,trailing_5pct,neutral,Health Care,unknown,mid_15_25,long_ge_11d,-20.0907,-32.1308,12.040100000000002,True,19,19
smc_mitigation_zone,time_stop_10d,neutral,Health Care,unknown,mid_15_25,long_ge_11d,-15.222,-23.658,8.436000000000002,True,19,19
smc_mitigation_zone,time_stop_20d,neutral,Health Care,unknown,mid_15_25,long_ge_11d,-15.222,-37.7027,22.4807,True,19,19
smc_mitigation_zone,trailing_10pct,neutral,Health Care,unknown,mid_15_25,long_ge_11d,-15.222,-75.0676,59.8456,True,19,19
smc_mitigation_zone,trailing_15pct,neutral,Health Care,unknown,mid_15_25,long_ge_11d,-15.222,-94.04639999999999,78.8244,True,19,19
smc_mitigation_zone,trailing_5pct,neutral,Health Care,unknown,mid_15_25,long_ge_11d,-15.222,-32.1308,16.9088,True,19,19
time_stop_10d,time_stop_20d,neutral,Health Care,unknown,mid_15_25,long_ge_11d,-23.658,-37.7027,14.044699999999999,True,19,19
time_stop_10d,trailing_10pct,neutral,Health Care,unknown,mid_15_25,long_ge_11d,-23.658,-75.0676,51.4096,True,19,19
time_stop_10d,trailing_15pct,neutral,Health Care,unknown,mid_15_25,long_ge_11d,-23.658,-94.04639999999999,70.38839999999999,True,19,19
time_stop_10d,trailing_5pct,neutral,Health Care,unknown,mid_15_25,long_ge_11d,-23.658,-32.1308,8.4728,True,19,19
time_stop_20d,trailing_10pct,neutral,Health Care,unknown,mid_15_25,long_ge_11d,-37.7027,-75.0676,37.3649,True,19,19
time_stop_20d,trailing_15pct,neutral,Health Care,unknown,mid_15_25,long_ge_11d,-37.7027,-94.04639999999999,56.34369999999999,True,19,19
time_stop_20d,trailing_5pct,neutral,Health Care,unknown,mid_15_25,long_ge_11d,-37.7027,-32.1308,-5.571899999999999,False,19,19
trailing_10pct,trailing_15pct,neutral,Health Care,unknown,mid_15_25,long_ge_11d,-75.0676,-94.04639999999999,18.978799999999993,True,19,19
trailing_10pct,trailing_5pct,neutral,Health Care,unknown,mid_15_25,long_ge_11d,-75.0676,-32.1308,-42.9368,False,19,19
trailing_15pct,trailing_5pct,neutral,Health Care,unknown,mid_15_25,long_ge_11d,-94.04639999999999,-32.1308,-61.91559999999999,False,19,19
atr_trail_1x,atr_trail_2x,neutral,Information Technology,unknown,mid_15_25,long_ge_11d,2.228700000000001,56.8994,-54.6707,False,21,21
atr_trail_1x,atr_trail_mae_conditional,neutral,Information Technology,unknown,mid_15_25,long_ge_11d,2.228700000000001,2.228700000000001,0.0,False,21,21
atr_trail_1x,atr_trail_vix_conditional,neutral,Information Technology,unknown,mid_15_25,long_ge_11d,2.228700000000001,12.142,-9.9133,False,21,21
atr_trail_1x,break_even_at_1r,neutral,Information Technology,unknown,mid_15_25,long_ge_11d,2.228700000000001,40.4236,-38.1949,False,21,21
atr_trail_1x,breakeven_plus_trail,neutral,Information Technology,unknown,mid_15_25,long_ge_11d,2.228700000000001,173.7717,-171.543,False,21,21
atr_trail_1x,chandelier_3x,neutral,Information Technology,unknown,mid_15_25,long_ge_11d,2.228700000000001,222.1747,-219.946,False,21,21
atr_trail_1x,class_time_stop,neutral,Information Technology,unknown,mid_15_25,long_ge_11d,2.228700000000001,40.60770000000001,-38.379000000000005,False,21,21
atr_trail_1x,earnings_blackout,neutral,Information Technology,unknown,mid_15_25,long_ge_11d,2.228700000000001,1518.5726,-1516.3439,False,21,21
atr_trail_1x,fixed_4r_2r,neutral,Information Technology,unknown,mid_15_25,long_ge_11d,2.228700000000001,104.2117,-101.98299999999999,False,21,21
atr_trail_1x,hybrid_50pct_target,neutral,Information Technology,unknown,mid_15_25,long_ge_11d,2.228700000000001,-101.57100000000001,103.79970000000002,True,21,21
atr_trail_1x,ma_exit_ema9,neutral,Information Technology,unknown,mid_15_25,long_ge_11d,2.228700000000001,26.7837,-24.555,False,21,21
atr_trail_1x,mfe_lockin_trail,neutral,Information Technology,unknown,mid_15_25,long_ge_11d,2.228700000000001,2.927900000000001,-0.6992000000000003,False,21,21
atr_trail_1x,multi_tier_partial,neutral,Information Technology,unknown,mid_15_25,long_ge_11d,2.228700000000001,10.1126,-7.8839,False,21,21
atr_trail_1x,next_pivot_target,neutral,Information Technology,unknown,mid_15_25,long_ge_11d,2.228700000000001,16.567600000000002,-14.338900000000002,False,21,21
atr_trail_1x,r_multiple_2r,neutral,Information Technology,unknown,mid_15_25,long_ge_11d,2.228700000000001,16.3169,-14.0882,False,21,21
atr_trail_1x,r_multiple_3r,neutral,Information Technology,unknown,mid_15_25,long_ge_11d,2.228700000000001,41.677,-39.448299999999996,False,21,21
atr_trail_1x,regime_flip,neutral,Information Technology,unknown,mid_15_25,long_ge_11d,2.228700000000001,64.5194,-62.2907,False,21,21
atr_trail_1x,reverse_signal,neutral,Information Technology,unknown,mid_15_25,long_ge_11d,2.228700000000001,2.228700000000001,0.0,False,21,21
atr_trail_1x,smc_mitigation_zone,neutral,Information Technology,unknown,mid_15_25,long_ge_11d,2.228700000000001,-11.821399999999999,14.0501,True,21,21
atr_trail_1x,time_stop_10d,neutral,Information Technology,unknown,mid_15_25,long_ge_11d,2.228700000000001,60.3196,-58.0909,False,21,21
atr_trail_1x,time_stop_20d,neutral,Information Technology,unknown,mid_15_25,long_ge_11d,2.228700000000001,64.5194,-62.2907,False,21,21
atr_trail_1x,trailing_10pct,neutral,Information Technology,unknown,mid_15_25,long_ge_11d,2.228700000000001,153.6559,-151.4272,False,21,21
atr_trail_1x,trailing_15pct,neutral,Information Technology,unknown,mid_15_25,long_ge_11d,2.228700000000001,425.1115,-422.8828,False,21,21
atr_trail_1x,trailing_5pct,neutral,Information Technology,unknown,mid_15_25,long_ge_11d,2.228700000000001,-2.4787999999999992,4.7075,True,21,21
atr_trail_2x,atr_trail_mae_conditional,neutral,Information Technology,unknown,mid_15_25,long_ge_11d,56.8994,2.228700000000001,54.6707,True,21,21
atr_trail_2x,atr_trail_vix_conditional,neutral,Information Technology,unknown,mid_15_25,long_ge_11d,56.8994,12.142,44.757400000000004,True,21,21
atr_trail_2x,break_even_at_1r,neutral,Information Technology,unknown,mid_15_25,long_ge_11d,56.8994,40.4236,16.4758,True,21,21
atr_trail_2x,breakeven_plus_trail,neutral,Information Technology,unknown,mid_15_25,long_ge_11d,56.8994,173.7717,-116.87230000000001,False,21,21
atr_trail_2x,chandelier_3x,neutral,Information Technology,unknown,mid_15_25,long_ge_11d,56.8994,222.1747,-165.27530000000002,False,21,21
atr_trail_2x,class_time_stop,neutral,Information Technology,unknown,mid_15_25,long_ge_11d,56.8994,40.60770000000001,16.29169999999999,True,21,21
atr_trail_2x,earnings_blackout,neutral,Information Technology,unknown,mid_15_25,long_ge_11d,56.8994,1518.5726,-1461.6732,False,21,21
atr_trail_2x,fixed_4r_2r,neutral,Information Technology,unknown,mid_15_25,long_ge_11d,56.8994,104.2117,-47.31229999999999,False,21,21
atr_trail_2x,hybrid_50pct_target,neutral,Information Technology,unknown,mid_15_25,long_ge_11d,56.8994,-101.57100000000001,158.4704,True,21,21
atr_trail_2x,ma_exit_ema9,neutral,Information Technology,unknown,mid_15_25,long_ge_11d,56.8994,26.7837,30.1157,True,21,21
atr_trail_2x,mfe_lockin_trail,neutral,Information Technology,unknown,mid_15_25,long_ge_11d,56.8994,2.927900000000001,53.9715,True,21,21
atr_trail_2x,multi_tier_partial,neutral,Information Technology,unknown,mid_15_25,long_ge_11d,56.8994,10.1126,46.7868,True,21,21
atr_trail_2x,next_pivot_target,neutral,Information Technology,unknown,mid_15_25,long_ge_11d,56.8994,16.567600000000002,40.3318,True,21,21
atr_trail_2x,r_multiple_2r,neutral,Information Technology,unknown,mid_15_25,long_ge_11d,56.8994,16.3169,40.582499999999996,True,21,21
atr_trail_2x,r_multiple_3r,neutral,Information Technology,unknown,mid_15_25,long_ge_11d,56.8994,41.677,15.2224,True,21,21
atr_trail_2x,regime_flip,neutral,Information Technology,unknown,mid_15_25,long_ge_11d,56.8994,64.5194,-7.6200000000000045,False,21,21
atr_trail_2x,reverse_signal,neutral,Information Technology,unknown,mid_15_25,long_ge_11d,56.8994,2.228700000000001,54.6707,True,21,21
atr_trail_2x,smc_mitigation_zone,neutral,Information Technology,unknown,mid_15_25,long_ge_11d,56.8994,-11.821399999999999,68.7208,True,21,21
atr_trail_2x,time_stop_10d,neutral,Information Technology,unknown,mid_15_25,long_ge_11d,56.8994,60.3196,-3.4202000000000012,False,21,21
atr_trail_2x,time_stop_20d,neutral,Information Technology,unknown,mid_15_25,long_ge_11d,56.8994,64.5194,-7.6200000000000045,False,21,21
atr_trail_2x,trailing_10pct,neutral,Information Technology,unknown,mid_15_25,long_ge_11d,56.8994,153.6559,-96.7565,False,21,21
atr_trail_2x,trailing_15pct,neutral,Information Technology,unknown,mid_15_25,long_ge_11d,56.8994,425.1115,-368.21209999999996,False,21,21
atr_trail_2x,trailing_5pct,neutral,Information Technology,unknown,mid_15_25,long_ge_11d,56.8994,-2.4787999999999992,59.3782,True,21,21
atr_trail_mae_conditional,atr_trail_vix_conditional,neutral,Information Technology,unknown,mid_15_25,long_ge_11d,2.228700000000001,12.142,-9.9133,False,21,21
atr_trail_mae_conditional,break_even_at_1r,neutral,Information Technology,unknown,mid_15_25,long_ge_11d,2.228700000000001,40.4236,-38.1949,False,21,21
atr_trail_mae_conditional,breakeven_plus_trail,neutral,Information Technology,unknown,mid_15_25,long_ge_11d,2.228700000000001,173.7717,-171.543,False,21,21
atr_trail_mae_conditional,chandelier_3x,neutral,Information Technology,unknown,mid_15_25,long_ge_11d,2.228700000000001,222.1747,-219.946,False,21,21
atr_trail_mae_conditional,class_time_stop,neutral,Information Technology,unknown,mid_15_25,long_ge_11d,2.228700000000001,40.60770000000001,-38.379000000000005,False,21,21
atr_trail_mae_conditional,earnings_blackout,neutral,Information Technology,unknown,mid_15_25,long_ge_11d,2.228700000000001,1518.5726,-1516.3439,False,21,21
atr_trail_mae_conditional,fixed_4r_2r,neutral,Information Technology,unknown,mid_15_25,long_ge_11d,2.228700000000001,104.2117,-101.98299999999999,False,21,21
atr_trail_mae_conditional,hybrid_50pct_target,neutral,Information Technology,unknown,mid_15_25,long_ge_11d,2.228700000000001,-101.57100000000001,103.79970000000002,True,21,21
atr_trail_mae_conditional,ma_exit_ema9,neutral,Information Technology,unknown,mid_15_25,long_ge_11d,2.228700000000001,26.7837,-24.555,False,21,21
atr_trail_mae_conditional,mfe_lockin_trail,neutral,Information Technology,unknown,mid_15_25,long_ge_11d,2.228700000000001,2.927900000000001,-0.6992000000000003,False,21,21
atr_trail_mae_conditional,multi_tier_partial,neutral,Information Technology,unknown,mid_15_25,long_ge_11d,2.228700000000001,10.1126,-7.8839,False,21,21
atr_trail_mae_conditional,next_pivot_target,neutral,Information Technology,unknown,mid_15_25,long_ge_11d,2.228700000000001,16.567600000000002,-14.338900000000002,False,21,21
atr_trail_mae_conditional,r_multiple_2r,neutral,Information Technology,unknown,mid_15_25,long_ge_11d,2.228700000000001,16.3169,-14.0882,False,21,21
atr_trail_mae_conditional,r_multiple_3r,neutral,Information Technology,unknown,mid_15_25,long_ge_11d,2.228700000000001,41.677,-39.448299999999996,False,21,21
atr_trail_mae_conditional,regime_flip,neutral,Information Technology,unknown,mid_15_25,long_ge_11d,2.228700000000001,64.5194,-62.2907,False,21,21
atr_trail_mae_conditional,reverse_signal,neutral,Information Technology,unknown,mid_15_25,long_ge_11d,2.228700000000001,2.228700000000001,0.0,False,21,21
atr_trail_mae_conditional,smc_mitigation_zone,neutral,Information Technology,unknown,mid_15_25,long_ge_11d,2.228700000000001,-11.821399999999999,14.0501,True,21,21
atr_trail_mae_conditional,time_stop_10d,neutral,Information Technology,unknown,mid_15_25,long_ge_11d,2.228700000000001,60.3196,-58.0909,False,21,21
atr_trail_mae_conditional,time_stop_20d,neutral,Information Technology,unknown,mid_15_25,long_ge_11d,2.228700000000001,64.5194,-62.2907,False,21,21
atr_trail_mae_conditional,trailing_10pct,neutral,Information Technology,unknown,mid_15_25,long_ge_11d,2.228700000000001,153.6559,-151.4272,False,21,21
atr_trail_mae_conditional,trailing_15pct,neutral,Information Technology,unknown,mid_15_25,long_ge_11d,2.228700000000001,425.1115,-422.8828,False,21,21
atr_trail_mae_conditional,trailing_5pct,neutral,Information Technology,unknown,mid_15_25,long_ge_11d,2.228700000000001,-2.4787999999999992,4.7075,True,21,21
atr_trail_vix_conditional,break_even_at_1r,neutral,Information Technology,unknown,mid_15_25,long_ge_11d,12.142,40.4236,-28.2816,False,21,21
atr_trail_vix_conditional,breakeven_plus_trail,neutral,Information Technology,unknown,mid_15_25,long_ge_11d,12.142,173.7717,-161.6297,False,21,21
atr_trail_vix_conditional,chandelier_3x,neutral,Information Technology,unknown,mid_15_25,long_ge_11d,12.142,222.1747,-210.0327,False,21,21
atr_trail_vix_conditional,class_time_stop,neutral,Information Technology,unknown,mid_15_25,long_ge_11d,12.142,40.60770000000001,-28.46570000000001,False,21,21
atr_trail_vix_conditional,earnings_blackout,neutral,Information Technology,unknown,mid_15_25,long_ge_11d,12.142,1518.5726,-1506.4306,False,21,21
atr_trail_vix_conditional,fixed_4r_2r,neutral,Information Technology,unknown,mid_15_25,long_ge_11d,12.142,104.2117,-92.0697,False,21,21
atr_trail_vix_conditional,hybrid_50pct_target,neutral,Information Technology,unknown,mid_15_25,long_ge_11d,12.142,-101.57100000000001,113.71300000000001,True,21,21
atr_trail_vix_conditional,ma_exit_ema9,neutral,Information Technology,unknown,mid_15_25,long_ge_11d,12.142,26.7837,-14.6417,False,21,21
atr_trail_vix_conditional,mfe_lockin_trail,neutral,Information Technology,unknown,mid_15_25,long_ge_11d,12.142,2.927900000000001,9.214099999999998,True,21,21
atr_trail_vix_conditional,multi_tier_partial,neutral,Information Technology,unknown,mid_15_25,long_ge_11d,12.142,10.1126,2.029399999999999,True,21,21
atr_trail_vix_conditional,next_pivot_target,neutral,Information Technology,unknown,mid_15_25,long_ge_11d,12.142,16.567600000000002,-4.425600000000003,False,21,21
atr_trail_vix_conditional,r_multiple_2r,neutral,Information Technology,unknown,mid_15_25,long_ge_11d,12.142,16.3169,-4.174900000000001,False,21,21
atr_trail_vix_conditional,r_multiple_3r,neutral,Information Technology,unknown,mid_15_25,long_ge_11d,12.142,41.677,-29.535,False,21,21
atr_trail_vix_conditional,regime_flip,neutral,Information Technology,unknown,mid_15_25,long_ge_11d,12.142,64.5194,-52.37740000000001,False,21,21
atr_trail_vix_conditional,reverse_signal,neutral,Information Technology,unknown,mid_15_25,long_ge_11d,12.142,2.228700000000001,9.9133,True,21,21
atr_trail_vix_conditional,smc_mitigation_zone,neutral,Information Technology,unknown,mid_15_25,long_ge_11d,12.142,-11.821399999999999,23.9634,True,21,21
atr_trail_vix_conditional,time_stop_10d,neutral,Information Technology,unknown,mid_15_25,long_ge_11d,12.142,60.3196,-48.1776,False,21,21
atr_trail_vix_conditional,time_stop_20d,neutral,Information Technology,unknown,mid_15_25,long_ge_11d,12.142,64.5194,-52.37740000000001,False,21,21
atr_trail_vix_conditional,trailing_10pct,neutral,Information Technology,unknown,mid_15_25,long_ge_11d,12.142,153.6559,-141.5139,False,21,21
atr_trail_vix_conditional,trailing_15pct,neutral,Information Technology,unknown,mid_15_25,long_ge_11d,12.142,425.1115,-412.9695,False,21,21
atr_trail_vix_conditional,trailing_5pct,neutral,Information Technology,unknown,mid_15_25,long_ge_11d,12.142,-2.4787999999999992,14.6208,True,21,21
break_even_at_1r,breakeven_plus_trail,neutral,Information Technology,unknown,mid_15_25,long_ge_11d,40.4236,173.7717,-133.34810000000002,False,21,21
break_even_at_1r,chandelier_3x,neutral,Information Technology,unknown,mid_15_25,long_ge_11d,40.4236,222.1747,-181.7511,False,21,21
break_even_at_1r,class_time_stop,neutral,Information Technology,unknown,mid_15_25,long_ge_11d,40.4236,40.60770000000001,-0.18410000000000792,False,21,21
break_even_at_1r,earnings_blackout,neutral,Information Technology,unknown,mid_15_25,long_ge_11d,40.4236,1518.5726,-1478.149,False,21,21
break_even_at_1r,fixed_4r_2r,neutral,Information Technology,unknown,mid_15_25,long_ge_11d,40.4236,104.2117,-63.78809999999999,False,21,21
break_even_at_1r,hybrid_50pct_target,neutral,Information Technology,unknown,mid_15_25,long_ge_11d,40.4236,-101.57100000000001,141.99460000000002,True,21,21
break_even_at_1r,ma_exit_ema9,neutral,Information Technology,unknown,mid_15_25,long_ge_11d,40.4236,26.7837,13.6399,True,21,21
break_even_at_1r,mfe_lockin_trail,neutral,Information Technology,unknown,mid_15_25,long_ge_11d,40.4236,2.927900000000001,37.4957,True,21,21
break_even_at_1r,multi_tier_partial,neutral,Information Technology,unknown,mid_15_25,long_ge_11d,40.4236,10.1126,30.311,True,21,21
break_even_at_1r,next_pivot_target,neutral,Information Technology,unknown,mid_15_25,long_ge_11d,40.4236,16.567600000000002,23.855999999999998,True,21,21
break_even_at_1r,r_multiple_2r,neutral,Information Technology,unknown,mid_15_25,long_ge_11d,40.4236,16.3169,24.1067,True,21,21
break_even_at_1r,r_multiple_3r,neutral,Information Technology,unknown,mid_15_25,long_ge_11d,40.4236,41.677,-1.2533999999999992,False,21,21
break_even_at_1r,regime_flip,neutral,Information Technology,unknown,mid_15_25,long_ge_11d,40.4236,64.5194,-24.095800000000004,False,21,21
break_even_at_1r,reverse_signal,neutral,Information Technology,unknown,mid_15_25,long_ge_11d,40.4236,2.228700000000001,38.1949,True,21,21
break_even_at_1r,smc_mitigation_zone,neutral,Information Technology,unknown,mid_15_25,long_ge_11d,40.4236,-11.821399999999999,52.245,True,21,21
break_even_at_1r,time_stop_10d,neutral,Information Technology,unknown,mid_15_25,long_ge_11d,40.4236,60.3196,-19.896,False,21,21
break_even_at_1r,time_stop_20d,neutral,Information Technology,unknown,mid_15_25,long_ge_11d,40.4236,64.5194,-24.095800000000004,False,21,21
break_even_at_1r,trailing_10pct,neutral,Information Technology,unknown,mid_15_25,long_ge_11d,40.4236,153.6559,-113.23230000000001,False,21,21
break_even_at_1r,trailing_15pct,neutral,Information Technology,unknown,mid_15_25,long_ge_11d,40.4236,425.1115,-384.68789999999996,False,21,21
break_even_at_1r,trailing_5pct,neutral,Information Technology,unknown,mid_15_25,long_ge_11d,40.4236,-2.4787999999999992,42.9024,True,21,21
breakeven_plus_trail,chandelier_3x,neutral,Information Technology,unknown,mid_15_25,long_ge_11d,173.7717,222.1747,-48.40299999999999,False,21,21
breakeven_plus_trail,class_time_stop,neutral,Information Technology,unknown,mid_15_25,long_ge_11d,173.7717,40.60770000000001,133.164,True,21,21
breakeven_plus_trail,earnings_blackout,neutral,Information Technology,unknown,mid_15_25,long_ge_11d,173.7717,1518.5726,-1344.8009,False,21,21
breakeven_plus_trail,fixed_4r_2r,neutral,Information Technology,unknown,mid_15_25,long_ge_11d,173.7717,104.2117,69.56000000000002,True,21,21
breakeven_plus_trail,hybrid_50pct_target,neutral,Information Technology,unknown,mid_15_25,long_ge_11d,173.7717,-101.57100000000001,275.34270000000004,True,21,21
breakeven_plus_trail,ma_exit_ema9,neutral,Information Technology,unknown,mid_15_25,long_ge_11d,173.7717,26.7837,146.988,True,21,21
breakeven_plus_trail,mfe_lockin_trail,neutral,Information Technology,unknown,mid_15_25,long_ge_11d,173.7717,2.927900000000001,170.84380000000002,True,21,21
breakeven_plus_trail,multi_tier_partial,neutral,Information Technology,unknown,mid_15_25,long_ge_11d,173.7717,10.1126,163.65910000000002,True,21,21
breakeven_plus_trail,next_pivot_target,neutral,Information Technology,unknown,mid_15_25,long_ge_11d,173.7717,16.567600000000002,157.2041,True,21,21
breakeven_plus_trail,r_multiple_2r,neutral,Information Technology,unknown,mid_15_25,long_ge_11d,173.7717,16.3169,157.4548,True,21,21
breakeven_plus_trail,r_multiple_3r,neutral,Information Technology,unknown,mid_15_25,long_ge_11d,173.7717,41.677,132.09470000000002,True,21,21
breakeven_plus_trail,regime_flip,neutral,Information Technology,unknown,mid_15_25,long_ge_11d,173.7717,64.5194,109.2523,True,21,21
breakeven_plus_trail,reverse_signal,neutral,Information Technology,unknown,mid_15_25,long_ge_11d,173.7717,2.228700000000001,171.543,True,21,21
breakeven_plus_trail,smc_mitigation_zone,neutral,Information Technology,unknown,mid_15_25,long_ge_11d,173.7717,-11.821399999999999,185.59310000000002,True,21,21
breakeven_plus_trail,time_stop_10d,neutral,Information Technology,unknown,mid_15_25,long_ge_11d,173.7717,60.3196,113.4521,True,21,21
breakeven_plus_trail,time_stop_20d,neutral,Information Technology,unknown,mid_15_25,long_ge_11d,173.7717,64.5194,109.2523,True,21,21
breakeven_plus_trail,trailing_10pct,neutral,Information Technology,unknown,mid_15_25,long_ge_11d,173.7717,153.6559,20.115800000000007,True,21,21
breakeven_plus_trail,trailing_15pct,neutral,Information Technology,unknown,mid_15_25,long_ge_11d,173.7717,425.1115,-251.33979999999997,False,21,21
breakeven_plus_trail,trailing_5pct,neutral,Information Technology,unknown,mid_15_25,long_ge_11d,173.7717,-2.4787999999999992,176.25050000000002,True,21,21
chandelier_3x,class_time_stop,neutral,Information Technology,unknown,mid_15_25,long_ge_11d,222.1747,40.60770000000001,181.567,True,21,21
chandelier_3x,earnings_blackout,neutral,Information Technology,unknown,mid_15_25,long_ge_11d,222.1747,1518.5726,-1296.3979,False,21,21
chandelier_3x,fixed_4r_2r,neutral,Information Technology,unknown,mid_15_25,long_ge_11d,222.1747,104.2117,117.96300000000001,True,21,21
chandelier_3x,hybrid_50pct_target,neutral,Information Technology,unknown,mid_15_25,long_ge_11d,222.1747,-101.57100000000001,323.7457,True,21,21
chandelier_3x,ma_exit_ema9,neutral,Information Technology,unknown,mid_15_25,long_ge_11d,222.1747,26.7837,195.391,True,21,21
chandelier_3x,mfe_lockin_trail,neutral,Information Technology,unknown,mid_15_25,long_ge_11d,222.1747,2.927900000000001,219.2468,True,21,21
chandelier_3x,multi_tier_partial,neutral,Information Technology,unknown,mid_15_25,long_ge_11d,222.1747,10.1126,212.0621,True,21,21
chandelier_3x,next_pivot_target,neutral,Information Technology,unknown,mid_15_25,long_ge_11d,222.1747,16.567600000000002,205.6071,True,21,21
chandelier_3x,r_multiple_2r,neutral,Information Technology,unknown,mid_15_25,long_ge_11d,222.1747,16.3169,205.8578,True,21,21
chandelier_3x,r_multiple_3r,neutral,Information Technology,unknown,mid_15_25,long_ge_11d,222.1747,41.677,180.4977,True,21,21
chandelier_3x,regime_flip,neutral,Information Technology,unknown,mid_15_25,long_ge_11d,222.1747,64.5194,157.6553,True,21,21
chandelier_3x,reverse_signal,neutral,Information Technology,unknown,mid_15_25,long_ge_11d,222.1747,2.228700000000001,219.946,True,21,21
chandelier_3x,smc_mitigation_zone,neutral,Information Technology,unknown,mid_15_25,long_ge_11d,222.1747,-11.821399999999999,233.9961,True,21,21
chandelier_3x,time_stop_10d,neutral,Information Technology,unknown,mid_15_25,long_ge_11d,222.1747,60.3196,161.8551,True,21,21
chandelier_3x,time_stop_20d,neutral,Information Technology,unknown,mid_15_25,long_ge_11d,222.1747,64.5194,157.6553,True,21,21
chandelier_3x,trailing_10pct,neutral,Information Technology,unknown,mid_15_25,long_ge_11d,222.1747,153.6559,68.5188,True,21,21
chandelier_3x,trailing_15pct,neutral,Information Technology,unknown,mid_15_25,long_ge_11d,222.1747,425.1115,-202.93679999999998,False,21,21
chandelier_3x,trailing_5pct,neutral,Information Technology,unknown,mid_15_25,long_ge_11d,222.1747,-2.4787999999999992,224.6535,True,21,21
class_time_stop,earnings_blackout,neutral,Information Technology,unknown,mid_15_25,long_ge_11d,40.60770000000001,1518.5726,-1477.9649,False,21,21
class_time_stop,fixed_4r_2r,neutral,Information Technology,unknown,mid_15_25,long_ge_11d,40.60770000000001,104.2117,-63.603999999999985,False,21,21
class_time_stop,hybrid_50pct_target,neutral,Information Technology,unknown,mid_15_25,long_ge_11d,40.60770000000001,-101.57100000000001,142.17870000000002,True,21,21
class_time_stop,ma_exit_ema9,neutral,Information Technology,unknown,mid_15_25,long_ge_11d,40.60770000000001,26.7837,13.824000000000009,True,21,21
class_time_stop,mfe_lockin_trail,neutral,Information Technology,unknown,mid_15_25,long_ge_11d,40.60770000000001,2.927900000000001,37.67980000000001,True,21,21
class_time_stop,multi_tier_partial,neutral,Information Technology,unknown,mid_15_25,long_ge_11d,40.60770000000001,10.1126,30.495100000000008,True,21,21
class_time_stop,next_pivot_target,neutral,Information Technology,unknown,mid_15_25,long_ge_11d,40.60770000000001,16.567600000000002,24.040100000000006,True,21,21
class_time_stop,r_multiple_2r,neutral,Information Technology,unknown,mid_15_25,long_ge_11d,40.60770000000001,16.3169,24.290800000000008,True,21,21
class_time_stop,r_multiple_3r,neutral,Information Technology,unknown,mid_15_25,long_ge_11d,40.60770000000001,41.677,-1.0692999999999913,False,21,21
class_time_stop,regime_flip,neutral,Information Technology,unknown,mid_15_25,long_ge_11d,40.60770000000001,64.5194,-23.911699999999996,False,21,21
class_time_stop,reverse_signal,neutral,Information Technology,unknown,mid_15_25,long_ge_11d,40.60770000000001,2.228700000000001,38.379000000000005,True,21,21
class_time_stop,smc_mitigation_zone,neutral,Information Technology,unknown,mid_15_25,long_ge_11d,40.60770000000001,-11.821399999999999,52.429100000000005,True,21,21
class_time_stop,time_stop_10d,neutral,Information Technology,unknown,mid_15_25,long_ge_11d,40.60770000000001,60.3196,-19.711899999999993,False,21,21
class_time_stop,time_stop_20d,neutral,Information Technology,unknown,mid_15_25,long_ge_11d,40.60770000000001,64.5194,-23.911699999999996,False,21,21
class_time_stop,trailing_10pct,neutral,Information Technology,unknown,mid_15_25,long_ge_11d,40.60770000000001,153.6559,-113.0482,False,21,21
class_time_stop,trailing_15pct,neutral,Information Technology,unknown,mid_15_25,long_ge_11d,40.60770000000001,425.1115,-384.50379999999996,False,21,21
class_time_stop,trailing_5pct,neutral,Information Technology,unknown,mid_15_25,long_ge_11d,40.60770000000001,-2.4787999999999992,43.08650000000001,True,21,21
earnings_blackout,fixed_4r_2r,neutral,Information Technology,unknown,mid_15_25,long_ge_11d,1518.5726,104.2117,1414.3609,True,21,21
earnings_blackout,hybrid_50pct_target,neutral,Information Technology,unknown,mid_15_25,long_ge_11d,1518.5726,-101.57100000000001,1620.1435999999999,True,21,21
earnings_blackout,ma_exit_ema9,neutral,Information Technology,unknown,mid_15_25,long_ge_11d,1518.5726,26.7837,1491.7889,True,21,21
earnings_blackout,mfe_lockin_trail,neutral,Information Technology,unknown,mid_15_25,long_ge_11d,1518.5726,2.927900000000001,1515.6447,True,21,21
earnings_blackout,multi_tier_partial,neutral,Information Technology,unknown,mid_15_25,long_ge_11d,1518.5726,10.1126,1508.46,True,21,21
earnings_blackout,next_pivot_target,neutral,Information Technology,unknown,mid_15_25,long_ge_11d,1518.5726,16.567600000000002,1502.0049999999999,True,21,21
earnings_blackout,r_multiple_2r,neutral,Information Technology,unknown,mid_15_25,long_ge_11d,1518.5726,16.3169,1502.2557,True,21,21
earnings_blackout,r_multiple_3r,neutral,Information Technology,unknown,mid_15_25,long_ge_11d,1518.5726,41.677,1476.8956,True,21,21
earnings_blackout,regime_flip,neutral,Information Technology,unknown,mid_15_25,long_ge_11d,1518.5726,64.5194,1454.0532,True,21,21
earnings_blackout,reverse_signal,neutral,Information Technology,unknown,mid_15_25,long_ge_11d,1518.5726,2.228700000000001,1516.3439,True,21,21
earnings_blackout,smc_mitigation_zone,neutral,Information Technology,unknown,mid_15_25,long_ge_11d,1518.5726,-11.821399999999999,1530.394,True,21,21
earnings_blackout,time_stop_10d,neutral,Information Technology,unknown,mid_15_25,long_ge_11d,1518.5726,60.3196,1458.253,True,21,21
earnings_blackout,time_stop_20d,neutral,Information Technology,unknown,mid_15_25,long_ge_11d,1518.5726,64.5194,1454.0532,True,21,21
earnings_blackout,trailing_10pct,neutral,Information Technology,unknown,mid_15_25,long_ge_11d,1518.5726,153.6559,1364.9167,True,21,21
earnings_blackout,trailing_15pct,neutral,Information Technology,unknown,mid_15_25,long_ge_11d,1518.5726,425.1115,1093.4611,True,21,21
earnings_blackout,trailing_5pct,neutral,Information Technology,unknown,mid_15_25,long_ge_11d,1518.5726,-2.4787999999999992,1521.0514,True,21,21
fixed_4r_2r,hybrid_50pct_target,neutral,Information Technology,unknown,mid_15_25,long_ge_11d,104.2117,-101.57100000000001,205.7827,True,21,21
fixed_4r_2r,ma_exit_ema9,neutral,Information Technology,unknown,mid_15_25,long_ge_11d,104.2117,26.7837,77.428,True,21,21
fixed_4r_2r,mfe_lockin_trail,neutral,Information Technology,unknown,mid_15_25,long_ge_11d,104.2117,2.927900000000001,101.28379999999999,True,21,21
fixed_4r_2r,multi_tier_partial,neutral,Information Technology,unknown,mid_15_25,long_ge_11d,104.2117,10.1126,94.09909999999999,True,21,21
fixed_4r_2r,next_pivot_target,neutral,Information Technology,unknown,mid_15_25,long_ge_11d,104.2117,16.567600000000002,87.6441,True,21,21
fixed_4r_2r,r_multiple_2r,neutral,Information Technology,unknown,mid_15_25,long_ge_11d,104.2117,16.3169,87.89479999999999,True,21,21
fixed_4r_2r,r_multiple_3r,neutral,Information Technology,unknown,mid_15_25,long_ge_11d,104.2117,41.677,62.534699999999994,True,21,21
fixed_4r_2r,regime_flip,neutral,Information Technology,unknown,mid_15_25,long_ge_11d,104.2117,64.5194,39.69229999999999,True,21,21
fixed_4r_2r,reverse_signal,neutral,Information Technology,unknown,mid_15_25,long_ge_11d,104.2117,2.228700000000001,101.98299999999999,True,21,21
fixed_4r_2r,smc_mitigation_zone,neutral,Information Technology,unknown,mid_15_25,long_ge_11d,104.2117,-11.821399999999999,116.03309999999999,True,21,21
fixed_4r_2r,time_stop_10d,neutral,Information Technology,unknown,mid_15_25,long_ge_11d,104.2117,60.3196,43.89209999999999,True,21,21
fixed_4r_2r,time_stop_20d,neutral,Information Technology,unknown,mid_15_25,long_ge_11d,104.2117,64.5194,39.69229999999999,True,21,21
fixed_4r_2r,trailing_10pct,neutral,Information Technology,unknown,mid_15_25,long_ge_11d,104.2117,153.6559,-49.44420000000001,False,21,21
fixed_4r_2r,trailing_15pct,neutral,Information Technology,unknown,mid_15_25,long_ge_11d,104.2117,425.1115,-320.89979999999997,False,21,21
fixed_4r_2r,trailing_5pct,neutral,Information Technology,unknown,mid_15_25,long_ge_11d,104.2117,-2.4787999999999992,106.69049999999999,True,21,21
hybrid_50pct_target,ma_exit_ema9,neutral,Information Technology,unknown,mid_15_25,long_ge_11d,-101.57100000000001,26.7837,-128.3547,False,21,21
hybrid_50pct_target,mfe_lockin_trail,neutral,Information Technology,unknown,mid_15_25,long_ge_11d,-101.57100000000001,2.927900000000001,-104.49890000000002,False,21,21
hybrid_50pct_target,multi_tier_partial,neutral,Information Technology,unknown,mid_15_25,long_ge_11d,-101.57100000000001,10.1126,-111.68360000000001,False,21,21
hybrid_50pct_target,next_pivot_target,neutral,Information Technology,unknown,mid_15_25,long_ge_11d,-101.57100000000001,16.567600000000002,-118.13860000000001,False,21,21
hybrid_50pct_target,r_multiple_2r,neutral,Information Technology,unknown,mid_15_25,long_ge_11d,-101.57100000000001,16.3169,-117.88790000000002,False,21,21
hybrid_50pct_target,r_multiple_3r,neutral,Information Technology,unknown,mid_15_25,long_ge_11d,-101.57100000000001,41.677,-143.24800000000002,False,21,21
hybrid_50pct_target,regime_flip,neutral,Information Technology,unknown,mid_15_25,long_ge_11d,-101.57100000000001,64.5194,-166.09040000000002,False,21,21
hybrid_50pct_target,reverse_signal,neutral,Information Technology,unknown,mid_15_25,long_ge_11d,-101.57100000000001,2.228700000000001,-103.79970000000002,False,21,21
hybrid_50pct_target,smc_mitigation_zone,neutral,Information Technology,unknown,mid_15_25,long_ge_11d,-101.57100000000001,-11.821399999999999,-89.74960000000002,False,21,21
hybrid_50pct_target,time_stop_10d,neutral,Information Technology,unknown,mid_15_25,long_ge_11d,-101.57100000000001,60.3196,-161.8906,False,21,21
hybrid_50pct_target,time_stop_20d,neutral,Information Technology,unknown,mid_15_25,long_ge_11d,-101.57100000000001,64.5194,-166.09040000000002,False,21,21
hybrid_50pct_target,trailing_10pct,neutral,Information Technology,unknown,mid_15_25,long_ge_11d,-101.57100000000001,153.6559,-255.2269,False,21,21
hybrid_50pct_target,trailing_15pct,neutral,Information Technology,unknown,mid_15_25,long_ge_11d,-101.57100000000001,425.1115,-526.6825,False,21,21
hybrid_50pct_target,trailing_5pct,neutral,Information Technology,unknown,mid_15_25,long_ge_11d,-101.57100000000001,-2.4787999999999992,-99.09220000000002,False,21,21
ma_exit_ema9,mfe_lockin_trail,neutral,Information Technology,unknown,mid_15_25,long_ge_11d,26.7837,2.927900000000001,23.8558,True,21,21
ma_exit_ema9,multi_tier_partial,neutral,Information Technology,unknown,mid_15_25,long_ge_11d,26.7837,10.1126,16.6711,True,21,21
ma_exit_ema9,next_pivot_target,neutral,Information Technology,unknown,mid_15_25,long_ge_11d,26.7837,16.567600000000002,10.216099999999997,True,21,21
ma_exit_ema9,r_multiple_2r,neutral,Information Technology,unknown,mid_15_25,long_ge_11d,26.7837,16.3169,10.4668,True,21,21
ma_exit_ema9,r_multiple_3r,neutral,Information Technology,unknown,mid_15_25,long_ge_11d,26.7837,41.677,-14.8933,False,21,21
ma_exit_ema9,regime_flip,neutral,Information Technology,unknown,mid_15_25,long_ge_11d,26.7837,64.5194,-37.73570000000001,False,21,21
ma_exit_ema9,reverse_signal,neutral,Information Technology,unknown,mid_15_25,long_ge_11d,26.7837,2.228700000000001,24.555,True,21,21
ma_exit_ema9,smc_mitigation_zone,neutral,Information Technology,unknown,mid_15_25,long_ge_11d,26.7837,-11.821399999999999,38.6051,True,21,21
ma_exit_ema9,time_stop_10d,neutral,Information Technology,unknown,mid_15_25,long_ge_11d,26.7837,60.3196,-33.5359,False,21,21
ma_exit_ema9,time_stop_20d,neutral,Information Technology,unknown,mid_15_25,long_ge_11d,26.7837,64.5194,-37.73570000000001,False,21,21
ma_exit_ema9,trailing_10pct,neutral,Information Technology,unknown,mid_15_25,long_ge_11d,26.7837,153.6559,-126.8722,False,21,21
ma_exit_ema9,trailing_15pct,neutral,Information Technology,unknown,mid_15_25,long_ge_11d,26.7837,425.1115,-398.32779999999997,False,21,21
ma_exit_ema9,trailing_5pct,neutral,Information Technology,unknown,mid_15_25,long_ge_11d,26.7837,-2.4787999999999992,29.2625,True,21,21
mfe_lockin_trail,multi_tier_partial,neutral,Information Technology,unknown,mid_15_25,long_ge_11d,2.927900000000001,10.1126,-7.184699999999999,False,21,21
mfe_lockin_trail,next_pivot_target,neutral,Information Technology,unknown,mid_15_25,long_ge_11d,2.927900000000001,16.567600000000002,-13.639700000000001,False,21,21
mfe_lockin_trail,r_multiple_2r,neutral,Information Technology,unknown,mid_15_25,long_ge_11d,2.927900000000001,16.3169,-13.389,False,21,21
mfe_lockin_trail,r_multiple_3r,neutral,Information Technology,unknown,mid_15_25,long_ge_11d,2.927900000000001,41.677,-38.7491,False,21,21
mfe_lockin_trail,regime_flip,neutral,Information Technology,unknown,mid_15_25,long_ge_11d,2.927900000000001,64.5194,-61.5915,False,21,21
mfe_lockin_trail,reverse_signal,neutral,Information Technology,unknown,mid_15_25,long_ge_11d,2.927900000000001,2.228700000000001,0.6992000000000003,True,21,21
mfe_lockin_trail,smc_mitigation_zone,neutral,Information Technology,unknown,mid_15_25,long_ge_11d,2.927900000000001,-11.821399999999999,14.7493,True,21,21
mfe_lockin_trail,time_stop_10d,neutral,Information Technology,unknown,mid_15_25,long_ge_11d,2.927900000000001,60.3196,-57.3917,False,21,21
mfe_lockin_trail,time_stop_20d,neutral,Information Technology,unknown,mid_15_25,long_ge_11d,2.927900000000001,64.5194,-61.5915,False,21,21
mfe_lockin_trail,trailing_10pct,neutral,Information Technology,unknown,mid_15_25,long_ge_11d,2.927900000000001,153.6559,-150.728,False,21,21
mfe_lockin_trail,trailing_15pct,neutral,Information Technology,unknown,mid_15_25,long_ge_11d,2.927900000000001,425.1115,-422.18359999999996,False,21,21
mfe_lockin_trail,trailing_5pct,neutral,Information Technology,unknown,mid_15_25,long_ge_11d,2.927900000000001,-2.4787999999999992,5.406700000000001,True,21,21
multi_tier_partial,next_pivot_target,neutral,Information Technology,unknown,mid_15_25,long_ge_11d,10.1126,16.567600000000002,-6.455000000000002,False,21,21
multi_tier_partial,r_multiple_2r,neutral,Information Technology,unknown,mid_15_25,long_ge_11d,10.1126,16.3169,-6.2043,False,21,21
multi_tier_partial,r_multiple_3r,neutral,Information Technology,unknown,mid_15_25,long_ge_11d,10.1126,41.677,-31.5644,False,21,21
multi_tier_partial,regime_flip,neutral,Information Technology,unknown,mid_15_25,long_ge_11d,10.1126,64.5194,-54.406800000000004,False,21,21
multi_tier_partial,reverse_signal,neutral,Information Technology,unknown,mid_15_25,long_ge_11d,10.1126,2.228700000000001,7.8839,True,21,21
multi_tier_partial,smc_mitigation_zone,neutral,Information Technology,unknown,mid_15_25,long_ge_11d,10.1126,-11.821399999999999,21.933999999999997,True,21,21
multi_tier_partial,time_stop_10d,neutral,Information Technology,unknown,mid_15_25,long_ge_11d,10.1126,60.3196,-50.207,False,21,21
multi_tier_partial,time_stop_20d,neutral,Information Technology,unknown,mid_15_25,long_ge_11d,10.1126,64.5194,-54.406800000000004,False,21,21
multi_tier_partial,trailing_10pct,neutral,Information Technology,unknown,mid_15_25,long_ge_11d,10.1126,153.6559,-143.5433,False,21,21
multi_tier_partial,trailing_15pct,neutral,Information Technology,unknown,mid_15_25,long_ge_11d,10.1126,425.1115,-414.9989,False,21,21
multi_tier_partial,trailing_5pct,neutral,Information Technology,unknown,mid_15_25,long_ge_11d,10.1126,-2.4787999999999992,12.5914,True,21,21
next_pivot_target,r_multiple_2r,neutral,Information Technology,unknown,mid_15_25,long_ge_11d,16.567600000000002,16.3169,0.2507000000000019,True,21,21
next_pivot_target,r_multiple_3r,neutral,Information Technology,unknown,mid_15_25,long_ge_11d,16.567600000000002,41.677,-25.109399999999997,False,21,21
next_pivot_target,regime_flip,neutral,Information Technology,unknown,mid_15_25,long_ge_11d,16.567600000000002,64.5194,-47.951800000000006,False,21,21
next_pivot_target,reverse_signal,neutral,Information Technology,unknown,mid_15_25,long_ge_11d,16.567600000000002,2.228700000000001,14.338900000000002,True,21,21
next_pivot_target,smc_mitigation_zone,neutral,Information Technology,unknown,mid_15_25,long_ge_11d,16.567600000000002,-11.821399999999999,28.389000000000003,True,21,21
next_pivot_target,time_stop_10d,neutral,Information Technology,unknown,mid_15_25,long_ge_11d,16.567600000000002,60.3196,-43.751999999999995,False,21,21
next_pivot_target,time_stop_20d,neutral,Information Technology,unknown,mid_15_25,long_ge_11d,16.567600000000002,64.5194,-47.951800000000006,False,21,21
next_pivot_target,trailing_10pct,neutral,Information Technology,unknown,mid_15_25,long_ge_11d,16.567600000000002,153.6559,-137.0883,False,21,21
next_pivot_target,trailing_15pct,neutral,Information Technology,unknown,mid_15_25,long_ge_11d,16.567600000000002,425.1115,-408.54389999999995,False,21,21
next_pivot_target,trailing_5pct,neutral,Information Technology,unknown,mid_15_25,long_ge_11d,16.567600000000002,-2.4787999999999992,19.046400000000002,True,21,21
r_multiple_2r,r_multiple_3r,neutral,Information Technology,unknown,mid_15_25,long_ge_11d,16.3169,41.677,-25.3601,False,21,21
r_multiple_2r,regime_flip,neutral,Information Technology,unknown,mid_15_25,long_ge_11d,16.3169,64.5194,-48.2025,False,21,21
r_multiple_2r,reverse_signal,neutral,Information Technology,unknown,mid_15_25,long_ge_11d,16.3169,2.228700000000001,14.0882,True,21,21
r_multiple_2r,smc_mitigation_zone,neutral,Information Technology,unknown,mid_15_25,long_ge_11d,16.3169,-11.821399999999999,28.1383,True,21,21
r_multiple_2r,time_stop_10d,neutral,Information Technology,unknown,mid_15_25,long_ge_11d,16.3169,60.3196,-44.002700000000004,False,21,21
r_multiple_2r,time_stop_20d,neutral,Information Technology,unknown,mid_15_25,long_ge_11d,16.3169,64.5194,-48.2025,False,21,21
r_multiple_2r,trailing_10pct,neutral,Information Technology,unknown,mid_15_25,long_ge_11d,16.3169,153.6559,-137.339,False,21,21
r_multiple_2r,trailing_15pct,neutral,Information Technology,unknown,mid_15_25,long_ge_11d,16.3169,425.1115,-408.7946,False,21,21
r_multiple_2r,trailing_5pct,neutral,Information Technology,unknown,mid_15_25,long_ge_11d,16.3169,-2.4787999999999992,18.7957,True,21,21
r_multiple_3r,regime_flip,neutral,Information Technology,unknown,mid_15_25,long_ge_11d,41.677,64.5194,-22.842400000000005,False,21,21
r_multiple_3r,reverse_signal,neutral,Information Technology,unknown,mid_15_25,long_ge_11d,41.677,2.228700000000001,39.448299999999996,True,21,21
r_multiple_3r,smc_mitigation_zone,neutral,Information Technology,unknown,mid_15_25,long_ge_11d,41.677,-11.821399999999999,53.4984,True,21,21
r_multiple_3r,time_stop_10d,neutral,Information Technology,unknown,mid_15_25,long_ge_11d,41.677,60.3196,-18.6426,False,21,21
r_multiple_3r,time_stop_20d,neutral,Information Technology,unknown,mid_15_25,long_ge_11d,41.677,64.5194,-22.842400000000005,False,21,21
r_multiple_3r,trailing_10pct,neutral,Information Technology,unknown,mid_15_25,long_ge_11d,41.677,153.6559,-111.97890000000001,False,21,21
r_multiple_3r,trailing_15pct,neutral,Information Technology,unknown,mid_15_25,long_ge_11d,41.677,425.1115,-383.43449999999996,False,21,21
r_multiple_3r,trailing_5pct,neutral,Information Technology,unknown,mid_15_25,long_ge_11d,41.677,-2.4787999999999992,44.1558,True,21,21
regime_flip,reverse_signal,neutral,Information Technology,unknown,mid_15_25,long_ge_11d,64.5194,2.228700000000001,62.2907,True,21,21
regime_flip,smc_mitigation_zone,neutral,Information Technology,unknown,mid_15_25,long_ge_11d,64.5194,-11.821399999999999,76.3408,True,21,21
regime_flip,time_stop_10d,neutral,Information Technology,unknown,mid_15_25,long_ge_11d,64.5194,60.3196,4.199800000000003,True,21,21
regime_flip,time_stop_20d,neutral,Information Technology,unknown,mid_15_25,long_ge_11d,64.5194,64.5194,0.0,False,21,21
regime_flip,trailing_10pct,neutral,Information Technology,unknown,mid_15_25,long_ge_11d,64.5194,153.6559,-89.1365,False,21,21
regime_flip,trailing_15pct,neutral,Information Technology,unknown,mid_15_25,long_ge_11d,64.5194,425.1115,-360.59209999999996,False,21,21
regime_flip,trailing_5pct,neutral,Information Technology,unknown,mid_15_25,long_ge_11d,64.5194,-2.4787999999999992,66.9982,True,21,21
reverse_signal,smc_mitigation_zone,neutral,Information Technology,unknown,mid_15_25,long_ge_11d,2.228700000000001,-11.821399999999999,14.0501,True,21,21
reverse_signal,time_stop_10d,neutral,Information Technology,unknown,mid_15_25,long_ge_11d,2.228700000000001,60.3196,-58.0909,False,21,21
reverse_signal,time_stop_20d,neutral,Information Technology,unknown,mid_15_25,long_ge_11d,2.228700000000001,64.5194,-62.2907,False,21,21
reverse_signal,trailing_10pct,neutral,Information Technology,unknown,mid_15_25,long_ge_11d,2.228700000000001,153.6559,-151.4272,False,21,21
reverse_signal,trailing_15pct,neutral,Information Technology,unknown,mid_15_25,long_ge_11d,2.228700000000001,425.1115,-422.8828,False,21,21
reverse_signal,trailing_5pct,neutral,Information Technology,unknown,mid_15_25,long_ge_11d,2.228700000000001,-2.4787999999999992,4.7075,True,21,21
smc_mitigation_zone,time_stop_10d,neutral,Information Technology,unknown,mid_15_25,long_ge_11d,-11.821399999999999,60.3196,-72.141,False,21,21
smc_mitigation_zone,time_stop_20d,neutral,Information Technology,unknown,mid_15_25,long_ge_11d,-11.821399999999999,64.5194,-76.3408,False,21,21
smc_mitigation_zone,trailing_10pct,neutral,Information Technology,unknown,mid_15_25,long_ge_11d,-11.821399999999999,153.6559,-165.4773,False,21,21
smc_mitigation_zone,trailing_15pct,neutral,Information Technology,unknown,mid_15_25,long_ge_11d,-11.821399999999999,425.1115,-436.93289999999996,False,21,21
smc_mitigation_zone,trailing_5pct,neutral,Information Technology,unknown,mid_15_25,long_ge_11d,-11.821399999999999,-2.4787999999999992,-9.3426,False,21,21
time_stop_10d,time_stop_20d,neutral,Information Technology,unknown,mid_15_25,long_ge_11d,60.3196,64.5194,-4.199800000000003,False,21,21
time_stop_10d,trailing_10pct,neutral,Information Technology,unknown,mid_15_25,long_ge_11d,60.3196,153.6559,-93.3363,False,21,21
time_stop_10d,trailing_15pct,neutral,Information Technology,unknown,mid_15_25,long_ge_11d,60.3196,425.1115,-364.7919,False,21,21
time_stop_10d,trailing_5pct,neutral,Information Technology,unknown,mid_15_25,long_ge_11d,60.3196,-2.4787999999999992,62.7984,True,21,21
time_stop_20d,trailing_10pct,neutral,Information Technology,unknown,mid_15_25,long_ge_11d,64.5194,153.6559,-89.1365,False,21,21
time_stop_20d,trailing_15pct,neutral,Information Technology,unknown,mid_15_25,long_ge_11d,64.5194,425.1115,-360.59209999999996,False,21,21
time_stop_20d,trailing_5pct,neutral,Information Technology,unknown,mid_15_25,long_ge_11d,64.5194,-2.4787999999999992,66.9982,True,21,21
trailing_10pct,trailing_15pct,neutral,Information Technology,unknown,mid_15_25,long_ge_11d,153.6559,425.1115,-271.4556,False,21,21
trailing_10pct,trailing_5pct,neutral,Information Technology,unknown,mid_15_25,long_ge_11d,153.6559,-2.4787999999999992,156.1347,True,21,21
trailing_15pct,trailing_5pct,neutral,Information Technology,unknown,mid_15_25,long_ge_11d,425.1115,-2.4787999999999992,427.59029999999996,True,21,21
